batch_id,collection_timestamp,city,station_type,station_id,station_name,stop_point_ref,operating_day,journey_ref,transport_mode,product_category,public_code,line,train_number,origin,destination,planned_platform,estimated_platform,scheduled_departure,estimated_departure,cancelled,has_realtime,predicted_delay_minutes,collection_timestamp_local,scheduled_departure_local,estimated_departure_local,date,hour,weekday,weekend,minutes_until_departure
20261003_164052,2026-10-03 16:40:52.613000+00:00,Zürich,rail,ch:1:sloid:3000,Zürich HB,ch:1:sloid:3000:8:15,2026-10-03,ch:1:sjyid:100001:10830-012,rail,InterCity,IC81,IC81,10830,Zürich HB,Interlaken Ost,14,15,2026-10-03 16:32:00+00:00,2026-10-03 16:40:00+00:00,,True,8.0,2026-10-03 18:40:52.613000+02:00,2026-10-03 18:32:00+02:00,2026-10-03 18:40:00+02:00,2026-10-03,18,Saturday,True,-8.876883333333334
20261003_164052,2026-10-03 16:40:52.613000+00:00,Zürich,rail,ch:1:sloid:3000,Zürich HB,ch:1:sloid:3000:8:15,2026-10-03,ch:1:sjyid:100001:10830-012,rail,InterCity,IC81,IC81,10830,Zürich HB,Interlaken Ost,14,15,2026-10-03 16:32:00+00:00,2026-10-03 16:40:00+00:00,,True,8.0,2026-10-03 18:40:52.613000+02:00,2026-10-03 18:32:00+02:00,2026-10-03 18:40:00+02:00,2026-10-03,18,Saturday,True,-8.876883333333334
20261003_164052,2026-10-03 16:40:52.613000+00:00,Zürich,rail,ch:1:sloid:3000,Zürich HB,ch:1:sloid:3000:9:16,2026-10-03,ch:1:sjyid:100001:4832-001,rail,RegioExpress,RE37,RE37,4832,Zürich HB,Aarau,16,,2026-10-03 16:38:00+00:00,2026-10-03 16:40:00+00:00,,True,2.0,2026-10-03 18:40:52.613000+02:00,2026-10-03 18:38:00+02:00,2026-10-03 18:40:00+02:00,2026-10-03,18,Saturday,True,-2.8768833333333332
20261003_164052,2026-10-03 16:40:52.613000+00:00,Zürich,rail,ch:1:sloid:3000,Zürich HB,ch:1:sloid:3000:503:43,2026-10-03,ch:1:sjyid:100001:19571-001,rail,S-Bahn,S15,S15,19571,Niederweningen,Rüti ZH,43/44,43,2026-10-03 16:39:00+00:00,2026-10-03 16:40:00+00:00,,True,1.0,2026-10-03 18:40:52.613000+02:00,2026-10-03 18:39:00+02:00,2026-10-03 18:40:00+02:00,2026-10-03,18,Saturday,True,-1.8768833333333332
20261003_164052,2026-10-03 16:40:52.613000+00:00,Zürich,rail,ch:1:sloid:3000,Zürich HB,ch:1:sloid:3000:503:43,2026-10-03,ch:1:sjyid:100001:18771-001,rail,S-Bahn,S7,S7,18771,Winterthur,Rapperswil SG,43/44,44,2026-10-03 16:41:00+00:00,2026-10-03 16:42:30+00:00,,True,1.5,2026-10-03 18:40:52.613000+02:00,2026-10-03 18:41:00+02:00,2026-10-03 18:42:30+02:00,2026-10-03,18,Saturday,True,0.12311666666666667
20261003_164052,2026-10-03 16:40:52.613000+00:00,Zürich,rail,ch:1:sloid:3000,Zürich HB,ch:1:sloid:3000:501:34,2026-10-03,ch:1:sjyid:100001:19471-001,rail,S-Bahn,S14,S14,19471,Affoltern am Albis,Hinwil,33,34,2026-10-03 16:42:00+00:00,2026-10-03 16:44:18+00:00,,True,2.3,2026-10-03 18:40:52.613000+02:00,2026-10-03 18:42:00+02:00,2026-10-03 18:44:18+02:00,2026-10-03,18,Saturday,True,1.1231166666666668
20261003_164052,2026-10-03 16:40:52.613000+00:00,Zürich,rail,ch:1:sloid:3000,Zürich HB,ch:1:sloid:3000:501:33,2026-10-03,ch:1:sjyid:100001:18270-001,rail,S-Bahn,S2,S2,18270,Ziegelbrücke,Zürich Flughafen,34,33,2026-10-03 16:44:00+00:00,2026-10-03 16:44:18+00:00,,True,0.3,2026-10-03 18:40:52.613000+02:00,2026-10-03 18:44:00+02:00,2026-10-03 18:44:18+02:00,2026-10-03,18,Saturday,True,3.1231166666666668
20261003_164052,2026-10-03 16:40:52.613000+00:00,Zürich,rail,ch:1:sloid:3000,Zürich HB,ch:1:sloid:3000:2:3,2026-10-03,ch:1:sjyid:100001:20470-001,rail,S-Bahn,S24,S24,20470,Zug,Thayngen,3,,2026-10-03 16:44:00+00:00,2026-10-03 16:44:18+00:00,,True,0.3,2026-10-03 18:40:52.613000+02:00,2026-10-03 18:44:00+02:00,2026-10-03 18:44:18+02:00,2026-10-03,18,Saturday,True,3.1231166666666668
20261003_164052,2026-10-03 16:40:52.613000+00:00,Zürich,rail,ch:1:sloid:3000,Zürich HB,ch:1:sloid:3000:502:42,2026-10-03,ch:1:sjyid:100001:19270-001,rail,S-Bahn,S12,S12,19270,Schaffhausen,Brugg AG,41/42,42,2026-10-03 16:44:00+00:00,2026-10-03 16:44:18+00:00,,True,0.3,2026-10-03 18:40:52.613000+02:00,2026-10-03 18:44:00+02:00,2026-10-03 18:44:18+02:00,2026-10-03,18,Saturday,True,3.1231166666666668
20261003_164052,2026-10-03 16:40:52.613000+00:00,Zürich,rail,ch:1:sloid:3000,Zürich HB,ch:1:sloid:3000:503:43,2026-10-03,ch:1:sjyid:100001:19671-001,rail,S-Bahn,S16,S16,19671,Zürich Flughafen,Herrliberg-Feldmeilen,43/44,43,2026-10-03 16:45:00+00:00,2026-10-03 16:45:36+00:00,,True,0.6,2026-10-03 18:40:52.613000+02:00,2026-10-03 18:45:00+02:00,2026-10-03 18:45:36+02:00,2026-10-03,18,Saturday,True,4.123116666666666
20261003_164052,2026-10-03 16:40:52.613000+00:00,Zürich,rail,ch:1:sloid:3000,Zürich HB,ch:1:sloid:3000:503:43,2026-10-03,ch:1:sjyid:100001:19271-002,rail,S-Bahn,S12,S12,19271,Brugg AG,Winterthur,43/44,,2026-10-03 16:46:00+00:00,2026-10-03 16:47:00+00:00,,True,1.0,2026-10-03 18:40:52.613000+02:00,2026-10-03 18:46:00+02:00,2026-10-03 18:47:00+02:00,2026-10-03,18,Saturday,True,5.123116666666666
20261003_164052,2026-10-03 16:40:52.613000+00:00,Zürich,rail,ch:1:sloid:3000,Zürich HB,ch:1:sloid:3000:502:42,2026-10-03,ch:1:sjyid:100001:19670-001,rail,S-Bahn,S16,S16,19670,Herrliberg-Feldmeilen,Zürich Flughafen,41/42,,2026-10-03 16:46:00+00:00,2026-10-03 16:46:18+00:00,,True,0.3,2026-10-03 18:40:52.613000+02:00,2026-10-03 18:46:00+02:00,2026-10-03 18:46:18+02:00,2026-10-03,18,Saturday,True,5.123116666666666
20261003_164052,2026-10-03 16:40:52.613000+00:00,Zürich,rail,ch:1:sloid:3000,Zürich HB,ch:1:sloid:3000:500:32,2026-10-03,ch:1:sjyid:100001:18271-002,rail,S-Bahn,S2,S2,18271,Zürich Flughafen,Ziegelbrücke,32,,2026-10-03 16:47:00+00:00,2026-10-03 16:48:00+00:00,,True,1.0,2026-10-03 18:40:52.613000+02:00,2026-10-03 18:47:00+02:00,2026-10-03 18:48:00+02:00,2026-10-03,18,Saturday,True,6.123116666666666
20261003_164052,2026-10-03 16:40:52.613000+00:00,Zürich,rail,ch:1:sloid:3000,Zürich HB,ch:1:sloid:3000:500:31,2026-10-03,ch:1:sjyid:100001:19470-001,rail,S-Bahn,S14,S14,19470,Hinwil,Affoltern am Albis,31,,2026-10-03 16:49:00+00:00,2026-10-03 16:50:18+00:00,,True,1.3,2026-10-03 18:40:52.613000+02:00,2026-10-03 18:49:00+02:00,2026-10-03 18:50:18+02:00,2026-10-03,18,Saturday,True,8.123116666666666
20261003_164052,2026-10-03 16:40:52.613000+00:00,Zürich,rail,ch:1:sloid:3000,Zürich HB,ch:1:sloid:3000:502:42,2026-10-03,ch:1:sjyid:100001:18770-001,rail,S-Bahn,S7,S7,18770,Rapperswil SG,Winterthur,41/42,,2026-10-03 16:49:00+00:00,2026-10-03 16:49:42+00:00,,True,0.7,2026-10-03 18:40:52.613000+02:00,2026-10-03 18:49:00+02:00,2026-10-03 18:49:42+02:00,2026-10-03,18,Saturday,True,8.123116666666666
20261003_164052,2026-10-03 16:40:52.613000+00:00,Zürich,rail,ch:1:sloid:3000,Zürich HB,ch:1:sloid:3000:3:4,2026-10-03,ch:1:sjyid:100001:20471-001,rail,S-Bahn,S24,S24,20471,Weinfelden,Zug,4,,2026-10-03 16:51:00+00:00,2026-10-03 16:51:18+00:00,,True,0.3,2026-10-03 18:40:52.613000+02:00,2026-10-03 18:51:00+02:00,2026-10-03 18:51:18+02:00,2026-10-03,18,Saturday,True,10.123116666666666
20261003_164052,2026-10-03 16:40:52.613000+00:00,Zürich,rail,ch:1:sloid:3000,Zürich HB,ch:1:sloid:3000:501:33,2026-10-03,ch:1:sjyid:100001:2081-001,rail,InterRegio,IR36,IR36,2081,Basel SBB,Zürich Flughafen,33,,2026-10-03 16:52:00+00:00,2026-10-03 16:52:24+00:00,,True,0.4,2026-10-03 18:40:52.613000+02:00,2026-10-03 18:52:00+02:00,2026-10-03 18:52:24+02:00,2026-10-03,18,Saturday,True,11.123116666666666
20261003_164052,2026-10-03 16:40:52.613000+00:00,Zürich,rail,ch:1:sloid:3000,Zürich HB,ch:1:sloid:3000:502:42,2026-10-03,ch:1:sjyid:100001:19570-001,rail,S-Bahn,S15,S15,19570,Rüti ZH,Niederweningen,41/42,,2026-10-03 16:52:00+00:00,2026-10-03 16:52:24+00:00,,True,0.4,2026-10-03 18:40:52.613000+02:00,2026-10-03 18:52:00+02:00,2026-10-03 18:52:24+02:00,2026-10-03,18,Saturday,True,11.123116666666666
20261003_164052,2026-10-03 16:40:52.613000+00:00,Zürich,rail,ch:1:sloid:3000,Zürich HB,ch:1:sloid:3000:9:17,2026-10-03,ch:1:sjyid:100001:2380-002,rail,InterRegio,IR35,IR35,2380,Chur,Bern,17,,2026-10-03 16:53:00+00:00,2026-10-03 16:53:30+00:00,,True,0.5,2026-10-03 18:40:52.613000+02:00,2026-10-03 18:53:00+02:00,2026-10-03 18:53:30+02:00,2026-10-03,18,Saturday,True,12.123116666666666
20261003_164052,2026-10-03 16:40:52.613000+00:00,Zürich,rail,ch:1:sloid:3000,Zürich HB,ch:1:sloid:3000:503:43,2026-10-03,ch:1:sjyid:100001:18571-001,rail,S-Bahn,S5,S5,18571,Zug,Rüti ZH,43/44,,2026-10-03 16:54:00+00:00,2026-10-03 16:54:18+00:00,,True,0.3,2026-10-03 18:40:52.613000+02:00,2026-10-03 18:54:00+02:00,2026-10-03 18:54:18+02:00,2026-10-03,18,Saturday,True,13.123116666666666
20261003_164052,2026-10-03 16:40:52.613000+00:00,Zürich,rail,ch:1:sloid:3000,Zürich HB,ch:1:sloid:3000:501:34,2026-10-03,ch:1:sjyid:100001:18870-001,rail,S-Bahn,S8,S8,18870,Wädenswil,Winterthur,34,,2026-10-03 16:55:00+00:00,2026-10-03 16:55:18+00:00,,True,0.3,2026-10-03 18:40:52.613000+02:00,2026-10-03 18:55:00+02:00,2026-10-03 18:55:18+02:00,2026-10-03,18,Saturday,True,14.123116666666666
20261003_164052,2026-10-03 16:40:52.613000+00:00,Zürich,rail,ch:1:sloid:3000,Zürich HB,ch:1:sloid:3000:502:42,2026-10-03,ch:1:sjyid:100001:18370-001,rail,S-Bahn,S3,S3,18370,Wetzikon ZH,Zürich Hardbrücke,41/42,,2026-10-03 16:56:00+00:00,2026-10-03 16:57:30+00:00,,True,1.5,2026-10-03 18:40:52.613000+02:00,2026-10-03 18:56:00+02:00,2026-10-03 18:57:30+02:00,2026-10-03,18,Saturday,True,15.123116666666666
20261003_164052,2026-10-03 16:40:52.613000+00:00,Zürich,rail,ch:1:sloid:3000,Zürich HB,ch:1:sloid:3000:503:43,2026-10-03,ch:1:sjyid:100001:18971-001,rail,S-Bahn,S9,S9,18971,Schaffhausen,Uster,43/44,,2026-10-03 16:58:00+00:00,2026-10-03 16:58:18+00:00,,True,0.3,2026-10-03 18:40:52.613000+02:00,2026-10-03 18:58:00+02:00,2026-10-03 18:58:18+02:00,2026-10-03,18,Saturday,True,17.123116666666665
20261003_164052,2026-10-03 16:40:52.613000+00:00,Zürich,rail,ch:1:sloid:3000,Zürich HB,ch:1:sloid:3000:10:18,2026-10-03,ch:1:sjyid:100001:272-001,rail,InterCityExpress,ICE,ICE,272,Zürich HB,Basel SBB,18,,2026-10-03 16:59:00+00:00,2026-10-03 16:59:42+00:00,,True,0.7,2026-10-03 18:40:52.613000+02:00,2026-10-03 18:59:00+02:00,2026-10-03 18:59:42+02:00,2026-10-03,18,Saturday,True,18.123116666666665
20261003_164052,2026-10-03 16:40:52.613000+00:00,Zürich,rail,ch:1:sloid:3000,Zürich HB,ch:1:sloid:3000:502:42,2026-10-03,ch:1:sjyid:100001:19172-001,rail,S-Bahn,S11,S11,19172,Seuzach,Aarau,41/42,,2026-10-03 16:59:00+00:00,2026-10-03 17:00:06+00:00,,True,1.1,2026-10-03 18:40:52.613000+02:00,2026-10-03 18:59:00+02:00,2026-10-03 19:00:06+02:00,2026-10-03,18,Saturday,True,18.123116666666665
20261003_164052,2026-10-03 16:40:52.613000+00:00,Zürich,rail,ch:1:sloid:3000,Zürich HB,ch:1:sloid:3000:503:43,2026-10-03,ch:1:sjyid:100001:18671-001,rail,S-Bahn,S6,S6,18671,Baden,Uetikon,43/44,,2026-10-03 17:00:00+00:00,2026-10-03 17:00:30+00:00,,True,0.5,2026-10-03 18:40:52.613000+02:00,2026-10-03 19:00:00+02:00,2026-10-03 19:00:30+02:00,2026-10-03,19,Saturday,True,19.123116666666665
20261003_164052,2026-10-03 16:40:52.613000+00:00,Zürich,rail,ch:1:sloid:3000,Zürich HB,ch:1:sloid:3000:503:43,2026-10-03,ch:1:sjyid:100001:19173-001,rail,S-Bahn,S11,S11,19173,Aarau,Seuzach,43/44,,2026-10-03 17:01:00+00:00,2026-10-03 17:02:00+00:00,,True,1.0,2026-10-03 18:40:52.613000+02:00,2026-10-03 19:01:00+02:00,2026-10-03 19:02:00+02:00,2026-10-03,19,Saturday,True,20.123116666666665
20261003_164052,2026-10-03 16:40:52.613000+00:00,Zürich,rail,ch:1:sloid:3000,Zürich HB,ch:1:sloid:3000:502:42,2026-10-03,ch:1:sjyid:100001:18672-001,rail,S-Bahn,S6,S6,18672,Uetikon,Baden,41/42,,2026-10-03 17:01:00+00:00,2026-10-03 17:01:42+00:00,,True,0.7,2026-10-03 18:40:52.613000+02:00,2026-10-03 19:01:00+02:00,2026-10-03 19:01:42+02:00,2026-10-03,19,Saturday,True,20.123116666666665
20261003_164052,2026-10-03 16:40:52.613000+00:00,Zürich,rail,ch:1:sloid:3000,Zürich HB,ch:1:sloid:3000:5:9,2026-10-03,ch:1:sjyid:100001:10373-002,rail,InterCity,IC3,IC3,10373,Zürich HB,Chur,,,2026-10-03 17:01:30+00:00,2026-10-03 17:01:30+00:00,,True,0.0,2026-10-03 18:40:52.613000+02:00,2026-10-03 19:01:30+02:00,2026-10-03 19:01:30+02:00,2026-10-03,19,Saturday,True,20.623116666666665
20261003_164052,2026-10-03 16:40:52.613000+00:00,Zürich,rail,ch:1:sloid:3000,Zürich HB,ch:1:sloid:3000:500:32,2026-10-03,ch:1:sjyid:100001:534-001,rail,InterCity,IC5,IC5,534,Rorschach,Lausanne,32,,2026-10-03 17:02:00+00:00,2026-10-03 17:02:00+00:00,,True,0.0,2026-10-03 18:40:52.613000+02:00,2026-10-03 19:02:00+02:00,2026-10-03 19:02:00+02:00,2026-10-03,19,Saturday,True,21.123116666666665
20261003_164052,2026-10-03 16:40:53.601000+00:00,Bern,rail,ch:1:sloid:7000,Bern,ch:1:sloid:7000:3:5,2026-10-03,ch:1:sjyid:100001:10064-001,rail,InterCity,IC6,IC6,10064,Domodossola (I),Basel SBB,6,5,2026-10-03 16:36:00+00:00,2026-10-03 16:54:54+00:00,,True,18.9,2026-10-03 18:40:53.601000+02:00,2026-10-03 18:36:00+02:00,2026-10-03 18:54:54+02:00,2026-10-03,18,Saturday,True,-4.89335
20261003_164052,2026-10-03 16:40:53.601000+00:00,Bern,rail,ch:1:sloid:7000,Bern,ch:1:sloid:7000:3:5,2026-10-03,ch:1:sjyid:100001:10064-001,rail,InterCity,IC6,IC6,10064,Domodossola (I),Basel SBB,5,,2026-10-03 16:36:00+00:00,2026-10-03 16:54:54+00:00,,True,18.9,2026-10-03 18:40:53.601000+02:00,2026-10-03 18:36:00+02:00,2026-10-03 18:54:54+02:00,2026-10-03,18,Saturday,True,-4.89335
20261003_164052,2026-10-03 16:40:53.601000+00:00,Bern,rail,ch:1:sloid:7000,Bern,ch:1:sloid:7000:55:49,2026-10-03,ch:1:sjyid:100015:3371-001,rail,InterRegio,IR65,IR65,3371,Bern,Biel/Bienne,49,,2026-10-03 16:42:00+00:00,2026-10-03 16:42:12+00:00,,True,0.2,2026-10-03 18:40:53.601000+02:00,2026-10-03 18:42:00+02:00,2026-10-03 18:42:12+02:00,2026-10-03,18,Saturday,True,1.10665
20261003_164052,2026-10-03 16:40:53.601000+00:00,Bern,rail,ch:1:sloid:7000,Bern,ch:1:sloid:7000_gen:ch:1:sloid:7000:0:1752_pf:5E-H,2026-10-03,ch:1:sjyid:100015:15466-001,rail,S-Bahn,S4,S4,15466,Langnau i.E.,Thun,5E-H,,2026-10-03 16:42:00+00:00,2026-10-03 16:42:42+00:00,,True,0.7,2026-10-03 18:40:53.601000+02:00,2026-10-03 18:42:00+02:00,2026-10-03 18:42:42+02:00,2026-10-03,18,Saturday,True,1.10665
20261003_164052,2026-10-03 16:40:53.601000+00:00,Bern,rail,ch:1:sloid:7000,Bern,ch:1:sloid:7000:4:7,2026-10-03,ch:1:sjyid:100015:15271-001,rail,S-Bahn,S2,S2,15271,Laupen BE,Konolfingen,7,,2026-10-03 16:42:00+00:00,2026-10-03 16:42:12+00:00,,True,0.2,2026-10-03 18:40:53.601000+02:00,2026-10-03 18:42:00+02:00,2026-10-03 18:42:12+02:00,2026-10-03,18,Saturday,True,1.10665
20261003_164052,2026-10-03 16:40:53.601000+00:00,Bern,rail,ch:1:sloid:7000,Bern,ch:1:sloid:7000_gen:ch:1:sloid:7000:1:2_pf:2E-H,2026-10-03,ch:1:sjyid:100015:15168-001,rail,S-Bahn,S1,S1,15168,Thun,Fribourg/Freiburg,2E-H,,2026-10-03 16:45:00+00:00,2026-10-03 16:45:00+00:00,,True,0.0,2026-10-03 18:40:53.601000+02:00,2026-10-03 18:45:00+02:00,2026-10-03 18:45:00+02:00,2026-10-03,18,Saturday,True,4.10665
20261003_164052,2026-10-03 16:40:53.601000+00:00,Bern,rail,ch:1:sloid:7000,Bern,ch:1:sloid:7000_gen:ch:1:sloid:7000:1:2_pf:2E-H,2026-10-03,ch:1:sjyid:100015:85168-894,rail,,S1,S1,85168,Gümligen,Fribourg/Freiburg,2E-H,,2026-10-03 16:45:00+00:00,2026-10-03 16:45:12+00:00,,True,0.2,2026-10-03 18:40:53.601000+02:00,2026-10-03 18:45:00+02:00,2026-10-03 18:45:12+02:00,2026-10-03,18,Saturday,True,4.10665
20261003_164052,2026-10-03 16:40:53.601000+00:00,Bern,rail,ch:1:sloid:7000,Bern,ch:1:sloid:7000:5:10,2026-10-03,ch:1:sjyid:100015:15169-001,rail,S-Bahn,S1,S1,15169,Fribourg/Freiburg,Gümligen,10,,2026-10-03 16:47:00+00:00,2026-10-03 16:47:30+00:00,,True,0.5,2026-10-03 18:40:53.601000+02:00,2026-10-03 18:47:00+02:00,2026-10-03 18:47:30+02:00,2026-10-03,18,Saturday,True,6.10665
20261003_164052,2026-10-03 16:40:53.601000+00:00,Bern,rail,ch:1:sloid:7000,Bern,ch:1:sloid:7000:1:1,2026-10-03,ch:1:sjyid:100015:15270-001,rail,S-Bahn,S2,S2,15270,Konolfingen,Laupen BE,1A-D,,2026-10-03 16:50:00+00:00,2026-10-03 16:50:18+00:00,,True,0.3,2026-10-03 18:40:53.601000+02:00,2026-10-03 18:50:00+02:00,2026-10-03 18:50:18+02:00,2026-10-03,18,Saturday,True,9.10665
20261003_164052,2026-10-03 16:40:53.601000+00:00,Bern,rail,ch:1:sloid:7000,Bern,ch:1:sloid:7000_gen:ch:1:sloid:7000:6:12_pf:12A-C,2026-10-03,ch:1:sjyid:100015:16469-001,rail,S-Bahn,S44,S44,16469,Thun,Solothurn/Sumiswald-Grünen,12A-C,,2026-10-03 16:50:00+00:00,2026-10-03 16:50:12+00:00,,True,0.2,2026-10-03 18:40:53.601000+02:00,2026-10-03 18:50:00+02:00,2026-10-03 18:50:12+02:00,2026-10-03,18,Saturday,True,9.10665
20261003_164052,2026-10-03 16:40:53.601000+00:00,Bern,rail,ch:1:sloid:7000,Bern,ch:1:sloid:7000:4:7,2026-10-03,ch:1:sjyid:100015:3236-001,rail,InterRegio,IR66,IR66,3236,Bern,La Chaux-de-Fonds,7,,2026-10-03 16:53:00+00:00,2026-10-03 16:53:12+00:00,,True,0.2,2026-10-03 18:40:53.601000+02:00,2026-10-03 18:53:00+02:00,2026-10-03 18:53:12+02:00,2026-10-03,18,Saturday,True,12.10665
20261003_164052,2026-10-03 16:40:53.601000+00:00,Bern,rail,ch:1:sloid:7000,Bern,ch:1:sloid:7000:5:10,2026-10-03,ch:1:sjyid:100001:2531-001,rail,InterRegio,IR15,IR15,2531,Genève-Aéroport,Luzern,10,,2026-10-03 17:00:00+00:00,2026-10-03 17:01:00+00:00,,True,1.0,2026-10-03 18:40:53.601000+02:00,2026-10-03 19:00:00+02:00,2026-10-03 19:01:00+02:00,2026-10-03,19,Saturday,True,19.10665
20261003_164052,2026-10-03 16:40:53.601000+00:00,Bern,rail,ch:1:sloid:7000,Bern,ch:1:sloid:7000_gen:ch:1:sloid:7000:6:12_pf:12A-C,2026-10-03,ch:1:sjyid:100015:15373-001,rail,S-Bahn,S3,S3,15373,Belp,Biel/Bienne,12A-C,,2026-10-03 17:00:00+00:00,2026-10-03 17:00:30+00:00,,True,0.5,2026-10-03 18:40:53.601000+02:00,2026-10-03 19:00:00+02:00,2026-10-03 19:00:30+02:00,2026-10-03,19,Saturday,True,19.10665
20261003_164052,2026-10-03 16:40:53.601000+00:00,Bern,rail,ch:1:sloid:7000,Bern,ch:1:sloid:7000:3:5,2026-10-03,ch:1:sjyid:100001:10831-008,rail,InterCity,IC81,IC81,10831,Interlaken Ost,Zürich HB,,,2026-10-03 17:00:30+00:00,2026-10-03 17:06:12+00:00,,True,5.7,2026-10-03 18:40:53.601000+02:00,2026-10-03 19:00:30+02:00,2026-10-03 19:06:12+02:00,2026-10-03,19,Saturday,True,19.60665
20261003_164052,2026-10-03 16:40:53.601000+00:00,Bern,rail,ch:1:sloid:7000,Bern,ch:1:sloid:7000:1:2,2026-10-03,ch:1:sjyid:100001:10831-008,rail,InterCity,IC81,IC81,10831,Interlaken Ost,Zürich HB,2,,2026-10-03 17:02:00+00:00,2026-10-03 17:03:30+00:00,,True,1.5,2026-10-03 18:40:53.601000+02:00,2026-10-03 19:02:00+02:00,2026-10-03 19:03:30+02:00,2026-10-03,19,Saturday,True,21.10665
20261003_164052,2026-10-03 16:40:53.601000+00:00,Bern,rail,ch:1:sloid:7000,Bern,ch:1:sloid:7000:1:1,2026-10-03,ch:1:sjyid:100015:15370-001,rail,S-Bahn,S3,S3,15370,Biel/Bienne,Belp,1A-D,,2026-10-03 17:02:00+00:00,2026-10-03 17:02:12+00:00,,True,0.2,2026-10-03 18:40:53.601000+02:00,2026-10-03 19:02:00+02:00,2026-10-03 19:02:12+02:00,2026-10-03,19,Saturday,True,21.10665
20261003_164052,2026-10-03 16:40:53.601000+00:00,Bern,rail,ch:1:sloid:7000,Bern,ch:1:sloid:7000:3:5,2026-10-03,ch:1:sjyid:100001:982-001,rail,InterCity,IC6,IC6,982,Brig,Basel SBB,5,,2026-10-03 17:04:00+00:00,2026-10-03 17:04:00+00:00,,True,0.0,2026-10-03 18:40:53.601000+02:00,2026-10-03 19:04:00+02:00,2026-10-03 19:04:00+02:00,2026-10-03,19,Saturday,True,23.10665
20261003_164052,2026-10-03 16:40:53.601000+00:00,Bern,rail,ch:1:sloid:7000,Bern,ch:1:sloid:7000:4:7,2026-10-03,ch:1:sjyid:100001:2532-001,rail,InterRegio,IR15,IR15,2532,Luzern,Genève-Aéroport,7,,2026-10-03 17:04:00+00:00,2026-10-03 17:04:36+00:00,,True,0.6,2026-10-03 18:40:53.601000+02:00,2026-10-03 19:04:00+02:00,2026-10-03 19:04:36+02:00,2026-10-03,19,Saturday,True,23.10665
20261003_164052,2026-10-03 16:40:53.601000+00:00,Bern,rail,ch:1:sloid:7000,Bern,ch:1:sloid:7000:4:8,2026-10-03,ch:1:sjyid:100001:981-001,rail,InterCity,IC61,IC61,981,Basel SBB,Interlaken Ost,8,,2026-10-03 17:04:00+00:00,2026-10-03 17:04:42+00:00,,True,0.7,2026-10-03 18:40:53.601000+02:00,2026-10-03 19:04:00+02:00,2026-10-03 19:04:42+02:00,2026-10-03,19,Saturday,True,23.10665
20261003_164052,2026-10-03 16:40:53.601000+00:00,Bern,rail,ch:1:sloid:7000,Bern,ch:1:sloid:7000_gen:ch:1:sloid:7000:6:33_pf:13D-F,2026-10-03,ch:1:sjyid:100015:15672-001,rail,S-Bahn,S6,S6,15672,Bern,Schwarzenburg,13D-F,,2026-10-03 17:06:00+00:00,2026-10-03 17:06:12+00:00,,True,0.2,2026-10-03 18:40:53.601000+02:00,2026-10-03 19:06:00+02:00,2026-10-03 19:06:12+02:00,2026-10-03,19,Saturday,True,25.10665
20261003_164052,2026-10-03 16:40:53.601000+00:00,Bern,rail,ch:1:sloid:7000,Bern,ch:1:sloid:7000:3:6,2026-10-03,ch:1:sjyid:100001:10828-009,rail,InterCity,IC8,IC8,10828,Zürich HB,Brig,,,2026-10-03 17:06:18+00:00,2026-10-03 17:07:18+00:00,,True,1.0,2026-10-03 18:40:53.601000+02:00,2026-10-03 19:06:18+02:00,2026-10-03 19:07:18+02:00,2026-10-03,19,Saturday,True,25.40665
20261003_164052,2026-10-03 16:40:53.601000+00:00,Bern,rail,ch:1:sloid:7000,Bern,ch:1:sloid:7000:3:6,2026-10-03,ch:1:sjyid:100001:10828-009,rail,InterCity,IC8,IC8,10828,Zürich HB,Brig,6,,2026-10-03 17:07:00+00:00,2026-10-03 17:07:42+00:00,,True,0.7,2026-10-03 18:40:53.601000+02:00,2026-10-03 19:07:00+02:00,2026-10-03 19:07:42+02:00,2026-10-03,19,Saturday,True,26.10665
20261003_164052,2026-10-03 16:40:53.601000+00:00,Bern,rail,ch:1:sloid:7000,Bern,ch:1:sloid:7000:5:9,2026-10-03,ch:1:sjyid:100015:2835-001,rail,InterRegio,IR17,IR17,2835,Bern,Olten,9,,2026-10-03 17:07:00+00:00,2026-10-03 17:07:30+00:00,,True,0.5,2026-10-03 18:40:53.601000+02:00,2026-10-03 19:07:00+02:00,2026-10-03 19:07:30+02:00,2026-10-03,19,Saturday,True,26.10665
20261003_164052,2026-10-03 16:40:53.601000+00:00,Bern,rail,ch:1:sloid:7000,Bern,ch:1:sloid:7000_gen:ch:1:sloid:7000:6:13_pf:13AB,2026-10-03,ch:1:sjyid:100015:15572-001,rail,S-Bahn,S5,S5,15572,Bern,Neuchâtel/Avenches,13AB,,2026-10-03 17:08:00+00:00,2026-10-03 17:08:12+00:00,,True,0.2,2026-10-03 18:40:53.601000+02:00,2026-10-03 19:08:00+02:00,2026-10-03 19:08:12+02:00,2026-10-03,19,Saturday,True,27.10665
20261003_164052,2026-10-03 16:40:53.601000+00:00,Bern,rail,ch:1:sloid:7000,Bern,ch:1:sloid:7000_gen:ch:1:sloid:7000:2:4_pf:4F-H,2026-10-03,ch:1:sjyid:100034:3832-001,rail,RegioExpress,RE2,RE2,3832,Bern,Broc-Chocolaterie,4F-H,,2026-10-03 17:09:00+00:00,2026-10-03 17:09:12+00:00,,True,0.2,2026-10-03 18:40:53.601000+02:00,2026-10-03 19:09:00+02:00,2026-10-03 19:09:12+02:00,2026-10-03,19,Saturday,True,28.10665
20261003_164052,2026-10-03 16:40:53.601000+00:00,Bern,rail,ch:1:sloid:7000,Bern,ch:1:sloid:7000:55:49,2026-10-03,ch:1:sjyid:100015:3373-001,rail,InterRegio,IR65,IR65,3373,Bern,Biel/Bienne,49,,2026-10-03 17:12:00+00:00,2026-10-03 17:12:12+00:00,,True,0.2,2026-10-03 18:40:53.601000+02:00,2026-10-03 19:12:00+02:00,2026-10-03 19:12:12+02:00,2026-10-03,19,Saturday,True,31.10665
20261003_164052,2026-10-03 16:40:53.601000+00:00,Bern,rail,ch:1:sloid:7000,Bern,ch:1:sloid:7000_gen:ch:1:sloid:7000:0:1752_pf:5E-H,2026-10-03,ch:1:sjyid:100015:16468-001,rail,S-Bahn,S44,S44,16468,Burgdorf,Thun,5E-H,,2026-10-03 17:12:00+00:00,2026-10-03 17:12:42+00:00,,True,0.7,2026-10-03 18:40:53.601000+02:00,2026-10-03 19:12:00+02:00,2026-10-03 19:12:42+02:00,2026-10-03,19,Saturday,True,31.10665
20261003_164052,2026-10-03 16:40:53.601000+00:00,Bern,rail,ch:1:sloid:7000,Bern,ch:1:sloid:7000:4:7,2026-10-03,ch:1:sjyid:100015:15273-001,rail,S-Bahn,S2,S2,15273,Laupen BE,Konolfingen,7,,2026-10-03 17:12:00+00:00,2026-10-03 17:12:12+00:00,,True,0.2,2026-10-03 18:40:53.601000+02:00,2026-10-03 19:12:00+02:00,2026-10-03 19:12:12+02:00,2026-10-03,19,Saturday,True,31.10665
20261003_164052,2026-10-03 16:40:53.601000+00:00,Bern,rail,ch:1:sloid:7000,Bern,ch:1:sloid:7000_gen:ch:1:sloid:7000:1:21_pf:1E-H,2026-10-03,ch:1:sjyid:100015:15170-001,rail,S-Bahn,S1,S1,15170,Thun,Fribourg/Freiburg,1E-H,,2026-10-03 17:15:00+00:00,2026-10-03 17:15:00+00:00,,True,0.0,2026-10-03 18:40:53.601000+02:00,2026-10-03 19:15:00+02:00,2026-10-03 19:15:00+02:00,2026-10-03,19,Saturday,True,34.106649999999995
20261003_164052,2026-10-03 16:40:53.601000+00:00,Bern,rail,ch:1:sloid:7000,Bern,ch:1:sloid:7000_gen:ch:1:sloid:7000:1:21_pf:1E-H,2026-10-03,ch:1:sjyid:100015:85170-894,rail,,S1,S1,85170,Gümligen,Fribourg/Freiburg,1E-H,,2026-10-03 17:15:00+00:00,2026-10-03 17:15:12+00:00,,True,0.2,2026-10-03 18:40:53.601000+02:00,2026-10-03 19:15:00+02:00,2026-10-03 19:15:12+02:00,2026-10-03,19,Saturday,True,34.106649999999995
20261003_164052,2026-10-03 16:40:54.189000+00:00,Basel,rail,ch:1:sloid:10,Basel SBB,ch:1:sloid:10:3:5,2026-10-03,ch:1:sjyid:100001:2283-001,rail,InterRegio,IR37,IR37,2283,Basel SBB,Zürich HB,5,,2026-10-03 16:43:00+00:00,2026-10-03 16:43:48+00:00,,True,0.8,2026-10-03 18:40:54.189000+02:00,2026-10-03 18:43:00+02:00,2026-10-03 18:43:48+02:00,2026-10-03,18,Saturday,True,2.0968500000000003
20261003_164052,2026-10-03 16:40:54.189000+00:00,Basel,rail,ch:1:sloid:10,Basel SBB,ch:1:sloid:10:7:15,2026-10-03,ch:1:sjyid:100001:17569-001,rail,S-Bahn,S33,S33,17569,Basel SBB,Liestal,15,,2026-10-03 16:45:00+00:00,2026-10-03 16:45:30+00:00,,True,0.5,2026-10-03 18:40:54.189000+02:00,2026-10-03 18:45:00+02:00,2026-10-03 18:45:30+02:00,2026-10-03,18,Saturday,True,4.09685
20261003_164052,2026-10-03 16:40:54.189000+00:00,Basel,rail,ch:1:sloid:10,Basel SBB,ch:1:sloid:10:7:14,2026-10-03,ch:1:sjyid:100001:17271-001,rail,S-Bahn,S1,S1,17271,Basel SBB,Laufenburg,14,,2026-10-03 16:49:00+00:00,2026-10-03 16:49:12+00:00,,True,0.2,2026-10-03 18:40:54.189000+02:00,2026-10-03 18:49:00+02:00,2026-10-03 18:49:12+02:00,2026-10-03,18,Saturday,True,8.09685
20261003_164052,2026-10-03 16:40:54.189000+00:00,Basel,rail,ch:1:sloid:10,Basel SBB,ch:1:sloid:10:3:6,2026-10-03,ch:1:sjyid:100001:635-001,rail,InterCity,IC6,IC6,635,Basel SBB,Brig,6,,2026-10-03 16:58:00+00:00,2026-10-03 16:58:42+00:00,,True,0.7,2026-10-03 18:40:54.189000+02:00,2026-10-03 18:58:00+02:00,2026-10-03 18:58:42+02:00,2026-10-03,18,Saturday,True,17.09685
20261003_164052,2026-10-03 16:40:54.189000+00:00,Basel,rail,ch:1:sloid:10,Basel SBB,ch:1:sloid:10:0:19,2026-10-03,ch:1:sjyid:100001:17369-001,rail,S-Bahn,S3,S3,17369,Laufen,Olten,19,,2026-10-03 17:00:00+00:00,2026-10-03 17:00:12+00:00,,True,0.2,2026-10-03 18:40:54.189000+02:00,2026-10-03 19:00:00+02:00,2026-10-03 19:00:12+02:00,2026-10-03,19,Saturday,True,19.09685
20261003_164052,2026-10-03 16:40:54.189000+00:00,Basel,rail,ch:1:sloid:10,Basel SBB,ch:1:sloid:10:0:20,2026-10-03,ch:1:sjyid:100015:1880-001,rail,InterRegio,IR56,IR56,1880,Basel SBB,Biel/Bienne,20,,2026-10-03 17:02:00+00:00,2026-10-03 17:02:12+00:00,,True,0.2,2026-10-03 18:40:54.189000+02:00,2026-10-03 19:02:00+02:00,2026-10-03 19:02:12+02:00,2026-10-03,19,Saturday,True,21.09685
20261003_164052,2026-10-03 16:40:54.189000+00:00,Basel,rail,ch:1:sloid:10,Basel SBB,ch:1:sloid:10:3:5,2026-10-03,ch:1:sjyid:100001:687-001,rail,InterCity,IC21,IC21,687,Basel SBB,Chiasso,5,,2026-10-03 17:04:00+00:00,2026-10-03 17:04:42+00:00,,True,0.7,2026-10-03 18:40:54.189000+02:00,2026-10-03 19:04:00+02:00,2026-10-03 19:04:42+02:00,2026-10-03,19,Saturday,True,23.09685
20261003_164052,2026-10-03 16:40:54.189000+00:00,Basel,rail,ch:1:sloid:10,Basel SBB,ch:1:sloid:10:1:2,2026-10-03,ch:1:sjyid:100308:87856-001,rail,S-Bahn,S6,S6,87856,Basel SBB,Zell (Wiesental),2,,2026-10-03 17:06:00+00:00,2026-10-03 17:06:12+00:00,,True,0.2,2026-10-03 18:40:54.189000+02:00,2026-10-03 19:06:00+02:00,2026-10-03 19:06:12+02:00,2026-10-03,19,Saturday,True,25.09685
20261003_164052,2026-10-03 16:40:54.189000+00:00,Basel,rail,ch:1:sloid:10,Basel SBB,ch:1:sloid:10:6:11,2026-10-03,ch:1:sjyid:100001:1985-001,rail,InterRegio,IR36,IR36,1985,Basel SBB,Zürich HB,11,,2026-10-03 17:07:00+00:00,2026-10-03 17:07:42+00:00,,True,0.7,2026-10-03 18:40:54.189000+02:00,2026-10-03 19:07:00+02:00,2026-10-03 19:07:42+02:00,2026-10-03,19,Saturday,True,26.09685
20261003_164052,2026-10-03 16:40:54.189000+00:00,Basel,rail,ch:1:sloid:10,Basel SBB,ch:1:sloid:10:2:4,2026-10-03,ch:1:sjyid:100001:109-002,rail,InterCityExpress,ICE,ICE,109,Basel SBB,Zürich HB,4,,2026-10-03 17:07:00+00:00,2026-10-03 17:07:48+00:00,,True,0.8,2026-10-03 18:40:54.189000+02:00,2026-10-03 19:07:00+02:00,2026-10-03 19:07:48+02:00,2026-10-03,19,Saturday,True,26.09685
20261003_164052,2026-10-03 16:40:54.189000+00:00,Basel,rail,ch:1:sloid:10,Basel SBB,ch:1:sloid:10:7:15,2026-10-03,ch:1:sjyid:100001:17368-001,rail,S-Bahn,S3,S3,17368,Olten,Laufen,15,,2026-10-03 17:08:00+00:00,2026-10-03 17:08:12+00:00,,True,0.2,2026-10-03 18:40:54.189000+02:00,2026-10-03 19:08:00+02:00,2026-10-03 19:08:12+02:00,2026-10-03,19,Saturday,True,27.09685
20261003_164052,2026-10-03 16:40:54.189000+00:00,Basel,rail,ch:1:sloid:10,Basel SBB,ch:1:sloid:10:8:16,2026-10-03,ch:1:sjyid:100001:17571-001,rail,S-Bahn,S33,S33,17571,Basel SBB,Liestal,16,,2026-10-03 17:15:00+00:00,2026-10-03 17:15:30+00:00,,True,0.5,2026-10-03 18:40:54.189000+02:00,2026-10-03 19:15:00+02:00,2026-10-03 19:15:30+02:00,2026-10-03,19,Saturday,True,34.096849999999996
20261003_164052,2026-10-03 16:40:54.189000+00:00,Basel,rail,ch:1:sloid:10,Basel SBB,ch:1:sloid:10:2:3,2026-10-03,ch:1:sjyid:100001:2485-001,rail,InterRegio,IR27,IR27,2485,Basel SBB,Luzern,3,,2026-10-03 17:16:00+00:00,2026-10-03 17:16:42+00:00,,True,0.7,2026-10-03 18:40:54.189000+02:00,2026-10-03 19:16:00+02:00,2026-10-03 19:16:42+02:00,2026-10-03,19,Saturday,True,35.09685
20261003_164052,2026-10-03 16:40:54.189000+00:00,Basel,rail,ch:1:sloid:10,Basel SBB,ch:1:sloid:10:6:12,2026-10-03,ch:1:sjyid:100001:17173-001,rail,S-Bahn,S1,S1,17173,Basel SBB,Frick,12,,2026-10-03 17:19:00+00:00,2026-10-03 17:19:12+00:00,,True,0.2,2026-10-03 18:40:54.189000+02:00,2026-10-03 19:19:00+02:00,2026-10-03 19:19:12+02:00,2026-10-03,19,Saturday,True,38.09685
20261003_164052,2026-10-03 16:40:54.189000+00:00,Basel,rail,ch:1:sloid:10,Basel SBB,ch:1:sloid:10:0:19,2026-10-03,ch:1:sjyid:100001:17371-001,rail,S-Bahn,S3,S3,17371,Laufen,Olten,19,,2026-10-03 17:30:00+00:00,2026-10-03 17:30:12+00:00,,True,0.2,2026-10-03 18:40:54.189000+02:00,2026-10-03 19:30:00+02:00,2026-10-03 19:30:12+02:00,2026-10-03,19,Saturday,True,49.09685
20261003_164052,2026-10-03 16:40:54.189000+00:00,Basel,rail,ch:1:sloid:10,Basel SBB,ch:1:sloid:10:2:4,2026-10-03,ch:1:sjyid:100001:10375-009,rail,InterCity,IC61,IC61,10375,Basel SBB,Interlaken Ost,4,,2026-10-03 17:30:00+00:00,2026-10-03 17:30:42+00:00,,True,0.7,2026-10-03 18:40:54.189000+02:00,2026-10-03 19:30:00+02:00,2026-10-03 19:30:42+02:00,2026-10-03,19,Saturday,True,49.09685
20261003_164052,2026-10-03 16:40:54.189000+00:00,Basel,rail,ch:1:sloid:10,Basel SBB,ch:1:sloid:10:0:20,2026-10-03,ch:1:sjyid:100001:1636-001,rail,InterCity,IC51,IC51,1636,Basel SBB,Lausanne,20,,2026-10-03 17:32:00+00:00,2026-10-03 17:32:42+00:00,,True,0.7,2026-10-03 18:40:54.189000+02:00,2026-10-03 19:32:00+02:00,2026-10-03 19:32:42+02:00,2026-10-03,19,Saturday,True,51.09685
20261003_164052,2026-10-03 16:40:54.189000+00:00,Basel,rail,ch:1:sloid:10,Basel SBB,ch:1:sloid:10:3:6,2026-10-03,ch:1:sjyid:100001:9219-001,rail,Train à grande vit.,TGV,TGV,9219,Mulhouse,Zürich HB,6,9,2026-10-03 17:33:00+00:00,2026-10-03 17:33:54+00:00,,True,0.9,2026-10-03 18:40:54.189000+02:00,2026-10-03 19:33:00+02:00,2026-10-03 19:33:54+02:00,2026-10-03,19,Saturday,True,52.09685
20261003_164052,2026-10-03 16:40:54.189000+00:00,Basel,rail,ch:1:sloid:10,Basel SBB,ch:1:sloid:10:6:11,2026-10-03,ch:1:sjyid:100001:9234-001,rail,Train à grande vit.,TGV,TGV,9234,Zürich HB,Paris Gare de Lyon,11,,2026-10-03 17:34:00+00:00,2026-10-03 17:34:48+00:00,,True,0.8,2026-10-03 18:40:54.189000+02:00,2026-10-03 19:34:00+02:00,2026-10-03 19:34:48+02:00,2026-10-03,19,Saturday,True,53.09685
20261003_164052,2026-10-03 16:40:54.189000+00:00,Basel,rail,ch:1:sloid:10,Basel SBB,ch:1:sloid:10:1:2,2026-10-03,ch:1:sjyid:100308:87858-001,rail,S-Bahn,S6,S6,87858,Basel SBB,Zell (Wiesental),2,,2026-10-03 17:35:00+00:00,2026-10-03 17:35:12+00:00,,True,0.2,2026-10-03 18:40:54.189000+02:00,2026-10-03 19:35:00+02:00,2026-10-03 19:35:12+02:00,2026-10-03,19,Saturday,True,54.09685
20261003_164052,2026-10-03 16:40:54.189000+00:00,Basel,rail,ch:1:sloid:10,Basel SBB,ch:1:sloid:10:3:5,2026-10-03,ch:1:sjyid:100001:2085-001,rail,InterRegio,IR36,IR36,2085,Basel SBB,Zürich Flughafen,5,,2026-10-03 17:36:00+00:00,2026-10-03 17:36:42+00:00,,True,0.7,2026-10-03 18:40:54.189000+02:00,2026-10-03 19:36:00+02:00,2026-10-03 19:36:42+02:00,2026-10-03,19,Saturday,True,55.09685
20261003_164052,2026-10-03 16:40:54.189000+00:00,Basel,rail,ch:1:sloid:10,Basel SBB,ch:1:sloid:10:0:944,2026-10-03,ch:1:sjyid:100001:17370-001,rail,S-Bahn,S3,S3,17370,Olten,Laufen,18,,2026-10-03 17:38:00+00:00,2026-10-03 17:38:12+00:00,,True,0.2,2026-10-03 18:40:54.189000+02:00,2026-10-03 19:38:00+02:00,2026-10-03 19:38:12+02:00,2026-10-03,19,Saturday,True,57.09685
20261003_164052,2026-10-03 16:40:54.189000+00:00,Basel,rail,ch:1:sloid:10,Basel SBB,ch:1:sloid:10:5:10,2026-10-03,ch:1:sjyid:100001:2285-001,rail,InterRegio,IR37,IR37,2285,Basel SBB,Zürich HB,10,,2026-10-03 17:43:00+00:00,2026-10-03 17:43:48+00:00,,True,0.8,2026-10-03 18:40:54.189000+02:00,2026-10-03 19:43:00+02:00,2026-10-03 19:43:48+02:00,2026-10-03,19,Saturday,True,62.09685
20261003_164052,2026-10-03 16:40:54.189000+00:00,Basel,rail,ch:1:sloid:10,Basel SBB,ch:1:sloid:10:7:15,2026-10-03,ch:1:sjyid:100001:17573-001,rail,S-Bahn,S33,S33,17573,Basel SBB,Liestal,15,,2026-10-03 17:45:00+00:00,2026-10-03 17:45:30+00:00,,True,0.5,2026-10-03 18:40:54.189000+02:00,2026-10-03 19:45:00+02:00,2026-10-03 19:45:30+02:00,2026-10-03,19,Saturday,True,64.09685
20261003_164052,2026-10-03 16:40:54.189000+00:00,Basel,rail,ch:1:sloid:10,Basel SBB,ch:1:sloid:10:7:14,2026-10-03,ch:1:sjyid:100001:17275-001,rail,S-Bahn,S1,S1,17275,Basel SBB,Laufenburg,14,,2026-10-03 17:49:00+00:00,2026-10-03 17:49:12+00:00,,True,0.2,2026-10-03 18:40:54.189000+02:00,2026-10-03 19:49:00+02:00,2026-10-03 19:49:12+02:00,2026-10-03,19,Saturday,True,68.09685
20261003_164052,2026-10-03 16:40:54.189000+00:00,Basel,rail,ch:1:sloid:10,Basel SBB,ch:1:sloid:10:6:12,2026-10-03,ch:1:sjyid:100001:637-001,rail,InterCity,IC6,IC6,637,Basel SBB,Brig,12,,2026-10-03 17:58:00+00:00,2026-10-03 18:01:30+00:00,,True,3.5,2026-10-03 18:40:54.189000+02:00,2026-10-03 19:58:00+02:00,2026-10-03 20:01:30+02:00,2026-10-03,19,Saturday,True,77.09684999999999
20261003_164052,2026-10-03 16:40:54.189000+00:00,Basel,rail,ch:1:sloid:10,Basel SBB,ch:1:sloid:10:0:19,2026-10-03,ch:1:sjyid:100001:17373-001,rail,S-Bahn,S3,S3,17373,Laufen,Olten,19,,2026-10-03 18:00:00+00:00,2026-10-03 18:00:12+00:00,,True,0.2,2026-10-03 18:40:54.189000+02:00,2026-10-03 20:00:00+02:00,2026-10-03 20:00:12+02:00,2026-10-03,20,Saturday,True,79.09684999999999
20261003_164052,2026-10-03 16:40:54.189000+00:00,Basel,rail,ch:1:sloid:10,Basel SBB,ch:1:sloid:10:0:20,2026-10-03,ch:1:sjyid:100015:1882-001,rail,InterRegio,IR56,IR56,1882,Basel SBB,Biel/Bienne,20,,2026-10-03 18:02:00+00:00,2026-10-03 18:02:12+00:00,,True,0.2,2026-10-03 18:40:54.189000+02:00,2026-10-03 20:02:00+02:00,2026-10-03 20:02:12+02:00,2026-10-03,20,Saturday,True,81.09684999999999
20261003_164052,2026-10-03 16:40:54.189000+00:00,Basel,rail,ch:1:sloid:10,Basel SBB,ch:1:sloid:10:3:5,2026-10-03,ch:1:sjyid:100061:2339-001,rail,InterRegio,IR26,IR26,2339,Basel SBB,Erstfeld,5,,2026-10-03 18:04:00+00:00,2026-10-03 18:04:30+00:00,,True,0.5,2026-10-03 18:40:54.189000+02:00,2026-10-03 20:04:00+02:00,2026-10-03 20:04:30+02:00,2026-10-03,20,Saturday,True,83.09684999999999
20261003_164052,2026-10-03 16:40:54.189000+00:00,Basel,rail,ch:1:sloid:10,Basel SBB,ch:1:sloid:10:1:2,2026-10-03,ch:1:sjyid:100308:87860-001,rail,S-Bahn,S6,S6,87860,Basel SBB,Lörrach Hbf,2,,2026-10-03 18:06:00+00:00,2026-10-03 18:06:12+00:00,,True,0.2,2026-10-03 18:40:54.189000+02:00,2026-10-03 20:06:00+02:00,2026-10-03 20:06:12+02:00,2026-10-03,20,Saturday,True,85.09684999999999
20261003_164052,2026-10-03 16:40:54.714000+00:00,Luzern,rail,ch:1:sloid:5000,Luzern,ch:1:sloid:5000:1:3,2026-10-03,ch:1:sjyid:100061:2037-001,rail,Voralpen-Express,VAE,VAE,2037,Luzern,St. Gallen,3,,2026-10-03 16:39:00+00:00,2026-10-03 16:40:00+00:00,,True,1.0,2026-10-03 18:40:54.714000+02:00,2026-10-03 18:39:00+02:00,2026-10-03 18:40:00+02:00,2026-10-03,18,Saturday,True,-1.9119
20261003_164052,2026-10-03 16:40:54.714000+00:00,Luzern,rail,ch:1:sloid:5000,Luzern,ch:1:sloid:5000:4:8,2026-10-03,ch:1:sjyid:100001:2534-001,rail,InterRegio,IR15,IR15,2534,Luzern,Genève-Aéroport,8,,2026-10-03 16:42:00+00:00,2026-10-03 16:43:36+00:00,,True,1.6,2026-10-03 18:40:54.714000+02:00,2026-10-03 18:42:00+02:00,2026-10-03 18:43:36+02:00,2026-10-03,18,Saturday,True,1.0881
20261003_164052,2026-10-03 16:40:54.714000+00:00,Luzern,rail,ch:1:sloid:5000,Luzern,ch:1:sloid:5000:7:14,2026-10-03,ch:1:sjyid:100064:21570-001,rail,S-Bahn,S5,S5,21570,Luzern,Giswil,14,,2026-10-03 16:42:00+00:00,2026-10-03 16:42:12+00:00,,True,0.2,2026-10-03 18:40:54.714000+02:00,2026-10-03 18:42:00+02:00,2026-10-03 18:42:12+02:00,2026-10-03,18,Saturday,True,1.0881
20261003_164052,2026-10-03 16:40:54.714000+00:00,Luzern,rail,ch:1:sloid:5000,Luzern,ch:1:sloid:5000:5:10,2026-10-03,ch:1:sjyid:100001:21163-001,rail,S-Bahn,S1,S1,21163,Baar,Sursee,10,,2026-10-03 16:44:00+00:00,2026-10-03 16:45:00+00:00,,True,1.0,2026-10-03 18:40:54.714000+02:00,2026-10-03 18:44:00+02:00,2026-10-03 18:45:00+02:00,2026-10-03,18,Saturday,True,3.0881
20261003_164052,2026-10-03 16:40:54.714000+00:00,Luzern,rail,ch:1:sloid:5000,Luzern,ch:1:sloid:5000:1:3,2026-10-03,ch:1:sjyid:100001:21164-001,rail,S-Bahn,S1,S1,21164,Sursee,Baar,3,,2026-10-03 16:51:00+00:00,2026-10-03 16:51:12+00:00,,True,0.2,2026-10-03 18:40:54.714000+02:00,2026-10-03 18:51:00+02:00,2026-10-03 18:51:12+02:00,2026-10-03,18,Saturday,True,10.088099999999999
20261003_164052,2026-10-03 16:40:54.714000+00:00,Luzern,rail,ch:1:sloid:5000,Luzern,ch:1:sloid:5000:3:7,2026-10-03,ch:1:sjyid:100061:2332-001,rail,Treno Gottardo,IR26,IR26,2332,Locarno,Basel SBB,7,,2026-10-03 16:54:00+00:00,2026-10-03 16:54:30+00:00,,True,0.5,2026-10-03 18:40:54.714000+02:00,2026-10-03 18:54:00+02:00,2026-10-03 18:54:30+02:00,2026-10-03,18,Saturday,True,13.088099999999999
20261003_164052,2026-10-03 16:40:54.714000+00:00,Luzern,rail,ch:1:sloid:5000,Luzern,ch:1:sloid:5000:2:5,2026-10-03,ch:1:sjyid:100015:4484-001,rail,RegioExpress,RE7,RE7,4484,Luzern,Wolhusen,5,,2026-10-03 16:57:00+00:00,2026-10-03 16:58:06+00:00,,True,1.1,2026-10-03 18:40:54.714000+02:00,2026-10-03 18:57:00+02:00,2026-10-03 18:58:06+02:00,2026-10-03,18,Saturday,True,16.0881
20261003_164052,2026-10-03 16:40:54.714000+00:00,Luzern,rail,ch:1:sloid:5000,Luzern,ch:1:sloid:5000:7:14,2026-10-03,ch:1:sjyid:100064:21472-001,rail,S-Bahn,S4,S4,21472,Luzern,Stansstad,14,,2026-10-03 16:57:00+00:00,2026-10-03 16:57:12+00:00,,True,0.2,2026-10-03 18:40:54.714000+02:00,2026-10-03 18:57:00+02:00,2026-10-03 18:57:12+02:00,2026-10-03,18,Saturday,True,16.0881
20261003_164052,2026-10-03 16:40:54.714000+00:00,Luzern,rail,ch:1:sloid:5000,Luzern,ch:1:sloid:5000:5:10,2026-10-03,ch:1:sjyid:100001:21972-001,rail,S-Bahn,S9,S9,21972,Luzern,Lenzburg,10,,2026-10-03 17:02:00+00:00,2026-10-03 17:02:30+00:00,,True,0.5,2026-10-03 18:40:54.714000+02:00,2026-10-03 19:02:00+02:00,2026-10-03 19:02:30+02:00,2026-10-03,19,Saturday,True,21.0881
20261003_164052,2026-10-03 16:40:54.714000+00:00,Luzern,rail,ch:1:sloid:5000,Luzern,ch:1:sloid:5000:4:9,2026-10-03,ch:1:sjyid:100001:4734-001,rail,RegioExpress,RE24,RE24,4734,Luzern,Olten,9,,2026-10-03 17:05:00+00:00,2026-10-03 17:05:12+00:00,,True,0.2,2026-10-03 18:40:54.714000+02:00,2026-10-03 19:05:00+02:00,2026-10-03 19:05:12+02:00,2026-10-03,19,Saturday,True,24.0881
20261003_164052,2026-10-03 16:40:54.714000+00:00,Luzern,rail,ch:1:sloid:5000,Luzern,ch:1:sloid:5000_gen:ch:1:sloid:5000:6:12_pf:12BC,2026-10-03,ch:1:sjyid:100064:2938-001,rail,Luzern-Interlaken Express,LIX,LIX,2938,Luzern,Interlaken Ost,12BC,,2026-10-03 17:06:00+00:00,2026-10-03 17:06:06+00:00,,True,0.1,2026-10-03 18:40:54.714000+02:00,2026-10-03 19:06:00+02:00,2026-10-03 19:06:06+02:00,2026-10-03,19,Saturday,True,25.0881
20261003_164052,2026-10-03 16:40:54.714000+00:00,Luzern,rail,ch:1:sloid:5000,Luzern,ch:1:sloid:5000:5:11,2026-10-03,ch:1:sjyid:100001:21373-001,rail,S-Bahn,S3,S3,21373,Luzern,Brunnen,11,,2026-10-03 17:06:00+00:00,2026-10-03 17:07:00+00:00,,True,1.0,2026-10-03 18:40:54.714000+02:00,2026-10-03 19:06:00+02:00,2026-10-03 19:07:00+02:00,2026-10-03,19,Saturday,True,25.0881
20261003_164052,2026-10-03 16:40:54.714000+00:00,Luzern,rail,ch:1:sloid:5000,Luzern,ch:1:sloid:5000:3:6,2026-10-03,ch:1:sjyid:100001:2636-001,rail,InterRegio,IR70,IR70,2636,Luzern,St. Gallen,6,,2026-10-03 17:09:00+00:00,2026-10-03 17:10:00+00:00,,True,1.0,2026-10-03 18:40:54.714000+02:00,2026-10-03 19:09:00+02:00,2026-10-03 19:10:00+02:00,2026-10-03,19,Saturday,True,28.0881
20261003_164052,2026-10-03 16:40:54.714000+00:00,Luzern,rail,ch:1:sloid:5000,Luzern,ch:1:sloid:5000:6:13,2026-10-03,ch:1:sjyid:100064:2984-001,rail,Luzern-Engelberg Express,IRLEX,IRLEX,2984,Luzern,Stansstad,13,,2026-10-03 17:10:00+00:00,2026-10-03 17:10:12+00:00,,True,0.2,2026-10-03 18:40:54.714000+02:00,2026-10-03 19:10:00+02:00,2026-10-03 19:10:12+02:00,2026-10-03,19,Saturday,True,29.0881
20261003_164052,2026-10-03 16:40:54.714000+00:00,Luzern,rail,ch:1:sloid:5000,Luzern,ch:1:sloid:5000:7:14,2026-10-03,ch:1:sjyid:100064:21572-001,rail,S-Bahn,S5,S5,21572,Luzern,Giswil,14,,2026-10-03 17:12:00+00:00,2026-10-03 17:12:12+00:00,,True,0.2,2026-10-03 18:40:54.714000+02:00,2026-10-03 19:12:00+02:00,2026-10-03 19:12:12+02:00,2026-10-03,19,Saturday,True,31.0881
20261003_164052,2026-10-03 16:40:54.714000+00:00,Luzern,rail,ch:1:sloid:5000,Luzern,ch:1:sloid:5000_gen:ch:1:sloid:5000:1:3_pf:3B,2026-10-03,ch:1:sjyid:100001:21165-001,rail,S-Bahn,S1,S1,21165,Baar,Sursee,3,,2026-10-03 17:14:00+00:00,2026-10-03 17:15:00+00:00,,True,1.0,2026-10-03 18:40:54.714000+02:00,2026-10-03 19:14:00+02:00,2026-10-03 19:15:00+02:00,2026-10-03,19,Saturday,True,33.088100000000004
20261003_164052,2026-10-03 16:40:54.714000+00:00,Luzern,rail,ch:1:sloid:5000,Luzern,ch:1:sloid:5000:2:5,2026-10-03,ch:1:sjyid:100015:21672-001,rail,S-Bahn,S6,S6,21672,Luzern,Wolhusen,5,,2026-10-03 17:16:00+00:00,2026-10-03 17:17:00+00:00,,True,1.0,2026-10-03 18:40:54.714000+02:00,2026-10-03 19:16:00+02:00,2026-10-03 19:17:00+02:00,2026-10-03,19,Saturday,True,35.088100000000004
20261003_164052,2026-10-03 16:40:54.714000+00:00,Luzern,rail,ch:1:sloid:5000,Luzern,ch:1:sloid:5000:3:7,2026-10-03,ch:1:sjyid:100061:2335-001,rail,Treno Gottardo,IR26,IR26,2335,Basel SBB,Bellinzona,7,,2026-10-03 17:18:00+00:00,2026-10-03 17:19:00+00:00,,True,1.0,2026-10-03 18:40:54.714000+02:00,2026-10-03 19:18:00+02:00,2026-10-03 19:19:00+02:00,2026-10-03,19,Saturday,True,37.088100000000004
20261003_164052,2026-10-03 16:40:54.714000+00:00,Luzern,rail,ch:1:sloid:5000,Luzern,ch:1:sloid:5000:7:15,2026-10-03,ch:1:sjyid:100064:30040-020,rail,,S4,S4,30040,Luzern,Luzern Allmend/Messe,14,15,2026-10-03 17:19:00+00:00,2026-10-03 17:19:12+00:00,,True,0.2,2026-10-03 18:40:54.714000+02:00,2026-10-03 19:19:00+02:00,2026-10-03 19:19:12+02:00,2026-10-03,19,Saturday,True,38.088100000000004
20261003_164052,2026-10-03 16:40:54.714000+00:00,Luzern,rail,ch:1:sloid:5000,Luzern,ch:1:sloid:5000:5:11,2026-10-03,ch:1:sjyid:100001:21166-003,rail,S-Bahn,S1,S1,21166,Sursee,Rotkreuz,11,,2026-10-03 17:21:00+00:00,2026-10-03 17:22:00+00:00,,True,1.0,2026-10-03 18:40:54.714000+02:00,2026-10-03 19:21:00+02:00,2026-10-03 19:22:00+02:00,2026-10-03,19,Saturday,True,40.088100000000004
20261003_164052,2026-10-03 16:40:54.714000+00:00,Luzern,rail,ch:1:sloid:5000,Luzern,ch:1:sloid:5000:7:14,2026-10-03,ch:1:sjyid:100064:21474-001,rail,S-Bahn,S4,S4,21474,Luzern,Stansstad,14,,2026-10-03 17:27:00+00:00,2026-10-03 17:27:12+00:00,,True,0.2,2026-10-03 18:40:54.714000+02:00,2026-10-03 19:27:00+02:00,2026-10-03 19:27:12+02:00,2026-10-03,19,Saturday,True,46.088100000000004
20261003_164052,2026-10-03 16:40:54.714000+00:00,Luzern,rail,ch:1:sloid:5000,Luzern,ch:1:sloid:5000:2:4,2026-10-03,ch:1:sjyid:100001:2484-001,rail,InterRegio,IR27,IR27,2484,Luzern,Basel SBB,4,,2026-10-03 17:30:00+00:00,2026-10-03 17:30:36+00:00,,True,0.6,2026-10-03 18:40:54.714000+02:00,2026-10-03 19:30:00+02:00,2026-10-03 19:30:36+02:00,2026-10-03,19,Saturday,True,49.088100000000004
20261003_164052,2026-10-03 16:40:54.714000+00:00,Luzern,rail,ch:1:sloid:5000,Luzern,ch:1:sloid:5000:5:10,2026-10-03,ch:1:sjyid:100001:21974-001,rail,S-Bahn,S9,S9,21974,Luzern,Lenzburg,10,,2026-10-03 17:32:00+00:00,2026-10-03 17:32:30+00:00,,True,0.5,2026-10-03 18:40:54.714000+02:00,2026-10-03 19:32:00+02:00,2026-10-03 19:32:30+02:00,2026-10-03,19,Saturday,True,51.088100000000004
20261003_164052,2026-10-03 16:40:54.714000+00:00,Luzern,rail,ch:1:sloid:5000,Luzern,ch:1:sloid:5000:2:5,2026-10-03,ch:1:sjyid:100001:2135-001,rail,InterRegio,IR75,IR75,2135,Luzern,Kreuzlingen,5,,2026-10-03 17:35:00+00:00,2026-10-03 17:35:00+00:00,,True,0.0,2026-10-03 18:40:54.714000+02:00,2026-10-03 19:35:00+02:00,2026-10-03 19:35:00+02:00,2026-10-03,19,Saturday,True,54.088100000000004
20261003_164052,2026-10-03 16:40:54.714000+00:00,Luzern,rail,ch:1:sloid:5000,Luzern,ch:1:sloid:5000:1:2,2026-10-03,ch:1:sjyid:100061:2039-001,rail,Voralpen-Express,VAE,VAE,2039,Luzern,St. Gallen,2,,2026-10-03 17:39:00+00:00,2026-10-03 17:39:12+00:00,,True,0.2,2026-10-03 18:40:54.714000+02:00,2026-10-03 19:39:00+02:00,2026-10-03 19:39:12+02:00,2026-10-03,19,Saturday,True,58.088100000000004
20261003_164052,2026-10-03 16:40:54.714000+00:00,Luzern,rail,ch:1:sloid:5000,Luzern,ch:1:sloid:5000:4:8,2026-10-03,ch:1:sjyid:100001:2536-001,rail,InterRegio,IR15,IR15,2536,Luzern,Lausanne,8,,2026-10-03 17:42:00+00:00,2026-10-03 17:43:36+00:00,,True,1.6,2026-10-03 18:40:54.714000+02:00,2026-10-03 19:42:00+02:00,2026-10-03 19:43:36+02:00,2026-10-03,19,Saturday,True,61.088100000000004
20261003_164052,2026-10-03 16:40:54.714000+00:00,Luzern,rail,ch:1:sloid:5000,Luzern,ch:1:sloid:5000:7:14,2026-10-03,ch:1:sjyid:100064:21574-001,rail,S-Bahn,S5,S5,21574,Luzern,Giswil,14,,2026-10-03 17:42:00+00:00,2026-10-03 17:42:12+00:00,,True,0.2,2026-10-03 18:40:54.714000+02:00,2026-10-03 19:42:00+02:00,2026-10-03 19:42:12+02:00,2026-10-03,19,Saturday,True,61.088100000000004
20261003_164052,2026-10-03 16:40:54.714000+00:00,Luzern,rail,ch:1:sloid:5000,Luzern,ch:1:sloid:5000:4:9,2026-10-03,ch:1:sjyid:100001:21167-001,rail,S-Bahn,S1,S1,21167,Baar,Sursee,9,,2026-10-03 17:44:00+00:00,2026-10-03 17:45:00+00:00,,True,1.0,2026-10-03 18:40:54.714000+02:00,2026-10-03 19:44:00+02:00,2026-10-03 19:45:00+02:00,2026-10-03,19,Saturday,True,63.088100000000004
20261003_164052,2026-10-03 16:40:54.714000+00:00,Luzern,rail,ch:1:sloid:5000,Luzern,ch:1:sloid:5000:7:15,2026-10-03,ch:1:sjyid:100064:30042-012,rail,,S4,S4,30042,Luzern,Luzern Allmend/Messe,14,15,2026-10-03 17:49:00+00:00,2026-10-03 17:49:12+00:00,,True,0.2,2026-10-03 18:40:54.714000+02:00,2026-10-03 19:49:00+02:00,2026-10-03 19:49:12+02:00,2026-10-03,19,Saturday,True,68.0881
20261003_164052,2026-10-03 16:40:54.714000+00:00,Luzern,rail,ch:1:sloid:5000,Luzern,ch:1:sloid:5000:1:3,2026-10-03,ch:1:sjyid:100001:21168-001,rail,S-Bahn,S1,S1,21168,Sursee,Baar,3,,2026-10-03 17:51:00+00:00,2026-10-03 17:51:12+00:00,,True,0.2,2026-10-03 18:40:54.714000+02:00,2026-10-03 19:51:00+02:00,2026-10-03 19:51:12+02:00,2026-10-03,19,Saturday,True,70.0881
20261003_164052,2026-10-03 16:40:55.242000+00:00,St. Gallen,rail,ch:1:sloid:6302,St. Gallen,ch:1:sloid:6302:4:7,2026-10-03,ch:1:sjyid:100046:11568-001,rail,S-Bahn,S5,S5,11568,St. Gallen,Weinfelden,7,,2026-10-03 16:40:00+00:00,2026-10-03 16:40:12+00:00,,True,0.2,2026-10-03 18:40:55.242000+02:00,2026-10-03 18:40:00+02:00,2026-10-03 18:40:12+02:00,2026-10-03,18,Saturday,True,-0.9207
20261003_164052,2026-10-03 16:40:55.242000+00:00,St. Gallen,rail,ch:1:sloid:6302,St. Gallen,ch:1:sloid:6302:3:5,2026-10-03,ch:1:sjyid:100046:5236-001,rail,RegioExpress,RE1,RE1,5236,Kreuzlingen Hafen,Herisau,5,,2026-10-03 16:44:00+00:00,2026-10-03 16:45:12+00:00,,True,1.2,2026-10-03 18:40:55.242000+02:00,2026-10-03 18:44:00+02:00,2026-10-03 18:45:12+02:00,2026-10-03,18,Saturday,True,3.0793000000000004
20261003_164052,2026-10-03 16:40:55.242000+00:00,St. Gallen,rail,ch:1:sloid:6302,St. Gallen,ch:1:sloid:6302:1:1,2026-10-03,ch:1:sjyid:100046:11168-001,rail,S-Bahn,S1,S1,11168,Schaffhausen,Wil SG,1,,2026-10-03 16:47:00+00:00,2026-10-03 16:47:12+00:00,,True,0.2,2026-10-03 18:40:55.242000+02:00,2026-10-03 18:47:00+02:00,2026-10-03 18:47:12+02:00,2026-10-03,18,Saturday,True,6.0793
20261003_164052,2026-10-03 16:40:55.242000+00:00,St. Gallen,rail,ch:1:sloid:6302,St. Gallen,ch:1:sloid:6302:2:3,2026-10-03,ch:1:sjyid:100046:11169-001,rail,S-Bahn,S1,S1,11169,Wil SG,Schaffhausen,3,,2026-10-03 16:49:00+00:00,2026-10-03 16:50:36+00:00,,True,1.6,2026-10-03 18:40:55.242000+02:00,2026-10-03 18:49:00+02:00,2026-10-03 18:50:36+02:00,2026-10-03,18,Saturday,True,8.0793
20261003_164052,2026-10-03 16:40:55.242000+00:00,St. Gallen,rail,ch:1:sloid:6302,St. Gallen,ch:1:sloid:6302:3:4,2026-10-03,ch:1:sjyid:100061:2227-001,rail,Alpenrhein-Express,IR13,IR13,2227,St. Gallen,Chur,4,,2026-10-03 16:55:00+00:00,2026-10-03 16:55:12+00:00,,True,0.2,2026-10-03 18:40:55.242000+02:00,2026-10-03 18:55:00+02:00,2026-10-03 18:55:12+02:00,2026-10-03,18,Saturday,True,14.0793
20261003_164052,2026-10-03 16:40:55.242000+00:00,St. Gallen,rail,ch:1:sloid:6302,St. Gallen,ch:1:sloid:6302:500:12,2026-10-03,ch:1:sjyid:100007:plan:2182,rail,S-Bahn,S21,S21,2182,Appenzell,Trogen,,,2026-10-03 16:56:00+00:00,2026-10-03 16:56:00+00:00,,True,0.0,2026-10-03 18:40:55.242000+02:00,2026-10-03 18:56:00+02:00,2026-10-03 18:56:00+02:00,2026-10-03,18,Saturday,True,15.0793
20261003_164052,2026-10-03 16:40:55.242000+00:00,St. Gallen,rail,ch:1:sloid:6302,St. Gallen,ch:1:sloid:6302:500:11,2026-10-03,ch:1:sjyid:100007:plan:2185,rail,S-Bahn,S21,S21,2185,Trogen,Appenzell,11,,2026-10-03 16:56:00+00:00,2026-10-03 16:56:00+00:00,,True,0.0,2026-10-03 18:40:55.242000+02:00,2026-10-03 18:56:00+02:00,2026-10-03 18:56:00+02:00,2026-10-03,18,Saturday,True,15.0793
20261003_164052,2026-10-03 16:40:55.242000+00:00,St. Gallen,rail,ch:1:sloid:6302,St. Gallen,ch:1:sloid:6302:4:6,2026-10-03,ch:1:sjyid:100046:11569-001,rail,S-Bahn,S5,S5,11569,Weinfelden,St. Margrethen SG,6,,2026-10-03 16:57:00+00:00,2026-10-03 16:57:30+00:00,,True,0.5,2026-10-03 18:40:55.242000+02:00,2026-10-03 18:57:00+02:00,2026-10-03 18:57:30+02:00,2026-10-03,18,Saturday,True,16.0793
20261003_164052,2026-10-03 16:40:55.242000+00:00,St. Gallen,rail,ch:1:sloid:6302,St. Gallen,ch:1:sloid:6302:3:5,2026-10-03,ch:1:sjyid:100046:11270-001,rail,S-Bahn,S2,S2,11270,Altstätten SG,Nesslau-Neu St. Johann,5,,2026-10-03 16:57:00+00:00,2026-10-03 16:57:12+00:00,,True,0.2,2026-10-03 18:40:55.242000+02:00,2026-10-03 18:57:00+02:00,2026-10-03 18:57:12+02:00,2026-10-03,18,Saturday,True,16.0793
20261003_164052,2026-10-03 16:40:55.242000+00:00,St. Gallen,rail,ch:1:sloid:6302,St. Gallen,ch:1:sloid:6302:2:2,2026-10-03,ch:1:sjyid:100001:536-001,rail,InterCity,IC5,IC5,536,Rorschach,Lausanne,2,,2026-10-03 16:58:00+00:00,2026-10-03 16:58:00+00:00,,True,0.0,2026-10-03 18:40:55.242000+02:00,2026-10-03 18:58:00+02:00,2026-10-03 18:58:00+02:00,2026-10-03,18,Saturday,True,17.0793
20261003_164052,2026-10-03 16:40:55.242000+00:00,St. Gallen,rail,ch:1:sloid:6302,St. Gallen,ch:1:sloid:6302:2:3,2026-10-03,ch:1:sjyid:100061:2034-001,rail,Voralpen-Express,VAE,VAE,2034,St. Gallen,Luzern,3,,2026-10-03 17:05:00+00:00,2026-10-03 17:05:12+00:00,,True,0.2,2026-10-03 18:40:55.242000+02:00,2026-10-03 19:05:00+02:00,2026-10-03 19:05:12+02:00,2026-10-03,19,Saturday,True,24.0793
20261003_164052,2026-10-03 16:40:55.242000+00:00,St. Gallen,rail,ch:1:sloid:6302,St. Gallen,ch:1:sloid:6302:2:2,2026-10-03,ch:1:sjyid:100001:529-001,rail,InterCity,IC5,IC5,529,Lausanne,Rorschach,2,,2026-10-03 17:05:00+00:00,2026-10-03 17:05:30+00:00,,True,0.5,2026-10-03 18:40:55.242000+02:00,2026-10-03 19:05:00+02:00,2026-10-03 19:05:30+02:00,2026-10-03,19,Saturday,True,24.0793
20261003_164052,2026-10-03 16:40:55.242000+00:00,St. Gallen,rail,ch:1:sloid:6302,St. Gallen,ch:1:sloid:6302:1:1,2026-10-03,ch:1:sjyid:100001:10734-021,rail,InterCity,IC,IC,10734,St. Gallen,Biel/Bienne,1,,2026-10-03 17:06:18+00:00,2026-10-03 17:06:18+00:00,,True,0.0,2026-10-03 18:40:55.242000+02:00,2026-10-03 19:06:18+02:00,2026-10-03 19:06:18+02:00,2026-10-03,19,Saturday,True,25.3793
20261003_164052,2026-10-03 16:40:55.242000+00:00,St. Gallen,rail,ch:1:sloid:6302,St. Gallen,ch:1:sloid:6302:1:1,2026-10-03,ch:1:sjyid:100001:10734-021,rail,InterCity,IC,IC,10734,St. Gallen,Biel/Bienne,1,,2026-10-03 17:07:00+00:00,2026-10-03 17:07:42+00:00,,True,0.7,2026-10-03 18:40:55.242000+02:00,2026-10-03 19:07:00+02:00,2026-10-03 19:07:42+02:00,2026-10-03,19,Saturday,True,26.0793
20261003_164052,2026-10-03 16:40:55.242000+00:00,St. Gallen,rail,ch:1:sloid:6302,St. Gallen,ch:1:sloid:6302:3:5,2026-10-03,ch:1:sjyid:100046:11271-001,rail,S-Bahn,S2,S2,11271,Nesslau-Neu St. Johann,Altstätten SG,5,,2026-10-03 17:08:00+00:00,2026-10-03 17:08:12+00:00,,True,0.2,2026-10-03 18:40:55.242000+02:00,2026-10-03 19:08:00+02:00,2026-10-03 19:08:12+02:00,2026-10-03,19,Saturday,True,27.0793
20261003_164052,2026-10-03 16:40:55.242000+00:00,St. Gallen,rail,ch:1:sloid:6302,St. Gallen,ch:1:sloid:6302:4:6,2026-10-03,ch:1:sjyid:100046:11570-001,rail,S-Bahn,S5,S5,11570,St. Margrethen SG,Weinfelden,6,,2026-10-03 17:10:00+00:00,2026-10-03 17:10:12+00:00,,True,0.2,2026-10-03 18:40:55.242000+02:00,2026-10-03 19:10:00+02:00,2026-10-03 19:10:12+02:00,2026-10-03,19,Saturday,True,29.0793
20261003_164052,2026-10-03 16:40:55.242000+00:00,St. Gallen,rail,ch:1:sloid:6302,St. Gallen,ch:1:sloid:6302:3:4,2026-10-03,ch:1:sjyid:100061:12136-001,rail,S-Bahn,S81,S81,12136,St. Gallen,Herisau,4,,2026-10-03 17:14:00+00:00,2026-10-03 17:14:42+00:00,,True,0.7,2026-10-03 18:40:55.242000+02:00,2026-10-03 19:14:00+02:00,2026-10-03 19:14:42+02:00,2026-10-03,19,Saturday,True,33.0793
20261003_164052,2026-10-03 16:40:55.242000+00:00,St. Gallen,rail,ch:1:sloid:6302,St. Gallen,ch:1:sloid:6302:3:5,2026-10-03,ch:1:sjyid:100046:5237-001,rail,RegioExpress,RE1,RE1,5237,Herisau,Konstanz,5,,2026-10-03 17:15:00+00:00,2026-10-03 17:15:48+00:00,,True,0.8,2026-10-03 18:40:55.242000+02:00,2026-10-03 19:15:00+02:00,2026-10-03 19:15:48+02:00,2026-10-03,19,Saturday,True,34.0793
20261003_164052,2026-10-03 16:40:55.242000+00:00,St. Gallen,rail,ch:1:sloid:6302,St. Gallen,ch:1:sloid:6302:1:1,2026-10-03,ch:1:sjyid:100046:11170-001,rail,S-Bahn,S1,S1,11170,Schaffhausen,Wil SG,1,,2026-10-03 17:17:00+00:00,2026-10-03 17:17:12+00:00,,True,0.2,2026-10-03 18:40:55.242000+02:00,2026-10-03 19:17:00+02:00,2026-10-03 19:17:12+02:00,2026-10-03,19,Saturday,True,36.079299999999996
20261003_164052,2026-10-03 16:40:55.242000+00:00,St. Gallen,rail,ch:1:sloid:6302,St. Gallen,ch:1:sloid:6302:2:3,2026-10-03,ch:1:sjyid:100046:11171-001,rail,S-Bahn,S1,S1,11171,Wil SG,Schaffhausen,3,,2026-10-03 17:19:00+00:00,2026-10-03 17:20:42+00:00,,True,1.7,2026-10-03 18:40:55.242000+02:00,2026-10-03 19:19:00+02:00,2026-10-03 19:20:42+02:00,2026-10-03,19,Saturday,True,38.079299999999996
20261003_164052,2026-10-03 16:40:55.242000+00:00,St. Gallen,rail,ch:1:sloid:6302,St. Gallen,ch:1:sloid:6302:2:2,2026-10-03,ch:1:sjyid:100001:3279-001,rail,InterRegio,IR13,IR13,3279,Zürich HB,Sargans,2,,2026-10-03 17:25:00+00:00,2026-10-03 17:25:18+00:00,,True,0.3,2026-10-03 18:40:55.242000+02:00,2026-10-03 19:25:00+02:00,2026-10-03 19:25:18+02:00,2026-10-03,19,Saturday,True,44.079299999999996
20261003_164052,2026-10-03 16:40:55.242000+00:00,St. Gallen,rail,ch:1:sloid:6302,St. Gallen,ch:1:sloid:6302:500:12,2026-10-03,ch:1:sjyid:100007:plan:2186,rail,S-Bahn,S21,S21,2186,Appenzell,Trogen,12,,2026-10-03 17:26:00+00:00,2026-10-03 17:26:00+00:00,,True,0.0,2026-10-03 18:40:55.242000+02:00,2026-10-03 19:26:00+02:00,2026-10-03 19:26:00+02:00,2026-10-03,19,Saturday,True,45.079299999999996
20261003_164052,2026-10-03 16:40:55.242000+00:00,St. Gallen,rail,ch:1:sloid:6302,St. Gallen,ch:1:sloid:6302:500:11,2026-10-03,ch:1:sjyid:100007:plan:2189,rail,S-Bahn,S21,S21,2189,Trogen,Appenzell,11,,2026-10-03 17:26:00+00:00,2026-10-03 17:26:00+00:00,,True,0.0,2026-10-03 18:40:55.242000+02:00,2026-10-03 19:26:00+02:00,2026-10-03 19:26:00+02:00,2026-10-03,19,Saturday,True,45.079299999999996
20261003_164052,2026-10-03 16:40:55.242000+00:00,St. Gallen,rail,ch:1:sloid:6302,St. Gallen,ch:1:sloid:6302:3:5,2026-10-03,ch:1:sjyid:100061:11472-001,rail,S-Bahn,S4,S4,11472,Sargans,Rapperswil SG,5,,2026-10-03 17:27:00+00:00,2026-10-03 17:27:12+00:00,,True,0.2,2026-10-03 18:40:55.242000+02:00,2026-10-03 19:27:00+02:00,2026-10-03 19:27:12+02:00,2026-10-03,19,Saturday,True,46.079299999999996
20261003_164052,2026-10-03 16:40:55.242000+00:00,St. Gallen,rail,ch:1:sloid:6302,St. Gallen,ch:1:sloid:6302:1:1,2026-10-03,ch:1:sjyid:100001:98-002,rail,EuroCity,EC,EC,98,Bregenz,Zürich HB,1,,2026-10-03 17:29:00+00:00,2026-10-03 17:30:36+00:00,,True,1.6,2026-10-03 18:40:55.242000+02:00,2026-10-03 19:29:00+02:00,2026-10-03 19:30:36+02:00,2026-10-03,19,Saturday,True,48.079299999999996
20261003_164052,2026-10-03 16:40:55.242000+00:00,St. Gallen,rail,ch:1:sloid:6302,St. Gallen,ch:1:sloid:6302:1:1,2026-10-03,ch:1:sjyid:100001:3282-001,rail,InterRegio,IR13,IR13,3282,Sargans,Luzern,1,,2026-10-03 17:37:00+00:00,2026-10-03 17:37:30+00:00,,True,0.5,2026-10-03 18:40:55.242000+02:00,2026-10-03 19:37:00+02:00,2026-10-03 19:37:30+02:00,2026-10-03,19,Saturday,True,56.079299999999996
20261003_164052,2026-10-03 16:40:55.242000+00:00,St. Gallen,rail,ch:1:sloid:6302,St. Gallen,ch:1:sloid:6302:3:5,2026-10-03,ch:1:sjyid:100061:11471-001,rail,S-Bahn,S4,S4,11471,Rapperswil SG,Sargans,5,,2026-10-03 17:38:00+00:00,2026-10-03 17:39:06+00:00,,True,1.1,2026-10-03 18:40:55.242000+02:00,2026-10-03 19:38:00+02:00,2026-10-03 19:39:06+02:00,2026-10-03,19,Saturday,True,57.079299999999996
20261003_164052,2026-10-03 16:40:55.242000+00:00,St. Gallen,rail,ch:1:sloid:6302,St. Gallen,ch:1:sloid:6302:4:7,2026-10-03,ch:1:sjyid:100046:11572-001,rail,S-Bahn,S5,S5,11572,St. Gallen,Weinfelden,7,,2026-10-03 17:40:00+00:00,2026-10-03 17:40:12+00:00,,True,0.2,2026-10-03 18:40:55.242000+02:00,2026-10-03 19:40:00+02:00,2026-10-03 19:40:12+02:00,2026-10-03,19,Saturday,True,59.079299999999996
20261003_164052,2026-10-03 16:40:55.242000+00:00,St. Gallen,rail,ch:1:sloid:6302,St. Gallen,ch:1:sloid:6302:3:5,2026-10-03,ch:1:sjyid:100046:5238-001,rail,RegioExpress,RE1,RE1,5238,Kreuzlingen Hafen,Herisau,5,,2026-10-03 17:44:00+00:00,2026-10-03 17:45:12+00:00,,True,1.2,2026-10-03 18:40:55.242000+02:00,2026-10-03 19:44:00+02:00,2026-10-03 19:45:12+02:00,2026-10-03,19,Saturday,True,63.079299999999996
20261003_164052,2026-10-03 16:40:55.242000+00:00,St. Gallen,rail,ch:1:sloid:6302,St. Gallen,ch:1:sloid:6302:1:1,2026-10-03,ch:1:sjyid:100046:11172-001,rail,S-Bahn,S1,S1,11172,Schaffhausen,Wil SG,1,,2026-10-03 17:47:00+00:00,2026-10-03 17:47:12+00:00,,True,0.2,2026-10-03 18:40:55.242000+02:00,2026-10-03 19:47:00+02:00,2026-10-03 19:47:12+02:00,2026-10-03,19,Saturday,True,66.0793
20261003_164052,2026-10-03 16:40:55.842000+00:00,Lausanne,rail,ch:1:sloid:1120,Lausanne,ch:1:sloid:1120:0:668579,2026-10-03,ch:1:sjyid:100001:2533-001,rail,InterRegio,IR15,IR15,2533,Genève-Aéroport,Luzern,1,,2026-10-03 16:40:00+00:00,2026-10-03 16:40:30+00:00,,True,0.5,2026-10-03 18:40:55.842000+02:00,2026-10-03 18:40:00+02:00,2026-10-03 18:40:30+02:00,2026-10-03,18,Saturday,True,-0.9307
20261003_164052,2026-10-03 16:40:55.842000+00:00,Lausanne,rail,ch:1:sloid:1120,Lausanne,ch:1:sloid:1120:0:860143,2026-10-03,ch:1:sjyid:100001:726-001,rail,InterCity,IC1,IC1,726,Zürich HB,Genève-Aéroport,4,,2026-10-03 16:46:00+00:00,2026-10-03 16:46:30+00:00,,True,0.5,2026-10-03 18:40:55.842000+02:00,2026-10-03 18:46:00+02:00,2026-10-03 18:46:30+02:00,2026-10-03,18,Saturday,True,5.0693
20261003_164052,2026-10-03 16:40:55.842000+00:00,Lausanne,rail,ch:1:sloid:1120,Lausanne,ch:1:sloid:1120:0:276884,2026-10-03,ch:1:sjyid:100001:1831-001,rail,InterRegio,IR90,IR90,1831,Genève-Aéroport,Brig,3,,2026-10-03 16:48:00+00:00,2026-10-03 16:48:30+00:00,,True,0.5,2026-10-03 18:40:55.842000+02:00,2026-10-03 18:48:00+02:00,2026-10-03 18:48:30+02:00,2026-10-03,18,Saturday,True,7.0693
20261003_164052,2026-10-03 16:40:55.842000+00:00,Lausanne,rail,ch:1:sloid:1120,Lausanne,ch:1:sloid:1120:0:638488,2026-10-03,ch:1:sjyid:100001:1728-001,rail,InterRegio,IR95,IR95,1728,Brig,Genève-Aéroport,8,,2026-10-03 16:49:00+00:00,2026-10-03 16:49:30+00:00,,True,0.5,2026-10-03 18:40:55.842000+02:00,2026-10-03 18:49:00+02:00,2026-10-03 18:49:30+02:00,2026-10-03,18,Saturday,True,8.0693
20261003_164052,2026-10-03 16:40:55.842000+00:00,Lausanne,rail,ch:1:sloid:1120,Lausanne,ch:1:sloid:1120:0:20298,2026-10-03,ch:1:sjyid:100001:24575-001,rail,S-Bahn,S41,S41,24575,Lausanne,Romont FR,70,,2026-10-03 16:49:00+00:00,2026-10-03 16:49:12+00:00,,True,0.2,2026-10-03 18:40:55.842000+02:00,2026-10-03 18:49:00+02:00,2026-10-03 18:49:12+02:00,2026-10-03,18,Saturday,True,8.0693
20261003_164052,2026-10-03 16:40:55.842000+00:00,Lausanne,rail,ch:1:sloid:1120,Lausanne,ch:1:sloid:1120:0:860143,2026-10-03,ch:1:sjyid:100001:24175-001,rail,Regio,R1,R1,24175,Grandson,Bex,4,,2026-10-03 16:55:00+00:00,2026-10-03 16:55:12+00:00,,True,0.2,2026-10-03 18:40:55.842000+02:00,2026-10-03 18:55:00+02:00,2026-10-03 18:55:12+02:00,2026-10-03,18,Saturday,True,14.0693
20261003_164052,2026-10-03 16:40:55.842000+00:00,Lausanne,rail,ch:1:sloid:1120,Lausanne,ch:1:sloid:1120:0:668579,2026-10-03,ch:1:sjyid:100001:24975-001,rail,Regio,R9,R9,24975,Allaman,Murten/Morat,1,,2026-10-03 16:57:00+00:00,2026-10-03 16:58:00+00:00,,True,1.0,2026-10-03 18:40:55.842000+02:00,2026-10-03 18:57:00+02:00,2026-10-03 18:58:00+02:00,2026-10-03,18,Saturday,True,16.069300000000002
20261003_164052,2026-10-03 16:40:55.842000+00:00,Lausanne,rail,ch:1:sloid:1120,Lausanne,ch:1:sloid:1120:0:840061,2026-10-03,ch:1:sjyid:100001:24364-001,rail,Regio,R3,R3,24364,Vevey,Vallorbe,7,,2026-10-03 16:57:00+00:00,2026-10-03 16:57:12+00:00,,True,0.2,2026-10-03 18:40:55.842000+02:00,2026-10-03 18:57:00+02:00,2026-10-03 18:57:12+02:00,2026-10-03,18,Saturday,True,16.069300000000002
20261003_164052,2026-10-03 16:40:55.842000+00:00,Lausanne,rail,ch:1:sloid:1120,Lausanne,ch:1:sloid:1120:0:638488,2026-10-03,ch:1:sjyid:100001:18432-001,rail,RegioExpress,RE33,RE33,18432,St-Maurice,Annemasse,8,,2026-10-03 17:00:00+00:00,,,False,,2026-10-03 18:40:55.842000+02:00,2026-10-03 19:00:00+02:00,,2026-10-03,19,Saturday,True,19.0693
20261003_164052,2026-10-03 16:40:55.842000+00:00,Lausanne,rail,ch:1:sloid:1120,Lausanne,ch:1:sloid:1120:0:860143,2026-10-03,ch:1:sjyid:100001:18429-001,rail,RegioExpress,RE33,RE33,18429,Annemasse,St-Maurice,4,,2026-10-03 17:01:00+00:00,2026-10-03 17:01:12+00:00,,True,0.2,2026-10-03 18:40:55.842000+02:00,2026-10-03 19:01:00+02:00,2026-10-03 19:01:12+02:00,2026-10-03,19,Saturday,True,20.0693
20261003_164052,2026-10-03 16:40:55.842000+00:00,Lausanne,rail,ch:1:sloid:1120,Lausanne,ch:1:sloid:1120:0:840061,2026-10-03,ch:1:sjyid:100001:24964-001,rail,Regio,R9,R9,24964,Murten/Morat,Allaman,7,,2026-10-03 17:04:00+00:00,2026-10-03 17:04:12+00:00,,True,0.2,2026-10-03 18:40:55.842000+02:00,2026-10-03 19:04:00+02:00,2026-10-03 19:04:12+02:00,2026-10-03,19,Saturday,True,23.0693
20261003_164052,2026-10-03 16:40:55.842000+00:00,Lausanne,rail,ch:1:sloid:1120,Lausanne,ch:1:sloid:1120:0:276884,2026-10-03,ch:1:sjyid:100001:1635-001,rail,InterCity,IC51,IC51,1635,Lausanne,Basel SBB,3,,2026-10-03 17:04:00+00:00,2026-10-03 17:04:30+00:00,,True,0.5,2026-10-03 18:40:55.842000+02:00,2026-10-03 19:04:00+02:00,2026-10-03 19:04:30+02:00,2026-10-03,19,Saturday,True,23.0693
20261003_164052,2026-10-03 16:40:55.842000+00:00,Lausanne,rail,ch:1:sloid:1120,Lausanne,ch:1:sloid:1120:0:668579,2026-10-03,ch:1:sjyid:100001:24375-001,rail,Regio,R3,R3,24375,Vallorbe,Vevey,1,,2026-10-03 17:04:00+00:00,2026-10-03 17:04:18+00:00,,True,0.3,2026-10-03 18:40:55.842000+02:00,2026-10-03 19:04:00+02:00,2026-10-03 19:04:18+02:00,2026-10-03,19,Saturday,True,23.0693
20261003_164052,2026-10-03 16:40:55.842000+00:00,Lausanne,rail,ch:1:sloid:1120,Lausanne,ch:1:sloid:1120:0:42631,2026-10-03,ch:1:sjyid:100001:24164-001,rail,Regio,R1,R1,24164,Bex,Grandson,5,,2026-10-03 17:08:00+00:00,2026-10-03 17:08:12+00:00,,True,0.2,2026-10-03 18:40:55.842000+02:00,2026-10-03 19:08:00+02:00,2026-10-03 19:08:12+02:00,2026-10-03,19,Saturday,True,27.0693
20261003_164052,2026-10-03 16:40:55.842000+00:00,Lausanne,rail,ch:1:sloid:1120,Lausanne,ch:1:sloid:1120:0:276884,2026-10-03,ch:1:sjyid:100001:1733-001,rail,InterRegio,IR95,IR95,1733,Genève-Aéroport,Brig,3,,2026-10-03 17:14:00+00:00,2026-10-03 17:18:06+00:00,,True,4.1,2026-10-03 18:40:55.842000+02:00,2026-10-03 19:14:00+02:00,2026-10-03 19:18:06+02:00,2026-10-03,19,Saturday,True,33.0693
20261003_164052,2026-10-03 16:40:55.842000+00:00,Lausanne,rail,ch:1:sloid:1120,Lausanne,ch:1:sloid:1120:0:638488,2026-10-03,ch:1:sjyid:100001:1830-001,rail,InterRegio,IR90,IR90,1830,Brig,Genève-Aéroport,8,,2026-10-03 17:16:00+00:00,2026-10-03 17:16:30+00:00,,True,0.5,2026-10-03 18:40:55.842000+02:00,2026-10-03 19:16:00+02:00,2026-10-03 19:16:30+02:00,2026-10-03,19,Saturday,True,35.0693
20261003_164052,2026-10-03 16:40:55.842000+00:00,Lausanne,rail,ch:1:sloid:1120,Lausanne,ch:1:sloid:1120:0:668579,2026-10-03,ch:1:sjyid:100001:733-001,rail,InterCity,IC1,IC1,733,Genève-Aéroport,Zürich HB,1,,2026-10-03 17:16:00+00:00,2026-10-03 17:16:30+00:00,,True,0.5,2026-10-03 18:40:55.842000+02:00,2026-10-03 19:16:00+02:00,2026-10-03 19:16:30+02:00,2026-10-03,19,Saturday,True,35.0693
20261003_164052,2026-10-03 16:40:55.842000+00:00,Lausanne,rail,ch:1:sloid:1120,Lausanne,ch:1:sloid:1120:0:20298,2026-10-03,ch:1:sjyid:100001:24677-001,rail,S-Bahn,S40,S40,24677,Lausanne,Romont FR,70,,2026-10-03 17:21:00+00:00,2026-10-03 17:21:12+00:00,,True,0.2,2026-10-03 18:40:55.842000+02:00,2026-10-03 19:21:00+02:00,2026-10-03 19:21:12+02:00,2026-10-03,19,Saturday,True,40.0693
20261003_164052,2026-10-03 16:40:55.842000+00:00,Lausanne,rail,ch:1:sloid:1120,Lausanne,ch:1:sloid:1120:0:42631,2026-10-03,ch:1:sjyid:100001:2530-001,rail,InterRegio,IR15,IR15,2530,Luzern,Genève-Aéroport,5,,2026-10-03 17:23:00+00:00,2026-10-03 17:23:30+00:00,,True,0.5,2026-10-03 18:40:55.842000+02:00,2026-10-03 19:23:00+02:00,2026-10-03 19:23:30+02:00,2026-10-03,19,Saturday,True,42.0693
20261003_164052,2026-10-03 16:40:55.842000+00:00,Lausanne,rail,ch:1:sloid:1120,Lausanne,ch:1:sloid:1120:0:668579,2026-10-03,ch:1:sjyid:100001:24277-001,rail,Regio,R2,R2,24277,Grandson,Bex,1,,2026-10-03 17:24:00+00:00,2026-10-03 17:24:30+00:00,,True,0.5,2026-10-03 18:40:55.842000+02:00,2026-10-03 19:24:00+02:00,2026-10-03 19:24:30+02:00,2026-10-03,19,Saturday,True,43.0693
20261003_164052,2026-10-03 16:40:55.842000+00:00,Lausanne,rail,ch:1:sloid:1120,Lausanne,ch:1:sloid:1120:0:638488,2026-10-03,ch:1:sjyid:100001:24466-001,rail,Regio,R4,R4,24466,Vevey,Le Brassus,8,,2026-10-03 17:27:00+00:00,2026-10-03 17:27:12+00:00,,True,0.2,2026-10-03 18:40:55.842000+02:00,2026-10-03 19:27:00+02:00,2026-10-03 19:27:12+02:00,2026-10-03,19,Saturday,True,46.0693
20261003_164052,2026-10-03 16:40:55.842000+00:00,Lausanne,rail,ch:1:sloid:1120,Lausanne,ch:1:sloid:1120:0:860143,2026-10-03,ch:1:sjyid:100001:24877-001,rail,Regio,R8,R8,24877,Allaman,Payerne,4,,2026-10-03 17:28:00+00:00,2026-10-03 17:28:12+00:00,,True,0.2,2026-10-03 18:40:55.842000+02:00,2026-10-03 19:28:00+02:00,2026-10-03 19:28:12+02:00,2026-10-03,19,Saturday,True,47.0693
20261003_164052,2026-10-03 16:40:55.842000+00:00,Lausanne,rail,ch:1:sloid:1120,Lausanne,ch:1:sloid:1120:0:840061,2026-10-03,ch:1:sjyid:100001:18478-001,rail,RegioExpress,RE33,RE33,18478,Martigny,Annemasse,7,,2026-10-03 17:30:00+00:00,,,False,,2026-10-03 18:40:55.842000+02:00,2026-10-03 19:30:00+02:00,,2026-10-03,19,Saturday,True,49.0693
20261003_164052,2026-10-03 16:40:55.842000+00:00,Lausanne,rail,ch:1:sloid:1120,Lausanne,ch:1:sloid:1120:0:668579,2026-10-03,ch:1:sjyid:100001:18483-002,rail,RegioExpress,RE33,RE33,18483,Genève-Aéroport,Martigny,1,,2026-10-03 17:31:00+00:00,2026-10-03 17:31:54+00:00,,True,0.9,2026-10-03 18:40:55.842000+02:00,2026-10-03 19:31:00+02:00,2026-10-03 19:31:54+02:00,2026-10-03,19,Saturday,True,50.0693
20261003_164052,2026-10-03 16:40:55.842000+00:00,Lausanne,rail,ch:1:sloid:1120,Lausanne,ch:1:sloid:1120:0:276884,2026-10-03,ch:1:sjyid:100001:537-001,rail,InterCity,IC5,IC5,537,Lausanne,Zürich HB,3,,2026-10-03 17:34:00+00:00,2026-10-03 17:34:00+00:00,,True,0.0,2026-10-03 18:40:55.842000+02:00,2026-10-03 19:34:00+02:00,2026-10-03 19:34:00+02:00,2026-10-03,19,Saturday,True,53.0693
20261003_164052,2026-10-03 16:40:55.842000+00:00,Lausanne,rail,ch:1:sloid:1120,Lausanne,ch:1:sloid:1120:0:42631,2026-10-03,ch:1:sjyid:100001:24866-001,rail,Regio,R8,R8,24866,Payerne,Allaman,5,,2026-10-03 17:34:00+00:00,2026-10-03 17:34:12+00:00,,True,0.2,2026-10-03 18:40:55.842000+02:00,2026-10-03 19:34:00+02:00,2026-10-03 19:34:12+02:00,2026-10-03,19,Saturday,True,53.0693
20261003_164052,2026-10-03 16:40:55.842000+00:00,Lausanne,rail,ch:1:sloid:1120,Lausanne,ch:1:sloid:1120:0:860143,2026-10-03,ch:1:sjyid:100001:24477-001,rail,Regio,R4,R4,24477,Le Day,Vevey,4,,2026-10-03 17:34:00+00:00,2026-10-03 17:34:18+00:00,,True,0.3,2026-10-03 18:40:55.842000+02:00,2026-10-03 19:34:00+02:00,2026-10-03 19:34:18+02:00,2026-10-03,19,Saturday,True,53.0693
20261003_164052,2026-10-03 16:40:55.842000+00:00,Lausanne,rail,ch:1:sloid:1120,Lausanne,ch:1:sloid:1120:0:638488,2026-10-03,ch:1:sjyid:100001:24266-001,rail,Regio,R2,R2,24266,Bex,Grandson,8,,2026-10-03 17:38:00+00:00,2026-10-03 17:38:12+00:00,,True,0.2,2026-10-03 18:40:55.842000+02:00,2026-10-03 19:38:00+02:00,2026-10-03 19:38:12+02:00,2026-10-03,19,Saturday,True,57.0693
20261003_164052,2026-10-03 16:40:55.842000+00:00,Lausanne,rail,ch:1:sloid:1120,Lausanne,ch:1:sloid:1120:0:668579,2026-10-03,ch:1:sjyid:100001:2535-001,rail,InterRegio,IR15,IR15,2535,Genève-Aéroport,Luzern,1,,2026-10-03 17:40:00+00:00,2026-10-03 17:40:30+00:00,,True,0.5,2026-10-03 18:40:55.842000+02:00,2026-10-03 19:40:00+02:00,2026-10-03 19:40:30+02:00,2026-10-03,19,Saturday,True,59.0693
20261003_164052,2026-10-03 16:40:55.842000+00:00,Lausanne,rail,ch:1:sloid:1120,Lausanne,ch:1:sloid:1120:0:860143,2026-10-03,ch:1:sjyid:100001:906-001,rail,InterCity,IC,IC,906,Zürich HB,Genève-Aéroport,4,,2026-10-03 17:46:00+00:00,2026-10-03 17:46:30+00:00,,True,0.5,2026-10-03 18:40:55.842000+02:00,2026-10-03 19:46:00+02:00,2026-10-03 19:46:30+02:00,2026-10-03,19,Saturday,True,65.0693
20261003_164052,2026-10-03 16:40:56.461000+00:00,Genève,rail,ch:1:sloid:1008,Genève,ch:1:sloid:1008:1:1,2026-10-03,ch:1:sjyid:100001:23267-001,rail,Regio,RL4,RL4,23267,Annemasse,Coppet,1,,2026-10-03 16:45:00+00:00,2026-10-03 16:45:12+00:00,,True,0.2,2026-10-03 18:40:56.461000+02:00,2026-10-03 18:45:00+02:00,2026-10-03 18:45:12+02:00,2026-10-03,18,Saturday,True,4.058983333333333
20261003_164052,2026-10-03 16:40:56.461000+00:00,Genève,rail,ch:1:sloid:1008,Genève,ch:1:sloid:1008:2:2,2026-10-03,ch:1:sjyid:100001:23436-001,rail,Regio,RL2,RL2,23436,Coppet,Annecy,2,,2026-10-03 16:46:00+00:00,2026-10-03 16:46:42+00:00,,True,0.7,2026-10-03 18:40:56.461000+02:00,2026-10-03 18:46:00+02:00,2026-10-03 18:46:42+02:00,2026-10-03,18,Saturday,True,5.058983333333333
20261003_164052,2026-10-03 16:40:56.461000+00:00,Genève,rail,ch:1:sloid:1008,Genève,ch:1:sloid:1008:3:5,2026-10-03,ch:1:sjyid:100001:23068-001,rail,Regio,RL5,RL5,23068,Genève,La Plaine,10,,2026-10-03 16:48:00+00:00,2026-10-03 16:48:12+00:00,,True,0.2,2026-10-03 18:40:56.461000+02:00,2026-10-03 18:48:00+02:00,2026-10-03 18:48:12+02:00,2026-10-03,18,Saturday,True,7.058983333333333
20261003_164052,2026-10-03 16:40:56.461000+00:00,Genève,rail,ch:1:sloid:1008,Genève,ch:1:sloid:1008:2:3,2026-10-03,ch:1:sjyid:100001:1676-002,rail,InterRegio,IR57,IR57,1676,Neuchâtel,Genève-Aéroport,3,,2026-10-03 16:48:00+00:00,2026-10-03 16:49:06+00:00,,True,1.1,2026-10-03 18:40:56.461000+02:00,2026-10-03 18:48:00+02:00,2026-10-03 18:49:06+02:00,2026-10-03,18,Saturday,True,7.058983333333333
20261003_164052,2026-10-03 16:40:56.461000+00:00,Genève,rail,ch:1:sloid:1008,Genève,ch:1:sloid:1008:2:2,2026-10-03,ch:1:sjyid:100001:18430-003,rail,RegioExpress,RE33,RE33,18430,St-Maurice,Annemasse,2,,2026-10-03 16:53:00+00:00,,,False,,2026-10-03 18:40:56.461000+02:00,2026-10-03 18:53:00+02:00,,2026-10-03,18,Saturday,True,12.058983333333334
20261003_164052,2026-10-03 16:40:56.461000+00:00,Genève,rail,ch:1:sloid:1008,Genève,ch:1:sloid:1008:3:4,2026-10-03,ch:1:sjyid:100001:2535-001,rail,InterRegio,IR15,IR15,2535,Genève-Aéroport,Luzern,4,,2026-10-03 16:54:00+00:00,2026-10-03 16:54:30+00:00,,True,0.5,2026-10-03 18:40:56.461000+02:00,2026-10-03 18:54:00+02:00,2026-10-03 18:54:30+02:00,2026-10-03,18,Saturday,True,13.058983333333334
20261003_164052,2026-10-03 16:40:56.461000+00:00,Genève,rail,ch:1:sloid:1008,Genève,ch:1:sloid:1008:2:3,2026-10-03,ch:1:sjyid:100001:1828-001,rail,InterRegio,IR90,IR90,1828,Brig,Genève-Aéroport,3,,2026-10-03 16:58:00+00:00,2026-10-03 16:58:30+00:00,,True,0.5,2026-10-03 18:40:56.461000+02:00,2026-10-03 18:58:00+02:00,2026-10-03 18:58:30+02:00,2026-10-03,18,Saturday,True,17.058983333333334
20261003_164052,2026-10-03 16:40:56.461000+00:00,Genève,rail,ch:1:sloid:1008,Genève,ch:1:sloid:1008:1:1,2026-10-03,ch:1:sjyid:100001:23385-001,rail,Regio,RL1,RL1,23385,Annemasse,Coppet,1,,2026-10-03 17:00:00+00:00,2026-10-03 17:00:12+00:00,,True,0.2,2026-10-03 18:40:56.461000+02:00,2026-10-03 19:00:00+02:00,2026-10-03 19:00:12+02:00,2026-10-03,19,Saturday,True,19.058983333333334
20261003_164052,2026-10-03 16:40:56.461000+00:00,Genève,rail,ch:1:sloid:1008,Genève,ch:1:sloid:1008:2:2,2026-10-03,ch:1:sjyid:100001:23170-001,rail,Regio,RL4,RL4,23170,Coppet,Annemasse,2,,2026-10-03 17:01:00+00:00,2026-10-03 17:01:42+00:00,,True,0.7,2026-10-03 18:40:56.461000+02:00,2026-10-03 19:01:00+02:00,2026-10-03 19:01:42+02:00,2026-10-03,19,Saturday,True,20.058983333333334
20261003_164052,2026-10-03 16:40:56.461000+00:00,Genève,rail,ch:1:sloid:1008,Genève,ch:1:sloid:1008:3:4,2026-10-03,ch:1:sjyid:100001:1833-001,rail,InterRegio,IR90,IR90,1833,Genève-Aéroport,Brig,4,,2026-10-03 17:05:00+00:00,2026-10-03 17:05:30+00:00,,True,0.5,2026-10-03 18:40:56.461000+02:00,2026-10-03 19:05:00+02:00,2026-10-03 19:05:30+02:00,2026-10-03,19,Saturday,True,24.058983333333334
20261003_164052,2026-10-03 16:40:56.461000+00:00,Genève,rail,ch:1:sloid:1008,Genève,ch:1:sloid:1008:3:6,2026-10-03,ch:1:sjyid:100001:18431-001,rail,RegioExpress,RE33,RE33,18431,Annemasse,St-Maurice,5,,2026-10-03 17:08:00+00:00,2026-10-03 17:08:12+00:00,,True,0.2,2026-10-03 18:40:56.461000+02:00,2026-10-03 19:08:00+02:00,2026-10-03 19:08:12+02:00,2026-10-03,19,Saturday,True,27.058983333333334
20261003_164052,2026-10-03 16:40:56.461000+00:00,Genève,rail,ch:1:sloid:1008,Genève,ch:1:sloid:1008:2:3,2026-10-03,ch:1:sjyid:100001:2528-001,rail,InterRegio,IR15,IR15,2528,Luzern,Genève-Aéroport,3,,2026-10-03 17:08:00+00:00,2026-10-03 17:08:30+00:00,,True,0.5,2026-10-03 18:40:56.461000+02:00,2026-10-03 19:08:00+02:00,2026-10-03 19:08:30+02:00,2026-10-03,19,Saturday,True,27.058983333333334
20261003_164052,2026-10-03 16:40:56.461000+00:00,Genève,rail,ch:1:sloid:1008,Genève,ch:1:sloid:1008:3:4,2026-10-03,ch:1:sjyid:100001:1677-001,rail,InterRegio,IR57,IR57,1677,Genève-Aéroport,Neuchâtel,4,,2026-10-03 17:15:00+00:00,2026-10-03 17:16:12+00:00,,True,1.2,2026-10-03 18:40:56.461000+02:00,2026-10-03 19:15:00+02:00,2026-10-03 19:16:12+02:00,2026-10-03,19,Saturday,True,34.05898333333333
20261003_164052,2026-10-03 16:40:56.461000+00:00,Genève,rail,ch:1:sloid:1008,Genève,ch:1:sloid:1008:1:1,2026-10-03,ch:1:sjyid:100001:23435-001,rail,Regio,RL2,RL2,23435,Annemasse,Coppet,1,,2026-10-03 17:15:00+00:00,2026-10-03 17:15:12+00:00,,True,0.2,2026-10-03 18:40:56.461000+02:00,2026-10-03 19:15:00+02:00,2026-10-03 19:15:12+02:00,2026-10-03,19,Saturday,True,34.05898333333333
20261003_164052,2026-10-03 16:40:56.461000+00:00,Genève,rail,ch:1:sloid:1008,Genève,ch:1:sloid:1008:2:2,2026-10-03,ch:1:sjyid:100001:23270-001,rail,Regio,RL4,RL4,23270,Coppet,Annemasse,2,,2026-10-03 17:16:00+00:00,2026-10-03 17:16:42+00:00,,True,0.7,2026-10-03 18:40:56.461000+02:00,2026-10-03 19:16:00+02:00,2026-10-03 19:16:42+02:00,2026-10-03,19,Saturday,True,35.05898333333334
20261003_164052,2026-10-03 16:40:56.461000+00:00,Genève,rail,ch:1:sloid:1008,Genève,ch:1:sloid:1008:3:5,2026-10-03,ch:1:sjyid:100001:23070-002,rail,Regio,RL5,RL5,23070,Genève,La Plaine,10,,2026-10-03 17:18:00+00:00,2026-10-03 17:18:12+00:00,,True,0.2,2026-10-03 18:40:56.461000+02:00,2026-10-03 19:18:00+02:00,2026-10-03 19:18:12+02:00,2026-10-03,19,Saturday,True,37.05898333333334
20261003_164052,2026-10-03 16:40:56.461000+00:00,Genève,rail,ch:1:sloid:1008,Genève,ch:1:sloid:1008:2:2,2026-10-03,ch:1:sjyid:100001:18476-002,rail,RegioExpress,RE33,RE33,18476,Martigny,Genève-Aéroport,2,,2026-10-03 17:23:00+00:00,2026-10-03 17:23:12+00:00,,True,0.2,2026-10-03 18:40:56.461000+02:00,2026-10-03 19:23:00+02:00,2026-10-03 19:23:12+02:00,2026-10-03,19,Saturday,True,42.05898333333334
20261003_164052,2026-10-03 16:40:56.461000+00:00,Genève,rail,ch:1:sloid:1008,Genève,ch:1:sloid:1008:3:4,2026-10-03,ch:1:sjyid:100001:1735-001,rail,InterRegio,IR95,IR95,1735,Genève-Aéroport,Brig,4,,2026-10-03 17:24:00+00:00,2026-10-03 17:24:42+00:00,,True,0.7,2026-10-03 18:40:56.461000+02:00,2026-10-03 19:24:00+02:00,2026-10-03 19:24:42+02:00,2026-10-03,19,Saturday,True,43.05898333333334
20261003_164052,2026-10-03 16:40:56.461000+00:00,Genève,rail,ch:1:sloid:1008,Genève,ch:1:sloid:1008:4:8,2026-10-03,ch:1:sjyid:100001:96578-002,rail,Train Express Regional,TER,TER,96578,Genève,Lyon Part Dieu,7,,2026-10-03 17:24:00+00:00,2026-10-03 17:24:30+00:00,,True,0.5,2026-10-03 18:40:56.461000+02:00,2026-10-03 19:24:00+02:00,2026-10-03 19:24:30+02:00,2026-10-03,19,Saturday,True,43.05898333333334
20261003_164052,2026-10-03 16:40:56.461000+00:00,Genève,rail,ch:1:sloid:1008,Genève,ch:1:sloid:1008:2:3,2026-10-03,ch:1:sjyid:100001:726-001,rail,InterCity,IC1,IC1,726,Zürich HB,Genève-Aéroport,3,,2026-10-03 17:28:00+00:00,2026-10-03 17:29:12+00:00,,True,1.2,2026-10-03 18:40:56.461000+02:00,2026-10-03 19:28:00+02:00,2026-10-03 19:29:12+02:00,2026-10-03,19,Saturday,True,47.05898333333334
20261003_164052,2026-10-03 16:40:56.461000+00:00,Genève,rail,ch:1:sloid:1008,Genève,ch:1:sloid:1008:1:1,2026-10-03,ch:1:sjyid:100001:23489-001,rail,Regio,RL3,RL3,23489,Annemasse,Coppet,1,,2026-10-03 17:30:00+00:00,2026-10-03 17:30:12+00:00,,True,0.2,2026-10-03 18:40:56.461000+02:00,2026-10-03 19:30:00+02:00,2026-10-03 19:30:12+02:00,2026-10-03,19,Saturday,True,49.05898333333334
20261003_164052,2026-10-03 16:40:56.461000+00:00,Genève,rail,ch:1:sloid:1008,Genève,ch:1:sloid:1008:2:2,2026-10-03,ch:1:sjyid:100001:23324-001,rail,Regio,RL1,RL1,23324,Coppet,Evian-les-Bains,2,,2026-10-03 17:31:00+00:00,2026-10-03 17:31:42+00:00,,True,0.7,2026-10-03 18:40:56.461000+02:00,2026-10-03 19:31:00+02:00,2026-10-03 19:31:42+02:00,2026-10-03,19,Saturday,True,50.05898333333334
20261003_164052,2026-10-03 16:40:56.461000+00:00,Genève,rail,ch:1:sloid:1008,Genève,ch:1:sloid:1008:3:4,2026-10-03,ch:1:sjyid:100001:735-001,rail,InterCity,IC1,IC1,735,Genève-Aéroport,Zürich HB,4,,2026-10-03 17:35:00+00:00,2026-10-03 17:35:30+00:00,,True,0.5,2026-10-03 18:40:56.461000+02:00,2026-10-03 19:35:00+02:00,2026-10-03 19:35:30+02:00,2026-10-03,19,Saturday,True,54.05898333333334
20261003_164052,2026-10-03 16:40:56.461000+00:00,Genève,rail,ch:1:sloid:1008,Genève,ch:1:sloid:1008:2:2,2026-10-03,ch:1:sjyid:100001:1728-001,rail,InterRegio,IR95,IR95,1728,Brig,Genève-Aéroport,2,,2026-10-03 17:38:00+00:00,2026-10-03 17:38:30+00:00,,True,0.5,2026-10-03 18:40:56.461000+02:00,2026-10-03 19:38:00+02:00,2026-10-03 19:38:30+02:00,2026-10-03,19,Saturday,True,57.05898333333334
20261003_164052,2026-10-03 16:40:56.461000+00:00,Genève,rail,ch:1:sloid:1008,Genève,ch:1:sloid:1008:2:3,2026-10-03,ch:1:sjyid:100001:18485-002,rail,RegioExpress,RE33,RE33,18485,Genève-Aéroport,Martigny,3,,2026-10-03 17:39:00+00:00,2026-10-03 17:39:24+00:00,,True,0.4,2026-10-03 18:40:56.461000+02:00,2026-10-03 19:39:00+02:00,2026-10-03 19:39:24+02:00,2026-10-03,19,Saturday,True,58.05898333333334
20261003_164052,2026-10-03 16:40:56.461000+00:00,Genève,rail,ch:1:sloid:1008,Genève,ch:1:sloid:1008:1:1,2026-10-03,ch:1:sjyid:100001:23271-001,rail,Regio,RL4,RL4,23271,Annemasse,Coppet,1,,2026-10-03 17:45:00+00:00,2026-10-03 17:45:12+00:00,,True,0.2,2026-10-03 18:40:56.461000+02:00,2026-10-03 19:45:00+02:00,2026-10-03 19:45:12+02:00,2026-10-03,19,Saturday,True,64.05898333333333
20261003_164052,2026-10-03 16:40:56.461000+00:00,Genève,rail,ch:1:sloid:1008,Genève,ch:1:sloid:1008:2:2,2026-10-03,ch:1:sjyid:100001:23438-001,rail,Regio,RL2,RL2,23438,Coppet,Annecy,2,,2026-10-03 17:46:00+00:00,2026-10-03 17:46:42+00:00,,True,0.7,2026-10-03 18:40:56.461000+02:00,2026-10-03 19:46:00+02:00,2026-10-03 19:46:42+02:00,2026-10-03,19,Saturday,True,65.05898333333333
20261003_164052,2026-10-03 16:40:56.461000+00:00,Genève,rail,ch:1:sloid:1008,Genève,ch:1:sloid:1008:3:5,2026-10-03,ch:1:sjyid:100001:23072-002,rail,Regio,RL5,RL5,23072,Genève,La Plaine,10,,2026-10-03 17:48:00+00:00,2026-10-03 17:48:12+00:00,,True,0.2,2026-10-03 18:40:56.461000+02:00,2026-10-03 19:48:00+02:00,2026-10-03 19:48:12+02:00,2026-10-03,19,Saturday,True,67.05898333333333
20261003_164052,2026-10-03 16:40:56.461000+00:00,Genève,rail,ch:1:sloid:1008,Genève,ch:1:sloid:1008:2:2,2026-10-03,ch:1:sjyid:100001:18432-001,rail,RegioExpress,RE33,RE33,18432,St-Maurice,Annemasse,2,,2026-10-03 17:53:00+00:00,,,False,,2026-10-03 18:40:56.461000+02:00,2026-10-03 19:53:00+02:00,,2026-10-03,19,Saturday,True,72.05898333333333
20261003_164052,2026-10-03 16:40:56.461000+00:00,Genève,rail,ch:1:sloid:1008,Genève,ch:1:sloid:1008:3:4,2026-10-03,ch:1:sjyid:100001:2537-001,rail,InterRegio,IR15,IR15,2537,Genève-Aéroport,Luzern,4,,2026-10-03 17:54:00+00:00,2026-10-03 17:54:30+00:00,,True,0.5,2026-10-03 18:40:56.461000+02:00,2026-10-03 19:54:00+02:00,2026-10-03 19:54:30+02:00,2026-10-03,19,Saturday,True,73.05898333333333
20261003_164052,2026-10-03 16:40:57.049000+00:00,Lugano,rail,ch:1:sloid:5300,Lugano,ch:1:sloid:5300:2:2,2026-10-03,ch:1:sjyid:100001:25933-001,rail,S-Bahn,S90,S90,25933,Giubiasco,Mendrisio,2,,2026-10-03 16:52:00+00:00,2026-10-03 16:52:12+00:00,,True,0.2,2026-10-03 18:40:57.049000+02:00,2026-10-03 18:52:00+02:00,2026-10-03 18:52:12+02:00,2026-10-03,18,Saturday,True,11.049183333333334
20261003_164052,2026-10-03 16:40:57.049000+00:00,Lugano,rail,ch:1:sloid:5300,Lugano,ch:1:sloid:5300:3:4,2026-10-03,ch:1:sjyid:100001:25780-001,rail,S-Bahn,S10,S10,25780,Mendrisio,Biasca,4,,2026-10-03 16:55:00+00:00,2026-10-03 16:55:36+00:00,,True,0.6,2026-10-03 18:40:57.049000+02:00,2026-10-03 18:55:00+02:00,2026-10-03 18:55:36+02:00,2026-10-03,18,Saturday,True,14.049183333333334
20261003_164052,2026-10-03 16:40:57.049000+00:00,Lugano,rail,ch:1:sloid:5300,Lugano,ch:1:sloid:5300:2:3,2026-10-03,ch:1:sjyid:100001:890-001,rail,InterCity,IC2,IC2,890,Lugano,Zürich HB,3,,2026-10-03 17:02:00+00:00,2026-10-03 17:03:00+00:00,,True,1.0,2026-10-03 18:40:57.049000+02:00,2026-10-03 19:02:00+02:00,2026-10-03 19:03:00+02:00,2026-10-03,19,Saturday,True,21.049183333333335
20261003_164052,2026-10-03 16:40:57.049000+00:00,Lugano,rail,ch:1:sloid:5300,Lugano,ch:1:sloid:5300:1:1,2026-10-03,ch:1:sjyid:100001:25533-001,rail,RegioExpress,RE80,RE80,25533,Locarno,Milano Centrale,1,,2026-10-03 17:02:00+00:00,,,False,,2026-10-03 18:40:57.049000+02:00,2026-10-03 19:02:00+02:00,,2026-10-03,19,Saturday,True,21.049183333333335
20261003_164052,2026-10-03 16:40:57.049000+00:00,Lugano,rail,ch:1:sloid:5300,Lugano,ch:1:sloid:5300:3:4,2026-10-03,ch:1:sjyid:100001:25528-001,rail,RegioExpress,RE80,RE80,25528,Milano Centrale,Locarno,4,,2026-10-03 17:05:00+00:00,2026-10-03 17:05:12+00:00,,True,0.2,2026-10-03 18:40:57.049000+02:00,2026-10-03 19:05:00+02:00,2026-10-03 19:05:12+02:00,2026-10-03,19,Saturday,True,24.049183333333335
20261003_164052,2026-10-03 16:40:57.049000+00:00,Lugano,rail,ch:1:sloid:5300,Lugano,ch:1:sloid:5300:1:1,2026-10-03,ch:1:sjyid:100001:25783-001,rail,S-Bahn,S10,S10,25783,Biasca,Como S. Giovanni/Malpensa Aeroporto T2,1,,2026-10-03 17:06:00+00:00,2026-10-03 17:06:12+00:00,,True,0.2,2026-10-03 18:40:57.049000+02:00,2026-10-03 19:06:00+02:00,2026-10-03 19:06:12+02:00,2026-10-03,19,Saturday,True,25.049183333333335
20261003_164052,2026-10-03 16:40:57.049000+00:00,Lugano,rail,ch:1:sloid:5300,Lugano,ch:1:sloid:5300:2:3,2026-10-03,ch:1:sjyid:100001:25934-001,rail,S-Bahn,S90,S90,25934,Mendrisio,Giubiasco,3,,2026-10-03 17:08:00+00:00,2026-10-03 17:08:12+00:00,,True,0.2,2026-10-03 18:40:57.049000+02:00,2026-10-03 19:08:00+02:00,2026-10-03 19:08:12+02:00,2026-10-03,19,Saturday,True,27.049183333333335
20261003_164052,2026-10-03 16:40:57.049000+00:00,Lugano,rail,ch:1:sloid:5300,Lugano,ch:1:sloid:5300:3:4,2026-10-03,ch:1:sjyid:100001:25134-001,rail,S-Bahn,S10,S10,25134,Como Camerlata,Biasca,4,,2026-10-03 17:25:00+00:00,2026-10-03 17:25:24+00:00,,True,0.4,2026-10-03 18:40:57.049000+02:00,2026-10-03 19:25:00+02:00,2026-10-03 19:25:24+02:00,2026-10-03,19,Saturday,True,44.04918333333333
20261003_164052,2026-10-03 16:40:57.049000+00:00,Lugano,rail,ch:1:sloid:5300,Lugano,ch:1:sloid:5300:2:2,2026-10-03,ch:1:sjyid:100001:25835-001,rail,RegioExpress,RE80,RE80,25835,Locarno,Chiasso,2,,2026-10-03 17:25:00+00:00,2026-10-03 17:25:12+00:00,,True,0.2,2026-10-03 18:40:57.049000+02:00,2026-10-03 19:25:00+02:00,2026-10-03 19:25:12+02:00,2026-10-03,19,Saturday,True,44.04918333333333
20261003_164052,2026-10-03 16:40:57.049000+00:00,Lugano,rail,ch:1:sloid:5300,Lugano,ch:1:sloid:5300:2:3,2026-10-03,ch:1:sjyid:100001:306-002,rail,EuroCity,EC,EC,306,Como S. Giovanni,Zürich HB,3,,2026-10-03 17:30:00+00:00,2026-10-03 17:31:00+00:00,,True,1.0,2026-10-03 18:40:57.049000+02:00,2026-10-03 19:30:00+02:00,2026-10-03 19:31:00+02:00,2026-10-03,19,Saturday,True,49.04918333333333
20261003_164052,2026-10-03 16:40:57.049000+00:00,Lugano,rail,ch:1:sloid:5300,Lugano,ch:1:sloid:5300:2:2,2026-10-03,ch:1:sjyid:100001:25-003,rail,EuroCity,EC,EC,25,Zürich HB,Milano Centrale,2,,2026-10-03 17:30:00+00:00,,,False,,2026-10-03 18:40:57.049000+02:00,2026-10-03 19:30:00+02:00,,2026-10-03,19,Saturday,True,49.04918333333333
20261003_164052,2026-10-03 16:40:57.049000+00:00,Lugano,rail,ch:1:sloid:5300,Lugano,ch:1:sloid:5300:3:4,2026-10-03,ch:1:sjyid:100001:25830-001,rail,RegioExpress,RE80,RE80,25830,Chiasso,Locarno,4,,2026-10-03 17:35:00+00:00,2026-10-03 17:35:48+00:00,,True,0.8,2026-10-03 18:40:57.049000+02:00,2026-10-03 19:35:00+02:00,2026-10-03 19:35:48+02:00,2026-10-03,19,Saturday,True,54.04918333333333
20261003_164052,2026-10-03 16:40:57.049000+00:00,Lugano,rail,ch:1:sloid:5300,Lugano,ch:1:sloid:5300:2:2,2026-10-03,ch:1:sjyid:100001:25135-001,rail,S-Bahn,S10,S10,25135,Biasca,Como Camerlata,2,,2026-10-03 17:36:00+00:00,,,False,,2026-10-03 18:40:57.049000+02:00,2026-10-03 19:36:00+02:00,,2026-10-03,19,Saturday,True,55.04918333333333
20261003_164052,2026-10-03 16:40:57.049000+00:00,Lugano,rail,ch:1:sloid:5300,Lugano,ch:1:sloid:5300:1:1,2026-10-03,ch:1:sjyid:100001:25982-001,rail,S-Bahn,S90,S90,25982,Lugano,Giubiasco,1,,2026-10-03 17:38:00+00:00,2026-10-03 17:38:12+00:00,,True,0.2,2026-10-03 18:40:57.049000+02:00,2026-10-03 19:38:00+02:00,2026-10-03 19:38:12+02:00,2026-10-03,19,Saturday,True,57.04918333333333
20261003_164052,2026-10-03 16:40:57.049000+00:00,Lugano,rail,ch:1:sloid:5300,Lugano,ch:1:sloid:5300:2:2,2026-10-03,ch:1:sjyid:100001:25935-001,rail,S-Bahn,S90,S90,25935,Giubiasco,Mendrisio,2,,2026-10-03 17:52:00+00:00,2026-10-03 17:52:12+00:00,,True,0.2,2026-10-03 18:40:57.049000+02:00,2026-10-03 19:52:00+02:00,2026-10-03 19:52:12+02:00,2026-10-03,19,Saturday,True,71.04918333333333
20261003_164052,2026-10-03 16:40:57.049000+00:00,Lugano,rail,ch:1:sloid:5300,Lugano,ch:1:sloid:5300:3:4,2026-10-03,ch:1:sjyid:100001:25782-001,rail,S-Bahn,S10,S10,25782,Mendrisio,Biasca,4,,2026-10-03 17:55:00+00:00,2026-10-03 17:55:36+00:00,,True,0.6,2026-10-03 18:40:57.049000+02:00,2026-10-03 19:55:00+02:00,2026-10-03 19:55:36+02:00,2026-10-03,19,Saturday,True,74.04918333333333
20261003_164052,2026-10-03 16:40:57.049000+00:00,Lugano,rail,ch:1:sloid:5300,Lugano,ch:1:sloid:5300:2:3,2026-10-03,ch:1:sjyid:100001:692-001,rail,InterCity,IC21,IC21,692,Lugano,Basel SBB,3,,2026-10-03 18:02:00+00:00,2026-10-03 18:02:30+00:00,,True,0.5,2026-10-03 18:40:57.049000+02:00,2026-10-03 20:02:00+02:00,2026-10-03 20:02:30+02:00,2026-10-03,20,Saturday,True,81.04918333333333
20261003_164052,2026-10-03 16:40:57.049000+00:00,Lugano,rail,ch:1:sloid:5300,Lugano,ch:1:sloid:5300:1:1,2026-10-03,ch:1:sjyid:100001:25535-001,rail,RegioExpress,RE80,RE80,25535,Locarno,Milano Centrale,1,,2026-10-03 18:02:00+00:00,,,False,,2026-10-03 18:40:57.049000+02:00,2026-10-03 20:02:00+02:00,,2026-10-03,20,Saturday,True,81.04918333333333
20261003_164052,2026-10-03 16:40:57.049000+00:00,Lugano,rail,ch:1:sloid:5300,Lugano,ch:1:sloid:5300:3:4,2026-10-03,ch:1:sjyid:100001:25530-001,rail,RegioExpress,RE80,RE80,25530,Milano Centrale,Locarno,4,,2026-10-03 18:05:00+00:00,2026-10-03 18:05:12+00:00,,True,0.2,2026-10-03 18:40:57.049000+02:00,2026-10-03 20:05:00+02:00,2026-10-03 20:05:12+02:00,2026-10-03,20,Saturday,True,84.04918333333333
20261003_164052,2026-10-03 16:40:57.049000+00:00,Lugano,rail,ch:1:sloid:5300,Lugano,ch:1:sloid:5300:1:1,2026-10-03,ch:1:sjyid:100001:25785-001,rail,S-Bahn,S10,S10,25785,Biasca,Malpensa Aeroporto T2/Como S. Giovanni,1,,2026-10-03 18:06:00+00:00,2026-10-03 18:06:12+00:00,,True,0.2,2026-10-03 18:40:57.049000+02:00,2026-10-03 20:06:00+02:00,2026-10-03 20:06:12+02:00,2026-10-03,20,Saturday,True,85.04918333333333
20261003_164052,2026-10-03 16:40:57.049000+00:00,Lugano,rail,ch:1:sloid:5300,Lugano,ch:1:sloid:5300:2:3,2026-10-03,ch:1:sjyid:100001:25936-001,rail,S-Bahn,S90,S90,25936,Mendrisio,Giubiasco,3,,2026-10-03 18:08:00+00:00,2026-10-03 18:08:12+00:00,,True,0.2,2026-10-03 18:40:57.049000+02:00,2026-10-03 20:08:00+02:00,2026-10-03 20:08:12+02:00,2026-10-03,20,Saturday,True,87.04918333333333
20261003_164052,2026-10-03 16:40:57.049000+00:00,Lugano,rail,ch:1:sloid:5300,Lugano,ch:1:sloid:5300:3:4,2026-10-03,ch:1:sjyid:100001:25136-001,rail,S-Bahn,S10,S10,25136,Como Camerlata,Biasca,4,,2026-10-03 18:25:00+00:00,2026-10-03 18:25:24+00:00,,True,0.4,2026-10-03 18:40:57.049000+02:00,2026-10-03 20:25:00+02:00,2026-10-03 20:25:24+02:00,2026-10-03,20,Saturday,True,104.04918333333333
20261003_164052,2026-10-03 16:40:57.049000+00:00,Lugano,rail,ch:1:sloid:5300,Lugano,ch:1:sloid:5300:2:2,2026-10-03,ch:1:sjyid:100001:25837-001,rail,RegioExpress,RE80,RE80,25837,Locarno,Chiasso,2,,2026-10-03 18:25:00+00:00,2026-10-03 18:25:12+00:00,,True,0.2,2026-10-03 18:40:57.049000+02:00,2026-10-03 20:25:00+02:00,2026-10-03 20:25:12+02:00,2026-10-03,20,Saturday,True,104.04918333333333
20261003_164052,2026-10-03 16:40:57.049000+00:00,Lugano,rail,ch:1:sloid:5300,Lugano,ch:1:sloid:5300:2:3,2026-10-03,ch:1:sjyid:100001:126-002,rail,EuroCity,EC,EC,126,Como S. Giovanni,Zürich HB,3,,2026-10-03 18:30:00+00:00,2026-10-03 18:31:00+00:00,,True,1.0,2026-10-03 18:40:57.049000+02:00,2026-10-03 20:30:00+02:00,2026-10-03 20:31:00+02:00,2026-10-03,20,Saturday,True,109.04918333333333
20261003_164052,2026-10-03 16:40:57.049000+00:00,Lugano,rail,ch:1:sloid:5300,Lugano,ch:1:sloid:5300:2:2,2026-10-03,ch:1:sjyid:100001:27-003,rail,EuroCity,EC,EC,27,Zürich HB,Milano Centrale,2,,2026-10-03 18:30:00+00:00,,,False,,2026-10-03 18:40:57.049000+02:00,2026-10-03 20:30:00+02:00,,2026-10-03,20,Saturday,True,109.04918333333333
20261003_164052,2026-10-03 16:40:57.049000+00:00,Lugano,rail,ch:1:sloid:5300,Lugano,ch:1:sloid:5300:3:4,2026-10-03,ch:1:sjyid:100001:25832-001,rail,RegioExpress,RE80,RE80,25832,Chiasso,Locarno,4,,2026-10-03 18:35:00+00:00,2026-10-03 18:35:48+00:00,,True,0.8,2026-10-03 18:40:57.049000+02:00,2026-10-03 20:35:00+02:00,2026-10-03 20:35:48+02:00,2026-10-03,20,Saturday,True,114.04918333333333
20261003_164052,2026-10-03 16:40:57.049000+00:00,Lugano,rail,ch:1:sloid:5300,Lugano,ch:1:sloid:5300:2:2,2026-10-03,ch:1:sjyid:100001:25137-001,rail,S-Bahn,S10,S10,25137,Biasca,Como Camerlata,2,,2026-10-03 18:36:00+00:00,,,False,,2026-10-03 18:40:57.049000+02:00,2026-10-03 20:36:00+02:00,,2026-10-03,20,Saturday,True,115.04918333333333
20261003_164052,2026-10-03 16:40:57.049000+00:00,Lugano,rail,ch:1:sloid:5300,Lugano,ch:1:sloid:5300:1:1,2026-10-03,ch:1:sjyid:100001:25984-001,rail,S-Bahn,S90,S90,25984,Lugano,Giubiasco,1,,2026-10-03 18:38:00+00:00,,,False,,2026-10-03 18:40:57.049000+02:00,2026-10-03 20:38:00+02:00,,2026-10-03,20,Saturday,True,117.04918333333333
20261003_164052,2026-10-03 16:40:57.049000+00:00,Lugano,rail,ch:1:sloid:5300,Lugano,ch:1:sloid:5300:2:2,2026-10-03,ch:1:sjyid:100001:25937-001,rail,S-Bahn,S90,S90,25937,Giubiasco,Mendrisio,2,,2026-10-03 18:52:00+00:00,2026-10-03 18:52:12+00:00,,True,0.2,2026-10-03 18:40:57.049000+02:00,2026-10-03 20:52:00+02:00,2026-10-03 20:52:12+02:00,2026-10-03,20,Saturday,True,131.04918333333333
20261003_164052,2026-10-03 16:40:57.049000+00:00,Lugano,rail,ch:1:sloid:5300,Lugano,ch:1:sloid:5300:3:4,2026-10-03,ch:1:sjyid:100001:25784-001,rail,S-Bahn,S10,S10,25784,Mendrisio,Biasca,4,,2026-10-03 18:55:00+00:00,,,False,,2026-10-03 18:40:57.049000+02:00,2026-10-03 20:55:00+02:00,,2026-10-03,20,Saturday,True,134.04918333333333
20261003_164052,2026-10-03 16:40:57.841000+00:00,Zürich,local,ch:1:sloid:87348,"Zürich, Bahnhofplatz/HB",ch:1:sloid:87348::0,2026-10-03,ch:1:sjyid:100648:plan:74b933a2-c23b-4451-ac3d-f76ecb9747d7,tram,Tram,3,3,38173,"Zürich, Albisrieden",Klusplatz,,,2026-10-03 16:39:42+00:00,2026-10-03 16:40:06+00:00,,True,0.4,2026-10-03 18:40:57.841000+02:00,2026-10-03 18:39:42+02:00,2026-10-03 18:40:06+02:00,2026-10-03,18,Saturday,True,-1.2640166666666666
20261003_164052,2026-10-03 16:40:57.841000+00:00,Zürich,local,ch:1:sloid:87348,"Zürich, Bahnhofplatz/HB",ch:1:sloid:87348,2026-10-03,ch:1:sjyid:100648:plan:69068ceb-ebd6-4281-a52b-85bfa57380ba,bus,Bus,31,31,45137,"Zürich, Hermetschloo",Kienastenwies,,,2026-10-03 16:42:36+00:00,2026-10-03 16:43:54+00:00,,True,1.3,2026-10-03 18:40:57.841000+02:00,2026-10-03 18:42:36+02:00,2026-10-03 18:43:54+02:00,2026-10-03,18,Saturday,True,1.6359833333333333
20261003_164052,2026-10-03 16:40:57.841000+00:00,Zürich,local,ch:1:sloid:87348,"Zürich, Bahnhofplatz/HB",ch:1:sloid:87348::1,2026-10-03,ch:1:sjyid:100648:plan:0bcedfc1-37ea-4e14-a0db-54f041b183cc,tram,Tram,14,14,39419,"Zürich, Bahnhofplatz/HB",Triemli,,,2026-10-03 16:43:36+00:00,2026-10-03 16:43:36+00:00,,True,0.0,2026-10-03 18:40:57.841000+02:00,2026-10-03 18:43:36+02:00,2026-10-03 18:43:36+02:00,2026-10-03,18,Saturday,True,2.6359833333333333
20261003_164052,2026-10-03 16:40:57.841000+00:00,Zürich,local,ch:1:sloid:87348,"Zürich, Bahnhofplatz/HB",ch:1:sloid:87348::11,2026-10-03,ch:1:sjyid:100648:plan:77712716-02ea-46b4-bf9b-2577d7378b10,bus,Bus,31,31,45104,"Zürich, Kienastenwies",Hermetschloo,,,2026-10-03 16:43:30+00:00,2026-10-03 16:44:06+00:00,,True,0.6,2026-10-03 18:40:57.841000+02:00,2026-10-03 18:43:30+02:00,2026-10-03 18:44:06+02:00,2026-10-03,18,Saturday,True,2.5359833333333333
20261003_164052,2026-10-03 16:40:57.841000+00:00,Zürich,local,ch:1:sloid:87348,"Zürich, Bahnhofplatz/HB",ch:1:sloid:87348::0,2026-10-03,ch:1:sjyid:100648:plan:fb5f84cf-ccd9-4b50-b402-23ec7748673b,tram,Tram,6,6,39478,"Zürich, Bahnhofplatz/HB",Zoo,,,2026-10-03 16:44:30+00:00,2026-10-03 16:45:06+00:00,,True,0.6,2026-10-03 18:40:57.841000+02:00,2026-10-03 18:44:30+02:00,2026-10-03 18:45:06+02:00,2026-10-03,18,Saturday,True,3.5359833333333333
20261003_164052,2026-10-03 16:40:57.841000+00:00,Zürich,local,ch:1:sloid:87348,"Zürich, Bahnhofplatz/HB",ch:1:sloid:87348::1,2026-10-03,ch:1:sjyid:100648:plan:c9d0ff88-ea6d-4c65-bcb2-efd14f9b9669,tram,Tram,3,3,38990,"Zürich, Klusplatz",Albisrieden,,,2026-10-03 16:46:36+00:00,2026-10-03 16:47:30+00:00,,True,0.9,2026-10-03 18:40:57.841000+02:00,2026-10-03 18:46:36+02:00,2026-10-03 18:47:30+02:00,2026-10-03,18,Saturday,True,5.635983333333333
20261003_164052,2026-10-03 16:40:57.841000+00:00,Zürich,local,ch:1:sloid:87348,"Zürich, Bahnhofplatz/HB",ch:1:sloid:87348::0,2026-10-03,ch:1:sjyid:100648:plan:a25b6d12-323b-4ccf-9744-698f9a5c49a4,tram,Tram,3,3,38592,"Zürich, Albisrieden",Klusplatz,,,2026-10-03 16:47:12+00:00,2026-10-03 16:47:48+00:00,,True,0.6,2026-10-03 18:40:57.841000+02:00,2026-10-03 18:47:12+02:00,2026-10-03 18:47:48+02:00,2026-10-03,18,Saturday,True,6.235983333333333
20261003_164052,2026-10-03 16:40:57.841000+00:00,Zürich,local,ch:1:sloid:87348,"Zürich, Bahnhofplatz/HB",ch:1:sloid:87348,2026-10-03,ch:1:sjyid:100648:plan:77ff3944-5007-4b39-b13c-99cc2748d0dd,bus,Bus,31,31,45566,"Zürich, Hermetschloo",Kienastenwies,,,2026-10-03 16:50:06+00:00,2026-10-03 16:51:00+00:00,,True,0.9,2026-10-03 18:40:57.841000+02:00,2026-10-03 18:50:06+02:00,2026-10-03 18:51:00+02:00,2026-10-03,18,Saturday,True,9.135983333333334
20261003_164052,2026-10-03 16:40:57.841000+00:00,Zürich,local,ch:1:sloid:87348,"Zürich, Bahnhofplatz/HB",ch:1:sloid:87348::1,2026-10-03,ch:1:sjyid:100648:plan:7cf2eec5-b7f5-4196-b82a-fad824da77f4,tram,Tram,14,14,39810,"Zürich, Bahnhofplatz/HB",Triemli,,,2026-10-03 16:50:54+00:00,2026-10-03 16:50:54+00:00,,True,0.0,2026-10-03 18:40:57.841000+02:00,2026-10-03 18:50:54+02:00,2026-10-03 18:50:54+02:00,2026-10-03,18,Saturday,True,9.935983333333333
20261003_164052,2026-10-03 16:40:57.841000+00:00,Zürich,local,ch:1:sloid:87348,"Zürich, Bahnhofplatz/HB",ch:1:sloid:87348::11,2026-10-03,ch:1:sjyid:100648:plan:c6442de8-f87a-4fc2-95b8-9dcc1f2df395,bus,Bus,31,31,45554,"Zürich, Kienastenwies",Hermetschloo,,,2026-10-03 16:51:00+00:00,2026-10-03 16:51:00+00:00,,True,0.0,2026-10-03 18:40:57.841000+02:00,2026-10-03 18:51:00+02:00,2026-10-03 18:51:00+02:00,2026-10-03,18,Saturday,True,10.035983333333332
20261003_164052,2026-10-03 16:40:57.841000+00:00,Zürich,local,ch:1:sloid:87348,"Zürich, Bahnhofplatz/HB",ch:1:sloid:87348::0,2026-10-03,ch:1:sjyid:100648:plan:15e689f3-f31f-4bef-bccb-9eb998258554,tram,Tram,3,3,39001,"Zürich, Albisrieden",Klusplatz,,,2026-10-03 16:54:42+00:00,2026-10-03 16:54:48+00:00,,True,0.1,2026-10-03 18:40:57.841000+02:00,2026-10-03 18:54:42+02:00,2026-10-03 18:54:48+02:00,2026-10-03,18,Saturday,True,13.735983333333333
20261003_164052,2026-10-03 16:40:57.841000+00:00,Zürich,local,ch:1:sloid:87348,"Zürich, Bahnhofplatz/HB",ch:1:sloid:87348::1,2026-10-03,ch:1:sjyid:100648:plan:25fe1702-29ca-4cd0-a130-30a41019ce3a,tram,Tram,3,3,39402,"Zürich, Klusplatz",Albisrieden,,,2026-10-03 16:54:06+00:00,2026-10-03 16:54:06+00:00,,True,0.0,2026-10-03 18:40:57.841000+02:00,2026-10-03 18:54:06+02:00,2026-10-03 18:54:06+02:00,2026-10-03,18,Saturday,True,13.135983333333334
20261003_164052,2026-10-03 16:40:57.841000+00:00,Zürich,local,ch:1:sloid:87348,"Zürich, Bahnhofplatz/HB",ch:1:sloid:87348,2026-10-03,ch:1:sjyid:100648:plan:09a1270d-f2ea-47eb-a156-4c46938911d2,bus,Bus,31,31,46112,"Zürich, Hermetschloo",Kienastenwies,,,2026-10-03 16:57:36+00:00,2026-10-03 16:57:06+00:00,,True,-0.5,2026-10-03 18:40:57.841000+02:00,2026-10-03 18:57:36+02:00,2026-10-03 18:57:06+02:00,2026-10-03,18,Saturday,True,16.635983333333332
20261003_164052,2026-10-03 16:40:57.841000+00:00,Zürich,local,ch:1:sloid:87348,"Zürich, Bahnhofplatz/HB",ch:1:sloid:87348::1,2026-10-03,ch:1:sjyid:100648:plan:70da7092-badc-4652-9f40-ac4ea66bf1c3,tram,Tram,14,14,40202,"Zürich, Bahnhofplatz/HB",Triemli,,,2026-10-03 16:58:24+00:00,2026-10-03 16:58:24+00:00,,True,0.0,2026-10-03 18:40:57.841000+02:00,2026-10-03 18:58:24+02:00,2026-10-03 18:58:24+02:00,2026-10-03,18,Saturday,True,17.435983333333336
20261003_164052,2026-10-03 16:40:57.841000+00:00,Zürich,local,ch:1:sloid:87348,"Zürich, Bahnhofplatz/HB",ch:1:sloid:87348::11,2026-10-03,ch:1:sjyid:100648:plan:1ebe00ca-91c1-4551-9179-f79342e5dda3,bus,Bus,31,31,46082,"Zürich, Kienastenwies",Hermetschloo,,,2026-10-03 16:58:30+00:00,2026-10-03 16:58:24+00:00,,True,-0.1,2026-10-03 18:40:57.841000+02:00,2026-10-03 18:58:30+02:00,2026-10-03 18:58:24+02:00,2026-10-03,18,Saturday,True,17.535983333333334
20261003_164052,2026-10-03 16:40:57.841000+00:00,Zürich,local,ch:1:sloid:87348,"Zürich, Bahnhofplatz/HB",ch:1:sloid:87348::0,2026-10-03,ch:1:sjyid:100648:plan:7b3b6c4f-e9e7-47ac-876e-99719347dbcc,tram,Tram,6,6,40284,"Zürich, Bahnhofplatz/HB",Zoo,,,2026-10-03 16:59:30+00:00,2026-10-03 16:59:30+00:00,,True,0.0,2026-10-03 18:40:57.841000+02:00,2026-10-03 18:59:30+02:00,2026-10-03 18:59:30+02:00,2026-10-03,18,Saturday,True,18.535983333333334
20261003_164052,2026-10-03 16:40:57.841000+00:00,Zürich,local,ch:1:sloid:87348,"Zürich, Bahnhofplatz/HB",ch:1:sloid:87348::0,2026-10-03,ch:1:sjyid:100648:plan:5ba12cc7-64ab-489f-b7a5-15d695597bad,tram,Tram,3,3,39407,"Zürich, Albisrieden",Klusplatz,,,2026-10-03 17:02:12+00:00,2026-10-03 17:02:12+00:00,,True,0.0,2026-10-03 18:40:57.841000+02:00,2026-10-03 19:02:12+02:00,2026-10-03 19:02:12+02:00,2026-10-03,19,Saturday,True,21.235983333333333
20261003_164052,2026-10-03 16:40:57.841000+00:00,Zürich,local,ch:1:sloid:87348,"Zürich, Bahnhofplatz/HB",ch:1:sloid:87348,2026-10-03,ch:1:sjyid:100648:plan:2a23da84-4de9-49e7-953c-4072fd3c80e1,bus,Bus,31,31,46571,"Zürich, Hermetschloo",Kienastenwies,,,2026-10-03 17:05:06+00:00,2026-10-03 17:05:06+00:00,,True,0.0,2026-10-03 18:40:57.841000+02:00,2026-10-03 19:05:06+02:00,2026-10-03 19:05:06+02:00,2026-10-03,19,Saturday,True,24.135983333333336
20261003_164052,2026-10-03 16:40:57.841000+00:00,Zürich,local,ch:1:sloid:87348,"Zürich, Bahnhofplatz/HB",ch:1:sloid:87348::1,2026-10-03,ch:1:sjyid:100648:plan:be348641-90e3-4146-9050-44abd6c88bf9,tram,Tram,14,14,40593,"Zürich, Bahnhofplatz/HB",Triemli,,,2026-10-03 17:05:54+00:00,2026-10-03 17:05:54+00:00,,True,0.0,2026-10-03 18:40:57.841000+02:00,2026-10-03 19:05:54+02:00,2026-10-03 19:05:54+02:00,2026-10-03,19,Saturday,True,24.935983333333336
20261003_164052,2026-10-03 16:40:57.841000+00:00,Zürich,local,ch:1:sloid:87348,"Zürich, Bahnhofplatz/HB",ch:1:sloid:87348::11,2026-10-03,ch:1:sjyid:100648:plan:dae9308e-688f-42b2-9343-78ae939b2d08,bus,Bus,31,31,46556,"Zürich, Kienastenwies",Hermetschloo,,,2026-10-03 17:06:00+00:00,2026-10-03 17:06:00+00:00,,True,0.0,2026-10-03 18:40:57.841000+02:00,2026-10-03 19:06:00+02:00,2026-10-03 19:06:00+02:00,2026-10-03,19,Saturday,True,25.035983333333334
20261003_164052,2026-10-03 16:40:57.841000+00:00,Zürich,local,ch:1:sloid:87348,"Zürich, Bahnhofplatz/HB",ch:1:sloid:87348::0,2026-10-03,ch:1:sjyid:100648:plan:ed816d2c-d0b8-4223-b177-d1f2edccaa45,tram,Tram,6,6,40682,"Zürich, Bahnhofplatz/HB",Zoo,,,2026-10-03 17:07:00+00:00,2026-10-03 17:07:00+00:00,,True,0.0,2026-10-03 18:40:57.841000+02:00,2026-10-03 19:07:00+02:00,2026-10-03 19:07:00+02:00,2026-10-03,19,Saturday,True,26.035983333333334
20261003_164052,2026-10-03 16:40:57.841000+00:00,Zürich,local,ch:1:sloid:87348,"Zürich, Bahnhofplatz/HB",ch:1:sloid:87348::0,2026-10-03,ch:1:sjyid:100648:plan:f148be83-6fa3-4c35-98b5-a46f1c1b96c8,tram,Tram,3,3,39813,"Zürich, Albisrieden",Klusplatz,,,2026-10-03 17:09:42+00:00,2026-10-03 17:09:42+00:00,,True,0.0,2026-10-03 18:40:57.841000+02:00,2026-10-03 19:09:42+02:00,2026-10-03 19:09:42+02:00,2026-10-03,19,Saturday,True,28.735983333333333
20261003_164052,2026-10-03 16:40:57.841000+00:00,Zürich,local,ch:1:sloid:87348,"Zürich, Bahnhofplatz/HB",ch:1:sloid:87348::1,2026-10-03,ch:1:sjyid:100648:plan:59ece980-bc09-4375-a238-c4c2868e33c9,tram,Tram,3,3,40194,"Zürich, Klusplatz",Albisrieden,,,2026-10-03 17:09:06+00:00,2026-10-03 17:09:06+00:00,,True,0.0,2026-10-03 18:40:57.841000+02:00,2026-10-03 19:09:06+02:00,2026-10-03 19:09:06+02:00,2026-10-03,19,Saturday,True,28.135983333333336
20261003_164052,2026-10-03 16:40:57.841000+00:00,Zürich,local,ch:1:sloid:87348,"Zürich, Bahnhofplatz/HB",ch:1:sloid:87348,2026-10-03,ch:1:sjyid:100648:plan:67db5bf7-189e-48d3-9e36-a4f125e6de6c,bus,Bus,31,31,47080,"Zürich, Hermetschloo",Kienastenwies,,,2026-10-03 17:12:36+00:00,2026-10-03 17:12:36+00:00,,True,0.0,2026-10-03 18:40:57.841000+02:00,2026-10-03 19:12:36+02:00,2026-10-03 19:12:36+02:00,2026-10-03,19,Saturday,True,31.635983333333336
20261003_164052,2026-10-03 16:40:57.841000+00:00,Zürich,local,ch:1:sloid:87348,"Zürich, Bahnhofplatz/HB",ch:1:sloid:87348::1,2026-10-03,ch:1:sjyid:100648:plan:07e9f6d3-5d8a-4ec4-ad9b-bc21be6f21cf,tram,Tram,14,14,40992,"Zürich, Bahnhofplatz/HB",Triemli,,,2026-10-03 17:13:24+00:00,2026-10-03 17:13:24+00:00,,True,0.0,2026-10-03 18:40:57.841000+02:00,2026-10-03 19:13:24+02:00,2026-10-03 19:13:24+02:00,2026-10-03,19,Saturday,True,32.43598333333333
20261003_164052,2026-10-03 16:40:57.841000+00:00,Zürich,local,ch:1:sloid:87348,"Zürich, Bahnhofplatz/HB",ch:1:sloid:87348::11,2026-10-03,ch:1:sjyid:100648:plan:3389dfbc-49ad-406e-885d-69c550822b9f,bus,Bus,31,31,47050,"Zürich, Kienastenwies",Hermetschloo,,,2026-10-03 17:13:30+00:00,2026-10-03 17:13:30+00:00,,True,0.0,2026-10-03 18:40:57.841000+02:00,2026-10-03 19:13:30+02:00,2026-10-03 19:13:30+02:00,2026-10-03,19,Saturday,True,32.535983333333334
20261003_164052,2026-10-03 16:40:57.841000+00:00,Zürich,local,ch:1:sloid:87348,"Zürich, Bahnhofplatz/HB",ch:1:sloid:87348::0,2026-10-03,ch:1:sjyid:100648:plan:1d526755-24a4-454e-94a3-8fb2a1005df1,tram,Tram,6,6,41060,"Zürich, Bahnhofplatz/HB",Zoo,,,2026-10-03 17:14:30+00:00,2026-10-03 17:14:30+00:00,,True,0.0,2026-10-03 18:40:57.841000+02:00,2026-10-03 19:14:30+02:00,2026-10-03 19:14:30+02:00,2026-10-03,19,Saturday,True,33.535983333333334
20261003_164052,2026-10-03 16:40:57.841000+00:00,Zürich,local,ch:1:sloid:87348,"Zürich, Bahnhofplatz/HB",ch:1:sloid:87348::1,2026-10-03,ch:1:sjyid:100648:plan:6931ea80-4ed6-4a3d-a85f-84dac1839b66,tram,Tram,3,3,40579,"Zürich, Klusplatz",Albisrieden,,,2026-10-03 17:16:36+00:00,2026-10-03 17:16:36+00:00,,True,0.0,2026-10-03 18:40:57.841000+02:00,2026-10-03 19:16:36+02:00,2026-10-03 19:16:36+02:00,2026-10-03,19,Saturday,True,35.635983333333336
20261003_164052,2026-10-03 16:40:58.326000+00:00,Bern,local,ch:1:sloid:76646,"Bern, Bahnhof",ch:1:sloid:76646:0:10,2026-10-03,ch:1:sjyid:100626:plan:aa74295b-22a0-4b41-89f7-eb514f54f96b,tram,Tram,6,6,7268,"Bern, Bahnhof",Fischermätteli,J,,2026-10-03 16:39:00+00:00,2026-10-03 16:40:18+00:00,,True,1.3,2026-10-03 18:40:58.326000+02:00,2026-10-03 18:39:00+02:00,2026-10-03 18:40:18+02:00,2026-10-03,18,Saturday,True,-1.9721
20261003_164052,2026-10-03 16:40:58.326000+00:00,Bern,local,ch:1:sloid:76646,"Bern, Bahnhof",ch:1:sloid:76646:0:15,2026-10-03,ch:1:sjyid:100626:plan:cd1400b9-987e-407d-bb2c-739b6e680056,bus,Bus,20,20,66553,"Bern Wankdorf, Bahnhof",Länggasse,F,,2026-10-03 16:39:48+00:00,2026-10-03 16:40:06+00:00,,True,0.3,2026-10-03 18:40:58.326000+02:00,2026-10-03 18:39:48+02:00,2026-10-03 18:40:06+02:00,2026-10-03,18,Saturday,True,-1.1721
20261003_164052,2026-10-03 16:40:58.326000+00:00,Bern,local,ch:1:sloid:76646,"Bern, Bahnhof",ch:1:sloid:76646:0:64,2026-10-03,ch:1:sjyid:1100062:SKI-327,bus,Ersatzverkehr,EV,EV,327,"Bern, Bahnhof","Worblaufen, Bahnhofplatz",Z,,2026-10-03 16:40:00+00:00,,,False,,2026-10-03 18:40:58.326000+02:00,2026-10-03 18:40:00+02:00,,2026-10-03,18,Saturday,True,-0.9721
20261003_164052,2026-10-03 16:40:58.326000+00:00,Bern,local,ch:1:sloid:76646,"Bern, Bahnhof",ch:1:sloid:76646:0:25,2026-10-03,ch:1:sjyid:100626:plan:90ddf106-8287-48f7-bd98-15e859a74709,bus,Bus,7A,7A,76586,"Bern, Bahnhof",Ostring,K1,,2026-10-03 16:41:00+00:00,2026-10-03 16:41:00+00:00,,True,0.0,2026-10-03 18:40:58.326000+02:00,2026-10-03 18:41:00+02:00,2026-10-03 18:41:00+02:00,2026-10-03,18,Saturday,True,0.027899999999999998
20261003_164052,2026-10-03 16:40:58.326000+00:00,Bern,local,ch:1:sloid:76646,"Bern, Bahnhof",ch:1:sloid:76646:0:39,2026-10-03,ch:1:sjyid:100626:plan:025c325c-d840-44ee-b89f-cb0704781755,tram,Tram,8,8,18762,"Bern, Bahnhof",Brünnen Bhf,N,,2026-10-03 16:41:00+00:00,2026-10-03 16:41:30+00:00,,True,0.5,2026-10-03 18:40:58.326000+02:00,2026-10-03 18:41:00+02:00,2026-10-03 18:41:30+02:00,2026-10-03,18,Saturday,True,0.027899999999999998
20261003_164052,2026-10-03 16:40:58.326000+00:00,Bern,local,ch:1:sloid:76646,"Bern, Bahnhof",ch:1:sloid:76646:0:13,2026-10-03,ch:1:sjyid:100626:plan:300e049e-cebe-4f96-85ed-0d89c518314e,bus,Bus,20,20,64016,"Bern, Länggasse",Wankdorf Bhf,E,,2026-10-03 16:41:48+00:00,2026-10-03 16:41:48+00:00,,True,0.0,2026-10-03 18:40:58.326000+02:00,2026-10-03 18:41:48+02:00,2026-10-03 18:41:48+02:00,2026-10-03,18,Saturday,True,0.8279
20261003_164052,2026-10-03 16:40:58.326000+00:00,Bern,local,ch:1:sloid:76646,"Bern, Bahnhof",ch:1:sloid:76646:0:11,2026-10-03,ch:1:sjyid:100626:plan:b4315acf-7731-474f-b67a-4f2073927239,bus,Bus,10,10,43920,"Ostermundigen, Rüti",Schliern,I,,2026-10-03 16:41:00+00:00,2026-10-03 16:41:00+00:00,,True,0.0,2026-10-03 18:40:58.326000+02:00,2026-10-03 18:41:00+02:00,2026-10-03 18:41:00+02:00,2026-10-03,18,Saturday,True,0.027899999999999998
20261003_164052,2026-10-03 16:40:58.326000+00:00,Bern,local,ch:1:sloid:76646,"Bern, Bahnhof",ch:1:sloid:76646:0:20,2026-10-03,ch:1:sjyid:100626:plan:2b1c7c50-3455-4077-953c-7e3cbd6bf412,bus,Bus,19,19,58650,"Spiegel, Blinzern",Elfenau,M,,2026-10-03 16:42:00+00:00,2026-10-03 16:41:48+00:00,,True,-0.2,2026-10-03 18:40:58.326000+02:00,2026-10-03 18:42:00+02:00,2026-10-03 18:41:48+02:00,2026-10-03,18,Saturday,True,1.0279
20261003_164052,2026-10-03 16:40:58.326000+00:00,Bern,local,ch:1:sloid:76646,"Bern, Bahnhof",ch:1:sloid:76646:0:7,2026-10-03,ch:1:sjyid:100626:plan:ea90dd55-f141-4693-af31-d85d9946d9f4,bus,Bus,12,12,53349,"Bern, Zentrum Paul Klee",Holligen,D,,2026-10-03 16:42:00+00:00,2026-10-03 16:42:00+00:00,,True,0.0,2026-10-03 18:40:58.326000+02:00,2026-10-03 18:42:00+02:00,2026-10-03 18:42:00+02:00,2026-10-03,18,Saturday,True,1.0279
20261003_164052,2026-10-03 16:40:58.326000+00:00,Bern,local,ch:1:sloid:76646,"Bern, Bahnhof",ch:1:sloid:76646:0:5,2026-10-03,ch:1:sjyid:100626:plan:01f0918e-5218-4bf2-b51d-8842f90de4f5,bus,Bus,12,12,50641,"Bern, Holligen",Zentrum Paul Klee,A,,2026-10-03 16:42:00+00:00,2026-10-03 16:42:00+00:00,,True,0.0,2026-10-03 18:40:58.326000+02:00,2026-10-03 18:42:00+02:00,2026-10-03 18:42:00+02:00,2026-10-03,18,Saturday,True,1.0279
20261003_164052,2026-10-03 16:40:58.326000+00:00,Bern,local,ch:1:sloid:76646,"Bern, Bahnhof",ch:1:sloid:76646:0:2,2026-10-03,ch:1:sjyid:100626:plan:18bc7e88-a02f-4cdc-8e8c-6bba89bcbc1b,bus,Bus,8A,8A,77975,"Bern, Bahnhof",Saali,K2,,2026-10-03 16:43:42+00:00,2026-10-03 16:43:42+00:00,,True,0.0,2026-10-03 18:40:58.326000+02:00,2026-10-03 18:43:42+02:00,2026-10-03 18:43:42+02:00,2026-10-03,18,Saturday,True,2.7279
20261003_164052,2026-10-03 16:40:58.326000+00:00,Bern,local,ch:1:sloid:76646,"Bern, Bahnhof",ch:1:sloid:76646:0:3,2026-10-03,ch:1:sjyid:100626:plan:fbc7af5e-cfab-45af-b308-3c9ba2753775,tram,Tram,9,9,28863,"Bern Wankdorf, Bahnhof",Wabern,C,,2026-10-03 16:43:30+00:00,2026-10-03 16:43:30+00:00,,True,0.0,2026-10-03 18:40:58.326000+02:00,2026-10-03 18:43:30+02:00,2026-10-03 18:43:30+02:00,2026-10-03,18,Saturday,True,2.5279000000000003
20261003_164052,2026-10-03 16:40:58.326000+00:00,Bern,local,ch:1:sloid:76646,"Bern, Bahnhof",ch:1:sloid:76646:0:1,2026-10-03,ch:1:sjyid:100626:plan:d94a93c7-4b80-4b44-a85b-bf111f71a49c,tram,Tram,9,9,22518,"Wabern, Tram-Endstation",Wankdorf Bhf,B,,2026-10-03 16:43:30+00:00,2026-10-03 16:44:30+00:00,,True,1.0,2026-10-03 18:40:58.326000+02:00,2026-10-03 18:43:30+02:00,2026-10-03 18:44:30+02:00,2026-10-03,18,Saturday,True,2.5279000000000003
20261003_164052,2026-10-03 16:40:58.326000+00:00,Bern,local,ch:1:sloid:76646,"Bern, Bahnhof",ch:1:sloid:76646:0:19,2026-10-03,ch:1:sjyid:100626:plan:c88af746-8ae4-4dd5-86cf-f007a852a4d7,bus,Bus,10,10,34891,"Schliern, Bus-Endstation",Ostermundigen Rüti,L,,2026-10-03 16:44:00+00:00,2026-10-03 16:44:00+00:00,,True,0.0,2026-10-03 18:40:58.326000+02:00,2026-10-03 18:44:00+02:00,2026-10-03 18:44:00+02:00,2026-10-03,18,Saturday,True,3.0279000000000003
20261003_164052,2026-10-03 16:40:58.326000+00:00,Bern,local,ch:1:sloid:76646,"Bern, Bahnhof",ch:1:sloid:76646:0:10,2026-10-03,ch:1:sjyid:100626:plan:d461c948-f0e6-4e19-9245-8d954b939a9e,tram,Tram,3,3,1800,"Bern, Bahnhof",Weissenbühl,J,,2026-10-03 16:44:00+00:00,2026-10-03 16:44:00+00:00,,True,0.0,2026-10-03 18:40:58.326000+02:00,2026-10-03 18:44:00+02:00,2026-10-03 18:44:00+02:00,2026-10-03,18,Saturday,True,3.0279000000000003
20261003_164052,2026-10-03 16:40:58.326000+00:00,Bern,local,ch:1:sloid:76646,"Bern, Bahnhof",ch:1:sloid:76646:0:30,2026-10-03,ch:1:sjyid:100626:plan:7bdcba66-a465-41ea-8e92-d69c2aa2f4f1,bus,Bus,21,21,67881,"Bern, Bahnhof",Bremgarten,H,,2026-10-03 16:44:00+00:00,2026-10-03 16:44:00+00:00,,True,0.0,2026-10-03 18:40:58.326000+02:00,2026-10-03 18:44:00+02:00,2026-10-03 18:44:00+02:00,2026-10-03,18,Saturday,True,3.0279000000000003
20261003_164052,2026-10-03 16:40:58.326000+00:00,Bern,local,ch:1:sloid:76646,"Bern, Bahnhof",ch:1:sloid:76646:0:64,2026-10-03,ch:1:sjyid:1100062:SKI-329,bus,Ersatzverkehr,EV,EV,329,"Bern, Bahnhof","Worblaufen, Bahnhofplatz",Z,,2026-10-03 16:45:00+00:00,,,False,,2026-10-03 18:40:58.326000+02:00,2026-10-03 18:45:00+02:00,,2026-10-03,18,Saturday,True,4.0279
20261003_164052,2026-10-03 16:40:58.326000+00:00,Bern,local,ch:1:sloid:76646,"Bern, Bahnhof",ch:1:sloid:76646:0:39,2026-10-03,ch:1:sjyid:100626:plan:b0ebcf8e-e9f8-43fd-bed4-2ccc773bf62b,tram,Tram,7,7,13219,"Bern, Bahnhof",Bümpliz,N,,2026-10-03 16:46:00+00:00,2026-10-03 16:46:00+00:00,,True,0.0,2026-10-03 18:40:58.326000+02:00,2026-10-03 18:46:00+02:00,2026-10-03 18:46:00+02:00,2026-10-03,18,Saturday,True,5.0279
20261003_164052,2026-10-03 16:40:58.326000+00:00,Bern,local,ch:1:sloid:76646,"Bern, Bahnhof",ch:1:sloid:76646:0:15,2026-10-03,ch:1:sjyid:100626:plan:7957944f-7ee3-4cf5-84bd-99e0093ec145,bus,Bus,20,20,66569,"Bern Wankdorf, Bahnhof",Länggasse,F,,2026-10-03 16:46:48+00:00,2026-10-03 16:46:54+00:00,,True,0.1,2026-10-03 18:40:58.326000+02:00,2026-10-03 18:46:48+02:00,2026-10-03 18:46:54+02:00,2026-10-03,18,Saturday,True,5.8279
20261003_164052,2026-10-03 16:40:58.326000+00:00,Bern,local,ch:1:sloid:76646,"Bern, Bahnhof",ch:1:sloid:76646:0:20,2026-10-03,ch:1:sjyid:100626:plan:54ffc984-3ac8-455a-a487-704f0328135c,bus,Bus,17,17,58007,"Bern, Bahnhof",Köniz Weiermatt,M,,2026-10-03 16:47:00+00:00,2026-10-03 16:47:00+00:00,,True,0.0,2026-10-03 18:40:58.326000+02:00,2026-10-03 18:47:00+02:00,2026-10-03 18:47:00+02:00,2026-10-03,18,Saturday,True,6.0279
20261003_164052,2026-10-03 16:40:58.326000+00:00,Bern,local,ch:1:sloid:76646,"Bern, Bahnhof",ch:1:sloid:76646:0:11,2026-10-03,ch:1:sjyid:100626:plan:1a3cdc3c-0b01-4c16-a1da-02be065399eb,bus,Bus,10,10,43928,"Ostermundigen, Rüti",Schliern,I,,2026-10-03 16:47:00+00:00,2026-10-03 16:47:00+00:00,,True,0.0,2026-10-03 18:40:58.326000+02:00,2026-10-03 18:47:00+02:00,2026-10-03 18:47:00+02:00,2026-10-03,18,Saturday,True,6.0279
20261003_164052,2026-10-03 16:40:58.326000+00:00,Bern,local,ch:1:sloid:76646,"Bern, Bahnhof",ch:1:sloid:76646:0:25,2026-10-03,ch:1:sjyid:100626:plan:52d7340f-dbdf-4797-a717-b5b917320335,bus,Bus,19,19,60791,"Bern, Elfenau",Blinzern,K1,,2026-10-03 16:47:00+00:00,2026-10-03 16:48:30+00:00,,True,1.5,2026-10-03 18:40:58.326000+02:00,2026-10-03 18:47:00+02:00,2026-10-03 18:48:30+02:00,2026-10-03,18,Saturday,True,6.0279
20261003_164052,2026-10-03 16:40:58.326000+00:00,Bern,local,ch:1:sloid:76646,"Bern, Bahnhof",ch:1:sloid:76646:0:2,2026-10-03,ch:1:sjyid:100626:plan:504b12c2-2f89-49ca-9804-56be198de804,bus,Bus,8A,8A,77979,"Bern, Bahnhof",Saali,K2,,2026-10-03 16:48:30+00:00,2026-10-03 16:48:30+00:00,,True,0.0,2026-10-03 18:40:58.326000+02:00,2026-10-03 18:48:30+02:00,2026-10-03 18:48:30+02:00,2026-10-03,18,Saturday,True,7.5279
20261003_164052,2026-10-03 16:40:58.326000+00:00,Bern,local,ch:1:sloid:76646,"Bern, Bahnhof",ch:1:sloid:76646:0:13,2026-10-03,ch:1:sjyid:100626:plan:a0ad5746-13f1-446b-a6f5-aa8c514e333e,bus,Bus,20,20,64031,"Bern, Länggasse",Wankdorf Bhf,E,,2026-10-03 16:48:48+00:00,2026-10-03 16:48:48+00:00,,True,0.0,2026-10-03 18:40:58.326000+02:00,2026-10-03 18:48:48+02:00,2026-10-03 18:48:48+02:00,2026-10-03,18,Saturday,True,7.8279
20261003_164052,2026-10-03 16:40:58.326000+00:00,Bern,local,ch:1:sloid:76646,"Bern, Bahnhof",ch:1:sloid:76646:0:10,2026-10-03,ch:1:sjyid:100626:plan:c3640e44-0b81-449d-96a9-07acbb3e9423,tram,Tram,6,6,7272,"Bern, Bahnhof",Fischermätteli,J,,2026-10-03 16:49:00+00:00,2026-10-03 16:49:00+00:00,,True,0.0,2026-10-03 18:40:58.326000+02:00,2026-10-03 18:49:00+02:00,2026-10-03 18:49:00+02:00,2026-10-03,18,Saturday,True,8.027899999999999
20261003_164052,2026-10-03 16:40:58.326000+00:00,Bern,local,ch:1:sloid:76646,"Bern, Bahnhof",ch:1:sloid:76646:0:28,2026-10-03,ch:1:sjyid:100626:plan:79900344-5fdd-44dd-945d-181a42adc5a2,bus,Bus,11,11,49365,"Bern, Bahnhof",Neufeld P+R,G,,2026-10-03 16:49:00+00:00,2026-10-03 16:49:00+00:00,,True,0.0,2026-10-03 18:40:58.326000+02:00,2026-10-03 18:49:00+02:00,2026-10-03 18:49:00+02:00,2026-10-03,18,Saturday,True,8.027899999999999
20261003_164052,2026-10-03 16:40:58.326000+00:00,Bern,local,ch:1:sloid:76646,"Bern, Bahnhof",ch:1:sloid:76646:0:19,2026-10-03,ch:1:sjyid:100626:plan:99daf93a-debe-40ac-96b6-b750240a394c,bus,Bus,10,10,34895,"Schliern, Bus-Endstation",Ostermundigen Rüti,L,,2026-10-03 16:50:00+00:00,2026-10-03 16:50:00+00:00,,True,0.0,2026-10-03 18:40:58.326000+02:00,2026-10-03 18:50:00+02:00,2026-10-03 18:50:00+02:00,2026-10-03,18,Saturday,True,9.027899999999999
20261003_164052,2026-10-03 16:40:58.326000+00:00,Bern,local,ch:1:sloid:76646,"Bern, Bahnhof",ch:1:sloid:76646:0:64,2026-10-03,ch:1:sjyid:1100062:SKI-331,bus,Ersatzverkehr,EV,EV,331,"Bern, Bahnhof","Worblaufen, Bahnhofplatz",Z,,2026-10-03 16:50:00+00:00,,,False,,2026-10-03 18:40:58.326000+02:00,2026-10-03 18:50:00+02:00,,2026-10-03,18,Saturday,True,9.027899999999999
20261003_164052,2026-10-03 16:40:58.326000+00:00,Bern,local,ch:1:sloid:76646,"Bern, Bahnhof",ch:1:sloid:76646:0:25,2026-10-03,ch:1:sjyid:100626:plan:643eeb32-7453-40aa-8ebe-9ea1a361cadc,bus,Bus,7A,7A,76588,"Bern, Bahnhof",Ostring,K1,,2026-10-03 16:51:00+00:00,2026-10-03 16:51:00+00:00,,True,0.0,2026-10-03 18:40:58.326000+02:00,2026-10-03 18:51:00+02:00,2026-10-03 18:51:00+02:00,2026-10-03,18,Saturday,True,10.027899999999999
20261003_164052,2026-10-03 16:40:58.326000+00:00,Bern,local,ch:1:sloid:76646,"Bern, Bahnhof",ch:1:sloid:76646:0:39,2026-10-03,ch:1:sjyid:100626:plan:bba05e0e-9323-4515-8462-aeeef518173d,tram,Tram,8,8,18774,"Bern, Bahnhof",Brünnen Bhf,N,,2026-10-03 16:51:00+00:00,2026-10-03 16:51:00+00:00,,True,0.0,2026-10-03 18:40:58.326000+02:00,2026-10-03 18:51:00+02:00,2026-10-03 18:51:00+02:00,2026-10-03,18,Saturday,True,10.027899999999999
20261003_164052,2026-10-03 16:40:59.161000+00:00,Basel,local,ch:1:sloid:78143,"Basel, Bahnhof SBB",ch:1:sloid:78143:1:34,2026-10-03,ch:1:sjyid:100019:plan:162017a5-640c-4b5a-99cf-62a808a7edbf,tram,Tram,11,11,38445,"Basel, St-Louis Grenze","Basel, Dreispitz",G,,2026-10-03 16:38:06+00:00,2026-10-03 16:40:06+00:00,,True,2.0,2026-10-03 18:40:59.161000+02:00,2026-10-03 18:38:06+02:00,2026-10-03 18:40:06+02:00,2026-10-03,18,Saturday,True,-2.886016666666667
20261003_164052,2026-10-03 16:40:59.161000+00:00,Basel,local,ch:1:sloid:78143,"Basel, Bahnhof SBB",ch:1:sloid:78143:1:32,2026-10-03,ch:1:sjyid:100622:plan:b94a9662-c5b7-4eb1-aeda-2cb9ccfacaf7,tram,Tram,2,2,2192,"Basel, Badischer Bahnhof","Binningen, Kronenplatz",E,,2026-10-03 16:39:12+00:00,2026-10-03 16:40:00+00:00,,True,0.8,2026-10-03 18:40:59.161000+02:00,2026-10-03 18:39:12+02:00,2026-10-03 18:40:00+02:00,2026-10-03,18,Saturday,True,-1.7860166666666666
20261003_164052,2026-10-03 16:40:59.161000+00:00,Basel,local,ch:1:sloid:78143,"Basel, Bahnhof SBB",ch:1:sloid:78143:1:32,2026-10-03,ch:1:sjyid:100622:plan:4b509292-07f8-415e-bb14-0e2b3eef73de,tram,Tram,8,8,8196,"Weil am Rhein, Bahnhof/Zentrum","Basel, Neuweilerstrasse",E,,2026-10-03 16:40:48+00:00,2026-10-03 16:42:12+00:00,,True,1.4,2026-10-03 18:40:59.161000+02:00,2026-10-03 18:40:48+02:00,2026-10-03 18:42:12+02:00,2026-10-03,18,Saturday,True,-0.18601666666666666
20261003_164052,2026-10-03 16:40:59.161000+00:00,Basel,local,ch:1:sloid:78143,"Basel, Bahnhof SBB",ch:1:sloid:78143:1:33,2026-10-03,ch:1:sjyid:100622:plan:070cdd86-67a6-4cbf-a4bd-1c05e6b3b7e6,tram,Tram,2,2,2195,"Binningen, Kronenplatz","Basel, Badischer Bahnhof",F,,2026-10-03 16:39:48+00:00,2026-10-03 16:40:24+00:00,,True,0.6,2026-10-03 18:40:59.161000+02:00,2026-10-03 18:39:48+02:00,2026-10-03 18:40:24+02:00,2026-10-03,18,Saturday,True,-1.1860166666666667
20261003_164052,2026-10-03 16:40:59.161000+00:00,Basel,local,ch:1:sloid:78143,"Basel, Bahnhof SBB",ch:1:sloid:78143:1:35,2026-10-03,ch:1:sjyid:100019:plan:0b55ffdc-fc4a-40f2-9df2-dc96b11920b0,tram,Tram,11,11,38446,"Basel, Dreispitz","Basel, Saint-Louis Grenze",H,,2026-10-03 16:40:06+00:00,2026-10-03 16:40:36+00:00,,True,0.5,2026-10-03 18:40:59.161000+02:00,2026-10-03 18:40:06+02:00,2026-10-03 18:40:36+02:00,2026-10-03,18,Saturday,True,-0.8860166666666667
20261003_164052,2026-10-03 16:40:59.161000+00:00,Basel,local,ch:1:sloid:78143,"Basel, Bahnhof SBB",ch:1:sloid:78143:3:3,2026-10-03,ch:1:sjyid:100622:plan:5ee4d5fb-9781-49ae-bf7a-2705c74e2dfc,bus,Bus,50,50,50207,"Basel, Bahnhof SBB","Basel, EuroAirport",B,,2026-10-03 16:42:00+00:00,2026-10-03 16:42:00+00:00,,True,0.0,2026-10-03 18:40:59.161000+02:00,2026-10-03 18:42:00+02:00,2026-10-03 18:42:00+02:00,2026-10-03,18,Saturday,True,1.0139833333333332
20261003_164052,2026-10-03 16:40:59.161000+00:00,Basel,local,ch:1:sloid:78143,"Basel, Bahnhof SBB",ch:1:sloid:78143:3:3,2026-10-03,ch:1:sjyid:100622:plan:179bb969-166c-49b4-9bd4-1b0848782dd0,bus,Bus,30,30,30189,"Basel, Bahnhof SBB","Basel, Badischer Bahnhof",B,,2026-10-03 16:42:00+00:00,,,False,,2026-10-03 18:40:59.161000+02:00,2026-10-03 18:42:00+02:00,,2026-10-03,18,Saturday,True,1.0139833333333332
20261003_164052,2026-10-03 16:40:59.161000+00:00,Basel,local,ch:1:sloid:78143,"Basel, Bahnhof SBB",ch:1:sloid:78143:3:7,2026-10-03,ch:1:sjyid:100019:plan:1facdc8e-1fd8-4689-93cc-1a6c806b2309,bus,Bus,37,37,37278,"Basel, Bahnhof SBB",Münchenstein Bahnhof,K,,2026-10-03 16:42:00+00:00,2026-10-03 16:42:06+00:00,,True,0.1,2026-10-03 18:40:59.161000+02:00,2026-10-03 18:42:00+02:00,2026-10-03 18:42:06+02:00,2026-10-03,18,Saturday,True,1.0139833333333332
20261003_164052,2026-10-03 16:40:59.161000+00:00,Basel,local,ch:1:sloid:78143,"Basel, Bahnhof SBB",ch:1:sloid:78143:1:35,2026-10-03,ch:1:sjyid:100019:plan:c19607a5-fb65-4bd2-81c9-676ed940c12c,tram,Tram,10,10,10436,"Dornach, Bahnhof","Ettingen, Dorf",H,,2026-10-03 16:43:00+00:00,2026-10-03 16:44:24+00:00,,True,1.4,2026-10-03 18:40:59.161000+02:00,2026-10-03 18:43:00+02:00,2026-10-03 18:44:24+02:00,2026-10-03,18,Saturday,True,2.0139833333333335
20261003_164052,2026-10-03 16:40:59.161000+00:00,Basel,local,ch:1:sloid:78143,"Basel, Bahnhof SBB",ch:1:sloid:78143:1:32,2026-10-03,ch:1:sjyid:100622:plan:24235585-70e1-40e3-90d9-e7dd9aefcada,tram,Tram,2,2,2194,"Basel, Badischer Bahnhof","Binningen, Kronenplatz",E,,2026-10-03 16:43:24+00:00,2026-10-03 16:44:18+00:00,,True,0.9,2026-10-03 18:40:59.161000+02:00,2026-10-03 18:43:24+02:00,2026-10-03 18:44:18+02:00,2026-10-03,18,Saturday,True,2.4139833333333334
20261003_164052,2026-10-03 16:40:59.161000+00:00,Basel,local,ch:1:sloid:78143,"Basel, Bahnhof SBB",ch:1:sloid:78143:1:34,2026-10-03,ch:1:sjyid:100019:plan:b897df58-81ec-4319-8377-382165a63b61,tram,Tram,10,10,10515,"Ettingen, Dorf",Dornach Bahnhof,G,,2026-10-03 16:43:00+00:00,2026-10-03 16:43:54+00:00,,True,0.9,2026-10-03 18:40:59.161000+02:00,2026-10-03 18:43:00+02:00,2026-10-03 18:43:54+02:00,2026-10-03,18,Saturday,True,2.0139833333333335
20261003_164052,2026-10-03 16:40:59.161000+00:00,Basel,local,ch:1:sloid:78143,"Basel, Bahnhof SBB",ch:1:sloid:78143:1:33,2026-10-03,ch:1:sjyid:100622:plan:cc3cee6c-ce6a-47bc-ba99-8b1ce0f21cda,tram,Tram,8,8,8211,"Basel, Neuweilerstrasse",Weil am Rhein (D) Bahnhof / Zentrum,F,,2026-10-03 16:44:00+00:00,2026-10-03 16:44:18+00:00,,True,0.3,2026-10-03 18:40:59.161000+02:00,2026-10-03 18:44:00+02:00,2026-10-03 18:44:18+02:00,2026-10-03,18,Saturday,True,3.0139833333333335
20261003_164052,2026-10-03 16:40:59.161000+00:00,Basel,local,ch:1:sloid:78143,"Basel, Bahnhof SBB",ch:1:sloid:78143:1:31,2026-10-03,ch:1:sjyid:100622:plan:5e424c2f-df91-4de6-9c55-0ea1848b78dd,tram,Tram,1,1,1206,"Basel, Bahnhof SBB","Basel, Dreirosenbrücke",D,,2026-10-03 16:44:12+00:00,2026-10-03 16:44:12+00:00,,True,0.0,2026-10-03 18:40:59.161000+02:00,2026-10-03 18:44:12+02:00,2026-10-03 18:44:12+02:00,2026-10-03,18,Saturday,True,3.213983333333333
20261003_164052,2026-10-03 16:40:59.161000+00:00,Basel,local,ch:1:sloid:78143,"Basel, Bahnhof SBB",ch:1:sloid:78143:1:34,2026-10-03,ch:1:sjyid:100019:plan:39d80e03-bab9-4cf8-947b-6e6f2a2c6eee,tram,Tram,11,11,38449,"Basel, St-Louis Grenze","Basel, Dreispitz",G,,2026-10-03 16:45:36+00:00,2026-10-03 16:45:30+00:00,,True,-0.1,2026-10-03 18:40:59.161000+02:00,2026-10-03 18:45:36+02:00,2026-10-03 18:45:30+02:00,2026-10-03,18,Saturday,True,4.6139833333333335
20261003_164052,2026-10-03 16:40:59.161000+00:00,Basel,local,ch:1:sloid:78143,"Basel, Bahnhof SBB",ch:1:sloid:78143:1:32,2026-10-03,ch:1:sjyid:100622:plan:bb6d1008-241e-4846-bad5-b23fc76d1ec6,tram,Tram,8,8,8198,"Weil am Rhein, Bahnhof/Zentrum","Basel, Neuweilerstrasse",E,,2026-10-03 16:48:18+00:00,2026-10-03 16:49:12+00:00,,True,0.9,2026-10-03 18:40:59.161000+02:00,2026-10-03 18:48:18+02:00,2026-10-03 18:49:12+02:00,2026-10-03,18,Saturday,True,7.313983333333334
20261003_164052,2026-10-03 16:40:59.161000+00:00,Basel,local,ch:1:sloid:78143,"Basel, Bahnhof SBB",ch:1:sloid:78143:1:35,2026-10-03,ch:1:sjyid:100019:plan:ece9f8d9-b146-490c-8872-505791315402,tram,Tram,11,11,38450,"Basel, Dreispitz","Basel, Saint-Louis Grenze",H,,2026-10-03 16:47:36+00:00,2026-10-03 16:47:36+00:00,,True,0.0,2026-10-03 18:40:59.161000+02:00,2026-10-03 18:47:36+02:00,2026-10-03 18:47:36+02:00,2026-10-03,18,Saturday,True,6.6139833333333335
20261003_164052,2026-10-03 16:40:59.161000+00:00,Basel,local,ch:1:sloid:78143,"Basel, Bahnhof SBB",ch:1:sloid:78143:1:33,2026-10-03,ch:1:sjyid:100622:plan:f30cfaf6-847f-4bbe-aa33-6f3fd7b6eaac,tram,Tram,2,2,2197,"Binningen, Kronenplatz","Basel, Badischer Bahnhof",F,,2026-10-03 16:47:18+00:00,2026-10-03 16:47:36+00:00,,True,0.3,2026-10-03 18:40:59.161000+02:00,2026-10-03 18:47:18+02:00,2026-10-03 18:47:36+02:00,2026-10-03,18,Saturday,True,6.313983333333334
20261003_164052,2026-10-03 16:40:59.161000+00:00,Basel,local,ch:1:sloid:78143,"Basel, Bahnhof SBB",ch:1:sloid:78143:3:3,2026-10-03,ch:1:sjyid:100622:plan:608a7824-9f52-4523-a398-03f0938da8db,bus,Bus,30,30,30191,"Basel, Bahnhof SBB","Basel, Badischer Bahnhof",B,,2026-10-03 16:49:30+00:00,2026-10-03 16:49:30+00:00,,True,0.0,2026-10-03 18:40:59.161000+02:00,2026-10-03 18:49:30+02:00,2026-10-03 18:49:30+02:00,2026-10-03,18,Saturday,True,8.513983333333334
20261003_164052,2026-10-03 16:40:59.161000+00:00,Basel,local,ch:1:sloid:78143,"Basel, Bahnhof SBB",ch:1:sloid:78143:3:5,2026-10-03,ch:1:sjyid:100622:plan:d72f9dd1-e83b-40cc-a3c3-71bb1529697a,bus,Bus,48,48,48101,"Basel, Bahnhof SBB","Basel, Bachgraben",A,,2026-10-03 16:49:48+00:00,2026-10-03 16:49:48+00:00,,True,0.0,2026-10-03 18:40:59.161000+02:00,2026-10-03 18:49:48+02:00,2026-10-03 18:49:48+02:00,2026-10-03,18,Saturday,True,8.813983333333335
20261003_164052,2026-10-03 16:40:59.161000+00:00,Basel,local,ch:1:sloid:78143,"Basel, Bahnhof SBB",ch:1:sloid:78143:1:35,2026-10-03,ch:1:sjyid:100019:plan:3c77630d-f9e6-4e05-8b8c-6c9d2f0ee103,tram,Tram,10,10,10440,"Dornach, Bahnhof","Flüh, Station",H,,2026-10-03 16:50:00+00:00,2026-10-03 16:51:00+00:00,,True,1.0,2026-10-03 18:40:59.161000+02:00,2026-10-03 18:50:00+02:00,2026-10-03 18:51:00+02:00,2026-10-03,18,Saturday,True,9.013983333333334
20261003_164052,2026-10-03 16:40:59.161000+00:00,Basel,local,ch:1:sloid:78143,"Basel, Bahnhof SBB",ch:1:sloid:78143:1:32,2026-10-03,ch:1:sjyid:100622:plan:d8631ac0-d843-4bf6-a805-b1798cd3ec61,tram,Tram,2,2,2196,"Basel, Badischer Bahnhof","Binningen, Kronenplatz",E,,2026-10-03 16:50:54+00:00,2026-10-03 16:50:54+00:00,,True,0.0,2026-10-03 18:40:59.161000+02:00,2026-10-03 18:50:54+02:00,2026-10-03 18:50:54+02:00,2026-10-03,18,Saturday,True,9.913983333333334
20261003_164052,2026-10-03 16:40:59.161000+00:00,Basel,local,ch:1:sloid:78143,"Basel, Bahnhof SBB",ch:1:sloid:78143:1:34,2026-10-03,ch:1:sjyid:100019:plan:469ca0b0-2310-4df0-81a7-dca0950901aa,tram,Tram,10,10,10513,"Rodersdorf, Station",Dornach Bahnhof,G,,2026-10-03 16:50:00+00:00,2026-10-03 16:50:54+00:00,,True,0.9,2026-10-03 18:40:59.161000+02:00,2026-10-03 18:50:00+02:00,2026-10-03 18:50:54+02:00,2026-10-03,18,Saturday,True,9.013983333333334
20261003_164052,2026-10-03 16:40:59.161000+00:00,Basel,local,ch:1:sloid:78143,"Basel, Bahnhof SBB",ch:1:sloid:78143:1:33,2026-10-03,ch:1:sjyid:100622:plan:b2776299-9f62-4ce8-839f-7d7931762916,tram,Tram,8,8,8213,"Basel, Neuweilerstrasse",Weil am Rhein (D) Bahnhof / Zentrum,F,,2026-10-03 16:51:30+00:00,2026-10-03 16:51:18+00:00,,True,-0.2,2026-10-03 18:40:59.161000+02:00,2026-10-03 18:51:30+02:00,2026-10-03 18:51:18+02:00,2026-10-03,18,Saturday,True,10.513983333333334
20261003_164052,2026-10-03 16:40:59.161000+00:00,Basel,local,ch:1:sloid:78143,"Basel, Bahnhof SBB",ch:1:sloid:78143:1:31,2026-10-03,ch:1:sjyid:100622:plan:7e7204b9-09d5-41bf-b2ac-e35c07cfe189,tram,Tram,1,1,1208,"Basel, Bahnhof SBB","Basel, Dreirosenbrücke",D,,2026-10-03 16:51:42+00:00,2026-10-03 16:51:42+00:00,,True,0.0,2026-10-03 18:40:59.161000+02:00,2026-10-03 18:51:42+02:00,2026-10-03 18:51:42+02:00,2026-10-03,18,Saturday,True,10.713983333333335
20261003_164052,2026-10-03 16:40:59.161000+00:00,Basel,local,ch:1:sloid:78143,"Basel, Bahnhof SBB",ch:1:sloid:78143:3:3,2026-10-03,ch:1:sjyid:100622:plan:a99f1641-03d4-49c9-8aea-0a435aa45032,bus,Bus,50,50,50209,"Basel, Bahnhof SBB","Basel, EuroAirport",B,,2026-10-03 16:52:00+00:00,2026-10-03 16:52:00+00:00,,True,0.0,2026-10-03 18:40:59.161000+02:00,2026-10-03 18:52:00+02:00,2026-10-03 18:52:00+02:00,2026-10-03,18,Saturday,True,11.013983333333334
20261003_164052,2026-10-03 16:40:59.161000+00:00,Basel,local,ch:1:sloid:78143,"Basel, Bahnhof SBB",ch:1:sloid:78143:1:34,2026-10-03,ch:1:sjyid:100019:plan:24af6136-53f2-4e44-b293-f7ffa1b8d2ce,tram,Tram,11,11,38455,"Basel, St-Louis Grenze","Basel, Dreispitz",G,,2026-10-03 16:53:06+00:00,2026-10-03 16:53:42+00:00,,True,0.6,2026-10-03 18:40:59.161000+02:00,2026-10-03 18:53:06+02:00,2026-10-03 18:53:42+02:00,2026-10-03,18,Saturday,True,12.113983333333334
20261003_164052,2026-10-03 16:40:59.161000+00:00,Basel,local,ch:1:sloid:78143,"Basel, Bahnhof SBB",ch:1:sloid:78143:1:32,2026-10-03,ch:1:sjyid:100622:plan:462a21b7-8848-4655-8fc0-a0d5e1a24350,tram,Tram,8,8,8200,"Weil am Rhein, Bahnhof/Zentrum","Basel, Neuweilerstrasse",E,,2026-10-03 16:55:48+00:00,2026-10-03 16:56:06+00:00,,True,0.3,2026-10-03 18:40:59.161000+02:00,2026-10-03 18:55:48+02:00,2026-10-03 18:56:06+02:00,2026-10-03,18,Saturday,True,14.813983333333335
20261003_164052,2026-10-03 16:40:59.161000+00:00,Basel,local,ch:1:sloid:78143,"Basel, Bahnhof SBB",ch:1:sloid:78143:1:33,2026-10-03,ch:1:sjyid:100622:plan:86fb8eb8-f43e-4c13-ad7c-7e701a3085eb,tram,Tram,2,2,2199,"Binningen, Kronenplatz","Basel, Badischer Bahnhof",F,,2026-10-03 16:54:48+00:00,2026-10-03 16:54:48+00:00,,True,0.0,2026-10-03 18:40:59.161000+02:00,2026-10-03 18:54:48+02:00,2026-10-03 18:54:48+02:00,2026-10-03,18,Saturday,True,13.813983333333335
20261003_164052,2026-10-03 16:40:59.161000+00:00,Basel,local,ch:1:sloid:78143,"Basel, Bahnhof SBB",ch:1:sloid:78143:1:35,2026-10-03,ch:1:sjyid:100019:plan:d1405f38-740e-4273-bff7-a7b6c67bffed,tram,Tram,11,11,38456,"Basel, Dreispitz","Basel, Saint-Louis Grenze",H,,2026-10-03 16:55:06+00:00,2026-10-03 16:55:06+00:00,,True,0.0,2026-10-03 18:40:59.161000+02:00,2026-10-03 18:55:06+02:00,2026-10-03 18:55:06+02:00,2026-10-03,18,Saturday,True,14.113983333333334
20261003_164052,2026-10-03 16:40:59.161000+00:00,Basel,local,ch:1:sloid:78143,"Basel, Bahnhof SBB",ch:1:sloid:78143:3:3,2026-10-03,ch:1:sjyid:100622:plan:e9e17022-89ea-4305-9a34-c216569a9417,bus,Bus,30,30,30193,"Basel, Bahnhof SBB","Basel, Badischer Bahnhof",B,,2026-10-03 16:57:00+00:00,2026-10-03 16:57:00+00:00,,True,0.0,2026-10-03 18:40:59.161000+02:00,2026-10-03 18:57:00+02:00,2026-10-03 18:57:00+02:00,2026-10-03,18,Saturday,True,16.013983333333336
20261003_164052,2026-10-03 16:40:59.983000+00:00,Luzern,local,ch:1:sloid:8450,"Luzern, Bahnhof",ch:1:sloid:8450::2,2026-10-03,ch:1:sjyid:100619:plan:596438fb-e12d-4b74-a96d-34ac94097e81,bus,Bus,7,7,25894,"Horw, Biregghof",Unterlöchli,B,,2026-10-03 16:39:00+00:00,2026-10-03 16:41:30+00:00,,True,2.5,2026-10-03 18:40:59.983000+02:00,2026-10-03 18:39:00+02:00,2026-10-03 18:41:30+02:00,2026-10-03,18,Saturday,True,-1.9997166666666668
20261003_164052,2026-10-03 16:40:59.983000+00:00,Luzern,local,ch:1:sloid:8450,"Luzern, Bahnhof",ch:1:sloid:8450::2,2026-10-03,ch:1:sjyid:100619:plan:6492dd95-f8ac-422b-84a6-a0397bff184c,bus,Bus,1,1,5038,"Obernau, Dorf",Ebikon Fildern,B,,2026-10-03 16:40:48+00:00,2026-10-03 16:40:48+00:00,,True,0.0,2026-10-03 18:40:59.983000+02:00,2026-10-03 18:40:48+02:00,2026-10-03 18:40:48+02:00,2026-10-03,18,Saturday,True,-0.19971666666666668
20261003_164052,2026-10-03 16:40:59.983000+00:00,Luzern,local,ch:1:sloid:8450,"Luzern, Bahnhof",ch:1:sloid:8450::23,2026-10-03,ch:1:sjyid:100619:plan:59fbb7dc-5483-411b-94b4-137ad8a44ff3,bus,Bus,2,2,10603,"Luzern, Bahnhof",E'brücke Sprengi,Y,,2026-10-03 16:40:00+00:00,2026-10-03 16:40:00+00:00,,True,0.0,2026-10-03 18:40:59.983000+02:00,2026-10-03 18:40:00+02:00,2026-10-03 18:40:00+02:00,2026-10-03,18,Saturday,True,-0.9997166666666666
20261003_164052,2026-10-03 16:40:59.983000+00:00,Luzern,local,ch:1:sloid:8450,"Luzern, Bahnhof",ch:1:sloid:8450::1,2026-10-03,ch:1:sjyid:100619:plan:4025297b-5183-43d2-85d0-7be2988ce030,bus,Bus,8,8,29627,"Luzern, Würzenbach",Hirtenhof,A,,2026-10-03 16:41:00+00:00,2026-10-03 16:43:24+00:00,,True,2.4,2026-10-03 18:40:59.983000+02:00,2026-10-03 18:41:00+02:00,2026-10-03 18:43:24+02:00,2026-10-03,18,Saturday,True,0.00028333333333333335
20261003_164052,2026-10-03 16:40:59.983000+00:00,Luzern,local,ch:1:sloid:8450,"Luzern, Bahnhof",ch:1:sloid:8450::20,2026-10-03,ch:1:sjyid:100619:plan:1681a562-2834-4d80-bccb-8e4a53d08511,bus,Bus,12,12,85277,"Luzern, Bahnhof",Gasshof,M,,2026-10-03 16:41:00+00:00,2026-10-03 16:41:00+00:00,,True,0.0,2026-10-03 18:40:59.983000+02:00,2026-10-03 18:41:00+02:00,2026-10-03 18:41:00+02:00,2026-10-03,18,Saturday,True,0.00028333333333333335
20261003_164052,2026-10-03 16:40:59.983000+00:00,Luzern,local,ch:1:sloid:8450,"Luzern, Bahnhof",ch:1:sloid:8450::2,2026-10-03,ch:1:sjyid:100619:plan:d0d5272d-7c66-4ffc-aec1-88cd3a739203,bus,Bus,6,6,22132,"Luzern, Matthof",Büttenenhalde,B,,2026-10-03 16:43:00+00:00,2026-10-03 16:45:36+00:00,,True,2.6,2026-10-03 18:40:59.983000+02:00,2026-10-03 18:43:00+02:00,2026-10-03 18:45:36+02:00,2026-10-03,18,Saturday,True,2.0002833333333334
20261003_164052,2026-10-03 16:40:59.983000+00:00,Luzern,local,ch:1:sloid:8450,"Luzern, Bahnhof",ch:1:sloid:8450::2,2026-10-03,ch:1:sjyid:100619:plan:12dee33c-c3e9-484f-8cd5-ff95a4ce7fb7,bus,Bus,14,14,39456,"Horw, Zentrum",Brüelstrasse,B,,2026-10-03 16:44:30+00:00,2026-10-03 16:51:54+00:00,,True,7.4,2026-10-03 18:40:59.983000+02:00,2026-10-03 18:44:30+02:00,2026-10-03 18:51:54+02:00,2026-10-03,18,Saturday,True,3.5002833333333334
20261003_164052,2026-10-03 16:40:59.983000+00:00,Luzern,local,ch:1:sloid:8450,"Luzern, Bahnhof",ch:1:sloid:8450::11,2026-10-03,ch:1:sjyid:100619:plan:eb6702eb-c948-4a84-9bd9-5e4bc7f216ce,bus,Bus,19,19,45864,"Luzern, Bahnhof",Friedental,R,,2026-10-03 16:45:00+00:00,2026-10-03 16:45:00+00:00,,True,0.0,2026-10-03 18:40:59.983000+02:00,2026-10-03 18:45:00+02:00,2026-10-03 18:45:00+02:00,2026-10-03,18,Saturday,True,4.000283333333333
20261003_164052,2026-10-03 16:40:59.983000+00:00,Luzern,local,ch:1:sloid:8450,"Luzern, Bahnhof",ch:1:sloid:8450::17,2026-10-03,ch:1:sjyid:100619:plan:71e07f0e-001c-4d1b-80d5-a8eecb2d1086,bus,Bus,10,10,32831,"Luzern, Bahnhof",Obergütsch,W,,2026-10-03 16:45:00+00:00,2026-10-03 16:45:00+00:00,,True,0.0,2026-10-03 18:40:59.983000+02:00,2026-10-03 18:45:00+02:00,2026-10-03 18:45:00+02:00,2026-10-03,18,Saturday,True,4.000283333333333
20261003_164052,2026-10-03 16:40:59.983000+00:00,Luzern,local,ch:1:sloid:8450,"Luzern, Bahnhof",ch:1:sloid:8450::10,2026-10-03,ch:1:sjyid:100619:plan:3fae2d33-3d59-4cf5-a8f3-9d5307ca8941,bus,Bus,20,20,49103,"Luzern, Bahnhof",Horw Ennethorw,J,,2026-10-03 16:45:00+00:00,2026-10-03 16:45:00+00:00,,True,0.0,2026-10-03 18:40:59.983000+02:00,2026-10-03 18:45:00+02:00,2026-10-03 18:45:00+02:00,2026-10-03,18,Saturday,True,4.000283333333333
20261003_164052,2026-10-03 16:40:59.983000+00:00,Luzern,local,ch:1:sloid:8450,"Luzern, Bahnhof",ch:1:sloid:8450::12,2026-10-03,ch:1:sjyid:100619:plan:cbf57785-ea2c-4fb9-ba21-d4530b86132f,bus,Bus,24,24,60228,"Luzern, Bahnhof",Meggen Tschädigen,S,,2026-10-03 16:46:00+00:00,2026-10-03 16:46:00+00:00,,True,0.0,2026-10-03 18:40:59.983000+02:00,2026-10-03 18:46:00+02:00,2026-10-03 18:46:00+02:00,2026-10-03,18,Saturday,True,5.000283333333333
20261003_164052,2026-10-03 16:40:59.983000+00:00,Luzern,local,ch:1:sloid:8450,"Luzern, Bahnhof",ch:1:sloid:8450::1,2026-10-03,ch:1:sjyid:100619:plan:0e260f15-54d1-4e0b-8c69-f5c19b67269f,bus,Bus,1,1,4125,"Ebikon, Fildern",Obernau Dorf,A,,2026-10-03 16:46:00+00:00,2026-10-03 16:46:00+00:00,,True,0.0,2026-10-03 18:40:59.983000+02:00,2026-10-03 18:46:00+02:00,2026-10-03 18:46:00+02:00,2026-10-03,18,Saturday,True,5.000283333333333
20261003_164052,2026-10-03 16:40:59.983000+00:00,Luzern,local,ch:1:sloid:8450,"Luzern, Bahnhof",ch:1:sloid:8450::1,2026-10-03,ch:1:sjyid:100619:plan:35e48bdd-53e5-4b81-8671-19c842af55ac,bus,Bus,7,7,25933,"Luzern, Unterlöchli",Horw Biregghof,A,,2026-10-03 16:46:00+00:00,2026-10-03 16:47:42+00:00,,True,1.7,2026-10-03 18:40:59.983000+02:00,2026-10-03 18:46:00+02:00,2026-10-03 18:47:42+02:00,2026-10-03,18,Saturday,True,5.000283333333333
20261003_164052,2026-10-03 16:40:59.983000+00:00,Luzern,local,ch:1:sloid:8450,"Luzern, Bahnhof",ch:1:sloid:8450::2,2026-10-03,ch:1:sjyid:100619:plan:a4a2f23b-1ba6-466b-9796-a5e5f5466003,bus,Bus,1,1,5074,"Obernau, Dorf",Ebikon Fildern,B,,2026-10-03 16:47:48+00:00,2026-10-03 16:47:18+00:00,,True,-0.5,2026-10-03 18:40:59.983000+02:00,2026-10-03 18:47:48+02:00,2026-10-03 18:47:18+02:00,2026-10-03,18,Saturday,True,6.800283333333334
20261003_164052,2026-10-03 16:40:59.983000+00:00,Luzern,local,ch:1:sloid:8450,"Luzern, Bahnhof",ch:1:sloid:8450::1,2026-10-03,ch:1:sjyid:100619:plan:b3cda011-5ebe-4547-b2d4-a1fb6654158a,bus,Bus,14,14,39127,"Luzern, Brüelstrasse",Horw Zentrum,A,,2026-10-03 16:47:00+00:00,2026-10-03 16:46:36+00:00,,True,-0.4,2026-10-03 18:40:59.983000+02:00,2026-10-03 18:47:00+02:00,2026-10-03 18:46:36+02:00,2026-10-03,18,Saturday,True,6.000283333333333
20261003_164052,2026-10-03 16:40:59.983000+00:00,Luzern,local,ch:1:sloid:8450,"Luzern, Bahnhof",ch:1:sloid:8450::23,2026-10-03,ch:1:sjyid:100619:plan:3607e087-ea8c-4bc1-bb5c-c00449634231,bus,Bus,2,2,10637,"Luzern, Bahnhof",E'brücke Sprengi,Y,,2026-10-03 16:48:00+00:00,2026-10-03 16:48:00+00:00,,True,0.0,2026-10-03 18:40:59.983000+02:00,2026-10-03 18:48:00+02:00,2026-10-03 18:48:00+02:00,2026-10-03,18,Saturday,True,7.000283333333333
20261003_164052,2026-10-03 16:40:59.983000+00:00,Luzern,local,ch:1:sloid:8450,"Luzern, Bahnhof",ch:1:sloid:8450::2,2026-10-03,ch:1:sjyid:100619:plan:ba528e25-57a5-407a-a691-b09619bcdf39,bus,Bus,7,7,25922,"Horw, Biregghof",Unterlöchli,B,,2026-10-03 16:49:00+00:00,2026-10-03 16:50:30+00:00,,True,1.5,2026-10-03 18:40:59.983000+02:00,2026-10-03 18:49:00+02:00,2026-10-03 18:50:30+02:00,2026-10-03,18,Saturday,True,8.000283333333334
20261003_164052,2026-10-03 16:40:59.983000+00:00,Luzern,local,ch:1:sloid:8450,"Luzern, Bahnhof",ch:1:sloid:8450::1,2026-10-03,ch:1:sjyid:100619:plan:f1d8cee0-bbcb-435e-bafd-e421285ee8a0,bus,Bus,6,6,22145,"Luzern, Büttenenhalde",Matthof,A,,2026-10-03 16:49:00+00:00,2026-10-03 16:49:36+00:00,,True,0.6,2026-10-03 18:40:59.983000+02:00,2026-10-03 18:49:00+02:00,2026-10-03 18:49:36+02:00,2026-10-03,18,Saturday,True,8.000283333333334
20261003_164052,2026-10-03 16:40:59.983000+00:00,Luzern,local,ch:1:sloid:8450,"Luzern, Bahnhof",ch:1:sloid:8450::16,2026-10-03,ch:1:sjyid:100619:plan:41d3500c-f9d9-47b1-b74a-d1781acdafa7,bus,Bus,4,4,15457,"Luzern, Bahnhof",Hubelmatt,V,,2026-10-03 16:50:00+00:00,2026-10-03 16:50:00+00:00,,True,0.0,2026-10-03 18:40:59.983000+02:00,2026-10-03 18:50:00+02:00,2026-10-03 18:50:00+02:00,2026-10-03,18,Saturday,True,9.000283333333334
20261003_164052,2026-10-03 16:40:59.983000+00:00,Luzern,local,ch:1:sloid:8450,"Luzern, Bahnhof",ch:1:sloid:8450::2,2026-10-03,ch:1:sjyid:100619:plan:d8a6fe24-55ab-423f-a0d9-a2504cc1f89e,bus,Bus,8,8,29380,"Luzern, Hirtenhof",Würzenbach,B,,2026-10-03 16:51:00+00:00,2026-10-03 16:51:12+00:00,,True,0.2,2026-10-03 18:40:59.983000+02:00,2026-10-03 18:51:00+02:00,2026-10-03 18:51:12+02:00,2026-10-03,18,Saturday,True,10.000283333333334
20261003_164052,2026-10-03 16:40:59.983000+00:00,Luzern,local,ch:1:sloid:8450,"Luzern, Bahnhof",ch:1:sloid:8450::20,2026-10-03,ch:1:sjyid:100619:plan:e9188cd1-272b-45b6-82dc-67ec4f7295df,bus,Bus,12,12,85299,"Luzern, Bahnhof",Gasshof,M,,2026-10-03 16:51:00+00:00,2026-10-03 16:51:00+00:00,,True,0.0,2026-10-03 18:40:59.983000+02:00,2026-10-03 18:51:00+02:00,2026-10-03 18:51:00+02:00,2026-10-03,18,Saturday,True,10.000283333333334
20261003_164052,2026-10-03 16:40:59.983000+00:00,Luzern,local,ch:1:sloid:8450,"Luzern, Bahnhof",ch:1:sloid:8450::15,2026-10-03,ch:1:sjyid:100602:9c27463b-2253-4e36-9f78-b44a70fa92c2,bus,Bus,73,73,73171,"Luzern, Bahnhof",Udligenswil,U,,2026-10-03 16:52:00+00:00,2026-10-03 16:52:00+00:00,,True,0.0,2026-10-03 18:40:59.983000+02:00,2026-10-03 18:52:00+02:00,2026-10-03 18:52:00+02:00,2026-10-03,18,Saturday,True,11.000283333333334
20261003_164052,2026-10-03 16:40:59.983000+00:00,Luzern,local,ch:1:sloid:8450,"Luzern, Bahnhof",ch:1:sloid:8450::1,2026-10-03,ch:1:sjyid:100619:plan:6a381ab1-1611-4589-b807-b1c2c11c545c,bus,Bus,1,1,4151,"Ebikon, Fildern",Obernau Dorf,A,,2026-10-03 16:54:00+00:00,2026-10-03 16:55:30+00:00,,True,1.5,2026-10-03 18:40:59.983000+02:00,2026-10-03 18:54:00+02:00,2026-10-03 18:55:30+02:00,2026-10-03,18,Saturday,True,13.000283333333334
20261003_164052,2026-10-03 16:40:59.983000+00:00,Luzern,local,ch:1:sloid:8450,"Luzern, Bahnhof",ch:1:sloid:8450::2,2026-10-03,ch:1:sjyid:100619:plan:3ea36fb1-fa33-41df-9d26-f7aa87217783,bus,Bus,1,1,5106,"Obernau, Dorf",Ebikon Fildern,B,,2026-10-03 16:55:48+00:00,2026-10-03 16:56:00+00:00,,True,0.2,2026-10-03 18:40:59.983000+02:00,2026-10-03 18:55:48+02:00,2026-10-03 18:56:00+02:00,2026-10-03,18,Saturday,True,14.800283333333335
20261003_164052,2026-10-03 16:40:59.983000+00:00,Luzern,local,ch:1:sloid:8450,"Luzern, Bahnhof",ch:1:sloid:8450::11,2026-10-03,ch:1:sjyid:100619:plan:a4d60afb-8b78-4f8f-818c-21ef16557ca6,bus,Bus,19,19,45876,"Luzern, Bahnhof",Friedental,R,,2026-10-03 16:55:00+00:00,2026-10-03 16:55:00+00:00,,True,0.0,2026-10-03 18:40:59.983000+02:00,2026-10-03 18:55:00+02:00,2026-10-03 18:55:00+02:00,2026-10-03,18,Saturday,True,14.000283333333334
20261003_164052,2026-10-03 16:40:59.983000+00:00,Luzern,local,ch:1:sloid:8450,"Luzern, Bahnhof",ch:1:sloid:8450::23,2026-10-03,ch:1:sjyid:100619:plan:ae08f964-933d-47e8-a893-362cfbdc2941,bus,Bus,2,2,10661,"Luzern, Bahnhof",E'brücke Sprengi,Y,,2026-10-03 16:55:00+00:00,2026-10-03 16:55:00+00:00,,True,0.0,2026-10-03 18:40:59.983000+02:00,2026-10-03 18:55:00+02:00,2026-10-03 18:55:00+02:00,2026-10-03,18,Saturday,True,14.000283333333334
20261003_164052,2026-10-03 16:40:59.983000+00:00,Luzern,local,ch:1:sloid:8450,"Luzern, Bahnhof",ch:1:sloid:8450::1,2026-10-03,ch:1:sjyid:100619:plan:9fdffe44-42b9-4c6c-9fcd-e23803c00437,bus,Bus,7,7,25955,"Luzern, Unterlöchli",Horw Biregghof,A,,2026-10-03 16:56:00+00:00,2026-10-03 16:56:00+00:00,,True,0.0,2026-10-03 18:40:59.983000+02:00,2026-10-03 18:56:00+02:00,2026-10-03 18:56:00+02:00,2026-10-03,18,Saturday,True,15.000283333333334
20261003_164052,2026-10-03 16:40:59.983000+00:00,Luzern,local,ch:1:sloid:8450,"Luzern, Bahnhof",ch:1:sloid:8450::1,2026-10-03,ch:1:sjyid:100619:plan:063db559-ea24-4110-b247-b7cff34d08dd,bus,Bus,8,8,29665,"Luzern, Würzenbach",Hirtenhof,A,,2026-10-03 16:56:00+00:00,2026-10-03 16:56:00+00:00,,True,0.0,2026-10-03 18:40:59.983000+02:00,2026-10-03 18:56:00+02:00,2026-10-03 18:56:00+02:00,2026-10-03,18,Saturday,True,15.000283333333334
20261003_164052,2026-10-03 16:40:59.983000+00:00,Luzern,local,ch:1:sloid:8450,"Luzern, Bahnhof",ch:1:sloid:8450::2,2026-10-03,ch:1:sjyid:100619:plan:a57dbfce-8655-45b4-a323-07f8a835bc76,bus,Bus,6,6,22150,"Luzern, Matthof",Büttenenhalde,B,,2026-10-03 16:58:00+00:00,2026-10-03 16:58:00+00:00,,True,0.0,2026-10-03 18:40:59.983000+02:00,2026-10-03 18:58:00+02:00,2026-10-03 18:58:00+02:00,2026-10-03,18,Saturday,True,17.000283333333336
20261003_164052,2026-10-03 16:40:59.983000+00:00,Luzern,local,ch:1:sloid:8450,"Luzern, Bahnhof",ch:1:sloid:8450::2,2026-10-03,ch:1:sjyid:100619:plan:aa46ff86-5b4d-4752-b4ad-a4b2681c8b34,bus,Bus,7,7,25944,"Horw, Biregghof",Unterlöchli,B,,2026-10-03 16:59:00+00:00,2026-10-03 16:59:00+00:00,,True,0.0,2026-10-03 18:40:59.983000+02:00,2026-10-03 18:59:00+02:00,2026-10-03 18:59:00+02:00,2026-10-03,18,Saturday,True,18.000283333333336
20261003_164052,2026-10-03 16:41:00.586000+00:00,St. Gallen,local,ch:1:sloid:74095,"St. Gallen, Bahnhof",ch:1:sloid:74095:0:174964,2026-10-03,ch:1:sjyid:100684:SKI-9277,bus,Bus,9,9,9277,"St. Gallen, Rotmonten",Hölzli,C,,2026-10-03 16:40:00+00:00,2026-10-03 16:41:06+00:00,,True,1.1,2026-10-03 18:41:00.586000+02:00,2026-10-03 18:40:00+02:00,2026-10-03 18:41:06+02:00,2026-10-03,18,Saturday,True,-1.0097666666666667
20261003_164052,2026-10-03 16:41:00.586000+00:00,St. Gallen,local,ch:1:sloid:74095,"St. Gallen, Bahnhof",ch:1:sloid:74095:0:606657,2026-10-03,ch:1:sjyid:100684:SKI-7286,bus,Bus,7,7,7286,"St. Gallen, Hinterberg",Neudorf / R'str.,I,,2026-10-03 16:40:00+00:00,2026-10-03 16:41:00+00:00,,True,1.0,2026-10-03 18:41:00.586000+02:00,2026-10-03 18:40:00+02:00,2026-10-03 18:41:00+02:00,2026-10-03,18,Saturday,True,-1.0097666666666667
20261003_164052,2026-10-03 16:41:00.586000+00:00,St. Gallen,local,ch:1:sloid:74095,"St. Gallen, Bahnhof",ch:1:sloid:74095:0:482413,2026-10-03,ch:1:sjyid:100602:7112e1da-64d8-4d7b-9a7e-2d35a3048210,bus,Bus,121,121,12190,"St. Gallen, Bahnhof",Heiden,D,,2026-10-03 16:42:00+00:00,2026-10-03 16:43:00+00:00,,True,1.0,2026-10-03 18:41:00.586000+02:00,2026-10-03 18:42:00+02:00,2026-10-03 18:43:00+02:00,2026-10-03,18,Saturday,True,0.9902333333333334
20261003_164052,2026-10-03 16:41:00.586000+00:00,St. Gallen,local,ch:1:sloid:74095,"St. Gallen, Bahnhof",ch:1:sloid:74095:0:989159,2026-10-03,ch:1:sjyid:100684:SKI-2443,bus,Bus,2,2,2443,"St. Gallen, Guggeien",Wolfganghof,A,,2026-10-03 16:45:00+00:00,2026-10-03 16:45:00+00:00,,True,0.0,2026-10-03 18:41:00.586000+02:00,2026-10-03 18:45:00+02:00,2026-10-03 18:45:00+02:00,2026-10-03,18,Saturday,True,3.9902333333333333
20261003_164052,2026-10-03 16:41:00.586000+00:00,St. Gallen,local,ch:1:sloid:74095,"St. Gallen, Bahnhof",ch:1:sloid:74095:0:888081,2026-10-03,ch:1:sjyid:100684:SKI-3263,bus,Bus,3,3,3263,"Wittenbach, Bahnhof","Abtwil SG, St.Josefen",F,,2026-10-03 16:45:00+00:00,2026-10-03 16:46:48+00:00,,True,1.8,2026-10-03 18:41:00.586000+02:00,2026-10-03 18:45:00+02:00,2026-10-03 18:46:48+02:00,2026-10-03,18,Saturday,True,3.9902333333333333
20261003_164052,2026-10-03 16:41:00.586000+00:00,St. Gallen,local,ch:1:sloid:74095,"St. Gallen, Bahnhof",ch:1:sloid:74095:0:886128,2026-10-03,ch:1:sjyid:100602:9b4ce685-53eb-41c7-b823-ebe4d658212a,bus,Bus,200,200,30008,"St. Gallen, Bahnhof",Wittenbach  Arbon,G,,2026-10-03 16:45:00+00:00,2026-10-03 16:45:00+00:00,,True,0.0,2026-10-03 18:41:00.586000+02:00,2026-10-03 18:45:00+02:00,2026-10-03 18:45:00+02:00,2026-10-03,18,Saturday,True,3.9902333333333333
20261003_164052,2026-10-03 16:41:00.586000+00:00,St. Gallen,local,ch:1:sloid:74095,"St. Gallen, Bahnhof",ch:1:sloid:74095:0:888081,2026-10-03,ch:1:sjyid:100695:9285ec36-9264-40cf-9317-aaf54845838d,bus,Bus,151,151,51230,"St. Gallen, Bahnhof",Gossau Bhf,F,,2026-10-03 16:45:00+00:00,2026-10-03 16:47:06+00:00,,True,2.1,2026-10-03 18:41:00.586000+02:00,2026-10-03 18:45:00+02:00,2026-10-03 18:47:06+02:00,2026-10-03,18,Saturday,True,3.9902333333333333
20261003_164052,2026-10-03 16:41:00.586000+00:00,St. Gallen,local,ch:1:sloid:74095,"St. Gallen, Bahnhof",ch:1:sloid:74095:0:181274,2026-10-03,ch:1:sjyid:100684:SKI-1446,bus,Bus,1,1,1446,"St. Gallen, Wolfganghof",Stephanshorn,B,,2026-10-03 16:46:00+00:00,2026-10-03 16:46:00+00:00,,True,0.0,2026-10-03 18:41:00.586000+02:00,2026-10-03 18:46:00+02:00,2026-10-03 18:46:00+02:00,2026-10-03,18,Saturday,True,4.990233333333333
20261003_164052,2026-10-03 16:41:00.586000+00:00,St. Gallen,local,ch:1:sloid:74095,"St. Gallen, Bahnhof",ch:1:sloid:74095:0:541287,2026-10-03,ch:1:sjyid:100684:SKI-6457,bus,Bus,6,6,6457,"St. Gallen, Heiligkreuz",Bach St.Georgen,H,,2026-10-03 16:48:00+00:00,2026-10-03 16:49:12+00:00,,True,1.2,2026-10-03 18:41:00.586000+02:00,2026-10-03 18:48:00+02:00,2026-10-03 18:49:12+02:00,2026-10-03,18,Saturday,True,6.990233333333333
20261003_164052,2026-10-03 16:41:00.586000+00:00,St. Gallen,local,ch:1:sloid:74095,"St. Gallen, Bahnhof",ch:1:sloid:74095:0:482413,2026-10-03,ch:1:sjyid:100602:e7cf830d-7f04-43e6-88a3-ef60a948b424,bus,Bus,242,242,24276,"St. Gallen, Bahnhof",Rheineck,D,,2026-10-03 16:48:00+00:00,2026-10-03 16:48:00+00:00,,True,0.0,2026-10-03 18:41:00.586000+02:00,2026-10-03 18:48:00+02:00,2026-10-03 18:48:00+02:00,2026-10-03,18,Saturday,True,6.990233333333333
20261003_164052,2026-10-03 16:41:00.586000+00:00,St. Gallen,local,ch:1:sloid:74095,"St. Gallen, Bahnhof",ch:1:sloid:74095:0:541287,2026-10-03,ch:1:sjyid:100684:SKI-8299,bus,Bus,8,8,8299,"St. Gallen, Neudorf/R'str.",Wendeplatz Stocken,H,,2026-10-03 16:50:00+00:00,2026-10-03 16:50:00+00:00,,True,0.0,2026-10-03 18:41:00.586000+02:00,2026-10-03 18:50:00+02:00,2026-10-03 18:50:00+02:00,2026-10-03,18,Saturday,True,8.990233333333332
20261003_164052,2026-10-03 16:41:00.586000+00:00,St. Gallen,local,ch:1:sloid:74095,"St. Gallen, Bahnhof",ch:1:sloid:74095:0:606657,2026-10-03,ch:1:sjyid:100684:SKI-8284,bus,Bus,8,8,8284,"St. Gallen, Wendeplatz Stocken",Neudorf / R'str.,I,,2026-10-03 16:50:00+00:00,2026-10-03 16:50:00+00:00,,True,0.0,2026-10-03 18:41:00.586000+02:00,2026-10-03 18:50:00+02:00,2026-10-03 18:50:00+02:00,2026-10-03,18,Saturday,True,8.990233333333332
20261003_164052,2026-10-03 16:41:00.586000+00:00,St. Gallen,local,ch:1:sloid:74095,"St. Gallen, Bahnhof",ch:1:sloid:74095:0:606657,2026-10-03,ch:1:sjyid:100684:SKI-10258,bus,Bus,10,10,10258,"St. Gallen, Bahnhof",Röteli,I,,2026-10-03 16:51:00+00:00,2026-10-03 16:53:54+00:00,,True,2.9,2026-10-03 18:41:00.586000+02:00,2026-10-03 18:51:00+02:00,2026-10-03 18:53:54+02:00,2026-10-03,18,Saturday,True,9.990233333333332
20261003_164052,2026-10-03 16:41:00.586000+00:00,St. Gallen,local,ch:1:sloid:74095,"St. Gallen, Bahnhof",ch:1:sloid:74095:0:989159,2026-10-03,ch:1:sjyid:100684:SKI-1459,bus,Bus,1,1,1459,"St. Gallen, Stephanshorn",Winkeln,A,,2026-10-03 16:53:00+00:00,2026-10-03 16:53:00+00:00,,True,0.0,2026-10-03 18:41:00.586000+02:00,2026-10-03 18:53:00+02:00,2026-10-03 18:53:00+02:00,2026-10-03,18,Saturday,True,11.990233333333332
20261003_164052,2026-10-03 16:41:00.586000+00:00,St. Gallen,local,ch:1:sloid:74095,"St. Gallen, Bahnhof",ch:1:sloid:74095:0:606657,2026-10-03,ch:1:sjyid:100684:SKI-5440,bus,Bus,5,5,5440,"St. Gallen, Riethüsli",Rotmonten,I,,2026-10-03 16:53:00+00:00,2026-10-03 16:53:00+00:00,,True,0.0,2026-10-03 18:41:00.586000+02:00,2026-10-03 18:53:00+02:00,2026-10-03 18:53:00+02:00,2026-10-03,18,Saturday,True,11.990233333333332
20261003_164052,2026-10-03 16:41:00.586000+00:00,St. Gallen,local,ch:1:sloid:74095,"St. Gallen, Bahnhof",ch:1:sloid:74095:0:181274,2026-10-03,ch:1:sjyid:100684:SKI-2452,bus,Bus,2,2,2452,"St. Gallen, Winkeln",Guggeien,B,,2026-10-03 16:53:00+00:00,2026-10-03 16:53:00+00:00,,True,0.0,2026-10-03 18:41:00.586000+02:00,2026-10-03 18:53:00+02:00,2026-10-03 18:53:00+02:00,2026-10-03,18,Saturday,True,11.990233333333332
20261003_164052,2026-10-03 16:41:00.586000+00:00,St. Gallen,local,ch:1:sloid:74095,"St. Gallen, Bahnhof",ch:1:sloid:74095:0:541287,2026-10-03,ch:1:sjyid:100684:SKI-5455,bus,Bus,5,5,5455,"St. Gallen, Rotmonten",Riethüsli,H,,2026-10-03 16:56:00+00:00,2026-10-03 16:56:00+00:00,,True,0.0,2026-10-03 18:41:00.586000+02:00,2026-10-03 18:56:00+02:00,2026-10-03 18:56:00+02:00,2026-10-03,18,Saturday,True,14.990233333333332
20261003_164052,2026-10-03 16:41:00.586000+00:00,St. Gallen,local,ch:1:sloid:74095,"St. Gallen, Bahnhof",ch:1:sloid:74095:0:943524,2026-10-03,ch:1:sjyid:100684:SKI-11142,bus,Bus,11,11,11142,"St. Gallen, Bahnhof","Wit., Abacus-Platz",J,,2026-10-03 16:57:00+00:00,2026-10-03 16:57:00+00:00,,True,0.0,2026-10-03 18:41:00.586000+02:00,2026-10-03 18:57:00+02:00,2026-10-03 18:57:00+02:00,2026-10-03,18,Saturday,True,15.990233333333332
20261003_164052,2026-10-03 16:41:00.586000+00:00,St. Gallen,local,ch:1:sloid:74095,"St. Gallen, Bahnhof",ch:1:sloid:74095:0:482413,2026-10-03,ch:1:sjyid:100602:06646fc3-d2fe-4ebe-b929-c34cf1194e74,bus,Bus,120,120,13004,"Engelburg, Dorfplatz",Heiden,D,,2026-10-03 16:57:00+00:00,2026-10-03 16:57:00+00:00,,True,0.0,2026-10-03 18:41:00.586000+02:00,2026-10-03 18:57:00+02:00,2026-10-03 18:57:00+02:00,2026-10-03,18,Saturday,True,15.990233333333332
20261003_164052,2026-10-03 16:41:00.586000+00:00,St. Gallen,local,ch:1:sloid:74095,"St. Gallen, Bahnhof",ch:1:sloid:74095:0:606657,2026-10-03,ch:1:sjyid:100684:SKI-9278,bus,Bus,9,9,9278,"St. Gallen, Hölzli",Sonne,I,,2026-10-03 16:58:00+00:00,2026-10-03 16:58:00+00:00,,True,0.0,2026-10-03 18:41:00.586000+02:00,2026-10-03 18:58:00+02:00,2026-10-03 18:58:00+02:00,2026-10-03,18,Saturday,True,16.990233333333332
20261003_164052,2026-10-03 16:41:00.586000+00:00,St. Gallen,local,ch:1:sloid:74095,"St. Gallen, Bahnhof",ch:1:sloid:74095:0:894224,2026-10-03,ch:1:sjyid:100684:SKI-6446,bus,Bus,6,6,6446,"St. Gallen, Bach St. Georgen",Heiligkreuz,E,,2026-10-03 16:58:00+00:00,2026-10-03 16:58:00+00:00,,True,0.0,2026-10-03 18:41:00.586000+02:00,2026-10-03 18:58:00+02:00,2026-10-03 18:58:00+02:00,2026-10-03,18,Saturday,True,16.990233333333332
20261003_164052,2026-10-03 16:41:00.586000+00:00,St. Gallen,local,ch:1:sloid:74095,"St. Gallen, Bahnhof",ch:1:sloid:74095:0:888081,2026-10-03,ch:1:sjyid:100684:SKI-4265,bus,Bus,4,4,4265,"Wittenbach, Bahnhof","Abtwil SG, St.Josefen",F,,2026-10-03 16:59:00+00:00,2026-10-03 16:59:00+00:00,,True,0.0,2026-10-03 18:41:00.586000+02:00,2026-10-03 18:59:00+02:00,2026-10-03 18:59:00+02:00,2026-10-03,18,Saturday,True,17.990233333333332
20261003_164052,2026-10-03 16:41:00.586000+00:00,St. Gallen,local,ch:1:sloid:74095,"St. Gallen, Bahnhof",ch:1:sloid:74095:0:894224,2026-10-03,ch:1:sjyid:100684:SKI-4270,bus,Bus,4,4,4270,"Abtwil SG, St. Josefen","Wittenbach, Bahnhof",E,,2026-10-03 16:59:00+00:00,2026-10-03 17:01:54+00:00,,True,2.9,2026-10-03 18:41:00.586000+02:00,2026-10-03 18:59:00+02:00,2026-10-03 19:01:54+02:00,2026-10-03,18,Saturday,True,17.990233333333332
20261003_164052,2026-10-03 16:41:00.586000+00:00,St. Gallen,local,ch:1:sloid:74095,"St. Gallen, Bahnhof",ch:1:sloid:74095:0:989159,2026-10-03,ch:1:sjyid:100684:SKI-2453,bus,Bus,2,2,2453,"St. Gallen, Guggeien",Wolfganghof,A,,2026-10-03 17:00:00+00:00,2026-10-03 17:00:00+00:00,,True,0.0,2026-10-03 18:41:00.586000+02:00,2026-10-03 19:00:00+02:00,2026-10-03 19:00:00+02:00,2026-10-03,19,Saturday,True,18.990233333333332
20261003_164052,2026-10-03 16:41:00.586000+00:00,St. Gallen,local,ch:1:sloid:74095,"St. Gallen, Bahnhof",ch:1:sloid:74095:0:174964,2026-10-03,ch:1:sjyid:100684:SKI-9283,bus,Bus,9,9,9283,"St. Gallen, Rotmonten",Hölzli,C,,2026-10-03 17:00:00+00:00,2026-10-03 17:00:00+00:00,,True,0.0,2026-10-03 18:41:00.586000+02:00,2026-10-03 19:00:00+02:00,2026-10-03 19:00:00+02:00,2026-10-03,19,Saturday,True,18.990233333333332
20261003_164052,2026-10-03 16:41:00.586000+00:00,St. Gallen,local,ch:1:sloid:74095,"St. Gallen, Bahnhof",ch:1:sloid:74095:0:541287,2026-10-03,ch:1:sjyid:100684:SKI-7307,bus,Bus,7,7,7307,"St. Gallen, Neudorf/R'str.",Hinterberg,H,,2026-10-03 17:00:00+00:00,2026-10-03 17:00:12+00:00,,True,0.2,2026-10-03 18:41:00.586000+02:00,2026-10-03 19:00:00+02:00,2026-10-03 19:00:12+02:00,2026-10-03,19,Saturday,True,18.990233333333332
20261003_164052,2026-10-03 16:41:00.586000+00:00,St. Gallen,local,ch:1:sloid:74095,"St. Gallen, Bahnhof",ch:1:sloid:74095:0:886128,2026-10-03,ch:1:sjyid:100602:575473a5-af8f-43a4-b1b7-ab18055a9353,bus,Bus,210,210,21058,"St. Gallen, Bahnhof",Arbon,G,,2026-10-03 17:00:00+00:00,2026-10-03 17:00:00+00:00,,True,0.0,2026-10-03 18:41:00.586000+02:00,2026-10-03 19:00:00+02:00,2026-10-03 19:00:00+02:00,2026-10-03,19,Saturday,True,18.990233333333332
20261003_164052,2026-10-03 16:41:00.586000+00:00,St. Gallen,local,ch:1:sloid:74095,"St. Gallen, Bahnhof",ch:1:sloid:74095:0:606657,2026-10-03,ch:1:sjyid:100684:SKI-7292,bus,Bus,7,7,7292,"St. Gallen, Hinterberg",Neudorf / R'str.,I,,2026-10-03 17:00:00+00:00,2026-10-03 17:00:00+00:00,,True,0.0,2026-10-03 18:41:00.586000+02:00,2026-10-03 19:00:00+02:00,2026-10-03 19:00:00+02:00,2026-10-03,19,Saturday,True,18.990233333333332
20261003_164052,2026-10-03 16:41:00.586000+00:00,St. Gallen,local,ch:1:sloid:74095,"St. Gallen, Bahnhof",ch:1:sloid:74095:0:181274,2026-10-03,ch:1:sjyid:100684:SKI-1452,bus,Bus,1,1,1452,"St. Gallen, Wolfganghof",Stephanshorn,B,,2026-10-03 17:01:00+00:00,2026-10-03 17:01:00+00:00,,True,0.0,2026-10-03 18:41:00.586000+02:00,2026-10-03 19:01:00+02:00,2026-10-03 19:01:00+02:00,2026-10-03,19,Saturday,True,19.990233333333332
20261003_164052,2026-10-03 16:41:00.586000+00:00,St. Gallen,local,ch:1:sloid:74095,"St. Gallen, Bahnhof",ch:1:sloid:74095:0:174964,2026-10-03,ch:1:sjyid:100602:2d3a7d35-53ae-4583-87d5-5a547dcbefbc,bus,Bus,120,120,13003,"Heiden, Post",Engelburg,C,,2026-10-03 17:02:00+00:00,2026-10-03 17:02:00+00:00,,True,0.0,2026-10-03 18:41:00.586000+02:00,2026-10-03 19:02:00+02:00,2026-10-03 19:02:00+02:00,2026-10-03,19,Saturday,True,20.990233333333332
20261003_164052,2026-10-03 16:41:01.588000+00:00,Lausanne,local,ch:1:sloid:92050,"Lausanne, gare",ch:1:sloid:92050:0:2893,2026-10-03,ch:1:sjyid:100122:plan1:2026_ATT4-01-40-Samedi-1-9845541,bus,Bus,1,1,1112,"Lausanne, Maladière",Blécherette,A,,2026-10-03 16:33:54+00:00,2026-10-03 16:43:30+00:00,,True,9.6,2026-10-03 18:41:01.588000+02:00,2026-10-03 18:33:54+02:00,2026-10-03 18:43:30+02:00,2026-10-03,18,Saturday,True,-7.126466666666667
20261003_164052,2026-10-03 16:41:01.588000+00:00,Lausanne,local,ch:1:sloid:92050,"Lausanne, gare",ch:1:sloid:92050:0:2892,2026-10-03,ch:1:sjyid:100122:plan1:2026_ATT4-01-40-Samedi-1-9845544,bus,Bus,1,1,1240,"Lausanne, Blécherette",Maladière,B,,2026-10-03 16:34:00+00:00,2026-10-03 16:46:36+00:00,,True,12.6,2026-10-03 18:41:01.588000+02:00,2026-10-03 18:34:00+02:00,2026-10-03 18:46:36+02:00,2026-10-03,18,Saturday,True,-7.026466666666667
20261003_164052,2026-10-03 16:41:01.588000+00:00,Lausanne,local,ch:1:sloid:92050,"Lausanne, gare",ch:1:sloid:92050:0:2893,2026-10-03,ch:1:sjyid:100122:plan1:2026_ATT4-01-40-Samedi-1-9845487,bus,Bus,1,1,1113,"Lausanne, Maladière",Blécherette,A,,2026-10-03 16:41:00+00:00,2026-10-03 16:41:54+00:00,,True,0.9,2026-10-03 18:41:01.588000+02:00,2026-10-03 18:41:00+02:00,2026-10-03 18:41:54+02:00,2026-10-03,18,Saturday,True,-0.02646666666666667
20261003_164052,2026-10-03 16:41:01.588000+00:00,Lausanne,local,ch:1:sloid:92050,"Lausanne, gare",ch:1:sloid:92050:0:1096,2026-10-03,ch:1:sjyid:100122:plan2:m2_0465,metro,Metro,m2,m2,720465,"Lausanne, Ouchy-Olympique","Epalinges, Croisettes",,,2026-10-03 16:43:00+00:00,,,False,,2026-10-03 18:41:01.588000+02:00,2026-10-03 18:43:00+02:00,,2026-10-03,18,Saturday,True,1.9735333333333334
20261003_164052,2026-10-03 16:41:01.588000+00:00,Lausanne,local,ch:1:sloid:92050,"Lausanne, gare",ch:1:sloid:92050:0:1101,2026-10-03,ch:1:sjyid:100122:plan2:m2_0148,metro,Metro,m2,m2,720148,"Epalinges, Croisettes","Lausanne, Ouchy-Olympique",,,2026-10-03 16:43:00+00:00,,,False,,2026-10-03 18:41:01.588000+02:00,2026-10-03 18:43:00+02:00,,2026-10-03,18,Saturday,True,1.9735333333333334
20261003_164052,2026-10-03 16:41:01.588000+00:00,Lausanne,local,ch:1:sloid:92050,"Lausanne, gare",ch:1:sloid:92050:0:2815,2026-10-03,ch:1:sjyid:100122:plan1:2026_ATT3-20-30-Samedi-20-9771934,bus,Bus,20,20,20053,"Lausanne, gare",Blécherette,C,,2026-10-03 16:45:00+00:00,2026-10-03 16:45:00+00:00,,True,0.0,2026-10-03 18:41:01.588000+02:00,2026-10-03 18:45:00+02:00,2026-10-03 18:45:00+02:00,2026-10-03,18,Saturday,True,3.9735333333333336
20261003_164052,2026-10-03 16:41:01.588000+00:00,Lausanne,local,ch:1:sloid:92050,"Lausanne, gare",ch:1:sloid:92050:0:1096,2026-10-03,ch:1:sjyid:100122:plan2:m2_0567,metro,Metro,m2,m2,720567,"Lausanne, Ouchy-Olympique","Epalinges, Croisettes",,,2026-10-03 16:46:00+00:00,,,False,,2026-10-03 18:41:01.588000+02:00,2026-10-03 18:46:00+02:00,,2026-10-03,18,Saturday,True,4.973533333333333
20261003_164052,2026-10-03 16:41:01.588000+00:00,Lausanne,local,ch:1:sloid:92050,"Lausanne, gare",ch:1:sloid:92050:0:1101,2026-10-03,ch:1:sjyid:100122:plan2:m2_0312,metro,Metro,m2,m2,720312,"Epalinges, Croisettes","Lausanne, Ouchy-Olympique",,,2026-10-03 16:46:00+00:00,,,False,,2026-10-03 18:41:01.588000+02:00,2026-10-03 18:46:00+02:00,,2026-10-03,18,Saturday,True,4.973533333333333
20261003_164052,2026-10-03 16:41:01.588000+00:00,Lausanne,local,ch:1:sloid:92050,"Lausanne, gare",ch:1:sloid:92050:0:2893,2026-10-03,ch:1:sjyid:100122:plan1:2026_ATT5-21-50-Samedi-21-10017855,bus,Bus,21,21,21205,"Lausanne, Blécherette",Verrière,A,,2026-10-03 16:48:00+00:00,2026-10-03 16:50:42+00:00,,True,2.7,2026-10-03 18:41:01.588000+02:00,2026-10-03 18:48:00+02:00,2026-10-03 18:50:42+02:00,2026-10-03,18,Saturday,True,6.973533333333333
20261003_164052,2026-10-03 16:41:01.588000+00:00,Lausanne,local,ch:1:sloid:92050,"Lausanne, gare",ch:1:sloid:92050:0:1096,2026-10-03,ch:1:sjyid:100122:plan2:m2_0365,metro,Metro,m2,m2,720365,"Lausanne, Ouchy-Olympique","Epalinges, Croisettes",,,2026-10-03 16:49:00+00:00,,,False,,2026-10-03 18:41:01.588000+02:00,2026-10-03 18:49:00+02:00,,2026-10-03,18,Saturday,True,7.973533333333333
20261003_164052,2026-10-03 16:41:01.588000+00:00,Lausanne,local,ch:1:sloid:92050,"Lausanne, gare",ch:1:sloid:92050:0:2892,2026-10-03,ch:1:sjyid:100122:plan1:2026_ATT4-01-40-Samedi-1-9845417,bus,Bus,1,1,1242,"Lausanne, Blécherette",Maladière,B,,2026-10-03 16:49:12+00:00,2026-10-03 16:53:06+00:00,,True,3.9,2026-10-03 18:41:01.588000+02:00,2026-10-03 18:49:12+02:00,2026-10-03 18:53:06+02:00,2026-10-03,18,Saturday,True,8.173533333333333
20261003_164052,2026-10-03 16:41:01.588000+00:00,Lausanne,local,ch:1:sloid:92050,"Lausanne, gare",ch:1:sloid:92050:0:1101,2026-10-03,ch:1:sjyid:100122:plan2:m2_0414,metro,Metro,m2,m2,720414,"Epalinges, Croisettes","Lausanne, Ouchy-Olympique",,,2026-10-03 16:49:00+00:00,,,False,,2026-10-03 18:41:01.588000+02:00,2026-10-03 18:49:00+02:00,,2026-10-03,18,Saturday,True,7.973533333333333
20261003_164052,2026-10-03 16:41:01.588000+00:00,Lausanne,local,ch:1:sloid:92050,"Lausanne, gare",ch:1:sloid:92050:0:2893,2026-10-03,ch:1:sjyid:100122:plan1:2026_ATT4-01-40-Samedi-1-9845488,bus,Bus,1,1,1114,"Lausanne, Maladière",Blécherette,A,,2026-10-03 16:49:00+00:00,2026-10-03 16:49:42+00:00,,True,0.7,2026-10-03 18:41:01.588000+02:00,2026-10-03 18:49:00+02:00,2026-10-03 18:49:42+02:00,2026-10-03,18,Saturday,True,7.973533333333333
20261003_164052,2026-10-03 16:41:01.588000+00:00,Lausanne,local,ch:1:sloid:92050,"Lausanne, gare",ch:1:sloid:92050:0:2814,2026-10-03,ch:1:sjyid:100122:plan1:2026_ATT2-03-20-Samedi-3-9715257,bus,Bus,3,3,3087,"Lausanne, gare",Maillefer,D,,2026-10-03 16:50:00+00:00,2026-10-03 16:50:00+00:00,,True,0.0,2026-10-03 18:41:01.588000+02:00,2026-10-03 18:50:00+02:00,2026-10-03 18:50:00+02:00,2026-10-03,18,Saturday,True,8.973533333333334
20261003_164052,2026-10-03 16:41:01.588000+00:00,Lausanne,local,ch:1:sloid:92050,"Lausanne, gare",ch:1:sloid:92050:0:1096,2026-10-03,ch:1:sjyid:100122:plan2:m2_0597,metro,Metro,m2,m2,720597,"Lausanne, Ouchy-Olympique","Epalinges, Croisettes",,,2026-10-03 16:52:00+00:00,,,False,,2026-10-03 18:41:01.588000+02:00,2026-10-03 18:52:00+02:00,,2026-10-03,18,Saturday,True,10.973533333333334
20261003_164052,2026-10-03 16:41:01.588000+00:00,Lausanne,local,ch:1:sloid:92050,"Lausanne, gare",ch:1:sloid:92050:0:1101,2026-10-03,ch:1:sjyid:100122:plan2:m2_0040,metro,Metro,m2,m2,720040,"Epalinges, Croisettes","Lausanne, Ouchy-Olympique",,,2026-10-03 16:52:00+00:00,,,False,,2026-10-03 18:41:01.588000+02:00,2026-10-03 18:52:00+02:00,,2026-10-03,18,Saturday,True,10.973533333333334
20261003_164052,2026-10-03 16:41:01.588000+00:00,Lausanne,local,ch:1:sloid:92050,"Lausanne, gare",ch:1:sloid:92050:0:1096,2026-10-03,ch:1:sjyid:100122:plan2:m2_0149,metro,Metro,m2,m2,720149,"Lausanne, Ouchy-Olympique","Epalinges, Croisettes",,,2026-10-03 16:55:00+00:00,,,False,,2026-10-03 18:41:01.588000+02:00,2026-10-03 18:55:00+02:00,,2026-10-03,18,Saturday,True,13.973533333333334
20261003_164052,2026-10-03 16:41:01.588000+00:00,Lausanne,local,ch:1:sloid:92050,"Lausanne, gare",ch:1:sloid:92050:0:2814,2026-10-03,ch:1:sjyid:100122:plan1:2026_ATT5-21-50-Samedi-21-10017779,bus,Bus,21,21,21092,"Paudex, Verrière",Blécherette,D,,2026-10-03 16:55:00+00:00,2026-10-03 16:55:30+00:00,,True,0.5,2026-10-03 18:41:01.588000+02:00,2026-10-03 18:55:00+02:00,2026-10-03 18:55:30+02:00,2026-10-03,18,Saturday,True,13.973533333333334
20261003_164052,2026-10-03 16:41:01.588000+00:00,Lausanne,local,ch:1:sloid:92050,"Lausanne, gare",ch:1:sloid:92050:0:1101,2026-10-03,ch:1:sjyid:100122:plan2:m2_0094,metro,Metro,m2,m2,720094,"Epalinges, Croisettes","Lausanne, Ouchy-Olympique",,,2026-10-03 16:55:00+00:00,,,False,,2026-10-03 18:41:01.588000+02:00,2026-10-03 18:55:00+02:00,,2026-10-03,18,Saturday,True,13.973533333333334
20261003_164052,2026-10-03 16:41:01.588000+00:00,Lausanne,local,ch:1:sloid:92050,"Lausanne, gare",ch:1:sloid:92050:0:2892,2026-10-03,ch:1:sjyid:100122:plan1:2026_ATT4-01-40-Samedi-1-9845546,bus,Bus,1,1,1243,"Lausanne, Blécherette",Maladière,B,,2026-10-03 16:56:00+00:00,2026-10-03 16:59:18+00:00,,True,3.3,2026-10-03 18:41:01.588000+02:00,2026-10-03 18:56:00+02:00,2026-10-03 18:59:18+02:00,2026-10-03,18,Saturday,True,14.973533333333334
20261003_164052,2026-10-03 16:41:01.588000+00:00,Lausanne,local,ch:1:sloid:92050,"Lausanne, gare",ch:1:sloid:92050:0:2893,2026-10-03,ch:1:sjyid:100122:plan1:2026_ATT4-01-40-Samedi-1-9845498,bus,Bus,1,1,1115,"Lausanne, Maladière",Blécherette,A,,2026-10-03 16:57:00+00:00,2026-10-03 16:57:00+00:00,,True,0.0,2026-10-03 18:41:01.588000+02:00,2026-10-03 18:57:00+02:00,2026-10-03 18:57:00+02:00,2026-10-03,18,Saturday,True,15.973533333333334
20261003_164052,2026-10-03 16:41:01.588000+00:00,Lausanne,local,ch:1:sloid:92050,"Lausanne, gare",ch:1:sloid:92050:0:1096,2026-10-03,ch:1:sjyid:100122:plan2:m2_0313,metro,Metro,m2,m2,720313,"Lausanne, Ouchy-Olympique","Epalinges, Croisettes",,,2026-10-03 16:58:00+00:00,,,False,,2026-10-03 18:41:01.588000+02:00,2026-10-03 18:58:00+02:00,,2026-10-03,18,Saturday,True,16.973533333333332
20261003_164052,2026-10-03 16:41:01.588000+00:00,Lausanne,local,ch:1:sloid:92050,"Lausanne, gare",ch:1:sloid:92050:0:1101,2026-10-03,ch:1:sjyid:100122:plan2:m2_0204,metro,Metro,m2,m2,720204,"Epalinges, Croisettes","Lausanne, Ouchy-Olympique",,,2026-10-03 16:58:00+00:00,,,False,,2026-10-03 18:41:01.588000+02:00,2026-10-03 18:58:00+02:00,,2026-10-03,18,Saturday,True,16.973533333333332
20261003_164052,2026-10-03 16:41:01.588000+00:00,Lausanne,local,ch:1:sloid:92050,"Lausanne, gare",ch:1:sloid:92050:0:2893,2026-10-03,ch:1:sjyid:100122:plan1:2026_ATT5-21-50-Samedi-21-10017856,bus,Bus,21,21,21206,"Lausanne, Blécherette",Verrière,A,,2026-10-03 16:58:00+00:00,2026-10-03 16:58:00+00:00,,True,0.0,2026-10-03 18:41:01.588000+02:00,2026-10-03 18:58:00+02:00,2026-10-03 18:58:00+02:00,2026-10-03,18,Saturday,True,16.973533333333332
20261003_164052,2026-10-03 16:41:01.588000+00:00,Lausanne,local,ch:1:sloid:92050,"Lausanne, gare",ch:1:sloid:92050:0:2814,2026-10-03,ch:1:sjyid:100122:plan1:2026_ATT2-03-20-Samedi-3-9715258,bus,Bus,3,3,3088,"Lausanne, gare",Maillefer,D,,2026-10-03 17:00:00+00:00,,,False,,2026-10-03 18:41:01.588000+02:00,2026-10-03 19:00:00+02:00,,2026-10-03,19,Saturday,True,18.973533333333332
20261003_164052,2026-10-03 16:41:01.588000+00:00,Lausanne,local,ch:1:sloid:92050,"Lausanne, gare",ch:1:sloid:92050:0:2815,2026-10-03,ch:1:sjyid:100122:plan1:2026_ATT3-20-30-Samedi-20-9771873,bus,Bus,20,20,20054,"Lausanne, gare",Blécherette,C,,2026-10-03 17:01:00+00:00,2026-10-03 17:01:00+00:00,,True,0.0,2026-10-03 18:41:01.588000+02:00,2026-10-03 19:01:00+02:00,2026-10-03 19:01:00+02:00,2026-10-03,19,Saturday,True,19.973533333333332
20261003_164052,2026-10-03 16:41:01.588000+00:00,Lausanne,local,ch:1:sloid:92050,"Lausanne, gare",ch:1:sloid:92050:0:1096,2026-10-03,ch:1:sjyid:100122:plan2:m2_0415,metro,Metro,m2,m2,720415,"Lausanne, Ouchy-Olympique","Epalinges, Croisettes",,,2026-10-03 17:02:00+00:00,,,False,,2026-10-03 18:41:01.588000+02:00,2026-10-03 19:02:00+02:00,,2026-10-03,19,Saturday,True,20.973533333333332
20261003_164052,2026-10-03 16:41:01.588000+00:00,Lausanne,local,ch:1:sloid:92050,"Lausanne, gare",ch:1:sloid:92050:0:1101,2026-10-03,ch:1:sjyid:100122:plan2:m2_0508,metro,Metro,m2,m2,720508,"Epalinges, Croisettes","Lausanne, Ouchy-Olympique",,,2026-10-03 17:02:00+00:00,,,False,,2026-10-03 18:41:01.588000+02:00,2026-10-03 19:02:00+02:00,,2026-10-03,19,Saturday,True,20.973533333333332
20261003_164052,2026-10-03 16:41:01.588000+00:00,Lausanne,local,ch:1:sloid:92050,"Lausanne, gare",ch:1:sloid:92050:0:2892,2026-10-03,ch:1:sjyid:100122:plan1:2026_ATT4-01-40-Samedi-1-9845547,bus,Bus,1,1,1244,"Lausanne, Blécherette",Maladière,B,,2026-10-03 17:04:00+00:00,2026-10-03 17:06:54+00:00,,True,2.9,2026-10-03 18:41:01.588000+02:00,2026-10-03 19:04:00+02:00,2026-10-03 19:06:54+02:00,2026-10-03,19,Saturday,True,22.973533333333332
20261003_164052,2026-10-03 16:41:02.394000+00:00,Lugano,local,ch:1:sloid:5380,"Lugano, Stazione",ch:1:sloid:5380::407002,2026-10-03,ch:1:sjyid:100754:7b86e8cf-d50f-4e8b-9d35-59cf0126f7e4,bus,Bus,4,4,4207,"Lugano, Belvedere","Comano, Studio TV",B,,2026-10-03 16:44:00+00:00,2026-10-03 16:44:00+00:00,,True,0.0,2026-10-03 18:41:02.394000+02:00,2026-10-03 18:44:00+02:00,2026-10-03 18:44:00+02:00,2026-10-03,18,Saturday,True,2.9600999999999997
20261003_164052,2026-10-03 16:41:02.394000+00:00,Lugano,local,ch:1:sloid:5380,"Lugano, Stazione",ch:1:sloid:5380::407001,2026-10-03,ch:1:sjyid:100754:5c5ecdb0-867f-40c3-bcab-c77753381927,bus,Bus,4,4,4212,"Comano, Studio TV","Lugano, Belvedere",A,,2026-10-03 16:46:00+00:00,2026-10-03 16:48:36+00:00,,True,2.6,2026-10-03 18:41:02.394000+02:00,2026-10-03 18:46:00+02:00,2026-10-03 18:48:36+02:00,2026-10-03,18,Saturday,True,4.9601
20261003_164052,2026-10-03 16:41:02.394000+00:00,Lugano,local,ch:1:sloid:5380,"Lugano, Stazione",ch:1:sloid:5380::407001,2026-10-03,ch:1:sjyid:100754:92565758-916b-4474-b62d-e5ce62160446,bus,Bus,6,6,6235,"Lugano, Stazione","Lugano, Cornaredo",A,,2026-10-03 16:54:00+00:00,,,False,,2026-10-03 18:41:02.394000+02:00,2026-10-03 18:54:00+02:00,,2026-10-03,18,Saturday,True,12.9601
20261003_164052,2026-10-03 16:41:02.394000+00:00,Lugano,local,ch:1:sloid:5380,"Lugano, Stazione",ch:1:sloid:5380::407001,2026-10-03,ch:1:sjyid:100754:79fe2671-3c2d-4a62-a28b-3b5a1dfb3068,bus,Bus,2,2,2250,"Castagnola, Capolinea","Paradiso, Carzo",A,,2026-10-03 16:54:00+00:00,2026-10-03 16:54:00+00:00,,True,0.0,2026-10-03 18:41:02.394000+02:00,2026-10-03 18:54:00+02:00,2026-10-03 18:54:00+02:00,2026-10-03,18,Saturday,True,12.9601
20261003_164052,2026-10-03 16:41:02.394000+00:00,Lugano,local,ch:1:sloid:5380,"Lugano, Stazione",ch:1:sloid:5380::407002,2026-10-03,ch:1:sjyid:100754:cd9b9aa2-0a8a-463c-b67b-0cb686d5aaea,bus,Bus,4,4,4211,"Lugano, Belvedere","Canobbio, Ganna",B,,2026-10-03 16:59:00+00:00,2026-10-03 16:59:00+00:00,,True,0.0,2026-10-03 18:41:02.394000+02:00,2026-10-03 18:59:00+02:00,2026-10-03 18:59:00+02:00,2026-10-03,18,Saturday,True,17.9601
20261003_164052,2026-10-03 16:41:02.394000+00:00,Lugano,local,ch:1:sloid:5380,"Lugano, Stazione",ch:1:sloid:5380::407001,2026-10-03,ch:1:sjyid:100754:9aa19c94-c68d-4b71-9718-e1ed23a32004,bus,Bus,4,4,4216,"Canobbio, Ganna","Lugano, Belvedere",A,,2026-10-03 17:01:00+00:00,2026-10-03 17:01:00+00:00,,True,0.0,2026-10-03 18:41:02.394000+02:00,2026-10-03 19:01:00+02:00,2026-10-03 19:01:00+02:00,2026-10-03,19,Saturday,True,19.9601
20261003_164052,2026-10-03 16:41:02.394000+00:00,Lugano,local,ch:1:sloid:5380,"Lugano, Stazione",ch:1:sloid:5380::407001,2026-10-03,ch:1:sjyid:100754:5f0bee51-eee5-4069-bc2f-201b64f84352,bus,Bus,6,6,6239,"Lugano, Stazione","Lugano, Cornaredo",A,,2026-10-03 17:09:00+00:00,2026-10-03 17:09:00+00:00,,True,0.0,2026-10-03 18:41:02.394000+02:00,2026-10-03 19:09:00+02:00,2026-10-03 19:09:00+02:00,2026-10-03,19,Saturday,True,27.9601
20261003_164052,2026-10-03 16:41:02.394000+00:00,Lugano,local,ch:1:sloid:5380,"Lugano, Stazione",ch:1:sloid:5380::407001,2026-10-03,ch:1:sjyid:100754:45b27f9b-3906-4788-b9f6-d6e7cd2bccda,bus,Bus,2,2,2256,"Castagnola, Capolinea","Paradiso, Carzo",A,,2026-10-03 17:09:00+00:00,2026-10-03 17:09:00+00:00,,True,0.0,2026-10-03 18:41:02.394000+02:00,2026-10-03 19:09:00+02:00,2026-10-03 19:09:00+02:00,2026-10-03,19,Saturday,True,27.9601
20261003_164052,2026-10-03 16:41:02.394000+00:00,Lugano,local,ch:1:sloid:5380,"Lugano, Stazione",ch:1:sloid:5380::407002,2026-10-03,ch:1:sjyid:100754:8f1d82d7-8018-4a55-82b6-7b6cd81b6638,bus,Bus,4,4,4215,"Lugano, Belvedere","Comano, Studio TV",B,,2026-10-03 17:14:00+00:00,2026-10-03 17:14:00+00:00,,True,0.0,2026-10-03 18:41:02.394000+02:00,2026-10-03 19:14:00+02:00,2026-10-03 19:14:00+02:00,2026-10-03,19,Saturday,True,32.9601
20261003_164052,2026-10-03 16:41:02.394000+00:00,Lugano,local,ch:1:sloid:5380,"Lugano, Stazione",ch:1:sloid:5380::407001,2026-10-03,ch:1:sjyid:100754:5ebc613e-da87-4f14-a9fe-6edafbffebf4,bus,Bus,4,4,4220,"Comano, Studio TV","Lugano, Belvedere",A,,2026-10-03 17:16:00+00:00,2026-10-03 17:16:00+00:00,,True,0.0,2026-10-03 18:41:02.394000+02:00,2026-10-03 19:16:00+02:00,2026-10-03 19:16:00+02:00,2026-10-03,19,Saturday,True,34.960100000000004
20261003_164052,2026-10-03 16:41:02.394000+00:00,Lugano,local,ch:1:sloid:5380,"Lugano, Stazione",ch:1:sloid:5380::407001,2026-10-03,ch:1:sjyid:100754:d309d4e4-7073-4f1a-a750-33311afa8043,bus,Bus,6,6,6245,"Lugano, Stazione","Lugano, Cornaredo",A,,2026-10-03 17:24:00+00:00,2026-10-03 17:24:00+00:00,,True,0.0,2026-10-03 18:41:02.394000+02:00,2026-10-03 19:24:00+02:00,2026-10-03 19:24:00+02:00,2026-10-03,19,Saturday,True,42.960100000000004
20261003_164052,2026-10-03 16:41:02.394000+00:00,Lugano,local,ch:1:sloid:5380,"Lugano, Stazione",ch:1:sloid:5380::407001,2026-10-03,ch:1:sjyid:100754:a0abd13d-7d7d-4a38-b0e1-5a5256fef731,bus,Bus,2,2,2260,"Castagnola, Capolinea","Paradiso, Carzo",A,,2026-10-03 17:24:00+00:00,2026-10-03 17:24:00+00:00,,True,0.0,2026-10-03 18:41:02.394000+02:00,2026-10-03 19:24:00+02:00,2026-10-03 19:24:00+02:00,2026-10-03,19,Saturday,True,42.960100000000004
20261003_164052,2026-10-03 16:41:02.394000+00:00,Lugano,local,ch:1:sloid:5380,"Lugano, Stazione",ch:1:sloid:5380::407002,2026-10-03,ch:1:sjyid:100754:1eb56f30-2397-4bd6-bc5a-011a176e9f82,bus,Bus,4,4,4217,"Lugano, Belvedere","Canobbio, Ganna",B,,2026-10-03 17:29:00+00:00,2026-10-03 17:29:00+00:00,,True,0.0,2026-10-03 18:41:02.394000+02:00,2026-10-03 19:29:00+02:00,2026-10-03 19:29:00+02:00,2026-10-03,19,Saturday,True,47.960100000000004
20261003_164052,2026-10-03 16:41:02.394000+00:00,Lugano,local,ch:1:sloid:5380,"Lugano, Stazione",ch:1:sloid:5380::407001,2026-10-03,ch:1:sjyid:100754:a6a848a2-2dcc-4039-95e1-05b84eaf7095,bus,Bus,4,4,4224,"Canobbio, Ganna","Lugano, Belvedere",A,,2026-10-03 17:31:00+00:00,2026-10-03 17:31:00+00:00,,True,0.0,2026-10-03 18:41:02.394000+02:00,2026-10-03 19:31:00+02:00,2026-10-03 19:31:00+02:00,2026-10-03,19,Saturday,True,49.960100000000004
20261003_164052,2026-10-03 16:41:02.394000+00:00,Lugano,local,ch:1:sloid:5380,"Lugano, Stazione",ch:1:sloid:5380::407001,2026-10-03,ch:1:sjyid:100754:96ad0ffc-af84-428a-a015-b14ea4a81284,bus,Bus,6,6,6249,"Lugano, Stazione","Lugano, Cornaredo",A,,2026-10-03 17:39:00+00:00,,,False,,2026-10-03 18:41:02.394000+02:00,2026-10-03 19:39:00+02:00,,2026-10-03,19,Saturday,True,57.960100000000004
20261003_164052,2026-10-03 16:41:02.394000+00:00,Lugano,local,ch:1:sloid:5380,"Lugano, Stazione",ch:1:sloid:5380::407001,2026-10-03,ch:1:sjyid:100754:f24268bb-06fd-417d-ab11-d76ed010aa48,bus,Bus,2,2,2264,"Castagnola, Capolinea","Paradiso, Carzo",A,,2026-10-03 17:39:00+00:00,2026-10-03 17:39:00+00:00,,True,0.0,2026-10-03 18:41:02.394000+02:00,2026-10-03 19:39:00+02:00,2026-10-03 19:39:00+02:00,2026-10-03,19,Saturday,True,57.960100000000004
20261003_164052,2026-10-03 16:41:02.394000+00:00,Lugano,local,ch:1:sloid:5380,"Lugano, Stazione",ch:1:sloid:5380::407002,2026-10-03,ch:1:sjyid:100754:2823f8ed-c598-4f40-ab47-fe705ea46a00,bus,Bus,4,4,4223,"Lugano, Belvedere","Comano, Studio TV",B,,2026-10-03 17:44:00+00:00,2026-10-03 17:44:00+00:00,,True,0.0,2026-10-03 18:41:02.394000+02:00,2026-10-03 19:44:00+02:00,2026-10-03 19:44:00+02:00,2026-10-03,19,Saturday,True,62.960100000000004
20261003_164052,2026-10-03 16:41:02.394000+00:00,Lugano,local,ch:1:sloid:5380,"Lugano, Stazione",ch:1:sloid:5380::407001,2026-10-03,ch:1:sjyid:100754:869a08db-a8ca-4899-b24f-f7aa21ce355f,bus,Bus,4,4,4226,"Comano, Studio TV","Lugano, Belvedere",A,,2026-10-03 17:46:00+00:00,2026-10-03 17:46:00+00:00,,True,0.0,2026-10-03 18:41:02.394000+02:00,2026-10-03 19:46:00+02:00,2026-10-03 19:46:00+02:00,2026-10-03,19,Saturday,True,64.9601
20261003_164052,2026-10-03 16:41:02.394000+00:00,Lugano,local,ch:1:sloid:5380,"Lugano, Stazione",ch:1:sloid:5380::407001,2026-10-03,ch:1:sjyid:100754:3813c7ab-f8ce-4e47-acc5-46d6fce1dcb6,bus,Bus,6,6,6253,"Lugano, Stazione","Lugano, Cornaredo",A,,2026-10-03 17:54:00+00:00,,,False,,2026-10-03 18:41:02.394000+02:00,2026-10-03 19:54:00+02:00,,2026-10-03,19,Saturday,True,72.9601
20261003_164052,2026-10-03 16:41:02.394000+00:00,Lugano,local,ch:1:sloid:5380,"Lugano, Stazione",ch:1:sloid:5380::407001,2026-10-03,ch:1:sjyid:100754:d93ebdf7-7eb4-47fb-8ef8-36e7a0762d4a,bus,Bus,2,2,2268,"Castagnola, Capolinea","Paradiso, Carzo",A,,2026-10-03 17:54:00+00:00,2026-10-03 17:54:00+00:00,,True,0.0,2026-10-03 18:41:02.394000+02:00,2026-10-03 19:54:00+02:00,2026-10-03 19:54:00+02:00,2026-10-03,19,Saturday,True,72.9601
20261003_164052,2026-10-03 16:41:02.394000+00:00,Lugano,local,ch:1:sloid:5380,"Lugano, Stazione",ch:1:sloid:5380::407002,2026-10-03,ch:1:sjyid:100754:17fcd90a-1213-4594-9548-173f0c002b70,bus,Bus,4,4,4225,"Lugano, Belvedere","Canobbio, Ganna",B,,2026-10-03 17:59:00+00:00,,,False,,2026-10-03 18:41:02.394000+02:00,2026-10-03 19:59:00+02:00,,2026-10-03,19,Saturday,True,77.9601
20261003_164052,2026-10-03 16:41:02.394000+00:00,Lugano,local,ch:1:sloid:5380,"Lugano, Stazione",ch:1:sloid:5380::407001,2026-10-03,ch:1:sjyid:100754:4841a7a7-b446-44d8-8aa9-bb994f276357,bus,Bus,4,4,4232,"Canobbio, Ganna","Lugano, Belvedere",A,,2026-10-03 18:01:00+00:00,,,False,,2026-10-03 18:41:02.394000+02:00,2026-10-03 20:01:00+02:00,,2026-10-03,20,Saturday,True,79.9601
20261003_164052,2026-10-03 16:41:02.394000+00:00,Lugano,local,ch:1:sloid:5380,"Lugano, Stazione",ch:1:sloid:5380::407001,2026-10-03,ch:1:sjyid:100754:1b77777a-d5d3-4911-9bb7-61d4b8544aba,bus,Bus,6,6,6255,"Lugano, Stazione","Lugano, Cornaredo",A,,2026-10-03 18:09:00+00:00,,,False,,2026-10-03 18:41:02.394000+02:00,2026-10-03 20:09:00+02:00,,2026-10-03,20,Saturday,True,87.9601
20261003_164052,2026-10-03 16:41:02.394000+00:00,Lugano,local,ch:1:sloid:5380,"Lugano, Stazione",ch:1:sloid:5380::407001,2026-10-03,ch:1:sjyid:100754:c1a552f6-cde7-4759-a5ed-f1e36b1ca8c4,bus,Bus,2,2,2272,"Castagnola, Capolinea","Paradiso, Carzo",A,,2026-10-03 18:09:30+00:00,,,False,,2026-10-03 18:41:02.394000+02:00,2026-10-03 20:09:30+02:00,,2026-10-03,20,Saturday,True,88.4601
20261003_164052,2026-10-03 16:41:02.394000+00:00,Lugano,local,ch:1:sloid:5380,"Lugano, Stazione",ch:1:sloid:5380::407002,2026-10-03,ch:1:sjyid:100754:0878364d-4f3f-4980-a3de-7a0d20d77d93,bus,Bus,4,4,4229,"Lugano, Belvedere","Comano, Studio TV",B,,2026-10-03 18:14:00+00:00,,,False,,2026-10-03 18:41:02.394000+02:00,2026-10-03 20:14:00+02:00,,2026-10-03,20,Saturday,True,92.9601
20261003_164052,2026-10-03 16:41:02.394000+00:00,Lugano,local,ch:1:sloid:5380,"Lugano, Stazione",ch:1:sloid:5380::407001,2026-10-03,ch:1:sjyid:100754:778f9e39-d1ca-45fc-95c4-5737e83f367f,bus,Bus,4,4,4234,"Comano, Studio TV","Lugano, Belvedere",A,,2026-10-03 18:16:00+00:00,,,False,,2026-10-03 18:41:02.394000+02:00,2026-10-03 20:16:00+02:00,,2026-10-03,20,Saturday,True,94.9601
20261003_164052,2026-10-03 16:41:02.394000+00:00,Lugano,local,ch:1:sloid:5380,"Lugano, Stazione",ch:1:sloid:5380::407001,2026-10-03,ch:1:sjyid:100754:5635c5a0-b22c-432b-b27e-d38167918589,bus,Bus,6,6,6257,"Lugano, Stazione","Lugano, Cornaredo",A,,2026-10-03 18:24:00+00:00,,,False,,2026-10-03 18:41:02.394000+02:00,2026-10-03 20:24:00+02:00,,2026-10-03,20,Saturday,True,102.9601
20261003_164052,2026-10-03 16:41:02.394000+00:00,Lugano,local,ch:1:sloid:5380,"Lugano, Stazione",ch:1:sloid:5380::407001,2026-10-03,ch:1:sjyid:100754:aa7f5ba2-3bff-45ee-8f89-d84ef4f2c3e5,bus,Bus,2,2,2274,"Castagnola, Capolinea","Paradiso, Carzo",A,,2026-10-03 18:24:30+00:00,,,False,,2026-10-03 18:41:02.394000+02:00,2026-10-03 20:24:30+02:00,,2026-10-03,20,Saturday,True,103.4601
20261003_164052,2026-10-03 16:41:02.394000+00:00,Lugano,local,ch:1:sloid:5380,"Lugano, Stazione",ch:1:sloid:5380::407002,2026-10-03,ch:1:sjyid:100754:ee02cfdb-dc44-4282-80de-7d1db60cf4b0,bus,Bus,4,4,4233,"Lugano, Belvedere","Canobbio, Ganna",B,,2026-10-03 18:29:00+00:00,,,False,,2026-10-03 18:41:02.394000+02:00,2026-10-03 20:29:00+02:00,,2026-10-03,20,Saturday,True,107.9601
20261003_164052,2026-10-03 16:41:02.394000+00:00,Lugano,local,ch:1:sloid:5380,"Lugano, Stazione",ch:1:sloid:5380::407001,2026-10-03,ch:1:sjyid:100754:c83c70c0-6ba6-43a5-bd7d-6c43370e9376,bus,Bus,4,4,4238,"Canobbio, Ganna","Lugano, Belvedere",A,,2026-10-03 18:31:00+00:00,,,False,,2026-10-03 18:41:02.394000+02:00,2026-10-03 20:31:00+02:00,,2026-10-03,20,Saturday,True,109.9601
