batch_id,collection_timestamp,city,station_type,station_id,station_name,stop_point_ref,operating_day,journey_ref,transport_mode,product_category,public_code,line,train_number,origin,destination,planned_platform,estimated_platform,scheduled_departure,estimated_departure,cancelled,has_realtime,predicted_delay_minutes,collection_timestamp_local,scheduled_departure_local,estimated_departure_local,date,hour,weekday,weekend,minutes_until_departure
20261004_023204,2026-10-04 02:32:04.497000+00:00,Zürich,rail,ch:1:sloid:3000,Zürich HB,ch:1:sloid:3000:501:34,2026-10-04,ch:1:sjyid:100001:18013-001,rail,S-Bahn,S,S,18013,Zürich HB,Zürich Flughafen,34,,2026-10-04 02:33:00+00:00,2026-10-04 02:35:12+00:00,,True,2.2,2026-10-04 04:32:04.497000+02:00,2026-10-04 04:33:00+02:00,2026-10-04 04:35:12+02:00,2026-10-04,4,Sunday,True,0.92505
20261004_023204,2026-10-04 02:32:04.497000+00:00,Zürich,rail,ch:1:sloid:3000,Zürich HB,ch:1:sloid:3000:6:11,2026-10-04,ch:1:sjyid:100001:19214-001,rail,S-Bahn,S12,S12,19214,Zürich HB,Brugg AG,11,,2026-10-04 02:44:00+00:00,2026-10-04 02:44:18+00:00,,True,0.3,2026-10-04 04:32:04.497000+02:00,2026-10-04 04:44:00+02:00,2026-10-04 04:44:18+02:00,2026-10-04,4,Sunday,True,11.92505
20261004_023204,2026-10-04 02:32:04.497000+00:00,Zürich,rail,ch:1:sloid:3000,Zürich HB,ch:1:sloid:3000:9:17,2026-10-04,ch:1:sjyid:100001:19116-001,rail,S-Bahn,S11,S11,19116,Zürich HB,Aarau,17,,2026-10-04 02:59:00+00:00,2026-10-04 03:00:06+00:00,,True,1.1,2026-10-04 04:32:04.497000+02:00,2026-10-04 04:59:00+02:00,2026-10-04 05:00:06+02:00,2026-10-04,4,Sunday,True,26.92505
20261004_023204,2026-10-04 02:32:04.497000+00:00,Zürich,rail,ch:1:sloid:3000,Zürich HB,ch:1:sloid:3000:7:13,2026-10-04,ch:1:sjyid:100001:704-002,rail,InterCity,IC1,IC1,704,Zürich HB,Genève-Aéroport,13,,2026-10-04 03:02:00+00:00,2026-10-04 03:02:36+00:00,,True,0.6,2026-10-04 04:32:04.497000+02:00,2026-10-04 05:02:00+02:00,2026-10-04 05:02:36+02:00,2026-10-04,5,Sunday,True,29.92505
20261004_023204,2026-10-04 02:32:04.497000+00:00,Zürich,rail,ch:1:sloid:3000,Zürich HB,ch:1:sloid:3000:3:4,2026-10-04,ch:1:sjyid:100001:18017-001,rail,S-Bahn,S,S,18017,Zürich HB,Winterthur,4,,2026-10-04 03:02:00+00:00,2026-10-04 03:02:18+00:00,,True,0.3,2026-10-04 04:32:04.497000+02:00,2026-10-04 05:02:00+02:00,2026-10-04 05:02:18+02:00,2026-10-04,5,Sunday,True,29.92505
20261004_023204,2026-10-04 02:32:04.497000+00:00,Zürich,rail,ch:1:sloid:3000,Zürich HB,ch:1:sloid:3000:503:43,2026-10-04,ch:1:sjyid:100001:19617-001,rail,S-Bahn,S16,S16,19617,Zürich HB,Rapperswil SG,43/44,,2026-10-04 03:05:00+00:00,2026-10-04 03:05:18+00:00,,True,0.3,2026-10-04 04:32:04.497000+02:00,2026-10-04 05:05:00+02:00,2026-10-04 05:05:18+02:00,2026-10-04,5,Sunday,True,32.92505
20261004_023204,2026-10-04 02:32:04.497000+00:00,Zürich,rail,ch:1:sloid:3000,Zürich HB,ch:1:sloid:3000:500:32,2026-10-04,ch:1:sjyid:100001:18817-001,rail,S-Bahn,S8,S8,18817,Zürich HB,Wädenswil,32,,2026-10-04 03:07:00+00:00,2026-10-04 03:07:36+00:00,,True,0.6,2026-10-04 04:32:04.497000+02:00,2026-10-04 05:07:00+02:00,2026-10-04 05:07:36+02:00,2026-10-04,5,Sunday,True,34.925050000000006
20261004_023204,2026-10-04 02:32:04.497000+00:00,Zürich,rail,ch:1:sloid:3000,Zürich HB,ch:1:sloid:3000:502:42,2026-10-04,ch:1:sjyid:100001:18916-001,rail,S-Bahn,S9,S9,18916,Zürich HB,Schaffhausen,41/42,,2026-10-04 03:07:00+00:00,2026-10-04 03:07:18+00:00,,True,0.3,2026-10-04 04:32:04.497000+02:00,2026-10-04 05:07:00+02:00,2026-10-04 05:07:18+02:00,2026-10-04,5,Sunday,True,34.925050000000006
20261004_023204,2026-10-04 02:32:04.497000+00:00,Zürich,rail,ch:1:sloid:3000,Zürich HB,ch:1:sloid:3000:8:14,2026-10-04,ch:1:sjyid:100001:2252-001,rail,InterRegio,IR37,IR37,2252,Zürich HB,Basel SBB,14,,2026-10-04 03:08:00+00:00,2026-10-04 03:08:30+00:00,,True,0.5,2026-10-04 04:32:04.497000+02:00,2026-10-04 05:08:00+02:00,2026-10-04 05:08:30+02:00,2026-10-04,5,Sunday,True,35.925050000000006
20261004_023204,2026-10-04 02:32:04.497000+00:00,Zürich,rail,ch:1:sloid:3000,Zürich HB,ch:1:sloid:3000:501:34,2026-10-04,ch:1:sjyid:100001:19016-001,rail,S-Bahn,S,S,19016,Ziegelbrücke,Zürich Flughafen,34,,2026-10-04 03:14:00+00:00,2026-10-04 03:14:18+00:00,,True,0.3,2026-10-04 04:32:04.497000+02:00,2026-10-04 05:14:00+02:00,2026-10-04 05:14:18+02:00,2026-10-04,5,Sunday,True,41.925050000000006
20261004_023204,2026-10-04 02:32:04.497000+00:00,Zürich,rail,ch:1:sloid:3000,Zürich HB,ch:1:sloid:3000:503:43,2026-10-04,ch:1:sjyid:100001:19217-001,rail,S-Bahn,S12,S12,19217,Brugg AG,Schaffhausen,43/44,,2026-10-04 03:16:00+00:00,2026-10-04 03:17:00+00:00,,True,1.0,2026-10-04 04:32:04.497000+02:00,2026-10-04 05:16:00+02:00,2026-10-04 05:17:00+02:00,2026-10-04,5,Sunday,True,43.925050000000006
20261004_023204,2026-10-04 02:32:04.497000+00:00,Zürich,rail,ch:1:sloid:3000,Zürich HB,ch:1:sloid:3000:502:42,2026-10-04,ch:1:sjyid:100001:19616-001,rail,S-Bahn,S16,S16,19616,Rapperswil SG,Zürich Flughafen,41/42,,2026-10-04 03:16:00+00:00,2026-10-04 03:16:18+00:00,,True,0.3,2026-10-04 04:32:04.497000+02:00,2026-10-04 05:16:00+02:00,2026-10-04 05:16:18+02:00,2026-10-04,5,Sunday,True,43.925050000000006
20261004_023204,2026-10-04 02:32:04.497000+00:00,Zürich,rail,ch:1:sloid:3000,Zürich HB,ch:1:sloid:3000:10:18,2026-10-04,ch:1:sjyid:100001:804-001,rail,InterCity,IC8,IC8,804,Zürich HB,Brig,16,18,2026-10-04 03:19:00+00:00,2026-10-04 03:19:36+00:00,,True,0.6,2026-10-04 04:32:04.497000+02:00,2026-10-04 05:19:00+02:00,2026-10-04 05:19:36+02:00,2026-10-04,5,Sunday,True,46.925050000000006
20261004_023204,2026-10-04 02:32:04.497000+00:00,Zürich,rail,ch:1:sloid:3000,Zürich HB,ch:1:sloid:3000:503:43,2026-10-04,ch:1:sjyid:100001:18917-002,rail,S-Bahn,S9,S9,18917,Zürich HB,Uster,43/44,,2026-10-04 03:28:00+00:00,2026-10-04 03:28:18+00:00,,True,0.3,2026-10-04 04:32:04.497000+02:00,2026-10-04 05:28:00+02:00,2026-10-04 05:28:18+02:00,2026-10-04,5,Sunday,True,55.925050000000006
20261004_023204,2026-10-04 02:32:04.497000+00:00,Zürich,rail,ch:1:sloid:3000,Zürich HB,ch:1:sloid:3000:9:16,2026-10-04,ch:1:sjyid:100001:19118-001,rail,S-Bahn,S11,S11,19118,Zürich HB,Aarau,17,16,2026-10-04 03:29:00+00:00,2026-10-04 03:30:06+00:00,,True,1.1,2026-10-04 04:32:04.497000+02:00,2026-10-04 05:29:00+02:00,2026-10-04 05:30:06+02:00,2026-10-04,5,Sunday,True,56.925050000000006
20261004_023204,2026-10-04 02:32:04.497000+00:00,Zürich,rail,ch:1:sloid:3000,Zürich HB,ch:1:sloid:3000:501:34,2026-10-04,ch:1:sjyid:100001:2155-002,rail,InterRegio,IR,IR,2155,Bern,Zürich Flughafen,34,,2026-10-04 03:30:00+00:00,2026-10-04 03:31:06+00:00,,True,1.1,2026-10-04 04:32:04.497000+02:00,2026-10-04 05:30:00+02:00,2026-10-04 05:31:06+02:00,2026-10-04,5,Sunday,True,57.925050000000006
20261004_023204,2026-10-04 02:32:04.497000+00:00,Zürich,rail,ch:1:sloid:3000,Zürich HB,ch:1:sloid:3000:503:43,2026-10-04,ch:1:sjyid:100001:18319-001,rail,S-Bahn,S3,S3,18319,Zürich HB,Wetzikon ZH,43/44,,2026-10-04 03:34:00+00:00,2026-10-04 03:34:54+00:00,,True,0.9,2026-10-04 04:32:04.497000+02:00,2026-10-04 05:34:00+02:00,2026-10-04 05:34:54+02:00,2026-10-04,5,Sunday,True,61.925050000000006
20261004_023204,2026-10-04 02:32:04.497000+00:00,Zürich,rail,ch:1:sloid:3000,Zürich HB,ch:1:sloid:3000:5:9,2026-10-04,ch:1:sjyid:100001:2564-001,rail,InterRegio,IR75,IR75,2564,Zürich HB,Luzern,9,,2026-10-04 03:35:00+00:00,2026-10-04 03:36:00+00:00,,True,1.0,2026-10-04 04:32:04.497000+02:00,2026-10-04 05:35:00+02:00,2026-10-04 05:36:00+02:00,2026-10-04,5,Sunday,True,62.925050000000006
20261004_023204,2026-10-04 02:32:04.497000+00:00,Zürich,rail,ch:1:sloid:3000,Zürich HB,ch:1:sloid:3000:8:14,2026-10-04,ch:1:sjyid:100001:1956-001,rail,InterRegio,IR36,IR36,1956,Zürich HB,Basel SBB,14,,2026-10-04 03:36:00+00:00,2026-10-04 03:36:30+00:00,,True,0.5,2026-10-04 04:32:04.497000+02:00,2026-10-04 05:36:00+02:00,2026-10-04 05:36:30+02:00,2026-10-04,5,Sunday,True,63.925050000000006
20261004_023204,2026-10-04 02:32:04.497000+00:00,Zürich,rail,ch:1:sloid:3000,Zürich HB,ch:1:sloid:3000:501:33,2026-10-04,ch:1:sjyid:100001:701-001,rail,InterCity,IC1,IC1,701,Zürich HB,St. Gallen,33,,2026-10-04 03:37:00+00:00,2026-10-04 03:37:30+00:00,,True,0.5,2026-10-04 04:32:04.497000+02:00,2026-10-04 05:37:00+02:00,2026-10-04 05:37:30+02:00,2026-10-04,5,Sunday,True,64.92505
20261004_023204,2026-10-04 02:32:04.497000+00:00,Zürich,rail,ch:1:sloid:3000,Zürich HB,ch:1:sloid:3000:500:31,2026-10-04,ch:1:sjyid:100001:18819-001,rail,S-Bahn,S8,S8,18819,Winterthur,Wädenswil,31,,2026-10-04 03:37:00+00:00,2026-10-04 03:37:36+00:00,,True,0.6,2026-10-04 04:32:04.497000+02:00,2026-10-04 05:37:00+02:00,2026-10-04 05:37:36+02:00,2026-10-04,5,Sunday,True,64.92505
20261004_023204,2026-10-04 02:32:04.497000+00:00,Zürich,rail,ch:1:sloid:3000,Zürich HB,ch:1:sloid:3000:502:42,2026-10-04,ch:1:sjyid:100001:18518-001,rail,S-Bahn,S5,S5,18518,Zürich HB,Zug,41/42,,2026-10-04 03:39:00+00:00,2026-10-04 03:39:18+00:00,,True,0.3,2026-10-04 04:32:04.497000+02:00,2026-10-04 05:39:00+02:00,2026-10-04 05:39:18+02:00,2026-10-04,5,Sunday,True,66.92505
20261004_023204,2026-10-04 02:32:04.497000+00:00,Zürich,rail,ch:1:sloid:3000,Zürich HB,ch:1:sloid:3000:503:43,2026-10-04,ch:1:sjyid:100001:18719-001,rail,S-Bahn,S7,S7,18719,Winterthur,Rapperswil SG,43/44,,2026-10-04 03:41:00+00:00,2026-10-04 03:42:30+00:00,,True,1.5,2026-10-04 04:32:04.497000+02:00,2026-10-04 05:41:00+02:00,2026-10-04 05:42:30+02:00,2026-10-04,5,Sunday,True,68.92505
20261004_023204,2026-10-04 02:32:04.497000+00:00,Zürich,rail,ch:1:sloid:3000,Zürich HB,ch:1:sloid:3000:500:32,2026-10-04,ch:1:sjyid:100001:19419-002,rail,S-Bahn,S14,S14,19419,Zürich HB,Hinwil,32,,2026-10-04 03:42:00+00:00,2026-10-04 03:42:30+00:00,,True,0.5,2026-10-04 04:32:04.497000+02:00,2026-10-04 05:42:00+02:00,2026-10-04 05:42:30+02:00,2026-10-04,5,Sunday,True,69.92505
20261004_023204,2026-10-04 02:32:04.497000+00:00,Zürich,rail,ch:1:sloid:3000,Zürich HB,ch:1:sloid:3000:8:15,2026-10-04,ch:1:sjyid:100001:20418-001,rail,S-Bahn,S24,S24,20418,Zürich HB,Thayngen,15,,2026-10-04 03:44:00+00:00,2026-10-04 03:44:18+00:00,,True,0.3,2026-10-04 04:32:04.497000+02:00,2026-10-04 05:44:00+02:00,2026-10-04 05:44:18+02:00,2026-10-04,5,Sunday,True,71.92505
20261004_023204,2026-10-04 02:32:04.497000+00:00,Zürich,rail,ch:1:sloid:3000,Zürich HB,ch:1:sloid:3000:502:42,2026-10-04,ch:1:sjyid:100001:19218-001,rail,S-Bahn,S12,S12,19218,Winterthur,Brugg AG,41/42,,2026-10-04 03:44:00+00:00,2026-10-04 03:44:18+00:00,,True,0.3,2026-10-04 04:32:04.497000+02:00,2026-10-04 05:44:00+02:00,2026-10-04 05:44:18+02:00,2026-10-04,5,Sunday,True,71.92505
20261004_023204,2026-10-04 02:32:04.497000+00:00,Zürich,rail,ch:1:sloid:3000,Zürich HB,ch:1:sloid:3000:503:43,2026-10-04,ch:1:sjyid:100001:19619-001,rail,S-Bahn,S16,S16,19619,Zürich HB,Herrliberg-Feldmeilen,43/44,,2026-10-04 03:45:00+00:00,2026-10-04 03:45:36+00:00,,True,0.6,2026-10-04 04:32:04.497000+02:00,2026-10-04 05:45:00+02:00,2026-10-04 05:45:36+02:00,2026-10-04,5,Sunday,True,72.92505
20261004_023204,2026-10-04 02:32:04.497000+00:00,Zürich,rail,ch:1:sloid:3000,Zürich HB,ch:1:sloid:3000:503:43,2026-10-04,ch:1:sjyid:100001:19219-002,rail,S-Bahn,S12,S12,19219,Brugg AG,Winterthur,43/44,,2026-10-04 03:46:00+00:00,2026-10-04 03:47:00+00:00,,True,1.0,2026-10-04 04:32:04.497000+02:00,2026-10-04 05:46:00+02:00,2026-10-04 05:47:00+02:00,2026-10-04,5,Sunday,True,73.92505
20261004_023204,2026-10-04 02:32:04.497000+00:00,Zürich,rail,ch:1:sloid:3000,Zürich HB,ch:1:sloid:3000:502:42,2026-10-04,ch:1:sjyid:100001:19618-001,rail,S-Bahn,S16,S16,19618,Rapperswil SG,Zürich Flughafen,41/42,,2026-10-04 03:46:00+00:00,2026-10-04 03:46:18+00:00,,True,0.3,2026-10-04 04:32:04.497000+02:00,2026-10-04 05:46:00+02:00,2026-10-04 05:46:18+02:00,2026-10-04,5,Sunday,True,73.92505
20261004_023204,2026-10-04 02:32:04.497000+00:00,Zürich,rail,ch:1:sloid:3000,Zürich HB,ch:1:sloid:3000:502:42,2026-10-04,ch:1:sjyid:100001:18718-001,rail,S-Bahn,S7,S7,18718,Zürich Tiefenbrunnen,Winterthur,41/42,,2026-10-04 03:49:00+00:00,2026-10-04 03:49:42+00:00,,True,0.7,2026-10-04 04:32:04.497000+02:00,2026-10-04 05:49:00+02:00,2026-10-04 05:49:42+02:00,2026-10-04,5,Sunday,True,76.92505
20261004_023204,2026-10-04 02:32:05.448000+00:00,Bern,rail,ch:1:sloid:7000,Bern,ch:1:sloid:7000:5:10,2026-10-04,ch:1:sjyid:100001:2353-001,rail,InterRegio,IR35,IR35,2353,Bern,Chur,10,,2026-10-04 02:34:00+00:00,2026-10-04 02:34:00+00:00,,True,0.0,2026-10-04 04:32:05.448000+02:00,2026-10-04 04:34:00+02:00,2026-10-04 04:34:00+02:00,2026-10-04,4,Sunday,True,1.9092
20261004_023204,2026-10-04 02:32:05.448000+00:00,Bern,rail,ch:1:sloid:7000,Bern,ch:1:sloid:7000_gen:ch:1:sloid:7000:6:33_pf:13A-C,2026-10-04,ch:1:sjyid:100015:16412-001,rail,S-Bahn,S44,S44,16412,Bern,Thun,13A-C,,2026-10-04 03:02:00+00:00,2026-10-04 03:02:12+00:00,,True,0.2,2026-10-04 04:32:05.448000+02:00,2026-10-04 05:02:00+02:00,2026-10-04 05:02:12+02:00,2026-10-04,5,Sunday,True,29.9092
20261004_023204,2026-10-04 02:32:05.448000+00:00,Bern,rail,ch:1:sloid:7000,Bern,ch:1:sloid:7000:4:8,2026-10-04,ch:1:sjyid:100001:2504-002,rail,InterRegio,IR15,IR15,2504,Bern,Genève-Aéroport,8,,2026-10-04 03:04:00+00:00,2026-10-04 03:04:36+00:00,,True,0.6,2026-10-04 04:32:05.448000+02:00,2026-10-04 05:04:00+02:00,2026-10-04 05:04:36+02:00,2026-10-04,5,Sunday,True,31.9092
20261004_023204,2026-10-04 02:32:05.448000+00:00,Bern,rail,ch:1:sloid:7000,Bern,ch:1:sloid:7000:55:49,2026-10-04,ch:1:sjyid:100015:15114-001,rail,S-Bahn,S1,S1,15114,Bern,Fribourg/Freiburg,49,,2026-10-04 03:10:00+00:00,2026-10-04 03:10:12+00:00,,True,0.2,2026-10-04 04:32:05.448000+02:00,2026-10-04 05:10:00+02:00,2026-10-04 05:10:12+02:00,2026-10-04,5,Sunday,True,37.909200000000006
20261004_023204,2026-10-04 02:32:05.448000+00:00,Bern,rail,ch:1:sloid:7000,Bern,ch:1:sloid:7000_gen:ch:1:sloid:7000:0:1752_pf:5A-D,2026-10-04,ch:1:sjyid:100001:703-002,rail,InterCity,IC1,IC1,703,Bern,Zürich HB,5,5A-D,2026-10-04 03:13:00+00:00,2026-10-04 03:13:30+00:00,,True,0.5,2026-10-04 04:32:05.448000+02:00,2026-10-04 05:13:00+02:00,2026-10-04 05:13:30+02:00,2026-10-04,5,Sunday,True,40.909200000000006
20261004_023204,2026-10-04 02:32:05.448000+00:00,Bern,rail,ch:1:sloid:7000,Bern,ch:1:sloid:7000_gen:ch:1:sloid:7000:6:12_pf:12A-C,2026-10-04,ch:1:sjyid:100015:15319-001,rail,S-Bahn,S3,S3,15319,Bern,Biel/Bienne,12A-C,,2026-10-04 03:30:00+00:00,2026-10-04 03:30:30+00:00,,True,0.5,2026-10-04 04:32:05.448000+02:00,2026-10-04 05:30:00+02:00,2026-10-04 05:30:30+02:00,2026-10-04,5,Sunday,True,57.909200000000006
20261004_023204,2026-10-04 02:32:05.448000+00:00,Bern,rail,ch:1:sloid:7000,Bern,ch:1:sloid:7000:5:9,2026-10-04,ch:1:sjyid:100015:4157-001,rail,RegioExpress,RE1,RE1,4157,Bern,Domodossola (I),9,,2026-10-04 03:31:00+00:00,2026-10-04 03:32:00+00:00,,True,1.0,2026-10-04 04:32:05.448000+02:00,2026-10-04 05:31:00+02:00,2026-10-04 05:32:00+02:00,2026-10-04,5,Sunday,True,58.909200000000006
20261004_023204,2026-10-04 02:32:05.448000+00:00,Bern,rail,ch:1:sloid:7000,Bern,ch:1:sloid:7000:4:7,2026-10-04,ch:1:sjyid:100015:15414-003,rail,S-Bahn,S4,S4,15414,Bern,Thun,7,,2026-10-04 03:32:00+00:00,2026-10-04 03:32:12+00:00,,True,0.2,2026-10-04 04:32:05.448000+02:00,2026-10-04 05:32:00+02:00,2026-10-04 05:32:12+02:00,2026-10-04,5,Sunday,True,59.909200000000006
20261004_023204,2026-10-04 02:32:05.448000+00:00,Bern,rail,ch:1:sloid:7000,Bern,ch:1:sloid:7000:1:2,2026-10-04,ch:1:sjyid:100001:702-001,rail,InterCity,IC1,IC1,702,Bern,Genève-Aéroport,2,,2026-10-04 03:34:00+00:00,2026-10-04 03:34:36+00:00,,True,0.6,2026-10-04 04:32:05.448000+02:00,2026-10-04 05:34:00+02:00,2026-10-04 05:34:36+02:00,2026-10-04,5,Sunday,True,61.909200000000006
20261004_023204,2026-10-04 02:32:05.448000+00:00,Bern,rail,ch:1:sloid:7000,Bern,ch:1:sloid:7000_gen:ch:1:sloid:7000:6:33_pf:13D-F,2026-10-04,ch:1:sjyid:100015:16218-001,rail,S-Bahn,S52,S52,16218,Bern,Murten/Morat,13D-F,,2026-10-04 03:34:00+00:00,2026-10-04 03:34:12+00:00,,True,0.2,2026-10-04 04:32:05.448000+02:00,2026-10-04 05:34:00+02:00,2026-10-04 05:34:12+02:00,2026-10-04,5,Sunday,True,61.909200000000006
20261004_023204,2026-10-04 02:32:05.448000+00:00,Bern,rail,ch:1:sloid:7000,Bern,ch:1:sloid:7000:6:32,2026-10-04,ch:1:sjyid:100015:15618-001,rail,S-Bahn,S6,S6,15618,Bern,Schwarzenburg,12D-F,,2026-10-04 03:36:00+00:00,2026-10-04 03:36:12+00:00,,True,0.2,2026-10-04 04:32:05.448000+02:00,2026-10-04 05:36:00+02:00,2026-10-04 05:36:12+02:00,2026-10-04,5,Sunday,True,63.909200000000006
20261004_023204,2026-10-04 02:32:05.448000+00:00,Bern,rail,ch:1:sloid:7000,Bern,ch:1:sloid:7000:55:50,2026-10-04,ch:1:sjyid:100015:15219-001,rail,S-Bahn,S2,S2,15219,Bern,Konolfingen,50,,2026-10-04 03:42:00+00:00,2026-10-04 03:42:12+00:00,,True,0.2,2026-10-04 04:32:05.448000+02:00,2026-10-04 05:42:00+02:00,2026-10-04 05:42:12+02:00,2026-10-04,5,Sunday,True,69.9092
20261004_023204,2026-10-04 02:32:05.448000+00:00,Bern,rail,ch:1:sloid:7000,Bern,ch:1:sloid:7000_gen:ch:1:sloid:7000:0:1752_pf:5E-H,2026-10-04,ch:1:sjyid:100015:15116-001,rail,S-Bahn,S1,S1,15116,Thun,Fribourg/Freiburg,5E-H,,2026-10-04 03:45:00+00:00,2026-10-04 03:45:12+00:00,,True,0.2,2026-10-04 04:32:05.448000+02:00,2026-10-04 05:45:00+02:00,2026-10-04 05:45:12+02:00,2026-10-04,5,Sunday,True,72.9092
20261004_023204,2026-10-04 02:32:05.448000+00:00,Bern,rail,ch:1:sloid:7000,Bern,ch:1:sloid:7000:5:9,2026-10-04,ch:1:sjyid:100015:15117-001,rail,S-Bahn,S1,S1,15117,Fribourg/Freiburg,Thun,9,,2026-10-04 03:47:00+00:00,2026-10-04 03:47:30+00:00,,True,0.5,2026-10-04 04:32:05.448000+02:00,2026-10-04 05:47:00+02:00,2026-10-04 05:47:30+02:00,2026-10-04,5,Sunday,True,74.9092
20261004_023204,2026-10-04 02:32:05.448000+00:00,Bern,rail,ch:1:sloid:7000,Bern,ch:1:sloid:7000:3:6,2026-10-04,ch:1:sjyid:100015:15218-001,rail,S-Bahn,S2,S2,15218,Konolfingen,Laupen BE,6,,2026-10-04 03:50:00+00:00,2026-10-04 03:50:18+00:00,,True,0.3,2026-10-04 04:32:05.448000+02:00,2026-10-04 05:50:00+02:00,2026-10-04 05:50:18+02:00,2026-10-04,5,Sunday,True,77.9092
20261004_023204,2026-10-04 02:32:05.448000+00:00,Bern,rail,ch:1:sloid:7000,Bern,ch:1:sloid:7000_gen:ch:1:sloid:7000:6:12_pf:12A-C,2026-10-04,ch:1:sjyid:100015:16417-001,rail,S-Bahn,S44,S44,16417,Thun,Solothurn,12A-C,,2026-10-04 03:50:00+00:00,2026-10-04 03:50:12+00:00,,True,0.2,2026-10-04 04:32:05.448000+02:00,2026-10-04 05:50:00+02:00,2026-10-04 05:50:12+02:00,2026-10-04,5,Sunday,True,77.9092
20261004_023204,2026-10-04 02:32:05.448000+00:00,Bern,rail,ch:1:sloid:7000,Bern,ch:1:sloid:7000:4:7,2026-10-04,ch:1:sjyid:100015:3208-001,rail,InterRegio,IR66,IR66,3208,Bern,La Chaux-de-Fonds,7,,2026-10-04 03:53:00+00:00,2026-10-04 03:53:12+00:00,,True,0.2,2026-10-04 04:32:05.448000+02:00,2026-10-04 05:53:00+02:00,2026-10-04 05:53:12+02:00,2026-10-04,5,Sunday,True,80.9092
20261004_023204,2026-10-04 02:32:05.448000+00:00,Bern,rail,ch:1:sloid:7000,Bern,ch:1:sloid:7000:5:10,2026-10-04,ch:1:sjyid:100001:2505-001,rail,InterRegio,IR15,IR15,2505,Fribourg/Freiburg,Luzern,10,,2026-10-04 04:00:00+00:00,2026-10-04 04:00:36+00:00,,True,0.6,2026-10-04 04:32:05.448000+02:00,2026-10-04 06:00:00+02:00,2026-10-04 06:00:36+02:00,2026-10-04,6,Sunday,True,87.9092
20261004_023204,2026-10-04 02:32:05.448000+00:00,Bern,rail,ch:1:sloid:7000,Bern,ch:1:sloid:7000_gen:ch:1:sloid:7000:6:12_pf:12A-C,2026-10-04,ch:1:sjyid:100015:15321-001,rail,S-Bahn,S3,S3,15321,Bern,Biel/Bienne,12A-C,,2026-10-04 04:00:00+00:00,2026-10-04 04:00:30+00:00,,True,0.5,2026-10-04 04:32:05.448000+02:00,2026-10-04 06:00:00+02:00,2026-10-04 06:00:30+02:00,2026-10-04,6,Sunday,True,87.9092
20261004_023204,2026-10-04 02:32:05.448000+00:00,Bern,rail,ch:1:sloid:7000,Bern,ch:1:sloid:7000:1:2,2026-10-04,ch:1:sjyid:100001:10805-010,rail,InterCity,IC8,IC8,10805,Bern,Zürich HB,1,2,2026-10-04 04:02:00+00:00,2026-10-04 04:02:00+00:00,,True,0.0,2026-10-04 04:32:05.448000+02:00,2026-10-04 06:02:00+02:00,2026-10-04 06:02:00+02:00,2026-10-04,6,Sunday,True,89.9092
20261004_023204,2026-10-04 02:32:05.448000+00:00,Bern,rail,ch:1:sloid:7000,Bern,ch:1:sloid:7000:3:6,2026-10-04,ch:1:sjyid:100015:15318-001,rail,S-Bahn,S3,S3,15318,Biel/Bienne,Belp,6,,2026-10-04 04:02:00+00:00,2026-10-04 04:02:12+00:00,,True,0.2,2026-10-04 04:32:05.448000+02:00,2026-10-04 06:02:00+02:00,2026-10-04 06:02:12+02:00,2026-10-04,6,Sunday,True,89.9092
20261004_023204,2026-10-04 02:32:05.448000+00:00,Bern,rail,ch:1:sloid:7000,Bern,ch:1:sloid:7000:1:2,2026-10-04,ch:1:sjyid:100001:10805-010,rail,InterCity,IC8,IC8,10805,Bern,Zürich HB,1,2,2026-10-04 04:02:00+00:00,2026-10-04 04:02:00+00:00,,True,0.0,2026-10-04 04:32:05.448000+02:00,2026-10-04 06:02:00+02:00,2026-10-04 06:02:00+02:00,2026-10-04,6,Sunday,True,89.9092
20261004_023204,2026-10-04 02:32:05.448000+00:00,Bern,rail,ch:1:sloid:7000,Bern,ch:1:sloid:7000:3:5,2026-10-04,ch:1:sjyid:100001:956-001,rail,InterCity,IC61,IC61,956,Interlaken Ost,Basel SBB,5,,2026-10-04 04:04:00+00:00,2026-10-04 04:05:00+00:00,,True,1.0,2026-10-04 04:32:05.448000+02:00,2026-10-04 06:04:00+02:00,2026-10-04 06:05:00+02:00,2026-10-04,6,Sunday,True,91.9092
20261004_023204,2026-10-04 02:32:05.448000+00:00,Bern,rail,ch:1:sloid:7000,Bern,ch:1:sloid:7000:1:21,2026-10-04,ch:1:sjyid:100001:2506-001,rail,InterRegio,IR15,IR15,2506,Bern,Genève-Aéroport,2,1,2026-10-04 04:04:00+00:00,2026-10-04 04:04:36+00:00,,True,0.6,2026-10-04 04:32:05.448000+02:00,2026-10-04 06:04:00+02:00,2026-10-04 06:04:36+02:00,2026-10-04,6,Sunday,True,91.9092
20261004_023204,2026-10-04 02:32:05.448000+00:00,Bern,rail,ch:1:sloid:7000,Bern,ch:1:sloid:7000:4:8,2026-10-04,ch:1:sjyid:100001:802-002,rail,InterCity,IC81,IC81,802,Bern,Interlaken Ost,8,,2026-10-04 04:04:00+00:00,2026-10-04 04:04:42+00:00,,True,0.7,2026-10-04 04:32:05.448000+02:00,2026-10-04 06:04:00+02:00,2026-10-04 06:04:42+02:00,2026-10-04,6,Sunday,True,91.9092
20261004_023204,2026-10-04 02:32:05.448000+00:00,Bern,rail,ch:1:sloid:7000,Bern,ch:1:sloid:7000_gen:ch:1:sloid:7000:6:33_pf:13D-F,2026-10-04,ch:1:sjyid:100015:15620-001,rail,S-Bahn,S6,S6,15620,Bern,Schwarzenburg,13D-F,,2026-10-04 04:06:00+00:00,2026-10-04 04:06:12+00:00,,True,0.2,2026-10-04 04:32:05.448000+02:00,2026-10-04 06:06:00+02:00,2026-10-04 06:06:12+02:00,2026-10-04,6,Sunday,True,93.9092
20261004_023204,2026-10-04 02:32:05.448000+00:00,Bern,rail,ch:1:sloid:7000,Bern,ch:1:sloid:7000:4:7,2026-10-04,ch:1:sjyid:100001:955-001,rail,InterCity,IC6,IC6,955,Bern,Brig,7,,2026-10-04 04:07:00+00:00,2026-10-04 04:07:42+00:00,,True,0.7,2026-10-04 04:32:05.448000+02:00,2026-10-04 06:07:00+02:00,2026-10-04 06:07:42+02:00,2026-10-04,6,Sunday,True,94.9092
20261004_023204,2026-10-04 02:32:05.448000+00:00,Bern,rail,ch:1:sloid:7000,Bern,ch:1:sloid:7000:5:9,2026-10-04,ch:1:sjyid:100015:2809-001,rail,InterRegio,IR17,IR17,2809,Bern,Olten,9,,2026-10-04 04:07:00+00:00,2026-10-04 04:07:30+00:00,,True,0.5,2026-10-04 04:32:05.448000+02:00,2026-10-04 06:07:00+02:00,2026-10-04 06:07:30+02:00,2026-10-04,6,Sunday,True,94.9092
20261004_023204,2026-10-04 02:32:05.448000+00:00,Bern,rail,ch:1:sloid:7000,Bern,ch:1:sloid:7000_gen:ch:1:sloid:7000:6:13_pf:13AB,2026-10-04,ch:1:sjyid:100015:15520-001,rail,S-Bahn,S5,S5,15520,Bern,Neuchâtel/Avenches,13AB,,2026-10-04 04:08:00+00:00,2026-10-04 04:08:12+00:00,,True,0.2,2026-10-04 04:32:05.448000+02:00,2026-10-04 06:08:00+02:00,2026-10-04 06:08:12+02:00,2026-10-04,6,Sunday,True,95.9092
20261004_023204,2026-10-04 02:32:05.448000+00:00,Bern,rail,ch:1:sloid:7000,Bern,ch:1:sloid:7000:55:49,2026-10-04,ch:1:sjyid:100015:3321-001,rail,InterRegio,IR65,IR65,3321,Bern,Biel/Bienne,49,,2026-10-04 04:12:00+00:00,2026-10-04 04:12:12+00:00,,True,0.2,2026-10-04 04:32:05.448000+02:00,2026-10-04 06:12:00+02:00,2026-10-04 06:12:12+02:00,2026-10-04,6,Sunday,True,99.9092
20261004_023204,2026-10-04 02:32:05.988000+00:00,Basel,rail,ch:1:sloid:10,Basel SBB,ch:1:sloid:10:3:5,2026-10-04,ch:1:sjyid:100001:2055-001,rail,InterRegio,IR36,IR36,2055,Basel SBB,Zürich Flughafen,5,,2026-10-04 02:36:00+00:00,2026-10-04 02:36:42+00:00,,True,0.7,2026-10-04 04:32:05.988000+02:00,2026-10-04 04:36:00+02:00,2026-10-04 04:36:42+02:00,2026-10-04,4,Sunday,True,3.9002
20261004_023204,2026-10-04 02:32:05.988000+00:00,Basel,rail,ch:1:sloid:10,Basel SBB,ch:1:sloid:10:7:14,2026-10-04,ch:1:sjyid:100001:17313-001,rail,S-Bahn,S3,S3,17313,Basel SBB,Olten,14,,2026-10-04 02:38:00+00:00,2026-10-04 02:38:12+00:00,,True,0.2,2026-10-04 04:32:05.988000+02:00,2026-10-04 04:38:00+02:00,2026-10-04 04:38:12+02:00,2026-10-04,4,Sunday,True,5.9002
20261004_023204,2026-10-04 02:32:05.988000+00:00,Basel,rail,ch:1:sloid:10,Basel SBB,ch:1:sloid:10:8:16,2026-10-04,ch:1:sjyid:100001:17312-001,rail,S-Bahn,S3,S3,17312,Basel SBB,Delémont,16,,2026-10-04 02:52:00+00:00,2026-10-04 02:52:12+00:00,,True,0.2,2026-10-04 04:32:05.988000+02:00,2026-10-04 04:52:00+02:00,2026-10-04 04:52:12+02:00,2026-10-04,4,Sunday,True,19.900199999999998
20261004_023204,2026-10-04 02:32:05.988000+00:00,Basel,rail,ch:1:sloid:10,Basel SBB,ch:1:sloid:10:3:6,2026-10-04,ch:1:sjyid:100001:659-001,rail,InterCity,IC21,IC21,659,Basel SBB,Lugano,9,6,2026-10-04 03:04:00+00:00,2026-10-04 03:04:42+00:00,,True,0.7,2026-10-04 04:32:05.988000+02:00,2026-10-04 05:04:00+02:00,2026-10-04 05:04:42+02:00,2026-10-04,5,Sunday,True,31.900199999999998
20261004_023204,2026-10-04 02:32:05.988000+00:00,Basel,rail,ch:1:sloid:10,Basel SBB,ch:1:sloid:10_gen:ch:1:sloid:10:6:11_pf:11AB,2026-10-04,ch:1:sjyid:100001:1957-001,rail,InterRegio,IR36,IR36,1957,Basel SBB,Zürich HB,11AB,,2026-10-04 03:07:00+00:00,2026-10-04 03:07:42+00:00,,True,0.7,2026-10-04 04:32:05.988000+02:00,2026-10-04 05:07:00+02:00,2026-10-04 05:07:42+02:00,2026-10-04,5,Sunday,True,34.900200000000005
20261004_023204,2026-10-04 02:32:05.988000+00:00,Basel,rail,ch:1:sloid:10,Basel SBB,ch:1:sloid:10:2:4,2026-10-04,ch:1:sjyid:100001:607-002,rail,InterCity,IC61,IC61,607,Basel SBB,Interlaken Ost,4,,2026-10-04 03:09:00+00:00,2026-10-04 03:10:42+00:00,,True,1.7,2026-10-04 04:32:05.988000+02:00,2026-10-04 05:09:00+02:00,2026-10-04 05:10:42+02:00,2026-10-04,5,Sunday,True,36.900200000000005
20261004_023204,2026-10-04 02:32:05.988000+00:00,Basel,rail,ch:1:sloid:10,Basel SBB,ch:1:sloid:10:6:12,2026-10-04,ch:1:sjyid:100001:17117-001,rail,S-Bahn,S1,S1,17117,Basel SBB,Frick,12,,2026-10-04 03:19:00+00:00,2026-10-04 03:19:12+00:00,,True,0.2,2026-10-04 04:32:05.988000+02:00,2026-10-04 05:19:00+02:00,2026-10-04 05:19:12+02:00,2026-10-04,5,Sunday,True,46.900200000000005
20261004_023204,2026-10-04 02:32:05.988000+00:00,Basel,rail,ch:1:sloid:10,Basel SBB,ch:1:sloid:10:2:3,2026-10-04,ch:1:sjyid:100001:957-001,rail,InterCity,IC61,IC61,957,Basel SBB,Interlaken Ost,3,,2026-10-04 03:24:00+00:00,2026-10-04 03:24:42+00:00,,True,0.7,2026-10-04 04:32:05.988000+02:00,2026-10-04 05:24:00+02:00,2026-10-04 05:24:42+02:00,2026-10-04,5,Sunday,True,51.900200000000005
20261004_023204,2026-10-04 02:32:05.988000+00:00,Basel,rail,ch:1:sloid:10,Basel SBB,ch:1:sloid:10:0:19,2026-10-04,ch:1:sjyid:100001:17315-001,rail,S-Bahn,S3,S3,17315,Delémont,Olten,19,,2026-10-04 03:30:00+00:00,2026-10-04 03:30:12+00:00,,True,0.2,2026-10-04 04:32:05.988000+02:00,2026-10-04 05:30:00+02:00,2026-10-04 05:30:12+02:00,2026-10-04,5,Sunday,True,57.900200000000005
20261004_023204,2026-10-04 02:32:05.988000+00:00,Basel,rail,ch:1:sloid:10,Basel SBB,ch:1:sloid:10:5:10,2026-10-04,ch:1:sjyid:100001:551-001,rail,InterCity,IC3,IC3,551,Basel SBB,Zürich HB,10,,2026-10-04 03:33:00+00:00,2026-10-04 03:33:48+00:00,,True,0.8,2026-10-04 04:32:05.988000+02:00,2026-10-04 05:33:00+02:00,2026-10-04 05:33:48+02:00,2026-10-04,5,Sunday,True,60.900200000000005
20261004_023204,2026-10-04 02:32:05.988000+00:00,Basel,rail,ch:1:sloid:10,Basel SBB,ch:1:sloid:10:3:5,2026-10-04,ch:1:sjyid:100001:2057-001,rail,InterRegio,IR36,IR36,2057,Basel SBB,Zürich Flughafen,5,,2026-10-04 03:36:00+00:00,2026-10-04 03:36:42+00:00,,True,0.7,2026-10-04 04:32:05.988000+02:00,2026-10-04 05:36:00+02:00,2026-10-04 05:36:42+02:00,2026-10-04,5,Sunday,True,63.900200000000005
20261004_023204,2026-10-04 02:32:05.988000+00:00,Basel,rail,ch:1:sloid:10,Basel SBB,ch:1:sloid:10:8:16,2026-10-04,ch:1:sjyid:100001:17314-001,rail,S-Bahn,S3,S3,17314,Olten,Laufen,16,,2026-10-04 03:38:00+00:00,2026-10-04 03:38:12+00:00,,True,0.2,2026-10-04 04:32:05.988000+02:00,2026-10-04 05:38:00+02:00,2026-10-04 05:38:12+02:00,2026-10-04,5,Sunday,True,65.9002
20261004_023204,2026-10-04 02:32:05.988000+00:00,Basel,rail,ch:1:sloid:10,Basel SBB,ch:1:sloid:10:6:11,2026-10-04,ch:1:sjyid:100001:2257-001,rail,InterRegio,IR37,IR37,2257,Basel SBB,Zürich HB,11,,2026-10-04 03:43:00+00:00,2026-10-04 03:43:48+00:00,,True,0.8,2026-10-04 04:32:05.988000+02:00,2026-10-04 05:43:00+02:00,2026-10-04 05:43:48+02:00,2026-10-04,5,Sunday,True,70.9002
20261004_023204,2026-10-04 02:32:05.988000+00:00,Basel,rail,ch:1:sloid:10,Basel SBB,ch:1:sloid:10:6:12,2026-10-04,ch:1:sjyid:100001:17219-001,rail,S-Bahn,S1,S1,17219,Basel SBB,Laufenburg,12,,2026-10-04 03:49:00+00:00,2026-10-04 03:49:12+00:00,,True,0.2,2026-10-04 04:32:05.988000+02:00,2026-10-04 05:49:00+02:00,2026-10-04 05:49:12+02:00,2026-10-04,5,Sunday,True,76.9002
20261004_023204,2026-10-04 02:32:05.988000+00:00,Basel,rail,ch:1:sloid:10,Basel SBB,ch:1:sloid:10:3:6,2026-10-04,ch:1:sjyid:100001:10061-001,rail,InterCity,IC6,IC6,10061,Basel SBB,Domodossola (I),,,2026-10-04 03:57:18+00:00,2026-10-04 03:57:18+00:00,,True,0.0,2026-10-04 04:32:05.988000+02:00,2026-10-04 05:57:18+02:00,2026-10-04 05:57:18+02:00,2026-10-04,5,Sunday,True,85.2002
20261004_023204,2026-10-04 02:32:05.988000+00:00,Basel,rail,ch:1:sloid:10,Basel SBB,ch:1:sloid:10:3:6,2026-10-04,ch:1:sjyid:100001:10061-001,rail,InterCity,IC6,IC6,10061,Basel SBB,Domodossola (I),6,,2026-10-04 03:58:00+00:00,2026-10-04 03:58:42+00:00,,True,0.7,2026-10-04 04:32:05.988000+02:00,2026-10-04 05:58:00+02:00,2026-10-04 05:58:42+02:00,2026-10-04,5,Sunday,True,85.9002
20261004_023204,2026-10-04 02:32:05.988000+00:00,Basel,rail,ch:1:sloid:10,Basel SBB,ch:1:sloid:10:0:19,2026-10-04,ch:1:sjyid:100001:17317-001,rail,S-Bahn,S3,S3,17317,Delémont,Olten,19,,2026-10-04 04:00:00+00:00,2026-10-04 04:00:12+00:00,,True,0.2,2026-10-04 04:32:05.988000+02:00,2026-10-04 06:00:00+02:00,2026-10-04 06:00:12+02:00,2026-10-04,6,Sunday,True,87.9002
20261004_023204,2026-10-04 02:32:05.988000+00:00,Basel,rail,ch:1:sloid:10,Basel SBB,ch:1:sloid:10:0:20,2026-10-04,ch:1:sjyid:100015:1854-001,rail,InterRegio,IR56,IR56,1854,Basel SBB,Biel/Bienne,20,,2026-10-04 04:02:00+00:00,2026-10-04 04:02:12+00:00,,True,0.2,2026-10-04 04:32:05.988000+02:00,2026-10-04 06:02:00+02:00,2026-10-04 06:02:12+02:00,2026-10-04,6,Sunday,True,89.9002
20261004_023204,2026-10-04 02:32:05.988000+00:00,Basel,rail,ch:1:sloid:10,Basel SBB,ch:1:sloid:10:3:5,2026-10-04,ch:1:sjyid:100061:2311-001,rail,Treno Gottardo,IR26,IR26,2311,Basel SBB,Locarno,5,,2026-10-04 04:04:00+00:00,2026-10-04 04:04:30+00:00,,True,0.5,2026-10-04 04:32:05.988000+02:00,2026-10-04 06:04:00+02:00,2026-10-04 06:04:30+02:00,2026-10-04,6,Sunday,True,91.9002
20261004_023204,2026-10-04 02:32:05.988000+00:00,Basel,rail,ch:1:sloid:10,Basel SBB,ch:1:sloid:10:2:4,2026-10-04,ch:1:sjyid:100001:1959-001,rail,InterRegio,IR36,IR36,1959,Basel SBB,Zürich HB,4,,2026-10-04 04:07:00+00:00,2026-10-04 04:07:42+00:00,,True,0.7,2026-10-04 04:32:05.988000+02:00,2026-10-04 06:07:00+02:00,2026-10-04 06:07:42+02:00,2026-10-04,6,Sunday,True,94.9002
20261004_023204,2026-10-04 02:32:05.988000+00:00,Basel,rail,ch:1:sloid:10,Basel SBB,ch:1:sloid:10:5:9,2026-10-04,ch:1:sjyid:100001:1057-001,rail,InterCity,IC3,IC3,1057,Basel SBB,Zürich HB,9,,2026-10-04 04:07:00+00:00,2026-10-04 04:07:48+00:00,,True,0.8,2026-10-04 04:32:05.988000+02:00,2026-10-04 06:07:00+02:00,2026-10-04 06:07:48+02:00,2026-10-04,6,Sunday,True,94.9002
20261004_023204,2026-10-04 02:32:05.988000+00:00,Basel,rail,ch:1:sloid:10,Basel SBB,ch:1:sloid:10:8:16,2026-10-04,ch:1:sjyid:100001:17316-001,rail,S-Bahn,S3,S3,17316,Olten,Laufen,16,,2026-10-04 04:08:00+00:00,2026-10-04 04:08:12+00:00,,True,0.2,2026-10-04 04:32:05.988000+02:00,2026-10-04 06:08:00+02:00,2026-10-04 06:08:12+02:00,2026-10-04,6,Sunday,True,95.9002
20261004_023204,2026-10-04 02:32:05.988000+00:00,Basel,rail,ch:1:sloid:10,Basel SBB,ch:1:sloid:10:1:1,2026-10-04,ch:1:sjyid:100001:2459-001,rail,InterRegio,IR27,IR27,2459,Basel SBB,Luzern,1,,2026-10-04 04:16:00+00:00,2026-10-04 04:16:42+00:00,,True,0.7,2026-10-04 04:32:05.988000+02:00,2026-10-04 06:16:00+02:00,2026-10-04 06:16:42+02:00,2026-10-04,6,Sunday,True,103.9002
20261004_023204,2026-10-04 02:32:05.988000+00:00,Basel,rail,ch:1:sloid:10,Basel SBB,ch:1:sloid:10:7:14,2026-10-04,ch:1:sjyid:100001:17121-001,rail,S-Bahn,S1,S1,17121,Basel SBB,Frick,14,,2026-10-04 04:19:00+00:00,2026-10-04 04:19:12+00:00,,True,0.2,2026-10-04 04:32:05.988000+02:00,2026-10-04 06:19:00+02:00,2026-10-04 06:19:12+02:00,2026-10-04,6,Sunday,True,106.9002
20261004_023204,2026-10-04 02:32:05.988000+00:00,Basel,rail,ch:1:sloid:10,Basel SBB,ch:1:sloid:10:21:30,2026-10-04,ch:1:sjyid:100001:96206-001,rail,Train Express Regional,TER,TER,96206,Basel SBB,Strasbourg,30,,2026-10-04 04:21:00+00:00,2026-10-04 04:21:30+00:00,,True,0.5,2026-10-04 04:32:05.988000+02:00,2026-10-04 06:21:00+02:00,2026-10-04 06:21:30+02:00,2026-10-04,6,Sunday,True,108.9002
20261004_023204,2026-10-04 02:32:05.988000+00:00,Basel,rail,ch:1:sloid:10,Basel SBB,ch:1:sloid:10:0:19,2026-10-04,ch:1:sjyid:100001:17319-001,rail,S-Bahn,S3,S3,17319,Delémont,Olten,19,,2026-10-04 04:30:00+00:00,2026-10-04 04:30:12+00:00,,True,0.2,2026-10-04 04:32:05.988000+02:00,2026-10-04 06:30:00+02:00,2026-10-04 06:30:12+02:00,2026-10-04,6,Sunday,True,117.9002
20261004_023204,2026-10-04 02:32:05.988000+00:00,Basel,rail,ch:1:sloid:10,Basel SBB,ch:1:sloid:10:3:6,2026-10-04,ch:1:sjyid:100001:959-001,rail,InterCity,IC6,IC6,959,Basel SBB,Brig,6,,2026-10-04 04:30:00+00:00,2026-10-04 04:30:42+00:00,,True,0.7,2026-10-04 04:32:05.988000+02:00,2026-10-04 06:30:00+02:00,2026-10-04 06:30:42+02:00,2026-10-04,6,Sunday,True,117.9002
20261004_023204,2026-10-04 02:32:05.988000+00:00,Basel,rail,ch:1:sloid:10,Basel SBB,ch:1:sloid:10:0:20,2026-10-04,ch:1:sjyid:100001:1610-001,rail,InterCity,IC51,IC51,1610,Basel SBB,Lausanne,20,,2026-10-04 04:32:00+00:00,,,False,,2026-10-04 04:32:05.988000+02:00,2026-10-04 06:32:00+02:00,,2026-10-04,6,Sunday,True,119.9002
20261004_023204,2026-10-04 02:32:05.988000+00:00,Basel,rail,ch:1:sloid:10,Basel SBB,ch:1:sloid:10:6:12,2026-10-04,ch:1:sjyid:100001:559-001,rail,InterCity,IC3,IC3,559,Basel SBB,Chur,12,,2026-10-04 04:33:00+00:00,2026-10-04 04:33:48+00:00,,True,0.8,2026-10-04 04:32:05.988000+02:00,2026-10-04 06:33:00+02:00,2026-10-04 06:33:48+02:00,2026-10-04,6,Sunday,True,120.9002
20261004_023204,2026-10-04 02:32:05.988000+00:00,Basel,rail,ch:1:sloid:10,Basel SBB,ch:1:sloid:10:1:2,2026-10-04,ch:1:sjyid:100308:87806-001,rail,S-Bahn,S6,S6,87806,Basel SBB,Zell (Wiesental),2,,2026-10-04 04:35:00+00:00,2026-10-04 04:35:00+00:00,,True,0.0,2026-10-04 04:32:05.988000+02:00,2026-10-04 06:35:00+02:00,2026-10-04 06:35:00+02:00,2026-10-04,6,Sunday,True,122.9002
20261004_023204,2026-10-04 02:32:06.481000+00:00,Luzern,rail,ch:1:sloid:5000,Luzern,ch:1:sloid:5000:3:6,2026-10-04,ch:1:sjyid:100001:2562-001,rail,InterRegio,IR,IR,2562,Luzern,Sargans,6,,2026-10-04 02:52:00+00:00,2026-10-04 02:52:30+00:00,,True,0.5,2026-10-04 04:32:06.481000+02:00,2026-10-04 04:52:00+02:00,2026-10-04 04:52:30+02:00,2026-10-04,4,Sunday,True,19.891983333333332
20261004_023204,2026-10-04 02:32:06.481000+00:00,Luzern,rail,ch:1:sloid:5000,Luzern,ch:1:sloid:5000:3:7,2026-10-04,ch:1:sjyid:100061:2304-001,rail,InterRegio,IR26,IR26,2304,Luzern,Basel SBB,7,,2026-10-04 02:54:00+00:00,2026-10-04 02:54:30+00:00,,True,0.5,2026-10-04 04:32:06.481000+02:00,2026-10-04 04:54:00+02:00,2026-10-04 04:54:30+02:00,2026-10-04,4,Sunday,True,21.891983333333332
20261004_023204,2026-10-04 02:32:06.481000+00:00,Luzern,rail,ch:1:sloid:5000,Luzern,ch:1:sloid:5000_gen:ch:1:sloid:5000:2:4_pf:4CD,2026-10-04,ch:1:sjyid:100001:4706-001,rail,RegioExpress,RE24,RE24,4706,Luzern,Olten,4CD,,2026-10-04 02:58:00+00:00,2026-10-04 02:58:12+00:00,,True,0.2,2026-10-04 04:32:06.481000+02:00,2026-10-04 04:58:00+02:00,2026-10-04 04:58:12+02:00,2026-10-04,4,Sunday,True,25.891983333333332
20261004_023204,2026-10-04 02:32:06.481000+00:00,Luzern,rail,ch:1:sloid:5000,Luzern,ch:1:sloid:5000_gen:ch:1:sloid:5000:1:3_pf:3CD,2026-10-04,ch:1:sjyid:100001:21914-001,rail,S-Bahn,S9,S9,21914,Luzern,Lenzburg,3CD,,2026-10-04 03:02:00+00:00,2026-10-04 03:02:30+00:00,,True,0.5,2026-10-04 04:32:06.481000+02:00,2026-10-04 05:02:00+02:00,2026-10-04 05:02:30+02:00,2026-10-04,5,Sunday,True,29.891983333333332
20261004_023204,2026-10-04 02:32:06.481000+00:00,Luzern,rail,ch:1:sloid:5000,Luzern,ch:1:sloid:5000:7:15,2026-10-04,ch:1:sjyid:100064:2956-002,rail,InterRegio,IRLEX,IRLEX,2956,Luzern,Stansstad,15,,2026-10-04 03:04:00+00:00,2026-10-04 03:04:12+00:00,,True,0.2,2026-10-04 04:32:06.481000+02:00,2026-10-04 05:04:00+02:00,2026-10-04 05:04:12+02:00,2026-10-04,5,Sunday,True,31.891983333333332
20261004_023204,2026-10-04 02:32:06.481000+00:00,Luzern,rail,ch:1:sloid:5000,Luzern,ch:1:sloid:5000_gen:ch:1:sloid:5000:4:8_pf:8CD,2026-10-04,ch:1:sjyid:100001:21109-001,rail,S-Bahn,S1,S1,21109,Luzern,Sursee,8CD,,2026-10-04 03:14:00+00:00,2026-10-04 03:14:12+00:00,,True,0.2,2026-10-04 04:32:06.481000+02:00,2026-10-04 05:14:00+02:00,2026-10-04 05:14:12+02:00,2026-10-04,5,Sunday,True,41.89198333333333
20261004_023204,2026-10-04 02:32:06.481000+00:00,Luzern,rail,ch:1:sloid:5000,Luzern,ch:1:sloid:5000_gen:ch:1:sloid:5000:5:10_pf:10B,2026-10-04,ch:1:sjyid:100001:21108-002,rail,S-Bahn,S1,S1,21108,Luzern,Baar,10B,,2026-10-04 03:21:00+00:00,2026-10-04 03:21:12+00:00,,True,0.2,2026-10-04 04:32:06.481000+02:00,2026-10-04 05:21:00+02:00,2026-10-04 05:21:12+02:00,2026-10-04,5,Sunday,True,48.89198333333333
20261004_023204,2026-10-04 02:32:06.481000+00:00,Luzern,rail,ch:1:sloid:5000,Luzern,ch:1:sloid:5000:7:14,2026-10-04,ch:1:sjyid:100064:21418-001,rail,S-Bahn,S4,S4,21418,Luzern,Stansstad,14,,2026-10-04 03:27:00+00:00,2026-10-04 03:27:12+00:00,,True,0.2,2026-10-04 04:32:06.481000+02:00,2026-10-04 05:27:00+02:00,2026-10-04 05:27:12+02:00,2026-10-04,5,Sunday,True,54.89198333333333
20261004_023204,2026-10-04 02:32:06.481000+00:00,Luzern,rail,ch:1:sloid:5000,Luzern,ch:1:sloid:5000:2:5,2026-10-04,ch:1:sjyid:100001:2107-001,rail,InterRegio,IR75,IR75,2107,Luzern,Kreuzlingen,5,,2026-10-04 03:35:00+00:00,2026-10-04 03:35:30+00:00,,True,0.5,2026-10-04 04:32:06.481000+02:00,2026-10-04 05:35:00+02:00,2026-10-04 05:35:30+02:00,2026-10-04,5,Sunday,True,62.89198333333333
20261004_023204,2026-10-04 02:32:06.481000+00:00,Luzern,rail,ch:1:sloid:5000,Luzern,ch:1:sloid:5000_gen:ch:1:sloid:5000:4:8_pf:8B,2026-10-04,ch:1:sjyid:100001:21319-002,rail,S-Bahn,S3,S3,21319,Luzern,Arth-Goldau,8B,,2026-10-04 03:39:00+00:00,2026-10-04 03:39:12+00:00,,True,0.2,2026-10-04 04:32:06.481000+02:00,2026-10-04 05:39:00+02:00,2026-10-04 05:39:12+02:00,2026-10-04,5,Sunday,True,66.89198333333333
20261004_023204,2026-10-04 02:32:06.481000+00:00,Luzern,rail,ch:1:sloid:5000,Luzern,ch:1:sloid:5000:4:9,2026-10-04,ch:1:sjyid:100001:2508-002,rail,InterRegio,IR15,IR15,2508,Luzern,Genève-Aéroport,9,,2026-10-04 03:42:00+00:00,2026-10-04 03:43:36+00:00,,True,1.6,2026-10-04 04:32:06.481000+02:00,2026-10-04 05:42:00+02:00,2026-10-04 05:43:36+02:00,2026-10-04,5,Sunday,True,69.89198333333334
20261004_023204,2026-10-04 02:32:06.481000+00:00,Luzern,rail,ch:1:sloid:5000,Luzern,ch:1:sloid:5000_gen:ch:1:sloid:5000:6:13_pf:13B,2026-10-04,ch:1:sjyid:100064:21518-001,rail,S-Bahn,S5,S5,21518,Luzern,Giswil,13B,,2026-10-04 03:42:00+00:00,2026-10-04 03:42:12+00:00,,True,0.2,2026-10-04 04:32:06.481000+02:00,2026-10-04 05:42:00+02:00,2026-10-04 05:42:12+02:00,2026-10-04,5,Sunday,True,69.89198333333334
20261004_023204,2026-10-04 02:32:06.481000+00:00,Luzern,rail,ch:1:sloid:5000,Luzern,ch:1:sloid:5000:5:10,2026-10-04,ch:1:sjyid:100001:21111-002,rail,S-Bahn,S1,S1,21111,Luzern,Sursee,10,,2026-10-04 03:44:00+00:00,2026-10-04 03:45:00+00:00,,True,1.0,2026-10-04 04:32:06.481000+02:00,2026-10-04 05:44:00+02:00,2026-10-04 05:45:00+02:00,2026-10-04,5,Sunday,True,71.89198333333334
20261004_023204,2026-10-04 02:32:06.481000+00:00,Luzern,rail,ch:1:sloid:5000,Luzern,ch:1:sloid:5000:2:5,2026-10-04,ch:1:sjyid:100001:21112-002,rail,S-Bahn,S1,S1,21112,Sursee,Baar,5,,2026-10-04 03:51:00+00:00,2026-10-04 03:51:12+00:00,,True,0.2,2026-10-04 04:32:06.481000+02:00,2026-10-04 05:51:00+02:00,2026-10-04 05:51:12+02:00,2026-10-04,5,Sunday,True,78.89198333333334
20261004_023204,2026-10-04 02:32:06.481000+00:00,Luzern,rail,ch:1:sloid:5000,Luzern,ch:1:sloid:5000:3:6,2026-10-04,ch:1:sjyid:100001:2306-001,rail,InterRegio,IR26,IR26,2306,Luzern,Basel SBB,6,,2026-10-04 03:54:00+00:00,2026-10-04 03:54:36+00:00,,True,0.6,2026-10-04 04:32:06.481000+02:00,2026-10-04 05:54:00+02:00,2026-10-04 05:54:36+02:00,2026-10-04,5,Sunday,True,81.89198333333334
20261004_023204,2026-10-04 02:32:06.481000+00:00,Luzern,rail,ch:1:sloid:5000,Luzern,ch:1:sloid:5000:3:7,2026-10-04,ch:1:sjyid:100015:4458-001,rail,RegioExpress,RE7,RE7,4458,Luzern,Bern/Willisau,7,,2026-10-04 03:57:00+00:00,2026-10-04 03:57:12+00:00,,True,0.2,2026-10-04 04:32:06.481000+02:00,2026-10-04 05:57:00+02:00,2026-10-04 05:57:12+02:00,2026-10-04,5,Sunday,True,84.89198333333334
20261004_023204,2026-10-04 02:32:06.481000+00:00,Luzern,rail,ch:1:sloid:5000,Luzern,ch:1:sloid:5000:7:14,2026-10-04,ch:1:sjyid:100064:21420-001,rail,S-Bahn,S4,S4,21420,Luzern,Stansstad,14,,2026-10-04 03:57:00+00:00,2026-10-04 03:57:12+00:00,,True,0.2,2026-10-04 04:32:06.481000+02:00,2026-10-04 05:57:00+02:00,2026-10-04 05:57:12+02:00,2026-10-04,5,Sunday,True,84.89198333333334
20261004_023204,2026-10-04 02:32:06.481000+00:00,Luzern,rail,ch:1:sloid:5000,Luzern,ch:1:sloid:5000_gen:ch:1:sloid:5000:5:11_pf:11B,2026-10-04,ch:1:sjyid:100001:21920-002,rail,S-Bahn,S9,S9,21920,Luzern,Lenzburg,11B,,2026-10-04 04:02:00+00:00,2026-10-04 04:02:30+00:00,,True,0.5,2026-10-04 04:32:06.481000+02:00,2026-10-04 06:02:00+02:00,2026-10-04 06:02:30+02:00,2026-10-04,6,Sunday,True,89.89198333333334
20261004_023204,2026-10-04 02:32:06.481000+00:00,Luzern,rail,ch:1:sloid:5000,Luzern,ch:1:sloid:5000:4:8,2026-10-04,ch:1:sjyid:100001:4708-001,rail,RegioExpress,RE24,RE24,4708,Luzern,Olten,8,,2026-10-04 04:05:00+00:00,2026-10-04 04:05:12+00:00,,True,0.2,2026-10-04 04:32:06.481000+02:00,2026-10-04 06:05:00+02:00,2026-10-04 06:05:12+02:00,2026-10-04,6,Sunday,True,92.89198333333334
20261004_023204,2026-10-04 02:32:06.481000+00:00,Luzern,rail,ch:1:sloid:5000,Luzern,ch:1:sloid:5000:6:12,2026-10-04,ch:1:sjyid:100064:2912-001,rail,Luzern-Interlaken Express,LIX,LIX,2912,Luzern,Interlaken Ost,12,,2026-10-04 04:06:00+00:00,2026-10-04 04:06:06+00:00,,True,0.1,2026-10-04 04:32:06.481000+02:00,2026-10-04 06:06:00+02:00,2026-10-04 06:06:06+02:00,2026-10-04,6,Sunday,True,93.89198333333334
20261004_023204,2026-10-04 02:32:06.481000+00:00,Luzern,rail,ch:1:sloid:5000,Luzern,ch:1:sloid:5000:5:11,2026-10-04,ch:1:sjyid:100001:21321-001,rail,S-Bahn,S3,S3,21321,Luzern,Brunnen,11,,2026-10-04 04:06:00+00:00,2026-10-04 04:07:00+00:00,,True,1.0,2026-10-04 04:32:06.481000+02:00,2026-10-04 06:06:00+02:00,2026-10-04 06:07:00+02:00,2026-10-04,6,Sunday,True,93.89198333333334
20261004_023204,2026-10-04 02:32:06.481000+00:00,Luzern,rail,ch:1:sloid:5000,Luzern,ch:1:sloid:5000:1:3,2026-10-04,ch:1:sjyid:100001:2610-001,rail,InterRegio,IR70,IR70,2610,Luzern,Sargans,3,,2026-10-04 04:09:00+00:00,2026-10-04 04:10:00+00:00,,True,1.0,2026-10-04 04:32:06.481000+02:00,2026-10-04 06:09:00+02:00,2026-10-04 06:10:00+02:00,2026-10-04,6,Sunday,True,96.89198333333334
20261004_023204,2026-10-04 02:32:06.481000+00:00,Luzern,rail,ch:1:sloid:5000,Luzern,ch:1:sloid:5000_gen:ch:1:sloid:5000:6:13_pf:13BC,2026-10-04,ch:1:sjyid:100064:2958-001,rail,Luzern-Engelberg Express,IRLEX,IRLEX,2958,Luzern,Stansstad,13BC,,2026-10-04 04:10:00+00:00,2026-10-04 04:10:12+00:00,,True,0.2,2026-10-04 04:32:06.481000+02:00,2026-10-04 06:10:00+02:00,2026-10-04 06:10:12+02:00,2026-10-04,6,Sunday,True,97.89198333333334
20261004_023204,2026-10-04 02:32:06.481000+00:00,Luzern,rail,ch:1:sloid:5000,Luzern,ch:1:sloid:5000:7:14,2026-10-04,ch:1:sjyid:100064:21520-001,rail,S-Bahn,S5,S5,21520,Luzern,Giswil,14,,2026-10-04 04:12:00+00:00,2026-10-04 04:12:12+00:00,,True,0.2,2026-10-04 04:32:06.481000+02:00,2026-10-04 06:12:00+02:00,2026-10-04 06:12:12+02:00,2026-10-04,6,Sunday,True,99.89198333333334
20261004_023204,2026-10-04 02:32:06.481000+00:00,Luzern,rail,ch:1:sloid:5000,Luzern,ch:1:sloid:5000:2:5,2026-10-04,ch:1:sjyid:100001:21113-003,rail,S-Bahn,S1,S1,21113,Zug,Sursee,5,,2026-10-04 04:14:00+00:00,2026-10-04 04:15:00+00:00,,True,1.0,2026-10-04 04:32:06.481000+02:00,2026-10-04 06:14:00+02:00,2026-10-04 06:15:00+02:00,2026-10-04,6,Sunday,True,101.89198333333334
20261004_023204,2026-10-04 02:32:06.481000+00:00,Luzern,rail,ch:1:sloid:5000,Luzern,ch:1:sloid:5000_gen:ch:1:sloid:5000:5:10_pf:10B-D,2026-10-04,ch:1:sjyid:100015:21620-001,rail,S-Bahn,S6,S6,21620,Luzern,Wolhusen,10B-D,,2026-10-04 04:16:00+00:00,2026-10-04 04:17:00+00:00,,True,1.0,2026-10-04 04:32:06.481000+02:00,2026-10-04 06:16:00+02:00,2026-10-04 06:17:00+02:00,2026-10-04,6,Sunday,True,103.89198333333334
20261004_023204,2026-10-04 02:32:06.481000+00:00,Luzern,rail,ch:1:sloid:5000,Luzern,ch:1:sloid:5000:3:7,2026-10-04,ch:1:sjyid:100001:659-001,rail,InterCity,IC21,IC21,659,Basel SBB,Lugano,7,,2026-10-04 04:18:00+00:00,2026-10-04 04:19:00+00:00,,True,1.0,2026-10-04 04:32:06.481000+02:00,2026-10-04 06:18:00+02:00,2026-10-04 06:19:00+02:00,2026-10-04,6,Sunday,True,105.89198333333334
20261004_023204,2026-10-04 02:32:06.481000+00:00,Luzern,rail,ch:1:sloid:5000,Luzern,ch:1:sloid:5000:4:8,2026-10-04,ch:1:sjyid:100001:21114-002,rail,S-Bahn,S1,S1,21114,Sursee,Baar,8,,2026-10-04 04:21:00+00:00,2026-10-04 04:21:12+00:00,,True,0.2,2026-10-04 04:32:06.481000+02:00,2026-10-04 06:21:00+02:00,2026-10-04 06:21:12+02:00,2026-10-04,6,Sunday,True,108.89198333333334
20261004_023204,2026-10-04 02:32:06.481000+00:00,Luzern,rail,ch:1:sloid:5000,Luzern,ch:1:sloid:5000:7:14,2026-10-04,ch:1:sjyid:100064:21422-001,rail,S-Bahn,S4,S4,21422,Luzern,Stansstad,14,,2026-10-04 04:27:00+00:00,2026-10-04 04:27:00+00:00,,True,0.0,2026-10-04 04:32:06.481000+02:00,2026-10-04 06:27:00+02:00,2026-10-04 06:27:00+02:00,2026-10-04,6,Sunday,True,114.89198333333334
20261004_023204,2026-10-04 02:32:06.481000+00:00,Luzern,rail,ch:1:sloid:5000,Luzern,ch:1:sloid:5000:2:4,2026-10-04,ch:1:sjyid:100001:2458-001,rail,InterRegio,IR27,IR27,2458,Luzern,Basel SBB,4,,2026-10-04 04:30:00+00:00,2026-10-04 04:30:36+00:00,,True,0.6,2026-10-04 04:32:06.481000+02:00,2026-10-04 06:30:00+02:00,2026-10-04 06:30:36+02:00,2026-10-04,6,Sunday,True,117.89198333333334
20261004_023204,2026-10-04 02:32:06.967000+00:00,St. Gallen,rail,ch:1:sloid:6302,St. Gallen,ch:1:sloid:6302:2:2,2026-10-04,ch:1:sjyid:100001:3252-001,rail,InterRegio,IR13,IR13,3252,St. Gallen,Luzern,2,,2026-10-04 02:37:00+00:00,2026-10-04 02:37:30+00:00,,True,0.5,2026-10-04 04:32:06.967000+02:00,2026-10-04 04:37:00+02:00,2026-10-04 04:37:30+02:00,2026-10-04,4,Sunday,True,4.883883333333333
20261004_023204,2026-10-04 02:32:06.967000+00:00,St. Gallen,rail,ch:1:sloid:6302,St. Gallen,ch:1:sloid:6302:2:2,2026-10-04,ch:1:sjyid:100061:2006-001,rail,Voralpen-Express,VAE,VAE,2006,St. Gallen,Biberbrugg,2,,2026-10-04 03:05:00+00:00,2026-10-04 03:05:12+00:00,,True,0.2,2026-10-04 04:32:06.967000+02:00,2026-10-04 05:05:00+02:00,2026-10-04 05:05:12+02:00,2026-10-04,5,Sunday,True,32.88388333333333
20261004_023204,2026-10-04 02:32:06.967000+00:00,St. Gallen,rail,ch:1:sloid:6302,St. Gallen,ch:1:sloid:6302:1:1,2026-10-04,ch:1:sjyid:100001:10706-009,rail,InterCity,IC,IC,10706,St. Gallen,Biel/Bienne,1,,2026-10-04 03:06:18+00:00,2026-10-04 03:06:18+00:00,,True,0.0,2026-10-04 04:32:06.967000+02:00,2026-10-04 05:06:18+02:00,2026-10-04 05:06:18+02:00,2026-10-04,5,Sunday,True,34.183883333333334
20261004_023204,2026-10-04 02:32:06.967000+00:00,St. Gallen,rail,ch:1:sloid:6302,St. Gallen,ch:1:sloid:6302:1:1,2026-10-04,ch:1:sjyid:100001:10706-009,rail,InterCity,IC,IC,10706,St. Gallen,Biel/Bienne,1,,2026-10-04 03:07:00+00:00,2026-10-04 03:07:42+00:00,,True,0.7,2026-10-04 04:32:06.967000+02:00,2026-10-04 05:07:00+02:00,2026-10-04 05:07:42+02:00,2026-10-04,5,Sunday,True,34.88388333333333
20261004_023204,2026-10-04 02:32:06.967000+00:00,St. Gallen,rail,ch:1:sloid:6302,St. Gallen,ch:1:sloid:6302:3:4,2026-10-04,ch:1:sjyid:100046:11215-001,rail,S-Bahn,S2,S2,11215,St. Gallen,Altstätten SG,4,,2026-10-04 03:08:00+00:00,2026-10-04 03:08:12+00:00,,True,0.2,2026-10-04 04:32:06.967000+02:00,2026-10-04 05:08:00+02:00,2026-10-04 05:08:12+02:00,2026-10-04,5,Sunday,True,35.88388333333333
20261004_023204,2026-10-04 02:32:06.967000+00:00,St. Gallen,rail,ch:1:sloid:6302,St. Gallen,ch:1:sloid:6302:4:7,2026-10-04,ch:1:sjyid:100046:11514-001,rail,S-Bahn,S5,S5,11514,St. Gallen,Weinfelden,7,,2026-10-04 03:10:00+00:00,2026-10-04 03:10:12+00:00,,True,0.2,2026-10-04 04:32:06.967000+02:00,2026-10-04 05:10:00+02:00,2026-10-04 05:10:12+02:00,2026-10-04,5,Sunday,True,37.88388333333333
20261004_023204,2026-10-04 02:32:06.967000+00:00,St. Gallen,rail,ch:1:sloid:6302,St. Gallen,ch:1:sloid:6302:2:3,2026-10-04,ch:1:sjyid:100046:11115-001,rail,S-Bahn,S1,S1,11115,St. Gallen,Schaffhausen,3,,2026-10-04 03:19:00+00:00,2026-10-04 03:20:42+00:00,,True,1.7,2026-10-04 04:32:06.967000+02:00,2026-10-04 05:19:00+02:00,2026-10-04 05:20:42+02:00,2026-10-04,5,Sunday,True,46.88388333333333
20261004_023204,2026-10-04 02:32:06.967000+00:00,St. Gallen,rail,ch:1:sloid:6302,St. Gallen,ch:1:sloid:6302:1:1,2026-10-04,ch:1:sjyid:100001:3251-001,rail,InterRegio,IR13,IR13,3251,Wil SG,Sargans,1,,2026-10-04 03:25:00+00:00,2026-10-04 03:25:18+00:00,,True,0.3,2026-10-04 04:32:06.967000+02:00,2026-10-04 05:25:00+02:00,2026-10-04 05:25:18+02:00,2026-10-04,5,Sunday,True,52.88388333333333
20261004_023204,2026-10-04 02:32:06.967000+00:00,St. Gallen,rail,ch:1:sloid:6302,St. Gallen,ch:1:sloid:6302_gen:ch:1:sloid:6302:3:5_pf:5AB,2026-10-04,ch:1:sjyid:100061:11416-001,rail,S-Bahn,S4,S4,11416,St. Gallen,Rapperswil SG,5AB,,2026-10-04 03:27:00+00:00,2026-10-04 03:27:12+00:00,,True,0.2,2026-10-04 04:32:06.967000+02:00,2026-10-04 05:27:00+02:00,2026-10-04 05:27:12+02:00,2026-10-04,5,Sunday,True,54.88388333333333
20261004_023204,2026-10-04 02:32:06.967000+00:00,St. Gallen,rail,ch:1:sloid:6302,St. Gallen,ch:1:sloid:6302:2:2,2026-10-04,ch:1:sjyid:100001:3254-001,rail,InterRegio,IR13,IR13,3254,St. Gallen,Luzern,2,,2026-10-04 03:37:00+00:00,2026-10-04 03:37:30+00:00,,True,0.5,2026-10-04 04:32:06.967000+02:00,2026-10-04 05:37:00+02:00,2026-10-04 05:37:30+02:00,2026-10-04,5,Sunday,True,64.88388333333333
20261004_023204,2026-10-04 02:32:06.967000+00:00,St. Gallen,rail,ch:1:sloid:6302,St. Gallen,ch:1:sloid:6302:2:3,2026-10-04,ch:1:sjyid:100061:11415-001,rail,S-Bahn,S4,S4,11415,Wattwil,Sargans,3,,2026-10-04 03:38:00+00:00,2026-10-04 03:39:06+00:00,,True,1.1,2026-10-04 04:32:06.967000+02:00,2026-10-04 05:38:00+02:00,2026-10-04 05:39:06+02:00,2026-10-04,5,Sunday,True,65.88388333333333
20261004_023204,2026-10-04 02:32:06.967000+00:00,St. Gallen,rail,ch:1:sloid:6302,St. Gallen,ch:1:sloid:6302:4:6,2026-10-04,ch:1:sjyid:100046:5210-001,rail,RegioExpress,RE1,RE1,5210,St. Gallen,Herisau,6,,2026-10-04 03:44:00+00:00,2026-10-04 03:44:12+00:00,,True,0.2,2026-10-04 04:32:06.967000+02:00,2026-10-04 05:44:00+02:00,2026-10-04 05:44:12+02:00,2026-10-04,5,Sunday,True,71.88388333333334
20261004_023204,2026-10-04 02:32:06.967000+00:00,St. Gallen,rail,ch:1:sloid:6302,St. Gallen,ch:1:sloid:6302:2:2,2026-10-04,ch:1:sjyid:100046:11117-003,rail,S-Bahn,S1,S1,11117,St. Gallen,Schaffhausen,2,,2026-10-04 03:49:00+00:00,2026-10-04 03:50:36+00:00,,True,1.6,2026-10-04 04:32:06.967000+02:00,2026-10-04 05:49:00+02:00,2026-10-04 05:50:36+02:00,2026-10-04,5,Sunday,True,76.88388333333334
20261004_023204,2026-10-04 02:32:06.967000+00:00,St. Gallen,rail,ch:1:sloid:6302,St. Gallen,ch:1:sloid:6302:500:11,2026-10-04,ch:1:sjyid:100007:plan:2055,rail,S-Bahn,S21,S21,2055,Trogen,Appenzell,11,,2026-10-04 03:51:00+00:00,2026-10-04 03:51:00+00:00,,True,0.0,2026-10-04 04:32:06.967000+02:00,2026-10-04 05:51:00+02:00,2026-10-04 05:51:00+02:00,2026-10-04,5,Sunday,True,78.88388333333334
20261004_023204,2026-10-04 02:32:06.967000+00:00,St. Gallen,rail,ch:1:sloid:6302,St. Gallen,ch:1:sloid:6302:3:4,2026-10-04,ch:1:sjyid:100061:2201-001,rail,Alpenrhein-Express,IR13,IR13,2201,St. Gallen,Chur,4,,2026-10-04 03:55:00+00:00,2026-10-04 03:55:12+00:00,,True,0.2,2026-10-04 04:32:06.967000+02:00,2026-10-04 05:55:00+02:00,2026-10-04 05:55:12+02:00,2026-10-04,5,Sunday,True,82.88388333333334
20261004_023204,2026-10-04 02:32:06.967000+00:00,St. Gallen,rail,ch:1:sloid:6302,St. Gallen,ch:1:sloid:6302:4:6,2026-10-04,ch:1:sjyid:100046:11517-001,rail,S-Bahn,S5,S5,11517,Weinfelden,St. Margrethen SG,6,,2026-10-04 03:57:00+00:00,2026-10-04 03:57:30+00:00,,True,0.5,2026-10-04 04:32:06.967000+02:00,2026-10-04 05:57:00+02:00,2026-10-04 05:57:30+02:00,2026-10-04,5,Sunday,True,84.88388333333334
20261004_023204,2026-10-04 02:32:06.967000+00:00,St. Gallen,rail,ch:1:sloid:6302,St. Gallen,ch:1:sloid:6302_gen:ch:1:sloid:6302:3:5_pf:5AB,2026-10-04,ch:1:sjyid:100046:11218-002,rail,S-Bahn,S2,S2,11218,St. Gallen,Nesslau-Neu St. Johann,5AB,,2026-10-04 03:57:00+00:00,2026-10-04 03:57:12+00:00,,True,0.2,2026-10-04 04:32:06.967000+02:00,2026-10-04 05:57:00+02:00,2026-10-04 05:57:12+02:00,2026-10-04,5,Sunday,True,84.88388333333334
20261004_023204,2026-10-04 02:32:06.967000+00:00,St. Gallen,rail,ch:1:sloid:6302,St. Gallen,ch:1:sloid:6302:2:2,2026-10-04,ch:1:sjyid:100001:510-001,rail,InterCity,IC5,IC5,510,Rorschach,Lausanne,2,,2026-10-04 03:58:00+00:00,2026-10-04 03:58:00+00:00,,True,0.0,2026-10-04 04:32:06.967000+02:00,2026-10-04 05:58:00+02:00,2026-10-04 05:58:00+02:00,2026-10-04,5,Sunday,True,85.88388333333334
20261004_023204,2026-10-04 02:32:06.967000+00:00,St. Gallen,rail,ch:1:sloid:6302,St. Gallen,ch:1:sloid:6302:2:3,2026-10-04,ch:1:sjyid:100061:2008-001,rail,Voralpen-Express,VAE,VAE,2008,St. Gallen,Biberbrugg,3,,2026-10-04 04:05:00+00:00,2026-10-04 04:05:12+00:00,,True,0.2,2026-10-04 04:32:06.967000+02:00,2026-10-04 06:05:00+02:00,2026-10-04 06:05:12+02:00,2026-10-04,6,Sunday,True,92.88388333333334
20261004_023204,2026-10-04 02:32:06.967000+00:00,St. Gallen,rail,ch:1:sloid:6302,St. Gallen,ch:1:sloid:6302:1:1,2026-10-04,ch:1:sjyid:100001:10708-009,rail,InterCity,IC,IC,10708,St. Gallen,Biel/Bienne,1,,2026-10-04 04:06:18+00:00,2026-10-04 04:06:18+00:00,,True,0.0,2026-10-04 04:32:06.967000+02:00,2026-10-04 06:06:18+02:00,2026-10-04 06:06:18+02:00,2026-10-04,6,Sunday,True,94.18388333333334
20261004_023204,2026-10-04 02:32:06.967000+00:00,St. Gallen,rail,ch:1:sloid:6302,St. Gallen,ch:1:sloid:6302:1:1,2026-10-04,ch:1:sjyid:100001:10708-009,rail,InterCity,IC,IC,10708,St. Gallen,Biel/Bienne,1,,2026-10-04 04:07:00+00:00,2026-10-04 04:07:42+00:00,,True,0.7,2026-10-04 04:32:06.967000+02:00,2026-10-04 06:07:00+02:00,2026-10-04 06:07:42+02:00,2026-10-04,6,Sunday,True,94.88388333333334
20261004_023204,2026-10-04 02:32:06.967000+00:00,St. Gallen,rail,ch:1:sloid:6302,St. Gallen,ch:1:sloid:6302_gen:ch:1:sloid:6302:3:5_pf:5C-E,2026-10-04,ch:1:sjyid:100046:11219-002,rail,S-Bahn,S2,S2,11219,St. Gallen,Altstätten SG,5C-E,,2026-10-04 04:08:00+00:00,2026-10-04 04:08:12+00:00,,True,0.2,2026-10-04 04:32:06.967000+02:00,2026-10-04 06:08:00+02:00,2026-10-04 06:08:12+02:00,2026-10-04,6,Sunday,True,95.88388333333334
20261004_023204,2026-10-04 02:32:06.967000+00:00,St. Gallen,rail,ch:1:sloid:6302,St. Gallen,ch:1:sloid:6302:4:6,2026-10-04,ch:1:sjyid:100046:11518-001,rail,S-Bahn,S5,S5,11518,St. Margrethen SG,Weinfelden,6,,2026-10-04 04:10:00+00:00,2026-10-04 04:10:12+00:00,,True,0.2,2026-10-04 04:32:06.967000+02:00,2026-10-04 06:10:00+02:00,2026-10-04 06:10:12+02:00,2026-10-04,6,Sunday,True,97.88388333333334
20261004_023204,2026-10-04 02:32:06.967000+00:00,St. Gallen,rail,ch:1:sloid:6302,St. Gallen,ch:1:sloid:6302:3:5,2026-10-04,ch:1:sjyid:100046:5211-001,rail,RegioExpress,RE1,RE1,5211,Herisau,Kreuzlingen Hafen,5,,2026-10-04 04:15:00+00:00,2026-10-04 04:15:48+00:00,,True,0.8,2026-10-04 04:32:06.967000+02:00,2026-10-04 06:15:00+02:00,2026-10-04 06:15:48+02:00,2026-10-04,6,Sunday,True,102.88388333333334
20261004_023204,2026-10-04 02:32:06.967000+00:00,St. Gallen,rail,ch:1:sloid:6302,St. Gallen,ch:1:sloid:6302:2:3,2026-10-04,ch:1:sjyid:100046:11118-001,rail,S-Bahn,S1,S1,11118,Kreuzlingen,Wil SG,3,,2026-10-04 04:17:00+00:00,2026-10-04 04:17:12+00:00,,True,0.2,2026-10-04 04:32:06.967000+02:00,2026-10-04 06:17:00+02:00,2026-10-04 06:17:12+02:00,2026-10-04,6,Sunday,True,104.88388333333334
20261004_023204,2026-10-04 02:32:06.967000+00:00,St. Gallen,rail,ch:1:sloid:6302,St. Gallen,ch:1:sloid:6302:3:4,2026-10-04,ch:1:sjyid:100046:11119-002,rail,S-Bahn,S1,S1,11119,St. Gallen,Schaffhausen,4,,2026-10-04 04:19:00+00:00,2026-10-04 04:20:42+00:00,,True,1.7,2026-10-04 04:32:06.967000+02:00,2026-10-04 06:19:00+02:00,2026-10-04 06:20:42+02:00,2026-10-04,6,Sunday,True,106.88388333333334
20261004_023204,2026-10-04 02:32:06.967000+00:00,St. Gallen,rail,ch:1:sloid:6302,St. Gallen,ch:1:sloid:6302:500:11,2026-10-04,ch:1:sjyid:100007:plan:2059,rail,S-Bahn,S21,S21,2059,Trogen,Appenzell,11,,2026-10-04 04:21:00+00:00,2026-10-04 04:21:00+00:00,,True,0.0,2026-10-04 04:32:06.967000+02:00,2026-10-04 06:21:00+02:00,2026-10-04 06:21:00+02:00,2026-10-04,6,Sunday,True,108.88388333333334
20261004_023204,2026-10-04 02:32:06.967000+00:00,St. Gallen,rail,ch:1:sloid:6302,St. Gallen,ch:1:sloid:6302:500:12,2026-10-04,ch:1:sjyid:100007:plan:2056,rail,S-Bahn,S21,S21,2056,Appenzell,Trogen,12,,2026-10-04 04:24:00+00:00,2026-10-04 04:24:00+00:00,,True,0.0,2026-10-04 04:32:06.967000+02:00,2026-10-04 06:24:00+02:00,2026-10-04 06:24:00+02:00,2026-10-04,6,Sunday,True,111.88388333333334
20261004_023204,2026-10-04 02:32:06.967000+00:00,St. Gallen,rail,ch:1:sloid:6302,St. Gallen,ch:1:sloid:6302:2:2,2026-10-04,ch:1:sjyid:100001:3253-001,rail,InterRegio,IR13,IR13,3253,Wil SG,Sargans,2,,2026-10-04 04:25:00+00:00,2026-10-04 04:25:18+00:00,,True,0.3,2026-10-04 04:32:06.967000+02:00,2026-10-04 06:25:00+02:00,2026-10-04 06:25:18+02:00,2026-10-04,6,Sunday,True,112.88388333333334
20261004_023204,2026-10-04 02:32:06.967000+00:00,St. Gallen,rail,ch:1:sloid:6302,St. Gallen,ch:1:sloid:6302:3:5,2026-10-04,ch:1:sjyid:100061:11420-001,rail,S-Bahn,S4,S4,11420,Sargans,Rapperswil SG,5,,2026-10-04 04:27:00+00:00,2026-10-04 04:27:12+00:00,,True,0.2,2026-10-04 04:32:06.967000+02:00,2026-10-04 06:27:00+02:00,2026-10-04 06:27:12+02:00,2026-10-04,6,Sunday,True,114.88388333333334
20261004_023204,2026-10-04 02:32:07.426000+00:00,Lausanne,rail,ch:1:sloid:1120,Lausanne,ch:1:sloid:1120:0:840061,2026-10-04,ch:1:sjyid:100001:24200-001,rail,Regio,R2,R2,24200,Lausanne,Grandson,7,,2026-10-04 02:38:00+00:00,2026-10-04 02:38:12+00:00,,True,0.2,2026-10-04 04:32:07.426000+02:00,2026-10-04 04:38:00+02:00,2026-10-04 04:38:12+02:00,2026-10-04,4,Sunday,True,5.876233333333333
20261004_023204,2026-10-04 02:32:07.426000+00:00,Lausanne,rail,ch:1:sloid:1120,Lausanne,ch:1:sloid:1120:0:638488,2026-10-04,ch:1:sjyid:100001:18404-001,rail,RegioExpress,RE33,RE33,18404,Lausanne,Genève-Aéroport,8,,2026-10-04 02:48:00+00:00,2026-10-04 02:48:12+00:00,,True,0.2,2026-10-04 04:32:07.426000+02:00,2026-10-04 04:48:00+02:00,2026-10-04 04:48:12+02:00,2026-10-04,4,Sunday,True,15.876233333333333
20261004_023204,2026-10-04 02:32:07.426000+00:00,Lausanne,rail,ch:1:sloid:1120,Lausanne,ch:1:sloid:1120:0:276884,2026-10-04,ch:1:sjyid:100001:24509-001,rail,S-Bahn,S41,S41,24509,Lausanne,Romont FR,3,,2026-10-04 02:49:00+00:00,2026-10-04 02:49:12+00:00,,True,0.2,2026-10-04 04:32:07.426000+02:00,2026-10-04 04:49:00+02:00,2026-10-04 04:49:12+02:00,2026-10-04,4,Sunday,True,16.87623333333333
20261004_023204,2026-10-04 02:32:07.426000+00:00,Lausanne,rail,ch:1:sloid:1120,Lausanne,ch:1:sloid:1120_gen:ch:1:sloid:1120:0:42631_pf:5A-D,2026-10-04,ch:1:sjyid:100001:24109-001,rail,Regio,R1,R1,24109,Lausanne,Bex,5A-D,,2026-10-04 02:55:00+00:00,2026-10-04 02:55:12+00:00,,True,0.2,2026-10-04 04:32:07.426000+02:00,2026-10-04 04:55:00+02:00,2026-10-04 04:55:12+02:00,2026-10-04,4,Sunday,True,22.876233333333335
20261004_023204,2026-10-04 02:32:07.426000+00:00,Lausanne,rail,ch:1:sloid:1120,Lausanne,ch:1:sloid:1120:0:668579,2026-10-04,ch:1:sjyid:100001:24902-001,rail,Regio,R9,R9,24902,Lausanne,Allaman,1,,2026-10-04 02:57:00+00:00,2026-10-04 02:57:12+00:00,,True,0.2,2026-10-04 04:32:07.426000+02:00,2026-10-04 04:57:00+02:00,2026-10-04 04:57:12+02:00,2026-10-04,4,Sunday,True,24.876233333333335
20261004_023204,2026-10-04 02:32:07.426000+00:00,Lausanne,rail,ch:1:sloid:1120,Lausanne,ch:1:sloid:1120:0:20298,2026-10-04,ch:1:sjyid:100001:24909-001,rail,Regio,R9,R9,24909,Lausanne,Murten/Morat,70,,2026-10-04 02:57:00+00:00,2026-10-04 02:58:00+00:00,,True,1.0,2026-10-04 04:32:07.426000+02:00,2026-10-04 04:57:00+02:00,2026-10-04 04:58:00+02:00,2026-10-04,4,Sunday,True,24.876233333333335
20261004_023204,2026-10-04 02:32:07.426000+00:00,Lausanne,rail,ch:1:sloid:1120,Lausanne,ch:1:sloid:1120:0:840061,2026-10-04,ch:1:sjyid:100001:24302-001,rail,Regio,R3,R3,24302,Lausanne,Vallorbe,7,,2026-10-04 02:57:00+00:00,2026-10-04 02:57:54+00:00,,True,0.9,2026-10-04 04:32:07.426000+02:00,2026-10-04 04:57:00+02:00,2026-10-04 04:57:54+02:00,2026-10-04,4,Sunday,True,24.876233333333335
20261004_023204,2026-10-04 02:32:07.426000+00:00,Lausanne,rail,ch:1:sloid:1120,Lausanne,ch:1:sloid:1120:0:276884,2026-10-04,ch:1:sjyid:100001:1705-002,rail,InterRegio,IR95,IR95,1705,Lausanne,Brig,3,,2026-10-04 03:04:00+00:00,2026-10-04 03:04:30+00:00,,True,0.5,2026-10-04 04:32:07.426000+02:00,2026-10-04 05:04:00+02:00,2026-10-04 05:04:30+02:00,2026-10-04,5,Sunday,True,31.876233333333335
20261004_023204,2026-10-04 02:32:07.426000+00:00,Lausanne,rail,ch:1:sloid:1120,Lausanne,ch:1:sloid:1120_gen:ch:1:sloid:1120:0:37997_pf:6E-H,2026-10-04,ch:1:sjyid:100001:24102-001,rail,Regio,R1,R1,24102,Lausanne,Grandson,6E-H,,2026-10-04 03:08:00+00:00,2026-10-04 03:08:12+00:00,,True,0.2,2026-10-04 04:32:07.426000+02:00,2026-10-04 05:08:00+02:00,2026-10-04 05:08:12+02:00,2026-10-04,5,Sunday,True,35.87623333333333
20261004_023204,2026-10-04 02:32:07.426000+00:00,Lausanne,rail,ch:1:sloid:1120,Lausanne,ch:1:sloid:1120:0:20298,2026-10-04,ch:1:sjyid:100001:24611-001,rail,S-Bahn,S40,S40,24611,Lausanne,Romont FR,70,,2026-10-04 03:21:00+00:00,2026-10-04 03:21:12+00:00,,True,0.2,2026-10-04 04:32:07.426000+02:00,2026-10-04 05:21:00+02:00,2026-10-04 05:21:12+02:00,2026-10-04,5,Sunday,True,48.87623333333333
20261004_023204,2026-10-04 02:32:07.426000+00:00,Lausanne,rail,ch:1:sloid:1120,Lausanne,ch:1:sloid:1120:0:276884,2026-10-04,ch:1:sjyid:100001:24211-001,rail,Regio,R2,R2,24211,Grandson,Bex,3,,2026-10-04 03:24:00+00:00,2026-10-04 03:24:30+00:00,,True,0.5,2026-10-04 04:32:07.426000+02:00,2026-10-04 05:24:00+02:00,2026-10-04 05:24:30+02:00,2026-10-04,5,Sunday,True,51.87623333333333
20261004_023204,2026-10-04 02:32:07.426000+00:00,Lausanne,rail,ch:1:sloid:1120,Lausanne,ch:1:sloid:1120:0:638488,2026-10-04,ch:1:sjyid:100001:24402-002,rail,Regio,R4,R4,24402,Vevey,Le Brassus,8,,2026-10-04 03:27:00+00:00,2026-10-04 03:27:12+00:00,,True,0.2,2026-10-04 04:32:07.426000+02:00,2026-10-04 05:27:00+02:00,2026-10-04 05:27:12+02:00,2026-10-04,5,Sunday,True,54.87623333333333
20261004_023204,2026-10-04 02:32:07.426000+00:00,Lausanne,rail,ch:1:sloid:1120,Lausanne,ch:1:sloid:1120:0:668579,2026-10-04,ch:1:sjyid:100001:24811-004,rail,Regio,R8,R8,24811,Allaman,Payerne,1,,2026-10-04 03:28:00+00:00,2026-10-04 03:28:12+00:00,,True,0.2,2026-10-04 04:32:07.426000+02:00,2026-10-04 05:28:00+02:00,2026-10-04 05:28:12+02:00,2026-10-04,5,Sunday,True,55.87623333333333
20261004_023204,2026-10-04 02:32:07.426000+00:00,Lausanne,rail,ch:1:sloid:1120,Lausanne,ch:1:sloid:1120_gen:ch:1:sloid:1120:0:37997_pf:6A-D,2026-10-04,ch:1:sjyid:100001:18450-002,rail,RegioExpress,RE33,RE33,18450,Lausanne,Genève-Aéroport,6,6A-D,2026-10-04 03:30:00+00:00,2026-10-04 03:30:12+00:00,,True,0.2,2026-10-04 04:32:07.426000+02:00,2026-10-04 05:30:00+02:00,2026-10-04 05:30:12+02:00,2026-10-04,5,Sunday,True,57.87623333333333
20261004_023204,2026-10-04 02:32:07.426000+00:00,Lausanne,rail,ch:1:sloid:1120,Lausanne,ch:1:sloid:1120:0:42631,2026-10-04,ch:1:sjyid:100001:509-002,rail,InterCity,IC5,IC5,509,Lausanne,Rorschach,5,,2026-10-04 03:34:00+00:00,2026-10-04 03:34:00+00:00,,True,0.0,2026-10-04 04:32:07.426000+02:00,2026-10-04 05:34:00+02:00,2026-10-04 05:34:00+02:00,2026-10-04,5,Sunday,True,61.87623333333333
20261004_023204,2026-10-04 02:32:07.426000+00:00,Lausanne,rail,ch:1:sloid:1120,Lausanne,ch:1:sloid:1120:0:840061,2026-10-04,ch:1:sjyid:100001:24802-001,rail,Regio,R8,R8,24802,Payerne,Allaman,7,,2026-10-04 03:34:00+00:00,2026-10-04 03:34:12+00:00,,True,0.2,2026-10-04 04:32:07.426000+02:00,2026-10-04 05:34:00+02:00,2026-10-04 05:34:12+02:00,2026-10-04,5,Sunday,True,61.87623333333333
20261004_023204,2026-10-04 02:32:07.426000+00:00,Lausanne,rail,ch:1:sloid:1120,Lausanne,ch:1:sloid:1120:0:860143,2026-10-04,ch:1:sjyid:100001:24411-001,rail,Regio,R4,R4,24411,Vallorbe,Vevey,4,,2026-10-04 03:34:00+00:00,2026-10-04 03:34:18+00:00,,True,0.3,2026-10-04 04:32:07.426000+02:00,2026-10-04 05:34:00+02:00,2026-10-04 05:34:18+02:00,2026-10-04,5,Sunday,True,61.87623333333333
20261004_023204,2026-10-04 02:32:07.426000+00:00,Lausanne,rail,ch:1:sloid:1120,Lausanne,ch:1:sloid:1120:0:638488,2026-10-04,ch:1:sjyid:100001:24202-001,rail,Regio,R2,R2,24202,St-Maurice,Grandson,8,,2026-10-04 03:38:00+00:00,2026-10-04 03:38:12+00:00,,True,0.2,2026-10-04 04:32:07.426000+02:00,2026-10-04 05:38:00+02:00,2026-10-04 05:38:12+02:00,2026-10-04,5,Sunday,True,65.87623333333333
20261004_023204,2026-10-04 02:32:07.426000+00:00,Lausanne,rail,ch:1:sloid:1120,Lausanne,ch:1:sloid:1120:0:668579,2026-10-04,ch:1:sjyid:100001:2507-001,rail,InterRegio,IR15,IR15,2507,Lausanne,Luzern,1,,2026-10-04 03:40:00+00:00,2026-10-04 03:40:30+00:00,,True,0.5,2026-10-04 04:32:07.426000+02:00,2026-10-04 05:40:00+02:00,2026-10-04 05:40:30+02:00,2026-10-04,5,Sunday,True,67.87623333333333
20261004_023204,2026-10-04 02:32:07.426000+00:00,Lausanne,rail,ch:1:sloid:1120,Lausanne,ch:1:sloid:1120:0:276884,2026-10-04,ch:1:sjyid:100001:1805-001,rail,InterRegio,IR90,IR90,1805,Genève,Brig,3,,2026-10-04 03:42:00+00:00,2026-10-04 03:42:30+00:00,,True,0.5,2026-10-04 04:32:07.426000+02:00,2026-10-04 05:42:00+02:00,2026-10-04 05:42:30+02:00,2026-10-04,5,Sunday,True,69.87623333333333
20261004_023204,2026-10-04 02:32:07.426000+00:00,Lausanne,rail,ch:1:sloid:1120,Lausanne,ch:1:sloid:1120:0:638488,2026-10-04,ch:1:sjyid:100001:1702-001,rail,InterRegio,IR95,IR95,1702,Sion,Genève-Aéroport,8,,2026-10-04 03:49:00+00:00,2026-10-04 03:49:48+00:00,,True,0.8,2026-10-04 04:32:07.426000+02:00,2026-10-04 05:49:00+02:00,2026-10-04 05:49:48+02:00,2026-10-04,5,Sunday,True,76.87623333333333
20261004_023204,2026-10-04 02:32:07.426000+00:00,Lausanne,rail,ch:1:sloid:1120,Lausanne,ch:1:sloid:1120:0:20298,2026-10-04,ch:1:sjyid:100001:24513-001,rail,S-Bahn,S41,S41,24513,Lausanne,Romont FR,70,,2026-10-04 03:49:00+00:00,2026-10-04 03:49:12+00:00,,True,0.2,2026-10-04 04:32:07.426000+02:00,2026-10-04 05:49:00+02:00,2026-10-04 05:49:12+02:00,2026-10-04,5,Sunday,True,76.87623333333333
20261004_023204,2026-10-04 02:32:07.426000+00:00,Lausanne,rail,ch:1:sloid:1120,Lausanne,ch:1:sloid:1120:0:860143,2026-10-04,ch:1:sjyid:100001:24113-001,rail,Regio,R1,R1,24113,Grandson,Bex,4,,2026-10-04 03:55:00+00:00,2026-10-04 03:55:12+00:00,,True,0.2,2026-10-04 04:32:07.426000+02:00,2026-10-04 05:55:00+02:00,2026-10-04 05:55:12+02:00,2026-10-04,5,Sunday,True,82.87623333333333
20261004_023204,2026-10-04 02:32:07.426000+00:00,Lausanne,rail,ch:1:sloid:1120,Lausanne,ch:1:sloid:1120:0:668579,2026-10-04,ch:1:sjyid:100001:24913-001,rail,Regio,R9,R9,24913,Allaman,Murten/Morat,1,,2026-10-04 03:57:00+00:00,2026-10-04 03:58:00+00:00,,True,1.0,2026-10-04 04:32:07.426000+02:00,2026-10-04 05:57:00+02:00,2026-10-04 05:58:00+02:00,2026-10-04,5,Sunday,True,84.87623333333333
20261004_023204,2026-10-04 02:32:07.426000+00:00,Lausanne,rail,ch:1:sloid:1120,Lausanne,ch:1:sloid:1120:0:840061,2026-10-04,ch:1:sjyid:100001:24304-001,rail,Regio,R3,R3,24304,Vevey,Vallorbe,7,,2026-10-04 03:57:00+00:00,2026-10-04 03:57:12+00:00,,True,0.2,2026-10-04 04:32:07.426000+02:00,2026-10-04 05:57:00+02:00,2026-10-04 05:57:12+02:00,2026-10-04,5,Sunday,True,84.87623333333333
20261004_023204,2026-10-04 02:32:07.426000+00:00,Lausanne,rail,ch:1:sloid:1120,Lausanne,ch:1:sloid:1120:0:638488,2026-10-04,ch:1:sjyid:100001:18406-001,rail,RegioExpress,RE33,RE33,18406,Lausanne,Annemasse,8,,2026-10-04 04:00:00+00:00,,,False,,2026-10-04 04:32:07.426000+02:00,2026-10-04 06:00:00+02:00,,2026-10-04,6,Sunday,True,87.87623333333333
20261004_023204,2026-10-04 02:32:07.426000+00:00,Lausanne,rail,ch:1:sloid:1120,Lausanne,ch:1:sloid:1120:0:860143,2026-10-04,ch:1:sjyid:100001:18403-002,rail,RegioExpress,RE33,RE33,18403,Genève,St-Maurice,4,,2026-10-04 04:01:00+00:00,2026-10-04 04:01:12+00:00,,True,0.2,2026-10-04 04:32:07.426000+02:00,2026-10-04 06:01:00+02:00,2026-10-04 06:01:12+02:00,2026-10-04,6,Sunday,True,88.87623333333333
20261004_023204,2026-10-04 02:32:07.426000+00:00,Lausanne,rail,ch:1:sloid:1120,Lausanne,ch:1:sloid:1120:0:840061,2026-10-04,ch:1:sjyid:100001:24904-001,rail,Regio,R9,R9,24904,Murten/Morat,Allaman,7,,2026-10-04 04:04:00+00:00,2026-10-04 04:04:12+00:00,,True,0.2,2026-10-04 04:32:07.426000+02:00,2026-10-04 06:04:00+02:00,2026-10-04 06:04:12+02:00,2026-10-04,6,Sunday,True,91.87623333333333
20261004_023204,2026-10-04 02:32:07.426000+00:00,Lausanne,rail,ch:1:sloid:1120,Lausanne,ch:1:sloid:1120:0:276884,2026-10-04,ch:1:sjyid:100001:1609-001,rail,InterCity,IC51,IC51,1609,Lausanne,Basel SBB,3,,2026-10-04 04:04:00+00:00,2026-10-04 04:04:30+00:00,,True,0.5,2026-10-04 04:32:07.426000+02:00,2026-10-04 06:04:00+02:00,2026-10-04 06:04:30+02:00,2026-10-04,6,Sunday,True,91.87623333333333
20261004_023204,2026-10-04 02:32:07.426000+00:00,Lausanne,rail,ch:1:sloid:1120,Lausanne,ch:1:sloid:1120:0:668579,2026-10-04,ch:1:sjyid:100001:24313-001,rail,Regio,R3,R3,24313,Vallorbe,Vevey,1,,2026-10-04 04:04:00+00:00,2026-10-04 04:04:18+00:00,,True,0.3,2026-10-04 04:32:07.426000+02:00,2026-10-04 06:04:00+02:00,2026-10-04 06:04:18+02:00,2026-10-04,6,Sunday,True,91.87623333333333
20261004_023204,2026-10-04 02:32:07.898000+00:00,Genève,rail,ch:1:sloid:1008,Genève,ch:1:sloid:1008:2:3,2026-10-04,ch:1:sjyid:100001:18402-001,rail,RegioExpress,RE33,RE33,18402,Vevey,Genève-Aéroport,3,,2026-10-04 02:46:00+00:00,2026-10-04 02:46:12+00:00,,True,0.2,2026-10-04 04:32:07.898000+02:00,2026-10-04 04:46:00+02:00,2026-10-04 04:46:12+02:00,2026-10-04,4,Sunday,True,13.868366666666667
20261004_023204,2026-10-04 02:32:07.898000+00:00,Genève,rail,ch:1:sloid:1008,Genève,ch:1:sloid:1008:3:4,2026-10-04,ch:1:sjyid:100001:1805-001,rail,InterRegio,IR90,IR90,1805,Genève,Brig,4,,2026-10-04 02:46:00+00:00,2026-10-04 02:47:18+00:00,,True,1.3,2026-10-04 04:32:07.898000+02:00,2026-10-04 04:46:00+02:00,2026-10-04 04:47:18+02:00,2026-10-04,4,Sunday,True,13.868366666666667
20261004_023204,2026-10-04 02:32:07.898000+00:00,Genève,rail,ch:1:sloid:1008,Genève,ch:1:sloid:1008_gen:ch:1:sloid:1008:2:2_pf:2E-H,2026-10-04,ch:1:sjyid:100001:23212-001,rail,Regio,RL4,RL4,23212,Genève,Annemasse,2E-H,,2026-10-04 02:48:00+00:00,2026-10-04 02:48:12+00:00,,True,0.2,2026-10-04 04:32:07.898000+02:00,2026-10-04 04:48:00+02:00,2026-10-04 04:48:12+02:00,2026-10-04,4,Sunday,True,15.868366666666667
20261004_023204,2026-10-04 02:32:07.898000+00:00,Genève,rail,ch:1:sloid:1008,Genève,ch:1:sloid:1008:3:6,2026-10-04,ch:1:sjyid:100001:23012-002,rail,Regio,RL5,RL5,23012,Genève,La Plaine,5,,2026-10-04 03:00:00+00:00,2026-10-04 03:00:12+00:00,,True,0.2,2026-10-04 04:32:07.898000+02:00,2026-10-04 05:00:00+02:00,2026-10-04 05:00:12+02:00,2026-10-04,5,Sunday,True,27.868366666666667
20261004_023204,2026-10-04 02:32:07.898000+00:00,Genève,rail,ch:1:sloid:1008,Genève,ch:1:sloid:1008:1:1,2026-10-04,ch:1:sjyid:100001:23113-001,rail,Regio,RL4,RL4,23113,Annemasse,Coppet,1,,2026-10-04 03:00:00+00:00,2026-10-04 03:00:12+00:00,,True,0.2,2026-10-04 04:32:07.898000+02:00,2026-10-04 05:00:00+02:00,2026-10-04 05:00:12+02:00,2026-10-04,5,Sunday,True,27.868366666666667
20261004_023204,2026-10-04 02:32:07.898000+00:00,Genève,rail,ch:1:sloid:1008,Genève,ch:1:sloid:1008:3:4,2026-10-04,ch:1:sjyid:100001:18403-002,rail,RegioExpress,RE33,RE33,18403,Genève,St-Maurice,4,,2026-10-04 03:06:00+00:00,2026-10-04 03:06:48+00:00,,True,0.8,2026-10-04 04:32:07.898000+02:00,2026-10-04 05:06:00+02:00,2026-10-04 05:06:48+02:00,2026-10-04,5,Sunday,True,33.86836666666667
20261004_023204,2026-10-04 02:32:07.898000+00:00,Genève,rail,ch:1:sloid:1008,Genève,ch:1:sloid:1008:1:1,2026-10-04,ch:1:sjyid:100001:1900-001,rail,InterRegio,IR,IR,1900,Genève,Genève-Aéroport,1,,2026-10-04 03:16:00+00:00,2026-10-04 03:17:18+00:00,,True,1.3,2026-10-04 04:32:07.898000+02:00,2026-10-04 05:16:00+02:00,2026-10-04 05:17:18+02:00,2026-10-04,5,Sunday,True,43.86836666666667
20261004_023204,2026-10-04 02:32:07.898000+00:00,Genève,rail,ch:1:sloid:1008,Genève,ch:1:sloid:1008:3:6,2026-10-04,ch:1:sjyid:100001:23014-003,rail,Regio,RL5,RL5,23014,Genève,La Plaine,5,,2026-10-04 03:18:00+00:00,2026-10-04 03:18:12+00:00,,True,0.2,2026-10-04 04:32:07.898000+02:00,2026-10-04 05:18:00+02:00,2026-10-04 05:18:12+02:00,2026-10-04,5,Sunday,True,45.86836666666667
20261004_023204,2026-10-04 02:32:07.898000+00:00,Genève,rail,ch:1:sloid:1008,Genève,ch:1:sloid:1008:3:4,2026-10-04,ch:1:sjyid:100001:1707-002,rail,InterRegio,IR95,IR95,1707,Genève-Aéroport,Brig,4,,2026-10-04 03:23:00+00:00,2026-10-04 03:23:30+00:00,,True,0.5,2026-10-04 04:32:07.898000+02:00,2026-10-04 05:23:00+02:00,2026-10-04 05:23:30+02:00,2026-10-04,5,Sunday,True,50.86836666666667
20261004_023204,2026-10-04 02:32:07.898000+00:00,Genève,rail,ch:1:sloid:1008,Genève,ch:1:sloid:1008:2:2,2026-10-04,ch:1:sjyid:100001:18448-001,rail,RegioExpress,RE33,RE33,18448,Genève,Annemasse,2,,2026-10-04 03:23:00+00:00,,,False,,2026-10-04 04:32:07.898000+02:00,2026-10-04 05:23:00+02:00,,2026-10-04,5,Sunday,True,50.86836666666667
20261004_023204,2026-10-04 02:32:07.898000+00:00,Genève,rail,ch:1:sloid:1008,Genève,ch:1:sloid:1008:3:6,2026-10-04,ch:1:sjyid:100001:31041-024,rail,EuroCity,EC,EC,31041,Genève,Domodossola (I),,,2026-10-04 03:26:18+00:00,2026-10-04 03:26:18+00:00,,True,0.0,2026-10-04 04:32:07.898000+02:00,2026-10-04 05:26:18+02:00,2026-10-04 05:26:18+02:00,2026-10-04,5,Sunday,True,54.168366666666664
20261004_023204,2026-10-04 02:32:07.898000+00:00,Genève,rail,ch:1:sloid:1008,Genève,ch:1:sloid:1008:3:6,2026-10-04,ch:1:sjyid:100001:31041-024,rail,EuroCity,EC,EC,31041,Genève,Domodossola (I),5,,2026-10-04 03:27:00+00:00,2026-10-04 03:27:42+00:00,,True,0.7,2026-10-04 04:32:07.898000+02:00,2026-10-04 05:27:00+02:00,2026-10-04 05:27:42+02:00,2026-10-04,5,Sunday,True,54.86836666666667
20261004_023204,2026-10-04 02:32:07.898000+00:00,Genève,rail,ch:1:sloid:1008,Genève,ch:1:sloid:1008:1:1,2026-10-04,ch:1:sjyid:100001:23115-001,rail,Regio,RL4,RL4,23115,Annemasse,Coppet,1,,2026-10-04 03:30:00+00:00,2026-10-04 03:30:12+00:00,,True,0.2,2026-10-04 04:32:07.898000+02:00,2026-10-04 05:30:00+02:00,2026-10-04 05:30:12+02:00,2026-10-04,5,Sunday,True,57.86836666666667
20261004_023204,2026-10-04 02:32:07.898000+00:00,Genève,rail,ch:1:sloid:1008,Genève,ch:1:sloid:1008:2:2,2026-10-04,ch:1:sjyid:100001:23116-001,rail,Regio,RL4,RL4,23116,Coppet,Annemasse,2,,2026-10-04 03:31:00+00:00,2026-10-04 03:31:42+00:00,,True,0.7,2026-10-04 04:32:07.898000+02:00,2026-10-04 05:31:00+02:00,2026-10-04 05:31:42+02:00,2026-10-04,5,Sunday,True,58.86836666666667
20261004_023204,2026-10-04 02:32:07.898000+00:00,Genève,rail,ch:1:sloid:1008,Genève,ch:1:sloid:1008:3:4,2026-10-04,ch:1:sjyid:100001:901-001,rail,InterCity,IC,IC,901,Genève-Aéroport,Zürich HB,4,,2026-10-04 03:35:00+00:00,2026-10-04 03:35:30+00:00,,True,0.5,2026-10-04 04:32:07.898000+02:00,2026-10-04 05:35:00+02:00,2026-10-04 05:35:30+02:00,2026-10-04,5,Sunday,True,62.86836666666667
20261004_023204,2026-10-04 02:32:07.898000+00:00,Genève,rail,ch:1:sloid:1008,Genève,ch:1:sloid:1008:3:6,2026-10-04,ch:1:sjyid:100001:18457-002,rail,RegioExpress,RE33,RE33,18457,Genève-Aéroport,Martigny,5,,2026-10-04 03:39:00+00:00,2026-10-04 03:39:24+00:00,,True,0.4,2026-10-04 04:32:07.898000+02:00,2026-10-04 05:39:00+02:00,2026-10-04 05:39:24+02:00,2026-10-04,5,Sunday,True,66.86836666666666
20261004_023204,2026-10-04 02:32:07.898000+00:00,Genève,rail,ch:1:sloid:1008,Genève,ch:1:sloid:1008:3:4,2026-10-04,ch:1:sjyid:100001:18404-001,rail,RegioExpress,RE33,RE33,18404,Lausanne,Genève-Aéroport,4,,2026-10-04 03:44:00+00:00,2026-10-04 03:44:12+00:00,,True,0.2,2026-10-04 04:32:07.898000+02:00,2026-10-04 05:44:00+02:00,2026-10-04 05:44:12+02:00,2026-10-04,5,Sunday,True,71.86836666666666
20261004_023204,2026-10-04 02:32:07.898000+00:00,Genève,rail,ch:1:sloid:1008,Genève,ch:1:sloid:1008:1:1,2026-10-04,ch:1:sjyid:100001:23215-001,rail,Regio,RL4,RL4,23215,Annemasse,Coppet,1,,2026-10-04 03:45:00+00:00,2026-10-04 03:45:12+00:00,,True,0.2,2026-10-04 04:32:07.898000+02:00,2026-10-04 05:45:00+02:00,2026-10-04 05:45:12+02:00,2026-10-04,5,Sunday,True,72.86836666666666
20261004_023204,2026-10-04 02:32:07.898000+00:00,Genève,rail,ch:1:sloid:1008,Genève,ch:1:sloid:1008:2:2,2026-10-04,ch:1:sjyid:100001:23410-001,rail,Regio,RL2,RL2,23410,Coppet,Annecy,2,,2026-10-04 03:46:00+00:00,2026-10-04 03:46:42+00:00,,True,0.7,2026-10-04 04:32:07.898000+02:00,2026-10-04 05:46:00+02:00,2026-10-04 05:46:42+02:00,2026-10-04,5,Sunday,True,73.86836666666666
20261004_023204,2026-10-04 02:32:07.898000+00:00,Genève,rail,ch:1:sloid:1008,Genève,ch:1:sloid:1008:3:5,2026-10-04,ch:1:sjyid:100001:23016-003,rail,Regio,RL5,RL5,23016,Genève,La Plaine,10,,2026-10-04 03:53:00+00:00,2026-10-04 03:53:12+00:00,,True,0.2,2026-10-04 04:32:07.898000+02:00,2026-10-04 05:53:00+02:00,2026-10-04 05:53:12+02:00,2026-10-04,5,Sunday,True,80.86836666666666
20261004_023204,2026-10-04 02:32:07.898000+00:00,Genève,rail,ch:1:sloid:1008,Genève,ch:1:sloid:1008:3:4,2026-10-04,ch:1:sjyid:100001:2509-001,rail,InterRegio,IR15,IR15,2509,Genève-Aéroport,Luzern,4,,2026-10-04 03:54:00+00:00,2026-10-04 03:54:30+00:00,,True,0.5,2026-10-04 04:32:07.898000+02:00,2026-10-04 05:54:00+02:00,2026-10-04 05:54:30+02:00,2026-10-04,5,Sunday,True,81.86836666666666
20261004_023204,2026-10-04 02:32:07.898000+00:00,Genève,rail,ch:1:sloid:1008,Genève,ch:1:sloid:1008:1:1,2026-10-04,ch:1:sjyid:100001:23117-001,rail,Regio,RL4,RL4,23117,Annemasse,Coppet,1,,2026-10-04 04:00:00+00:00,2026-10-04 04:00:12+00:00,,True,0.2,2026-10-04 04:32:07.898000+02:00,2026-10-04 06:00:00+02:00,2026-10-04 06:00:12+02:00,2026-10-04,6,Sunday,True,87.86836666666666
20261004_023204,2026-10-04 02:32:07.898000+00:00,Genève,rail,ch:1:sloid:1008,Genève,ch:1:sloid:1008:2:2,2026-10-04,ch:1:sjyid:100001:23118-001,rail,Regio,RL4,RL4,23118,Coppet,Annemasse,2,,2026-10-04 04:01:00+00:00,2026-10-04 04:01:42+00:00,,True,0.7,2026-10-04 04:32:07.898000+02:00,2026-10-04 06:01:00+02:00,2026-10-04 06:01:42+02:00,2026-10-04,6,Sunday,True,88.86836666666666
20261004_023204,2026-10-04 02:32:07.898000+00:00,Genève,rail,ch:1:sloid:1008,Genève,ch:1:sloid:1008:2:3,2026-10-04,ch:1:sjyid:100001:1902-001,rail,InterRegio,IR,IR,1902,Genève,Genève-Aéroport,3,,2026-10-04 04:05:00+00:00,2026-10-04 04:06:00+00:00,,True,1.0,2026-10-04 04:32:07.898000+02:00,2026-10-04 06:05:00+02:00,2026-10-04 06:06:00+02:00,2026-10-04,6,Sunday,True,92.86836666666666
20261004_023204,2026-10-04 02:32:07.898000+00:00,Genève,rail,ch:1:sloid:1008,Genève,ch:1:sloid:1008:3:6,2026-10-04,ch:1:sjyid:100001:1807-001,rail,InterRegio,IR90,IR90,1807,Genève,Brig,5,,2026-10-04 04:05:00+00:00,2026-10-04 04:05:30+00:00,,True,0.5,2026-10-04 04:32:07.898000+02:00,2026-10-04 06:05:00+02:00,2026-10-04 06:05:30+02:00,2026-10-04,6,Sunday,True,92.86836666666666
20261004_023204,2026-10-04 02:32:07.898000+00:00,Genève,rail,ch:1:sloid:1008,Genève,ch:1:sloid:1008:3:4,2026-10-04,ch:1:sjyid:100001:18405-001,rail,RegioExpress,RE33,RE33,18405,Genève-Aéroport,St-Maurice,4,,2026-10-04 04:08:00+00:00,2026-10-04 04:08:12+00:00,,True,0.2,2026-10-04 04:32:07.898000+02:00,2026-10-04 06:08:00+02:00,2026-10-04 06:08:12+02:00,2026-10-04,6,Sunday,True,95.86836666666666
20261004_023204,2026-10-04 02:32:07.898000+00:00,Genève,rail,ch:1:sloid:1008,Genève,ch:1:sloid:1008:1:1,2026-10-04,ch:1:sjyid:100001:23217-001,rail,Regio,RL4,RL4,23217,Annemasse,Coppet,1,,2026-10-04 04:15:00+00:00,2026-10-04 04:15:12+00:00,,True,0.2,2026-10-04 04:32:07.898000+02:00,2026-10-04 06:15:00+02:00,2026-10-04 06:15:12+02:00,2026-10-04,6,Sunday,True,102.86836666666666
20261004_023204,2026-10-04 02:32:07.898000+00:00,Genève,rail,ch:1:sloid:1008,Genève,ch:1:sloid:1008:2:2,2026-10-04,ch:1:sjyid:100001:23218-001,rail,Regio,RL4,RL4,23218,Coppet,Annemasse,2,,2026-10-04 04:16:00+00:00,2026-10-04 04:16:42+00:00,,True,0.7,2026-10-04 04:32:07.898000+02:00,2026-10-04 06:16:00+02:00,2026-10-04 06:16:42+02:00,2026-10-04,6,Sunday,True,103.86836666666666
20261004_023204,2026-10-04 02:32:07.898000+00:00,Genève,rail,ch:1:sloid:1008,Genève,ch:1:sloid:1008:3:5,2026-10-04,ch:1:sjyid:100001:23018-002,rail,Regio,RL5,RL5,23018,Genève,La Plaine,10,,2026-10-04 04:18:00+00:00,2026-10-04 04:18:12+00:00,,True,0.2,2026-10-04 04:32:07.898000+02:00,2026-10-04 06:18:00+02:00,2026-10-04 06:18:12+02:00,2026-10-04,6,Sunday,True,105.86836666666666
20261004_023204,2026-10-04 02:32:07.898000+00:00,Genève,rail,ch:1:sloid:1008,Genève,ch:1:sloid:1008:2:2,2026-10-04,ch:1:sjyid:100001:18450-002,rail,RegioExpress,RE33,RE33,18450,Lausanne,Genève-Aéroport,2,,2026-10-04 04:23:00+00:00,2026-10-04 04:23:12+00:00,,True,0.2,2026-10-04 04:32:07.898000+02:00,2026-10-04 06:23:00+02:00,2026-10-04 06:23:12+02:00,2026-10-04,6,Sunday,True,110.86836666666666
20261004_023204,2026-10-04 02:32:08.718000+00:00,Lugano,rail,ch:1:sloid:5300,Lugano,ch:1:sloid:5300:2:3,2026-10-04,ch:1:sjyid:100001:25104-003,rail,S-Bahn,S10,S10,25104,Chiasso,Biasca,3,,2026-10-04 02:32:00+00:00,2026-10-04 02:32:30+00:00,,True,0.5,2026-10-04 04:32:08.718000+02:00,2026-10-04 04:32:00+02:00,2026-10-04 04:32:30+02:00,2026-10-04,4,Sunday,True,-0.1453
20261004_023204,2026-10-04 02:32:08.718000+00:00,Lugano,rail,ch:1:sloid:5300,Lugano,ch:1:sloid:5300:2:2,2026-10-04,ch:1:sjyid:100001:25755-001,rail,S-Bahn,S10,S10,25755,Bellinzona,Como Camerlata/Malpensa Aeroporto T2,2,,2026-10-04 03:06:00+00:00,2026-10-04 03:06:12+00:00,,True,0.2,2026-10-04 04:32:08.718000+02:00,2026-10-04 05:06:00+02:00,2026-10-04 05:06:12+02:00,2026-10-04,5,Sunday,True,33.8547
20261004_023204,2026-10-04 02:32:08.718000+00:00,Lugano,rail,ch:1:sloid:5300,Lugano,ch:1:sloid:5300:2:3,2026-10-04,ch:1:sjyid:100001:25106-001,rail,S-Bahn,S10,S10,25106,Chiasso,Biasca,3,,2026-10-04 03:22:00+00:00,2026-10-04 03:22:24+00:00,,True,0.4,2026-10-04 04:32:08.718000+02:00,2026-10-04 05:22:00+02:00,2026-10-04 05:22:24+02:00,2026-10-04,5,Sunday,True,49.8547
20261004_023204,2026-10-04 02:32:08.718000+00:00,Lugano,rail,ch:1:sloid:5300,Lugano,ch:1:sloid:5300:2:2,2026-10-04,ch:1:sjyid:100001:25107-001,rail,S-Bahn,S10,S10,25107,Castione-Arbedo,Como Camerlata,2,,2026-10-04 03:36:00+00:00,,,False,,2026-10-04 04:32:08.718000+02:00,2026-10-04 05:36:00+02:00,,2026-10-04,5,Sunday,True,63.8547
20261004_023204,2026-10-04 02:32:08.718000+00:00,Lugano,rail,ch:1:sloid:5300,Lugano,ch:1:sloid:5300:2:3,2026-10-04,ch:1:sjyid:100001:664-001,rail,InterCity,IC21,IC21,664,Chiasso,Basel SBB,3,,2026-10-04 04:00:00+00:00,2026-10-04 04:00:36+00:00,,True,0.6,2026-10-04 04:32:08.718000+02:00,2026-10-04 06:00:00+02:00,2026-10-04 06:00:36+02:00,2026-10-04,6,Sunday,True,87.85470000000001
20261004_023204,2026-10-04 02:32:08.718000+00:00,Lugano,rail,ch:1:sloid:5300,Lugano,ch:1:sloid:5300:1:1,2026-10-04,ch:1:sjyid:100001:25507-001,rail,RegioExpress,RE80,RE80,25507,Lugano,Milano Centrale,1,,2026-10-04 04:02:00+00:00,,,False,,2026-10-04 04:32:08.718000+02:00,2026-10-04 06:02:00+02:00,,2026-10-04,6,Sunday,True,89.85470000000001
20261004_023204,2026-10-04 02:32:08.718000+00:00,Lugano,rail,ch:1:sloid:5300,Lugano,ch:1:sloid:5300:3:4,2026-10-04,ch:1:sjyid:100001:25754-001,rail,S-Bahn,S10,S10,25754,Mendrisio,Biasca,4,,2026-10-04 04:03:00+00:00,2026-10-04 04:03:24+00:00,,True,0.4,2026-10-04 04:32:08.718000+02:00,2026-10-04 06:03:00+02:00,2026-10-04 06:03:24+02:00,2026-10-04,6,Sunday,True,90.85470000000001
20261004_023204,2026-10-04 02:32:08.718000+00:00,Lugano,rail,ch:1:sloid:5300,Lugano,ch:1:sloid:5300:2:3,2026-10-04,ch:1:sjyid:100001:25500-001,rail,RegioExpress,RE80,RE80,25500,Chiasso,Locarno,3,,2026-10-04 04:05:00+00:00,2026-10-04 04:05:48+00:00,,True,0.8,2026-10-04 04:32:08.718000+02:00,2026-10-04 06:05:00+02:00,2026-10-04 06:05:48+02:00,2026-10-04,6,Sunday,True,92.85470000000001
20261004_023204,2026-10-04 02:32:08.718000+00:00,Lugano,rail,ch:1:sloid:5300,Lugano,ch:1:sloid:5300:1:1,2026-10-04,ch:1:sjyid:100001:25757-001,rail,S-Bahn,S10,S10,25757,Biasca,Como S. Giovanni/Malpensa Aeroporto T2,1,,2026-10-04 04:06:00+00:00,2026-10-04 04:06:12+00:00,,True,0.2,2026-10-04 04:32:08.718000+02:00,2026-10-04 06:06:00+02:00,2026-10-04 06:06:12+02:00,2026-10-04,6,Sunday,True,93.85470000000001
20261004_023204,2026-10-04 02:32:08.718000+00:00,Lugano,rail,ch:1:sloid:5300,Lugano,ch:1:sloid:5300:3:4,2026-10-04,ch:1:sjyid:100001:25908-001,rail,S-Bahn,S90,S90,25908,Lugano,Bellinzona,4,,2026-10-04 04:08:00+00:00,2026-10-04 04:08:42+00:00,,True,0.7,2026-10-04 04:32:08.718000+02:00,2026-10-04 06:08:00+02:00,2026-10-04 06:08:42+02:00,2026-10-04,6,Sunday,True,95.85470000000001
20261004_023204,2026-10-04 02:32:08.718000+00:00,Lugano,rail,ch:1:sloid:5300,Lugano,ch:1:sloid:5300:2:3,2026-10-04,ch:1:sjyid:100001:25108-001,rail,S-Bahn,S10,S10,25108,Chiasso,Biasca,3,,2026-10-04 04:25:00+00:00,2026-10-04 04:25:24+00:00,,True,0.4,2026-10-04 04:32:08.718000+02:00,2026-10-04 06:25:00+02:00,2026-10-04 06:25:24+02:00,2026-10-04,6,Sunday,True,112.85470000000001
20261004_023204,2026-10-04 02:32:08.718000+00:00,Lugano,rail,ch:1:sloid:5300,Lugano,ch:1:sloid:5300:3:4,2026-10-04,ch:1:sjyid:100001:25804-001,rail,RegioExpress,RE80,RE80,25804,Lugano,Locarno,4,,2026-10-04 04:35:00+00:00,,,False,,2026-10-04 04:32:08.718000+02:00,2026-10-04 06:35:00+02:00,,2026-10-04,6,Sunday,True,122.85470000000001
20261004_023204,2026-10-04 02:32:08.718000+00:00,Lugano,rail,ch:1:sloid:5300,Lugano,ch:1:sloid:5300:2:2,2026-10-04,ch:1:sjyid:100001:25109-001,rail,S-Bahn,S10,S10,25109,Biasca,Como Camerlata,2,,2026-10-04 04:36:00+00:00,,,False,,2026-10-04 04:32:08.718000+02:00,2026-10-04 06:36:00+02:00,,2026-10-04,6,Sunday,True,123.85470000000001
20261004_023204,2026-10-04 02:32:08.718000+00:00,Lugano,rail,ch:1:sloid:5300,Lugano,ch:1:sloid:5300:1:1,2026-10-04,ch:1:sjyid:100001:25956-001,rail,S-Bahn,S90,S90,25956,Lugano,Giubiasco,1,,2026-10-04 04:38:00+00:00,,,False,,2026-10-04 04:32:08.718000+02:00,2026-10-04 06:38:00+02:00,,2026-10-04,6,Sunday,True,125.85470000000001
20261004_023204,2026-10-04 02:32:08.718000+00:00,Lugano,rail,ch:1:sloid:5300,Lugano,ch:1:sloid:5300:1:1,2026-10-04,ch:1:sjyid:100001:25907-001,rail,S-Bahn,S90,S90,25907,Bellinzona,Mendrisio,1,,2026-10-04 04:52:00+00:00,2026-10-04 04:52:12+00:00,,True,0.2,2026-10-04 04:32:08.718000+02:00,2026-10-04 06:52:00+02:00,2026-10-04 06:52:12+02:00,2026-10-04,6,Sunday,True,139.85469999999998
20261004_023204,2026-10-04 02:32:08.718000+00:00,Lugano,rail,ch:1:sloid:5300,Lugano,ch:1:sloid:5300:2:3,2026-10-04,ch:1:sjyid:100001:25756-001,rail,S-Bahn,S10,S10,25756,Mendrisio,Biasca,3,,2026-10-04 04:55:00+00:00,,,False,,2026-10-04 04:32:08.718000+02:00,2026-10-04 06:55:00+02:00,,2026-10-04,6,Sunday,True,142.85469999999998
20261004_023204,2026-10-04 02:32:08.718000+00:00,Lugano,rail,ch:1:sloid:5300,Lugano,ch:1:sloid:5300:2:2,2026-10-04,ch:1:sjyid:100001:866-001,rail,InterCity,IC2,IC2,866,Lugano,Zürich HB,2,,2026-10-04 05:02:00+00:00,,,False,,2026-10-04 04:32:08.718000+02:00,2026-10-04 07:02:00+02:00,,2026-10-04,7,Sunday,True,149.85469999999998
20261004_023204,2026-10-04 02:32:08.718000+00:00,Lugano,rail,ch:1:sloid:5300,Lugano,ch:1:sloid:5300:3:4,2026-10-04,ch:1:sjyid:100001:25509-001,rail,RegioExpress,RE80,RE80,25509,Locarno,Milano Centrale,4,,2026-10-04 05:02:00+00:00,,,False,,2026-10-04 04:32:08.718000+02:00,2026-10-04 07:02:00+02:00,,2026-10-04,7,Sunday,True,149.85469999999998
20261004_023204,2026-10-04 02:32:08.718000+00:00,Lugano,rail,ch:1:sloid:5300,Lugano,ch:1:sloid:5300:2:3,2026-10-04,ch:1:sjyid:100001:25502-001,rail,RegioExpress,RE80,RE80,25502,Milano Centrale,Locarno,3,,2026-10-04 05:05:00+00:00,2026-10-04 05:05:12+00:00,,True,0.2,2026-10-04 04:32:08.718000+02:00,2026-10-04 07:05:00+02:00,2026-10-04 07:05:12+02:00,2026-10-04,7,Sunday,True,152.85469999999998
20261004_023204,2026-10-04 02:32:08.718000+00:00,Lugano,rail,ch:1:sloid:5300,Lugano,ch:1:sloid:5300:1:1,2026-10-04,ch:1:sjyid:100001:25759-001,rail,S-Bahn,S10,S10,25759,Biasca,Como S. Giovanni/Malpensa Aeroporto T2,1,,2026-10-04 05:06:00+00:00,,,False,,2026-10-04 04:32:08.718000+02:00,2026-10-04 07:06:00+02:00,,2026-10-04,7,Sunday,True,153.85469999999998
20261004_023204,2026-10-04 02:32:08.718000+00:00,Lugano,rail,ch:1:sloid:5300,Lugano,ch:1:sloid:5300:2:3,2026-10-04,ch:1:sjyid:100001:25910-001,rail,S-Bahn,S90,S90,25910,Mendrisio,Bellinzona,3,,2026-10-04 05:08:00+00:00,,,False,,2026-10-04 04:32:08.718000+02:00,2026-10-04 07:08:00+02:00,,2026-10-04,7,Sunday,True,155.85469999999998
20261004_023204,2026-10-04 02:32:08.718000+00:00,Lugano,rail,ch:1:sloid:5300,Lugano,ch:1:sloid:5300:3:4,2026-10-04,ch:1:sjyid:100001:25110-001,rail,S-Bahn,S10,S10,25110,Como Camerlata,Biasca,4,,2026-10-04 05:25:00+00:00,,,False,,2026-10-04 04:32:08.718000+02:00,2026-10-04 07:25:00+02:00,,2026-10-04,7,Sunday,True,172.85469999999998
20261004_023204,2026-10-04 02:32:08.718000+00:00,Lugano,rail,ch:1:sloid:5300,Lugano,ch:1:sloid:5300:2:2,2026-10-04,ch:1:sjyid:100001:25811-001,rail,RegioExpress,RE80,RE80,25811,Locarno,Chiasso,2,,2026-10-04 05:25:00+00:00,,,False,,2026-10-04 04:32:08.718000+02:00,2026-10-04 07:25:00+02:00,,2026-10-04,7,Sunday,True,172.85469999999998
20261004_023204,2026-10-04 02:32:08.718000+00:00,Lugano,rail,ch:1:sloid:5300,Lugano,ch:1:sloid:5300:2:3,2026-10-04,ch:1:sjyid:100001:1466-001,rail,InterCity,IC2,IC2,1466,Chiasso,Zürich HB,3,,2026-10-04 05:30:00+00:00,,,False,,2026-10-04 04:32:08.718000+02:00,2026-10-04 07:30:00+02:00,,2026-10-04,7,Sunday,True,177.85469999999998
20261004_023204,2026-10-04 02:32:08.718000+00:00,Lugano,rail,ch:1:sloid:5300,Lugano,ch:1:sloid:5300:3:4,2026-10-04,ch:1:sjyid:100001:25806-001,rail,RegioExpress,RE80,RE80,25806,Chiasso,Locarno,4,,2026-10-04 05:35:00+00:00,,,False,,2026-10-04 04:32:08.718000+02:00,2026-10-04 07:35:00+02:00,,2026-10-04,7,Sunday,True,182.85469999999998
20261004_023204,2026-10-04 02:32:08.718000+00:00,Lugano,rail,ch:1:sloid:5300,Lugano,ch:1:sloid:5300:2:2,2026-10-04,ch:1:sjyid:100001:25111-001,rail,S-Bahn,S10,S10,25111,Airolo,Como Camerlata,2,,2026-10-04 05:36:00+00:00,,,False,,2026-10-04 04:32:08.718000+02:00,2026-10-04 07:36:00+02:00,,2026-10-04,7,Sunday,True,183.85469999999998
20261004_023204,2026-10-04 02:32:08.718000+00:00,Lugano,rail,ch:1:sloid:5300,Lugano,ch:1:sloid:5300:1:1,2026-10-04,ch:1:sjyid:100001:25958-001,rail,S-Bahn,S90,S90,25958,Lugano,Giubiasco,1,,2026-10-04 05:38:00+00:00,,,False,,2026-10-04 04:32:08.718000+02:00,2026-10-04 07:38:00+02:00,,2026-10-04,7,Sunday,True,185.85469999999998
20261004_023204,2026-10-04 02:32:08.718000+00:00,Lugano,rail,ch:1:sloid:5300,Lugano,ch:1:sloid:5300:2:2,2026-10-04,ch:1:sjyid:100001:25911-001,rail,S-Bahn,S90,S90,25911,Giubiasco,Mendrisio,2,,2026-10-04 05:52:00+00:00,,,False,,2026-10-04 04:32:08.718000+02:00,2026-10-04 07:52:00+02:00,,2026-10-04,7,Sunday,True,199.85469999999998
20261004_023204,2026-10-04 02:32:08.718000+00:00,Lugano,rail,ch:1:sloid:5300,Lugano,ch:1:sloid:5300:3:4,2026-10-04,ch:1:sjyid:100001:25758-001,rail,S-Bahn,S10,S10,25758,Mendrisio,Biasca,4,,2026-10-04 05:55:00+00:00,,,False,,2026-10-04 04:32:08.718000+02:00,2026-10-04 07:55:00+02:00,,2026-10-04,7,Sunday,True,202.85469999999998
20261004_023204,2026-10-04 02:32:08.718000+00:00,Lugano,rail,ch:1:sloid:5300,Lugano,ch:1:sloid:5300:2:3,2026-10-04,ch:1:sjyid:100001:668-001,rail,InterCity,IC21,IC21,668,Lugano,Basel SBB,3,,2026-10-04 06:02:00+00:00,,,False,,2026-10-04 04:32:08.718000+02:00,2026-10-04 08:02:00+02:00,,2026-10-04,8,Sunday,True,209.85469999999998
20261004_023204,2026-10-04 02:32:09.767000+00:00,Bern,local,ch:1:sloid:76646,"Bern, Bahnhof",ch:1:sloid:76646:0:64,2026-10-04,ch:1:sjyid:1100062:SKI-1,bus,Ersatzverkehr,EV,EV,1,"Bern, Bahnhof","Worblaufen, Bahnhofplatz",Z,,2026-10-04 03:05:00+00:00,,,False,,2026-10-04 04:32:09.767000+02:00,2026-10-04 05:05:00+02:00,,2026-10-04,5,Sunday,True,32.83721666666666
20261004_023204,2026-10-04 02:32:09.767000+00:00,Bern,local,ch:1:sloid:76646,"Bern, Bahnhof",ch:1:sloid:76646:0:19,2026-10-04,ch:1:sjyid:100626:plan:cb79f82e-c75e-4ad3-993a-c6724f66a957,bus,Bus,10,10,32611,"Bern, Monbijou",Ostermundigen Rüti,L,,2026-10-04 03:08:00+00:00,,,False,,2026-10-04 04:32:09.767000+02:00,2026-10-04 05:08:00+02:00,,2026-10-04,5,Sunday,True,35.83721666666667
20261004_023204,2026-10-04 02:32:09.767000+00:00,Bern,local,ch:1:sloid:76646,"Bern, Bahnhof",ch:1:sloid:76646:0:64,2026-10-04,ch:1:sjyid:1100062:SKI-3,bus,Ersatzverkehr,EV,EV,3,"Bern, Bahnhof","Worblaufen, Bahnhofplatz",Z,,2026-10-04 03:10:00+00:00,,,False,,2026-10-04 04:32:09.767000+02:00,2026-10-04 05:10:00+02:00,,2026-10-04,5,Sunday,True,37.83721666666667
20261004_023204,2026-10-04 02:32:09.767000+00:00,Bern,local,ch:1:sloid:76646,"Bern, Bahnhof",ch:1:sloid:76646:0:64,2026-10-04,ch:1:sjyid:1100062:SKI-5,bus,Ersatzverkehr,EV,EV,5,"Bern, Bahnhof","Worblaufen, Bahnhofplatz",Z,,2026-10-04 03:15:00+00:00,,,False,,2026-10-04 04:32:09.767000+02:00,2026-10-04 05:15:00+02:00,,2026-10-04,5,Sunday,True,42.83721666666667
20261004_023204,2026-10-04 02:32:09.767000+00:00,Bern,local,ch:1:sloid:76646,"Bern, Bahnhof",ch:1:sloid:76646:0:64,2026-10-04,ch:1:sjyid:1100062:SKI-7,bus,Ersatzverkehr,EV,EV,7,"Bern, Bahnhof","Worblaufen, Bahnhofplatz",Z,,2026-10-04 03:20:00+00:00,,,False,,2026-10-04 04:32:09.767000+02:00,2026-10-04 05:20:00+02:00,,2026-10-04,5,Sunday,True,47.83721666666667
20261004_023204,2026-10-04 02:32:09.767000+00:00,Bern,local,ch:1:sloid:76646,"Bern, Bahnhof",ch:1:sloid:76646:0:64,2026-10-04,ch:1:sjyid:1100062:SKI-9,bus,Ersatzverkehr,EV,EV,9,"Bern, Bahnhof","Worblaufen, Bahnhofplatz",Z,,2026-10-04 03:25:00+00:00,,,False,,2026-10-04 04:32:09.767000+02:00,2026-10-04 05:25:00+02:00,,2026-10-04,5,Sunday,True,52.83721666666667
20261004_023204,2026-10-04 02:32:09.767000+00:00,Bern,local,ch:1:sloid:76646,"Bern, Bahnhof",ch:1:sloid:76646:0:7,2026-10-04,ch:1:sjyid:100626:plan:e229b92d-8e67-40fc-bd5a-0eada1bf26d0,tram,Tram,7,7,10724,"Bern, Bärenplatz",Bümpliz,D,,2026-10-04 03:26:24+00:00,,,False,,2026-10-04 04:32:09.767000+02:00,2026-10-04 05:26:24+02:00,,2026-10-04,5,Sunday,True,54.23721666666667
20261004_023204,2026-10-04 02:32:09.767000+00:00,Bern,local,ch:1:sloid:76646,"Bern, Bahnhof",ch:1:sloid:76646:0:7,2026-10-04,ch:1:sjyid:100626:plan:bb1c3691-b226-4a37-8a11-b8670b9932db,tram,Tram,3,3,1413,"Bern, Guisanplatz Expo",Weissenbühl,D,,2026-10-04 03:27:24+00:00,,,False,,2026-10-04 04:32:09.767000+02:00,2026-10-04 05:27:24+02:00,,2026-10-04,5,Sunday,True,55.23721666666667
20261004_023204,2026-10-04 02:32:09.767000+00:00,Bern,local,ch:1:sloid:76646,"Bern, Bahnhof",ch:1:sloid:76646:0:19,2026-10-04,ch:1:sjyid:100626:plan:c379b643-a8b8-49c1-87fd-7546a79c20ef,bus,Bus,10,10,32616,"Bern, Monbijou",Ostermundigen Rüti,L,,2026-10-04 03:28:00+00:00,,,False,,2026-10-04 04:32:09.767000+02:00,2026-10-04 05:28:00+02:00,,2026-10-04,5,Sunday,True,55.83721666666667
20261004_023204,2026-10-04 02:32:09.767000+00:00,Bern,local,ch:1:sloid:76646,"Bern, Bahnhof",ch:1:sloid:76646:0:3,2026-10-04,ch:1:sjyid:100626:plan:f5d8f163-9c4c-4ad8-b45e-30322d754355,tram,Tram,8,8,16699,"Bern, Bärenplatz",Brünnen Bhf,C,,2026-10-04 03:28:24+00:00,,,False,,2026-10-04 04:32:09.767000+02:00,2026-10-04 05:28:24+02:00,,2026-10-04,5,Sunday,True,56.23721666666667
20261004_023204,2026-10-04 02:32:09.767000+00:00,Bern,local,ch:1:sloid:76646,"Bern, Bahnhof",ch:1:sloid:76646:0:3,2026-10-04,ch:1:sjyid:100626:plan:1ab519af-1440-4e5a-b84f-ee2d22907447,tram,Tram,6,6,5863,"Bern, Bärenplatz",Fischermätteli,C,,2026-10-04 03:29:42+00:00,,,False,,2026-10-04 04:32:09.767000+02:00,2026-10-04 05:29:42+02:00,,2026-10-04,5,Sunday,True,57.53721666666667
20261004_023204,2026-10-04 02:32:09.767000+00:00,Bern,local,ch:1:sloid:76646,"Bern, Bahnhof",ch:1:sloid:76646:0:64,2026-10-04,ch:1:sjyid:1100062:SKI-11,bus,Ersatzverkehr,EV,EV,11,"Bern, Bahnhof","Worblaufen, Bahnhofplatz",Z,,2026-10-04 03:30:00+00:00,,,False,,2026-10-04 04:32:09.767000+02:00,2026-10-04 05:30:00+02:00,,2026-10-04,5,Sunday,True,57.83721666666667
20261004_023204,2026-10-04 02:32:09.767000+00:00,Bern,local,ch:1:sloid:76646,"Bern, Bahnhof",ch:1:sloid:76646:0:15,2026-10-04,ch:1:sjyid:100626:plan:56d6084f-964c-496e-b63a-64784895cfd4,bus,Bus,20,20,65078,"Bern Wankdorf, Bahnhof",Länggasse,F,,2026-10-04 03:34:48+00:00,,,False,,2026-10-04 04:32:09.767000+02:00,2026-10-04 05:34:48+02:00,,2026-10-04,5,Sunday,True,62.63721666666667
20261004_023204,2026-10-04 02:32:09.767000+00:00,Bern,local,ch:1:sloid:76646,"Bern, Bahnhof",ch:1:sloid:76646:0:64,2026-10-04,ch:1:sjyid:1100062:SKI-13,bus,Ersatzverkehr,EV,EV,13,"Bern, Bahnhof","Worblaufen, Bahnhofplatz",Z,,2026-10-04 03:35:00+00:00,,,False,,2026-10-04 04:32:09.767000+02:00,2026-10-04 05:35:00+02:00,,2026-10-04,5,Sunday,True,62.83721666666667
20261004_023204,2026-10-04 02:32:09.767000+00:00,Bern,local,ch:1:sloid:76646,"Bern, Bahnhof",ch:1:sloid:76646:0:64,2026-10-04,ch:1:sjyid:1100062:SKI-15,bus,Ersatzverkehr,EV,EV,15,"Bern, Bahnhof","Worblaufen, Bahnhofplatz",Z,,2026-10-04 03:40:00+00:00,,,False,,2026-10-04 04:32:09.767000+02:00,2026-10-04 05:40:00+02:00,,2026-10-04,5,Sunday,True,67.83721666666666
20261004_023204,2026-10-04 02:32:09.767000+00:00,Bern,local,ch:1:sloid:76646,"Bern, Bahnhof",ch:1:sloid:76646:0:19,2026-10-04,ch:1:sjyid:100626:plan:c1a0864c-11bd-48c3-aa83-9ce31905838f,bus,Bus,10,10,32623,"Bern, Monbijou",Ostermundigen Rüti,L,,2026-10-04 03:43:00+00:00,,,False,,2026-10-04 04:32:09.767000+02:00,2026-10-04 05:43:00+02:00,,2026-10-04,5,Sunday,True,70.83721666666666
20261004_023204,2026-10-04 02:32:09.767000+00:00,Bern,local,ch:1:sloid:76646,"Bern, Bahnhof",ch:1:sloid:76646:0:64,2026-10-04,ch:1:sjyid:1100062:SKI-17,bus,Ersatzverkehr,EV,EV,17,"Bern, Bahnhof","Worblaufen, Bahnhofplatz",Z,,2026-10-04 03:45:00+00:00,,,False,,2026-10-04 04:32:09.767000+02:00,2026-10-04 05:45:00+02:00,,2026-10-04,5,Sunday,True,72.83721666666666
20261004_023204,2026-10-04 02:32:09.767000+00:00,Bern,local,ch:1:sloid:76646,"Bern, Bahnhof",ch:1:sloid:76646:0:15,2026-10-04,ch:1:sjyid:100626:plan:656ca8c4-acc5-4c20-88a1-d9bf46506327,bus,Bus,20,20,65092,"Bern Wankdorf, Bahnhof",Länggasse,F,,2026-10-04 03:47:48+00:00,,,False,,2026-10-04 04:32:09.767000+02:00,2026-10-04 05:47:48+02:00,,2026-10-04,5,Sunday,True,75.63721666666667
20261004_023204,2026-10-04 02:32:09.767000+00:00,Bern,local,ch:1:sloid:76646,"Bern, Bahnhof",ch:1:sloid:76646:0:19,2026-10-04,ch:1:sjyid:100626:plan:ef9e57b9-776f-4c4e-9d79-3dbda4414f37,bus,Bus,10,10,36448,"Schliern, Bus-Endstation",Ostermundigen Rüti,L,,2026-10-04 03:48:00+00:00,,,False,,2026-10-04 04:32:09.767000+02:00,2026-10-04 05:48:00+02:00,,2026-10-04,5,Sunday,True,75.83721666666666
20261004_023204,2026-10-04 02:32:09.767000+00:00,Bern,local,ch:1:sloid:76646,"Bern, Bahnhof",ch:1:sloid:76646:0:20,2026-10-04,ch:1:sjyid:100626:plan:8d073431-1926-44ec-a6f2-1a35d6ed670f,bus,Bus,19,19,58498,"Spiegel, Blinzern",Elfenau,M,,2026-10-04 03:48:00+00:00,,,False,,2026-10-04 04:32:09.767000+02:00,2026-10-04 05:48:00+02:00,,2026-10-04,5,Sunday,True,75.83721666666666
20261004_023204,2026-10-04 02:32:09.767000+00:00,Bern,local,ch:1:sloid:76646,"Bern, Bahnhof",ch:1:sloid:76646:0:10,2026-10-04,ch:1:sjyid:100626:plan:d9656e8f-8786-48f9-9a26-f27c01b6861a,tram,Tram,3,3,1457,"Bern, Bahnhof",Weissenbühl,J,,2026-10-04 03:48:00+00:00,,,False,,2026-10-04 04:32:09.767000+02:00,2026-10-04 05:48:00+02:00,,2026-10-04,5,Sunday,True,75.83721666666666
20261004_023204,2026-10-04 02:32:09.767000+00:00,Bern,local,ch:1:sloid:76646,"Bern, Bahnhof",ch:1:sloid:76646:0:7,2026-10-04,ch:1:sjyid:100626:plan:2f3cf01e-1ba4-4f7e-bab4-fb1bbdd6e191,bus,Bus,12,12,52878,"Bern, Zentrum Paul Klee",Holligen,D,,2026-10-04 03:48:00+00:00,,,False,,2026-10-04 04:32:09.767000+02:00,2026-10-04 05:48:00+02:00,,2026-10-04,5,Sunday,True,75.83721666666666
20261004_023204,2026-10-04 02:32:09.767000+00:00,Bern,local,ch:1:sloid:76646,"Bern, Bahnhof",ch:1:sloid:76646:0:20,2026-10-04,ch:1:sjyid:100626:plan:48a813d7-fb78-4ba6-875a-33a997427167,bus,Bus,17,17,57773,"Bern, Bahnhof",Köniz Weiermatt,M,,2026-10-04 03:48:00+00:00,,,False,,2026-10-04 04:32:09.767000+02:00,2026-10-04 05:48:00+02:00,,2026-10-04,5,Sunday,True,75.83721666666666
20261004_023204,2026-10-04 02:32:09.767000+00:00,Bern,local,ch:1:sloid:76646,"Bern, Bahnhof",ch:1:sloid:76646:0:5,2026-10-04,ch:1:sjyid:100626:plan:42516f1c-a99b-42dd-a4fe-147768eb7e0c,bus,Bus,12,12,50171,"Bern, Holligen",Zentrum Paul Klee,A,,2026-10-04 03:48:00+00:00,,,False,,2026-10-04 04:32:09.767000+02:00,2026-10-04 05:48:00+02:00,,2026-10-04,5,Sunday,True,75.83721666666666
20261004_023204,2026-10-04 02:32:09.767000+00:00,Bern,local,ch:1:sloid:76646,"Bern, Bahnhof",ch:1:sloid:76646:0:11,2026-10-04,ch:1:sjyid:100626:plan:4d5a4f94-8643-4824-b8e1-70ee7c7bad12,bus,Bus,10,10,45735,"Ostermundigen, Rüti",Schliern,I,,2026-10-04 03:48:00+00:00,,,False,,2026-10-04 04:32:09.767000+02:00,2026-10-04 05:48:00+02:00,,2026-10-04,5,Sunday,True,75.83721666666666
20261004_023204,2026-10-04 02:32:09.767000+00:00,Bern,local,ch:1:sloid:76646,"Bern, Bahnhof",ch:1:sloid:76646:0:25,2026-10-04,ch:1:sjyid:100626:plan:da0b807e-1d94-4bfe-9fff-4c2e255ee0fc,bus,Bus,19,19,60555,"Bern, Elfenau",Blinzern,K1,,2026-10-04 03:48:00+00:00,,,False,,2026-10-04 04:32:09.767000+02:00,2026-10-04 05:48:00+02:00,,2026-10-04,5,Sunday,True,75.83721666666666
20261004_023204,2026-10-04 02:32:09.767000+00:00,Bern,local,ch:1:sloid:76646,"Bern, Bahnhof",ch:1:sloid:76646:0:2,2026-10-04,ch:1:sjyid:100626:plan:aefca3f1-8eb7-4204-965f-4a0b01888494,bus,Bus,8A,8A,77501,"Bern, Bahnhof",Saali,K2,,2026-10-04 03:49:06+00:00,,,False,,2026-10-04 04:32:09.767000+02:00,2026-10-04 05:49:06+02:00,,2026-10-04,5,Sunday,True,76.93721666666667
20261004_023204,2026-10-04 02:32:09.767000+00:00,Bern,local,ch:1:sloid:76646,"Bern, Bahnhof",ch:1:sloid:76646:0:39,2026-10-04,ch:1:sjyid:100626:plan:de55aa51-1a7a-4f5d-b12f-cd82bfa280ca,tram,Tram,8,8,17834,"Bern, Bahnhof",Brünnen Bhf,N,,2026-10-04 03:49:06+00:00,,,False,,2026-10-04 04:32:09.767000+02:00,2026-10-04 05:49:06+02:00,,2026-10-04,5,Sunday,True,76.93721666666667
20261004_023204,2026-10-04 02:32:09.767000+00:00,Bern,local,ch:1:sloid:76646,"Bern, Bahnhof",ch:1:sloid:76646:0:13,2026-10-04,ch:1:sjyid:100626:plan:fa747e77-e52b-4b0a-afd5-3c11a50ae001,bus,Bus,20,20,62341,"Bern, Länggasse",Wankdorf Bhf,E,,2026-10-04 03:49:48+00:00,,,False,,2026-10-04 04:32:09.767000+02:00,2026-10-04 05:49:48+02:00,,2026-10-04,5,Sunday,True,77.63721666666667
20261004_023204,2026-10-04 02:32:09.767000+00:00,Bern,local,ch:1:sloid:76646,"Bern, Bahnhof",ch:1:sloid:76646:0:64,2026-10-04,ch:1:sjyid:1100062:SKI-19,bus,Ersatzverkehr,EV,EV,19,"Bern, Bahnhof","Worblaufen, Bahnhofplatz",Z,,2026-10-04 03:50:00+00:00,,,False,,2026-10-04 04:32:09.767000+02:00,2026-10-04 05:50:00+02:00,,2026-10-04,5,Sunday,True,77.83721666666666
20261004_023204,2026-10-04 02:32:10.605000+00:00,Basel,local,ch:1:sloid:78143,"Basel, Bahnhof SBB",ch:1:sloid:78143:3:3,2026-10-04,ch:1:sjyid:100622:plan:2d8b6ee4-1847-4ee8-91b1-ff705d2c0ff3,bus,Bus,50,50,50003,"Basel, Bahnhof SBB","Basel, EuroAirport",B,,2026-10-04 02:35:00+00:00,2026-10-04 02:35:00+00:00,,True,0.0,2026-10-04 04:32:10.605000+02:00,2026-10-04 04:35:00+02:00,2026-10-04 04:35:00+02:00,2026-10-04,4,Sunday,True,2.8232500000000003
20261004_023204,2026-10-04 02:32:10.605000+00:00,Basel,local,ch:1:sloid:78143,"Basel, Bahnhof SBB",ch:1:sloid:78143:1:35,2026-10-04,ch:1:sjyid:100622:plan:28995a7a-42e3-450e-b74a-1cffe8310c05,tram,Tram,3,3,3002,"Basel, Morgartenring","Birsfelden, Hard",H,,2026-10-04 02:52:00+00:00,,,False,,2026-10-04 04:32:10.605000+02:00,2026-10-04 04:52:00+02:00,,2026-10-04,4,Sunday,True,19.823249999999998
20261004_023204,2026-10-04 02:32:10.605000+00:00,Basel,local,ch:1:sloid:78143,"Basel, Bahnhof SBB",ch:1:sloid:78143:1:34,2026-10-04,ch:1:sjyid:100622:plan:194d636f-abb7-472e-9f76-61aa9fe6b551,tram,Tram,15,15,15002,"Basel, Wiesenplatz","Basel, Bruderholz",G,,2026-10-04 03:00:12+00:00,,,False,,2026-10-04 04:32:10.605000+02:00,2026-10-04 05:00:12+02:00,,2026-10-04,5,Sunday,True,28.02325
20261004_023204,2026-10-04 02:32:10.605000+00:00,Basel,local,ch:1:sloid:78143,"Basel, Bahnhof SBB",ch:1:sloid:78143:1:32,2026-10-04,ch:1:sjyid:100622:plan:c171cf5c-003f-4c0d-878d-32061cd44671,tram,Tram,8,8,8002,"Basel, Wiesenplatz","Basel, Neuweilerstrasse",E,,2026-10-04 03:01:06+00:00,2026-10-04 03:01:06+00:00,,True,0.0,2026-10-04 04:32:10.605000+02:00,2026-10-04 05:01:06+02:00,2026-10-04 05:01:06+02:00,2026-10-04,5,Sunday,True,28.92325
20261004_023204,2026-10-04 02:32:10.605000+00:00,Basel,local,ch:1:sloid:78143,"Basel, Bahnhof SBB",ch:1:sloid:78143:1:33,2026-10-04,ch:1:sjyid:100622:plan:57291ac7-b47c-49b9-a0ec-286061fbd5a3,tram,Tram,6,6,6001,"Allschwil, Dorf","Riehen, Grenze",F,,2026-10-04 03:03:12+00:00,2026-10-04 03:03:12+00:00,,True,0.0,2026-10-04 04:32:10.605000+02:00,2026-10-04 05:03:12+02:00,2026-10-04 05:03:12+02:00,2026-10-04,5,Sunday,True,31.02325
20261004_023204,2026-10-04 02:32:10.605000+00:00,Basel,local,ch:1:sloid:78143,"Basel, Bahnhof SBB",ch:1:sloid:78143:1:35,2026-10-04,ch:1:sjyid:100622:plan:fd0de60c-4f59-492c-b07b-84c8478920ac,tram,Tram,3,3,3004,"Basel, Morgartenring","Birsfelden, Hard",H,,2026-10-04 03:05:00+00:00,2026-10-04 03:05:18+00:00,,True,0.3,2026-10-04 04:32:10.605000+02:00,2026-10-04 05:05:00+02:00,2026-10-04 05:05:18+02:00,2026-10-04,5,Sunday,True,32.82325
20261004_023204,2026-10-04 02:32:10.605000+00:00,Basel,local,ch:1:sloid:78143,"Basel, Bahnhof SBB",ch:1:sloid:78143:1:32,2026-10-04,ch:1:sjyid:100622:plan:1386cede-9736-4db0-a3b4-b6b09698fb49,tram,Tram,2,2,2002,"Basel, Wiesenplatz","Binningen, Kronenplatz",E,,2026-10-04 03:06:42+00:00,,,False,,2026-10-04 04:32:10.605000+02:00,2026-10-04 05:06:42+02:00,,2026-10-04,5,Sunday,True,34.52325
20261004_023204,2026-10-04 02:32:10.605000+00:00,Basel,local,ch:1:sloid:78143,"Basel, Bahnhof SBB",ch:1:sloid:78143:3:3,2026-10-04,ch:1:sjyid:100622:plan:5fcd21d0-73e5-4d36-ac7d-715f0460094b,bus,Bus,50,50,50007,"Basel, Bahnhof SBB","Basel, EuroAirport",B,,2026-10-04 03:12:00+00:00,,,False,,2026-10-04 04:32:10.605000+02:00,2026-10-04 05:12:00+02:00,,2026-10-04,5,Sunday,True,39.82325
20261004_023204,2026-10-04 02:32:10.605000+00:00,Basel,local,ch:1:sloid:78143,"Basel, Bahnhof SBB",ch:1:sloid:78143:1:34,2026-10-04,ch:1:sjyid:100019:plan:b5713120-82a3-4f23-9773-c1063803220f,tram,Tram,10,10,10009,"Oberwil BL, Zentrum",Dornach Bahnhof,G,,2026-10-04 03:13:00+00:00,2026-10-04 03:13:42+00:00,,True,0.7,2026-10-04 04:32:10.605000+02:00,2026-10-04 05:13:00+02:00,2026-10-04 05:13:42+02:00,2026-10-04,5,Sunday,True,40.82325
20261004_023204,2026-10-04 02:32:10.605000+00:00,Basel,local,ch:1:sloid:78143,"Basel, Bahnhof SBB",ch:1:sloid:78143:1:35,2026-10-04,ch:1:sjyid:100019:plan:8ead9030-c781-429f-9b82-b32cec80e7bc,tram,Tram,11,11,38004,"Basel, Dreispitz","Basel, Saint-Louis Grenze",H,,2026-10-04 03:14:12+00:00,,,False,,2026-10-04 04:32:10.605000+02:00,2026-10-04 05:14:12+02:00,,2026-10-04,5,Sunday,True,42.02325
20261004_023204,2026-10-04 02:32:10.605000+00:00,Basel,local,ch:1:sloid:78143,"Basel, Bahnhof SBB",ch:1:sloid:78143:1:35,2026-10-04,ch:1:sjyid:100019:plan:9664ce84-10d2-4268-9dc1-5ac7b3742eec,tram,Tram,10,10,10012,"Dornach, Bahnhof","Flüh, Station",H,,2026-10-04 03:16:00+00:00,2026-10-04 03:16:24+00:00,,True,0.4,2026-10-04 04:32:10.605000+02:00,2026-10-04 05:16:00+02:00,2026-10-04 05:16:24+02:00,2026-10-04,5,Sunday,True,43.82325
20261004_023204,2026-10-04 02:32:10.605000+00:00,Basel,local,ch:1:sloid:78143,"Basel, Bahnhof SBB",ch:1:sloid:78143:1:32,2026-10-04,ch:1:sjyid:100622:plan:a5035101-ae9a-4f58-84a7-558d548e976d,tram,Tram,8,8,8004,"Basel, Wiesenplatz","Basel, Neuweilerstrasse",E,,2026-10-04 03:16:06+00:00,,,False,,2026-10-04 04:32:10.605000+02:00,2026-10-04 05:16:06+02:00,,2026-10-04,5,Sunday,True,43.92325
20261004_023204,2026-10-04 02:32:10.605000+00:00,Basel,local,ch:1:sloid:78143,"Basel, Bahnhof SBB",ch:1:sloid:78143:1:33,2026-10-04,ch:1:sjyid:100622:plan:df0233e7-4282-429d-8241-0af7f0023878,tram,Tram,6,6,6003,"Allschwil, Dorf","Riehen, Grenze",F,,2026-10-04 03:18:12+00:00,,,False,,2026-10-04 04:32:10.605000+02:00,2026-10-04 05:18:12+02:00,,2026-10-04,5,Sunday,True,46.02325
20261004_023204,2026-10-04 02:32:10.605000+00:00,Basel,local,ch:1:sloid:78143,"Basel, Bahnhof SBB",ch:1:sloid:78143:3:3,2026-10-04,ch:1:sjyid:100622:plan:4335d889-a929-4623-a022-7956cda358c9,bus,Bus,30,30,30001,"Basel, Bahnhof SBB","Basel, Badischer Bahnhof",B,,2026-10-04 03:19:30+00:00,,,False,,2026-10-04 04:32:10.605000+02:00,2026-10-04 05:19:30+02:00,,2026-10-04,5,Sunday,True,47.32325
20261004_023204,2026-10-04 02:32:10.605000+00:00,Basel,local,ch:1:sloid:78143,"Basel, Bahnhof SBB",ch:1:sloid:78143:1:35,2026-10-04,ch:1:sjyid:100622:plan:9357be18-23d3-4668-8a6a-51605b32fffa,tram,Tram,3,3,3006,"Basel, Morgartenring","Birsfelden, Hard",H,,2026-10-04 03:22:00+00:00,,,False,,2026-10-04 04:32:10.605000+02:00,2026-10-04 05:22:00+02:00,,2026-10-04,5,Sunday,True,49.82325
20261004_023204,2026-10-04 02:32:10.605000+00:00,Basel,local,ch:1:sloid:78143,"Basel, Bahnhof SBB",ch:1:sloid:78143:1:31,2026-10-04,ch:1:sjyid:100622:plan:0a68baa9-3b9a-4936-8298-2453ee25971d,tram,Tram,1,1,1004,"Basel, Bahnhof SBB","Basel, Dreirosenbrücke",D,,2026-10-04 03:22:24+00:00,,,False,,2026-10-04 04:32:10.605000+02:00,2026-10-04 05:22:24+02:00,,2026-10-04,5,Sunday,True,50.22325
20261004_023204,2026-10-04 02:32:10.605000+00:00,Basel,local,ch:1:sloid:78143,"Basel, Bahnhof SBB",ch:1:sloid:78143:1:33,2026-10-04,ch:1:sjyid:100622:plan:07305661-96e0-4c58-9434-6dcbffd92c09,tram,Tram,8,8,8005,"Basel, Neuweilerstrasse",Weil am Rhein (D) Bahnhof / Zentrum,F,,2026-10-04 03:25:00+00:00,2026-10-04 03:25:00+00:00,,True,0.0,2026-10-04 04:32:10.605000+02:00,2026-10-04 05:25:00+02:00,2026-10-04 05:25:00+02:00,2026-10-04,5,Sunday,True,52.82325
20261004_023204,2026-10-04 02:32:10.605000+00:00,Basel,local,ch:1:sloid:78143,"Basel, Bahnhof SBB",ch:1:sloid:78143:1:33,2026-10-04,ch:1:sjyid:100622:plan:72bb7610-ab66-4be2-b844-75f2ff0cae75,tram,Tram,2,2,2005,"Binningen, Kronenplatz","Basel, Badischer Bahnhof",F,,2026-10-04 03:26:06+00:00,,,False,,2026-10-04 04:32:10.605000+02:00,2026-10-04 05:26:06+02:00,,2026-10-04,5,Sunday,True,53.92325
20261004_023204,2026-10-04 02:32:10.605000+00:00,Basel,local,ch:1:sloid:78143,"Basel, Bahnhof SBB",ch:1:sloid:78143:1:32,2026-10-04,ch:1:sjyid:100622:plan:747d2ade-2255-47b1-8876-0c554e6bf433,tram,Tram,2,2,2004,"Riehen, Grenze","Binningen, Kronenplatz",E,,2026-10-04 03:27:00+00:00,2026-10-04 03:27:00+00:00,,True,0.0,2026-10-04 04:32:10.605000+02:00,2026-10-04 05:27:00+02:00,2026-10-04 05:27:00+02:00,2026-10-04,5,Sunday,True,54.82325
20261004_023204,2026-10-04 02:32:10.605000+00:00,Basel,local,ch:1:sloid:78143,"Basel, Bahnhof SBB",ch:1:sloid:78143:3:3,2026-10-04,ch:1:sjyid:100622:plan:860b8864-9d71-411f-bab2-d861af9c79cd,bus,Bus,50,50,50009,"Basel, Bahnhof SBB","Basel, EuroAirport",B,,2026-10-04 03:27:00+00:00,2026-10-04 03:27:00+00:00,,True,0.0,2026-10-04 04:32:10.605000+02:00,2026-10-04 05:27:00+02:00,2026-10-04 05:27:00+02:00,2026-10-04,5,Sunday,True,54.82325
20261004_023204,2026-10-04 02:32:10.605000+00:00,Basel,local,ch:1:sloid:78143,"Basel, Bahnhof SBB",ch:1:sloid:78143:1:34,2026-10-04,ch:1:sjyid:100622:plan:eec3c023-0fae-4cd8-aa1b-28fd5c1b0bfd,tram,Tram,15,15,15004,"Basel, Wiesenplatz","Basel, Bruderholz",G,,2026-10-04 03:30:12+00:00,,,False,,2026-10-04 04:32:10.605000+02:00,2026-10-04 05:30:12+02:00,,2026-10-04,5,Sunday,True,58.02325
20261004_023204,2026-10-04 02:32:10.605000+00:00,Basel,local,ch:1:sloid:78143,"Basel, Bahnhof SBB",ch:1:sloid:78143:1:32,2026-10-04,ch:1:sjyid:100622:plan:026a9519-a3e8-4204-8ee1-2f056ffc786a,tram,Tram,8,8,8006,"Basel, Kleinhüningen","Basel, Neuweilerstrasse",E,,2026-10-04 03:31:06+00:00,2026-10-04 03:31:06+00:00,,True,0.0,2026-10-04 04:32:10.605000+02:00,2026-10-04 05:31:06+02:00,2026-10-04 05:31:06+02:00,2026-10-04,5,Sunday,True,58.92325
20261004_023204,2026-10-04 02:32:10.605000+00:00,Basel,local,ch:1:sloid:78143,"Basel, Bahnhof SBB",ch:1:sloid:78143:1:33,2026-10-04,ch:1:sjyid:100622:plan:dda1dac5-3048-4e62-945d-a965fd47906d,tram,Tram,6,6,6005,"Allschwil, Dorf","Riehen, Grenze",F,,2026-10-04 03:33:12+00:00,2026-10-04 03:33:12+00:00,,True,0.0,2026-10-04 04:32:10.605000+02:00,2026-10-04 05:33:12+02:00,2026-10-04 05:33:12+02:00,2026-10-04,5,Sunday,True,61.02325
20261004_023204,2026-10-04 02:32:10.605000+00:00,Basel,local,ch:1:sloid:78143,"Basel, Bahnhof SBB",ch:1:sloid:78143:3:3,2026-10-04,ch:1:sjyid:100622:plan:082c4a93-d59b-47f3-88ae-c5cc8880bc2b,bus,Bus,30,30,30003,"Basel, Bahnhof SBB","Basel, Badischer Bahnhof",B,,2026-10-04 03:34:30+00:00,,,False,,2026-10-04 04:32:10.605000+02:00,2026-10-04 05:34:30+02:00,,2026-10-04,5,Sunday,True,62.32325
20261004_023204,2026-10-04 02:32:10.605000+00:00,Basel,local,ch:1:sloid:78143,"Basel, Bahnhof SBB",ch:1:sloid:78143:1:35,2026-10-04,ch:1:sjyid:100019:plan:bee7cb43-9819-4bc6-b1d7-a292eb15a82e,tram,Tram,10,10,10016,"Dornach, Bahnhof","Rodersdorf, Station",H,,2026-10-04 03:35:00+00:00,,,False,,2026-10-04 04:32:10.605000+02:00,2026-10-04 05:35:00+02:00,,2026-10-04,5,Sunday,True,62.82325
20261004_023204,2026-10-04 02:32:10.605000+00:00,Basel,local,ch:1:sloid:78143,"Basel, Bahnhof SBB",ch:1:sloid:78143:1:34,2026-10-04,ch:1:sjyid:100019:plan:cd85cde4-49bf-4706-93f8-3940719cf4bd,tram,Tram,10,10,10015,"Flüh, Station",Dornach Bahnhof,G,,2026-10-04 03:35:00+00:00,2026-10-04 03:35:42+00:00,,True,0.7,2026-10-04 04:32:10.605000+02:00,2026-10-04 05:35:00+02:00,2026-10-04 05:35:42+02:00,2026-10-04,5,Sunday,True,62.82325
20261004_023204,2026-10-04 02:32:10.605000+00:00,Basel,local,ch:1:sloid:78143,"Basel, Bahnhof SBB",ch:1:sloid:78143:1:31,2026-10-04,ch:1:sjyid:100622:plan:57da2b14-5cf3-435c-aa67-537608ddc297,tram,Tram,1,1,1006,"Basel, Bahnhof SBB","Basel, Dreirosenbrücke",D,,2026-10-04 03:37:24+00:00,,,False,,2026-10-04 04:32:10.605000+02:00,2026-10-04 05:37:24+02:00,,2026-10-04,5,Sunday,True,65.22325
20261004_023204,2026-10-04 02:32:10.605000+00:00,Basel,local,ch:1:sloid:78143,"Basel, Bahnhof SBB",ch:1:sloid:78143:1:33,2026-10-04,ch:1:sjyid:100622:plan:c3776439-d16d-47c7-b8b0-2e9d9d0e9fa9,tram,Tram,8,8,8007,"Basel, Neuweilerstrasse","Basel, Kleinhüningen",F,,2026-10-04 03:40:00+00:00,,,False,,2026-10-04 04:32:10.605000+02:00,2026-10-04 05:40:00+02:00,,2026-10-04,5,Sunday,True,67.82325
20261004_023204,2026-10-04 02:32:10.605000+00:00,Basel,local,ch:1:sloid:78143,"Basel, Bahnhof SBB",ch:1:sloid:78143:1:32,2026-10-04,ch:1:sjyid:100622:plan:61afb3e1-f07c-4370-9cd2-07bc98721212,tram,Tram,2,2,2006,"Riehen, Grenze","Binningen, Kronenplatz",E,,2026-10-04 03:42:00+00:00,2026-10-04 03:42:00+00:00,,True,0.0,2026-10-04 04:32:10.605000+02:00,2026-10-04 05:42:00+02:00,2026-10-04 05:42:00+02:00,2026-10-04,5,Sunday,True,69.82325
20261004_023204,2026-10-04 02:32:11.118000+00:00,Luzern,local,ch:1:sloid:8450,"Luzern, Bahnhof",ch:1:sloid:8450::1,2026-10-04,ch:1:sjyid:100619:plan:326573f2-4b57-44ac-a72c-1ebac4cb1ea2,bus,Bus,1,1,1021,"Luzern, Bahnhof",Obernau Dorf,A,,2026-10-04 02:39:00+00:00,2026-10-04 02:39:00+00:00,,True,0.0,2026-10-04 04:32:11.118000+02:00,2026-10-04 04:39:00+02:00,2026-10-04 04:39:00+02:00,2026-10-04,4,Sunday,True,6.8147
20261004_023204,2026-10-04 02:32:11.118000+00:00,Luzern,local,ch:1:sloid:8450,"Luzern, Bahnhof",ch:1:sloid:8450::1,2026-10-04,ch:1:sjyid:100619:plan:96a2dba9-2e86-4165-ae64-c34ff18c5d7d,bus,Bus,1,1,1045,"Luzern, Bahnhof",Obernau Dorf,A,,2026-10-04 02:54:00+00:00,2026-10-04 02:54:00+00:00,,True,0.0,2026-10-04 04:32:11.118000+02:00,2026-10-04 04:54:00+02:00,2026-10-04 04:54:00+02:00,2026-10-04,4,Sunday,True,21.814700000000002
20261004_023204,2026-10-04 02:32:11.118000+00:00,Luzern,local,ch:1:sloid:8450,"Luzern, Bahnhof",ch:1:sloid:8450::2,2026-10-04,ch:1:sjyid:100619:plan:9ad217c4-5256-4ee8-9b8a-68f7c28856b2,bus,Bus,1,1,1090,"Luzern, Bahnhof",Ebikon Fildern,B,,2026-10-04 03:00:00+00:00,,,False,,2026-10-04 04:32:11.118000+02:00,2026-10-04 05:00:00+02:00,,2026-10-04,5,Sunday,True,27.814700000000002
20261004_023204,2026-10-04 02:32:11.118000+00:00,Luzern,local,ch:1:sloid:8450,"Luzern, Bahnhof",ch:1:sloid:8450::23,2026-10-04,ch:1:sjyid:100619:plan:a46b22dc-9f9d-4757-9ae4-99173278821d,bus,Bus,2,2,8033,"Luzern, Bahnhof",E'brücke Sprengi,Y,,2026-10-04 03:03:00+00:00,,,False,,2026-10-04 04:32:11.118000+02:00,2026-10-04 05:03:00+02:00,,2026-10-04,5,Sunday,True,30.814700000000002
20261004_023204,2026-10-04 02:32:11.118000+00:00,Luzern,local,ch:1:sloid:8450,"Luzern, Bahnhof",ch:1:sloid:8450::1,2026-10-04,ch:1:sjyid:100619:plan:3dcae374-6e93-4a00-a2e3-fb21d8d2c878,bus,Bus,1,1,1067,"Ebikon, Fildern",Obernau Dorf,A,,2026-10-04 03:09:00+00:00,2026-10-04 03:09:00+00:00,,True,0.0,2026-10-04 04:32:11.118000+02:00,2026-10-04 05:09:00+02:00,2026-10-04 05:09:00+02:00,2026-10-04,5,Sunday,True,36.8147
20261004_023204,2026-10-04 02:32:11.118000+00:00,Luzern,local,ch:1:sloid:8450,"Luzern, Bahnhof",ch:1:sloid:8450::10,2026-10-04,ch:1:sjyid:100619:plan:c0833a6a-da78-4fa2-b2c6-8fd2ff5d6d61,bus,Bus,20,20,48015,"Luzern, Bahnhof",Horw Ennethorw,J,,2026-10-04 03:13:00+00:00,,,False,,2026-10-04 04:32:11.118000+02:00,2026-10-04 05:13:00+02:00,,2026-10-04,5,Sunday,True,40.8147
20261004_023204,2026-10-04 02:32:11.118000+00:00,Luzern,local,ch:1:sloid:8450,"Luzern, Bahnhof",ch:1:sloid:8450::2,2026-10-04,ch:1:sjyid:100619:plan:2183f386-581b-4bf3-8a6f-1c9ab6e903a3,bus,Bus,1,1,1106,"Obernau, Dorf",Ebikon Fildern,B,,2026-10-04 03:14:54+00:00,2026-10-04 03:14:54+00:00,,True,0.0,2026-10-04 04:32:11.118000+02:00,2026-10-04 05:14:54+02:00,2026-10-04 05:14:54+02:00,2026-10-04,5,Sunday,True,42.7147
20261004_023204,2026-10-04 02:32:11.118000+00:00,Luzern,local,ch:1:sloid:8450,"Luzern, Bahnhof",ch:1:sloid:8450::23,2026-10-04,ch:1:sjyid:100619:plan:39891853-1632-4d6e-9f0c-867b7ed22366,bus,Bus,2,2,8053,"Luzern, Bahnhof",E'brücke Sprengi,Y,,2026-10-04 03:18:00+00:00,,,False,,2026-10-04 04:32:11.118000+02:00,2026-10-04 05:18:00+02:00,,2026-10-04,5,Sunday,True,45.8147
20261004_023204,2026-10-04 02:32:11.118000+00:00,Luzern,local,ch:1:sloid:8450,"Luzern, Bahnhof",ch:1:sloid:8450::2,2026-10-04,ch:1:sjyid:100619:plan:8cbde5a8-96de-4d51-9f5e-36ac8dd16a73,bus,Bus,6,6,21042,"Luzern, Weinbergli",Büttenenhalde,B,,2026-10-04 03:19:00+00:00,,,False,,2026-10-04 04:32:11.118000+02:00,2026-10-04 05:19:00+02:00,,2026-10-04,5,Sunday,True,46.8147
20261004_023204,2026-10-04 02:32:11.118000+00:00,Luzern,local,ch:1:sloid:8450,"Luzern, Bahnhof",ch:1:sloid:8450::1,2026-10-04,ch:1:sjyid:100619:plan:1df737df-c401-4a07-a7fa-fc07d03779f3,bus,Bus,1,1,1115,"Luzern, Bahnhof",Obernau Dorf,A,,2026-10-04 03:23:00+00:00,,,False,,2026-10-04 04:32:11.118000+02:00,2026-10-04 05:23:00+02:00,,2026-10-04,5,Sunday,True,50.8147
20261004_023204,2026-10-04 02:32:11.118000+00:00,Luzern,local,ch:1:sloid:8450,"Luzern, Bahnhof",ch:1:sloid:8450::11,2026-10-04,ch:1:sjyid:100619:plan:872848e5-9f52-49fc-ae75-28736b09fdcf,bus,Bus,19,19,45010,"Luzern, Bahnhof",Friedental,R,,2026-10-04 03:25:00+00:00,,,False,,2026-10-04 04:32:11.118000+02:00,2026-10-04 05:25:00+02:00,,2026-10-04,5,Sunday,True,52.8147
20261004_023204,2026-10-04 02:32:11.118000+00:00,Luzern,local,ch:1:sloid:8450,"Luzern, Bahnhof",ch:1:sloid:8450::1,2026-10-04,ch:1:sjyid:100619:plan:7af854a8-e875-4c68-bbc6-8e0600b68732,bus,Bus,7,7,24047,"Luzern, Bahnhof",Horw Biregghof,A,,2026-10-04 03:25:00+00:00,,,False,,2026-10-04 04:32:11.118000+02:00,2026-10-04 05:25:00+02:00,,2026-10-04,5,Sunday,True,52.8147
20261004_023204,2026-10-04 02:32:11.118000+00:00,Luzern,local,ch:1:sloid:8450,"Luzern, Bahnhof",ch:1:sloid:8450::2,2026-10-04,ch:1:sjyid:100619:plan:94fae4bc-b0a6-4bb6-be83-4cc00e69230b,bus,Bus,25,25,61010,"Luzern, Weinbergli",Brüelstrasse,B,,2026-10-04 03:26:12+00:00,,,False,,2026-10-04 04:32:11.118000+02:00,2026-10-04 05:26:12+02:00,,2026-10-04,5,Sunday,True,54.0147
20261004_023204,2026-10-04 02:32:11.118000+00:00,Luzern,local,ch:1:sloid:8450,"Luzern, Bahnhof",ch:1:sloid:8450::20,2026-10-04,ch:1:sjyid:100619:plan:72787707-7d61-4ff4-a884-978219270d58,bus,Bus,12,12,83045,"Luzern, Bahnhof",Gasshof,M,,2026-10-04 03:26:00+00:00,,,False,,2026-10-04 04:32:11.118000+02:00,2026-10-04 05:26:00+02:00,,2026-10-04,5,Sunday,True,53.8147
20261004_023204,2026-10-04 02:32:11.118000+00:00,Luzern,local,ch:1:sloid:8450,"Luzern, Bahnhof",ch:1:sloid:8450::2,2026-10-04,ch:1:sjyid:100619:plan:1863bed2-c71f-4f94-a915-463e0c3822e8,bus,Bus,1,1,1148,"Obernau, Dorf",Ebikon Fildern,B,,2026-10-04 03:29:54+00:00,2026-10-04 03:29:54+00:00,,True,0.0,2026-10-04 04:32:11.118000+02:00,2026-10-04 05:29:54+02:00,2026-10-04 05:29:54+02:00,2026-10-04,5,Sunday,True,57.7147
20261004_023204,2026-10-04 02:32:11.118000+00:00,Luzern,local,ch:1:sloid:8450,"Luzern, Bahnhof",ch:1:sloid:8450::10,2026-10-04,ch:1:sjyid:100619:plan:1d631719-5f56-44ec-8141-556a2099858e,bus,Bus,20,20,48027,"Luzern, Bahnhof",Horw Technikumstrasse,J,,2026-10-04 03:30:00+00:00,,,False,,2026-10-04 04:32:11.118000+02:00,2026-10-04 05:30:00+02:00,,2026-10-04,5,Sunday,True,57.8147
20261004_023204,2026-10-04 02:32:11.118000+00:00,Luzern,local,ch:1:sloid:8450,"Luzern, Bahnhof",ch:1:sloid:8450::12,2026-10-04,ch:1:sjyid:100619:plan:c44e5426-5e19-4638-93b8-6893f8334eb9,bus,Bus,24,24,59044,"Luzern, Bahnhof",Meggen Tschädigen,S,,2026-10-04 03:31:00+00:00,,,False,,2026-10-04 04:32:11.118000+02:00,2026-10-04 05:31:00+02:00,,2026-10-04,5,Sunday,True,58.8147
20261004_023204,2026-10-04 02:32:11.118000+00:00,Luzern,local,ch:1:sloid:8450,"Luzern, Bahnhof",ch:1:sloid:8450::2,2026-10-04,ch:1:sjyid:100619:plan:4f444d0c-5cc6-413f-a548-2e58997f267d,bus,Bus,7,7,24076,"Luzern, Weinbergli",Unterlöchli,B,,2026-10-04 03:33:00+00:00,,,False,,2026-10-04 04:32:11.118000+02:00,2026-10-04 05:33:00+02:00,,2026-10-04,5,Sunday,True,60.8147
20261004_023204,2026-10-04 02:32:11.118000+00:00,Luzern,local,ch:1:sloid:8450,"Luzern, Bahnhof",ch:1:sloid:8450::1,2026-10-04,ch:1:sjyid:100619:plan:ba796790-a93c-4f35-9fa8-c9f116708d17,bus,Bus,1,1,1139,"Ebikon, Fildern",Obernau Dorf,A,,2026-10-04 03:33:00+00:00,,,False,,2026-10-04 04:32:11.118000+02:00,2026-10-04 05:33:00+02:00,,2026-10-04,5,Sunday,True,60.8147
20261004_023204,2026-10-04 02:32:11.118000+00:00,Luzern,local,ch:1:sloid:8450,"Luzern, Bahnhof",ch:1:sloid:8450::23,2026-10-04,ch:1:sjyid:100619:plan:75e2255c-3d7b-4c3f-9671-96a3a9cd2e6e,bus,Bus,2,2,8085,"Luzern, Bahnhof",E'brücke Sprengi,Y,,2026-10-04 03:33:00+00:00,,,False,,2026-10-04 04:32:11.118000+02:00,2026-10-04 05:33:00+02:00,,2026-10-04,5,Sunday,True,60.8147
20261004_023204,2026-10-04 02:32:11.118000+00:00,Luzern,local,ch:1:sloid:8450,"Luzern, Bahnhof",ch:1:sloid:8450::1,2026-10-04,ch:1:sjyid:100619:plan:d290c491-1493-4299-8693-53b7e9127df3,bus,Bus,8,8,28069,"Luzern, Bahnhof",Hirtenhof,A,,2026-10-04 03:34:00+00:00,,,False,,2026-10-04 04:32:11.118000+02:00,2026-10-04 05:34:00+02:00,,2026-10-04,5,Sunday,True,61.8147
20261004_023204,2026-10-04 02:32:11.118000+00:00,Luzern,local,ch:1:sloid:8450,"Luzern, Bahnhof",ch:1:sloid:8450::2,2026-10-04,ch:1:sjyid:100619:plan:cba29777-3a11-4e46-8b70-7ddf4685f8a6,bus,Bus,8,8,28074,"Luzern, Weinbergli",Würzenbach,B,,2026-10-04 03:39:00+00:00,,,False,,2026-10-04 04:32:11.118000+02:00,2026-10-04 05:39:00+02:00,,2026-10-04,5,Sunday,True,66.8147
20261004_023204,2026-10-04 02:32:11.118000+00:00,Luzern,local,ch:1:sloid:8450,"Luzern, Bahnhof",ch:1:sloid:8450::11,2026-10-04,ch:1:sjyid:100619:plan:d5299b07-7615-42b6-a5d6-b21dacc20005,bus,Bus,19,19,45026,"Luzern, Bahnhof",Friedental,R,,2026-10-04 03:40:00+00:00,,,False,,2026-10-04 04:32:11.118000+02:00,2026-10-04 05:40:00+02:00,,2026-10-04,5,Sunday,True,67.8147
20261004_023204,2026-10-04 02:32:11.118000+00:00,Luzern,local,ch:1:sloid:8450,"Luzern, Bahnhof",ch:1:sloid:8450::2,2026-10-04,ch:1:sjyid:100619:plan:5506acd2-69de-492a-aa67-12e6a6c3e5d8,bus,Bus,1,1,1208,"Obernau, Dorf",Ebikon Fildern,B,,2026-10-04 03:44:54+00:00,2026-10-04 03:44:54+00:00,,True,0.0,2026-10-04 04:32:11.118000+02:00,2026-10-04 05:44:54+02:00,2026-10-04 05:44:54+02:00,2026-10-04,5,Sunday,True,72.7147
20261004_023204,2026-10-04 02:32:11.118000+00:00,Luzern,local,ch:1:sloid:8450,"Luzern, Bahnhof",ch:1:sloid:8450::1,2026-10-04,ch:1:sjyid:100619:plan:7b17be99-8773-4e98-9a36-ecc480c2e49c,bus,Bus,6,6,21057,"Luzern, Büttenenhalde",Matthof,A,,2026-10-04 03:47:00+00:00,,,False,,2026-10-04 04:32:11.118000+02:00,2026-10-04 05:47:00+02:00,,2026-10-04,5,Sunday,True,74.81469999999999
20261004_023204,2026-10-04 02:32:11.118000+00:00,Luzern,local,ch:1:sloid:8450,"Luzern, Bahnhof",ch:1:sloid:8450::2,2026-10-04,ch:1:sjyid:100619:plan:54a7b2b7-819d-4221-8a52-c9c6156c2419,bus,Bus,7,7,24114,"Horw, Biregghof",Unterlöchli,B,,2026-10-04 03:48:00+00:00,,,False,,2026-10-04 04:32:11.118000+02:00,2026-10-04 05:48:00+02:00,,2026-10-04,5,Sunday,True,75.81469999999999
20261004_023204,2026-10-04 02:32:11.118000+00:00,Luzern,local,ch:1:sloid:8450,"Luzern, Bahnhof",ch:1:sloid:8450::1,2026-10-04,ch:1:sjyid:100619:plan:3c5b7673-a341-440d-afbb-186f92e2d48d,bus,Bus,1,1,1175,"Ebikon, Fildern",Obernau Dorf,A,,2026-10-04 03:48:00+00:00,,,False,,2026-10-04 04:32:11.118000+02:00,2026-10-04 05:48:00+02:00,,2026-10-04,5,Sunday,True,75.81469999999999
20261004_023204,2026-10-04 02:32:11.118000+00:00,Luzern,local,ch:1:sloid:8450,"Luzern, Bahnhof",ch:1:sloid:8450::23,2026-10-04,ch:1:sjyid:100619:plan:d9044060-da5e-4908-9452-f11b0e26f242,bus,Bus,2,2,8117,"Luzern, Bahnhof",E'brücke Sprengi,Y,,2026-10-04 03:48:00+00:00,,,False,,2026-10-04 04:32:11.118000+02:00,2026-10-04 05:48:00+02:00,,2026-10-04,5,Sunday,True,75.81469999999999
20261004_023204,2026-10-04 02:32:11.118000+00:00,Luzern,local,ch:1:sloid:8450,"Luzern, Bahnhof",ch:1:sloid:8450::2,2026-10-04,ch:1:sjyid:100619:plan:3c5e2c29-4aae-4423-8f02-3ba03ae8fe02,bus,Bus,6,6,21078,"Luzern, Weinbergli",Büttenenhalde,B,,2026-10-04 03:49:00+00:00,,,False,,2026-10-04 04:32:11.118000+02:00,2026-10-04 05:49:00+02:00,,2026-10-04,5,Sunday,True,76.81469999999999
20261004_023204,2026-10-04 02:32:11.118000+00:00,Luzern,local,ch:1:sloid:8450,"Luzern, Bahnhof",ch:1:sloid:8450::10,2026-10-04,ch:1:sjyid:100619:plan:27a9c21e-53da-4f63-9fdc-389d490255d9,bus,Bus,20,20,48041,"Luzern, Bahnhof",Horw Ennethorw,J,,2026-10-04 03:52:00+00:00,,,False,,2026-10-04 04:32:11.118000+02:00,2026-10-04 05:52:00+02:00,,2026-10-04,5,Sunday,True,79.81469999999999
20261004_023204,2026-10-04 02:32:11.587000+00:00,St. Gallen,local,ch:1:sloid:74095,"St. Gallen, Bahnhof",ch:1:sloid:74095:0:989159,2026-10-04,ch:1:sjyid:100684:SKI-1009,bus,Bus,1,1,1009,"St. Gallen, Theater",Winkeln,A,,2026-10-04 02:57:00+00:00,,,False,,2026-10-04 04:32:11.587000+02:00,2026-10-04 04:57:00+02:00,,2026-10-04,4,Sunday,True,24.806883333333335
20261004_023204,2026-10-04 02:32:11.587000+00:00,St. Gallen,local,ch:1:sloid:74095,"St. Gallen, Bahnhof",ch:1:sloid:74095:0:888081,2026-10-04,ch:1:sjyid:100684:SKI-4005,bus,Bus,4,4,4005,"St. Gallen, Marktplatz Bohl","Abtwil SG, St.Josefen",F,,2026-10-04 02:59:00+00:00,,,False,,2026-10-04 04:32:11.587000+02:00,2026-10-04 04:59:00+02:00,,2026-10-04,4,Sunday,True,26.806883333333335
20261004_023204,2026-10-04 02:32:11.587000+00:00,St. Gallen,local,ch:1:sloid:74095,"St. Gallen, Bahnhof",ch:1:sloid:74095:0:541287,2026-10-04,ch:1:sjyid:100684:SKI-7007,bus,Bus,7,7,7007,"St. Gallen, Theater",Hinterberg,H,,2026-10-04 03:10:00+00:00,,,False,,2026-10-04 04:32:11.587000+02:00,2026-10-04 05:10:00+02:00,,2026-10-04,5,Sunday,True,37.80688333333333
20261004_023204,2026-10-04 02:32:11.587000+00:00,St. Gallen,local,ch:1:sloid:74095,"St. Gallen, Bahnhof",ch:1:sloid:74095:0:888081,2026-10-04,ch:1:sjyid:100684:SKI-3011,bus,Bus,3,3,3011,"St. Gallen, Marktplatz Bohl","Abtwil SG, St.Josefen",F,,2026-10-04 03:14:00+00:00,,,False,,2026-10-04 04:32:11.587000+02:00,2026-10-04 05:14:00+02:00,,2026-10-04,5,Sunday,True,41.80688333333333
20261004_023204,2026-10-04 02:32:11.587000+00:00,St. Gallen,local,ch:1:sloid:74095,"St. Gallen, Bahnhof",ch:1:sloid:74095:0:541287,2026-10-04,ch:1:sjyid:100684:SKI-8009,bus,Bus,8,8,8009,"St. Gallen, Theater",Wendeplatz Stocken,H,,2026-10-04 03:15:00+00:00,,,False,,2026-10-04 04:32:11.587000+02:00,2026-10-04 05:15:00+02:00,,2026-10-04,5,Sunday,True,42.80688333333333
20261004_023204,2026-10-04 02:32:11.587000+00:00,St. Gallen,local,ch:1:sloid:74095,"St. Gallen, Bahnhof",ch:1:sloid:74095:0:541287,2026-10-04,ch:1:sjyid:100684:SKI-6013,bus,Bus,6,6,6013,"St. Gallen, Marktplatz Bohl",Bach St.Georgen,H,,2026-10-04 03:16:00+00:00,2026-10-04 03:16:00+00:00,,True,0.0,2026-10-04 04:32:11.587000+02:00,2026-10-04 05:16:00+02:00,2026-10-04 05:16:00+02:00,2026-10-04,5,Sunday,True,43.80688333333333
20261004_023204,2026-10-04 02:32:11.587000+00:00,St. Gallen,local,ch:1:sloid:74095,"St. Gallen, Bahnhof",ch:1:sloid:74095:0:989159,2026-10-04,ch:1:sjyid:100684:SKI-1021,bus,Bus,1,1,1021,"St. Gallen, Theater",Winkeln,A,,2026-10-04 03:17:00+00:00,,,False,,2026-10-04 04:32:11.587000+02:00,2026-10-04 05:17:00+02:00,,2026-10-04,5,Sunday,True,44.80688333333333
20261004_023204,2026-10-04 02:32:11.587000+00:00,St. Gallen,local,ch:1:sloid:74095,"St. Gallen, Bahnhof",ch:1:sloid:74095:0:989159,2026-10-04,ch:1:sjyid:100684:SKI-2017,bus,Bus,2,2,2017,"St. Gallen, Theater",Wolfganghof,A,,2026-10-04 03:27:00+00:00,,,False,,2026-10-04 04:32:11.587000+02:00,2026-10-04 05:27:00+02:00,,2026-10-04,5,Sunday,True,54.80688333333333
20261004_023204,2026-10-04 02:32:11.587000+00:00,St. Gallen,local,ch:1:sloid:74095,"St. Gallen, Bahnhof",ch:1:sloid:74095:0:888081,2026-10-04,ch:1:sjyid:100684:SKI-4017,bus,Bus,4,4,4017,"St. Gallen, Marktplatz Bohl","Abtwil SG, St.Josefen",F,,2026-10-04 03:29:00+00:00,,,False,,2026-10-04 04:32:11.587000+02:00,2026-10-04 05:29:00+02:00,,2026-10-04,5,Sunday,True,56.80688333333333
20261004_023204,2026-10-04 02:32:11.587000+00:00,St. Gallen,local,ch:1:sloid:74095,"St. Gallen, Bahnhof",ch:1:sloid:74095:0:541287,2026-10-04,ch:1:sjyid:100684:SKI-7017,bus,Bus,7,7,7017,"St. Gallen, Theater",Hinterberg,H,,2026-10-04 03:30:00+00:00,,,False,,2026-10-04 04:32:11.587000+02:00,2026-10-04 05:30:00+02:00,,2026-10-04,5,Sunday,True,57.80688333333333
20261004_023204,2026-10-04 02:32:11.587000+00:00,St. Gallen,local,ch:1:sloid:74095,"St. Gallen, Bahnhof",ch:1:sloid:74095:0:541287,2026-10-04,ch:1:sjyid:100684:SKI-6021,bus,Bus,6,6,6021,"St. Gallen, Marktplatz Bohl",Bach St.Georgen,H,,2026-10-04 03:33:00+00:00,,,False,,2026-10-04 04:32:11.587000+02:00,2026-10-04 05:33:00+02:00,,2026-10-04,5,Sunday,True,60.80688333333333
20261004_023204,2026-10-04 02:32:11.587000+00:00,St. Gallen,local,ch:1:sloid:74095,"St. Gallen, Bahnhof",ch:1:sloid:74095:0:989159,2026-10-04,ch:1:sjyid:100684:SKI-1035,bus,Bus,1,1,1035,"St. Gallen, Theater",Winkeln,A,,2026-10-04 03:37:00+00:00,,,False,,2026-10-04 04:32:11.587000+02:00,2026-10-04 05:37:00+02:00,,2026-10-04,5,Sunday,True,64.80688333333333
20261004_023204,2026-10-04 02:32:11.587000+00:00,St. Gallen,local,ch:1:sloid:74095,"St. Gallen, Bahnhof",ch:1:sloid:74095:0:541287,2026-10-04,ch:1:sjyid:100684:SKI-5017,bus,Bus,5,5,5017,"St. Gallen, Bahnhof",Riethüsli,H,,2026-10-04 03:40:00+00:00,,,False,,2026-10-04 04:32:11.587000+02:00,2026-10-04 05:40:00+02:00,,2026-10-04,5,Sunday,True,67.80688333333333
20261004_023204,2026-10-04 02:32:11.587000+00:00,St. Gallen,local,ch:1:sloid:74095,"St. Gallen, Bahnhof",ch:1:sloid:74095:0:894224,2026-10-04,ch:1:sjyid:100684:SKI-6012,bus,Bus,6,6,6012,"St. Gallen, Bach St. Georgen",Heiligkreuz,E,,2026-10-04 03:41:00+00:00,2026-10-04 03:41:00+00:00,,True,0.0,2026-10-04 04:32:11.587000+02:00,2026-10-04 05:41:00+02:00,2026-10-04 05:41:00+02:00,2026-10-04,5,Sunday,True,68.80688333333333
20261004_023204,2026-10-04 02:32:11.587000+00:00,St. Gallen,local,ch:1:sloid:74095,"St. Gallen, Bahnhof",ch:1:sloid:74095:0:606657,2026-10-04,ch:1:sjyid:100684:SKI-7006,bus,Bus,7,7,7006,"St. Gallen, Hinterberg",Neudorf / R'str.,I,,2026-10-04 03:42:00+00:00,,,False,,2026-10-04 04:32:11.587000+02:00,2026-10-04 05:42:00+02:00,,2026-10-04,5,Sunday,True,69.80688333333333
20261004_023204,2026-10-04 02:32:11.587000+00:00,St. Gallen,local,ch:1:sloid:74095,"St. Gallen, Bahnhof",ch:1:sloid:74095:0:888081,2026-10-04,ch:1:sjyid:100684:SKI-3019,bus,Bus,3,3,3019,"St. Gallen, Heiligkreuz","Abtwil SG, St.Josefen",F,,2026-10-04 03:44:00+00:00,,,False,,2026-10-04 04:32:11.587000+02:00,2026-10-04 05:44:00+02:00,,2026-10-04,5,Sunday,True,71.80688333333333
20261004_023204,2026-10-04 02:32:11.587000+00:00,St. Gallen,local,ch:1:sloid:74095,"St. Gallen, Bahnhof",ch:1:sloid:74095:0:894224,2026-10-04,ch:1:sjyid:100684:SKI-3010,bus,Bus,3,3,3010,"Abtwil SG, St. Josefen",Heiligkreuz,E,,2026-10-04 03:44:00+00:00,,,False,,2026-10-04 04:32:11.587000+02:00,2026-10-04 05:44:00+02:00,,2026-10-04,5,Sunday,True,71.80688333333333
20261004_023204,2026-10-04 02:32:11.587000+00:00,St. Gallen,local,ch:1:sloid:74095,"St. Gallen, Bahnhof",ch:1:sloid:74095:0:541287,2026-10-04,ch:1:sjyid:100684:SKI-8011,bus,Bus,8,8,8011,"St. Gallen, Neudorf/R'str.",Wendeplatz Stocken,H,,2026-10-04 03:45:00+00:00,,,False,,2026-10-04 04:32:11.587000+02:00,2026-10-04 05:45:00+02:00,,2026-10-04,5,Sunday,True,72.80688333333333
20261004_023204,2026-10-04 02:32:11.587000+00:00,St. Gallen,local,ch:1:sloid:74095,"St. Gallen, Bahnhof",ch:1:sloid:74095:0:989159,2026-10-04,ch:1:sjyid:100684:SKI-2023,bus,Bus,2,2,2023,"St. Gallen, Guggeien",Wolfganghof,A,,2026-10-04 03:47:00+00:00,,,False,,2026-10-04 04:32:11.587000+02:00,2026-10-04 05:47:00+02:00,,2026-10-04,5,Sunday,True,74.80688333333333
20261004_023204,2026-10-04 02:32:11.587000+00:00,St. Gallen,local,ch:1:sloid:74095,"St. Gallen, Bahnhof",ch:1:sloid:74095:0:181274,2026-10-04,ch:1:sjyid:100684:SKI-2026,bus,Bus,2,2,2026,"St. Gallen, Winkeln",Guggeien,B,,2026-10-04 03:50:00+00:00,,,False,,2026-10-04 04:32:11.587000+02:00,2026-10-04 05:50:00+02:00,,2026-10-04,5,Sunday,True,77.80688333333333
20261004_023204,2026-10-04 02:32:11.587000+00:00,St. Gallen,local,ch:1:sloid:74095,"St. Gallen, Bahnhof",ch:1:sloid:74095:0:541287,2026-10-04,ch:1:sjyid:100684:SKI-6035,bus,Bus,6,6,6035,"St. Gallen, Marktplatz Bohl",Bach St.Georgen,H,,2026-10-04 03:53:00+00:00,,,False,,2026-10-04 04:32:11.587000+02:00,2026-10-04 05:53:00+02:00,,2026-10-04,5,Sunday,True,80.80688333333333
20261004_023204,2026-10-04 02:32:11.587000+00:00,St. Gallen,local,ch:1:sloid:74095,"St. Gallen, Bahnhof",ch:1:sloid:74095:0:606657,2026-10-04,ch:1:sjyid:100684:SKI-5012,bus,Bus,5,5,5012,"St. Gallen, Riethüsli",Rotmonten,I,,2026-10-04 03:53:00+00:00,,,False,,2026-10-04 04:32:11.587000+02:00,2026-10-04 05:53:00+02:00,,2026-10-04,5,Sunday,True,80.80688333333333
20261004_023204,2026-10-04 02:32:11.587000+00:00,St. Gallen,local,ch:1:sloid:74095,"St. Gallen, Bahnhof",ch:1:sloid:74095:0:541287,2026-10-04,ch:1:sjyid:100684:SKI-5023,bus,Bus,5,5,5023,"St. Gallen, Rotmonten",Riethüsli,H,,2026-10-04 03:56:00+00:00,,,False,,2026-10-04 04:32:11.587000+02:00,2026-10-04 05:56:00+02:00,,2026-10-04,5,Sunday,True,83.80688333333333
20261004_023204,2026-10-04 02:32:11.587000+00:00,St. Gallen,local,ch:1:sloid:74095,"St. Gallen, Bahnhof",ch:1:sloid:74095:0:989159,2026-10-04,ch:1:sjyid:100684:SKI-1037,bus,Bus,1,1,1037,"St. Gallen, Stephanshorn",Winkeln,A,,2026-10-04 03:57:00+00:00,,,False,,2026-10-04 04:32:11.587000+02:00,2026-10-04 05:57:00+02:00,,2026-10-04,5,Sunday,True,84.80688333333333
20261004_023204,2026-10-04 02:32:11.587000+00:00,St. Gallen,local,ch:1:sloid:74095,"St. Gallen, Bahnhof",ch:1:sloid:74095:0:606657,2026-10-04,ch:1:sjyid:100684:SKI-8006,bus,Bus,8,8,8006,"St. Gallen, Wendeplatz Stocken",Neudorf / R'str.,I,,2026-10-04 03:57:00+00:00,,,False,,2026-10-04 04:32:11.587000+02:00,2026-10-04 05:57:00+02:00,,2026-10-04,5,Sunday,True,84.80688333333333
20261004_023204,2026-10-04 02:32:11.587000+00:00,St. Gallen,local,ch:1:sloid:74095,"St. Gallen, Bahnhof",ch:1:sloid:74095:0:894224,2026-10-04,ch:1:sjyid:100684:SKI-6020,bus,Bus,6,6,6020,"St. Gallen, Bach St. Georgen",Heiligkreuz,E,,2026-10-04 03:58:00+00:00,,,False,,2026-10-04 04:32:11.587000+02:00,2026-10-04 05:58:00+02:00,,2026-10-04,5,Sunday,True,85.80688333333333
20261004_023204,2026-10-04 02:32:11.587000+00:00,St. Gallen,local,ch:1:sloid:74095,"St. Gallen, Bahnhof",ch:1:sloid:74095:0:888081,2026-10-04,ch:1:sjyid:100684:SKI-4021,bus,Bus,4,4,4021,"Wittenbach, Bahnhof","Abtwil SG, St.Josefen",F,,2026-10-04 03:59:00+00:00,,,False,,2026-10-04 04:32:11.587000+02:00,2026-10-04 05:59:00+02:00,,2026-10-04,5,Sunday,True,86.80688333333333
20261004_023204,2026-10-04 02:32:11.587000+00:00,St. Gallen,local,ch:1:sloid:74095,"St. Gallen, Bahnhof",ch:1:sloid:74095:0:894224,2026-10-04,ch:1:sjyid:100684:SKI-4024,bus,Bus,4,4,4024,"Abtwil SG, St. Josefen","Wittenbach, Bahnhof",E,,2026-10-04 03:59:00+00:00,,,False,,2026-10-04 04:32:11.587000+02:00,2026-10-04 05:59:00+02:00,,2026-10-04,5,Sunday,True,86.80688333333333
20261004_023204,2026-10-04 02:32:11.587000+00:00,St. Gallen,local,ch:1:sloid:74095,"St. Gallen, Bahnhof",ch:1:sloid:74095:0:174964,2026-10-04,ch:1:sjyid:100684:SKI-9011,bus,Bus,9,9,9011,"St. Gallen, Bahnhof",Hölzli,C,,2026-10-04 04:00:00+00:00,,,False,,2026-10-04 04:32:11.587000+02:00,2026-10-04 06:00:00+02:00,,2026-10-04,6,Sunday,True,87.80688333333333
20261004_023204,2026-10-04 02:32:11.587000+00:00,St. Gallen,local,ch:1:sloid:74095,"St. Gallen, Bahnhof",ch:1:sloid:74095:0:541287,2026-10-04,ch:1:sjyid:100684:SKI-7021,bus,Bus,7,7,7021,"St. Gallen, Neudorf/R'str.",Hinterberg,H,,2026-10-04 04:00:00+00:00,,,False,,2026-10-04 04:32:11.587000+02:00,2026-10-04 06:00:00+02:00,,2026-10-04,6,Sunday,True,87.80688333333333
20261004_023204,2026-10-04 02:32:12.398000+00:00,Lausanne,local,ch:1:sloid:92050,"Lausanne, gare",ch:1:sloid:92050:0:2893,2026-10-03,ch:1:sjyid:100122:plan1:2026_ATT1-93-10-Dimanche-93-9667977,bus,Nachtbus,N3,N3,93010,"Lausanne, Praz-Séchaud",St-François,A,,2026-10-04 02:38:00+00:00,2026-10-04 02:38:00+00:00,,True,0.0,2026-10-04 04:32:12.398000+02:00,2026-10-04 04:38:00+02:00,2026-10-04 04:38:00+02:00,2026-10-04,4,Sunday,True,5.7933666666666666
20261004_023204,2026-10-04 02:32:12.398000+00:00,Lausanne,local,ch:1:sloid:92050,"Lausanne, gare",ch:1:sloid:92050:0:2893,2026-10-03,ch:1:sjyid:100122:plan1:2026_ATT4-91-40-Dimanche-91-9851091,bus,Nachtbus,N1,N1,91010,"Le Mont-sur-L., Grand-Mont",St-François,A,,2026-10-04 02:41:00+00:00,2026-10-04 02:41:30+00:00,,True,0.5,2026-10-04 04:32:12.398000+02:00,2026-10-04 04:41:00+02:00,2026-10-04 04:41:30+02:00,2026-10-04,4,Sunday,True,8.793366666666666
20261004_023204,2026-10-04 02:32:12.398000+00:00,Lausanne,local,ch:1:sloid:92050,"Lausanne, gare",ch:1:sloid:92050:0:2890,2026-10-03,ch:1:sjyid:100122:plan1:2026_ATT2-94-20-Dimanche-94-9728188,bus,Nachtbus,N4,N4,94007,"Lausanne, St-François",En Coulaye,E,,2026-10-04 02:50:00+00:00,2026-10-04 02:50:00+00:00,,True,0.0,2026-10-04 04:32:12.398000+02:00,2026-10-04 04:50:00+02:00,2026-10-04 04:50:00+02:00,2026-10-04,4,Sunday,True,17.793366666666667
20261004_023204,2026-10-04 02:32:12.398000+00:00,Lausanne,local,ch:1:sloid:92050,"Lausanne, gare",ch:1:sloid:92050:0:2814,2026-10-04,ch:1:sjyid:100122:plan1:2026_ATT2-03-20-Dimanche-3-9715343,bus,Bus,3,3,3011,"Lausanne, gare",Maillefer,D,,2026-10-04 03:00:00+00:00,2026-10-04 03:00:00+00:00,,True,0.0,2026-10-04 04:32:12.398000+02:00,2026-10-04 05:00:00+02:00,2026-10-04 05:00:00+02:00,2026-10-04,5,Sunday,True,27.793366666666667
20261004_023204,2026-10-04 02:32:12.398000+00:00,Lausanne,local,ch:1:sloid:92050,"Lausanne, gare",ch:1:sloid:92050:0:2893,2026-10-04,ch:1:sjyid:100122:plan1:2026_ATT5-21-50-Dimanche-21-10018135,bus,Bus,21,21,21120,"Lausanne, Pont Chauderon",Verrière,A,,2026-10-04 03:03:00+00:00,2026-10-04 03:03:00+00:00,,True,0.0,2026-10-04 04:32:12.398000+02:00,2026-10-04 05:03:00+02:00,2026-10-04 05:03:00+02:00,2026-10-04,5,Sunday,True,30.793366666666667
20261004_023204,2026-10-04 02:32:12.398000+00:00,Lausanne,local,ch:1:sloid:92050,"Lausanne, gare",ch:1:sloid:92050:0:2814,2026-10-04,ch:1:sjyid:100122:plan1:2026_ATT2-03-20-Dimanche-3-9715345,bus,Bus,3,3,3012,"Lausanne, gare",Maillefer,D,,2026-10-04 03:20:00+00:00,,,False,,2026-10-04 04:32:12.398000+02:00,2026-10-04 05:20:00+02:00,,2026-10-04,5,Sunday,True,47.793366666666664
20261004_023204,2026-10-04 02:32:12.398000+00:00,Lausanne,local,ch:1:sloid:92050,"Lausanne, gare",ch:1:sloid:92050:0:2893,2026-10-04,ch:1:sjyid:100122:plan1:2026_ATT4-01-40-Dimanche-1-9845819,bus,Bus,1,1,1015,"Lausanne, Maladière",Blécherette,A,,2026-10-04 03:20:00+00:00,,,False,,2026-10-04 04:32:12.398000+02:00,2026-10-04 05:20:00+02:00,,2026-10-04,5,Sunday,True,47.793366666666664
20261004_023204,2026-10-04 02:32:12.398000+00:00,Lausanne,local,ch:1:sloid:92050,"Lausanne, gare",ch:1:sloid:92050:0:2893,2026-10-03,ch:1:sjyid:100122:plan1:2026_ATT1-92-10-Dimanche-92-9669204,bus,Nachtbus,N2,N2,92010,"Lausanne, Vers-chez-les-Blanc",St-François,A,,2026-10-04 03:21:00+00:00,2026-10-04 03:22:12+00:00,,True,1.2,2026-10-04 04:32:12.398000+02:00,2026-10-04 05:21:00+02:00,2026-10-04 05:22:12+02:00,2026-10-04,5,Sunday,True,48.793366666666664
20261004_023204,2026-10-04 02:32:12.398000+00:00,Lausanne,local,ch:1:sloid:92050,"Lausanne, gare",ch:1:sloid:92050:0:2893,2026-10-04,ch:1:sjyid:100122:plan1:2026_ATT5-21-50-Dimanche-21-10017939,bus,Bus,21,21,21121,"Lausanne, Blécherette",Verrière,A,,2026-10-04 03:23:00+00:00,,,False,,2026-10-04 04:32:12.398000+02:00,2026-10-04 05:23:00+02:00,,2026-10-04,5,Sunday,True,50.793366666666664
20261004_023204,2026-10-04 02:32:12.398000+00:00,Lausanne,local,ch:1:sloid:92050,"Lausanne, gare",ch:1:sloid:92050:0:2892,2026-10-04,ch:1:sjyid:100122:plan1:2026_ATT4-01-40-Dimanche-1-9845818,bus,Bus,1,1,1117,"Lausanne, Blécherette",Maladière,B,,2026-10-04 03:29:00+00:00,,,False,,2026-10-04 04:32:12.398000+02:00,2026-10-04 05:29:00+02:00,,2026-10-04,5,Sunday,True,56.793366666666664
20261004_023204,2026-10-04 02:32:12.398000+00:00,Lausanne,local,ch:1:sloid:92050,"Lausanne, gare",ch:1:sloid:92050:0:1096,2026-10-04,ch:1:sjyid:100122:plan2:m2_0107,metro,Metro,m2,m2,720107,"Lausanne, Ouchy-Olympique","Epalinges, Croisettes",,,2026-10-04 03:31:00+00:00,,,False,,2026-10-04 04:32:12.398000+02:00,2026-10-04 05:31:00+02:00,,2026-10-04,5,Sunday,True,58.793366666666664
20261004_023204,2026-10-04 02:32:12.398000+00:00,Lausanne,local,ch:1:sloid:92050,"Lausanne, gare",ch:1:sloid:92050:0:2814,2026-10-04,ch:1:sjyid:100122:plan1:2026_ATT5-21-50-Dimanche-21-10017938,bus,Bus,21,21,21017,"Paudex, Verrière",Blécherette,D,,2026-10-04 03:31:00+00:00,2026-10-04 03:31:00+00:00,,True,0.0,2026-10-04 04:32:12.398000+02:00,2026-10-04 05:31:00+02:00,2026-10-04 05:31:00+02:00,2026-10-04,5,Sunday,True,58.793366666666664
20261004_023204,2026-10-04 02:32:12.398000+00:00,Lausanne,local,ch:1:sloid:92050,"Lausanne, gare",ch:1:sloid:92050:0:1101,2026-10-04,ch:1:sjyid:100122:plan2:m2_0002,metro,Metro,m2,m2,720002,"Epalinges, Croisettes","Lausanne, Ouchy-Olympique",,,2026-10-04 03:31:00+00:00,,,False,,2026-10-04 04:32:12.398000+02:00,2026-10-04 05:31:00+02:00,,2026-10-04,5,Sunday,True,58.793366666666664
20261004_023204,2026-10-04 02:32:12.398000+00:00,Lausanne,local,ch:1:sloid:92050,"Lausanne, gare",ch:1:sloid:92050:0:1096,2026-10-04,ch:1:sjyid:100122:plan2:m2_0261,metro,Metro,m2,m2,720261,"Lausanne, Ouchy-Olympique","Epalinges, Croisettes",,,2026-10-04 03:39:00+00:00,,,False,,2026-10-04 04:32:12.398000+02:00,2026-10-04 05:39:00+02:00,,2026-10-04,5,Sunday,True,66.79336666666667
20261004_023204,2026-10-04 02:32:12.398000+00:00,Lausanne,local,ch:1:sloid:92050,"Lausanne, gare",ch:1:sloid:92050:0:1101,2026-10-04,ch:1:sjyid:100122:plan2:m2_0054,metro,Metro,m2,m2,720054,"Epalinges, Croisettes","Lausanne, Ouchy-Olympique",,,2026-10-04 03:39:00+00:00,,,False,,2026-10-04 04:32:12.398000+02:00,2026-10-04 05:39:00+02:00,,2026-10-04,5,Sunday,True,66.79336666666667
20261004_023204,2026-10-04 02:32:12.398000+00:00,Lausanne,local,ch:1:sloid:92050,"Lausanne, gare",ch:1:sloid:92050:0:2814,2026-10-04,ch:1:sjyid:100122:plan1:2026_ATT2-03-20-Dimanche-3-9715346,bus,Bus,3,3,3013,"Lausanne, gare",Maillefer,D,,2026-10-04 03:40:00+00:00,2026-10-04 03:40:00+00:00,,True,0.0,2026-10-04 04:32:12.398000+02:00,2026-10-04 05:40:00+02:00,2026-10-04 05:40:00+02:00,2026-10-04,5,Sunday,True,67.79336666666667
20261004_023204,2026-10-04 02:32:12.398000+00:00,Lausanne,local,ch:1:sloid:92050,"Lausanne, gare",ch:1:sloid:92050:0:2893,2026-10-04,ch:1:sjyid:100122:plan1:2026_ATT4-01-40-Dimanche-1-9845836,bus,Bus,1,1,1016,"Lausanne, Maladière",Blécherette,A,,2026-10-04 03:40:00+00:00,,,False,,2026-10-04 04:32:12.398000+02:00,2026-10-04 05:40:00+02:00,,2026-10-04,5,Sunday,True,67.79336666666667
20261004_023204,2026-10-04 02:32:12.398000+00:00,Lausanne,local,ch:1:sloid:92050,"Lausanne, gare",ch:1:sloid:92050:0:2893,2026-10-04,ch:1:sjyid:100122:plan1:2026_ATT5-21-50-Dimanche-21-10017940,bus,Bus,21,21,21122,"Lausanne, Blécherette",Verrière,A,,2026-10-04 03:43:00+00:00,,,False,,2026-10-04 04:32:12.398000+02:00,2026-10-04 05:43:00+02:00,,2026-10-04,5,Sunday,True,70.79336666666667
20261004_023204,2026-10-04 02:32:12.398000+00:00,Lausanne,local,ch:1:sloid:92050,"Lausanne, gare",ch:1:sloid:92050:0:1096,2026-10-04,ch:1:sjyid:100122:plan2:m2_0003,metro,Metro,m2,m2,720003,"Lausanne, Ouchy-Olympique","Epalinges, Croisettes",,,2026-10-04 03:45:00+00:00,,,False,,2026-10-04 04:32:12.398000+02:00,2026-10-04 05:45:00+02:00,,2026-10-04,5,Sunday,True,72.79336666666667
20261004_023204,2026-10-04 02:32:12.398000+00:00,Lausanne,local,ch:1:sloid:92050,"Lausanne, gare",ch:1:sloid:92050:0:1101,2026-10-04,ch:1:sjyid:100122:plan2:m2_0158,metro,Metro,m2,m2,720158,"Epalinges, Croisettes","Lausanne, Ouchy-Olympique",,,2026-10-04 03:45:00+00:00,,,False,,2026-10-04 04:32:12.398000+02:00,2026-10-04 05:45:00+02:00,,2026-10-04,5,Sunday,True,72.79336666666667
20261004_023204,2026-10-04 02:32:12.398000+00:00,Lausanne,local,ch:1:sloid:92050,"Lausanne, gare",ch:1:sloid:92050:0:2892,2026-10-04,ch:1:sjyid:100122:plan1:2026_ATT4-01-40-Dimanche-1-9845820,bus,Bus,1,1,1118,"Lausanne, Blécherette",Maladière,B,,2026-10-04 03:49:00+00:00,,,False,,2026-10-04 04:32:12.398000+02:00,2026-10-04 05:49:00+02:00,,2026-10-04,5,Sunday,True,76.79336666666667
20261004_023204,2026-10-04 02:32:12.398000+00:00,Lausanne,local,ch:1:sloid:92050,"Lausanne, gare",ch:1:sloid:92050:0:1096,2026-10-04,ch:1:sjyid:100122:plan2:m2_0055,metro,Metro,m2,m2,720055,"Lausanne, Ouchy-Olympique","Epalinges, Croisettes",,,2026-10-04 03:51:00+00:00,,,False,,2026-10-04 04:32:12.398000+02:00,2026-10-04 05:51:00+02:00,,2026-10-04,5,Sunday,True,78.79336666666667
20261004_023204,2026-10-04 02:32:12.398000+00:00,Lausanne,local,ch:1:sloid:92050,"Lausanne, gare",ch:1:sloid:92050:0:2814,2026-10-04,ch:1:sjyid:100122:plan1:2026_ATT5-21-50-Dimanche-21-10017957,bus,Bus,21,21,21018,"Paudex, Verrière",Blécherette,D,,2026-10-04 03:51:00+00:00,,,False,,2026-10-04 04:32:12.398000+02:00,2026-10-04 05:51:00+02:00,,2026-10-04,5,Sunday,True,78.79336666666667
20261004_023204,2026-10-04 02:32:12.398000+00:00,Lausanne,local,ch:1:sloid:92050,"Lausanne, gare",ch:1:sloid:92050:0:1101,2026-10-04,ch:1:sjyid:100122:plan2:m2_0210,metro,Metro,m2,m2,720210,"Epalinges, Croisettes","Lausanne, Ouchy-Olympique",,,2026-10-04 03:51:00+00:00,,,False,,2026-10-04 04:32:12.398000+02:00,2026-10-04 05:51:00+02:00,,2026-10-04,5,Sunday,True,78.79336666666667
20261004_023204,2026-10-04 02:32:12.398000+00:00,Lausanne,local,ch:1:sloid:92050,"Lausanne, gare",ch:1:sloid:92050:0:1096,2026-10-04,ch:1:sjyid:100122:plan2:m2_0159,metro,Metro,m2,m2,720159,"Lausanne, Ouchy-Olympique","Epalinges, Croisettes",,,2026-10-04 03:57:00+00:00,,,False,,2026-10-04 04:32:12.398000+02:00,2026-10-04 05:57:00+02:00,,2026-10-04,5,Sunday,True,84.79336666666667
20261004_023204,2026-10-04 02:32:12.398000+00:00,Lausanne,local,ch:1:sloid:92050,"Lausanne, gare",ch:1:sloid:92050:0:1101,2026-10-04,ch:1:sjyid:100122:plan2:m2_0312,metro,Metro,m2,m2,720312,"Epalinges, Croisettes","Lausanne, Ouchy-Olympique",,,2026-10-04 03:57:00+00:00,,,False,,2026-10-04 04:32:12.398000+02:00,2026-10-04 05:57:00+02:00,,2026-10-04,5,Sunday,True,84.79336666666667
20261004_023204,2026-10-04 02:32:12.398000+00:00,Lausanne,local,ch:1:sloid:92050,"Lausanne, gare",ch:1:sloid:92050:0:2814,2026-10-04,ch:1:sjyid:100122:plan1:2026_ATT2-03-20-Dimanche-3-9715347,bus,Bus,3,3,3014,"Lausanne, gare",Maillefer,D,,2026-10-04 04:00:00+00:00,,,False,,2026-10-04 04:32:12.398000+02:00,2026-10-04 06:00:00+02:00,,2026-10-04,6,Sunday,True,87.79336666666667
20261004_023204,2026-10-04 02:32:12.398000+00:00,Lausanne,local,ch:1:sloid:92050,"Lausanne, gare",ch:1:sloid:92050:0:2893,2026-10-04,ch:1:sjyid:100122:plan1:2026_ATT4-01-40-Dimanche-1-9845837,bus,Bus,1,1,1017,"Lausanne, Maladière",Blécherette,A,,2026-10-04 04:00:00+00:00,,,False,,2026-10-04 04:32:12.398000+02:00,2026-10-04 06:00:00+02:00,,2026-10-04,6,Sunday,True,87.79336666666667
20261004_023204,2026-10-04 02:32:12.398000+00:00,Lausanne,local,ch:1:sloid:92050,"Lausanne, gare",ch:1:sloid:92050:0:1096,2026-10-04,ch:1:sjyid:100122:plan2:m2_0211,metro,Metro,m2,m2,720211,"Lausanne, Ouchy-Olympique","Epalinges, Croisettes",,,2026-10-04 04:03:00+00:00,,,False,,2026-10-04 04:32:12.398000+02:00,2026-10-04 06:03:00+02:00,,2026-10-04,6,Sunday,True,90.79336666666667
20261004_023204,2026-10-04 02:32:12.398000+00:00,Lausanne,local,ch:1:sloid:92050,"Lausanne, gare",ch:1:sloid:92050:0:1101,2026-10-04,ch:1:sjyid:100122:plan2:m2_0108,metro,Metro,m2,m2,720108,"Epalinges, Croisettes","Lausanne, Ouchy-Olympique",,,2026-10-04 04:03:00+00:00,,,False,,2026-10-04 04:32:12.398000+02:00,2026-10-04 06:03:00+02:00,,2026-10-04,6,Sunday,True,90.79336666666667
20261004_023204,2026-10-04 02:32:12.872000+00:00,Genève,local,ch:1:sloid:87057,"Genève, gare Cornavin",ch:1:sloid:87057:0:698638,2026-10-04,ch:1:sjyid:100680:HAS-26-03-0-Dimanche-33832636,bus,Bus,3,3,554010,"Genève, Jonction",Gardiol,F,,2026-10-04 02:34:00+00:00,2026-10-04 02:34:24+00:00,,True,0.4,2026-10-04 04:32:12.872000+02:00,2026-10-04 04:34:00+02:00,2026-10-04 04:34:24+02:00,2026-10-04,4,Sunday,True,1.7854666666666668
20261004_023204,2026-10-04 02:32:12.872000+00:00,Genève,local,ch:1:sloid:87057,"Genève, gare Cornavin",ch:1:sloid:87057:0:233278,2026-10-04,ch:1:sjyid:100680:HAS-26-18-10-Dimanche-35073426,tram,Tram,18,18,636483,"Vernier, Blandonnet",Palettes,I,,2026-10-04 02:36:00+00:00,2026-10-04 02:36:12+00:00,,True,0.2,2026-10-04 04:32:12.872000+02:00,2026-10-04 04:36:00+02:00,2026-10-04 04:36:12+02:00,2026-10-04,4,Sunday,True,3.7854666666666663
20261004_023204,2026-10-04 02:32:12.872000+00:00,Genève,local,ch:1:sloid:87057,"Genève, gare Cornavin",ch:1:sloid:87057:0:783875,2026-10-04,ch:1:sjyid:100680:HAS-26-10-0-Dimanche-33793790,bus,Bus,10,10,549700,"Genève, Jonction",Genève-Aéroport-Terminal,K,,2026-10-04 02:39:00+00:00,2026-10-04 02:40:00+00:00,,True,1.0,2026-10-04 04:32:12.872000+02:00,2026-10-04 04:39:00+02:00,2026-10-04 04:40:00+02:00,2026-10-04,4,Sunday,True,6.785466666666666
20261004_023204,2026-10-04 02:32:12.872000+00:00,Genève,local,ch:1:sloid:87057,"Genève, gare Cornavin",ch:1:sloid:87057:0:233278,2026-10-04,ch:1:sjyid:100680:HAS-26-14-10-Dimanche-35073111,tram,Tram,14,14,636225,"Vernier, Blandonnet",Bernex-Vailly,I,,2026-10-04 02:42:00+00:00,2026-10-04 02:42:12+00:00,,True,0.2,2026-10-04 04:32:12.872000+02:00,2026-10-04 04:42:00+02:00,2026-10-04 04:42:12+02:00,2026-10-04,4,Sunday,True,9.785466666666668
20261004_023204,2026-10-04 02:32:12.872000+00:00,Genève,local,ch:1:sloid:87057,"Genève, gare Cornavin",ch:1:sloid:87057:0:408265,2026-10-04,ch:1:sjyid:100680:HAS-26-15-10-Dimanche-35072749,tram,Tram,15,15,635875,"Lancy-Bachet, gare",Nations,E,,2026-10-04 02:43:00+00:00,2026-10-04 02:42:30+00:00,,True,-0.5,2026-10-04 04:32:12.872000+02:00,2026-10-04 04:43:00+02:00,2026-10-04 04:42:30+02:00,2026-10-04,4,Sunday,True,10.785466666666668
20261004_023204,2026-10-04 02:32:12.872000+00:00,Genève,local,ch:1:sloid:87057,"Genève, gare Cornavin",ch:1:sloid:87057:0:233278,2026-10-04,ch:1:sjyid:100680:HAS-26-15-10-Dimanche-35072750,tram,Tram,15,15,635876,"Vernier, Blandonnet",ZIPLO,I,,2026-10-04 02:44:00+00:00,2026-10-04 02:44:00+00:00,,True,0.0,2026-10-04 04:32:12.872000+02:00,2026-10-04 04:44:00+02:00,2026-10-04 04:44:00+02:00,2026-10-04,4,Sunday,True,11.785466666666668
20261004_023204,2026-10-04 02:32:12.872000+00:00,Genève,local,ch:1:sloid:87057,"Genève, gare Cornavin",ch:1:sloid:87057:0:783875,2026-10-04,ch:1:sjyid:100680:HAS-26-02-06-19-1-Dimanche-34653998,bus,Bus,19,19,618263,"Genève, Jonction",Vernier-Village,K,,2026-10-04 02:45:00+00:00,2026-10-04 02:45:36+00:00,,True,0.6,2026-10-04 04:32:12.872000+02:00,2026-10-04 04:45:00+02:00,2026-10-04 04:45:36+02:00,2026-10-04,4,Sunday,True,12.785466666666668
20261004_023204,2026-10-04 02:32:12.872000+00:00,Genève,local,ch:1:sloid:87057,"Genève, gare Cornavin",ch:1:sloid:87057:0:46188,2026-10-04,ch:1:sjyid:100680:HAS-26-015925-70-Dimanche-35915715,bus,Bus,1,1,732427,"Genève, Jardin Botanique",Hôpital Trois-Chêne,D,,2026-10-04 02:48:00+00:00,2026-10-04 02:48:36+00:00,,True,0.6,2026-10-04 04:32:12.872000+02:00,2026-10-04 04:48:00+02:00,2026-10-04 04:48:36+02:00,2026-10-04,4,Sunday,True,15.785466666666668
20261004_023204,2026-10-04 02:32:12.872000+00:00,Genève,local,ch:1:sloid:87057,"Genève, gare Cornavin",ch:1:sloid:87057:0:408265,2026-10-04,ch:1:sjyid:100680:HAS-26-15-10-Dimanche-35072734,tram,Tram,15,15,635865,"Plan-les-Ouates, ZIPLO",Nations,E,,2026-10-04 02:51:00+00:00,2026-10-04 02:52:06+00:00,,True,1.1,2026-10-04 04:32:12.872000+02:00,2026-10-04 04:51:00+02:00,2026-10-04 04:52:06+02:00,2026-10-04,4,Sunday,True,18.785466666666665
20261004_023204,2026-10-04 02:32:12.872000+00:00,Genève,local,ch:1:sloid:87057,"Genève, gare Cornavin",ch:1:sloid:87057:0:698638,2026-10-04,ch:1:sjyid:100680:HAS-26-03-0-Dimanche-33832637,bus,Bus,3,3,554011,"Genève, Jonction",Gardiol,F,,2026-10-04 02:54:00+00:00,2026-10-04 02:54:00+00:00,,True,0.0,2026-10-04 04:32:12.872000+02:00,2026-10-04 04:54:00+02:00,2026-10-04 04:54:00+02:00,2026-10-04,4,Sunday,True,21.785466666666665
20261004_023204,2026-10-04 02:32:12.872000+00:00,Genève,local,ch:1:sloid:87057,"Genève, gare Cornavin",ch:1:sloid:87057:0:233278,2026-10-04,ch:1:sjyid:100680:HAS-26-14-10-Dimanche-35073351,tram,Tram,14,14,636465,"Vernier, Blandonnet",Bernex-Vailly,I,,2026-10-04 02:57:00+00:00,2026-10-04 02:57:00+00:00,,True,0.0,2026-10-04 04:32:12.872000+02:00,2026-10-04 04:57:00+02:00,2026-10-04 04:57:00+02:00,2026-10-04,4,Sunday,True,24.785466666666665
20261004_023204,2026-10-04 02:32:12.872000+00:00,Genève,local,ch:1:sloid:87057,"Genève, gare Cornavin",ch:1:sloid:87057:0:46188,2026-10-04,ch:1:sjyid:100680:HAS-26-A2-19-7-jours-35420057,bus,Bus,A2,A2,666247,"Genève, Nations","Genève-Aéroport, Terminal",D,,2026-10-04 02:58:00+00:00,,,False,,2026-10-04 04:32:12.872000+02:00,2026-10-04 04:58:00+02:00,,2026-10-04,4,Sunday,True,25.785466666666665
20261004_023204,2026-10-04 02:32:12.872000+00:00,Genève,local,ch:1:sloid:87057,"Genève, gare Cornavin",ch:1:sloid:87057:0:233278,2026-10-04,ch:1:sjyid:100680:HAS-26-14-10-Dimanche-35073112,tram,Tram,14,14,636226,"Vernier, Blandonnet",Bernex-Vailly,I,,2026-10-04 03:01:00+00:00,2026-10-04 03:01:00+00:00,,True,0.0,2026-10-04 04:32:12.872000+02:00,2026-10-04 05:01:00+02:00,2026-10-04 05:01:00+02:00,2026-10-04,5,Sunday,True,28.785466666666665
20261004_023204,2026-10-04 02:32:12.872000+00:00,Genève,local,ch:1:sloid:87057,"Genève, gare Cornavin",ch:1:sloid:87057:0:46188,2026-10-04,ch:1:sjyid:100680:HAS-26-15-10-Dimanche-35072739,tram,Tram,15,15,635870,"Genève, Nations",ZIPLO,D,,2026-10-04 03:01:00+00:00,2026-10-04 03:01:18+00:00,,True,0.3,2026-10-04 04:32:12.872000+02:00,2026-10-04 05:01:00+02:00,2026-10-04 05:01:18+02:00,2026-10-04,5,Sunday,True,28.785466666666665
20261004_023204,2026-10-04 02:32:12.872000+00:00,Genève,local,ch:1:sloid:87057,"Genève, gare Cornavin",ch:1:sloid:87057:0:698638,2026-10-04,ch:1:sjyid:100680:HAS-26-03-0-Dimanche-33832678,bus,Bus,3,3,554036,"Genève, Crêts-de-Champel",Gardiol,F,,2026-10-04 03:01:00+00:00,2026-10-04 03:01:18+00:00,,True,0.3,2026-10-04 04:32:12.872000+02:00,2026-10-04 05:01:00+02:00,2026-10-04 05:01:18+02:00,2026-10-04,5,Sunday,True,28.785466666666665
20261004_023204,2026-10-04 02:32:12.872000+00:00,Genève,local,ch:1:sloid:87057,"Genève, gare Cornavin",ch:1:sloid:87057:0:783875,2026-10-04,ch:1:sjyid:100680:HAS-26-02-06-19-1-Dimanche-34653959,bus,Bus,6,6,618235,"Genève, Plage",Vernier-Village,K,,2026-10-04 03:01:00+00:00,2026-10-04 03:01:00+00:00,,True,0.0,2026-10-04 04:32:12.872000+02:00,2026-10-04 05:01:00+02:00,2026-10-04 05:01:00+02:00,2026-10-04,5,Sunday,True,28.785466666666665
20261004_023204,2026-10-04 02:32:12.872000+00:00,Genève,local,ch:1:sloid:87057,"Genève, gare Cornavin",ch:1:sloid:87057:0:46188,2026-10-04,ch:1:sjyid:100680:HAS-26-015925-70-Dimanche-35915720,bus,Bus,25,25,732432,"Genève, Jardin Botanique",Thônex-Vallard,D,,2026-10-04 03:02:00+00:00,2026-10-04 03:02:36+00:00,,True,0.6,2026-10-04 04:32:12.872000+02:00,2026-10-04 05:02:00+02:00,2026-10-04 05:02:36+02:00,2026-10-04,5,Sunday,True,29.785466666666665
20261004_023204,2026-10-04 02:32:12.872000+00:00,Genève,local,ch:1:sloid:87057,"Genève, gare Cornavin",ch:1:sloid:87057:0:89811,2026-10-04,ch:1:sjyid:100680:HAS-26-18-10-Dimanche-35073365,tram,Tram,18,18,636479,"Grand-Lancy, Palettes",CERN,H,,2026-10-04 03:02:00+00:00,2026-10-04 02:59:00+00:00,,True,-3.0,2026-10-04 04:32:12.872000+02:00,2026-10-04 05:02:00+02:00,2026-10-04 04:59:00+02:00,2026-10-04,5,Sunday,True,29.785466666666665
20261004_023204,2026-10-04 02:32:12.872000+00:00,Genève,local,ch:1:sloid:87057,"Genève, gare Cornavin",ch:1:sloid:87057:0:783875,2026-10-04,ch:1:sjyid:100680:HAS-26-10-0-Dimanche-33793778,bus,Bus,10,10,549692,"Genève, Rive",Genève-Aéroport-Terminal,K,,2026-10-04 03:04:00+00:00,2026-10-04 03:04:36+00:00,,True,0.6,2026-10-04 04:32:12.872000+02:00,2026-10-04 05:04:00+02:00,2026-10-04 05:04:36+02:00,2026-10-04,5,Sunday,True,31.785466666666665
20261004_023204,2026-10-04 02:32:12.872000+00:00,Genève,local,ch:1:sloid:87057,"Genève, gare Cornavin",ch:1:sloid:87057:0:50679,2026-10-04,ch:1:sjyid:100680:HAS-26-08-20-13-Dimanche-35206287,bus,Bus,8,8,646434,"Veyrier, douane",Palexpo,J,,2026-10-04 03:06:00+00:00,2026-10-04 03:06:00+00:00,,True,0.0,2026-10-04 04:32:12.872000+02:00,2026-10-04 05:06:00+02:00,2026-10-04 05:06:00+02:00,2026-10-04,5,Sunday,True,33.785466666666665
20261004_023204,2026-10-04 02:32:12.872000+00:00,Genève,local,ch:1:sloid:87057,"Genève, gare Cornavin",ch:1:sloid:87057:0:973093,2026-10-04,ch:1:sjyid:100680:HAS-26-08-20-13-Dimanche-35206284,bus,Bus,8,8,646431,"Grand-Saconnex, Palexpo",Veyrier-Douane,C,,2026-10-04 03:07:00+00:00,2026-10-04 03:07:36+00:00,,True,0.6,2026-10-04 04:32:12.872000+02:00,2026-10-04 05:07:00+02:00,2026-10-04 05:07:36+02:00,2026-10-04,5,Sunday,True,34.78546666666667
20261004_023204,2026-10-04 02:32:12.872000+00:00,Genève,local,ch:1:sloid:87057,"Genève, gare Cornavin",ch:1:sloid:87057:0:233278,2026-10-04,ch:1:sjyid:100680:HAS-26-18-10-Dimanche-35073363,tram,Tram,18,18,636477,"Meyrin, CERN",Palettes,I,,2026-10-04 03:07:00+00:00,2026-10-04 03:07:00+00:00,,True,0.0,2026-10-04 04:32:12.872000+02:00,2026-10-04 05:07:00+02:00,2026-10-04 05:07:00+02:00,2026-10-04,5,Sunday,True,34.78546666666667
20261004_023204,2026-10-04 02:32:12.872000+00:00,Genève,local,ch:1:sloid:87057,"Genève, gare Cornavin",ch:1:sloid:87057:0:408265,2026-10-04,ch:1:sjyid:100680:HAS-26-15-10-Dimanche-35072735,tram,Tram,15,15,635866,"Plan-les-Ouates, ZIPLO",Nations,E,,2026-10-04 03:09:00+00:00,2026-10-04 03:09:00+00:00,,True,0.0,2026-10-04 04:32:12.872000+02:00,2026-10-04 05:09:00+02:00,2026-10-04 05:09:00+02:00,2026-10-04,5,Sunday,True,36.78546666666667
20261004_023204,2026-10-04 02:32:12.872000+00:00,Genève,local,ch:1:sloid:87057,"Genève, gare Cornavin",ch:1:sloid:87057:0:50679,2026-10-04,ch:1:sjyid:100680:HAS-26-015925-70-Dimanche-35915597,bus,Bus,5,5,732369,"Thônex, Vallard",Genève-Aéroport-Terminal,J,,2026-10-04 03:12:00+00:00,2026-10-04 03:12:00+00:00,,True,0.0,2026-10-04 04:32:12.872000+02:00,2026-10-04 05:12:00+02:00,2026-10-04 05:12:00+02:00,2026-10-04,5,Sunday,True,39.78546666666667
20261004_023204,2026-10-04 02:32:12.872000+00:00,Genève,local,ch:1:sloid:87057,"Genève, gare Cornavin",ch:1:sloid:87057:0:589555,2026-10-04,ch:1:sjyid:100680:HAS-26-015925-70-Dimanche-35916045,bus,Bus,9,9,732691,"Vernier, Lignon Tours",Belle-Terre-Place-de-l'Araire,L,,2026-10-04 03:13:00+00:00,2026-10-04 03:13:18+00:00,,True,0.3,2026-10-04 04:32:12.872000+02:00,2026-10-04 05:13:00+02:00,2026-10-04 05:13:18+02:00,2026-10-04,5,Sunday,True,40.78546666666667
20261004_023204,2026-10-04 02:32:12.872000+00:00,Genève,local,ch:1:sloid:87057,"Genève, gare Cornavin",ch:1:sloid:87057:0:233278,2026-10-04,ch:1:sjyid:100680:HAS-26-14-10-Dimanche-35073105,tram,Tram,14,14,636219,"Meyrin, Gravière",Bernex-Vailly,I,,2026-10-04 03:14:00+00:00,2026-10-04 03:14:18+00:00,,True,0.3,2026-10-04 04:32:12.872000+02:00,2026-10-04 05:14:00+02:00,2026-10-04 05:14:18+02:00,2026-10-04,5,Sunday,True,41.78546666666667
20261004_023204,2026-10-04 02:32:12.872000+00:00,Genève,local,ch:1:sloid:87057,"Genève, gare Cornavin",ch:1:sloid:87057:0:651350,2026-10-04,ch:1:sjyid:100680:HAS-26-015925-70-Dimanche-35915697,bus,Bus,5,5,730709,"Genève-Aéroport, Terminal",Thônex-Vallard,B,,2026-10-04 03:15:00+00:00,2026-10-04 03:15:00+00:00,,True,0.0,2026-10-04 04:32:12.872000+02:00,2026-10-04 05:15:00+02:00,2026-10-04 05:15:00+02:00,2026-10-04,5,Sunday,True,42.78546666666667
20261004_023204,2026-10-04 02:32:12.872000+00:00,Genève,local,ch:1:sloid:87057,"Genève, gare Cornavin",ch:1:sloid:87057:0:783875,2026-10-04,ch:1:sjyid:100680:HAS-26-02-06-19-1-Dimanche-34653960,bus,Bus,19,19,618236,"Onex, cité",Vernier-Village,K,,2026-10-04 03:15:00+00:00,2026-10-04 03:15:00+00:00,,True,0.0,2026-10-04 04:32:12.872000+02:00,2026-10-04 05:15:00+02:00,2026-10-04 05:15:00+02:00,2026-10-04,5,Sunday,True,42.78546666666667
20261004_023204,2026-10-04 02:32:12.872000+00:00,Genève,local,ch:1:sloid:87057,"Genève, gare Cornavin",ch:1:sloid:87057:0:46188,2026-10-04,ch:1:sjyid:100680:HAS-26-15-10-Dimanche-35072740,tram,Tram,15,15,635871,"Genève, Nations","Plan-les-Ouates, ZIPLO",D,,2026-10-04 03:16:00+00:00,,,False,,2026-10-04 04:32:12.872000+02:00,2026-10-04 05:16:00+02:00,,2026-10-04,5,Sunday,True,43.78546666666667
20261004_023204,2026-10-04 02:32:12.872000+00:00,Genève,local,ch:1:sloid:87057,"Genève, gare Cornavin",ch:1:sloid:87057:0:783875,2026-10-04,ch:1:sjyid:100680:HAS-26-015925-70-Dimanche-35915991,bus,Bus,9,9,730752,"Thônex, Belle-Terre Pl. Araire",Lignon-Tours,K,,2026-10-04 03:16:00+00:00,2026-10-04 03:16:00+00:00,,True,0.0,2026-10-04 04:32:12.872000+02:00,2026-10-04 05:16:00+02:00,2026-10-04 05:16:00+02:00,2026-10-04,5,Sunday,True,43.78546666666667
20261004_023204,2026-10-04 02:32:13.341000+00:00,Lugano,local,ch:1:sloid:5380,"Lugano, Stazione",ch:1:sloid:5380::407001,2026-10-04,ch:1:sjyid:100754:62dd73cc-2b6e-43ad-afa1-80b22cc60c0e,bus,Bus,4,4,4002,"Comano, Studio TV","Lugano, Belvedere",A,,2026-10-04 03:49:00+00:00,,,False,,2026-10-04 04:32:13.341000+02:00,2026-10-04 05:49:00+02:00,,2026-10-04,5,Sunday,True,76.77765
20261004_023204,2026-10-04 02:32:13.341000+00:00,Lugano,local,ch:1:sloid:5380,"Lugano, Stazione",ch:1:sloid:5380::407001,2026-10-04,ch:1:sjyid:100754:5bfe9080-b4f7-4855-8063-902908bbdc06,bus,Bus,6,6,6003,"Lugano, Stazione","Lugano, Cornaredo",A,,2026-10-04 03:54:00+00:00,,,False,,2026-10-04 04:32:13.341000+02:00,2026-10-04 05:54:00+02:00,,2026-10-04,5,Sunday,True,81.77765
20261004_023204,2026-10-04 02:32:13.341000+00:00,Lugano,local,ch:1:sloid:5380,"Lugano, Stazione",ch:1:sloid:5380::407001,2026-10-04,ch:1:sjyid:100754:c62c2ea4-ae11-4501-8a0b-6ff19ed34d32,bus,Bus,2,2,2002,"Castagnola, Capolinea","Paradiso, Carzo",A,,2026-10-04 03:54:30+00:00,,,False,,2026-10-04 04:32:13.341000+02:00,2026-10-04 05:54:30+02:00,,2026-10-04,5,Sunday,True,82.27765
20261004_023204,2026-10-04 02:32:13.341000+00:00,Lugano,local,ch:1:sloid:5380,"Lugano, Stazione",ch:1:sloid:5380::407002,2026-10-04,ch:1:sjyid:100754:e1cce83d-b398-4bbc-aeb9-3b376eddec10,bus,Bus,4,4,4003,"Lugano, Belvedere","Canobbio, Ganna",B,,2026-10-04 03:59:00+00:00,,,False,,2026-10-04 04:32:13.341000+02:00,2026-10-04 05:59:00+02:00,,2026-10-04,5,Sunday,True,86.77765
20261004_023204,2026-10-04 02:32:13.341000+00:00,Lugano,local,ch:1:sloid:5380,"Lugano, Stazione",ch:1:sloid:5380::407001,2026-10-04,ch:1:sjyid:100754:83a62a8a-50f3-414b-b749-3bb035cac881,bus,Bus,4,4,4008,"Canobbio, Ganna","Lugano, Belvedere",A,,2026-10-04 04:01:00+00:00,,,False,,2026-10-04 04:32:13.341000+02:00,2026-10-04 06:01:00+02:00,,2026-10-04,6,Sunday,True,88.77765
20261004_023204,2026-10-04 02:32:13.341000+00:00,Lugano,local,ch:1:sloid:5380,"Lugano, Stazione",ch:1:sloid:5380::407001,2026-10-04,ch:1:sjyid:100754:d834f5e0-0329-46ce-983b-fd94396c9a82,bus,Bus,6,6,6007,"Lugano, Stazione","Lugano, Cornaredo",A,,2026-10-04 04:09:00+00:00,,,False,,2026-10-04 04:32:13.341000+02:00,2026-10-04 06:09:00+02:00,,2026-10-04,6,Sunday,True,96.77765
20261004_023204,2026-10-04 02:32:13.341000+00:00,Lugano,local,ch:1:sloid:5380,"Lugano, Stazione",ch:1:sloid:5380::407001,2026-10-04,ch:1:sjyid:100754:a856dd18-b442-4171-be73-8d1ca52b9f1b,bus,Bus,2,2,2006,"Castagnola, Capolinea","Paradiso, Carzo",A,,2026-10-04 04:09:30+00:00,,,False,,2026-10-04 04:32:13.341000+02:00,2026-10-04 06:09:30+02:00,,2026-10-04,6,Sunday,True,97.27765
20261004_023204,2026-10-04 02:32:13.341000+00:00,Lugano,local,ch:1:sloid:5380,"Lugano, Stazione",ch:1:sloid:5380::407002,2026-10-04,ch:1:sjyid:100754:7d5e6bca-cf66-4e5c-b995-78113c4b81bb,bus,Bus,4,4,4007,"Lugano, Belvedere","Comano, Studio TV",B,,2026-10-04 04:14:00+00:00,,,False,,2026-10-04 04:32:13.341000+02:00,2026-10-04 06:14:00+02:00,,2026-10-04,6,Sunday,True,101.77765
20261004_023204,2026-10-04 02:32:13.341000+00:00,Lugano,local,ch:1:sloid:5380,"Lugano, Stazione",ch:1:sloid:5380::407001,2026-10-04,ch:1:sjyid:100754:94edaf56-778d-4a5e-9e44-316a4326ad7e,bus,Bus,4,4,4010,"Comano, Studio TV","Lugano, Belvedere",A,,2026-10-04 04:16:00+00:00,,,False,,2026-10-04 04:32:13.341000+02:00,2026-10-04 06:16:00+02:00,,2026-10-04,6,Sunday,True,103.77765
20261004_023204,2026-10-04 02:32:13.341000+00:00,Lugano,local,ch:1:sloid:5380,"Lugano, Stazione",ch:1:sloid:5380::407001,2026-10-04,ch:1:sjyid:100754:c4328b6a-9a3c-49ef-b7d3-cd1356e0313e,bus,Bus,6,6,6013,"Lugano, Stazione","Lugano, Cornaredo",A,,2026-10-04 04:24:00+00:00,,,False,,2026-10-04 04:32:13.341000+02:00,2026-10-04 06:24:00+02:00,,2026-10-04,6,Sunday,True,111.77765
20261004_023204,2026-10-04 02:32:13.341000+00:00,Lugano,local,ch:1:sloid:5380,"Lugano, Stazione",ch:1:sloid:5380::407001,2026-10-04,ch:1:sjyid:100754:a2f2aa58-b69f-4a79-b2d4-3bd94940fa63,bus,Bus,2,2,2010,"Castagnola, Capolinea","Paradiso, Carzo",A,,2026-10-04 04:24:30+00:00,,,False,,2026-10-04 04:32:13.341000+02:00,2026-10-04 06:24:30+02:00,,2026-10-04,6,Sunday,True,112.27765
20261004_023204,2026-10-04 02:32:13.341000+00:00,Lugano,local,ch:1:sloid:5380,"Lugano, Stazione",ch:1:sloid:5380::407002,2026-10-04,ch:1:sjyid:100754:de39b059-6ff8-4f97-93eb-971567508242,bus,Bus,4,4,4011,"Lugano, Belvedere","Canobbio, Ganna",B,,2026-10-04 04:29:00+00:00,,,False,,2026-10-04 04:32:13.341000+02:00,2026-10-04 06:29:00+02:00,,2026-10-04,6,Sunday,True,116.77765
20261004_023204,2026-10-04 02:32:13.341000+00:00,Lugano,local,ch:1:sloid:5380,"Lugano, Stazione",ch:1:sloid:5380::407001,2026-10-04,ch:1:sjyid:100754:539b104f-f2f6-47e0-8a80-15bf186c4195,bus,Bus,4,4,4016,"Canobbio, Ganna","Lugano, Belvedere",A,,2026-10-04 04:31:00+00:00,,,False,,2026-10-04 04:32:13.341000+02:00,2026-10-04 06:31:00+02:00,,2026-10-04,6,Sunday,True,118.77765
20261004_023204,2026-10-04 02:32:13.341000+00:00,Lugano,local,ch:1:sloid:5380,"Lugano, Stazione",ch:1:sloid:5380::407001,2026-10-04,ch:1:sjyid:100754:957d5842-0408-44d6-bf3e-576017b6f768,bus,Bus,6,6,6017,"Lugano, Stazione","Lugano, Cornaredo",A,,2026-10-04 04:39:00+00:00,,,False,,2026-10-04 04:32:13.341000+02:00,2026-10-04 06:39:00+02:00,,2026-10-04,6,Sunday,True,126.77765
20261004_023204,2026-10-04 02:32:13.341000+00:00,Lugano,local,ch:1:sloid:5380,"Lugano, Stazione",ch:1:sloid:5380::407001,2026-10-04,ch:1:sjyid:100754:1e55ca37-6e2d-495b-8101-4520ea1d7da1,bus,Bus,2,2,2014,"Castagnola, Capolinea","Paradiso, Carzo",A,,2026-10-04 04:39:30+00:00,,,False,,2026-10-04 04:32:13.341000+02:00,2026-10-04 06:39:30+02:00,,2026-10-04,6,Sunday,True,127.27765
20261004_023204,2026-10-04 02:32:13.341000+00:00,Lugano,local,ch:1:sloid:5380,"Lugano, Stazione",ch:1:sloid:5380::407002,2026-10-04,ch:1:sjyid:100754:2381c39d-24cd-4827-9b33-d93a5e4a88f0,bus,Bus,4,4,4015,"Lugano, Belvedere","Comano, Studio TV",B,,2026-10-04 04:44:00+00:00,,,False,,2026-10-04 04:32:13.341000+02:00,2026-10-04 06:44:00+02:00,,2026-10-04,6,Sunday,True,131.77765
20261004_023204,2026-10-04 02:32:13.341000+00:00,Lugano,local,ch:1:sloid:5380,"Lugano, Stazione",ch:1:sloid:5380::407001,2026-10-04,ch:1:sjyid:100754:2ff77c41-50a6-4f2e-b394-62f1cf77117f,bus,Bus,4,4,4018,"Comano, Studio TV","Lugano, Belvedere",A,,2026-10-04 04:46:00+00:00,,,False,,2026-10-04 04:32:13.341000+02:00,2026-10-04 06:46:00+02:00,,2026-10-04,6,Sunday,True,133.77765
20261004_023204,2026-10-04 02:32:13.341000+00:00,Lugano,local,ch:1:sloid:5380,"Lugano, Stazione",ch:1:sloid:5380::407001,2026-10-04,ch:1:sjyid:100754:7c401e83-a238-4680-83b7-72a6c4a8eba2,bus,Bus,6,6,6023,"Lugano, Stazione","Lugano, Cornaredo",A,,2026-10-04 04:54:00+00:00,,,False,,2026-10-04 04:32:13.341000+02:00,2026-10-04 06:54:00+02:00,,2026-10-04,6,Sunday,True,141.77765
20261004_023204,2026-10-04 02:32:13.341000+00:00,Lugano,local,ch:1:sloid:5380,"Lugano, Stazione",ch:1:sloid:5380::407001,2026-10-04,ch:1:sjyid:100754:389c2941-462b-48bd-b074-04af2ca1e303,bus,Bus,2,2,2018,"Castagnola, Capolinea","Paradiso, Carzo",A,,2026-10-04 04:54:30+00:00,,,False,,2026-10-04 04:32:13.341000+02:00,2026-10-04 06:54:30+02:00,,2026-10-04,6,Sunday,True,142.27765
20261004_023204,2026-10-04 02:32:13.341000+00:00,Lugano,local,ch:1:sloid:5380,"Lugano, Stazione",ch:1:sloid:5380::407002,2026-10-04,ch:1:sjyid:100754:944e9fa5-eb91-412d-bf34-9e13e9f5c7a1,bus,Bus,4,4,4019,"Lugano, Belvedere","Canobbio, Ganna",B,,2026-10-04 04:59:00+00:00,,,False,,2026-10-04 04:32:13.341000+02:00,2026-10-04 06:59:00+02:00,,2026-10-04,6,Sunday,True,146.77765
20261004_023204,2026-10-04 02:32:13.341000+00:00,Lugano,local,ch:1:sloid:5380,"Lugano, Stazione",ch:1:sloid:5380::407001,2026-10-04,ch:1:sjyid:100754:3a0eb7b7-cf45-4d03-852f-f6e1f789d5c4,bus,Bus,4,4,4024,"Canobbio, Ganna","Lugano, Belvedere",A,,2026-10-04 05:01:00+00:00,,,False,,2026-10-04 04:32:13.341000+02:00,2026-10-04 07:01:00+02:00,,2026-10-04,7,Sunday,True,148.77765
20261004_023204,2026-10-04 02:32:13.341000+00:00,Lugano,local,ch:1:sloid:5380,"Lugano, Stazione",ch:1:sloid:5380::407001,2026-10-04,ch:1:sjyid:100754:f81cd074-5c0e-4725-8bc8-1eb57bd48e79,bus,Bus,6,6,6027,"Lugano, Stazione","Lugano, Cornaredo",A,,2026-10-04 05:09:00+00:00,,,False,,2026-10-04 04:32:13.341000+02:00,2026-10-04 07:09:00+02:00,,2026-10-04,7,Sunday,True,156.77765
20261004_023204,2026-10-04 02:32:13.341000+00:00,Lugano,local,ch:1:sloid:5380,"Lugano, Stazione",ch:1:sloid:5380::407001,2026-10-04,ch:1:sjyid:100754:94a7f3ac-1aff-405d-b4df-c1fff768b80b,bus,Bus,2,2,2022,"Castagnola, Capolinea","Paradiso, Carzo",A,,2026-10-04 05:09:30+00:00,,,False,,2026-10-04 04:32:13.341000+02:00,2026-10-04 07:09:30+02:00,,2026-10-04,7,Sunday,True,157.27765
20261004_023204,2026-10-04 02:32:13.341000+00:00,Lugano,local,ch:1:sloid:5380,"Lugano, Stazione",ch:1:sloid:5380::407002,2026-10-04,ch:1:sjyid:100754:91ce991b-ad0e-4a9e-ad71-de38d0467075,bus,Bus,4,4,4023,"Lugano, Belvedere","Comano, Studio TV",B,,2026-10-04 05:14:00+00:00,,,False,,2026-10-04 04:32:13.341000+02:00,2026-10-04 07:14:00+02:00,,2026-10-04,7,Sunday,True,161.77765
20261004_023204,2026-10-04 02:32:13.341000+00:00,Lugano,local,ch:1:sloid:5380,"Lugano, Stazione",ch:1:sloid:5380::407001,2026-10-04,ch:1:sjyid:100754:0e9e5d58-6acc-460f-b51c-90d6d1c5b616,bus,Bus,4,4,4028,"Comano, Studio TV","Lugano, Belvedere",A,,2026-10-04 05:16:00+00:00,,,False,,2026-10-04 04:32:13.341000+02:00,2026-10-04 07:16:00+02:00,,2026-10-04,7,Sunday,True,163.77765
20261004_023204,2026-10-04 02:32:13.341000+00:00,Lugano,local,ch:1:sloid:5380,"Lugano, Stazione",ch:1:sloid:5380::407001,2026-10-04,ch:1:sjyid:100754:984a6dff-43a1-45b0-b813-c8e45a1f3f9a,bus,Bus,6,6,6033,"Lugano, Stazione","Lugano, Cornaredo",A,,2026-10-04 05:24:00+00:00,,,False,,2026-10-04 04:32:13.341000+02:00,2026-10-04 07:24:00+02:00,,2026-10-04,7,Sunday,True,171.77765
20261004_023204,2026-10-04 02:32:13.341000+00:00,Lugano,local,ch:1:sloid:5380,"Lugano, Stazione",ch:1:sloid:5380::407001,2026-10-04,ch:1:sjyid:100754:39df4527-6a6d-421e-a6c5-4293955c30ec,bus,Bus,2,2,2028,"Castagnola, Capolinea","Paradiso, Carzo",A,,2026-10-04 05:24:30+00:00,,,False,,2026-10-04 04:32:13.341000+02:00,2026-10-04 07:24:30+02:00,,2026-10-04,7,Sunday,True,172.27765
20261004_023204,2026-10-04 02:32:13.341000+00:00,Lugano,local,ch:1:sloid:5380,"Lugano, Stazione",ch:1:sloid:5380::407002,2026-10-04,ch:1:sjyid:100754:cd6eeedd-752f-4398-aa12-7c35c43fbd48,bus,Bus,4,4,4027,"Lugano, Belvedere","Canobbio, Ganna",B,,2026-10-04 05:29:00+00:00,,,False,,2026-10-04 04:32:13.341000+02:00,2026-10-04 07:29:00+02:00,,2026-10-04,7,Sunday,True,176.77765
20261004_023204,2026-10-04 02:32:13.341000+00:00,Lugano,local,ch:1:sloid:5380,"Lugano, Stazione",ch:1:sloid:5380::407001,2026-10-04,ch:1:sjyid:100754:f3482d71-a019-482d-9ccc-24f3083d371b,bus,Bus,4,4,4032,"Canobbio, Ganna","Lugano, Belvedere",A,,2026-10-04 05:31:00+00:00,,,False,,2026-10-04 04:32:13.341000+02:00,2026-10-04 07:31:00+02:00,,2026-10-04,7,Sunday,True,178.77765
20261004_023204,2026-10-04 02:32:13.341000+00:00,Lugano,local,ch:1:sloid:5380,"Lugano, Stazione",ch:1:sloid:5380::407001,2026-10-04,ch:1:sjyid:100754:03e2d733-5676-456c-bd03-500c97e03500,bus,Bus,6,6,6037,"Lugano, Stazione","Lugano, Cornaredo",A,,2026-10-04 05:39:00+00:00,,,False,,2026-10-04 04:32:13.341000+02:00,2026-10-04 07:39:00+02:00,,2026-10-04,7,Sunday,True,186.77765
