batch_id,collection_timestamp,city,station_type,station_id,station_name,stop_point_ref,operating_day,journey_ref,transport_mode,product_category,public_code,line,train_number,origin,destination,planned_platform,estimated_platform,scheduled_departure,estimated_departure,cancelled,has_realtime,predicted_delay_minutes,collection_timestamp_local,scheduled_departure_local,estimated_departure_local,date,hour,weekday,weekend,minutes_until_departure
20261004_084355,2026-10-04 08:43:55.174000+00:00,Zürich,rail,ch:1:sloid:3000,Zürich HB,ch:1:sloid:3000:501:33,2026-10-04,ch:1:sjyid:100001:18238-001,rail,S-Bahn,S2,S2,18238,Ziegelbrücke,Zürich Flughafen,33,,2026-10-04 08:44:00+00:00,2026-10-04 08:44:18+00:00,,True,0.3,2026-10-04 10:43:55.174000+02:00,2026-10-04 10:44:00+02:00,2026-10-04 10:44:18+02:00,2026-10-04,10,Sunday,True,0.08043333333333333
20261004_084355,2026-10-04 08:43:55.174000+00:00,Zürich,rail,ch:1:sloid:3000,Zürich HB,ch:1:sloid:3000:2:3,2026-10-04,ch:1:sjyid:100001:20438-001,rail,S-Bahn,S24,S24,20438,Zug,Thayngen,3,,2026-10-04 08:44:00+00:00,2026-10-04 08:44:18+00:00,,True,0.3,2026-10-04 10:43:55.174000+02:00,2026-10-04 10:44:00+02:00,2026-10-04 10:44:18+02:00,2026-10-04,10,Sunday,True,0.08043333333333333
20261004_084355,2026-10-04 08:43:55.174000+00:00,Zürich,rail,ch:1:sloid:3000,Zürich HB,ch:1:sloid:3000:502:42,2026-10-04,ch:1:sjyid:100001:19238-001,rail,S-Bahn,S12,S12,19238,Schaffhausen,Brugg AG,41/42,41,2026-10-04 08:44:00+00:00,2026-10-04 08:44:18+00:00,,True,0.3,2026-10-04 10:43:55.174000+02:00,2026-10-04 10:44:00+02:00,2026-10-04 10:44:18+02:00,2026-10-04,10,Sunday,True,0.08043333333333333
20261004_084355,2026-10-04 08:43:55.174000+00:00,Zürich,rail,ch:1:sloid:3000,Zürich HB,ch:1:sloid:3000:503:43,2026-10-04,ch:1:sjyid:100001:19639-001,rail,S-Bahn,S16,S16,19639,Zürich Flughafen,Herrliberg-Feldmeilen,43/44,43,2026-10-04 08:45:00+00:00,2026-10-04 08:45:36+00:00,,True,0.6,2026-10-04 10:43:55.174000+02:00,2026-10-04 10:45:00+02:00,2026-10-04 10:45:36+02:00,2026-10-04,10,Sunday,True,1.0804333333333331
20261004_084355,2026-10-04 08:43:55.174000+00:00,Zürich,rail,ch:1:sloid:3000,Zürich HB,ch:1:sloid:3000:503:43,2026-10-04,ch:1:sjyid:100001:19239-002,rail,S-Bahn,S12,S12,19239,Brugg AG,Winterthur,43/44,44,2026-10-04 08:46:00+00:00,2026-10-04 08:47:00+00:00,,True,1.0,2026-10-04 10:43:55.174000+02:00,2026-10-04 10:46:00+02:00,2026-10-04 10:47:00+02:00,2026-10-04,10,Sunday,True,2.080433333333333
20261004_084355,2026-10-04 08:43:55.174000+00:00,Zürich,rail,ch:1:sloid:3000,Zürich HB,ch:1:sloid:3000:502:42,2026-10-04,ch:1:sjyid:100001:19638-001,rail,S-Bahn,S16,S16,19638,Herrliberg-Feldmeilen,Zürich Flughafen,41/42,42,2026-10-04 08:46:00+00:00,2026-10-04 08:46:18+00:00,,True,0.3,2026-10-04 10:43:55.174000+02:00,2026-10-04 10:46:00+02:00,2026-10-04 10:46:18+02:00,2026-10-04,10,Sunday,True,2.080433333333333
20261004_084355,2026-10-04 08:43:55.174000+00:00,Zürich,rail,ch:1:sloid:3000,Zürich HB,ch:1:sloid:3000:500:32,2026-10-04,ch:1:sjyid:100001:18239-001,rail,S-Bahn,S2,S2,18239,Zürich Flughafen,Ziegelbrücke,32,,2026-10-04 08:47:00+00:00,2026-10-04 08:48:00+00:00,,True,1.0,2026-10-04 10:43:55.174000+02:00,2026-10-04 10:47:00+02:00,2026-10-04 10:48:00+02:00,2026-10-04,10,Sunday,True,3.080433333333333
20261004_084355,2026-10-04 08:43:55.174000+00:00,Zürich,rail,ch:1:sloid:3000,Zürich HB,ch:1:sloid:3000:500:31,2026-10-04,ch:1:sjyid:100001:19438-001,rail,S-Bahn,S14,S14,19438,Hinwil,Affoltern am Albis,31,,2026-10-04 08:49:00+00:00,2026-10-04 08:50:00+00:00,,True,1.0,2026-10-04 10:43:55.174000+02:00,2026-10-04 10:49:00+02:00,2026-10-04 10:50:00+02:00,2026-10-04,10,Sunday,True,5.080433333333334
20261004_084355,2026-10-04 08:43:55.174000+00:00,Zürich,rail,ch:1:sloid:3000,Zürich HB,ch:1:sloid:3000:502:42,2026-10-04,ch:1:sjyid:100001:18738-001,rail,S-Bahn,S7,S7,18738,Rapperswil SG,Winterthur,41/42,,2026-10-04 08:49:00+00:00,2026-10-04 08:49:42+00:00,,True,0.7,2026-10-04 10:43:55.174000+02:00,2026-10-04 10:49:00+02:00,2026-10-04 10:49:42+02:00,2026-10-04,10,Sunday,True,5.080433333333334
20261004_084355,2026-10-04 08:43:55.174000+00:00,Zürich,rail,ch:1:sloid:3000,Zürich HB,ch:1:sloid:3000:3:4,2026-10-04,ch:1:sjyid:100001:20439-001,rail,S-Bahn,S24,S24,20439,Weinfelden,Zug,4,,2026-10-04 08:51:00+00:00,2026-10-04 08:51:18+00:00,,True,0.3,2026-10-04 10:43:55.174000+02:00,2026-10-04 10:51:00+02:00,2026-10-04 10:51:18+02:00,2026-10-04,10,Sunday,True,7.080433333333334
20261004_084355,2026-10-04 08:43:55.174000+00:00,Zürich,rail,ch:1:sloid:3000,Zürich HB,ch:1:sloid:3000:501:33,2026-10-04,ch:1:sjyid:100001:2065-001,rail,InterRegio,IR36,IR36,2065,Basel SBB,Zürich Flughafen,33,,2026-10-04 08:52:00+00:00,2026-10-04 08:52:24+00:00,,True,0.4,2026-10-04 10:43:55.174000+02:00,2026-10-04 10:52:00+02:00,2026-10-04 10:52:24+02:00,2026-10-04,10,Sunday,True,8.080433333333334
20261004_084355,2026-10-04 08:43:55.174000+00:00,Zürich,rail,ch:1:sloid:3000,Zürich HB,ch:1:sloid:3000:502:42,2026-10-04,ch:1:sjyid:100001:19538-001,rail,S-Bahn,S15,S15,19538,Rüti ZH,Niederweningen,41/42,,2026-10-04 08:52:00+00:00,2026-10-04 08:52:24+00:00,,True,0.4,2026-10-04 10:43:55.174000+02:00,2026-10-04 10:52:00+02:00,2026-10-04 10:52:24+02:00,2026-10-04,10,Sunday,True,8.080433333333334
20261004_084355,2026-10-04 08:43:55.174000+00:00,Zürich,rail,ch:1:sloid:3000,Zürich HB,ch:1:sloid:3000:8:15,2026-10-04,ch:1:sjyid:100001:2364-002,rail,InterRegio,IR35,IR35,2364,Chur,Bern,15,,2026-10-04 08:53:00+00:00,2026-10-04 08:53:30+00:00,,True,0.5,2026-10-04 10:43:55.174000+02:00,2026-10-04 10:53:00+02:00,2026-10-04 10:53:30+02:00,2026-10-04,10,Sunday,True,9.080433333333334
20261004_084355,2026-10-04 08:43:55.174000+00:00,Zürich,rail,ch:1:sloid:3000,Zürich HB,ch:1:sloid:3000:503:43,2026-10-04,ch:1:sjyid:100001:18539-001,rail,S-Bahn,S5,S5,18539,Zug,Rüti ZH,43/44,,2026-10-04 08:54:00+00:00,2026-10-04 08:54:18+00:00,,True,0.3,2026-10-04 10:43:55.174000+02:00,2026-10-04 10:54:00+02:00,2026-10-04 10:54:18+02:00,2026-10-04,10,Sunday,True,10.080433333333334
20261004_084355,2026-10-04 08:43:55.174000+00:00,Zürich,rail,ch:1:sloid:3000,Zürich HB,ch:1:sloid:3000:501:34,2026-10-04,ch:1:sjyid:100001:18838-001,rail,S-Bahn,S8,S8,18838,Pfäffikon SZ,Winterthur,,,2026-10-04 08:55:00+00:00,2026-10-04 08:55:18+00:00,,True,0.3,2026-10-04 10:43:55.174000+02:00,2026-10-04 10:55:00+02:00,2026-10-04 10:55:18+02:00,2026-10-04,10,Sunday,True,11.080433333333334
20261004_084355,2026-10-04 08:43:55.174000+00:00,Zürich,rail,ch:1:sloid:3000,Zürich HB,ch:1:sloid:3000:502:42,2026-10-04,ch:1:sjyid:100001:18338-001,rail,S-Bahn,S3,S3,18338,Wetzikon ZH,Zürich Hardbrücke,41/42,,2026-10-04 08:56:00+00:00,2026-10-04 08:57:18+00:00,,True,1.3,2026-10-04 10:43:55.174000+02:00,2026-10-04 10:56:00+02:00,2026-10-04 10:57:18+02:00,2026-10-04,10,Sunday,True,12.080433333333334
20261004_084355,2026-10-04 08:43:55.174000+00:00,Zürich,rail,ch:1:sloid:3000,Zürich HB,ch:1:sloid:3000:503:43,2026-10-04,ch:1:sjyid:100001:18939-001,rail,S-Bahn,S9,S9,18939,Schaffhausen,Uster,43/44,,2026-10-04 08:58:00+00:00,2026-10-04 08:58:18+00:00,,True,0.3,2026-10-04 10:43:55.174000+02:00,2026-10-04 10:58:00+02:00,2026-10-04 10:58:18+02:00,2026-10-04,10,Sunday,True,14.080433333333334
20261004_084355,2026-10-04 08:43:55.174000+00:00,Zürich,rail,ch:1:sloid:3000,Zürich HB,ch:1:sloid:3000:9:17,2026-10-04,ch:1:sjyid:100001:370-002,rail,InterCityExpress,ICE,ICE,370,Zürich HB,Basel SBB,17,,2026-10-04 08:59:00+00:00,2026-10-04 08:59:42+00:00,,True,0.7,2026-10-04 10:43:55.174000+02:00,2026-10-04 10:59:00+02:00,2026-10-04 10:59:42+02:00,2026-10-04,10,Sunday,True,15.080433333333334
20261004_084355,2026-10-04 08:43:55.174000+00:00,Zürich,rail,ch:1:sloid:3000,Zürich HB,ch:1:sloid:3000:502:42,2026-10-04,ch:1:sjyid:100001:19140-001,rail,S-Bahn,S11,S11,19140,Seuzach,Aarau,41/42,,2026-10-04 08:59:00+00:00,2026-10-04 09:00:06+00:00,,True,1.1,2026-10-04 10:43:55.174000+02:00,2026-10-04 10:59:00+02:00,2026-10-04 11:00:06+02:00,2026-10-04,10,Sunday,True,15.080433333333334
20261004_084355,2026-10-04 08:43:55.174000+00:00,Zürich,rail,ch:1:sloid:3000,Zürich HB,ch:1:sloid:3000:503:43,2026-10-04,ch:1:sjyid:100001:18639-001,rail,S-Bahn,S6,S6,18639,Baden,Uetikon,43/44,,2026-10-04 09:00:00+00:00,2026-10-04 09:00:30+00:00,,True,0.5,2026-10-04 10:43:55.174000+02:00,2026-10-04 11:00:00+02:00,2026-10-04 11:00:30+02:00,2026-10-04,11,Sunday,True,16.080433333333335
20261004_084355,2026-10-04 08:43:55.174000+00:00,Zürich,rail,ch:1:sloid:3000,Zürich HB,ch:1:sloid:3000:503:43,2026-10-04,ch:1:sjyid:100001:19141-001,rail,S-Bahn,S11,S11,19141,Aarau,Seuzach,43/44,,2026-10-04 09:01:00+00:00,2026-10-04 09:02:00+00:00,,True,1.0,2026-10-04 10:43:55.174000+02:00,2026-10-04 11:01:00+02:00,2026-10-04 11:02:00+02:00,2026-10-04,11,Sunday,True,17.080433333333335
20261004_084355,2026-10-04 08:43:55.174000+00:00,Zürich,rail,ch:1:sloid:3000,Zürich HB,ch:1:sloid:3000:502:42,2026-10-04,ch:1:sjyid:100001:18640-001,rail,S-Bahn,S6,S6,18640,Uetikon,Baden,41/42,,2026-10-04 09:01:00+00:00,2026-10-04 09:01:42+00:00,,True,0.7,2026-10-04 10:43:55.174000+02:00,2026-10-04 11:01:00+02:00,2026-10-04 11:01:42+02:00,2026-10-04,11,Sunday,True,17.080433333333335
20261004_084355,2026-10-04 08:43:55.174000+00:00,Zürich,rail,ch:1:sloid:3000,Zürich HB,ch:1:sloid:3000:5:8,2026-10-04,ch:1:sjyid:100001:10275-004,rail,InterCity,IC3,IC3,10275,Zürich HB,Chur,,,2026-10-04 09:01:30+00:00,2026-10-04 09:01:30+00:00,,True,0.0,2026-10-04 10:43:55.174000+02:00,2026-10-04 11:01:30+02:00,2026-10-04 11:01:30+02:00,2026-10-04,11,Sunday,True,17.580433333333335
20261004_084355,2026-10-04 08:43:55.174000+00:00,Zürich,rail,ch:1:sloid:3000,Zürich HB,ch:1:sloid:3000:500:32,2026-10-04,ch:1:sjyid:100001:518-001,rail,InterCity,IC5,IC5,518,Rorschach,Lausanne,32,,2026-10-04 09:02:00+00:00,2026-10-04 09:02:00+00:00,,True,0.0,2026-10-04 10:43:55.174000+02:00,2026-10-04 11:02:00+02:00,2026-10-04 11:02:00+02:00,2026-10-04,11,Sunday,True,18.080433333333335
20261004_084355,2026-10-04 08:43:55.174000+00:00,Zürich,rail,ch:1:sloid:3000,Zürich HB,ch:1:sloid:3000:501:33,2026-10-04,ch:1:sjyid:100001:515-001,rail,InterCity,IC5,IC5,515,Lausanne,Rorschach,33,,2026-10-04 09:02:00+00:00,2026-10-04 09:02:30+00:00,,True,0.5,2026-10-04 10:43:55.174000+02:00,2026-10-04 11:02:00+02:00,2026-10-04 11:02:30+02:00,2026-10-04,11,Sunday,True,18.080433333333335
20261004_084355,2026-10-04 08:43:55.174000+00:00,Zürich,rail,ch:1:sloid:3000,Zürich HB,ch:1:sloid:3000:2:3,2026-10-04,ch:1:sjyid:100001:813-001,rail,InterCity,IC8,IC8,813,Zürich HB,Romanshorn,3,,2026-10-04 09:02:00+00:00,2026-10-04 09:02:36+00:00,,True,0.6,2026-10-04 10:43:55.174000+02:00,2026-10-04 11:02:00+02:00,2026-10-04 11:02:36+02:00,2026-10-04,11,Sunday,True,18.080433333333335
20261004_084355,2026-10-04 08:43:55.174000+00:00,Zürich,rail,ch:1:sloid:3000,Zürich HB,ch:1:sloid:3000:5:8,2026-10-04,ch:1:sjyid:100001:10275-004,rail,InterCity,IC3,IC3,10275,Zürich HB,Chur,8,,2026-10-04 09:02:00+00:00,2026-10-04 09:02:30+00:00,,True,0.5,2026-10-04 10:43:55.174000+02:00,2026-10-04 11:02:00+02:00,2026-10-04 11:02:30+02:00,2026-10-04,11,Sunday,True,18.080433333333335
20261004_084355,2026-10-04 08:43:55.174000+00:00,Zürich,rail,ch:1:sloid:3000,Zürich HB,ch:1:sloid:3000:6:11,2026-10-04,ch:1:sjyid:100001:900-001,rail,InterCity,IC,IC,900,Zürich HB,Genève-Aéroport,11,,2026-10-04 09:04:00+00:00,2026-10-04 09:04:36+00:00,,True,0.6,2026-10-04 10:43:55.174000+02:00,2026-10-04 11:04:00+02:00,2026-10-04 11:04:36+02:00,2026-10-04,11,Sunday,True,20.080433333333335
20261004_084355,2026-10-04 08:43:55.174000+00:00,Zürich,rail,ch:1:sloid:3000,Zürich HB,ch:1:sloid:3000:503:43,2026-10-04,ch:1:sjyid:100001:18341-001,rail,S-Bahn,S3,S3,18341,Zürich Hardbrücke,Wetzikon ZH,43/44,,2026-10-04 09:04:00+00:00,2026-10-04 09:04:54+00:00,,True,0.9,2026-10-04 10:43:55.174000+02:00,2026-10-04 11:04:00+02:00,2026-10-04 11:04:54+02:00,2026-10-04,11,Sunday,True,20.080433333333335
20261004_084355,2026-10-04 08:43:55.174000+00:00,Zürich,rail,ch:1:sloid:3000,Zürich HB,ch:1:sloid:3000:4:7,2026-10-04,ch:1:sjyid:100001:869-001,rail,InterCity,IC2,IC2,869,Zürich HB,Lugano,7,,2026-10-04 09:05:00+00:00,2026-10-04 09:05:30+00:00,,True,0.5,2026-10-04 10:43:55.174000+02:00,2026-10-04 11:05:00+02:00,2026-10-04 11:05:30+02:00,2026-10-04,11,Sunday,True,21.080433333333335
20261004_084355,2026-10-04 08:43:56.261000+00:00,Bern,rail,ch:1:sloid:7000,Bern,ch:1:sloid:7000:4:7,2026-10-04,ch:1:sjyid:100015:15239-001,rail,S-Bahn,S2,S2,15239,Laupen BE,Konolfingen,7,,2026-10-04 08:42:00+00:00,2026-10-04 08:43:18+00:00,,True,1.3,2026-10-04 10:43:56.261000+02:00,2026-10-04 10:42:00+02:00,2026-10-04 10:43:18+02:00,2026-10-04,10,Sunday,True,-1.9376833333333332
20261004_084355,2026-10-04 08:43:56.261000+00:00,Bern,rail,ch:1:sloid:7000,Bern,ch:1:sloid:7000_gen:ch:1:sloid:7000:1:21_pf:1E-H,2026-10-04,ch:1:sjyid:100015:15136-001,rail,S-Bahn,S1,S1,15136,Thun,Fribourg/Freiburg,1E-H,,2026-10-04 08:45:00+00:00,2026-10-04 08:45:12+00:00,,True,0.2,2026-10-04 10:43:56.261000+02:00,2026-10-04 10:45:00+02:00,2026-10-04 10:45:12+02:00,2026-10-04,10,Sunday,True,1.0623166666666666
20261004_084355,2026-10-04 08:43:56.261000+00:00,Bern,rail,ch:1:sloid:7000,Bern,ch:1:sloid:7000:5:10,2026-10-04,ch:1:sjyid:100015:15137-001,rail,S-Bahn,S1,S1,15137,Fribourg/Freiburg,Thun,10,,2026-10-04 08:47:00+00:00,2026-10-04 08:47:30+00:00,,True,0.5,2026-10-04 10:43:56.261000+02:00,2026-10-04 10:47:00+02:00,2026-10-04 10:47:30+02:00,2026-10-04,10,Sunday,True,3.062316666666667
20261004_084355,2026-10-04 08:43:56.261000+00:00,Bern,rail,ch:1:sloid:7000,Bern,ch:1:sloid:7000:1:1,2026-10-04,ch:1:sjyid:100015:15238-001,rail,S-Bahn,S2,S2,15238,Konolfingen,Laupen BE,1A-D,,2026-10-04 08:50:00+00:00,2026-10-04 08:50:18+00:00,,True,0.3,2026-10-04 10:43:56.261000+02:00,2026-10-04 10:50:00+02:00,2026-10-04 10:50:18+02:00,2026-10-04,10,Sunday,True,6.062316666666666
20261004_084355,2026-10-04 08:43:56.261000+00:00,Bern,rail,ch:1:sloid:7000,Bern,ch:1:sloid:7000_gen:ch:1:sloid:7000:6:12_pf:12A-C,2026-10-04,ch:1:sjyid:100015:16437-001,rail,S-Bahn,S44,S44,16437,Thun,Solothurn/Sumiswald-Grünen,12A-C,,2026-10-04 08:50:00+00:00,2026-10-04 08:50:12+00:00,,True,0.2,2026-10-04 10:43:56.261000+02:00,2026-10-04 10:50:00+02:00,2026-10-04 10:50:12+02:00,2026-10-04,10,Sunday,True,6.062316666666666
20261004_084355,2026-10-04 08:43:56.261000+00:00,Bern,rail,ch:1:sloid:7000,Bern,ch:1:sloid:7000:4:7,2026-10-04,ch:1:sjyid:100015:3218-001,rail,InterRegio,IR66,IR66,3218,Bern,La Chaux-de-Fonds,7,,2026-10-04 08:53:00+00:00,2026-10-04 08:53:12+00:00,,True,0.2,2026-10-04 10:43:56.261000+02:00,2026-10-04 10:53:00+02:00,2026-10-04 10:53:12+02:00,2026-10-04,10,Sunday,True,9.062316666666668
20261004_084355,2026-10-04 08:43:56.261000+00:00,Bern,rail,ch:1:sloid:7000,Bern,ch:1:sloid:7000:5:10,2026-10-04,ch:1:sjyid:100001:2515-001,rail,InterRegio,IR15,IR15,2515,Genève-Aéroport,Luzern,10,,2026-10-04 09:00:00+00:00,2026-10-04 09:00:36+00:00,,True,0.6,2026-10-04 10:43:56.261000+02:00,2026-10-04 11:00:00+02:00,2026-10-04 11:00:36+02:00,2026-10-04,11,Sunday,True,16.062316666666668
20261004_084355,2026-10-04 08:43:56.261000+00:00,Bern,rail,ch:1:sloid:7000,Bern,ch:1:sloid:7000_gen:ch:1:sloid:7000:6:12_pf:12A-C,2026-10-04,ch:1:sjyid:100015:15341-001,rail,S-Bahn,S3,S3,15341,Belp,Biel/Bienne,12A-C,,2026-10-04 09:00:00+00:00,2026-10-04 09:00:30+00:00,,True,0.5,2026-10-04 10:43:56.261000+02:00,2026-10-04 11:00:00+02:00,2026-10-04 11:00:30+02:00,2026-10-04,11,Sunday,True,16.062316666666668
20261004_084355,2026-10-04 08:43:56.261000+00:00,Bern,rail,ch:1:sloid:7000,Bern,ch:1:sloid:7000:1:2,2026-10-04,ch:1:sjyid:100001:10815-008,rail,InterCity,IC81,IC81,10815,Interlaken Ost,Zürich HB,2,,2026-10-04 09:01:24+00:00,2026-10-04 09:04:48+00:00,,True,3.4,2026-10-04 10:43:56.261000+02:00,2026-10-04 11:01:24+02:00,2026-10-04 11:04:48+02:00,2026-10-04,11,Sunday,True,17.462316666666666
20261004_084355,2026-10-04 08:43:56.261000+00:00,Bern,rail,ch:1:sloid:7000,Bern,ch:1:sloid:7000:1:2,2026-10-04,ch:1:sjyid:100001:10815-008,rail,InterCity,IC81,IC81,10815,Interlaken Ost,Zürich HB,2,,2026-10-04 09:02:00+00:00,2026-10-04 09:02:36+00:00,,True,0.6,2026-10-04 10:43:56.261000+02:00,2026-10-04 11:02:00+02:00,2026-10-04 11:02:36+02:00,2026-10-04,11,Sunday,True,18.062316666666668
20261004_084355,2026-10-04 08:43:56.261000+00:00,Bern,rail,ch:1:sloid:7000,Bern,ch:1:sloid:7000:1:1,2026-10-04,ch:1:sjyid:100015:15338-001,rail,S-Bahn,S3,S3,15338,Biel/Bienne,Belp,1A-D,,2026-10-04 09:02:00+00:00,2026-10-04 09:02:12+00:00,,True,0.2,2026-10-04 10:43:56.261000+02:00,2026-10-04 11:02:00+02:00,2026-10-04 11:02:12+02:00,2026-10-04,11,Sunday,True,18.062316666666668
20261004_084355,2026-10-04 08:43:56.261000+00:00,Bern,rail,ch:1:sloid:7000,Bern,ch:1:sloid:7000:3:5,2026-10-04,ch:1:sjyid:100001:966-001,rail,InterCity,IC6,IC6,966,Brig,Basel SBB,5,,2026-10-04 09:04:00+00:00,2026-10-04 09:05:00+00:00,,True,1.0,2026-10-04 10:43:56.261000+02:00,2026-10-04 11:04:00+02:00,2026-10-04 11:05:00+02:00,2026-10-04,11,Sunday,True,20.062316666666668
20261004_084355,2026-10-04 08:43:56.261000+00:00,Bern,rail,ch:1:sloid:7000,Bern,ch:1:sloid:7000:4:7,2026-10-04,ch:1:sjyid:100001:2516-002,rail,InterRegio,IR15,IR15,2516,Luzern,Genève-Aéroport,7,,2026-10-04 09:04:00+00:00,2026-10-04 09:04:36+00:00,,True,0.6,2026-10-04 10:43:56.261000+02:00,2026-10-04 11:04:00+02:00,2026-10-04 11:04:36+02:00,2026-10-04,11,Sunday,True,20.062316666666668
20261004_084355,2026-10-04 08:43:56.261000+00:00,Bern,rail,ch:1:sloid:7000,Bern,ch:1:sloid:7000:4:8,2026-10-04,ch:1:sjyid:100001:965-001,rail,InterCity,IC61,IC61,965,Basel SBB,Interlaken Ost,8,,2026-10-04 09:04:00+00:00,2026-10-04 09:04:42+00:00,,True,0.7,2026-10-04 10:43:56.261000+02:00,2026-10-04 11:04:00+02:00,2026-10-04 11:04:42+02:00,2026-10-04,11,Sunday,True,20.062316666666668
20261004_084355,2026-10-04 08:43:56.261000+00:00,Bern,rail,ch:1:sloid:7000,Bern,ch:1:sloid:7000_gen:ch:1:sloid:7000:6:33_pf:13D-F,2026-10-04,ch:1:sjyid:100015:15640-001,rail,S-Bahn,S6,S6,15640,Bern,Schwarzenburg,13D-F,,2026-10-04 09:06:00+00:00,2026-10-04 09:06:12+00:00,,True,0.2,2026-10-04 10:43:56.261000+02:00,2026-10-04 11:06:00+02:00,2026-10-04 11:06:12+02:00,2026-10-04,11,Sunday,True,22.062316666666668
20261004_084355,2026-10-04 08:43:56.261000+00:00,Bern,rail,ch:1:sloid:7000,Bern,ch:1:sloid:7000:3:6,2026-10-04,ch:1:sjyid:100001:10812-010,rail,InterCity,IC8,IC8,10812,Zürich HB,Brig,,,2026-10-04 09:06:18+00:00,2026-10-04 09:07:30+00:00,,True,1.2,2026-10-04 10:43:56.261000+02:00,2026-10-04 11:06:18+02:00,2026-10-04 11:07:30+02:00,2026-10-04,11,Sunday,True,22.36231666666667
20261004_084355,2026-10-04 08:43:56.261000+00:00,Bern,rail,ch:1:sloid:7000,Bern,ch:1:sloid:7000:3:6,2026-10-04,ch:1:sjyid:100001:10812-010,rail,InterCity,IC8,IC8,10812,Zürich HB,Brig,6,,2026-10-04 09:07:00+00:00,2026-10-04 09:07:42+00:00,,True,0.7,2026-10-04 10:43:56.261000+02:00,2026-10-04 11:07:00+02:00,2026-10-04 11:07:42+02:00,2026-10-04,11,Sunday,True,23.062316666666668
20261004_084355,2026-10-04 08:43:56.261000+00:00,Bern,rail,ch:1:sloid:7000,Bern,ch:1:sloid:7000:5:9,2026-10-04,ch:1:sjyid:100015:2819-001,rail,InterRegio,IR17,IR17,2819,Bern,Olten,9,,2026-10-04 09:07:00+00:00,2026-10-04 09:07:30+00:00,,True,0.5,2026-10-04 10:43:56.261000+02:00,2026-10-04 11:07:00+02:00,2026-10-04 11:07:30+02:00,2026-10-04,11,Sunday,True,23.062316666666668
20261004_084355,2026-10-04 08:43:56.261000+00:00,Bern,rail,ch:1:sloid:7000,Bern,ch:1:sloid:7000_gen:ch:1:sloid:7000:6:13_pf:13AB,2026-10-04,ch:1:sjyid:100015:15540-001,rail,S-Bahn,S5,S5,15540,Bern,Neuchâtel/Avenches,13AB,,2026-10-04 09:08:00+00:00,2026-10-04 09:08:12+00:00,,True,0.2,2026-10-04 10:43:56.261000+02:00,2026-10-04 11:08:00+02:00,2026-10-04 11:08:12+02:00,2026-10-04,11,Sunday,True,24.062316666666668
20261004_084355,2026-10-04 08:43:56.261000+00:00,Bern,rail,ch:1:sloid:7000,Bern,ch:1:sloid:7000_gen:ch:1:sloid:7000:2:4_pf:4F-H,2026-10-04,ch:1:sjyid:100034:3816-001,rail,RegioExpress,RE2,RE2,3816,Bern,Fribourg/Freiburg,4F-H,,2026-10-04 09:09:00+00:00,2026-10-04 09:09:12+00:00,,True,0.2,2026-10-04 10:43:56.261000+02:00,2026-10-04 11:09:00+02:00,2026-10-04 11:09:12+02:00,2026-10-04,11,Sunday,True,25.062316666666668
20261004_084355,2026-10-04 08:43:56.261000+00:00,Bern,rail,ch:1:sloid:7000,Bern,ch:1:sloid:7000:55:49,2026-10-04,ch:1:sjyid:100015:3341-001,rail,InterRegio,IR65,IR65,3341,Bern,Biel/Bienne,49,,2026-10-04 09:12:00+00:00,2026-10-04 09:12:12+00:00,,True,0.2,2026-10-04 10:43:56.261000+02:00,2026-10-04 11:12:00+02:00,2026-10-04 11:12:12+02:00,2026-10-04,11,Sunday,True,28.062316666666668
20261004_084355,2026-10-04 08:43:56.261000+00:00,Bern,rail,ch:1:sloid:7000,Bern,ch:1:sloid:7000_gen:ch:1:sloid:7000:0:1752_pf:5E-H,2026-10-04,ch:1:sjyid:100015:16436-001,rail,S-Bahn,S44,S44,16436,Burgdorf,Thun,5E-H,,2026-10-04 09:12:00+00:00,2026-10-04 09:12:42+00:00,,True,0.7,2026-10-04 10:43:56.261000+02:00,2026-10-04 11:12:00+02:00,2026-10-04 11:12:42+02:00,2026-10-04,11,Sunday,True,28.062316666666668
20261004_084355,2026-10-04 08:43:56.261000+00:00,Bern,rail,ch:1:sloid:7000,Bern,ch:1:sloid:7000:4:7,2026-10-04,ch:1:sjyid:100015:15241-001,rail,S-Bahn,S2,S2,15241,Laupen BE,Konolfingen,7,,2026-10-04 09:12:00+00:00,2026-10-04 09:12:12+00:00,,True,0.2,2026-10-04 10:43:56.261000+02:00,2026-10-04 11:12:00+02:00,2026-10-04 11:12:12+02:00,2026-10-04,11,Sunday,True,28.062316666666668
20261004_084355,2026-10-04 08:43:56.261000+00:00,Bern,rail,ch:1:sloid:7000,Bern,ch:1:sloid:7000_gen:ch:1:sloid:7000:1:21_pf:1E-H,2026-10-04,ch:1:sjyid:100015:15138-001,rail,S-Bahn,S1,S1,15138,Thun,Fribourg/Freiburg,1E-H,,2026-10-04 09:15:00+00:00,2026-10-04 09:15:12+00:00,,True,0.2,2026-10-04 10:43:56.261000+02:00,2026-10-04 11:15:00+02:00,2026-10-04 11:15:12+02:00,2026-10-04,11,Sunday,True,31.062316666666668
20261004_084355,2026-10-04 08:43:56.261000+00:00,Bern,rail,ch:1:sloid:7000,Bern,ch:1:sloid:7000:5:10,2026-10-04,ch:1:sjyid:100015:15139-001,rail,S-Bahn,S1,S1,15139,Fribourg/Freiburg,Thun,10,,2026-10-04 09:16:00+00:00,2026-10-04 09:16:12+00:00,,True,0.2,2026-10-04 10:43:56.261000+02:00,2026-10-04 11:16:00+02:00,2026-10-04 11:16:12+02:00,2026-10-04,11,Sunday,True,32.06231666666667
20261004_084355,2026-10-04 08:43:56.261000+00:00,Bern,rail,ch:1:sloid:7000,Bern,ch:1:sloid:7000_gen:ch:1:sloid:7000:6:13_pf:13AB,2026-10-04,ch:1:sjyid:100015:15439-001,rail,S-Bahn,S4,S4,15439,Thun,Langnau i.E.,13AB,,2026-10-04 09:19:00+00:00,2026-10-04 09:19:42+00:00,,True,0.7,2026-10-04 10:43:56.261000+02:00,2026-10-04 11:19:00+02:00,2026-10-04 11:19:42+02:00,2026-10-04,11,Sunday,True,35.06231666666667
20261004_084355,2026-10-04 08:43:56.261000+00:00,Bern,rail,ch:1:sloid:7000,Bern,ch:1:sloid:7000:1:1,2026-10-04,ch:1:sjyid:100015:15240-001,rail,S-Bahn,S2,S2,15240,Konolfingen,Laupen BE,1A-D,,2026-10-04 09:21:00+00:00,2026-10-04 09:21:24+00:00,,True,0.4,2026-10-04 10:43:56.261000+02:00,2026-10-04 11:21:00+02:00,2026-10-04 11:21:24+02:00,2026-10-04,11,Sunday,True,37.06231666666667
20261004_084355,2026-10-04 08:43:56.261000+00:00,Bern,rail,ch:1:sloid:7000,Bern,ch:1:sloid:7000:5:10,2026-10-04,ch:1:sjyid:100015:15343-001,rail,S-Bahn,S3,S3,15343,Belp,Biel/Bienne,10,,2026-10-04 09:30:00+00:00,2026-10-04 09:30:30+00:00,,True,0.5,2026-10-04 10:43:56.261000+02:00,2026-10-04 11:30:00+02:00,2026-10-04 11:30:30+02:00,2026-10-04,11,Sunday,True,46.06231666666667
20261004_084355,2026-10-04 08:43:56.261000+00:00,Bern,rail,ch:1:sloid:7000,Bern,ch:1:sloid:7000:4:8,2026-10-04,ch:1:sjyid:100001:905-001,rail,InterCity,IC,IC,905,Genève-Aéroport,Zürich HB,8,,2026-10-04 09:31:00+00:00,2026-10-04 09:31:36+00:00,,True,0.6,2026-10-04 10:43:56.261000+02:00,2026-10-04 11:31:00+02:00,2026-10-04 11:31:36+02:00,2026-10-04,11,Sunday,True,47.06231666666667
20261004_084355,2026-10-04 08:43:56.261000+00:00,Bern,rail,ch:1:sloid:7000,Bern,ch:1:sloid:7000:1:1,2026-10-04,ch:1:sjyid:100015:15340-001,rail,S-Bahn,S3,S3,15340,Biel/Bienne,Belp,1A-D,,2026-10-04 09:32:00+00:00,2026-10-04 09:32:12+00:00,,True,0.2,2026-10-04 10:43:56.261000+02:00,2026-10-04 11:32:00+02:00,2026-10-04 11:32:12+02:00,2026-10-04,11,Sunday,True,48.06231666666667
20261004_084355,2026-10-04 08:43:56.922000+00:00,Basel,rail,ch:1:sloid:10,Basel SBB,ch:1:sloid:10:3:5,2026-10-04,ch:1:sjyid:100001:2267-001,rail,InterRegio,IR37,IR37,2267,Basel SBB,Zürich HB,5,,2026-10-04 08:43:00+00:00,2026-10-04 08:43:48+00:00,,True,0.8,2026-10-04 10:43:56.922000+02:00,2026-10-04 10:43:00+02:00,2026-10-04 10:43:48+02:00,2026-10-04,10,Sunday,True,-0.9487
20261004_084355,2026-10-04 08:43:56.922000+00:00,Basel,rail,ch:1:sloid:10,Basel SBB,ch:1:sloid:10:7:15,2026-10-04,ch:1:sjyid:100001:17537-001,rail,S-Bahn,S33,S33,17537,Basel SBB,Liestal,15,,2026-10-04 08:45:00+00:00,2026-10-04 08:45:30+00:00,,True,0.5,2026-10-04 10:43:56.922000+02:00,2026-10-04 10:45:00+02:00,2026-10-04 10:45:30+02:00,2026-10-04,10,Sunday,True,1.0513000000000001
20261004_084355,2026-10-04 08:43:56.922000+00:00,Basel,rail,ch:1:sloid:10,Basel SBB,ch:1:sloid:10:6:11,2026-10-04,ch:1:sjyid:100001:17239-001,rail,S-Bahn,S1,S1,17239,Basel SBB,Laufenburg,12,11,2026-10-04 08:49:00+00:00,2026-10-04 08:49:12+00:00,,True,0.2,2026-10-04 10:43:56.922000+02:00,2026-10-04 10:49:00+02:00,2026-10-04 10:49:12+02:00,2026-10-04,10,Sunday,True,5.0512999999999995
20261004_084355,2026-10-04 08:43:56.922000+00:00,Basel,rail,ch:1:sloid:10,Basel SBB,ch:1:sloid:10:2:4,2026-10-04,ch:1:sjyid:100001:619-002,rail,InterCity,IC61,IC61,619,Basel SBB,Interlaken Ost,4,,2026-10-04 08:58:00+00:00,2026-10-04 08:58:42+00:00,,True,0.7,2026-10-04 10:43:56.922000+02:00,2026-10-04 10:58:00+02:00,2026-10-04 10:58:42+02:00,2026-10-04,10,Sunday,True,14.0513
20261004_084355,2026-10-04 08:43:56.922000+00:00,Basel,rail,ch:1:sloid:10,Basel SBB,ch:1:sloid:10:0:19,2026-10-04,ch:1:sjyid:100001:17337-001,rail,S-Bahn,S3,S3,17337,Laufen,Olten,19,,2026-10-04 09:00:00+00:00,2026-10-04 09:00:12+00:00,,True,0.2,2026-10-04 10:43:56.922000+02:00,2026-10-04 11:00:00+02:00,2026-10-04 11:00:12+02:00,2026-10-04,11,Sunday,True,16.0513
20261004_084355,2026-10-04 08:43:56.922000+00:00,Basel,rail,ch:1:sloid:10,Basel SBB,ch:1:sloid:10:0:20,2026-10-04,ch:1:sjyid:100015:1864-001,rail,InterRegio,IR56,IR56,1864,Basel SBB,Biel/Bienne,20,,2026-10-04 09:02:00+00:00,2026-10-04 09:02:12+00:00,,True,0.2,2026-10-04 10:43:56.922000+02:00,2026-10-04 11:02:00+02:00,2026-10-04 11:02:12+02:00,2026-10-04,11,Sunday,True,18.0513
20261004_084355,2026-10-04 08:43:56.922000+00:00,Basel,rail,ch:1:sloid:10,Basel SBB,ch:1:sloid:10:3:6,2026-10-04,ch:1:sjyid:100001:671-001,rail,InterCity,IC21,IC21,671,Basel SBB,Lugano,6,,2026-10-04 09:04:00+00:00,2026-10-04 09:04:42+00:00,,True,0.7,2026-10-04 10:43:56.922000+02:00,2026-10-04 11:04:00+02:00,2026-10-04 11:04:42+02:00,2026-10-04,11,Sunday,True,20.0513
20261004_084355,2026-10-04 08:43:56.922000+00:00,Basel,rail,ch:1:sloid:10,Basel SBB,ch:1:sloid:10:5:10,2026-10-04,ch:1:sjyid:100001:1969-001,rail,InterRegio,IR36,IR36,1969,Basel SBB,Zürich HB,10,,2026-10-04 09:07:00+00:00,2026-10-04 09:07:42+00:00,,True,0.7,2026-10-04 10:43:56.922000+02:00,2026-10-04 11:07:00+02:00,2026-10-04 11:07:42+02:00,2026-10-04,11,Sunday,True,23.0513
20261004_084355,2026-10-04 08:43:56.922000+00:00,Basel,rail,ch:1:sloid:10,Basel SBB,ch:1:sloid:10:5:9,2026-10-04,ch:1:sjyid:100001:151-001,rail,EuroCity,EC,EC,151,Basel SBB,Milano Centrale,9,12,2026-10-04 09:07:00+00:00,,,False,,2026-10-04 10:43:56.922000+02:00,2026-10-04 11:07:00+02:00,,2026-10-04,11,Sunday,True,23.0513
20261004_084355,2026-10-04 08:43:56.922000+00:00,Basel,rail,ch:1:sloid:10,Basel SBB,ch:1:sloid:10:8:16,2026-10-04,ch:1:sjyid:100001:17336-001,rail,S-Bahn,S3,S3,17336,Olten,Laufen,16,,2026-10-04 09:08:00+00:00,2026-10-04 09:08:12+00:00,,True,0.2,2026-10-04 10:43:56.922000+02:00,2026-10-04 11:08:00+02:00,2026-10-04 11:08:12+02:00,2026-10-04,11,Sunday,True,24.0513
20261004_084355,2026-10-04 08:43:56.922000+00:00,Basel,rail,ch:1:sloid:10,Basel SBB,ch:1:sloid:10:7:14,2026-10-04,ch:1:sjyid:100001:17539-001,rail,S-Bahn,S33,S33,17539,Basel SBB,Liestal,14,,2026-10-04 09:15:00+00:00,2026-10-04 09:15:30+00:00,,True,0.5,2026-10-04 10:43:56.922000+02:00,2026-10-04 11:15:00+02:00,2026-10-04 11:15:30+02:00,2026-10-04,11,Sunday,True,31.0513
20261004_084355,2026-10-04 08:43:56.922000+00:00,Basel,rail,ch:1:sloid:10,Basel SBB,ch:1:sloid:10:2:3,2026-10-04,ch:1:sjyid:100001:2469-001,rail,InterRegio,IR27,IR27,2469,Basel SBB,Luzern,3,,2026-10-04 09:16:00+00:00,2026-10-04 09:16:42+00:00,,True,0.7,2026-10-04 10:43:56.922000+02:00,2026-10-04 11:16:00+02:00,2026-10-04 11:16:42+02:00,2026-10-04,11,Sunday,True,32.0513
20261004_084355,2026-10-04 08:43:56.922000+00:00,Basel,rail,ch:1:sloid:10,Basel SBB,ch:1:sloid:10:6:12,2026-10-04,ch:1:sjyid:100001:17141-001,rail,S-Bahn,S1,S1,17141,Basel SBB,Frick,12,,2026-10-04 09:19:00+00:00,2026-10-04 09:19:12+00:00,,True,0.2,2026-10-04 10:43:56.922000+02:00,2026-10-04 11:19:00+02:00,2026-10-04 11:19:12+02:00,2026-10-04,11,Sunday,True,35.0513
20261004_084355,2026-10-04 08:43:56.922000+00:00,Basel,rail,ch:1:sloid:10,Basel SBB,ch:1:sloid:10:0:19,2026-10-04,ch:1:sjyid:100001:17339-001,rail,S-Bahn,S3,S3,17339,Laufen,Olten,19,,2026-10-04 09:30:00+00:00,2026-10-04 09:30:12+00:00,,True,0.2,2026-10-04 10:43:56.922000+02:00,2026-10-04 11:30:00+02:00,2026-10-04 11:30:12+02:00,2026-10-04,11,Sunday,True,46.0513
20261004_084355,2026-10-04 08:43:56.922000+00:00,Basel,rail,ch:1:sloid:10,Basel SBB,ch:1:sloid:10:5:10,2026-10-04,ch:1:sjyid:100001:969-001,rail,InterCity,IC61,IC61,969,Basel SBB,Interlaken Ost,11,10,2026-10-04 09:30:00+00:00,2026-10-04 09:30:42+00:00,,True,0.7,2026-10-04 10:43:56.922000+02:00,2026-10-04 11:30:00+02:00,2026-10-04 11:30:42+02:00,2026-10-04,11,Sunday,True,46.0513
20261004_084355,2026-10-04 08:43:56.922000+00:00,Basel,rail,ch:1:sloid:10,Basel SBB,ch:1:sloid:10:0:20,2026-10-04,ch:1:sjyid:100001:1620-001,rail,InterCity,IC51,IC51,1620,Basel SBB,Lausanne,20,,2026-10-04 09:32:00+00:00,2026-10-04 09:32:42+00:00,,True,0.7,2026-10-04 10:43:56.922000+02:00,2026-10-04 11:32:00+02:00,2026-10-04 11:32:42+02:00,2026-10-04,11,Sunday,True,48.0513
20261004_084355,2026-10-04 08:43:56.922000+00:00,Basel,rail,ch:1:sloid:10,Basel SBB,ch:1:sloid:10:5:9,2026-10-04,ch:1:sjyid:100001:569-002,rail,InterCity,IC3,IC3,569,Basel SBB,Chur,9,,2026-10-04 09:33:00+00:00,2026-10-04 09:33:48+00:00,,True,0.8,2026-10-04 10:43:56.922000+02:00,2026-10-04 11:33:00+02:00,2026-10-04 11:33:48+02:00,2026-10-04,11,Sunday,True,49.0513
20261004_084355,2026-10-04 08:43:56.922000+00:00,Basel,rail,ch:1:sloid:10,Basel SBB,ch:1:sloid:10:1:2,2026-10-04,ch:1:sjyid:100308:87826-001,rail,S-Bahn,S6,S6,87826,Basel SBB,Zell (Wiesental),2,,2026-10-04 09:35:00+00:00,2026-10-04 09:35:12+00:00,,True,0.2,2026-10-04 10:43:56.922000+02:00,2026-10-04 11:35:00+02:00,2026-10-04 11:35:12+02:00,2026-10-04,11,Sunday,True,51.0513
20261004_084355,2026-10-04 08:43:56.922000+00:00,Basel,rail,ch:1:sloid:10,Basel SBB,ch:1:sloid:10:3:5,2026-10-04,ch:1:sjyid:100001:2069-001,rail,InterRegio,IR36,IR36,2069,Basel SBB,Zürich Flughafen,5,,2026-10-04 09:36:00+00:00,2026-10-04 09:36:42+00:00,,True,0.7,2026-10-04 10:43:56.922000+02:00,2026-10-04 11:36:00+02:00,2026-10-04 11:36:42+02:00,2026-10-04,11,Sunday,True,52.0513
20261004_084355,2026-10-04 08:43:56.922000+00:00,Basel,rail,ch:1:sloid:10,Basel SBB,ch:1:sloid:10:0:944,2026-10-04,ch:1:sjyid:100001:17338-001,rail,S-Bahn,S3,S3,17338,Olten,Laufen,16,18,2026-10-04 09:38:00+00:00,2026-10-04 09:38:12+00:00,,True,0.2,2026-10-04 10:43:56.922000+02:00,2026-10-04 11:38:00+02:00,2026-10-04 11:38:12+02:00,2026-10-04,11,Sunday,True,54.0513
20261004_084355,2026-10-04 08:43:56.922000+00:00,Basel,rail,ch:1:sloid:10,Basel SBB,ch:1:sloid:10:3:6,2026-10-04,ch:1:sjyid:100001:2269-001,rail,InterRegio,IR37,IR37,2269,Basel SBB,Zürich HB,10,6,2026-10-04 09:43:00+00:00,2026-10-04 09:43:48+00:00,,True,0.8,2026-10-04 10:43:56.922000+02:00,2026-10-04 11:43:00+02:00,2026-10-04 11:43:48+02:00,2026-10-04,11,Sunday,True,59.0513
20261004_084355,2026-10-04 08:43:56.922000+00:00,Basel,rail,ch:1:sloid:10,Basel SBB,ch:1:sloid:10:7:15,2026-10-04,ch:1:sjyid:100001:17541-001,rail,S-Bahn,S33,S33,17541,Basel SBB,Liestal,15,,2026-10-04 09:45:00+00:00,2026-10-04 09:45:30+00:00,,True,0.5,2026-10-04 10:43:56.922000+02:00,2026-10-04 11:45:00+02:00,2026-10-04 11:45:30+02:00,2026-10-04,11,Sunday,True,61.0513
20261004_084355,2026-10-04 08:43:56.922000+00:00,Basel,rail,ch:1:sloid:10,Basel SBB,ch:1:sloid:10:8:16,2026-10-04,ch:1:sjyid:100001:17243-001,rail,S-Bahn,S1,S1,17243,Basel SBB,Laufenburg,12,16,2026-10-04 09:49:00+00:00,2026-10-04 09:49:12+00:00,,True,0.2,2026-10-04 10:43:56.922000+02:00,2026-10-04 11:49:00+02:00,2026-10-04 11:49:12+02:00,2026-10-04,11,Sunday,True,65.0513
20261004_084355,2026-10-04 08:43:56.922000+00:00,Basel,rail,ch:1:sloid:10,Basel SBB,ch:1:sloid:10:6:11,2026-10-04,ch:1:sjyid:100001:10065-006,rail,EuroCity,EC6,EC6,10065,Basel SBB,Domodossola (I),,,2026-10-04 09:57:18+00:00,2026-10-04 09:57:18+00:00,,True,0.0,2026-10-04 10:43:56.922000+02:00,2026-10-04 11:57:18+02:00,2026-10-04 11:57:18+02:00,2026-10-04,11,Sunday,True,73.35130000000001
20261004_084355,2026-10-04 08:43:56.922000+00:00,Basel,rail,ch:1:sloid:10,Basel SBB,ch:1:sloid:10:6:11,2026-10-04,ch:1:sjyid:100001:10065-006,rail,EuroCity,EC6,EC6,10065,Basel SBB,Domodossola (I),6,11,2026-10-04 09:58:00+00:00,2026-10-04 09:58:42+00:00,,True,0.7,2026-10-04 10:43:56.922000+02:00,2026-10-04 11:58:00+02:00,2026-10-04 11:58:42+02:00,2026-10-04,11,Sunday,True,74.05130000000001
20261004_084355,2026-10-04 08:43:56.922000+00:00,Basel,rail,ch:1:sloid:10,Basel SBB,ch:1:sloid:10:6:11,2026-10-04,ch:1:sjyid:100001:10065-006,rail,EuroCity,EC6,EC6,10065,Basel SBB,Domodossola (I),6,11,2026-10-04 09:58:00+00:00,2026-10-04 09:58:42+00:00,,True,0.7,2026-10-04 10:43:56.922000+02:00,2026-10-04 11:58:00+02:00,2026-10-04 11:58:42+02:00,2026-10-04,11,Sunday,True,74.05130000000001
20261004_084355,2026-10-04 08:43:56.922000+00:00,Basel,rail,ch:1:sloid:10,Basel SBB,ch:1:sloid:10:0:19,2026-10-04,ch:1:sjyid:100001:17341-001,rail,S-Bahn,S3,S3,17341,Laufen,Olten,19,,2026-10-04 10:00:00+00:00,2026-10-04 10:00:12+00:00,,True,0.2,2026-10-04 10:43:56.922000+02:00,2026-10-04 12:00:00+02:00,2026-10-04 12:00:12+02:00,2026-10-04,12,Sunday,True,76.05130000000001
20261004_084355,2026-10-04 08:43:56.922000+00:00,Basel,rail,ch:1:sloid:10,Basel SBB,ch:1:sloid:10:0:20,2026-10-04,ch:1:sjyid:100015:1866-001,rail,InterRegio,IR56,IR56,1866,Basel SBB,Biel/Bienne,20,,2026-10-04 10:02:00+00:00,2026-10-04 10:02:12+00:00,,True,0.2,2026-10-04 10:43:56.922000+02:00,2026-10-04 12:02:00+02:00,2026-10-04 12:02:12+02:00,2026-10-04,12,Sunday,True,78.05130000000001
20261004_084355,2026-10-04 08:43:56.922000+00:00,Basel,rail,ch:1:sloid:10,Basel SBB,ch:1:sloid:10:3:5,2026-10-04,ch:1:sjyid:100061:2323-001,rail,Treno Gottardo,IR26,IR26,2323,Basel SBB,Locarno,5,,2026-10-04 10:04:00+00:00,2026-10-04 10:04:30+00:00,,True,0.5,2026-10-04 10:43:56.922000+02:00,2026-10-04 12:04:00+02:00,2026-10-04 12:04:30+02:00,2026-10-04,12,Sunday,True,80.05130000000001
20261004_084355,2026-10-04 08:43:56.922000+00:00,Basel,rail,ch:1:sloid:10,Basel SBB,ch:1:sloid:10:6:11,2026-10-04,ch:1:sjyid:100001:1971-001,rail,InterRegio,IR36,IR36,1971,Basel SBB,Zürich HB,11,15,2026-10-04 10:07:00+00:00,2026-10-04 10:07:42+00:00,,True,0.7,2026-10-04 10:43:56.922000+02:00,2026-10-04 12:07:00+02:00,2026-10-04 12:07:42+02:00,2026-10-04,12,Sunday,True,83.05130000000001
20261004_084355,2026-10-04 08:43:57.470000+00:00,Luzern,rail,ch:1:sloid:5000,Luzern,ch:1:sloid:5000:4:8,2026-10-04,ch:1:sjyid:100001:2518-001,rail,InterRegio,IR15,IR15,2518,Luzern,Genève-Aéroport,8,,2026-10-04 08:42:00+00:00,2026-10-04 08:43:36+00:00,,True,1.6,2026-10-04 10:43:57.470000+02:00,2026-10-04 10:42:00+02:00,2026-10-04 10:43:36+02:00,2026-10-04,10,Sunday,True,-1.9578333333333333
20261004_084355,2026-10-04 08:43:57.470000+00:00,Luzern,rail,ch:1:sloid:5000,Luzern,ch:1:sloid:5000:4:9,2026-10-04,ch:1:sjyid:100001:21131-002,rail,S-Bahn,S1,S1,21131,Baar,Sursee,9,,2026-10-04 08:44:00+00:00,2026-10-04 08:45:00+00:00,,True,1.0,2026-10-04 10:43:57.470000+02:00,2026-10-04 10:44:00+02:00,2026-10-04 10:45:00+02:00,2026-10-04,10,Sunday,True,0.042166666666666665
20261004_084355,2026-10-04 08:43:57.470000+00:00,Luzern,rail,ch:1:sloid:5000,Luzern,ch:1:sloid:5000:1:3,2026-10-04,ch:1:sjyid:100001:21132-002,rail,S-Bahn,S1,S1,21132,Sursee,Baar,3,,2026-10-04 08:51:00+00:00,2026-10-04 08:51:12+00:00,,True,0.2,2026-10-04 10:43:57.470000+02:00,2026-10-04 10:51:00+02:00,2026-10-04 10:51:12+02:00,2026-10-04,10,Sunday,True,7.042166666666666
20261004_084355,2026-10-04 08:43:57.470000+00:00,Luzern,rail,ch:1:sloid:5000,Luzern,ch:1:sloid:5000:3:7,2026-10-04,ch:1:sjyid:100061:2316-001,rail,Treno Gottardo,IR26,IR26,2316,Locarno,Basel SBB,7,,2026-10-04 08:54:00+00:00,2026-10-04 08:54:30+00:00,,True,0.5,2026-10-04 10:43:57.470000+02:00,2026-10-04 10:54:00+02:00,2026-10-04 10:54:30+02:00,2026-10-04,10,Sunday,True,10.042166666666667
20261004_084355,2026-10-04 08:43:57.470000+00:00,Luzern,rail,ch:1:sloid:5000,Luzern,ch:1:sloid:5000:2:5,2026-10-04,ch:1:sjyid:100015:4468-001,rail,RegioExpress,RE7,RE7,4468,Luzern,Bern/Willisau,5,,2026-10-04 08:57:00+00:00,2026-10-04 08:57:12+00:00,,True,0.2,2026-10-04 10:43:57.470000+02:00,2026-10-04 10:57:00+02:00,2026-10-04 10:57:12+02:00,2026-10-04,10,Sunday,True,13.042166666666667
20261004_084355,2026-10-04 08:43:57.470000+00:00,Luzern,rail,ch:1:sloid:5000,Luzern,ch:1:sloid:5000:7:14,2026-10-04,ch:1:sjyid:100064:21440-001,rail,S-Bahn,S4,S4,21440,Luzern,Stansstad,14,,2026-10-04 08:57:00+00:00,2026-10-04 08:57:12+00:00,,True,0.2,2026-10-04 10:43:57.470000+02:00,2026-10-04 10:57:00+02:00,2026-10-04 10:57:12+02:00,2026-10-04,10,Sunday,True,13.042166666666667
20261004_084355,2026-10-04 08:43:57.470000+00:00,Luzern,rail,ch:1:sloid:5000,Luzern,ch:1:sloid:5000:5:10,2026-10-04,ch:1:sjyid:100001:21940-001,rail,S-Bahn,S9,S9,21940,Luzern,Lenzburg,10,,2026-10-04 09:02:00+00:00,2026-10-04 09:02:30+00:00,,True,0.5,2026-10-04 10:43:57.470000+02:00,2026-10-04 11:02:00+02:00,2026-10-04 11:02:30+02:00,2026-10-04,11,Sunday,True,18.042166666666667
20261004_084355,2026-10-04 08:43:57.470000+00:00,Luzern,rail,ch:1:sloid:5000,Luzern,ch:1:sloid:5000:4:9,2026-10-04,ch:1:sjyid:100001:4718-001,rail,RegioExpress,RE24,RE24,4718,Luzern,Olten,9,,2026-10-04 09:05:00+00:00,2026-10-04 09:05:12+00:00,,True,0.2,2026-10-04 10:43:57.470000+02:00,2026-10-04 11:05:00+02:00,2026-10-04 11:05:12+02:00,2026-10-04,11,Sunday,True,21.042166666666667
20261004_084355,2026-10-04 08:43:57.470000+00:00,Luzern,rail,ch:1:sloid:5000,Luzern,ch:1:sloid:5000:6:13,2026-10-04,ch:1:sjyid:100064:2922-001,rail,Luzern-Interlaken Express,LIX,LIX,2922,Luzern,Interlaken Ost,13,,2026-10-04 09:06:00+00:00,2026-10-04 09:06:06+00:00,,True,0.1,2026-10-04 10:43:57.470000+02:00,2026-10-04 11:06:00+02:00,2026-10-04 11:06:06+02:00,2026-10-04,11,Sunday,True,22.042166666666667
20261004_084355,2026-10-04 08:43:57.470000+00:00,Luzern,rail,ch:1:sloid:5000,Luzern,ch:1:sloid:5000:5:11,2026-10-04,ch:1:sjyid:100001:21341-001,rail,S-Bahn,S3,S3,21341,Luzern,Brunnen,11,,2026-10-04 09:06:00+00:00,2026-10-04 09:07:00+00:00,,True,1.0,2026-10-04 10:43:57.470000+02:00,2026-10-04 11:06:00+02:00,2026-10-04 11:07:00+02:00,2026-10-04,11,Sunday,True,22.042166666666667
20261004_084355,2026-10-04 08:43:57.470000+00:00,Luzern,rail,ch:1:sloid:5000,Luzern,ch:1:sloid:5000:3:6,2026-10-04,ch:1:sjyid:100001:2620-001,rail,InterRegio,IR70,IR70,2620,Luzern,Sargans,6,,2026-10-04 09:09:00+00:00,2026-10-04 09:10:00+00:00,,True,1.0,2026-10-04 10:43:57.470000+02:00,2026-10-04 11:09:00+02:00,2026-10-04 11:10:00+02:00,2026-10-04,11,Sunday,True,25.042166666666667
20261004_084355,2026-10-04 08:43:57.470000+00:00,Luzern,rail,ch:1:sloid:5000,Luzern,ch:1:sloid:5000:6:12,2026-10-04,ch:1:sjyid:100064:2968-001,rail,Luzern-Engelberg Express,IRLEX,IRLEX,2968,Luzern,Stansstad,12,,2026-10-04 09:10:00+00:00,2026-10-04 09:10:12+00:00,,True,0.2,2026-10-04 10:43:57.470000+02:00,2026-10-04 11:10:00+02:00,2026-10-04 11:10:12+02:00,2026-10-04,11,Sunday,True,26.042166666666667
20261004_084355,2026-10-04 08:43:57.470000+00:00,Luzern,rail,ch:1:sloid:5000,Luzern,ch:1:sloid:5000:7:14,2026-10-04,ch:1:sjyid:100064:21540-001,rail,S-Bahn,S5,S5,21540,Luzern,Giswil,14,,2026-10-04 09:12:00+00:00,2026-10-04 09:12:12+00:00,,True,0.2,2026-10-04 10:43:57.470000+02:00,2026-10-04 11:12:00+02:00,2026-10-04 11:12:12+02:00,2026-10-04,11,Sunday,True,28.042166666666667
20261004_084355,2026-10-04 08:43:57.470000+00:00,Luzern,rail,ch:1:sloid:5000,Luzern,ch:1:sloid:5000:1:3,2026-10-04,ch:1:sjyid:100001:21133-002,rail,S-Bahn,S1,S1,21133,Baar,Sursee,3,,2026-10-04 09:14:00+00:00,2026-10-04 09:15:00+00:00,,True,1.0,2026-10-04 10:43:57.470000+02:00,2026-10-04 11:14:00+02:00,2026-10-04 11:15:00+02:00,2026-10-04,11,Sunday,True,30.042166666666667
20261004_084355,2026-10-04 08:43:57.470000+00:00,Luzern,rail,ch:1:sloid:5000,Luzern,ch:1:sloid:5000:2:5,2026-10-04,ch:1:sjyid:100015:21640-001,rail,S-Bahn,S6,S6,21640,Luzern,Wolhusen,5,,2026-10-04 09:16:00+00:00,2026-10-04 09:17:00+00:00,,True,1.0,2026-10-04 10:43:57.470000+02:00,2026-10-04 11:16:00+02:00,2026-10-04 11:17:00+02:00,2026-10-04,11,Sunday,True,32.04216666666667
20261004_084355,2026-10-04 08:43:57.470000+00:00,Luzern,rail,ch:1:sloid:5000,Luzern,ch:1:sloid:5000:3:7,2026-10-04,ch:1:sjyid:100061:2319-001,rail,Treno Gottardo,IR26,IR26,2319,Basel SBB,Locarno,7,,2026-10-04 09:18:00+00:00,2026-10-04 09:19:00+00:00,,True,1.0,2026-10-04 10:43:57.470000+02:00,2026-10-04 11:18:00+02:00,2026-10-04 11:19:00+02:00,2026-10-04,11,Sunday,True,34.04216666666667
20261004_084355,2026-10-04 08:43:57.470000+00:00,Luzern,rail,ch:1:sloid:5000,Luzern,ch:1:sloid:5000:4:8,2026-10-04,ch:1:sjyid:100001:21134-002,rail,S-Bahn,S1,S1,21134,Sursee,Baar,8,,2026-10-04 09:21:00+00:00,2026-10-04 09:21:12+00:00,,True,0.2,2026-10-04 10:43:57.470000+02:00,2026-10-04 11:21:00+02:00,2026-10-04 11:21:12+02:00,2026-10-04,11,Sunday,True,37.04216666666667
20261004_084355,2026-10-04 08:43:57.470000+00:00,Luzern,rail,ch:1:sloid:5000,Luzern,ch:1:sloid:5000:6:13,2026-10-04,ch:1:sjyid:100064:21442-001,rail,S-Bahn,S4,S4,21442,Luzern,Stansstad,13,,2026-10-04 09:27:00+00:00,2026-10-04 09:27:12+00:00,,True,0.2,2026-10-04 10:43:57.470000+02:00,2026-10-04 11:27:00+02:00,2026-10-04 11:27:12+02:00,2026-10-04,11,Sunday,True,43.04216666666667
20261004_084355,2026-10-04 08:43:57.470000+00:00,Luzern,rail,ch:1:sloid:5000,Luzern,ch:1:sloid:5000:2:4,2026-10-04,ch:1:sjyid:100001:2468-001,rail,InterRegio,IR27,IR27,2468,Luzern,Basel SBB,4,,2026-10-04 09:30:00+00:00,2026-10-04 09:30:36+00:00,,True,0.6,2026-10-04 10:43:57.470000+02:00,2026-10-04 11:30:00+02:00,2026-10-04 11:30:36+02:00,2026-10-04,11,Sunday,True,46.04216666666667
20261004_084355,2026-10-04 08:43:57.470000+00:00,Luzern,rail,ch:1:sloid:5000,Luzern,ch:1:sloid:5000:3:7,2026-10-04,ch:1:sjyid:100001:21942-001,rail,S-Bahn,S9,S9,21942,Luzern,Lenzburg,7,,2026-10-04 09:32:00+00:00,2026-10-04 09:32:30+00:00,,True,0.5,2026-10-04 10:43:57.470000+02:00,2026-10-04 11:32:00+02:00,2026-10-04 11:32:30+02:00,2026-10-04,11,Sunday,True,48.04216666666667
20261004_084355,2026-10-04 08:43:57.470000+00:00,Luzern,rail,ch:1:sloid:5000,Luzern,ch:1:sloid:5000:2:5,2026-10-04,ch:1:sjyid:100001:2119-001,rail,InterRegio,IR75,IR75,2119,Luzern,Kreuzlingen,5,,2026-10-04 09:35:00+00:00,2026-10-04 09:35:00+00:00,,True,0.0,2026-10-04 10:43:57.470000+02:00,2026-10-04 11:35:00+02:00,2026-10-04 11:35:00+02:00,2026-10-04,11,Sunday,True,51.04216666666667
20261004_084355,2026-10-04 08:43:57.470000+00:00,Luzern,rail,ch:1:sloid:5000,Luzern,ch:1:sloid:5000:1:3,2026-10-04,ch:1:sjyid:100061:2023-001,rail,Voralpen-Express,VAE,VAE,2023,Luzern,St. Gallen,3,,2026-10-04 09:39:00+00:00,2026-10-04 09:39:12+00:00,,True,0.2,2026-10-04 10:43:57.470000+02:00,2026-10-04 11:39:00+02:00,2026-10-04 11:39:12+02:00,2026-10-04,11,Sunday,True,55.04216666666667
20261004_084355,2026-10-04 08:43:57.470000+00:00,Luzern,rail,ch:1:sloid:5000,Luzern,ch:1:sloid:5000:4:8,2026-10-04,ch:1:sjyid:100001:2520-001,rail,InterRegio,IR15,IR15,2520,Luzern,Genève-Aéroport,8,,2026-10-04 09:42:00+00:00,2026-10-04 09:43:36+00:00,,True,1.6,2026-10-04 10:43:57.470000+02:00,2026-10-04 11:42:00+02:00,2026-10-04 11:43:36+02:00,2026-10-04,11,Sunday,True,58.04216666666667
20261004_084355,2026-10-04 08:43:57.470000+00:00,Luzern,rail,ch:1:sloid:5000,Luzern,ch:1:sloid:5000:7:14,2026-10-04,ch:1:sjyid:100064:21542-001,rail,S-Bahn,S5,S5,21542,Luzern,Giswil,14,,2026-10-04 09:42:00+00:00,2026-10-04 09:42:12+00:00,,True,0.2,2026-10-04 10:43:57.470000+02:00,2026-10-04 11:42:00+02:00,2026-10-04 11:42:12+02:00,2026-10-04,11,Sunday,True,58.04216666666667
20261004_084355,2026-10-04 08:43:57.470000+00:00,Luzern,rail,ch:1:sloid:5000,Luzern,ch:1:sloid:5000:4:9,2026-10-04,ch:1:sjyid:100001:21135-002,rail,S-Bahn,S1,S1,21135,Baar,Sursee,9,,2026-10-04 09:44:00+00:00,2026-10-04 09:45:00+00:00,,True,1.0,2026-10-04 10:43:57.470000+02:00,2026-10-04 11:44:00+02:00,2026-10-04 11:45:00+02:00,2026-10-04,11,Sunday,True,60.04216666666667
20261004_084355,2026-10-04 08:43:57.470000+00:00,Luzern,rail,ch:1:sloid:5000,Luzern,ch:1:sloid:5000:1:3,2026-10-04,ch:1:sjyid:100001:21136-002,rail,S-Bahn,S1,S1,21136,Sursee,Baar,3,,2026-10-04 09:51:00+00:00,2026-10-04 09:51:12+00:00,,True,0.2,2026-10-04 10:43:57.470000+02:00,2026-10-04 11:51:00+02:00,2026-10-04 11:51:12+02:00,2026-10-04,11,Sunday,True,67.04216666666667
20261004_084355,2026-10-04 08:43:57.470000+00:00,Luzern,rail,ch:1:sloid:5000,Luzern,ch:1:sloid:5000:3:7,2026-10-04,ch:1:sjyid:100001:672-001,rail,InterCity,IC21,IC21,672,Lugano,Basel SBB,7,,2026-10-04 09:54:00+00:00,2026-10-04 09:54:36+00:00,,True,0.6,2026-10-04 10:43:57.470000+02:00,2026-10-04 11:54:00+02:00,2026-10-04 11:54:36+02:00,2026-10-04,11,Sunday,True,70.04216666666666
20261004_084355,2026-10-04 08:43:57.470000+00:00,Luzern,rail,ch:1:sloid:5000,Luzern,ch:1:sloid:5000:2:5,2026-10-04,ch:1:sjyid:100015:4470-001,rail,RegioExpress,RE7,RE7,4470,Luzern,Bern/Willisau,5,,2026-10-04 09:57:00+00:00,2026-10-04 09:57:12+00:00,,True,0.2,2026-10-04 10:43:57.470000+02:00,2026-10-04 11:57:00+02:00,2026-10-04 11:57:12+02:00,2026-10-04,11,Sunday,True,73.04216666666666
20261004_084355,2026-10-04 08:43:57.470000+00:00,Luzern,rail,ch:1:sloid:5000,Luzern,ch:1:sloid:5000:7:14,2026-10-04,ch:1:sjyid:100064:21444-001,rail,S-Bahn,S4,S4,21444,Luzern,Stansstad,14,,2026-10-04 09:57:00+00:00,2026-10-04 09:57:12+00:00,,True,0.2,2026-10-04 10:43:57.470000+02:00,2026-10-04 11:57:00+02:00,2026-10-04 11:57:12+02:00,2026-10-04,11,Sunday,True,73.04216666666666
20261004_084355,2026-10-04 08:43:57.470000+00:00,Luzern,rail,ch:1:sloid:5000,Luzern,ch:1:sloid:5000:5:10,2026-10-04,ch:1:sjyid:100001:21944-001,rail,S-Bahn,S9,S9,21944,Luzern,Lenzburg,10,,2026-10-04 10:02:00+00:00,2026-10-04 10:02:30+00:00,,True,0.5,2026-10-04 10:43:57.470000+02:00,2026-10-04 12:02:00+02:00,2026-10-04 12:02:30+02:00,2026-10-04,12,Sunday,True,78.04216666666666
20261004_084355,2026-10-04 08:43:57.982000+00:00,St. Gallen,rail,ch:1:sloid:6302,St. Gallen,ch:1:sloid:6302:3:5,2026-10-04,ch:1:sjyid:100046:5220-001,rail,RegioExpress,RE1,RE1,5220,Kreuzlingen Hafen,Herisau,5,,2026-10-04 08:44:00+00:00,2026-10-04 08:45:42+00:00,,True,1.7,2026-10-04 10:43:57.982000+02:00,2026-10-04 10:44:00+02:00,2026-10-04 10:45:42+02:00,2026-10-04,10,Sunday,True,0.03363333333333333
20261004_084355,2026-10-04 08:43:57.982000+00:00,St. Gallen,rail,ch:1:sloid:6302,St. Gallen,ch:1:sloid:6302:1:1,2026-10-04,ch:1:sjyid:100046:11136-001,rail,S-Bahn,S1,S1,11136,Schaffhausen,Wil SG,1,,2026-10-04 08:47:00+00:00,2026-10-04 08:48:18+00:00,,True,1.3,2026-10-04 10:43:57.982000+02:00,2026-10-04 10:47:00+02:00,2026-10-04 10:48:18+02:00,2026-10-04,10,Sunday,True,3.0336333333333334
20261004_084355,2026-10-04 08:43:57.982000+00:00,St. Gallen,rail,ch:1:sloid:6302,St. Gallen,ch:1:sloid:6302:2:3,2026-10-04,ch:1:sjyid:100046:11137-001,rail,S-Bahn,S1,S1,11137,Wil SG,Schaffhausen,3,,2026-10-04 08:49:00+00:00,2026-10-04 08:50:36+00:00,,True,1.6,2026-10-04 10:43:57.982000+02:00,2026-10-04 10:49:00+02:00,2026-10-04 10:50:36+02:00,2026-10-04,10,Sunday,True,5.0336333333333325
20261004_084355,2026-10-04 08:43:57.982000+00:00,St. Gallen,rail,ch:1:sloid:6302,St. Gallen,ch:1:sloid:6302:500:11,2026-10-04,ch:1:sjyid:100007:plan:2105,rail,S-Bahn,S21,S21,2105,Trogen,Appenzell,11,,2026-10-04 08:52:00+00:00,2026-10-04 08:52:00+00:00,,True,0.0,2026-10-04 10:43:57.982000+02:00,2026-10-04 10:52:00+02:00,2026-10-04 10:52:00+02:00,2026-10-04,10,Sunday,True,8.033633333333333
20261004_084355,2026-10-04 08:43:57.982000+00:00,St. Gallen,rail,ch:1:sloid:6302,St. Gallen,ch:1:sloid:6302:3:4,2026-10-04,ch:1:sjyid:100061:2211-001,rail,Alpenrhein-Express,IR13,IR13,2211,St. Gallen,Chur,4,,2026-10-04 08:55:00+00:00,2026-10-04 08:55:12+00:00,,True,0.2,2026-10-04 10:43:57.982000+02:00,2026-10-04 10:55:00+02:00,2026-10-04 10:55:12+02:00,2026-10-04,10,Sunday,True,11.033633333333334
20261004_084355,2026-10-04 08:43:57.982000+00:00,St. Gallen,rail,ch:1:sloid:6302,St. Gallen,ch:1:sloid:6302:500:12,2026-10-04,ch:1:sjyid:100007:plan:2100,rail,S-Bahn,S21,S21,2100,Appenzell,Trogen,12,,2026-10-04 08:56:00+00:00,2026-10-04 08:56:00+00:00,,True,0.0,2026-10-04 10:43:57.982000+02:00,2026-10-04 10:56:00+02:00,2026-10-04 10:56:00+02:00,2026-10-04,10,Sunday,True,12.033633333333334
20261004_084355,2026-10-04 08:43:57.982000+00:00,St. Gallen,rail,ch:1:sloid:6302,St. Gallen,ch:1:sloid:6302:4:6,2026-10-04,ch:1:sjyid:100046:11537-001,rail,S-Bahn,S5,S5,11537,Weinfelden,St. Margrethen SG,6,,2026-10-04 08:57:00+00:00,2026-10-04 08:57:30+00:00,,True,0.5,2026-10-04 10:43:57.982000+02:00,2026-10-04 10:57:00+02:00,2026-10-04 10:57:30+02:00,2026-10-04,10,Sunday,True,13.033633333333334
20261004_084355,2026-10-04 08:43:57.982000+00:00,St. Gallen,rail,ch:1:sloid:6302,St. Gallen,ch:1:sloid:6302:3:5,2026-10-04,ch:1:sjyid:100046:11238-001,rail,S-Bahn,S2,S2,11238,Altstätten SG,Nesslau-Neu St. Johann,5,,2026-10-04 08:57:00+00:00,2026-10-04 08:57:12+00:00,,True,0.2,2026-10-04 10:43:57.982000+02:00,2026-10-04 10:57:00+02:00,2026-10-04 10:57:12+02:00,2026-10-04,10,Sunday,True,13.033633333333334
20261004_084355,2026-10-04 08:43:57.982000+00:00,St. Gallen,rail,ch:1:sloid:6302,St. Gallen,ch:1:sloid:6302:2:2,2026-10-04,ch:1:sjyid:100001:520-001,rail,InterCity,IC5,IC5,520,Rorschach,Lausanne,2,,2026-10-04 08:58:00+00:00,2026-10-04 08:58:00+00:00,,True,0.0,2026-10-04 10:43:57.982000+02:00,2026-10-04 10:58:00+02:00,2026-10-04 10:58:00+02:00,2026-10-04,10,Sunday,True,14.033633333333334
20261004_084355,2026-10-04 08:43:57.982000+00:00,St. Gallen,rail,ch:1:sloid:6302,St. Gallen,ch:1:sloid:6302:2:3,2026-10-04,ch:1:sjyid:100061:2018-001,rail,Voralpen-Express,VAE,VAE,2018,St. Gallen,Luzern,3,,2026-10-04 09:05:00+00:00,2026-10-04 09:05:12+00:00,,True,0.2,2026-10-04 10:43:57.982000+02:00,2026-10-04 11:05:00+02:00,2026-10-04 11:05:12+02:00,2026-10-04,11,Sunday,True,21.033633333333334
20261004_084355,2026-10-04 08:43:57.982000+00:00,St. Gallen,rail,ch:1:sloid:6302,St. Gallen,ch:1:sloid:6302:2:2,2026-10-04,ch:1:sjyid:100001:513-001,rail,InterCity,IC5,IC5,513,Lausanne,Rorschach,2,,2026-10-04 09:05:00+00:00,2026-10-04 09:05:30+00:00,,True,0.5,2026-10-04 10:43:57.982000+02:00,2026-10-04 11:05:00+02:00,2026-10-04 11:05:30+02:00,2026-10-04,11,Sunday,True,21.033633333333334
20261004_084355,2026-10-04 08:43:57.982000+00:00,St. Gallen,rail,ch:1:sloid:6302,St. Gallen,ch:1:sloid:6302:1:1,2026-10-04,ch:1:sjyid:100001:10718-009,rail,InterCity,IC,IC,10718,St. Gallen,Biel/Bienne,1,,2026-10-04 09:06:18+00:00,2026-10-04 09:06:18+00:00,,True,0.0,2026-10-04 10:43:57.982000+02:00,2026-10-04 11:06:18+02:00,2026-10-04 11:06:18+02:00,2026-10-04,11,Sunday,True,22.333633333333335
20261004_084355,2026-10-04 08:43:57.982000+00:00,St. Gallen,rail,ch:1:sloid:6302,St. Gallen,ch:1:sloid:6302:1:1,2026-10-04,ch:1:sjyid:100001:10718-009,rail,InterCity,IC,IC,10718,St. Gallen,Biel/Bienne,1,,2026-10-04 09:07:00+00:00,2026-10-04 09:07:42+00:00,,True,0.7,2026-10-04 10:43:57.982000+02:00,2026-10-04 11:07:00+02:00,2026-10-04 11:07:42+02:00,2026-10-04,11,Sunday,True,23.033633333333334
20261004_084355,2026-10-04 08:43:57.982000+00:00,St. Gallen,rail,ch:1:sloid:6302,St. Gallen,ch:1:sloid:6302:3:5,2026-10-04,ch:1:sjyid:100046:11239-001,rail,S-Bahn,S2,S2,11239,Nesslau-Neu St. Johann,Altstätten SG,5,,2026-10-04 09:08:00+00:00,2026-10-04 09:08:12+00:00,,True,0.2,2026-10-04 10:43:57.982000+02:00,2026-10-04 11:08:00+02:00,2026-10-04 11:08:12+02:00,2026-10-04,11,Sunday,True,24.033633333333334
20261004_084355,2026-10-04 08:43:57.982000+00:00,St. Gallen,rail,ch:1:sloid:6302,St. Gallen,ch:1:sloid:6302:4:6,2026-10-04,ch:1:sjyid:100046:11538-001,rail,S-Bahn,S5,S5,11538,St. Margrethen SG,Weinfelden,6,,2026-10-04 09:10:00+00:00,2026-10-04 09:10:12+00:00,,True,0.2,2026-10-04 10:43:57.982000+02:00,2026-10-04 11:10:00+02:00,2026-10-04 11:10:12+02:00,2026-10-04,11,Sunday,True,26.033633333333334
20261004_084355,2026-10-04 08:43:57.982000+00:00,St. Gallen,rail,ch:1:sloid:6302,St. Gallen,ch:1:sloid:6302:3:4,2026-10-04,ch:1:sjyid:100061:12120-001,rail,S-Bahn,S81,S81,12120,St. Gallen,Herisau,4,,2026-10-04 09:14:00+00:00,2026-10-04 09:14:42+00:00,,True,0.7,2026-10-04 10:43:57.982000+02:00,2026-10-04 11:14:00+02:00,2026-10-04 11:14:42+02:00,2026-10-04,11,Sunday,True,30.033633333333334
20261004_084355,2026-10-04 08:43:57.982000+00:00,St. Gallen,rail,ch:1:sloid:6302,St. Gallen,ch:1:sloid:6302:3:5,2026-10-04,ch:1:sjyid:100046:5221-001,rail,RegioExpress,RE1,RE1,5221,Herisau,Kreuzlingen Hafen,5,,2026-10-04 09:15:00+00:00,2026-10-04 09:15:48+00:00,,True,0.8,2026-10-04 10:43:57.982000+02:00,2026-10-04 11:15:00+02:00,2026-10-04 11:15:48+02:00,2026-10-04,11,Sunday,True,31.033633333333334
20261004_084355,2026-10-04 08:43:57.982000+00:00,St. Gallen,rail,ch:1:sloid:6302,St. Gallen,ch:1:sloid:6302:2:2,2026-10-04,ch:1:sjyid:100046:11138-001,rail,S-Bahn,S1,S1,11138,Schaffhausen,Wil SG,2,,2026-10-04 09:17:00+00:00,2026-10-04 09:17:12+00:00,,True,0.2,2026-10-04 10:43:57.982000+02:00,2026-10-04 11:17:00+02:00,2026-10-04 11:17:12+02:00,2026-10-04,11,Sunday,True,33.033633333333334
20261004_084355,2026-10-04 08:43:57.982000+00:00,St. Gallen,rail,ch:1:sloid:6302,St. Gallen,ch:1:sloid:6302:2:3,2026-10-04,ch:1:sjyid:100046:11139-001,rail,S-Bahn,S1,S1,11139,Wil SG,Schaffhausen,3,,2026-10-04 09:19:00+00:00,2026-10-04 09:20:42+00:00,,True,1.7,2026-10-04 10:43:57.982000+02:00,2026-10-04 11:19:00+02:00,2026-10-04 11:20:42+02:00,2026-10-04,11,Sunday,True,35.033633333333334
20261004_084355,2026-10-04 08:43:57.982000+00:00,St. Gallen,rail,ch:1:sloid:6302,St. Gallen,ch:1:sloid:6302:500:11,2026-10-04,ch:1:sjyid:100007:plan:2109,rail,S-Bahn,S21,S21,2109,Trogen,Appenzell,11,,2026-10-04 09:22:00+00:00,2026-10-04 09:22:00+00:00,,True,0.0,2026-10-04 10:43:57.982000+02:00,2026-10-04 11:22:00+02:00,2026-10-04 11:22:00+02:00,2026-10-04,11,Sunday,True,38.033633333333334
20261004_084355,2026-10-04 08:43:57.982000+00:00,St. Gallen,rail,ch:1:sloid:6302,St. Gallen,ch:1:sloid:6302:2:2,2026-10-04,ch:1:sjyid:100001:3263-001,rail,InterRegio,IR13,IR13,3263,Zürich HB,Sargans,2,,2026-10-04 09:25:00+00:00,2026-10-04 09:25:18+00:00,,True,0.3,2026-10-04 10:43:57.982000+02:00,2026-10-04 11:25:00+02:00,2026-10-04 11:25:18+02:00,2026-10-04,11,Sunday,True,41.033633333333334
20261004_084355,2026-10-04 08:43:57.982000+00:00,St. Gallen,rail,ch:1:sloid:6302,St. Gallen,ch:1:sloid:6302:500:12,2026-10-04,ch:1:sjyid:100007:plan:2106,rail,S-Bahn,S21,S21,2106,Appenzell,Trogen,12,,2026-10-04 09:26:00+00:00,2026-10-04 09:26:00+00:00,,True,0.0,2026-10-04 10:43:57.982000+02:00,2026-10-04 11:26:00+02:00,2026-10-04 11:26:00+02:00,2026-10-04,11,Sunday,True,42.033633333333334
20261004_084355,2026-10-04 08:43:57.982000+00:00,St. Gallen,rail,ch:1:sloid:6302,St. Gallen,ch:1:sloid:6302:3:5,2026-10-04,ch:1:sjyid:100061:11440-001,rail,S-Bahn,S4,S4,11440,Sargans,Rapperswil SG,5,,2026-10-04 09:27:00+00:00,2026-10-04 09:27:12+00:00,,True,0.2,2026-10-04 10:43:57.982000+02:00,2026-10-04 11:27:00+02:00,2026-10-04 11:27:12+02:00,2026-10-04,11,Sunday,True,43.033633333333334
20261004_084355,2026-10-04 08:43:57.982000+00:00,St. Gallen,rail,ch:1:sloid:6302,St. Gallen,ch:1:sloid:6302:1:1,2026-10-04,ch:1:sjyid:100001:196-001,rail,EuroCity,EC,EC,196,Bregenz,Zürich HB,1,,2026-10-04 09:29:00+00:00,2026-10-04 09:30:36+00:00,,True,1.6,2026-10-04 10:43:57.982000+02:00,2026-10-04 11:29:00+02:00,2026-10-04 11:30:36+02:00,2026-10-04,11,Sunday,True,45.033633333333334
20261004_084355,2026-10-04 08:43:57.982000+00:00,St. Gallen,rail,ch:1:sloid:6302,St. Gallen,ch:1:sloid:6302:1:1,2026-10-04,ch:1:sjyid:100001:3266-001,rail,InterRegio,IR13,IR13,3266,Sargans,Luzern,1,,2026-10-04 09:37:00+00:00,2026-10-04 09:37:30+00:00,,True,0.5,2026-10-04 10:43:57.982000+02:00,2026-10-04 11:37:00+02:00,2026-10-04 11:37:30+02:00,2026-10-04,11,Sunday,True,53.033633333333334
20261004_084355,2026-10-04 08:43:57.982000+00:00,St. Gallen,rail,ch:1:sloid:6302,St. Gallen,ch:1:sloid:6302:3:5,2026-10-04,ch:1:sjyid:100061:11439-001,rail,S-Bahn,S4,S4,11439,Rapperswil SG,Sargans,5,,2026-10-04 09:38:00+00:00,2026-10-04 09:39:06+00:00,,True,1.1,2026-10-04 10:43:57.982000+02:00,2026-10-04 11:38:00+02:00,2026-10-04 11:39:06+02:00,2026-10-04,11,Sunday,True,54.033633333333334
20261004_084355,2026-10-04 08:43:57.982000+00:00,St. Gallen,rail,ch:1:sloid:6302,St. Gallen,ch:1:sloid:6302:2:2,2026-10-04,ch:1:sjyid:100001:13479-001,rail,Railjet Xpress,RJX,RJX,13479,Zürich HB,Wien Flughafen,2,,2026-10-04 09:44:00+00:00,,,False,,2026-10-04 10:43:57.982000+02:00,2026-10-04 11:44:00+02:00,,2026-10-04,11,Sunday,True,60.033633333333334
20261004_084355,2026-10-04 08:43:57.982000+00:00,St. Gallen,rail,ch:1:sloid:6302,St. Gallen,ch:1:sloid:6302:3:5,2026-10-04,ch:1:sjyid:100046:5222-001,rail,RegioExpress,RE1,RE1,5222,Kreuzlingen Hafen,Herisau,5,,2026-10-04 09:44:00+00:00,2026-10-04 09:45:12+00:00,,True,1.2,2026-10-04 10:43:57.982000+02:00,2026-10-04 11:44:00+02:00,2026-10-04 11:45:12+02:00,2026-10-04,11,Sunday,True,60.033633333333334
20261004_084355,2026-10-04 08:43:57.982000+00:00,St. Gallen,rail,ch:1:sloid:6302,St. Gallen,ch:1:sloid:6302:1:1,2026-10-04,ch:1:sjyid:100046:11140-001,rail,S-Bahn,S1,S1,11140,Schaffhausen,Wil SG,1,,2026-10-04 09:47:00+00:00,2026-10-04 09:47:12+00:00,,True,0.2,2026-10-04 10:43:57.982000+02:00,2026-10-04 11:47:00+02:00,2026-10-04 11:47:12+02:00,2026-10-04,11,Sunday,True,63.033633333333334
20261004_084355,2026-10-04 08:43:57.982000+00:00,St. Gallen,rail,ch:1:sloid:6302,St. Gallen,ch:1:sloid:6302:2:3,2026-10-04,ch:1:sjyid:100046:11141-001,rail,S-Bahn,S1,S1,11141,Wil SG,Schaffhausen,3,,2026-10-04 09:49:00+00:00,2026-10-04 09:50:36+00:00,,True,1.6,2026-10-04 10:43:57.982000+02:00,2026-10-04 11:49:00+02:00,2026-10-04 11:50:36+02:00,2026-10-04,11,Sunday,True,65.03363333333333
20261004_084355,2026-10-04 08:43:58.453000+00:00,Lausanne,rail,ch:1:sloid:1120,Lausanne,ch:1:sloid:1120:0:860143,2026-10-04,ch:1:sjyid:100001:710-001,rail,InterCity,IC1,IC1,710,Zürich HB,Genève-Aéroport,4,,2026-10-04 08:46:00+00:00,2026-10-04 08:47:30+00:00,,True,1.5,2026-10-04 10:43:58.453000+02:00,2026-10-04 10:46:00+02:00,2026-10-04 10:47:30+02:00,2026-10-04,10,Sunday,True,2.0257833333333335
20261004_084355,2026-10-04 08:43:58.453000+00:00,Lausanne,rail,ch:1:sloid:1120,Lausanne,ch:1:sloid:1120:0:276884,2026-10-04,ch:1:sjyid:100001:1815-001,rail,InterRegio,IR90,IR90,1815,Genève-Aéroport,Brig,3,,2026-10-04 08:48:00+00:00,2026-10-04 08:48:30+00:00,,True,0.5,2026-10-04 10:43:58.453000+02:00,2026-10-04 10:48:00+02:00,2026-10-04 10:48:30+02:00,2026-10-04,10,Sunday,True,4.025783333333333
20261004_084355,2026-10-04 08:43:58.453000+00:00,Lausanne,rail,ch:1:sloid:1120,Lausanne,ch:1:sloid:1120:0:638488,2026-10-04,ch:1:sjyid:100001:1712-001,rail,InterRegio,IR95,IR95,1712,Brig,Genève-Aéroport,8,,2026-10-04 08:49:00+00:00,2026-10-04 08:49:30+00:00,,True,0.5,2026-10-04 10:43:58.453000+02:00,2026-10-04 10:49:00+02:00,2026-10-04 10:49:30+02:00,2026-10-04,10,Sunday,True,5.025783333333334
20261004_084355,2026-10-04 08:43:58.453000+00:00,Lausanne,rail,ch:1:sloid:1120,Lausanne,ch:1:sloid:1120:0:20298,2026-10-04,ch:1:sjyid:100001:24535-001,rail,S-Bahn,S41,S41,24535,Lausanne,Romont FR,70,,2026-10-04 08:49:00+00:00,2026-10-04 08:49:12+00:00,,True,0.2,2026-10-04 10:43:58.453000+02:00,2026-10-04 10:49:00+02:00,2026-10-04 10:49:12+02:00,2026-10-04,10,Sunday,True,5.025783333333334
20261004_084355,2026-10-04 08:43:58.453000+00:00,Lausanne,rail,ch:1:sloid:1120,Lausanne,ch:1:sloid:1120:0:860143,2026-10-04,ch:1:sjyid:100001:24135-001,rail,Regio,R1,R1,24135,Grandson,Bex,4,,2026-10-04 08:55:00+00:00,2026-10-04 08:55:12+00:00,,True,0.2,2026-10-04 10:43:58.453000+02:00,2026-10-04 10:55:00+02:00,2026-10-04 10:55:12+02:00,2026-10-04,10,Sunday,True,11.025783333333333
20261004_084355,2026-10-04 08:43:58.453000+00:00,Lausanne,rail,ch:1:sloid:1120,Lausanne,ch:1:sloid:1120:0:668579,2026-10-04,ch:1:sjyid:100001:24935-001,rail,Regio,R9,R9,24935,Allaman,Murten/Morat,1,,2026-10-04 08:57:00+00:00,2026-10-04 08:58:00+00:00,,True,1.0,2026-10-04 10:43:58.453000+02:00,2026-10-04 10:57:00+02:00,2026-10-04 10:58:00+02:00,2026-10-04,10,Sunday,True,13.025783333333333
20261004_084355,2026-10-04 08:43:58.453000+00:00,Lausanne,rail,ch:1:sloid:1120,Lausanne,ch:1:sloid:1120:0:840061,2026-10-04,ch:1:sjyid:100001:24324-001,rail,Regio,R3,R3,24324,Vevey,Vallorbe,7,,2026-10-04 08:57:00+00:00,2026-10-04 08:57:12+00:00,,True,0.2,2026-10-04 10:43:58.453000+02:00,2026-10-04 10:57:00+02:00,2026-10-04 10:57:12+02:00,2026-10-04,10,Sunday,True,13.025783333333333
20261004_084355,2026-10-04 08:43:58.453000+00:00,Lausanne,rail,ch:1:sloid:1120,Lausanne,ch:1:sloid:1120:0:638488,2026-10-04,ch:1:sjyid:100001:18416-001,rail,RegioExpress,RE33,RE33,18416,St-Maurice,Annemasse,8,,2026-10-04 09:00:00+00:00,,,False,,2026-10-04 10:43:58.453000+02:00,2026-10-04 11:00:00+02:00,,2026-10-04,11,Sunday,True,16.025783333333333
20261004_084355,2026-10-04 08:43:58.453000+00:00,Lausanne,rail,ch:1:sloid:1120,Lausanne,ch:1:sloid:1120:0:860143,2026-10-04,ch:1:sjyid:100001:18413-001,rail,RegioExpress,RE33,RE33,18413,Annemasse,St-Maurice,4,,2026-10-04 09:01:00+00:00,2026-10-04 09:01:54+00:00,,True,0.9,2026-10-04 10:43:58.453000+02:00,2026-10-04 11:01:00+02:00,2026-10-04 11:01:54+02:00,2026-10-04,11,Sunday,True,17.025783333333333
20261004_084355,2026-10-04 08:43:58.453000+00:00,Lausanne,rail,ch:1:sloid:1120,Lausanne,ch:1:sloid:1120:0:840061,2026-10-04,ch:1:sjyid:100001:24924-001,rail,Regio,R9,R9,24924,Murten/Morat,Allaman,7,,2026-10-04 09:04:00+00:00,2026-10-04 09:04:12+00:00,,True,0.2,2026-10-04 10:43:58.453000+02:00,2026-10-04 11:04:00+02:00,2026-10-04 11:04:12+02:00,2026-10-04,11,Sunday,True,20.025783333333333
20261004_084355,2026-10-04 08:43:58.453000+00:00,Lausanne,rail,ch:1:sloid:1120,Lausanne,ch:1:sloid:1120:0:276884,2026-10-04,ch:1:sjyid:100001:1619-001,rail,InterCity,IC51,IC51,1619,Lausanne,Basel SBB,3,,2026-10-04 09:04:00+00:00,2026-10-04 09:04:30+00:00,,True,0.5,2026-10-04 10:43:58.453000+02:00,2026-10-04 11:04:00+02:00,2026-10-04 11:04:30+02:00,2026-10-04,11,Sunday,True,20.025783333333333
20261004_084355,2026-10-04 08:43:58.453000+00:00,Lausanne,rail,ch:1:sloid:1120,Lausanne,ch:1:sloid:1120:0:668579,2026-10-04,ch:1:sjyid:100001:24335-001,rail,Regio,R3,R3,24335,Vallorbe,Vevey,1,,2026-10-04 09:04:00+00:00,2026-10-04 09:04:18+00:00,,True,0.3,2026-10-04 10:43:58.453000+02:00,2026-10-04 11:04:00+02:00,2026-10-04 11:04:18+02:00,2026-10-04,11,Sunday,True,20.025783333333333
20261004_084355,2026-10-04 08:43:58.453000+00:00,Lausanne,rail,ch:1:sloid:1120,Lausanne,ch:1:sloid:1120:0:42631,2026-10-04,ch:1:sjyid:100001:24124-001,rail,Regio,R1,R1,24124,Bex,Grandson,5,,2026-10-04 09:08:00+00:00,2026-10-04 09:08:12+00:00,,True,0.2,2026-10-04 10:43:58.453000+02:00,2026-10-04 11:08:00+02:00,2026-10-04 11:08:12+02:00,2026-10-04,11,Sunday,True,24.025783333333333
20261004_084355,2026-10-04 08:43:58.453000+00:00,Lausanne,rail,ch:1:sloid:1120,Lausanne,ch:1:sloid:1120:0:276884,2026-10-04,ch:1:sjyid:100001:1717-001,rail,InterRegio,IR95,IR95,1717,Genève-Aéroport,Brig,3,,2026-10-04 09:14:00+00:00,2026-10-04 09:14:30+00:00,,True,0.5,2026-10-04 10:43:58.453000+02:00,2026-10-04 11:14:00+02:00,2026-10-04 11:14:30+02:00,2026-10-04,11,Sunday,True,30.025783333333333
20261004_084355,2026-10-04 08:43:58.453000+00:00,Lausanne,rail,ch:1:sloid:1120,Lausanne,ch:1:sloid:1120:0:638488,2026-10-04,ch:1:sjyid:100001:1814-001,rail,InterRegio,IR90,IR90,1814,Brig,Genève-Aéroport,8,,2026-10-04 09:16:00+00:00,2026-10-04 09:16:30+00:00,,True,0.5,2026-10-04 10:43:58.453000+02:00,2026-10-04 11:16:00+02:00,2026-10-04 11:16:30+02:00,2026-10-04,11,Sunday,True,32.02578333333334
20261004_084355,2026-10-04 08:43:58.453000+00:00,Lausanne,rail,ch:1:sloid:1120,Lausanne,ch:1:sloid:1120:0:668579,2026-10-04,ch:1:sjyid:100001:717-001,rail,InterCity,IC1,IC1,717,Genève-Aéroport,Zürich HB,1,,2026-10-04 09:16:00+00:00,2026-10-04 09:16:30+00:00,,True,0.5,2026-10-04 10:43:58.453000+02:00,2026-10-04 11:16:00+02:00,2026-10-04 11:16:30+02:00,2026-10-04,11,Sunday,True,32.02578333333334
20261004_084355,2026-10-04 08:43:58.453000+00:00,Lausanne,rail,ch:1:sloid:1120,Lausanne,ch:1:sloid:1120:0:20298,2026-10-04,ch:1:sjyid:100001:24637-001,rail,S-Bahn,S40,S40,24637,Lausanne,Romont FR,70,,2026-10-04 09:21:00+00:00,2026-10-04 09:21:12+00:00,,True,0.2,2026-10-04 10:43:58.453000+02:00,2026-10-04 11:21:00+02:00,2026-10-04 11:21:12+02:00,2026-10-04,11,Sunday,True,37.02578333333334
20261004_084355,2026-10-04 08:43:58.453000+00:00,Lausanne,rail,ch:1:sloid:1120,Lausanne,ch:1:sloid:1120:0:42631,2026-10-04,ch:1:sjyid:100001:2514-002,rail,InterRegio,IR15,IR15,2514,Luzern,Genève-Aéroport,5,,2026-10-04 09:23:00+00:00,2026-10-04 09:23:30+00:00,,True,0.5,2026-10-04 10:43:58.453000+02:00,2026-10-04 11:23:00+02:00,2026-10-04 11:23:30+02:00,2026-10-04,11,Sunday,True,39.02578333333334
20261004_084355,2026-10-04 08:43:58.453000+00:00,Lausanne,rail,ch:1:sloid:1120,Lausanne,ch:1:sloid:1120:0:668579,2026-10-04,ch:1:sjyid:100001:24237-001,rail,Regio,R2,R2,24237,Grandson,Bex,1,,2026-10-04 09:24:00+00:00,2026-10-04 09:24:30+00:00,,True,0.5,2026-10-04 10:43:58.453000+02:00,2026-10-04 11:24:00+02:00,2026-10-04 11:24:30+02:00,2026-10-04,11,Sunday,True,40.02578333333334
20261004_084355,2026-10-04 08:43:58.453000+00:00,Lausanne,rail,ch:1:sloid:1120,Lausanne,ch:1:sloid:1120:0:638488,2026-10-04,ch:1:sjyid:100001:24426-001,rail,Regio,R4,R4,24426,Vevey,Le Brassus,8,,2026-10-04 09:27:00+00:00,2026-10-04 09:27:12+00:00,,True,0.2,2026-10-04 10:43:58.453000+02:00,2026-10-04 11:27:00+02:00,2026-10-04 11:27:12+02:00,2026-10-04,11,Sunday,True,43.02578333333334
20261004_084355,2026-10-04 08:43:58.453000+00:00,Lausanne,rail,ch:1:sloid:1120,Lausanne,ch:1:sloid:1120:0:860143,2026-10-04,ch:1:sjyid:100001:24837-001,rail,Regio,R8,R8,24837,Allaman,Payerne,4,,2026-10-04 09:28:00+00:00,2026-10-04 09:28:12+00:00,,True,0.2,2026-10-04 10:43:58.453000+02:00,2026-10-04 11:28:00+02:00,2026-10-04 11:28:12+02:00,2026-10-04,11,Sunday,True,44.02578333333334
20261004_084355,2026-10-04 08:43:58.453000+00:00,Lausanne,rail,ch:1:sloid:1120,Lausanne,ch:1:sloid:1120:0:840061,2026-10-04,ch:1:sjyid:100001:18462-002,rail,RegioExpress,RE33,RE33,18462,Martigny,Genève-Aéroport,7,,2026-10-04 09:30:00+00:00,2026-10-04 09:30:12+00:00,,True,0.2,2026-10-04 10:43:58.453000+02:00,2026-10-04 11:30:00+02:00,2026-10-04 11:30:12+02:00,2026-10-04,11,Sunday,True,46.02578333333334
20261004_084355,2026-10-04 08:43:58.453000+00:00,Lausanne,rail,ch:1:sloid:1120,Lausanne,ch:1:sloid:1120:0:668579,2026-10-04,ch:1:sjyid:100001:18467-002,rail,RegioExpress,RE33,RE33,18467,Genève-Aéroport,Martigny,1,,2026-10-04 09:31:00+00:00,2026-10-04 09:31:54+00:00,,True,0.9,2026-10-04 10:43:58.453000+02:00,2026-10-04 11:31:00+02:00,2026-10-04 11:31:54+02:00,2026-10-04,11,Sunday,True,47.02578333333334
20261004_084355,2026-10-04 08:43:58.453000+00:00,Lausanne,rail,ch:1:sloid:1120,Lausanne,ch:1:sloid:1120:0:276884,2026-10-04,ch:1:sjyid:100001:521-001,rail,InterCity,IC5,IC5,521,Lausanne,Rorschach,3,,2026-10-04 09:34:00+00:00,2026-10-04 09:34:00+00:00,,True,0.0,2026-10-04 10:43:58.453000+02:00,2026-10-04 11:34:00+02:00,2026-10-04 11:34:00+02:00,2026-10-04,11,Sunday,True,50.02578333333334
20261004_084355,2026-10-04 08:43:58.453000+00:00,Lausanne,rail,ch:1:sloid:1120,Lausanne,ch:1:sloid:1120:0:42631,2026-10-04,ch:1:sjyid:100001:24826-001,rail,Regio,R8,R8,24826,Payerne,Allaman,5,,2026-10-04 09:34:00+00:00,2026-10-04 09:34:12+00:00,,True,0.2,2026-10-04 10:43:58.453000+02:00,2026-10-04 11:34:00+02:00,2026-10-04 11:34:12+02:00,2026-10-04,11,Sunday,True,50.02578333333334
20261004_084355,2026-10-04 08:43:58.453000+00:00,Lausanne,rail,ch:1:sloid:1120,Lausanne,ch:1:sloid:1120:0:860143,2026-10-04,ch:1:sjyid:100001:24437-001,rail,Regio,R4,R4,24437,Le Day,Vevey,4,,2026-10-04 09:34:00+00:00,2026-10-04 09:34:18+00:00,,True,0.3,2026-10-04 10:43:58.453000+02:00,2026-10-04 11:34:00+02:00,2026-10-04 11:34:18+02:00,2026-10-04,11,Sunday,True,50.02578333333334
20261004_084355,2026-10-04 08:43:58.453000+00:00,Lausanne,rail,ch:1:sloid:1120,Lausanne,ch:1:sloid:1120:0:638488,2026-10-04,ch:1:sjyid:100001:24226-001,rail,Regio,R2,R2,24226,Bex,Grandson,8,,2026-10-04 09:38:00+00:00,2026-10-04 09:38:12+00:00,,True,0.2,2026-10-04 10:43:58.453000+02:00,2026-10-04 11:38:00+02:00,2026-10-04 11:38:12+02:00,2026-10-04,11,Sunday,True,54.02578333333334
20261004_084355,2026-10-04 08:43:58.453000+00:00,Lausanne,rail,ch:1:sloid:1120,Lausanne,ch:1:sloid:1120:0:668579,2026-10-04,ch:1:sjyid:100001:2519-001,rail,InterRegio,IR15,IR15,2519,Genève-Aéroport,Luzern,1,,2026-10-04 09:40:00+00:00,2026-10-04 09:40:30+00:00,,True,0.5,2026-10-04 10:43:58.453000+02:00,2026-10-04 11:40:00+02:00,2026-10-04 11:40:30+02:00,2026-10-04,11,Sunday,True,56.02578333333334
20261004_084355,2026-10-04 08:43:58.453000+00:00,Lausanne,rail,ch:1:sloid:1120,Lausanne,ch:1:sloid:1120:0:840061,2026-10-04,ch:1:sjyid:100001:1714-001,rail,InterRegio,IR95,IR95,1714,Brig,Genève-Aéroport,7,,2026-10-04 09:45:00+00:00,2026-10-04 09:45:30+00:00,,True,0.5,2026-10-04 10:43:58.453000+02:00,2026-10-04 11:45:00+02:00,2026-10-04 11:45:30+02:00,2026-10-04,11,Sunday,True,61.02578333333334
20261004_084355,2026-10-04 08:43:58.453000+00:00,Lausanne,rail,ch:1:sloid:1120,Lausanne,ch:1:sloid:1120:0:860143,2026-10-04,ch:1:sjyid:100001:712-001,rail,InterCity,IC1,IC1,712,Zürich HB,Genève-Aéroport,4,,2026-10-04 09:46:00+00:00,2026-10-04 09:47:30+00:00,,True,1.5,2026-10-04 10:43:58.453000+02:00,2026-10-04 11:46:00+02:00,2026-10-04 11:47:30+02:00,2026-10-04,11,Sunday,True,62.02578333333334
20261004_084355,2026-10-04 08:43:58.929000+00:00,Genève,rail,ch:1:sloid:1008,Genève,ch:1:sloid:1008:1:1,2026-10-04,ch:1:sjyid:100001:23235-001,rail,Regio,RL4,RL4,23235,Annemasse,Coppet,1,,2026-10-04 08:45:00+00:00,2026-10-04 08:45:12+00:00,,True,0.2,2026-10-04 10:43:58.929000+02:00,2026-10-04 10:45:00+02:00,2026-10-04 10:45:12+02:00,2026-10-04,10,Sunday,True,1.01785
20261004_084355,2026-10-04 08:43:58.929000+00:00,Genève,rail,ch:1:sloid:1008,Genève,ch:1:sloid:1008:2:2,2026-10-04,ch:1:sjyid:100001:23420-001,rail,Regio,RL2,RL2,23420,Coppet,Annecy,2,,2026-10-04 08:46:00+00:00,2026-10-04 08:46:42+00:00,,True,0.7,2026-10-04 10:43:58.929000+02:00,2026-10-04 10:46:00+02:00,2026-10-04 10:46:42+02:00,2026-10-04,10,Sunday,True,2.01785
20261004_084355,2026-10-04 08:43:58.929000+00:00,Genève,rail,ch:1:sloid:1008,Genève,ch:1:sloid:1008:3:5,2026-10-04,ch:1:sjyid:100001:23036-002,rail,Regio,RL5,RL5,23036,Genève,La Plaine,10,,2026-10-04 08:48:00+00:00,2026-10-04 08:48:12+00:00,,True,0.2,2026-10-04 10:43:58.929000+02:00,2026-10-04 10:48:00+02:00,2026-10-04 10:48:12+02:00,2026-10-04,10,Sunday,True,4.01785
20261004_084355,2026-10-04 08:43:58.929000+00:00,Genève,rail,ch:1:sloid:1008,Genève,ch:1:sloid:1008:2:2,2026-10-04,ch:1:sjyid:100001:18414-001,rail,RegioExpress,RE33,RE33,18414,St-Maurice,Annemasse,2,,2026-10-04 08:53:00+00:00,,,False,,2026-10-04 10:43:58.929000+02:00,2026-10-04 10:53:00+02:00,,2026-10-04,10,Sunday,True,9.017850000000001
20261004_084355,2026-10-04 08:43:58.929000+00:00,Genève,rail,ch:1:sloid:1008,Genève,ch:1:sloid:1008:3:4,2026-10-04,ch:1:sjyid:100001:2519-001,rail,InterRegio,IR15,IR15,2519,Genève-Aéroport,Luzern,4,,2026-10-04 08:54:00+00:00,2026-10-04 08:54:30+00:00,,True,0.5,2026-10-04 10:43:58.929000+02:00,2026-10-04 10:54:00+02:00,2026-10-04 10:54:30+02:00,2026-10-04,10,Sunday,True,10.017850000000001
20261004_084355,2026-10-04 08:43:58.929000+00:00,Genève,rail,ch:1:sloid:1008,Genève,ch:1:sloid:1008:2:3,2026-10-04,ch:1:sjyid:100001:1812-001,rail,InterRegio,IR90,IR90,1812,Brig,Genève-Aéroport,3,,2026-10-04 08:58:00+00:00,2026-10-04 08:58:30+00:00,,True,0.5,2026-10-04 10:43:58.929000+02:00,2026-10-04 10:58:00+02:00,2026-10-04 10:58:30+02:00,2026-10-04,10,Sunday,True,14.017850000000001
20261004_084355,2026-10-04 08:43:58.929000+00:00,Genève,rail,ch:1:sloid:1008,Genève,ch:1:sloid:1008:1:1,2026-10-04,ch:1:sjyid:100001:23137-001,rail,Regio,RL4,RL4,23137,Annemasse,Coppet,1,,2026-10-04 09:00:00+00:00,2026-10-04 09:00:12+00:00,,True,0.2,2026-10-04 10:43:58.929000+02:00,2026-10-04 11:00:00+02:00,2026-10-04 11:00:12+02:00,2026-10-04,11,Sunday,True,16.01785
20261004_084355,2026-10-04 08:43:58.929000+00:00,Genève,rail,ch:1:sloid:1008,Genève,ch:1:sloid:1008:2:2,2026-10-04,ch:1:sjyid:100001:23138-001,rail,Regio,RL4,RL4,23138,Coppet,Annemasse,2,,2026-10-04 09:01:00+00:00,2026-10-04 09:01:42+00:00,,True,0.7,2026-10-04 10:43:58.929000+02:00,2026-10-04 11:01:00+02:00,2026-10-04 11:01:42+02:00,2026-10-04,11,Sunday,True,17.01785
20261004_084355,2026-10-04 08:43:58.929000+00:00,Genève,rail,ch:1:sloid:1008,Genève,ch:1:sloid:1008:3:6,2026-10-04,ch:1:sjyid:100001:1817-001,rail,InterRegio,IR90,IR90,1817,Genève-Aéroport,Brig,5,,2026-10-04 09:05:00+00:00,2026-10-04 09:05:30+00:00,,True,0.5,2026-10-04 10:43:58.929000+02:00,2026-10-04 11:05:00+02:00,2026-10-04 11:05:30+02:00,2026-10-04,11,Sunday,True,21.01785
20261004_084355,2026-10-04 08:43:58.929000+00:00,Genève,rail,ch:1:sloid:1008,Genève,ch:1:sloid:1008:3:4,2026-10-04,ch:1:sjyid:100001:18415-001,rail,RegioExpress,RE33,RE33,18415,Annemasse,St-Maurice,4,,2026-10-04 09:08:00+00:00,2026-10-04 09:08:12+00:00,,True,0.2,2026-10-04 10:43:58.929000+02:00,2026-10-04 11:08:00+02:00,2026-10-04 11:08:12+02:00,2026-10-04,11,Sunday,True,24.01785
20261004_084355,2026-10-04 08:43:58.929000+00:00,Genève,rail,ch:1:sloid:1008,Genève,ch:1:sloid:1008:2:3,2026-10-04,ch:1:sjyid:100001:2512-002,rail,InterRegio,IR15,IR15,2512,Luzern,Genève-Aéroport,3,,2026-10-04 09:08:00+00:00,2026-10-04 09:08:30+00:00,,True,0.5,2026-10-04 10:43:58.929000+02:00,2026-10-04 11:08:00+02:00,2026-10-04 11:08:30+02:00,2026-10-04,11,Sunday,True,24.01785
20261004_084355,2026-10-04 08:43:58.929000+00:00,Genève,rail,ch:1:sloid:1008,Genève,ch:1:sloid:1008:1:1,2026-10-04,ch:1:sjyid:100001:23419-001,rail,Regio,RL2,RL2,23419,Annemasse,Coppet,1,,2026-10-04 09:15:00+00:00,2026-10-04 09:15:12+00:00,,True,0.2,2026-10-04 10:43:58.929000+02:00,2026-10-04 11:15:00+02:00,2026-10-04 11:15:12+02:00,2026-10-04,11,Sunday,True,31.01785
20261004_084355,2026-10-04 08:43:58.929000+00:00,Genève,rail,ch:1:sloid:1008,Genève,ch:1:sloid:1008:2:2,2026-10-04,ch:1:sjyid:100001:23238-001,rail,Regio,RL4,RL4,23238,Coppet,Annemasse,2,,2026-10-04 09:16:00+00:00,2026-10-04 09:16:42+00:00,,True,0.7,2026-10-04 10:43:58.929000+02:00,2026-10-04 11:16:00+02:00,2026-10-04 11:16:42+02:00,2026-10-04,11,Sunday,True,32.017849999999996
20261004_084355,2026-10-04 08:43:58.929000+00:00,Genève,rail,ch:1:sloid:1008,Genève,ch:1:sloid:1008:3:5,2026-10-04,ch:1:sjyid:100001:23038-002,rail,Regio,RL5,RL5,23038,Genève,La Plaine,10,,2026-10-04 09:18:00+00:00,2026-10-04 09:18:12+00:00,,True,0.2,2026-10-04 10:43:58.929000+02:00,2026-10-04 11:18:00+02:00,2026-10-04 11:18:12+02:00,2026-10-04,11,Sunday,True,34.017849999999996
20261004_084355,2026-10-04 08:43:58.929000+00:00,Genève,rail,ch:1:sloid:1008,Genève,ch:1:sloid:1008:2:2,2026-10-04,ch:1:sjyid:100001:18460-002,rail,RegioExpress,RE33,RE33,18460,Martigny,Genève-Aéroport,2,,2026-10-04 09:23:00+00:00,2026-10-04 09:23:12+00:00,,True,0.2,2026-10-04 10:43:58.929000+02:00,2026-10-04 11:23:00+02:00,2026-10-04 11:23:12+02:00,2026-10-04,11,Sunday,True,39.017849999999996
20261004_084355,2026-10-04 08:43:58.929000+00:00,Genève,rail,ch:1:sloid:1008,Genève,ch:1:sloid:1008:3:4,2026-10-04,ch:1:sjyid:100001:1719-001,rail,InterRegio,IR95,IR95,1719,Genève-Aéroport,Brig,4,,2026-10-04 09:24:00+00:00,2026-10-04 09:24:42+00:00,,True,0.7,2026-10-04 10:43:58.929000+02:00,2026-10-04 11:24:00+02:00,2026-10-04 11:24:42+02:00,2026-10-04,11,Sunday,True,40.017849999999996
20261004_084355,2026-10-04 08:43:58.929000+00:00,Genève,rail,ch:1:sloid:1008,Genève,ch:1:sloid:1008:4:8,2026-10-04,ch:1:sjyid:100001:96562-002,rail,Train Express Regional,TER,TER,96562,Genève,Lyon Part Dieu,7,,2026-10-04 09:24:00+00:00,2026-10-04 09:24:30+00:00,,True,0.5,2026-10-04 10:43:58.929000+02:00,2026-10-04 11:24:00+02:00,2026-10-04 11:24:30+02:00,2026-10-04,11,Sunday,True,40.017849999999996
20261004_084355,2026-10-04 08:43:58.929000+00:00,Genève,rail,ch:1:sloid:1008,Genève,ch:1:sloid:1008:2:3,2026-10-04,ch:1:sjyid:100001:710-001,rail,InterCity,IC1,IC1,710,Zürich HB,Genève-Aéroport,3,,2026-10-04 09:28:00+00:00,2026-10-04 09:29:12+00:00,,True,1.2,2026-10-04 10:43:58.929000+02:00,2026-10-04 11:28:00+02:00,2026-10-04 11:29:12+02:00,2026-10-04,11,Sunday,True,44.017849999999996
20261004_084355,2026-10-04 08:43:58.929000+00:00,Genève,rail,ch:1:sloid:1008,Genève,ch:1:sloid:1008:1:1,2026-10-04,ch:1:sjyid:100001:23481-001,rail,Regio,RL3,RL3,23481,Annemasse,Coppet,1,,2026-10-04 09:30:00+00:00,2026-10-04 09:30:12+00:00,,True,0.2,2026-10-04 10:43:58.929000+02:00,2026-10-04 11:30:00+02:00,2026-10-04 11:30:12+02:00,2026-10-04,11,Sunday,True,46.017849999999996
20261004_084355,2026-10-04 08:43:58.929000+00:00,Genève,rail,ch:1:sloid:1008,Genève,ch:1:sloid:1008:2:2,2026-10-04,ch:1:sjyid:100001:23316-001,rail,Regio,RL1,RL1,23316,Coppet,Evian-les-Bains,2,,2026-10-04 09:31:00+00:00,2026-10-04 09:31:42+00:00,,True,0.7,2026-10-04 10:43:58.929000+02:00,2026-10-04 11:31:00+02:00,2026-10-04 11:31:42+02:00,2026-10-04,11,Sunday,True,47.017849999999996
20261004_084355,2026-10-04 08:43:58.929000+00:00,Genève,rail,ch:1:sloid:1008,Genève,ch:1:sloid:1008:3:4,2026-10-04,ch:1:sjyid:100001:907-001,rail,InterCity,IC,IC,907,Genève-Aéroport,Zürich HB,4,,2026-10-04 09:35:00+00:00,2026-10-04 09:35:30+00:00,,True,0.5,2026-10-04 10:43:58.929000+02:00,2026-10-04 11:35:00+02:00,2026-10-04 11:35:30+02:00,2026-10-04,11,Sunday,True,51.017849999999996
20261004_084355,2026-10-04 08:43:58.929000+00:00,Genève,rail,ch:1:sloid:1008,Genève,ch:1:sloid:1008:2:2,2026-10-04,ch:1:sjyid:100001:1712-001,rail,InterRegio,IR95,IR95,1712,Brig,Genève-Aéroport,2,,2026-10-04 09:38:00+00:00,2026-10-04 09:38:30+00:00,,True,0.5,2026-10-04 10:43:58.929000+02:00,2026-10-04 11:38:00+02:00,2026-10-04 11:38:30+02:00,2026-10-04,11,Sunday,True,54.017849999999996
20261004_084355,2026-10-04 08:43:58.929000+00:00,Genève,rail,ch:1:sloid:1008,Genève,ch:1:sloid:1008:2:3,2026-10-04,ch:1:sjyid:100001:18469-002,rail,RegioExpress,RE33,RE33,18469,Genève-Aéroport,Martigny,3,,2026-10-04 09:39:00+00:00,2026-10-04 09:39:24+00:00,,True,0.4,2026-10-04 10:43:58.929000+02:00,2026-10-04 11:39:00+02:00,2026-10-04 11:39:24+02:00,2026-10-04,11,Sunday,True,55.017849999999996
20261004_084355,2026-10-04 08:43:58.929000+00:00,Genève,rail,ch:1:sloid:1008,Genève,ch:1:sloid:1008:1:1,2026-10-04,ch:1:sjyid:100001:23239-001,rail,Regio,RL4,RL4,23239,Annemasse,Coppet,1,,2026-10-04 09:45:00+00:00,2026-10-04 09:45:12+00:00,,True,0.2,2026-10-04 10:43:58.929000+02:00,2026-10-04 11:45:00+02:00,2026-10-04 11:45:12+02:00,2026-10-04,11,Sunday,True,61.017849999999996
20261004_084355,2026-10-04 08:43:58.929000+00:00,Genève,rail,ch:1:sloid:1008,Genève,ch:1:sloid:1008:2:2,2026-10-04,ch:1:sjyid:100001:23422-001,rail,Regio,RL2,RL2,23422,Coppet,Annecy,2,,2026-10-04 09:46:00+00:00,2026-10-04 09:46:42+00:00,,True,0.7,2026-10-04 10:43:58.929000+02:00,2026-10-04 11:46:00+02:00,2026-10-04 11:46:42+02:00,2026-10-04,11,Sunday,True,62.017849999999996
20261004_084355,2026-10-04 08:43:58.929000+00:00,Genève,rail,ch:1:sloid:1008,Genève,ch:1:sloid:1008:3:5,2026-10-04,ch:1:sjyid:100001:23040-002,rail,Regio,RL5,RL5,23040,Genève,La Plaine,10,,2026-10-04 09:48:00+00:00,2026-10-04 09:48:12+00:00,,True,0.2,2026-10-04 10:43:58.929000+02:00,2026-10-04 11:48:00+02:00,2026-10-04 11:48:12+02:00,2026-10-04,11,Sunday,True,64.01785
20261004_084355,2026-10-04 08:43:58.929000+00:00,Genève,rail,ch:1:sloid:1008,Genève,ch:1:sloid:1008:2:3,2026-10-04,ch:1:sjyid:100001:1662-002,rail,InterRegio,IR57,IR57,1662,Neuchâtel,Genève-Aéroport,3,,2026-10-04 09:48:00+00:00,2026-10-04 09:49:06+00:00,,True,1.1,2026-10-04 10:43:58.929000+02:00,2026-10-04 11:48:00+02:00,2026-10-04 11:49:06+02:00,2026-10-04,11,Sunday,True,64.01785
20261004_084355,2026-10-04 08:43:58.929000+00:00,Genève,rail,ch:1:sloid:1008,Genève,ch:1:sloid:1008:2:2,2026-10-04,ch:1:sjyid:100001:18416-001,rail,RegioExpress,RE33,RE33,18416,St-Maurice,Annemasse,2,,2026-10-04 09:53:00+00:00,,,False,,2026-10-04 10:43:58.929000+02:00,2026-10-04 11:53:00+02:00,,2026-10-04,11,Sunday,True,69.01785
20261004_084355,2026-10-04 08:43:58.929000+00:00,Genève,rail,ch:1:sloid:1008,Genève,ch:1:sloid:1008:3:4,2026-10-04,ch:1:sjyid:100001:2521-001,rail,InterRegio,IR15,IR15,2521,Genève-Aéroport,Luzern,4,,2026-10-04 09:54:00+00:00,2026-10-04 09:54:30+00:00,,True,0.5,2026-10-04 10:43:58.929000+02:00,2026-10-04 11:54:00+02:00,2026-10-04 11:54:30+02:00,2026-10-04,11,Sunday,True,70.01785
20261004_084355,2026-10-04 08:43:58.929000+00:00,Genève,rail,ch:1:sloid:1008,Genève,ch:1:sloid:1008:4:8,2026-10-04,ch:1:sjyid:100001:96638-002,rail,Train Express Regional,TER,TER,96638,Genève,Grenoble,7,,2026-10-04 09:57:00+00:00,2026-10-04 09:58:00+00:00,,True,1.0,2026-10-04 10:43:58.929000+02:00,2026-10-04 11:57:00+02:00,2026-10-04 11:58:00+02:00,2026-10-04,11,Sunday,True,73.01785
20261004_084355,2026-10-04 08:43:59.433000+00:00,Lugano,rail,ch:1:sloid:5300,Lugano,ch:1:sloid:5300:2:2,2026-10-04,ch:1:sjyid:100001:25917-001,rail,S-Bahn,S90,S90,25917,Giubiasco,Mendrisio,2,,2026-10-04 08:52:00+00:00,2026-10-04 08:52:12+00:00,,True,0.2,2026-10-04 10:43:59.433000+02:00,2026-10-04 10:52:00+02:00,2026-10-04 10:52:12+02:00,2026-10-04,10,Sunday,True,8.00945
20261004_084355,2026-10-04 08:43:59.433000+00:00,Lugano,rail,ch:1:sloid:5300,Lugano,ch:1:sloid:5300:3:4,2026-10-04,ch:1:sjyid:100001:25764-001,rail,S-Bahn,S10,S10,25764,Mendrisio,Biasca,4,,2026-10-04 08:55:00+00:00,2026-10-04 08:55:36+00:00,,True,0.6,2026-10-04 10:43:59.433000+02:00,2026-10-04 10:55:00+02:00,2026-10-04 10:55:36+02:00,2026-10-04,10,Sunday,True,11.00945
20261004_084355,2026-10-04 08:43:59.433000+00:00,Lugano,rail,ch:1:sloid:5300,Lugano,ch:1:sloid:5300:2:3,2026-10-04,ch:1:sjyid:100001:874-001,rail,InterCity,IC2,IC2,874,Lugano,Zürich HB,3,,2026-10-04 09:02:00+00:00,2026-10-04 09:02:30+00:00,,True,0.5,2026-10-04 10:43:59.433000+02:00,2026-10-04 11:02:00+02:00,2026-10-04 11:02:30+02:00,2026-10-04,11,Sunday,True,18.00945
20261004_084355,2026-10-04 08:43:59.433000+00:00,Lugano,rail,ch:1:sloid:5300,Lugano,ch:1:sloid:5300:1:1,2026-10-04,ch:1:sjyid:100001:25517-001,rail,RegioExpress,RE80,RE80,25517,Locarno,Milano Centrale,1,,2026-10-04 09:02:00+00:00,,,False,,2026-10-04 10:43:59.433000+02:00,2026-10-04 11:02:00+02:00,,2026-10-04,11,Sunday,True,18.00945
20261004_084355,2026-10-04 08:43:59.433000+00:00,Lugano,rail,ch:1:sloid:5300,Lugano,ch:1:sloid:5300:3:4,2026-10-04,ch:1:sjyid:100001:25512-001,rail,RegioExpress,RE80,RE80,25512,Milano Centrale,Locarno,4,,2026-10-04 09:05:00+00:00,2026-10-04 09:05:12+00:00,,True,0.2,2026-10-04 10:43:59.433000+02:00,2026-10-04 11:05:00+02:00,2026-10-04 11:05:12+02:00,2026-10-04,11,Sunday,True,21.00945
20261004_084355,2026-10-04 08:43:59.433000+00:00,Lugano,rail,ch:1:sloid:5300,Lugano,ch:1:sloid:5300:1:1,2026-10-04,ch:1:sjyid:100001:25767-001,rail,S-Bahn,S10,S10,25767,Biasca,Como S. Giovanni/Malpensa Aeroporto T2,1,,2026-10-04 09:06:00+00:00,2026-10-04 09:06:12+00:00,,True,0.2,2026-10-04 10:43:59.433000+02:00,2026-10-04 11:06:00+02:00,2026-10-04 11:06:12+02:00,2026-10-04,11,Sunday,True,22.00945
20261004_084355,2026-10-04 08:43:59.433000+00:00,Lugano,rail,ch:1:sloid:5300,Lugano,ch:1:sloid:5300:2:3,2026-10-04,ch:1:sjyid:100001:25918-001,rail,S-Bahn,S90,S90,25918,Mendrisio,Giubiasco,3,,2026-10-04 09:08:00+00:00,2026-10-04 09:08:12+00:00,,True,0.2,2026-10-04 10:43:59.433000+02:00,2026-10-04 11:08:00+02:00,2026-10-04 11:08:12+02:00,2026-10-04,11,Sunday,True,24.00945
20261004_084355,2026-10-04 08:43:59.433000+00:00,Lugano,rail,ch:1:sloid:5300,Lugano,ch:1:sloid:5300:3:4,2026-10-04,ch:1:sjyid:100001:25118-001,rail,S-Bahn,S10,S10,25118,Como Camerlata,Biasca,4,,2026-10-04 09:25:00+00:00,2026-10-04 09:25:24+00:00,,True,0.4,2026-10-04 10:43:59.433000+02:00,2026-10-04 11:25:00+02:00,2026-10-04 11:25:24+02:00,2026-10-04,11,Sunday,True,41.00945
20261004_084355,2026-10-04 08:43:59.433000+00:00,Lugano,rail,ch:1:sloid:5300,Lugano,ch:1:sloid:5300:2:2,2026-10-04,ch:1:sjyid:100001:25819-001,rail,RegioExpress,RE80,RE80,25819,Locarno,Chiasso,2,,2026-10-04 09:25:00+00:00,2026-10-04 09:25:12+00:00,,True,0.2,2026-10-04 10:43:59.433000+02:00,2026-10-04 11:25:00+02:00,2026-10-04 11:25:12+02:00,2026-10-04,11,Sunday,True,41.00945
20261004_084355,2026-10-04 08:43:59.433000+00:00,Lugano,rail,ch:1:sloid:5300,Lugano,ch:1:sloid:5300:2:3,2026-10-04,ch:1:sjyid:100001:1474-001,rail,InterCity,IC2,IC2,1474,Chiasso,Zürich HB,3,,2026-10-04 09:30:00+00:00,2026-10-04 09:31:00+00:00,,True,1.0,2026-10-04 10:43:59.433000+02:00,2026-10-04 11:30:00+02:00,2026-10-04 11:31:00+02:00,2026-10-04,11,Sunday,True,46.00945
20261004_084355,2026-10-04 08:43:59.433000+00:00,Lugano,rail,ch:1:sloid:5300,Lugano,ch:1:sloid:5300:2:2,2026-10-04,ch:1:sjyid:100001:15-002,rail,EuroCity,EC,EC,15,Zürich HB,Milano Centrale,2,,2026-10-04 09:30:00+00:00,,,False,,2026-10-04 10:43:59.433000+02:00,2026-10-04 11:30:00+02:00,,2026-10-04,11,Sunday,True,46.00945
20261004_084355,2026-10-04 08:43:59.433000+00:00,Lugano,rail,ch:1:sloid:5300,Lugano,ch:1:sloid:5300:3:4,2026-10-04,ch:1:sjyid:100001:25814-001,rail,RegioExpress,RE80,RE80,25814,Chiasso,Locarno,4,,2026-10-04 09:35:00+00:00,2026-10-04 09:35:48+00:00,,True,0.8,2026-10-04 10:43:59.433000+02:00,2026-10-04 11:35:00+02:00,2026-10-04 11:35:48+02:00,2026-10-04,11,Sunday,True,51.00945
20261004_084355,2026-10-04 08:43:59.433000+00:00,Lugano,rail,ch:1:sloid:5300,Lugano,ch:1:sloid:5300:2:2,2026-10-04,ch:1:sjyid:100001:25119-001,rail,S-Bahn,S10,S10,25119,Biasca,Como Camerlata,2,,2026-10-04 09:36:00+00:00,,,False,,2026-10-04 10:43:59.433000+02:00,2026-10-04 11:36:00+02:00,,2026-10-04,11,Sunday,True,52.00945
20261004_084355,2026-10-04 08:43:59.433000+00:00,Lugano,rail,ch:1:sloid:5300,Lugano,ch:1:sloid:5300:1:1,2026-10-04,ch:1:sjyid:100001:25966-001,rail,S-Bahn,S90,S90,25966,Lugano,Giubiasco,1,,2026-10-04 09:38:00+00:00,2026-10-04 09:38:12+00:00,,True,0.2,2026-10-04 10:43:59.433000+02:00,2026-10-04 11:38:00+02:00,2026-10-04 11:38:12+02:00,2026-10-04,11,Sunday,True,54.00945
20261004_084355,2026-10-04 08:43:59.433000+00:00,Lugano,rail,ch:1:sloid:5300,Lugano,ch:1:sloid:5300:2:2,2026-10-04,ch:1:sjyid:100001:25919-001,rail,S-Bahn,S90,S90,25919,Giubiasco,Mendrisio,2,,2026-10-04 09:52:00+00:00,2026-10-04 09:52:12+00:00,,True,0.2,2026-10-04 10:43:59.433000+02:00,2026-10-04 11:52:00+02:00,2026-10-04 11:52:12+02:00,2026-10-04,11,Sunday,True,68.00945
20261004_084355,2026-10-04 08:43:59.433000+00:00,Lugano,rail,ch:1:sloid:5300,Lugano,ch:1:sloid:5300:3:4,2026-10-04,ch:1:sjyid:100001:25766-001,rail,S-Bahn,S10,S10,25766,Mendrisio,Biasca,4,,2026-10-04 09:55:00+00:00,2026-10-04 09:55:36+00:00,,True,0.6,2026-10-04 10:43:59.433000+02:00,2026-10-04 11:55:00+02:00,2026-10-04 11:55:36+02:00,2026-10-04,11,Sunday,True,71.00945
20261004_084355,2026-10-04 08:43:59.433000+00:00,Lugano,rail,ch:1:sloid:5300,Lugano,ch:1:sloid:5300:2:3,2026-10-04,ch:1:sjyid:100001:178-001,rail,EuroCity,EC,EC,178,Como S. Giovanni,Basel SBB,3,,2026-10-04 10:02:00+00:00,2026-10-04 10:02:30+00:00,,True,0.5,2026-10-04 10:43:59.433000+02:00,2026-10-04 12:02:00+02:00,2026-10-04 12:02:30+02:00,2026-10-04,12,Sunday,True,78.00945
20261004_084355,2026-10-04 08:43:59.433000+00:00,Lugano,rail,ch:1:sloid:5300,Lugano,ch:1:sloid:5300:1:1,2026-10-04,ch:1:sjyid:100001:25519-001,rail,RegioExpress,RE80,RE80,25519,Locarno,Milano Centrale,1,,2026-10-04 10:02:00+00:00,,,False,,2026-10-04 10:43:59.433000+02:00,2026-10-04 12:02:00+02:00,,2026-10-04,12,Sunday,True,78.00945
20261004_084355,2026-10-04 08:43:59.433000+00:00,Lugano,rail,ch:1:sloid:5300,Lugano,ch:1:sloid:5300:3:4,2026-10-04,ch:1:sjyid:100001:25514-001,rail,RegioExpress,RE80,RE80,25514,Milano Centrale,Locarno,4,,2026-10-04 10:05:00+00:00,2026-10-04 10:05:12+00:00,,True,0.2,2026-10-04 10:43:59.433000+02:00,2026-10-04 12:05:00+02:00,2026-10-04 12:05:12+02:00,2026-10-04,12,Sunday,True,81.00945
20261004_084355,2026-10-04 08:43:59.433000+00:00,Lugano,rail,ch:1:sloid:5300,Lugano,ch:1:sloid:5300:1:1,2026-10-04,ch:1:sjyid:100001:25769-001,rail,S-Bahn,S10,S10,25769,Biasca,Como S. Giovanni/Malpensa Aeroporto T2,1,,2026-10-04 10:06:00+00:00,2026-10-04 10:06:12+00:00,,True,0.2,2026-10-04 10:43:59.433000+02:00,2026-10-04 12:06:00+02:00,2026-10-04 12:06:12+02:00,2026-10-04,12,Sunday,True,82.00945
20261004_084355,2026-10-04 08:43:59.433000+00:00,Lugano,rail,ch:1:sloid:5300,Lugano,ch:1:sloid:5300:2:3,2026-10-04,ch:1:sjyid:100001:25920-001,rail,S-Bahn,S90,S90,25920,Mendrisio,Giubiasco,3,,2026-10-04 10:08:00+00:00,2026-10-04 10:08:12+00:00,,True,0.2,2026-10-04 10:43:59.433000+02:00,2026-10-04 12:08:00+02:00,2026-10-04 12:08:12+02:00,2026-10-04,12,Sunday,True,84.00945
20261004_084355,2026-10-04 08:43:59.433000+00:00,Lugano,rail,ch:1:sloid:5300,Lugano,ch:1:sloid:5300:3:4,2026-10-04,ch:1:sjyid:100001:25120-001,rail,S-Bahn,S10,S10,25120,Como Camerlata,Biasca,4,,2026-10-04 10:25:00+00:00,2026-10-04 10:25:24+00:00,,True,0.4,2026-10-04 10:43:59.433000+02:00,2026-10-04 12:25:00+02:00,2026-10-04 12:25:24+02:00,2026-10-04,12,Sunday,True,101.00945
20261004_084355,2026-10-04 08:43:59.433000+00:00,Lugano,rail,ch:1:sloid:5300,Lugano,ch:1:sloid:5300:2:2,2026-10-04,ch:1:sjyid:100001:25821-001,rail,RegioExpress,RE80,RE80,25821,Locarno,Chiasso,2,,2026-10-04 10:25:00+00:00,2026-10-04 10:25:12+00:00,,True,0.2,2026-10-04 10:43:59.433000+02:00,2026-10-04 12:25:00+02:00,2026-10-04 12:25:12+02:00,2026-10-04,12,Sunday,True,101.00945
20261004_084355,2026-10-04 08:43:59.433000+00:00,Lugano,rail,ch:1:sloid:5300,Lugano,ch:1:sloid:5300:2:3,2026-10-04,ch:1:sjyid:100001:150-001,rail,EuroCity,EC,EC,150,Como S. Giovanni,Basel SBB,3,,2026-10-04 10:30:00+00:00,2026-10-04 10:31:00+00:00,,True,1.0,2026-10-04 10:43:59.433000+02:00,2026-10-04 12:30:00+02:00,2026-10-04 12:31:00+02:00,2026-10-04,12,Sunday,True,106.00945
20261004_084355,2026-10-04 08:43:59.433000+00:00,Lugano,rail,ch:1:sloid:5300,Lugano,ch:1:sloid:5300:2:2,2026-10-04,ch:1:sjyid:100001:153-008,rail,EuroCity,EC,EC,153,Zürich HB,Rimini,2,,2026-10-04 10:30:00+00:00,,,False,,2026-10-04 10:43:59.433000+02:00,2026-10-04 12:30:00+02:00,,2026-10-04,12,Sunday,True,106.00945
20261004_084355,2026-10-04 08:43:59.433000+00:00,Lugano,rail,ch:1:sloid:5300,Lugano,ch:1:sloid:5300:3:4,2026-10-04,ch:1:sjyid:100001:25816-001,rail,RegioExpress,RE80,RE80,25816,Chiasso,Locarno,4,,2026-10-04 10:35:00+00:00,2026-10-04 10:35:48+00:00,,True,0.8,2026-10-04 10:43:59.433000+02:00,2026-10-04 12:35:00+02:00,2026-10-04 12:35:48+02:00,2026-10-04,12,Sunday,True,111.00945
20261004_084355,2026-10-04 08:43:59.433000+00:00,Lugano,rail,ch:1:sloid:5300,Lugano,ch:1:sloid:5300:2:2,2026-10-04,ch:1:sjyid:100001:25121-001,rail,S-Bahn,S10,S10,25121,Biasca,Como Camerlata,2,,2026-10-04 10:36:00+00:00,,,False,,2026-10-04 10:43:59.433000+02:00,2026-10-04 12:36:00+02:00,,2026-10-04,12,Sunday,True,112.00945
20261004_084355,2026-10-04 08:43:59.433000+00:00,Lugano,rail,ch:1:sloid:5300,Lugano,ch:1:sloid:5300:1:1,2026-10-04,ch:1:sjyid:100001:25968-001,rail,S-Bahn,S90,S90,25968,Lugano,Giubiasco,1,,2026-10-04 10:38:00+00:00,,,False,,2026-10-04 10:43:59.433000+02:00,2026-10-04 12:38:00+02:00,,2026-10-04,12,Sunday,True,114.00945
20261004_084355,2026-10-04 08:43:59.433000+00:00,Lugano,rail,ch:1:sloid:5300,Lugano,ch:1:sloid:5300:2:2,2026-10-04,ch:1:sjyid:100001:25921-001,rail,S-Bahn,S90,S90,25921,Giubiasco,Mendrisio,2,,2026-10-04 10:52:00+00:00,2026-10-04 10:52:12+00:00,,True,0.2,2026-10-04 10:43:59.433000+02:00,2026-10-04 12:52:00+02:00,2026-10-04 12:52:12+02:00,2026-10-04,12,Sunday,True,128.00945
20261004_084355,2026-10-04 08:43:59.433000+00:00,Lugano,rail,ch:1:sloid:5300,Lugano,ch:1:sloid:5300:3:4,2026-10-04,ch:1:sjyid:100001:25768-001,rail,S-Bahn,S10,S10,25768,Mendrisio,Biasca,4,,2026-10-04 10:55:00+00:00,,,False,,2026-10-04 10:43:59.433000+02:00,2026-10-04 12:55:00+02:00,,2026-10-04,12,Sunday,True,131.00945
20261004_084355,2026-10-04 08:43:59.877000+00:00,Zürich,local,ch:1:sloid:87348,"Zürich, Bahnhofplatz/HB",ch:1:sloid:87348::0,2026-10-04,ch:1:sjyid:100648:plan:aab1ecc3-a238-4cea-bee0-ab0539ce6e90,tram,Tram,6,6,13931,"Zürich, Bahnhofplatz/HB",Zoo,,,2026-10-04 08:45:30+00:00,2026-10-04 08:45:30+00:00,,True,0.0,2026-10-04 10:43:59.877000+02:00,2026-10-04 10:45:30+02:00,2026-10-04 10:45:30+02:00,2026-10-04,10,Sunday,True,1.50205
20261004_084355,2026-10-04 08:43:59.877000+00:00,Zürich,local,ch:1:sloid:87348,"Zürich, Bahnhofplatz/HB",ch:1:sloid:87348,2026-10-04,ch:1:sjyid:100648:plan:de388ee0-37d3-46ba-aa05-4d45a0a45d97,bus,Bus,31,31,16082,"Zürich, Hermetschloo",Kienastenwies,,,2026-10-04 08:45:06+00:00,2026-10-04 08:49:06+00:00,,True,4.0,2026-10-04 10:43:59.877000+02:00,2026-10-04 10:45:06+02:00,2026-10-04 10:49:06+02:00,2026-10-04,10,Sunday,True,1.10205
20261004_084355,2026-10-04 08:43:59.877000+00:00,Zürich,local,ch:1:sloid:87348,"Zürich, Bahnhofplatz/HB",ch:1:sloid:87348::0,2026-10-04,ch:1:sjyid:100648:plan:82836a58-2aee-4459-ac6a-494f357a8cb0,tram,Tram,3,3,13187,"Zürich, Albisrieden",Klusplatz,,,2026-10-04 08:48:12+00:00,2026-10-04 08:48:18+00:00,,True,0.1,2026-10-04 10:43:59.877000+02:00,2026-10-04 10:48:12+02:00,2026-10-04 10:48:18+02:00,2026-10-04,10,Sunday,True,4.20205
20261004_084355,2026-10-04 08:43:59.877000+00:00,Zürich,local,ch:1:sloid:87348,"Zürich, Bahnhofplatz/HB",ch:1:sloid:87348::1,2026-10-04,ch:1:sjyid:100648:plan:03911aa5-08f4-4ee5-84cc-810dc5cfede8,tram,Tram,14,14,14098,"Zürich, Bahnhofplatz/HB",Triemli,,,2026-10-04 08:48:54+00:00,2026-10-04 08:48:54+00:00,,True,0.0,2026-10-04 10:43:59.877000+02:00,2026-10-04 10:48:54+02:00,2026-10-04 10:48:54+02:00,2026-10-04,10,Sunday,True,4.90205
20261004_084355,2026-10-04 08:43:59.877000+00:00,Zürich,local,ch:1:sloid:87348,"Zürich, Bahnhofplatz/HB",ch:1:sloid:87348::11,2026-10-04,ch:1:sjyid:100648:plan:ba2d61ce-2506-43a2-9d9b-0f6cf0123c5f,bus,Bus,31,31,16245,"Zürich, Kienastenwies",Hermetschloo,,,2026-10-04 08:48:24+00:00,2026-10-04 08:48:54+00:00,,True,0.5,2026-10-04 10:43:59.877000+02:00,2026-10-04 10:48:24+02:00,2026-10-04 10:48:54+02:00,2026-10-04,10,Sunday,True,4.40205
20261004_084355,2026-10-04 08:43:59.877000+00:00,Zürich,local,ch:1:sloid:87348,"Zürich, Bahnhofplatz/HB",ch:1:sloid:87348::1,2026-10-04,ch:1:sjyid:100648:plan:a6e208c0-c262-4296-9bad-f5d92ba13894,tram,Tram,3,3,13781,"Zürich, Klusplatz",Albisrieden,,,2026-10-04 08:53:06+00:00,2026-10-04 08:53:12+00:00,,True,0.1,2026-10-04 10:43:59.877000+02:00,2026-10-04 10:53:06+02:00,2026-10-04 10:53:12+02:00,2026-10-04,10,Sunday,True,9.10205
20261004_084355,2026-10-04 08:43:59.877000+00:00,Zürich,local,ch:1:sloid:87348,"Zürich, Bahnhofplatz/HB",ch:1:sloid:87348::0,2026-10-04,ch:1:sjyid:100648:plan:12e2f477-afb0-4f99-be8d-9aea44ecdfbe,tram,Tram,6,6,14398,"Zürich, Bahnhofplatz/HB",Zoo,,,2026-10-04 08:55:30+00:00,2026-10-04 08:55:30+00:00,,True,0.0,2026-10-04 10:43:59.877000+02:00,2026-10-04 10:55:30+02:00,2026-10-04 10:55:30+02:00,2026-10-04,10,Sunday,True,11.50205
20261004_084355,2026-10-04 08:43:59.877000+00:00,Zürich,local,ch:1:sloid:87348,"Zürich, Bahnhofplatz/HB",ch:1:sloid:87348,2026-10-04,ch:1:sjyid:100648:plan:c14c7325-1afa-46fc-a71c-3d6aaab09f2a,bus,Bus,31,31,16640,"Zürich, Hermetschloo",Kienastenwies,,,2026-10-04 08:55:06+00:00,2026-10-04 08:55:06+00:00,,True,0.0,2026-10-04 10:43:59.877000+02:00,2026-10-04 10:55:06+02:00,2026-10-04 10:55:06+02:00,2026-10-04,10,Sunday,True,11.10205
20261004_084355,2026-10-04 08:43:59.877000+00:00,Zürich,local,ch:1:sloid:87348,"Zürich, Bahnhofplatz/HB",ch:1:sloid:87348::0,2026-10-04,ch:1:sjyid:100648:plan:81b492bd-7586-452d-83e0-b45a815a6014,tram,Tram,3,3,13649,"Zürich, Albisrieden",Klusplatz,,,2026-10-04 08:58:12+00:00,2026-10-04 08:57:36+00:00,,True,-0.6,2026-10-04 10:43:59.877000+02:00,2026-10-04 10:58:12+02:00,2026-10-04 10:57:36+02:00,2026-10-04,10,Sunday,True,14.202050000000002
20261004_084355,2026-10-04 08:43:59.877000+00:00,Zürich,local,ch:1:sloid:87348,"Zürich, Bahnhofplatz/HB",ch:1:sloid:87348::1,2026-10-04,ch:1:sjyid:100648:plan:f24b4251-35e8-48e3-9012-910437561fd2,tram,Tram,14,14,14563,"Zürich, Bahnhofplatz/HB",Triemli,,,2026-10-04 08:58:54+00:00,2026-10-04 08:58:54+00:00,,True,0.0,2026-10-04 10:43:59.877000+02:00,2026-10-04 10:58:54+02:00,2026-10-04 10:58:54+02:00,2026-10-04,10,Sunday,True,14.902050000000001
20261004_084355,2026-10-04 08:43:59.877000+00:00,Zürich,local,ch:1:sloid:87348,"Zürich, Bahnhofplatz/HB",ch:1:sloid:87348::11,2026-10-04,ch:1:sjyid:100648:plan:d57a88ca-017e-48ba-83e4-fe57848e36ed,bus,Bus,31,31,16832,"Zürich, Kienastenwies",Hermetschloo,,,2026-10-04 08:58:24+00:00,2026-10-04 08:58:00+00:00,,True,-0.4,2026-10-04 10:43:59.877000+02:00,2026-10-04 10:58:24+02:00,2026-10-04 10:58:00+02:00,2026-10-04,10,Sunday,True,14.402050000000001
20261004_084355,2026-10-04 08:43:59.877000+00:00,Zürich,local,ch:1:sloid:87348,"Zürich, Bahnhofplatz/HB",ch:1:sloid:87348::1,2026-10-04,ch:1:sjyid:100648:plan:d7f66b6f-48b2-4971-b6a2-b1032b4c2164,tram,Tram,3,3,14254,"Zürich, Klusplatz",Albisrieden,,,2026-10-04 09:03:06+00:00,2026-10-04 09:03:06+00:00,,True,0.0,2026-10-04 10:43:59.877000+02:00,2026-10-04 11:03:06+02:00,2026-10-04 11:03:06+02:00,2026-10-04,11,Sunday,True,19.102050000000002
20261004_084355,2026-10-04 08:43:59.877000+00:00,Zürich,local,ch:1:sloid:87348,"Zürich, Bahnhofplatz/HB",ch:1:sloid:87348::0,2026-10-04,ch:1:sjyid:100648:plan:df1d3afa-2a9c-4d0f-8587-929cade5ef47,tram,Tram,6,6,14871,"Zürich, Bahnhofplatz/HB",Zoo,,,2026-10-04 09:05:30+00:00,2026-10-04 09:05:30+00:00,,True,0.0,2026-10-04 10:43:59.877000+02:00,2026-10-04 11:05:30+02:00,2026-10-04 11:05:30+02:00,2026-10-04,11,Sunday,True,21.50205
20261004_084355,2026-10-04 08:43:59.877000+00:00,Zürich,local,ch:1:sloid:87348,"Zürich, Bahnhofplatz/HB",ch:1:sloid:87348,2026-10-04,ch:1:sjyid:100648:plan:ae949ce3-51c2-4f0e-8cf1-2d9b588bf72e,bus,Bus,31,31,17184,"Zürich, Hermetschloo",Kienastenwies,,,2026-10-04 09:05:06+00:00,2026-10-04 09:05:06+00:00,,True,0.0,2026-10-04 10:43:59.877000+02:00,2026-10-04 11:05:06+02:00,2026-10-04 11:05:06+02:00,2026-10-04,11,Sunday,True,21.102050000000002
20261004_084355,2026-10-04 08:43:59.877000+00:00,Zürich,local,ch:1:sloid:87348,"Zürich, Bahnhofplatz/HB",ch:1:sloid:87348::0,2026-10-04,ch:1:sjyid:100648:plan:f7e8912b-56f7-462f-940c-a1e46fdac1c7,tram,Tram,3,3,14152,"Zürich, Albisrieden",Klusplatz,,,2026-10-04 09:08:12+00:00,2026-10-04 09:08:12+00:00,,True,0.0,2026-10-04 10:43:59.877000+02:00,2026-10-04 11:08:12+02:00,2026-10-04 11:08:12+02:00,2026-10-04,11,Sunday,True,24.20205
20261004_084355,2026-10-04 08:43:59.877000+00:00,Zürich,local,ch:1:sloid:87348,"Zürich, Bahnhofplatz/HB",ch:1:sloid:87348::1,2026-10-04,ch:1:sjyid:100648:plan:22ddd9e2-e620-49d4-a247-5ad0bc38b738,tram,Tram,14,14,15038,"Zürich, Bahnhofplatz/HB",Triemli,,,2026-10-04 09:08:54+00:00,2026-10-04 09:08:54+00:00,,True,0.0,2026-10-04 10:43:59.877000+02:00,2026-10-04 11:08:54+02:00,2026-10-04 11:08:54+02:00,2026-10-04,11,Sunday,True,24.90205
20261004_084355,2026-10-04 08:43:59.877000+00:00,Zürich,local,ch:1:sloid:87348,"Zürich, Bahnhofplatz/HB",ch:1:sloid:87348::11,2026-10-04,ch:1:sjyid:100648:plan:9fae51cf-04d8-40fb-88b6-638b6548b37b,bus,Bus,31,31,17393,"Zürich, Kienastenwies",Hermetschloo,,,2026-10-04 09:08:24+00:00,2026-10-04 09:08:24+00:00,,True,0.0,2026-10-04 10:43:59.877000+02:00,2026-10-04 11:08:24+02:00,2026-10-04 11:08:24+02:00,2026-10-04,11,Sunday,True,24.40205
20261004_084355,2026-10-04 08:43:59.877000+00:00,Zürich,local,ch:1:sloid:87348,"Zürich, Bahnhofplatz/HB",ch:1:sloid:87348::1,2026-10-04,ch:1:sjyid:100648:plan:494343ab-9f91-44f8-9311-4844dbfccb26,tram,Tram,3,3,14694,"Zürich, Klusplatz",Albisrieden,,,2026-10-04 09:13:06+00:00,2026-10-04 09:13:06+00:00,,True,0.0,2026-10-04 10:43:59.877000+02:00,2026-10-04 11:13:06+02:00,2026-10-04 11:13:06+02:00,2026-10-04,11,Sunday,True,29.102050000000002
20261004_084355,2026-10-04 08:43:59.877000+00:00,Zürich,local,ch:1:sloid:87348,"Zürich, Bahnhofplatz/HB",ch:1:sloid:87348::0,2026-10-04,ch:1:sjyid:100648:plan:25d45447-0fc3-42ee-8300-0e1ce2b7f063,tram,Tram,6,6,15343,"Zürich, Bahnhofplatz/HB",Zoo,,,2026-10-04 09:15:30+00:00,2026-10-04 09:15:30+00:00,,True,0.0,2026-10-04 10:43:59.877000+02:00,2026-10-04 11:15:30+02:00,2026-10-04 11:15:30+02:00,2026-10-04,11,Sunday,True,31.50205
20261004_084355,2026-10-04 08:43:59.877000+00:00,Zürich,local,ch:1:sloid:87348,"Zürich, Bahnhofplatz/HB",ch:1:sloid:87348,2026-10-04,ch:1:sjyid:100648:plan:e17aa588-0051-46c4-8b1e-6b2503e71935,bus,Bus,31,31,17754,"Zürich, Hermetschloo",Kienastenwies,,,2026-10-04 09:15:06+00:00,2026-10-04 09:15:06+00:00,,True,0.0,2026-10-04 10:43:59.877000+02:00,2026-10-04 11:15:06+02:00,2026-10-04 11:15:06+02:00,2026-10-04,11,Sunday,True,31.102050000000002
20261004_084355,2026-10-04 08:43:59.877000+00:00,Zürich,local,ch:1:sloid:87348,"Zürich, Bahnhofplatz/HB",ch:1:sloid:87348::0,2026-10-04,ch:1:sjyid:100648:plan:19e455cf-2c71-46a0-ae11-9ead00b78340,tram,Tram,3,3,14605,"Zürich, Albisrieden",Klusplatz,,,2026-10-04 09:18:12+00:00,2026-10-04 09:18:12+00:00,,True,0.0,2026-10-04 10:43:59.877000+02:00,2026-10-04 11:18:12+02:00,2026-10-04 11:18:12+02:00,2026-10-04,11,Sunday,True,34.20205
20261004_084355,2026-10-04 08:43:59.877000+00:00,Zürich,local,ch:1:sloid:87348,"Zürich, Bahnhofplatz/HB",ch:1:sloid:87348::1,2026-10-04,ch:1:sjyid:100648:plan:87d8aa44-6b05-484a-bf8e-98e0ec6a02d6,tram,Tram,14,14,15509,"Zürich, Bahnhofplatz/HB",Triemli,,,2026-10-04 09:18:54+00:00,2026-10-04 09:18:54+00:00,,True,0.0,2026-10-04 10:43:59.877000+02:00,2026-10-04 11:18:54+02:00,2026-10-04 11:18:54+02:00,2026-10-04,11,Sunday,True,34.90205
20261004_084355,2026-10-04 08:43:59.877000+00:00,Zürich,local,ch:1:sloid:87348,"Zürich, Bahnhofplatz/HB",ch:1:sloid:87348::11,2026-10-04,ch:1:sjyid:100648:plan:d3c91170-44ae-43dd-931a-43343cf5d1d8,bus,Bus,31,31,17918,"Zürich, Kienastenwies",Hermetschloo,,,2026-10-04 09:18:24+00:00,2026-10-04 09:18:24+00:00,,True,0.0,2026-10-04 10:43:59.877000+02:00,2026-10-04 11:18:24+02:00,2026-10-04 11:18:24+02:00,2026-10-04,11,Sunday,True,34.40205
20261004_084355,2026-10-04 08:43:59.877000+00:00,Zürich,local,ch:1:sloid:87348,"Zürich, Bahnhofplatz/HB",ch:1:sloid:87348::1,2026-10-04,ch:1:sjyid:100648:plan:d16368e3-4bff-47db-bdd1-a0771fdb95ec,tram,Tram,3,3,15194,"Zürich, Klusplatz",Albisrieden,,,2026-10-04 09:23:06+00:00,2026-10-04 09:23:06+00:00,,True,0.0,2026-10-04 10:43:59.877000+02:00,2026-10-04 11:23:06+02:00,2026-10-04 11:23:06+02:00,2026-10-04,11,Sunday,True,39.10205
20261004_084355,2026-10-04 08:43:59.877000+00:00,Zürich,local,ch:1:sloid:87348,"Zürich, Bahnhofplatz/HB",ch:1:sloid:87348::0,2026-10-04,ch:1:sjyid:100648:plan:29365430-501b-4b7f-97d3-440c844eedea,tram,Tram,6,6,15806,"Zürich, Bahnhofplatz/HB",Zoo,,,2026-10-04 09:25:30+00:00,2026-10-04 09:25:30+00:00,,True,0.0,2026-10-04 10:43:59.877000+02:00,2026-10-04 11:25:30+02:00,2026-10-04 11:25:30+02:00,2026-10-04,11,Sunday,True,41.502050000000004
20261004_084355,2026-10-04 08:43:59.877000+00:00,Zürich,local,ch:1:sloid:87348,"Zürich, Bahnhofplatz/HB",ch:1:sloid:87348,2026-10-04,ch:1:sjyid:100648:plan:2b3fe0f4-05b4-4b08-a8e6-82a618362e8a,bus,Bus,31,31,18316,"Zürich, Hermetschloo",Kienastenwies,,,2026-10-04 09:25:06+00:00,2026-10-04 09:25:06+00:00,,True,0.0,2026-10-04 10:43:59.877000+02:00,2026-10-04 11:25:06+02:00,2026-10-04 11:25:06+02:00,2026-10-04,11,Sunday,True,41.10205
20261004_084355,2026-10-04 08:43:59.877000+00:00,Zürich,local,ch:1:sloid:87348,"Zürich, Bahnhofplatz/HB",ch:1:sloid:87348::0,2026-10-04,ch:1:sjyid:100648:plan:5a75e02f-a7c9-4b62-acc6-e53542111f8c,tram,Tram,3,3,15061,"Zürich, Albisrieden",Klusplatz,,,2026-10-04 09:28:12+00:00,2026-10-04 09:28:12+00:00,,True,0.0,2026-10-04 10:43:59.877000+02:00,2026-10-04 11:28:12+02:00,2026-10-04 11:28:12+02:00,2026-10-04,11,Sunday,True,44.20205
20261004_084355,2026-10-04 08:43:59.877000+00:00,Zürich,local,ch:1:sloid:87348,"Zürich, Bahnhofplatz/HB",ch:1:sloid:87348::1,2026-10-04,ch:1:sjyid:100648:plan:c4087996-1188-45c3-942a-09db4ac903a5,tram,Tram,14,14,15977,"Zürich, Bahnhofplatz/HB",Triemli,,,2026-10-04 09:28:54+00:00,2026-10-04 09:28:54+00:00,,True,0.0,2026-10-04 10:43:59.877000+02:00,2026-10-04 11:28:54+02:00,2026-10-04 11:28:54+02:00,2026-10-04,11,Sunday,True,44.90205
20261004_084355,2026-10-04 08:43:59.877000+00:00,Zürich,local,ch:1:sloid:87348,"Zürich, Bahnhofplatz/HB",ch:1:sloid:87348::11,2026-10-04,ch:1:sjyid:100648:plan:7403f6f4-8677-4910-ba8d-05bbd70efa15,bus,Bus,31,31,18509,"Zürich, Kienastenwies",Hermetschloo,,,2026-10-04 09:28:24+00:00,2026-10-04 09:28:24+00:00,,True,0.0,2026-10-04 10:43:59.877000+02:00,2026-10-04 11:28:24+02:00,2026-10-04 11:28:24+02:00,2026-10-04,11,Sunday,True,44.40205
20261004_084355,2026-10-04 08:43:59.877000+00:00,Zürich,local,ch:1:sloid:87348,"Zürich, Bahnhofplatz/HB",ch:1:sloid:87348::1,2026-10-04,ch:1:sjyid:100648:plan:c98b556f-273f-4dfe-a2cc-0a2e643f92ce,tram,Tram,3,3,15662,"Zürich, Klusplatz",Albisrieden,,,2026-10-04 09:33:06+00:00,2026-10-04 09:33:06+00:00,,True,0.0,2026-10-04 10:43:59.877000+02:00,2026-10-04 11:33:06+02:00,2026-10-04 11:33:06+02:00,2026-10-04,11,Sunday,True,49.10205
20261004_084355,2026-10-04 08:44:00.464000+00:00,Bern,local,ch:1:sloid:76646,"Bern, Bahnhof",ch:1:sloid:76646:0:10,2026-10-04,ch:1:sjyid:100626:plan:e9b4a4f6-5d20-447d-bb40-5cd80450b112,tram,Tram,3,3,1594,"Bern, Bahnhof",Weissenbühl,J,,2026-10-04 08:44:00+00:00,2026-10-04 08:44:00+00:00,,True,0.0,2026-10-04 10:44:00.464000+02:00,2026-10-04 10:44:00+02:00,2026-10-04 10:44:00+02:00,2026-10-04,10,Sunday,True,-0.007733333333333333
20261004_084355,2026-10-04 08:44:00.464000+00:00,Bern,local,ch:1:sloid:76646,"Bern, Bahnhof",ch:1:sloid:76646:0:15,2026-10-04,ch:1:sjyid:100626:plan:39f7effc-7c15-4726-a9c0-bdff5ab2e866,bus,Bus,20,20,65644,"Bern Wankdorf, Bahnhof",Länggasse,F,,2026-10-04 08:44:48+00:00,2026-10-04 08:45:18+00:00,,True,0.5,2026-10-04 10:44:00.464000+02:00,2026-10-04 10:44:48+02:00,2026-10-04 10:45:18+02:00,2026-10-04,10,Sunday,True,0.7922666666666667
20261004_084355,2026-10-04 08:44:00.464000+00:00,Bern,local,ch:1:sloid:76646,"Bern, Bahnhof",ch:1:sloid:76646:0:1,2026-10-04,ch:1:sjyid:100626:plan:cec5e406-207d-448e-ae50-efeac9ddb8e5,tram,Tram,9,9,21931,"Wabern, Tram-Endstation",Wankdorf Bhf,B,,2026-10-04 08:44:00+00:00,2026-10-04 08:44:00+00:00,,True,0.0,2026-10-04 10:44:00.464000+02:00,2026-10-04 10:44:00+02:00,2026-10-04 10:44:00+02:00,2026-10-04,10,Sunday,True,-0.007733333333333333
20261004_084355,2026-10-04 08:44:00.464000+00:00,Bern,local,ch:1:sloid:76646,"Bern, Bahnhof",ch:1:sloid:76646:0:13,2026-10-04,ch:1:sjyid:100626:plan:8f343702-5e24-40ba-b33b-efee610d4cd7,bus,Bus,20,20,62943,"Bern, Länggasse",Wankdorf Bhf,E,,2026-10-04 08:44:48+00:00,2026-10-04 08:44:54+00:00,,True,0.1,2026-10-04 10:44:00.464000+02:00,2026-10-04 10:44:48+02:00,2026-10-04 10:44:54+02:00,2026-10-04,10,Sunday,True,0.7922666666666667
20261004_084355,2026-10-04 08:44:00.464000+00:00,Bern,local,ch:1:sloid:76646,"Bern, Bahnhof",ch:1:sloid:76646:0:30,2026-10-04,ch:1:sjyid:100626:plan:a40ddee6-b4fd-4d07-9252-f4a08315101b,bus,Bus,21,21,67733,"Bern, Bahnhof",Bremgarten,H,,2026-10-04 08:44:00+00:00,2026-10-04 08:44:00+00:00,,True,0.0,2026-10-04 10:44:00.464000+02:00,2026-10-04 10:44:00+02:00,2026-10-04 10:44:00+02:00,2026-10-04,10,Sunday,True,-0.007733333333333333
20261004_084355,2026-10-04 08:44:00.464000+00:00,Bern,local,ch:1:sloid:76646,"Bern, Bahnhof",ch:1:sloid:76646:0:64,2026-10-04,ch:1:sjyid:1100062:SKI-137,bus,Ersatzverkehr,EV,EV,137,"Bern, Bahnhof","Worblaufen, Bahnhofplatz",Z,,2026-10-04 08:45:00+00:00,,,False,,2026-10-04 10:44:00.464000+02:00,2026-10-04 10:45:00+02:00,,2026-10-04,10,Sunday,True,0.9922666666666667
20261004_084355,2026-10-04 08:44:00.464000+00:00,Bern,local,ch:1:sloid:76646,"Bern, Bahnhof",ch:1:sloid:76646:0:39,2026-10-04,ch:1:sjyid:100626:plan:1ab85d7f-eb31-4f1a-93c9-90dc8870a435,tram,Tram,7,7,12785,"Bern, Bahnhof",Bümpliz,N,,2026-10-04 08:46:06+00:00,2026-10-04 08:47:06+00:00,,True,1.0,2026-10-04 10:44:00.464000+02:00,2026-10-04 10:46:06+02:00,2026-10-04 10:47:06+02:00,2026-10-04,10,Sunday,True,2.0922666666666667
20261004_084355,2026-10-04 08:44:00.464000+00:00,Bern,local,ch:1:sloid:76646,"Bern, Bahnhof",ch:1:sloid:76646:0:11,2026-10-04,ch:1:sjyid:100626:plan:d42d4fe9-44ff-4352-995a-97df27b3e19c,bus,Bus,10,10,45759,"Ostermundigen, Rüti",Schliern,I,,2026-10-04 08:46:00+00:00,2026-10-04 08:46:00+00:00,,True,0.0,2026-10-04 10:44:00.464000+02:00,2026-10-04 10:46:00+02:00,2026-10-04 10:46:00+02:00,2026-10-04,10,Sunday,True,1.9922666666666666
20261004_084355,2026-10-04 08:44:00.464000+00:00,Bern,local,ch:1:sloid:76646,"Bern, Bahnhof",ch:1:sloid:76646:0:20,2026-10-04,ch:1:sjyid:100626:plan:70c8e5c8-ab75-4072-952a-4126d94d6fea,bus,Bus,17,17,57857,"Bern, Bahnhof",Köniz Weiermatt,M,,2026-10-04 08:47:00+00:00,2026-10-04 08:47:00+00:00,,True,0.0,2026-10-04 10:44:00.464000+02:00,2026-10-04 10:47:00+02:00,2026-10-04 10:47:00+02:00,2026-10-04,10,Sunday,True,2.9922666666666666
20261004_084355,2026-10-04 08:44:00.464000+00:00,Bern,local,ch:1:sloid:76646,"Bern, Bahnhof",ch:1:sloid:76646:0:25,2026-10-04,ch:1:sjyid:100626:plan:33387d54-cf67-42c3-ba44-e1c8fa3a452d,bus,Bus,19,19,60642,"Bern, Elfenau",Blinzern,K1,,2026-10-04 08:47:00+00:00,2026-10-04 08:46:54+00:00,,True,-0.1,2026-10-04 10:44:00.464000+02:00,2026-10-04 10:47:00+02:00,2026-10-04 10:46:54+02:00,2026-10-04,10,Sunday,True,2.9922666666666666
20261004_084355,2026-10-04 08:44:00.464000+00:00,Bern,local,ch:1:sloid:76646,"Bern, Bahnhof",ch:1:sloid:76646:0:19,2026-10-04,ch:1:sjyid:100626:plan:71c63c60-6991-4b7f-9f08-a84dae9a6d55,bus,Bus,10,10,36471,"Schliern, Bus-Endstation",Ostermundigen Rüti,L,,2026-10-04 08:48:00+00:00,2026-10-04 08:48:18+00:00,,True,0.3,2026-10-04 10:44:00.464000+02:00,2026-10-04 10:48:00+02:00,2026-10-04 10:48:18+02:00,2026-10-04,10,Sunday,True,3.9922666666666666
20261004_084355,2026-10-04 08:44:00.464000+00:00,Bern,local,ch:1:sloid:76646,"Bern, Bahnhof",ch:1:sloid:76646:0:2,2026-10-04,ch:1:sjyid:100626:plan:ba32c5bf-4c35-405d-bb3a-186b2fec8922,bus,Bus,8A,8A,77677,"Bern, Bahnhof",Saali,K2,,2026-10-04 08:48:36+00:00,2026-10-04 08:48:36+00:00,,True,0.0,2026-10-04 10:44:00.464000+02:00,2026-10-04 10:48:36+02:00,2026-10-04 10:48:36+02:00,2026-10-04,10,Sunday,True,4.592266666666666
20261004_084355,2026-10-04 08:44:00.464000+00:00,Bern,local,ch:1:sloid:76646,"Bern, Bahnhof",ch:1:sloid:76646:0:28,2026-10-04,ch:1:sjyid:100626:plan:dffdcdc8-4a88-4057-a102-080d928b881b,bus,Bus,11,11,49140,"Bern, Bahnhof",Neufeld P+R,G,,2026-10-04 08:49:00+00:00,2026-10-04 08:49:00+00:00,,True,0.0,2026-10-04 10:44:00.464000+02:00,2026-10-04 10:49:00+02:00,2026-10-04 10:49:00+02:00,2026-10-04,10,Sunday,True,4.992266666666667
20261004_084355,2026-10-04 08:44:00.464000+00:00,Bern,local,ch:1:sloid:76646,"Bern, Bahnhof",ch:1:sloid:76646:0:25,2026-10-04,ch:1:sjyid:100626:plan:cc4ed726-563a-493d-97e6-4455ad26dbe1,bus,Bus,7A,7A,76446,"Bern, Bahnhof",Ostring,K1,,2026-10-04 08:50:00+00:00,2026-10-04 08:50:00+00:00,,True,0.0,2026-10-04 10:44:00.464000+02:00,2026-10-04 10:50:00+02:00,2026-10-04 10:50:00+02:00,2026-10-04,10,Sunday,True,5.992266666666667
20261004_084355,2026-10-04 08:44:00.464000+00:00,Bern,local,ch:1:sloid:76646,"Bern, Bahnhof",ch:1:sloid:76646:0:64,2026-10-04,ch:1:sjyid:1100062:SKI-139,bus,Ersatzverkehr,EV,EV,139,"Bern, Bahnhof","Worblaufen, Bahnhofplatz",Z,,2026-10-04 08:50:00+00:00,,,False,,2026-10-04 10:44:00.464000+02:00,2026-10-04 10:50:00+02:00,,2026-10-04,10,Sunday,True,5.992266666666667
20261004_084355,2026-10-04 08:44:00.464000+00:00,Bern,local,ch:1:sloid:76646,"Bern, Bahnhof",ch:1:sloid:76646:0:39,2026-10-04,ch:1:sjyid:100626:plan:221f8597-7581-48ee-865e-59a5c05690da,tram,Tram,8,8,18154,"Bern, Bahnhof",Brünnen Bhf,N,,2026-10-04 08:51:00+00:00,2026-10-04 08:51:00+00:00,,True,0.0,2026-10-04 10:44:00.464000+02:00,2026-10-04 10:51:00+02:00,2026-10-04 10:51:00+02:00,2026-10-04,10,Sunday,True,6.992266666666667
20261004_084355,2026-10-04 08:44:00.464000+00:00,Bern,local,ch:1:sloid:76646,"Bern, Bahnhof",ch:1:sloid:76646:0:3,2026-10-04,ch:1:sjyid:100626:plan:2b96cb4b-51ee-4fa7-abc8-e2310afb1b7d,tram,Tram,9,9,28320,"Bern Wankdorf, Bahnhof",Wabern,C,,2026-10-04 08:51:00+00:00,2026-10-04 08:52:00+00:00,,True,1.0,2026-10-04 10:44:00.464000+02:00,2026-10-04 10:51:00+02:00,2026-10-04 10:52:00+02:00,2026-10-04,10,Sunday,True,6.992266666666667
20261004_084355,2026-10-04 08:44:00.464000+00:00,Bern,local,ch:1:sloid:76646,"Bern, Bahnhof",ch:1:sloid:76646:0:20,2026-10-04,ch:1:sjyid:100626:plan:2c489992-53e3-4048-8f21-c72270ae06e4,bus,Bus,19,19,59647,"Spiegel, Blinzern",Elfenau,M,,2026-10-04 08:52:00+00:00,2026-10-04 08:53:18+00:00,,True,1.3,2026-10-04 10:44:00.464000+02:00,2026-10-04 10:52:00+02:00,2026-10-04 10:53:18+02:00,2026-10-04,10,Sunday,True,7.992266666666667
20261004_084355,2026-10-04 08:44:00.464000+00:00,Bern,local,ch:1:sloid:76646,"Bern, Bahnhof",ch:1:sloid:76646:0:7,2026-10-04,ch:1:sjyid:100626:plan:2227d106-1e3d-4799-a859-304ba094943d,bus,Bus,12,12,53075,"Bern, Zentrum Paul Klee",Holligen,D,,2026-10-04 08:52:00+00:00,2026-10-04 08:51:54+00:00,,True,-0.1,2026-10-04 10:44:00.464000+02:00,2026-10-04 10:52:00+02:00,2026-10-04 10:51:54+02:00,2026-10-04,10,Sunday,True,7.992266666666667
20261004_084355,2026-10-04 08:44:00.464000+00:00,Bern,local,ch:1:sloid:76646,"Bern, Bahnhof",ch:1:sloid:76646:0:5,2026-10-04,ch:1:sjyid:100626:plan:c831015e-faaf-4e9a-95e7-68d08f1f1aa8,bus,Bus,12,12,50340,"Bern, Holligen",Zentrum Paul Klee,A,,2026-10-04 08:52:00+00:00,2026-10-04 08:51:48+00:00,,True,-0.2,2026-10-04 10:44:00.464000+02:00,2026-10-04 10:52:00+02:00,2026-10-04 10:51:48+02:00,2026-10-04,10,Sunday,True,7.992266666666667
20261004_084355,2026-10-04 08:44:00.464000+00:00,Bern,local,ch:1:sloid:76646,"Bern, Bahnhof",ch:1:sloid:76646:0:10,2026-10-04,ch:1:sjyid:100626:plan:761b3d4a-07e4-4ca2-8124-97107b4e46c3,tram,Tram,3,3,1599,"Bern, Bahnhof",Weissenbühl,J,,2026-10-04 08:54:00+00:00,2026-10-04 08:54:00+00:00,,True,0.0,2026-10-04 10:44:00.464000+02:00,2026-10-04 10:54:00+02:00,2026-10-04 10:54:00+02:00,2026-10-04,10,Sunday,True,9.992266666666666
20261004_084355,2026-10-04 08:44:00.464000+00:00,Bern,local,ch:1:sloid:76646,"Bern, Bahnhof",ch:1:sloid:76646:0:15,2026-10-04,ch:1:sjyid:100626:plan:e15d537c-a8c1-48f7-ae76-98294e3769d8,bus,Bus,20,20,65660,"Bern Wankdorf, Bahnhof",Länggasse,F,,2026-10-04 08:54:48+00:00,2026-10-04 08:55:00+00:00,,True,0.2,2026-10-04 10:44:00.464000+02:00,2026-10-04 10:54:48+02:00,2026-10-04 10:55:00+02:00,2026-10-04,10,Sunday,True,10.792266666666666
20261004_084355,2026-10-04 08:44:00.464000+00:00,Bern,local,ch:1:sloid:76646,"Bern, Bahnhof",ch:1:sloid:76646:0:1,2026-10-04,ch:1:sjyid:100626:plan:e6aec341-093c-479e-a3a4-7a5865355b5e,tram,Tram,9,9,21941,"Wabern, Tram-Endstation",Wankdorf Bhf,B,,2026-10-04 08:54:00+00:00,2026-10-04 08:54:06+00:00,,True,0.1,2026-10-04 10:44:00.464000+02:00,2026-10-04 10:54:00+02:00,2026-10-04 10:54:06+02:00,2026-10-04,10,Sunday,True,9.992266666666666
20261004_084355,2026-10-04 08:44:00.464000+00:00,Bern,local,ch:1:sloid:76646,"Bern, Bahnhof",ch:1:sloid:76646:0:13,2026-10-04,ch:1:sjyid:100626:plan:bd1d2ea2-564b-4de4-b90f-8ea1015d11ae,bus,Bus,20,20,62967,"Bern, Länggasse",Wankdorf Bhf,E,,2026-10-04 08:54:48+00:00,2026-10-04 08:54:48+00:00,,True,0.0,2026-10-04 10:44:00.464000+02:00,2026-10-04 10:54:48+02:00,2026-10-04 10:54:48+02:00,2026-10-04,10,Sunday,True,10.792266666666666
20261004_084355,2026-10-04 08:44:00.464000+00:00,Bern,local,ch:1:sloid:76646,"Bern, Bahnhof",ch:1:sloid:76646:0:30,2026-10-04,ch:1:sjyid:100626:plan:0ee53bfe-80f6-46f7-8828-074b3f85f084,bus,Bus,21,21,67736,"Bern, Bahnhof",Bremgarten,H,,2026-10-04 08:54:00+00:00,2026-10-04 08:54:00+00:00,,True,0.0,2026-10-04 10:44:00.464000+02:00,2026-10-04 10:54:00+02:00,2026-10-04 10:54:00+02:00,2026-10-04,10,Sunday,True,9.992266666666666
20261004_084355,2026-10-04 08:44:00.464000+00:00,Bern,local,ch:1:sloid:76646,"Bern, Bahnhof",ch:1:sloid:76646:0:11,2026-10-04,ch:1:sjyid:100626:plan:1ba469bd-c8b8-426c-933a-f75cc7694c23,bus,Bus,10,10,45760,"Ostermundigen, Rüti",Schliern,I,,2026-10-04 08:54:00+00:00,2026-10-04 08:54:12+00:00,,True,0.2,2026-10-04 10:44:00.464000+02:00,2026-10-04 10:54:00+02:00,2026-10-04 10:54:12+02:00,2026-10-04,10,Sunday,True,9.992266666666666
20261004_084355,2026-10-04 08:44:00.464000+00:00,Bern,local,ch:1:sloid:76646,"Bern, Bahnhof",ch:1:sloid:76646:0:64,2026-10-04,ch:1:sjyid:1100062:SKI-141,bus,Ersatzverkehr,EV,EV,141,"Bern, Bahnhof","Worblaufen, Bahnhofplatz",Z,,2026-10-04 08:55:00+00:00,,,False,,2026-10-04 10:44:00.464000+02:00,2026-10-04 10:55:00+02:00,,2026-10-04,10,Sunday,True,10.992266666666666
20261004_084355,2026-10-04 08:44:00.464000+00:00,Bern,local,ch:1:sloid:76646,"Bern, Bahnhof",ch:1:sloid:76646:0:10,2026-10-04,ch:1:sjyid:100626:plan:ec17ce70-663f-47bd-8d3a-2327f9cb1822,tram,Tram,6,6,7101,"Bern, Bahnhof",Fischermätteli,J,,2026-10-04 08:55:00+00:00,2026-10-04 08:55:00+00:00,,True,0.0,2026-10-04 10:44:00.464000+02:00,2026-10-04 10:55:00+02:00,2026-10-04 10:55:00+02:00,2026-10-04,10,Sunday,True,10.992266666666666
20261004_084355,2026-10-04 08:44:00.464000+00:00,Bern,local,ch:1:sloid:76646,"Bern, Bahnhof",ch:1:sloid:76646:0:19,2026-10-04,ch:1:sjyid:100626:plan:39cb792c-894b-4caf-bd4b-743e5f914d78,bus,Bus,10,10,36472,"Schliern, Bus-Endstation",Ostermundigen Rüti,L,,2026-10-04 08:56:00+00:00,2026-10-04 08:56:06+00:00,,True,0.1,2026-10-04 10:44:00.464000+02:00,2026-10-04 10:56:00+02:00,2026-10-04 10:56:06+02:00,2026-10-04,10,Sunday,True,11.992266666666666
20261004_084355,2026-10-04 08:44:00.464000+00:00,Bern,local,ch:1:sloid:76646,"Bern, Bahnhof",ch:1:sloid:76646:0:2,2026-10-04,ch:1:sjyid:100626:plan:88d2733d-0b9d-40df-805c-24d65a009b2e,bus,Bus,8A,8A,77680,"Bern, Bahnhof",Saali,K2,,2026-10-04 08:56:06+00:00,2026-10-04 08:56:06+00:00,,True,0.0,2026-10-04 10:44:00.464000+02:00,2026-10-04 10:56:06+02:00,2026-10-04 10:56:06+02:00,2026-10-04,10,Sunday,True,12.092266666666665
20261004_084355,2026-10-04 08:44:01.006000+00:00,Basel,local,ch:1:sloid:78143,"Basel, Bahnhof SBB",ch:1:sloid:78143:1:33,2026-10-04,ch:1:sjyid:100622:plan:555216c6-ee50-4a1e-b334-3f5fb81e9d46,tram,Tram,8,8,8053,"Basel, Neuweilerstrasse",Weil am Rhein (D) Bahnhof / Zentrum,F,,2026-10-04 08:44:00+00:00,2026-10-04 08:46:30+00:00,,True,2.5,2026-10-04 10:44:01.006000+02:00,2026-10-04 10:44:00+02:00,2026-10-04 10:46:30+02:00,2026-10-04,10,Sunday,True,-0.016766666666666666
20261004_084355,2026-10-04 08:44:01.006000+00:00,Basel,local,ch:1:sloid:78143,"Basel, Bahnhof SBB",ch:1:sloid:78143:3:3,2026-10-04,ch:1:sjyid:100622:plan:cfa0eceb-27a6-430a-9558-d7d4db81eeca,bus,Bus,50,50,50069,"Basel, Bahnhof SBB","Basel, EuroAirport",B,,2026-10-04 08:45:42+00:00,2026-10-04 08:45:42+00:00,,True,0.0,2026-10-04 10:44:01.006000+02:00,2026-10-04 10:45:42+02:00,2026-10-04 10:45:42+02:00,2026-10-04,10,Sunday,True,1.6832333333333334
20261004_084355,2026-10-04 08:44:01.006000+00:00,Basel,local,ch:1:sloid:78143,"Basel, Bahnhof SBB",ch:1:sloid:78143:1:35,2026-10-04,ch:1:sjyid:100019:plan:a2cba541-4ac8-4e04-96e2-8c678a99d698,tram,Tram,11,11,38182,"Basel, Dreispitz","Basel, Saint-Louis Grenze",H,,2026-10-04 08:47:18+00:00,2026-10-04 08:47:48+00:00,,True,0.5,2026-10-04 10:44:01.006000+02:00,2026-10-04 10:47:18+02:00,2026-10-04 10:47:48+02:00,2026-10-04,10,Sunday,True,3.2832333333333334
20261004_084355,2026-10-04 08:44:01.006000+00:00,Basel,local,ch:1:sloid:78143,"Basel, Bahnhof SBB",ch:1:sloid:78143:1:32,2026-10-04,ch:1:sjyid:100622:plan:21adb502-1b96-4e5a-989b-7d70b2f6d968,tram,Tram,2,2,2048,"Basel, Badischer Bahnhof","Binningen, Kronenplatz",E,,2026-10-04 08:47:36+00:00,2026-10-04 08:48:36+00:00,,True,1.0,2026-10-04 10:44:01.006000+02:00,2026-10-04 10:47:36+02:00,2026-10-04 10:48:36+02:00,2026-10-04,10,Sunday,True,3.5832333333333333
20261004_084355,2026-10-04 08:44:01.006000+00:00,Basel,local,ch:1:sloid:78143,"Basel, Bahnhof SBB",ch:1:sloid:78143:1:33,2026-10-04,ch:1:sjyid:100622:plan:4e3beca0-e66e-4d03-928d-a31eca77c889,tram,Tram,2,2,2047,"Binningen, Kronenplatz","Basel, Badischer Bahnhof",F,,2026-10-04 08:47:18+00:00,2026-10-04 08:47:06+00:00,,True,-0.2,2026-10-04 10:44:01.006000+02:00,2026-10-04 10:47:18+02:00,2026-10-04 10:47:06+02:00,2026-10-04,10,Sunday,True,3.2832333333333334
20261004_084355,2026-10-04 08:44:01.006000+00:00,Basel,local,ch:1:sloid:78143,"Basel, Bahnhof SBB",ch:1:sloid:78143:1:32,2026-10-04,ch:1:sjyid:100622:plan:da0209d8-495e-4253-ab0e-87bcabd0652c,tram,Tram,8,8,8048,"Weil am Rhein, Bahnhof/Zentrum","Basel, Neuweilerstrasse",E,,2026-10-04 08:48:18+00:00,2026-10-04 08:50:24+00:00,,True,2.1,2026-10-04 10:44:01.006000+02:00,2026-10-04 10:48:18+02:00,2026-10-04 10:50:24+02:00,2026-10-04,10,Sunday,True,4.2832333333333334
20261004_084355,2026-10-04 08:44:01.006000+00:00,Basel,local,ch:1:sloid:78143,"Basel, Bahnhof SBB",ch:1:sloid:78143:3:3,2026-10-04,ch:1:sjyid:100622:plan:0b1d4b5d-587b-4c07-b8e1-eea9deb86a93,bus,Bus,30,30,30045,"Basel, Bahnhof SBB","Basel, Badischer Bahnhof",B,,2026-10-04 08:49:30+00:00,2026-10-04 08:49:30+00:00,,True,0.0,2026-10-04 10:44:01.006000+02:00,2026-10-04 10:49:30+02:00,2026-10-04 10:49:30+02:00,2026-10-04,10,Sunday,True,5.483233333333334
20261004_084355,2026-10-04 08:44:01.006000+00:00,Basel,local,ch:1:sloid:78143,"Basel, Bahnhof SBB",ch:1:sloid:78143:1:31,2026-10-04,ch:1:sjyid:100622:plan:776d29e3-3f41-4126-888f-b337dafad85a,tram,Tram,1,1,1048,"Basel, Bahnhof SBB","Basel, Dreirosenbrücke",D,,2026-10-04 08:50:54+00:00,2026-10-04 08:50:54+00:00,,True,0.0,2026-10-04 10:44:01.006000+02:00,2026-10-04 10:50:54+02:00,2026-10-04 10:50:54+02:00,2026-10-04,10,Sunday,True,6.883233333333334
20261004_084355,2026-10-04 08:44:01.006000+00:00,Basel,local,ch:1:sloid:78143,"Basel, Bahnhof SBB",ch:1:sloid:78143:1:34,2026-10-04,ch:1:sjyid:100019:plan:09baf4a6-86b5-4711-a359-822ba477807d,tram,Tram,10,10,10177,"Rodersdorf, Station",Dornach Bahnhof,G,,2026-10-04 08:50:00+00:00,2026-10-04 08:50:24+00:00,,True,0.4,2026-10-04 10:44:01.006000+02:00,2026-10-04 10:50:00+02:00,2026-10-04 10:50:24+02:00,2026-10-04,10,Sunday,True,5.983233333333334
20261004_084355,2026-10-04 08:44:01.006000+00:00,Basel,local,ch:1:sloid:78143,"Basel, Bahnhof SBB",ch:1:sloid:78143:1:35,2026-10-04,ch:1:sjyid:100019:plan:ab2886c3-d76c-4458-9e46-a152aa4353d4,tram,Tram,10,10,10146,"Dornach, Bahnhof","Flüh, Station",H,,2026-10-04 08:51:00+00:00,2026-10-04 08:51:42+00:00,,True,0.7,2026-10-04 10:44:01.006000+02:00,2026-10-04 10:51:00+02:00,2026-10-04 10:51:42+02:00,2026-10-04,10,Sunday,True,6.983233333333334
20261004_084355,2026-10-04 08:44:01.006000+00:00,Basel,local,ch:1:sloid:78143,"Basel, Bahnhof SBB",ch:1:sloid:78143:3:3,2026-10-04,ch:1:sjyid:100622:plan:9e05d81b-748e-4cc5-be1a-457a0a8bb7d2,bus,Bus,50,50,50071,"Basel, Bahnhof SBB","Basel, EuroAirport",B,,2026-10-04 08:53:12+00:00,2026-10-04 08:53:12+00:00,,True,0.0,2026-10-04 10:44:01.006000+02:00,2026-10-04 10:53:12+02:00,2026-10-04 10:53:12+02:00,2026-10-04,10,Sunday,True,9.183233333333334
20261004_084355,2026-10-04 08:44:01.006000+00:00,Basel,local,ch:1:sloid:78143,"Basel, Bahnhof SBB",ch:1:sloid:78143:1:32,2026-10-04,ch:1:sjyid:100622:plan:81d507cd-3d4e-49c7-a611-7f3af569fbe5,tram,Tram,8,8,8050,"Basel, Wiesenplatz","Basel, Neuweilerstrasse",E,,2026-10-04 08:55:48+00:00,2026-10-04 08:55:48+00:00,,True,0.0,2026-10-04 10:44:01.006000+02:00,2026-10-04 10:55:48+02:00,2026-10-04 10:55:48+02:00,2026-10-04,10,Sunday,True,11.783233333333333
20261004_084355,2026-10-04 08:44:01.006000+00:00,Basel,local,ch:1:sloid:78143,"Basel, Bahnhof SBB",ch:1:sloid:78143:1:34,2026-10-04,ch:1:sjyid:100019:plan:21479c68-b552-4f34-b98f-11e64bfb5151,tram,Tram,11,11,38173,"Basel, St-Louis Grenze","Basel, Dreispitz",G,,2026-10-04 08:55:30+00:00,2026-10-04 08:55:54+00:00,,True,0.4,2026-10-04 10:44:01.006000+02:00,2026-10-04 10:55:30+02:00,2026-10-04 10:55:54+02:00,2026-10-04,10,Sunday,True,11.483233333333335
20261004_084355,2026-10-04 08:44:01.006000+00:00,Basel,local,ch:1:sloid:78143,"Basel, Bahnhof SBB",ch:1:sloid:78143:1:33,2026-10-04,ch:1:sjyid:100622:plan:313e9ee8-6c9c-43c7-bd11-97a46090aaa8,tram,Tram,2,2,2049,"Binningen, Kronenplatz","Basel, Badischer Bahnhof",F,,2026-10-04 08:57:54+00:00,2026-10-04 08:57:54+00:00,,True,0.0,2026-10-04 10:44:01.006000+02:00,2026-10-04 10:57:54+02:00,2026-10-04 10:57:54+02:00,2026-10-04,10,Sunday,True,13.883233333333333
20261004_084355,2026-10-04 08:44:01.006000+00:00,Basel,local,ch:1:sloid:78143,"Basel, Bahnhof SBB",ch:1:sloid:78143:3:7,2026-10-04,ch:1:sjyid:100019:plan:885be98f-f389-44e7-b807-50fd9c465572,bus,Bus,37,37,37216,"Basel, Bahnhof SBB",Münchenstein Bahnhof,K,,2026-10-04 08:57:00+00:00,2026-10-04 08:57:00+00:00,,True,0.0,2026-10-04 10:44:01.006000+02:00,2026-10-04 10:57:00+02:00,2026-10-04 10:57:00+02:00,2026-10-04,10,Sunday,True,12.983233333333335
20261004_084355,2026-10-04 08:44:01.006000+00:00,Basel,local,ch:1:sloid:78143,"Basel, Bahnhof SBB",ch:1:sloid:78143:1:33,2026-10-04,ch:1:sjyid:100622:plan:eb763a90-e284-4cd3-94c9-948186b47295,tram,Tram,8,8,8055,"Basel, Neuweilerstrasse","Basel, Kleinhüningen",F,,2026-10-04 08:58:36+00:00,2026-10-04 08:58:36+00:00,,True,0.0,2026-10-04 10:44:01.006000+02:00,2026-10-04 10:58:36+02:00,2026-10-04 10:58:36+02:00,2026-10-04,10,Sunday,True,14.583233333333334
20261004_084355,2026-10-04 08:44:01.006000+00:00,Basel,local,ch:1:sloid:78143,"Basel, Bahnhof SBB",ch:1:sloid:78143:1:32,2026-10-04,ch:1:sjyid:100622:plan:79cb07e0-b4b2-459b-803c-a15dbf2a84a1,tram,Tram,2,2,2050,"Basel, Wiesenplatz","Binningen, Kronenplatz",E,,2026-10-04 08:58:36+00:00,2026-10-04 08:58:36+00:00,,True,0.0,2026-10-04 10:44:01.006000+02:00,2026-10-04 10:58:36+02:00,2026-10-04 10:58:36+02:00,2026-10-04,10,Sunday,True,14.583233333333334
20261004_084355,2026-10-04 08:44:01.006000+00:00,Basel,local,ch:1:sloid:78143,"Basel, Bahnhof SBB",ch:1:sloid:78143:1:35,2026-10-04,ch:1:sjyid:100622:plan:361d284a-3f2c-49e2-9439-2ad42fc73731,tram,Tram,3,3,3052,"Basel, Morgartenring","Birsfelden, Hard",H,,2026-10-04 08:59:00+00:00,2026-10-04 08:59:00+00:00,,True,0.0,2026-10-04 10:44:01.006000+02:00,2026-10-04 10:59:00+02:00,2026-10-04 10:59:00+02:00,2026-10-04,10,Sunday,True,14.983233333333335
20261004_084355,2026-10-04 08:44:01.006000+00:00,Basel,local,ch:1:sloid:78143,"Basel, Bahnhof SBB",ch:1:sloid:78143:1:35,2026-10-04,ch:1:sjyid:100019:plan:722d22b0-ff20-4a27-aa9b-dfde8c0b4cbe,tram,Tram,11,11,38188,"Basel, Dreispitz","Basel, Saint-Louis Grenze",H,,2026-10-04 08:59:18+00:00,2026-10-04 08:59:18+00:00,,True,0.0,2026-10-04 10:44:01.006000+02:00,2026-10-04 10:59:18+02:00,2026-10-04 10:59:18+02:00,2026-10-04,10,Sunday,True,15.283233333333333
20261004_084355,2026-10-04 08:44:01.006000+00:00,Basel,local,ch:1:sloid:78143,"Basel, Bahnhof SBB",ch:1:sloid:78143:3:3,2026-10-04,ch:1:sjyid:100622:plan:ca19ac94-3eb1-432c-9506-ae65c8a86458,bus,Bus,50,50,50073,"Basel, Bahnhof SBB","Basel, EuroAirport",B,,2026-10-04 09:00:42+00:00,2026-10-04 09:00:42+00:00,,True,0.0,2026-10-04 10:44:01.006000+02:00,2026-10-04 11:00:42+02:00,2026-10-04 11:00:42+02:00,2026-10-04,11,Sunday,True,16.683233333333334
20261004_084355,2026-10-04 08:44:01.006000+00:00,Basel,local,ch:1:sloid:78143,"Basel, Bahnhof SBB",ch:1:sloid:78143:1:34,2026-10-04,ch:1:sjyid:100019:plan:0865f0e1-6785-438e-bd9a-bcce810ed011,tram,Tram,10,10,10185,"Flüh, Station",Dornach Bahnhof,G,,2026-10-04 09:00:00+00:00,2026-10-04 09:00:54+00:00,,True,0.9,2026-10-04 10:44:01.006000+02:00,2026-10-04 11:00:00+02:00,2026-10-04 11:00:54+02:00,2026-10-04,11,Sunday,True,15.983233333333335
20261004_084355,2026-10-04 08:44:01.006000+00:00,Basel,local,ch:1:sloid:78143,"Basel, Bahnhof SBB",ch:1:sloid:78143:3:3,2026-10-04,ch:1:sjyid:100622:plan:d7945667-2da2-4913-ac39-361c7b8fd85f,bus,Bus,30,30,30047,"Basel, Bahnhof SBB","Basel, Badischer Bahnhof",B,,2026-10-04 09:00:42+00:00,2026-10-04 09:00:42+00:00,,True,0.0,2026-10-04 10:44:01.006000+02:00,2026-10-04 11:00:42+02:00,2026-10-04 11:00:42+02:00,2026-10-04,11,Sunday,True,16.683233333333334
20261004_084355,2026-10-04 08:44:01.006000+00:00,Basel,local,ch:1:sloid:78143,"Basel, Bahnhof SBB",ch:1:sloid:78143:1:31,2026-10-04,ch:1:sjyid:100622:plan:59a955f6-25d8-488b-93f8-dc51fc315455,tram,Tram,1,1,1050,"Basel, Bahnhof SBB","Basel, Dreirosenbrücke",D,,2026-10-04 09:01:12+00:00,2026-10-04 09:01:12+00:00,,True,0.0,2026-10-04 10:44:01.006000+02:00,2026-10-04 11:01:12+02:00,2026-10-04 11:01:12+02:00,2026-10-04,11,Sunday,True,17.18323333333333
20261004_084355,2026-10-04 08:44:01.006000+00:00,Basel,local,ch:1:sloid:78143,"Basel, Bahnhof SBB",ch:1:sloid:78143:1:32,2026-10-04,ch:1:sjyid:100622:plan:d5716baf-96aa-4bde-90b8-8a049a510262,tram,Tram,2,2,2052,"Basel, Badischer Bahnhof","Binningen, Kronenplatz",E,,2026-10-04 09:02:36+00:00,2026-10-04 09:02:36+00:00,,True,0.0,2026-10-04 10:44:01.006000+02:00,2026-10-04 11:02:36+02:00,2026-10-04 11:02:36+02:00,2026-10-04,11,Sunday,True,18.583233333333332
20261004_084355,2026-10-04 08:44:01.006000+00:00,Basel,local,ch:1:sloid:78143,"Basel, Bahnhof SBB",ch:1:sloid:78143:1:32,2026-10-04,ch:1:sjyid:100622:plan:c4531741-2381-427d-a2da-6f9e08d20b2c,tram,Tram,8,8,8052,"Weil am Rhein, Bahnhof/Zentrum","Basel, Neuweilerstrasse",E,,2026-10-04 09:03:18+00:00,2026-10-04 09:03:00+00:00,,True,-0.3,2026-10-04 10:44:01.006000+02:00,2026-10-04 11:03:18+02:00,2026-10-04 11:03:00+02:00,2026-10-04,11,Sunday,True,19.28323333333333
20261004_084355,2026-10-04 08:44:01.006000+00:00,Basel,local,ch:1:sloid:78143,"Basel, Bahnhof SBB",ch:1:sloid:78143:3:5,2026-10-04,ch:1:sjyid:100622:plan:8bd0f1d1-64e3-443b-8d9f-1d607ebad396,bus,Bus,48,48,48019,"Basel, Bahnhof SBB","Basel, Bachgraben",A,,2026-10-04 09:05:48+00:00,2026-10-04 09:05:48+00:00,,True,0.0,2026-10-04 10:44:01.006000+02:00,2026-10-04 11:05:48+02:00,2026-10-04 11:05:48+02:00,2026-10-04,11,Sunday,True,21.78323333333333
20261004_084355,2026-10-04 08:44:01.006000+00:00,Basel,local,ch:1:sloid:78143,"Basel, Bahnhof SBB",ch:1:sloid:78143:1:35,2026-10-04,ch:1:sjyid:100019:plan:42c9af12-7b88-4b45-8c4b-88fa92afc800,tram,Tram,10,10,10152,"Dornach, Bahnhof","Rodersdorf, Station",H,,2026-10-04 09:06:00+00:00,2026-10-04 09:06:24+00:00,,True,0.4,2026-10-04 10:44:01.006000+02:00,2026-10-04 11:06:00+02:00,2026-10-04 11:06:24+02:00,2026-10-04,11,Sunday,True,21.98323333333333
20261004_084355,2026-10-04 08:44:01.006000+00:00,Basel,local,ch:1:sloid:78143,"Basel, Bahnhof SBB",ch:1:sloid:78143:3:3,2026-10-04,ch:1:sjyid:100622:plan:3791a4db-8689-496b-8107-8354dc768f0c,bus,Bus,50,50,50075,"Basel, Bahnhof SBB","Basel, EuroAirport",B,,2026-10-04 09:08:12+00:00,2026-10-04 09:08:12+00:00,,True,0.0,2026-10-04 10:44:01.006000+02:00,2026-10-04 11:08:12+02:00,2026-10-04 11:08:12+02:00,2026-10-04,11,Sunday,True,24.18323333333333
20261004_084355,2026-10-04 08:44:01.006000+00:00,Basel,local,ch:1:sloid:78143,"Basel, Bahnhof SBB",ch:1:sloid:78143:1:35,2026-10-04,ch:1:sjyid:100019:plan:32fdcf8f-0c3b-4842-b7c4-2aa02f3e8fc3,tram,Tram,11,11,38192,"Basel, Dreispitz","Basel, Saint-Louis Grenze",H,,2026-10-04 09:09:18+00:00,2026-10-04 09:09:18+00:00,,True,0.0,2026-10-04 10:44:01.006000+02:00,2026-10-04 11:09:18+02:00,2026-10-04 11:09:18+02:00,2026-10-04,11,Sunday,True,25.28323333333333
20261004_084355,2026-10-04 08:44:01.006000+00:00,Basel,local,ch:1:sloid:78143,"Basel, Bahnhof SBB",ch:1:sloid:78143:1:33,2026-10-04,ch:1:sjyid:100622:plan:c7aef0c4-7b72-49af-b63e-609be44aefd3,tram,Tram,2,2,2051,"Binningen, Kronenplatz","Basel, Badischer Bahnhof",F,,2026-10-04 09:09:00+00:00,2026-10-04 09:09:00+00:00,,True,0.0,2026-10-04 10:44:01.006000+02:00,2026-10-04 11:09:00+02:00,2026-10-04 11:09:00+02:00,2026-10-04,11,Sunday,True,24.98323333333333
20261004_084355,2026-10-04 08:44:01.512000+00:00,Luzern,local,ch:1:sloid:8450,"Luzern, Bahnhof",ch:1:sloid:8450::1,2026-10-04,ch:1:sjyid:100619:plan:3cbd00d1-2b71-4534-9306-e479d73e5c57,bus,Bus,7,7,24685,"Luzern, Unterlöchli",Horw Biregghof,A,,2026-10-04 08:44:00+00:00,2026-10-04 08:44:06+00:00,,True,0.1,2026-10-04 10:44:01.512000+02:00,2026-10-04 10:44:00+02:00,2026-10-04 10:44:06+02:00,2026-10-04,10,Sunday,True,-0.0252
20261004_084355,2026-10-04 08:44:01.512000+00:00,Luzern,local,ch:1:sloid:8450,"Luzern, Bahnhof",ch:1:sloid:8450::2,2026-10-04,ch:1:sjyid:100619:plan:2a296d1c-0bfa-4dbc-a043-8b7aebfb2529,bus,Bus,14,14,38548,"Luzern, Pilatusplatz",Brüelstrasse,B,,2026-10-04 08:45:00+00:00,2026-10-04 08:46:36+00:00,,True,1.6,2026-10-04 10:44:01.512000+02:00,2026-10-04 10:45:00+02:00,2026-10-04 10:46:36+02:00,2026-10-04,10,Sunday,True,0.9748
20261004_084355,2026-10-04 08:44:01.512000+00:00,Luzern,local,ch:1:sloid:8450,"Luzern, Bahnhof",ch:1:sloid:8450::11,2026-10-04,ch:1:sjyid:100619:plan:17d02f85-7f5b-485c-a8af-18eeba8505cd,bus,Bus,19,19,45352,"Luzern, Bahnhof",Friedental,R,,2026-10-04 08:45:00+00:00,2026-10-04 08:45:00+00:00,,True,0.0,2026-10-04 10:44:01.512000+02:00,2026-10-04 10:45:00+02:00,2026-10-04 10:45:00+02:00,2026-10-04,10,Sunday,True,0.9748
20261004_084355,2026-10-04 08:44:01.512000+00:00,Luzern,local,ch:1:sloid:8450,"Luzern, Bahnhof",ch:1:sloid:8450::16,2026-10-04,ch:1:sjyid:100619:plan:8e000ada-8aea-424c-9535-92743591ab3d,bus,Bus,4,4,14529,"Luzern, Bahnhof",Hubelmatt,V,,2026-10-04 08:45:00+00:00,2026-10-04 08:45:00+00:00,,True,0.0,2026-10-04 10:44:01.512000+02:00,2026-10-04 10:45:00+02:00,2026-10-04 10:45:00+02:00,2026-10-04,10,Sunday,True,0.9748
20261004_084355,2026-10-04 08:44:01.512000+00:00,Luzern,local,ch:1:sloid:8450,"Luzern, Bahnhof",ch:1:sloid:8450::17,2026-10-04,ch:1:sjyid:100619:plan:ba599de8-9e3a-46c3-8bdb-63512eed56cf,bus,Bus,10,10,32289,"Luzern, Bahnhof",Obergütsch,W,,2026-10-04 08:45:00+00:00,2026-10-04 08:45:00+00:00,,True,0.0,2026-10-04 10:44:01.512000+02:00,2026-10-04 10:45:00+02:00,2026-10-04 10:45:00+02:00,2026-10-04,10,Sunday,True,0.9748
20261004_084355,2026-10-04 08:44:01.512000+00:00,Luzern,local,ch:1:sloid:8450,"Luzern, Bahnhof",ch:1:sloid:8450::10,2026-10-04,ch:1:sjyid:100619:plan:f2714f9d-c9d3-4a0f-8660-46a2d3a1323c,bus,Bus,20,20,48417,"Luzern, Bahnhof",Horw Ennethorw,J,,2026-10-04 08:45:00+00:00,2026-10-04 08:45:00+00:00,,True,0.0,2026-10-04 10:44:01.512000+02:00,2026-10-04 10:45:00+02:00,2026-10-04 10:45:00+02:00,2026-10-04,10,Sunday,True,0.9748
20261004_084355,2026-10-04 08:44:01.512000+00:00,Luzern,local,ch:1:sloid:8450,"Luzern, Bahnhof",ch:1:sloid:8450::12,2026-10-04,ch:1:sjyid:100619:plan:ccf273e7-2b4b-4dc2-b377-18988415eae9,bus,Bus,24,24,59490,"Luzern, Bahnhof",Meggen Tschädigen,S,,2026-10-04 08:46:00+00:00,2026-10-04 08:46:00+00:00,,True,0.0,2026-10-04 10:44:01.512000+02:00,2026-10-04 10:46:00+02:00,2026-10-04 10:46:00+02:00,2026-10-04,10,Sunday,True,1.9747999999999999
20261004_084355,2026-10-04 08:44:01.512000+00:00,Luzern,local,ch:1:sloid:8450,"Luzern, Bahnhof",ch:1:sloid:8450::20,2026-10-04,ch:1:sjyid:100619:plan:6a941382-bc0d-432e-80b4-08cd96db3bfa,bus,Bus,12,12,83909,"Luzern, Bahnhof",Gasshof,M,,2026-10-04 08:46:00+00:00,2026-10-04 08:46:00+00:00,,True,0.0,2026-10-04 10:44:01.512000+02:00,2026-10-04 10:46:00+02:00,2026-10-04 10:46:00+02:00,2026-10-04,10,Sunday,True,1.9747999999999999
20261004_084355,2026-10-04 08:44:01.512000+00:00,Luzern,local,ch:1:sloid:8450,"Luzern, Bahnhof",ch:1:sloid:8450::2,2026-10-04,ch:1:sjyid:100619:plan:64076a74-1b0d-438c-8c81-898cc15c6f3e,bus,Bus,1,1,2542,"Obernau, Dorf",Ebikon Fildern,B,,2026-10-04 08:47:48+00:00,2026-10-04 08:48:24+00:00,,True,0.6,2026-10-04 10:44:01.512000+02:00,2026-10-04 10:47:48+02:00,2026-10-04 10:48:24+02:00,2026-10-04,10,Sunday,True,3.7748
20261004_084355,2026-10-04 08:44:01.512000+00:00,Luzern,local,ch:1:sloid:8450,"Luzern, Bahnhof",ch:1:sloid:8450::1,2026-10-04,ch:1:sjyid:100619:plan:ae55c66a-2eca-4287-9405-562d39d7ccd3,bus,Bus,6,6,21441,"Luzern, Büttenenhalde",Matthof,A,,2026-10-04 08:47:00+00:00,2026-10-04 08:49:42+00:00,,True,2.7,2026-10-04 10:44:01.512000+02:00,2026-10-04 10:47:00+02:00,2026-10-04 10:49:42+02:00,2026-10-04,10,Sunday,True,2.9748
20261004_084355,2026-10-04 08:44:01.512000+00:00,Luzern,local,ch:1:sloid:8450,"Luzern, Bahnhof",ch:1:sloid:8450::1,2026-10-04,ch:1:sjyid:100619:plan:37f89cbb-a00a-4b1f-a775-8575e51f9ef5,bus,Bus,14,14,38405,"Luzern, Brüelstrasse",Horw Zentrum,A,,2026-10-04 08:47:00+00:00,2026-10-04 08:48:18+00:00,,True,1.3,2026-10-04 10:44:01.512000+02:00,2026-10-04 10:47:00+02:00,2026-10-04 10:48:18+02:00,2026-10-04,10,Sunday,True,2.9748
20261004_084355,2026-10-04 08:44:01.512000+00:00,Luzern,local,ch:1:sloid:8450,"Luzern, Bahnhof",ch:1:sloid:8450::2,2026-10-04,ch:1:sjyid:100619:plan:281909c3-950e-4d8c-b698-653f3c4ea8e5,bus,Bus,7,7,24700,"Horw, Biregghof",Unterlöchli,B,,2026-10-04 08:48:00+00:00,2026-10-04 08:49:06+00:00,,True,1.1,2026-10-04 10:44:01.512000+02:00,2026-10-04 10:48:00+02:00,2026-10-04 10:49:06+02:00,2026-10-04,10,Sunday,True,3.9748
20261004_084355,2026-10-04 08:44:01.512000+00:00,Luzern,local,ch:1:sloid:8450,"Luzern, Bahnhof",ch:1:sloid:8450::23,2026-10-04,ch:1:sjyid:100619:plan:8a1aff84-2e1e-4f92-bf2d-501874fa3bf8,bus,Bus,2,2,8939,"Luzern, Bahnhof",E'brücke Sprengi,Y,,2026-10-04 08:48:00+00:00,2026-10-04 08:52:36+00:00,,True,4.6,2026-10-04 10:44:01.512000+02:00,2026-10-04 10:48:00+02:00,2026-10-04 10:52:36+02:00,2026-10-04,10,Sunday,True,3.9748
20261004_084355,2026-10-04 08:44:01.512000+00:00,Luzern,local,ch:1:sloid:8450,"Luzern, Bahnhof",ch:1:sloid:8450::1,2026-10-04,ch:1:sjyid:100619:plan:b8e956ef-41ab-45f2-a6c3-a7da91c8c15a,bus,Bus,1,1,2149,"Ebikon, Bahnhof",Obernau Dorf,A,,2026-10-04 08:51:00+00:00,2026-10-04 08:51:54+00:00,,True,0.9,2026-10-04 10:44:01.512000+02:00,2026-10-04 10:51:00+02:00,2026-10-04 10:51:54+02:00,2026-10-04,10,Sunday,True,6.9748
20261004_084355,2026-10-04 08:44:01.512000+00:00,Luzern,local,ch:1:sloid:8450,"Luzern, Bahnhof",ch:1:sloid:8450::2,2026-10-04,ch:1:sjyid:100619:plan:466b7a77-2408-4943-a1cc-e7c4e5e0c989,bus,Bus,8,8,28578,"Luzern, Hirtenhof",Würzenbach,B,,2026-10-04 08:52:00+00:00,2026-10-04 08:52:36+00:00,,True,0.6,2026-10-04 10:44:01.512000+02:00,2026-10-04 10:52:00+02:00,2026-10-04 10:52:36+02:00,2026-10-04,10,Sunday,True,7.9748
20261004_084355,2026-10-04 08:44:01.512000+00:00,Luzern,local,ch:1:sloid:8450,"Luzern, Bahnhof",ch:1:sloid:8450::15,2026-10-04,ch:1:sjyid:100602:f3e5721b-590c-41e7-8779-8d53ffc52024,bus,Bus,73,73,73039,"Luzern, Bahnhof",Udligenswil,U,,2026-10-04 08:52:00+00:00,2026-10-04 08:52:00+00:00,,True,0.0,2026-10-04 10:44:01.512000+02:00,2026-10-04 10:52:00+02:00,2026-10-04 10:52:00+02:00,2026-10-04,10,Sunday,True,7.9748
20261004_084355,2026-10-04 08:44:01.512000+00:00,Luzern,local,ch:1:sloid:8450,"Luzern, Bahnhof",ch:1:sloid:8450::2,2026-10-04,ch:1:sjyid:100619:plan:f3c78a60-58a0-4b0b-b519-30373fa5cccc,bus,Bus,1,1,2580,"Obernau, Dorf",Ebikon Bahnhof,B,,2026-10-04 08:55:48+00:00,2026-10-04 08:56:18+00:00,,True,0.5,2026-10-04 10:44:01.512000+02:00,2026-10-04 10:55:48+02:00,2026-10-04 10:56:18+02:00,2026-10-04,10,Sunday,True,11.7748
20261004_084355,2026-10-04 08:44:01.512000+00:00,Luzern,local,ch:1:sloid:8450,"Luzern, Bahnhof",ch:1:sloid:8450::11,2026-10-04,ch:1:sjyid:100619:plan:e7aa0a8d-3089-4cdb-8605-68297c31d01d,bus,Bus,19,19,45362,"Luzern, Bahnhof",Friedental,R,,2026-10-04 08:55:00+00:00,2026-10-04 08:55:00+00:00,,True,0.0,2026-10-04 10:44:01.512000+02:00,2026-10-04 10:55:00+02:00,2026-10-04 10:55:00+02:00,2026-10-04,10,Sunday,True,10.9748
20261004_084355,2026-10-04 08:44:01.512000+00:00,Luzern,local,ch:1:sloid:8450,"Luzern, Bahnhof",ch:1:sloid:8450::1,2026-10-04,ch:1:sjyid:100619:plan:3969cb2c-2d03-4fcd-a7da-23393868dcf0,bus,Bus,8,8,28673,"Luzern, Würzenbach",Hirtenhof,A,,2026-10-04 08:55:00+00:00,2026-10-04 08:55:00+00:00,,True,0.0,2026-10-04 10:44:01.512000+02:00,2026-10-04 10:55:00+02:00,2026-10-04 10:55:00+02:00,2026-10-04,10,Sunday,True,10.9748
20261004_084355,2026-10-04 08:44:01.512000+00:00,Luzern,local,ch:1:sloid:8450,"Luzern, Bahnhof",ch:1:sloid:8450::2,2026-10-04,ch:1:sjyid:100619:plan:48f9463d-1714-4d38-bff5-036472099a56,bus,Bus,6,6,21458,"Luzern, Matthof",Büttenenhalde,B,,2026-10-04 08:59:00+00:00,2026-10-04 08:59:00+00:00,,True,0.0,2026-10-04 10:44:01.512000+02:00,2026-10-04 10:59:00+02:00,2026-10-04 10:59:00+02:00,2026-10-04,10,Sunday,True,14.9748
20261004_084355,2026-10-04 08:44:01.512000+00:00,Luzern,local,ch:1:sloid:8450,"Luzern, Bahnhof",ch:1:sloid:8450::2,2026-10-04,ch:1:sjyid:100619:plan:18a565f8-8d22-43ff-a5b5-24e26886de20,bus,Bus,14,14,38586,"Horw, Zentrum",Brüelstrasse,B,,2026-10-04 08:59:36+00:00,2026-10-04 09:00:00+00:00,,True,0.4,2026-10-04 10:44:01.512000+02:00,2026-10-04 10:59:36+02:00,2026-10-04 11:00:00+02:00,2026-10-04,10,Sunday,True,15.574800000000002
20261004_084355,2026-10-04 08:44:01.512000+00:00,Luzern,local,ch:1:sloid:8450,"Luzern, Bahnhof",ch:1:sloid:8450::1,2026-10-04,ch:1:sjyid:100619:plan:435f5535-cbd6-4511-8a2b-f1df191b9dbd,bus,Bus,7,7,24723,"Luzern, Unterlöchli",Horw Biregghof,A,,2026-10-04 08:59:00+00:00,2026-10-04 08:59:00+00:00,,True,0.0,2026-10-04 10:44:01.512000+02:00,2026-10-04 10:59:00+02:00,2026-10-04 10:59:00+02:00,2026-10-04,10,Sunday,True,14.9748
20261004_084355,2026-10-04 08:44:01.512000+00:00,Luzern,local,ch:1:sloid:8450,"Luzern, Bahnhof",ch:1:sloid:8450::21,2026-10-04,ch:1:sjyid:100602:37e756c2-d84d-4598-bee0-3921377ce834,bus,Bus,72,72,72021,"Luzern, Bahnhof",Neuenkirch,P,,2026-10-04 09:00:00+00:00,2026-10-04 09:00:00+00:00,,True,0.0,2026-10-04 10:44:01.512000+02:00,2026-10-04 11:00:00+02:00,2026-10-04 11:00:00+02:00,2026-10-04,11,Sunday,True,15.9748
20261004_084355,2026-10-04 08:44:01.512000+00:00,Luzern,local,ch:1:sloid:8450,"Luzern, Bahnhof",ch:1:sloid:8450::1,2026-10-04,ch:1:sjyid:100619:plan:da8742d0-dc30-4481-9a5b-b09960b7699b,bus,Bus,1,1,2187,"Ebikon, Fildern",Obernau Dorf,A,,2026-10-04 09:00:00+00:00,2026-10-04 09:00:30+00:00,,True,0.5,2026-10-04 10:44:01.512000+02:00,2026-10-04 11:00:00+02:00,2026-10-04 11:00:30+02:00,2026-10-04,11,Sunday,True,15.9748
20261004_084355,2026-10-04 08:44:01.512000+00:00,Luzern,local,ch:1:sloid:8450,"Luzern, Bahnhof",ch:1:sloid:8450::16,2026-10-04,ch:1:sjyid:100619:plan:4e8d2557-0bb2-419d-a05a-ac5401c47642,bus,Bus,4,4,14557,"Luzern, Bahnhof",Hubelmatt,V,,2026-10-04 09:00:00+00:00,2026-10-04 09:00:00+00:00,,True,0.0,2026-10-04 10:44:01.512000+02:00,2026-10-04 11:00:00+02:00,2026-10-04 11:00:00+02:00,2026-10-04,11,Sunday,True,15.9748
20261004_084355,2026-10-04 08:44:01.512000+00:00,Luzern,local,ch:1:sloid:8450,"Luzern, Bahnhof",ch:1:sloid:8450::17,2026-10-04,ch:1:sjyid:100619:plan:d9b87fd0-3122-4e90-bdcc-de3c7c992054,bus,Bus,10,10,32301,"Luzern, Bahnhof",Obergütsch,W,,2026-10-04 09:00:00+00:00,2026-10-04 09:00:00+00:00,,True,0.0,2026-10-04 10:44:01.512000+02:00,2026-10-04 11:00:00+02:00,2026-10-04 11:00:00+02:00,2026-10-04,11,Sunday,True,15.9748
20261004_084355,2026-10-04 08:44:01.512000+00:00,Luzern,local,ch:1:sloid:8450,"Luzern, Bahnhof",ch:1:sloid:8450::10,2026-10-04,ch:1:sjyid:100619:plan:1da23a71-c867-43b3-b964-0b97f1caa081,bus,Bus,20,20,48435,"Luzern, Bahnhof",Horw Technikumstrasse,J,,2026-10-04 09:00:00+00:00,2026-10-04 09:00:00+00:00,,True,0.0,2026-10-04 10:44:01.512000+02:00,2026-10-04 11:00:00+02:00,2026-10-04 11:00:00+02:00,2026-10-04,11,Sunday,True,15.9748
20261004_084355,2026-10-04 08:44:01.512000+00:00,Luzern,local,ch:1:sloid:8450,"Luzern, Bahnhof",ch:1:sloid:8450::14,2026-10-04,ch:1:sjyid:100619:plan:2ed135d3-de64-47b0-b545-c721cb628143,bus,Bus,21,21,53111,"Luzern, Bahnhof",Kriens Busschleife,Q,,2026-10-04 09:00:00+00:00,2026-10-04 09:00:00+00:00,,True,0.0,2026-10-04 10:44:01.512000+02:00,2026-10-04 11:00:00+02:00,2026-10-04 11:00:00+02:00,2026-10-04,11,Sunday,True,15.9748
20261004_084355,2026-10-04 08:44:01.512000+00:00,Luzern,local,ch:1:sloid:8450,"Luzern, Bahnhof",ch:1:sloid:8450::13,2026-10-04,ch:1:sjyid:100618:plan:fb3571c0-7145-4422-8d3f-040909988930,bus,Bus,61,61,128,"Luzern, Bahnhof",Ettiswil,T,,2026-10-04 09:01:00+00:00,2026-10-04 09:01:00+00:00,,True,0.0,2026-10-04 10:44:01.512000+02:00,2026-10-04 11:01:00+02:00,2026-10-04 11:01:00+02:00,2026-10-04,11,Sunday,True,16.974800000000002
20261004_084355,2026-10-04 08:44:01.512000+00:00,Luzern,local,ch:1:sloid:8450,"Luzern, Bahnhof",ch:1:sloid:8450::12,2026-10-04,ch:1:sjyid:100619:plan:a706a5ba-a94c-410b-a34c-4ec4b13f1b46,bus,Bus,24,24,59508,"Luzern, Bahnhof",Meggen Tschädigen,S,,2026-10-04 09:01:00+00:00,2026-10-04 09:01:00+00:00,,True,0.0,2026-10-04 10:44:01.512000+02:00,2026-10-04 11:01:00+02:00,2026-10-04 11:01:00+02:00,2026-10-04,11,Sunday,True,16.974800000000002
20261004_084355,2026-10-04 08:44:02.086000+00:00,St. Gallen,local,ch:1:sloid:74095,"St. Gallen, Bahnhof",ch:1:sloid:74095:0:888081,2026-10-04,ch:1:sjyid:100684:SKI-3111,bus,Bus,3,3,3111,"St. Gallen, Heiligkreuz","Abtwil SG, St.Josefen",F,,2026-10-04 08:44:00+00:00,2026-10-04 08:44:00+00:00,,True,0.0,2026-10-04 10:44:02.086000+02:00,2026-10-04 10:44:00+02:00,2026-10-04 10:44:00+02:00,2026-10-04,10,Sunday,True,-0.03476666666666666
20261004_084355,2026-10-04 08:44:02.086000+00:00,St. Gallen,local,ch:1:sloid:74095,"St. Gallen, Bahnhof",ch:1:sloid:74095:0:894224,2026-10-04,ch:1:sjyid:100684:SKI-3100,bus,Bus,3,3,3100,"Abtwil SG, St. Josefen",Heiligkreuz,E,,2026-10-04 08:44:00+00:00,2026-10-04 08:47:42+00:00,,True,3.7,2026-10-04 10:44:02.086000+02:00,2026-10-04 10:44:00+02:00,2026-10-04 10:47:42+02:00,2026-10-04,10,Sunday,True,-0.03476666666666666
20261004_084355,2026-10-04 08:44:02.086000+00:00,St. Gallen,local,ch:1:sloid:74095,"St. Gallen, Bahnhof",ch:1:sloid:74095:0:541287,2026-10-04,ch:1:sjyid:100684:SKI-8117,bus,Bus,8,8,8117,"St. Gallen, Neudorf/R'str.",Wendeplatz Stocken,H,,2026-10-04 08:45:00+00:00,2026-10-04 08:45:42+00:00,,True,0.7,2026-10-04 10:44:02.086000+02:00,2026-10-04 10:45:00+02:00,2026-10-04 10:45:42+02:00,2026-10-04,10,Sunday,True,0.9652333333333334
20261004_084355,2026-10-04 08:44:02.086000+00:00,St. Gallen,local,ch:1:sloid:74095,"St. Gallen, Bahnhof",ch:1:sloid:74095:0:886128,2026-10-04,ch:1:sjyid:100602:28e5eb5d-5539-4aa1-ad67-8ecb38012f28,bus,Bus,200,200,20042,"St. Gallen, Bahnhof",Wittenbach  Arbon,G,,2026-10-04 08:45:00+00:00,2026-10-04 08:45:00+00:00,,True,0.0,2026-10-04 10:44:02.086000+02:00,2026-10-04 10:45:00+02:00,2026-10-04 10:45:00+02:00,2026-10-04,10,Sunday,True,0.9652333333333334
20261004_084355,2026-10-04 08:44:02.086000+00:00,St. Gallen,local,ch:1:sloid:74095,"St. Gallen, Bahnhof",ch:1:sloid:74095:0:888081,2026-10-04,ch:1:sjyid:100695:bfee0e96-e1eb-49e2-b570-cde04265e250,bus,Bus,151,151,51098,"St. Gallen, Bahnhof",Gossau Bhf,F,,2026-10-04 08:45:00+00:00,2026-10-04 08:46:06+00:00,,True,1.1,2026-10-04 10:44:02.086000+02:00,2026-10-04 10:45:00+02:00,2026-10-04 10:46:06+02:00,2026-10-04,10,Sunday,True,0.9652333333333334
20261004_084355,2026-10-04 08:44:02.086000+00:00,St. Gallen,local,ch:1:sloid:74095,"St. Gallen, Bahnhof",ch:1:sloid:74095:0:989159,2026-10-04,ch:1:sjyid:100684:SKI-2177,bus,Bus,2,2,2177,"St. Gallen, Guggeien",Wolfganghof,A,,2026-10-04 08:47:00+00:00,2026-10-04 08:47:00+00:00,,True,0.0,2026-10-04 10:44:02.086000+02:00,2026-10-04 10:47:00+02:00,2026-10-04 10:47:00+02:00,2026-10-04,10,Sunday,True,2.965233333333333
20261004_084355,2026-10-04 08:44:02.086000+00:00,St. Gallen,local,ch:1:sloid:74095,"St. Gallen, Bahnhof",ch:1:sloid:74095:0:541287,2026-10-04,ch:1:sjyid:100684:SKI-6189,bus,Bus,6,6,6189,"St. Gallen, Heiligkreuz",Bach St.Georgen,H,,2026-10-04 08:48:00+00:00,2026-10-04 08:48:00+00:00,,True,0.0,2026-10-04 10:44:02.086000+02:00,2026-10-04 10:48:00+02:00,2026-10-04 10:48:00+02:00,2026-10-04,10,Sunday,True,3.965233333333333
20261004_084355,2026-10-04 08:44:02.086000+00:00,St. Gallen,local,ch:1:sloid:74095,"St. Gallen, Bahnhof",ch:1:sloid:74095:0:181274,2026-10-04,ch:1:sjyid:100684:SKI-2178,bus,Bus,2,2,2178,"St. Gallen, Winkeln",Guggeien,B,,2026-10-04 08:50:00+00:00,2026-10-04 08:50:30+00:00,,True,0.5,2026-10-04 10:44:02.086000+02:00,2026-10-04 10:50:00+02:00,2026-10-04 10:50:30+02:00,2026-10-04,10,Sunday,True,5.965233333333333
20261004_084355,2026-10-04 08:44:02.086000+00:00,St. Gallen,local,ch:1:sloid:74095,"St. Gallen, Bahnhof",ch:1:sloid:74095:0:606657,2026-10-04,ch:1:sjyid:100684:SKI-10082,bus,Bus,10,10,10082,"St. Gallen, Bahnhof",Röteli,I,,2026-10-04 08:51:00+00:00,2026-10-04 08:51:00+00:00,,True,0.0,2026-10-04 10:44:02.086000+02:00,2026-10-04 10:51:00+02:00,2026-10-04 10:51:00+02:00,2026-10-04,10,Sunday,True,6.965233333333333
20261004_084355,2026-10-04 08:44:02.086000+00:00,St. Gallen,local,ch:1:sloid:74095,"St. Gallen, Bahnhof",ch:1:sloid:74095:0:606657,2026-10-04,ch:1:sjyid:100684:SKI-5176,bus,Bus,5,5,5176,"St. Gallen, Riethüsli",Rotmonten,I,,2026-10-04 08:53:00+00:00,2026-10-04 08:53:00+00:00,,True,0.0,2026-10-04 10:44:02.086000+02:00,2026-10-04 10:53:00+02:00,2026-10-04 10:53:00+02:00,2026-10-04,10,Sunday,True,8.965233333333334
20261004_084355,2026-10-04 08:44:02.086000+00:00,St. Gallen,local,ch:1:sloid:74095,"St. Gallen, Bahnhof",ch:1:sloid:74095:0:541287,2026-10-04,ch:1:sjyid:100684:SKI-5185,bus,Bus,5,5,5185,"St. Gallen, Rotmonten",Riethüsli,H,,2026-10-04 08:56:00+00:00,2026-10-04 08:56:00+00:00,,True,0.0,2026-10-04 10:44:02.086000+02:00,2026-10-04 10:56:00+02:00,2026-10-04 10:56:00+02:00,2026-10-04,10,Sunday,True,11.965233333333334
20261004_084355,2026-10-04 08:44:02.086000+00:00,St. Gallen,local,ch:1:sloid:74095,"St. Gallen, Bahnhof",ch:1:sloid:74095:0:989159,2026-10-04,ch:1:sjyid:100684:SKI-1189,bus,Bus,1,1,1189,"St. Gallen, Stephanshorn",Winkeln,A,,2026-10-04 08:57:00+00:00,2026-10-04 08:57:00+00:00,,True,0.0,2026-10-04 10:44:02.086000+02:00,2026-10-04 10:57:00+02:00,2026-10-04 10:57:00+02:00,2026-10-04,10,Sunday,True,12.965233333333334
20261004_084355,2026-10-04 08:44:02.086000+00:00,St. Gallen,local,ch:1:sloid:74095,"St. Gallen, Bahnhof",ch:1:sloid:74095:0:943524,2026-10-04,ch:1:sjyid:100684:SKI-11048,bus,Bus,11,11,11048,"St. Gallen, Bahnhof","Wit., Abacus-Platz",J,,2026-10-04 08:57:00+00:00,2026-10-04 08:57:00+00:00,,True,0.0,2026-10-04 10:44:02.086000+02:00,2026-10-04 10:57:00+02:00,2026-10-04 10:57:00+02:00,2026-10-04,10,Sunday,True,12.965233333333334
20261004_084355,2026-10-04 08:44:02.086000+00:00,St. Gallen,local,ch:1:sloid:74095,"St. Gallen, Bahnhof",ch:1:sloid:74095:0:482413,2026-10-04,ch:1:sjyid:100602:e48c973f-c4e5-4306-869f-8446518d96d3,bus,Bus,120,120,12040,"Engelburg, Dorfplatz",Heiden,D,,2026-10-04 08:57:00+00:00,2026-10-04 08:57:00+00:00,,True,0.0,2026-10-04 10:44:02.086000+02:00,2026-10-04 10:57:00+02:00,2026-10-04 10:57:00+02:00,2026-10-04,10,Sunday,True,12.965233333333334
20261004_084355,2026-10-04 08:44:02.086000+00:00,St. Gallen,local,ch:1:sloid:74095,"St. Gallen, Bahnhof",ch:1:sloid:74095:0:606657,2026-10-04,ch:1:sjyid:100684:SKI-8108,bus,Bus,8,8,8108,"St. Gallen, Wendeplatz Stocken",Neudorf / R'str.,I,,2026-10-04 08:57:00+00:00,2026-10-04 08:57:00+00:00,,True,0.0,2026-10-04 10:44:02.086000+02:00,2026-10-04 10:57:00+02:00,2026-10-04 10:57:00+02:00,2026-10-04,10,Sunday,True,12.965233333333334
20261004_084355,2026-10-04 08:44:02.086000+00:00,St. Gallen,local,ch:1:sloid:74095,"St. Gallen, Bahnhof",ch:1:sloid:74095:0:606657,2026-10-04,ch:1:sjyid:100684:SKI-9122,bus,Bus,9,9,9122,"St. Gallen, Hölzli",Sonne,I,,2026-10-04 08:58:00+00:00,2026-10-04 08:58:00+00:00,,True,0.0,2026-10-04 10:44:02.086000+02:00,2026-10-04 10:58:00+02:00,2026-10-04 10:58:00+02:00,2026-10-04,10,Sunday,True,13.965233333333334
20261004_084355,2026-10-04 08:44:02.086000+00:00,St. Gallen,local,ch:1:sloid:74095,"St. Gallen, Bahnhof",ch:1:sloid:74095:0:894224,2026-10-04,ch:1:sjyid:100684:SKI-6176,bus,Bus,6,6,6176,"St. Gallen, Bach St. Georgen",Heiligkreuz,E,,2026-10-04 08:58:00+00:00,2026-10-04 08:58:00+00:00,,True,0.0,2026-10-04 10:44:02.086000+02:00,2026-10-04 10:58:00+02:00,2026-10-04 10:58:00+02:00,2026-10-04,10,Sunday,True,13.965233333333334
20261004_084355,2026-10-04 08:44:02.086000+00:00,St. Gallen,local,ch:1:sloid:74095,"St. Gallen, Bahnhof",ch:1:sloid:74095:0:888081,2026-10-04,ch:1:sjyid:100684:SKI-4111,bus,Bus,4,4,4111,"Wittenbach, Bahnhof","Abtwil SG, St.Josefen",F,,2026-10-04 08:59:00+00:00,2026-10-04 08:59:00+00:00,,True,0.0,2026-10-04 10:44:02.086000+02:00,2026-10-04 10:59:00+02:00,2026-10-04 10:59:00+02:00,2026-10-04,10,Sunday,True,14.965233333333334
20261004_084355,2026-10-04 08:44:02.086000+00:00,St. Gallen,local,ch:1:sloid:74095,"St. Gallen, Bahnhof",ch:1:sloid:74095:0:894224,2026-10-04,ch:1:sjyid:100684:SKI-4114,bus,Bus,4,4,4114,"Abtwil SG, St. Josefen","Wittenbach, Bahnhof",E,,2026-10-04 08:59:00+00:00,2026-10-04 08:59:00+00:00,,True,0.0,2026-10-04 10:44:02.086000+02:00,2026-10-04 10:59:00+02:00,2026-10-04 10:59:00+02:00,2026-10-04,10,Sunday,True,14.965233333333334
20261004_084355,2026-10-04 08:44:02.086000+00:00,St. Gallen,local,ch:1:sloid:74095,"St. Gallen, Bahnhof",ch:1:sloid:74095:0:174964,2026-10-04,ch:1:sjyid:100684:SKI-9125,bus,Bus,9,9,9125,"St. Gallen, Rotmonten",Hölzli,C,,2026-10-04 09:00:00+00:00,2026-10-04 09:00:00+00:00,,True,0.0,2026-10-04 10:44:02.086000+02:00,2026-10-04 11:00:00+02:00,2026-10-04 11:00:00+02:00,2026-10-04,11,Sunday,True,15.965233333333334
20261004_084355,2026-10-04 08:44:02.086000+00:00,St. Gallen,local,ch:1:sloid:74095,"St. Gallen, Bahnhof",ch:1:sloid:74095:0:541287,2026-10-04,ch:1:sjyid:100684:SKI-7131,bus,Bus,7,7,7131,"St. Gallen, Neudorf/R'str.",Hinterberg,H,,2026-10-04 09:00:00+00:00,2026-10-04 09:00:06+00:00,,True,0.1,2026-10-04 10:44:02.086000+02:00,2026-10-04 11:00:00+02:00,2026-10-04 11:00:06+02:00,2026-10-04,11,Sunday,True,15.965233333333334
20261004_084355,2026-10-04 08:44:02.086000+00:00,St. Gallen,local,ch:1:sloid:74095,"St. Gallen, Bahnhof",ch:1:sloid:74095:0:886128,2026-10-04,ch:1:sjyid:100602:07ee3e13-8b49-4683-86d1-fa80c3ab6a94,bus,Bus,210,210,31022,"St. Gallen, Bahnhof",Arbon,G,,2026-10-04 09:00:00+00:00,2026-10-04 09:00:00+00:00,,True,0.0,2026-10-04 10:44:02.086000+02:00,2026-10-04 11:00:00+02:00,2026-10-04 11:00:00+02:00,2026-10-04,11,Sunday,True,15.965233333333334
20261004_084355,2026-10-04 08:44:02.086000+00:00,St. Gallen,local,ch:1:sloid:74095,"St. Gallen, Bahnhof",ch:1:sloid:74095:0:181274,2026-10-04,ch:1:sjyid:100684:SKI-1182,bus,Bus,1,1,1182,"St. Gallen, Wolfganghof",Stephanshorn,B,,2026-10-04 09:00:00+00:00,2026-10-04 09:00:00+00:00,,True,0.0,2026-10-04 10:44:02.086000+02:00,2026-10-04 11:00:00+02:00,2026-10-04 11:00:00+02:00,2026-10-04,11,Sunday,True,15.965233333333334
20261004_084355,2026-10-04 08:44:02.086000+00:00,St. Gallen,local,ch:1:sloid:74095,"St. Gallen, Bahnhof",ch:1:sloid:74095:0:541287,2026-10-04,ch:1:sjyid:100684:SKI-10063,bus,Bus,10,10,10063,"St. Gallen, Röteli",Oberhofstetten,H,,2026-10-04 09:04:00+00:00,2026-10-04 09:04:00+00:00,,True,0.0,2026-10-04 10:44:02.086000+02:00,2026-10-04 11:04:00+02:00,2026-10-04 11:04:00+02:00,2026-10-04,11,Sunday,True,19.965233333333334
20261004_084355,2026-10-04 08:44:02.086000+00:00,St. Gallen,local,ch:1:sloid:74095,"St. Gallen, Bahnhof",ch:1:sloid:74095:0:174964,2026-10-04,ch:1:sjyid:100602:5a50045d-56ac-4d39-b465-5091f2fa8ff2,bus,Bus,120,120,12039,"Heiden, Post",Engelburg,C,,2026-10-04 09:06:00+00:00,2026-10-04 09:06:00+00:00,,True,0.0,2026-10-04 10:44:02.086000+02:00,2026-10-04 11:06:00+02:00,2026-10-04 11:06:00+02:00,2026-10-04,11,Sunday,True,21.965233333333334
20261004_084355,2026-10-04 08:44:02.086000+00:00,St. Gallen,local,ch:1:sloid:74095,"St. Gallen, Bahnhof",ch:1:sloid:74095:0:989159,2026-10-04,ch:1:sjyid:100684:SKI-2187,bus,Bus,2,2,2187,"St. Gallen, Guggeien",Wolfganghof,A,,2026-10-04 09:07:00+00:00,2026-10-04 09:07:00+00:00,,True,0.0,2026-10-04 10:44:02.086000+02:00,2026-10-04 11:07:00+02:00,2026-10-04 11:07:00+02:00,2026-10-04,11,Sunday,True,22.965233333333334
20261004_084355,2026-10-04 08:44:02.086000+00:00,St. Gallen,local,ch:1:sloid:74095,"St. Gallen, Bahnhof",ch:1:sloid:74095:0:541287,2026-10-04,ch:1:sjyid:100684:SKI-6201,bus,Bus,6,6,6201,"St. Gallen, Heiligkreuz",Bach St.Georgen,H,,2026-10-04 09:08:00+00:00,2026-10-04 09:08:00+00:00,,True,0.0,2026-10-04 10:44:02.086000+02:00,2026-10-04 11:08:00+02:00,2026-10-04 11:08:00+02:00,2026-10-04,11,Sunday,True,23.965233333333334
20261004_084355,2026-10-04 08:44:02.086000+00:00,St. Gallen,local,ch:1:sloid:74095,"St. Gallen, Bahnhof",ch:1:sloid:74095:0:181274,2026-10-04,ch:1:sjyid:100684:SKI-2192,bus,Bus,2,2,2192,"St. Gallen, Winkeln",Guggeien,B,,2026-10-04 09:10:00+00:00,2026-10-04 09:10:00+00:00,,True,0.0,2026-10-04 10:44:02.086000+02:00,2026-10-04 11:10:00+02:00,2026-10-04 11:10:00+02:00,2026-10-04,11,Sunday,True,25.965233333333334
20261004_084355,2026-10-04 08:44:02.086000+00:00,St. Gallen,local,ch:1:sloid:74095,"St. Gallen, Bahnhof",ch:1:sloid:74095:0:606657,2026-10-04,ch:1:sjyid:100684:SKI-7116,bus,Bus,7,7,7116,"St. Gallen, Hinterberg",Neudorf / R'str.,I,,2026-10-04 09:12:00+00:00,2026-10-04 09:12:00+00:00,,True,0.0,2026-10-04 10:44:02.086000+02:00,2026-10-04 11:12:00+02:00,2026-10-04 11:12:00+02:00,2026-10-04,11,Sunday,True,27.965233333333334
20261004_084355,2026-10-04 08:44:02.086000+00:00,St. Gallen,local,ch:1:sloid:74095,"St. Gallen, Bahnhof",ch:1:sloid:74095:0:606657,2026-10-04,ch:1:sjyid:100684:SKI-5186,bus,Bus,5,5,5186,"St. Gallen, Riethüsli",Rotmonten,I,,2026-10-04 09:13:00+00:00,2026-10-04 09:13:00+00:00,,True,0.0,2026-10-04 10:44:02.086000+02:00,2026-10-04 11:13:00+02:00,2026-10-04 11:13:00+02:00,2026-10-04,11,Sunday,True,28.965233333333334
20261004_084355,2026-10-04 08:44:02.578000+00:00,Lausanne,local,ch:1:sloid:92050,"Lausanne, gare",ch:1:sloid:92050:0:2814,2026-10-04,ch:1:sjyid:100122:plan1:2026_ATT5-21-50-Dimanche-21-10017977,bus,Bus,21,21,21038,"Paudex, Verrière",Blécherette,D,,2026-10-04 08:46:00+00:00,2026-10-04 08:48:24+00:00,,True,2.4,2026-10-04 10:44:02.578000+02:00,2026-10-04 10:46:00+02:00,2026-10-04 10:48:24+02:00,2026-10-04,10,Sunday,True,1.9570333333333332
20261004_084355,2026-10-04 08:44:02.578000+00:00,Lausanne,local,ch:1:sloid:92050,"Lausanne, gare",ch:1:sloid:92050:0:1096,2026-10-04,ch:1:sjyid:100122:plan2:m2_0069,metro,Metro,m2,m2,720069,"Lausanne, Ouchy-Olympique","Epalinges, Croisettes",,,2026-10-04 08:47:00+00:00,,,False,,2026-10-04 10:44:02.578000+02:00,2026-10-04 10:47:00+02:00,,2026-10-04,10,Sunday,True,2.9570333333333334
20261004_084355,2026-10-04 08:44:02.578000+00:00,Lausanne,local,ch:1:sloid:92050,"Lausanne, gare",ch:1:sloid:92050:0:1101,2026-10-04,ch:1:sjyid:100122:plan2:m2_0224,metro,Metro,m2,m2,720224,"Epalinges, Croisettes","Lausanne, Ouchy-Olympique",,,2026-10-04 08:48:00+00:00,,,False,,2026-10-04 10:44:02.578000+02:00,2026-10-04 10:48:00+02:00,,2026-10-04,10,Sunday,True,3.9570333333333334
20261004_084355,2026-10-04 08:44:02.578000+00:00,Lausanne,local,ch:1:sloid:92050,"Lausanne, gare",ch:1:sloid:92050:0:2893,2026-10-04,ch:1:sjyid:100122:plan1:2026_ATT4-01-40-Dimanche-1-9845920,bus,Bus,1,1,1038,"Lausanne, Maladière",Blécherette,A,,2026-10-04 08:49:00+00:00,2026-10-04 08:50:24+00:00,,True,1.4,2026-10-04 10:44:02.578000+02:00,2026-10-04 10:49:00+02:00,2026-10-04 10:50:24+02:00,2026-10-04,10,Sunday,True,4.957033333333333
20261004_084355,2026-10-04 08:44:02.578000+00:00,Lausanne,local,ch:1:sloid:92050,"Lausanne, gare",ch:1:sloid:92050:0:2893,2026-10-04,ch:1:sjyid:100122:plan1:2026_ATT5-21-50-Dimanche-21-10018042,bus,Bus,21,21,21146,"Lausanne, Blécherette",Verrière,A,,2026-10-04 08:50:00+00:00,2026-10-04 08:50:48+00:00,,True,0.8,2026-10-04 10:44:02.578000+02:00,2026-10-04 10:50:00+02:00,2026-10-04 10:50:48+02:00,2026-10-04,10,Sunday,True,5.957033333333333
20261004_084355,2026-10-04 08:44:02.578000+00:00,Lausanne,local,ch:1:sloid:92050,"Lausanne, gare",ch:1:sloid:92050:0:2892,2026-10-04,ch:1:sjyid:100122:plan1:2026_ATT4-01-40-Dimanche-1-9845855,bus,Bus,1,1,1141,"Lausanne, Blécherette",Maladière,B,,2026-10-04 08:51:00+00:00,2026-10-04 08:51:54+00:00,,True,0.9,2026-10-04 10:44:02.578000+02:00,2026-10-04 10:51:00+02:00,2026-10-04 10:51:54+02:00,2026-10-04,10,Sunday,True,6.957033333333333
20261004_084355,2026-10-04 08:44:02.578000+00:00,Lausanne,local,ch:1:sloid:92050,"Lausanne, gare",ch:1:sloid:92050:0:1096,2026-10-04,ch:1:sjyid:100122:plan2:m2_0365,metro,Metro,m2,m2,720365,"Lausanne, Ouchy-Olympique","Epalinges, Croisettes",,,2026-10-04 08:52:00+00:00,,,False,,2026-10-04 10:44:02.578000+02:00,2026-10-04 10:52:00+02:00,,2026-10-04,10,Sunday,True,7.957033333333333
20261004_084355,2026-10-04 08:44:02.578000+00:00,Lausanne,local,ch:1:sloid:92050,"Lausanne, gare",ch:1:sloid:92050:0:1101,2026-10-04,ch:1:sjyid:100122:plan2:m2_0326,metro,Metro,m2,m2,720326,"Epalinges, Croisettes","Lausanne, Ouchy-Olympique",,,2026-10-04 08:53:00+00:00,,,False,,2026-10-04 10:44:02.578000+02:00,2026-10-04 10:53:00+02:00,,2026-10-04,10,Sunday,True,8.957033333333333
20261004_084355,2026-10-04 08:44:02.578000+00:00,Lausanne,local,ch:1:sloid:92050,"Lausanne, gare",ch:1:sloid:92050:0:2814,2026-10-04,ch:1:sjyid:100122:plan1:2026_ATT5-21-50-Dimanche-21-10017978,bus,Bus,21,21,21039,"Paudex, Verrière",Blécherette,D,,2026-10-04 08:56:00+00:00,2026-10-04 08:58:00+00:00,,True,2.0,2026-10-04 10:44:02.578000+02:00,2026-10-04 10:56:00+02:00,2026-10-04 10:58:00+02:00,2026-10-04,10,Sunday,True,11.957033333333333
20261004_084355,2026-10-04 08:44:02.578000+00:00,Lausanne,local,ch:1:sloid:92050,"Lausanne, gare",ch:1:sloid:92050:0:1096,2026-10-04,ch:1:sjyid:100122:plan2:m2_0173,metro,Metro,m2,m2,720173,"Lausanne, Ouchy-Olympique","Epalinges, Croisettes",,,2026-10-04 08:57:00+00:00,,,False,,2026-10-04 10:44:02.578000+02:00,2026-10-04 10:57:00+02:00,,2026-10-04,10,Sunday,True,12.957033333333333
20261004_084355,2026-10-04 08:44:02.578000+00:00,Lausanne,local,ch:1:sloid:92050,"Lausanne, gare",ch:1:sloid:92050:0:2815,2026-10-04,ch:1:sjyid:100122:plan1:2026_ATT3-20-30-Dimanche-20-9772122,bus,Bus,20,20,20018,"Lausanne, gare",Blécherette,C,,2026-10-04 08:58:00+00:00,2026-10-04 08:58:00+00:00,,True,0.0,2026-10-04 10:44:02.578000+02:00,2026-10-04 10:58:00+02:00,2026-10-04 10:58:00+02:00,2026-10-04,10,Sunday,True,13.957033333333333
20261004_084355,2026-10-04 08:44:02.578000+00:00,Lausanne,local,ch:1:sloid:92050,"Lausanne, gare",ch:1:sloid:92050:0:1101,2026-10-04,ch:1:sjyid:100122:plan2:m2_0122,metro,Metro,m2,m2,720122,"Epalinges, Croisettes","Lausanne, Ouchy-Olympique",,,2026-10-04 08:58:00+00:00,,,False,,2026-10-04 10:44:02.578000+02:00,2026-10-04 10:58:00+02:00,,2026-10-04,10,Sunday,True,13.957033333333333
20261004_084355,2026-10-04 08:44:02.578000+00:00,Lausanne,local,ch:1:sloid:92050,"Lausanne, gare",ch:1:sloid:92050:0:2893,2026-10-04,ch:1:sjyid:100122:plan1:2026_ATT4-01-40-Dimanche-1-9845921,bus,Bus,1,1,1039,"Lausanne, Maladière",Blécherette,A,,2026-10-04 08:59:00+00:00,2026-10-04 08:59:00+00:00,,True,0.0,2026-10-04 10:44:02.578000+02:00,2026-10-04 10:59:00+02:00,2026-10-04 10:59:00+02:00,2026-10-04,10,Sunday,True,14.957033333333333
20261004_084355,2026-10-04 08:44:02.578000+00:00,Lausanne,local,ch:1:sloid:92050,"Lausanne, gare",ch:1:sloid:92050:0:2814,2026-10-04,ch:1:sjyid:100122:plan1:2026_ATT2-03-20-Dimanche-3-9715386,bus,Bus,3,3,3035,"Lausanne, gare",Maillefer,D,,2026-10-04 09:00:00+00:00,2026-10-04 08:55:54+00:00,,True,-4.1,2026-10-04 10:44:02.578000+02:00,2026-10-04 11:00:00+02:00,2026-10-04 10:55:54+02:00,2026-10-04,11,Sunday,True,15.957033333333333
20261004_084355,2026-10-04 08:44:02.578000+00:00,Lausanne,local,ch:1:sloid:92050,"Lausanne, gare",ch:1:sloid:92050:0:2893,2026-10-04,ch:1:sjyid:100122:plan1:2026_ATT5-21-50-Dimanche-21-10018043,bus,Bus,21,21,21147,"Lausanne, Blécherette",Verrière,A,,2026-10-04 09:00:00+00:00,2026-10-04 09:02:12+00:00,,True,2.2,2026-10-04 10:44:02.578000+02:00,2026-10-04 11:00:00+02:00,2026-10-04 11:02:12+02:00,2026-10-04,11,Sunday,True,15.957033333333333
20261004_084355,2026-10-04 08:44:02.578000+00:00,Lausanne,local,ch:1:sloid:92050,"Lausanne, gare",ch:1:sloid:92050:0:2892,2026-10-04,ch:1:sjyid:100122:plan1:2026_ATT4-01-40-Dimanche-1-9845856,bus,Bus,1,1,1142,"Lausanne, Blécherette",Maladière,B,,2026-10-04 09:01:00+00:00,2026-10-04 09:01:00+00:00,,True,0.0,2026-10-04 10:44:02.578000+02:00,2026-10-04 11:01:00+02:00,2026-10-04 11:01:00+02:00,2026-10-04,11,Sunday,True,16.957033333333335
20261004_084355,2026-10-04 08:44:02.578000+00:00,Lausanne,local,ch:1:sloid:92050,"Lausanne, gare",ch:1:sloid:92050:0:1096,2026-10-04,ch:1:sjyid:100122:plan2:m2_0225,metro,Metro,m2,m2,720225,"Lausanne, Ouchy-Olympique","Epalinges, Croisettes",,,2026-10-04 09:02:00+00:00,,,False,,2026-10-04 10:44:02.578000+02:00,2026-10-04 11:02:00+02:00,,2026-10-04,11,Sunday,True,17.957033333333335
20261004_084355,2026-10-04 08:44:02.578000+00:00,Lausanne,local,ch:1:sloid:92050,"Lausanne, gare",ch:1:sloid:92050:0:1101,2026-10-04,ch:1:sjyid:100122:plan2:m2_0404,metro,Metro,m2,m2,720404,"Epalinges, Croisettes","Lausanne, Ouchy-Olympique",,,2026-10-04 09:03:00+00:00,,,False,,2026-10-04 10:44:02.578000+02:00,2026-10-04 11:03:00+02:00,,2026-10-04,11,Sunday,True,18.957033333333335
20261004_084355,2026-10-04 08:44:02.578000+00:00,Lausanne,local,ch:1:sloid:92050,"Lausanne, gare",ch:1:sloid:92050:0:2814,2026-10-04,ch:1:sjyid:100122:plan1:2026_ATT5-21-50-Dimanche-21-10017979,bus,Bus,21,21,21040,"Paudex, Verrière",Blécherette,D,,2026-10-04 09:06:00+00:00,2026-10-04 09:06:00+00:00,,True,0.0,2026-10-04 10:44:02.578000+02:00,2026-10-04 11:06:00+02:00,2026-10-04 11:06:00+02:00,2026-10-04,11,Sunday,True,21.957033333333335
20261004_084355,2026-10-04 08:44:02.578000+00:00,Lausanne,local,ch:1:sloid:92050,"Lausanne, gare",ch:1:sloid:92050:0:1096,2026-10-04,ch:1:sjyid:100122:plan2:m2_0327,metro,Metro,m2,m2,720327,"Lausanne, Ouchy-Olympique","Epalinges, Croisettes",,,2026-10-04 09:07:00+00:00,,,False,,2026-10-04 10:44:02.578000+02:00,2026-10-04 11:07:00+02:00,,2026-10-04,11,Sunday,True,22.957033333333335
20261004_084355,2026-10-04 08:44:02.578000+00:00,Lausanne,local,ch:1:sloid:92050,"Lausanne, gare",ch:1:sloid:92050:0:1101,2026-10-04,ch:1:sjyid:100122:plan2:m2_0276,metro,Metro,m2,m2,720276,"Epalinges, Croisettes","Lausanne, Ouchy-Olympique",,,2026-10-04 09:08:00+00:00,,,False,,2026-10-04 10:44:02.578000+02:00,2026-10-04 11:08:00+02:00,,2026-10-04,11,Sunday,True,23.957033333333335
20261004_084355,2026-10-04 08:44:02.578000+00:00,Lausanne,local,ch:1:sloid:92050,"Lausanne, gare",ch:1:sloid:92050:0:2893,2026-10-04,ch:1:sjyid:100122:plan1:2026_ATT4-01-40-Dimanche-1-9845922,bus,Bus,1,1,1040,"Lausanne, Maladière",Blécherette,A,,2026-10-04 09:09:00+00:00,2026-10-04 09:09:00+00:00,,True,0.0,2026-10-04 10:44:02.578000+02:00,2026-10-04 11:09:00+02:00,2026-10-04 11:09:00+02:00,2026-10-04,11,Sunday,True,24.957033333333335
20261004_084355,2026-10-04 08:44:02.578000+00:00,Lausanne,local,ch:1:sloid:92050,"Lausanne, gare",ch:1:sloid:92050:0:2814,2026-10-04,ch:1:sjyid:100122:plan1:2026_ATT2-03-20-Dimanche-3-9715387,bus,Bus,3,3,3036,"Lausanne, gare",Maillefer,D,,2026-10-04 09:10:00+00:00,2026-10-04 09:07:18+00:00,,True,-2.7,2026-10-04 10:44:02.578000+02:00,2026-10-04 11:10:00+02:00,2026-10-04 11:07:18+02:00,2026-10-04,11,Sunday,True,25.957033333333335
20261004_084355,2026-10-04 08:44:02.578000+00:00,Lausanne,local,ch:1:sloid:92050,"Lausanne, gare",ch:1:sloid:92050:0:2893,2026-10-04,ch:1:sjyid:100122:plan1:2026_ATT5-21-50-Dimanche-21-10018044,bus,Bus,21,21,21148,"Lausanne, Blécherette",Verrière,A,,2026-10-04 09:10:00+00:00,2026-10-04 09:10:00+00:00,,True,0.0,2026-10-04 10:44:02.578000+02:00,2026-10-04 11:10:00+02:00,2026-10-04 11:10:00+02:00,2026-10-04,11,Sunday,True,25.957033333333335
20261004_084355,2026-10-04 08:44:02.578000+00:00,Lausanne,local,ch:1:sloid:92050,"Lausanne, gare",ch:1:sloid:92050:0:2892,2026-10-04,ch:1:sjyid:100122:plan1:2026_ATT4-01-40-Dimanche-1-9845857,bus,Bus,1,1,1143,"Lausanne, Blécherette",Maladière,B,,2026-10-04 09:11:00+00:00,2026-10-04 09:11:00+00:00,,True,0.0,2026-10-04 10:44:02.578000+02:00,2026-10-04 11:11:00+02:00,2026-10-04 11:11:00+02:00,2026-10-04,11,Sunday,True,26.957033333333335
20261004_084355,2026-10-04 08:44:02.578000+00:00,Lausanne,local,ch:1:sloid:92050,"Lausanne, gare",ch:1:sloid:92050:0:1096,2026-10-04,ch:1:sjyid:100122:plan2:m2_0123,metro,Metro,m2,m2,720123,"Lausanne, Ouchy-Olympique","Epalinges, Croisettes",,,2026-10-04 09:12:00+00:00,,,False,,2026-10-04 10:44:02.578000+02:00,2026-10-04 11:12:00+02:00,,2026-10-04,11,Sunday,True,27.957033333333335
20261004_084355,2026-10-04 08:44:02.578000+00:00,Lausanne,local,ch:1:sloid:92050,"Lausanne, gare",ch:1:sloid:92050:0:2815,2026-10-04,ch:1:sjyid:100122:plan1:2026_ATT3-20-30-Dimanche-20-9772123,bus,Bus,20,20,20019,"Lausanne, gare",Blécherette,C,,2026-10-04 09:13:00+00:00,2026-10-04 09:13:00+00:00,,True,0.0,2026-10-04 10:44:02.578000+02:00,2026-10-04 11:13:00+02:00,2026-10-04 11:13:00+02:00,2026-10-04,11,Sunday,True,28.957033333333335
20261004_084355,2026-10-04 08:44:02.578000+00:00,Lausanne,local,ch:1:sloid:92050,"Lausanne, gare",ch:1:sloid:92050:0:1101,2026-10-04,ch:1:sjyid:100122:plan2:m2_0018,metro,Metro,m2,m2,720018,"Epalinges, Croisettes","Lausanne, Ouchy-Olympique",,,2026-10-04 09:13:00+00:00,,,False,,2026-10-04 10:44:02.578000+02:00,2026-10-04 11:13:00+02:00,,2026-10-04,11,Sunday,True,28.957033333333335
20261004_084355,2026-10-04 08:44:02.578000+00:00,Lausanne,local,ch:1:sloid:92050,"Lausanne, gare",ch:1:sloid:92050:0:2814,2026-10-04,ch:1:sjyid:100122:plan1:2026_ATT5-21-50-Dimanche-21-10017980,bus,Bus,21,21,21041,"Paudex, Verrière",Blécherette,D,,2026-10-04 09:16:00+00:00,2026-10-04 09:16:00+00:00,,True,0.0,2026-10-04 10:44:02.578000+02:00,2026-10-04 11:16:00+02:00,2026-10-04 11:16:00+02:00,2026-10-04,11,Sunday,True,31.957033333333335
20261004_084355,2026-10-04 08:44:03.056000+00:00,Genève,local,ch:1:sloid:87057,"Genève, gare Cornavin",ch:1:sloid:87057:0:408265,2026-10-04,ch:1:sjyid:100680:HAS-26-15-10-Dimanche-35072797,tram,Tram,15,15,635923,"Plan-les-Ouates, ZIPLO",Nations,E,,2026-10-04 08:42:00+00:00,2026-10-04 08:45:48+00:00,,True,3.8,2026-10-04 10:44:03.056000+02:00,2026-10-04 10:42:00+02:00,2026-10-04 10:45:48+02:00,2026-10-04,10,Sunday,True,-2.0509333333333335
20261004_084355,2026-10-04 08:44:03.056000+00:00,Genève,local,ch:1:sloid:87057,"Genève, gare Cornavin",ch:1:sloid:87057:0:89811,2026-10-04,ch:1:sjyid:100680:HAS-26-14-10-Dimanche-35073154,tram,Tram,14,14,636268,"Bernex, Vailly",Meyrin-Gravière,H,,2026-10-04 08:43:00+00:00,2026-10-04 08:44:42+00:00,,True,1.7,2026-10-04 10:44:03.056000+02:00,2026-10-04 10:43:00+02:00,2026-10-04 10:44:42+02:00,2026-10-04,10,Sunday,True,-1.0509333333333333
20261004_084355,2026-10-04 08:44:03.056000+00:00,Genève,local,ch:1:sloid:87057,"Genève, gare Cornavin",ch:1:sloid:87057:0:233278,2026-10-04,ch:1:sjyid:100680:HAS-26-14-10-Dimanche-35073179,tram,Tram,14,14,636293,"Meyrin, Gravière",Bernex-Vailly,I,,2026-10-04 08:44:00+00:00,2026-10-04 08:46:30+00:00,,True,2.5,2026-10-04 10:44:03.056000+02:00,2026-10-04 10:44:00+02:00,2026-10-04 10:46:30+02:00,2026-10-04,10,Sunday,True,-0.05093333333333334
20261004_084355,2026-10-04 08:44:03.056000+00:00,Genève,local,ch:1:sloid:87057,"Genève, gare Cornavin",ch:1:sloid:87057:0:783875,2026-10-04,ch:1:sjyid:100680:HAS-26-02-06-19-1-Dimanche-34653908,bus,Bus,19,19,618199,"Onex, cité",Vernier-Village,K,,2026-10-04 08:44:00+00:00,2026-10-04 08:44:30+00:00,,True,0.5,2026-10-04 10:44:03.056000+02:00,2026-10-04 10:44:00+02:00,2026-10-04 10:44:30+02:00,2026-10-04,10,Sunday,True,-0.05093333333333334
20261004_084355,2026-10-04 08:44:03.056000+00:00,Genève,local,ch:1:sloid:87057,"Genève, gare Cornavin",ch:1:sloid:87057:0:46188,2026-10-04,ch:1:sjyid:100680:HAS-26-15-10-Dimanche-35072822,tram,Tram,15,15,635948,"Genève, Nations",ZIPLO,D,,2026-10-04 08:45:00+00:00,2026-10-04 08:44:36+00:00,,True,-0.4,2026-10-04 10:44:03.056000+02:00,2026-10-04 10:45:00+02:00,2026-10-04 10:44:36+02:00,2026-10-04,10,Sunday,True,0.9490666666666667
20261004_084355,2026-10-04 08:44:03.056000+00:00,Genève,local,ch:1:sloid:87057,"Genève, gare Cornavin",ch:1:sloid:87057:0:783875,2026-10-04,ch:1:sjyid:100680:HAS-26-10-0-Dimanche-33793962,bus,Bus,10,10,549782,"Genève, Rive",Genève-Aéroport-Terminal,K,,2026-10-04 08:45:00+00:00,2026-10-04 08:47:12+00:00,,True,2.2,2026-10-04 10:44:03.056000+02:00,2026-10-04 10:45:00+02:00,2026-10-04 10:47:12+02:00,2026-10-04,10,Sunday,True,0.9490666666666667
20261004_084355,2026-10-04 08:44:03.056000+00:00,Genève,local,ch:1:sloid:87057,"Genève, gare Cornavin",ch:1:sloid:87057:0:589555,2026-10-04,ch:1:sjyid:100680:HAS-26-02-06-19-1-Dimanche-34653842,bus,Bus,19,19,618146,"Vernier, village",Onex-Cité,L,,2026-10-04 08:47:00+00:00,2026-10-04 08:48:24+00:00,,True,1.4,2026-10-04 10:44:03.056000+02:00,2026-10-04 10:47:00+02:00,2026-10-04 10:48:24+02:00,2026-10-04,10,Sunday,True,2.9490666666666665
20261004_084355,2026-10-04 08:44:03.056000+00:00,Genève,local,ch:1:sloid:87057,"Genève, gare Cornavin",ch:1:sloid:87057:0:46188,2026-10-04,ch:1:sjyid:100680:HAS-26-015925-70-Dimanche-35915768,bus,Bus,25,25,732480,"Genève, Jardin Botanique",Thônex-Vallard,D,,2026-10-04 08:48:00+00:00,2026-10-04 08:48:00+00:00,,True,0.0,2026-10-04 10:44:03.056000+02:00,2026-10-04 10:48:00+02:00,2026-10-04 10:48:00+02:00,2026-10-04,10,Sunday,True,3.9490666666666665
20261004_084355,2026-10-04 08:44:03.056000+00:00,Genève,local,ch:1:sloid:87057,"Genève, gare Cornavin",ch:1:sloid:87057:0:89811,2026-10-04,ch:1:sjyid:100680:HAS-26-18-10-Dimanche-35073440,tram,Tram,18,18,636497,"Grand-Lancy, Palettes",CERN,H,,2026-10-04 08:48:00+00:00,2026-10-04 08:48:30+00:00,,True,0.5,2026-10-04 10:44:03.056000+02:00,2026-10-04 10:48:00+02:00,2026-10-04 10:48:30+02:00,2026-10-04,10,Sunday,True,3.9490666666666665
20261004_084355,2026-10-04 08:44:03.056000+00:00,Genève,local,ch:1:sloid:87057,"Genève, gare Cornavin",ch:1:sloid:87057:0:408265,2026-10-04,ch:1:sjyid:100680:HAS-26-015925-70-Dimanche-35915791,bus,Bus,1,1,732503,"Thônex, Hôpital Trois-Chêne",Jardin Botanique,E,,2026-10-04 08:48:00+00:00,2026-10-04 08:51:36+00:00,,True,3.6,2026-10-04 10:44:03.056000+02:00,2026-10-04 10:48:00+02:00,2026-10-04 10:51:36+02:00,2026-10-04,10,Sunday,True,3.9490666666666665
20261004_084355,2026-10-04 08:44:03.056000+00:00,Genève,local,ch:1:sloid:87057,"Genève, gare Cornavin",ch:1:sloid:87057:0:233278,2026-10-04,ch:1:sjyid:100680:HAS-26-18-10-Dimanche-35073500,tram,Tram,18,18,636557,"Meyrin, CERN",Palettes,I,,2026-10-04 08:49:00+00:00,2026-10-04 08:48:30+00:00,,True,-0.5,2026-10-04 10:44:03.056000+02:00,2026-10-04 10:49:00+02:00,2026-10-04 10:48:30+02:00,2026-10-04,10,Sunday,True,4.949066666666667
20261004_084355,2026-10-04 08:44:03.056000+00:00,Genève,local,ch:1:sloid:87057,"Genève, gare Cornavin",ch:1:sloid:87057:0:783875,2026-10-04,ch:1:sjyid:100680:HAS-26-015925-70-Dimanche-35915976,bus,Bus,9,9,730737,"Thônex, Belle-Terre Pl. Araire",Lignon-Tours,K,,2026-10-04 08:49:00+00:00,2026-10-04 08:51:18+00:00,,True,2.3,2026-10-04 10:44:03.056000+02:00,2026-10-04 10:49:00+02:00,2026-10-04 10:51:18+02:00,2026-10-04,10,Sunday,True,4.949066666666667
20261004_084355,2026-10-04 08:44:03.056000+00:00,Genève,local,ch:1:sloid:87057,"Genève, gare Cornavin",ch:1:sloid:87057:0:698638,2026-10-04,ch:1:sjyid:100680:HAS-26-03-0-Dimanche-33832607,bus,Bus,3,3,553981,"Genève, Crêts-de-Champel",Gardiol,F,,2026-10-04 08:50:00+00:00,2026-10-04 08:51:18+00:00,,True,1.3,2026-10-04 10:44:03.056000+02:00,2026-10-04 10:50:00+02:00,2026-10-04 10:51:18+02:00,2026-10-04,10,Sunday,True,5.949066666666667
20261004_084355,2026-10-04 08:44:03.056000+00:00,Genève,local,ch:1:sloid:87057,"Genève, gare Cornavin",ch:1:sloid:87057:0:408265,2026-10-04,ch:1:sjyid:100680:HAS-26-15-10-Dimanche-35072798,tram,Tram,15,15,635924,"Plan-les-Ouates, ZIPLO",Nations,E,,2026-10-04 08:52:00+00:00,2026-10-04 08:53:18+00:00,,True,1.3,2026-10-04 10:44:03.056000+02:00,2026-10-04 10:52:00+02:00,2026-10-04 10:53:18+02:00,2026-10-04,10,Sunday,True,7.949066666666667
20261004_084355,2026-10-04 08:44:03.056000+00:00,Genève,local,ch:1:sloid:87057,"Genève, gare Cornavin",ch:1:sloid:87057:0:589555,2026-10-04,ch:1:sjyid:100680:HAS-26-10-0-Dimanche-33793964,bus,Bus,10,10,549784,"Genève-Aéroport, Terminal",Rive,L,,2026-10-04 08:52:00+00:00,2026-10-04 08:51:30+00:00,,True,-0.5,2026-10-04 10:44:03.056000+02:00,2026-10-04 10:52:00+02:00,2026-10-04 10:51:30+02:00,2026-10-04,10,Sunday,True,7.949066666666667
20261004_084355,2026-10-04 08:44:03.056000+00:00,Genève,local,ch:1:sloid:87057,"Genève, gare Cornavin",ch:1:sloid:87057:0:50679,2026-10-04,ch:1:sjyid:100680:HAS-26-015925-70-Dimanche-35915643,bus,Bus,5,5,732406,"Thônex, Vallard",Genève-Aéroport-Terminal,J,,2026-10-04 08:52:00+00:00,2026-10-04 08:52:54+00:00,,True,0.9,2026-10-04 10:44:03.056000+02:00,2026-10-04 10:52:00+02:00,2026-10-04 10:52:54+02:00,2026-10-04,10,Sunday,True,7.949066666666667
20261004_084355,2026-10-04 08:44:03.056000+00:00,Genève,local,ch:1:sloid:87057,"Genève, gare Cornavin",ch:1:sloid:87057:0:651350,2026-10-04,ch:1:sjyid:100680:HAS-26-08-20-13-Dimanche-35206302,bus,Bus,20,20,646449,"Bellevue GE, Valavran",Veyrier-Tournettes,B,,2026-10-04 08:53:00+00:00,2026-10-04 08:54:06+00:00,,True,1.1,2026-10-04 10:44:03.056000+02:00,2026-10-04 10:53:00+02:00,2026-10-04 10:54:06+02:00,2026-10-04,10,Sunday,True,8.949066666666665
20261004_084355,2026-10-04 08:44:03.056000+00:00,Genève,local,ch:1:sloid:87057,"Genève, gare Cornavin",ch:1:sloid:87057:0:89811,2026-10-04,ch:1:sjyid:100680:HAS-26-14-10-Dimanche-35073155,tram,Tram,14,14,636269,"Bernex, Vailly",Meyrin-Gravière,H,,2026-10-04 08:53:00+00:00,2026-10-04 08:52:30+00:00,,True,-0.5,2026-10-04 10:44:03.056000+02:00,2026-10-04 10:53:00+02:00,2026-10-04 10:52:30+02:00,2026-10-04,10,Sunday,True,8.949066666666665
20261004_084355,2026-10-04 08:44:03.056000+00:00,Genève,local,ch:1:sloid:87057,"Genève, gare Cornavin",ch:1:sloid:87057:0:50679,2026-10-04,ch:1:sjyid:100680:HAS-26-08-20-13-Dimanche-35206335,bus,Bus,20,20,646478,"Veyrier, Tournettes",Valavran,J,,2026-10-04 08:53:00+00:00,2026-10-04 08:53:24+00:00,,True,0.4,2026-10-04 10:44:03.056000+02:00,2026-10-04 10:53:00+02:00,2026-10-04 10:53:24+02:00,2026-10-04,10,Sunday,True,8.949066666666665
20261004_084355,2026-10-04 08:44:03.056000+00:00,Genève,local,ch:1:sloid:87057,"Genève, gare Cornavin",ch:1:sloid:87057:0:233278,2026-10-04,ch:1:sjyid:100680:HAS-26-14-10-Dimanche-35073180,tram,Tram,14,14,636294,"Meyrin, Gravière",Bernex-Vailly,I,,2026-10-04 08:54:00+00:00,2026-10-04 08:55:30+00:00,,True,1.5,2026-10-04 10:44:03.056000+02:00,2026-10-04 10:54:00+02:00,2026-10-04 10:55:30+02:00,2026-10-04,10,Sunday,True,9.949066666666665
20261004_084355,2026-10-04 08:44:03.056000+00:00,Genève,local,ch:1:sloid:87057,"Genève, gare Cornavin",ch:1:sloid:87057:0:651350,2026-10-04,ch:1:sjyid:100680:HAS-26-015925-70-Dimanche-35915692,bus,Bus,5,5,730704,"Genève-Aéroport, Terminal",Thônex-Vallard,B,,2026-10-04 08:54:00+00:00,2026-10-04 08:55:18+00:00,,True,1.3,2026-10-04 10:44:03.056000+02:00,2026-10-04 10:54:00+02:00,2026-10-04 10:55:18+02:00,2026-10-04,10,Sunday,True,9.949066666666665
20261004_084355,2026-10-04 08:44:03.056000+00:00,Genève,local,ch:1:sloid:87057,"Genève, gare Cornavin",ch:1:sloid:87057:0:783875,2026-10-04,ch:1:sjyid:100680:HAS-26-02-06-19-1-Dimanche-34653856,bus,Bus,6,6,618160,"Genève, Plage",Vernier-Village,K,,2026-10-04 08:54:00+00:00,2026-10-04 08:54:30+00:00,,True,0.5,2026-10-04 10:44:03.056000+02:00,2026-10-04 10:54:00+02:00,2026-10-04 10:54:30+02:00,2026-10-04,10,Sunday,True,9.949066666666665
20261004_084355,2026-10-04 08:44:03.056000+00:00,Genève,local,ch:1:sloid:87057,"Genève, gare Cornavin",ch:1:sloid:87057:0:46188,2026-10-04,ch:1:sjyid:100680:HAS-26-15-10-Dimanche-35072823,tram,Tram,15,15,635949,"Genève, Nations",ZIPLO,D,,2026-10-04 08:55:00+00:00,2026-10-04 08:55:18+00:00,,True,0.3,2026-10-04 10:44:03.056000+02:00,2026-10-04 10:55:00+02:00,2026-10-04 10:55:18+02:00,2026-10-04,10,Sunday,True,10.949066666666665
20261004_084355,2026-10-04 08:44:03.056000+00:00,Genève,local,ch:1:sloid:87057,"Genève, gare Cornavin",ch:1:sloid:87057:0:589555,2026-10-04,ch:1:sjyid:100680:HAS-26-02-06-19-1-Dimanche-34653850,bus,Bus,6,6,618154,"Vernier, village",Genève-Plage,L,,2026-10-04 08:57:00+00:00,2026-10-04 08:57:36+00:00,,True,0.6,2026-10-04 10:44:03.056000+02:00,2026-10-04 10:57:00+02:00,2026-10-04 10:57:36+02:00,2026-10-04,10,Sunday,True,12.949066666666665
20261004_084355,2026-10-04 08:44:03.056000+00:00,Genève,local,ch:1:sloid:87057,"Genève, gare Cornavin",ch:1:sloid:87057:0:589555,2026-10-04,ch:1:sjyid:100680:HAS-26-015925-70-Dimanche-35916035,bus,Bus,9,9,732681,"Vernier, Lignon Tours",Belle-Terre-Place-de-l'Araire,L,,2026-10-04 08:57:00+00:00,2026-10-04 08:58:06+00:00,,True,1.1,2026-10-04 10:44:03.056000+02:00,2026-10-04 10:57:00+02:00,2026-10-04 10:58:06+02:00,2026-10-04,10,Sunday,True,12.949066666666665
20261004_084355,2026-10-04 08:44:03.056000+00:00,Genève,local,ch:1:sloid:87057,"Genève, gare Cornavin",ch:1:sloid:87057:0:46188,2026-10-04,ch:1:sjyid:100680:HAS-26-015925-70-Dimanche-35915708,bus,Bus,1,1,732420,"Genève, Jardin Botanique",Hôpital Trois-Chêne,D,,2026-10-04 08:58:00+00:00,2026-10-04 08:58:36+00:00,,True,0.6,2026-10-04 10:44:03.056000+02:00,2026-10-04 10:58:00+02:00,2026-10-04 10:58:36+02:00,2026-10-04,10,Sunday,True,13.949066666666665
20261004_084355,2026-10-04 08:44:03.056000+00:00,Genève,local,ch:1:sloid:87057,"Genève, gare Cornavin",ch:1:sloid:87057:0:408265,2026-10-04,ch:1:sjyid:100680:HAS-26-015925-70-Dimanche-35915739,bus,Bus,25,25,732451,"Thônex, Vallard",Jardin Botanique,E,,2026-10-04 08:58:00+00:00,2026-10-04 09:00:12+00:00,,True,2.2,2026-10-04 10:44:03.056000+02:00,2026-10-04 10:58:00+02:00,2026-10-04 11:00:12+02:00,2026-10-04,10,Sunday,True,13.949066666666665
20261004_084355,2026-10-04 08:44:03.056000+00:00,Genève,local,ch:1:sloid:87057,"Genève, gare Cornavin",ch:1:sloid:87057:0:408265,2026-10-04,ch:1:sjyid:100680:HAS-26-15-10-Dimanche-35072799,tram,Tram,15,15,635925,"Plan-les-Ouates, ZIPLO",Nations,E,,2026-10-04 09:02:00+00:00,2026-10-04 09:03:24+00:00,,True,1.4,2026-10-04 10:44:03.056000+02:00,2026-10-04 11:02:00+02:00,2026-10-04 11:03:24+02:00,2026-10-04,11,Sunday,True,17.949066666666667
20261004_084355,2026-10-04 08:44:03.056000+00:00,Genève,local,ch:1:sloid:87057,"Genève, gare Cornavin",ch:1:sloid:87057:0:89811,2026-10-04,ch:1:sjyid:100680:HAS-26-14-10-Dimanche-35073156,tram,Tram,14,14,636270,"Bernex, Vailly",Meyrin-Gravière,H,,2026-10-04 09:03:00+00:00,2026-10-04 09:03:36+00:00,,True,0.6,2026-10-04 10:44:03.056000+02:00,2026-10-04 11:03:00+02:00,2026-10-04 11:03:36+02:00,2026-10-04,11,Sunday,True,18.949066666666667
20261004_084355,2026-10-04 08:44:03.056000+00:00,Genève,local,ch:1:sloid:87057,"Genève, gare Cornavin",ch:1:sloid:87057:0:233278,2026-10-04,ch:1:sjyid:100680:HAS-26-14-10-Dimanche-35073181,tram,Tram,14,14,636295,"Meyrin, Gravière",Bernex-Vailly,I,,2026-10-04 09:04:00+00:00,2026-10-04 09:04:36+00:00,,True,0.6,2026-10-04 10:44:03.056000+02:00,2026-10-04 11:04:00+02:00,2026-10-04 11:04:36+02:00,2026-10-04,11,Sunday,True,19.949066666666667
20261004_084355,2026-10-04 08:44:03.614000+00:00,Lugano,local,ch:1:sloid:5380,"Lugano, Stazione",ch:1:sloid:5380::407002,2026-10-04,ch:1:sjyid:100754:fd90cbcc-53a6-4534-9f73-c22779bdd7e8,bus,Bus,4,4,4079,"Lugano, Belvedere","Comano, Studio TV",B,,2026-10-04 08:44:00+00:00,2026-10-04 08:44:00+00:00,,True,0.0,2026-10-04 10:44:03.614000+02:00,2026-10-04 10:44:00+02:00,2026-10-04 10:44:00+02:00,2026-10-04,10,Sunday,True,-0.06023333333333333
20261004_084355,2026-10-04 08:44:03.614000+00:00,Lugano,local,ch:1:sloid:5380,"Lugano, Stazione",ch:1:sloid:5380::407001,2026-10-04,ch:1:sjyid:100754:28e2d637-0669-4f82-9776-5144d69b9bc7,bus,Bus,4,4,4082,"Comano, Studio TV","Lugano, Belvedere",A,,2026-10-04 08:46:00+00:00,2026-10-04 08:47:42+00:00,,True,1.7,2026-10-04 10:44:03.614000+02:00,2026-10-04 10:46:00+02:00,2026-10-04 10:47:42+02:00,2026-10-04,10,Sunday,True,1.9397666666666666
20261004_084355,2026-10-04 08:44:03.614000+00:00,Lugano,local,ch:1:sloid:5380,"Lugano, Stazione",ch:1:sloid:5380::407001,2026-10-04,ch:1:sjyid:100754:8883ac88-7741-4bb6-9846-02dc03eb5768,bus,Bus,6,6,6097,"Lugano, Stazione","Piano Stampa, Capolinea",A,,2026-10-04 08:54:00+00:00,2026-10-04 08:54:00+00:00,,True,0.0,2026-10-04 10:44:03.614000+02:00,2026-10-04 10:54:00+02:00,2026-10-04 10:54:00+02:00,2026-10-04,10,Sunday,True,9.939766666666666
20261004_084355,2026-10-04 08:44:03.614000+00:00,Lugano,local,ch:1:sloid:5380,"Lugano, Stazione",ch:1:sloid:5380::407001,2026-10-04,ch:1:sjyid:100754:4d5e01d2-8473-4587-b3b2-1cba174cbd1e,bus,Bus,2,2,2100,"Castagnola, Capolinea","Paradiso, Carzo",A,,2026-10-04 08:54:00+00:00,2026-10-04 08:54:00+00:00,,True,0.0,2026-10-04 10:44:03.614000+02:00,2026-10-04 10:54:00+02:00,2026-10-04 10:54:00+02:00,2026-10-04,10,Sunday,True,9.939766666666666
20261004_084355,2026-10-04 08:44:03.614000+00:00,Lugano,local,ch:1:sloid:5380,"Lugano, Stazione",ch:1:sloid:5380::407002,2026-10-04,ch:1:sjyid:100754:5de7d8bb-3a32-45be-9f72-0f33e40272db,bus,Bus,4,4,4083,"Lugano, Belvedere","Canobbio, Ganna",B,,2026-10-04 08:59:00+00:00,2026-10-04 08:59:00+00:00,,True,0.0,2026-10-04 10:44:03.614000+02:00,2026-10-04 10:59:00+02:00,2026-10-04 10:59:00+02:00,2026-10-04,10,Sunday,True,14.939766666666666
20261004_084355,2026-10-04 08:44:03.614000+00:00,Lugano,local,ch:1:sloid:5380,"Lugano, Stazione",ch:1:sloid:5380::407001,2026-10-04,ch:1:sjyid:100754:794c3d1f-a55a-4415-883f-64da32bac48b,bus,Bus,4,4,4088,"Canobbio, Ganna","Lugano, Belvedere",A,,2026-10-04 09:01:00+00:00,2026-10-04 09:01:00+00:00,,True,0.0,2026-10-04 10:44:03.614000+02:00,2026-10-04 11:01:00+02:00,2026-10-04 11:01:00+02:00,2026-10-04,11,Sunday,True,16.939766666666667
20261004_084355,2026-10-04 08:44:03.614000+00:00,Lugano,local,ch:1:sloid:5380,"Lugano, Stazione",ch:1:sloid:5380::407001,2026-10-04,ch:1:sjyid:100754:c28a7272-0d05-43c8-82e0-40007c9d9ebb,bus,Bus,6,6,6101,"Lugano, Stazione","Lugano, Cornaredo",A,,2026-10-04 09:09:00+00:00,2026-10-04 09:09:00+00:00,,True,0.0,2026-10-04 10:44:03.614000+02:00,2026-10-04 11:09:00+02:00,2026-10-04 11:09:00+02:00,2026-10-04,11,Sunday,True,24.939766666666667
20261004_084355,2026-10-04 08:44:03.614000+00:00,Lugano,local,ch:1:sloid:5380,"Lugano, Stazione",ch:1:sloid:5380::407001,2026-10-04,ch:1:sjyid:100754:fc7c85d3-504a-4e99-bfa6-001dd9a1747c,bus,Bus,2,2,2104,"Castagnola, Capolinea","Paradiso, Carzo",A,,2026-10-04 09:09:00+00:00,2026-10-04 09:09:00+00:00,,True,0.0,2026-10-04 10:44:03.614000+02:00,2026-10-04 11:09:00+02:00,2026-10-04 11:09:00+02:00,2026-10-04,11,Sunday,True,24.939766666666667
20261004_084355,2026-10-04 08:44:03.614000+00:00,Lugano,local,ch:1:sloid:5380,"Lugano, Stazione",ch:1:sloid:5380::407002,2026-10-04,ch:1:sjyid:100754:d8068c34-d78a-4f41-a0a4-5cd49483fb16,bus,Bus,4,4,4087,"Lugano, Belvedere","Comano, Studio TV",B,,2026-10-04 09:14:00+00:00,2026-10-04 09:14:00+00:00,,True,0.0,2026-10-04 10:44:03.614000+02:00,2026-10-04 11:14:00+02:00,2026-10-04 11:14:00+02:00,2026-10-04,11,Sunday,True,29.939766666666667
20261004_084355,2026-10-04 08:44:03.614000+00:00,Lugano,local,ch:1:sloid:5380,"Lugano, Stazione",ch:1:sloid:5380::407001,2026-10-04,ch:1:sjyid:100754:5cbad8c2-17eb-419a-b1c5-e42567a0263a,bus,Bus,4,4,4090,"Comano, Studio TV","Lugano, Belvedere",A,,2026-10-04 09:16:00+00:00,2026-10-04 09:16:00+00:00,,True,0.0,2026-10-04 10:44:03.614000+02:00,2026-10-04 11:16:00+02:00,2026-10-04 11:16:00+02:00,2026-10-04,11,Sunday,True,31.939766666666667
20261004_084355,2026-10-04 08:44:03.614000+00:00,Lugano,local,ch:1:sloid:5380,"Lugano, Stazione",ch:1:sloid:5380::407001,2026-10-04,ch:1:sjyid:100754:cee75e9f-d3ec-4fbb-8e5f-6eb4e29a0854,bus,Bus,6,6,6105,"Lugano, Stazione","Piano Stampa, Capolinea",A,,2026-10-04 09:24:00+00:00,2026-10-04 09:24:00+00:00,,True,0.0,2026-10-04 10:44:03.614000+02:00,2026-10-04 11:24:00+02:00,2026-10-04 11:24:00+02:00,2026-10-04,11,Sunday,True,39.939766666666664
20261004_084355,2026-10-04 08:44:03.614000+00:00,Lugano,local,ch:1:sloid:5380,"Lugano, Stazione",ch:1:sloid:5380::407001,2026-10-04,ch:1:sjyid:100754:71807714-e85f-4840-844b-d574767b20d1,bus,Bus,2,2,2108,"Castagnola, Capolinea","Paradiso, Carzo",A,,2026-10-04 09:24:00+00:00,2026-10-04 09:24:00+00:00,,True,0.0,2026-10-04 10:44:03.614000+02:00,2026-10-04 11:24:00+02:00,2026-10-04 11:24:00+02:00,2026-10-04,11,Sunday,True,39.939766666666664
20261004_084355,2026-10-04 08:44:03.614000+00:00,Lugano,local,ch:1:sloid:5380,"Lugano, Stazione",ch:1:sloid:5380::407002,2026-10-04,ch:1:sjyid:100754:0b0cd998-4b32-4bdd-a429-44b466a75303,bus,Bus,4,4,4091,"Lugano, Belvedere","Canobbio, Ganna",B,,2026-10-04 09:29:00+00:00,2026-10-04 09:29:00+00:00,,True,0.0,2026-10-04 10:44:03.614000+02:00,2026-10-04 11:29:00+02:00,2026-10-04 11:29:00+02:00,2026-10-04,11,Sunday,True,44.939766666666664
20261004_084355,2026-10-04 08:44:03.614000+00:00,Lugano,local,ch:1:sloid:5380,"Lugano, Stazione",ch:1:sloid:5380::407001,2026-10-04,ch:1:sjyid:100754:4f57943a-91c8-4546-9afa-71504f5d658d,bus,Bus,4,4,4096,"Canobbio, Ganna","Lugano, Belvedere",A,,2026-10-04 09:31:00+00:00,2026-10-04 09:31:00+00:00,,True,0.0,2026-10-04 10:44:03.614000+02:00,2026-10-04 11:31:00+02:00,2026-10-04 11:31:00+02:00,2026-10-04,11,Sunday,True,46.939766666666664
20261004_084355,2026-10-04 08:44:03.614000+00:00,Lugano,local,ch:1:sloid:5380,"Lugano, Stazione",ch:1:sloid:5380::407001,2026-10-04,ch:1:sjyid:100754:8c2b87b3-28e5-4d29-bcf8-a37e09b6c0e9,bus,Bus,6,6,6109,"Lugano, Stazione","Lugano, Cornaredo",A,,2026-10-04 09:39:00+00:00,,,False,,2026-10-04 10:44:03.614000+02:00,2026-10-04 11:39:00+02:00,,2026-10-04,11,Sunday,True,54.939766666666664
20261004_084355,2026-10-04 08:44:03.614000+00:00,Lugano,local,ch:1:sloid:5380,"Lugano, Stazione",ch:1:sloid:5380::407001,2026-10-04,ch:1:sjyid:100754:df92f09d-0118-4801-8efc-f73593643d9a,bus,Bus,2,2,2112,"Castagnola, Capolinea","Paradiso, Carzo",A,,2026-10-04 09:39:00+00:00,2026-10-04 09:39:00+00:00,,True,0.0,2026-10-04 10:44:03.614000+02:00,2026-10-04 11:39:00+02:00,2026-10-04 11:39:00+02:00,2026-10-04,11,Sunday,True,54.939766666666664
20261004_084355,2026-10-04 08:44:03.614000+00:00,Lugano,local,ch:1:sloid:5380,"Lugano, Stazione",ch:1:sloid:5380::407002,2026-10-04,ch:1:sjyid:100754:411c261b-9434-4049-8783-8922f1104124,bus,Bus,4,4,4095,"Lugano, Belvedere","Comano, Studio TV",B,,2026-10-04 09:44:00+00:00,2026-10-04 09:44:00+00:00,,True,0.0,2026-10-04 10:44:03.614000+02:00,2026-10-04 11:44:00+02:00,2026-10-04 11:44:00+02:00,2026-10-04,11,Sunday,True,59.939766666666664
20261004_084355,2026-10-04 08:44:03.614000+00:00,Lugano,local,ch:1:sloid:5380,"Lugano, Stazione",ch:1:sloid:5380::407001,2026-10-04,ch:1:sjyid:100754:f16a1a67-ef41-4f23-a55c-98e87b9eb649,bus,Bus,4,4,4098,"Comano, Studio TV","Lugano, Belvedere",A,,2026-10-04 09:46:00+00:00,2026-10-04 09:46:00+00:00,,True,0.0,2026-10-04 10:44:03.614000+02:00,2026-10-04 11:46:00+02:00,2026-10-04 11:46:00+02:00,2026-10-04,11,Sunday,True,61.939766666666664
20261004_084355,2026-10-04 08:44:03.614000+00:00,Lugano,local,ch:1:sloid:5380,"Lugano, Stazione",ch:1:sloid:5380::407001,2026-10-04,ch:1:sjyid:100754:1835d594-769c-4587-b77e-a830ecd03ea8,bus,Bus,6,6,6113,"Lugano, Stazione","Piano Stampa, Capolinea",A,,2026-10-04 09:54:00+00:00,,,False,,2026-10-04 10:44:03.614000+02:00,2026-10-04 11:54:00+02:00,,2026-10-04,11,Sunday,True,69.93976666666667
20261004_084355,2026-10-04 08:44:03.614000+00:00,Lugano,local,ch:1:sloid:5380,"Lugano, Stazione",ch:1:sloid:5380::407001,2026-10-04,ch:1:sjyid:100754:012cfac1-4fe1-4c42-ac91-942612139697,bus,Bus,2,2,2116,"Castagnola, Capolinea","Paradiso, Carzo",A,,2026-10-04 09:54:00+00:00,2026-10-04 09:54:00+00:00,,True,0.0,2026-10-04 10:44:03.614000+02:00,2026-10-04 11:54:00+02:00,2026-10-04 11:54:00+02:00,2026-10-04,11,Sunday,True,69.93976666666667
20261004_084355,2026-10-04 08:44:03.614000+00:00,Lugano,local,ch:1:sloid:5380,"Lugano, Stazione",ch:1:sloid:5380::407002,2026-10-04,ch:1:sjyid:100754:943bcb18-4bf5-4e98-8065-04b05921413b,bus,Bus,4,4,4099,"Lugano, Belvedere","Canobbio, Ganna",B,,2026-10-04 09:59:00+00:00,,,False,,2026-10-04 10:44:03.614000+02:00,2026-10-04 11:59:00+02:00,,2026-10-04,11,Sunday,True,74.93976666666667
20261004_084355,2026-10-04 08:44:03.614000+00:00,Lugano,local,ch:1:sloid:5380,"Lugano, Stazione",ch:1:sloid:5380::407001,2026-10-04,ch:1:sjyid:100754:a5b371a2-eb15-46bd-9788-cec9235641db,bus,Bus,4,4,4104,"Canobbio, Ganna","Lugano, Belvedere",A,,2026-10-04 10:01:00+00:00,,,False,,2026-10-04 10:44:03.614000+02:00,2026-10-04 12:01:00+02:00,,2026-10-04,12,Sunday,True,76.93976666666667
20261004_084355,2026-10-04 08:44:03.614000+00:00,Lugano,local,ch:1:sloid:5380,"Lugano, Stazione",ch:1:sloid:5380::407001,2026-10-04,ch:1:sjyid:100754:02427ea9-b18c-4709-adfe-3b5dbd6ad96d,bus,Bus,6,6,6115,"Lugano, Stazione","Lugano, Cornaredo",A,,2026-10-04 10:09:00+00:00,,,False,,2026-10-04 10:44:03.614000+02:00,2026-10-04 12:09:00+02:00,,2026-10-04,12,Sunday,True,84.93976666666667
20261004_084355,2026-10-04 08:44:03.614000+00:00,Lugano,local,ch:1:sloid:5380,"Lugano, Stazione",ch:1:sloid:5380::407001,2026-10-04,ch:1:sjyid:100754:840a970e-f9ea-4f2e-abb2-d377fe62a060,bus,Bus,2,2,2120,"Castagnola, Capolinea","Paradiso, Carzo",A,,2026-10-04 10:09:00+00:00,2026-10-04 10:09:00+00:00,,True,0.0,2026-10-04 10:44:03.614000+02:00,2026-10-04 12:09:00+02:00,2026-10-04 12:09:00+02:00,2026-10-04,12,Sunday,True,84.93976666666667
20261004_084355,2026-10-04 08:44:03.614000+00:00,Lugano,local,ch:1:sloid:5380,"Lugano, Stazione",ch:1:sloid:5380::407002,2026-10-04,ch:1:sjyid:100754:f32bb4b2-5b2f-4c1a-a354-80c33cee03ee,bus,Bus,4,4,4103,"Lugano, Belvedere","Comano, Studio TV",B,,2026-10-04 10:14:00+00:00,,,False,,2026-10-04 10:44:03.614000+02:00,2026-10-04 12:14:00+02:00,,2026-10-04,12,Sunday,True,89.93976666666667
20261004_084355,2026-10-04 08:44:03.614000+00:00,Lugano,local,ch:1:sloid:5380,"Lugano, Stazione",ch:1:sloid:5380::407001,2026-10-04,ch:1:sjyid:100754:49d2cbbc-c923-418a-9aba-15f7c7efdc10,bus,Bus,4,4,4106,"Comano, Studio TV","Lugano, Belvedere",A,,2026-10-04 10:16:00+00:00,,,False,,2026-10-04 10:44:03.614000+02:00,2026-10-04 12:16:00+02:00,,2026-10-04,12,Sunday,True,91.93976666666667
20261004_084355,2026-10-04 08:44:03.614000+00:00,Lugano,local,ch:1:sloid:5380,"Lugano, Stazione",ch:1:sloid:5380::407001,2026-10-04,ch:1:sjyid:100754:eadf2e02-a587-410f-a5cd-73e37731e11e,bus,Bus,6,6,6121,"Lugano, Stazione","Piano Stampa, Capolinea",A,,2026-10-04 10:24:00+00:00,,,False,,2026-10-04 10:44:03.614000+02:00,2026-10-04 12:24:00+02:00,,2026-10-04,12,Sunday,True,99.93976666666667
20261004_084355,2026-10-04 08:44:03.614000+00:00,Lugano,local,ch:1:sloid:5380,"Lugano, Stazione",ch:1:sloid:5380::407001,2026-10-04,ch:1:sjyid:100754:4955b15a-670b-456f-b531-bd174626ff1e,bus,Bus,2,2,2124,"Castagnola, Capolinea","Paradiso, Carzo",A,,2026-10-04 10:24:00+00:00,2026-10-04 10:24:00+00:00,,True,0.0,2026-10-04 10:44:03.614000+02:00,2026-10-04 12:24:00+02:00,2026-10-04 12:24:00+02:00,2026-10-04,12,Sunday,True,99.93976666666667
20261004_084355,2026-10-04 08:44:03.614000+00:00,Lugano,local,ch:1:sloid:5380,"Lugano, Stazione",ch:1:sloid:5380::407002,2026-10-04,ch:1:sjyid:100754:66350cea-c82f-4e55-a959-0449c861aa50,bus,Bus,4,4,4107,"Lugano, Belvedere","Canobbio, Ganna",B,,2026-10-04 10:29:00+00:00,,,False,,2026-10-04 10:44:03.614000+02:00,2026-10-04 12:29:00+02:00,,2026-10-04,12,Sunday,True,104.93976666666667
20261004_084355,2026-10-04 08:44:03.614000+00:00,Lugano,local,ch:1:sloid:5380,"Lugano, Stazione",ch:1:sloid:5380::407001,2026-10-04,ch:1:sjyid:100754:f3ab3141-75e5-4fed-b392-dbe73564a26e,bus,Bus,4,4,4112,"Canobbio, Ganna","Lugano, Belvedere",A,,2026-10-04 10:31:00+00:00,,,False,,2026-10-04 10:44:03.614000+02:00,2026-10-04 12:31:00+02:00,,2026-10-04,12,Sunday,True,106.93976666666667
