batch_id,collection_timestamp,city,station_type,station_id,station_name,stop_point_ref,operating_day,journey_ref,transport_mode,product_category,public_code,line,train_number,origin,destination,planned_platform,estimated_platform,scheduled_departure,estimated_departure,cancelled,has_realtime,predicted_delay_minutes,collection_timestamp_local,scheduled_departure_local,estimated_departure_local,date,hour,weekday,weekend,minutes_until_departure
20261004_183717,2026-10-04 18:37:17.317000+00:00,Zürich,rail,ch:1:sloid:3000,Zürich HB,ch:1:sloid:3000:501:33,2026-10-04,ch:1:sjyid:100001:10731-009,rail,InterCity,IC1,IC1,10731,Zürich HB,St. Gallen,,,2026-10-04 18:36:30+00:00,2026-10-04 18:36:30+00:00,,True,0.0,2026-10-04 20:37:17.317000+02:00,2026-10-04 20:36:30+02:00,2026-10-04 20:36:30+02:00,2026-10-04,20,Sunday,True,-0.7886166666666666
20261004_183717,2026-10-04 18:37:17.317000+00:00,Zürich,rail,ch:1:sloid:3000,Zürich HB,ch:1:sloid:3000:501:33,2026-10-04,ch:1:sjyid:100001:10731-009,rail,InterCity,IC1,IC1,10731,Zürich HB,St. Gallen,33,,2026-10-04 18:37:00+00:00,2026-10-04 18:37:30+00:00,,True,0.5,2026-10-04 20:37:17.317000+02:00,2026-10-04 20:37:00+02:00,2026-10-04 20:37:30+02:00,2026-10-04,20,Sunday,True,-0.2886166666666667
20261004_183717,2026-10-04 18:37:17.317000+00:00,Zürich,rail,ch:1:sloid:3000,Zürich HB,ch:1:sloid:3000:500:32,2026-10-04,ch:1:sjyid:100001:18879-001,rail,S-Bahn,S8,S8,18879,Winterthur,Wädenswil,32,,2026-10-04 18:37:00+00:00,2026-10-04 18:37:36+00:00,,True,0.6,2026-10-04 20:37:17.317000+02:00,2026-10-04 20:37:00+02:00,2026-10-04 20:37:36+02:00,2026-10-04,20,Sunday,True,-0.2886166666666667
20261004_183717,2026-10-04 18:37:17.317000+00:00,Zürich,rail,ch:1:sloid:3000,Zürich HB,ch:1:sloid:3000:502:42,2026-10-04,ch:1:sjyid:100001:18978-001,rail,S-Bahn,S9,S9,18978,Uster,Rafz,41/42,42,2026-10-04 18:37:00+00:00,2026-10-04 18:37:18+00:00,,True,0.3,2026-10-04 20:37:17.317000+02:00,2026-10-04 20:37:00+02:00,2026-10-04 20:37:18+02:00,2026-10-04,20,Sunday,True,-0.2886166666666667
20261004_183717,2026-10-04 18:37:17.317000+00:00,Zürich,rail,ch:1:sloid:3000,Zürich HB,ch:1:sloid:3000:3:4,2026-10-04,ch:1:sjyid:100001:180-001,rail,InterCity,IC,IC,180,Zürich HB,Singen (Hohentwiel),4,,2026-10-04 18:37:00+00:00,2026-10-04 18:37:30+00:00,,True,0.5,2026-10-04 20:37:17.317000+02:00,2026-10-04 20:37:00+02:00,2026-10-04 20:37:30+02:00,2026-10-04,20,Sunday,True,-0.2886166666666667
20261004_183717,2026-10-04 18:37:17.317000+00:00,Zürich,rail,ch:1:sloid:3000,Zürich HB,ch:1:sloid:3000:9:16,2026-10-04,ch:1:sjyid:100001:4836-001,rail,RegioExpress,RE37,RE37,4836,Zürich HB,Aarau,16,,2026-10-04 18:38:00+00:00,2026-10-04 18:38:30+00:00,,True,0.5,2026-10-04 20:37:17.317000+02:00,2026-10-04 20:38:00+02:00,2026-10-04 20:38:30+02:00,2026-10-04,20,Sunday,True,0.7113833333333334
20261004_183717,2026-10-04 18:37:17.317000+00:00,Zürich,rail,ch:1:sloid:3000,Zürich HB,ch:1:sloid:3000:4:6,2026-10-04,ch:1:sjyid:100001:585-001,rail,InterCity,IC3,IC3,585,Zürich HB,Chur,6,,2026-10-04 18:38:00+00:00,2026-10-04 18:38:30+00:00,,True,0.5,2026-10-04 20:37:17.317000+02:00,2026-10-04 20:38:00+02:00,2026-10-04 20:38:30+02:00,2026-10-04,20,Sunday,True,0.7113833333333334
20261004_183717,2026-10-04 18:37:17.317000+00:00,Zürich,rail,ch:1:sloid:3000,Zürich HB,ch:1:sloid:3000:503:43,2026-10-04,ch:1:sjyid:100001:19579-001,rail,S-Bahn,S15,S15,19579,Niederweningen,Rüti ZH,43/44,44,2026-10-04 18:39:00+00:00,2026-10-04 18:40:12+00:00,,True,1.2,2026-10-04 20:37:17.317000+02:00,2026-10-04 20:39:00+02:00,2026-10-04 20:40:12+02:00,2026-10-04,20,Sunday,True,1.7113833333333335
20261004_183717,2026-10-04 18:37:17.317000+00:00,Zürich,rail,ch:1:sloid:3000,Zürich HB,ch:1:sloid:3000:502:42,2026-10-04,ch:1:sjyid:100001:18578-001,rail,S-Bahn,S5,S5,18578,Rüti ZH,Zug,41/42,41,2026-10-04 18:39:00+00:00,2026-10-04 18:39:18+00:00,,True,0.3,2026-10-04 20:37:17.317000+02:00,2026-10-04 20:39:00+02:00,2026-10-04 20:39:18+02:00,2026-10-04,20,Sunday,True,1.7113833333333335
20261004_183717,2026-10-04 18:37:17.317000+00:00,Zürich,rail,ch:1:sloid:3000,Zürich HB,ch:1:sloid:3000:503:43,2026-10-04,ch:1:sjyid:100001:18779-001,rail,S-Bahn,S7,S7,18779,Winterthur,Rapperswil SG,43/44,,2026-10-04 18:41:00+00:00,2026-10-04 18:42:30+00:00,,True,1.5,2026-10-04 20:37:17.317000+02:00,2026-10-04 20:41:00+02:00,2026-10-04 20:42:30+02:00,2026-10-04,20,Sunday,True,3.711383333333333
20261004_183717,2026-10-04 18:37:17.317000+00:00,Zürich,rail,ch:1:sloid:3000,Zürich HB,ch:1:sloid:3000:501:34,2026-10-04,ch:1:sjyid:100001:19479-001,rail,S-Bahn,S14,S14,19479,Affoltern am Albis,Hinwil,34,,2026-10-04 18:42:00+00:00,2026-10-04 18:42:30+00:00,,True,0.5,2026-10-04 20:37:17.317000+02:00,2026-10-04 20:42:00+02:00,2026-10-04 20:42:30+02:00,2026-10-04,20,Sunday,True,4.711383333333333
20261004_183717,2026-10-04 18:37:17.317000+00:00,Zürich,rail,ch:1:sloid:3000,Zürich HB,ch:1:sloid:3000:501:33,2026-10-04,ch:1:sjyid:100001:18278-001,rail,S-Bahn,S2,S2,18278,Ziegelbrücke,Zürich Flughafen,33,,2026-10-04 18:44:00+00:00,2026-10-04 18:44:18+00:00,,True,0.3,2026-10-04 20:37:17.317000+02:00,2026-10-04 20:44:00+02:00,2026-10-04 20:44:18+02:00,2026-10-04,20,Sunday,True,6.711383333333333
20261004_183717,2026-10-04 18:37:17.317000+00:00,Zürich,rail,ch:1:sloid:3000,Zürich HB,ch:1:sloid:3000:2:3,2026-10-04,ch:1:sjyid:100001:20478-001,rail,S-Bahn,S24,S24,20478,Zug,Thayngen,3,,2026-10-04 18:44:00+00:00,2026-10-04 18:44:18+00:00,,True,0.3,2026-10-04 20:37:17.317000+02:00,2026-10-04 20:44:00+02:00,2026-10-04 20:44:18+02:00,2026-10-04,20,Sunday,True,6.711383333333333
20261004_183717,2026-10-04 18:37:17.317000+00:00,Zürich,rail,ch:1:sloid:3000,Zürich HB,ch:1:sloid:3000:502:42,2026-10-04,ch:1:sjyid:100001:19278-001,rail,S-Bahn,S12,S12,19278,Schaffhausen,Brugg AG,41/42,,2026-10-04 18:44:00+00:00,2026-10-04 18:44:18+00:00,,True,0.3,2026-10-04 20:37:17.317000+02:00,2026-10-04 20:44:00+02:00,2026-10-04 20:44:18+02:00,2026-10-04,20,Sunday,True,6.711383333333333
20261004_183717,2026-10-04 18:37:17.317000+00:00,Zürich,rail,ch:1:sloid:3000,Zürich HB,ch:1:sloid:3000:503:43,2026-10-04,ch:1:sjyid:100001:19679-001,rail,S-Bahn,S16,S16,19679,Zürich Flughafen,Herrliberg-Feldmeilen,43/44,,2026-10-04 18:45:00+00:00,2026-10-04 18:45:36+00:00,,True,0.6,2026-10-04 20:37:17.317000+02:00,2026-10-04 20:45:00+02:00,2026-10-04 20:45:36+02:00,2026-10-04,20,Sunday,True,7.711383333333333
20261004_183717,2026-10-04 18:37:17.317000+00:00,Zürich,rail,ch:1:sloid:3000,Zürich HB,ch:1:sloid:3000:503:43,2026-10-04,ch:1:sjyid:100001:19279-002,rail,S-Bahn,S12,S12,19279,Brugg AG,Winterthur,43/44,,2026-10-04 18:46:00+00:00,2026-10-04 18:47:00+00:00,,True,1.0,2026-10-04 20:37:17.317000+02:00,2026-10-04 20:46:00+02:00,2026-10-04 20:47:00+02:00,2026-10-04,20,Sunday,True,8.711383333333334
20261004_183717,2026-10-04 18:37:17.317000+00:00,Zürich,rail,ch:1:sloid:3000,Zürich HB,ch:1:sloid:3000:502:42,2026-10-04,ch:1:sjyid:100001:19678-001,rail,S-Bahn,S16,S16,19678,Herrliberg-Feldmeilen,Zürich Flughafen,41/42,,2026-10-04 18:46:00+00:00,2026-10-04 18:46:18+00:00,,True,0.3,2026-10-04 20:37:17.317000+02:00,2026-10-04 20:46:00+02:00,2026-10-04 20:46:18+02:00,2026-10-04,20,Sunday,True,8.711383333333334
20261004_183717,2026-10-04 18:37:17.317000+00:00,Zürich,rail,ch:1:sloid:3000,Zürich HB,ch:1:sloid:3000:500:32,2026-10-04,ch:1:sjyid:100001:18279-001,rail,S-Bahn,S2,S2,18279,Zürich Flughafen,Ziegelbrücke,32,,2026-10-04 18:47:00+00:00,2026-10-04 18:48:00+00:00,,True,1.0,2026-10-04 20:37:17.317000+02:00,2026-10-04 20:47:00+02:00,2026-10-04 20:48:00+02:00,2026-10-04,20,Sunday,True,9.711383333333334
20261004_183717,2026-10-04 18:37:17.317000+00:00,Zürich,rail,ch:1:sloid:3000,Zürich HB,ch:1:sloid:3000:500:31,2026-10-04,ch:1:sjyid:100001:19478-002,rail,S-Bahn,S14,S14,19478,Hinwil,Zürich Altstetten,31,,2026-10-04 18:49:00+00:00,2026-10-04 18:50:00+00:00,,True,1.0,2026-10-04 20:37:17.317000+02:00,2026-10-04 20:49:00+02:00,2026-10-04 20:50:00+02:00,2026-10-04,20,Sunday,True,11.711383333333334
20261004_183717,2026-10-04 18:37:17.317000+00:00,Zürich,rail,ch:1:sloid:3000,Zürich HB,ch:1:sloid:3000:502:42,2026-10-04,ch:1:sjyid:100001:18778-001,rail,S-Bahn,S7,S7,18778,Rapperswil SG,Winterthur,41/42,,2026-10-04 18:49:00+00:00,2026-10-04 18:49:42+00:00,,True,0.7,2026-10-04 20:37:17.317000+02:00,2026-10-04 20:49:00+02:00,2026-10-04 20:49:42+02:00,2026-10-04,20,Sunday,True,11.711383333333334
20261004_183717,2026-10-04 18:37:17.317000+00:00,Zürich,rail,ch:1:sloid:3000,Zürich HB,ch:1:sloid:3000:3:4,2026-10-04,ch:1:sjyid:100001:20479-001,rail,S-Bahn,S24,S24,20479,Weinfelden,Zug,4,,2026-10-04 18:51:00+00:00,2026-10-04 18:51:18+00:00,,True,0.3,2026-10-04 20:37:17.317000+02:00,2026-10-04 20:51:00+02:00,2026-10-04 20:51:18+02:00,2026-10-04,20,Sunday,True,13.711383333333334
20261004_183717,2026-10-04 18:37:17.317000+00:00,Zürich,rail,ch:1:sloid:3000,Zürich HB,ch:1:sloid:3000:501:33,2026-10-04,ch:1:sjyid:100001:2085-001,rail,InterRegio,IR36,IR36,2085,Basel SBB,Zürich Flughafen,33,,2026-10-04 18:52:00+00:00,2026-10-04 18:52:24+00:00,,True,0.4,2026-10-04 20:37:17.317000+02:00,2026-10-04 20:52:00+02:00,2026-10-04 20:52:24+02:00,2026-10-04,20,Sunday,True,14.711383333333334
20261004_183717,2026-10-04 18:37:17.317000+00:00,Zürich,rail,ch:1:sloid:3000,Zürich HB,ch:1:sloid:3000:502:42,2026-10-04,ch:1:sjyid:100001:19578-001,rail,S-Bahn,S15,S15,19578,Rüti ZH,Niederweningen,41/42,,2026-10-04 18:52:00+00:00,2026-10-04 18:52:24+00:00,,True,0.4,2026-10-04 20:37:17.317000+02:00,2026-10-04 20:52:00+02:00,2026-10-04 20:52:24+02:00,2026-10-04,20,Sunday,True,14.711383333333334
20261004_183717,2026-10-04 18:37:17.317000+00:00,Zürich,rail,ch:1:sloid:3000,Zürich HB,ch:1:sloid:3000:9:16,2026-10-04,ch:1:sjyid:100061:2388-001,rail,Aare Linth,IR35,IR35,2388,Chur,Bern,17,16,2026-10-04 18:53:00+00:00,2026-10-04 18:53:30+00:00,,True,0.5,2026-10-04 20:37:17.317000+02:00,2026-10-04 20:53:00+02:00,2026-10-04 20:53:30+02:00,2026-10-04,20,Sunday,True,15.711383333333334
20261004_183717,2026-10-04 18:37:17.317000+00:00,Zürich,rail,ch:1:sloid:3000,Zürich HB,ch:1:sloid:3000:503:43,2026-10-04,ch:1:sjyid:100001:18579-001,rail,S-Bahn,S5,S5,18579,Zug,Rüti ZH,43/44,,2026-10-04 18:54:00+00:00,2026-10-04 18:54:18+00:00,,True,0.3,2026-10-04 20:37:17.317000+02:00,2026-10-04 20:54:00+02:00,2026-10-04 20:54:18+02:00,2026-10-04,20,Sunday,True,16.711383333333334
20261004_183717,2026-10-04 18:37:17.317000+00:00,Zürich,rail,ch:1:sloid:3000,Zürich HB,ch:1:sloid:3000:501:34,2026-10-04,ch:1:sjyid:100001:18878-001,rail,S-Bahn,S8,S8,18878,Pfäffikon SZ,Winterthur,,,2026-10-04 18:55:00+00:00,2026-10-04 18:55:18+00:00,,True,0.3,2026-10-04 20:37:17.317000+02:00,2026-10-04 20:55:00+02:00,2026-10-04 20:55:18+02:00,2026-10-04,20,Sunday,True,17.711383333333334
20261004_183717,2026-10-04 18:37:17.317000+00:00,Zürich,rail,ch:1:sloid:3000,Zürich HB,ch:1:sloid:3000:502:42,2026-10-04,ch:1:sjyid:100001:18378-001,rail,S-Bahn,S3,S3,18378,Wetzikon ZH,Zürich Hardbrücke,41/42,,2026-10-04 18:56:00+00:00,2026-10-04 18:57:18+00:00,,True,1.3,2026-10-04 20:37:17.317000+02:00,2026-10-04 20:56:00+02:00,2026-10-04 20:57:18+02:00,2026-10-04,20,Sunday,True,18.711383333333334
20261004_183717,2026-10-04 18:37:17.317000+00:00,Zürich,rail,ch:1:sloid:3000,Zürich HB,ch:1:sloid:3000:503:43,2026-10-04,ch:1:sjyid:100001:18979-001,rail,S-Bahn,S9,S9,18979,Schaffhausen,Uster,43/44,,2026-10-04 18:58:00+00:00,2026-10-04 18:58:18+00:00,,True,0.3,2026-10-04 20:37:17.317000+02:00,2026-10-04 20:58:00+02:00,2026-10-04 20:58:18+02:00,2026-10-04,20,Sunday,True,20.711383333333334
20261004_183717,2026-10-04 18:37:17.317000+00:00,Zürich,rail,ch:1:sloid:3000,Zürich HB,ch:1:sloid:3000:10:18,2026-10-04,ch:1:sjyid:100001:798-001,rail,InterCity,IC3,IC3,798,Zürich HB,Basel SBB,18,,2026-10-04 18:59:00+00:00,2026-10-04 18:59:30+00:00,,True,0.5,2026-10-04 20:37:17.317000+02:00,2026-10-04 20:59:00+02:00,2026-10-04 20:59:30+02:00,2026-10-04,20,Sunday,True,21.711383333333334
20261004_183717,2026-10-04 18:37:17.317000+00:00,Zürich,rail,ch:1:sloid:3000,Zürich HB,ch:1:sloid:3000:502:42,2026-10-04,ch:1:sjyid:100001:19180-001,rail,S-Bahn,S11,S11,19180,Seuzach,Aarau,41/42,,2026-10-04 18:59:00+00:00,2026-10-04 19:00:06+00:00,,True,1.1,2026-10-04 20:37:17.317000+02:00,2026-10-04 20:59:00+02:00,2026-10-04 21:00:06+02:00,2026-10-04,20,Sunday,True,21.711383333333334
20261004_183717,2026-10-04 18:37:19.413000+00:00,Bern,rail,ch:1:sloid:7000,Bern,ch:1:sloid:7000:55:50,2026-10-04,ch:1:sjyid:100001:2387-001,rail,InterRegio,IR35,IR35,2387,Bern,Olten,50,,2026-10-04 18:38:00+00:00,2026-10-04 18:39:36+00:00,,True,1.6,2026-10-04 20:37:19.413000+02:00,2026-10-04 20:38:00+02:00,2026-10-04 20:39:36+02:00,2026-10-04,20,Sunday,True,0.6764500000000001
20261004_183717,2026-10-04 18:37:19.413000+00:00,Bern,rail,ch:1:sloid:7000,Bern,ch:1:sloid:7000:55:49,2026-10-04,ch:1:sjyid:100015:3379-001,rail,InterRegio,IR65,IR65,3379,Bern,Biel/Bienne,49,,2026-10-04 18:42:00+00:00,2026-10-04 18:42:12+00:00,,True,0.2,2026-10-04 20:37:19.413000+02:00,2026-10-04 20:42:00+02:00,2026-10-04 20:42:12+02:00,2026-10-04,20,Sunday,True,4.67645
20261004_183717,2026-10-04 18:37:19.413000+00:00,Bern,rail,ch:1:sloid:7000,Bern,ch:1:sloid:7000_gen:ch:1:sloid:7000:0:1752_pf:5E-H,2026-10-04,ch:1:sjyid:100015:15474-001,rail,S-Bahn,S4,S4,15474,Langnau i.E.,Thun,5E-H,,2026-10-04 18:42:00+00:00,2026-10-04 18:42:42+00:00,,True,0.7,2026-10-04 20:37:19.413000+02:00,2026-10-04 20:42:00+02:00,2026-10-04 20:42:42+02:00,2026-10-04,20,Sunday,True,4.67645
20261004_183717,2026-10-04 18:37:19.413000+00:00,Bern,rail,ch:1:sloid:7000,Bern,ch:1:sloid:7000:4:7,2026-10-04,ch:1:sjyid:100015:15279-001,rail,S-Bahn,S2,S2,15279,Laupen BE,Konolfingen,7,,2026-10-04 18:42:00+00:00,2026-10-04 18:42:12+00:00,,True,0.2,2026-10-04 20:37:19.413000+02:00,2026-10-04 20:42:00+02:00,2026-10-04 20:42:12+02:00,2026-10-04,20,Sunday,True,4.67645
20261004_183717,2026-10-04 18:37:19.413000+00:00,Bern,rail,ch:1:sloid:7000,Bern,ch:1:sloid:7000_gen:ch:1:sloid:7000:1:21_pf:1E-H,2026-10-04,ch:1:sjyid:100015:15176-001,rail,S-Bahn,S1,S1,15176,Thun,Fribourg/Freiburg,1E-H,,2026-10-04 18:45:00+00:00,2026-10-04 18:45:12+00:00,,True,0.2,2026-10-04 20:37:19.413000+02:00,2026-10-04 20:45:00+02:00,2026-10-04 20:45:12+02:00,2026-10-04,20,Sunday,True,7.67645
20261004_183717,2026-10-04 18:37:19.413000+00:00,Bern,rail,ch:1:sloid:7000,Bern,ch:1:sloid:7000:5:10,2026-10-04,ch:1:sjyid:100015:15177-001,rail,S-Bahn,S1,S1,15177,Fribourg/Freiburg,Thun,10,,2026-10-04 18:47:00+00:00,2026-10-04 18:47:30+00:00,,True,0.5,2026-10-04 20:37:19.413000+02:00,2026-10-04 20:47:00+02:00,2026-10-04 20:47:30+02:00,2026-10-04,20,Sunday,True,9.676449999999999
20261004_183717,2026-10-04 18:37:19.413000+00:00,Bern,rail,ch:1:sloid:7000,Bern,ch:1:sloid:7000:1:1,2026-10-04,ch:1:sjyid:100015:15278-001,rail,S-Bahn,S2,S2,15278,Konolfingen,Laupen BE,1A-D,,2026-10-04 18:50:00+00:00,2026-10-04 18:50:18+00:00,,True,0.3,2026-10-04 20:37:19.413000+02:00,2026-10-04 20:50:00+02:00,2026-10-04 20:50:18+02:00,2026-10-04,20,Sunday,True,12.676449999999999
20261004_183717,2026-10-04 18:37:19.413000+00:00,Bern,rail,ch:1:sloid:7000,Bern,ch:1:sloid:7000_gen:ch:1:sloid:7000:6:12_pf:12A-C,2026-10-04,ch:1:sjyid:100015:16477-001,rail,S-Bahn,S44,S44,16477,Thun,Solothurn/Sumiswald-Grünen,12A-C,,2026-10-04 18:50:00+00:00,2026-10-04 18:50:12+00:00,,True,0.2,2026-10-04 20:37:19.413000+02:00,2026-10-04 20:50:00+02:00,2026-10-04 20:50:12+02:00,2026-10-04,20,Sunday,True,12.676449999999999
20261004_183717,2026-10-04 18:37:19.413000+00:00,Bern,rail,ch:1:sloid:7000,Bern,ch:1:sloid:7000:4:7,2026-10-04,ch:1:sjyid:100015:3240-001,rail,InterRegio,IR66,IR66,3240,Bern,Chambrelien,7,,2026-10-04 18:53:00+00:00,2026-10-04 18:53:12+00:00,,True,0.2,2026-10-04 20:37:19.413000+02:00,2026-10-04 20:53:00+02:00,2026-10-04 20:53:12+02:00,2026-10-04,20,Sunday,True,15.676449999999999
20261004_183717,2026-10-04 18:37:19.413000+00:00,Bern,rail,ch:1:sloid:7000,Bern,ch:1:sloid:7000:5:10,2026-10-04,ch:1:sjyid:100001:2535-001,rail,InterRegio,IR15,IR15,2535,Genève-Aéroport,Luzern,10,,2026-10-04 19:00:00+00:00,2026-10-04 19:00:36+00:00,,True,0.6,2026-10-04 20:37:19.413000+02:00,2026-10-04 21:00:00+02:00,2026-10-04 21:00:36+02:00,2026-10-04,21,Sunday,True,22.67645
20261004_183717,2026-10-04 18:37:19.413000+00:00,Bern,rail,ch:1:sloid:7000,Bern,ch:1:sloid:7000_gen:ch:1:sloid:7000:6:12_pf:12A-C,2026-10-04,ch:1:sjyid:100015:15381-001,rail,S-Bahn,S3,S3,15381,Belp,Biel/Bienne,12A-C,,2026-10-04 19:00:00+00:00,2026-10-04 19:00:30+00:00,,True,0.5,2026-10-04 20:37:19.413000+02:00,2026-10-04 21:00:00+02:00,2026-10-04 21:00:30+02:00,2026-10-04,21,Sunday,True,22.67645
20261004_183717,2026-10-04 18:37:19.413000+00:00,Bern,rail,ch:1:sloid:7000,Bern,ch:1:sloid:7000:1:2,2026-10-04,ch:1:sjyid:100001:10835-020,rail,InterCity,IC81,IC81,10835,Interlaken Ost,Zürich HB,2,,2026-10-04 19:01:24+00:00,2026-10-04 19:03:42+00:00,,True,2.3,2026-10-04 20:37:19.413000+02:00,2026-10-04 21:01:24+02:00,2026-10-04 21:03:42+02:00,2026-10-04,21,Sunday,True,24.07645
20261004_183717,2026-10-04 18:37:19.413000+00:00,Bern,rail,ch:1:sloid:7000,Bern,ch:1:sloid:7000:1:2,2026-10-04,ch:1:sjyid:100001:10835-020,rail,InterCity,IC81,IC81,10835,Interlaken Ost,Zürich HB,2,,2026-10-04 19:02:00+00:00,2026-10-04 19:02:36+00:00,,True,0.6,2026-10-04 20:37:19.413000+02:00,2026-10-04 21:02:00+02:00,2026-10-04 21:02:36+02:00,2026-10-04,21,Sunday,True,24.67645
20261004_183717,2026-10-04 18:37:19.413000+00:00,Bern,rail,ch:1:sloid:7000,Bern,ch:1:sloid:7000:1:1,2026-10-04,ch:1:sjyid:100015:15378-001,rail,S-Bahn,S3,S3,15378,Biel/Bienne,Belp,1A-D,,2026-10-04 19:02:00+00:00,2026-10-04 19:02:12+00:00,,True,0.2,2026-10-04 20:37:19.413000+02:00,2026-10-04 21:02:00+02:00,2026-10-04 21:02:12+02:00,2026-10-04,21,Sunday,True,24.67645
20261004_183717,2026-10-04 18:37:19.413000+00:00,Bern,rail,ch:1:sloid:7000,Bern,ch:1:sloid:7000:3:5,2026-10-04,ch:1:sjyid:100001:986-001,rail,InterCity,IC6,IC6,986,Brig,Basel SBB,5,,2026-10-04 19:04:00+00:00,2026-10-04 19:05:00+00:00,,True,1.0,2026-10-04 20:37:19.413000+02:00,2026-10-04 21:04:00+02:00,2026-10-04 21:05:00+02:00,2026-10-04,21,Sunday,True,26.67645
20261004_183717,2026-10-04 18:37:19.413000+00:00,Bern,rail,ch:1:sloid:7000,Bern,ch:1:sloid:7000:4:7,2026-10-04,ch:1:sjyid:100001:2536-001,rail,InterRegio,IR15,IR15,2536,Luzern,Lausanne,7,,2026-10-04 19:04:00+00:00,2026-10-04 19:04:36+00:00,,True,0.6,2026-10-04 20:37:19.413000+02:00,2026-10-04 21:04:00+02:00,2026-10-04 21:04:36+02:00,2026-10-04,21,Sunday,True,26.67645
20261004_183717,2026-10-04 18:37:19.413000+00:00,Bern,rail,ch:1:sloid:7000,Bern,ch:1:sloid:7000_gen:ch:1:sloid:7000:6:33_pf:13D-F,2026-10-04,ch:1:sjyid:100015:15680-001,rail,S-Bahn,S6,S6,15680,Bern,Schwarzenburg,13D-F,,2026-10-04 19:06:00+00:00,2026-10-04 19:06:12+00:00,,True,0.2,2026-10-04 20:37:19.413000+02:00,2026-10-04 21:06:00+02:00,2026-10-04 21:06:12+02:00,2026-10-04,21,Sunday,True,28.67645
20261004_183717,2026-10-04 18:37:19.413000+00:00,Bern,rail,ch:1:sloid:7000,Bern,ch:1:sloid:7000:3:6,2026-10-04,ch:1:sjyid:100001:10375-009,rail,InterCity,IC61,IC61,10375,Basel SBB,Interlaken Ost,6,,2026-10-04 19:07:00+00:00,2026-10-04 19:07:42+00:00,,True,0.7,2026-10-04 20:37:19.413000+02:00,2026-10-04 21:07:00+02:00,2026-10-04 21:07:42+02:00,2026-10-04,21,Sunday,True,29.67645
20261004_183717,2026-10-04 18:37:19.413000+00:00,Bern,rail,ch:1:sloid:7000,Bern,ch:1:sloid:7000:5:9,2026-10-04,ch:1:sjyid:100015:2839-001,rail,InterRegio,IR17,IR17,2839,Bern,Olten,9,,2026-10-04 19:07:00+00:00,2026-10-04 19:07:30+00:00,,True,0.5,2026-10-04 20:37:19.413000+02:00,2026-10-04 21:07:00+02:00,2026-10-04 21:07:30+02:00,2026-10-04,21,Sunday,True,29.67645
20261004_183717,2026-10-04 18:37:19.413000+00:00,Bern,rail,ch:1:sloid:7000,Bern,ch:1:sloid:7000_gen:ch:1:sloid:7000:6:13_pf:13AB,2026-10-04,ch:1:sjyid:100015:15580-001,rail,S-Bahn,S5,S5,15580,Bern,Neuchâtel/Avenches,13AB,,2026-10-04 19:08:00+00:00,2026-10-04 19:08:12+00:00,,True,0.2,2026-10-04 20:37:19.413000+02:00,2026-10-04 21:08:00+02:00,2026-10-04 21:08:12+02:00,2026-10-04,21,Sunday,True,30.67645
20261004_183717,2026-10-04 18:37:19.413000+00:00,Bern,rail,ch:1:sloid:7000,Bern,ch:1:sloid:7000:55:49,2026-10-04,ch:1:sjyid:100015:3381-001,rail,InterRegio,IR65,IR65,3381,Bern,Biel/Bienne,49,,2026-10-04 19:12:00+00:00,2026-10-04 19:12:12+00:00,,True,0.2,2026-10-04 20:37:19.413000+02:00,2026-10-04 21:12:00+02:00,2026-10-04 21:12:12+02:00,2026-10-04,21,Sunday,True,34.67645
20261004_183717,2026-10-04 18:37:19.413000+00:00,Bern,rail,ch:1:sloid:7000,Bern,ch:1:sloid:7000_gen:ch:1:sloid:7000:0:1752_pf:5E-H,2026-10-04,ch:1:sjyid:100015:16476-001,rail,S-Bahn,S44,S44,16476,Burgdorf,Thun,5E-H,,2026-10-04 19:12:00+00:00,2026-10-04 19:12:42+00:00,,True,0.7,2026-10-04 20:37:19.413000+02:00,2026-10-04 21:12:00+02:00,2026-10-04 21:12:42+02:00,2026-10-04,21,Sunday,True,34.67645
20261004_183717,2026-10-04 18:37:19.413000+00:00,Bern,rail,ch:1:sloid:7000,Bern,ch:1:sloid:7000:4:7,2026-10-04,ch:1:sjyid:100015:15281-001,rail,S-Bahn,S2,S2,15281,Laupen BE,Konolfingen,7,,2026-10-04 19:12:00+00:00,2026-10-04 19:12:12+00:00,,True,0.2,2026-10-04 20:37:19.413000+02:00,2026-10-04 21:12:00+02:00,2026-10-04 21:12:12+02:00,2026-10-04,21,Sunday,True,34.67645
20261004_183717,2026-10-04 18:37:19.413000+00:00,Bern,rail,ch:1:sloid:7000,Bern,ch:1:sloid:7000_gen:ch:1:sloid:7000:1:21_pf:1E-H,2026-10-04,ch:1:sjyid:100015:15178-001,rail,S-Bahn,S1,S1,15178,Thun,Fribourg/Freiburg,1E-H,,2026-10-04 19:15:00+00:00,2026-10-04 19:15:12+00:00,,True,0.2,2026-10-04 20:37:19.413000+02:00,2026-10-04 21:15:00+02:00,2026-10-04 21:15:12+02:00,2026-10-04,21,Sunday,True,37.67645
20261004_183717,2026-10-04 18:37:19.413000+00:00,Bern,rail,ch:1:sloid:7000,Bern,ch:1:sloid:7000:5:10,2026-10-04,ch:1:sjyid:100015:15179-001,rail,S-Bahn,S1,S1,15179,Fribourg/Freiburg,Thun,10,,2026-10-04 19:16:00+00:00,2026-10-04 19:16:12+00:00,,True,0.2,2026-10-04 20:37:19.413000+02:00,2026-10-04 21:16:00+02:00,2026-10-04 21:16:12+02:00,2026-10-04,21,Sunday,True,38.67645
20261004_183717,2026-10-04 18:37:19.413000+00:00,Bern,rail,ch:1:sloid:7000,Bern,ch:1:sloid:7000_gen:ch:1:sloid:7000:6:13_pf:13AB,2026-10-04,ch:1:sjyid:100015:15479-001,rail,S-Bahn,S4,S4,15479,Thun,Langnau i.E.,13AB,,2026-10-04 19:19:00+00:00,2026-10-04 19:19:42+00:00,,True,0.7,2026-10-04 20:37:19.413000+02:00,2026-10-04 21:19:00+02:00,2026-10-04 21:19:42+02:00,2026-10-04,21,Sunday,True,41.67645
20261004_183717,2026-10-04 18:37:19.413000+00:00,Bern,rail,ch:1:sloid:7000,Bern,ch:1:sloid:7000:1:1,2026-10-04,ch:1:sjyid:100015:15280-001,rail,S-Bahn,S2,S2,15280,Konolfingen,Laupen BE,1A-D,,2026-10-04 19:21:00+00:00,2026-10-04 19:21:24+00:00,,True,0.4,2026-10-04 20:37:19.413000+02:00,2026-10-04 21:21:00+02:00,2026-10-04 21:21:24+02:00,2026-10-04,21,Sunday,True,43.67645
20261004_183717,2026-10-04 18:37:19.413000+00:00,Bern,rail,ch:1:sloid:7000,Bern,ch:1:sloid:7000:4:8,2026-10-04,ch:1:sjyid:100001:735-002,rail,InterCity,IC1,IC1,735,Genève-Aéroport,Zürich HB,8,,2026-10-04 19:31:00+00:00,2026-10-04 19:31:00+00:00,,True,0.0,2026-10-04 20:37:19.413000+02:00,2026-10-04 21:31:00+02:00,2026-10-04 21:31:00+02:00,2026-10-04,21,Sunday,True,53.67645
20261004_183717,2026-10-04 18:37:19.413000+00:00,Bern,rail,ch:1:sloid:7000,Bern,ch:1:sloid:7000,2026-10-04,ch:1:sjyid:100001:10066-003,rail,InterCity,IC,IC,10066,Domodossola (I),Basel SBB,,,2026-10-04 19:31:24+00:00,2026-10-04 19:40:00+00:00,,True,8.6,2026-10-04 20:37:19.413000+02:00,2026-10-04 21:31:24+02:00,2026-10-04 21:40:00+02:00,2026-10-04,21,Sunday,True,54.07645
20261004_183717,2026-10-04 18:37:19.413000+00:00,Bern,rail,ch:1:sloid:7000,Bern,ch:1:sloid:7000:1:1,2026-10-04,ch:1:sjyid:100015:15380-001,rail,S-Bahn,S3,S3,15380,Biel/Bienne,Belp,1A-D,,2026-10-04 19:32:00+00:00,2026-10-04 19:32:12+00:00,,True,0.2,2026-10-04 20:37:19.413000+02:00,2026-10-04 21:32:00+02:00,2026-10-04 21:32:12+02:00,2026-10-04,21,Sunday,True,54.67645
20261004_183717,2026-10-04 18:37:20.344000+00:00,Basel,rail,ch:1:sloid:10,Basel SBB,ch:1:sloid:10:22:33,2026-10-04,ch:1:sjyid:100001:96140-001,rail,Train Express Regional,TER,TER,96140,Basel SBB,Mulhouse,33,,2026-10-04 18:38:00+00:00,2026-10-04 18:38:18+00:00,,True,0.3,2026-10-04 20:37:20.344000+02:00,2026-10-04 20:38:00+02:00,2026-10-04 20:38:18+02:00,2026-10-04,20,Sunday,True,0.6609333333333333
20261004_183717,2026-10-04 18:37:20.344000+00:00,Basel,rail,ch:1:sloid:10,Basel SBB,ch:1:sloid:10:0:944,2026-10-04,ch:1:sjyid:100001:17374-001,rail,S-Bahn,S3,S3,17374,Olten,Laufen,18,,2026-10-04 18:38:00+00:00,2026-10-04 18:38:12+00:00,,True,0.2,2026-10-04 20:37:20.344000+02:00,2026-10-04 20:38:00+02:00,2026-10-04 20:38:12+02:00,2026-10-04,20,Sunday,True,0.6609333333333333
20261004_183717,2026-10-04 18:37:20.344000+00:00,Basel,rail,ch:1:sloid:10,Basel SBB,ch:1:sloid:10:5:9,2026-10-04,ch:1:sjyid:100001:2287-001,rail,InterRegio,IR37,IR37,2287,Basel SBB,Zürich HB,10,9,2026-10-04 18:43:00+00:00,2026-10-04 18:43:48+00:00,,True,0.8,2026-10-04 20:37:20.344000+02:00,2026-10-04 20:43:00+02:00,2026-10-04 20:43:48+02:00,2026-10-04,20,Sunday,True,5.660933333333333
20261004_183717,2026-10-04 18:37:20.344000+00:00,Basel,rail,ch:1:sloid:10,Basel SBB,ch:1:sloid:10:8:16,2026-10-04,ch:1:sjyid:100001:17279-001,rail,S-Bahn,S1,S1,17279,Basel SBB,Laufenburg,16,,2026-10-04 18:49:00+00:00,2026-10-04 18:49:12+00:00,,True,0.2,2026-10-04 20:37:20.344000+02:00,2026-10-04 20:49:00+02:00,2026-10-04 20:49:12+02:00,2026-10-04,20,Sunday,True,11.660933333333332
20261004_183717,2026-10-04 18:37:20.344000+00:00,Basel,rail,ch:1:sloid:10,Basel SBB,ch:1:sloid:10:4:8,2026-10-04,ch:1:sjyid:100001:641-001,rail,InterCity,IC6,IC6,641,Basel SBB,Bern,9,8,2026-10-04 18:58:00+00:00,2026-10-04 18:58:42+00:00,,True,0.7,2026-10-04 20:37:20.344000+02:00,2026-10-04 20:58:00+02:00,2026-10-04 20:58:42+02:00,2026-10-04,20,Sunday,True,20.660933333333332
20261004_183717,2026-10-04 18:37:20.344000+00:00,Basel,rail,ch:1:sloid:10,Basel SBB,ch:1:sloid:10:0:19,2026-10-04,ch:1:sjyid:100001:17377-001,rail,S-Bahn,S3,S3,17377,Laufen,Olten,19,,2026-10-04 19:00:00+00:00,2026-10-04 19:00:12+00:00,,True,0.2,2026-10-04 20:37:20.344000+02:00,2026-10-04 21:00:00+02:00,2026-10-04 21:00:12+02:00,2026-10-04,21,Sunday,True,22.660933333333332
20261004_183717,2026-10-04 18:37:20.344000+00:00,Basel,rail,ch:1:sloid:10,Basel SBB,ch:1:sloid:10:0:20,2026-10-04,ch:1:sjyid:100015:1884-001,rail,InterRegio,IR56,IR56,1884,Basel SBB,Biel/Bienne,20,,2026-10-04 19:02:00+00:00,2026-10-04 19:02:12+00:00,,True,0.2,2026-10-04 20:37:20.344000+02:00,2026-10-04 21:02:00+02:00,2026-10-04 21:02:12+02:00,2026-10-04,21,Sunday,True,24.660933333333332
20261004_183717,2026-10-04 18:37:20.344000+00:00,Basel,rail,ch:1:sloid:10,Basel SBB,ch:1:sloid:10:2:3,2026-10-04,ch:1:sjyid:100001:691-001,rail,InterCity,IC21,IC21,691,Basel SBB,Lugano,3,,2026-10-04 19:04:00+00:00,2026-10-04 19:04:42+00:00,,True,0.7,2026-10-04 20:37:20.344000+02:00,2026-10-04 21:04:00+02:00,2026-10-04 21:04:42+02:00,2026-10-04,21,Sunday,True,26.660933333333332
20261004_183717,2026-10-04 18:37:20.344000+00:00,Basel,rail,ch:1:sloid:10,Basel SBB,ch:1:sloid:10:6:12,2026-10-04,ch:1:sjyid:100001:1989-001,rail,InterRegio,IR36,IR36,1989,Basel SBB,Zürich HB,12,,2026-10-04 19:07:00+00:00,2026-10-04 19:07:42+00:00,,True,0.7,2026-10-04 20:37:20.344000+02:00,2026-10-04 21:07:00+02:00,2026-10-04 21:07:42+02:00,2026-10-04,21,Sunday,True,29.660933333333332
20261004_183717,2026-10-04 18:37:20.344000+00:00,Basel,rail,ch:1:sloid:10,Basel SBB,ch:1:sloid:10:3:5,2026-10-04,ch:1:sjyid:100001:789-001,rail,InterCity,IC3,IC3,789,Basel SBB,Zürich HB,5,,2026-10-04 19:07:00+00:00,2026-10-04 19:07:48+00:00,,True,0.8,2026-10-04 20:37:20.344000+02:00,2026-10-04 21:07:00+02:00,2026-10-04 21:07:48+02:00,2026-10-04,21,Sunday,True,29.660933333333332
20261004_183717,2026-10-04 18:37:20.344000+00:00,Basel,rail,ch:1:sloid:10,Basel SBB,ch:1:sloid:10:8:16,2026-10-04,ch:1:sjyid:100001:17376-001,rail,S-Bahn,S3,S3,17376,Olten,Laufen,16,,2026-10-04 19:08:00+00:00,2026-10-04 19:08:12+00:00,,True,0.2,2026-10-04 20:37:20.344000+02:00,2026-10-04 21:08:00+02:00,2026-10-04 21:08:12+02:00,2026-10-04,21,Sunday,True,30.660933333333332
20261004_183717,2026-10-04 18:37:20.344000+00:00,Basel,rail,ch:1:sloid:10,Basel SBB,ch:1:sloid:10:6:11,2026-10-04,ch:1:sjyid:100001:2489-001,rail,InterRegio,IR27,IR27,2489,Basel SBB,Luzern,11,,2026-10-04 19:16:00+00:00,2026-10-04 19:16:42+00:00,,True,0.7,2026-10-04 20:37:20.344000+02:00,2026-10-04 21:16:00+02:00,2026-10-04 21:16:42+02:00,2026-10-04,21,Sunday,True,38.66093333333333
20261004_183717,2026-10-04 18:37:20.344000+00:00,Basel,rail,ch:1:sloid:10,Basel SBB,ch:1:sloid:10:8:16,2026-10-04,ch:1:sjyid:100001:17181-001,rail,S-Bahn,S1,S1,17181,Basel SBB,Frick,16,,2026-10-04 19:19:00+00:00,2026-10-04 19:19:12+00:00,,True,0.2,2026-10-04 20:37:20.344000+02:00,2026-10-04 21:19:00+02:00,2026-10-04 21:19:12+02:00,2026-10-04,21,Sunday,True,41.66093333333333
20261004_183717,2026-10-04 18:37:20.344000+00:00,Basel,rail,ch:1:sloid:10,Basel SBB,ch:1:sloid:10:22:33,2026-10-04,ch:1:sjyid:100001:96250-001,rail,Train Express Regional,TER,TER,96250,Basel SBB,Strasbourg,33,,2026-10-04 19:21:00+00:00,2026-10-04 19:21:30+00:00,,True,0.5,2026-10-04 20:37:20.344000+02:00,2026-10-04 21:21:00+02:00,2026-10-04 21:21:30+02:00,2026-10-04,21,Sunday,True,43.66093333333333
20261004_183717,2026-10-04 18:37:20.344000+00:00,Basel,rail,ch:1:sloid:10,Basel SBB,ch:1:sloid:10:0:19,2026-10-04,ch:1:sjyid:100001:17379-001,rail,S-Bahn,S3,S3,17379,Laufen,Olten,19,,2026-10-04 19:30:00+00:00,2026-10-04 19:30:12+00:00,,True,0.2,2026-10-04 20:37:20.344000+02:00,2026-10-04 21:30:00+02:00,2026-10-04 21:30:12+02:00,2026-10-04,21,Sunday,True,52.66093333333333
20261004_183717,2026-10-04 18:37:20.344000+00:00,Basel,rail,ch:1:sloid:10,Basel SBB,ch:1:sloid:10:2:4,2026-10-04,ch:1:sjyid:100001:989-001,rail,InterCity,IC61,IC61,989,Basel SBB,Spiez,4,,2026-10-04 19:30:00+00:00,2026-10-04 19:30:42+00:00,,True,0.7,2026-10-04 20:37:20.344000+02:00,2026-10-04 21:30:00+02:00,2026-10-04 21:30:42+02:00,2026-10-04,21,Sunday,True,52.66093333333333
20261004_183717,2026-10-04 18:37:20.344000+00:00,Basel,rail,ch:1:sloid:10,Basel SBB,ch:1:sloid:10:0:20,2026-10-04,ch:1:sjyid:100001:1640-001,rail,InterCity,IC51,IC51,1640,Basel SBB,Lausanne,20,,2026-10-04 19:32:00+00:00,2026-10-04 19:32:42+00:00,,True,0.7,2026-10-04 20:37:20.344000+02:00,2026-10-04 21:32:00+02:00,2026-10-04 21:32:42+02:00,2026-10-04,21,Sunday,True,54.66093333333333
20261004_183717,2026-10-04 18:37:20.344000+00:00,Basel,rail,ch:1:sloid:10,Basel SBB,ch:1:sloid:10:6:11,2026-10-04,ch:1:sjyid:100001:597-001,rail,InterCity,IC3,IC3,597,Basel SBB,Zürich HB,11,,2026-10-04 19:33:00+00:00,2026-10-04 19:33:54+00:00,,True,0.9,2026-10-04 20:37:20.344000+02:00,2026-10-04 21:33:00+02:00,2026-10-04 21:33:54+02:00,2026-10-04,21,Sunday,True,55.66093333333333
20261004_183717,2026-10-04 18:37:20.344000+00:00,Basel,rail,ch:1:sloid:10,Basel SBB,ch:1:sloid:10:1:2,2026-10-04,ch:1:sjyid:100308:87866-001,rail,S-Bahn,S6,S6,87866,Basel SBB,Zell (Wiesental),2,,2026-10-04 19:35:00+00:00,2026-10-04 19:35:12+00:00,,True,0.2,2026-10-04 20:37:20.344000+02:00,2026-10-04 21:35:00+02:00,2026-10-04 21:35:12+02:00,2026-10-04,21,Sunday,True,57.66093333333333
20261004_183717,2026-10-04 18:37:20.344000+00:00,Basel,rail,ch:1:sloid:10,Basel SBB,ch:1:sloid:10:5:10,2026-10-04,ch:1:sjyid:100001:2089-001,rail,RegioExpress,RE36,RE36,2089,Basel SBB,Zürich HB,10,,2026-10-04 19:36:00+00:00,2026-10-04 19:36:24+00:00,,True,0.4,2026-10-04 20:37:20.344000+02:00,2026-10-04 21:36:00+02:00,2026-10-04 21:36:24+02:00,2026-10-04,21,Sunday,True,58.66093333333333
20261004_183717,2026-10-04 18:37:20.344000+00:00,Basel,rail,ch:1:sloid:10,Basel SBB,ch:1:sloid:10:8:16,2026-10-04,ch:1:sjyid:100001:17378-001,rail,S-Bahn,S3,S3,17378,Olten,Laufen,16,,2026-10-04 19:38:00+00:00,2026-10-04 19:38:12+00:00,,True,0.2,2026-10-04 20:37:20.344000+02:00,2026-10-04 21:38:00+02:00,2026-10-04 21:38:12+02:00,2026-10-04,21,Sunday,True,60.66093333333333
20261004_183717,2026-10-04 18:37:20.344000+00:00,Basel,rail,ch:1:sloid:10,Basel SBB,ch:1:sloid:10:3:6,2026-10-04,ch:1:sjyid:100001:9223-002,rail,Train à grande vit.,TGV,TGV,9223,Mulhouse,Zürich HB,6,,2026-10-04 19:39:00+00:00,2026-10-04 19:39:54+00:00,,True,0.9,2026-10-04 20:37:20.344000+02:00,2026-10-04 21:39:00+02:00,2026-10-04 21:39:54+02:00,2026-10-04,21,Sunday,True,61.66093333333333
20261004_183717,2026-10-04 18:37:20.344000+00:00,Basel,rail,ch:1:sloid:10,Basel SBB,ch:1:sloid:10:5:9,2026-10-04,ch:1:sjyid:100001:2289-001,rail,InterRegio,IR37,IR37,2289,Basel SBB,Zürich HB,9,,2026-10-04 19:43:00+00:00,2026-10-04 19:43:48+00:00,,True,0.8,2026-10-04 20:37:20.344000+02:00,2026-10-04 21:43:00+02:00,2026-10-04 21:43:48+02:00,2026-10-04,21,Sunday,True,65.66093333333333
20261004_183717,2026-10-04 18:37:20.344000+00:00,Basel,rail,ch:1:sloid:10,Basel SBB,ch:1:sloid:10:7:14,2026-10-04,ch:1:sjyid:100001:17283-001,rail,S-Bahn,S1,S1,17283,Basel SBB,Laufenburg,14,,2026-10-04 19:49:00+00:00,2026-10-04 19:49:12+00:00,,True,0.2,2026-10-04 20:37:20.344000+02:00,2026-10-04 21:49:00+02:00,2026-10-04 21:49:12+02:00,2026-10-04,21,Sunday,True,71.66093333333333
20261004_183717,2026-10-04 18:37:20.344000+00:00,Basel,rail,ch:1:sloid:10,Basel SBB,ch:1:sloid:10:6:11,2026-10-04,ch:1:sjyid:100001:649-001,rail,InterCity,IC61,IC61,649,Basel SBB,Spiez,11,,2026-10-04 19:58:00+00:00,2026-10-04 19:58:42+00:00,,True,0.7,2026-10-04 20:37:20.344000+02:00,2026-10-04 21:58:00+02:00,2026-10-04 21:58:42+02:00,2026-10-04,21,Sunday,True,80.66093333333333
20261004_183717,2026-10-04 18:37:20.344000+00:00,Basel,rail,ch:1:sloid:10,Basel SBB,ch:1:sloid:10:0:19,2026-10-04,ch:1:sjyid:100001:17381-002,rail,S-Bahn,S3,S3,17381,Laufen,Olten,19,,2026-10-04 20:00:00+00:00,2026-10-04 20:00:12+00:00,,True,0.2,2026-10-04 20:37:20.344000+02:00,2026-10-04 22:00:00+02:00,2026-10-04 22:00:12+02:00,2026-10-04,22,Sunday,True,82.66093333333333
20261004_183717,2026-10-04 18:37:20.344000+00:00,Basel,rail,ch:1:sloid:10,Basel SBB,ch:1:sloid:10:0:20,2026-10-04,ch:1:sjyid:100015:1886-001,rail,InterRegio,IR56,IR56,1886,Basel SBB,Biel/Bienne,20,,2026-10-04 20:02:00+00:00,2026-10-04 20:02:12+00:00,,True,0.2,2026-10-04 20:37:20.344000+02:00,2026-10-04 22:02:00+02:00,2026-10-04 22:02:12+02:00,2026-10-04,22,Sunday,True,84.66093333333333
20261004_183717,2026-10-04 18:37:20.344000+00:00,Basel,rail,ch:1:sloid:10,Basel SBB,ch:1:sloid:10:6:12,2026-10-04,ch:1:sjyid:100001:1991-001,rail,InterRegio,IR36,IR36,1991,Basel SBB,Zürich HB,12,,2026-10-04 20:07:00+00:00,2026-10-04 20:07:42+00:00,,True,0.7,2026-10-04 20:37:20.344000+02:00,2026-10-04 22:07:00+02:00,2026-10-04 22:07:42+02:00,2026-10-04,22,Sunday,True,89.66093333333333
20261004_183717,2026-10-04 18:37:20.344000+00:00,Basel,rail,ch:1:sloid:10,Basel SBB,ch:1:sloid:10:8:16,2026-10-04,ch:1:sjyid:100001:17380-001,rail,S-Bahn,S3,S3,17380,Olten,Laufen,16,,2026-10-04 20:08:00+00:00,2026-10-04 20:08:12+00:00,,True,0.2,2026-10-04 20:37:20.344000+02:00,2026-10-04 22:08:00+02:00,2026-10-04 22:08:12+02:00,2026-10-04,22,Sunday,True,90.66093333333333
20261004_183717,2026-10-04 18:37:20.344000+00:00,Basel,rail,ch:1:sloid:10,Basel SBB,ch:1:sloid:10:6:12,2026-10-04,ch:1:sjyid:100001:17185-001,rail,S-Bahn,S1,S1,17185,Basel SBB,Frick,12,,2026-10-04 20:19:00+00:00,2026-10-04 20:19:12+00:00,,True,0.2,2026-10-04 20:37:20.344000+02:00,2026-10-04 22:19:00+02:00,2026-10-04 22:19:12+02:00,2026-10-04,22,Sunday,True,101.66093333333333
20261004_183717,2026-10-04 18:37:21.144000+00:00,Luzern,rail,ch:1:sloid:5000,Luzern,ch:1:sloid:5000:2:4,2026-10-04,ch:1:sjyid:100001:21379-001,rail,S-Bahn,S3,S3,21379,Luzern,Arth-Goldau,4,,2026-10-04 18:39:00+00:00,2026-10-04 18:39:12+00:00,,True,0.2,2026-10-04 20:37:21.144000+02:00,2026-10-04 20:39:00+02:00,2026-10-04 20:39:12+02:00,2026-10-04,20,Sunday,True,1.6476
20261004_183717,2026-10-04 18:37:21.144000+00:00,Luzern,rail,ch:1:sloid:5000,Luzern,ch:1:sloid:5000:4:9,2026-10-04,ch:1:sjyid:100001:30490-011,rail,InterRegio,IR15,IR15,30490,Luzern,Lausanne,9,,2026-10-04 18:40:24+00:00,2026-10-04 18:40:24+00:00,,True,0.0,2026-10-04 20:37:21.144000+02:00,2026-10-04 20:40:24+02:00,2026-10-04 20:40:24+02:00,2026-10-04,20,Sunday,True,3.0476
20261004_183717,2026-10-04 18:37:21.144000+00:00,Luzern,rail,ch:1:sloid:5000,Luzern,ch:1:sloid:5000:4:9,2026-10-04,ch:1:sjyid:100001:30490-011,rail,InterRegio,IR15,IR15,30490,Luzern,Lausanne,9,,2026-10-04 18:42:00+00:00,2026-10-04 18:43:36+00:00,,True,1.6,2026-10-04 20:37:21.144000+02:00,2026-10-04 20:42:00+02:00,2026-10-04 20:43:36+02:00,2026-10-04,20,Sunday,True,4.6476
20261004_183717,2026-10-04 18:37:21.144000+00:00,Luzern,rail,ch:1:sloid:5000,Luzern,ch:1:sloid:5000:7:14,2026-10-04,ch:1:sjyid:100064:21578-001,rail,S-Bahn,S5,S5,21578,Luzern,Giswil,14,,2026-10-04 18:42:00+00:00,2026-10-04 18:42:12+00:00,,True,0.2,2026-10-04 20:37:21.144000+02:00,2026-10-04 20:42:00+02:00,2026-10-04 20:42:12+02:00,2026-10-04,20,Sunday,True,4.6476
20261004_183717,2026-10-04 18:37:21.144000+00:00,Luzern,rail,ch:1:sloid:5000,Luzern,ch:1:sloid:5000:4:8,2026-10-04,ch:1:sjyid:100001:21171-002,rail,S-Bahn,S1,S1,21171,Rotkreuz,Sursee,8,,2026-10-04 18:44:00+00:00,2026-10-04 18:45:00+00:00,,True,1.0,2026-10-04 20:37:21.144000+02:00,2026-10-04 20:44:00+02:00,2026-10-04 20:45:00+02:00,2026-10-04,20,Sunday,True,6.6476
20261004_183717,2026-10-04 18:37:21.144000+00:00,Luzern,rail,ch:1:sloid:5000,Luzern,ch:1:sloid:5000:2:4,2026-10-04,ch:1:sjyid:100001:21172-002,rail,S-Bahn,S1,S1,21172,Sursee,Baar,4,,2026-10-04 18:51:00+00:00,2026-10-04 18:51:12+00:00,,True,0.2,2026-10-04 20:37:21.144000+02:00,2026-10-04 20:51:00+02:00,2026-10-04 20:51:12+02:00,2026-10-04,20,Sunday,True,13.6476
20261004_183717,2026-10-04 18:37:21.144000+00:00,Luzern,rail,ch:1:sloid:5000,Luzern,ch:1:sloid:5000:3:7,2026-10-04,ch:1:sjyid:100061:2336-002,rail,Treno Gottardo,IR26,IR26,2336,Locarno,Olten,7,,2026-10-04 18:54:00+00:00,2026-10-04 18:54:30+00:00,,True,0.5,2026-10-04 20:37:21.144000+02:00,2026-10-04 20:54:00+02:00,2026-10-04 20:54:30+02:00,2026-10-04,20,Sunday,True,16.6476
20261004_183717,2026-10-04 18:37:21.144000+00:00,Luzern,rail,ch:1:sloid:5000,Luzern,ch:1:sloid:5000_gen:ch:1:sloid:5000:3:6_pf:6B-D,2026-10-04,ch:1:sjyid:100015:4388-001,rail,RegioExpress,RE7,RE7,4388,Luzern,Langnau i.E.,6B-D,,2026-10-04 18:57:00+00:00,2026-10-04 18:57:12+00:00,,True,0.2,2026-10-04 20:37:21.144000+02:00,2026-10-04 20:57:00+02:00,2026-10-04 20:57:12+02:00,2026-10-04,20,Sunday,True,19.6476
20261004_183717,2026-10-04 18:37:21.144000+00:00,Luzern,rail,ch:1:sloid:5000,Luzern,ch:1:sloid:5000:7:14,2026-10-04,ch:1:sjyid:100064:21480-001,rail,S-Bahn,S4,S4,21480,Luzern,Stansstad,14,,2026-10-04 18:57:00+00:00,2026-10-04 18:57:12+00:00,,True,0.2,2026-10-04 20:37:21.144000+02:00,2026-10-04 20:57:00+02:00,2026-10-04 20:57:12+02:00,2026-10-04,20,Sunday,True,19.6476
20261004_183717,2026-10-04 18:37:21.144000+00:00,Luzern,rail,ch:1:sloid:5000,Luzern,ch:1:sloid:5000:4:8,2026-10-04,ch:1:sjyid:100001:21980-001,rail,S-Bahn,S9,S9,21980,Luzern,Lenzburg,8,,2026-10-04 19:02:00+00:00,2026-10-04 19:02:30+00:00,,True,0.5,2026-10-04 20:37:21.144000+02:00,2026-10-04 21:02:00+02:00,2026-10-04 21:02:30+02:00,2026-10-04,21,Sunday,True,24.6476
20261004_183717,2026-10-04 18:37:21.144000+00:00,Luzern,rail,ch:1:sloid:5000,Luzern,ch:1:sloid:5000_gen:ch:1:sloid:5000:5:11_pf:11B,2026-10-04,ch:1:sjyid:100001:4738-001,rail,RegioExpress,RE24,RE24,4738,Luzern,Olten,11B,,2026-10-04 19:05:00+00:00,2026-10-04 19:05:12+00:00,,True,0.2,2026-10-04 20:37:21.144000+02:00,2026-10-04 21:05:00+02:00,2026-10-04 21:05:12+02:00,2026-10-04,21,Sunday,True,27.6476
20261004_183717,2026-10-04 18:37:21.144000+00:00,Luzern,rail,ch:1:sloid:5000,Luzern,ch:1:sloid:5000_gen:ch:1:sloid:5000:6:13_pf:13BC,2026-10-04,ch:1:sjyid:100064:2942-001,rail,Luzern-Interlaken Express,LIX,LIX,2942,Luzern,Interlaken Ost,13BC,,2026-10-04 19:06:00+00:00,2026-10-04 19:06:06+00:00,,True,0.1,2026-10-04 20:37:21.144000+02:00,2026-10-04 21:06:00+02:00,2026-10-04 21:06:06+02:00,2026-10-04,21,Sunday,True,28.6476
20261004_183717,2026-10-04 18:37:21.144000+00:00,Luzern,rail,ch:1:sloid:5000,Luzern,ch:1:sloid:5000:4:9,2026-10-04,ch:1:sjyid:100001:21381-001,rail,S-Bahn,S3,S3,21381,Luzern,Brunnen,9,,2026-10-04 19:06:00+00:00,2026-10-04 19:07:00+00:00,,True,1.0,2026-10-04 20:37:21.144000+02:00,2026-10-04 21:06:00+02:00,2026-10-04 21:07:00+02:00,2026-10-04,21,Sunday,True,28.6476
20261004_183717,2026-10-04 18:37:21.144000+00:00,Luzern,rail,ch:1:sloid:5000,Luzern,ch:1:sloid:5000:1:3,2026-10-04,ch:1:sjyid:100001:2640-001,rail,InterRegio,IR70,IR70,2640,Luzern,St. Gallen,3,,2026-10-04 19:09:00+00:00,2026-10-04 19:10:00+00:00,,True,1.0,2026-10-04 20:37:21.144000+02:00,2026-10-04 21:09:00+02:00,2026-10-04 21:10:00+02:00,2026-10-04,21,Sunday,True,31.6476
20261004_183717,2026-10-04 18:37:21.144000+00:00,Luzern,rail,ch:1:sloid:5000,Luzern,ch:1:sloid:5000:6:12,2026-10-04,ch:1:sjyid:100064:2988-001,rail,Luzern-Engelberg Express,IRLEX,IRLEX,2988,Luzern,Stansstad,12,,2026-10-04 19:10:00+00:00,2026-10-04 19:10:12+00:00,,True,0.2,2026-10-04 20:37:21.144000+02:00,2026-10-04 21:10:00+02:00,2026-10-04 21:10:12+02:00,2026-10-04,21,Sunday,True,32.6476
20261004_183717,2026-10-04 18:37:21.144000+00:00,Luzern,rail,ch:1:sloid:5000,Luzern,ch:1:sloid:5000:7:14,2026-10-04,ch:1:sjyid:100064:21580-001,rail,S-Bahn,S5,S5,21580,Luzern,Giswil,14,,2026-10-04 19:12:00+00:00,2026-10-04 19:12:12+00:00,,True,0.2,2026-10-04 20:37:21.144000+02:00,2026-10-04 21:12:00+02:00,2026-10-04 21:12:12+02:00,2026-10-04,21,Sunday,True,34.647600000000004
20261004_183717,2026-10-04 18:37:21.144000+00:00,Luzern,rail,ch:1:sloid:5000,Luzern,ch:1:sloid:5000:1:2,2026-10-04,ch:1:sjyid:100001:21173-002,rail,S-Bahn,S1,S1,21173,Baar,Sursee,2,,2026-10-04 19:14:00+00:00,2026-10-04 19:15:00+00:00,,True,1.0,2026-10-04 20:37:21.144000+02:00,2026-10-04 21:14:00+02:00,2026-10-04 21:15:00+02:00,2026-10-04,21,Sunday,True,36.647600000000004
20261004_183717,2026-10-04 18:37:21.144000+00:00,Luzern,rail,ch:1:sloid:5000,Luzern,ch:1:sloid:5000_gen:ch:1:sloid:5000:3:6_pf:6B-D,2026-10-04,ch:1:sjyid:100015:21680-001,rail,S-Bahn,S6,S6,21680,Luzern,Wolhusen,6B-D,,2026-10-04 19:16:00+00:00,2026-10-04 19:17:00+00:00,,True,1.0,2026-10-04 20:37:21.144000+02:00,2026-10-04 21:16:00+02:00,2026-10-04 21:17:00+02:00,2026-10-04,21,Sunday,True,38.647600000000004
20261004_183717,2026-10-04 18:37:21.144000+00:00,Luzern,rail,ch:1:sloid:5000,Luzern,ch:1:sloid:5000:3:7,2026-10-04,ch:1:sjyid:100061:2339-001,rail,InterRegio,IR26,IR26,2339,Basel SBB,Erstfeld,7,,2026-10-04 19:18:00+00:00,2026-10-04 19:19:00+00:00,,True,1.0,2026-10-04 20:37:21.144000+02:00,2026-10-04 21:18:00+02:00,2026-10-04 21:19:00+02:00,2026-10-04,21,Sunday,True,40.647600000000004
20261004_183717,2026-10-04 18:37:21.144000+00:00,Luzern,rail,ch:1:sloid:5000,Luzern,ch:1:sloid:5000:4:9,2026-10-04,ch:1:sjyid:100001:21174-001,rail,S-Bahn,S1,S1,21174,Sursee,Baar,9,,2026-10-04 19:21:00+00:00,2026-10-04 19:21:12+00:00,,True,0.2,2026-10-04 20:37:21.144000+02:00,2026-10-04 21:21:00+02:00,2026-10-04 21:21:12+02:00,2026-10-04,21,Sunday,True,43.647600000000004
20261004_183717,2026-10-04 18:37:21.144000+00:00,Luzern,rail,ch:1:sloid:5000,Luzern,ch:1:sloid:5000:7:14,2026-10-04,ch:1:sjyid:100064:21482-001,rail,S-Bahn,S4,S4,21482,Luzern,Stansstad,14,,2026-10-04 19:27:00+00:00,2026-10-04 19:27:12+00:00,,True,0.2,2026-10-04 20:37:21.144000+02:00,2026-10-04 21:27:00+02:00,2026-10-04 21:27:12+02:00,2026-10-04,21,Sunday,True,49.647600000000004
20261004_183717,2026-10-04 18:37:21.144000+00:00,Luzern,rail,ch:1:sloid:5000,Luzern,ch:1:sloid:5000:3:7,2026-10-04,ch:1:sjyid:100001:21982-001,rail,S-Bahn,S9,S9,21982,Luzern,Hochdorf,7,,2026-10-04 19:32:00+00:00,2026-10-04 19:32:30+00:00,,True,0.5,2026-10-04 20:37:21.144000+02:00,2026-10-04 21:32:00+02:00,2026-10-04 21:32:30+02:00,2026-10-04,21,Sunday,True,54.647600000000004
20261004_183717,2026-10-04 18:37:21.144000+00:00,Luzern,rail,ch:1:sloid:5000,Luzern,ch:1:sloid:5000:1:3,2026-10-04,ch:1:sjyid:100001:2589-001,rail,InterRegio,IR75,IR75,2589,Luzern,Zürich HB,3,,2026-10-04 19:35:00+00:00,2026-10-04 19:35:00+00:00,,True,0.0,2026-10-04 20:37:21.144000+02:00,2026-10-04 21:35:00+02:00,2026-10-04 21:35:00+02:00,2026-10-04,21,Sunday,True,57.647600000000004
20261004_183717,2026-10-04 18:37:21.144000+00:00,Luzern,rail,ch:1:sloid:5000,Luzern,ch:1:sloid:5000:2:4,2026-10-04,ch:1:sjyid:100001:21383-001,rail,S-Bahn,S3,S3,21383,Luzern,Arth-Goldau,4,,2026-10-04 19:39:00+00:00,2026-10-04 19:39:12+00:00,,True,0.2,2026-10-04 20:37:21.144000+02:00,2026-10-04 21:39:00+02:00,2026-10-04 21:39:12+02:00,2026-10-04,21,Sunday,True,61.647600000000004
20261004_183717,2026-10-04 18:37:21.144000+00:00,Luzern,rail,ch:1:sloid:5000,Luzern,ch:1:sloid:5000:4:8,2026-10-04,ch:1:sjyid:100001:2540-001,rail,InterRegio,IR15,IR15,2540,Luzern,Lausanne,8,,2026-10-04 19:42:00+00:00,2026-10-04 19:43:36+00:00,,True,1.6,2026-10-04 20:37:21.144000+02:00,2026-10-04 21:42:00+02:00,2026-10-04 21:43:36+02:00,2026-10-04,21,Sunday,True,64.6476
20261004_183717,2026-10-04 18:37:21.144000+00:00,Luzern,rail,ch:1:sloid:5000,Luzern,ch:1:sloid:5000:7:14,2026-10-04,ch:1:sjyid:100064:21582-001,rail,S-Bahn,S5,S5,21582,Luzern,Giswil,14,,2026-10-04 19:42:00+00:00,2026-10-04 19:42:12+00:00,,True,0.2,2026-10-04 20:37:21.144000+02:00,2026-10-04 21:42:00+02:00,2026-10-04 21:42:12+02:00,2026-10-04,21,Sunday,True,64.6476
20261004_183717,2026-10-04 18:37:21.144000+00:00,Luzern,rail,ch:1:sloid:5000,Luzern,ch:1:sloid:5000:4:9,2026-10-04,ch:1:sjyid:100001:21175-002,rail,S-Bahn,S1,S1,21175,Baar,Sursee,9,,2026-10-04 19:44:00+00:00,2026-10-04 19:45:00+00:00,,True,1.0,2026-10-04 20:37:21.144000+02:00,2026-10-04 21:44:00+02:00,2026-10-04 21:45:00+02:00,2026-10-04,21,Sunday,True,66.6476
20261004_183717,2026-10-04 18:37:21.144000+00:00,Luzern,rail,ch:1:sloid:5000,Luzern,ch:1:sloid:5000:2:4,2026-10-04,ch:1:sjyid:100001:21176-002,rail,S-Bahn,S1,S1,21176,Sursee,Baar,4,,2026-10-04 19:51:00+00:00,2026-10-04 19:51:12+00:00,,True,0.2,2026-10-04 20:37:21.144000+02:00,2026-10-04 21:51:00+02:00,2026-10-04 21:51:12+02:00,2026-10-04,21,Sunday,True,73.6476
20261004_183717,2026-10-04 18:37:21.144000+00:00,Luzern,rail,ch:1:sloid:5000,Luzern,ch:1:sloid:5000:3:7,2026-10-04,ch:1:sjyid:100001:692-001,rail,InterCity,IC21,IC21,692,Lugano,Basel SBB,7,,2026-10-04 19:54:00+00:00,2026-10-04 19:54:36+00:00,,True,0.6,2026-10-04 20:37:21.144000+02:00,2026-10-04 21:54:00+02:00,2026-10-04 21:54:36+02:00,2026-10-04,21,Sunday,True,76.6476
20261004_183717,2026-10-04 18:37:21.144000+00:00,Luzern,rail,ch:1:sloid:5000,Luzern,ch:1:sloid:5000_gen:ch:1:sloid:5000:2:5_pf:5B-D,2026-10-04,ch:1:sjyid:100015:4390-002,rail,RegioExpress,RE7,RE7,4390,Luzern,Langnau i.E.,5B-D,,2026-10-04 19:57:00+00:00,2026-10-04 19:57:12+00:00,,True,0.2,2026-10-04 20:37:21.144000+02:00,2026-10-04 21:57:00+02:00,2026-10-04 21:57:12+02:00,2026-10-04,21,Sunday,True,79.6476
20261004_183717,2026-10-04 18:37:21.661000+00:00,St. Gallen,rail,ch:1:sloid:6302,St. Gallen,ch:1:sloid:6302:1:1,2026-10-04,ch:1:sjyid:100001:3284-001,rail,InterRegio,IR13,IR13,3284,Sargans,Luzern,1,,2026-10-04 18:37:00+00:00,2026-10-04 18:37:30+00:00,,True,0.5,2026-10-04 20:37:21.661000+02:00,2026-10-04 20:37:00+02:00,2026-10-04 20:37:30+02:00,2026-10-04,20,Sunday,True,-0.3610166666666667
20261004_183717,2026-10-04 18:37:21.661000+00:00,St. Gallen,rail,ch:1:sloid:6302,St. Gallen,ch:1:sloid:6302:3:5,2026-10-04,ch:1:sjyid:100061:11475-001,rail,S-Bahn,S4,S4,11475,Rapperswil SG,Sargans,5,,2026-10-04 18:38:00+00:00,2026-10-04 18:39:06+00:00,,True,1.1,2026-10-04 20:37:21.661000+02:00,2026-10-04 20:38:00+02:00,2026-10-04 20:39:06+02:00,2026-10-04,20,Sunday,True,0.6389833333333333
20261004_183717,2026-10-04 18:37:21.661000+00:00,St. Gallen,rail,ch:1:sloid:6302,St. Gallen,ch:1:sloid:6302:3:5,2026-10-04,ch:1:sjyid:100046:5240-001,rail,RegioExpress,RE1,RE1,5240,Kreuzlingen Hafen,Herisau,5,,2026-10-04 18:44:00+00:00,2026-10-04 18:45:12+00:00,,True,1.2,2026-10-04 20:37:21.661000+02:00,2026-10-04 20:44:00+02:00,2026-10-04 20:45:12+02:00,2026-10-04,20,Sunday,True,6.638983333333333
20261004_183717,2026-10-04 18:37:21.661000+00:00,St. Gallen,rail,ch:1:sloid:6302,St. Gallen,ch:1:sloid:6302:1:1,2026-10-04,ch:1:sjyid:100046:11176-001,rail,S-Bahn,S1,S1,11176,Schaffhausen,Wil SG,1,,2026-10-04 18:47:00+00:00,2026-10-04 18:47:12+00:00,,True,0.2,2026-10-04 20:37:21.661000+02:00,2026-10-04 20:47:00+02:00,2026-10-04 20:47:12+02:00,2026-10-04,20,Sunday,True,9.638983333333334
20261004_183717,2026-10-04 18:37:21.661000+00:00,St. Gallen,rail,ch:1:sloid:6302,St. Gallen,ch:1:sloid:6302:2:2,2026-10-04,ch:1:sjyid:100046:11177-001,rail,S-Bahn,S1,S1,11177,Wil SG,Schaffhausen,2,,2026-10-04 18:49:00+00:00,2026-10-04 18:50:36+00:00,,True,1.6,2026-10-04 20:37:21.661000+02:00,2026-10-04 20:49:00+02:00,2026-10-04 20:50:36+02:00,2026-10-04,20,Sunday,True,11.638983333333334
20261004_183717,2026-10-04 18:37:21.661000+00:00,St. Gallen,rail,ch:1:sloid:6302,St. Gallen,ch:1:sloid:6302:3:4,2026-10-04,ch:1:sjyid:100061:2231-001,rail,Alpenrhein-Express,IR13,IR13,2231,St. Gallen,Chur,4,,2026-10-04 18:55:00+00:00,2026-10-04 18:57:00+00:00,,True,2.0,2026-10-04 20:37:21.661000+02:00,2026-10-04 20:55:00+02:00,2026-10-04 20:57:00+02:00,2026-10-04,20,Sunday,True,17.638983333333332
20261004_183717,2026-10-04 18:37:21.661000+00:00,St. Gallen,rail,ch:1:sloid:6302,St. Gallen,ch:1:sloid:6302:500:12,2026-10-04,ch:1:sjyid:100007:plan:2202,rail,S-Bahn,S21,S21,2202,Appenzell,Trogen,12,,2026-10-04 18:56:00+00:00,2026-10-04 18:56:00+00:00,,True,0.0,2026-10-04 20:37:21.661000+02:00,2026-10-04 20:56:00+02:00,2026-10-04 20:56:00+02:00,2026-10-04,20,Sunday,True,18.638983333333332
20261004_183717,2026-10-04 18:37:21.661000+00:00,St. Gallen,rail,ch:1:sloid:6302,St. Gallen,ch:1:sloid:6302:500:11,2026-10-04,ch:1:sjyid:100007:plan:2205,rail,S-Bahn,S21,S21,2205,Trogen,Appenzell,11,,2026-10-04 18:56:00+00:00,2026-10-04 18:56:00+00:00,,True,0.0,2026-10-04 20:37:21.661000+02:00,2026-10-04 20:56:00+02:00,2026-10-04 20:56:00+02:00,2026-10-04,20,Sunday,True,18.638983333333332
20261004_183717,2026-10-04 18:37:21.661000+00:00,St. Gallen,rail,ch:1:sloid:6302,St. Gallen,ch:1:sloid:6302:4:6,2026-10-04,ch:1:sjyid:100046:11577-001,rail,S-Bahn,S5,S5,11577,Weinfelden,St. Margrethen SG,6,,2026-10-04 18:57:00+00:00,2026-10-04 18:58:42+00:00,,True,1.7,2026-10-04 20:37:21.661000+02:00,2026-10-04 20:57:00+02:00,2026-10-04 20:58:42+02:00,2026-10-04,20,Sunday,True,19.638983333333332
20261004_183717,2026-10-04 18:37:21.661000+00:00,St. Gallen,rail,ch:1:sloid:6302,St. Gallen,ch:1:sloid:6302:3:5,2026-10-04,ch:1:sjyid:100046:11278-001,rail,S-Bahn,S2,S2,11278,Altstätten SG,Nesslau-Neu St. Johann,5,,2026-10-04 18:57:00+00:00,2026-10-04 18:57:12+00:00,,True,0.2,2026-10-04 20:37:21.661000+02:00,2026-10-04 20:57:00+02:00,2026-10-04 20:57:12+02:00,2026-10-04,20,Sunday,True,19.638983333333332
20261004_183717,2026-10-04 18:37:21.661000+00:00,St. Gallen,rail,ch:1:sloid:6302,St. Gallen,ch:1:sloid:6302:2:3,2026-10-04,ch:1:sjyid:100061:2038-002,rail,Voralpen-Express,VAE,VAE,2038,St. Gallen,Arth-Goldau,3,,2026-10-04 19:05:00+00:00,2026-10-04 19:05:12+00:00,,True,0.2,2026-10-04 20:37:21.661000+02:00,2026-10-04 21:05:00+02:00,2026-10-04 21:05:12+02:00,2026-10-04,21,Sunday,True,27.638983333333332
20261004_183717,2026-10-04 18:37:21.661000+00:00,St. Gallen,rail,ch:1:sloid:6302,St. Gallen,ch:1:sloid:6302:1:1,2026-10-04,ch:1:sjyid:100001:10738-016,rail,InterCity,IC1,IC1,10738,St. Gallen,Zürich HB,1,,2026-10-04 19:06:18+00:00,2026-10-04 19:06:18+00:00,,True,0.0,2026-10-04 20:37:21.661000+02:00,2026-10-04 21:06:18+02:00,2026-10-04 21:06:18+02:00,2026-10-04,21,Sunday,True,28.938983333333333
20261004_183717,2026-10-04 18:37:21.661000+00:00,St. Gallen,rail,ch:1:sloid:6302,St. Gallen,ch:1:sloid:6302:1:1,2026-10-04,ch:1:sjyid:100001:10738-016,rail,InterCity,IC1,IC1,10738,St. Gallen,Zürich HB,1,,2026-10-04 19:07:00+00:00,2026-10-04 19:07:42+00:00,,True,0.7,2026-10-04 20:37:21.661000+02:00,2026-10-04 21:07:00+02:00,2026-10-04 21:07:42+02:00,2026-10-04,21,Sunday,True,29.638983333333332
20261004_183717,2026-10-04 18:37:21.661000+00:00,St. Gallen,rail,ch:1:sloid:6302,St. Gallen,ch:1:sloid:6302:3:5,2026-10-04,ch:1:sjyid:100046:11279-001,rail,S-Bahn,S2,S2,11279,Nesslau-Neu St. Johann,Altstätten SG,5,,2026-10-04 19:08:00+00:00,2026-10-04 19:08:12+00:00,,True,0.2,2026-10-04 20:37:21.661000+02:00,2026-10-04 21:08:00+02:00,2026-10-04 21:08:12+02:00,2026-10-04,21,Sunday,True,30.638983333333332
20261004_183717,2026-10-04 18:37:21.661000+00:00,St. Gallen,rail,ch:1:sloid:6302,St. Gallen,ch:1:sloid:6302:4:6,2026-10-04,ch:1:sjyid:100046:11578-001,rail,S-Bahn,S5,S5,11578,St. Margrethen SG,Weinfelden,6,,2026-10-04 19:10:00+00:00,2026-10-04 19:10:12+00:00,,True,0.2,2026-10-04 20:37:21.661000+02:00,2026-10-04 21:10:00+02:00,2026-10-04 21:10:12+02:00,2026-10-04,21,Sunday,True,32.638983333333336
20261004_183717,2026-10-04 18:37:21.661000+00:00,St. Gallen,rail,ch:1:sloid:6302,St. Gallen,ch:1:sloid:6302:3:4,2026-10-04,ch:1:sjyid:100061:12140-001,rail,S-Bahn,S81,S81,12140,St. Gallen,Herisau,4,,2026-10-04 19:14:00+00:00,2026-10-04 19:14:42+00:00,,True,0.7,2026-10-04 20:37:21.661000+02:00,2026-10-04 21:14:00+02:00,2026-10-04 21:14:42+02:00,2026-10-04,21,Sunday,True,36.638983333333336
20261004_183717,2026-10-04 18:37:21.661000+00:00,St. Gallen,rail,ch:1:sloid:6302,St. Gallen,ch:1:sloid:6302:3:5,2026-10-04,ch:1:sjyid:100046:5241-001,rail,RegioExpress,RE1,RE1,5241,Herisau,Kreuzlingen Hafen,5,,2026-10-04 19:15:00+00:00,2026-10-04 19:15:48+00:00,,True,0.8,2026-10-04 20:37:21.661000+02:00,2026-10-04 21:15:00+02:00,2026-10-04 21:15:48+02:00,2026-10-04,21,Sunday,True,37.638983333333336
20261004_183717,2026-10-04 18:37:21.661000+00:00,St. Gallen,rail,ch:1:sloid:6302,St. Gallen,ch:1:sloid:6302:1:1,2026-10-04,ch:1:sjyid:100046:11178-001,rail,S-Bahn,S1,S1,11178,Schaffhausen,Wil SG,1,,2026-10-04 19:17:00+00:00,2026-10-04 19:17:12+00:00,,True,0.2,2026-10-04 20:37:21.661000+02:00,2026-10-04 21:17:00+02:00,2026-10-04 21:17:12+02:00,2026-10-04,21,Sunday,True,39.638983333333336
20261004_183717,2026-10-04 18:37:21.661000+00:00,St. Gallen,rail,ch:1:sloid:6302,St. Gallen,ch:1:sloid:6302:2:3,2026-10-04,ch:1:sjyid:100046:11179-001,rail,S-Bahn,S1,S1,11179,Wil SG,Schaffhausen,3,,2026-10-04 19:19:00+00:00,2026-10-04 19:20:42+00:00,,True,1.7,2026-10-04 20:37:21.661000+02:00,2026-10-04 21:19:00+02:00,2026-10-04 21:20:42+02:00,2026-10-04,21,Sunday,True,41.638983333333336
20261004_183717,2026-10-04 18:37:21.661000+00:00,St. Gallen,rail,ch:1:sloid:6302,St. Gallen,ch:1:sloid:6302:3:5,2026-10-04,ch:1:sjyid:100046:3503-001,rail,RegioExpress,RE13,RE13,3503,St. Gallen,Sargans,5,,2026-10-04 19:25:00+00:00,2026-10-04 19:25:12+00:00,,True,0.2,2026-10-04 20:37:21.661000+02:00,2026-10-04 21:25:00+02:00,2026-10-04 21:25:12+02:00,2026-10-04,21,Sunday,True,47.638983333333336
20261004_183717,2026-10-04 18:37:21.661000+00:00,St. Gallen,rail,ch:1:sloid:6302,St. Gallen,ch:1:sloid:6302:500:12,2026-10-04,ch:1:sjyid:100007:plan:2206,rail,S-Bahn,S21,S21,2206,Appenzell,Trogen,12,,2026-10-04 19:26:00+00:00,2026-10-04 19:26:00+00:00,,True,0.0,2026-10-04 20:37:21.661000+02:00,2026-10-04 21:26:00+02:00,2026-10-04 21:26:00+02:00,2026-10-04,21,Sunday,True,48.638983333333336
20261004_183717,2026-10-04 18:37:21.661000+00:00,St. Gallen,rail,ch:1:sloid:6302,St. Gallen,ch:1:sloid:6302:500:11,2026-10-04,ch:1:sjyid:100007:plan:2209,rail,S-Bahn,S21,S21,2209,Trogen,Appenzell,11,,2026-10-04 19:26:00+00:00,2026-10-04 19:26:00+00:00,,True,0.0,2026-10-04 20:37:21.661000+02:00,2026-10-04 21:26:00+02:00,2026-10-04 21:26:00+02:00,2026-10-04,21,Sunday,True,48.638983333333336
20261004_183717,2026-10-04 18:37:21.661000+00:00,St. Gallen,rail,ch:1:sloid:6302,St. Gallen,ch:1:sloid:6302:4:6,2026-10-04,ch:1:sjyid:100061:11480-001,rail,S-Bahn,S4,S4,11480,Sargans,Rapperswil SG,6,,2026-10-04 19:27:00+00:00,2026-10-04 19:27:12+00:00,,True,0.2,2026-10-04 20:37:21.661000+02:00,2026-10-04 21:27:00+02:00,2026-10-04 21:27:12+02:00,2026-10-04,21,Sunday,True,49.638983333333336
20261004_183717,2026-10-04 18:37:21.661000+00:00,St. Gallen,rail,ch:1:sloid:6302,St. Gallen,ch:1:sloid:6302:1:1,2026-10-04,ch:1:sjyid:100001:96-001,rail,EuroCity,EC,EC,96,Bregenz,Zürich HB,1,,2026-10-04 19:29:00+00:00,2026-10-04 19:30:36+00:00,,True,1.6,2026-10-04 20:37:21.661000+02:00,2026-10-04 21:29:00+02:00,2026-10-04 21:30:36+02:00,2026-10-04,21,Sunday,True,51.638983333333336
20261004_183717,2026-10-04 18:37:21.661000+00:00,St. Gallen,rail,ch:1:sloid:6302,St. Gallen,ch:1:sloid:6302:2:3,2026-10-04,ch:1:sjyid:100001:13487-002,rail,nightjet,NJ,NJ,13487,Zürich HB,Wien Hbf,3,,2026-10-04 19:35:00+00:00,,,False,,2026-10-04 20:37:21.661000+02:00,2026-10-04 21:35:00+02:00,,2026-10-04,21,Sunday,True,57.638983333333336
20261004_183717,2026-10-04 18:37:21.661000+00:00,St. Gallen,rail,ch:1:sloid:6302,St. Gallen,ch:1:sloid:6302:1:1,2026-10-04,ch:1:sjyid:100001:3286-001,rail,InterRegio,IR13,IR13,3286,Sargans,Luzern,1,,2026-10-04 19:37:00+00:00,2026-10-04 19:37:30+00:00,,True,0.5,2026-10-04 20:37:21.661000+02:00,2026-10-04 21:37:00+02:00,2026-10-04 21:37:30+02:00,2026-10-04,21,Sunday,True,59.638983333333336
20261004_183717,2026-10-04 18:37:21.661000+00:00,St. Gallen,rail,ch:1:sloid:6302,St. Gallen,ch:1:sloid:6302:3:5,2026-10-04,ch:1:sjyid:100061:11479-001,rail,S-Bahn,S4,S4,11479,Rapperswil SG,Sargans,5,,2026-10-04 19:38:00+00:00,2026-10-04 19:39:06+00:00,,True,1.1,2026-10-04 20:37:21.661000+02:00,2026-10-04 21:38:00+02:00,2026-10-04 21:39:06+02:00,2026-10-04,21,Sunday,True,60.638983333333336
20261004_183717,2026-10-04 18:37:21.661000+00:00,St. Gallen,rail,ch:1:sloid:6302,St. Gallen,ch:1:sloid:6302:3:5,2026-10-04,ch:1:sjyid:100046:5242-001,rail,RegioExpress,RE1,RE1,5242,Kreuzlingen Hafen,Herisau,5,,2026-10-04 19:44:00+00:00,2026-10-04 19:45:12+00:00,,True,1.2,2026-10-04 20:37:21.661000+02:00,2026-10-04 21:44:00+02:00,2026-10-04 21:45:12+02:00,2026-10-04,21,Sunday,True,66.63898333333333
20261004_183717,2026-10-04 18:37:21.661000+00:00,St. Gallen,rail,ch:1:sloid:6302,St. Gallen,ch:1:sloid:6302:1:1,2026-10-04,ch:1:sjyid:100046:11180-001,rail,S-Bahn,S1,S1,11180,Schaffhausen,Wil SG,1,,2026-10-04 19:47:00+00:00,2026-10-04 19:47:12+00:00,,True,0.2,2026-10-04 20:37:21.661000+02:00,2026-10-04 21:47:00+02:00,2026-10-04 21:47:12+02:00,2026-10-04,21,Sunday,True,69.63898333333333
20261004_183717,2026-10-04 18:37:21.661000+00:00,St. Gallen,rail,ch:1:sloid:6302,St. Gallen,ch:1:sloid:6302:2:3,2026-10-04,ch:1:sjyid:100046:11181-001,rail,S-Bahn,S1,S1,11181,Wil SG,Schaffhausen,3,,2026-10-04 19:49:00+00:00,2026-10-04 19:50:36+00:00,,True,1.6,2026-10-04 20:37:21.661000+02:00,2026-10-04 21:49:00+02:00,2026-10-04 21:50:36+02:00,2026-10-04,21,Sunday,True,71.63898333333333
20261004_183717,2026-10-04 18:37:22.150000+00:00,Lausanne,rail,ch:1:sloid:1120,Lausanne,ch:1:sloid:1120:0:638488,2026-10-04,ch:1:sjyid:100001:24272-001,rail,Regio,R2,R2,24272,Bex,Grandson,8,,2026-10-04 18:38:00+00:00,2026-10-04 18:38:12+00:00,,True,0.2,2026-10-04 20:37:22.150000+02:00,2026-10-04 20:38:00+02:00,2026-10-04 20:38:12+02:00,2026-10-04,20,Sunday,True,0.6308333333333334
20261004_183717,2026-10-04 18:37:22.150000+00:00,Lausanne,rail,ch:1:sloid:1120,Lausanne,ch:1:sloid:1120:0:668579,2026-10-04,ch:1:sjyid:100001:2537-001,rail,InterRegio,IR15,IR15,2537,Genève-Aéroport,Luzern,1,,2026-10-04 18:40:00+00:00,2026-10-04 18:40:30+00:00,,True,0.5,2026-10-04 20:37:22.150000+02:00,2026-10-04 20:40:00+02:00,2026-10-04 20:40:30+02:00,2026-10-04,20,Sunday,True,2.6308333333333334
20261004_183717,2026-10-04 18:37:22.150000+00:00,Lausanne,rail,ch:1:sloid:1120,Lausanne,ch:1:sloid:1120:0:840061,2026-10-04,ch:1:sjyid:100001:1732-001,rail,InterRegio,IR95,IR95,1732,Brig,Genève-Aéroport,7,,2026-10-04 18:45:00+00:00,2026-10-04 18:45:30+00:00,,True,0.5,2026-10-04 20:37:22.150000+02:00,2026-10-04 20:45:00+02:00,2026-10-04 20:45:30+02:00,2026-10-04,20,Sunday,True,7.630833333333333
20261004_183717,2026-10-04 18:37:22.150000+00:00,Lausanne,rail,ch:1:sloid:1120,Lausanne,ch:1:sloid:1120:0:860143,2026-10-04,ch:1:sjyid:100001:730-001,rail,InterCity,IC1,IC1,730,Zürich HB,Genève-Aéroport,4,,2026-10-04 18:46:00+00:00,2026-10-04 18:47:42+00:00,,True,1.7,2026-10-04 20:37:22.150000+02:00,2026-10-04 20:46:00+02:00,2026-10-04 20:47:42+02:00,2026-10-04,20,Sunday,True,8.630833333333333
20261004_183717,2026-10-04 18:37:22.150000+00:00,Lausanne,rail,ch:1:sloid:1120,Lausanne,ch:1:sloid:1120:0:276884,2026-10-04,ch:1:sjyid:100001:1835-001,rail,InterRegio,IR90,IR90,1835,Genève-Aéroport,Brig,3,,2026-10-04 18:48:00+00:00,2026-10-04 18:48:24+00:00,,True,0.4,2026-10-04 20:37:22.150000+02:00,2026-10-04 20:48:00+02:00,2026-10-04 20:48:24+02:00,2026-10-04,20,Sunday,True,10.630833333333333
20261004_183717,2026-10-04 18:37:22.150000+00:00,Lausanne,rail,ch:1:sloid:1120,Lausanne,ch:1:sloid:1120:0:20298,2026-10-04,ch:1:sjyid:100001:24583-001,rail,S-Bahn,S41,S41,24583,Lausanne,Romont FR,70,,2026-10-04 18:49:00+00:00,2026-10-04 18:49:54+00:00,,True,0.9,2026-10-04 20:37:22.150000+02:00,2026-10-04 20:49:00+02:00,2026-10-04 20:49:54+02:00,2026-10-04,20,Sunday,True,11.630833333333333
20261004_183717,2026-10-04 18:37:22.150000+00:00,Lausanne,rail,ch:1:sloid:1120,Lausanne,ch:1:sloid:1120:0:37997,2026-10-04,ch:1:sjyid:100001:24183-004,rail,Regio,R1,R1,24183,Grandson,St-Maurice,6,,2026-10-04 18:55:00+00:00,2026-10-04 18:55:12+00:00,,True,0.2,2026-10-04 20:37:22.150000+02:00,2026-10-04 20:55:00+02:00,2026-10-04 20:55:12+02:00,2026-10-04,20,Sunday,True,17.63083333333333
20261004_183717,2026-10-04 18:37:22.150000+00:00,Lausanne,rail,ch:1:sloid:1120,Lausanne,ch:1:sloid:1120:0:668579,2026-10-04,ch:1:sjyid:100001:24983-001,rail,Regio,R9,R9,24983,Allaman,Murten/Morat,1,,2026-10-04 18:57:00+00:00,2026-10-04 18:58:00+00:00,,True,1.0,2026-10-04 20:37:22.150000+02:00,2026-10-04 20:57:00+02:00,2026-10-04 20:58:00+02:00,2026-10-04,20,Sunday,True,19.63083333333333
20261004_183717,2026-10-04 18:37:22.150000+00:00,Lausanne,rail,ch:1:sloid:1120,Lausanne,ch:1:sloid:1120:0:840061,2026-10-04,ch:1:sjyid:100001:24374-001,rail,Regio,R3,R3,24374,Vevey,Vallorbe,7,,2026-10-04 18:57:00+00:00,2026-10-04 18:57:12+00:00,,True,0.2,2026-10-04 20:37:22.150000+02:00,2026-10-04 20:57:00+02:00,2026-10-04 20:57:12+02:00,2026-10-04,20,Sunday,True,19.63083333333333
20261004_183717,2026-10-04 18:37:22.150000+00:00,Lausanne,rail,ch:1:sloid:1120,Lausanne,ch:1:sloid:1120:0:638488,2026-10-04,ch:1:sjyid:100001:18436-005,rail,RegioExpress,RE33,RE33,18436,St-Maurice,Genève-Aéroport,8,,2026-10-04 19:00:00+00:00,2026-10-04 19:01:00+00:00,,True,1.0,2026-10-04 20:37:22.150000+02:00,2026-10-04 21:00:00+02:00,2026-10-04 21:01:00+02:00,2026-10-04,21,Sunday,True,22.63083333333333
20261004_183717,2026-10-04 18:37:22.150000+00:00,Lausanne,rail,ch:1:sloid:1120,Lausanne,ch:1:sloid:1120:0:840061,2026-10-04,ch:1:sjyid:100001:24974-005,rail,Regio,R9,R9,24974,Murten/Morat,Allaman,7,,2026-10-04 19:04:00+00:00,2026-10-04 19:04:12+00:00,,True,0.2,2026-10-04 20:37:22.150000+02:00,2026-10-04 21:04:00+02:00,2026-10-04 21:04:12+02:00,2026-10-04,21,Sunday,True,26.63083333333333
20261004_183717,2026-10-04 18:37:22.150000+00:00,Lausanne,rail,ch:1:sloid:1120,Lausanne,ch:1:sloid:1120:0:276884,2026-10-04,ch:1:sjyid:100001:1639-001,rail,InterCity,IC51,IC51,1639,Lausanne,Delémont,3,,2026-10-04 19:04:00+00:00,2026-10-04 19:04:30+00:00,,True,0.5,2026-10-04 20:37:22.150000+02:00,2026-10-04 21:04:00+02:00,2026-10-04 21:04:30+02:00,2026-10-04,21,Sunday,True,26.63083333333333
20261004_183717,2026-10-04 18:37:22.150000+00:00,Lausanne,rail,ch:1:sloid:1120,Lausanne,ch:1:sloid:1120:0:37997,2026-10-04,ch:1:sjyid:100001:24383-001,rail,Regio,R3,R3,24383,Vallorbe,Vevey,6,,2026-10-04 19:04:00+00:00,2026-10-04 19:04:18+00:00,,True,0.3,2026-10-04 20:37:22.150000+02:00,2026-10-04 21:04:00+02:00,2026-10-04 21:04:18+02:00,2026-10-04,21,Sunday,True,26.63083333333333
20261004_183717,2026-10-04 18:37:22.150000+00:00,Lausanne,rail,ch:1:sloid:1120,Lausanne,ch:1:sloid:1120:0:42631,2026-10-04,ch:1:sjyid:100001:24174-001,rail,Regio,R1,R1,24174,Bex,Grandson,5,,2026-10-04 19:08:00+00:00,2026-10-04 19:08:12+00:00,,True,0.2,2026-10-04 20:37:22.150000+02:00,2026-10-04 21:08:00+02:00,2026-10-04 21:08:12+02:00,2026-10-04,21,Sunday,True,30.63083333333333
20261004_183717,2026-10-04 18:37:22.150000+00:00,Lausanne,rail,ch:1:sloid:1120,Lausanne,ch:1:sloid:1120:0:276884,2026-10-04,ch:1:sjyid:100001:1737-002,rail,InterRegio,IR95,IR95,1737,Genève-Aéroport,Brig,3,,2026-10-04 19:14:00+00:00,2026-10-04 19:14:30+00:00,,True,0.5,2026-10-04 20:37:22.150000+02:00,2026-10-04 21:14:00+02:00,2026-10-04 21:14:30+02:00,2026-10-04,21,Sunday,True,36.630833333333335
20261004_183717,2026-10-04 18:37:22.150000+00:00,Lausanne,rail,ch:1:sloid:1120,Lausanne,ch:1:sloid:1120:0:668579,2026-10-04,ch:1:sjyid:100001:737-001,rail,InterCity,IC1,IC1,737,Genève-Aéroport,Zürich HB,1,,2026-10-04 19:17:00+00:00,2026-10-04 19:17:00+00:00,,True,0.0,2026-10-04 20:37:22.150000+02:00,2026-10-04 21:17:00+02:00,2026-10-04 21:17:00+02:00,2026-10-04,21,Sunday,True,39.630833333333335
20261004_183717,2026-10-04 18:37:22.150000+00:00,Lausanne,rail,ch:1:sloid:1120,Lausanne,ch:1:sloid:1120:0:20298,2026-10-04,ch:1:sjyid:100001:24685-001,rail,S-Bahn,S40,S40,24685,Lausanne,Romont FR,70,,2026-10-04 19:21:00+00:00,2026-10-04 19:21:12+00:00,,True,0.2,2026-10-04 20:37:22.150000+02:00,2026-10-04 21:21:00+02:00,2026-10-04 21:21:12+02:00,2026-10-04,21,Sunday,True,43.630833333333335
20261004_183717,2026-10-04 18:37:22.150000+00:00,Lausanne,rail,ch:1:sloid:1120,Lausanne,ch:1:sloid:1120:0:860143,2026-10-04,ch:1:sjyid:100001:24285-003,rail,Regio,R2,R2,24285,Grandson,Villeneuve VD,4,,2026-10-04 19:24:00+00:00,2026-10-04 19:24:24+00:00,,True,0.4,2026-10-04 20:37:22.150000+02:00,2026-10-04 21:24:00+02:00,2026-10-04 21:24:24+02:00,2026-10-04,21,Sunday,True,46.630833333333335
20261004_183717,2026-10-04 18:37:22.150000+00:00,Lausanne,rail,ch:1:sloid:1120,Lausanne,ch:1:sloid:1120:0:638488,2026-10-04,ch:1:sjyid:100001:24476-001,rail,Regio,R4,R4,24476,Vevey,Le Brassus,8,,2026-10-04 19:27:00+00:00,2026-10-04 19:27:12+00:00,,True,0.2,2026-10-04 20:37:22.150000+02:00,2026-10-04 21:27:00+02:00,2026-10-04 21:27:12+02:00,2026-10-04,21,Sunday,True,49.630833333333335
20261004_183717,2026-10-04 18:37:22.150000+00:00,Lausanne,rail,ch:1:sloid:1120,Lausanne,ch:1:sloid:1120:0:840061,2026-10-04,ch:1:sjyid:100001:18482-003,rail,RegioExpress,RE33,RE33,18482,Martigny,Genève-Aéroport,7,,2026-10-04 19:30:00+00:00,2026-10-04 19:30:12+00:00,,True,0.2,2026-10-04 20:37:22.150000+02:00,2026-10-04 21:30:00+02:00,2026-10-04 21:30:12+02:00,2026-10-04,21,Sunday,True,52.630833333333335
20261004_183717,2026-10-04 18:37:22.150000+00:00,Lausanne,rail,ch:1:sloid:1120,Lausanne,ch:1:sloid:1120:0:42631,2026-10-04,ch:1:sjyid:100001:541-001,rail,InterCity,IC5,IC5,541,Lausanne,Zürich HB,5,,2026-10-04 19:34:00+00:00,2026-10-04 19:34:30+00:00,,True,0.5,2026-10-04 20:37:22.150000+02:00,2026-10-04 21:34:00+02:00,2026-10-04 21:34:30+02:00,2026-10-04,21,Sunday,True,56.630833333333335
20261004_183717,2026-10-04 18:37:22.150000+00:00,Lausanne,rail,ch:1:sloid:1120,Lausanne,ch:1:sloid:1120:0:860143,2026-10-04,ch:1:sjyid:100001:24876-003,rail,Regio,R8,R8,24876,Payerne,Morges,4,,2026-10-04 19:34:00+00:00,2026-10-04 19:34:12+00:00,,True,0.2,2026-10-04 20:37:22.150000+02:00,2026-10-04 21:34:00+02:00,2026-10-04 21:34:12+02:00,2026-10-04,21,Sunday,True,56.630833333333335
20261004_183717,2026-10-04 18:37:22.150000+00:00,Lausanne,rail,ch:1:sloid:1120,Lausanne,ch:1:sloid:1120:0:276884,2026-10-04,ch:1:sjyid:100001:24485-001,rail,Regio,R4,R4,24485,Le Day,Vevey,3,,2026-10-04 19:34:00+00:00,2026-10-04 19:34:12+00:00,,True,0.2,2026-10-04 20:37:22.150000+02:00,2026-10-04 21:34:00+02:00,2026-10-04 21:34:12+02:00,2026-10-04,21,Sunday,True,56.630833333333335
20261004_183717,2026-10-04 18:37:22.150000+00:00,Lausanne,rail,ch:1:sloid:1120,Lausanne,ch:1:sloid:1120:0:638488,2026-10-04,ch:1:sjyid:100001:24276-001,rail,Regio,R2,R2,24276,Bex,Grandson,8,,2026-10-04 19:38:00+00:00,2026-10-04 19:38:12+00:00,,True,0.2,2026-10-04 20:37:22.150000+02:00,2026-10-04 21:38:00+02:00,2026-10-04 21:38:12+02:00,2026-10-04,21,Sunday,True,60.630833333333335
20261004_183717,2026-10-04 18:37:22.150000+00:00,Lausanne,rail,ch:1:sloid:1120,Lausanne,ch:1:sloid:1120:0:668579,2026-10-04,ch:1:sjyid:100001:2539-002,rail,InterRegio,IR15,IR15,2539,Lausanne,Luzern,1,,2026-10-04 19:40:00+00:00,2026-10-04 19:40:30+00:00,,True,0.5,2026-10-04 20:37:22.150000+02:00,2026-10-04 21:40:00+02:00,2026-10-04 21:40:30+02:00,2026-10-04,21,Sunday,True,62.630833333333335
20261004_183717,2026-10-04 18:37:22.150000+00:00,Lausanne,rail,ch:1:sloid:1120,Lausanne,ch:1:sloid:1120:0:276884,2026-10-04,ch:1:sjyid:100001:1837-002,rail,InterRegio,IR90,IR90,1837,Lausanne,Brig,3,,2026-10-04 19:48:00+00:00,2026-10-04 19:48:30+00:00,,True,0.5,2026-10-04 20:37:22.150000+02:00,2026-10-04 21:48:00+02:00,2026-10-04 21:48:30+02:00,2026-10-04,21,Sunday,True,70.63083333333334
20261004_183717,2026-10-04 18:37:22.150000+00:00,Lausanne,rail,ch:1:sloid:1120,Lausanne,ch:1:sloid:1120:0:20298,2026-10-04,ch:1:sjyid:100001:24587-001,rail,S-Bahn,S41,S41,24587,Lausanne,Romont FR,70,,2026-10-04 19:49:00+00:00,2026-10-04 19:49:12+00:00,,True,0.2,2026-10-04 20:37:22.150000+02:00,2026-10-04 21:49:00+02:00,2026-10-04 21:49:12+02:00,2026-10-04,21,Sunday,True,71.63083333333334
20261004_183717,2026-10-04 18:37:22.150000+00:00,Lausanne,rail,ch:1:sloid:1120,Lausanne,ch:1:sloid:1120:0:638488,2026-10-04,ch:1:sjyid:100001:1734-007,rail,InterRegio,IR95,IR95,1734,Brig,Genève-Aéroport,8,,2026-10-04 19:52:00+00:00,2026-10-04 19:52:42+00:00,,True,0.7,2026-10-04 20:37:22.150000+02:00,2026-10-04 21:52:00+02:00,2026-10-04 21:52:42+02:00,2026-10-04,21,Sunday,True,74.63083333333334
20261004_183717,2026-10-04 18:37:22.150000+00:00,Lausanne,rail,ch:1:sloid:1120,Lausanne,ch:1:sloid:1120:0:37997,2026-10-04,ch:1:sjyid:100001:24187-003,rail,Regio,R1,R1,24187,Grandson,St-Maurice,6,,2026-10-04 19:55:00+00:00,2026-10-04 19:55:12+00:00,,True,0.2,2026-10-04 20:37:22.150000+02:00,2026-10-04 21:55:00+02:00,2026-10-04 21:55:12+02:00,2026-10-04,21,Sunday,True,77.63083333333334
20261004_183717,2026-10-04 18:37:22.150000+00:00,Lausanne,rail,ch:1:sloid:1120,Lausanne,ch:1:sloid:1120:0:668579,2026-10-04,ch:1:sjyid:100001:24987-005,rail,Regio,R9,R9,24987,Allaman,Murten/Morat,1,,2026-10-04 19:57:00+00:00,2026-10-04 19:58:00+00:00,,True,1.0,2026-10-04 20:37:22.150000+02:00,2026-10-04 21:57:00+02:00,2026-10-04 21:58:00+02:00,2026-10-04,21,Sunday,True,79.63083333333334
20261004_183717,2026-10-04 18:37:22.637000+00:00,Genève,rail,ch:1:sloid:1008,Genève,ch:1:sloid:1008:2:3,2026-10-04,ch:1:sjyid:100001:1730-001,rail,InterRegio,IR95,IR95,1730,Brig,Genève-Aéroport,3,,2026-10-04 18:38:00+00:00,2026-10-04 18:38:30+00:00,,True,0.5,2026-10-04 20:37:22.637000+02:00,2026-10-04 20:38:00+02:00,2026-10-04 20:38:30+02:00,2026-10-04,20,Sunday,True,0.6227166666666667
20261004_183717,2026-10-04 18:37:22.637000+00:00,Genève,rail,ch:1:sloid:1008,Genève,ch:1:sloid:1008:2:2,2026-10-04,ch:1:sjyid:100001:18487-003,rail,RegioExpress,RE33,RE33,18487,Genève-Aéroport,Lausanne,2,,2026-10-04 18:39:00+00:00,2026-10-04 18:41:30+00:00,,True,2.5,2026-10-04 20:37:22.637000+02:00,2026-10-04 20:39:00+02:00,2026-10-04 20:41:30+02:00,2026-10-04,20,Sunday,True,1.6227166666666666
20261004_183717,2026-10-04 18:37:22.637000+00:00,Genève,rail,ch:1:sloid:1008,Genève,ch:1:sloid:1008:1:1,2026-10-04,ch:1:sjyid:100001:23275-001,rail,Regio,RL4,RL4,23275,Annemasse,Coppet,1,,2026-10-04 18:45:00+00:00,2026-10-04 18:45:12+00:00,,True,0.2,2026-10-04 20:37:22.637000+02:00,2026-10-04 20:45:00+02:00,2026-10-04 20:45:12+02:00,2026-10-04,20,Sunday,True,7.622716666666666
20261004_183717,2026-10-04 18:37:22.637000+00:00,Genève,rail,ch:1:sloid:1008,Genève,ch:1:sloid:1008:2:2,2026-10-04,ch:1:sjyid:100001:23440-001,rail,Regio,RL2,RL2,23440,Coppet,Annecy,2,,2026-10-04 18:46:00+00:00,2026-10-04 18:46:42+00:00,,True,0.7,2026-10-04 20:37:22.637000+02:00,2026-10-04 20:46:00+02:00,2026-10-04 20:46:42+02:00,2026-10-04,20,Sunday,True,8.622716666666667
20261004_183717,2026-10-04 18:37:22.637000+00:00,Genève,rail,ch:1:sloid:1008,Genève,ch:1:sloid:1008:3:5,2026-10-04,ch:1:sjyid:100001:23076-002,rail,Regio,RL5,RL5,23076,Genève,La Plaine,10,,2026-10-04 18:48:00+00:00,2026-10-04 18:48:12+00:00,,True,0.2,2026-10-04 20:37:22.637000+02:00,2026-10-04 20:48:00+02:00,2026-10-04 20:48:12+02:00,2026-10-04,20,Sunday,True,10.622716666666667
20261004_183717,2026-10-04 18:37:22.637000+00:00,Genève,rail,ch:1:sloid:1008,Genève,ch:1:sloid:1008:2:2,2026-10-04,ch:1:sjyid:100001:18434-004,rail,RegioExpress,RE33,RE33,18434,St-Maurice,Genève-Aéroport,2,,2026-10-04 18:53:00+00:00,2026-10-04 18:53:12+00:00,,True,0.2,2026-10-04 20:37:22.637000+02:00,2026-10-04 20:53:00+02:00,2026-10-04 20:53:12+02:00,2026-10-04,20,Sunday,True,15.622716666666667
20261004_183717,2026-10-04 18:37:22.637000+00:00,Genève,rail,ch:1:sloid:1008,Genève,ch:1:sloid:1008:2:3,2026-10-04,ch:1:sjyid:100001:1832-001,rail,InterRegio,IR90,IR90,1832,Brig,Genève-Aéroport,3,,2026-10-04 18:58:00+00:00,2026-10-04 18:58:30+00:00,,True,0.5,2026-10-04 20:37:22.637000+02:00,2026-10-04 20:58:00+02:00,2026-10-04 20:58:30+02:00,2026-10-04,20,Sunday,True,20.62271666666667
20261004_183717,2026-10-04 18:37:22.637000+00:00,Genève,rail,ch:1:sloid:1008,Genève,ch:1:sloid:1008:1:1,2026-10-04,ch:1:sjyid:100001:23177-001,rail,Regio,RL4,RL4,23177,Annemasse,Coppet,1,,2026-10-04 19:00:00+00:00,2026-10-04 19:00:12+00:00,,True,0.2,2026-10-04 20:37:22.637000+02:00,2026-10-04 21:00:00+02:00,2026-10-04 21:00:12+02:00,2026-10-04,21,Sunday,True,22.62271666666667
20261004_183717,2026-10-04 18:37:22.637000+00:00,Genève,rail,ch:1:sloid:1008,Genève,ch:1:sloid:1008:2:2,2026-10-04,ch:1:sjyid:100001:23178-001,rail,Regio,RL4,RL4,23178,Coppet,Annemasse,2,,2026-10-04 19:01:00+00:00,2026-10-04 19:01:42+00:00,,True,0.7,2026-10-04 20:37:22.637000+02:00,2026-10-04 21:01:00+02:00,2026-10-04 21:01:42+02:00,2026-10-04,21,Sunday,True,23.62271666666667
20261004_183717,2026-10-04 18:37:22.637000+00:00,Genève,rail,ch:1:sloid:1008,Genève,ch:1:sloid:1008:3:4,2026-10-04,ch:1:sjyid:100001:18435-004,rail,RegioExpress,RE33,RE33,18435,Annemasse,Lausanne,4,,2026-10-04 19:08:00+00:00,2026-10-04 19:08:12+00:00,,True,0.2,2026-10-04 20:37:22.637000+02:00,2026-10-04 21:08:00+02:00,2026-10-04 21:08:12+02:00,2026-10-04,21,Sunday,True,30.62271666666667
20261004_183717,2026-10-04 18:37:22.637000+00:00,Genève,rail,ch:1:sloid:1008,Genève,ch:1:sloid:1008:2:3,2026-10-04,ch:1:sjyid:100001:2532-001,rail,InterRegio,IR15,IR15,2532,Luzern,Genève-Aéroport,3,,2026-10-04 19:08:00+00:00,2026-10-04 19:08:30+00:00,,True,0.5,2026-10-04 20:37:22.637000+02:00,2026-10-04 21:08:00+02:00,2026-10-04 21:08:30+02:00,2026-10-04,21,Sunday,True,30.62271666666667
20261004_183717,2026-10-04 18:37:22.637000+00:00,Genève,rail,ch:1:sloid:1008,Genève,ch:1:sloid:1008:1:1,2026-10-04,ch:1:sjyid:100001:23439-001,rail,Regio,RL2,RL2,23439,Annemasse,Coppet,1,,2026-10-04 19:15:00+00:00,2026-10-04 19:15:12+00:00,,True,0.2,2026-10-04 20:37:22.637000+02:00,2026-10-04 21:15:00+02:00,2026-10-04 21:15:12+02:00,2026-10-04,21,Sunday,True,37.62271666666666
20261004_183717,2026-10-04 18:37:22.637000+00:00,Genève,rail,ch:1:sloid:1008,Genève,ch:1:sloid:1008:2:2,2026-10-04,ch:1:sjyid:100001:23278-002,rail,Regio,RL4,RL4,23278,Genève,Annemasse,2,,2026-10-04 19:16:00+00:00,2026-10-04 19:16:42+00:00,,True,0.7,2026-10-04 20:37:22.637000+02:00,2026-10-04 21:16:00+02:00,2026-10-04 21:16:42+02:00,2026-10-04,21,Sunday,True,38.62271666666666
20261004_183717,2026-10-04 18:37:22.637000+00:00,Genève,rail,ch:1:sloid:1008,Genève,ch:1:sloid:1008:3:5,2026-10-04,ch:1:sjyid:100001:23078-002,rail,Regio,RL5,RL5,23078,Genève,La Plaine,10,,2026-10-04 19:18:00+00:00,2026-10-04 19:18:12+00:00,,True,0.2,2026-10-04 20:37:22.637000+02:00,2026-10-04 21:18:00+02:00,2026-10-04 21:18:12+02:00,2026-10-04,21,Sunday,True,40.62271666666666
20261004_183717,2026-10-04 18:37:22.637000+00:00,Genève,rail,ch:1:sloid:1008,Genève,ch:1:sloid:1008:2:2,2026-10-04,ch:1:sjyid:100001:18480-001,rail,RegioExpress,RE33,RE33,18480,Martigny,Genève-Aéroport,2,,2026-10-04 19:23:00+00:00,2026-10-04 19:23:12+00:00,,True,0.2,2026-10-04 20:37:22.637000+02:00,2026-10-04 21:23:00+02:00,2026-10-04 21:23:12+02:00,2026-10-04,21,Sunday,True,45.62271666666666
20261004_183717,2026-10-04 18:37:22.637000+00:00,Genève,rail,ch:1:sloid:1008,Genève,ch:1:sloid:1008:3:4,2026-10-04,ch:1:sjyid:100001:1739-003,rail,InterRegio,IR95,IR95,1739,Genève-Aéroport,Brig,4,,2026-10-04 19:24:00+00:00,2026-10-04 19:24:36+00:00,,True,0.6,2026-10-04 20:37:22.637000+02:00,2026-10-04 21:24:00+02:00,2026-10-04 21:24:36+02:00,2026-10-04,21,Sunday,True,46.62271666666666
20261004_183717,2026-10-04 18:37:22.637000+00:00,Genève,rail,ch:1:sloid:1008,Genève,ch:1:sloid:1008:1:1,2026-10-04,ch:1:sjyid:100001:23328-002,rail,Regio,RL1,RL1,23328,Coppet,Evian-les-Bains,1,,2026-10-04 19:27:00+00:00,2026-10-04 19:28:12+00:00,,True,1.2,2026-10-04 20:37:22.637000+02:00,2026-10-04 21:27:00+02:00,2026-10-04 21:28:12+02:00,2026-10-04,21,Sunday,True,49.62271666666666
20261004_183717,2026-10-04 18:37:22.637000+00:00,Genève,rail,ch:1:sloid:1008,Genève,ch:1:sloid:1008:2:3,2026-10-04,ch:1:sjyid:100001:730-001,rail,InterCity,IC1,IC1,730,Zürich HB,Genève-Aéroport,3,,2026-10-04 19:28:00+00:00,2026-10-04 19:29:36+00:00,,True,1.6,2026-10-04 20:37:22.637000+02:00,2026-10-04 21:28:00+02:00,2026-10-04 21:29:36+02:00,2026-10-04,21,Sunday,True,50.62271666666666
20261004_183717,2026-10-04 18:37:22.637000+00:00,Genève,rail,ch:1:sloid:1008,Genève,ch:1:sloid:1008:1:1,2026-10-04,ch:1:sjyid:100001:23179-003,rail,Regio,RL4,RL4,23179,Annemasse,Coppet,1,,2026-10-04 19:32:00+00:00,2026-10-04 19:33:18+00:00,,True,1.3,2026-10-04 20:37:22.637000+02:00,2026-10-04 21:32:00+02:00,2026-10-04 21:33:18+02:00,2026-10-04,21,Sunday,True,54.62271666666666
20261004_183717,2026-10-04 18:37:22.637000+00:00,Genève,rail,ch:1:sloid:1008,Genève,ch:1:sloid:1008:2:3,2026-10-04,ch:1:sjyid:100001:18489-002,rail,RegioExpress,RE33,RE33,18489,Genève-Aéroport,Lausanne,3,,2026-10-04 19:38:00+00:00,2026-10-04 19:38:12+00:00,,True,0.2,2026-10-04 20:37:22.637000+02:00,2026-10-04 21:38:00+02:00,2026-10-04 21:38:12+02:00,2026-10-04,21,Sunday,True,60.62271666666666
20261004_183717,2026-10-04 18:37:22.637000+00:00,Genève,rail,ch:1:sloid:1008,Genève,ch:1:sloid:1008:2:2,2026-10-04,ch:1:sjyid:100001:1732-001,rail,InterRegio,IR95,IR95,1732,Brig,Genève-Aéroport,2,,2026-10-04 19:38:00+00:00,2026-10-04 19:38:30+00:00,,True,0.5,2026-10-04 20:37:22.637000+02:00,2026-10-04 21:38:00+02:00,2026-10-04 21:38:30+02:00,2026-10-04,21,Sunday,True,60.62271666666666
20261004_183717,2026-10-04 18:37:22.637000+00:00,Genève,rail,ch:1:sloid:1008,Genève,ch:1:sloid:1008:1:1,2026-10-04,ch:1:sjyid:100001:23279-005,rail,Regio,RL4,RL4,23279,Annemasse,Coppet,1,,2026-10-04 19:41:00+00:00,2026-10-04 19:42:24+00:00,,True,1.4,2026-10-04 20:37:22.637000+02:00,2026-10-04 21:41:00+02:00,2026-10-04 21:42:24+02:00,2026-10-04,21,Sunday,True,63.62271666666666
20261004_183717,2026-10-04 18:37:22.637000+00:00,Genève,rail,ch:1:sloid:1008,Genève,ch:1:sloid:1008:1:1,2026-10-04,ch:1:sjyid:100001:23280-004,rail,Regio,RL4,RL4,23280,Coppet,Annemasse,1,,2026-10-04 19:46:00+00:00,2026-10-04 19:47:30+00:00,,True,1.5,2026-10-04 20:37:22.637000+02:00,2026-10-04 21:46:00+02:00,2026-10-04 21:47:30+02:00,2026-10-04,21,Sunday,True,68.62271666666668
20261004_183717,2026-10-04 18:37:22.637000+00:00,Genève,rail,ch:1:sloid:1008,Genève,ch:1:sloid:1008:3:5,2026-10-04,ch:1:sjyid:100001:23080-002,rail,Regio,RL5,RL5,23080,Genève,La Plaine,10,,2026-10-04 19:51:00+00:00,2026-10-04 19:51:12+00:00,,True,0.2,2026-10-04 20:37:22.637000+02:00,2026-10-04 21:51:00+02:00,2026-10-04 21:51:12+02:00,2026-10-04,21,Sunday,True,73.62271666666668
20261004_183717,2026-10-04 18:37:22.637000+00:00,Genève,rail,ch:1:sloid:1008,Genève,ch:1:sloid:1008:2:2,2026-10-04,ch:1:sjyid:100001:18436-005,rail,RegioExpress,RE33,RE33,18436,St-Maurice,Genève-Aéroport,2,,2026-10-04 19:52:00+00:00,2026-10-04 19:53:12+00:00,,True,1.2,2026-10-04 20:37:22.637000+02:00,2026-10-04 21:52:00+02:00,2026-10-04 21:53:12+02:00,2026-10-04,21,Sunday,True,74.62271666666668
20261004_183717,2026-10-04 18:37:22.637000+00:00,Genève,rail,ch:1:sloid:1008,Genève,ch:1:sloid:1008:1:1,2026-10-04,ch:1:sjyid:100001:23182-003,rail,Regio,RL4,RL4,23182,Coppet,Annemasse,1,,2026-10-04 19:57:00+00:00,2026-10-04 19:58:12+00:00,,True,1.2,2026-10-04 20:37:22.637000+02:00,2026-10-04 21:57:00+02:00,2026-10-04 21:58:12+02:00,2026-10-04,21,Sunday,True,79.62271666666668
20261004_183717,2026-10-04 18:37:22.637000+00:00,Genève,rail,ch:1:sloid:1008,Genève,ch:1:sloid:1008:2:3,2026-10-04,ch:1:sjyid:100001:18437-005,rail,RegioExpress,RE33,RE33,18437,Genève-Aéroport,Lausanne,3,,2026-10-04 19:58:00+00:00,2026-10-04 19:58:12+00:00,,True,0.2,2026-10-04 20:37:22.637000+02:00,2026-10-04 21:58:00+02:00,2026-10-04 21:58:12+02:00,2026-10-04,21,Sunday,True,80.62271666666668
20261004_183717,2026-10-04 18:37:22.637000+00:00,Genève,rail,ch:1:sloid:1008,Genève,ch:1:sloid:1008:1:1,2026-10-04,ch:1:sjyid:100001:23181-003,rail,Regio,RL4,RL4,23181,Annemasse,Coppet,1,,2026-10-04 20:02:00+00:00,2026-10-04 20:03:18+00:00,,True,1.3,2026-10-04 20:37:22.637000+02:00,2026-10-04 22:02:00+02:00,2026-10-04 22:03:18+02:00,2026-10-04,22,Sunday,True,84.62271666666668
20261004_183717,2026-10-04 18:37:22.637000+00:00,Genève,rail,ch:1:sloid:1008,Genève,ch:1:sloid:1008:1:1,2026-10-04,ch:1:sjyid:100001:23441-004,rail,Regio,RL2,RL2,23441,Annemasse,Coppet,1,,2026-10-04 20:11:00+00:00,2026-10-04 20:12:24+00:00,,True,1.4,2026-10-04 20:37:22.637000+02:00,2026-10-04 22:11:00+02:00,2026-10-04 22:12:24+02:00,2026-10-04,22,Sunday,True,93.62271666666668
20261004_183717,2026-10-04 18:37:22.637000+00:00,Genève,rail,ch:1:sloid:1008,Genève,ch:1:sloid:1008:1:1,2026-10-04,ch:1:sjyid:100001:23282-006,rail,Regio,RL4,RL4,23282,Coppet,Annemasse,1,,2026-10-04 20:16:00+00:00,2026-10-04 20:17:30+00:00,,True,1.5,2026-10-04 20:37:22.637000+02:00,2026-10-04 22:16:00+02:00,2026-10-04 22:17:30+02:00,2026-10-04,22,Sunday,True,98.62271666666668
20261004_183717,2026-10-04 18:37:23.152000+00:00,Lugano,rail,ch:1:sloid:5300,Lugano,ch:1:sloid:5300:1:1,2026-10-04,ch:1:sjyid:100001:25984-001,rail,S-Bahn,S90,S90,25984,Lugano,Giubiasco,1,,2026-10-04 18:38:00+00:00,2026-10-04 18:38:12+00:00,,True,0.2,2026-10-04 20:37:23.152000+02:00,2026-10-04 20:38:00+02:00,2026-10-04 20:38:12+02:00,2026-10-04,20,Sunday,True,0.6141333333333333
20261004_183717,2026-10-04 18:37:23.152000+00:00,Lugano,rail,ch:1:sloid:5300,Lugano,ch:1:sloid:5300:2:2,2026-10-04,ch:1:sjyid:100001:25937-001,rail,S-Bahn,S90,S90,25937,Giubiasco,Mendrisio,2,,2026-10-04 18:52:00+00:00,2026-10-04 18:52:12+00:00,,True,0.2,2026-10-04 20:37:23.152000+02:00,2026-10-04 20:52:00+02:00,2026-10-04 20:52:12+02:00,2026-10-04,20,Sunday,True,14.614133333333333
20261004_183717,2026-10-04 18:37:23.152000+00:00,Lugano,rail,ch:1:sloid:5300,Lugano,ch:1:sloid:5300:3:4,2026-10-04,ch:1:sjyid:100001:25784-001,rail,S-Bahn,S10,S10,25784,Mendrisio,Biasca,4,,2026-10-04 18:55:00+00:00,2026-10-04 18:55:36+00:00,,True,0.6,2026-10-04 20:37:23.152000+02:00,2026-10-04 20:55:00+02:00,2026-10-04 20:55:36+02:00,2026-10-04,20,Sunday,True,17.61413333333333
20261004_183717,2026-10-04 18:37:23.152000+00:00,Lugano,rail,ch:1:sloid:5300,Lugano,ch:1:sloid:5300:2:3,2026-10-04,ch:1:sjyid:100001:894-001,rail,InterCity,IC2,IC2,894,Lugano,Zürich HB,3,,2026-10-04 19:02:00+00:00,2026-10-04 19:02:30+00:00,,True,0.5,2026-10-04 20:37:23.152000+02:00,2026-10-04 21:02:00+02:00,2026-10-04 21:02:30+02:00,2026-10-04,21,Sunday,True,24.61413333333333
20261004_183717,2026-10-04 18:37:23.152000+00:00,Lugano,rail,ch:1:sloid:5300,Lugano,ch:1:sloid:5300:1:1,2026-10-04,ch:1:sjyid:100001:25537-001,rail,RegioExpress,RE80,RE80,25537,Locarno,Milano Centrale,1,,2026-10-04 19:02:00+00:00,,,False,,2026-10-04 20:37:23.152000+02:00,2026-10-04 21:02:00+02:00,,2026-10-04,21,Sunday,True,24.61413333333333
20261004_183717,2026-10-04 18:37:23.152000+00:00,Lugano,rail,ch:1:sloid:5300,Lugano,ch:1:sloid:5300:3:4,2026-10-04,ch:1:sjyid:100001:25532-001,rail,RegioExpress,RE80,RE80,25532,Milano Centrale,Locarno,4,,2026-10-04 19:05:00+00:00,2026-10-04 19:05:12+00:00,,True,0.2,2026-10-04 20:37:23.152000+02:00,2026-10-04 21:05:00+02:00,2026-10-04 21:05:12+02:00,2026-10-04,21,Sunday,True,27.61413333333333
20261004_183717,2026-10-04 18:37:23.152000+00:00,Lugano,rail,ch:1:sloid:5300,Lugano,ch:1:sloid:5300:1:1,2026-10-04,ch:1:sjyid:100001:25787-001,rail,S-Bahn,S10,S10,25787,Biasca,Milano Porta Garibaldi/Malpensa Aeroporto T2,1,,2026-10-04 19:06:00+00:00,2026-10-04 19:06:12+00:00,,True,0.2,2026-10-04 20:37:23.152000+02:00,2026-10-04 21:06:00+02:00,2026-10-04 21:06:12+02:00,2026-10-04,21,Sunday,True,28.61413333333333
20261004_183717,2026-10-04 18:37:23.152000+00:00,Lugano,rail,ch:1:sloid:5300,Lugano,ch:1:sloid:5300:2:3,2026-10-04,ch:1:sjyid:100001:25938-001,rail,S-Bahn,S90,S90,25938,Mendrisio,Giubiasco,3,,2026-10-04 19:08:00+00:00,2026-10-04 19:08:12+00:00,,True,0.2,2026-10-04 20:37:23.152000+02:00,2026-10-04 21:08:00+02:00,2026-10-04 21:08:12+02:00,2026-10-04,21,Sunday,True,30.61413333333333
20261004_183717,2026-10-04 18:37:23.152000+00:00,Lugano,rail,ch:1:sloid:5300,Lugano,ch:1:sloid:5300:2:3,2026-10-04,ch:1:sjyid:100001:25138-001,rail,S-Bahn,S10,S10,25138,Como Camerlata,Biasca,3,,2026-10-04 19:25:00+00:00,2026-10-04 19:25:24+00:00,,True,0.4,2026-10-04 20:37:23.152000+02:00,2026-10-04 21:25:00+02:00,2026-10-04 21:25:24+02:00,2026-10-04,21,Sunday,True,47.614133333333335
20261004_183717,2026-10-04 18:37:23.152000+00:00,Lugano,rail,ch:1:sloid:5300,Lugano,ch:1:sloid:5300:2:3,2026-10-04,ch:1:sjyid:100001:28-003,rail,EuroCity,EC,EC,28,Como S. Giovanni,Zürich HB,3,,2026-10-04 19:30:00+00:00,2026-10-04 19:31:12+00:00,,True,1.2,2026-10-04 20:37:23.152000+02:00,2026-10-04 21:30:00+02:00,2026-10-04 21:31:12+02:00,2026-10-04,21,Sunday,True,52.614133333333335
20261004_183717,2026-10-04 18:37:23.152000+00:00,Lugano,rail,ch:1:sloid:5300,Lugano,ch:1:sloid:5300:2:2,2026-10-04,ch:1:sjyid:100001:29-002,rail,EuroCity,EC,EC,29,Zürich HB,Milano Centrale,2,,2026-10-04 19:30:00+00:00,,,False,,2026-10-04 20:37:23.152000+02:00,2026-10-04 21:30:00+02:00,,2026-10-04,21,Sunday,True,52.614133333333335
20261004_183717,2026-10-04 18:37:23.152000+00:00,Lugano,rail,ch:1:sloid:5300,Lugano,ch:1:sloid:5300:3:4,2026-10-04,ch:1:sjyid:100001:25834-001,rail,RegioExpress,RE80,RE80,25834,Lugano,Locarno,4,,2026-10-04 19:35:00+00:00,2026-10-04 19:35:30+00:00,,True,0.5,2026-10-04 20:37:23.152000+02:00,2026-10-04 21:35:00+02:00,2026-10-04 21:35:30+02:00,2026-10-04,21,Sunday,True,57.614133333333335
20261004_183717,2026-10-04 18:37:23.152000+00:00,Lugano,rail,ch:1:sloid:5300,Lugano,ch:1:sloid:5300:2:2,2026-10-04,ch:1:sjyid:100001:25139-001,rail,S-Bahn,S10,S10,25139,Biasca,Como Camerlata,2,,2026-10-04 19:36:00+00:00,,,False,,2026-10-04 20:37:23.152000+02:00,2026-10-04 21:36:00+02:00,,2026-10-04,21,Sunday,True,58.614133333333335
20261004_183717,2026-10-04 18:37:23.152000+00:00,Lugano,rail,ch:1:sloid:5300,Lugano,ch:1:sloid:5300:1:1,2026-10-04,ch:1:sjyid:100001:25986-001,rail,S-Bahn,S90,S90,25986,Lugano,Giubiasco,1,,2026-10-04 19:38:00+00:00,2026-10-04 19:38:12+00:00,,True,0.2,2026-10-04 20:37:23.152000+02:00,2026-10-04 21:38:00+02:00,2026-10-04 21:38:12+02:00,2026-10-04,21,Sunday,True,60.614133333333335
20261004_183717,2026-10-04 18:37:23.152000+00:00,Lugano,rail,ch:1:sloid:5300,Lugano,ch:1:sloid:5300:3:4,2026-10-04,ch:1:sjyid:100001:25786-001,rail,S-Bahn,S10,S10,25786,Mendrisio,Biasca,4,,2026-10-04 19:55:00+00:00,2026-10-04 19:55:36+00:00,,True,0.6,2026-10-04 20:37:23.152000+02:00,2026-10-04 21:55:00+02:00,2026-10-04 21:55:36+02:00,2026-10-04,21,Sunday,True,77.61413333333333
20261004_183717,2026-10-04 18:37:23.152000+00:00,Lugano,rail,ch:1:sloid:5300,Lugano,ch:1:sloid:5300:2:2,2026-10-04,ch:1:sjyid:100001:25539-001,rail,RegioExpress,RE80,RE80,25539,Locarno,Chiasso,2,,2026-10-04 19:55:00+00:00,2026-10-04 19:55:18+00:00,,True,0.3,2026-10-04 20:37:23.152000+02:00,2026-10-04 21:55:00+02:00,2026-10-04 21:55:18+02:00,2026-10-04,21,Sunday,True,77.61413333333333
20261004_183717,2026-10-04 18:37:23.152000+00:00,Lugano,rail,ch:1:sloid:5300,Lugano,ch:1:sloid:5300:2:2,2026-10-04,ch:1:sjyid:100001:687-001,rail,InterCity,IC21,IC21,687,Basel SBB,Chiasso,2,,2026-10-04 20:00:00+00:00,2026-10-04 20:00:36+00:00,,True,0.6,2026-10-04 20:37:23.152000+02:00,2026-10-04 22:00:00+02:00,2026-10-04 22:00:36+02:00,2026-10-04,22,Sunday,True,82.61413333333333
20261004_183717,2026-10-04 18:37:23.152000+00:00,Lugano,rail,ch:1:sloid:5300,Lugano,ch:1:sloid:5300:2:3,2026-10-04,ch:1:sjyid:100001:696-001,rail,InterCity,IC21,IC21,696,Lugano,Basel SBB,3,,2026-10-04 20:02:00+00:00,2026-10-04 20:02:30+00:00,,True,0.5,2026-10-04 20:37:23.152000+02:00,2026-10-04 22:02:00+02:00,2026-10-04 22:02:30+02:00,2026-10-04,22,Sunday,True,84.61413333333333
20261004_183717,2026-10-04 18:37:23.152000+00:00,Lugano,rail,ch:1:sloid:5300,Lugano,ch:1:sloid:5300:3:4,2026-10-04,ch:1:sjyid:100001:25534-001,rail,RegioExpress,RE80,RE80,25534,Milano Centrale,Locarno,4,,2026-10-04 20:05:00+00:00,2026-10-04 20:05:12+00:00,,True,0.2,2026-10-04 20:37:23.152000+02:00,2026-10-04 22:05:00+02:00,2026-10-04 22:05:12+02:00,2026-10-04,22,Sunday,True,87.61413333333333
20261004_183717,2026-10-04 18:37:23.152000+00:00,Lugano,rail,ch:1:sloid:5300,Lugano,ch:1:sloid:5300:2:2,2026-10-04,ch:1:sjyid:100001:25789-001,rail,S-Bahn,S10,S10,25789,Biasca,Chiasso/Varese,2,,2026-10-04 20:06:00+00:00,2026-10-04 20:06:12+00:00,,True,0.2,2026-10-04 20:37:23.152000+02:00,2026-10-04 22:06:00+02:00,2026-10-04 22:06:12+02:00,2026-10-04,22,Sunday,True,88.61413333333333
20261004_183717,2026-10-04 18:37:23.152000+00:00,Lugano,rail,ch:1:sloid:5300,Lugano,ch:1:sloid:5300:1:1,2026-10-04,ch:1:sjyid:100001:25940-001,rail,S-Bahn,S90,S90,25940,Lugano,Giubiasco,1,,2026-10-04 20:08:00+00:00,2026-10-04 20:08:12+00:00,,True,0.2,2026-10-04 20:37:23.152000+02:00,2026-10-04 22:08:00+02:00,2026-10-04 22:08:12+02:00,2026-10-04,22,Sunday,True,90.61413333333333
20261004_183717,2026-10-04 18:37:23.152000+00:00,Lugano,rail,ch:1:sloid:5300,Lugano,ch:1:sloid:5300:2:3,2026-10-04,ch:1:sjyid:100001:25140-001,rail,S-Bahn,S10,S10,25140,Como Camerlata,Biasca,3,,2026-10-04 20:25:00+00:00,2026-10-04 20:25:24+00:00,,True,0.4,2026-10-04 20:37:23.152000+02:00,2026-10-04 22:25:00+02:00,2026-10-04 22:25:24+02:00,2026-10-04,22,Sunday,True,107.61413333333333
20261004_183717,2026-10-04 18:37:23.152000+00:00,Lugano,rail,ch:1:sloid:5300,Lugano,ch:1:sloid:5300:3:4,2026-10-04,ch:1:sjyid:100001:25836-002,rail,RegioExpress,RE80,RE80,25836,Lugano,Cadenazzo,4,,2026-10-04 20:35:00+00:00,,,False,,2026-10-04 20:37:23.152000+02:00,2026-10-04 22:35:00+02:00,,2026-10-04,22,Sunday,True,117.61413333333333
20261004_183717,2026-10-04 18:37:23.152000+00:00,Lugano,rail,ch:1:sloid:5300,Lugano,ch:1:sloid:5300:2:2,2026-10-04,ch:1:sjyid:100001:25141-001,rail,S-Bahn,S10,S10,25141,Biasca,Chiasso,2,,2026-10-04 20:36:00+00:00,2026-10-04 20:36:12+00:00,,True,0.2,2026-10-04 20:37:23.152000+02:00,2026-10-04 22:36:00+02:00,2026-10-04 22:36:12+02:00,2026-10-04,22,Sunday,True,118.61413333333333
20261004_183717,2026-10-04 18:37:23.152000+00:00,Lugano,rail,ch:1:sloid:5300,Lugano,ch:1:sloid:5300:1:1,2026-10-04,ch:1:sjyid:100001:25988-001,rail,S-Bahn,S90,S90,25988,Lugano,Giubiasco,1,,2026-10-04 20:38:00+00:00,,,False,,2026-10-04 20:37:23.152000+02:00,2026-10-04 22:38:00+02:00,,2026-10-04,22,Sunday,True,120.61413333333333
20261004_183717,2026-10-04 18:37:23.152000+00:00,Lugano,rail,ch:1:sloid:5300,Lugano,ch:1:sloid:5300:3:4,2026-10-04,ch:1:sjyid:100001:25788-001,rail,S-Bahn,S10,S10,25788,Mendrisio,Biasca,4,,2026-10-04 20:55:00+00:00,,,False,,2026-10-04 20:37:23.152000+02:00,2026-10-04 22:55:00+02:00,,2026-10-04,22,Sunday,True,137.61413333333334
20261004_183717,2026-10-04 18:37:23.152000+00:00,Lugano,rail,ch:1:sloid:5300,Lugano,ch:1:sloid:5300:2:2,2026-10-04,ch:1:sjyid:100001:25541-001,rail,RegioExpress,RE80,RE80,25541,Locarno,Chiasso,2,,2026-10-04 20:55:00+00:00,2026-10-04 20:55:18+00:00,,True,0.3,2026-10-04 20:37:23.152000+02:00,2026-10-04 22:55:00+02:00,2026-10-04 22:55:18+02:00,2026-10-04,22,Sunday,True,137.61413333333334
20261004_183717,2026-10-04 18:37:23.152000+00:00,Lugano,rail,ch:1:sloid:5300,Lugano,ch:1:sloid:5300:3:4,2026-10-04,ch:1:sjyid:100001:25536-002,rail,RegioExpress,RE80,RE80,25536,Milano Centrale,Cadenazzo,4,,2026-10-04 21:05:00+00:00,2026-10-04 21:05:12+00:00,,True,0.2,2026-10-04 20:37:23.152000+02:00,2026-10-04 23:05:00+02:00,2026-10-04 23:05:12+02:00,2026-10-04,23,Sunday,True,147.61413333333334
20261004_183717,2026-10-04 18:37:23.152000+00:00,Lugano,rail,ch:1:sloid:5300,Lugano,ch:1:sloid:5300:2:2,2026-10-04,ch:1:sjyid:100001:25791-001,rail,S-Bahn,S10,S10,25791,Biasca,Chiasso/Varese,2,,2026-10-04 21:06:00+00:00,2026-10-04 21:06:12+00:00,,True,0.2,2026-10-04 20:37:23.152000+02:00,2026-10-04 23:06:00+02:00,2026-10-04 23:06:12+02:00,2026-10-04,23,Sunday,True,148.61413333333334
20261004_183717,2026-10-04 18:37:23.152000+00:00,Lugano,rail,ch:1:sloid:5300,Lugano,ch:1:sloid:5300:1:1,2026-10-04,ch:1:sjyid:100001:25942-001,rail,S-Bahn,S90,S90,25942,Lugano,Giubiasco,1,,2026-10-04 21:08:00+00:00,,,False,,2026-10-04 20:37:23.152000+02:00,2026-10-04 23:08:00+02:00,,2026-10-04,23,Sunday,True,150.61413333333334
20261004_183717,2026-10-04 18:37:23.620000+00:00,Zürich,local,ch:1:sloid:87348,"Zürich, Bahnhofplatz/HB",ch:1:sloid:87348::11,2026-10-04,ch:1:sjyid:100648:plan:3f785080-ac14-46f3-85f4-c9d681dc4f92,bus,Bus,31,31,52136,"Zürich, Kienastenwies",Hermetschloo,,,2026-10-04 18:38:42+00:00,2026-10-04 18:38:54+00:00,,True,0.2,2026-10-04 20:37:23.620000+02:00,2026-10-04 20:38:42+02:00,2026-10-04 20:38:54+02:00,2026-10-04,20,Sunday,True,1.3063333333333333
20261004_183717,2026-10-04 18:37:23.620000+00:00,Zürich,local,ch:1:sloid:87348,"Zürich, Bahnhofplatz/HB",ch:1:sloid:87348::1,2026-10-04,ch:1:sjyid:100648:plan:c0bf0e01-8251-49fe-812e-852da1582a68,tram,Tram,14,14,45426,"Zürich, Bahnhofplatz/HB",Triemli,,,2026-10-04 18:39:18+00:00,2026-10-04 18:39:18+00:00,,True,0.0,2026-10-04 20:37:23.620000+02:00,2026-10-04 20:39:18+02:00,2026-10-04 20:39:18+02:00,2026-10-04,20,Sunday,True,1.9063333333333332
20261004_183717,2026-10-04 18:37:23.620000+00:00,Zürich,local,ch:1:sloid:87348,"Zürich, Bahnhofplatz/HB",ch:1:sloid:87348,2026-10-04,ch:1:sjyid:100648:plan:ceb93a98-2be4-44f5-9efc-4b1877dbbb2f,bus,Bus,31,31,52443,"Zürich, Hermetschloo",Kienastenwies,,,2026-10-04 18:44:24+00:00,2026-10-04 18:43:42+00:00,,True,-0.7,2026-10-04 20:37:23.620000+02:00,2026-10-04 20:44:24+02:00,2026-10-04 20:43:42+02:00,2026-10-04,20,Sunday,True,7.006333333333333
20261004_183717,2026-10-04 18:37:23.620000+00:00,Zürich,local,ch:1:sloid:87348,"Zürich, Bahnhofplatz/HB",ch:1:sloid:87348::1,2026-10-04,ch:1:sjyid:100648:plan:e9c4c57b-9a77-4545-9350-c24053a5661d,tram,Tram,3,3,45149,"Zürich, Klusplatz",Albisrieden,,,2026-10-04 18:44:06+00:00,2026-10-04 18:44:24+00:00,,True,0.3,2026-10-04 20:37:23.620000+02:00,2026-10-04 20:44:06+02:00,2026-10-04 20:44:24+02:00,2026-10-04,20,Sunday,True,6.706333333333333
20261004_183717,2026-10-04 18:37:23.620000+00:00,Zürich,local,ch:1:sloid:87348,"Zürich, Bahnhofplatz/HB",ch:1:sloid:87348::0,2026-10-04,ch:1:sjyid:100648:plan:8ddee76a-a249-4c16-96e2-e1fc704331c9,tram,Tram,6,6,45668,"Zürich, Bahnhofplatz/HB",Zoo,,,2026-10-04 18:45:24+00:00,2026-10-04 18:45:24+00:00,,True,0.0,2026-10-04 20:37:23.620000+02:00,2026-10-04 20:45:24+02:00,2026-10-04 20:45:24+02:00,2026-10-04,20,Sunday,True,8.006333333333334
20261004_183717,2026-10-04 18:37:23.620000+00:00,Zürich,local,ch:1:sloid:87348,"Zürich, Bahnhofplatz/HB",ch:1:sloid:87348::11,2026-10-04,ch:1:sjyid:100648:plan:4145e986-080d-43db-b94e-a43a81663e50,bus,Bus,31,31,52646,"Zürich, Kienastenwies",Hermetschloo,,,2026-10-04 18:48:42+00:00,2026-10-04 18:49:36+00:00,,True,0.9,2026-10-04 20:37:23.620000+02:00,2026-10-04 20:48:42+02:00,2026-10-04 20:49:36+02:00,2026-10-04,20,Sunday,True,11.306333333333333
20261004_183717,2026-10-04 18:37:23.620000+00:00,Zürich,local,ch:1:sloid:87348,"Zürich, Bahnhofplatz/HB",ch:1:sloid:87348::1,2026-10-04,ch:1:sjyid:100648:plan:be1a84c2-d65d-4824-adcb-927eb47cff2a,tram,Tram,14,14,45877,"Zürich, Bahnhofplatz/HB",Triemli,,,2026-10-04 18:49:18+00:00,2026-10-04 18:49:54+00:00,,True,0.6,2026-10-04 20:37:23.620000+02:00,2026-10-04 20:49:18+02:00,2026-10-04 20:49:54+02:00,2026-10-04,20,Sunday,True,11.906333333333333
20261004_183717,2026-10-04 18:37:23.620000+00:00,Zürich,local,ch:1:sloid:87348,"Zürich, Bahnhofplatz/HB",ch:1:sloid:87348::0,2026-10-04,ch:1:sjyid:100648:plan:8fb54f13-200c-41cd-9da1-6aa1847f8de5,tram,Tram,3,3,45030,"Zürich, Albisrieden",Klusplatz,,,2026-10-04 18:50:18+00:00,2026-10-04 18:50:30+00:00,,True,0.2,2026-10-04 20:37:23.620000+02:00,2026-10-04 20:50:18+02:00,2026-10-04 20:50:30+02:00,2026-10-04,20,Sunday,True,12.906333333333333
20261004_183717,2026-10-04 18:37:23.620000+00:00,Zürich,local,ch:1:sloid:87348,"Zürich, Bahnhofplatz/HB",ch:1:sloid:87348,2026-10-04,ch:1:sjyid:100648:plan:dcb2a856-2480-4f93-a9fa-2d0a7faa5c2f,bus,Bus,31,31,52962,"Zürich, Hermetschloo",Kienastenwies,,,2026-10-04 18:54:24+00:00,2026-10-04 18:56:24+00:00,,True,2.0,2026-10-04 20:37:23.620000+02:00,2026-10-04 20:54:24+02:00,2026-10-04 20:56:24+02:00,2026-10-04,20,Sunday,True,17.006333333333334
20261004_183717,2026-10-04 18:37:23.620000+00:00,Zürich,local,ch:1:sloid:87348,"Zürich, Bahnhofplatz/HB",ch:1:sloid:87348::1,2026-10-04,ch:1:sjyid:100648:plan:0b1efb41-e19a-4e35-9a45-df14b130813f,tram,Tram,3,3,45621,"Zürich, Klusplatz",Albisrieden,,,2026-10-04 18:54:06+00:00,2026-10-04 18:54:06+00:00,,True,0.0,2026-10-04 20:37:23.620000+02:00,2026-10-04 20:54:06+02:00,2026-10-04 20:54:06+02:00,2026-10-04,20,Sunday,True,16.706333333333333
20261004_183717,2026-10-04 18:37:23.620000+00:00,Zürich,local,ch:1:sloid:87348,"Zürich, Bahnhofplatz/HB",ch:1:sloid:87348::0,2026-10-04,ch:1:sjyid:100648:plan:32cc45d6-6396-4645-8234-a1062f001d1e,tram,Tram,6,6,46135,"Zürich, Bahnhofplatz/HB",Zoo,,,2026-10-04 18:55:24+00:00,2026-10-04 18:55:24+00:00,,True,0.0,2026-10-04 20:37:23.620000+02:00,2026-10-04 20:55:24+02:00,2026-10-04 20:55:24+02:00,2026-10-04,20,Sunday,True,18.006333333333334
20261004_183717,2026-10-04 18:37:23.620000+00:00,Zürich,local,ch:1:sloid:87348,"Zürich, Bahnhofplatz/HB",ch:1:sloid:87348::11,2026-10-04,ch:1:sjyid:100648:plan:5c99ae8b-45c1-4c0b-9614-a2c6d49dd07f,bus,Bus,31,31,53220,"Zürich, Kienastenwies",Hermetschloo,,,2026-10-04 18:58:42+00:00,2026-10-04 18:58:42+00:00,,True,0.0,2026-10-04 20:37:23.620000+02:00,2026-10-04 20:58:42+02:00,2026-10-04 20:58:42+02:00,2026-10-04,20,Sunday,True,21.306333333333335
20261004_183717,2026-10-04 18:37:23.620000+00:00,Zürich,local,ch:1:sloid:87348,"Zürich, Bahnhofplatz/HB",ch:1:sloid:87348::1,2026-10-04,ch:1:sjyid:100648:plan:6b79a7b1-3886-4863-b9f2-ea8020a176df,tram,Tram,14,14,46333,"Zürich, Bahnhofplatz/HB",Triemli,,,2026-10-04 18:59:18+00:00,2026-10-04 18:59:18+00:00,,True,0.0,2026-10-04 20:37:23.620000+02:00,2026-10-04 20:59:18+02:00,2026-10-04 20:59:18+02:00,2026-10-04,20,Sunday,True,21.906333333333336
20261004_183717,2026-10-04 18:37:23.620000+00:00,Zürich,local,ch:1:sloid:87348,"Zürich, Bahnhofplatz/HB",ch:1:sloid:87348::0,2026-10-04,ch:1:sjyid:100648:plan:557aedea-55f4-41ad-acfb-43c84cf1a8ed,tram,Tram,3,3,45506,"Zürich, Albisrieden",Klusplatz,,,2026-10-04 19:00:18+00:00,2026-10-04 19:00:18+00:00,,True,0.0,2026-10-04 20:37:23.620000+02:00,2026-10-04 21:00:18+02:00,2026-10-04 21:00:18+02:00,2026-10-04,21,Sunday,True,22.906333333333336
20261004_183717,2026-10-04 18:37:23.620000+00:00,Zürich,local,ch:1:sloid:87348,"Zürich, Bahnhofplatz/HB",ch:1:sloid:87348,2026-10-04,ch:1:sjyid:100648:plan:170946ee-e29f-4e19-8323-1d41b1e16787,bus,Bus,31,31,53487,"Zürich, Hermetschloo",Kienastenwies,,,2026-10-04 19:04:24+00:00,2026-10-04 19:04:24+00:00,,True,0.0,2026-10-04 20:37:23.620000+02:00,2026-10-04 21:04:24+02:00,2026-10-04 21:04:24+02:00,2026-10-04,21,Sunday,True,27.006333333333334
20261004_183717,2026-10-04 18:37:23.620000+00:00,Zürich,local,ch:1:sloid:87348,"Zürich, Bahnhofplatz/HB",ch:1:sloid:87348::0,2026-10-04,ch:1:sjyid:100648:plan:457b70e7-7262-40ef-abd4-0fae206005e3,tram,Tram,6,6,46576,"Zürich, Bahnhofplatz/HB",Zoo,,,2026-10-04 19:05:24+00:00,2026-10-04 19:05:24+00:00,,True,0.0,2026-10-04 20:37:23.620000+02:00,2026-10-04 21:05:24+02:00,2026-10-04 21:05:24+02:00,2026-10-04,21,Sunday,True,28.006333333333334
20261004_183717,2026-10-04 18:37:23.620000+00:00,Zürich,local,ch:1:sloid:87348,"Zürich, Bahnhofplatz/HB",ch:1:sloid:87348::11,2026-10-04,ch:1:sjyid:100648:plan:35afc07a-b76d-49be-b30f-75df67863e57,bus,Bus,31,31,53746,"Zürich, Kienastenwies",Hermetschloo,,,2026-10-04 19:08:42+00:00,2026-10-04 19:08:42+00:00,,True,0.0,2026-10-04 20:37:23.620000+02:00,2026-10-04 21:08:42+02:00,2026-10-04 21:08:42+02:00,2026-10-04,21,Sunday,True,31.306333333333335
20261004_183717,2026-10-04 18:37:23.620000+00:00,Zürich,local,ch:1:sloid:87348,"Zürich, Bahnhofplatz/HB",ch:1:sloid:87348::1,2026-10-04,ch:1:sjyid:100648:plan:2bcc2665-5a42-481d-b0ac-ef9dde547944,tram,Tram,14,14,46763,"Zürich, Bahnhofplatz/HB",Triemli,,,2026-10-04 19:09:18+00:00,2026-10-04 19:09:18+00:00,,True,0.0,2026-10-04 20:37:23.620000+02:00,2026-10-04 21:09:18+02:00,2026-10-04 21:09:18+02:00,2026-10-04,21,Sunday,True,31.906333333333336
20261004_183717,2026-10-04 18:37:23.620000+00:00,Zürich,local,ch:1:sloid:87348,"Zürich, Bahnhofplatz/HB",ch:1:sloid:87348,2026-10-04,ch:1:sjyid:100648:plan:a7a36ab8-8e6f-4fd7-b168-3a6a2b748d90,bus,Bus,31,31,54007,"Zürich, Hermetschloo",Kienastenwies,,,2026-10-04 19:14:24+00:00,2026-10-04 19:14:24+00:00,,True,0.0,2026-10-04 20:37:23.620000+02:00,2026-10-04 21:14:24+02:00,2026-10-04 21:14:24+02:00,2026-10-04,21,Sunday,True,37.00633333333334
20261004_183717,2026-10-04 18:37:23.620000+00:00,Zürich,local,ch:1:sloid:87348,"Zürich, Bahnhofplatz/HB",ch:1:sloid:87348::1,2026-10-04,ch:1:sjyid:100648:plan:9017d45d-fdee-411d-836a-20c4f89aa4cf,tram,Tram,3,3,46517,"Zürich, Klusplatz",Albisrieden,,,2026-10-04 19:14:06+00:00,2026-10-04 19:14:06+00:00,,True,0.0,2026-10-04 20:37:23.620000+02:00,2026-10-04 21:14:06+02:00,2026-10-04 21:14:06+02:00,2026-10-04,21,Sunday,True,36.70633333333333
20261004_183717,2026-10-04 18:37:23.620000+00:00,Zürich,local,ch:1:sloid:87348,"Zürich, Bahnhofplatz/HB",ch:1:sloid:87348::0,2026-10-04,ch:1:sjyid:100648:plan:3278cbd4-ede8-42d6-9cb2-699651146265,tram,Tram,6,6,46991,"Zürich, Bahnhofplatz/HB",Zoo,,,2026-10-04 19:15:24+00:00,2026-10-04 19:15:24+00:00,,True,0.0,2026-10-04 20:37:23.620000+02:00,2026-10-04 21:15:24+02:00,2026-10-04 21:15:24+02:00,2026-10-04,21,Sunday,True,38.00633333333334
20261004_183717,2026-10-04 18:37:23.620000+00:00,Zürich,local,ch:1:sloid:87348,"Zürich, Bahnhofplatz/HB",ch:1:sloid:87348::11,2026-10-04,ch:1:sjyid:100648:plan:b5c7cf20-6014-4458-8358-9bb2cd8ffd4f,bus,Bus,31,31,54208,"Zürich, Kienastenwies",Hermetschloo,,,2026-10-04 19:18:42+00:00,2026-10-04 19:18:42+00:00,,True,0.0,2026-10-04 20:37:23.620000+02:00,2026-10-04 21:18:42+02:00,2026-10-04 21:18:42+02:00,2026-10-04,21,Sunday,True,41.306333333333335
20261004_183717,2026-10-04 18:37:23.620000+00:00,Zürich,local,ch:1:sloid:87348,"Zürich, Bahnhofplatz/HB",ch:1:sloid:87348::1,2026-10-04,ch:1:sjyid:100648:plan:6c4c9383-5518-45dd-9616-95fa84d4cae3,tram,Tram,14,14,47198,"Zürich, Bahnhofplatz/HB",Triemli,,,2026-10-04 19:19:18+00:00,2026-10-04 19:19:18+00:00,,True,0.0,2026-10-04 20:37:23.620000+02:00,2026-10-04 21:19:18+02:00,2026-10-04 21:19:18+02:00,2026-10-04,21,Sunday,True,41.906333333333336
20261004_183717,2026-10-04 18:37:23.620000+00:00,Zürich,local,ch:1:sloid:87348,"Zürich, Bahnhofplatz/HB",ch:1:sloid:87348::0,2026-10-04,ch:1:sjyid:100648:plan:128f1a38-ca34-4296-a96d-4421a55cea93,tram,Tram,3,3,46401,"Zürich, Albisrieden",Klusplatz,,,2026-10-04 19:20:18+00:00,2026-10-04 19:20:18+00:00,,True,0.0,2026-10-04 20:37:23.620000+02:00,2026-10-04 21:20:18+02:00,2026-10-04 21:20:18+02:00,2026-10-04,21,Sunday,True,42.906333333333336
20261004_183717,2026-10-04 18:37:23.620000+00:00,Zürich,local,ch:1:sloid:87348,"Zürich, Bahnhofplatz/HB",ch:1:sloid:87348,2026-10-04,ch:1:sjyid:100648:plan:22be1cf3-f341-41e8-bc81-e23e36d8bff0,bus,Bus,31,31,54480,"Zürich, Hermetschloo",Kienastenwies,,,2026-10-04 19:24:24+00:00,2026-10-04 19:24:24+00:00,,True,0.0,2026-10-04 20:37:23.620000+02:00,2026-10-04 21:24:24+02:00,2026-10-04 21:24:24+02:00,2026-10-04,21,Sunday,True,47.00633333333334
20261004_183717,2026-10-04 18:37:23.620000+00:00,Zürich,local,ch:1:sloid:87348,"Zürich, Bahnhofplatz/HB",ch:1:sloid:87348::1,2026-10-04,ch:1:sjyid:100648:plan:d6d9bfcb-16bb-40ce-aee4-4b0e98731ce1,tram,Tram,3,3,46943,"Zürich, Klusplatz",Albisrieden,,,2026-10-04 19:24:06+00:00,2026-10-04 19:24:06+00:00,,True,0.0,2026-10-04 20:37:23.620000+02:00,2026-10-04 21:24:06+02:00,2026-10-04 21:24:06+02:00,2026-10-04,21,Sunday,True,46.70633333333333
20261004_183717,2026-10-04 18:37:23.620000+00:00,Zürich,local,ch:1:sloid:87348,"Zürich, Bahnhofplatz/HB",ch:1:sloid:87348::0,2026-10-04,ch:1:sjyid:100648:plan:7213300c-5897-490a-af08-1a9bef1efd84,tram,Tram,6,6,47416,"Zürich, Bahnhofplatz/HB",Zoo,,,2026-10-04 19:25:24+00:00,2026-10-04 19:25:24+00:00,,True,0.0,2026-10-04 20:37:23.620000+02:00,2026-10-04 21:25:24+02:00,2026-10-04 21:25:24+02:00,2026-10-04,21,Sunday,True,48.00633333333334
20261004_183717,2026-10-04 18:37:24.106000+00:00,Bern,local,ch:1:sloid:76646,"Bern, Bahnhof",ch:1:sloid:76646:0:20,2026-10-04,ch:1:sjyid:100626:plan:cfd69242-64a5-4ea2-8ed1-c1561be5cd00,bus,Bus,17,17,58036,"Bern, Bahnhof",Köniz Weiermatt,M,,2026-10-04 18:37:00+00:00,2026-10-04 18:37:48+00:00,,True,0.8,2026-10-04 20:37:24.106000+02:00,2026-10-04 20:37:00+02:00,2026-10-04 20:37:48+02:00,2026-10-04,20,Sunday,True,-0.4017666666666667
20261004_183717,2026-10-04 18:37:24.106000+00:00,Bern,local,ch:1:sloid:76646,"Bern, Bahnhof",ch:1:sloid:76646:0:28,2026-10-04,ch:1:sjyid:100626:plan:4d6da3da-ec02-4518-a057-678c807491da,bus,Bus,11,11,49415,"Bern, Bahnhof",Neufeld P+R,G,,2026-10-04 18:39:00+00:00,2026-10-04 18:39:00+00:00,,True,0.0,2026-10-04 20:37:24.106000+02:00,2026-10-04 20:39:00+02:00,2026-10-04 20:39:00+02:00,2026-10-04,20,Sunday,True,1.5982333333333334
20261004_183717,2026-10-04 18:37:24.106000+00:00,Bern,local,ch:1:sloid:76646,"Bern, Bahnhof",ch:1:sloid:76646:0:64,2026-10-04,ch:1:sjyid:1100062:SKI-375,bus,Ersatzverkehr,EV,EV,375,"Bern, Bahnhof","Worblaufen, Bahnhofplatz",Z,,2026-10-04 18:40:00+00:00,,,False,,2026-10-04 20:37:24.106000+02:00,2026-10-04 20:40:00+02:00,,2026-10-04,20,Sunday,True,2.5982333333333334
20261004_183717,2026-10-04 18:37:24.106000+00:00,Bern,local,ch:1:sloid:76646,"Bern, Bahnhof",ch:1:sloid:76646:0:10,2026-10-04,ch:1:sjyid:100626:plan:630dafed-e3ed-4181-a0bc-1fe9bcc4296b,tram,Tram,6,6,7308,"Bern, Bahnhof",Fischermätteli,J,,2026-10-04 18:40:00+00:00,2026-10-04 18:40:00+00:00,,True,0.0,2026-10-04 20:37:24.106000+02:00,2026-10-04 20:40:00+02:00,2026-10-04 20:40:00+02:00,2026-10-04,20,Sunday,True,2.5982333333333334
20261004_183717,2026-10-04 18:37:24.106000+00:00,Bern,local,ch:1:sloid:76646,"Bern, Bahnhof",ch:1:sloid:76646:0:19,2026-10-04,ch:1:sjyid:100626:plan:fe9aefdd-b6bd-4767-8d0e-6a1ded6fbd1c,bus,Bus,10,10,36577,"Schliern, Bus-Endstation",Ostermundigen Rüti,L,,2026-10-04 18:41:00+00:00,2026-10-04 18:41:00+00:00,,True,0.0,2026-10-04 20:37:24.106000+02:00,2026-10-04 20:41:00+02:00,2026-10-04 20:41:00+02:00,2026-10-04,20,Sunday,True,3.5982333333333334
20261004_183717,2026-10-04 18:37:24.106000+00:00,Bern,local,ch:1:sloid:76646,"Bern, Bahnhof",ch:1:sloid:76646:0:25,2026-10-04,ch:1:sjyid:100626:plan:4f15f0c6-d711-4853-baa7-1e79da0969b5,bus,Bus,7A,7A,76618,"Bern, Bahnhof",Ostring,K1,,2026-10-04 18:41:00+00:00,2026-10-04 18:41:00+00:00,,True,0.0,2026-10-04 20:37:24.106000+02:00,2026-10-04 20:41:00+02:00,2026-10-04 20:41:00+02:00,2026-10-04,20,Sunday,True,3.5982333333333334
20261004_183717,2026-10-04 18:37:24.106000+00:00,Bern,local,ch:1:sloid:76646,"Bern, Bahnhof",ch:1:sloid:76646:0:2,2026-10-04,ch:1:sjyid:100626:plan:ffee81af-dc6b-4bfa-827f-7d04402c5cfa,bus,Bus,8A,8A,78039,"Bern, Bahnhof",Saali,K2,,2026-10-04 18:41:06+00:00,2026-10-04 18:41:06+00:00,,True,0.0,2026-10-04 20:37:24.106000+02:00,2026-10-04 20:41:06+02:00,2026-10-04 20:41:06+02:00,2026-10-04,20,Sunday,True,3.6982333333333335
20261004_183717,2026-10-04 18:37:24.106000+00:00,Bern,local,ch:1:sloid:76646,"Bern, Bahnhof",ch:1:sloid:76646:0:39,2026-10-04,ch:1:sjyid:100626:plan:f77cf2b0-666e-4e15-8881-f80138878639,tram,Tram,8,8,18895,"Bern, Bahnhof",Brünnen Bhf,N,,2026-10-04 18:41:06+00:00,2026-10-04 18:42:00+00:00,,True,0.9,2026-10-04 20:37:24.106000+02:00,2026-10-04 20:41:06+02:00,2026-10-04 20:42:00+02:00,2026-10-04,20,Sunday,True,3.6982333333333335
20261004_183717,2026-10-04 18:37:24.106000+00:00,Bern,local,ch:1:sloid:76646,"Bern, Bahnhof",ch:1:sloid:76646:0:3,2026-10-04,ch:1:sjyid:100626:plan:c22d431f-74a8-4346-9f04-19c4a2187049,tram,Tram,9,9,28981,"Bern Wankdorf, Bahnhof",Wabern,C,,2026-10-04 18:41:00+00:00,2026-10-04 18:40:42+00:00,,True,-0.3,2026-10-04 20:37:24.106000+02:00,2026-10-04 20:41:00+02:00,2026-10-04 20:40:42+02:00,2026-10-04,20,Sunday,True,3.5982333333333334
20261004_183717,2026-10-04 18:37:24.106000+00:00,Bern,local,ch:1:sloid:76646,"Bern, Bahnhof",ch:1:sloid:76646:0:20,2026-10-04,ch:1:sjyid:100626:plan:4fcf3e23-c48e-422f-8d93-170976a39561,bus,Bus,19,19,59706,"Spiegel, Blinzern",Elfenau,M,,2026-10-04 18:42:00+00:00,2026-10-04 18:43:06+00:00,,True,1.1,2026-10-04 20:37:24.106000+02:00,2026-10-04 20:42:00+02:00,2026-10-04 20:43:06+02:00,2026-10-04,20,Sunday,True,4.598233333333334
20261004_183717,2026-10-04 18:37:24.106000+00:00,Bern,local,ch:1:sloid:76646,"Bern, Bahnhof",ch:1:sloid:76646:0:7,2026-10-04,ch:1:sjyid:100626:plan:12bf40c4-7e9a-4594-933f-76b87319fb32,bus,Bus,12,12,53436,"Bern, Zentrum Paul Klee",Holligen,D,,2026-10-04 18:42:00+00:00,2026-10-04 18:42:54+00:00,,True,0.9,2026-10-04 20:37:24.106000+02:00,2026-10-04 20:42:00+02:00,2026-10-04 20:42:54+02:00,2026-10-04,20,Sunday,True,4.598233333333334
20261004_183717,2026-10-04 18:37:24.106000+00:00,Bern,local,ch:1:sloid:76646,"Bern, Bahnhof",ch:1:sloid:76646:0:5,2026-10-04,ch:1:sjyid:100626:plan:d4e0a883-94e4-4226-8420-ed5390e1c5c8,bus,Bus,12,12,50707,"Bern, Holligen",Zentrum Paul Klee,A,,2026-10-04 18:42:00+00:00,2026-10-04 18:43:36+00:00,,True,1.6,2026-10-04 20:37:24.106000+02:00,2026-10-04 20:42:00+02:00,2026-10-04 20:43:36+02:00,2026-10-04,20,Sunday,True,4.598233333333334
20261004_183717,2026-10-04 18:37:24.106000+00:00,Bern,local,ch:1:sloid:76646,"Bern, Bahnhof",ch:1:sloid:76646:0:10,2026-10-04,ch:1:sjyid:100626:plan:da20ff98-a45d-4409-9c1d-f9d30aad6e8c,tram,Tram,3,3,1839,"Bern, Bahnhof",Weissenbühl,J,,2026-10-04 18:44:00+00:00,2026-10-04 18:44:00+00:00,,True,0.0,2026-10-04 20:37:24.106000+02:00,2026-10-04 20:44:00+02:00,2026-10-04 20:44:00+02:00,2026-10-04,20,Sunday,True,6.598233333333334
20261004_183717,2026-10-04 18:37:24.106000+00:00,Bern,local,ch:1:sloid:76646,"Bern, Bahnhof",ch:1:sloid:76646:0:15,2026-10-04,ch:1:sjyid:100626:plan:1608369a-db86-4a84-9cdc-8407b14eeeb9,bus,Bus,20,20,66727,"Bern Wankdorf, Bahnhof",Länggasse,F,,2026-10-04 18:44:48+00:00,2026-10-04 18:45:00+00:00,,True,0.2,2026-10-04 20:37:24.106000+02:00,2026-10-04 20:44:48+02:00,2026-10-04 20:45:00+02:00,2026-10-04,20,Sunday,True,7.398233333333334
20261004_183717,2026-10-04 18:37:24.106000+00:00,Bern,local,ch:1:sloid:76646,"Bern, Bahnhof",ch:1:sloid:76646:0:1,2026-10-04,ch:1:sjyid:100626:plan:3092e7cf-0966-41a3-a6ed-e34bdbe5d779,tram,Tram,9,9,22645,"Wabern, Tram-Endstation",Wankdorf Bhf,B,,2026-10-04 18:44:00+00:00,2026-10-04 18:44:30+00:00,,True,0.5,2026-10-04 20:37:24.106000+02:00,2026-10-04 20:44:00+02:00,2026-10-04 20:44:30+02:00,2026-10-04,20,Sunday,True,6.598233333333334
20261004_183717,2026-10-04 18:37:24.106000+00:00,Bern,local,ch:1:sloid:76646,"Bern, Bahnhof",ch:1:sloid:76646:0:13,2026-10-04,ch:1:sjyid:100626:plan:1811bbb0-05ff-417c-964a-1fcc1118f67a,bus,Bus,20,20,64217,"Bern, Länggasse",Wankdorf Bhf,E,,2026-10-04 18:44:48+00:00,2026-10-04 18:44:48+00:00,,True,0.0,2026-10-04 20:37:24.106000+02:00,2026-10-04 20:44:48+02:00,2026-10-04 20:44:48+02:00,2026-10-04,20,Sunday,True,7.398233333333334
20261004_183717,2026-10-04 18:37:24.106000+00:00,Bern,local,ch:1:sloid:76646,"Bern, Bahnhof",ch:1:sloid:76646:0:30,2026-10-04,ch:1:sjyid:100626:plan:ad4b37e4-ae24-410c-b803-8ece46f64f2e,bus,Bus,21,21,67919,"Bern, Bahnhof",Bremgarten,H,,2026-10-04 18:44:00+00:00,2026-10-04 18:44:00+00:00,,True,0.0,2026-10-04 20:37:24.106000+02:00,2026-10-04 20:44:00+02:00,2026-10-04 20:44:00+02:00,2026-10-04,20,Sunday,True,6.598233333333334
20261004_183717,2026-10-04 18:37:24.106000+00:00,Bern,local,ch:1:sloid:76646,"Bern, Bahnhof",ch:1:sloid:76646:0:11,2026-10-04,ch:1:sjyid:100626:plan:2ca6b1e9-0431-4ba0-a36c-d644d806bf9d,bus,Bus,10,10,45875,"Ostermundigen, Rüti",Schliern,I,,2026-10-04 18:44:00+00:00,2026-10-04 18:44:06+00:00,,True,0.1,2026-10-04 20:37:24.106000+02:00,2026-10-04 20:44:00+02:00,2026-10-04 20:44:06+02:00,2026-10-04,20,Sunday,True,6.598233333333334
20261004_183717,2026-10-04 18:37:24.106000+00:00,Bern,local,ch:1:sloid:76646,"Bern, Bahnhof",ch:1:sloid:76646:0:64,2026-10-04,ch:1:sjyid:1100062:SKI-377,bus,Ersatzverkehr,EV,EV,377,"Bern, Bahnhof","Worblaufen, Bahnhofplatz",Z,,2026-10-04 18:45:00+00:00,,,False,,2026-10-04 20:37:24.106000+02:00,2026-10-04 20:45:00+02:00,,2026-10-04,20,Sunday,True,7.598233333333334
20261004_183717,2026-10-04 18:37:24.106000+00:00,Bern,local,ch:1:sloid:76646,"Bern, Bahnhof",ch:1:sloid:76646:0:39,2026-10-04,ch:1:sjyid:100626:plan:13c28b96-3813-46ce-aab5-aedf30e7d6a9,tram,Tram,7,7,13315,"Bern, Bahnhof",Bümpliz,N,,2026-10-04 18:46:06+00:00,2026-10-04 18:46:06+00:00,,True,0.0,2026-10-04 20:37:24.106000+02:00,2026-10-04 20:46:06+02:00,2026-10-04 20:46:06+02:00,2026-10-04,20,Sunday,True,8.698233333333333
20261004_183717,2026-10-04 18:37:24.106000+00:00,Bern,local,ch:1:sloid:76646,"Bern, Bahnhof",ch:1:sloid:76646:0:20,2026-10-04,ch:1:sjyid:100626:plan:bae3fd45-42a7-4183-8ab6-a0c30632f98e,bus,Bus,17,17,58039,"Bern, Bahnhof",Köniz Weiermatt,M,,2026-10-04 18:47:00+00:00,2026-10-04 18:47:00+00:00,,True,0.0,2026-10-04 20:37:24.106000+02:00,2026-10-04 20:47:00+02:00,2026-10-04 20:47:00+02:00,2026-10-04,20,Sunday,True,9.598233333333333
20261004_183717,2026-10-04 18:37:24.106000+00:00,Bern,local,ch:1:sloid:76646,"Bern, Bahnhof",ch:1:sloid:76646:0:25,2026-10-04,ch:1:sjyid:100626:plan:5c815484-dd4b-4d8d-8e49-eae54e595d7f,bus,Bus,19,19,60845,"Bern, Elfenau",Blinzern,K1,,2026-10-04 18:47:00+00:00,2026-10-04 18:46:54+00:00,,True,-0.1,2026-10-04 20:37:24.106000+02:00,2026-10-04 20:47:00+02:00,2026-10-04 20:46:54+02:00,2026-10-04,20,Sunday,True,9.598233333333333
20261004_183717,2026-10-04 18:37:24.106000+00:00,Bern,local,ch:1:sloid:76646,"Bern, Bahnhof",ch:1:sloid:76646:0:2,2026-10-04,ch:1:sjyid:100626:plan:59ccf7c3-6899-4ffc-ae6c-e2254c329988,bus,Bus,8A,8A,78044,"Bern, Bahnhof",Saali,K2,,2026-10-04 18:48:36+00:00,2026-10-04 18:48:36+00:00,,True,0.0,2026-10-04 20:37:24.106000+02:00,2026-10-04 20:48:36+02:00,2026-10-04 20:48:36+02:00,2026-10-04,20,Sunday,True,11.198233333333333
20261004_183717,2026-10-04 18:37:24.106000+00:00,Bern,local,ch:1:sloid:76646,"Bern, Bahnhof",ch:1:sloid:76646:0:28,2026-10-04,ch:1:sjyid:100626:plan:69367075-812c-4eb6-a58e-d27af542e9ae,bus,Bus,11,11,49419,"Bern, Bahnhof",Neufeld P+R,G,,2026-10-04 18:49:00+00:00,2026-10-04 18:49:00+00:00,,True,0.0,2026-10-04 20:37:24.106000+02:00,2026-10-04 20:49:00+02:00,2026-10-04 20:49:00+02:00,2026-10-04,20,Sunday,True,11.598233333333333
20261004_183717,2026-10-04 18:37:24.106000+00:00,Bern,local,ch:1:sloid:76646,"Bern, Bahnhof",ch:1:sloid:76646:0:64,2026-10-04,ch:1:sjyid:1100062:SKI-379,bus,Ersatzverkehr,EV,EV,379,"Bern, Bahnhof","Worblaufen, Bahnhofplatz",Z,,2026-10-04 18:50:00+00:00,,,False,,2026-10-04 20:37:24.106000+02:00,2026-10-04 20:50:00+02:00,,2026-10-04,20,Sunday,True,12.598233333333333
20261004_183717,2026-10-04 18:37:24.106000+00:00,Bern,local,ch:1:sloid:76646,"Bern, Bahnhof",ch:1:sloid:76646:0:19,2026-10-04,ch:1:sjyid:100626:plan:d3db2aa7-24ee-48bf-9ebd-d903edd143b8,bus,Bus,10,10,36581,"Schliern, Bus-Endstation",Ostermundigen Rüti,L,,2026-10-04 18:51:00+00:00,2026-10-04 18:51:00+00:00,,True,0.0,2026-10-04 20:37:24.106000+02:00,2026-10-04 20:51:00+02:00,2026-10-04 20:51:00+02:00,2026-10-04,20,Sunday,True,13.598233333333333
20261004_183717,2026-10-04 18:37:24.106000+00:00,Bern,local,ch:1:sloid:76646,"Bern, Bahnhof",ch:1:sloid:76646:0:25,2026-10-04,ch:1:sjyid:100626:plan:5dc57ef4-882c-48d5-b810-e51eb21d6b90,bus,Bus,7A,7A,76621,"Bern, Bahnhof",Ostring,K1,,2026-10-04 18:51:00+00:00,2026-10-04 18:51:00+00:00,,True,0.0,2026-10-04 20:37:24.106000+02:00,2026-10-04 20:51:00+02:00,2026-10-04 20:51:00+02:00,2026-10-04,20,Sunday,True,13.598233333333333
20261004_183717,2026-10-04 18:37:24.106000+00:00,Bern,local,ch:1:sloid:76646,"Bern, Bahnhof",ch:1:sloid:76646:0:39,2026-10-04,ch:1:sjyid:100626:plan:04392cf2-bb50-428f-8c73-3e27da83fe70,tram,Tram,8,8,18905,"Bern, Bahnhof",Brünnen Bhf,N,,2026-10-04 18:51:06+00:00,2026-10-04 18:51:06+00:00,,True,0.0,2026-10-04 20:37:24.106000+02:00,2026-10-04 20:51:06+02:00,2026-10-04 20:51:06+02:00,2026-10-04,20,Sunday,True,13.698233333333333
20261004_183717,2026-10-04 18:37:24.106000+00:00,Bern,local,ch:1:sloid:76646,"Bern, Bahnhof",ch:1:sloid:76646:0:3,2026-10-04,ch:1:sjyid:100626:plan:887bc53d-36a5-4e07-997e-0b4a852b37f1,tram,Tram,9,9,28992,"Bern Wankdorf, Bahnhof",Wabern,C,,2026-10-04 18:51:00+00:00,2026-10-04 18:51:18+00:00,,True,0.3,2026-10-04 20:37:24.106000+02:00,2026-10-04 20:51:00+02:00,2026-10-04 20:51:18+02:00,2026-10-04,20,Sunday,True,13.598233333333333
20261004_183717,2026-10-04 18:37:24.106000+00:00,Bern,local,ch:1:sloid:76646,"Bern, Bahnhof",ch:1:sloid:76646:0:20,2026-10-04,ch:1:sjyid:100626:plan:35bd5bfe-acc4-46eb-9fab-b8378fafd648,bus,Bus,19,19,58683,"Spiegel, Blinzern",Elfenau,M,,2026-10-04 18:52:00+00:00,2026-10-04 18:52:00+00:00,,True,0.0,2026-10-04 20:37:24.106000+02:00,2026-10-04 20:52:00+02:00,2026-10-04 20:52:00+02:00,2026-10-04,20,Sunday,True,14.598233333333333
20261004_183717,2026-10-04 18:37:24.648000+00:00,Basel,local,ch:1:sloid:78143,"Basel, Bahnhof SBB",ch:1:sloid:78143:1:34,2026-10-04,ch:1:sjyid:100019:plan:8a6dbba6-3474-4eb1-bf8f-29ba3af51c7e,tram,Tram,10,10,10577,"Flüh, Station",Dornach Bahnhof,G,,2026-10-04 18:35:00+00:00,2026-10-04 18:37:00+00:00,,True,2.0,2026-10-04 20:37:24.648000+02:00,2026-10-04 20:35:00+02:00,2026-10-04 20:37:00+02:00,2026-10-04,20,Sunday,True,-2.4108
20261004_183717,2026-10-04 18:37:24.648000+00:00,Basel,local,ch:1:sloid:78143,"Basel, Bahnhof SBB",ch:1:sloid:78143:3:3,2026-10-04,ch:1:sjyid:100622:plan:5960d6da-152a-4586-866f-34e39a2fb139,bus,Bus,50,50,50227,"Basel, Bahnhof SBB","Basel, EuroAirport",B,,2026-10-04 18:38:12+00:00,2026-10-04 18:38:12+00:00,,True,0.0,2026-10-04 20:37:24.648000+02:00,2026-10-04 20:38:12+02:00,2026-10-04 20:38:12+02:00,2026-10-04,20,Sunday,True,0.7891999999999999
20261004_183717,2026-10-04 18:37:24.648000+00:00,Basel,local,ch:1:sloid:78143,"Basel, Bahnhof SBB",ch:1:sloid:78143:1:34,2026-10-04,ch:1:sjyid:100019:plan:ef643e61-7c18-49ba-9d74-1782aae0a592,tram,Tram,11,11,38509,"Basel, St-Louis Grenze","Basel, Dreispitz",G,,2026-10-04 18:40:30+00:00,2026-10-04 18:40:24+00:00,,True,-0.1,2026-10-04 20:37:24.648000+02:00,2026-10-04 20:40:30+02:00,2026-10-04 20:40:24+02:00,2026-10-04,20,Sunday,True,3.0892
20261004_183717,2026-10-04 18:37:24.648000+00:00,Basel,local,ch:1:sloid:78143,"Basel, Bahnhof SBB",ch:1:sloid:78143:3:3,2026-10-04,ch:1:sjyid:100622:plan:4e608dac-e2b6-4837-8c77-4ce4e5b927a8,bus,Bus,30,30,30163,"Basel, Bahnhof SBB","Basel, Badischer Bahnhof",B,,2026-10-04 18:40:42+00:00,2026-10-04 18:40:42+00:00,,True,0.0,2026-10-04 20:37:24.648000+02:00,2026-10-04 20:40:42+02:00,2026-10-04 20:40:42+02:00,2026-10-04,20,Sunday,True,3.2892
20261004_183717,2026-10-04 18:37:24.648000+00:00,Basel,local,ch:1:sloid:78143,"Basel, Bahnhof SBB",ch:1:sloid:78143:3:7,2026-10-04,ch:1:sjyid:100019:plan:5e61ef71-4808-4e23-b4df-7367e4dd942c,bus,Bus,37,37,37294,"Basel, Bahnhof SBB",Limmeren,K,,2026-10-04 18:41:00+00:00,2026-10-04 18:41:54+00:00,,True,0.9,2026-10-04 20:37:24.648000+02:00,2026-10-04 20:41:00+02:00,2026-10-04 20:41:54+02:00,2026-10-04,20,Sunday,True,3.5892
20261004_183717,2026-10-04 18:37:24.648000+00:00,Basel,local,ch:1:sloid:78143,"Basel, Bahnhof SBB",ch:1:sloid:78143:1:31,2026-10-04,ch:1:sjyid:100622:plan:166457fc-3897-4f00-a469-d89045778b14,tram,Tram,1,1,1162,"Basel, Bahnhof SBB","Basel, Dreirosenbrücke",D,,2026-10-04 18:43:24+00:00,2026-10-04 18:43:24+00:00,,True,0.0,2026-10-04 20:37:24.648000+02:00,2026-10-04 20:43:24+02:00,2026-10-04 20:43:24+02:00,2026-10-04,20,Sunday,True,5.989199999999999
20261004_183717,2026-10-04 18:37:24.648000+00:00,Basel,local,ch:1:sloid:78143,"Basel, Bahnhof SBB",ch:1:sloid:78143:1:33,2026-10-04,ch:1:sjyid:100622:plan:f350d9a4-6076-4c06-ab05-1a6d589f34b8,tram,Tram,8,8,8171,"Basel, Neuweilerstrasse",Weil am Rhein (D) Bahnhof / Zentrum,F,,2026-10-04 18:44:00+00:00,2026-10-04 18:44:00+00:00,,True,0.0,2026-10-04 20:37:24.648000+02:00,2026-10-04 20:44:00+02:00,2026-10-04 20:44:00+02:00,2026-10-04,20,Sunday,True,6.5892
20261004_183717,2026-10-04 18:37:24.648000+00:00,Basel,local,ch:1:sloid:78143,"Basel, Bahnhof SBB",ch:1:sloid:78143:3:3,2026-10-04,ch:1:sjyid:100622:plan:e6be6501-1ad7-460b-b8c1-a7b848c4d3ac,bus,Bus,50,50,50229,"Basel, Bahnhof SBB","Basel, EuroAirport",B,,2026-10-04 18:45:42+00:00,2026-10-04 18:45:42+00:00,,True,0.0,2026-10-04 20:37:24.648000+02:00,2026-10-04 20:45:42+02:00,2026-10-04 20:45:42+02:00,2026-10-04,20,Sunday,True,8.2892
20261004_183717,2026-10-04 18:37:24.648000+00:00,Basel,local,ch:1:sloid:78143,"Basel, Bahnhof SBB",ch:1:sloid:78143:1:34,2026-10-04,ch:1:sjyid:100019:plan:790bf1b2-82e9-4703-949c-520ee887568d,tram,Tram,11,11,38511,"Basel, St-Louis Grenze","Basel, Dreispitz",G,,2026-10-04 18:45:30+00:00,2026-10-04 18:45:30+00:00,,True,0.0,2026-10-04 20:37:24.648000+02:00,2026-10-04 20:45:30+02:00,2026-10-04 20:45:30+02:00,2026-10-04,20,Sunday,True,8.0892
20261004_183717,2026-10-04 18:37:24.648000+00:00,Basel,local,ch:1:sloid:78143,"Basel, Bahnhof SBB",ch:1:sloid:78143:1:35,2026-10-04,ch:1:sjyid:100019:plan:c19e6969-a05c-4e94-8df1-3e8b71a55382,tram,Tram,11,11,38508,"Basel, Dreispitz","Basel, Saint-Louis Grenze",H,,2026-10-04 18:47:18+00:00,2026-10-04 18:47:18+00:00,,True,0.0,2026-10-04 20:37:24.648000+02:00,2026-10-04 20:47:18+02:00,2026-10-04 20:47:18+02:00,2026-10-04,20,Sunday,True,9.889199999999999
20261004_183717,2026-10-04 18:37:24.648000+00:00,Basel,local,ch:1:sloid:78143,"Basel, Bahnhof SBB",ch:1:sloid:78143:1:32,2026-10-04,ch:1:sjyid:100622:plan:69e89ce2-64c7-4120-961a-c3bb070c8293,tram,Tram,2,2,2164,"Basel, Badischer Bahnhof","Binningen, Kronenplatz",E,,2026-10-04 18:47:36+00:00,2026-10-04 18:47:36+00:00,,True,0.0,2026-10-04 20:37:24.648000+02:00,2026-10-04 20:47:36+02:00,2026-10-04 20:47:36+02:00,2026-10-04,20,Sunday,True,10.1892
20261004_183717,2026-10-04 18:37:24.648000+00:00,Basel,local,ch:1:sloid:78143,"Basel, Bahnhof SBB",ch:1:sloid:78143:1:32,2026-10-04,ch:1:sjyid:100622:plan:6c7635eb-840f-4f3e-aff5-29d42b1102c5,tram,Tram,8,8,8164,"Weil am Rhein, Bahnhof/Zentrum","Basel, Neuweilerstrasse",E,,2026-10-04 18:48:18+00:00,2026-10-04 18:48:18+00:00,,True,0.0,2026-10-04 20:37:24.648000+02:00,2026-10-04 20:48:18+02:00,2026-10-04 20:48:18+02:00,2026-10-04,20,Sunday,True,10.889199999999999
20261004_183717,2026-10-04 18:37:24.648000+00:00,Basel,local,ch:1:sloid:78143,"Basel, Bahnhof SBB",ch:1:sloid:78143:1:33,2026-10-04,ch:1:sjyid:100622:plan:19b0dab4-1fe1-4b8f-a888-990dc3ba40e6,tram,Tram,2,2,2161,"Binningen, Kronenplatz","Basel, Badischer Bahnhof",F,,2026-10-04 18:48:18+00:00,2026-10-04 18:48:18+00:00,,True,0.0,2026-10-04 20:37:24.648000+02:00,2026-10-04 20:48:18+02:00,2026-10-04 20:48:18+02:00,2026-10-04,20,Sunday,True,10.889199999999999
20261004_183717,2026-10-04 18:37:24.648000+00:00,Basel,local,ch:1:sloid:78143,"Basel, Bahnhof SBB",ch:1:sloid:78143:1:34,2026-10-04,ch:1:sjyid:100019:plan:c65a5a46-8fd4-41e7-9cca-c7d96fc62fe3,tram,Tram,10,10,10579,"Rodersdorf, Station",Dornach Bahnhof,G,,2026-10-04 18:50:00+00:00,2026-10-04 18:51:30+00:00,,True,1.5,2026-10-04 20:37:24.648000+02:00,2026-10-04 20:50:00+02:00,2026-10-04 20:51:30+02:00,2026-10-04,20,Sunday,True,12.5892
20261004_183717,2026-10-04 18:37:24.648000+00:00,Basel,local,ch:1:sloid:78143,"Basel, Bahnhof SBB",ch:1:sloid:78143:3:3,2026-10-04,ch:1:sjyid:100622:plan:53a06c13-2c9a-4d10-80e2-0889d7b49fb6,bus,Bus,30,30,30165,"Basel, Bahnhof SBB","Basel, Badischer Bahnhof",B,,2026-10-04 18:50:42+00:00,2026-10-04 18:50:42+00:00,,True,0.0,2026-10-04 20:37:24.648000+02:00,2026-10-04 20:50:42+02:00,2026-10-04 20:50:42+02:00,2026-10-04,20,Sunday,True,13.2892
20261004_183717,2026-10-04 18:37:24.648000+00:00,Basel,local,ch:1:sloid:78143,"Basel, Bahnhof SBB",ch:1:sloid:78143:1:35,2026-10-04,ch:1:sjyid:100019:plan:243a4f88-de82-4aff-9495-58d8dda067e3,tram,Tram,10,10,10500,"Dornach, Bahnhof","Flüh, Station",H,,2026-10-04 18:51:00+00:00,2026-10-04 18:51:48+00:00,,True,0.8,2026-10-04 20:37:24.648000+02:00,2026-10-04 20:51:00+02:00,2026-10-04 20:51:48+02:00,2026-10-04,20,Sunday,True,13.5892
20261004_183717,2026-10-04 18:37:24.648000+00:00,Basel,local,ch:1:sloid:78143,"Basel, Bahnhof SBB",ch:1:sloid:78143:3:3,2026-10-04,ch:1:sjyid:100622:plan:1086ad56-c14e-4e6d-ba78-070928c3f958,bus,Bus,50,50,50231,"Basel, Bahnhof SBB","Basel, EuroAirport",B,,2026-10-04 18:53:12+00:00,2026-10-04 18:53:12+00:00,,True,0.0,2026-10-04 20:37:24.648000+02:00,2026-10-04 20:53:12+02:00,2026-10-04 20:53:12+02:00,2026-10-04,20,Sunday,True,15.7892
20261004_183717,2026-10-04 18:37:24.648000+00:00,Basel,local,ch:1:sloid:78143,"Basel, Bahnhof SBB",ch:1:sloid:78143:1:34,2026-10-04,ch:1:sjyid:100019:plan:6bd9e5c4-bc61-4a23-8d70-33998cfcc045,tram,Tram,11,11,38517,"Basel, St-Louis Grenze","Basel, Dreispitz",G,,2026-10-04 18:55:30+00:00,2026-10-04 18:55:30+00:00,,True,0.0,2026-10-04 20:37:24.648000+02:00,2026-10-04 20:55:30+02:00,2026-10-04 20:55:30+02:00,2026-10-04,20,Sunday,True,18.0892
20261004_183717,2026-10-04 18:37:24.648000+00:00,Basel,local,ch:1:sloid:78143,"Basel, Bahnhof SBB",ch:1:sloid:78143:1:31,2026-10-04,ch:1:sjyid:100622:plan:b27c8cf9-b42a-4a3b-954a-d5f23f51bc3c,tram,Tram,1,1,1164,"Basel, Bahnhof SBB","Basel, Dreirosenbrücke",D,,2026-10-04 18:57:48+00:00,2026-10-04 18:57:48+00:00,,True,0.0,2026-10-04 20:37:24.648000+02:00,2026-10-04 20:57:48+02:00,2026-10-04 20:57:48+02:00,2026-10-04,20,Sunday,True,20.389200000000002
20261004_183717,2026-10-04 18:37:24.648000+00:00,Basel,local,ch:1:sloid:78143,"Basel, Bahnhof SBB",ch:1:sloid:78143:3:7,2026-10-04,ch:1:sjyid:100019:plan:376fd320-9a3a-488e-9852-272af23aa0f3,bus,Bus,37,37,37296,"Basel, Bahnhof SBB","Basel, Dreispitz",K,,2026-10-04 18:57:00+00:00,2026-10-04 18:57:00+00:00,,True,0.0,2026-10-04 20:37:24.648000+02:00,2026-10-04 20:57:00+02:00,2026-10-04 20:57:00+02:00,2026-10-04,20,Sunday,True,19.5892
20261004_183717,2026-10-04 18:37:24.648000+00:00,Basel,local,ch:1:sloid:78143,"Basel, Bahnhof SBB",ch:1:sloid:78143:1:33,2026-10-04,ch:1:sjyid:100622:plan:11e8e774-837d-400d-ac3f-3eadc5dd5577,tram,Tram,8,8,8173,"Basel, Neuweilerstrasse",Weil am Rhein (D) Bahnhof / Zentrum,F,,2026-10-04 18:59:00+00:00,2026-10-04 18:59:00+00:00,,True,0.0,2026-10-04 20:37:24.648000+02:00,2026-10-04 20:59:00+02:00,2026-10-04 20:59:00+02:00,2026-10-04,20,Sunday,True,21.5892
20261004_183717,2026-10-04 18:37:24.648000+00:00,Basel,local,ch:1:sloid:78143,"Basel, Bahnhof SBB",ch:1:sloid:78143:3:3,2026-10-04,ch:1:sjyid:100622:plan:0daaea7c-be4a-4824-a1fa-2748ce52bb18,bus,Bus,50,50,50233,"Basel, Bahnhof SBB","Basel, EuroAirport",B,,2026-10-04 19:00:42+00:00,2026-10-04 19:00:42+00:00,,True,0.0,2026-10-04 20:37:24.648000+02:00,2026-10-04 21:00:42+02:00,2026-10-04 21:00:42+02:00,2026-10-04,21,Sunday,True,23.2892
20261004_183717,2026-10-04 18:37:24.648000+00:00,Basel,local,ch:1:sloid:78143,"Basel, Bahnhof SBB",ch:1:sloid:78143:3:3,2026-10-04,ch:1:sjyid:100622:plan:2d642740-86a2-459e-a23b-c4c8afc57472,bus,Bus,30,30,30167,"Basel, Bahnhof SBB","Basel, Badischer Bahnhof",B,,2026-10-04 19:00:42+00:00,2026-10-04 19:00:42+00:00,,True,0.0,2026-10-04 20:37:24.648000+02:00,2026-10-04 21:00:42+02:00,2026-10-04 21:00:42+02:00,2026-10-04,21,Sunday,True,23.2892
20261004_183717,2026-10-04 18:37:24.648000+00:00,Basel,local,ch:1:sloid:78143,"Basel, Bahnhof SBB",ch:1:sloid:78143:1:35,2026-10-04,ch:1:sjyid:100019:plan:4b457d48-46cb-4862-bbc5-6ce34caeeb70,tram,Tram,11,11,38514,"Basel, Dreispitz","Basel, Saint-Louis Grenze",H,,2026-10-04 19:02:18+00:00,2026-10-04 19:02:18+00:00,,True,0.0,2026-10-04 20:37:24.648000+02:00,2026-10-04 21:02:18+02:00,2026-10-04 21:02:18+02:00,2026-10-04,21,Sunday,True,24.889200000000002
20261004_183717,2026-10-04 18:37:24.648000+00:00,Basel,local,ch:1:sloid:78143,"Basel, Bahnhof SBB",ch:1:sloid:78143:1:32,2026-10-04,ch:1:sjyid:100622:plan:140ef975-fb5b-473b-85b5-6806aedabcce,tram,Tram,2,2,2166,"Basel, Badischer Bahnhof","Binningen, Kronenplatz",E,,2026-10-04 19:02:36+00:00,2026-10-04 19:02:36+00:00,,True,0.0,2026-10-04 20:37:24.648000+02:00,2026-10-04 21:02:36+02:00,2026-10-04 21:02:36+02:00,2026-10-04,21,Sunday,True,25.189200000000003
20261004_183717,2026-10-04 18:37:24.648000+00:00,Basel,local,ch:1:sloid:78143,"Basel, Bahnhof SBB",ch:1:sloid:78143:1:32,2026-10-04,ch:1:sjyid:100622:plan:de2b13f1-1033-4b8d-9e3d-834099e751d7,tram,Tram,8,8,8166,"Weil am Rhein, Bahnhof/Zentrum","Basel, Neuweilerstrasse",E,,2026-10-04 19:03:18+00:00,2026-10-04 19:03:30+00:00,,True,0.2,2026-10-04 20:37:24.648000+02:00,2026-10-04 21:03:18+02:00,2026-10-04 21:03:30+02:00,2026-10-04,21,Sunday,True,25.889200000000002
20261004_183717,2026-10-04 18:37:24.648000+00:00,Basel,local,ch:1:sloid:78143,"Basel, Bahnhof SBB",ch:1:sloid:78143:1:33,2026-10-04,ch:1:sjyid:100622:plan:18591dea-721f-440a-bd61-8b860e053d0c,tram,Tram,2,2,2163,"Binningen, Kronenplatz","Basel, Badischer Bahnhof",F,,2026-10-04 19:03:18+00:00,2026-10-04 19:03:18+00:00,,True,0.0,2026-10-04 20:37:24.648000+02:00,2026-10-04 21:03:18+02:00,2026-10-04 21:03:18+02:00,2026-10-04,21,Sunday,True,25.889200000000002
20261004_183717,2026-10-04 18:37:24.648000+00:00,Basel,local,ch:1:sloid:78143,"Basel, Bahnhof SBB",ch:1:sloid:78143:3:5,2026-10-04,ch:1:sjyid:100622:plan:683fa479-6bd3-4719-a03e-227416efa940,bus,Bus,48,48,48059,"Basel, Bahnhof SBB","Basel, Bachgraben",A,,2026-10-04 19:04:48+00:00,2026-10-04 19:04:48+00:00,,True,0.0,2026-10-04 20:37:24.648000+02:00,2026-10-04 21:04:48+02:00,2026-10-04 21:04:48+02:00,2026-10-04,21,Sunday,True,27.389200000000002
20261004_183717,2026-10-04 18:37:24.648000+00:00,Basel,local,ch:1:sloid:78143,"Basel, Bahnhof SBB",ch:1:sloid:78143:1:34,2026-10-04,ch:1:sjyid:100019:plan:3bbf4af8-2628-45af-bb86-62758b726496,tram,Tram,10,10,10587,"Flüh, Station",Dornach Bahnhof,G,,2026-10-04 19:05:00+00:00,2026-10-04 19:06:12+00:00,,True,1.2,2026-10-04 20:37:24.648000+02:00,2026-10-04 21:05:00+02:00,2026-10-04 21:06:12+02:00,2026-10-04,21,Sunday,True,27.5892
20261004_183717,2026-10-04 18:37:24.648000+00:00,Basel,local,ch:1:sloid:78143,"Basel, Bahnhof SBB",ch:1:sloid:78143:1:35,2026-10-04,ch:1:sjyid:100019:plan:fa3c8a4a-73e6-42d0-8f2e-73ffb3b59194,tram,Tram,10,10,10502,"Dornach, Bahnhof","Rodersdorf, Station",H,,2026-10-04 19:06:00+00:00,2026-10-04 19:06:18+00:00,,True,0.3,2026-10-04 20:37:24.648000+02:00,2026-10-04 21:06:00+02:00,2026-10-04 21:06:18+02:00,2026-10-04,21,Sunday,True,28.5892
20261004_183717,2026-10-04 18:37:25.174000+00:00,Luzern,local,ch:1:sloid:8450,"Luzern, Bahnhof",ch:1:sloid:8450::2,2026-10-04,ch:1:sjyid:100619:plan:6965121d-8171-4417-a5b7-018466bd23c3,bus,Bus,7,7,26036,"Horw, Biregghof",Unterlöchli,B,,2026-10-04 17:30:00+00:00,2026-10-04 19:02:30+00:00,,True,92.5,2026-10-04 20:37:25.174000+02:00,2026-10-04 19:30:00+02:00,2026-10-04 21:02:30+02:00,2026-10-04,19,Sunday,True,-67.41956666666667
20261004_183717,2026-10-04 18:37:25.174000+00:00,Luzern,local,ch:1:sloid:8450,"Luzern, Bahnhof",ch:1:sloid:8450::15,2026-10-04,ch:1:sjyid:100602:fcc7b625-3e46-4dac-87ea-aa0b1145c2b6,bus,Bus,73,73,73187,"Luzern, Bahnhof",Rotkreuz,U,,2026-10-04 18:37:00+00:00,2026-10-04 18:37:00+00:00,,True,0.0,2026-10-04 20:37:25.174000+02:00,2026-10-04 20:37:00+02:00,2026-10-04 20:37:00+02:00,2026-10-04,20,Sunday,True,-0.41956666666666664
20261004_183717,2026-10-04 18:37:25.174000+00:00,Luzern,local,ch:1:sloid:8450,"Luzern, Bahnhof",ch:1:sloid:8450::1,2026-10-04,ch:1:sjyid:100619:plan:3ea30108-6d4b-4cf7-a461-acb7254f1708,bus,Bus,1,1,4509,"Ebikon, Fildern",Obernau Dorf,A,,2026-10-04 18:37:00+00:00,,,False,,2026-10-04 20:37:25.174000+02:00,2026-10-04 20:37:00+02:00,,2026-10-04,20,Sunday,True,-0.41956666666666664
20261004_183717,2026-10-04 18:37:25.174000+00:00,Luzern,local,ch:1:sloid:8450,"Luzern, Bahnhof",ch:1:sloid:8450::1,2026-10-04,ch:1:sjyid:100619:itcs-dispo:2e58dd08-8e82-3ea2-b35b-102005b10fed,bus,,1,1,,"Ebikon, Fildern",Obernau Dorf,A,,2026-10-04 18:37:00+00:00,2026-10-04 18:38:12+00:00,,True,1.2,2026-10-04 20:37:25.174000+02:00,2026-10-04 20:37:00+02:00,2026-10-04 20:38:12+02:00,2026-10-04,20,Sunday,True,-0.41956666666666664
20261004_183717,2026-10-04 18:37:25.174000+00:00,Luzern,local,ch:1:sloid:8450,"Luzern, Bahnhof",ch:1:sloid:8450::2,2026-10-04,ch:1:sjyid:100619:plan:c1941981-661e-4e5a-925c-83e540c40e33,bus,Bus,6,6,22298,"Luzern, Matthof",Büttenenhalde,B,,2026-10-04 18:38:00+00:00,2026-10-04 18:38:00+00:00,,True,0.0,2026-10-04 20:37:25.174000+02:00,2026-10-04 20:38:00+02:00,2026-10-04 20:38:00+02:00,2026-10-04,20,Sunday,True,0.5804333333333334
20261004_183717,2026-10-04 18:37:25.174000+00:00,Luzern,local,ch:1:sloid:8450,"Luzern, Bahnhof",ch:1:sloid:8450::1,2026-10-04,ch:1:sjyid:100619:plan:b6bc958c-5cf4-4351-b485-728e0707f297,bus,Bus,6,6,22313,"Luzern, Büttenenhalde",Matthof,A,,2026-10-04 18:38:00+00:00,2026-10-04 18:40:24+00:00,,True,2.4,2026-10-04 20:37:25.174000+02:00,2026-10-04 20:38:00+02:00,2026-10-04 20:40:24+02:00,2026-10-04,20,Sunday,True,0.5804333333333334
20261004_183717,2026-10-04 18:37:25.174000+00:00,Luzern,local,ch:1:sloid:8450,"Luzern, Bahnhof",ch:1:sloid:8450::11,2026-10-04,ch:1:sjyid:100619:plan:2c7d3133-0e26-4d32-8047-fc9ed5bc824d,bus,Bus,19,19,45992,"Luzern, Bahnhof",Friedental,R,,2026-10-04 18:40:00+00:00,2026-10-04 18:40:00+00:00,,True,0.0,2026-10-04 20:37:25.174000+02:00,2026-10-04 20:40:00+02:00,2026-10-04 20:40:00+02:00,2026-10-04,20,Sunday,True,2.580433333333333
20261004_183717,2026-10-04 18:37:25.174000+00:00,Luzern,local,ch:1:sloid:8450,"Luzern, Bahnhof",ch:1:sloid:8450::23,2026-10-04,ch:1:sjyid:100619:plan:e2166a90-c324-4710-af52-fe5376c86b31,bus,Bus,2,2,10955,"Luzern, Bahnhof",E'brücke Sprengi,Y,,2026-10-04 18:43:00+00:00,2026-10-04 18:43:00+00:00,,True,0.0,2026-10-04 20:37:25.174000+02:00,2026-10-04 20:43:00+02:00,2026-10-04 20:43:00+02:00,2026-10-04,20,Sunday,True,5.580433333333334
20261004_183717,2026-10-04 18:37:25.174000+00:00,Luzern,local,ch:1:sloid:8450,"Luzern, Bahnhof",ch:1:sloid:8450::2,2026-10-04,ch:1:sjyid:100619:plan:3b3d3ec8-171c-40b9-8083-24db8b5dae0b,bus,Bus,7,7,26206,"Horw, Biregghof",Unterlöchli,B,,2026-10-04 18:45:00+00:00,2026-10-04 18:45:30+00:00,,True,0.5,2026-10-04 20:37:25.174000+02:00,2026-10-04 20:45:00+02:00,2026-10-04 20:45:30+02:00,2026-10-04,20,Sunday,True,7.580433333333334
20261004_183717,2026-10-04 18:37:25.174000+00:00,Luzern,local,ch:1:sloid:8450,"Luzern, Bahnhof",ch:1:sloid:8450::2,2026-10-04,ch:1:sjyid:100619:plan:0f6eceaa-0d07-4b2e-9ea2-efc029571be6,bus,Bus,14,14,39654,"Luzern, Pilatusplatz",Brüelstrasse,B,,2026-10-04 18:45:00+00:00,2026-10-04 18:45:00+00:00,,True,0.0,2026-10-04 20:37:25.174000+02:00,2026-10-04 20:45:00+02:00,2026-10-04 20:45:00+02:00,2026-10-04,20,Sunday,True,7.580433333333334
20261004_183717,2026-10-04 18:37:25.174000+00:00,Luzern,local,ch:1:sloid:8450,"Luzern, Bahnhof",ch:1:sloid:8450::16,2026-10-04,ch:1:sjyid:100619:plan:60db4891-280f-4988-ba85-2a3ccc9f82ac,bus,Bus,4,4,15651,"Luzern, Bahnhof",Hubelmatt,V,,2026-10-04 18:45:00+00:00,2026-10-04 18:45:00+00:00,,True,0.0,2026-10-04 20:37:25.174000+02:00,2026-10-04 20:45:00+02:00,2026-10-04 20:45:00+02:00,2026-10-04,20,Sunday,True,7.580433333333334
20261004_183717,2026-10-04 18:37:25.174000+00:00,Luzern,local,ch:1:sloid:8450,"Luzern, Bahnhof",ch:1:sloid:8450::1,2026-10-04,ch:1:sjyid:100619:plan:b0fa6396-9b17-4dc4-8fcf-e016e9a0a281,bus,Bus,7,7,26215,"Luzern, Unterlöchli",Horw Biregghof,A,,2026-10-04 18:45:00+00:00,2026-10-04 18:45:00+00:00,,True,0.0,2026-10-04 20:37:25.174000+02:00,2026-10-04 20:45:00+02:00,2026-10-04 20:45:00+02:00,2026-10-04,20,Sunday,True,7.580433333333334
20261004_183717,2026-10-04 18:37:25.174000+00:00,Luzern,local,ch:1:sloid:8450,"Luzern, Bahnhof",ch:1:sloid:8450::2,2026-10-04,ch:1:sjyid:100619:plan:d1e64c81-3069-43cc-a432-de5ce637c067,bus,Bus,1,1,5676,"Obernau, Dorf",Ebikon Fildern,B,,2026-10-04 18:46:00+00:00,2026-10-04 18:46:00+00:00,,True,0.0,2026-10-04 20:37:25.174000+02:00,2026-10-04 20:46:00+02:00,2026-10-04 20:46:00+02:00,2026-10-04,20,Sunday,True,8.580433333333334
20261004_183717,2026-10-04 18:37:25.174000+00:00,Luzern,local,ch:1:sloid:8450,"Luzern, Bahnhof",ch:1:sloid:8450::12,2026-10-04,ch:1:sjyid:100619:plan:1d30a915-015e-473d-a485-af06618ec44b,bus,Bus,24,24,60400,"Luzern, Bahnhof",Meggen Tschädigen,S,,2026-10-04 18:46:00+00:00,2026-10-04 18:46:00+00:00,,True,0.0,2026-10-04 20:37:25.174000+02:00,2026-10-04 20:46:00+02:00,2026-10-04 20:46:00+02:00,2026-10-04,20,Sunday,True,8.580433333333334
20261004_183717,2026-10-04 18:37:25.174000+00:00,Luzern,local,ch:1:sloid:8450,"Luzern, Bahnhof",ch:1:sloid:8450::20,2026-10-04,ch:1:sjyid:100619:plan:fd396ed8-3b7f-4445-b448-c06ccb7a3440,bus,Bus,12,12,85507,"Luzern, Bahnhof",Gasshof,M,,2026-10-04 18:46:00+00:00,2026-10-04 18:46:00+00:00,,True,0.0,2026-10-04 20:37:25.174000+02:00,2026-10-04 20:46:00+02:00,2026-10-04 20:46:00+02:00,2026-10-04,20,Sunday,True,8.580433333333334
20261004_183717,2026-10-04 18:37:25.174000+00:00,Luzern,local,ch:1:sloid:8450,"Luzern, Bahnhof",ch:1:sloid:8450::1,2026-10-04,ch:1:sjyid:100619:plan:ff54926d-b658-43e4-b8f8-73f408621499,bus,Bus,14,14,39321,"Luzern, Brüelstrasse",Horw Zentrum,A,,2026-10-04 18:48:00+00:00,2026-10-04 18:48:24+00:00,,True,0.4,2026-10-04 20:37:25.174000+02:00,2026-10-04 20:48:00+02:00,2026-10-04 20:48:24+02:00,2026-10-04,20,Sunday,True,10.580433333333334
20261004_183717,2026-10-04 18:37:25.174000+00:00,Luzern,local,ch:1:sloid:8450,"Luzern, Bahnhof",ch:1:sloid:8450::10,2026-10-04,ch:1:sjyid:100619:plan:197aa8eb-67ca-4143-9ce2-f132a6f247dd,bus,Bus,20,20,49245,"Luzern, Bahnhof",Horw Ennethorw,J,,2026-10-04 18:49:00+00:00,2026-10-04 18:49:00+00:00,,True,0.0,2026-10-04 20:37:25.174000+02:00,2026-10-04 20:49:00+02:00,2026-10-04 20:49:00+02:00,2026-10-04,20,Sunday,True,11.580433333333334
20261004_183717,2026-10-04 18:37:25.174000+00:00,Luzern,local,ch:1:sloid:8450,"Luzern, Bahnhof",ch:1:sloid:8450::1,2026-10-04,ch:1:sjyid:100619:plan:dec96d98-37b9-42cd-94b9-2e84ca665373,bus,Bus,1,1,4539,"Ebikon, Fildern",Obernau Dorf,A,,2026-10-04 18:52:00+00:00,2026-10-04 18:53:00+00:00,,True,1.0,2026-10-04 20:37:25.174000+02:00,2026-10-04 20:52:00+02:00,2026-10-04 20:53:00+02:00,2026-10-04,20,Sunday,True,14.580433333333334
20261004_183717,2026-10-04 18:37:25.174000+00:00,Luzern,local,ch:1:sloid:8450,"Luzern, Bahnhof",ch:1:sloid:8450::2,2026-10-04,ch:1:sjyid:100619:plan:20cc013a-03fa-46e2-bc1a-eb3892ffb563,bus,Bus,8,8,29548,"Luzern, Hirtenhof",Würzenbach,B,,2026-10-04 18:53:00+00:00,2026-10-04 18:53:00+00:00,,True,0.0,2026-10-04 20:37:25.174000+02:00,2026-10-04 20:53:00+02:00,2026-10-04 20:53:00+02:00,2026-10-04,20,Sunday,True,15.580433333333334
20261004_183717,2026-10-04 18:37:25.174000+00:00,Luzern,local,ch:1:sloid:8450,"Luzern, Bahnhof",ch:1:sloid:8450::1,2026-10-04,ch:1:sjyid:100619:plan:7412a98f-976f-44e8-9b87-5e9a7ab78472,bus,Bus,8,8,29853,"Luzern, Würzenbach",Hirtenhof,A,,2026-10-04 18:53:00+00:00,2026-10-04 18:53:00+00:00,,True,0.0,2026-10-04 20:37:25.174000+02:00,2026-10-04 20:53:00+02:00,2026-10-04 20:53:00+02:00,2026-10-04,20,Sunday,True,15.580433333333334
20261004_183717,2026-10-04 18:37:25.174000+00:00,Luzern,local,ch:1:sloid:8450,"Luzern, Bahnhof",ch:1:sloid:8450::11,2026-10-04,ch:1:sjyid:100619:plan:ad2e220b-fc9e-4a28-a86f-bdc3077e899a,bus,Bus,19,19,46004,"Luzern, Bahnhof",Friedental,R,,2026-10-04 18:55:00+00:00,2026-10-04 18:55:00+00:00,,True,0.0,2026-10-04 20:37:25.174000+02:00,2026-10-04 20:55:00+02:00,2026-10-04 20:55:00+02:00,2026-10-04,20,Sunday,True,17.580433333333335
20261004_183717,2026-10-04 18:37:25.174000+00:00,Luzern,local,ch:1:sloid:8450,"Luzern, Bahnhof",ch:1:sloid:8450::23,2026-10-04,ch:1:sjyid:100619:plan:5c6eec76-3d5a-4ebb-968a-ac1f4d435c04,bus,Bus,2,2,10985,"Luzern, Bahnhof",E'brücke Sprengi,Y,,2026-10-04 18:58:00+00:00,2026-10-04 19:00:48+00:00,,True,2.8,2026-10-04 20:37:25.174000+02:00,2026-10-04 20:58:00+02:00,2026-10-04 21:00:48+02:00,2026-10-04,20,Sunday,True,20.580433333333335
20261004_183717,2026-10-04 18:37:25.174000+00:00,Luzern,local,ch:1:sloid:8450,"Luzern, Bahnhof",ch:1:sloid:8450::2,2026-10-04,ch:1:sjyid:100619:plan:2abd8aef-20f2-4843-9fc6-e70de264f31e,bus,Bus,14,14,39664,"Horw, Zentrum",Brüelstrasse,B,,2026-10-04 18:59:36+00:00,2026-10-04 18:59:36+00:00,,True,0.0,2026-10-04 20:37:25.174000+02:00,2026-10-04 20:59:36+02:00,2026-10-04 20:59:36+02:00,2026-10-04,20,Sunday,True,22.180433333333333
20261004_183717,2026-10-04 18:37:25.174000+00:00,Luzern,local,ch:1:sloid:8450,"Luzern, Bahnhof",ch:1:sloid:8450::2,2026-10-04,ch:1:sjyid:100619:plan:b599efc5-bf7d-4c27-857e-52154f89d964,bus,Bus,7,7,26230,"Horw, Biregghof",Unterlöchli,B,,2026-10-04 19:00:00+00:00,2026-10-04 19:00:00+00:00,,True,0.0,2026-10-04 20:37:25.174000+02:00,2026-10-04 21:00:00+02:00,2026-10-04 21:00:00+02:00,2026-10-04,21,Sunday,True,22.580433333333335
20261004_183717,2026-10-04 18:37:25.174000+00:00,Luzern,local,ch:1:sloid:8450,"Luzern, Bahnhof",ch:1:sloid:8450::16,2026-10-04,ch:1:sjyid:100619:plan:61348048-ef19-4856-be88-a5469f949806,bus,Bus,4,4,15669,"Luzern, Bahnhof",Hubelmatt,V,,2026-10-04 19:00:00+00:00,2026-10-04 19:00:00+00:00,,True,0.0,2026-10-04 20:37:25.174000+02:00,2026-10-04 21:00:00+02:00,2026-10-04 21:00:00+02:00,2026-10-04,21,Sunday,True,22.580433333333335
20261004_183717,2026-10-04 18:37:25.174000+00:00,Luzern,local,ch:1:sloid:8450,"Luzern, Bahnhof",ch:1:sloid:8450::1,2026-10-04,ch:1:sjyid:100619:plan:83665aed-bbdd-4c8d-bdf6-14e9e93c7378,bus,Bus,7,7,26239,"Luzern, Unterlöchli",Horw Biregghof,A,,2026-10-04 19:00:00+00:00,2026-10-04 19:00:00+00:00,,True,0.0,2026-10-04 20:37:25.174000+02:00,2026-10-04 21:00:00+02:00,2026-10-04 21:00:00+02:00,2026-10-04,21,Sunday,True,22.580433333333335
20261004_183717,2026-10-04 18:37:25.174000+00:00,Luzern,local,ch:1:sloid:8450,"Luzern, Bahnhof",ch:1:sloid:8450::2,2026-10-04,ch:1:sjyid:100619:plan:24ce9cb6-ae74-4651-a6fb-967561428e4b,bus,Bus,1,1,5734,"Obernau, Dorf",Ebikon Fildern,B,,2026-10-04 19:01:00+00:00,2026-10-04 19:01:00+00:00,,True,0.0,2026-10-04 20:37:25.174000+02:00,2026-10-04 21:01:00+02:00,2026-10-04 21:01:00+02:00,2026-10-04,21,Sunday,True,23.580433333333335
20261004_183717,2026-10-04 18:37:25.174000+00:00,Luzern,local,ch:1:sloid:8450,"Luzern, Bahnhof",ch:1:sloid:8450::12,2026-10-04,ch:1:sjyid:100619:plan:87158883-db09-4b94-8f51-780e41a4bd7a,bus,Bus,24,24,60422,"Luzern, Bahnhof",Meggen Tschädigen,S,,2026-10-04 19:01:00+00:00,2026-10-04 19:01:00+00:00,,True,0.0,2026-10-04 20:37:25.174000+02:00,2026-10-04 21:01:00+02:00,2026-10-04 21:01:00+02:00,2026-10-04,21,Sunday,True,23.580433333333335
20261004_183717,2026-10-04 18:37:25.174000+00:00,Luzern,local,ch:1:sloid:8450,"Luzern, Bahnhof",ch:1:sloid:8450::20,2026-10-04,ch:1:sjyid:100619:plan:28a3dffb-e6a2-4337-8184-f0fa4b3089b1,bus,Bus,12,12,85525,"Luzern, Bahnhof",Gasshof,M,,2026-10-04 19:01:00+00:00,2026-10-04 19:01:00+00:00,,True,0.0,2026-10-04 20:37:25.174000+02:00,2026-10-04 21:01:00+02:00,2026-10-04 21:01:00+02:00,2026-10-04,21,Sunday,True,23.580433333333335
20261004_183717,2026-10-04 18:37:25.174000+00:00,Luzern,local,ch:1:sloid:8450,"Luzern, Bahnhof",ch:1:sloid:8450::14,2026-10-04,ch:1:sjyid:100619:plan:5914bf5c-2396-42d8-ba50-3fcf923c97ba,bus,Bus,21,21,53385,"Luzern, Bahnhof",Horw Zentrum,Q,,2026-10-04 19:03:00+00:00,2026-10-04 19:03:00+00:00,,True,0.0,2026-10-04 20:37:25.174000+02:00,2026-10-04 21:03:00+02:00,2026-10-04 21:03:00+02:00,2026-10-04,21,Sunday,True,25.580433333333335
20261004_183717,2026-10-04 18:37:25.694000+00:00,St. Gallen,local,ch:1:sloid:74095,"St. Gallen, Bahnhof",ch:1:sloid:74095:0:989159,2026-10-04,ch:1:sjyid:100684:SKI-1517,bus,Bus,1,1,1517,"St. Gallen, Stephanshorn",Winkeln,A,,2026-10-04 18:37:00+00:00,2026-10-04 18:37:00+00:00,,True,0.0,2026-10-04 20:37:25.694000+02:00,2026-10-04 20:37:00+02:00,2026-10-04 20:37:00+02:00,2026-10-04,20,Sunday,True,-0.4282333333333333
20261004_183717,2026-10-04 18:37:25.694000+00:00,St. Gallen,local,ch:1:sloid:74095,"St. Gallen, Bahnhof",ch:1:sloid:74095:0:606657,2026-10-04,ch:1:sjyid:100684:SKI-9320,bus,Bus,9,9,9320,"St. Gallen, Hölzli",Sonne,I,,2026-10-04 18:38:00+00:00,2026-10-04 18:38:48+00:00,,True,0.8,2026-10-04 20:37:25.694000+02:00,2026-10-04 20:38:00+02:00,2026-10-04 20:38:48+02:00,2026-10-04,20,Sunday,True,0.5717666666666666
20261004_183717,2026-10-04 18:37:25.694000+00:00,St. Gallen,local,ch:1:sloid:74095,"St. Gallen, Bahnhof",ch:1:sloid:74095:0:894224,2026-10-04,ch:1:sjyid:100684:SKI-6496,bus,Bus,6,6,6496,"St. Gallen, Bach St. Georgen",Heiligkreuz,E,,2026-10-04 18:38:00+00:00,2026-10-04 18:38:00+00:00,,True,0.0,2026-10-04 20:37:25.694000+02:00,2026-10-04 20:38:00+02:00,2026-10-04 20:38:00+02:00,2026-10-04,20,Sunday,True,0.5717666666666666
20261004_183717,2026-10-04 18:37:25.694000+00:00,St. Gallen,local,ch:1:sloid:74095,"St. Gallen, Bahnhof",ch:1:sloid:74095:0:174964,2026-10-04,ch:1:sjyid:100684:SKI-9321,bus,Bus,9,9,9321,"St. Gallen, Rotmonten",Hölzli,C,,2026-10-04 18:40:00+00:00,2026-10-04 18:40:00+00:00,,True,0.0,2026-10-04 20:37:25.694000+02:00,2026-10-04 20:40:00+02:00,2026-10-04 20:40:00+02:00,2026-10-04,20,Sunday,True,2.571766666666667
20261004_183717,2026-10-04 18:37:25.694000+00:00,St. Gallen,local,ch:1:sloid:74095,"St. Gallen, Bahnhof",ch:1:sloid:74095:0:181274,2026-10-04,ch:1:sjyid:100684:SKI-1514,bus,Bus,1,1,1514,"St. Gallen, Wolfganghof",Stephanshorn,B,,2026-10-04 18:40:00+00:00,2026-10-04 18:40:00+00:00,,True,0.0,2026-10-04 20:37:25.694000+02:00,2026-10-04 20:40:00+02:00,2026-10-04 20:40:00+02:00,2026-10-04,20,Sunday,True,2.571766666666667
20261004_183717,2026-10-04 18:37:25.694000+00:00,St. Gallen,local,ch:1:sloid:74095,"St. Gallen, Bahnhof",ch:1:sloid:74095:0:606657,2026-10-04,ch:1:sjyid:100684:SKI-7328,bus,Bus,7,7,7328,"St. Gallen, Hinterberg",Neudorf / R'str.,I,,2026-10-04 18:42:00+00:00,2026-10-04 18:42:00+00:00,,True,0.0,2026-10-04 20:37:25.694000+02:00,2026-10-04 20:42:00+02:00,2026-10-04 20:42:00+02:00,2026-10-04,20,Sunday,True,4.571766666666666
20261004_183717,2026-10-04 18:37:25.694000+00:00,St. Gallen,local,ch:1:sloid:74095,"St. Gallen, Bahnhof",ch:1:sloid:74095:0:888081,2026-10-04,ch:1:sjyid:100684:SKI-3295,bus,Bus,3,3,3295,"St. Gallen, Heiligkreuz","Abtwil SG, St.Josefen",F,,2026-10-04 18:44:00+00:00,2026-10-04 18:45:30+00:00,,True,1.5,2026-10-04 20:37:25.694000+02:00,2026-10-04 20:44:00+02:00,2026-10-04 20:45:30+02:00,2026-10-04,20,Sunday,True,6.571766666666666
20261004_183717,2026-10-04 18:37:25.694000+00:00,St. Gallen,local,ch:1:sloid:74095,"St. Gallen, Bahnhof",ch:1:sloid:74095:0:894224,2026-10-04,ch:1:sjyid:100684:SKI-3292,bus,Bus,3,3,3292,"Abtwil SG, St. Josefen",Heiligkreuz,E,,2026-10-04 18:44:00+00:00,2026-10-04 18:44:00+00:00,,True,0.0,2026-10-04 20:37:25.694000+02:00,2026-10-04 20:44:00+02:00,2026-10-04 20:44:00+02:00,2026-10-04,20,Sunday,True,6.571766666666666
20261004_183717,2026-10-04 18:37:25.694000+00:00,St. Gallen,local,ch:1:sloid:74095,"St. Gallen, Bahnhof",ch:1:sloid:74095:0:541287,2026-10-04,ch:1:sjyid:100684:SKI-8337,bus,Bus,8,8,8337,"St. Gallen, Neudorf/R'str.",Wendeplatz Stocken,H,,2026-10-04 18:45:00+00:00,2026-10-04 18:45:00+00:00,,True,0.0,2026-10-04 20:37:25.694000+02:00,2026-10-04 20:45:00+02:00,2026-10-04 20:45:00+02:00,2026-10-04,20,Sunday,True,7.571766666666666
20261004_183717,2026-10-04 18:37:25.694000+00:00,St. Gallen,local,ch:1:sloid:74095,"St. Gallen, Bahnhof",ch:1:sloid:74095:0:886128,2026-10-04,ch:1:sjyid:100602:73de3664-3c69-446b-a009-52a6dea07f03,bus,Bus,200,200,30024,"St. Gallen, Bahnhof",Wittenbach  Arbon,G,,2026-10-04 18:45:00+00:00,2026-10-04 18:45:00+00:00,,True,0.0,2026-10-04 20:37:25.694000+02:00,2026-10-04 20:45:00+02:00,2026-10-04 20:45:00+02:00,2026-10-04,20,Sunday,True,7.571766666666666
20261004_183717,2026-10-04 18:37:25.694000+00:00,St. Gallen,local,ch:1:sloid:74095,"St. Gallen, Bahnhof",ch:1:sloid:74095:0:989159,2026-10-04,ch:1:sjyid:100684:SKI-2513,bus,Bus,2,2,2513,"St. Gallen, Guggeien",Wolfganghof,A,,2026-10-04 18:47:00+00:00,2026-10-04 18:47:00+00:00,,True,0.0,2026-10-04 20:37:25.694000+02:00,2026-10-04 20:47:00+02:00,2026-10-04 20:47:00+02:00,2026-10-04,20,Sunday,True,9.571766666666667
20261004_183717,2026-10-04 18:37:25.694000+00:00,St. Gallen,local,ch:1:sloid:74095,"St. Gallen, Bahnhof",ch:1:sloid:74095:0:541287,2026-10-04,ch:1:sjyid:100684:SKI-6511,bus,Bus,6,6,6511,"St. Gallen, Heiligkreuz",Bach St.Georgen,H,,2026-10-04 18:48:00+00:00,2026-10-04 18:48:00+00:00,,True,0.0,2026-10-04 20:37:25.694000+02:00,2026-10-04 20:48:00+02:00,2026-10-04 20:48:00+02:00,2026-10-04,20,Sunday,True,10.571766666666667
20261004_183717,2026-10-04 18:37:25.694000+00:00,St. Gallen,local,ch:1:sloid:74095,"St. Gallen, Bahnhof",ch:1:sloid:74095:0:181274,2026-10-04,ch:1:sjyid:100684:SKI-2516,bus,Bus,2,2,2516,"St. Gallen, Winkeln",Guggeien,B,,2026-10-04 18:50:00+00:00,2026-10-04 18:50:12+00:00,,True,0.2,2026-10-04 20:37:25.694000+02:00,2026-10-04 20:50:00+02:00,2026-10-04 20:50:12+02:00,2026-10-04,20,Sunday,True,12.571766666666667
20261004_183717,2026-10-04 18:37:25.694000+00:00,St. Gallen,local,ch:1:sloid:74095,"St. Gallen, Bahnhof",ch:1:sloid:74095:0:606657,2026-10-04,ch:1:sjyid:100684:SKI-10308,bus,Bus,10,10,10308,"St. Gallen, Bahnhof",Röteli,I,,2026-10-04 18:51:00+00:00,2026-10-04 18:51:00+00:00,,True,0.0,2026-10-04 20:37:25.694000+02:00,2026-10-04 20:51:00+02:00,2026-10-04 20:51:00+02:00,2026-10-04,20,Sunday,True,13.571766666666667
20261004_183717,2026-10-04 18:37:25.694000+00:00,St. Gallen,local,ch:1:sloid:74095,"St. Gallen, Bahnhof",ch:1:sloid:74095:0:606657,2026-10-04,ch:1:sjyid:100684:SKI-5498,bus,Bus,5,5,5498,"St. Gallen, Riethüsli",Rotmonten,I,,2026-10-04 18:53:00+00:00,2026-10-04 18:53:00+00:00,,True,0.0,2026-10-04 20:37:25.694000+02:00,2026-10-04 20:53:00+02:00,2026-10-04 20:53:00+02:00,2026-10-04,20,Sunday,True,15.571766666666667
20261004_183717,2026-10-04 18:37:25.694000+00:00,St. Gallen,local,ch:1:sloid:74095,"St. Gallen, Bahnhof",ch:1:sloid:74095:0:541287,2026-10-04,ch:1:sjyid:100684:SKI-5509,bus,Bus,5,5,5509,"St. Gallen, Rotmonten",Riethüsli,H,,2026-10-04 18:56:00+00:00,2026-10-04 18:56:00+00:00,,True,0.0,2026-10-04 20:37:25.694000+02:00,2026-10-04 20:56:00+02:00,2026-10-04 20:56:00+02:00,2026-10-04,20,Sunday,True,18.57176666666667
20261004_183717,2026-10-04 18:37:25.694000+00:00,St. Gallen,local,ch:1:sloid:74095,"St. Gallen, Bahnhof",ch:1:sloid:74095:0:989159,2026-10-04,ch:1:sjyid:100684:SKI-1525,bus,Bus,1,1,1525,"St. Gallen, Stephanshorn",Winkeln,A,,2026-10-04 18:57:00+00:00,2026-10-04 18:57:00+00:00,,True,0.0,2026-10-04 20:37:25.694000+02:00,2026-10-04 20:57:00+02:00,2026-10-04 20:57:00+02:00,2026-10-04,20,Sunday,True,19.57176666666667
20261004_183717,2026-10-04 18:37:25.694000+00:00,St. Gallen,local,ch:1:sloid:74095,"St. Gallen, Bahnhof",ch:1:sloid:74095:0:943524,2026-10-04,ch:1:sjyid:100684:SKI-11170,bus,Bus,11,11,11170,"St. Gallen, Bahnhof","Wit., Abacus-Platz",J,,2026-10-04 18:57:00+00:00,2026-10-04 18:57:00+00:00,,True,0.0,2026-10-04 20:37:25.694000+02:00,2026-10-04 20:57:00+02:00,2026-10-04 20:57:00+02:00,2026-10-04,20,Sunday,True,19.57176666666667
20261004_183717,2026-10-04 18:37:25.694000+00:00,St. Gallen,local,ch:1:sloid:74095,"St. Gallen, Bahnhof",ch:1:sloid:74095:0:606657,2026-10-04,ch:1:sjyid:100684:SKI-8328,bus,Bus,8,8,8328,"St. Gallen, Wendeplatz Stocken",Neudorf / R'str.,I,,2026-10-04 18:57:00+00:00,2026-10-04 18:57:00+00:00,,True,0.0,2026-10-04 20:37:25.694000+02:00,2026-10-04 20:57:00+02:00,2026-10-04 20:57:00+02:00,2026-10-04,20,Sunday,True,19.57176666666667
20261004_183717,2026-10-04 18:37:25.694000+00:00,St. Gallen,local,ch:1:sloid:74095,"St. Gallen, Bahnhof",ch:1:sloid:74095:0:606657,2026-10-04,ch:1:sjyid:100684:SKI-9326,bus,Bus,9,9,9326,"St. Gallen, Hölzli",Sonne,I,,2026-10-04 18:58:00+00:00,2026-10-04 18:58:00+00:00,,True,0.0,2026-10-04 20:37:25.694000+02:00,2026-10-04 20:58:00+02:00,2026-10-04 20:58:00+02:00,2026-10-04,20,Sunday,True,20.57176666666667
20261004_183717,2026-10-04 18:37:25.694000+00:00,St. Gallen,local,ch:1:sloid:74095,"St. Gallen, Bahnhof",ch:1:sloid:74095:0:894224,2026-10-04,ch:1:sjyid:100684:SKI-6504,bus,Bus,6,6,6504,"St. Gallen, Bach St. Georgen",Heiligkreuz,E,,2026-10-04 18:58:00+00:00,2026-10-04 18:58:00+00:00,,True,0.0,2026-10-04 20:37:25.694000+02:00,2026-10-04 20:58:00+02:00,2026-10-04 20:58:00+02:00,2026-10-04,20,Sunday,True,20.57176666666667
20261004_183717,2026-10-04 18:37:25.694000+00:00,St. Gallen,local,ch:1:sloid:74095,"St. Gallen, Bahnhof",ch:1:sloid:74095:0:888081,2026-10-04,ch:1:sjyid:100684:SKI-4295,bus,Bus,4,4,4295,"Wittenbach, Bahnhof","Abtwil SG, St.Josefen",F,,2026-10-04 18:59:00+00:00,2026-10-04 18:59:00+00:00,,True,0.0,2026-10-04 20:37:25.694000+02:00,2026-10-04 20:59:00+02:00,2026-10-04 20:59:00+02:00,2026-10-04,20,Sunday,True,21.57176666666667
20261004_183717,2026-10-04 18:37:25.694000+00:00,St. Gallen,local,ch:1:sloid:74095,"St. Gallen, Bahnhof",ch:1:sloid:74095:0:482413,2026-10-04,ch:1:sjyid:100602:6e97758b-f7bb-4fcf-93b5-bfb7f5198cd5,bus,Bus,120,120,13016,"Engelburg, Dorfplatz",Heiden,D,,2026-10-04 18:59:00+00:00,2026-10-04 18:59:00+00:00,,True,0.0,2026-10-04 20:37:25.694000+02:00,2026-10-04 20:59:00+02:00,2026-10-04 20:59:00+02:00,2026-10-04,20,Sunday,True,21.57176666666667
20261004_183717,2026-10-04 18:37:25.694000+00:00,St. Gallen,local,ch:1:sloid:74095,"St. Gallen, Bahnhof",ch:1:sloid:74095:0:894224,2026-10-04,ch:1:sjyid:100684:SKI-4302,bus,Bus,4,4,4302,"Abtwil SG, St. Josefen","Wittenbach, Bahnhof",E,,2026-10-04 18:59:00+00:00,2026-10-04 18:59:00+00:00,,True,0.0,2026-10-04 20:37:25.694000+02:00,2026-10-04 20:59:00+02:00,2026-10-04 20:59:00+02:00,2026-10-04,20,Sunday,True,21.57176666666667
20261004_183717,2026-10-04 18:37:25.694000+00:00,St. Gallen,local,ch:1:sloid:74095,"St. Gallen, Bahnhof",ch:1:sloid:74095:0:174964,2026-10-04,ch:1:sjyid:100684:SKI-9325,bus,Bus,9,9,9325,"St. Gallen, Rotmonten",Hölzli,C,,2026-10-04 19:00:00+00:00,2026-10-04 19:00:00+00:00,,True,0.0,2026-10-04 20:37:25.694000+02:00,2026-10-04 21:00:00+02:00,2026-10-04 21:00:00+02:00,2026-10-04,21,Sunday,True,22.57176666666667
20261004_183717,2026-10-04 18:37:25.694000+00:00,St. Gallen,local,ch:1:sloid:74095,"St. Gallen, Bahnhof",ch:1:sloid:74095:0:541287,2026-10-04,ch:1:sjyid:100684:SKI-7345,bus,Bus,7,7,7345,"St. Gallen, Neudorf/R'str.",Hinterberg,H,,2026-10-04 19:00:00+00:00,2026-10-04 19:00:00+00:00,,True,0.0,2026-10-04 20:37:25.694000+02:00,2026-10-04 21:00:00+02:00,2026-10-04 21:00:00+02:00,2026-10-04,21,Sunday,True,22.57176666666667
20261004_183717,2026-10-04 18:37:25.694000+00:00,St. Gallen,local,ch:1:sloid:74095,"St. Gallen, Bahnhof",ch:1:sloid:74095:0:886128,2026-10-04,ch:1:sjyid:100602:d6423c92-694e-431c-ae91-fe94dd813b9d,bus,Bus,210,210,21066,"St. Gallen, Bahnhof",Arbon,G,,2026-10-04 19:00:00+00:00,2026-10-04 19:00:00+00:00,,True,0.0,2026-10-04 20:37:25.694000+02:00,2026-10-04 21:00:00+02:00,2026-10-04 21:00:00+02:00,2026-10-04,21,Sunday,True,22.57176666666667
20261004_183717,2026-10-04 18:37:25.694000+00:00,St. Gallen,local,ch:1:sloid:74095,"St. Gallen, Bahnhof",ch:1:sloid:74095:0:181274,2026-10-04,ch:1:sjyid:100684:SKI-1518,bus,Bus,1,1,1518,"St. Gallen, Wolfganghof",Stephanshorn,B,,2026-10-04 19:00:00+00:00,2026-10-04 19:00:00+00:00,,True,0.0,2026-10-04 20:37:25.694000+02:00,2026-10-04 21:00:00+02:00,2026-10-04 21:00:00+02:00,2026-10-04,21,Sunday,True,22.57176666666667
20261004_183717,2026-10-04 18:37:25.694000+00:00,St. Gallen,local,ch:1:sloid:74095,"St. Gallen, Bahnhof",ch:1:sloid:74095:0:541287,2026-10-04,ch:1:sjyid:100684:SKI-10201,bus,Bus,10,10,10201,"St. Gallen, Röteli",Oberhofstetten,H,,2026-10-04 19:04:00+00:00,2026-10-04 19:04:00+00:00,,True,0.0,2026-10-04 20:37:25.694000+02:00,2026-10-04 21:04:00+02:00,2026-10-04 21:04:00+02:00,2026-10-04,21,Sunday,True,26.57176666666667
20261004_183717,2026-10-04 18:37:25.694000+00:00,St. Gallen,local,ch:1:sloid:74095,"St. Gallen, Bahnhof",ch:1:sloid:74095:0:174964,2026-10-04,ch:1:sjyid:100602:7f923237-72e4-40ea-b2b4-542731a8f964,bus,Bus,120,120,13023,"Heiden, Post",Engelburg,C,,2026-10-04 19:06:00+00:00,2026-10-04 19:06:00+00:00,,True,0.0,2026-10-04 20:37:25.694000+02:00,2026-10-04 21:06:00+02:00,2026-10-04 21:06:00+02:00,2026-10-04,21,Sunday,True,28.57176666666667
20261004_183717,2026-10-04 18:37:26.505000+00:00,Lausanne,local,ch:1:sloid:92050,"Lausanne, gare",ch:1:sloid:92050:0:1096,2026-10-04,ch:1:sjyid:100122:plan2:m2_0391,metro,Metro,m2,m2,720391,"Lausanne, Ouchy-Olympique","Epalinges, Croisettes",,,2026-10-04 18:37:00+00:00,,,False,,2026-10-04 20:37:26.505000+02:00,2026-10-04 20:37:00+02:00,,2026-10-04,20,Sunday,True,-0.44175
20261004_183717,2026-10-04 18:37:26.505000+00:00,Lausanne,local,ch:1:sloid:92050,"Lausanne, gare",ch:1:sloid:92050:0:1101,2026-10-04,ch:1:sjyid:100122:plan2:m2_0352,metro,Metro,m2,m2,720352,"Epalinges, Croisettes","Lausanne, Ouchy-Olympique",,,2026-10-04 18:38:00+00:00,,,False,,2026-10-04 20:37:26.505000+02:00,2026-10-04 20:38:00+02:00,,2026-10-04,20,Sunday,True,0.5582499999999999
20261004_183717,2026-10-04 18:37:26.505000+00:00,Lausanne,local,ch:1:sloid:92050,"Lausanne, gare",ch:1:sloid:92050:0:2814,2026-10-04,ch:1:sjyid:100122:plan1:2026_ATT2-03-20-Dimanche-3-9715542,bus,Bus,3,3,3093,"Lausanne, gare",Maillefer,D,,2026-10-04 18:40:00+00:00,2026-10-04 18:40:00+00:00,,True,0.0,2026-10-04 20:37:26.505000+02:00,2026-10-04 20:40:00+02:00,2026-10-04 20:40:00+02:00,2026-10-04,20,Sunday,True,2.55825
20261004_183717,2026-10-04 18:37:26.505000+00:00,Lausanne,local,ch:1:sloid:92050,"Lausanne, gare",ch:1:sloid:92050:0:2893,2026-10-04,ch:1:sjyid:100122:plan1:2026_ATT4-01-40-Dimanche-1-9845979,bus,Bus,1,1,1097,"Lausanne, Maladière",Blécherette,A,,2026-10-04 18:40:00+00:00,2026-10-04 18:41:42+00:00,,True,1.7,2026-10-04 20:37:26.505000+02:00,2026-10-04 20:40:00+02:00,2026-10-04 20:41:42+02:00,2026-10-04,20,Sunday,True,2.55825
20261004_183717,2026-10-04 18:37:26.505000+00:00,Lausanne,local,ch:1:sloid:92050,"Lausanne, gare",ch:1:sloid:92050:0:2892,2026-10-04,ch:1:sjyid:100122:plan1:2026_ATT4-01-40-Dimanche-1-9845913,bus,Bus,1,1,1200,"Lausanne, Blécherette",Maladière,B,,2026-10-04 18:41:00+00:00,2026-10-04 18:43:54+00:00,,True,2.9,2026-10-04 20:37:26.505000+02:00,2026-10-04 20:41:00+02:00,2026-10-04 20:43:54+02:00,2026-10-04,20,Sunday,True,3.55825
20261004_183717,2026-10-04 18:37:26.505000+00:00,Lausanne,local,ch:1:sloid:92050,"Lausanne, gare",ch:1:sloid:92050:0:2893,2026-10-04,ch:1:sjyid:100122:plan1:2026_ATT5-21-50-Dimanche-21-10018142,bus,Bus,21,21,21206,"Lausanne, Blécherette",Verrière,A,,2026-10-04 18:41:00+00:00,2026-10-04 18:43:48+00:00,,True,2.8,2026-10-04 20:37:26.505000+02:00,2026-10-04 20:41:00+02:00,2026-10-04 20:43:48+02:00,2026-10-04,20,Sunday,True,3.55825
20261004_183717,2026-10-04 18:37:26.505000+00:00,Lausanne,local,ch:1:sloid:92050,"Lausanne, gare",ch:1:sloid:92050:0:1096,2026-10-04,ch:1:sjyid:100122:plan2:m2_0199,metro,Metro,m2,m2,720199,"Lausanne, Ouchy-Olympique","Epalinges, Croisettes",,,2026-10-04 18:42:00+00:00,,,False,,2026-10-04 20:37:26.505000+02:00,2026-10-04 20:42:00+02:00,,2026-10-04,20,Sunday,True,4.55825
20261004_183717,2026-10-04 18:37:26.505000+00:00,Lausanne,local,ch:1:sloid:92050,"Lausanne, gare",ch:1:sloid:92050:0:1101,2026-10-04,ch:1:sjyid:100122:plan2:m2_0148,metro,Metro,m2,m2,720148,"Epalinges, Croisettes","Lausanne, Ouchy-Olympique",,,2026-10-04 18:43:00+00:00,,,False,,2026-10-04 20:37:26.505000+02:00,2026-10-04 20:43:00+02:00,,2026-10-04,20,Sunday,True,5.55825
20261004_183717,2026-10-04 18:37:26.505000+00:00,Lausanne,local,ch:1:sloid:92050,"Lausanne, gare",ch:1:sloid:92050:0:1096,2026-10-04,ch:1:sjyid:100122:plan2:m2_0251,metro,Metro,m2,m2,720251,"Lausanne, Ouchy-Olympique","Epalinges, Croisettes",,,2026-10-04 18:47:00+00:00,,,False,,2026-10-04 20:37:26.505000+02:00,2026-10-04 20:47:00+02:00,,2026-10-04,20,Sunday,True,9.55825
20261004_183717,2026-10-04 18:37:26.505000+00:00,Lausanne,local,ch:1:sloid:92050,"Lausanne, gare",ch:1:sloid:92050:0:2815,2026-10-04,ch:1:sjyid:100122:plan1:2026_ATT3-20-30-Dimanche-20-9772161,bus,Bus,20,20,20057,"Lausanne, gare",Blécherette,C,,2026-10-04 18:47:00+00:00,2026-10-04 18:47:00+00:00,,True,0.0,2026-10-04 20:37:26.505000+02:00,2026-10-04 20:47:00+02:00,2026-10-04 20:47:00+02:00,2026-10-04,20,Sunday,True,9.55825
20261004_183717,2026-10-04 18:37:26.505000+00:00,Lausanne,local,ch:1:sloid:92050,"Lausanne, gare",ch:1:sloid:92050:0:1101,2026-10-04,ch:1:sjyid:100122:plan2:m2_0430,metro,Metro,m2,m2,720430,"Epalinges, Croisettes","Lausanne, Ouchy-Olympique",,,2026-10-04 18:48:00+00:00,,,False,,2026-10-04 20:37:26.505000+02:00,2026-10-04 20:48:00+02:00,,2026-10-04,20,Sunday,True,10.55825
20261004_183717,2026-10-04 18:37:26.505000+00:00,Lausanne,local,ch:1:sloid:92050,"Lausanne, gare",ch:1:sloid:92050:0:2814,2026-10-04,ch:1:sjyid:100122:plan1:2026_ATT5-21-50-Dimanche-21-10018037,bus,Bus,21,21,21099,"Paudex, Verrière",Blécherette,D,,2026-10-04 18:49:00+00:00,2026-10-04 18:49:36+00:00,,True,0.6,2026-10-04 20:37:26.505000+02:00,2026-10-04 20:49:00+02:00,2026-10-04 20:49:36+02:00,2026-10-04,20,Sunday,True,11.55825
20261004_183717,2026-10-04 18:37:26.505000+00:00,Lausanne,local,ch:1:sloid:92050,"Lausanne, gare",ch:1:sloid:92050:0:2814,2026-10-04,ch:1:sjyid:100122:plan1:2026_ATT2-03-20-Dimanche-3-9715444,bus,Bus,3,3,3094,"Lausanne, gare",Maillefer,D,,2026-10-04 18:50:00+00:00,2026-10-04 18:50:00+00:00,,True,0.0,2026-10-04 20:37:26.505000+02:00,2026-10-04 20:50:00+02:00,2026-10-04 20:50:00+02:00,2026-10-04,20,Sunday,True,12.55825
20261004_183717,2026-10-04 18:37:26.505000+00:00,Lausanne,local,ch:1:sloid:92050,"Lausanne, gare",ch:1:sloid:92050:0:2893,2026-10-04,ch:1:sjyid:100122:plan1:2026_ATT4-01-40-Dimanche-1-9846016,bus,Bus,1,1,1098,"Lausanne, Maladière",Blécherette,A,,2026-10-04 18:50:00+00:00,2026-10-04 18:42:12+00:00,,True,-7.8,2026-10-04 20:37:26.505000+02:00,2026-10-04 20:50:00+02:00,2026-10-04 20:42:12+02:00,2026-10-04,20,Sunday,True,12.55825
20261004_183717,2026-10-04 18:37:26.505000+00:00,Lausanne,local,ch:1:sloid:92050,"Lausanne, gare",ch:1:sloid:92050:0:2893,2026-10-04,ch:1:sjyid:100122:plan1:2026_ATT5-21-50-Dimanche-21-10018102,bus,Bus,21,21,21207,"Lausanne, Blécherette",Verrière,A,,2026-10-04 18:50:00+00:00,2026-10-04 18:49:36+00:00,,True,-0.4,2026-10-04 20:37:26.505000+02:00,2026-10-04 20:50:00+02:00,2026-10-04 20:49:36+02:00,2026-10-04,20,Sunday,True,12.55825
20261004_183717,2026-10-04 18:37:26.505000+00:00,Lausanne,local,ch:1:sloid:92050,"Lausanne, gare",ch:1:sloid:92050:0:2892,2026-10-04,ch:1:sjyid:100122:plan1:2026_ATT4-01-40-Dimanche-1-9845914,bus,Bus,1,1,1201,"Lausanne, Blécherette",Maladière,B,,2026-10-04 18:51:00+00:00,2026-10-04 18:50:48+00:00,,True,-0.2,2026-10-04 20:37:26.505000+02:00,2026-10-04 20:51:00+02:00,2026-10-04 20:50:48+02:00,2026-10-04,20,Sunday,True,13.55825
20261004_183717,2026-10-04 18:37:26.505000+00:00,Lausanne,local,ch:1:sloid:92050,"Lausanne, gare",ch:1:sloid:92050:0:1096,2026-10-04,ch:1:sjyid:100122:plan2:m2_0353,metro,Metro,m2,m2,720353,"Lausanne, Ouchy-Olympique","Epalinges, Croisettes",,,2026-10-04 18:52:00+00:00,,,False,,2026-10-04 20:37:26.505000+02:00,2026-10-04 20:52:00+02:00,,2026-10-04,20,Sunday,True,14.55825
20261004_183717,2026-10-04 18:37:26.505000+00:00,Lausanne,local,ch:1:sloid:92050,"Lausanne, gare",ch:1:sloid:92050:0:1101,2026-10-04,ch:1:sjyid:100122:plan2:m2_0302,metro,Metro,m2,m2,720302,"Epalinges, Croisettes","Lausanne, Ouchy-Olympique",,,2026-10-04 18:53:00+00:00,,,False,,2026-10-04 20:37:26.505000+02:00,2026-10-04 20:53:00+02:00,,2026-10-04,20,Sunday,True,15.55825
20261004_183717,2026-10-04 18:37:26.505000+00:00,Lausanne,local,ch:1:sloid:92050,"Lausanne, gare",ch:1:sloid:92050:0:1096,2026-10-04,ch:1:sjyid:100122:plan2:m2_0149,metro,Metro,m2,m2,720149,"Lausanne, Ouchy-Olympique","Epalinges, Croisettes",,,2026-10-04 18:57:00+00:00,,,False,,2026-10-04 20:37:26.505000+02:00,2026-10-04 20:57:00+02:00,,2026-10-04,20,Sunday,True,19.558249999999997
20261004_183717,2026-10-04 18:37:26.505000+00:00,Lausanne,local,ch:1:sloid:92050,"Lausanne, gare",ch:1:sloid:92050:0:2814,2026-10-04,ch:1:sjyid:100122:plan1:2026_ATT5-21-50-Dimanche-21-10018141,bus,Bus,21,21,21100,"Paudex, Verrière",Blécherette,D,,2026-10-04 18:57:00+00:00,2026-10-04 18:57:00+00:00,,True,0.0,2026-10-04 20:37:26.505000+02:00,2026-10-04 20:57:00+02:00,2026-10-04 20:57:00+02:00,2026-10-04,20,Sunday,True,19.558249999999997
20261004_183717,2026-10-04 18:37:26.505000+00:00,Lausanne,local,ch:1:sloid:92050,"Lausanne, gare",ch:1:sloid:92050:0:1101,2026-10-04,ch:1:sjyid:100122:plan2:m2_0044,metro,Metro,m2,m2,720044,"Epalinges, Croisettes","Lausanne, Ouchy-Olympique",,,2026-10-04 18:58:00+00:00,,,False,,2026-10-04 20:37:26.505000+02:00,2026-10-04 20:58:00+02:00,,2026-10-04,20,Sunday,True,20.558249999999997
20261004_183717,2026-10-04 18:37:26.505000+00:00,Lausanne,local,ch:1:sloid:92050,"Lausanne, gare",ch:1:sloid:92050:0:2814,2026-10-04,ch:1:sjyid:100122:plan1:2026_ATT2-03-20-Dimanche-3-9715445,bus,Bus,3,3,3095,"Lausanne, gare",Maillefer,D,,2026-10-04 19:00:00+00:00,2026-10-04 19:00:00+00:00,,True,0.0,2026-10-04 20:37:26.505000+02:00,2026-10-04 21:00:00+02:00,2026-10-04 21:00:00+02:00,2026-10-04,21,Sunday,True,22.558249999999997
20261004_183717,2026-10-04 18:37:26.505000+00:00,Lausanne,local,ch:1:sloid:92050,"Lausanne, gare",ch:1:sloid:92050:0:2893,2026-10-04,ch:1:sjyid:100122:plan1:2026_ATT4-01-40-Dimanche-1-9845980,bus,Bus,1,1,1099,"Lausanne, Maladière",Blécherette,A,,2026-10-04 19:00:00+00:00,2026-10-04 19:00:00+00:00,,True,0.0,2026-10-04 20:37:26.505000+02:00,2026-10-04 21:00:00+02:00,2026-10-04 21:00:00+02:00,2026-10-04,21,Sunday,True,22.558249999999997
20261004_183717,2026-10-04 18:37:26.505000+00:00,Lausanne,local,ch:1:sloid:92050,"Lausanne, gare",ch:1:sloid:92050:0:2892,2026-10-04,ch:1:sjyid:100122:plan1:2026_ATT4-01-40-Dimanche-1-9846014,bus,Bus,1,1,1202,"Lausanne, Blécherette",Maladière,B,,2026-10-04 19:01:00+00:00,2026-10-04 19:01:00+00:00,,True,0.0,2026-10-04 20:37:26.505000+02:00,2026-10-04 21:01:00+02:00,2026-10-04 21:01:00+02:00,2026-10-04,21,Sunday,True,23.558249999999997
20261004_183717,2026-10-04 18:37:26.505000+00:00,Lausanne,local,ch:1:sloid:92050,"Lausanne, gare",ch:1:sloid:92050:0:1096,2026-10-04,ch:1:sjyid:100122:plan2:m2_0431,metro,Metro,m2,m2,720431,"Lausanne, Ouchy-Olympique","Epalinges, Croisettes",,,2026-10-04 19:02:00+00:00,,,False,,2026-10-04 20:37:26.505000+02:00,2026-10-04 21:02:00+02:00,,2026-10-04,21,Sunday,True,24.558249999999997
20261004_183717,2026-10-04 18:37:26.505000+00:00,Lausanne,local,ch:1:sloid:92050,"Lausanne, gare",ch:1:sloid:92050:0:2815,2026-10-04,ch:1:sjyid:100122:plan1:2026_ATT3-20-30-Dimanche-20-9772162,bus,Bus,20,20,20058,"Lausanne, gare",Blécherette,C,,2026-10-04 19:02:00+00:00,2026-10-04 19:02:00+00:00,,True,0.0,2026-10-04 20:37:26.505000+02:00,2026-10-04 21:02:00+02:00,2026-10-04 21:02:00+02:00,2026-10-04,21,Sunday,True,24.558249999999997
20261004_183717,2026-10-04 18:37:26.505000+00:00,Lausanne,local,ch:1:sloid:92050,"Lausanne, gare",ch:1:sloid:92050:0:2893,2026-10-04,ch:1:sjyid:100122:plan1:2026_ATT5-21-50-Dimanche-21-10018103,bus,Bus,21,21,21208,"Lausanne, Blécherette",Verrière,A,,2026-10-04 19:02:00+00:00,2026-10-04 19:04:42+00:00,,True,2.7,2026-10-04 20:37:26.505000+02:00,2026-10-04 21:02:00+02:00,2026-10-04 21:04:42+02:00,2026-10-04,21,Sunday,True,24.558249999999997
20261004_183717,2026-10-04 18:37:26.505000+00:00,Lausanne,local,ch:1:sloid:92050,"Lausanne, gare",ch:1:sloid:92050:0:1101,2026-10-04,ch:1:sjyid:100122:plan2:m2_0096,metro,Metro,m2,m2,720096,"Epalinges, Croisettes","Lausanne, Ouchy-Olympique",,,2026-10-04 19:03:00+00:00,,,False,,2026-10-04 20:37:26.505000+02:00,2026-10-04 21:03:00+02:00,,2026-10-04,21,Sunday,True,25.558249999999997
20261004_183717,2026-10-04 18:37:26.505000+00:00,Lausanne,local,ch:1:sloid:92050,"Lausanne, gare",ch:1:sloid:92050:0:2814,2026-10-04,ch:1:sjyid:100122:plan1:2026_ATT2-03-20-Dimanche-3-9715540,bus,Bus,3,3,3096,"Lausanne, gare",Casernes,D,,2026-10-04 19:05:00+00:00,2026-10-04 19:05:00+00:00,,True,0.0,2026-10-04 20:37:26.505000+02:00,2026-10-04 21:05:00+02:00,2026-10-04 21:05:00+02:00,2026-10-04,21,Sunday,True,27.558249999999997
20261004_183717,2026-10-04 18:37:26.505000+00:00,Lausanne,local,ch:1:sloid:92050,"Lausanne, gare",ch:1:sloid:92050:0:2814,2026-10-04,ch:1:sjyid:100122:plan1:2026_ATT5-21-50-Dimanche-21-10018129,bus,Bus,21,21,21101,"Paudex, Verrière",Blécherette,D,,2026-10-04 19:05:00+00:00,2026-10-04 19:05:00+00:00,,True,0.0,2026-10-04 20:37:26.505000+02:00,2026-10-04 21:05:00+02:00,2026-10-04 21:05:00+02:00,2026-10-04,21,Sunday,True,27.558249999999997
20261004_183717,2026-10-04 18:37:27.288000+00:00,Genève,local,ch:1:sloid:87057,"Genève, gare Cornavin",ch:1:sloid:87057:0:408265,2026-10-04,ch:1:sjyid:100680:HAS-26-15-10-Dimanche-35072938,tram,Tram,15,15,636064,"Plan-les-Ouates, ZIPLO",Nations,E,,2026-10-04 18:22:00+00:00,2026-10-04 18:22:00+00:00,,True,0.0,2026-10-04 20:37:27.288000+02:00,2026-10-04 20:22:00+02:00,2026-10-04 20:22:00+02:00,2026-10-04,20,Sunday,True,-15.4548
20261004_183717,2026-10-04 18:37:27.288000+00:00,Genève,local,ch:1:sloid:87057,"Genève, gare Cornavin",ch:1:sloid:87057:0:89811,2026-10-04,ch:1:sjyid:100680:HAS-26-14-10-Dimanche-35073297,tram,Tram,14,14,636411,"Bernex, Vailly",Meyrin-Gravière,H,,2026-10-04 18:34:00+00:00,2026-10-04 18:37:00+00:00,,True,3.0,2026-10-04 20:37:27.288000+02:00,2026-10-04 20:34:00+02:00,2026-10-04 20:37:00+02:00,2026-10-04,20,Sunday,True,-3.4548
20261004_183717,2026-10-04 18:37:27.288000+00:00,Genève,local,ch:1:sloid:87057,"Genève, gare Cornavin",ch:1:sloid:87057:0:698638,2026-10-04,ch:1:sjyid:100680:HAS-26-03-0-Dimanche-33819675,bus,Bus,3,3,552319,"Genève, Crêts-de-Champel",Gardiol,F,,2026-10-04 18:37:00+00:00,2026-10-04 18:37:24+00:00,,True,0.4,2026-10-04 20:37:27.288000+02:00,2026-10-04 20:37:00+02:00,2026-10-04 20:37:24+02:00,2026-10-04,20,Sunday,True,-0.4548
20261004_183717,2026-10-04 18:37:27.288000+00:00,Genève,local,ch:1:sloid:87057,"Genève, gare Cornavin",ch:1:sloid:87057:0:233278,2026-10-04,ch:1:sjyid:100680:HAS-26-18-10-Dimanche-35073536,tram,Tram,18,18,636593,"Meyrin, CERN",Palettes,I,,2026-10-04 18:38:00+00:00,2026-10-04 18:37:24+00:00,,True,-0.6,2026-10-04 20:37:27.288000+02:00,2026-10-04 20:38:00+02:00,2026-10-04 20:37:24+02:00,2026-10-04,20,Sunday,True,0.5452
20261004_183717,2026-10-04 18:37:27.288000+00:00,Genève,local,ch:1:sloid:87057,"Genève, gare Cornavin",ch:1:sloid:87057:0:589555,2026-10-04,ch:1:sjyid:100680:HAS-26-02-06-19-1-Dimanche-34653605,bus,Bus,19,19,617965,"Vernier, village",Onex-Cité,L,,2026-10-04 18:40:00+00:00,2026-10-04 18:40:42+00:00,,True,0.7,2026-10-04 20:37:27.288000+02:00,2026-10-04 20:40:00+02:00,2026-10-04 20:40:42+02:00,2026-10-04,20,Sunday,True,2.5452
20261004_183717,2026-10-04 18:37:27.288000+00:00,Genève,local,ch:1:sloid:87057,"Genève, gare Cornavin",ch:1:sloid:87057:0:408265,2026-10-04,ch:1:sjyid:100680:HAS-26-015925-70-Dimanche-35915852,bus,Bus,25,25,732564,"Thônex, Vallard",Jardin Botanique,E,,2026-10-04 18:40:00+00:00,2026-10-04 18:39:30+00:00,,True,-0.5,2026-10-04 20:37:27.288000+02:00,2026-10-04 20:40:00+02:00,2026-10-04 20:39:30+02:00,2026-10-04,20,Sunday,True,2.5452
20261004_183717,2026-10-04 18:37:27.288000+00:00,Genève,local,ch:1:sloid:87057,"Genève, gare Cornavin",ch:1:sloid:87057:0:46188,2026-10-04,ch:1:sjyid:100680:HAS-26-015925-70-Dimanche-35915881,bus,Bus,25,25,732593,"Genève, Jardin Botanique",Thônex-Vallard,D,,2026-10-04 18:41:00+00:00,2026-10-04 18:47:30+00:00,,True,6.5,2026-10-04 20:37:27.288000+02:00,2026-10-04 20:41:00+02:00,2026-10-04 20:47:30+02:00,2026-10-04,20,Sunday,True,3.5452
20261004_183717,2026-10-04 18:37:27.288000+00:00,Genève,local,ch:1:sloid:87057,"Genève, gare Cornavin",ch:1:sloid:87057:0:50679,2026-10-04,ch:1:sjyid:100680:HAS-26-60-61-25-Dimanche-35325299,bus,Bus,60,60,671679,"Genève, gare Cornavin",Ferney-Mairie,J,,2026-10-04 18:41:00+00:00,2026-10-04 18:41:00+00:00,,True,0.0,2026-10-04 20:37:27.288000+02:00,2026-10-04 20:41:00+02:00,2026-10-04 20:41:00+02:00,2026-10-04,20,Sunday,True,3.5452
20261004_183717,2026-10-04 18:37:27.288000+00:00,Genève,local,ch:1:sloid:87057,"Genève, gare Cornavin",ch:1:sloid:87057:0:408265,2026-10-04,ch:1:sjyid:100680:HAS-26-15-10-Dimanche-35072940,tram,Tram,15,15,636066,"Plan-les-Ouates, ZIPLO",Nations,E,,2026-10-04 18:42:00+00:00,2026-10-04 18:43:12+00:00,,True,1.2,2026-10-04 20:37:27.288000+02:00,2026-10-04 20:42:00+02:00,2026-10-04 20:43:12+02:00,2026-10-04,20,Sunday,True,4.5451999999999995
20261004_183717,2026-10-04 18:37:27.288000+00:00,Genève,local,ch:1:sloid:87057,"Genève, gare Cornavin",ch:1:sloid:87057:0:233278,2026-10-04,ch:1:sjyid:100680:HAS-26-14-10-Dimanche-35073310,tram,Tram,14,14,636424,"Meyrin, Gravière",Bernex-Vailly,I,,2026-10-04 18:42:00+00:00,2026-10-04 18:44:00+00:00,,True,2.0,2026-10-04 20:37:27.288000+02:00,2026-10-04 20:42:00+02:00,2026-10-04 20:44:00+02:00,2026-10-04,20,Sunday,True,4.5451999999999995
20261004_183717,2026-10-04 18:37:27.288000+00:00,Genève,local,ch:1:sloid:87057,"Genève, gare Cornavin",ch:1:sloid:87057:0:50679,2026-10-04,ch:1:sjyid:100680:HAS-26-08-20-13-Dimanche-35206471,bus,Bus,8,8,646581,"Veyrier, douane",Palexpo,J,,2026-10-04 18:42:00+00:00,,,False,,2026-10-04 20:37:27.288000+02:00,2026-10-04 20:42:00+02:00,,2026-10-04,20,Sunday,True,4.5451999999999995
20261004_183717,2026-10-04 18:37:27.288000+00:00,Genève,local,ch:1:sloid:87057,"Genève, gare Cornavin",ch:1:sloid:87057:0:589555,2026-10-04,ch:1:sjyid:100680:HAS-26-10-0-Dimanche-33796842,bus,Bus,10,10,549833,"Genève-Aéroport, Terminal",Rive,L,,2026-10-04 18:43:00+00:00,2026-10-04 18:43:18+00:00,,True,0.3,2026-10-04 20:37:27.288000+02:00,2026-10-04 20:43:00+02:00,2026-10-04 20:43:18+02:00,2026-10-04,20,Sunday,True,5.5451999999999995
20261004_183717,2026-10-04 18:37:27.288000+00:00,Genève,local,ch:1:sloid:87057,"Genève, gare Cornavin",ch:1:sloid:87057:0:89811,2026-10-04,ch:1:sjyid:100680:HAS-26-14-10-Dimanche-35073298,tram,Tram,14,14,636412,"Bernex, Vailly",Meyrin-Gravière,H,,2026-10-04 18:44:00+00:00,2026-10-04 18:42:06+00:00,,True,-1.9,2026-10-04 20:37:27.288000+02:00,2026-10-04 20:44:00+02:00,2026-10-04 20:42:06+02:00,2026-10-04,20,Sunday,True,6.5451999999999995
20261004_183717,2026-10-04 18:37:27.288000+00:00,Genève,local,ch:1:sloid:87057,"Genève, gare Cornavin",ch:1:sloid:87057:0:589555,2026-10-04,ch:1:sjyid:100680:HAS-26-02-06-19-1-Dimanche-34654054,bus,Bus,19,19,618285,"Vernier, village",Jonction,L,,2026-10-04 18:45:00+00:00,2026-10-04 18:44:54+00:00,,True,-0.1,2026-10-04 20:37:27.288000+02:00,2026-10-04 20:45:00+02:00,2026-10-04 20:44:54+02:00,2026-10-04,20,Sunday,True,7.5451999999999995
20261004_183717,2026-10-04 18:37:27.288000+00:00,Genève,local,ch:1:sloid:87057,"Genève, gare Cornavin",ch:1:sloid:87057:0:783875,2026-10-04,ch:1:sjyid:100680:HAS-26-02-06-19-1-Dimanche-34653609,bus,Bus,6,6,617969,"Genève, Plage",Vernier-Village,K,,2026-10-04 18:47:00+00:00,2026-10-04 18:47:18+00:00,,True,0.3,2026-10-04 20:37:27.288000+02:00,2026-10-04 20:47:00+02:00,2026-10-04 20:47:18+02:00,2026-10-04,20,Sunday,True,9.5452
20261004_183717,2026-10-04 18:37:27.288000+00:00,Genève,local,ch:1:sloid:87057,"Genève, gare Cornavin",ch:1:sloid:87057:0:651350,2026-10-04,ch:1:sjyid:100680:HAS-26-015925-70-Dimanche-35915656,bus,Bus,5,5,730333,"Genève-Aéroport, Terminal",Thônex-Vallard,B,,2026-10-04 18:48:00+00:00,2026-10-04 18:48:24+00:00,,True,0.4,2026-10-04 20:37:27.288000+02:00,2026-10-04 20:48:00+02:00,2026-10-04 20:48:24+02:00,2026-10-04,20,Sunday,True,10.5452
20261004_183717,2026-10-04 18:37:27.288000+00:00,Genève,local,ch:1:sloid:87057,"Genève, gare Cornavin",ch:1:sloid:87057:0:89811,2026-10-04,ch:1:sjyid:100680:HAS-26-18-10-Dimanche-35073476,tram,Tram,18,18,636533,"Grand-Lancy, Palettes",CERN,H,,2026-10-04 18:48:00+00:00,2026-10-04 18:47:00+00:00,,True,-1.0,2026-10-04 20:37:27.288000+02:00,2026-10-04 20:48:00+02:00,2026-10-04 20:47:00+02:00,2026-10-04,20,Sunday,True,10.5452
20261004_183717,2026-10-04 18:37:27.288000+00:00,Genève,local,ch:1:sloid:87057,"Genève, gare Cornavin",ch:1:sloid:87057:0:783875,2026-10-04,ch:1:sjyid:100680:HAS-26-10-0-Dimanche-33796845,bus,Bus,10,10,549835,"Genève, Rive",Genève-Aéroport-Terminal,K,,2026-10-04 18:48:00+00:00,2026-10-04 18:48:00+00:00,,True,0.0,2026-10-04 20:37:27.288000+02:00,2026-10-04 20:48:00+02:00,2026-10-04 20:48:00+02:00,2026-10-04,20,Sunday,True,10.5452
20261004_183717,2026-10-04 18:37:27.288000+00:00,Genève,local,ch:1:sloid:87057,"Genève, gare Cornavin",ch:1:sloid:87057:0:408265,2026-10-04,ch:1:sjyid:100680:HAS-26-015925-70-Dimanche-35915939,bus,Bus,1,1,732651,"Thônex, Hôpital Trois-Chêne",Jardin Botanique,E,,2026-10-04 18:49:00+00:00,2026-10-04 18:49:18+00:00,,True,0.3,2026-10-04 20:37:27.288000+02:00,2026-10-04 20:49:00+02:00,2026-10-04 20:49:18+02:00,2026-10-04,20,Sunday,True,11.5452
20261004_183717,2026-10-04 18:37:27.288000+00:00,Genève,local,ch:1:sloid:87057,"Genève, gare Cornavin",ch:1:sloid:87057:0:408265,2026-10-04,ch:1:sjyid:100680:HAS-26-15-10-Dimanche-35072941,tram,Tram,15,15,636067,"Plan-les-Ouates, ZIPLO",Nations,E,,2026-10-04 18:52:00+00:00,2026-10-04 18:53:30+00:00,,True,1.5,2026-10-04 20:37:27.288000+02:00,2026-10-04 20:52:00+02:00,2026-10-04 20:53:30+02:00,2026-10-04,20,Sunday,True,14.5452
20261004_183717,2026-10-04 18:37:27.288000+00:00,Genève,local,ch:1:sloid:87057,"Genève, gare Cornavin",ch:1:sloid:87057:0:589555,2026-10-04,ch:1:sjyid:100680:HAS-26-02-06-19-1-Dimanche-34653558,bus,Bus,6,6,617932,"Vernier, village",Genève-Plage,L,,2026-10-04 18:52:00+00:00,2026-10-04 18:53:06+00:00,,True,1.1,2026-10-04 20:37:27.288000+02:00,2026-10-04 20:52:00+02:00,2026-10-04 20:53:06+02:00,2026-10-04,20,Sunday,True,14.5452
20261004_183717,2026-10-04 18:37:27.288000+00:00,Genève,local,ch:1:sloid:87057,"Genève, gare Cornavin",ch:1:sloid:87057:0:233278,2026-10-04,ch:1:sjyid:100680:HAS-26-14-10-Dimanche-35073311,tram,Tram,14,14,636425,"Meyrin, Gravière",Bernex-Vailly,I,,2026-10-04 18:52:00+00:00,2026-10-04 18:54:48+00:00,,True,2.8,2026-10-04 20:37:27.288000+02:00,2026-10-04 20:52:00+02:00,2026-10-04 20:54:48+02:00,2026-10-04,20,Sunday,True,14.5452
20261004_183717,2026-10-04 18:37:27.288000+00:00,Genève,local,ch:1:sloid:87057,"Genève, gare Cornavin",ch:1:sloid:87057:0:651350,2026-10-04,ch:1:sjyid:100680:HAS-26-08-20-13-Dimanche-35206322,bus,Bus,20,20,646469,"Bellevue GE, Valavran",Veyrier-Tournettes,B,,2026-10-04 18:52:00+00:00,2026-10-04 18:53:00+00:00,,True,1.0,2026-10-04 20:37:27.288000+02:00,2026-10-04 20:52:00+02:00,2026-10-04 20:53:00+02:00,2026-10-04,20,Sunday,True,14.5452
20261004_183717,2026-10-04 18:37:27.288000+00:00,Genève,local,ch:1:sloid:87057,"Genève, gare Cornavin",ch:1:sloid:87057:0:783875,2026-10-04,ch:1:sjyid:100680:HAS-26-015925-70-Dimanche-35915982,bus,Bus,9,9,730743,"Thônex, Belle-Terre Pl. Araire",Lignon-Tours,K,,2026-10-04 18:52:00+00:00,2026-10-04 18:52:12+00:00,,True,0.2,2026-10-04 20:37:27.288000+02:00,2026-10-04 20:52:00+02:00,2026-10-04 20:52:12+02:00,2026-10-04,20,Sunday,True,14.5452
20261004_183717,2026-10-04 18:37:27.288000+00:00,Genève,local,ch:1:sloid:87057,"Genève, gare Cornavin",ch:1:sloid:87057:0:46188,2026-10-04,ch:1:sjyid:100680:HAS-26-15-10-Dimanche-35072955,tram,Tram,15,15,636081,"Genève, Nations",ZIPLO,D,,2026-10-04 18:53:00+00:00,2026-10-04 18:53:36+00:00,,True,0.6,2026-10-04 20:37:27.288000+02:00,2026-10-04 20:53:00+02:00,2026-10-04 20:53:36+02:00,2026-10-04,20,Sunday,True,15.5452
20261004_183717,2026-10-04 18:37:27.288000+00:00,Genève,local,ch:1:sloid:87057,"Genève, gare Cornavin",ch:1:sloid:87057:0:46188,2026-10-04,ch:1:sjyid:100680:HAS-26-015925-70-Dimanche-35915912,bus,Bus,1,1,732624,"Genève, Jardin Botanique",Hôpital Trois-Chêne,D,,2026-10-04 18:53:00+00:00,2026-10-04 18:53:36+00:00,,True,0.6,2026-10-04 20:37:27.288000+02:00,2026-10-04 20:53:00+02:00,2026-10-04 20:53:36+02:00,2026-10-04,20,Sunday,True,15.5452
20261004_183717,2026-10-04 18:37:27.288000+00:00,Genève,local,ch:1:sloid:87057,"Genève, gare Cornavin",ch:1:sloid:87057:0:89811,2026-10-04,ch:1:sjyid:100680:HAS-26-14-10-Dimanche-35073299,tram,Tram,14,14,636413,"Bernex, Vailly",Meyrin-Gravière,H,,2026-10-04 18:53:00+00:00,2026-10-04 18:55:00+00:00,,True,2.0,2026-10-04 20:37:27.288000+02:00,2026-10-04 20:53:00+02:00,2026-10-04 20:55:00+02:00,2026-10-04,20,Sunday,True,15.5452
20261004_183717,2026-10-04 18:37:27.288000+00:00,Genève,local,ch:1:sloid:87057,"Genève, gare Cornavin",ch:1:sloid:87057:0:698638,2026-10-04,ch:1:sjyid:100680:HAS-26-03-0-Dimanche-33819674,bus,Bus,3,3,552318,"Genève, Crêts-de-Champel",Gardiol,F,,2026-10-04 18:53:00+00:00,2026-10-04 18:53:00+00:00,,True,0.0,2026-10-04 20:37:27.288000+02:00,2026-10-04 20:53:00+02:00,2026-10-04 20:53:00+02:00,2026-10-04,20,Sunday,True,15.5452
20261004_183717,2026-10-04 18:37:27.288000+00:00,Genève,local,ch:1:sloid:87057,"Genève, gare Cornavin",ch:1:sloid:87057:0:50679,2026-10-04,ch:1:sjyid:100680:HAS-26-015925-70-Dimanche-35915607,bus,Bus,5,5,732370,"Thônex, Vallard",Genève-Aéroport-Terminal,J,,2026-10-04 18:53:00+00:00,2026-10-04 18:52:06+00:00,,True,-0.9,2026-10-04 20:37:27.288000+02:00,2026-10-04 20:53:00+02:00,2026-10-04 20:52:06+02:00,2026-10-04,20,Sunday,True,15.5452
20261004_183717,2026-10-04 18:37:27.896000+00:00,Lugano,local,ch:1:sloid:5380,"Lugano, Stazione",ch:1:sloid:5380::407001,2026-10-04,ch:1:sjyid:100754:a7ac455c-4fb3-4015-954b-ebf576118402,bus,Bus,6,6,6259,"Lugano, Stazione","Lugano, Cornaredo",A,,2026-10-04 18:39:00+00:00,2026-10-04 18:39:00+00:00,,True,0.0,2026-10-04 20:37:27.896000+02:00,2026-10-04 20:39:00+02:00,2026-10-04 20:39:00+02:00,2026-10-04,20,Sunday,True,1.5350666666666666
20261004_183717,2026-10-04 18:37:27.896000+00:00,Lugano,local,ch:1:sloid:5380,"Lugano, Stazione",ch:1:sloid:5380::407001,2026-10-04,ch:1:sjyid:100754:08069e8f-9833-4c53-b7ca-b5b990c8403a,bus,Bus,2,2,2276,"Castagnola, Capolinea","Paradiso, Carzo",A,,2026-10-04 18:39:30+00:00,2026-10-04 18:43:06+00:00,,True,3.6,2026-10-04 20:37:27.896000+02:00,2026-10-04 20:39:30+02:00,2026-10-04 20:43:06+02:00,2026-10-04,20,Sunday,True,2.035066666666667
20261004_183717,2026-10-04 18:37:27.896000+00:00,Lugano,local,ch:1:sloid:5380,"Lugano, Stazione",ch:1:sloid:5380::407002,2026-10-04,ch:1:sjyid:100754:0e19cfec-ee33-48a3-9912-9b2b77204185,bus,Bus,4,4,4235,"Lugano, Belvedere","Comano, Studio TV",B,,2026-10-04 18:44:00+00:00,2026-10-04 18:44:00+00:00,,True,0.0,2026-10-04 20:37:27.896000+02:00,2026-10-04 20:44:00+02:00,2026-10-04 20:44:00+02:00,2026-10-04,20,Sunday,True,6.535066666666666
20261004_183717,2026-10-04 18:37:27.896000+00:00,Lugano,local,ch:1:sloid:5380,"Lugano, Stazione",ch:1:sloid:5380::407001,2026-10-04,ch:1:sjyid:100754:f8af821d-c0f2-40f6-a113-81dd8a20d138,bus,Bus,4,4,4242,"Comano, Studio TV","Lugano, Belvedere",A,,2026-10-04 18:46:00+00:00,2026-10-04 18:46:00+00:00,,True,0.0,2026-10-04 20:37:27.896000+02:00,2026-10-04 20:46:00+02:00,2026-10-04 20:46:00+02:00,2026-10-04,20,Sunday,True,8.535066666666667
20261004_183717,2026-10-04 18:37:27.896000+00:00,Lugano,local,ch:1:sloid:5380,"Lugano, Stazione",ch:1:sloid:5380::407001,2026-10-04,ch:1:sjyid:100754:9f947be7-e406-40e7-bebf-1b10b212c182,bus,Bus,6,6,6261,"Lugano, Stazione","Lugano, Cornaredo",A,,2026-10-04 18:54:00+00:00,,,False,,2026-10-04 20:37:27.896000+02:00,2026-10-04 20:54:00+02:00,,2026-10-04,20,Sunday,True,16.53506666666667
20261004_183717,2026-10-04 18:37:27.896000+00:00,Lugano,local,ch:1:sloid:5380,"Lugano, Stazione",ch:1:sloid:5380::407001,2026-10-04,ch:1:sjyid:100754:ef9de580-7790-4047-807f-a056a5627a90,bus,Bus,2,2,2278,"Castagnola, Capolinea","Paradiso, Carzo",A,,2026-10-04 18:54:30+00:00,2026-10-04 18:54:30+00:00,,True,0.0,2026-10-04 20:37:27.896000+02:00,2026-10-04 20:54:30+02:00,2026-10-04 20:54:30+02:00,2026-10-04,20,Sunday,True,17.03506666666667
20261004_183717,2026-10-04 18:37:27.896000+00:00,Lugano,local,ch:1:sloid:5380,"Lugano, Stazione",ch:1:sloid:5380::407002,2026-10-04,ch:1:sjyid:100754:556ca1ad-9dce-4f2d-8d83-34bcfdb11010,bus,Bus,4,4,4237,"Lugano, Belvedere","Canobbio, Ganna",B,,2026-10-04 18:59:00+00:00,2026-10-04 18:59:00+00:00,,True,0.0,2026-10-04 20:37:27.896000+02:00,2026-10-04 20:59:00+02:00,2026-10-04 20:59:00+02:00,2026-10-04,20,Sunday,True,21.53506666666667
20261004_183717,2026-10-04 18:37:27.896000+00:00,Lugano,local,ch:1:sloid:5380,"Lugano, Stazione",ch:1:sloid:5380::407001,2026-10-04,ch:1:sjyid:100754:73bb8015-989a-4f4d-95c3-9a02cc965253,bus,Bus,4,4,4246,"Canobbio, Ganna","Lugano, Belvedere",A,,2026-10-04 19:01:00+00:00,2026-10-04 19:01:00+00:00,,True,0.0,2026-10-04 20:37:27.896000+02:00,2026-10-04 21:01:00+02:00,2026-10-04 21:01:00+02:00,2026-10-04,21,Sunday,True,23.53506666666667
20261004_183717,2026-10-04 18:37:27.896000+00:00,Lugano,local,ch:1:sloid:5380,"Lugano, Stazione",ch:1:sloid:5380::407001,2026-10-04,ch:1:sjyid:100754:be8cc443-4e14-40c7-a5e6-9f43bc418e6c,bus,Bus,6,6,6263,"Lugano, Stazione","Lugano, Cornaredo",A,,2026-10-04 19:09:00+00:00,,,False,,2026-10-04 20:37:27.896000+02:00,2026-10-04 21:09:00+02:00,,2026-10-04,21,Sunday,True,31.53506666666667
20261004_183717,2026-10-04 18:37:27.896000+00:00,Lugano,local,ch:1:sloid:5380,"Lugano, Stazione",ch:1:sloid:5380::407001,2026-10-04,ch:1:sjyid:100754:af7e6676-e94c-4fdc-9930-6f17588f0687,bus,Bus,2,2,2280,"Castagnola, Capolinea","Paradiso, Carzo",A,,2026-10-04 19:09:30+00:00,,,False,,2026-10-04 20:37:27.896000+02:00,2026-10-04 21:09:30+02:00,,2026-10-04,21,Sunday,True,32.035066666666665
20261004_183717,2026-10-04 18:37:27.896000+00:00,Lugano,local,ch:1:sloid:5380,"Lugano, Stazione",ch:1:sloid:5380::407002,2026-10-04,ch:1:sjyid:100754:7a8a3c5d-dfda-4c5b-9ee5-4bdc67eebe51,bus,Bus,4,4,4239,"Lugano, Belvedere","Comano, Studio TV",B,,2026-10-04 19:14:00+00:00,2026-10-04 19:14:00+00:00,,True,0.0,2026-10-04 20:37:27.896000+02:00,2026-10-04 21:14:00+02:00,2026-10-04 21:14:00+02:00,2026-10-04,21,Sunday,True,36.535066666666665
20261004_183717,2026-10-04 18:37:27.896000+00:00,Lugano,local,ch:1:sloid:5380,"Lugano, Stazione",ch:1:sloid:5380::407001,2026-10-04,ch:1:sjyid:100754:3a1ac2cd-214b-4e94-89df-b563a867dd7c,bus,Bus,4,4,4248,"Comano, Studio TV","Lugano, Belvedere",A,,2026-10-04 19:16:00+00:00,2026-10-04 19:16:00+00:00,,True,0.0,2026-10-04 20:37:27.896000+02:00,2026-10-04 21:16:00+02:00,2026-10-04 21:16:00+02:00,2026-10-04,21,Sunday,True,38.535066666666665
20261004_183717,2026-10-04 18:37:27.896000+00:00,Lugano,local,ch:1:sloid:5380,"Lugano, Stazione",ch:1:sloid:5380::407001,2026-10-04,ch:1:sjyid:100754:59b6a7ac-e81e-48df-b15d-13b4efd8f137,bus,Bus,6,6,6265,"Lugano, Stazione","Lugano, Cornaredo",A,,2026-10-04 19:24:00+00:00,,,False,,2026-10-04 20:37:27.896000+02:00,2026-10-04 21:24:00+02:00,,2026-10-04,21,Sunday,True,46.535066666666665
20261004_183717,2026-10-04 18:37:27.896000+00:00,Lugano,local,ch:1:sloid:5380,"Lugano, Stazione",ch:1:sloid:5380::407001,2026-10-04,ch:1:sjyid:100754:beefc67f-1cda-4ea2-8f31-3c7158d7470d,bus,Bus,2,2,2282,"Castagnola, Capolinea","Paradiso, Carzo",A,,2026-10-04 19:24:30+00:00,2026-10-04 19:24:30+00:00,,True,0.0,2026-10-04 20:37:27.896000+02:00,2026-10-04 21:24:30+02:00,2026-10-04 21:24:30+02:00,2026-10-04,21,Sunday,True,47.035066666666665
20261004_183717,2026-10-04 18:37:27.896000+00:00,Lugano,local,ch:1:sloid:5380,"Lugano, Stazione",ch:1:sloid:5380::407002,2026-10-04,ch:1:sjyid:100754:551b026b-08b4-464b-8955-9400748adfc1,bus,Bus,4,4,4241,"Lugano, Belvedere","Canobbio, Ganna",B,,2026-10-04 19:29:00+00:00,2026-10-04 19:29:00+00:00,,True,0.0,2026-10-04 20:37:27.896000+02:00,2026-10-04 21:29:00+02:00,2026-10-04 21:29:00+02:00,2026-10-04,21,Sunday,True,51.535066666666665
20261004_183717,2026-10-04 18:37:27.896000+00:00,Lugano,local,ch:1:sloid:5380,"Lugano, Stazione",ch:1:sloid:5380::407001,2026-10-04,ch:1:sjyid:100754:6ed7e6db-6d10-468f-8741-797d2ab695b5,bus,Bus,4,4,4250,"Canobbio, Ganna","Lugano, Belvedere",A,,2026-10-04 19:31:00+00:00,2026-10-04 19:31:00+00:00,,True,0.0,2026-10-04 20:37:27.896000+02:00,2026-10-04 21:31:00+02:00,2026-10-04 21:31:00+02:00,2026-10-04,21,Sunday,True,53.535066666666665
20261004_183717,2026-10-04 18:37:27.896000+00:00,Lugano,local,ch:1:sloid:5380,"Lugano, Stazione",ch:1:sloid:5380::407001,2026-10-04,ch:1:sjyid:100754:da2680c9-7509-4f04-a433-ad328ae6ae55,bus,Bus,6,6,6267,"Lugano, Stazione","Lugano, Cornaredo",A,,2026-10-04 19:39:00+00:00,,,False,,2026-10-04 20:37:27.896000+02:00,2026-10-04 21:39:00+02:00,,2026-10-04,21,Sunday,True,61.535066666666665
20261004_183717,2026-10-04 18:37:27.896000+00:00,Lugano,local,ch:1:sloid:5380,"Lugano, Stazione",ch:1:sloid:5380::407001,2026-10-04,ch:1:sjyid:100754:3482035b-f1ce-4396-9106-2b36750c3e56,bus,Bus,2,2,2284,"Castagnola, Capolinea","Paradiso, Carzo",A,,2026-10-04 19:39:30+00:00,2026-10-04 19:39:30+00:00,,True,0.0,2026-10-04 20:37:27.896000+02:00,2026-10-04 21:39:30+02:00,2026-10-04 21:39:30+02:00,2026-10-04,21,Sunday,True,62.035066666666665
20261004_183717,2026-10-04 18:37:27.896000+00:00,Lugano,local,ch:1:sloid:5380,"Lugano, Stazione",ch:1:sloid:5380::407002,2026-10-04,ch:1:sjyid:100754:d899a991-d6c3-4711-83be-7c3e14901cbc,bus,Bus,4,4,4243,"Lugano, Belvedere","Comano, Studio TV",B,,2026-10-04 19:44:00+00:00,,,False,,2026-10-04 20:37:27.896000+02:00,2026-10-04 21:44:00+02:00,,2026-10-04,21,Sunday,True,66.53506666666667
20261004_183717,2026-10-04 18:37:27.896000+00:00,Lugano,local,ch:1:sloid:5380,"Lugano, Stazione",ch:1:sloid:5380::407001,2026-10-04,ch:1:sjyid:100754:fa01d731-705e-4bf7-992c-649bb1db0bfc,bus,Bus,4,4,4252,"Comano, Studio TV","Lugano, Belvedere",A,,2026-10-04 19:46:00+00:00,2026-10-04 19:46:00+00:00,,True,0.0,2026-10-04 20:37:27.896000+02:00,2026-10-04 21:46:00+02:00,2026-10-04 21:46:00+02:00,2026-10-04,21,Sunday,True,68.53506666666667
20261004_183717,2026-10-04 18:37:27.896000+00:00,Lugano,local,ch:1:sloid:5380,"Lugano, Stazione",ch:1:sloid:5380::407001,2026-10-04,ch:1:sjyid:100754:31f014e7-b9f9-4b50-bd13-6f5164ddc5f9,bus,Bus,6,6,6269,"Lugano, Stazione","Lugano, Cornaredo",A,,2026-10-04 19:54:00+00:00,,,False,,2026-10-04 20:37:27.896000+02:00,2026-10-04 21:54:00+02:00,,2026-10-04,21,Sunday,True,76.53506666666667
20261004_183717,2026-10-04 18:37:27.896000+00:00,Lugano,local,ch:1:sloid:5380,"Lugano, Stazione",ch:1:sloid:5380::407001,2026-10-04,ch:1:sjyid:100754:a8b280f7-94a5-4466-891e-75e65f6ccdba,bus,Bus,2,2,2286,"Castagnola, Capolinea","Paradiso, Carzo",A,,2026-10-04 19:54:30+00:00,2026-10-04 19:54:30+00:00,,True,0.0,2026-10-04 20:37:27.896000+02:00,2026-10-04 21:54:30+02:00,2026-10-04 21:54:30+02:00,2026-10-04,21,Sunday,True,77.03506666666667
20261004_183717,2026-10-04 18:37:27.896000+00:00,Lugano,local,ch:1:sloid:5380,"Lugano, Stazione",ch:1:sloid:5380::407002,2026-10-04,ch:1:sjyid:100754:a4df95c6-4842-4d76-b61b-3880803b74c4,bus,Bus,4,4,4245,"Lugano, Belvedere","Canobbio, Ganna",B,,2026-10-04 19:59:00+00:00,,,False,,2026-10-04 20:37:27.896000+02:00,2026-10-04 21:59:00+02:00,,2026-10-04,21,Sunday,True,81.53506666666667
20261004_183717,2026-10-04 18:37:27.896000+00:00,Lugano,local,ch:1:sloid:5380,"Lugano, Stazione",ch:1:sloid:5380::407001,2026-10-04,ch:1:sjyid:100754:b351fc1a-ff83-4ab6-8fa2-0dd3d1f79a02,bus,Bus,4,4,4254,"Canobbio, Ganna","Lugano, Belvedere",A,,2026-10-04 20:01:00+00:00,,,False,,2026-10-04 20:37:27.896000+02:00,2026-10-04 22:01:00+02:00,,2026-10-04,22,Sunday,True,83.53506666666667
20261004_183717,2026-10-04 18:37:27.896000+00:00,Lugano,local,ch:1:sloid:5380,"Lugano, Stazione",ch:1:sloid:5380::407001,2026-10-04,ch:1:sjyid:100754:78a402df-ac13-476e-896b-5e155f935dd2,bus,Bus,6,6,6271,"Lugano, Stazione","Lugano, Cornaredo",A,,2026-10-04 20:09:00+00:00,,,False,,2026-10-04 20:37:27.896000+02:00,2026-10-04 22:09:00+02:00,,2026-10-04,22,Sunday,True,91.53506666666667
20261004_183717,2026-10-04 18:37:27.896000+00:00,Lugano,local,ch:1:sloid:5380,"Lugano, Stazione",ch:1:sloid:5380::407001,2026-10-04,ch:1:sjyid:100754:e45c641f-8c99-48bf-88e4-fbc6af645c82,bus,Bus,2,2,2288,"Castagnola, Capolinea","Paradiso, Carzo",A,,2026-10-04 20:09:30+00:00,,,False,,2026-10-04 20:37:27.896000+02:00,2026-10-04 22:09:30+02:00,,2026-10-04,22,Sunday,True,92.03506666666667
20261004_183717,2026-10-04 18:37:27.896000+00:00,Lugano,local,ch:1:sloid:5380,"Lugano, Stazione",ch:1:sloid:5380::407002,2026-10-04,ch:1:sjyid:100754:1e5f7999-241f-4364-9e63-647bc16e786a,bus,Bus,4,4,4247,"Lugano, Belvedere","Comano, Studio TV",B,,2026-10-04 20:14:00+00:00,,,False,,2026-10-04 20:37:27.896000+02:00,2026-10-04 22:14:00+02:00,,2026-10-04,22,Sunday,True,96.53506666666667
20261004_183717,2026-10-04 18:37:27.896000+00:00,Lugano,local,ch:1:sloid:5380,"Lugano, Stazione",ch:1:sloid:5380::407001,2026-10-04,ch:1:sjyid:100754:3158f7b8-c49a-4e9b-9a31-2c02a342eb09,bus,Bus,4,4,4256,"Comano, Studio TV","Lugano, Belvedere",A,,2026-10-04 20:16:00+00:00,,,False,,2026-10-04 20:37:27.896000+02:00,2026-10-04 22:16:00+02:00,,2026-10-04,22,Sunday,True,98.53506666666667
20261004_183717,2026-10-04 18:37:27.896000+00:00,Lugano,local,ch:1:sloid:5380,"Lugano, Stazione",ch:1:sloid:5380::407001,2026-10-04,ch:1:sjyid:100754:b659411c-71ff-4e42-82d7-ea1ccfdef67a,bus,Bus,6,6,6273,"Lugano, Stazione","Lugano, Cornaredo",A,,2026-10-04 20:24:00+00:00,,,False,,2026-10-04 20:37:27.896000+02:00,2026-10-04 22:24:00+02:00,,2026-10-04,22,Sunday,True,106.53506666666667
20261004_183717,2026-10-04 18:37:27.896000+00:00,Lugano,local,ch:1:sloid:5380,"Lugano, Stazione",ch:1:sloid:5380::407001,2026-10-04,ch:1:sjyid:100754:cd369eed-1483-4ef5-a7a3-2599e33d09b2,bus,Bus,2,2,2290,"Castagnola, Capolinea","Paradiso, Carzo",A,,2026-10-04 20:24:30+00:00,,,False,,2026-10-04 20:37:27.896000+02:00,2026-10-04 22:24:30+02:00,,2026-10-04,22,Sunday,True,107.03506666666667
