batch_id,collection_timestamp,city,station_type,station_id,station_name,stop_point_ref,operating_day,journey_ref,transport_mode,product_category,public_code,line,train_number,origin,destination,planned_platform,estimated_platform,scheduled_departure,estimated_departure,cancelled,has_realtime,predicted_delay_minutes,collection_timestamp_local,scheduled_departure_local,estimated_departure_local,date,hour,weekday,weekend,minutes_until_departure
20261005_004917,2026-10-05 00:49:17.965000+00:00,Zürich,rail,ch:1:sloid:3000,Zürich HB,ch:1:sloid:3000:4:6,2026-10-05,ch:1:sjyid:100001:18011-001,rail,S-Bahn,S,S,18011,Zürich HB,Zürich Flughafen,6,,2026-10-05 02:33:00+00:00,2026-10-05 02:33:18+00:00,,True,0.3,2026-10-05 02:49:17.965000+02:00,2026-10-05 04:33:00+02:00,2026-10-05 04:33:18+02:00,2026-10-05,4,Monday,False,103.70058333333333
20261005_004917,2026-10-05 00:49:17.965000+00:00,Zürich,rail,ch:1:sloid:3000,Zürich HB,ch:1:sloid:3000:6:10,2026-10-05,ch:1:sjyid:100001:19214-001,rail,S-Bahn,S12,S12,19214,Zürich HB,Brugg AG,10,,2026-10-05 02:44:00+00:00,2026-10-05 02:44:18+00:00,,True,0.3,2026-10-05 02:49:17.965000+02:00,2026-10-05 04:44:00+02:00,2026-10-05 04:44:18+02:00,2026-10-05,4,Monday,False,114.70058333333333
20261005_004917,2026-10-05 00:49:17.965000+00:00,Zürich,rail,ch:1:sloid:3000,Zürich HB,ch:1:sloid:3000:9:16,2026-10-05,ch:1:sjyid:100001:19116-001,rail,S-Bahn,S11,S11,19116,Zürich HB,Aarau,16,,2026-10-05 02:59:00+00:00,,,False,,2026-10-05 02:49:17.965000+02:00,2026-10-05 04:59:00+02:00,,2026-10-05,4,Monday,False,129.70058333333333
20261005_004917,2026-10-05 00:49:17.965000+00:00,Zürich,rail,ch:1:sloid:3000,Zürich HB,ch:1:sloid:3000:3:4,2026-10-05,ch:1:sjyid:100001:18017-001,rail,S-Bahn,S,S,18017,Zürich HB,Winterthur,4,,2026-10-05 03:02:00+00:00,,,False,,2026-10-05 02:49:17.965000+02:00,2026-10-05 05:02:00+02:00,,2026-10-05,5,Monday,False,132.70058333333333
20261005_004917,2026-10-05 00:49:17.965000+00:00,Zürich,rail,ch:1:sloid:3000,Zürich HB,ch:1:sloid:3000:502:42,2026-10-05,ch:1:sjyid:100001:19617-001,rail,S-Bahn,S16,S16,19617,Zürich HB,Rapperswil SG,41/42,41,2026-10-05 03:05:00+00:00,,,False,,2026-10-05 02:49:17.965000+02:00,2026-10-05 05:05:00+02:00,,2026-10-05,5,Monday,False,135.70058333333333
20261005_004917,2026-10-05 00:49:17.965000+00:00,Zürich,rail,ch:1:sloid:3000,Zürich HB,ch:1:sloid:3000:500:31,2026-10-05,ch:1:sjyid:100001:18817-002,rail,S-Bahn,S8,S8,18817,Zürich HB,Wädenswil,31,,2026-10-05 03:07:00+00:00,,,False,,2026-10-05 02:49:17.965000+02:00,2026-10-05 05:07:00+02:00,,2026-10-05,5,Monday,False,137.70058333333333
20261005_004917,2026-10-05 00:49:17.965000+00:00,Zürich,rail,ch:1:sloid:3000,Zürich HB,ch:1:sloid:3000:10:18,2026-10-05,ch:1:sjyid:100001:18916-001,rail,S-Bahn,S9,S9,18916,Zürich HB,Schaffhausen,18,,2026-10-05 03:07:00+00:00,,,False,,2026-10-05 02:49:17.965000+02:00,2026-10-05 05:07:00+02:00,,2026-10-05,5,Monday,False,137.70058333333333
20261005_004917,2026-10-05 00:49:17.965000+00:00,Zürich,rail,ch:1:sloid:3000,Zürich HB,ch:1:sloid:3000:5:9,2026-10-05,ch:1:sjyid:100001:2252-001,rail,InterRegio,IR37,IR37,2252,Zürich HB,Basel SBB,9,,2026-10-05 03:08:00+00:00,2026-10-05 03:08:30+00:00,,True,0.5,2026-10-05 02:49:17.965000+02:00,2026-10-05 05:08:00+02:00,2026-10-05 05:08:30+02:00,2026-10-05,5,Monday,False,138.70058333333333
20261005_004917,2026-10-05 00:49:17.965000+00:00,Zürich,rail,ch:1:sloid:3000,Zürich HB,ch:1:sloid:3000:501:33,2026-10-05,ch:1:sjyid:100001:19417-001,rail,S-Bahn,S14,S14,19417,Zürich HB,Hinwil,33,,2026-10-05 03:12:00+00:00,,,False,,2026-10-05 02:49:17.965000+02:00,2026-10-05 05:12:00+02:00,,2026-10-05,5,Monday,False,142.70058333333333
20261005_004917,2026-10-05 00:49:17.965000+00:00,Zürich,rail,ch:1:sloid:3000,Zürich HB,ch:1:sloid:3000:4:7,2026-10-05,ch:1:sjyid:100061:2351-001,rail,InterRegio,IR35,IR35,2351,Zürich HB,Chur,7,,2026-10-05 03:12:00+00:00,2026-10-05 03:13:00+00:00,,True,1.0,2026-10-05 02:49:17.965000+02:00,2026-10-05 05:12:00+02:00,2026-10-05 05:13:00+02:00,2026-10-05,5,Monday,False,142.70058333333333
20261005_004917,2026-10-05 00:49:17.965000+00:00,Zürich,rail,ch:1:sloid:3000,Zürich HB,ch:1:sloid:3000:501:34,2026-10-05,ch:1:sjyid:100001:19016-001,rail,S-Bahn,S,S,19016,Ziegelbrücke,Zürich Flughafen,34,,2026-10-05 03:14:00+00:00,2026-10-05 03:14:18+00:00,,True,0.3,2026-10-05 02:49:17.965000+02:00,2026-10-05 05:14:00+02:00,2026-10-05 05:14:18+02:00,2026-10-05,5,Monday,False,144.70058333333333
20261005_004917,2026-10-05 00:49:17.965000+00:00,Zürich,rail,ch:1:sloid:3000,Zürich HB,ch:1:sloid:3000:503:43,2026-10-05,ch:1:sjyid:100001:19217-001,rail,S-Bahn,S12,S12,19217,Brugg AG,Schaffhausen,43/44,,2026-10-05 03:16:00+00:00,2026-10-05 03:17:00+00:00,,True,1.0,2026-10-05 02:49:17.965000+02:00,2026-10-05 05:16:00+02:00,2026-10-05 05:17:00+02:00,2026-10-05,5,Monday,False,146.70058333333333
20261005_004917,2026-10-05 00:49:17.965000+00:00,Zürich,rail,ch:1:sloid:3000,Zürich HB,ch:1:sloid:3000:502:42,2026-10-05,ch:1:sjyid:100001:19616-001,rail,S-Bahn,S16,S16,19616,Rapperswil SG,Zürich Flughafen,41/42,,2026-10-05 03:16:00+00:00,2026-10-05 03:16:18+00:00,,True,0.3,2026-10-05 02:49:17.965000+02:00,2026-10-05 05:16:00+02:00,2026-10-05 05:16:18+02:00,2026-10-05,5,Monday,False,146.70058333333333
20261005_004917,2026-10-05 00:49:17.965000+00:00,Zürich,rail,ch:1:sloid:3000,Zürich HB,ch:1:sloid:3000:7:13,2026-10-05,ch:1:sjyid:100001:704-002,rail,InterCity,IC1,IC1,704,Zürich HB,Genève-Aéroport,13,,2026-10-05 03:19:00+00:00,,,False,,2026-10-05 02:49:17.965000+02:00,2026-10-05 05:19:00+02:00,,2026-10-05,5,Monday,False,149.70058333333333
20261005_004917,2026-10-05 00:49:17.965000+00:00,Zürich,rail,ch:1:sloid:3000,Zürich HB,ch:1:sloid:3000:500:32,2026-10-05,ch:1:sjyid:100001:19416-001,rail,S-Bahn,S14,S14,19416,Rüti ZH,Affoltern am Albis,32,,2026-10-05 03:19:00+00:00,2026-10-05 03:20:00+00:00,,True,1.0,2026-10-05 02:49:17.965000+02:00,2026-10-05 05:19:00+02:00,2026-10-05 05:20:00+02:00,2026-10-05,5,Monday,False,149.70058333333333
20261005_004917,2026-10-05 00:49:17.965000+00:00,Zürich,rail,ch:1:sloid:3000,Zürich HB,ch:1:sloid:3000:3:5,2026-10-05,ch:1:sjyid:100001:20417-001,rail,S-Bahn,S24,S24,20417,Zürich HB,Zug,5,,2026-10-05 03:21:00+00:00,2026-10-05 03:21:18+00:00,,True,0.3,2026-10-05 02:49:17.965000+02:00,2026-10-05 05:21:00+02:00,2026-10-05 05:21:18+02:00,2026-10-05,5,Monday,False,151.70058333333333
20261005_004917,2026-10-05 00:49:17.965000+00:00,Zürich,rail,ch:1:sloid:3000,Zürich HB,ch:1:sloid:3000:503:43,2026-10-05,ch:1:sjyid:100001:18517-001,rail,S-Bahn,S5,S5,18517,Zürich HB,Rüti ZH,43/44,,2026-10-05 03:24:00+00:00,,,False,,2026-10-05 02:49:17.965000+02:00,2026-10-05 05:24:00+02:00,,2026-10-05,5,Monday,False,154.70058333333333
20261005_004917,2026-10-05 00:49:17.965000+00:00,Zürich,rail,ch:1:sloid:3000,Zürich HB,ch:1:sloid:3000:501:34,2026-10-05,ch:1:sjyid:100001:18816-001,rail,S-Bahn,S8,S8,18816,Zürich HB,Winterthur,34,,2026-10-05 03:25:00+00:00,,,False,,2026-10-05 02:49:17.965000+02:00,2026-10-05 05:25:00+02:00,,2026-10-05,5,Monday,False,155.70058333333333
20261005_004917,2026-10-05 00:49:17.965000+00:00,Zürich,rail,ch:1:sloid:3000,Zürich HB,ch:1:sloid:3000:503:43,2026-10-05,ch:1:sjyid:100001:18917-001,rail,S-Bahn,S9,S9,18917,Bülach,Uster,43/44,,2026-10-05 03:28:00+00:00,,,False,,2026-10-05 02:49:17.965000+02:00,2026-10-05 05:28:00+02:00,,2026-10-05,5,Monday,False,158.70058333333333
20261005_004917,2026-10-05 00:49:17.965000+00:00,Zürich,rail,ch:1:sloid:3000,Zürich HB,ch:1:sloid:3000:9:17,2026-10-05,ch:1:sjyid:100001:19118-001,rail,S-Bahn,S11,S11,19118,Zürich HB,Aarau,17,,2026-10-05 03:29:00+00:00,,,False,,2026-10-05 02:49:17.965000+02:00,2026-10-05 05:29:00+02:00,,2026-10-05,5,Monday,False,159.70058333333333
20261005_004917,2026-10-05 00:49:17.965000+00:00,Zürich,rail,ch:1:sloid:3000,Zürich HB,ch:1:sloid:3000:503:43,2026-10-05,ch:1:sjyid:100001:18615-001,rail,S-Bahn,S6,S6,18615,Regensdorf-Watt,Zürich Tiefenbrunnen,43/44,,2026-10-05 03:30:00+00:00,,,False,,2026-10-05 02:49:17.965000+02:00,2026-10-05 05:30:00+02:00,,2026-10-05,5,Monday,False,160.70058333333333
20261005_004917,2026-10-05 00:49:17.965000+00:00,Zürich,rail,ch:1:sloid:3000,Zürich HB,ch:1:sloid:3000:501:34,2026-10-05,ch:1:sjyid:100001:2155-002,rail,InterRegio,IR,IR,2155,Bern,Zürich Flughafen,34,,2026-10-05 03:30:00+00:00,2026-10-05 03:31:06+00:00,,True,1.1,2026-10-05 02:49:17.965000+02:00,2026-10-05 05:30:00+02:00,2026-10-05 05:31:06+02:00,2026-10-05,5,Monday,False,160.70058333333333
20261005_004917,2026-10-05 00:49:17.965000+00:00,Zürich,rail,ch:1:sloid:3000,Zürich HB,ch:1:sloid:3000:503:43,2026-10-05,ch:1:sjyid:100001:18319-001,rail,S-Bahn,S3,S3,18319,Zürich HB,Wetzikon ZH,43/44,,2026-10-05 03:34:00+00:00,,,False,,2026-10-05 02:49:17.965000+02:00,2026-10-05 05:34:00+02:00,,2026-10-05,5,Monday,False,164.70058333333333
20261005_004917,2026-10-05 00:49:17.965000+00:00,Zürich,rail,ch:1:sloid:3000,Zürich HB,ch:1:sloid:3000:5:8,2026-10-05,ch:1:sjyid:100001:2564-001,rail,InterRegio,IR75,IR75,2564,Zürich HB,Luzern,8,,2026-10-05 03:35:00+00:00,2026-10-05 03:36:00+00:00,,True,1.0,2026-10-05 02:49:17.965000+02:00,2026-10-05 05:35:00+02:00,2026-10-05 05:36:00+02:00,2026-10-05,5,Monday,False,165.70058333333333
20261005_004917,2026-10-05 00:49:17.965000+00:00,Zürich,rail,ch:1:sloid:3000,Zürich HB,ch:1:sloid:3000:501:33,2026-10-05,ch:1:sjyid:100001:95-002,rail,EuroCity,EC,EC,95,Zürich HB,Lindau-Reutin,33,,2026-10-05 03:35:00+00:00,2026-10-05 03:35:00+00:00,,True,0.0,2026-10-05 02:49:17.965000+02:00,2026-10-05 05:35:00+02:00,2026-10-05 05:35:00+02:00,2026-10-05,5,Monday,False,165.70058333333333
20261005_004917,2026-10-05 00:49:17.965000+00:00,Zürich,rail,ch:1:sloid:3000,Zürich HB,ch:1:sloid:3000:7:12,2026-10-05,ch:1:sjyid:100001:1956-001,rail,InterRegio,IR36,IR36,1956,Zürich HB,Basel SBB,12,,2026-10-05 03:36:00+00:00,2026-10-05 03:36:30+00:00,,True,0.5,2026-10-05 02:49:17.965000+02:00,2026-10-05 05:36:00+02:00,2026-10-05 05:36:30+02:00,2026-10-05,5,Monday,False,166.70058333333333
20261005_004917,2026-10-05 00:49:17.965000+00:00,Zürich,rail,ch:1:sloid:3000,Zürich HB,ch:1:sloid:3000:501:34,2026-10-05,ch:1:sjyid:100001:701-001,rail,InterCity,IC1,IC1,701,Zürich HB,St. Gallen,34,,2026-10-05 03:37:00+00:00,,,False,,2026-10-05 02:49:17.965000+02:00,2026-10-05 05:37:00+02:00,,2026-10-05,5,Monday,False,167.70058333333333
20261005_004917,2026-10-05 00:49:17.965000+00:00,Zürich,rail,ch:1:sloid:3000,Zürich HB,ch:1:sloid:3000:500:32,2026-10-05,ch:1:sjyid:100001:18819-001,rail,S-Bahn,S8,S8,18819,Winterthur,Wädenswil,32,,2026-10-05 03:37:00+00:00,,,False,,2026-10-05 02:49:17.965000+02:00,2026-10-05 05:37:00+02:00,,2026-10-05,5,Monday,False,167.70058333333333
20261005_004917,2026-10-05 00:49:17.965000+00:00,Zürich,rail,ch:1:sloid:3000,Zürich HB,ch:1:sloid:3000:502:42,2026-10-05,ch:1:sjyid:100001:18518-001,rail,S-Bahn,S5,S5,18518,Zürich HB,Zug,41/42,,2026-10-05 03:39:00+00:00,,,False,,2026-10-05 02:49:17.965000+02:00,2026-10-05 05:39:00+02:00,,2026-10-05,5,Monday,False,169.70058333333333
20261005_004917,2026-10-05 00:49:17.965000+00:00,Zürich,rail,ch:1:sloid:3000,Zürich HB,ch:1:sloid:3000:10:18,2026-10-05,ch:1:sjyid:100001:19040-001,rail,S-Bahn,S42,S42,19040,Zürich HB,Muri AG,18,,2026-10-05 03:40:00+00:00,,,False,,2026-10-05 02:49:17.965000+02:00,2026-10-05 05:40:00+02:00,,2026-10-05,5,Monday,False,170.70058333333333
20261005_004917,2026-10-05 00:49:18.847000+00:00,Bern,rail,ch:1:sloid:7000,Bern,ch:1:sloid:7000:5:9,2026-10-05,ch:1:sjyid:100001:2155-002,rail,InterRegio,IR,IR,2155,Bern,Zürich Flughafen,9,,2026-10-05 02:04:00+00:00,2026-10-05 02:05:12+00:00,,True,1.2,2026-10-05 02:49:18.847000+02:00,2026-10-05 04:04:00+02:00,2026-10-05 04:05:12+02:00,2026-10-05,4,Monday,False,74.68588333333334
20261005_004917,2026-10-05 00:49:18.847000+00:00,Bern,rail,ch:1:sloid:7000,Bern,ch:1:sloid:7000:5:9,2026-10-05,ch:1:sjyid:100061:2353-003,rail,Aare Linth,IR35,IR35,2353,Bern,Chur,9,,2026-10-05 02:36:00+00:00,2026-10-05 02:36:00+00:00,,True,0.0,2026-10-05 02:49:18.847000+02:00,2026-10-05 04:36:00+02:00,2026-10-05 04:36:00+02:00,2026-10-05,4,Monday,False,106.68588333333334
20261005_004917,2026-10-05 00:49:18.847000+00:00,Bern,rail,ch:1:sloid:7000,Bern,ch:1:sloid:7000_gen:ch:1:sloid:7000:6:12_pf:12A-C,2026-10-05,ch:1:sjyid:100015:15317-001,rail,S-Bahn,S3,S3,15317,Bern,Biel/Bienne,12A-C,,2026-10-05 03:00:00+00:00,2026-10-05 03:00:30+00:00,,True,0.5,2026-10-05 02:49:18.847000+02:00,2026-10-05 05:00:00+02:00,2026-10-05 05:00:30+02:00,2026-10-05,5,Monday,False,130.68588333333335
20261005_004917,2026-10-05 00:49:18.847000+00:00,Bern,rail,ch:1:sloid:7000,Bern,ch:1:sloid:7000_gen:ch:1:sloid:7000:6:33_pf:13A-C,2026-10-05,ch:1:sjyid:100015:16412-001,rail,S-Bahn,S44,S44,16412,Bern,Thun,13A-C,,2026-10-05 03:02:00+00:00,2026-10-05 03:02:12+00:00,,True,0.2,2026-10-05 02:49:18.847000+02:00,2026-10-05 05:02:00+02:00,2026-10-05 05:02:12+02:00,2026-10-05,5,Monday,False,132.68588333333335
20261005_004917,2026-10-05 00:49:18.847000+00:00,Bern,rail,ch:1:sloid:7000,Bern,ch:1:sloid:7000:4:7,2026-10-05,ch:1:sjyid:100001:2504-002,rail,InterRegio,IR15,IR15,2504,Bern,Genève-Aéroport,7,,2026-10-05 03:04:00+00:00,2026-10-05 03:04:36+00:00,,True,0.6,2026-10-05 02:49:18.847000+02:00,2026-10-05 05:04:00+02:00,2026-10-05 05:04:36+02:00,2026-10-05,5,Monday,False,134.68588333333335
20261005_004917,2026-10-05 00:49:18.847000+00:00,Bern,rail,ch:1:sloid:7000,Bern,ch:1:sloid:7000:6:32,2026-10-05,ch:1:sjyid:100015:15514-001,rail,S-Bahn,S5,S5,15514,Bern,Neuchâtel,12D-F,,2026-10-05 03:04:00+00:00,,,False,,2026-10-05 02:49:18.847000+02:00,2026-10-05 05:04:00+02:00,,2026-10-05,5,Monday,False,134.68588333333335
20261005_004917,2026-10-05 00:49:18.847000+00:00,Bern,rail,ch:1:sloid:7000,Bern,ch:1:sloid:7000:5:10,2026-10-05,ch:1:sjyid:100015:15114-001,rail,S-Bahn,S1,S1,15114,Bern,Fribourg/Freiburg,10,,2026-10-05 03:10:00+00:00,,,False,,2026-10-05 02:49:18.847000+02:00,2026-10-05 05:10:00+02:00,,2026-10-05,5,Monday,False,140.68588333333335
20261005_004917,2026-10-05 00:49:18.847000+00:00,Bern,rail,ch:1:sloid:7000,Bern,ch:1:sloid:7000:500:22,2026-10-05,ch:1:sjyid:100066:SKI-8051,rail,S-Bahn,S8,S8,8051,Bern,Solothurn,21,22,2026-10-05 03:11:00+00:00,2026-10-05 03:11:00+00:00,,True,0.0,2026-10-05 02:49:18.847000+02:00,2026-10-05 05:11:00+02:00,2026-10-05 05:11:00+02:00,2026-10-05,5,Monday,False,141.68588333333335
20261005_004917,2026-10-05 00:49:18.847000+00:00,Bern,rail,ch:1:sloid:7000,Bern,ch:1:sloid:7000:4:7,2026-10-05,ch:1:sjyid:100001:703-002,rail,InterCity,IC1,IC1,703,Bern,St. Gallen,7,,2026-10-05 03:13:00+00:00,2026-10-05 03:13:30+00:00,,True,0.5,2026-10-05 02:49:18.847000+02:00,2026-10-05 05:13:00+02:00,2026-10-05 05:13:30+02:00,2026-10-05,5,Monday,False,143.68588333333335
20261005_004917,2026-10-05 00:49:18.847000+00:00,Bern,rail,ch:1:sloid:7000,Bern,ch:1:sloid:7000:55:50,2026-10-05,ch:1:sjyid:100015:15415-001,rail,S-Bahn,S4,S4,15415,Bern,Langnau i.E.,50,,2026-10-05 03:20:00+00:00,2026-10-05 03:20:12+00:00,,True,0.2,2026-10-05 02:49:18.847000+02:00,2026-10-05 05:20:00+02:00,2026-10-05 05:20:12+02:00,2026-10-05,5,Monday,False,150.68588333333335
20261005_004917,2026-10-05 00:49:18.847000+00:00,Bern,rail,ch:1:sloid:7000,Bern,ch:1:sloid:7000_gen:ch:1:sloid:7000:6:12_pf:12A-C,2026-10-05,ch:1:sjyid:100015:15319-001,rail,S-Bahn,S3,S3,15319,Bern,Biel/Bienne,12A-C,,2026-10-05 03:30:00+00:00,,,False,,2026-10-05 02:49:18.847000+02:00,2026-10-05 05:30:00+02:00,,2026-10-05,5,Monday,False,160.68588333333335
20261005_004917,2026-10-05 00:49:18.847000+00:00,Bern,rail,ch:1:sloid:7000,Bern,ch:1:sloid:7000:4:7,2026-10-05,ch:1:sjyid:100015:15414-001,rail,S-Bahn,S4,S4,15414,Hasle-Rüegsau,Thun,7,,2026-10-05 03:32:00+00:00,,,False,,2026-10-05 02:49:18.847000+02:00,2026-10-05 05:32:00+02:00,,2026-10-05,5,Monday,False,162.68588333333335
20261005_004917,2026-10-05 00:49:18.847000+00:00,Bern,rail,ch:1:sloid:7000,Bern,ch:1:sloid:7000:3:6,2026-10-05,ch:1:sjyid:100001:702-001,rail,InterCity,IC1,IC1,702,Bern,Genève-Aéroport,6,,2026-10-05 03:34:00+00:00,2026-10-05 03:34:36+00:00,,True,0.6,2026-10-05 02:49:18.847000+02:00,2026-10-05 05:34:00+02:00,2026-10-05 05:34:36+02:00,2026-10-05,5,Monday,False,164.68588333333335
20261005_004917,2026-10-05 00:49:18.847000+00:00,Bern,rail,ch:1:sloid:7000,Bern,ch:1:sloid:7000_gen:ch:1:sloid:7000:6:33_pf:13D-F,2026-10-05,ch:1:sjyid:100015:16218-001,rail,S-Bahn,S52,S52,16218,Bern,Ins/Payerne,13D-F,,2026-10-05 03:34:00+00:00,,,False,,2026-10-05 02:49:18.847000+02:00,2026-10-05 05:34:00+02:00,,2026-10-05,5,Monday,False,164.68588333333335
20261005_004917,2026-10-05 00:49:18.847000+00:00,Bern,rail,ch:1:sloid:7000,Bern,ch:1:sloid:7000:5:9,2026-10-05,ch:1:sjyid:100001:2357-002,rail,InterRegio,IR35,IR35,2357,Bern,Zürich HB,9,,2026-10-05 03:35:00+00:00,,,False,,2026-10-05 02:49:18.847000+02:00,2026-10-05 05:35:00+02:00,,2026-10-05,5,Monday,False,165.68588333333335
20261005_004917,2026-10-05 00:49:18.847000+00:00,Bern,rail,ch:1:sloid:7000,Bern,ch:1:sloid:7000:6:32,2026-10-05,ch:1:sjyid:100015:15618-001,rail,S-Bahn,S6,S6,15618,Bern,Schwarzenburg,12D-F,,2026-10-05 03:36:00+00:00,,,False,,2026-10-05 02:49:18.847000+02:00,2026-10-05 05:36:00+02:00,,2026-10-05,5,Monday,False,166.68588333333335
20261005_004917,2026-10-05 00:49:18.847000+00:00,Bern,rail,ch:1:sloid:7000,Bern,ch:1:sloid:7000:5:10,2026-10-05,ch:1:sjyid:100015:4357-001,rail,RegioExpress,RE7,RE7,4357,Bern,Luzern,10,,2026-10-05 03:36:00+00:00,,,False,,2026-10-05 02:49:18.847000+02:00,2026-10-05 05:36:00+02:00,,2026-10-05,5,Monday,False,166.68588333333335
20261005_004917,2026-10-05 00:49:18.847000+00:00,Bern,rail,ch:1:sloid:7000,Bern,ch:1:sloid:7000:500:21,2026-10-05,ch:1:sjyid:100066:SKI-8055,rail,S-Bahn,S8,S8,8055,Bern,Bätterkinden,22,21,2026-10-05 03:39:00+00:00,2026-10-05 03:39:00+00:00,,True,0.0,2026-10-05 02:49:18.847000+02:00,2026-10-05 05:39:00+02:00,2026-10-05 05:39:00+02:00,2026-10-05,5,Monday,False,169.68588333333335
20261005_004917,2026-10-05 00:49:18.847000+00:00,Bern,rail,ch:1:sloid:7000,Bern,ch:1:sloid:7000:55:50,2026-10-05,ch:1:sjyid:100015:15219-001,rail,S-Bahn,S2,S2,15219,Bern,Langnau i.E.,50,,2026-10-05 03:42:00+00:00,,,False,,2026-10-05 02:49:18.847000+02:00,2026-10-05 05:42:00+02:00,,2026-10-05,5,Monday,False,172.68588333333335
20261005_004917,2026-10-05 00:49:18.847000+00:00,Bern,rail,ch:1:sloid:7000,Bern,ch:1:sloid:7000_gen:ch:1:sloid:7000:0:1752_pf:5E-H,2026-10-05,ch:1:sjyid:100015:15116-001,rail,S-Bahn,S1,S1,15116,Thun,Fribourg/Freiburg,5E-H,,2026-10-05 03:45:00+00:00,2026-10-05 03:45:12+00:00,,True,0.2,2026-10-05 02:49:18.847000+02:00,2026-10-05 05:45:00+02:00,2026-10-05 05:45:12+02:00,2026-10-05,5,Monday,False,175.68588333333335
20261005_004917,2026-10-05 00:49:18.847000+00:00,Bern,rail,ch:1:sloid:7000,Bern,ch:1:sloid:7000:501:24,2026-10-05,ch:1:sjyid:100066:SKI-7057,rail,S-Bahn,S7,S7,7057,Bern,Worb Dorf,24,,2026-10-05 03:45:00+00:00,2026-10-05 03:45:00+00:00,,True,0.0,2026-10-05 02:49:18.847000+02:00,2026-10-05 05:45:00+02:00,2026-10-05 05:45:00+02:00,2026-10-05,5,Monday,False,175.68588333333335
20261005_004917,2026-10-05 00:49:18.847000+00:00,Bern,rail,ch:1:sloid:7000,Bern,ch:1:sloid:7000:500:21,2026-10-05,ch:1:sjyid:100066:SKI-9057,rail,S-Bahn,S9,S9,9057,Bern,Unterzollikofen,22,21,2026-10-05 03:46:00+00:00,2026-10-05 03:46:00+00:00,,True,0.0,2026-10-05 02:49:18.847000+02:00,2026-10-05 05:46:00+02:00,2026-10-05 05:46:00+02:00,2026-10-05,5,Monday,False,176.68588333333335
20261005_004917,2026-10-05 00:49:18.847000+00:00,Bern,rail,ch:1:sloid:7000,Bern,ch:1:sloid:7000:5:9,2026-10-05,ch:1:sjyid:100015:15117-001,rail,S-Bahn,S1,S1,15117,Fribourg/Freiburg,Thun,9,,2026-10-05 03:47:00+00:00,,,False,,2026-10-05 02:49:18.847000+02:00,2026-10-05 05:47:00+02:00,,2026-10-05,5,Monday,False,177.68588333333335
20261005_004917,2026-10-05 00:49:18.847000+00:00,Bern,rail,ch:1:sloid:7000,Bern,ch:1:sloid:7000:3:6,2026-10-05,ch:1:sjyid:100015:15218-001,rail,S-Bahn,S2,S2,15218,Langnau i.E.,Laupen BE,6,,2026-10-05 03:50:00+00:00,2026-10-05 03:50:18+00:00,,True,0.3,2026-10-05 02:49:18.847000+02:00,2026-10-05 05:50:00+02:00,2026-10-05 05:50:18+02:00,2026-10-05,5,Monday,False,180.68588333333335
20261005_004917,2026-10-05 00:49:18.847000+00:00,Bern,rail,ch:1:sloid:7000,Bern,ch:1:sloid:7000:500:21,2026-10-05,ch:1:sjyid:100066:SKI-1057,rail,RegioExpress,RE5,RE5,1057,Bern,Solothurn,21,,2026-10-05 03:50:00+00:00,,,False,,2026-10-05 02:49:18.847000+02:00,2026-10-05 05:50:00+02:00,,2026-10-05,5,Monday,False,180.68588333333335
20261005_004917,2026-10-05 00:49:18.847000+00:00,Bern,rail,ch:1:sloid:7000,Bern,ch:1:sloid:7000_gen:ch:1:sloid:7000:6:12_pf:12A-C,2026-10-05,ch:1:sjyid:100015:16417-001,rail,S-Bahn,S44,S44,16417,Thun,Solothurn,12A-C,,2026-10-05 03:50:00+00:00,2026-10-05 03:50:12+00:00,,True,0.2,2026-10-05 02:49:18.847000+02:00,2026-10-05 05:50:00+02:00,2026-10-05 05:50:12+02:00,2026-10-05,5,Monday,False,180.68588333333335
20261005_004917,2026-10-05 00:49:18.847000+00:00,Bern,rail,ch:1:sloid:7000,Bern,ch:1:sloid:7000:4:7,2026-10-05,ch:1:sjyid:100015:3208-001,rail,InterRegio,IR66,IR66,3208,Bern,La Chaux-de-Fonds,7,,2026-10-05 03:53:00+00:00,,,False,,2026-10-05 02:49:18.847000+02:00,2026-10-05 05:53:00+02:00,,2026-10-05,5,Monday,False,183.68588333333335
20261005_004917,2026-10-05 00:49:18.847000+00:00,Bern,rail,ch:1:sloid:7000,Bern,ch:1:sloid:7000:501:23,2026-10-05,ch:1:sjyid:100066:SKI-8057,rail,S-Bahn,S8,S8,8057,Bern,Jegenstorf,23,,2026-10-05 03:54:00+00:00,,,False,,2026-10-05 02:49:18.847000+02:00,2026-10-05 05:54:00+02:00,,2026-10-05,5,Monday,False,184.68588333333335
20261005_004917,2026-10-05 00:49:18.847000+00:00,Bern,rail,ch:1:sloid:7000,Bern,ch:1:sloid:7000:5:10,2026-10-05,ch:1:sjyid:100001:2505-002,rail,InterRegio,IR15,IR15,2505,Lausanne,Luzern,10,,2026-10-05 04:00:00+00:00,2026-10-05 04:00:36+00:00,,True,0.6,2026-10-05 02:49:18.847000+02:00,2026-10-05 06:00:00+02:00,2026-10-05 06:00:36+02:00,2026-10-05,6,Monday,False,190.68588333333335
20261005_004917,2026-10-05 00:49:18.847000+00:00,Bern,rail,ch:1:sloid:7000,Bern,ch:1:sloid:7000:501:24,2026-10-05,ch:1:sjyid:100066:SKI-7061,rail,S-Bahn,S7,S7,7061,Bern,Worb Dorf,24,,2026-10-05 04:00:00+00:00,,,False,,2026-10-05 02:49:18.847000+02:00,2026-10-05 06:00:00+02:00,,2026-10-05,6,Monday,False,190.68588333333335
20261005_004917,2026-10-05 00:49:19.418000+00:00,Basel,rail,ch:1:sloid:10,Basel SBB,ch:1:sloid:10_gen:ch:1:sloid:10:6:12_pf:12AB,2026-10-05,ch:1:sjyid:100001:17113-001,rail,S-Bahn,S1,S1,17113,Basel SBB,Frick,12AB,,2026-10-05 02:19:00+00:00,2026-10-05 02:19:12+00:00,,True,0.2,2026-10-05 02:49:19.418000+02:00,2026-10-05 04:19:00+02:00,2026-10-05 04:19:12+02:00,2026-10-05,4,Monday,False,89.67636666666667
20261005_004917,2026-10-05 00:49:19.418000+00:00,Basel,rail,ch:1:sloid:10,Basel SBB,ch:1:sloid:10:3:5,2026-10-05,ch:1:sjyid:100001:2055-001,rail,InterRegio,IR36,IR36,2055,Basel SBB,Zürich Flughafen,5,,2026-10-05 02:36:00+00:00,2026-10-05 02:36:42+00:00,,True,0.7,2026-10-05 02:49:19.418000+02:00,2026-10-05 04:36:00+02:00,2026-10-05 04:36:42+02:00,2026-10-05,4,Monday,False,106.67636666666667
20261005_004917,2026-10-05 00:49:19.418000+00:00,Basel,rail,ch:1:sloid:10,Basel SBB,ch:1:sloid:10:0:20,2026-10-05,ch:1:sjyid:100001:17313-001,rail,S-Bahn,S3,S3,17313,Basel SBB,Olten,20,,2026-10-05 02:38:00+00:00,2026-10-05 02:38:12+00:00,,True,0.2,2026-10-05 02:49:19.418000+02:00,2026-10-05 04:38:00+02:00,2026-10-05 04:38:12+02:00,2026-10-05,4,Monday,False,108.67636666666667
20261005_004917,2026-10-05 00:49:19.418000+00:00,Basel,rail,ch:1:sloid:10,Basel SBB,ch:1:sloid:10:8:16,2026-10-05,ch:1:sjyid:100001:17312-001,rail,S-Bahn,S3,S3,17312,Basel SBB,Delémont,16,,2026-10-05 02:52:00+00:00,2026-10-05 02:52:12+00:00,,True,0.2,2026-10-05 02:49:19.418000+02:00,2026-10-05 04:52:00+02:00,2026-10-05 04:52:12+02:00,2026-10-05,4,Monday,False,122.67636666666667
20261005_004917,2026-10-05 00:49:19.418000+00:00,Basel,rail,ch:1:sloid:10,Basel SBB,ch:1:sloid:10:7:14,2026-10-05,ch:1:sjyid:100001:17215-001,rail,S-Bahn,S1,S1,17215,Basel SBB,Laufenburg,14,,2026-10-05 02:56:00+00:00,2026-10-05 02:56:30+00:00,,True,0.5,2026-10-05 02:49:19.418000+02:00,2026-10-05 04:56:00+02:00,2026-10-05 04:56:30+02:00,2026-10-05,4,Monday,False,126.67636666666667
20261005_004917,2026-10-05 00:49:19.418000+00:00,Basel,rail,ch:1:sloid:10,Basel SBB,ch:1:sloid:10_gen:ch:1:sloid:10:1:2_pf:2A,2026-10-05,ch:1:sjyid:100308:87800-001,rail,S-Bahn,S6,S6,87800,Basel SBB,Zell (Wiesental),2A,,2026-10-05 03:01:00+00:00,2026-10-05 03:01:12+00:00,,True,0.2,2026-10-05 02:49:19.418000+02:00,2026-10-05 05:01:00+02:00,2026-10-05 05:01:12+02:00,2026-10-05,5,Monday,False,131.67636666666667
20261005_004917,2026-10-05 00:49:19.418000+00:00,Basel,rail,ch:1:sloid:10,Basel SBB,ch:1:sloid:10:2:4,2026-10-05,ch:1:sjyid:100001:659-002,rail,InterCity,IC21,IC21,659,Basel SBB,Lugano,4,,2026-10-05 03:02:00+00:00,2026-10-05 03:02:42+00:00,,True,0.7,2026-10-05 02:49:19.418000+02:00,2026-10-05 05:02:00+02:00,2026-10-05 05:02:42+02:00,2026-10-05,5,Monday,False,132.67636666666667
20261005_004917,2026-10-05 00:49:19.418000+00:00,Basel,rail,ch:1:sloid:10,Basel SBB,ch:1:sloid:10:6:11,2026-10-05,ch:1:sjyid:100001:1957-001,rail,InterRegio,IR36,IR36,1957,Basel SBB,Zürich HB,11,,2026-10-05 03:07:00+00:00,2026-10-05 03:07:42+00:00,,True,0.7,2026-10-05 02:49:19.418000+02:00,2026-10-05 05:07:00+02:00,2026-10-05 05:07:42+02:00,2026-10-05,5,Monday,False,137.67636666666667
20261005_004917,2026-10-05 00:49:19.418000+00:00,Basel,rail,ch:1:sloid:10,Basel SBB,ch:1:sloid:10:6:12,2026-10-05,ch:1:sjyid:100001:17117-001,rail,S-Bahn,S1,S1,17117,Basel SBB,Frick,12,,2026-10-05 03:19:00+00:00,2026-10-05 03:19:12+00:00,,True,0.2,2026-10-05 02:49:19.418000+02:00,2026-10-05 05:19:00+02:00,2026-10-05 05:19:12+02:00,2026-10-05,5,Monday,False,149.67636666666667
20261005_004917,2026-10-05 00:49:19.418000+00:00,Basel,rail,ch:1:sloid:10,Basel SBB,ch:1:sloid:10:22:33,2026-10-05,ch:1:sjyid:100001:96200-001,rail,Train Express Regional,TER,TER,96200,Basel SBB,Strasbourg,33,,2026-10-05 03:21:00+00:00,2026-10-05 03:21:30+00:00,,True,0.5,2026-10-05 02:49:19.418000+02:00,2026-10-05 05:21:00+02:00,2026-10-05 05:21:30+02:00,2026-10-05,5,Monday,False,151.67636666666667
20261005_004917,2026-10-05 00:49:19.418000+00:00,Basel,rail,ch:1:sloid:10,Basel SBB,ch:1:sloid:10:5:10,2026-10-05,ch:1:sjyid:100001:607-002,rail,InterCity,IC61,IC61,607,Basel SBB,Interlaken Ost,10,,2026-10-05 03:24:00+00:00,2026-10-05 03:24:42+00:00,,True,0.7,2026-10-05 02:49:19.418000+02:00,2026-10-05 05:24:00+02:00,2026-10-05 05:24:42+02:00,2026-10-05,5,Monday,False,154.67636666666667
20261005_004917,2026-10-05 00:49:19.418000+00:00,Basel,rail,ch:1:sloid:10,Basel SBB,ch:1:sloid:10:0:19,2026-10-05,ch:1:sjyid:100001:17315-001,rail,S-Bahn,S3,S3,17315,Delémont,Olten,19,,2026-10-05 03:30:00+00:00,2026-10-05 03:30:12+00:00,,True,0.2,2026-10-05 02:49:19.418000+02:00,2026-10-05 05:30:00+02:00,2026-10-05 05:30:12+02:00,2026-10-05,5,Monday,False,160.67636666666667
20261005_004917,2026-10-05 00:49:19.418000+00:00,Basel,rail,ch:1:sloid:10,Basel SBB,ch:1:sloid:10:4:8,2026-10-05,ch:1:sjyid:100001:551-001,rail,InterCity,IC3,IC3,551,Basel SBB,Zürich HB,8,,2026-10-05 03:33:00+00:00,,,False,,2026-10-05 02:49:19.418000+02:00,2026-10-05 05:33:00+02:00,,2026-10-05,5,Monday,False,163.67636666666667
20261005_004917,2026-10-05 00:49:19.418000+00:00,Basel,rail,ch:1:sloid:10,Basel SBB,ch:1:sloid:10:1:2,2026-10-05,ch:1:sjyid:100308:87802-001,rail,S-Bahn,S6,S6,87802,Basel SBB,Zell (Wiesental),2,,2026-10-05 03:35:00+00:00,2026-10-05 03:35:12+00:00,,True,0.2,2026-10-05 02:49:19.418000+02:00,2026-10-05 05:35:00+02:00,2026-10-05 05:35:12+02:00,2026-10-05,5,Monday,False,165.67636666666667
20261005_004917,2026-10-05 00:49:19.418000+00:00,Basel,rail,ch:1:sloid:10,Basel SBB,ch:1:sloid:10:3:5,2026-10-05,ch:1:sjyid:100001:2057-001,rail,InterRegio,IR36,IR36,2057,Basel SBB,Zürich Flughafen,5,,2026-10-05 03:36:00+00:00,,,False,,2026-10-05 02:49:19.418000+02:00,2026-10-05 05:36:00+02:00,,2026-10-05,5,Monday,False,166.67636666666667
20261005_004917,2026-10-05 00:49:19.418000+00:00,Basel,rail,ch:1:sloid:10,Basel SBB,ch:1:sloid:10:21:30,2026-10-05,ch:1:sjyid:100001:96202-001,rail,Train Express Regional,TER,TER,96202,Basel SBB,Strasbourg,30,,2026-10-05 03:36:00+00:00,2026-10-05 03:36:30+00:00,,True,0.5,2026-10-05 02:49:19.418000+02:00,2026-10-05 05:36:00+02:00,2026-10-05 05:36:30+02:00,2026-10-05,5,Monday,False,166.67636666666667
20261005_004917,2026-10-05 00:49:19.418000+00:00,Basel,rail,ch:1:sloid:10,Basel SBB,ch:1:sloid:10:8:16,2026-10-05,ch:1:sjyid:100001:17314-001,rail,S-Bahn,S3,S3,17314,Olten,Laufen,16,,2026-10-05 03:38:00+00:00,2026-10-05 03:38:12+00:00,,True,0.2,2026-10-05 02:49:19.418000+02:00,2026-10-05 05:38:00+02:00,2026-10-05 05:38:12+02:00,2026-10-05,5,Monday,False,168.67636666666667
20261005_004917,2026-10-05 00:49:19.418000+00:00,Basel,rail,ch:1:sloid:10,Basel SBB,ch:1:sloid:10:3:6,2026-10-05,ch:1:sjyid:100001:2257-001,rail,InterRegio,IR37,IR37,2257,Basel SBB,Zürich HB,6,,2026-10-05 03:43:00+00:00,,,False,,2026-10-05 02:49:19.418000+02:00,2026-10-05 05:43:00+02:00,,2026-10-05,5,Monday,False,173.67636666666667
20261005_004917,2026-10-05 00:49:19.418000+00:00,Basel,rail,ch:1:sloid:10,Basel SBB,ch:1:sloid:10:7:15,2026-10-05,ch:1:sjyid:100001:17517-002,rail,S-Bahn,S33,S33,17517,Basel SBB,Sissach,15,,2026-10-05 03:45:00+00:00,2026-10-05 03:45:30+00:00,,True,0.5,2026-10-05 02:49:19.418000+02:00,2026-10-05 05:45:00+02:00,2026-10-05 05:45:30+02:00,2026-10-05,5,Monday,False,175.67636666666667
20261005_004917,2026-10-05 00:49:19.418000+00:00,Basel,rail,ch:1:sloid:10,Basel SBB,ch:1:sloid:10:6:12,2026-10-05,ch:1:sjyid:100001:17119-001,rail,S-Bahn,S1,S1,17119,Basel SBB,Frick,12,,2026-10-05 03:49:00+00:00,,,False,,2026-10-05 02:49:19.418000+02:00,2026-10-05 05:49:00+02:00,,2026-10-05,5,Monday,False,179.67636666666667
20261005_004917,2026-10-05 00:49:19.418000+00:00,Basel,rail,ch:1:sloid:10,Basel SBB,ch:1:sloid:10:2:3,2026-10-05,ch:1:sjyid:100001:957-001,rail,InterCity,IC61,IC61,957,Basel SBB,Interlaken Ost,3,,2026-10-05 03:58:00+00:00,,,False,,2026-10-05 02:49:19.418000+02:00,2026-10-05 05:58:00+02:00,,2026-10-05,5,Monday,False,188.67636666666667
20261005_004917,2026-10-05 00:49:19.418000+00:00,Basel,rail,ch:1:sloid:10,Basel SBB,ch:1:sloid:10:0:19,2026-10-05,ch:1:sjyid:100001:17317-001,rail,S-Bahn,S3,S3,17317,Delémont,Olten,19A-D,,2026-10-05 04:00:00+00:00,2026-10-05 04:00:12+00:00,,True,0.2,2026-10-05 02:49:19.418000+02:00,2026-10-05 06:00:00+02:00,2026-10-05 06:00:12+02:00,2026-10-05,6,Monday,False,190.67636666666667
20261005_004917,2026-10-05 00:49:19.418000+00:00,Basel,rail,ch:1:sloid:10,Basel SBB,ch:1:sloid:10:0:20,2026-10-05,ch:1:sjyid:100015:1854-001,rail,InterRegio,IR56,IR56,1854,Basel SBB,Biel/Bienne,20,,2026-10-05 04:02:00+00:00,,,False,,2026-10-05 02:49:19.418000+02:00,2026-10-05 06:02:00+02:00,,2026-10-05,6,Monday,False,192.67636666666667
20261005_004917,2026-10-05 00:49:19.418000+00:00,Basel,rail,ch:1:sloid:10,Basel SBB,ch:1:sloid:10:4:7,2026-10-05,ch:1:sjyid:100061:2311-001,rail,Treno Gottardo,IR26,IR26,2311,Basel SBB,Locarno,7,,2026-10-05 04:04:00+00:00,,,False,,2026-10-05 02:49:19.418000+02:00,2026-10-05 06:04:00+02:00,,2026-10-05,6,Monday,False,194.67636666666667
20261005_004917,2026-10-05 00:49:19.418000+00:00,Basel,rail,ch:1:sloid:10,Basel SBB,ch:1:sloid:10:1:2,2026-10-05,ch:1:sjyid:100308:87804-001,rail,S-Bahn,S6,S6,87804,Basel SBB,Zell (Wiesental),2,,2026-10-05 04:06:00+00:00,,,False,,2026-10-05 02:49:19.418000+02:00,2026-10-05 06:06:00+02:00,,2026-10-05,6,Monday,False,196.67636666666667
20261005_004917,2026-10-05 00:49:19.418000+00:00,Basel,rail,ch:1:sloid:10,Basel SBB,ch:1:sloid:10:7:14,2026-10-05,ch:1:sjyid:100001:1959-001,rail,InterRegio,IR36,IR36,1959,Basel SBB,Zürich HB,14,,2026-10-05 04:07:00+00:00,,,False,,2026-10-05 02:49:19.418000+02:00,2026-10-05 06:07:00+02:00,,2026-10-05,6,Monday,False,197.67636666666667
20261005_004917,2026-10-05 00:49:19.418000+00:00,Basel,rail,ch:1:sloid:10,Basel SBB,ch:1:sloid:10:5:9,2026-10-05,ch:1:sjyid:100001:1057-001,rail,InterCity,IC3,IC3,1057,Basel SBB,Zürich HB,9,,2026-10-05 04:07:00+00:00,,,False,,2026-10-05 02:49:19.418000+02:00,2026-10-05 06:07:00+02:00,,2026-10-05,6,Monday,False,197.67636666666667
20261005_004917,2026-10-05 00:49:19.418000+00:00,Basel,rail,ch:1:sloid:10,Basel SBB,ch:1:sloid:10:22:35,2026-10-05,ch:1:sjyid:100001:96100-001,rail,Train Express Regional,TER,TER,96100,Basel SBB,Mulhouse,35,,2026-10-05 04:08:00+00:00,,,False,,2026-10-05 02:49:19.418000+02:00,2026-10-05 06:08:00+02:00,,2026-10-05,6,Monday,False,198.67636666666667
20261005_004917,2026-10-05 00:49:19.418000+00:00,Basel,rail,ch:1:sloid:10,Basel SBB,ch:1:sloid:10:8:16,2026-10-05,ch:1:sjyid:100001:17316-001,rail,S-Bahn,S3,S3,17316,Olten,Laufen,16,,2026-10-05 04:08:00+00:00,,,False,,2026-10-05 02:49:19.418000+02:00,2026-10-05 06:08:00+02:00,,2026-10-05,6,Monday,False,198.67636666666667
20261005_004917,2026-10-05 00:49:19.418000+00:00,Basel,rail,ch:1:sloid:10,Basel SBB,ch:1:sloid:10:7:15,2026-10-05,ch:1:sjyid:100001:17519-001,rail,S-Bahn,S33,S33,17519,Basel SBB,Liestal,15,,2026-10-05 04:15:00+00:00,,,False,,2026-10-05 02:49:19.418000+02:00,2026-10-05 06:15:00+02:00,,2026-10-05,6,Monday,False,205.67636666666667
20261005_004917,2026-10-05 00:49:19.944000+00:00,Luzern,rail,ch:1:sloid:5000,Luzern,ch:1:sloid:5000:1:2,2026-10-05,ch:1:sjyid:100001:21107-001,rail,S-Bahn,S1,S1,21107,Luzern,Turgi,2,,2026-10-05 02:21:00+00:00,2026-10-05 02:21:12+00:00,,True,0.2,2026-10-05 02:49:19.944000+02:00,2026-10-05 04:21:00+02:00,2026-10-05 04:21:12+02:00,2026-10-05,4,Monday,False,91.6676
20261005_004917,2026-10-05 00:49:19.944000+00:00,Luzern,rail,ch:1:sloid:5000,Luzern,ch:1:sloid:5000_gen:ch:1:sloid:5000:5:11_pf:11B-D,2026-10-05,ch:1:sjyid:100015:4356-001,rail,RegioExpress,RE7,RE7,4356,Luzern,Bern,11B-D,,2026-10-05 02:50:00+00:00,2026-10-05 02:50:24+00:00,,True,0.4,2026-10-05 02:49:19.944000+02:00,2026-10-05 04:50:00+02:00,2026-10-05 04:50:24+02:00,2026-10-05,4,Monday,False,120.6676
20261005_004917,2026-10-05 00:49:19.944000+00:00,Luzern,rail,ch:1:sloid:5000,Luzern,ch:1:sloid:5000:5:10,2026-10-05,ch:1:sjyid:100001:2562-001,rail,InterRegio,IR,IR,2562,Luzern,Sargans,10,,2026-10-05 02:52:00+00:00,2026-10-05 02:52:30+00:00,,True,0.5,2026-10-05 02:49:19.944000+02:00,2026-10-05 04:52:00+02:00,2026-10-05 04:52:30+02:00,2026-10-05,4,Monday,False,122.6676
20261005_004917,2026-10-05 00:49:19.944000+00:00,Luzern,rail,ch:1:sloid:5000,Luzern,ch:1:sloid:5000:4:9,2026-10-05,ch:1:sjyid:100061:2304-001,rail,InterRegio,IR26,IR26,2304,Luzern,Basel SBB,9,,2026-10-05 02:54:00+00:00,2026-10-05 02:54:30+00:00,,True,0.5,2026-10-05 02:49:19.944000+02:00,2026-10-05 04:54:00+02:00,2026-10-05 04:54:30+02:00,2026-10-05,4,Monday,False,124.6676
20261005_004917,2026-10-05 00:49:19.944000+00:00,Luzern,rail,ch:1:sloid:5000,Luzern,ch:1:sloid:5000:2:4,2026-10-05,ch:1:sjyid:100001:4706-001,rail,RegioExpress,RE24,RE24,4706,Luzern,Olten,4,,2026-10-05 02:58:00+00:00,2026-10-05 02:58:12+00:00,,True,0.2,2026-10-05 02:49:19.944000+02:00,2026-10-05 04:58:00+02:00,2026-10-05 04:58:12+02:00,2026-10-05,4,Monday,False,128.6676
20261005_004917,2026-10-05 00:49:19.944000+00:00,Luzern,rail,ch:1:sloid:5000,Luzern,ch:1:sloid:5000:5:11,2026-10-05,ch:1:sjyid:100001:21914-001,rail,S-Bahn,S9,S9,21914,Luzern,Lenzburg,11,,2026-10-05 03:02:00+00:00,2026-10-05 03:02:30+00:00,,True,0.5,2026-10-05 02:49:19.944000+02:00,2026-10-05 05:02:00+02:00,2026-10-05 05:02:30+02:00,2026-10-05,5,Monday,False,132.6676
20261005_004917,2026-10-05 00:49:19.944000+00:00,Luzern,rail,ch:1:sloid:5000,Luzern,ch:1:sloid:5000:7:15,2026-10-05,ch:1:sjyid:100064:2956-002,rail,InterRegio,IRLEX,IRLEX,2956,Luzern,Stansstad,15,,2026-10-05 03:04:00+00:00,2026-10-05 03:04:12+00:00,,True,0.2,2026-10-05 02:49:19.944000+02:00,2026-10-05 05:04:00+02:00,2026-10-05 05:04:12+02:00,2026-10-05,5,Monday,False,134.6676
20261005_004917,2026-10-05 00:49:19.944000+00:00,Luzern,rail,ch:1:sloid:5000,Luzern,ch:1:sloid:5000:2:4,2026-10-05,ch:1:sjyid:100001:21109-001,rail,S-Bahn,S1,S1,21109,Luzern,Sursee,4,,2026-10-05 03:14:00+00:00,,,False,,2026-10-05 02:49:19.944000+02:00,2026-10-05 05:14:00+02:00,,2026-10-05,5,Monday,False,144.66760000000002
20261005_004917,2026-10-05 00:49:19.944000+00:00,Luzern,rail,ch:1:sloid:5000,Luzern,ch:1:sloid:5000:5:10,2026-10-05,ch:1:sjyid:100015:21616-001,rail,S-Bahn,S6,S6,21616,Luzern,Wolhusen,10,,2026-10-05 03:16:00+00:00,,,False,,2026-10-05 02:49:19.944000+02:00,2026-10-05 05:16:00+02:00,,2026-10-05,5,Monday,False,146.66760000000002
20261005_004917,2026-10-05 00:49:19.944000+00:00,Luzern,rail,ch:1:sloid:5000,Luzern,ch:1:sloid:5000:4:9,2026-10-05,ch:1:sjyid:100001:21108-001,rail,S-Bahn,S1,S1,21108,Sursee,Baar,9,,2026-10-05 03:21:00+00:00,,,False,,2026-10-05 02:49:19.944000+02:00,2026-10-05 05:21:00+02:00,,2026-10-05,5,Monday,False,151.66760000000002
20261005_004917,2026-10-05 00:49:19.944000+00:00,Luzern,rail,ch:1:sloid:5000,Luzern,ch:1:sloid:5000_gen:ch:1:sloid:5000:6:13_pf:13B,2026-10-05,ch:1:sjyid:100064:22518-001,rail,S-Bahn,S55,S55,22518,Luzern,Sachseln,13B,,2026-10-05 03:24:00+00:00,2026-10-05 03:24:06+00:00,,True,0.1,2026-10-05 02:49:19.944000+02:00,2026-10-05 05:24:00+02:00,2026-10-05 05:24:06+02:00,2026-10-05,5,Monday,False,154.66760000000002
20261005_004917,2026-10-05 00:49:19.944000+00:00,Luzern,rail,ch:1:sloid:5000,Luzern,ch:1:sloid:5000_gen:ch:1:sloid:5000:7:14_pf:14B,2026-10-05,ch:1:sjyid:100064:21418-001,rail,S-Bahn,S4,S4,21418,Luzern,Stansstad,14B,,2026-10-05 03:27:00+00:00,2026-10-05 03:27:12+00:00,,True,0.2,2026-10-05 02:49:19.944000+02:00,2026-10-05 05:27:00+02:00,2026-10-05 05:27:12+02:00,2026-10-05,5,Monday,False,157.66760000000002
20261005_004917,2026-10-05 00:49:19.944000+00:00,Luzern,rail,ch:1:sloid:5000,Luzern,ch:1:sloid:5000:3:7,2026-10-05,ch:1:sjyid:100001:2456-001,rail,InterRegio,IR27,IR27,2456,Luzern,Basel SBB,7,,2026-10-05 03:30:00+00:00,2026-10-05 03:30:36+00:00,,True,0.6,2026-10-05 02:49:19.944000+02:00,2026-10-05 05:30:00+02:00,2026-10-05 05:30:36+02:00,2026-10-05,5,Monday,False,160.66760000000002
20261005_004917,2026-10-05 00:49:19.944000+00:00,Luzern,rail,ch:1:sloid:5000,Luzern,ch:1:sloid:5000:5:11,2026-10-05,ch:1:sjyid:100001:21918-001,rail,S-Bahn,S9,S9,21918,Luzern,Lenzburg,11,,2026-10-05 03:32:00+00:00,,,False,,2026-10-05 02:49:19.944000+02:00,2026-10-05 05:32:00+02:00,,2026-10-05,5,Monday,False,162.66760000000002
20261005_004917,2026-10-05 00:49:19.944000+00:00,Luzern,rail,ch:1:sloid:5000,Luzern,ch:1:sloid:5000:2:5,2026-10-05,ch:1:sjyid:100001:2107-001,rail,InterRegio,IR75,IR75,2107,Luzern,Konstanz,5,,2026-10-05 03:35:00+00:00,2026-10-05 03:35:30+00:00,,True,0.5,2026-10-05 02:49:19.944000+02:00,2026-10-05 05:35:00+02:00,2026-10-05 05:35:30+02:00,2026-10-05,5,Monday,False,165.66760000000002
20261005_004917,2026-10-05 00:49:19.944000+00:00,Luzern,rail,ch:1:sloid:5000,Luzern,ch:1:sloid:5000:1:2,2026-10-05,ch:1:sjyid:100001:21319-001,rail,S-Bahn,S3,S3,21319,Luzern,Brunnen,2,,2026-10-05 03:39:00+00:00,,,False,,2026-10-05 02:49:19.944000+02:00,2026-10-05 05:39:00+02:00,,2026-10-05,5,Monday,False,169.66760000000002
20261005_004917,2026-10-05 00:49:19.944000+00:00,Luzern,rail,ch:1:sloid:5000,Luzern,ch:1:sloid:5000:7:15,2026-10-05,ch:1:sjyid:100064:21518-001,rail,S-Bahn,S5,S5,21518,Luzern,Giswil,15,,2026-10-05 03:42:00+00:00,2026-10-05 03:42:00+00:00,,True,0.0,2026-10-05 02:49:19.944000+02:00,2026-10-05 05:42:00+02:00,2026-10-05 05:42:00+02:00,2026-10-05,5,Monday,False,172.66760000000002
20261005_004917,2026-10-05 00:49:19.944000+00:00,Luzern,rail,ch:1:sloid:5000,Luzern,ch:1:sloid:5000:4:9,2026-10-05,ch:1:sjyid:100001:21111-001,rail,S-Bahn,S1,S1,21111,Zug,Sursee,9,,2026-10-05 03:44:00+00:00,2026-10-05 03:45:00+00:00,,True,1.0,2026-10-05 02:49:19.944000+02:00,2026-10-05 05:44:00+02:00,2026-10-05 05:45:00+02:00,2026-10-05,5,Monday,False,174.66760000000002
20261005_004917,2026-10-05 00:49:19.944000+00:00,Luzern,rail,ch:1:sloid:5000,Luzern,ch:1:sloid:5000:3:7,2026-10-05,ch:1:sjyid:100001:21112-001,rail,S-Bahn,S1,S1,21112,Sursee,Baar,7,,2026-10-05 03:51:00+00:00,,,False,,2026-10-05 02:49:19.944000+02:00,2026-10-05 05:51:00+02:00,,2026-10-05,5,Monday,False,181.66760000000002
20261005_004917,2026-10-05 00:49:19.944000+00:00,Luzern,rail,ch:1:sloid:5000,Luzern,ch:1:sloid:5000:2:4,2026-10-05,ch:1:sjyid:100001:2306-001,rail,InterRegio,IR26,IR26,2306,Luzern,Basel SBB,4,,2026-10-05 03:54:00+00:00,,,False,,2026-10-05 02:49:19.944000+02:00,2026-10-05 05:54:00+02:00,,2026-10-05,5,Monday,False,184.66760000000002
20261005_004917,2026-10-05 00:49:19.944000+00:00,Luzern,rail,ch:1:sloid:5000,Luzern,ch:1:sloid:5000:2:5,2026-10-05,ch:1:sjyid:100015:4458-001,rail,RegioExpress,RE7,RE7,4458,Luzern,Bern | Huttwil,5,,2026-10-05 03:57:00+00:00,,,False,,2026-10-05 02:49:19.944000+02:00,2026-10-05 05:57:00+02:00,,2026-10-05,5,Monday,False,187.66760000000002
20261005_004917,2026-10-05 00:49:19.944000+00:00,Luzern,rail,ch:1:sloid:5000,Luzern,ch:1:sloid:5000:7:14,2026-10-05,ch:1:sjyid:100064:21420-001,rail,S-Bahn,S4,S4,21420,Luzern,Stansstad,14,,2026-10-05 03:57:00+00:00,,,False,,2026-10-05 02:49:19.944000+02:00,2026-10-05 05:57:00+02:00,,2026-10-05,5,Monday,False,187.66760000000002
20261005_004917,2026-10-05 00:49:19.944000+00:00,Luzern,rail,ch:1:sloid:5000,Luzern,ch:1:sloid:5000:4:8,2026-10-05,ch:1:sjyid:100001:2508-002,rail,InterRegio,IR15,IR15,2508,Luzern,Genève-Aéroport,8,,2026-10-05 04:00:00+00:00,,,False,,2026-10-05 02:49:19.944000+02:00,2026-10-05 06:00:00+02:00,,2026-10-05,6,Monday,False,190.66760000000002
20261005_004917,2026-10-05 00:49:19.944000+00:00,Luzern,rail,ch:1:sloid:5000,Luzern,ch:1:sloid:5000:5:10,2026-10-05,ch:1:sjyid:100001:21920-002,rail,S-Bahn,S9,S9,21920,Luzern,Lenzburg,10,,2026-10-05 04:02:00+00:00,,,False,,2026-10-05 02:49:19.944000+02:00,2026-10-05 06:02:00+02:00,,2026-10-05,6,Monday,False,192.66760000000002
20261005_004917,2026-10-05 00:49:19.944000+00:00,Luzern,rail,ch:1:sloid:5000,Luzern,ch:1:sloid:5000:4:9,2026-10-05,ch:1:sjyid:100001:4708-001,rail,RegioExpress,RE24,RE24,4708,Luzern,Olten,9,,2026-10-05 04:05:00+00:00,,,False,,2026-10-05 02:49:19.944000+02:00,2026-10-05 06:05:00+02:00,,2026-10-05,6,Monday,False,195.66760000000002
20261005_004917,2026-10-05 00:49:19.944000+00:00,Luzern,rail,ch:1:sloid:5000,Luzern,ch:1:sloid:5000:6:12,2026-10-05,ch:1:sjyid:100064:2912-001,rail,Luzern-Interlaken Express,LIX,LIX,2912,Luzern,Interlaken Ost,12,,2026-10-05 04:06:00+00:00,,,False,,2026-10-05 02:49:19.944000+02:00,2026-10-05 06:06:00+02:00,,2026-10-05,6,Monday,False,196.66760000000002
20261005_004917,2026-10-05 00:49:19.944000+00:00,Luzern,rail,ch:1:sloid:5000,Luzern,ch:1:sloid:5000_gen:ch:1:sloid:5000:5:11_pf:11B-D,2026-10-05,ch:1:sjyid:100001:21321-001,rail,S-Bahn,S3,S3,21321,Luzern,Brunnen,11B-D,,2026-10-05 04:06:00+00:00,,,False,,2026-10-05 02:49:19.944000+02:00,2026-10-05 06:06:00+02:00,,2026-10-05,6,Monday,False,196.66760000000002
20261005_004917,2026-10-05 00:49:19.944000+00:00,Luzern,rail,ch:1:sloid:5000,Luzern,ch:1:sloid:5000:1:3,2026-10-05,ch:1:sjyid:100001:2610-001,rail,InterRegio,IR70,IR70,2610,Luzern,Zürich HB,3,,2026-10-05 04:09:00+00:00,,,False,,2026-10-05 02:49:19.944000+02:00,2026-10-05 06:09:00+02:00,,2026-10-05,6,Monday,False,199.66760000000002
20261005_004917,2026-10-05 00:49:19.944000+00:00,Luzern,rail,ch:1:sloid:5000,Luzern,ch:1:sloid:5000_gen:ch:1:sloid:5000:6:13_pf:13BC,2026-10-05,ch:1:sjyid:100064:2958-001,rail,Luzern-Engelberg Express,IRLEX,IRLEX,2958,Luzern,Stansstad,13BC,,2026-10-05 04:10:00+00:00,,,False,,2026-10-05 02:49:19.944000+02:00,2026-10-05 06:10:00+02:00,,2026-10-05,6,Monday,False,200.66760000000002
20261005_004917,2026-10-05 00:49:19.944000+00:00,Luzern,rail,ch:1:sloid:5000,Luzern,ch:1:sloid:5000:7:14,2026-10-05,ch:1:sjyid:100064:21520-001,rail,S-Bahn,S5,S5,21520,Luzern,Giswil,14,,2026-10-05 04:12:00+00:00,,,False,,2026-10-05 02:49:19.944000+02:00,2026-10-05 06:12:00+02:00,,2026-10-05,6,Monday,False,202.66760000000002
20261005_004917,2026-10-05 00:49:20.413000+00:00,St. Gallen,rail,ch:1:sloid:6302,St. Gallen,ch:1:sloid:6302:2:3,2026-10-05,ch:1:sjyid:100001:3252-001,rail,InterRegio,IR13,IR13,3252,St. Gallen,Luzern,3,,2026-10-05 02:37:00+00:00,2026-10-05 02:37:30+00:00,,True,0.5,2026-10-05 02:49:20.413000+02:00,2026-10-05 04:37:00+02:00,2026-10-05 04:37:30+02:00,2026-10-05,4,Monday,False,107.65978333333334
20261005_004917,2026-10-05 00:49:20.413000+00:00,St. Gallen,rail,ch:1:sloid:6302,St. Gallen,ch:1:sloid:6302:2:2,2026-10-05,ch:1:sjyid:100061:2006-001,rail,Voralpen-Express,VAE,VAE,2006,St. Gallen,Biberbrugg,2,,2026-10-05 03:05:00+00:00,,,False,,2026-10-05 02:49:20.413000+02:00,2026-10-05 05:05:00+02:00,,2026-10-05,5,Monday,False,135.65978333333334
20261005_004917,2026-10-05 00:49:20.413000+00:00,St. Gallen,rail,ch:1:sloid:6302,St. Gallen,ch:1:sloid:6302:1:1,2026-10-05,ch:1:sjyid:100001:706-001,rail,InterCity,IC1,IC1,706,St. Gallen,Genève-Aéroport,1,,2026-10-05 03:07:00+00:00,,,False,,2026-10-05 02:49:20.413000+02:00,2026-10-05 05:07:00+02:00,,2026-10-05,5,Monday,False,137.65978333333334
20261005_004917,2026-10-05 00:49:20.413000+00:00,St. Gallen,rail,ch:1:sloid:6302,St. Gallen,ch:1:sloid:6302:3:4,2026-10-05,ch:1:sjyid:100046:11215-001,rail,S-Bahn,S2,S2,11215,St. Gallen,Altstätten SG,4,,2026-10-05 03:08:00+00:00,2026-10-05 03:08:12+00:00,,True,0.2,2026-10-05 02:49:20.413000+02:00,2026-10-05 05:08:00+02:00,2026-10-05 05:08:12+02:00,2026-10-05,5,Monday,False,138.65978333333334
20261005_004917,2026-10-05 00:49:20.413000+00:00,St. Gallen,rail,ch:1:sloid:6302,St. Gallen,ch:1:sloid:6302:4:7,2026-10-05,ch:1:sjyid:100046:11514-001,rail,S-Bahn,S5,S5,11514,St. Gallen,Weinfelden,7,,2026-10-05 03:10:00+00:00,2026-10-05 03:10:12+00:00,,True,0.2,2026-10-05 02:49:20.413000+02:00,2026-10-05 05:10:00+02:00,2026-10-05 05:10:12+02:00,2026-10-05,5,Monday,False,140.65978333333334
20261005_004917,2026-10-05 00:49:20.413000+00:00,St. Gallen,rail,ch:1:sloid:6302,St. Gallen,ch:1:sloid:6302:4:6,2026-10-05,ch:1:sjyid:100046:11114-001,rail,S-Bahn,S1,S1,11114,St. Gallen,Wil SG,6,,2026-10-05 03:17:00+00:00,,,False,,2026-10-05 02:49:20.413000+02:00,2026-10-05 05:17:00+02:00,,2026-10-05,5,Monday,False,147.65978333333334
20261005_004917,2026-10-05 00:49:20.413000+00:00,St. Gallen,rail,ch:1:sloid:6302,St. Gallen,ch:1:sloid:6302:3:4,2026-10-05,ch:1:sjyid:100046:11115-001,rail,S-Bahn,S1,S1,11115,St. Gallen,Schaffhausen,4,,2026-10-05 03:19:00+00:00,2026-10-05 03:20:42+00:00,,True,1.7,2026-10-05 02:49:20.413000+02:00,2026-10-05 05:19:00+02:00,2026-10-05 05:20:42+02:00,2026-10-05,5,Monday,False,149.65978333333334
20261005_004917,2026-10-05 00:49:20.413000+00:00,St. Gallen,rail,ch:1:sloid:6302,St. Gallen,ch:1:sloid:6302:500:11,2026-10-05,ch:1:sjyid:100007:plan:2049,rail,S-Bahn,S21,S21,2049,Trogen,Appenzell,11,,2026-10-05 03:21:00+00:00,2026-10-05 03:21:00+00:00,,True,0.0,2026-10-05 02:49:20.413000+02:00,2026-10-05 05:21:00+02:00,2026-10-05 05:21:00+02:00,2026-10-05,5,Monday,False,151.65978333333334
20261005_004917,2026-10-05 00:49:20.413000+00:00,St. Gallen,rail,ch:1:sloid:6302,St. Gallen,ch:1:sloid:6302:2:3,2026-10-05,ch:1:sjyid:100001:3251-001,rail,InterRegio,IR13,IR13,3251,Wil SG,Sargans,3,,2026-10-05 03:25:00+00:00,,,False,,2026-10-05 02:49:20.413000+02:00,2026-10-05 05:25:00+02:00,,2026-10-05,5,Monday,False,155.65978333333334
20261005_004917,2026-10-05 00:49:20.413000+00:00,St. Gallen,rail,ch:1:sloid:6302,St. Gallen,ch:1:sloid:6302:3:5,2026-10-05,ch:1:sjyid:100061:11416-001,rail,S-Bahn,S4,S4,11416,St. Gallen,Rapperswil SG,5,,2026-10-05 03:27:00+00:00,,,False,,2026-10-05 02:49:20.413000+02:00,2026-10-05 05:27:00+02:00,,2026-10-05,5,Monday,False,157.65978333333334
20261005_004917,2026-10-05 00:49:20.413000+00:00,St. Gallen,rail,ch:1:sloid:6302,St. Gallen,ch:1:sloid:6302:2:2,2026-10-05,ch:1:sjyid:100001:3254-001,rail,InterRegio,IR13,IR13,3254,St. Gallen,Zürich HB,2,,2026-10-05 03:37:00+00:00,,,False,,2026-10-05 02:49:20.413000+02:00,2026-10-05 05:37:00+02:00,,2026-10-05,5,Monday,False,167.65978333333334
20261005_004917,2026-10-05 00:49:20.413000+00:00,St. Gallen,rail,ch:1:sloid:6302,St. Gallen,ch:1:sloid:6302:2:3,2026-10-05,ch:1:sjyid:100061:11415-001,rail,S-Bahn,S4,S4,11415,Wattwil,Sargans,3,,2026-10-05 03:38:00+00:00,,,False,,2026-10-05 02:49:20.413000+02:00,2026-10-05 05:38:00+02:00,,2026-10-05,5,Monday,False,168.65978333333334
20261005_004917,2026-10-05 00:49:20.413000+00:00,St. Gallen,rail,ch:1:sloid:6302,St. Gallen,ch:1:sloid:6302:500:12,2026-10-05,ch:1:sjyid:100007:plan:4048,rail,S-Bahn,S22,S22,4048,Appenzell,Trogen,12,,2026-10-05 03:39:00+00:00,2026-10-05 03:39:00+00:00,,True,0.0,2026-10-05 02:49:20.413000+02:00,2026-10-05 05:39:00+02:00,2026-10-05 05:39:00+02:00,2026-10-05,5,Monday,False,169.65978333333334
20261005_004917,2026-10-05 00:49:20.413000+00:00,St. Gallen,rail,ch:1:sloid:6302,St. Gallen,ch:1:sloid:6302:3:4,2026-10-05,ch:1:sjyid:100046:11516-001,rail,S-Bahn,S5,S5,11516,St. Gallen,Weinfelden,4,,2026-10-05 03:40:00+00:00,,,False,,2026-10-05 02:49:20.413000+02:00,2026-10-05 05:40:00+02:00,,2026-10-05,5,Monday,False,170.65978333333334
20261005_004917,2026-10-05 00:49:20.413000+00:00,St. Gallen,rail,ch:1:sloid:6302,St. Gallen,ch:1:sloid:6302:4:6,2026-10-05,ch:1:sjyid:100046:5210-001,rail,RegioExpress,RE1,RE1,5210,St. Gallen,Herisau,6,,2026-10-05 03:44:00+00:00,,,False,,2026-10-05 02:49:20.413000+02:00,2026-10-05 05:44:00+02:00,,2026-10-05,5,Monday,False,174.65978333333334
20261005_004917,2026-10-05 00:49:20.413000+00:00,St. Gallen,rail,ch:1:sloid:6302,St. Gallen,ch:1:sloid:6302:1:1,2026-10-05,ch:1:sjyid:100046:11116-001,rail,S-Bahn,S1,S1,11116,Kreuzlingen,Wil SG,1,,2026-10-05 03:47:00+00:00,2026-10-05 03:47:12+00:00,,True,0.2,2026-10-05 02:49:20.413000+02:00,2026-10-05 05:47:00+02:00,2026-10-05 05:47:12+02:00,2026-10-05,5,Monday,False,177.65978333333334
20261005_004917,2026-10-05 00:49:20.413000+00:00,St. Gallen,rail,ch:1:sloid:6302,St. Gallen,ch:1:sloid:6302:2:3,2026-10-05,ch:1:sjyid:100046:11117-001,rail,S-Bahn,S1,S1,11117,Wil SG,Schaffhausen,3,,2026-10-05 03:49:00+00:00,,,False,,2026-10-05 02:49:20.413000+02:00,2026-10-05 05:49:00+02:00,,2026-10-05,5,Monday,False,179.65978333333334
20261005_004917,2026-10-05 00:49:20.413000+00:00,St. Gallen,rail,ch:1:sloid:6302,St. Gallen,ch:1:sloid:6302:500:11,2026-10-05,ch:1:sjyid:100007:plan:2055,rail,S-Bahn,S21,S21,2055,Trogen,Appenzell,11,,2026-10-05 03:51:00+00:00,2026-10-05 03:51:00+00:00,,True,0.0,2026-10-05 02:49:20.413000+02:00,2026-10-05 05:51:00+02:00,2026-10-05 05:51:00+02:00,2026-10-05,5,Monday,False,181.65978333333334
20261005_004917,2026-10-05 00:49:20.413000+00:00,St. Gallen,rail,ch:1:sloid:6302,St. Gallen,ch:1:sloid:6302:500:12,2026-10-05,ch:1:sjyid:100007:plan:2050,rail,S-Bahn,S21,S21,2050,Appenzell,Trogen,12,,2026-10-05 03:54:00+00:00,2026-10-05 03:54:00+00:00,,True,0.0,2026-10-05 02:49:20.413000+02:00,2026-10-05 05:54:00+02:00,2026-10-05 05:54:00+02:00,2026-10-05,5,Monday,False,184.65978333333334
20261005_004917,2026-10-05 00:49:20.413000+00:00,St. Gallen,rail,ch:1:sloid:6302,St. Gallen,ch:1:sloid:6302:3:4,2026-10-05,ch:1:sjyid:100061:2201-001,rail,Alpenrhein-Express,IR13,IR13,2201,St. Gallen,Chur,4,,2026-10-05 03:55:00+00:00,,,False,,2026-10-05 02:49:20.413000+02:00,2026-10-05 05:55:00+02:00,,2026-10-05,5,Monday,False,185.65978333333334
20261005_004917,2026-10-05 00:49:20.413000+00:00,St. Gallen,rail,ch:1:sloid:6302,St. Gallen,ch:1:sloid:6302:4:6,2026-10-05,ch:1:sjyid:100046:11517-001,rail,S-Bahn,S5,S5,11517,Weinfelden,St. Margrethen SG,6,,2026-10-05 03:57:00+00:00,2026-10-05 03:57:30+00:00,,True,0.5,2026-10-05 02:49:20.413000+02:00,2026-10-05 05:57:00+02:00,2026-10-05 05:57:30+02:00,2026-10-05,5,Monday,False,187.65978333333334
20261005_004917,2026-10-05 00:49:20.413000+00:00,St. Gallen,rail,ch:1:sloid:6302,St. Gallen,ch:1:sloid:6302_gen:ch:1:sloid:6302:3:5_pf:5AB,2026-10-05,ch:1:sjyid:100046:11218-001,rail,S-Bahn,S2,S2,11218,Rorschach,Nesslau-Neu St. Johann,5AB,,2026-10-05 03:57:00+00:00,2026-10-05 03:57:12+00:00,,True,0.2,2026-10-05 02:49:20.413000+02:00,2026-10-05 05:57:00+02:00,2026-10-05 05:57:12+02:00,2026-10-05,5,Monday,False,187.65978333333334
20261005_004917,2026-10-05 00:49:20.413000+00:00,St. Gallen,rail,ch:1:sloid:6302,St. Gallen,ch:1:sloid:6302:2:2,2026-10-05,ch:1:sjyid:100001:510-001,rail,InterCity,IC5,IC5,510,Rorschach,Lausanne,2,,2026-10-05 03:58:00+00:00,,,False,,2026-10-05 02:49:20.413000+02:00,2026-10-05 05:58:00+02:00,,2026-10-05,5,Monday,False,188.65978333333334
20261005_004917,2026-10-05 00:49:20.413000+00:00,St. Gallen,rail,ch:1:sloid:6302,St. Gallen,ch:1:sloid:6302:2:3,2026-10-05,ch:1:sjyid:100061:2008-001,rail,Voralpen-Express,VAE,VAE,2008,St. Gallen,Biberbrugg,3,,2026-10-05 04:05:00+00:00,,,False,,2026-10-05 02:49:20.413000+02:00,2026-10-05 06:05:00+02:00,,2026-10-05,6,Monday,False,195.65978333333334
20261005_004917,2026-10-05 00:49:20.413000+00:00,St. Gallen,rail,ch:1:sloid:6302,St. Gallen,ch:1:sloid:6302:500:11,2026-10-05,ch:1:sjyid:100007:plan:4057,rail,S-Bahn,S22,S22,4057,Trogen,Teufen AR,11,,2026-10-05 04:06:00+00:00,2026-10-05 04:06:00+00:00,,True,0.0,2026-10-05 02:49:20.413000+02:00,2026-10-05 06:06:00+02:00,2026-10-05 06:06:00+02:00,2026-10-05,6,Monday,False,196.65978333333334
20261005_004917,2026-10-05 00:49:20.413000+00:00,St. Gallen,rail,ch:1:sloid:6302,St. Gallen,ch:1:sloid:6302:1:1,2026-10-05,ch:1:sjyid:100001:708-001,rail,InterCity,IC1,IC1,708,St. Gallen,Genève-Aéroport,1,,2026-10-05 04:07:00+00:00,,,False,,2026-10-05 02:49:20.413000+02:00,2026-10-05 06:07:00+02:00,,2026-10-05,6,Monday,False,197.65978333333334
20261005_004917,2026-10-05 00:49:20.413000+00:00,St. Gallen,rail,ch:1:sloid:6302,St. Gallen,ch:1:sloid:6302:3:5,2026-10-05,ch:1:sjyid:100046:11219-001,rail,S-Bahn,S2,S2,11219,Nesslau-Neu St. Johann,Altstätten SG,5,,2026-10-05 04:08:00+00:00,,,False,,2026-10-05 02:49:20.413000+02:00,2026-10-05 06:08:00+02:00,,2026-10-05,6,Monday,False,198.65978333333334
20261005_004917,2026-10-05 00:49:20.413000+00:00,St. Gallen,rail,ch:1:sloid:6302,St. Gallen,ch:1:sloid:6302:500:12,2026-10-05,ch:1:sjyid:100007:plan:4054,rail,S-Bahn,S22,S22,4054,Appenzell,Trogen,12,,2026-10-05 04:09:00+00:00,2026-10-05 04:09:00+00:00,,True,0.0,2026-10-05 02:49:20.413000+02:00,2026-10-05 06:09:00+02:00,2026-10-05 06:09:00+02:00,2026-10-05,6,Monday,False,199.65978333333334
20261005_004917,2026-10-05 00:49:20.413000+00:00,St. Gallen,rail,ch:1:sloid:6302,St. Gallen,ch:1:sloid:6302:3:4,2026-10-05,ch:1:sjyid:100046:11518-001,rail,S-Bahn,S5,S5,11518,St. Margrethen SG,Weinfelden,4,,2026-10-05 04:10:00+00:00,,,False,,2026-10-05 02:49:20.413000+02:00,2026-10-05 06:10:00+02:00,,2026-10-05,6,Monday,False,200.65978333333334
20261005_004917,2026-10-05 00:49:20.413000+00:00,St. Gallen,rail,ch:1:sloid:6302,St. Gallen,ch:1:sloid:6302:2:2,2026-10-05,ch:1:sjyid:100061:12110-001,rail,S-Bahn,S81,S81,12110,St. Gallen,Herisau,2,,2026-10-05 04:14:00+00:00,,,False,,2026-10-05 02:49:20.413000+02:00,2026-10-05 06:14:00+02:00,,2026-10-05,6,Monday,False,204.65978333333334
20261005_004917,2026-10-05 00:49:20.852000+00:00,Lausanne,rail,ch:1:sloid:1120,Lausanne,ch:1:sloid:1120:0:37997,2026-10-05,ch:1:sjyid:100001:18402-002,rail,RegioExpress,RE33,RE33,18402,Lausanne,Genève-Aéroport,6,,2026-10-05 01:45:00+00:00,2026-10-05 01:45:12+00:00,,True,0.2,2026-10-05 02:49:20.852000+02:00,2026-10-05 03:45:00+02:00,2026-10-05 03:45:12+02:00,2026-10-05,3,Monday,False,55.65246666666667
20261005_004917,2026-10-05 00:49:20.852000+00:00,Lausanne,rail,ch:1:sloid:1120,Lausanne,ch:1:sloid:1120:0:37997,2026-10-05,ch:1:sjyid:100001:24200-001,rail,Regio,R2,R2,24200,Lausanne,Grandson,6,,2026-10-05 02:38:00+00:00,2026-10-05 02:38:12+00:00,,True,0.2,2026-10-05 02:49:20.852000+02:00,2026-10-05 04:38:00+02:00,2026-10-05 04:38:12+02:00,2026-10-05,4,Monday,False,108.65246666666667
20261005_004917,2026-10-05 00:49:20.852000+00:00,Lausanne,rail,ch:1:sloid:1120,Lausanne,ch:1:sloid:1120:0:668579,2026-10-05,ch:1:sjyid:100001:2505-002,rail,InterRegio,IR15,IR15,2505,Lausanne,Luzern,1,,2026-10-05 02:40:00+00:00,2026-10-05 02:40:30+00:00,,True,0.5,2026-10-05 02:49:20.852000+02:00,2026-10-05 04:40:00+02:00,2026-10-05 04:40:30+02:00,2026-10-05,4,Monday,False,110.65246666666667
20261005_004917,2026-10-05 00:49:20.852000+00:00,Lausanne,rail,ch:1:sloid:1120,Lausanne,ch:1:sloid:1120:0:42631,2026-10-05,ch:1:sjyid:100001:18404-003,rail,RegioExpress,RE33,RE33,18404,Lausanne,Genève-Aéroport,5,,2026-10-05 02:45:00+00:00,2026-10-05 02:45:12+00:00,,True,0.2,2026-10-05 02:49:20.852000+02:00,2026-10-05 04:45:00+02:00,2026-10-05 04:45:12+02:00,2026-10-05,4,Monday,False,115.65246666666667
20261005_004917,2026-10-05 00:49:20.852000+00:00,Lausanne,rail,ch:1:sloid:1120,Lausanne,ch:1:sloid:1120:0:276884,2026-10-05,ch:1:sjyid:100001:24509-001,rail,S-Bahn,S41,S41,24509,Lausanne,Fribourg/Freiburg,3,,2026-10-05 02:49:00+00:00,2026-10-05 02:49:12+00:00,,True,0.2,2026-10-05 02:49:20.852000+02:00,2026-10-05 04:49:00+02:00,2026-10-05 04:49:12+02:00,2026-10-05,4,Monday,False,119.65246666666667
20261005_004917,2026-10-05 00:49:20.852000+00:00,Lausanne,rail,ch:1:sloid:1120,Lausanne,ch:1:sloid:1120:0:860143,2026-10-05,ch:1:sjyid:100001:24109-001,rail,Regio,R1,R1,24109,Lausanne,Bex,4,,2026-10-05 02:55:00+00:00,2026-10-05 02:55:12+00:00,,True,0.2,2026-10-05 02:49:20.852000+02:00,2026-10-05 04:55:00+02:00,2026-10-05 04:55:12+02:00,2026-10-05,4,Monday,False,125.65246666666667
20261005_004917,2026-10-05 00:49:20.852000+00:00,Lausanne,rail,ch:1:sloid:1120,Lausanne,ch:1:sloid:1120:0:668579,2026-10-05,ch:1:sjyid:100001:24902-001,rail,Regio,R9,R9,24902,Lausanne,Allaman,1,,2026-10-05 02:57:00+00:00,,,False,,2026-10-05 02:49:20.852000+02:00,2026-10-05 04:57:00+02:00,,2026-10-05,4,Monday,False,127.65246666666667
20261005_004917,2026-10-05 00:49:20.852000+00:00,Lausanne,rail,ch:1:sloid:1120,Lausanne,ch:1:sloid:1120:0:20298,2026-10-05,ch:1:sjyid:100001:24909-001,rail,Regio,R9,R9,24909,Lausanne,Murten/Morat,70,,2026-10-05 02:57:00+00:00,,,False,,2026-10-05 02:49:20.852000+02:00,2026-10-05 04:57:00+02:00,,2026-10-05,4,Monday,False,127.65246666666667
20261005_004917,2026-10-05 00:49:20.852000+00:00,Lausanne,rail,ch:1:sloid:1120,Lausanne,ch:1:sloid:1120:0:37997,2026-10-05,ch:1:sjyid:100001:24302-001,rail,Regio,R3,R3,24302,Lausanne,Vallorbe,6,,2026-10-05 02:57:00+00:00,,,False,,2026-10-05 02:49:20.852000+02:00,2026-10-05 04:57:00+02:00,,2026-10-05,4,Monday,False,127.65246666666667
20261005_004917,2026-10-05 00:49:20.852000+00:00,Lausanne,rail,ch:1:sloid:1120,Lausanne,ch:1:sloid:1120:0:276884,2026-10-05,ch:1:sjyid:100001:1705-002,rail,InterRegio,IR95,IR95,1705,Lausanne,Brig,3,,2026-10-05 03:04:00+00:00,,,False,,2026-10-05 02:49:20.852000+02:00,2026-10-05 05:04:00+02:00,,2026-10-05,5,Monday,False,134.65246666666667
20261005_004917,2026-10-05 00:49:20.852000+00:00,Lausanne,rail,ch:1:sloid:1120,Lausanne,ch:1:sloid:1120:0:638488,2026-10-05,ch:1:sjyid:100001:24102-001,rail,Regio,R1,R1,24102,Lausanne,Grandson,8,,2026-10-05 03:08:00+00:00,,,False,,2026-10-05 02:49:20.852000+02:00,2026-10-05 05:08:00+02:00,,2026-10-05,5,Monday,False,138.65246666666664
20261005_004917,2026-10-05 00:49:20.852000+00:00,Lausanne,rail,ch:1:sloid:1120,Lausanne,ch:1:sloid:1120:0:668579,2026-10-05,ch:1:sjyid:100001:24611-001,rail,S-Bahn,S40,S40,24611,Lausanne,Fribourg/Freiburg,1,,2026-10-05 03:21:00+00:00,,,False,,2026-10-05 02:49:20.852000+02:00,2026-10-05 05:21:00+02:00,,2026-10-05,5,Monday,False,151.65246666666664
20261005_004917,2026-10-05 00:49:20.852000+00:00,Lausanne,rail,ch:1:sloid:1120,Lausanne,ch:1:sloid:1120:0:276884,2026-10-05,ch:1:sjyid:100001:24211-001,rail,Regio,R2,R2,24211,Grandson,Bex,3,,2026-10-05 03:24:00+00:00,2026-10-05 03:24:30+00:00,,True,0.5,2026-10-05 02:49:20.852000+02:00,2026-10-05 05:24:00+02:00,2026-10-05 05:24:30+02:00,2026-10-05,5,Monday,False,154.65246666666664
20261005_004917,2026-10-05 00:49:20.852000+00:00,Lausanne,rail,ch:1:sloid:1120,Lausanne,ch:1:sloid:1120:0:638488,2026-10-05,ch:1:sjyid:100001:24402-002,rail,Regio,R4,R4,24402,Vevey,Vallorbe/Le Brassus,8,,2026-10-05 03:27:00+00:00,,,False,,2026-10-05 02:49:20.852000+02:00,2026-10-05 05:27:00+02:00,,2026-10-05,5,Monday,False,157.65246666666664
20261005_004917,2026-10-05 00:49:20.852000+00:00,Lausanne,rail,ch:1:sloid:1120,Lausanne,ch:1:sloid:1120:0:668579,2026-10-05,ch:1:sjyid:100001:24811-004,rail,Regio,R8,R8,24811,Allaman,Payerne,1,,2026-10-05 03:28:00+00:00,,,False,,2026-10-05 02:49:20.852000+02:00,2026-10-05 05:28:00+02:00,,2026-10-05,5,Monday,False,158.65246666666664
20261005_004917,2026-10-05 00:49:20.852000+00:00,Lausanne,rail,ch:1:sloid:1120,Lausanne,ch:1:sloid:1120:0:37997,2026-10-05,ch:1:sjyid:100001:18450-001,rail,RegioExpress,RE33,RE33,18450,Lausanne,Annemasse,6,,2026-10-05 03:30:00+00:00,,,False,,2026-10-05 02:49:20.852000+02:00,2026-10-05 05:30:00+02:00,,2026-10-05,5,Monday,False,160.65246666666664
20261005_004917,2026-10-05 00:49:20.852000+00:00,Lausanne,rail,ch:1:sloid:1120,Lausanne,ch:1:sloid:1120:0:42631,2026-10-05,ch:1:sjyid:100001:509-002,rail,InterCity,IC5,IC5,509,Lausanne,Rorschach,5,,2026-10-05 03:34:00+00:00,,,False,,2026-10-05 02:49:20.852000+02:00,2026-10-05 05:34:00+02:00,,2026-10-05,5,Monday,False,164.65246666666664
20261005_004917,2026-10-05 00:49:20.852000+00:00,Lausanne,rail,ch:1:sloid:1120,Lausanne,ch:1:sloid:1120:0:840061,2026-10-05,ch:1:sjyid:100001:24802-001,rail,Regio,R8,R8,24802,Payerne,Allaman,7,,2026-10-05 03:34:00+00:00,2026-10-05 03:34:12+00:00,,True,0.2,2026-10-05 02:49:20.852000+02:00,2026-10-05 05:34:00+02:00,2026-10-05 05:34:12+02:00,2026-10-05,5,Monday,False,164.65246666666664
20261005_004917,2026-10-05 00:49:20.852000+00:00,Lausanne,rail,ch:1:sloid:1120,Lausanne,ch:1:sloid:1120:0:860143,2026-10-05,ch:1:sjyid:100001:24411-001,rail,Regio,R4,R4,24411,Vallorbe,Vevey,4,,2026-10-05 03:34:00+00:00,2026-10-05 03:34:12+00:00,,True,0.2,2026-10-05 02:49:20.852000+02:00,2026-10-05 05:34:00+02:00,2026-10-05 05:34:12+02:00,2026-10-05,5,Monday,False,164.65246666666664
20261005_004917,2026-10-05 00:49:20.852000+00:00,Lausanne,rail,ch:1:sloid:1120,Lausanne,ch:1:sloid:1120:0:638488,2026-10-05,ch:1:sjyid:100001:24202-003,rail,Regio,R2,R2,24202,Villeneuve VD,Grandson,8,,2026-10-05 03:38:00+00:00,2026-10-05 03:38:12+00:00,,True,0.2,2026-10-05 02:49:20.852000+02:00,2026-10-05 05:38:00+02:00,2026-10-05 05:38:12+02:00,2026-10-05,5,Monday,False,168.65246666666664
20261005_004917,2026-10-05 00:49:20.852000+00:00,Lausanne,rail,ch:1:sloid:1120,Lausanne,ch:1:sloid:1120:0:668579,2026-10-05,ch:1:sjyid:100001:2507-001,rail,InterRegio,IR15,IR15,2507,Lausanne,Luzern,1,,2026-10-05 03:40:00+00:00,,,False,,2026-10-05 02:49:20.852000+02:00,2026-10-05 05:40:00+02:00,,2026-10-05,5,Monday,False,170.65246666666664
20261005_004917,2026-10-05 00:49:20.852000+00:00,Lausanne,rail,ch:1:sloid:1120,Lausanne,ch:1:sloid:1120:0:276884,2026-10-05,ch:1:sjyid:100001:1805-003,rail,InterRegio,IR90,IR90,1805,Genève,Brig,3,,2026-10-05 03:42:00+00:00,2026-10-05 03:42:30+00:00,,True,0.5,2026-10-05 02:49:20.852000+02:00,2026-10-05 05:42:00+02:00,2026-10-05 05:42:30+02:00,2026-10-05,5,Monday,False,172.65246666666664
20261005_004917,2026-10-05 00:49:20.852000+00:00,Lausanne,rail,ch:1:sloid:1120,Lausanne,ch:1:sloid:1120:0:638488,2026-10-05,ch:1:sjyid:100001:1702-001,rail,InterRegio,IR95,IR95,1702,Sion,Genève-Aéroport,8,,2026-10-05 03:49:00+00:00,2026-10-05 03:49:48+00:00,,True,0.8,2026-10-05 02:49:20.852000+02:00,2026-10-05 05:49:00+02:00,2026-10-05 05:49:48+02:00,2026-10-05,5,Monday,False,179.65246666666664
20261005_004917,2026-10-05 00:49:20.852000+00:00,Lausanne,rail,ch:1:sloid:1120,Lausanne,ch:1:sloid:1120:0:20298,2026-10-05,ch:1:sjyid:100001:24513-001,rail,S-Bahn,S41,S41,24513,Lausanne,Fribourg/Freiburg,70,,2026-10-05 03:49:00+00:00,,,False,,2026-10-05 02:49:20.852000+02:00,2026-10-05 05:49:00+02:00,,2026-10-05,5,Monday,False,179.65246666666664
20261005_004917,2026-10-05 00:49:20.852000+00:00,Lausanne,rail,ch:1:sloid:1120,Lausanne,ch:1:sloid:1120:0:37997,2026-10-05,ch:1:sjyid:100001:24113-001,rail,Regio,R1,R1,24113,Grandson,Bex,6,,2026-10-05 03:55:00+00:00,,,False,,2026-10-05 02:49:20.852000+02:00,2026-10-05 05:55:00+02:00,,2026-10-05,5,Monday,False,185.65246666666664
20261005_004917,2026-10-05 00:49:20.852000+00:00,Lausanne,rail,ch:1:sloid:1120,Lausanne,ch:1:sloid:1120:0:668579,2026-10-05,ch:1:sjyid:100001:24913-001,rail,Regio,R9,R9,24913,Allaman,Murten/Morat,1,,2026-10-05 03:57:00+00:00,,,False,,2026-10-05 02:49:20.852000+02:00,2026-10-05 05:57:00+02:00,,2026-10-05,5,Monday,False,187.65246666666664
20261005_004917,2026-10-05 00:49:20.852000+00:00,Lausanne,rail,ch:1:sloid:1120,Lausanne,ch:1:sloid:1120:0:840061,2026-10-05,ch:1:sjyid:100001:24304-001,rail,Regio,R3,R3,24304,Vevey,Vallorbe,7,,2026-10-05 03:57:00+00:00,,,False,,2026-10-05 02:49:20.852000+02:00,2026-10-05 05:57:00+02:00,,2026-10-05,5,Monday,False,187.65246666666664
20261005_004917,2026-10-05 00:49:20.852000+00:00,Lausanne,rail,ch:1:sloid:1120,Lausanne,ch:1:sloid:1120:0:638488,2026-10-05,ch:1:sjyid:100001:18406-001,rail,RegioExpress,RE33,RE33,18406,Lausanne,Annemasse,8,,2026-10-05 04:00:00+00:00,,,False,,2026-10-05 02:49:20.852000+02:00,2026-10-05 06:00:00+02:00,,2026-10-05,6,Monday,False,190.65246666666664
20261005_004917,2026-10-05 00:49:20.852000+00:00,Lausanne,rail,ch:1:sloid:1120,Lausanne,ch:1:sloid:1120:0:860143,2026-10-05,ch:1:sjyid:100001:18403-003,rail,RegioExpress,RE33,RE33,18403,Genève-Aéroport,St-Maurice,4,,2026-10-05 04:01:00+00:00,,,False,,2026-10-05 02:49:20.852000+02:00,2026-10-05 06:01:00+02:00,,2026-10-05,6,Monday,False,191.65246666666664
20261005_004917,2026-10-05 00:49:20.852000+00:00,Lausanne,rail,ch:1:sloid:1120,Lausanne,ch:1:sloid:1120:0:840061,2026-10-05,ch:1:sjyid:100001:24904-001,rail,Regio,R9,R9,24904,Murten/Morat,Allaman,7,,2026-10-05 04:04:00+00:00,2026-10-05 04:04:12+00:00,,True,0.2,2026-10-05 02:49:20.852000+02:00,2026-10-05 06:04:00+02:00,2026-10-05 06:04:12+02:00,2026-10-05,6,Monday,False,194.65246666666664
20261005_004917,2026-10-05 00:49:21.304000+00:00,Genève,rail,ch:1:sloid:1008,Genève,ch:1:sloid:1008:2:3,2026-10-05,ch:1:sjyid:100001:23105-002,rail,Regio,RL4,RL4,23105,Genève,Coppet,3,,2026-10-05 01:00:00+00:00,2026-10-05 01:00:12+00:00,,True,0.2,2026-10-05 02:49:21.304000+02:00,2026-10-05 03:00:00+02:00,2026-10-05 03:00:12+02:00,2026-10-05,3,Monday,False,10.644933333333334
20261005_004917,2026-10-05 00:49:21.304000+00:00,Genève,rail,ch:1:sloid:1008,Genève,ch:1:sloid:1008:3:5,2026-10-05,ch:1:sjyid:100001:23000-002,rail,Regio,RL5,RL5,23000,Genève,Satigny,10,,2026-10-05 01:18:00+00:00,2026-10-05 01:18:12+00:00,,True,0.2,2026-10-05 02:49:21.304000+02:00,2026-10-05 03:18:00+02:00,2026-10-05 03:18:12+02:00,2026-10-05,3,Monday,False,28.64493333333333
20261005_004917,2026-10-05 00:49:21.304000+00:00,Genève,rail,ch:1:sloid:1008,Genève,ch:1:sloid:1008:2:2,2026-10-05,ch:1:sjyid:100001:23109-002,rail,Regio,RL4,RL4,23109,Genève,Coppet,2,,2026-10-05 02:00:00+00:00,2026-10-05 02:00:12+00:00,,True,0.2,2026-10-05 02:49:21.304000+02:00,2026-10-05 04:00:00+02:00,2026-10-05 04:00:12+02:00,2026-10-05,4,Monday,False,70.64493333333333
20261005_004917,2026-10-05 00:49:21.304000+00:00,Genève,rail,ch:1:sloid:1008,Genève,ch:1:sloid:1008:2:3,2026-10-05,ch:1:sjyid:100001:18401-004,rail,RegioExpress,RE33,RE33,18401,Genève,Lausanne,3,,2026-10-05 02:08:00+00:00,2026-10-05 02:08:12+00:00,,True,0.2,2026-10-05 02:49:21.304000+02:00,2026-10-05 04:08:00+02:00,2026-10-05 04:08:12+02:00,2026-10-05,4,Monday,False,78.64493333333333
20261005_004917,2026-10-05 00:49:21.304000+00:00,Genève,rail,ch:1:sloid:1008,Genève,ch:1:sloid:1008:3:5,2026-10-05,ch:1:sjyid:100001:23008-002,rail,Regio,RL5,RL5,23008,Genève,Satigny,10,,2026-10-05 02:12:00+00:00,2026-10-05 02:12:12+00:00,,True,0.2,2026-10-05 02:49:21.304000+02:00,2026-10-05 04:12:00+02:00,2026-10-05 04:12:12+02:00,2026-10-05,4,Monday,False,82.64493333333333
20261005_004917,2026-10-05 00:49:21.304000+00:00,Genève,rail,ch:1:sloid:1008,Genève,ch:1:sloid:1008:2:2,2026-10-05,ch:1:sjyid:100001:18402-002,rail,RegioExpress,RE33,RE33,18402,Lausanne,Genève-Aéroport,2,,2026-10-05 02:46:00+00:00,2026-10-05 02:46:12+00:00,,True,0.2,2026-10-05 02:49:21.304000+02:00,2026-10-05 04:46:00+02:00,2026-10-05 04:46:12+02:00,2026-10-05,4,Monday,False,116.64493333333333
20261005_004917,2026-10-05 00:49:21.304000+00:00,Genève,rail,ch:1:sloid:1008,Genève,ch:1:sloid:1008:2:3,2026-10-05,ch:1:sjyid:100001:1805-003,rail,InterRegio,IR90,IR90,1805,Genève,Brig,3,,2026-10-05 02:46:00+00:00,2026-10-05 02:47:30+00:00,,True,1.5,2026-10-05 02:49:21.304000+02:00,2026-10-05 04:46:00+02:00,2026-10-05 04:47:30+02:00,2026-10-05,4,Monday,False,116.64493333333333
20261005_004917,2026-10-05 00:49:21.304000+00:00,Genève,rail,ch:1:sloid:1008,Genève,ch:1:sloid:1008:4:8,2026-10-05,ch:1:sjyid:100001:96714-002,rail,Regio,RL6,RL6,96714,Genève,Bellegarde-sur-Valserine,7,,2026-10-05 03:00:00+00:00,2026-10-05 03:00:00+00:00,,True,0.0,2026-10-05 02:49:21.304000+02:00,2026-10-05 05:00:00+02:00,2026-10-05 05:00:00+02:00,2026-10-05,5,Monday,False,130.64493333333334
20261005_004917,2026-10-05 00:49:21.304000+00:00,Genève,rail,ch:1:sloid:1008,Genève,ch:1:sloid:1008:1:1,2026-10-05,ch:1:sjyid:100001:23113-001,rail,Regio,RL4,RL4,23113,Genève,Coppet,1,,2026-10-05 03:00:00+00:00,2026-10-05 03:00:12+00:00,,True,0.2,2026-10-05 02:49:21.304000+02:00,2026-10-05 05:00:00+02:00,2026-10-05 05:00:12+02:00,2026-10-05,5,Monday,False,130.64493333333334
20261005_004917,2026-10-05 00:49:21.304000+00:00,Genève,rail,ch:1:sloid:1008,Genève,ch:1:sloid:1008:3:4,2026-10-05,ch:1:sjyid:100001:18403-003,rail,RegioExpress,RE33,RE33,18403,Genève-Aéroport,St-Maurice,4,,2026-10-05 03:06:00+00:00,,,False,,2026-10-05 02:49:21.304000+02:00,2026-10-05 05:06:00+02:00,,2026-10-05,5,Monday,False,136.64493333333334
20261005_004917,2026-10-05 00:49:21.304000+00:00,Genève,rail,ch:1:sloid:1008,Genève,ch:1:sloid:1008:4:7,2026-10-05,ch:1:sjyid:100001:96550-002,rail,Train Express Regional,TER,TER,96550,Genève,Lyon Part Dieu,6,,2026-10-05 03:14:00+00:00,2026-10-05 03:14:00+00:00,,True,0.0,2026-10-05 02:49:21.304000+02:00,2026-10-05 05:14:00+02:00,2026-10-05 05:14:00+02:00,2026-10-05,5,Monday,False,144.64493333333334
20261005_004917,2026-10-05 00:49:21.304000+00:00,Genève,rail,ch:1:sloid:1008,Genève,ch:1:sloid:1008:1:1,2026-10-05,ch:1:sjyid:100001:1900-001,rail,InterRegio,IR,IR,1900,Genève,Genève-Aéroport,1,,2026-10-05 03:16:00+00:00,,,False,,2026-10-05 02:49:21.304000+02:00,2026-10-05 05:16:00+02:00,,2026-10-05,5,Monday,False,146.64493333333334
20261005_004917,2026-10-05 00:49:21.304000+00:00,Genève,rail,ch:1:sloid:1008,Genève,ch:1:sloid:1008:3:5,2026-10-05,ch:1:sjyid:100001:23014-002,rail,Regio,RL5,RL5,23014,Genève,La Plaine,10,,2026-10-05 03:18:00+00:00,,,False,,2026-10-05 02:49:21.304000+02:00,2026-10-05 05:18:00+02:00,,2026-10-05,5,Monday,False,148.64493333333334
20261005_004917,2026-10-05 00:49:21.304000+00:00,Genève,rail,ch:1:sloid:1008,Genève,ch:1:sloid:1008:3:4,2026-10-05,ch:1:sjyid:100001:1707-002,rail,InterRegio,IR95,IR95,1707,Genève-Aéroport,Brig,4,,2026-10-05 03:23:00+00:00,2026-10-05 03:23:30+00:00,,True,0.5,2026-10-05 02:49:21.304000+02:00,2026-10-05 05:23:00+02:00,2026-10-05 05:23:30+02:00,2026-10-05,5,Monday,False,153.64493333333334
20261005_004917,2026-10-05 00:49:21.304000+00:00,Genève,rail,ch:1:sloid:1008,Genève,ch:1:sloid:1008:2:2,2026-10-05,ch:1:sjyid:100001:18448-001,rail,RegioExpress,RE33,RE33,18448,Genève,Annemasse,2,,2026-10-05 03:23:00+00:00,,,False,,2026-10-05 02:49:21.304000+02:00,2026-10-05 05:23:00+02:00,,2026-10-05,5,Monday,False,153.64493333333334
20261005_004917,2026-10-05 00:49:21.304000+00:00,Genève,rail,ch:1:sloid:1008,Genève,ch:1:sloid:1008:2:3,2026-10-05,ch:1:sjyid:100001:41-001,rail,EuroCity,EC,EC,41,Genève,Venezia S. Lucia,3,,2026-10-05 03:27:00+00:00,,,False,,2026-10-05 02:49:21.304000+02:00,2026-10-05 05:27:00+02:00,,2026-10-05,5,Monday,False,157.64493333333334
20261005_004917,2026-10-05 00:49:21.304000+00:00,Genève,rail,ch:1:sloid:1008,Genève,ch:1:sloid:1008:1:1,2026-10-05,ch:1:sjyid:100001:23115-001,rail,Regio,RL4,RL4,23115,Annemasse,Coppet,1,,2026-10-05 03:30:00+00:00,,,False,,2026-10-05 02:49:21.304000+02:00,2026-10-05 05:30:00+02:00,,2026-10-05,5,Monday,False,160.64493333333334
20261005_004917,2026-10-05 00:49:21.304000+00:00,Genève,rail,ch:1:sloid:1008,Genève,ch:1:sloid:1008:2:2,2026-10-05,ch:1:sjyid:100001:23116-001,rail,Regio,RL4,RL4,23116,Coppet,Annemasse,2,,2026-10-05 03:31:00+00:00,2026-10-05 03:31:00+00:00,,True,0.0,2026-10-05 02:49:21.304000+02:00,2026-10-05 05:31:00+02:00,2026-10-05 05:31:00+02:00,2026-10-05,5,Monday,False,161.64493333333334
20261005_004917,2026-10-05 00:49:21.304000+00:00,Genève,rail,ch:1:sloid:1008,Genève,ch:1:sloid:1008:3:4,2026-10-05,ch:1:sjyid:100001:707-001,rail,InterCity,IC1,IC1,707,Genève-Aéroport,St. Gallen,4,,2026-10-05 03:33:00+00:00,,,False,,2026-10-05 02:49:21.304000+02:00,2026-10-05 05:33:00+02:00,,2026-10-05,5,Monday,False,163.64493333333334
20261005_004917,2026-10-05 00:49:21.304000+00:00,Genève,rail,ch:1:sloid:1008,Genève,ch:1:sloid:1008:3:6,2026-10-05,ch:1:sjyid:100001:18457-001,rail,RegioExpress,RE33,RE33,18457,Genève,Martigny,5,,2026-10-05 03:38:00+00:00,,,False,,2026-10-05 02:49:21.304000+02:00,2026-10-05 05:38:00+02:00,,2026-10-05,5,Monday,False,168.64493333333334
20261005_004917,2026-10-05 00:49:21.304000+00:00,Genève,rail,ch:1:sloid:1008,Genève,ch:1:sloid:1008:2:3,2026-10-05,ch:1:sjyid:100001:18404-003,rail,RegioExpress,RE33,RE33,18404,Lausanne,Genève-Aéroport,3,,2026-10-05 03:38:00+00:00,2026-10-05 03:38:24+00:00,,True,0.4,2026-10-05 02:49:21.304000+02:00,2026-10-05 05:38:00+02:00,2026-10-05 05:38:24+02:00,2026-10-05,5,Monday,False,168.64493333333334
20261005_004917,2026-10-05 00:49:21.304000+00:00,Genève,rail,ch:1:sloid:1008,Genève,ch:1:sloid:1008:1:1,2026-10-05,ch:1:sjyid:100001:23215-001,rail,Regio,RL4,RL4,23215,Annemasse,Coppet,1,,2026-10-05 03:45:00+00:00,,,False,,2026-10-05 02:49:21.304000+02:00,2026-10-05 05:45:00+02:00,,2026-10-05,5,Monday,False,175.64493333333334
20261005_004917,2026-10-05 00:49:21.304000+00:00,Genève,rail,ch:1:sloid:1008,Genève,ch:1:sloid:1008:2:2,2026-10-05,ch:1:sjyid:100001:23410-001,rail,Regio,RL2,RL2,23410,Coppet,Annecy,2,,2026-10-05 03:46:00+00:00,2026-10-05 03:46:00+00:00,,True,0.0,2026-10-05 02:49:21.304000+02:00,2026-10-05 05:46:00+02:00,2026-10-05 05:46:00+02:00,2026-10-05,5,Monday,False,176.64493333333334
20261005_004917,2026-10-05 00:49:21.304000+00:00,Genève,rail,ch:1:sloid:1008,Genève,ch:1:sloid:1008:4:8,2026-10-05,ch:1:sjyid:100001:96720-002,rail,Regio,RL6,RL6,96720,Genève,Bellegarde-sur-Valserine,7,,2026-10-05 03:53:00+00:00,,,False,,2026-10-05 02:49:21.304000+02:00,2026-10-05 05:53:00+02:00,,2026-10-05,5,Monday,False,183.64493333333334
20261005_004917,2026-10-05 00:49:21.304000+00:00,Genève,rail,ch:1:sloid:1008,Genève,ch:1:sloid:1008:3:4,2026-10-05,ch:1:sjyid:100001:2509-001,rail,InterRegio,IR15,IR15,2509,Genève-Aéroport,Luzern,4,,2026-10-05 03:54:00+00:00,,,False,,2026-10-05 02:49:21.304000+02:00,2026-10-05 05:54:00+02:00,,2026-10-05,5,Monday,False,184.64493333333334
20261005_004917,2026-10-05 00:49:21.304000+00:00,Genève,rail,ch:1:sloid:1008,Genève,ch:1:sloid:1008:1:1,2026-10-05,ch:1:sjyid:100001:23117-001,rail,Regio,RL4,RL4,23117,Annemasse,Coppet,1,,2026-10-05 04:00:00+00:00,,,False,,2026-10-05 02:49:21.304000+02:00,2026-10-05 06:00:00+02:00,,2026-10-05,6,Monday,False,190.64493333333334
20261005_004917,2026-10-05 00:49:21.304000+00:00,Genève,rail,ch:1:sloid:1008,Genève,ch:1:sloid:1008:2:2,2026-10-05,ch:1:sjyid:100001:23118-001,rail,Regio,RL4,RL4,23118,Coppet,Annemasse,2,,2026-10-05 04:01:00+00:00,2026-10-05 04:01:00+00:00,,True,0.0,2026-10-05 02:49:21.304000+02:00,2026-10-05 06:01:00+02:00,2026-10-05 06:01:00+02:00,2026-10-05,6,Monday,False,191.64493333333334
20261005_004917,2026-10-05 00:49:21.304000+00:00,Genève,rail,ch:1:sloid:1008,Genève,ch:1:sloid:1008:2:3,2026-10-05,ch:1:sjyid:100001:1902-001,rail,InterRegio,IR,IR,1902,Genève,Genève-Aéroport,3,,2026-10-05 04:05:00+00:00,,,False,,2026-10-05 02:49:21.304000+02:00,2026-10-05 06:05:00+02:00,,2026-10-05,6,Monday,False,195.64493333333334
20261005_004917,2026-10-05 00:49:21.304000+00:00,Genève,rail,ch:1:sloid:1008,Genève,ch:1:sloid:1008:3:6,2026-10-05,ch:1:sjyid:100001:1807-001,rail,InterRegio,IR90,IR90,1807,Genève,Brig,5,,2026-10-05 04:05:00+00:00,,,False,,2026-10-05 02:49:21.304000+02:00,2026-10-05 06:05:00+02:00,,2026-10-05,6,Monday,False,195.64493333333334
20261005_004917,2026-10-05 00:49:21.304000+00:00,Genève,rail,ch:1:sloid:1008,Genève,ch:1:sloid:1008:3:4,2026-10-05,ch:1:sjyid:100001:18405-001,rail,RegioExpress,RE33,RE33,18405,Genève-Aéroport,St-Maurice,4,,2026-10-05 04:08:00+00:00,,,False,,2026-10-05 02:49:21.304000+02:00,2026-10-05 06:08:00+02:00,,2026-10-05,6,Monday,False,198.64493333333334
20261005_004917,2026-10-05 00:49:21.777000+00:00,Lugano,rail,ch:1:sloid:5300,Lugano,ch:1:sloid:5300:2:3,2026-10-05,ch:1:sjyid:100001:25104-002,rail,S-Bahn,S10,S10,25104,Mendrisio,Airolo,3,,2026-10-05 02:32:00+00:00,2026-10-05 02:32:30+00:00,,True,0.5,2026-10-05 02:49:21.777000+02:00,2026-10-05 04:32:00+02:00,2026-10-05 04:32:30+02:00,2026-10-05,4,Monday,False,102.63705
20261005_004917,2026-10-05 00:49:21.777000+00:00,Lugano,rail,ch:1:sloid:5300,Lugano,ch:1:sloid:5300:2:2,2026-10-05,ch:1:sjyid:100001:25755-001,rail,S-Bahn,S10,S10,25755,Bellinzona,Como Camerlata/Malpensa Aeroporto T2,2,,2026-10-05 03:06:00+00:00,2026-10-05 03:06:12+00:00,,True,0.2,2026-10-05 02:49:21.777000+02:00,2026-10-05 05:06:00+02:00,2026-10-05 05:06:12+02:00,2026-10-05,5,Monday,False,136.63705
20261005_004917,2026-10-05 00:49:21.777000+00:00,Lugano,rail,ch:1:sloid:5300,Lugano,ch:1:sloid:5300:2:3,2026-10-05,ch:1:sjyid:100001:25106-001,rail,S-Bahn,S10,S10,25106,Chiasso,Biasca,3,,2026-10-05 03:22:00+00:00,,,False,,2026-10-05 02:49:21.777000+02:00,2026-10-05 05:22:00+02:00,,2026-10-05,5,Monday,False,152.63705
20261005_004917,2026-10-05 00:49:21.777000+00:00,Lugano,rail,ch:1:sloid:5300,Lugano,ch:1:sloid:5300:2:2,2026-10-05,ch:1:sjyid:100001:25107-001,rail,S-Bahn,S10,S10,25107,Castione-Arbedo,Como Camerlata,2,,2026-10-05 03:36:00+00:00,,,False,,2026-10-05 02:49:21.777000+02:00,2026-10-05 05:36:00+02:00,,2026-10-05,5,Monday,False,166.63705
20261005_004917,2026-10-05 00:49:21.777000+00:00,Lugano,rail,ch:1:sloid:5300,Lugano,ch:1:sloid:5300:2:3,2026-10-05,ch:1:sjyid:100001:664-001,rail,InterCity,IC21,IC21,664,Chiasso,Basel SBB,3,,2026-10-05 04:00:00+00:00,2026-10-05 04:00:36+00:00,,True,0.6,2026-10-05 02:49:21.777000+02:00,2026-10-05 06:00:00+02:00,2026-10-05 06:00:36+02:00,2026-10-05,6,Monday,False,190.63705
20261005_004917,2026-10-05 00:49:21.777000+00:00,Lugano,rail,ch:1:sloid:5300,Lugano,ch:1:sloid:5300:1:1,2026-10-05,ch:1:sjyid:100001:25507-001,rail,RegioExpress,RE80,RE80,25507,Lugano,Milano Centrale,1,,2026-10-05 04:02:00+00:00,,,False,,2026-10-05 02:49:21.777000+02:00,2026-10-05 06:02:00+02:00,,2026-10-05,6,Monday,False,192.63705
20261005_004917,2026-10-05 00:49:21.777000+00:00,Lugano,rail,ch:1:sloid:5300,Lugano,ch:1:sloid:5300:3:4,2026-10-05,ch:1:sjyid:100001:25754-001,rail,S-Bahn,S10,S10,25754,Mendrisio,Biasca,4,,2026-10-05 04:03:00+00:00,,,False,,2026-10-05 02:49:21.777000+02:00,2026-10-05 06:03:00+02:00,,2026-10-05,6,Monday,False,193.63705
20261005_004917,2026-10-05 00:49:21.777000+00:00,Lugano,rail,ch:1:sloid:5300,Lugano,ch:1:sloid:5300:2:3,2026-10-05,ch:1:sjyid:100001:25500-001,rail,RegioExpress,RE80,RE80,25500,Chiasso,Locarno,3,,2026-10-05 04:05:00+00:00,,,False,,2026-10-05 02:49:21.777000+02:00,2026-10-05 06:05:00+02:00,,2026-10-05,6,Monday,False,195.63705
20261005_004917,2026-10-05 00:49:21.777000+00:00,Lugano,rail,ch:1:sloid:5300,Lugano,ch:1:sloid:5300:1:1,2026-10-05,ch:1:sjyid:100001:25757-001,rail,S-Bahn,S10,S10,25757,Biasca,Chiasso/Malpensa Aeroporto T2,1,,2026-10-05 04:06:00+00:00,,,False,,2026-10-05 02:49:21.777000+02:00,2026-10-05 06:06:00+02:00,,2026-10-05,6,Monday,False,196.63705
20261005_004917,2026-10-05 00:49:21.777000+00:00,Lugano,rail,ch:1:sloid:5300,Lugano,ch:1:sloid:5300:2:2,2026-10-05,ch:1:sjyid:100001:25908-001,rail,S-Bahn,S90,S90,25908,Lugano,Bellinzona,2,,2026-10-05 04:08:00+00:00,,,False,,2026-10-05 02:49:21.777000+02:00,2026-10-05 06:08:00+02:00,,2026-10-05,6,Monday,False,198.63705
20261005_004917,2026-10-05 00:49:21.777000+00:00,Lugano,rail,ch:1:sloid:5300,Lugano,ch:1:sloid:5300:2:3,2026-10-05,ch:1:sjyid:100001:25108-001,rail,S-Bahn,S10,S10,25108,Chiasso,Biasca,3,,2026-10-05 04:25:00+00:00,,,False,,2026-10-05 02:49:21.777000+02:00,2026-10-05 06:25:00+02:00,,2026-10-05,6,Monday,False,215.63705
20261005_004917,2026-10-05 00:49:21.777000+00:00,Lugano,rail,ch:1:sloid:5300,Lugano,ch:1:sloid:5300:2:3,2026-10-05,ch:1:sjyid:100001:1462-001,rail,InterCity,IC2,IC2,1462,Chiasso,Zürich HB,3,,2026-10-05 04:30:00+00:00,,,False,,2026-10-05 02:49:21.777000+02:00,2026-10-05 06:30:00+02:00,,2026-10-05,6,Monday,False,220.63705
20261005_004917,2026-10-05 00:49:21.777000+00:00,Lugano,rail,ch:1:sloid:5300,Lugano,ch:1:sloid:5300:3:4,2026-10-05,ch:1:sjyid:100001:25804-001,rail,RegioExpress,RE80,RE80,25804,Lugano,Locarno,4,,2026-10-05 04:35:00+00:00,,,False,,2026-10-05 02:49:21.777000+02:00,2026-10-05 06:35:00+02:00,,2026-10-05,6,Monday,False,225.63705
20261005_004917,2026-10-05 00:49:21.777000+00:00,Lugano,rail,ch:1:sloid:5300,Lugano,ch:1:sloid:5300:2:2,2026-10-05,ch:1:sjyid:100001:25109-001,rail,S-Bahn,S10,S10,25109,Biasca,Como Camerlata,2,,2026-10-05 04:36:00+00:00,,,False,,2026-10-05 02:49:21.777000+02:00,2026-10-05 06:36:00+02:00,,2026-10-05,6,Monday,False,226.63705
20261005_004917,2026-10-05 00:49:21.777000+00:00,Lugano,rail,ch:1:sloid:5300,Lugano,ch:1:sloid:5300:1:1,2026-10-05,ch:1:sjyid:100001:25956-001,rail,S-Bahn,S90,S90,25956,Lugano,Giubiasco,1,,2026-10-05 04:38:00+00:00,,,False,,2026-10-05 02:49:21.777000+02:00,2026-10-05 06:38:00+02:00,,2026-10-05,6,Monday,False,228.63705
20261005_004917,2026-10-05 00:49:21.777000+00:00,Lugano,rail,ch:1:sloid:5300,Lugano,ch:1:sloid:5300:1:1,2026-10-05,ch:1:sjyid:100001:25907-001,rail,S-Bahn,S90,S90,25907,Bellinzona,Mendrisio,1,,2026-10-05 04:52:00+00:00,,,False,,2026-10-05 02:49:21.777000+02:00,2026-10-05 06:52:00+02:00,,2026-10-05,6,Monday,False,242.63705
20261005_004917,2026-10-05 00:49:21.777000+00:00,Lugano,rail,ch:1:sloid:5300,Lugano,ch:1:sloid:5300:2:3,2026-10-05,ch:1:sjyid:100001:25756-001,rail,S-Bahn,S10,S10,25756,Mendrisio,Biasca,3,,2026-10-05 04:55:00+00:00,,,False,,2026-10-05 02:49:21.777000+02:00,2026-10-05 06:55:00+02:00,,2026-10-05,6,Monday,False,245.63705
20261005_004917,2026-10-05 00:49:21.777000+00:00,Lugano,rail,ch:1:sloid:5300,Lugano,ch:1:sloid:5300:2:2,2026-10-05,ch:1:sjyid:100001:866-001,rail,InterCity,IC2,IC2,866,Lugano,Zürich HB,2,,2026-10-05 05:02:00+00:00,,,False,,2026-10-05 02:49:21.777000+02:00,2026-10-05 07:02:00+02:00,,2026-10-05,7,Monday,False,252.63705
20261005_004917,2026-10-05 00:49:21.777000+00:00,Lugano,rail,ch:1:sloid:5300,Lugano,ch:1:sloid:5300:3:4,2026-10-05,ch:1:sjyid:100001:25509-001,rail,RegioExpress,RE80,RE80,25509,Locarno,Milano Centrale,4,,2026-10-05 05:02:00+00:00,,,False,,2026-10-05 02:49:21.777000+02:00,2026-10-05 07:02:00+02:00,,2026-10-05,7,Monday,False,252.63705
20261005_004917,2026-10-05 00:49:21.777000+00:00,Lugano,rail,ch:1:sloid:5300,Lugano,ch:1:sloid:5300:2:3,2026-10-05,ch:1:sjyid:100001:25502-001,rail,RegioExpress,RE80,RE80,25502,Milano Centrale,Locarno,3,,2026-10-05 05:05:00+00:00,,,False,,2026-10-05 02:49:21.777000+02:00,2026-10-05 07:05:00+02:00,,2026-10-05,7,Monday,False,255.63705
20261005_004917,2026-10-05 00:49:21.777000+00:00,Lugano,rail,ch:1:sloid:5300,Lugano,ch:1:sloid:5300:1:1,2026-10-05,ch:1:sjyid:100001:25759-001,rail,S-Bahn,S10,S10,25759,Biasca,Como S. Giovanni | Malpensa Aeroporto T2,1,,2026-10-05 05:06:00+00:00,,,False,,2026-10-05 02:49:21.777000+02:00,2026-10-05 07:06:00+02:00,,2026-10-05,7,Monday,False,256.63705
20261005_004917,2026-10-05 00:49:21.777000+00:00,Lugano,rail,ch:1:sloid:5300,Lugano,ch:1:sloid:5300:2:3,2026-10-05,ch:1:sjyid:100001:25910-001,rail,S-Bahn,S90,S90,25910,Mendrisio,Bellinzona,3,,2026-10-05 05:08:00+00:00,,,False,,2026-10-05 02:49:21.777000+02:00,2026-10-05 07:08:00+02:00,,2026-10-05,7,Monday,False,258.63705
20261005_004917,2026-10-05 00:49:21.777000+00:00,Lugano,rail,ch:1:sloid:5300,Lugano,ch:1:sloid:5300:2:3,2026-10-05,ch:1:sjyid:100001:25704-001,rail,RegioExpress,RE,RE,25704,Mendrisio,Giubiasco,3,,2026-10-05 05:18:00+00:00,,,False,,2026-10-05 02:49:21.777000+02:00,2026-10-05 07:18:00+02:00,,2026-10-05,7,Monday,False,268.63705
20261005_004917,2026-10-05 00:49:21.777000+00:00,Lugano,rail,ch:1:sloid:5300,Lugano,ch:1:sloid:5300:3:4,2026-10-05,ch:1:sjyid:100001:25110-001,rail,S-Bahn,S10,S10,25110,Como Camerlata,Biasca,4,,2026-10-05 05:25:00+00:00,,,False,,2026-10-05 02:49:21.777000+02:00,2026-10-05 07:25:00+02:00,,2026-10-05,7,Monday,False,275.63705000000004
20261005_004917,2026-10-05 00:49:21.777000+00:00,Lugano,rail,ch:1:sloid:5300,Lugano,ch:1:sloid:5300:2:2,2026-10-05,ch:1:sjyid:100001:25811-001,rail,RegioExpress,RE80,RE80,25811,Locarno,Chiasso,2,,2026-10-05 05:25:00+00:00,,,False,,2026-10-05 02:49:21.777000+02:00,2026-10-05 07:25:00+02:00,,2026-10-05,7,Monday,False,275.63705000000004
20261005_004917,2026-10-05 00:49:21.777000+00:00,Lugano,rail,ch:1:sloid:5300,Lugano,ch:1:sloid:5300:2:3,2026-10-05,ch:1:sjyid:100001:1466-001,rail,InterCity,IC2,IC2,1466,Chiasso,Zürich HB,3,,2026-10-05 05:30:00+00:00,,,False,,2026-10-05 02:49:21.777000+02:00,2026-10-05 07:30:00+02:00,,2026-10-05,7,Monday,False,280.63705000000004
20261005_004917,2026-10-05 00:49:21.777000+00:00,Lugano,rail,ch:1:sloid:5300,Lugano,ch:1:sloid:5300:3:4,2026-10-05,ch:1:sjyid:100001:25806-001,rail,RegioExpress,RE80,RE80,25806,Chiasso,Locarno,4,,2026-10-05 05:35:00+00:00,,,False,,2026-10-05 02:49:21.777000+02:00,2026-10-05 07:35:00+02:00,,2026-10-05,7,Monday,False,285.63705000000004
20261005_004917,2026-10-05 00:49:21.777000+00:00,Lugano,rail,ch:1:sloid:5300,Lugano,ch:1:sloid:5300:2:2,2026-10-05,ch:1:sjyid:100001:25111-001,rail,S-Bahn,S10,S10,25111,Airolo,Como Camerlata,2,,2026-10-05 05:36:00+00:00,,,False,,2026-10-05 02:49:21.777000+02:00,2026-10-05 07:36:00+02:00,,2026-10-05,7,Monday,False,286.63705000000004
20261005_004917,2026-10-05 00:49:21.777000+00:00,Lugano,rail,ch:1:sloid:5300,Lugano,ch:1:sloid:5300:1:1,2026-10-05,ch:1:sjyid:100001:25958-001,rail,S-Bahn,S90,S90,25958,Lugano,Giubiasco,1,,2026-10-05 05:38:00+00:00,,,False,,2026-10-05 02:49:21.777000+02:00,2026-10-05 07:38:00+02:00,,2026-10-05,7,Monday,False,288.63705000000004
20261005_004917,2026-10-05 00:49:21.777000+00:00,Lugano,rail,ch:1:sloid:5300,Lugano,ch:1:sloid:5300_gen:ch:1:sloid:5300:3:4_pf:4A-C,2026-10-05,ch:1:sjyid:100001:25708-002,rail,RegioExpress,RE,RE,25708,Lugano,Bellinzona,4A-C,,2026-10-05 05:48:00+00:00,,,False,,2026-10-05 02:49:21.777000+02:00,2026-10-05 07:48:00+02:00,,2026-10-05,7,Monday,False,298.63705000000004
20261005_004917,2026-10-05 00:49:22.191000+00:00,Zürich,local,ch:1:sloid:87348,"Zürich, Bahnhofplatz/HB",ch:1:sloid:87348,2026-10-05,ch:1:sjyid:100648:plan:e6345605-e58b-4b1d-b701-68b61f6e0e20,bus,Bus,31,31,19,"Zürich, Herdernstrasse","Zürich, Kienastenwies",,,2026-10-05 02:43:00+00:00,,,False,,2026-10-05 02:49:22.191000+02:00,2026-10-05 04:43:00+02:00,,2026-10-05,4,Monday,False,113.63015
20261005_004917,2026-10-05 00:49:22.191000+00:00,Zürich,local,ch:1:sloid:87348,"Zürich, Bahnhofplatz/HB",ch:1:sloid:87348,2026-10-05,ch:1:sjyid:100648:plan:cdfcd4f1-7cb9-472f-83d8-137d0421f0e5,bus,Bus,31,31,46,"Zürich, Herdernstrasse","Zürich, Kienastenwies",,,2026-10-05 02:58:00+00:00,,,False,,2026-10-05 02:49:22.191000+02:00,2026-10-05 04:58:00+02:00,,2026-10-05,4,Monday,False,128.63015000000001
20261005_004917,2026-10-05 00:49:22.191000+00:00,Zürich,local,ch:1:sloid:87348,"Zürich, Bahnhofplatz/HB",ch:1:sloid:87348::0,2026-10-05,ch:1:sjyid:100648:plan:23fc558c-1a4a-4b40-9c2b-89be4d582975,tram,Tram,6,6,488,"Zürich, Bahnhofplatz/HB","Zürich, Zoo",,,2026-10-05 02:59:00+00:00,,,False,,2026-10-05 02:49:22.191000+02:00,2026-10-05 04:59:00+02:00,,2026-10-05,4,Monday,False,129.63015000000001
20261005_004917,2026-10-05 00:49:22.191000+00:00,Zürich,local,ch:1:sloid:87348,"Zürich, Bahnhofplatz/HB",ch:1:sloid:87348::0,2026-10-05,ch:1:sjyid:100648:plan:7e1a7a33-3123-4564-8273-44fd988b002a,tram,Tram,3,3,542,"Zürich,Kalkbreite/Bhf.Wiedikon","Zürich, Klusplatz",,,2026-10-05 03:08:00+00:00,,,False,,2026-10-05 02:49:22.191000+02:00,2026-10-05 05:08:00+02:00,,2026-10-05,5,Monday,False,138.63015
20261005_004917,2026-10-05 00:49:22.191000+00:00,Zürich,local,ch:1:sloid:87348,"Zürich, Bahnhofplatz/HB",ch:1:sloid:87348::1,2026-10-05,ch:1:sjyid:100648:plan:4cf127ce-6a2f-4736-bd6f-0e9954939980,tram,Tram,14,14,912,"Zürich, Bahnhofplatz/HB","Zürich, Triemli",,,2026-10-05 03:11:00+00:00,,,False,,2026-10-05 02:49:22.191000+02:00,2026-10-05 05:11:00+02:00,,2026-10-05,5,Monday,False,141.63015
20261005_004917,2026-10-05 00:49:22.191000+00:00,Zürich,local,ch:1:sloid:87348,"Zürich, Bahnhofplatz/HB",ch:1:sloid:87348,2026-10-05,ch:1:sjyid:100648:plan:e2b3b155-66ec-44bd-b89d-a3a21e97a898,bus,Bus,31,31,221,"Zürich, Herdernstrasse","Zürich, Kienastenwies",,,2026-10-05 03:13:00+00:00,,,False,,2026-10-05 02:49:22.191000+02:00,2026-10-05 05:13:00+02:00,,2026-10-05,5,Monday,False,143.63015
20261005_004917,2026-10-05 00:49:22.191000+00:00,Zürich,local,ch:1:sloid:87348,"Zürich, Bahnhofplatz/HB",ch:1:sloid:87348::0,2026-10-05,ch:1:sjyid:100648:plan:8b1498e2-afe2-4f3f-a6aa-29f5c39f9f78,tram,Tram,6,6,1031,"Zürich, Bahnhofplatz/HB","Zürich, Zoo",,,2026-10-05 03:14:00+00:00,,,False,,2026-10-05 02:49:22.191000+02:00,2026-10-05 05:14:00+02:00,,2026-10-05,5,Monday,False,144.63015
20261005_004917,2026-10-05 00:49:22.191000+00:00,Zürich,local,ch:1:sloid:87348,"Zürich, Bahnhofplatz/HB",ch:1:sloid:87348::0,2026-10-05,ch:1:sjyid:100648:plan:0ffa35f0-7d5b-4157-a724-b1127ffa7929,tram,Tram,3,3,1081,"Zürich,Kalkbreite/Bhf.Wiedikon","Zürich, Klusplatz",,,2026-10-05 03:23:00+00:00,,,False,,2026-10-05 02:49:22.191000+02:00,2026-10-05 05:23:00+02:00,,2026-10-05,5,Monday,False,153.63015
20261005_004917,2026-10-05 00:49:22.191000+00:00,Zürich,local,ch:1:sloid:87348,"Zürich, Bahnhofplatz/HB",ch:1:sloid:87348::1,2026-10-05,ch:1:sjyid:100648:plan:7f11bacd-c9b3-416b-8a73-4f259858a3cd,tram,Tram,14,14,1340,"Zürich, Bahnhofplatz/HB","Zürich, Triemli",,,2026-10-05 03:26:00+00:00,,,False,,2026-10-05 02:49:22.191000+02:00,2026-10-05 05:26:00+02:00,,2026-10-05,5,Monday,False,156.63015
20261005_004917,2026-10-05 00:49:22.191000+00:00,Zürich,local,ch:1:sloid:87348,"Zürich, Bahnhofplatz/HB",ch:1:sloid:87348,2026-10-05,ch:1:sjyid:100648:plan:2e5612ab-bd4e-448c-bc1e-cf9674e58c55,bus,Bus,31,31,351,"Zürich, Hermetschloo","Zürich, Kienastenwies",,,2026-10-05 03:28:00+00:00,,,False,,2026-10-05 02:49:22.191000+02:00,2026-10-05 05:28:00+02:00,,2026-10-05,5,Monday,False,158.63015
20261005_004917,2026-10-05 00:49:22.191000+00:00,Zürich,local,ch:1:sloid:87348,"Zürich, Bahnhofplatz/HB",ch:1:sloid:87348::11,2026-10-05,ch:1:sjyid:100648:plan:387f5ddf-ca1b-4d10-be46-fd29c4271e71,bus,Bus,31,31,362,"Zürich, Kienastenwies","Zürich, Hermetschloo",,,2026-10-05 03:28:00+00:00,,,False,,2026-10-05 02:49:22.191000+02:00,2026-10-05 05:28:00+02:00,,2026-10-05,5,Monday,False,158.63015
20261005_004917,2026-10-05 00:49:22.191000+00:00,Zürich,local,ch:1:sloid:87348,"Zürich, Bahnhofplatz/HB",ch:1:sloid:87348::0,2026-10-05,ch:1:sjyid:100648:plan:1c07304f-2c13-450f-8b58-deffd84ca165,tram,Tram,6,6,1441,"Zürich, Bahnhofplatz/HB","Zürich, Zoo",,,2026-10-05 03:29:00+00:00,,,False,,2026-10-05 02:49:22.191000+02:00,2026-10-05 05:29:00+02:00,,2026-10-05,5,Monday,False,159.63015
20261005_004917,2026-10-05 00:49:22.191000+00:00,Zürich,local,ch:1:sloid:87348,"Zürich, Bahnhofplatz/HB",ch:1:sloid:87348,2026-10-05,ch:1:sjyid:100648:plan:e950f2ba-1b14-4613-ba3a-3a6de41874e3,bus,Bus,33,33,697,"Zürich, Herdernstrasse","Zürich, Hegibachplatz",,,2026-10-05 03:32:00+00:00,,,False,,2026-10-05 02:49:22.191000+02:00,2026-10-05 05:32:00+02:00,,2026-10-05,5,Monday,False,162.63015
20261005_004917,2026-10-05 00:49:22.191000+00:00,Zürich,local,ch:1:sloid:87348,"Zürich, Bahnhofplatz/HB",ch:1:sloid:87348::1,2026-10-05,ch:1:sjyid:100648:plan:1d736d09-3669-440e-a8b1-c355d6683199,tram,Tram,3,3,1258,"Zürich, Klusplatz","Zürich, Albisrieden",,,2026-10-05 03:34:00+00:00,,,False,,2026-10-05 02:49:22.191000+02:00,2026-10-05 05:34:00+02:00,,2026-10-05,5,Monday,False,164.63015
20261005_004917,2026-10-05 00:49:22.191000+00:00,Zürich,local,ch:1:sloid:87348,"Zürich, Bahnhofplatz/HB",ch:1:sloid:87348,2026-10-05,ch:1:sjyid:100648:plan:c6cbe889-620b-4a81-b5cb-8b9ce942fca2,bus,Bus,31,31,817,"Zürich, Herdernstrasse","Zürich, Kienastenwies",,,2026-10-05 03:35:00+00:00,,,False,,2026-10-05 02:49:22.191000+02:00,2026-10-05 05:35:00+02:00,,2026-10-05,5,Monday,False,165.63015
20261005_004917,2026-10-05 00:49:22.191000+00:00,Zürich,local,ch:1:sloid:87348,"Zürich, Bahnhofplatz/HB",ch:1:sloid:87348::0,2026-10-05,ch:1:sjyid:100648:plan:c93a984a-6bde-47b6-8c62-bea45ed7c1a4,tram,Tram,3,3,1113,"Zürich, Albisrieden","Zürich, Klusplatz",,,2026-10-05 03:36:00+00:00,,,False,,2026-10-05 02:49:22.191000+02:00,2026-10-05 05:36:00+02:00,,2026-10-05,5,Monday,False,166.63015
20261005_004917,2026-10-05 00:49:22.191000+00:00,Zürich,local,ch:1:sloid:87348,"Zürich, Bahnhofplatz/HB",ch:1:sloid:87348::1,2026-10-05,ch:1:sjyid:100648:plan:e11577be-110a-4821-8cc1-fa37fa34e223,tram,Tram,14,14,1788,"Zürich, Bahnhofplatz/HB","Zürich, Triemli",,,2026-10-05 03:41:00+00:00,,,False,,2026-10-05 02:49:22.191000+02:00,2026-10-05 05:41:00+02:00,,2026-10-05,5,Monday,False,171.63015
20261005_004917,2026-10-05 00:49:22.191000+00:00,Zürich,local,ch:1:sloid:87348,"Zürich, Bahnhofplatz/HB",ch:1:sloid:87348,2026-10-05,ch:1:sjyid:100648:plan:9f03763b-c550-42dc-814e-4f4ebf915324,bus,Bus,31,31,752,"Zürich, Hermetschloo","Zürich, Kienastenwies",,,2026-10-05 03:43:00+00:00,,,False,,2026-10-05 02:49:22.191000+02:00,2026-10-05 05:43:00+02:00,,2026-10-05,5,Monday,False,173.63015
20261005_004917,2026-10-05 00:49:22.191000+00:00,Zürich,local,ch:1:sloid:87348,"Zürich, Bahnhofplatz/HB",ch:1:sloid:87348::11,2026-10-05,ch:1:sjyid:100648:plan:188e02f3-e7dc-48bf-b918-cf0a3eaa42da,bus,Bus,31,31,763,"Zürich, Kienastenwies","Zürich, Hermetschloo",,,2026-10-05 03:43:00+00:00,,,False,,2026-10-05 02:49:22.191000+02:00,2026-10-05 05:43:00+02:00,,2026-10-05,5,Monday,False,173.63015
20261005_004917,2026-10-05 00:49:22.191000+00:00,Zürich,local,ch:1:sloid:87348,"Zürich, Bahnhofplatz/HB",ch:1:sloid:87348,2026-10-05,ch:1:sjyid:100648:plan:c47682d1-c3a4-484f-a54b-6bdc4b10aec0,tram,Tram,6,6,1880,"Zürich, Bahnhofplatz/HB","Zürich, Zoo",,,2026-10-05 03:44:00+00:00,,,False,,2026-10-05 02:49:22.191000+02:00,2026-10-05 05:44:00+02:00,,2026-10-05,5,Monday,False,174.63015
20261005_004917,2026-10-05 00:49:22.191000+00:00,Zürich,local,ch:1:sloid:87348,"Zürich, Bahnhofplatz/HB",ch:1:sloid:87348,2026-10-05,ch:1:sjyid:100648:plan:2dd9999d-0cd1-4993-8a64-1cc89630cbfc,bus,Bus,33,33,1144,"Zürich, Herdernstrasse","Zürich, Hegibachplatz",,,2026-10-05 03:46:00+00:00,,,False,,2026-10-05 02:49:22.191000+02:00,2026-10-05 05:46:00+02:00,,2026-10-05,5,Monday,False,176.63015
20261005_004917,2026-10-05 00:49:22.191000+00:00,Zürich,local,ch:1:sloid:87348,"Zürich, Bahnhofplatz/HB",ch:1:sloid:87348::0,2026-10-05,ch:1:sjyid:100648:plan:fc46eb28-dac2-47fe-9c37-96b768734b9b,tram,Tram,51,51,1546,"Zürich, Kappeli","Zürich, Seebach",,,2026-10-05 03:48:00+00:00,,,False,,2026-10-05 02:49:22.191000+02:00,2026-10-05 05:48:00+02:00,,2026-10-05,5,Monday,False,178.63015
20261005_004917,2026-10-05 00:49:22.191000+00:00,Zürich,local,ch:1:sloid:87348,"Zürich, Bahnhofplatz/HB",ch:1:sloid:87348::1,2026-10-05,ch:1:sjyid:100648:plan:35ee1fda-febe-49d3-b8a0-1b260697df2e,tram,Tram,3,3,1692,"Zürich, Klusplatz","Zürich, Albisrieden",,,2026-10-05 03:49:00+00:00,,,False,,2026-10-05 02:49:22.191000+02:00,2026-10-05 05:49:00+02:00,,2026-10-05,5,Monday,False,179.63015
20261005_004917,2026-10-05 00:49:22.191000+00:00,Zürich,local,ch:1:sloid:87348,"Zürich, Bahnhofplatz/HB",ch:1:sloid:87348,2026-10-05,ch:1:sjyid:100648:plan:76c2b13b-71e0-431c-ac8b-4d6bf6ba71e1,bus,Bus,31,31,1270,"Zürich, Herdernstrasse","Zürich, Kienastenwies",,,2026-10-05 03:50:00+00:00,,,False,,2026-10-05 02:49:22.191000+02:00,2026-10-05 05:50:00+02:00,,2026-10-05,5,Monday,False,180.63015
20261005_004917,2026-10-05 00:49:22.191000+00:00,Zürich,local,ch:1:sloid:87348,"Zürich, Bahnhofplatz/HB",ch:1:sloid:87348::0,2026-10-05,ch:1:sjyid:100648:plan:6f45fd76-9fa6-4cb5-ac48-aa8feade413c,tram,Tram,3,3,1526,"Zürich, Albisrieden","Zürich, Klusplatz",,,2026-10-05 03:51:00+00:00,,,False,,2026-10-05 02:49:22.191000+02:00,2026-10-05 05:51:00+02:00,,2026-10-05,5,Monday,False,181.63015
20261005_004917,2026-10-05 00:49:22.191000+00:00,Zürich,local,ch:1:sloid:87348,"Zürich, Bahnhofplatz/HB",ch:1:sloid:87348::0,2026-10-05,ch:1:sjyid:100648:plan:ca430bf7-ea6d-4072-b739-958269218ad5,tram,Tram,3,3,1737,"Zürich, Kappeli","Zürich, Klusplatz",,,2026-10-05 03:56:00+00:00,,,False,,2026-10-05 02:49:22.191000+02:00,2026-10-05 05:56:00+02:00,,2026-10-05,5,Monday,False,186.63015
20261005_004917,2026-10-05 00:49:22.191000+00:00,Zürich,local,ch:1:sloid:87348,"Zürich, Bahnhofplatz/HB",ch:1:sloid:87348::1,2026-10-05,ch:1:sjyid:100648:plan:0faad90f-9e70-4a9a-9972-2f7467d528fa,tram,Tram,14,14,2255,"Zürich, Bahnhofplatz/HB","Zürich, Triemli",,,2026-10-05 03:56:00+00:00,,,False,,2026-10-05 02:49:22.191000+02:00,2026-10-05 05:56:00+02:00,,2026-10-05,5,Monday,False,186.63015
20261005_004917,2026-10-05 00:49:22.191000+00:00,Zürich,local,ch:1:sloid:87348,"Zürich, Bahnhofplatz/HB",ch:1:sloid:87348,2026-10-05,ch:1:sjyid:100648:plan:797ddf12-76d5-4d97-bc07-a60f6d2e5265,bus,Bus,31,31,1211,"Zürich, Hermetschloo","Zürich, Kienastenwies",,,2026-10-05 03:58:00+00:00,,,False,,2026-10-05 02:49:22.191000+02:00,2026-10-05 05:58:00+02:00,,2026-10-05,5,Monday,False,188.63015
20261005_004917,2026-10-05 00:49:22.191000+00:00,Zürich,local,ch:1:sloid:87348,"Zürich, Bahnhofplatz/HB",ch:1:sloid:87348::11,2026-10-05,ch:1:sjyid:100648:plan:7d3758a8-eefe-43e2-9656-4bccca0e8a6d,bus,Bus,31,31,1223,"Zürich, Kienastenwies","Zürich, Hermetschloo",,,2026-10-05 03:58:00+00:00,,,False,,2026-10-05 02:49:22.191000+02:00,2026-10-05 05:58:00+02:00,,2026-10-05,5,Monday,False,188.63015
20261005_004917,2026-10-05 00:49:22.191000+00:00,Zürich,local,ch:1:sloid:87348,"Zürich, Bahnhofplatz/HB",ch:1:sloid:87348::0,2026-10-05,ch:1:sjyid:100648:plan:c243a60b-d758-4ef2-ad1b-b09da6f37468,tram,Tram,6,6,2359,"Zürich, Bahnhofplatz/HB","Zürich, Zoo",,,2026-10-05 03:59:00+00:00,,,False,,2026-10-05 02:49:22.191000+02:00,2026-10-05 05:59:00+02:00,,2026-10-05,5,Monday,False,189.63015
20261005_004917,2026-10-05 00:49:22.624000+00:00,Bern,local,ch:1:sloid:76646,"Bern, Bahnhof",ch:1:sloid:76646:0:19,2026-10-05,ch:1:sjyid:100626:plan:698dece6-f0e3-4ae7-b292-de47357aa7b4,bus,Bus,10,10,32475,"Bern, Monbijou","Ostermundigen, Rüti",L,,2026-10-05 03:07:00+00:00,,,False,,2026-10-05 02:49:22.624000+02:00,2026-10-05 05:07:00+02:00,,2026-10-05,5,Monday,False,137.62293333333335
20261005_004917,2026-10-05 00:49:22.624000+00:00,Bern,local,ch:1:sloid:76646,"Bern, Bahnhof",ch:1:sloid:76646:0:7,2026-10-05,ch:1:sjyid:100626:plan:f913677e-3c8c-4d39-bddc-6dc84f41d430,tram,Tram,7,7,10717,"Bern, Bärenplatz","Bern, Bümpliz",D,,2026-10-05 03:12:00+00:00,,,False,,2026-10-05 02:49:22.624000+02:00,2026-10-05 05:12:00+02:00,,2026-10-05,5,Monday,False,142.62293333333335
20261005_004917,2026-10-05 00:49:22.624000+00:00,Bern,local,ch:1:sloid:76646,"Bern, Bahnhof",ch:1:sloid:76646:0:19,2026-10-05,ch:1:sjyid:100626:plan:8c7f7e3f-d262-4365-9fb9-63ca859ecca3,bus,Bus,10,10,32704,"Bern, Hirschengraben","Ostermundigen, Rüti",L,,2026-10-05 03:14:00+00:00,,,False,,2026-10-05 02:49:22.624000+02:00,2026-10-05 05:14:00+02:00,,2026-10-05,5,Monday,False,144.62293333333335
20261005_004917,2026-10-05 00:49:22.624000+00:00,Bern,local,ch:1:sloid:76646,"Bern, Bahnhof",ch:1:sloid:76646:0:3,2026-10-05,ch:1:sjyid:100626:plan:3e9eed39-fec9-4454-8455-36451eaecc97,tram,Tram,8,8,16694,"Bern, Bärenplatz","Bern Brünnen Westside, Bahnhof",C,,2026-10-05 03:14:00+00:00,,,False,,2026-10-05 02:49:22.624000+02:00,2026-10-05 05:14:00+02:00,,2026-10-05,5,Monday,False,144.62293333333335
20261005_004917,2026-10-05 00:49:22.624000+00:00,Bern,local,ch:1:sloid:76646,"Bern, Bahnhof",ch:1:sloid:76646:0:3,2026-10-05,ch:1:sjyid:100626:plan:7fdebfd6-f8be-473c-849f-5951ecf8941b,tram,Tram,8,8,16696,"Bern, Bärenplatz","Bern Brünnen Westside, Bahnhof",C,,2026-10-05 03:21:00+00:00,,,False,,2026-10-05 02:49:22.624000+02:00,2026-10-05 05:21:00+02:00,,2026-10-05,5,Monday,False,151.62293333333335
20261005_004917,2026-10-05 00:49:22.624000+00:00,Bern,local,ch:1:sloid:76646,"Bern, Bahnhof",ch:1:sloid:76646:0:3,2026-10-05,ch:1:sjyid:100626:plan:8c996bb5-cc4f-4b5f-87e6-c88bf072e47f,tram,Tram,6,6,5861,"Bern, Bärenplatz","Bern, Fischermätteli",C,,2026-10-05 03:23:00+00:00,,,False,,2026-10-05 02:49:22.624000+02:00,2026-10-05 05:23:00+02:00,,2026-10-05,5,Monday,False,153.62293333333335
20261005_004917,2026-10-05 00:49:22.624000+00:00,Bern,local,ch:1:sloid:76646,"Bern, Bahnhof",ch:1:sloid:76646:0:19,2026-10-05,ch:1:sjyid:100626:plan:be1d67f2-eb40-4943-8d5f-ce3c95403d17,bus,Bus,10,10,32494,"Bern, Monbijou","Ostermundigen, Rüti",L,,2026-10-05 03:24:00+00:00,,,False,,2026-10-05 02:49:22.624000+02:00,2026-10-05 05:24:00+02:00,,2026-10-05,5,Monday,False,154.62293333333335
20261005_004917,2026-10-05 00:49:22.624000+00:00,Bern,local,ch:1:sloid:76646,"Bern, Bahnhof",ch:1:sloid:76646:0:7,2026-10-05,ch:1:sjyid:100626:plan:462a0718-22bb-4023-af46-289213233b8b,tram,Tram,7,7,10722,"Bern, Bärenplatz","Bern, Bümpliz",D,,2026-10-05 03:25:00+00:00,,,False,,2026-10-05 02:49:22.624000+02:00,2026-10-05 05:25:00+02:00,,2026-10-05,5,Monday,False,155.62293333333335
20261005_004917,2026-10-05 00:49:22.624000+00:00,Bern,local,ch:1:sloid:76646,"Bern, Bahnhof",ch:1:sloid:76646:0:3,2026-10-05,ch:1:sjyid:100626:plan:1e59c065-668a-4cd9-b44d-8323bf7f6b8e,tram,Tram,8,8,16700,"Bern, Bärenplatz","Bern Brünnen Westside, Bahnhof",C,,2026-10-05 03:31:00+00:00,,,False,,2026-10-05 02:49:22.624000+02:00,2026-10-05 05:31:00+02:00,,2026-10-05,5,Monday,False,161.62293333333335
20261005_004917,2026-10-05 00:49:22.624000+00:00,Bern,local,ch:1:sloid:76646,"Bern, Bahnhof",ch:1:sloid:76646:0:13,2026-10-05,ch:1:sjyid:100626:plan:3d22ff1f-4bae-41a3-9656-88cd38493bbe,bus,Bus,20,20,62235,"Bern, Bahnhof","Bern Wankdorf, Bahnhof",E,,2026-10-05 03:33:00+00:00,,,False,,2026-10-05 02:49:22.624000+02:00,2026-10-05 05:33:00+02:00,,2026-10-05,5,Monday,False,163.62293333333335
20261005_004917,2026-10-05 00:49:22.624000+00:00,Bern,local,ch:1:sloid:76646,"Bern, Bahnhof",ch:1:sloid:76646:0:19,2026-10-05,ch:1:sjyid:100626:plan:77ac7c69-2fc6-4eba-9db0-7840e36f1c77,bus,Bus,10,10,32708,"Bern, Hirschengraben","Ostermundigen, Rüti",L,,2026-10-05 03:34:00+00:00,,,False,,2026-10-05 02:49:22.624000+02:00,2026-10-05 05:34:00+02:00,,2026-10-05,5,Monday,False,164.62293333333335
20261005_004917,2026-10-05 00:49:22.624000+00:00,Bern,local,ch:1:sloid:76646,"Bern, Bahnhof",ch:1:sloid:76646:0:3,2026-10-05,ch:1:sjyid:100626:plan:ea702076-274f-460c-965f-585a69029365,tram,Tram,8,8,16702,"Bern, Bärenplatz","Bern Brünnen Westside, Bahnhof",C,,2026-10-05 03:37:00+00:00,,,False,,2026-10-05 02:49:22.624000+02:00,2026-10-05 05:37:00+02:00,,2026-10-05,5,Monday,False,167.62293333333335
20261005_004917,2026-10-05 00:49:22.624000+00:00,Bern,local,ch:1:sloid:76646,"Bern, Bahnhof",ch:1:sloid:76646:0:19,2026-10-05,ch:1:sjyid:100626:plan:b26b2c6b-e291-4936-b2cd-f206ad13bde3,bus,Bus,10,10,32514,"Bern, Monbijou","Ostermundigen, Rüti",L,,2026-10-05 03:42:00+00:00,,,False,,2026-10-05 02:49:22.624000+02:00,2026-10-05 05:42:00+02:00,,2026-10-05,5,Monday,False,172.62293333333335
20261005_004917,2026-10-05 00:49:22.624000+00:00,Bern,local,ch:1:sloid:76646,"Bern, Bahnhof",ch:1:sloid:76646:0:2,2026-10-05,ch:1:sjyid:100626:plan:d035692e-ed5e-4ff4-ab29-a0e08f90a5c7,bus,Bus,8A,8A,77499,"Bern, Bahnhof","Bern, Saali",K2,,2026-10-05 03:43:00+00:00,,,False,,2026-10-05 02:49:22.624000+02:00,2026-10-05 05:43:00+02:00,,2026-10-05,5,Monday,False,173.62293333333335
20261005_004917,2026-10-05 00:49:22.624000+00:00,Bern,local,ch:1:sloid:76646,"Bern, Bahnhof",ch:1:sloid:76646:0:3,2026-10-05,ch:1:sjyid:100626:plan:1312b054-93f1-4a9f-b3da-ccf30b34426b,tram,Tram,8,8,16705,"Bern, Bärenplatz","Bern Brünnen Westside, Bahnhof",C,,2026-10-05 03:43:00+00:00,,,False,,2026-10-05 02:49:22.624000+02:00,2026-10-05 05:43:00+02:00,,2026-10-05,5,Monday,False,173.62293333333335
20261005_004917,2026-10-05 00:49:22.624000+00:00,Bern,local,ch:1:sloid:76646,"Bern, Bahnhof",ch:1:sloid:76646:0:7,2026-10-05,ch:1:sjyid:100626:plan:abb0c5ba-74e2-4883-a8e8-1e2a80c937e7,tram,Tram,7,7,10728,"Bern, Bärenplatz","Bern, Bümpliz",D,,2026-10-05 03:45:00+00:00,,,False,,2026-10-05 02:49:22.624000+02:00,2026-10-05 05:45:00+02:00,,2026-10-05,5,Monday,False,175.62293333333335
20261005_004917,2026-10-05 00:49:22.624000+00:00,Bern,local,ch:1:sloid:76646,"Bern, Bahnhof",ch:1:sloid:76646:0:15,2026-10-05,ch:1:sjyid:100626:plan:7f872e70-19c0-48a7-82ed-64f34381d187,bus,Bus,20,20,65081,"Bern Wankdorf, Bahnhof","Bern, Länggasse",F,,2026-10-05 03:47:00+00:00,,,False,,2026-10-05 02:49:22.624000+02:00,2026-10-05 05:47:00+02:00,,2026-10-05,5,Monday,False,177.62293333333335
20261005_004917,2026-10-05 00:49:22.624000+00:00,Bern,local,ch:1:sloid:76646,"Bern, Bahnhof",ch:1:sloid:76646:0:19,2026-10-05,ch:1:sjyid:100626:plan:d3481e1e-240e-4852-af4c-c2c1f41b486c,bus,Bus,10,10,34450,"Schliern, Bus-Endstation","Ostermundigen, Rüti",L,,2026-10-05 03:48:00+00:00,,,False,,2026-10-05 02:49:22.624000+02:00,2026-10-05 05:48:00+02:00,,2026-10-05,5,Monday,False,178.62293333333335
20261005_004917,2026-10-05 00:49:22.624000+00:00,Bern,local,ch:1:sloid:76646,"Bern, Bahnhof",ch:1:sloid:76646:0:20,2026-10-05,ch:1:sjyid:100626:plan:75a6c531-1f1c-4141-99bc-34eaca2d013d,bus,Bus,19,19,58496,"Spiegel, Blinzern","Bern, Elfenau",M,,2026-10-05 03:48:00+00:00,,,False,,2026-10-05 02:49:22.624000+02:00,2026-10-05 05:48:00+02:00,,2026-10-05,5,Monday,False,178.62293333333335
20261005_004917,2026-10-05 00:49:22.624000+00:00,Bern,local,ch:1:sloid:76646,"Bern, Bahnhof",ch:1:sloid:76646:0:10,2026-10-05,ch:1:sjyid:100626:plan:95af5ab9-9b16-4d24-90bf-7b64eef1e983,tram,Tram,3,3,1456,"Bern, Bahnhof","Bern, Weissenbühl (Tram)",J,,2026-10-05 03:48:00+00:00,,,False,,2026-10-05 02:49:22.624000+02:00,2026-10-05 05:48:00+02:00,,2026-10-05,5,Monday,False,178.62293333333335
20261005_004917,2026-10-05 00:49:22.624000+00:00,Bern,local,ch:1:sloid:76646,"Bern, Bahnhof",ch:1:sloid:76646:0:7,2026-10-05,ch:1:sjyid:100626:plan:b627cd68-1735-4b9f-ae57-aa034b5cab04,bus,Bus,12,12,52876,"Bern, Zentrum Paul Klee","Bern, Holligen",D,,2026-10-05 03:48:00+00:00,,,False,,2026-10-05 02:49:22.624000+02:00,2026-10-05 05:48:00+02:00,,2026-10-05,5,Monday,False,178.62293333333335
20261005_004917,2026-10-05 00:49:22.624000+00:00,Bern,local,ch:1:sloid:76646,"Bern, Bahnhof",ch:1:sloid:76646:0:20,2026-10-05,ch:1:sjyid:100626:plan:48a813d7-fb78-4ba6-875a-33a997427167,bus,Bus,17,17,57772,"Bern, Bahnhof","Köniz, Weiermatt",M,,2026-10-05 03:48:00+00:00,,,False,,2026-10-05 02:49:22.624000+02:00,2026-10-05 05:48:00+02:00,,2026-10-05,5,Monday,False,178.62293333333335
20261005_004917,2026-10-05 00:49:22.624000+00:00,Bern,local,ch:1:sloid:76646,"Bern, Bahnhof",ch:1:sloid:76646:0:5,2026-10-05,ch:1:sjyid:100626:plan:f90ce336-b0ef-4cb0-9a0c-159d1b07c3b8,bus,Bus,12,12,50168,"Bern, Holligen","Bern, Zentrum Paul Klee",A,,2026-10-05 03:48:00+00:00,,,False,,2026-10-05 02:49:22.624000+02:00,2026-10-05 05:48:00+02:00,,2026-10-05,5,Monday,False,178.62293333333335
20261005_004917,2026-10-05 00:49:22.624000+00:00,Bern,local,ch:1:sloid:76646,"Bern, Bahnhof",ch:1:sloid:76646:0:11,2026-10-05,ch:1:sjyid:100626:plan:60bd780a-47e6-425b-8ca8-dfcbae9f79bb,bus,Bus,10,10,42751,"Ostermundigen, Rüti","Schliern, Bus-Endstation",I,,2026-10-05 03:48:00+00:00,,,False,,2026-10-05 02:49:22.624000+02:00,2026-10-05 05:48:00+02:00,,2026-10-05,5,Monday,False,178.62293333333335
20261005_004917,2026-10-05 00:49:22.624000+00:00,Bern,local,ch:1:sloid:76646,"Bern, Bahnhof",ch:1:sloid:76646:0:25,2026-10-05,ch:1:sjyid:100626:plan:e0045763-164f-47af-babb-e27aae3365b6,bus,Bus,19,19,60554,"Bern, Elfenau","Spiegel, Blinzern",K1,,2026-10-05 03:48:00+00:00,,,False,,2026-10-05 02:49:22.624000+02:00,2026-10-05 05:48:00+02:00,,2026-10-05,5,Monday,False,178.62293333333335
20261005_004917,2026-10-05 00:49:22.624000+00:00,Bern,local,ch:1:sloid:76646,"Bern, Bahnhof",ch:1:sloid:76646:0:10,2026-10-05,ch:1:sjyid:100626:plan:1486577b-3aae-40bd-913d-e848a2084d47,tram,Tram,6,6,7000,"Bern, Bahnhof","Bern, Fischermätteli",J,,2026-10-05 03:49:00+00:00,,,False,,2026-10-05 02:49:22.624000+02:00,2026-10-05 05:49:00+02:00,,2026-10-05,5,Monday,False,179.62293333333335
20261005_004917,2026-10-05 00:49:22.624000+00:00,Bern,local,ch:1:sloid:76646,"Bern, Bahnhof",ch:1:sloid:76646:0:39,2026-10-05,ch:1:sjyid:100626:plan:462a2975-90db-4cde-ab5e-d7664832edc7,tram,Tram,8,8,17829,"Bern, Bahnhof","Bern Brünnen Westside, Bahnhof",N,,2026-10-05 03:49:00+00:00,,,False,,2026-10-05 02:49:22.624000+02:00,2026-10-05 05:49:00+02:00,,2026-10-05,5,Monday,False,179.62293333333335
20261005_004917,2026-10-05 00:49:22.624000+00:00,Bern,local,ch:1:sloid:76646,"Bern, Bahnhof",ch:1:sloid:76646:0:13,2026-10-05,ch:1:sjyid:100626:plan:aed788b1-e133-41ec-8553-f2a1c4e6c98e,bus,Bus,20,20,62330,"Bern, Länggasse","Bern Wankdorf, Bahnhof",E,,2026-10-05 03:49:00+00:00,,,False,,2026-10-05 02:49:22.624000+02:00,2026-10-05 05:49:00+02:00,,2026-10-05,5,Monday,False,179.62293333333335
20261005_004917,2026-10-05 00:49:22.624000+00:00,Bern,local,ch:1:sloid:76646,"Bern, Bahnhof",ch:1:sloid:76646:0:30,2026-10-05,ch:1:sjyid:100626:plan:f53ab730-19cd-4d64-9466-aa2d4eef2586,bus,Bus,21,21,67626,"Bern, Bahnhof","Bremgarten BE, Stuckishaus",H,,2026-10-05 03:49:00+00:00,,,False,,2026-10-05 02:49:22.624000+02:00,2026-10-05 05:49:00+02:00,,2026-10-05,5,Monday,False,179.62293333333335
20261005_004917,2026-10-05 00:49:22.624000+00:00,Bern,local,ch:1:sloid:76646,"Bern, Bahnhof",ch:1:sloid:76646:0:39,2026-10-05,ch:1:sjyid:100626:plan:0d7eb204-d5fe-4241-97ab-5a6ddac0352e,tram,Tram,7,7,12574,"Bern, Bahnhof","Bern, Bümpliz",N,,2026-10-05 03:50:00+00:00,,,False,,2026-10-05 02:49:22.624000+02:00,2026-10-05 05:50:00+02:00,,2026-10-05,5,Monday,False,180.62293333333335
20261005_004917,2026-10-05 00:49:23.116000+00:00,Basel,local,ch:1:sloid:78143,"Basel, Bahnhof SBB",ch:1:sloid:78143:3:3,2026-10-05,ch:1:sjyid:100622:plan:8dd3974b-0b8a-4b0c-b82e-bd9fb6ee2884,bus,Bus,50,50,50001,"Basel, Bahnhof SBB","Basel, EuroAirport",B,,2026-10-05 02:10:00+00:00,,,False,,2026-10-05 02:49:23.116000+02:00,2026-10-05 04:10:00+02:00,,2026-10-05,4,Monday,False,80.61473333333333
20261005_004917,2026-10-05 00:49:23.116000+00:00,Basel,local,ch:1:sloid:78143,"Basel, Bahnhof SBB",ch:1:sloid:78143:3:3,2026-10-05,ch:1:sjyid:100622:plan:d1c00354-95b3-45db-baf7-9d2c865d13cb,bus,Bus,50,50,50003,"Basel, Bahnhof SBB","Basel EuroAirport, Verwaltung",B,,2026-10-05 02:35:00+00:00,,,False,,2026-10-05 02:49:23.116000+02:00,2026-10-05 04:35:00+02:00,,2026-10-05,4,Monday,False,105.61473333333333
20261005_004917,2026-10-05 00:49:23.116000+00:00,Basel,local,ch:1:sloid:78143,"Basel, Bahnhof SBB",ch:1:sloid:78143:1:34,2026-10-05,ch:1:sjyid:100622:plan:88730de0-e2fa-4407-aa4e-5cec17a1b469,tram,Tram,15,15,15002,"Basel, Wiesenplatz","Basel, Bruderholz",G,,2026-10-05 02:47:48+00:00,,,False,,2026-10-05 02:49:23.116000+02:00,2026-10-05 04:47:48+02:00,,2026-10-05,4,Monday,False,118.41473333333333
20261005_004917,2026-10-05 00:49:23.116000+00:00,Basel,local,ch:1:sloid:78143,"Basel, Bahnhof SBB",ch:1:sloid:78143:1:32,2026-10-05,ch:1:sjyid:100622:plan:a8c1bbae-3a4f-4263-8073-66db6d019881,tram,Tram,8,8,8002,"Basel, Wiesenplatz","Basel, Neuweilerstrasse",E,,2026-10-05 02:48:18+00:00,,,False,,2026-10-05 02:49:23.116000+02:00,2026-10-05 04:48:18+02:00,,2026-10-05,4,Monday,False,118.91473333333333
20261005_004917,2026-10-05 00:49:23.116000+00:00,Basel,local,ch:1:sloid:78143,"Basel, Bahnhof SBB",ch:1:sloid:78143:3:3,2026-10-05,ch:1:sjyid:100622:plan:cc7f94eb-19d5-4770-96e5-5fe1f448d379,bus,Bus,50,50,50005,"Basel, Bahnhof SBB","Basel EuroAirport, Verwaltung",B,,2026-10-05 02:55:00+00:00,,,False,,2026-10-05 02:49:23.116000+02:00,2026-10-05 04:55:00+02:00,,2026-10-05,4,Monday,False,125.61473333333333
20261005_004917,2026-10-05 00:49:23.116000+00:00,Basel,local,ch:1:sloid:78143,"Basel, Bahnhof SBB",ch:1:sloid:78143:1:34,2026-10-05,ch:1:sjyid:100019:plan:8dd6375b-5dd2-458a-ae9d-b6ca8af11e0d,tram,Tram,10,10,10003,"Oberwil BL, Zentrum","Dornach, Bahnhof",G,,2026-10-05 02:58:00+00:00,,,False,,2026-10-05 02:49:23.116000+02:00,2026-10-05 04:58:00+02:00,,2026-10-05,4,Monday,False,128.61473333333333
20261005_004917,2026-10-05 00:49:23.116000+00:00,Basel,local,ch:1:sloid:78143,"Basel, Bahnhof SBB",ch:1:sloid:78143:1:34,2026-10-05,ch:1:sjyid:100622:plan:d9f07753-f141-4bed-9211-e543f22d331d,tram,Tram,15,15,15004,"Basel, Wiesenplatz","Basel, Bruderholz",G,,2026-10-05 02:59:00+00:00,,,False,,2026-10-05 02:49:23.116000+02:00,2026-10-05 04:59:00+02:00,,2026-10-05,4,Monday,False,129.61473333333333
20261005_004917,2026-10-05 00:49:23.116000+00:00,Basel,local,ch:1:sloid:78143,"Basel, Bahnhof SBB",ch:1:sloid:78143:1:32,2026-10-05,ch:1:sjyid:100622:plan:1bec0973-a113-47b3-bde7-164f6142cb35,tram,Tram,8,8,8004,"Basel, Wiesenplatz","Basel, Neuweilerstrasse",E,,2026-10-05 03:03:00+00:00,,,False,,2026-10-05 02:49:23.116000+02:00,2026-10-05 05:03:00+02:00,,2026-10-05,5,Monday,False,133.61473333333333
20261005_004917,2026-10-05 00:49:23.116000+00:00,Basel,local,ch:1:sloid:78143,"Basel, Bahnhof SBB",ch:1:sloid:78143:1:34,2026-10-05,ch:1:sjyid:100622:plan:1646a8d6-4764-4051-9904-bb3bc1517403,tram,Tram,16,16,16002,"Basel, Wiesenplatz","Basel, Bruderholz",G,,2026-10-05 03:04:00+00:00,,,False,,2026-10-05 02:49:23.116000+02:00,2026-10-05 05:04:00+02:00,,2026-10-05,5,Monday,False,134.61473333333333
20261005_004917,2026-10-05 00:49:23.116000+00:00,Basel,local,ch:1:sloid:78143,"Basel, Bahnhof SBB",ch:1:sloid:78143:3:3,2026-10-05,ch:1:sjyid:100622:plan:82e9b87d-3b3d-4a5a-8702-4e3f4184354a,bus,Bus,30,30,30001,"Basel, Bahnhof SBB","Basel, Badischer Bahnhof",B,,2026-10-05 03:05:00+00:00,,,False,,2026-10-05 02:49:23.116000+02:00,2026-10-05 05:05:00+02:00,,2026-10-05,5,Monday,False,135.61473333333333
20261005_004917,2026-10-05 00:49:23.116000+00:00,Basel,local,ch:1:sloid:78143,"Basel, Bahnhof SBB",ch:1:sloid:78143:1:32,2026-10-05,ch:1:sjyid:100622:plan:3de1ba3f-2a8e-45af-9fad-559750e08824,tram,Tram,2,2,2002,"Basel, Wiesenplatz","Binningen, Kronenplatz",E,,2026-10-05 03:06:00+00:00,,,False,,2026-10-05 02:49:23.116000+02:00,2026-10-05 05:06:00+02:00,,2026-10-05,5,Monday,False,136.61473333333333
20261005_004917,2026-10-05 00:49:23.116000+00:00,Basel,local,ch:1:sloid:78143,"Basel, Bahnhof SBB",ch:1:sloid:78143:1:33,2026-10-05,ch:1:sjyid:100622:plan:b935c0f8-1bc1-49ea-bdde-2fbcd5b2fa10,tram,Tram,6,6,6001,"Allschwil, Dorf","Riehen, Grenze",F,,2026-10-05 03:09:00+00:00,,,False,,2026-10-05 02:49:23.116000+02:00,2026-10-05 05:09:00+02:00,,2026-10-05,5,Monday,False,139.61473333333333
20261005_004917,2026-10-05 00:49:23.116000+00:00,Basel,local,ch:1:sloid:78143,"Basel, Bahnhof SBB",ch:1:sloid:78143:3:3,2026-10-05,ch:1:sjyid:100622:plan:ed128cf4-ef7c-4698-9e67-0df2e4e29335,bus,Bus,50,50,50007,"Basel, Bahnhof SBB","Basel EuroAirport, Verwaltung",B,,2026-10-05 03:10:00+00:00,,,False,,2026-10-05 02:49:23.116000+02:00,2026-10-05 05:10:00+02:00,,2026-10-05,5,Monday,False,140.61473333333333
20261005_004917,2026-10-05 00:49:23.116000+00:00,Basel,local,ch:1:sloid:78143,"Basel, Bahnhof SBB",ch:1:sloid:78143:1:34,2026-10-05,ch:1:sjyid:100019:plan:f651a611-5436-460c-85ca-ed1290faeecc,tram,Tram,10,10,10005,"Ettingen, Dorf","Dornach, Bahnhof",G,,2026-10-05 03:13:00+00:00,,,False,,2026-10-05 02:49:23.116000+02:00,2026-10-05 05:13:00+02:00,,2026-10-05,5,Monday,False,143.61473333333333
20261005_004917,2026-10-05 00:49:23.116000+00:00,Basel,local,ch:1:sloid:78143,"Basel, Bahnhof SBB",ch:1:sloid:78143:1:33,2026-10-05,ch:1:sjyid:100622:plan:f639726e-23b7-4238-b49a-eda2f3ed0406,tram,Tram,8,8,8005,"Basel, Neuweilerstrasse","Weil am Rhein, Bahnhof/Zentrum",F,,2026-10-05 03:14:00+00:00,,,False,,2026-10-05 02:49:23.116000+02:00,2026-10-05 05:14:00+02:00,,2026-10-05,5,Monday,False,144.61473333333333
20261005_004917,2026-10-05 00:49:23.116000+00:00,Basel,local,ch:1:sloid:78143,"Basel, Bahnhof SBB",ch:1:sloid:78143:1:35,2026-10-05,ch:1:sjyid:100019:plan:ed260a1d-7ada-48ae-aef0-7d17fa3cf9c4,tram,Tram,11,11,38006,"Basel, Dreispitz","Basel, St-Louis Grenze",H,,2026-10-05 03:14:00+00:00,,,False,,2026-10-05 02:49:23.116000+02:00,2026-10-05 05:14:00+02:00,,2026-10-05,5,Monday,False,144.61473333333333
20261005_004917,2026-10-05 00:49:23.116000+00:00,Basel,local,ch:1:sloid:78143,"Basel, Bahnhof SBB",ch:1:sloid:78143:1:35,2026-10-05,ch:1:sjyid:100019:plan:9bf55e15-d369-4298-a228-92b82ea65825,tram,Tram,10,10,10014,"Dornach, Bahnhof","Rodersdorf, Station",H,,2026-10-05 03:16:00+00:00,,,False,,2026-10-05 02:49:23.116000+02:00,2026-10-05 05:16:00+02:00,,2026-10-05,5,Monday,False,146.61473333333333
20261005_004917,2026-10-05 00:49:23.116000+00:00,Basel,local,ch:1:sloid:78143,"Basel, Bahnhof SBB",ch:1:sloid:78143:1:32,2026-10-05,ch:1:sjyid:100622:plan:d418cd49-08eb-4e35-a5bf-6b9757678cbe,tram,Tram,8,8,8006,"Weil am Rhein, Bahnhof/Zentrum","Basel, Neuweilerstrasse",E,,2026-10-05 03:18:00+00:00,,,False,,2026-10-05 02:49:23.116000+02:00,2026-10-05 05:18:00+02:00,,2026-10-05,5,Monday,False,148.61473333333333
20261005_004917,2026-10-05 00:49:23.116000+00:00,Basel,local,ch:1:sloid:78143,"Basel, Bahnhof SBB",ch:1:sloid:78143:1:34,2026-10-05,ch:1:sjyid:100622:plan:b249c64b-712e-4336-af57-9e999b733c0a,tram,Tram,15,15,15006,"Basel, Wiesenplatz","Basel, Bruderholz",G,,2026-10-05 03:19:00+00:00,,,False,,2026-10-05 02:49:23.116000+02:00,2026-10-05 05:19:00+02:00,,2026-10-05,5,Monday,False,149.61473333333333
20261005_004917,2026-10-05 00:49:23.116000+00:00,Basel,local,ch:1:sloid:78143,"Basel, Bahnhof SBB",ch:1:sloid:78143:1:31,2026-10-05,ch:1:sjyid:100622:plan:35c10c91-29c6-4836-a85d-0e9cf32f4910,tram,Tram,1,1,1006,"Basel, Bahnhof SBB","Basel, Dreirosenbrücke",D,,2026-10-05 03:20:00+00:00,,,False,,2026-10-05 02:49:23.116000+02:00,2026-10-05 05:20:00+02:00,,2026-10-05,5,Monday,False,150.61473333333333
20261005_004917,2026-10-05 00:49:23.116000+00:00,Basel,local,ch:1:sloid:78143,"Basel, Bahnhof SBB",ch:1:sloid:78143:1:32,2026-10-05,ch:1:sjyid:100622:plan:d6392361-c789-4eb5-8d0d-2dcd0ab44f8b,tram,Tram,2,2,2006,"Basel, Wiesenplatz","Binningen, Kronenplatz",E,,2026-10-05 03:20:00+00:00,,,False,,2026-10-05 02:49:23.116000+02:00,2026-10-05 05:20:00+02:00,,2026-10-05,5,Monday,False,150.61473333333333
20261005_004917,2026-10-05 00:49:23.116000+00:00,Basel,local,ch:1:sloid:78143,"Basel, Bahnhof SBB",ch:1:sloid:78143:3:3,2026-10-05,ch:1:sjyid:100622:plan:6b27719d-5222-46bf-a8cb-9bb7e1168b06,bus,Bus,30,30,30003,"Basel, Bahnhof SBB","Basel, Badischer Bahnhof",B,,2026-10-05 03:20:00+00:00,,,False,,2026-10-05 02:49:23.116000+02:00,2026-10-05 05:20:00+02:00,,2026-10-05,5,Monday,False,150.61473333333333
20261005_004917,2026-10-05 00:49:23.116000+00:00,Basel,local,ch:1:sloid:78143,"Basel, Bahnhof SBB",ch:1:sloid:78143:1:35,2026-10-05,ch:1:sjyid:100622:plan:fe7f3214-86b6-46b1-b22b-f7c428a67930,tram,Tram,3,3,3008,"Basel, Morgartenring","Birsfelden, Hard",H,,2026-10-05 03:21:00+00:00,,,False,,2026-10-05 02:49:23.116000+02:00,2026-10-05 05:21:00+02:00,,2026-10-05,5,Monday,False,151.61473333333333
20261005_004917,2026-10-05 00:49:23.116000+00:00,Basel,local,ch:1:sloid:78143,"Basel, Bahnhof SBB",ch:1:sloid:78143:1:34,2026-10-05,ch:1:sjyid:100019:plan:97f0ca5f-7265-4b5a-8f57-c06bd0e080ad,tram,Tram,11,11,38001,"Basel, Bankverein","Basel, Dreispitz",G,,2026-10-05 03:23:00+00:00,,,False,,2026-10-05 02:49:23.116000+02:00,2026-10-05 05:23:00+02:00,,2026-10-05,5,Monday,False,153.61473333333333
20261005_004917,2026-10-05 00:49:23.116000+00:00,Basel,local,ch:1:sloid:78143,"Basel, Bahnhof SBB",ch:1:sloid:78143:1:32,2026-10-05,ch:1:sjyid:100622:plan:7455997e-e717-4b47-8b0c-4afd0e3b84b1,tram,Tram,2,2,2004,"Riehen, Grenze","Binningen, Kronenplatz",E,,2026-10-05 03:24:00+00:00,,,False,,2026-10-05 02:49:23.116000+02:00,2026-10-05 05:24:00+02:00,,2026-10-05,5,Monday,False,154.61473333333333
20261005_004917,2026-10-05 00:49:23.116000+00:00,Basel,local,ch:1:sloid:78143,"Basel, Bahnhof SBB",ch:1:sloid:78143:1:33,2026-10-05,ch:1:sjyid:100622:plan:e5b02549-2c86-48b4-a1d9-d0caf12ed3e9,tram,Tram,6,6,6005,"Allschwil, Dorf","Riehen, Grenze",F,,2026-10-05 03:24:00+00:00,,,False,,2026-10-05 02:49:23.116000+02:00,2026-10-05 05:24:00+02:00,,2026-10-05,5,Monday,False,154.61473333333333
20261005_004917,2026-10-05 00:49:23.116000+00:00,Basel,local,ch:1:sloid:78143,"Basel, Bahnhof SBB",ch:1:sloid:78143:1:35,2026-10-05,ch:1:sjyid:100019:plan:2b995458-c02c-4b73-b81d-3fd14c720b66,tram,Tram,11,11,38008,"Basel, Dreispitz","Basel, St-Louis Grenze",H,,2026-10-05 03:25:00+00:00,,,False,,2026-10-05 02:49:23.116000+02:00,2026-10-05 05:25:00+02:00,,2026-10-05,5,Monday,False,155.61473333333333
20261005_004917,2026-10-05 00:49:23.116000+00:00,Basel,local,ch:1:sloid:78143,"Basel, Bahnhof SBB",ch:1:sloid:78143:1:32,2026-10-05,ch:1:sjyid:100622:plan:332ee20a-83eb-4762-aefd-ec1a8a2b2f6f,tram,Tram,8,8,8008,"Basel, Wiesenplatz","Basel, Neuweilerstrasse",E,,2026-10-05 03:25:00+00:00,,,False,,2026-10-05 02:49:23.116000+02:00,2026-10-05 05:25:00+02:00,,2026-10-05,5,Monday,False,155.61473333333333
20261005_004917,2026-10-05 00:49:23.116000+00:00,Basel,local,ch:1:sloid:78143,"Basel, Bahnhof SBB",ch:1:sloid:78143:3:3,2026-10-05,ch:1:sjyid:100622:plan:9e399db1-21b4-4648-9701-cf2e987e29fd,bus,Bus,50,50,50009,"Basel, Bahnhof SBB","Basel EuroAirport, Verwaltung",B,,2026-10-05 03:25:00+00:00,,,False,,2026-10-05 02:49:23.116000+02:00,2026-10-05 05:25:00+02:00,,2026-10-05,5,Monday,False,155.61473333333333
20261005_004917,2026-10-05 00:49:23.116000+00:00,Basel,local,ch:1:sloid:78143,"Basel, Bahnhof SBB",ch:1:sloid:78143:1:33,2026-10-05,ch:1:sjyid:100622:plan:9547aaad-0d83-4023-a932-6d88d400b83c,tram,Tram,2,2,2007,"Binningen, Kronenplatz","Basel, Eglisee",F,,2026-10-05 03:26:00+00:00,,,False,,2026-10-05 02:49:23.116000+02:00,2026-10-05 05:26:00+02:00,,2026-10-05,5,Monday,False,156.61473333333333
20261005_004917,2026-10-05 00:49:23.637000+00:00,Luzern,local,ch:1:sloid:8450,"Luzern, Bahnhof",ch:1:sloid:8450::1,2026-10-05,ch:1:sjyid:100619:plan:e8342ef7-4842-41d0-b188-5ee2f5cac3f6,bus,Bus,1,1,1023,"Luzern, Bahnhof","Obernau, Dorf",A,,2026-10-05 02:39:00+00:00,,,False,,2026-10-05 02:49:23.637000+02:00,2026-10-05 04:39:00+02:00,,2026-10-05,4,Monday,False,109.60605000000001
20261005_004917,2026-10-05 00:49:23.637000+00:00,Luzern,local,ch:1:sloid:8450,"Luzern, Bahnhof",ch:1:sloid:8450::23,2026-10-05,ch:1:sjyid:100619:plan:2cd85c46-3363-4bc5-8249-869b88f848e9,bus,Bus,2,2,8005,"Luzern, Bahnhof","Emmenbrücke, Sprengi",Y,,2026-10-05 02:39:00+00:00,,,False,,2026-10-05 02:49:23.637000+02:00,2026-10-05 04:39:00+02:00,,2026-10-05,4,Monday,False,109.60605000000001
20261005_004917,2026-10-05 00:49:23.637000+00:00,Luzern,local,ch:1:sloid:8450,"Luzern, Bahnhof",ch:1:sloid:8450::2,2026-10-05,ch:1:sjyid:100619:plan:9503a9f2-a14a-4f6c-a015-5fab03b15ca1,bus,Bus,8,8,28014,"Luzern, Weinbergli","Luzern, Würzenbach",B,,2026-10-05 02:48:00+00:00,,,False,,2026-10-05 02:49:23.637000+02:00,2026-10-05 04:48:00+02:00,,2026-10-05,4,Monday,False,118.60605000000001
20261005_004917,2026-10-05 00:49:23.637000+00:00,Luzern,local,ch:1:sloid:8450,"Luzern, Bahnhof",ch:1:sloid:8450::20,2026-10-05,ch:1:sjyid:100619:plan:d67b0f63-d571-475f-be1a-b183211abed4,bus,Bus,12,12,83017,"Luzern, Bahnhof","Luzern, Gasshof",M,,2026-10-05 02:49:00+00:00,,,False,,2026-10-05 02:49:23.637000+02:00,2026-10-05 04:49:00+02:00,,2026-10-05,4,Monday,False,119.60605000000001
20261005_004917,2026-10-05 00:49:23.637000+00:00,Luzern,local,ch:1:sloid:8450,"Luzern, Bahnhof",ch:1:sloid:8450::2,2026-10-05,ch:1:sjyid:100619:plan:78f2d365-b434-47b5-963e-b21ec74b1725,bus,Bus,6,6,21014,"Luzern, Weinbergli","Luzern, Büttenenhalde",B,,2026-10-05 02:52:00+00:00,,,False,,2026-10-05 02:49:23.637000+02:00,2026-10-05 04:52:00+02:00,,2026-10-05,4,Monday,False,122.60605000000001
20261005_004917,2026-10-05 00:49:23.637000+00:00,Luzern,local,ch:1:sloid:8450,"Luzern, Bahnhof",ch:1:sloid:8450::1,2026-10-05,ch:1:sjyid:100619:plan:0f428294-07b8-4b46-a1d5-21b86fc0571a,bus,Bus,1,1,1047,"Luzern, Bahnhof","Obernau, Dorf",A,,2026-10-05 02:54:00+00:00,,,False,,2026-10-05 02:49:23.637000+02:00,2026-10-05 04:54:00+02:00,,2026-10-05,4,Monday,False,124.60605000000001
20261005_004917,2026-10-05 00:49:23.637000+00:00,Luzern,local,ch:1:sloid:8450,"Luzern, Bahnhof",ch:1:sloid:8450::23,2026-10-05,ch:1:sjyid:100619:plan:10593ddf-b13a-44ed-bbff-03545ed06b3a,bus,Bus,2,2,8019,"Luzern, Bahnhof","Emmenbrücke, Sprengi",Y,,2026-10-05 02:54:00+00:00,,,False,,2026-10-05 02:49:23.637000+02:00,2026-10-05 04:54:00+02:00,,2026-10-05,4,Monday,False,124.60605000000001
20261005_004917,2026-10-05 00:49:23.637000+00:00,Luzern,local,ch:1:sloid:8450,"Luzern, Bahnhof",ch:1:sloid:8450::2,2026-10-05,ch:1:sjyid:100619:plan:421f770d-b650-40bc-9c26-7e4b8a7a93d1,bus,Bus,1,1,1082,"Luzern, Bahnhof","Ebikon, Fildern",B,,2026-10-05 02:56:00+00:00,,,False,,2026-10-05 02:49:23.637000+02:00,2026-10-05 04:56:00+02:00,,2026-10-05,4,Monday,False,126.60605000000001
20261005_004917,2026-10-05 00:49:23.637000+00:00,Luzern,local,ch:1:sloid:8450,"Luzern, Bahnhof",ch:1:sloid:8450::2,2026-10-05,ch:1:sjyid:100619:plan:8521bfea-f7f4-4d29-91c5-f9e4e63fc24c,bus,Bus,25,25,61000,"Luzern, Weinbergli","Luzern, Brüelstrasse",B,,2026-10-05 02:56:00+00:00,,,False,,2026-10-05 02:49:23.637000+02:00,2026-10-05 04:56:00+02:00,,2026-10-05,4,Monday,False,126.60605000000001
20261005_004917,2026-10-05 00:49:23.637000+00:00,Luzern,local,ch:1:sloid:8450,"Luzern, Bahnhof",ch:1:sloid:8450::1,2026-10-05,ch:1:sjyid:100619:plan:31861421-fd51-41d2-b193-5d1f52186eae,bus,Bus,7,7,24015,"Luzern, Bahnhof","Horw, Biregghof",A,,2026-10-05 02:56:00+00:00,,,False,,2026-10-05 02:49:23.637000+02:00,2026-10-05 04:56:00+02:00,,2026-10-05,4,Monday,False,126.60605000000001
20261005_004917,2026-10-05 00:49:23.637000+00:00,Luzern,local,ch:1:sloid:8450,"Luzern, Bahnhof",ch:1:sloid:8450::15,2026-10-05,ch:1:sjyid:100602:aaa2b635-374c-42d7-a9d0-e58740fcf523,bus,Bus,73,73,73003,"Luzern, Bahnhof","Udligenswil, alte Post",U,,2026-10-05 03:00:00+00:00,,,False,,2026-10-05 02:49:23.637000+02:00,2026-10-05 05:00:00+02:00,,2026-10-05,5,Monday,False,130.60605
20261005_004917,2026-10-05 00:49:23.637000+00:00,Luzern,local,ch:1:sloid:8450,"Luzern, Bahnhof",ch:1:sloid:8450::2,2026-10-05,ch:1:sjyid:100619:plan:e72eaecb-a8c8-4a47-a2d8-f5bcfc1824c2,bus,Bus,7,7,24028,"Luzern, Weinbergli","Luzern, Unterlöchli",B,,2026-10-05 03:02:00+00:00,,,False,,2026-10-05 02:49:23.637000+02:00,2026-10-05 05:02:00+02:00,,2026-10-05,5,Monday,False,132.60605
20261005_004917,2026-10-05 00:49:23.637000+00:00,Luzern,local,ch:1:sloid:8450,"Luzern, Bahnhof",ch:1:sloid:8450::15,2026-10-05,ch:1:sjyid:100602:1ccd2d06-2bcc-490f-a4a7-801c6aa86f93,bus,Bus,73,73,73005,"Luzern, Bahnhof","Rotkreuz, Bahnhof Süd",U,,2026-10-05 03:07:00+00:00,,,False,,2026-10-05 02:49:23.637000+02:00,2026-10-05 05:07:00+02:00,,2026-10-05,5,Monday,False,137.60604999999998
20261005_004917,2026-10-05 00:49:23.637000+00:00,Luzern,local,ch:1:sloid:8450,"Luzern, Bahnhof",ch:1:sloid:8450::2,2026-10-05,ch:1:sjyid:100619:plan:318c6bcb-5bd9-495b-baa5-9843133edf18,bus,Bus,8,8,28030,"Luzern, Weinbergli","Luzern, Würzenbach",B,,2026-10-05 03:08:00+00:00,,,False,,2026-10-05 02:49:23.637000+02:00,2026-10-05 05:08:00+02:00,,2026-10-05,5,Monday,False,138.60604999999998
20261005_004917,2026-10-05 00:49:23.637000+00:00,Luzern,local,ch:1:sloid:8450,"Luzern, Bahnhof",ch:1:sloid:8450::1,2026-10-05,ch:1:sjyid:100619:plan:2d1c1c42-6ece-489c-8b83-e281e6b44791,bus,Bus,1,1,1069,"Ebikon, Fildern","Obernau, Dorf",A,,2026-10-05 03:09:00+00:00,,,False,,2026-10-05 02:49:23.637000+02:00,2026-10-05 05:09:00+02:00,,2026-10-05,5,Monday,False,139.60604999999998
20261005_004917,2026-10-05 00:49:23.637000+00:00,Luzern,local,ch:1:sloid:8450,"Luzern, Bahnhof",ch:1:sloid:8450::23,2026-10-05,ch:1:sjyid:100619:plan:eae5e1d7-1fd9-4fb9-82f2-54d7861f61a9,bus,Bus,2,2,8041,"Luzern, Bahnhof","Emmenbrücke, Sprengi",Y,,2026-10-05 03:10:00+00:00,,,False,,2026-10-05 02:49:23.637000+02:00,2026-10-05 05:10:00+02:00,,2026-10-05,5,Monday,False,140.60604999999998
20261005_004917,2026-10-05 00:49:23.637000+00:00,Luzern,local,ch:1:sloid:8450,"Luzern, Bahnhof",ch:1:sloid:8450::1,2026-10-05,ch:1:sjyid:100619:plan:7d3c7b59-b10a-409d-ac44-f07b2db32592,bus,Bus,8,8,28031,"Luzern, Würzenbach","Luzern, Hirtenhof",A,,2026-10-05 03:10:00+00:00,,,False,,2026-10-05 02:49:23.637000+02:00,2026-10-05 05:10:00+02:00,,2026-10-05,5,Monday,False,140.60604999999998
20261005_004917,2026-10-05 00:49:23.637000+00:00,Luzern,local,ch:1:sloid:8450,"Luzern, Bahnhof",ch:1:sloid:8450::2,2026-10-05,ch:1:sjyid:100619:plan:efba0bb5-d4f6-4c1c-9933-d4f68beeb8cf,bus,Bus,6,6,21028,"Luzern, Weinbergli","Luzern, Büttenenhalde",B,,2026-10-05 03:12:00+00:00,,,False,,2026-10-05 02:49:23.637000+02:00,2026-10-05 05:12:00+02:00,,2026-10-05,5,Monday,False,142.60604999999998
20261005_004917,2026-10-05 00:49:23.637000+00:00,Luzern,local,ch:1:sloid:8450,"Luzern, Bahnhof",ch:1:sloid:8450::10,2026-10-05,ch:1:sjyid:100619:plan:5267b471-8446-4dea-991b-10e27e22efc6,bus,Bus,20,20,48019,"Luzern, Bahnhof","Horw, Ennethorw",J,,2026-10-05 03:13:00+00:00,,,False,,2026-10-05 02:49:23.637000+02:00,2026-10-05 05:13:00+02:00,,2026-10-05,5,Monday,False,143.60604999999998
20261005_004917,2026-10-05 00:49:23.637000+00:00,Luzern,local,ch:1:sloid:8450,"Luzern, Bahnhof",ch:1:sloid:8450::2,2026-10-05,ch:1:sjyid:100619:plan:6adc1c3e-cc7c-4379-aa64-89d87362db98,bus,Bus,1,1,1108,"Obernau, Dorf","Ebikon, Fildern",B,,2026-10-05 03:14:00+00:00,,,False,,2026-10-05 02:49:23.637000+02:00,2026-10-05 05:14:00+02:00,,2026-10-05,5,Monday,False,144.60604999999998
20261005_004917,2026-10-05 00:49:23.637000+00:00,Luzern,local,ch:1:sloid:8450,"Luzern, Bahnhof",ch:1:sloid:8450::20,2026-10-05,ch:1:sjyid:100619:plan:4295e3ca-1955-438e-b741-787a5f0d060c,bus,Bus,12,12,83037,"Luzern, Bahnhof","Luzern, Gasshof",M,,2026-10-05 03:16:00+00:00,,,False,,2026-10-05 02:49:23.637000+02:00,2026-10-05 05:16:00+02:00,,2026-10-05,5,Monday,False,146.60604999999998
20261005_004917,2026-10-05 00:49:23.637000+00:00,Luzern,local,ch:1:sloid:8450,"Luzern, Bahnhof",ch:1:sloid:8450::2,2026-10-05,ch:1:sjyid:100619:plan:886ecd2e-551c-4199-b675-97f07d3b4e0f,bus,Bus,7,7,24040,"Horw, Biregghof","Luzern, Unterlöchli",B,,2026-10-05 03:18:00+00:00,,,False,,2026-10-05 02:49:23.637000+02:00,2026-10-05 05:18:00+02:00,,2026-10-05,5,Monday,False,148.60604999999998
20261005_004917,2026-10-05 00:49:23.637000+00:00,Luzern,local,ch:1:sloid:8450,"Luzern, Bahnhof",ch:1:sloid:8450::2,2026-10-05,ch:1:sjyid:100619:plan:bf20eebe-1e45-45bc-b353-a2f7672fd42f,bus,Bus,14,14,38010,"Horw, Zentrum","Luzern, Brüelstrasse",B,,2026-10-05 03:18:00+00:00,,,False,,2026-10-05 02:49:23.637000+02:00,2026-10-05 05:18:00+02:00,,2026-10-05,5,Monday,False,148.60604999999998
20261005_004917,2026-10-05 00:49:23.637000+00:00,Luzern,local,ch:1:sloid:8450,"Luzern, Bahnhof",ch:1:sloid:8450::23,2026-10-05,ch:1:sjyid:100619:plan:a5a85e09-51eb-4ecc-a5c2-3f6df62d7391,bus,Bus,2,2,8055,"Luzern, Bahnhof","Emmenbrücke, Sprengi",Y,,2026-10-05 03:18:00+00:00,,,False,,2026-10-05 02:49:23.637000+02:00,2026-10-05 05:18:00+02:00,,2026-10-05,5,Monday,False,148.60604999999998
20261005_004917,2026-10-05 00:49:23.637000+00:00,Luzern,local,ch:1:sloid:8450,"Luzern, Bahnhof",ch:1:sloid:8450::2,2026-10-05,ch:1:sjyid:100619:plan:715138f1-e6b4-413f-bb64-a58d1cc745e3,bus,Bus,8,8,28038,"Luzern, Hirtenhof","Luzern, Würzenbach",B,,2026-10-05 03:20:00+00:00,,,False,,2026-10-05 02:49:23.637000+02:00,2026-10-05 05:20:00+02:00,,2026-10-05,5,Monday,False,150.60604999999998
20261005_004917,2026-10-05 00:49:23.637000+00:00,Luzern,local,ch:1:sloid:8450,"Luzern, Bahnhof",ch:1:sloid:8450::1,2026-10-05,ch:1:sjyid:100619:plan:028eb48f-9f78-4d31-ab5a-1ff9e483dcdc,bus,Bus,6,6,21021,"Luzern, Büttenenhalde","Luzern, Matthof",A,,2026-10-05 03:20:00+00:00,,,False,,2026-10-05 02:49:23.637000+02:00,2026-10-05 05:20:00+02:00,,2026-10-05,5,Monday,False,150.60604999999998
20261005_004917,2026-10-05 00:49:23.637000+00:00,Luzern,local,ch:1:sloid:8450,"Luzern, Bahnhof",ch:1:sloid:8450::1,2026-10-05,ch:1:sjyid:100619:plan:f2e72751-e598-4dee-9048-9e8f895ac054,bus,Bus,1,1,1105,"Ebikon, Fildern","Obernau, Dorf",A,,2026-10-05 03:23:00+00:00,,,False,,2026-10-05 02:49:23.637000+02:00,2026-10-05 05:23:00+02:00,,2026-10-05,5,Monday,False,153.60604999999998
20261005_004917,2026-10-05 00:49:23.637000+00:00,Luzern,local,ch:1:sloid:8450,"Luzern, Bahnhof",ch:1:sloid:8450::1,2026-10-05,ch:1:sjyid:100619:plan:e7d7437e-5364-491a-b325-c722e3382317,bus,Bus,7,7,24039,"Luzern, Unterlöchli","Horw, Biregghof",A,,2026-10-05 03:23:00+00:00,,,False,,2026-10-05 02:49:23.637000+02:00,2026-10-05 05:23:00+02:00,,2026-10-05,5,Monday,False,153.60604999999998
20261005_004917,2026-10-05 00:49:23.637000+00:00,Luzern,local,ch:1:sloid:8450,"Luzern, Bahnhof",ch:1:sloid:8450::17,2026-10-05,ch:1:sjyid:100619:plan:f7d5b728-82f9-4aee-b177-c18160e27d81,bus,Bus,10,10,32007,"Luzern, Bahnhof","Luzern, Obergütsch",W,,2026-10-05 03:23:00+00:00,,,False,,2026-10-05 02:49:23.637000+02:00,2026-10-05 05:23:00+02:00,,2026-10-05,5,Monday,False,153.60604999999998
20261005_004917,2026-10-05 00:49:23.637000+00:00,Luzern,local,ch:1:sloid:8450,"Luzern, Bahnhof",ch:1:sloid:8450::11,2026-10-05,ch:1:sjyid:100619:plan:0c259fc1-8da0-405c-a26a-2f3a0adc7695,bus,Bus,19,19,45006,"Luzern, Bahnhof","Luzern, Friedental",R,,2026-10-05 03:24:00+00:00,,,False,,2026-10-05 02:49:23.637000+02:00,2026-10-05 05:24:00+02:00,,2026-10-05,5,Monday,False,154.60604999999998
20261005_004917,2026-10-05 00:49:24.094000+00:00,St. Gallen,local,ch:1:sloid:74095,"St. Gallen, Bahnhof",ch:1:sloid:74095:0:894224,2026-10-05,ch:1:sjyid:100695:789391e4-8658-4edc-b0da-79319163e7b4,bus,Bus,151,151,51001,"Gossau SG, Mettendorf",Heiligkreuz,E,,2026-10-05 02:03:00+00:00,,,False,,2026-10-05 02:49:24.094000+02:00,2026-10-05 04:03:00+02:00,,2026-10-05,4,Monday,False,73.59843333333333
20261005_004917,2026-10-05 00:49:24.094000+00:00,St. Gallen,local,ch:1:sloid:74095,"St. Gallen, Bahnhof",ch:1:sloid:74095:0:888081,2026-10-05,ch:1:sjyid:100695:4d8dfae5-1199-49eb-8326-01b978630f36,bus,Bus,151,151,51002,"St. Gallen, Marktplatz Bohl",Gossau Bhf,F,,2026-10-05 02:27:00+00:00,,,False,,2026-10-05 02:49:24.094000+02:00,2026-10-05 04:27:00+02:00,,2026-10-05,4,Monday,False,97.59843333333333
20261005_004917,2026-10-05 00:49:24.094000+00:00,St. Gallen,local,ch:1:sloid:74095,"St. Gallen, Bahnhof",ch:1:sloid:74095:0:989159,2026-10-05,ch:1:sjyid:100684:SKI-1001,bus,Bus,1,1,1001,"St. Gallen, Theater","St. Gallen, Winkeln",A,,2026-10-05 02:36:00+00:00,,,False,,2026-10-05 02:49:24.094000+02:00,2026-10-05 04:36:00+02:00,,2026-10-05,4,Monday,False,106.59843333333333
20261005_004917,2026-10-05 00:49:24.094000+00:00,St. Gallen,local,ch:1:sloid:74095,"St. Gallen, Bahnhof",ch:1:sloid:74095:0:888081,2026-10-05,ch:1:sjyid:100684:SKI-3001,bus,Bus,3,3,3001,"St. Gallen, Marktplatz Bohl","Abtwil SG, St. Josefen",F,,2026-10-05 02:37:00+00:00,,,False,,2026-10-05 02:49:24.094000+02:00,2026-10-05 04:37:00+02:00,,2026-10-05,4,Monday,False,107.59843333333333
20261005_004917,2026-10-05 00:49:24.094000+00:00,St. Gallen,local,ch:1:sloid:74095,"St. Gallen, Bahnhof",ch:1:sloid:74095:0:888081,2026-10-05,ch:1:sjyid:100684:SKI-4001,bus,Bus,4,4,4001,"St. Gallen, Marktplatz Bohl","Abtwil SG, Säntispark",F,,2026-10-05 02:44:00+00:00,,,False,,2026-10-05 02:49:24.094000+02:00,2026-10-05 04:44:00+02:00,,2026-10-05,4,Monday,False,114.59843333333333
20261005_004917,2026-10-05 00:49:24.094000+00:00,St. Gallen,local,ch:1:sloid:74095,"St. Gallen, Bahnhof",ch:1:sloid:74095:0:989159,2026-10-05,ch:1:sjyid:100684:SKI-1003,bus,Bus,1,1,1003,"St. Gallen, Theater","St. Gallen, Winkeln",A,,2026-10-05 02:48:00+00:00,,,False,,2026-10-05 02:49:24.094000+02:00,2026-10-05 04:48:00+02:00,,2026-10-05,4,Monday,False,118.59843333333333
20261005_004917,2026-10-05 00:49:24.094000+00:00,St. Gallen,local,ch:1:sloid:74095,"St. Gallen, Bahnhof",ch:1:sloid:74095:0:888081,2026-10-05,ch:1:sjyid:100684:SKI-3005,bus,Bus,3,3,3005,"St. Gallen, Marktplatz Bohl","Abtwil SG, St. Josefen",F,,2026-10-05 02:52:00+00:00,,,False,,2026-10-05 02:49:24.094000+02:00,2026-10-05 04:52:00+02:00,,2026-10-05,4,Monday,False,122.59843333333333
20261005_004917,2026-10-05 00:49:24.094000+00:00,St. Gallen,local,ch:1:sloid:74095,"St. Gallen, Bahnhof",ch:1:sloid:74095:0:989159,2026-10-05,ch:1:sjyid:100684:SKI-2001,bus,Bus,2,2,2001,"St. Gallen, Theater","St. Gallen, Wolfganghof",A,,2026-10-05 02:54:00+00:00,,,False,,2026-10-05 02:49:24.094000+02:00,2026-10-05 04:54:00+02:00,,2026-10-05,4,Monday,False,124.59843333333333
20261005_004917,2026-10-05 00:49:24.094000+00:00,St. Gallen,local,ch:1:sloid:74095,"St. Gallen, Bahnhof",ch:1:sloid:74095:0:541287,2026-10-05,ch:1:sjyid:100684:SKI-7001,bus,Bus,7,7,7001,"St. Gallen, Theater","St. Gallen, Hinterberg",H,,2026-10-05 02:57:00+00:00,,,False,,2026-10-05 02:49:24.094000+02:00,2026-10-05 04:57:00+02:00,,2026-10-05,4,Monday,False,127.59843333333333
20261005_004917,2026-10-05 00:49:24.094000+00:00,St. Gallen,local,ch:1:sloid:74095,"St. Gallen, Bahnhof",ch:1:sloid:74095:0:888081,2026-10-05,ch:1:sjyid:100684:SKI-4003,bus,Bus,4,4,4003,"St. Gallen, Marktplatz Bohl","Abtwil SG, Säntispark",F,,2026-10-05 02:59:00+00:00,,,False,,2026-10-05 02:49:24.094000+02:00,2026-10-05 04:59:00+02:00,,2026-10-05,4,Monday,False,129.59843333333333
20261005_004917,2026-10-05 00:49:24.094000+00:00,St. Gallen,local,ch:1:sloid:74095,"St. Gallen, Bahnhof",ch:1:sloid:74095:0:989159,2026-10-05,ch:1:sjyid:100684:SKI-1011,bus,Bus,1,1,1011,"St. Gallen, Theater","St. Gallen, Winkeln",A,,2026-10-05 03:00:00+00:00,,,False,,2026-10-05 02:49:24.094000+02:00,2026-10-05 05:00:00+02:00,,2026-10-05,5,Monday,False,130.59843333333333
20261005_004917,2026-10-05 00:49:24.094000+00:00,St. Gallen,local,ch:1:sloid:74095,"St. Gallen, Bahnhof",ch:1:sloid:74095:0:541287,2026-10-05,ch:1:sjyid:100684:SKI-6005,bus,Bus,6,6,6005,"St. Gallen, Marktplatz Bohl","St. Gallen, Bach St. Georgen",H,,2026-10-05 03:02:00+00:00,,,False,,2026-10-05 02:49:24.094000+02:00,2026-10-05 05:02:00+02:00,,2026-10-05,5,Monday,False,132.59843333333333
20261005_004917,2026-10-05 00:49:24.094000+00:00,St. Gallen,local,ch:1:sloid:74095,"St. Gallen, Bahnhof",ch:1:sloid:74095:0:989159,2026-10-05,ch:1:sjyid:100684:SKI-2007,bus,Bus,2,2,2007,"St. Gallen, Theater","St. Gallen, Wolfganghof",A,,2026-10-05 03:06:00+00:00,,,False,,2026-10-05 02:49:24.094000+02:00,2026-10-05 05:06:00+02:00,,2026-10-05,5,Monday,False,136.59843333333336
20261005_004917,2026-10-05 00:49:24.094000+00:00,St. Gallen,local,ch:1:sloid:74095,"St. Gallen, Bahnhof",ch:1:sloid:74095:0:888081,2026-10-05,ch:1:sjyid:100684:SKI-3007,bus,Bus,3,3,3007,"St. Gallen, Marktplatz Bohl","Abtwil SG, St. Josefen",F,,2026-10-05 03:07:00+00:00,,,False,,2026-10-05 02:49:24.094000+02:00,2026-10-05 05:07:00+02:00,,2026-10-05,5,Monday,False,137.59843333333336
20261005_004917,2026-10-05 00:49:24.094000+00:00,St. Gallen,local,ch:1:sloid:74095,"St. Gallen, Bahnhof",ch:1:sloid:74095:0:541287,2026-10-05,ch:1:sjyid:100684:SKI-8001,bus,Bus,8,8,8001,"St. Gallen, Theater","St. Gallen, Wendeplatz Stocken",H,,2026-10-05 03:10:00+00:00,,,False,,2026-10-05 02:49:24.094000+02:00,2026-10-05 05:10:00+02:00,,2026-10-05,5,Monday,False,140.59843333333336
20261005_004917,2026-10-05 00:49:24.094000+00:00,St. Gallen,local,ch:1:sloid:74095,"St. Gallen, Bahnhof",ch:1:sloid:74095:0:989159,2026-10-05,ch:1:sjyid:100684:SKI-1017,bus,Bus,1,1,1017,"St. Gallen, Theater","St. Gallen, Winkeln",A,,2026-10-05 03:12:00+00:00,,,False,,2026-10-05 02:49:24.094000+02:00,2026-10-05 05:12:00+02:00,,2026-10-05,5,Monday,False,142.59843333333336
20261005_004917,2026-10-05 00:49:24.094000+00:00,St. Gallen,local,ch:1:sloid:74095,"St. Gallen, Bahnhof",ch:1:sloid:74095:0:541287,2026-10-05,ch:1:sjyid:100684:SKI-6007,bus,Bus,6,6,6007,"St. Gallen, Marktplatz Bohl","St. Gallen, Bach St. Georgen",H,,2026-10-05 03:12:00+00:00,,,False,,2026-10-05 02:49:24.094000+02:00,2026-10-05 05:12:00+02:00,,2026-10-05,5,Monday,False,142.59843333333336
20261005_004917,2026-10-05 00:49:24.094000+00:00,St. Gallen,local,ch:1:sloid:74095,"St. Gallen, Bahnhof",ch:1:sloid:74095:0:482413,2026-10-05,ch:1:sjyid:100602:c4bb7b24-06ad-4958-b8bd-64e2a0b7ec20,bus,Bus,121,121,12102,"Engelburg, Dorfplatz","Heiden, Post",D,,2026-10-05 03:12:00+00:00,,,False,,2026-10-05 02:49:24.094000+02:00,2026-10-05 05:12:00+02:00,,2026-10-05,5,Monday,False,142.59843333333336
20261005_004917,2026-10-05 00:49:24.094000+00:00,St. Gallen,local,ch:1:sloid:74095,"St. Gallen, Bahnhof",ch:1:sloid:74095:0:888081,2026-10-05,ch:1:sjyid:100684:SKI-4013,bus,Bus,4,4,4013,"St. Gallen, Marktplatz Bohl","Abtwil SG, Säntispark",F,,2026-10-05 03:14:00+00:00,,,False,,2026-10-05 02:49:24.094000+02:00,2026-10-05 05:14:00+02:00,,2026-10-05,5,Monday,False,144.59843333333336
20261005_004917,2026-10-05 00:49:24.094000+00:00,St. Gallen,local,ch:1:sloid:74095,"St. Gallen, Bahnhof",ch:1:sloid:74095:0:541287,2026-10-05,ch:1:sjyid:100684:SKI-5001,bus,Bus,5,5,5001,"St. Gallen, Bahnhof","St. Gallen, Riethüsli",H,,2026-10-05 03:16:00+00:00,,,False,,2026-10-05 02:49:24.094000+02:00,2026-10-05 05:16:00+02:00,,2026-10-05,5,Monday,False,146.59843333333336
20261005_004917,2026-10-05 00:49:24.094000+00:00,St. Gallen,local,ch:1:sloid:74095,"St. Gallen, Bahnhof",ch:1:sloid:74095:0:989159,2026-10-05,ch:1:sjyid:100684:SKI-2013,bus,Bus,2,2,2013,"St. Gallen, Theater","St. Gallen, Wolfganghof",A,,2026-10-05 03:18:00+00:00,,,False,,2026-10-05 02:49:24.094000+02:00,2026-10-05 05:18:00+02:00,,2026-10-05,5,Monday,False,148.59843333333336
20261005_004917,2026-10-05 00:49:24.094000+00:00,St. Gallen,local,ch:1:sloid:74095,"St. Gallen, Bahnhof",ch:1:sloid:74095:0:888081,2026-10-05,ch:1:sjyid:100684:SKI-12001,bus,Bus,12,12,12001,"St. Gallen, Theater","Abtwil SG, Sonnenberg",F,,2026-10-05 03:18:00+00:00,,,False,,2026-10-05 02:49:24.094000+02:00,2026-10-05 05:18:00+02:00,,2026-10-05,5,Monday,False,148.59843333333336
20261005_004917,2026-10-05 00:49:24.094000+00:00,St. Gallen,local,ch:1:sloid:74095,"St. Gallen, Bahnhof",ch:1:sloid:74095:0:541287,2026-10-05,ch:1:sjyid:100684:SKI-7013,bus,Bus,7,7,7013,"St. Gallen, Theater","St. Gallen, Hinterberg",H,,2026-10-05 03:20:00+00:00,,,False,,2026-10-05 02:49:24.094000+02:00,2026-10-05 05:20:00+02:00,,2026-10-05,5,Monday,False,150.59843333333336
20261005_004917,2026-10-05 00:49:24.094000+00:00,St. Gallen,local,ch:1:sloid:74095,"St. Gallen, Bahnhof",ch:1:sloid:74095:0:174964,2026-10-05,ch:1:sjyid:100602:52febbd9-c612-4e0a-83a5-38d43d3d5e9e,bus,Bus,120,120,13101,"St. Gallen, Bahnhof","Engelburg, Dorfplatz",C,,2026-10-05 03:21:00+00:00,,,False,,2026-10-05 02:49:24.094000+02:00,2026-10-05 05:21:00+02:00,,2026-10-05,5,Monday,False,151.59843333333336
20261005_004917,2026-10-05 00:49:24.094000+00:00,St. Gallen,local,ch:1:sloid:74095,"St. Gallen, Bahnhof",ch:1:sloid:74095:0:888081,2026-10-05,ch:1:sjyid:100684:SKI-3009,bus,Bus,3,3,3009,"Wittenbach, Bahnhof","Abtwil SG, St. Josefen",F,,2026-10-05 03:22:00+00:00,,,False,,2026-10-05 02:49:24.094000+02:00,2026-10-05 05:22:00+02:00,,2026-10-05,5,Monday,False,152.59843333333336
20261005_004917,2026-10-05 00:49:24.094000+00:00,St. Gallen,local,ch:1:sloid:74095,"St. Gallen, Bahnhof",ch:1:sloid:74095:0:541287,2026-10-05,ch:1:sjyid:100684:SKI-6015,bus,Bus,6,6,6015,"St. Gallen, Marktplatz Bohl","St. Gallen, Bach St. Georgen",H,,2026-10-05 03:22:00+00:00,,,False,,2026-10-05 02:49:24.094000+02:00,2026-10-05 05:22:00+02:00,,2026-10-05,5,Monday,False,152.59843333333336
20261005_004917,2026-10-05 00:49:24.094000+00:00,St. Gallen,local,ch:1:sloid:74095,"St. Gallen, Bahnhof",ch:1:sloid:74095:0:606657,2026-10-05,ch:1:sjyid:100684:SKI-5000,bus,Bus,5,5,5000,"St. Gallen, Riethüsli","St. Gallen, Rotmonten",I,,2026-10-05 03:23:00+00:00,,,False,,2026-10-05 02:49:24.094000+02:00,2026-10-05 05:23:00+02:00,,2026-10-05,5,Monday,False,153.59843333333336
20261005_004917,2026-10-05 00:49:24.094000+00:00,St. Gallen,local,ch:1:sloid:74095,"St. Gallen, Bahnhof",ch:1:sloid:74095:0:989159,2026-10-05,ch:1:sjyid:100684:SKI-1019,bus,Bus,1,1,1019,"St. Gallen, Stephanshorn","St. Gallen, Winkeln",A,,2026-10-05 03:24:00+00:00,,,False,,2026-10-05 02:49:24.094000+02:00,2026-10-05 05:24:00+02:00,,2026-10-05,5,Monday,False,154.59843333333336
20261005_004917,2026-10-05 00:49:24.094000+00:00,St. Gallen,local,ch:1:sloid:74095,"St. Gallen, Bahnhof",ch:1:sloid:74095:0:894224,2026-10-05,ch:1:sjyid:100684:SKI-3002,bus,Bus,3,3,3002,"Abtwil SG, Säntispark","Wittenbach, Bahnhof",E,,2026-10-05 03:24:00+00:00,,,False,,2026-10-05 02:49:24.094000+02:00,2026-10-05 05:24:00+02:00,,2026-10-05,5,Monday,False,154.59843333333336
20261005_004917,2026-10-05 00:49:24.094000+00:00,St. Gallen,local,ch:1:sloid:74095,"St. Gallen, Bahnhof",ch:1:sloid:74095:0:541287,2026-10-05,ch:1:sjyid:100684:SKI-5009,bus,Bus,5,5,5009,"St. Gallen, Bahnhof","St. Gallen, Riethüsli",H,,2026-10-05 03:26:00+00:00,,,False,,2026-10-05 02:49:24.094000+02:00,2026-10-05 05:26:00+02:00,,2026-10-05,5,Monday,False,156.59843333333336
20261005_004917,2026-10-05 00:49:24.529000+00:00,Lausanne,local,ch:1:sloid:92050,"Lausanne, gare",ch:1:sloid:92050:0:2893,2026-10-05,ch:1:sjyid:100122:plan1:2026_ATT5-21-50-Semaine-21-9980561,bus,Bus,21,21,21155,"Lausanne, Pont Chauderon","Paudex, Verrière",A,,2026-10-05 02:53:00+00:00,,,False,,2026-10-05 02:49:24.529000+02:00,2026-10-05 04:53:00+02:00,,2026-10-05,4,Monday,False,123.59118333333332
20261005_004917,2026-10-05 00:49:24.529000+00:00,Lausanne,local,ch:1:sloid:92050,"Lausanne, gare",ch:1:sloid:92050:0:2814,2026-10-05,ch:1:sjyid:100122:plan1:2026_ATT2-03-20-Semaine-3-9715556,bus,Bus,3,3,3015,"Lausanne, gare",Maillefer,D,,2026-10-05 03:00:00+00:00,,,False,,2026-10-05 02:49:24.529000+02:00,2026-10-05 05:00:00+02:00,,2026-10-05,5,Monday,False,130.59118333333333
20261005_004917,2026-10-05 00:49:24.529000+00:00,Lausanne,local,ch:1:sloid:92050,"Lausanne, gare",ch:1:sloid:92050:0:2893,2026-10-05,ch:1:sjyid:100122:plan1:2026_ATT5-21-50-Semaine-21-9980556,bus,Bus,21,21,21158,"Lausanne, Pont Chauderon","Paudex, Verrière",A,,2026-10-05 03:08:00+00:00,,,False,,2026-10-05 02:49:24.529000+02:00,2026-10-05 05:08:00+02:00,,2026-10-05,5,Monday,False,138.59118333333333
20261005_004917,2026-10-05 00:49:24.529000+00:00,Lausanne,local,ch:1:sloid:92050,"Lausanne, gare",ch:1:sloid:92050:0:2814,2026-10-05,ch:1:sjyid:100122:plan1:2026_ATT2-03-20-Semaine-3-9715557,bus,Bus,3,3,3016,"Lausanne, gare",Maillefer,D,,2026-10-05 03:15:00+00:00,,,False,,2026-10-05 02:49:24.529000+02:00,2026-10-05 05:15:00+02:00,,2026-10-05,5,Monday,False,145.59118333333333
20261005_004917,2026-10-05 00:49:24.529000+00:00,Lausanne,local,ch:1:sloid:92050,"Lausanne, gare",ch:1:sloid:92050:0:2893,2026-10-05,ch:1:sjyid:100122:plan1:2026_ATT5-21-50-Semaine-21-9980257,bus,Bus,21,21,21157,"Lausanne, Blécherette","Paudex, Verrière",A,,2026-10-05 03:18:00+00:00,,,False,,2026-10-05 02:49:24.529000+02:00,2026-10-05 05:18:00+02:00,,2026-10-05,5,Monday,False,148.59118333333333
20261005_004917,2026-10-05 00:49:24.529000+00:00,Lausanne,local,ch:1:sloid:92050,"Lausanne, gare",ch:1:sloid:92050:0:2893,2026-10-05,ch:1:sjyid:100122:plan1:2026_ATT5-01-50-Semaine-1-10018927,bus,Bus,1,1,1041,"Lausanne, Maladière",Blécherette,A,,2026-10-05 03:21:00+00:00,,,False,,2026-10-05 02:49:24.529000+02:00,2026-10-05 05:21:00+02:00,,2026-10-05,5,Monday,False,151.59118333333333
20261005_004917,2026-10-05 00:49:24.529000+00:00,Lausanne,local,ch:1:sloid:92050,"Lausanne, gare",ch:1:sloid:92050:0:2814,2026-10-05,ch:1:sjyid:100122:plan1:2026_ATT5-21-50-Semaine-21-9980560,bus,Bus,21,21,21028,"Paudex, Verrière",Blécherette,D,,2026-10-05 03:22:00+00:00,,,False,,2026-10-05 02:49:24.529000+02:00,2026-10-05 05:22:00+02:00,,2026-10-05,5,Monday,False,152.59118333333333
20261005_004917,2026-10-05 00:49:24.529000+00:00,Lausanne,local,ch:1:sloid:92050,"Lausanne, gare",ch:1:sloid:92050:0:2815,2026-10-05,ch:1:sjyid:100122:plan1:2026_ATT5-20-50-Semaine-20-9969571,bus,Bus,20,20,20011,"Lausanne, gare",Blécherette,C,,2026-10-05 03:27:00+00:00,,,False,,2026-10-05 02:49:24.529000+02:00,2026-10-05 05:27:00+02:00,,2026-10-05,5,Monday,False,157.59118333333333
20261005_004917,2026-10-05 00:49:24.529000+00:00,Lausanne,local,ch:1:sloid:92050,"Lausanne, gare",ch:1:sloid:92050:0:2892,2026-10-05,ch:1:sjyid:100122:plan1:2026_ATT5-01-50-Semaine-1-10018931,bus,Bus,1,1,1195,"Lausanne, Blécherette",Maladière,B,,2026-10-05 03:30:00+00:00,,,False,,2026-10-05 02:49:24.529000+02:00,2026-10-05 05:30:00+02:00,,2026-10-05,5,Monday,False,160.59118333333333
20261005_004917,2026-10-05 00:49:24.529000+00:00,Lausanne,local,ch:1:sloid:92050,"Lausanne, gare",ch:1:sloid:92050:0:2814,2026-10-05,ch:1:sjyid:100122:plan1:2026_ATT2-03-20-Semaine-3-9715558,bus,Bus,3,3,3017,"Lausanne, gare",Maillefer,D,,2026-10-05 03:30:00+00:00,,,False,,2026-10-05 02:49:24.529000+02:00,2026-10-05 05:30:00+02:00,,2026-10-05,5,Monday,False,160.59118333333333
20261005_004917,2026-10-05 00:49:24.529000+00:00,Lausanne,local,ch:1:sloid:92050,"Lausanne, gare",ch:1:sloid:92050:0:1096,2026-10-05,ch:1:sjyid:100122:plan2:m2_0165,metro,Metro,m2,m2,720165,"Lausanne, Ouchy-Olympique","Epalinges, Croisettes",,,2026-10-05 03:31:00+00:00,,,False,,2026-10-05 02:49:24.529000+02:00,2026-10-05 05:31:00+02:00,,2026-10-05,5,Monday,False,161.59118333333333
20261005_004917,2026-10-05 00:49:24.529000+00:00,Lausanne,local,ch:1:sloid:92050,"Lausanne, gare",ch:1:sloid:92050:0:1101,2026-10-05,ch:1:sjyid:100122:plan2:m2_0002,metro,Metro,m2,m2,720002,"Epalinges, Croisettes","Lausanne, Ouchy-Olympique",,,2026-10-05 03:31:00+00:00,,,False,,2026-10-05 02:49:24.529000+02:00,2026-10-05 05:31:00+02:00,,2026-10-05,5,Monday,False,161.59118333333333
20261005_004917,2026-10-05 00:49:24.529000+00:00,Lausanne,local,ch:1:sloid:92050,"Lausanne, gare",ch:1:sloid:92050:0:2893,2026-10-05,ch:1:sjyid:100122:plan1:2026_ATT5-21-50-Semaine-21-9980265,bus,Bus,21,21,21159,"Lausanne, Blécherette","Paudex, Verrière",A,,2026-10-05 03:32:00+00:00,,,False,,2026-10-05 02:49:24.529000+02:00,2026-10-05 05:32:00+02:00,,2026-10-05,5,Monday,False,162.59118333333333
20261005_004917,2026-10-05 00:49:24.529000+00:00,Lausanne,local,ch:1:sloid:92050,"Lausanne, gare",ch:1:sloid:92050:0:1101,2026-10-05,ch:1:sjyid:100122:plan2:m2_0056,metro,Metro,m2,m2,720056,"Epalinges, Croisettes","Lausanne, Ouchy-Olympique",,,2026-10-05 03:36:00+00:00,,,False,,2026-10-05 02:49:24.529000+02:00,2026-10-05 05:36:00+02:00,,2026-10-05,5,Monday,False,166.59118333333333
20261005_004917,2026-10-05 00:49:24.529000+00:00,Lausanne,local,ch:1:sloid:92050,"Lausanne, gare",ch:1:sloid:92050:0:2893,2026-10-05,ch:1:sjyid:100122:plan1:2026_ATT5-01-50-Semaine-1-10018928,bus,Bus,1,1,1042,"Lausanne, Maladière",Blécherette,A,,2026-10-05 03:36:00+00:00,,,False,,2026-10-05 02:49:24.529000+02:00,2026-10-05 05:36:00+02:00,,2026-10-05,5,Monday,False,166.59118333333333
20261005_004917,2026-10-05 00:49:24.529000+00:00,Lausanne,local,ch:1:sloid:92050,"Lausanne, gare",ch:1:sloid:92050:0:2814,2026-10-05,ch:1:sjyid:100122:plan1:2026_ATT5-21-50-Semaine-21-9980256,bus,Bus,21,21,21030,"Paudex, Verrière",Blécherette,D,,2026-10-05 03:38:00+00:00,,,False,,2026-10-05 02:49:24.529000+02:00,2026-10-05 05:38:00+02:00,,2026-10-05,5,Monday,False,168.59118333333333
20261005_004917,2026-10-05 00:49:24.529000+00:00,Lausanne,local,ch:1:sloid:92050,"Lausanne, gare",ch:1:sloid:92050:0:1096,2026-10-05,ch:1:sjyid:100122:plan2:m2_0315,metro,Metro,m2,m2,720315,"Lausanne, Ouchy-Olympique","Epalinges, Croisettes",,,2026-10-05 03:39:00+00:00,,,False,,2026-10-05 02:49:24.529000+02:00,2026-10-05 05:39:00+02:00,,2026-10-05,5,Monday,False,169.59118333333333
20261005_004917,2026-10-05 00:49:24.529000+00:00,Lausanne,local,ch:1:sloid:92050,"Lausanne, gare",ch:1:sloid:92050:0:1101,2026-10-05,ch:1:sjyid:100122:plan2:m2_0110,metro,Metro,m2,m2,720110,"Epalinges, Croisettes","Lausanne, Ouchy-Olympique",,,2026-10-05 03:40:00+00:00,,,False,,2026-10-05 02:49:24.529000+02:00,2026-10-05 05:40:00+02:00,,2026-10-05,5,Monday,False,170.59118333333333
20261005_004917,2026-10-05 00:49:24.529000+00:00,Lausanne,local,ch:1:sloid:92050,"Lausanne, gare",ch:1:sloid:92050:0:1096,2026-10-05,ch:1:sjyid:100122:plan2:m2_0003,metro,Metro,m2,m2,720003,"Lausanne, Ouchy-Olympique","Epalinges, Croisettes",,,2026-10-05 03:44:00+00:00,,,False,,2026-10-05 02:49:24.529000+02:00,2026-10-05 05:44:00+02:00,,2026-10-05,5,Monday,False,174.59118333333333
20261005_004917,2026-10-05 00:49:24.529000+00:00,Lausanne,local,ch:1:sloid:92050,"Lausanne, gare",ch:1:sloid:92050:0:2892,2026-10-05,ch:1:sjyid:100122:plan1:2026_ATT5-01-50-Semaine-1-10018932,bus,Bus,1,1,1196,"Lausanne, Blécherette",Maladière,B,,2026-10-05 03:45:00+00:00,,,False,,2026-10-05 02:49:24.529000+02:00,2026-10-05 05:45:00+02:00,,2026-10-05,5,Monday,False,175.59118333333333
20261005_004917,2026-10-05 00:49:24.529000+00:00,Lausanne,local,ch:1:sloid:92050,"Lausanne, gare",ch:1:sloid:92050:0:2814,2026-10-05,ch:1:sjyid:100122:plan1:2026_ATT2-03-20-Semaine-3-9715559,bus,Bus,3,3,3018,"Lausanne, gare",Maillefer,D,,2026-10-05 03:45:00+00:00,,,False,,2026-10-05 02:49:24.529000+02:00,2026-10-05 05:45:00+02:00,,2026-10-05,5,Monday,False,175.59118333333333
20261005_004917,2026-10-05 00:49:24.529000+00:00,Lausanne,local,ch:1:sloid:92050,"Lausanne, gare",ch:1:sloid:92050:0:1101,2026-10-05,ch:1:sjyid:100122:plan2:m2_0218,metro,Metro,m2,m2,720218,"Epalinges, Croisettes","Lausanne, Ouchy-Olympique",,,2026-10-05 03:45:00+00:00,,,False,,2026-10-05 02:49:24.529000+02:00,2026-10-05 05:45:00+02:00,,2026-10-05,5,Monday,False,175.59118333333333
20261005_004917,2026-10-05 00:49:24.529000+00:00,Lausanne,local,ch:1:sloid:92050,"Lausanne, gare",ch:1:sloid:92050:0:2815,2026-10-05,ch:1:sjyid:100122:plan1:2026_ATT5-20-50-Semaine-20-9969577,bus,Bus,20,20,20012,"Lausanne, gare",Blécherette,C,,2026-10-05 03:47:00+00:00,,,False,,2026-10-05 02:49:24.529000+02:00,2026-10-05 05:47:00+02:00,,2026-10-05,5,Monday,False,177.59118333333333
20261005_004917,2026-10-05 00:49:24.529000+00:00,Lausanne,local,ch:1:sloid:92050,"Lausanne, gare",ch:1:sloid:92050:0:2893,2026-10-05,ch:1:sjyid:100122:plan1:2026_ATT5-21-50-Semaine-21-9980266,bus,Bus,21,21,21160,"Lausanne, Blécherette","Paudex, Verrière",A,,2026-10-05 03:47:00+00:00,,,False,,2026-10-05 02:49:24.529000+02:00,2026-10-05 05:47:00+02:00,,2026-10-05,5,Monday,False,177.59118333333333
20261005_004917,2026-10-05 00:49:24.529000+00:00,Lausanne,local,ch:1:sloid:92050,"Lausanne, gare",ch:1:sloid:92050:0:1096,2026-10-05,ch:1:sjyid:100122:plan2:m2_0057,metro,Metro,m2,m2,720057,"Lausanne, Ouchy-Olympique","Epalinges, Croisettes",,,2026-10-05 03:49:00+00:00,,,False,,2026-10-05 02:49:24.529000+02:00,2026-10-05 05:49:00+02:00,,2026-10-05,5,Monday,False,179.59118333333333
20261005_004917,2026-10-05 00:49:24.529000+00:00,Lausanne,local,ch:1:sloid:92050,"Lausanne, gare",ch:1:sloid:92050:0:1101,2026-10-05,ch:1:sjyid:100122:plan2:m2_0272,metro,Metro,m2,m2,720272,"Epalinges, Croisettes","Lausanne, Ouchy-Olympique",,,2026-10-05 03:50:00+00:00,,,False,,2026-10-05 02:49:24.529000+02:00,2026-10-05 05:50:00+02:00,,2026-10-05,5,Monday,False,180.59118333333333
20261005_004917,2026-10-05 00:49:24.529000+00:00,Lausanne,local,ch:1:sloid:92050,"Lausanne, gare",ch:1:sloid:92050:0:2893,2026-10-05,ch:1:sjyid:100122:plan1:2026_ATT5-01-50-Semaine-1-10018929,bus,Bus,1,1,1043,"Lausanne, Maladière",Blécherette,A,,2026-10-05 03:51:00+00:00,,,False,,2026-10-05 02:49:24.529000+02:00,2026-10-05 05:51:00+02:00,,2026-10-05,5,Monday,False,181.59118333333333
20261005_004917,2026-10-05 00:49:24.529000+00:00,Lausanne,local,ch:1:sloid:92050,"Lausanne, gare",ch:1:sloid:92050:0:2814,2026-10-05,ch:1:sjyid:100122:plan1:2026_ATT5-21-50-Semaine-21-9980258,bus,Bus,21,21,21031,"Paudex, Verrière",Blécherette,D,,2026-10-05 03:52:00+00:00,,,False,,2026-10-05 02:49:24.529000+02:00,2026-10-05 05:52:00+02:00,,2026-10-05,5,Monday,False,182.59118333333333
20261005_004917,2026-10-05 00:49:24.529000+00:00,Lausanne,local,ch:1:sloid:92050,"Lausanne, gare",ch:1:sloid:92050:0:1096,2026-10-05,ch:1:sjyid:100122:plan2:m2_0111,metro,Metro,m2,m2,720111,"Lausanne, Ouchy-Olympique","Epalinges, Croisettes",,,2026-10-05 03:53:00+00:00,,,False,,2026-10-05 02:49:24.529000+02:00,2026-10-05 05:53:00+02:00,,2026-10-05,5,Monday,False,183.59118333333333
20261005_004917,2026-10-05 00:49:24.529000+00:00,Lausanne,local,ch:1:sloid:92050,"Lausanne, gare",ch:1:sloid:92050:0:1101,2026-10-05,ch:1:sjyid:100122:plan2:m2_0368,metro,Metro,m2,m2,720368,"Epalinges, Croisettes","Lausanne, Ouchy-Olympique",,,2026-10-05 03:55:00+00:00,,,False,,2026-10-05 02:49:24.529000+02:00,2026-10-05 05:55:00+02:00,,2026-10-05,5,Monday,False,185.59118333333333
20261005_004917,2026-10-05 00:49:24.957000+00:00,Genève,local,ch:1:sloid:87057,"Genève, gare Cornavin",ch:1:sloid:87057,2026-10-04,ch:1:sjyid:100680:HAS-26-EV-8-Dimanche-34836970,bus,Ersatzverkehr,EV,EV,622174,"Genève, gare Cornavin","Annemasse, gare",,,2026-10-05 01:05:00+00:00,,,False,,2026-10-05 02:49:24.957000+02:00,2026-10-05 03:05:00+02:00,,2026-10-05,3,Monday,False,15.58405
20261005_004917,2026-10-05 00:49:24.957000+00:00,Genève,local,ch:1:sloid:87057,"Genève, gare Cornavin",ch:1:sloid:87057:0:46188,2026-10-05,ch:1:sjyid:100680:HAS-26-A2-19-7-jours-35420054,bus,Bus,A2,A2,666244,"Genève, Nations","Genève-Aéroport, Terminal",D,,2026-10-05 01:27:00+00:00,,,False,,2026-10-05 02:49:24.957000+02:00,2026-10-05 03:27:00+02:00,,2026-10-05,3,Monday,False,37.584050000000005
20261005_004917,2026-10-05 00:49:24.957000+00:00,Genève,local,ch:1:sloid:87057,"Genève, gare Cornavin",ch:1:sloid:87057:0:46188,2026-10-05,ch:1:sjyid:100680:HAS-26-A2-19-7-jours-35420055,bus,Bus,A2,A2,666245,"Genève, Nations","Genève-Aéroport, Terminal",D,,2026-10-05 01:59:00+00:00,,,False,,2026-10-05 02:49:24.957000+02:00,2026-10-05 03:59:00+02:00,,2026-10-05,3,Monday,False,69.58404999999999
20261005_004917,2026-10-05 00:49:24.957000+00:00,Genève,local,ch:1:sloid:87057,"Genève, gare Cornavin",ch:1:sloid:87057:0:672272,2026-10-05,ch:1:sjyid:100680:HAS-26-EV-8-Lun-Jeu-35011455,bus,Ersatzverkehr,EV,EV,628673,"Genève, gare Cornavin","Annemasse, gare",A,,2026-10-05 02:05:00+00:00,,,False,,2026-10-05 02:49:24.957000+02:00,2026-10-05 04:05:00+02:00,,2026-10-05,4,Monday,False,75.58404999999999
20261005_004917,2026-10-05 00:49:24.957000+00:00,Genève,local,ch:1:sloid:87057,"Genève, gare Cornavin",ch:1:sloid:87057:0:233278,2026-10-05,ch:1:sjyid:100680:HAS-26-15-10-Lun-Ven-35076291,tram,Tram,15,15,847422,"Vernier, Blandonnet","Plan-les-Ouates, ZIPLO",I,,2026-10-05 02:16:00+00:00,,,False,,2026-10-05 02:49:24.957000+02:00,2026-10-05 04:16:00+02:00,,2026-10-05,4,Monday,False,86.58404999999999
20261005_004917,2026-10-05 00:49:24.957000+00:00,Genève,local,ch:1:sloid:87057,"Genève, gare Cornavin",ch:1:sloid:87057:0:233278,2026-10-05,ch:1:sjyid:100680:HAS-26-17-10-Lun-Ven-35076253,tram,Tram,17,17,847384,"Vernier, Blandonnet","Annemasse, Parc Montessuit",I,,2026-10-05 02:25:00+00:00,,,False,,2026-10-05 02:49:24.957000+02:00,2026-10-05 04:25:00+02:00,,2026-10-05,4,Monday,False,95.58404999999999
20261005_004917,2026-10-05 00:49:24.957000+00:00,Genève,local,ch:1:sloid:87057,"Genève, gare Cornavin",ch:1:sloid:87057:0:89811,2026-10-05,ch:1:sjyid:100680:HAS-26-18-10-Lun-Ven-35074969,tram,Tram,18,18,846102,"Grand-Lancy, De-Staël","Meyrin, CERN",H,,2026-10-05 02:26:00+00:00,,,False,,2026-10-05 02:49:24.957000+02:00,2026-10-05 04:26:00+02:00,,2026-10-05,4,Monday,False,96.58404999999999
20261005_004917,2026-10-05 00:49:24.957000+00:00,Genève,local,ch:1:sloid:87057,"Genève, gare Cornavin",ch:1:sloid:87057:0:50679,2026-10-05,ch:1:sjyid:100680:HAS-26-015925-70-Lun-Ven-35913546,bus,Bus,5,5,697961,"Genève, Bel-Air","Genève-Aéroport, Terminal",J,,2026-10-05 02:26:00+00:00,,,False,,2026-10-05 02:49:24.957000+02:00,2026-10-05 04:26:00+02:00,,2026-10-05,4,Monday,False,96.58404999999999
20261005_004917,2026-10-05 00:49:24.957000+00:00,Genève,local,ch:1:sloid:87057,"Genève, gare Cornavin",ch:1:sloid:87057:0:233278,2026-10-05,ch:1:sjyid:100680:HAS-26-14-10-Lun-Ven-35075195,tram,Tram,14,14,846326,"Vernier, Blandonnet","Bernex, Vailly",I,,2026-10-05 02:27:00+00:00,,,False,,2026-10-05 02:49:24.957000+02:00,2026-10-05 04:27:00+02:00,,2026-10-05,4,Monday,False,97.58404999999999
20261005_004917,2026-10-05 00:49:24.957000+00:00,Genève,local,ch:1:sloid:87057,"Genève, gare Cornavin",ch:1:sloid:87057:0:46188,2026-10-05,ch:1:sjyid:100680:HAS-26-A2-19-7-jours-35420056,bus,Bus,A2,A2,666246,"Genève, Nations","Genève-Aéroport, Terminal",D,,2026-10-05 02:28:00+00:00,,,False,,2026-10-05 02:49:24.957000+02:00,2026-10-05 04:28:00+02:00,,2026-10-05,4,Monday,False,98.58404999999999
20261005_004917,2026-10-05 00:49:24.957000+00:00,Genève,local,ch:1:sloid:87057,"Genève, gare Cornavin",ch:1:sloid:87057:0:233278,2026-10-05,ch:1:sjyid:100680:HAS-26-15-10-Lun-Ven-35076292,tram,Tram,15,15,847423,"Vernier, Blandonnet","Plan-les-Ouates, ZIPLO",I,,2026-10-05 02:29:00+00:00,,,False,,2026-10-05 02:49:24.957000+02:00,2026-10-05 04:29:00+02:00,,2026-10-05,4,Monday,False,99.58404999999999
20261005_004917,2026-10-05 00:49:24.957000+00:00,Genève,local,ch:1:sloid:87057,"Genève, gare Cornavin",ch:1:sloid:87057:0:783875,2026-10-05,ch:1:sjyid:100680:HAS-26-02-06-19-1-Lun-Ven-34652794,bus,Bus,19,19,617422,"Genève, Jonction","Vernier, village",K,,2026-10-05 02:32:00+00:00,,,False,,2026-10-05 02:49:24.957000+02:00,2026-10-05 04:32:00+02:00,,2026-10-05,4,Monday,False,102.58404999999999
20261005_004917,2026-10-05 00:49:24.957000+00:00,Genève,local,ch:1:sloid:87057,"Genève, gare Cornavin",ch:1:sloid:87057:0:698638,2026-10-05,ch:1:sjyid:100680:HAS-26-03-0-Lun-Ven-33833090,bus,Bus,3,3,554283,"Genève, Jonction","Grand-Saconnex, Gardiol",F,,2026-10-05 02:33:00+00:00,,,False,,2026-10-05 02:49:24.957000+02:00,2026-10-05 04:33:00+02:00,,2026-10-05,4,Monday,False,103.58404999999999
20261005_004917,2026-10-05 00:49:24.957000+00:00,Genève,local,ch:1:sloid:87057,"Genève, gare Cornavin",ch:1:sloid:87057:0:233278,2026-10-05,ch:1:sjyid:100680:HAS-26-18-10-Lun-Ven-35074956,tram,Tram,18,18,846089,"Vernier, Blandonnet","Grand-Lancy, Palettes",I,,2026-10-05 02:35:00+00:00,,,False,,2026-10-05 02:49:24.957000+02:00,2026-10-05 04:35:00+02:00,,2026-10-05,4,Monday,False,105.58404999999999
20261005_004917,2026-10-05 00:49:24.957000+00:00,Genève,local,ch:1:sloid:87057,"Genève, gare Cornavin",ch:1:sloid:87057:0:783875,2026-10-05,ch:1:sjyid:100680:HAS-26-10-0-Lun-Ven-33810366,bus,Bus,10,10,551567,"Genève, Jonction","Genève-Aéroport, Terminal",K,,2026-10-05 02:39:00+00:00,,,False,,2026-10-05 02:49:24.957000+02:00,2026-10-05 04:39:00+02:00,,2026-10-05,4,Monday,False,109.58404999999999
20261005_004917,2026-10-05 00:49:24.957000+00:00,Genève,local,ch:1:sloid:87057,"Genève, gare Cornavin",ch:1:sloid:87057:0:408265,2026-10-05,ch:1:sjyid:100680:HAS-26-15-10-Lun-Ven-35076690,tram,Tram,15,15,847821,"Vernier, Blandonnet","Genève, Nations",I,,2026-10-05 02:40:00+00:00,,,False,,2026-10-05 02:49:24.957000+02:00,2026-10-05 04:40:00+02:00,,2026-10-05,4,Monday,False,110.58404999999999
20261005_004917,2026-10-05 00:49:24.957000+00:00,Genève,local,ch:1:sloid:87057,"Genève, gare Cornavin",ch:1:sloid:87057:0:233278,2026-10-05,ch:1:sjyid:100680:HAS-26-14-10-Lun-Ven-35075196,tram,Tram,14,14,846327,"Vernier, Blandonnet","Bernex, Vailly",I,,2026-10-05 02:42:00+00:00,,,False,,2026-10-05 02:49:24.957000+02:00,2026-10-05 04:42:00+02:00,,2026-10-05,4,Monday,False,112.58404999999999
20261005_004917,2026-10-05 00:49:24.957000+00:00,Genève,local,ch:1:sloid:87057,"Genève, gare Cornavin",ch:1:sloid:87057:0:783875,2026-10-05,ch:1:sjyid:100680:HAS-26-02-06-19-1-Lun-Ven-34652790,bus,Bus,19,19,617420,"Genève, Jonction","Vernier, village",K,,2026-10-05 02:42:00+00:00,,,False,,2026-10-05 02:49:24.957000+02:00,2026-10-05 04:42:00+02:00,,2026-10-05,4,Monday,False,112.58404999999999
20261005_004917,2026-10-05 00:49:24.957000+00:00,Genève,local,ch:1:sloid:87057,"Genève, gare Cornavin",ch:1:sloid:87057:0:233278,2026-10-05,ch:1:sjyid:100680:HAS-26-15-10-Lun-Ven-35076293,tram,Tram,15,15,847424,"Vernier, Blandonnet","Plan-les-Ouates, ZIPLO",I,,2026-10-05 02:44:00+00:00,,,False,,2026-10-05 02:49:24.957000+02:00,2026-10-05 04:44:00+02:00,,2026-10-05,4,Monday,False,114.58404999999999
20261005_004917,2026-10-05 00:49:24.957000+00:00,Genève,local,ch:1:sloid:87057,"Genève, gare Cornavin",ch:1:sloid:87057:0:46188,2026-10-05,ch:1:sjyid:100680:HAS-26-015925-70-Lun-Ven-35913601,bus,Bus,1,1,698016,"Genève, Jardin Botanique","Thônex, Hôpital Trois-Chêne",D,,2026-10-05 02:48:00+00:00,,,False,,2026-10-05 02:49:24.957000+02:00,2026-10-05 04:48:00+02:00,,2026-10-05,4,Monday,False,118.58404999999999
20261005_004917,2026-10-05 00:49:24.957000+00:00,Genève,local,ch:1:sloid:87057,"Genève, gare Cornavin",ch:1:sloid:87057:0:698638,2026-10-05,ch:1:sjyid:100680:HAS-26-03-0-Lun-Ven-33833092,bus,Bus,3,3,554285,"Genève, Jonction","Grand-Saconnex, Gardiol",F,,2026-10-05 02:48:00+00:00,,,False,,2026-10-05 02:49:24.957000+02:00,2026-10-05 04:48:00+02:00,,2026-10-05,4,Monday,False,118.58404999999999
20261005_004917,2026-10-05 00:49:24.957000+00:00,Genève,local,ch:1:sloid:87057,"Genève, gare Cornavin",ch:1:sloid:87057:0:408265,2026-10-05,ch:1:sjyid:100680:HAS-26-15-10-Lun-Ven-35076301,tram,Tram,15,15,847432,"Plan-les-Ouates, ZIPLO","Genève, Nations",E,,2026-10-05 02:51:00+00:00,,,False,,2026-10-05 02:49:24.957000+02:00,2026-10-05 04:51:00+02:00,,2026-10-05,4,Monday,False,121.58404999999999
20261005_004917,2026-10-05 00:49:24.957000+00:00,Genève,local,ch:1:sloid:87057,"Genève, gare Cornavin",ch:1:sloid:87057:0:783875,2026-10-05,ch:1:sjyid:100680:HAS-26-02-06-19-1-Lun-Ven-34652792,bus,Bus,19,19,617421,"Genève, Jonction","Vernier, village",K,,2026-10-05 02:52:00+00:00,,,False,,2026-10-05 02:49:24.957000+02:00,2026-10-05 04:52:00+02:00,,2026-10-05,4,Monday,False,122.58404999999999
20261005_004917,2026-10-05 00:49:24.957000+00:00,Genève,local,ch:1:sloid:87057,"Genève, gare Cornavin",ch:1:sloid:87057:0:46188,2026-10-05,ch:1:sjyid:100680:HAS-26-A2-19-7-jours-35420057,bus,Bus,A2,A2,666247,"Genève, Nations","Genève-Aéroport, Terminal",D,,2026-10-05 02:58:00+00:00,,,False,,2026-10-05 02:49:24.957000+02:00,2026-10-05 04:58:00+02:00,,2026-10-05,4,Monday,False,128.58405
20261005_004917,2026-10-05 00:49:24.957000+00:00,Genève,local,ch:1:sloid:87057,"Genève, gare Cornavin",ch:1:sloid:87057:0:783875,2026-10-05,ch:1:sjyid:100680:HAS-26-10-0-Lun-Ven-33810367,bus,Bus,10,10,551568,"Genève, Jonction","Genève-Aéroport, Terminal",K,,2026-10-05 02:59:00+00:00,,,False,,2026-10-05 02:49:24.957000+02:00,2026-10-05 04:59:00+02:00,,2026-10-05,4,Monday,False,129.58405
20261005_004917,2026-10-05 00:49:24.957000+00:00,Genève,local,ch:1:sloid:87057,"Genève, gare Cornavin",ch:1:sloid:87057:0:233278,2026-10-05,ch:1:sjyid:100680:HAS-26-14-10-Lun-Ven-35075194,tram,Tram,14,14,846325,"Vernier, Blandonnet","Bernex, Vailly",I,,2026-10-05 03:00:00+00:00,,,False,,2026-10-05 02:49:24.957000+02:00,2026-10-05 05:00:00+02:00,,2026-10-05,5,Monday,False,130.58405
20261005_004917,2026-10-05 00:49:24.957000+00:00,Genève,local,ch:1:sloid:87057,"Genève, gare Cornavin",ch:1:sloid:87057:0:46188,2026-10-05,ch:1:sjyid:100680:HAS-26-15-10-Lun-Ven-35076294,tram,Tram,15,15,847425,"Genève, Nations","Plan-les-Ouates, ZIPLO",D,,2026-10-05 03:01:00+00:00,,,False,,2026-10-05 02:49:24.957000+02:00,2026-10-05 05:01:00+02:00,,2026-10-05,5,Monday,False,131.58405
20261005_004917,2026-10-05 00:49:24.957000+00:00,Genève,local,ch:1:sloid:87057,"Genève, gare Cornavin",ch:1:sloid:87057:0:46188,2026-10-05,ch:1:sjyid:100680:HAS-26-015925-70-Lun-Ven-35913597,bus,Bus,25,25,698012,"Genève, Jardin Botanique","Thônex, Vallard",D,,2026-10-05 03:02:00+00:00,,,False,,2026-10-05 02:49:24.957000+02:00,2026-10-05 05:02:00+02:00,,2026-10-05,5,Monday,False,132.58405
20261005_004917,2026-10-05 00:49:24.957000+00:00,Genève,local,ch:1:sloid:87057,"Genève, gare Cornavin",ch:1:sloid:87057:0:233278,2026-10-05,ch:1:sjyid:100680:HAS-26-17-10-Lun-Ven-35076258,tram,Tram,17,17,847389,"Vernier, Blandonnet","Lancy-Pont-Rouge, gare",I,,2026-10-05 03:02:00+00:00,,,False,,2026-10-05 02:49:24.957000+02:00,2026-10-05 05:02:00+02:00,,2026-10-05,5,Monday,False,132.58405
20261005_004917,2026-10-05 00:49:24.957000+00:00,Genève,local,ch:1:sloid:87057,"Genève, gare Cornavin",ch:1:sloid:87057:0:50679,2026-10-05,ch:1:sjyid:100680:HAS-26-60-61-70-Lun-Ven-35376299,bus,Bus,60,60,693410,"Genève, gare Cornavin","Gex, L'Aiglette",J,,2026-10-05 03:02:00+00:00,,,False,,2026-10-05 02:49:24.957000+02:00,2026-10-05 05:02:00+02:00,,2026-10-05,5,Monday,False,132.58405
20261005_004917,2026-10-05 00:49:25.416000+00:00,Lugano,local,ch:1:sloid:5380,"Lugano, Stazione",ch:1:sloid:5380::407001,2026-10-05,ch:1:sjyid:100754:8979e964-b785-4fb2-8b1e-6d23aece77a7,bus,Bus,4,4,4004,"Canobbio, Ganna","Lugano, Centro",A,,2026-10-05 03:49:00+00:00,,,False,,2026-10-05 02:49:25.416000+02:00,2026-10-05 05:49:00+02:00,,2026-10-05,5,Monday,False,179.5764
20261005_004917,2026-10-05 00:49:25.416000+00:00,Lugano,local,ch:1:sloid:5380,"Lugano, Stazione",ch:1:sloid:5380::407001,2026-10-05,ch:1:sjyid:100754:67a3c4c7-9f6f-4222-820c-30a1cf53d1b7,bus,Bus,6,6,6001,"Lugano, Stazione","Lugano, Cornaredo",A,,2026-10-05 03:50:00+00:00,,,False,,2026-10-05 02:49:25.416000+02:00,2026-10-05 05:50:00+02:00,,2026-10-05,5,Monday,False,180.5764
20261005_004917,2026-10-05 00:49:25.416000+00:00,Lugano,local,ch:1:sloid:5380,"Lugano, Stazione",ch:1:sloid:5380::407001,2026-10-05,ch:1:sjyid:100754:656ab9d9-b893-41c5-964a-af300dfa4184,bus,Bus,2,2,2002,"Castagnola, Capolinea","Paradiso, Carzo",A,,2026-10-05 03:50:00+00:00,,,False,,2026-10-05 02:49:25.416000+02:00,2026-10-05 05:50:00+02:00,,2026-10-05,5,Monday,False,180.5764
20261005_004917,2026-10-05 00:49:25.416000+00:00,Lugano,local,ch:1:sloid:5380,"Lugano, Stazione",ch:1:sloid:5380::407002,2026-10-05,ch:1:sjyid:100754:77820db0-dec9-4be6-97ff-a59809f6f2a0,bus,Bus,4,4,4001,"Lugano, Centro","Canobbio, Ganna",B,,2026-10-05 03:59:00+00:00,,,False,,2026-10-05 02:49:25.416000+02:00,2026-10-05 05:59:00+02:00,,2026-10-05,5,Monday,False,189.5764
20261005_004917,2026-10-05 00:49:25.416000+00:00,Lugano,local,ch:1:sloid:5380,"Lugano, Stazione",ch:1:sloid:5380::407001,2026-10-05,ch:1:sjyid:100754:ea7da6b5-e8de-4d2a-bc32-9a658235b192,bus,Bus,6,6,6005,"Lugano, Stazione","Lugano, Cornaredo",A,,2026-10-05 04:00:00+00:00,,,False,,2026-10-05 02:49:25.416000+02:00,2026-10-05 06:00:00+02:00,,2026-10-05,6,Monday,False,190.5764
20261005_004917,2026-10-05 00:49:25.416000+00:00,Lugano,local,ch:1:sloid:5380,"Lugano, Stazione",ch:1:sloid:5380::407001,2026-10-05,ch:1:sjyid:100754:6fdbdfc4-54b2-4840-9453-a6825a99910f,bus,Bus,4,4,4006,"Canobbio, Ganna","Lugano, Centro",A,,2026-10-05 04:01:00+00:00,,,False,,2026-10-05 02:49:25.416000+02:00,2026-10-05 06:01:00+02:00,,2026-10-05,6,Monday,False,191.5764
20261005_004917,2026-10-05 00:49:25.416000+00:00,Lugano,local,ch:1:sloid:5380,"Lugano, Stazione",ch:1:sloid:5380::407001,2026-10-05,ch:1:sjyid:100754:66052630-13fa-4188-9e7e-a91b90ade81e,bus,Bus,2,2,2006,"Castagnola, Capolinea","Paradiso, Carzo",A,,2026-10-05 04:05:00+00:00,,,False,,2026-10-05 02:49:25.416000+02:00,2026-10-05 06:05:00+02:00,,2026-10-05,6,Monday,False,195.5764
20261005_004917,2026-10-05 00:49:25.416000+00:00,Lugano,local,ch:1:sloid:5380,"Lugano, Stazione",ch:1:sloid:5380::407001,2026-10-05,ch:1:sjyid:100754:e5340804-01a8-4527-9357-ff04e9e50d7e,bus,Bus,6,6,6009,"Lugano, Stazione","Lugano, Cornaredo",A,,2026-10-05 04:10:00+00:00,,,False,,2026-10-05 02:49:25.416000+02:00,2026-10-05 06:10:00+02:00,,2026-10-05,6,Monday,False,200.5764
20261005_004917,2026-10-05 00:49:25.416000+00:00,Lugano,local,ch:1:sloid:5380,"Lugano, Stazione",ch:1:sloid:5380::407002,2026-10-05,ch:1:sjyid:100754:169f3f75-7e75-47d5-ae63-03c25bf5f7b6,bus,Bus,4,4,4005,"Lugano, Centro","Canobbio, Ganna",B,,2026-10-05 04:14:00+00:00,,,False,,2026-10-05 02:49:25.416000+02:00,2026-10-05 06:14:00+02:00,,2026-10-05,6,Monday,False,204.5764
20261005_004917,2026-10-05 00:49:25.416000+00:00,Lugano,local,ch:1:sloid:5380,"Lugano, Stazione",ch:1:sloid:5380::407001,2026-10-05,ch:1:sjyid:100754:2b717ff3-4105-4894-bc02-1727be6b2ac6,bus,Bus,4,4,4012,"Canobbio, Ganna","Lugano, Centro",A,,2026-10-05 04:16:00+00:00,,,False,,2026-10-05 02:49:25.416000+02:00,2026-10-05 06:16:00+02:00,,2026-10-05,6,Monday,False,206.5764
20261005_004917,2026-10-05 00:49:25.416000+00:00,Lugano,local,ch:1:sloid:5380,"Lugano, Stazione",ch:1:sloid:5380::407001,2026-10-05,ch:1:sjyid:100754:f3c02e9b-84ee-487b-89f8-95df2a3dcd7f,bus,Bus,6,6,6011,"Lugano, Stazione","Lugano, Cornaredo",A,,2026-10-05 04:20:00+00:00,,,False,,2026-10-05 02:49:25.416000+02:00,2026-10-05 06:20:00+02:00,,2026-10-05,6,Monday,False,210.5764
20261005_004917,2026-10-05 00:49:25.416000+00:00,Lugano,local,ch:1:sloid:5380,"Lugano, Stazione",ch:1:sloid:5380::407001,2026-10-05,ch:1:sjyid:100754:906413c6-d2b4-4d67-9db0-9a57dc9a752d,bus,Bus,2,2,2010,"Castagnola, Capolinea","Paradiso, Carzo",A,,2026-10-05 04:20:00+00:00,,,False,,2026-10-05 02:49:25.416000+02:00,2026-10-05 06:20:00+02:00,,2026-10-05,6,Monday,False,210.5764
20261005_004917,2026-10-05 00:49:25.416000+00:00,Lugano,local,ch:1:sloid:5380,"Lugano, Stazione",ch:1:sloid:5380::407002,2026-10-05,ch:1:sjyid:100754:ed255f45-7b2a-4c37-be9a-0d0377da1382,bus,Bus,4,4,4009,"Lugano, Centro","Canobbio, Ganna",B,,2026-10-05 04:29:00+00:00,,,False,,2026-10-05 02:49:25.416000+02:00,2026-10-05 06:29:00+02:00,,2026-10-05,6,Monday,False,219.5764
20261005_004917,2026-10-05 00:49:25.416000+00:00,Lugano,local,ch:1:sloid:5380,"Lugano, Stazione",ch:1:sloid:5380::407001,2026-10-05,ch:1:sjyid:100754:60deda02-d5a7-4dee-bdeb-fc488a54d510,bus,Bus,6,6,6015,"Lugano, Stazione","Lugano, Cornaredo",A,,2026-10-05 04:30:00+00:00,,,False,,2026-10-05 02:49:25.416000+02:00,2026-10-05 06:30:00+02:00,,2026-10-05,6,Monday,False,220.5764
20261005_004917,2026-10-05 00:49:25.416000+00:00,Lugano,local,ch:1:sloid:5380,"Lugano, Stazione",ch:1:sloid:5380::407001,2026-10-05,ch:1:sjyid:100754:37911a04-a7df-4fad-b007-017086e912f1,bus,Bus,4,4,4014,"Canobbio, Ganna","Lugano, Centro",A,,2026-10-05 04:31:00+00:00,,,False,,2026-10-05 02:49:25.416000+02:00,2026-10-05 06:31:00+02:00,,2026-10-05,6,Monday,False,221.5764
20261005_004917,2026-10-05 00:49:25.416000+00:00,Lugano,local,ch:1:sloid:5380,"Lugano, Stazione",ch:1:sloid:5380::407001,2026-10-05,ch:1:sjyid:100754:e61c6e6b-b3c9-4402-a966-97befe4d0418,bus,Bus,2,2,2014,"Castagnola, Capolinea","Paradiso, Carzo",A,,2026-10-05 04:35:00+00:00,,,False,,2026-10-05 02:49:25.416000+02:00,2026-10-05 06:35:00+02:00,,2026-10-05,6,Monday,False,225.5764
20261005_004917,2026-10-05 00:49:25.416000+00:00,Lugano,local,ch:1:sloid:5380,"Lugano, Stazione",ch:1:sloid:5380::407001,2026-10-05,ch:1:sjyid:100754:aabcf456-3a2a-4b26-b8fc-bb64e68fc8c9,bus,Bus,6,6,6019,"Lugano, Stazione","Lugano, Cornaredo",A,,2026-10-05 04:40:00+00:00,,,False,,2026-10-05 02:49:25.416000+02:00,2026-10-05 06:40:00+02:00,,2026-10-05,6,Monday,False,230.5764
20261005_004917,2026-10-05 00:49:25.416000+00:00,Lugano,local,ch:1:sloid:5380,"Lugano, Stazione",ch:1:sloid:5380::407002,2026-10-05,ch:1:sjyid:100754:a54d1c01-8fc3-4f26-a48b-b96c74c5026f,bus,Bus,4,4,4013,"Lugano, Centro","Canobbio, Ganna",B,,2026-10-05 04:44:00+00:00,,,False,,2026-10-05 02:49:25.416000+02:00,2026-10-05 06:44:00+02:00,,2026-10-05,6,Monday,False,234.5764
20261005_004917,2026-10-05 00:49:25.416000+00:00,Lugano,local,ch:1:sloid:5380,"Lugano, Stazione",ch:1:sloid:5380::407001,2026-10-05,ch:1:sjyid:100754:08001704-2118-4b09-84ff-6510433ee626,bus,Bus,4,4,4020,"Canobbio, Ganna","Lugano, Centro",A,,2026-10-05 04:46:00+00:00,,,False,,2026-10-05 02:49:25.416000+02:00,2026-10-05 06:46:00+02:00,,2026-10-05,6,Monday,False,236.5764
20261005_004917,2026-10-05 00:49:25.416000+00:00,Lugano,local,ch:1:sloid:5380,"Lugano, Stazione",ch:1:sloid:5380::407001,2026-10-05,ch:1:sjyid:100754:173960e4-a0c4-42df-9c21-50893cc5c28e,bus,Bus,6,6,6021,"Lugano, Stazione","Lugano, Cornaredo",A,,2026-10-05 04:50:00+00:00,,,False,,2026-10-05 02:49:25.416000+02:00,2026-10-05 06:50:00+02:00,,2026-10-05,6,Monday,False,240.5764
20261005_004917,2026-10-05 00:49:25.416000+00:00,Lugano,local,ch:1:sloid:5380,"Lugano, Stazione",ch:1:sloid:5380::407001,2026-10-05,ch:1:sjyid:100754:1d582520-0851-49c4-8189-1ef5525a4e48,bus,Bus,2,2,2018,"Castagnola, Capolinea","Paradiso, Carzo",A,,2026-10-05 04:50:00+00:00,,,False,,2026-10-05 02:49:25.416000+02:00,2026-10-05 06:50:00+02:00,,2026-10-05,6,Monday,False,240.5764
20261005_004917,2026-10-05 00:49:25.416000+00:00,Lugano,local,ch:1:sloid:5380,"Lugano, Stazione",ch:1:sloid:5380::407002,2026-10-05,ch:1:sjyid:100754:38124f4e-4ec6-4251-8fef-fd64dcdc539a,bus,Bus,4,4,4017,"Lugano, Centro","Canobbio, Ganna",B,,2026-10-05 04:59:00+00:00,,,False,,2026-10-05 02:49:25.416000+02:00,2026-10-05 06:59:00+02:00,,2026-10-05,6,Monday,False,249.5764
20261005_004917,2026-10-05 00:49:25.416000+00:00,Lugano,local,ch:1:sloid:5380,"Lugano, Stazione",ch:1:sloid:5380::407001,2026-10-05,ch:1:sjyid:100754:e5f705bf-876d-4a25-acf4-b8494917f046,bus,Bus,6,6,6025,"Lugano, Stazione","Lugano, Cornaredo",A,,2026-10-05 05:00:00+00:00,,,False,,2026-10-05 02:49:25.416000+02:00,2026-10-05 07:00:00+02:00,,2026-10-05,7,Monday,False,250.5764
20261005_004917,2026-10-05 00:49:25.416000+00:00,Lugano,local,ch:1:sloid:5380,"Lugano, Stazione",ch:1:sloid:5380::407001,2026-10-05,ch:1:sjyid:100754:030a71ef-b47c-4603-b7f1-690733fd9736,bus,Bus,4,4,4022,"Canobbio, Ganna","Lugano, Centro",A,,2026-10-05 05:01:00+00:00,,,False,,2026-10-05 02:49:25.416000+02:00,2026-10-05 07:01:00+02:00,,2026-10-05,7,Monday,False,251.5764
20261005_004917,2026-10-05 00:49:25.416000+00:00,Lugano,local,ch:1:sloid:5380,"Lugano, Stazione",ch:1:sloid:5380::407001,2026-10-05,ch:1:sjyid:100754:f7af1d8a-f3ba-4bef-b2b9-0b087e97e405,bus,Bus,2,2,2024,"Castagnola, Capolinea","Paradiso, Carzo",A,,2026-10-05 05:05:00+00:00,,,False,,2026-10-05 02:49:25.416000+02:00,2026-10-05 07:05:00+02:00,,2026-10-05,7,Monday,False,255.5764
20261005_004917,2026-10-05 00:49:25.416000+00:00,Lugano,local,ch:1:sloid:5380,"Lugano, Stazione",ch:1:sloid:5380::407001,2026-10-05,ch:1:sjyid:100754:fd7d8f99-30ce-45bf-828e-ccf9048cc9ea,bus,Bus,6,6,6029,"Lugano, Stazione","Lugano, Cornaredo",A,,2026-10-05 05:10:00+00:00,,,False,,2026-10-05 02:49:25.416000+02:00,2026-10-05 07:10:00+02:00,,2026-10-05,7,Monday,False,260.57640000000004
20261005_004917,2026-10-05 00:49:25.416000+00:00,Lugano,local,ch:1:sloid:5380,"Lugano, Stazione",ch:1:sloid:5380::407002,2026-10-05,ch:1:sjyid:100754:5d53b7c2-9c7a-4ceb-a24a-ca91d53fde2a,bus,Bus,4,4,4021,"Lugano, Centro","Canobbio, Ganna",B,,2026-10-05 05:14:00+00:00,,,False,,2026-10-05 02:49:25.416000+02:00,2026-10-05 07:14:00+02:00,,2026-10-05,7,Monday,False,264.57640000000004
20261005_004917,2026-10-05 00:49:25.416000+00:00,Lugano,local,ch:1:sloid:5380,"Lugano, Stazione",ch:1:sloid:5380::407001,2026-10-05,ch:1:sjyid:100754:67e28a7e-0677-4b2a-b636-859c5c33c641,bus,Bus,4,4,4026,"Canobbio, Ganna","Lugano, Centro",A,,2026-10-05 05:16:00+00:00,,,False,,2026-10-05 02:49:25.416000+02:00,2026-10-05 07:16:00+02:00,,2026-10-05,7,Monday,False,266.57640000000004
20261005_004917,2026-10-05 00:49:25.416000+00:00,Lugano,local,ch:1:sloid:5380,"Lugano, Stazione",ch:1:sloid:5380::407001,2026-10-05,ch:1:sjyid:100754:f6224186-4a5b-4adf-93d0-2f3da734ee39,bus,Bus,6,6,6031,"Lugano, Stazione","Lugano, Cornaredo",A,,2026-10-05 05:20:00+00:00,,,False,,2026-10-05 02:49:25.416000+02:00,2026-10-05 07:20:00+02:00,,2026-10-05,7,Monday,False,270.57640000000004
20261005_004917,2026-10-05 00:49:25.416000+00:00,Lugano,local,ch:1:sloid:5380,"Lugano, Stazione",ch:1:sloid:5380::407001,2026-10-05,ch:1:sjyid:100754:22d7df0e-46f7-49df-b784-0ed6dd313ae0,bus,Bus,2,2,2030,"Castagnola, Capolinea","Paradiso, Carzo",A,,2026-10-05 05:20:00+00:00,,,False,,2026-10-05 02:49:25.416000+02:00,2026-10-05 07:20:00+02:00,,2026-10-05,7,Monday,False,270.57640000000004
