batch_id,collection_timestamp,city,station_type,station_id,station_name,stop_point_ref,operating_day,journey_ref,transport_mode,product_category,public_code,line,train_number,origin,destination,planned_platform,estimated_platform,scheduled_departure,estimated_departure,cancelled,has_realtime,predicted_delay_minutes,collection_timestamp_local,scheduled_departure_local,estimated_departure_local,date,hour,weekday,weekend,minutes_until_departure
20261009_141925,2026-10-09 14:19:25.764000+00:00,Zürich,rail,ch:1:sloid:3000,Zürich HB,ch:1:sloid:3000:500:31,2026-10-09,ch:1:sjyid:100001:19460-001,rail,S-Bahn,S14,S14,19460,Hinwil,Affoltern am Albis,31,,2026-10-09 14:19:00+00:00,2026-10-09 14:20:00+00:00,,True,1.0,2026-10-09 16:19:25.764000+02:00,2026-10-09 16:19:00+02:00,2026-10-09 16:20:00+02:00,2026-10-09,16,Friday,False,-0.4294
20261009_141925,2026-10-09 14:19:25.764000+00:00,Zürich,rail,ch:1:sloid:3000,Zürich HB,ch:1:sloid:3000:501:33,2026-10-09,ch:1:sjyid:100001:19961-001,rail,S-Bahn,S19,S19,19961,Dietikon,Pfäffikon ZH,33,,2026-10-09 14:19:00+00:00,2026-10-09 14:19:18+00:00,,True,0.3,2026-10-09 16:19:25.764000+02:00,2026-10-09 16:19:00+02:00,2026-10-09 16:19:18+02:00,2026-10-09,16,Friday,False,-0.4294
20261009_141925,2026-10-09 14:19:25.764000+00:00,Zürich,rail,ch:1:sloid:3000,Zürich HB,ch:1:sloid:3000:502:42,2026-10-09,ch:1:sjyid:100001:18760-001,rail,S-Bahn,S7,S7,18760,Rapperswil SG,Winterthur,41/42,42,2026-10-09 14:19:00+00:00,2026-10-09 14:19:42+00:00,,True,0.7,2026-10-09 16:19:25.764000+02:00,2026-10-09 16:19:00+02:00,2026-10-09 16:19:42+02:00,2026-10-09,16,Friday,False,-0.4294
20261009_141925,2026-10-09 14:19:25.764000+00:00,Zürich,rail,ch:1:sloid:3000,Zürich HB,ch:1:sloid:3000:503:43,2026-10-09,ch:1:sjyid:100001:19061-001,rail,S-Bahn,S23,S23,19061,Zürich HB,Romanshorn,43/44,43,2026-10-09 14:20:00+00:00,2026-10-09 14:21:06+00:00,,True,1.1,2026-10-09 16:19:25.764000+02:00,2026-10-09 16:20:00+02:00,2026-10-09 16:21:06+02:00,2026-10-09,16,Friday,False,0.5706
20261009_141925,2026-10-09 14:19:25.764000+00:00,Zürich,rail,ch:1:sloid:3000,Zürich HB,ch:1:sloid:3000:3:4,2026-10-09,ch:1:sjyid:100001:20461-001,rail,S-Bahn,S24,S24,20461,Schaffhausen,Zug,4,,2026-10-09 14:21:00+00:00,2026-10-09 14:21:18+00:00,,True,0.3,2026-10-09 16:19:25.764000+02:00,2026-10-09 16:21:00+02:00,2026-10-09 16:21:18+02:00,2026-10-09,16,Friday,False,1.5706
20261009_141925,2026-10-09 14:19:25.764000+00:00,Zürich,rail,ch:1:sloid:3000,Zürich HB,ch:1:sloid:3000:502:42,2026-10-09,ch:1:sjyid:100001:19560-001,rail,S-Bahn,S15,S15,19560,Rüti ZH,Niederweningen,41/42,41,2026-10-09 14:22:00+00:00,2026-10-09 14:22:24+00:00,,True,0.4,2026-10-09 16:19:25.764000+02:00,2026-10-09 16:22:00+02:00,2026-10-09 16:22:24+02:00,2026-10-09,16,Friday,False,2.5705999999999998
20261009_141925,2026-10-09 14:19:25.764000+00:00,Zürich,rail,ch:1:sloid:3000,Zürich HB,ch:1:sloid:3000:503:43,2026-10-09,ch:1:sjyid:100001:18561-001,rail,S-Bahn,S5,S5,18561,Zug,Rüti ZH,43/44,,2026-10-09 14:24:00+00:00,2026-10-09 14:24:18+00:00,,True,0.3,2026-10-09 16:19:25.764000+02:00,2026-10-09 16:24:00+02:00,2026-10-09 16:24:18+02:00,2026-10-09,16,Friday,False,4.5706
20261009_141925,2026-10-09 14:19:25.764000+00:00,Zürich,rail,ch:1:sloid:3000,Zürich HB,ch:1:sloid:3000:501:33,2026-10-09,ch:1:sjyid:100001:18860-001,rail,S-Bahn,S8,S8,18860,Wädenswil,Winterthur,33,,2026-10-09 14:25:00+00:00,2026-10-09 14:25:18+00:00,,True,0.3,2026-10-09 16:19:25.764000+02:00,2026-10-09 16:25:00+02:00,2026-10-09 16:25:18+02:00,2026-10-09,16,Friday,False,5.5706
20261009_141925,2026-10-09 14:19:25.764000+00:00,Zürich,rail,ch:1:sloid:3000,Zürich HB,ch:1:sloid:3000:502:42,2026-10-09,ch:1:sjyid:100001:18360-001,rail,S-Bahn,S3,S3,18360,Wetzikon ZH,Zürich Hardbrücke,41/42,,2026-10-09 14:26:00+00:00,2026-10-09 14:27:18+00:00,,True,1.3,2026-10-09 16:19:25.764000+02:00,2026-10-09 16:26:00+02:00,2026-10-09 16:27:18+02:00,2026-10-09,16,Friday,False,6.5706
20261009_141925,2026-10-09 14:19:25.764000+00:00,Zürich,rail,ch:1:sloid:3000,Zürich HB,ch:1:sloid:3000:503:43,2026-10-09,ch:1:sjyid:100001:18961-001,rail,S-Bahn,S9,S9,18961,Rafz,Uster,43/44,,2026-10-09 14:28:00+00:00,2026-10-09 14:28:18+00:00,,True,0.3,2026-10-09 16:19:25.764000+02:00,2026-10-09 16:28:00+02:00,2026-10-09 16:28:18+02:00,2026-10-09,16,Friday,False,8.5706
20261009_141925,2026-10-09 14:19:25.764000+00:00,Zürich,rail,ch:1:sloid:3000,Zürich HB,ch:1:sloid:3000:8:14,2026-10-09,ch:1:sjyid:100001:1778-001,rail,InterRegio,IR55,IR55,1778,Zürich HB,Biel/Bienne,14,,2026-10-09 14:29:00+00:00,2026-10-09 14:29:24+00:00,,True,0.4,2026-10-09 16:19:25.764000+02:00,2026-10-09 16:29:00+02:00,2026-10-09 16:29:24+02:00,2026-10-09,16,Friday,False,9.5706
20261009_141925,2026-10-09 14:19:25.764000+00:00,Zürich,rail,ch:1:sloid:3000,Zürich HB,ch:1:sloid:3000:502:42,2026-10-09,ch:1:sjyid:100001:19162-002,rail,S-Bahn,S11,S11,19162,Wila,Aarau,41/42,,2026-10-09 14:29:00+00:00,2026-10-09 14:30:06+00:00,,True,1.1,2026-10-09 16:19:25.764000+02:00,2026-10-09 16:29:00+02:00,2026-10-09 16:30:06+02:00,2026-10-09,16,Friday,False,9.5706
20261009_141925,2026-10-09 14:19:25.764000+00:00,Zürich,rail,ch:1:sloid:3000,Zürich HB,ch:1:sloid:3000:503:43,2026-10-09,ch:1:sjyid:100001:18661-001,rail,S-Bahn,S6,S6,18661,Baden,Uetikon,43/44,,2026-10-09 14:30:00+00:00,2026-10-09 14:30:30+00:00,,True,0.5,2026-10-09 16:19:25.764000+02:00,2026-10-09 16:30:00+02:00,2026-10-09 16:30:30+02:00,2026-10-09,16,Friday,False,10.5706
20261009_141925,2026-10-09 14:19:25.764000+00:00,Zürich,rail,ch:1:sloid:3000,Zürich HB,ch:1:sloid:3000:503:43,2026-10-09,ch:1:sjyid:100001:19163-002,rail,S-Bahn,S11,S11,19163,Aarau,Wila,43/44,,2026-10-09 14:31:00+00:00,2026-10-09 14:32:00+00:00,,True,1.0,2026-10-09 16:19:25.764000+02:00,2026-10-09 16:31:00+02:00,2026-10-09 16:32:00+02:00,2026-10-09,16,Friday,False,11.5706
20261009_141925,2026-10-09 14:19:25.764000+00:00,Zürich,rail,ch:1:sloid:3000,Zürich HB,ch:1:sloid:3000:502:42,2026-10-09,ch:1:sjyid:100001:18662-001,rail,S-Bahn,S6,S6,18662,Uetikon,Baden,41/42,,2026-10-09 14:31:00+00:00,2026-10-09 14:31:42+00:00,,True,0.7,2026-10-09 16:19:25.764000+02:00,2026-10-09 16:31:00+02:00,2026-10-09 16:31:42+02:00,2026-10-09,16,Friday,False,11.5706
20261009_141925,2026-10-09 14:19:25.764000+00:00,Zürich,rail,ch:1:sloid:3000,Zürich HB,ch:1:sloid:3000:501:34,2026-10-09,ch:1:sjyid:100001:1527-001,rail,InterCity,IC5,IC5,1527,Zürich HB,St. Gallen,34,,2026-10-09 14:32:00+00:00,2026-10-09 14:32:30+00:00,,True,0.5,2026-10-09 16:19:25.764000+02:00,2026-10-09 16:32:00+02:00,2026-10-09 16:32:30+02:00,2026-10-09,16,Friday,False,12.5706
20261009_141925,2026-10-09 14:19:25.764000+00:00,Zürich,rail,ch:1:sloid:3000,Zürich HB,ch:1:sloid:3000:500:32,2026-10-09,ch:1:sjyid:100001:726-001,rail,InterCity,IC1,IC1,726,St. Gallen,Genève-Aéroport,32,,2026-10-09 14:32:00+00:00,2026-10-09 14:32:30+00:00,,True,0.5,2026-10-09 16:19:25.764000+02:00,2026-10-09 16:32:00+02:00,2026-10-09 16:32:30+02:00,2026-10-09,16,Friday,False,12.5706
20261009_141925,2026-10-09 14:19:25.764000+00:00,Zürich,rail,ch:1:sloid:3000,Zürich HB,ch:1:sloid:3000:5:8,2026-10-09,ch:1:sjyid:100001:1479-001,rail,InterCity,IC2,IC2,1479,Zürich HB,Chiasso,8,,2026-10-09 14:33:00+00:00,2026-10-09 14:33:30+00:00,,True,0.5,2026-10-09 16:19:25.764000+02:00,2026-10-09 16:33:00+02:00,2026-10-09 16:33:30+02:00,2026-10-09,16,Friday,False,13.5706
20261009_141925,2026-10-09 14:19:25.764000+00:00,Zürich,rail,ch:1:sloid:3000,Zürich HB,ch:1:sloid:3000:7:12,2026-10-09,ch:1:sjyid:100001:576-001,rail,InterCity,IC3,IC3,576,Chur,Basel SBB,12,,2026-10-09 14:34:00+00:00,2026-10-09 14:34:30+00:00,,True,0.5,2026-10-09 16:19:25.764000+02:00,2026-10-09 16:34:00+02:00,2026-10-09 16:34:30+02:00,2026-10-09,16,Friday,False,14.5706
20261009_141925,2026-10-09 14:19:25.764000+00:00,Zürich,rail,ch:1:sloid:3000,Zürich HB,ch:1:sloid:3000:503:43,2026-10-09,ch:1:sjyid:100001:18363-001,rail,S-Bahn,S3,S3,18363,Zürich Hardbrücke,Wetzikon ZH,43/44,,2026-10-09 14:34:00+00:00,2026-10-09 14:34:54+00:00,,True,0.9,2026-10-09 16:19:25.764000+02:00,2026-10-09 16:34:00+02:00,2026-10-09 16:34:54+02:00,2026-10-09,16,Friday,False,14.5706
20261009_141925,2026-10-09 14:19:25.764000+00:00,Zürich,rail,ch:1:sloid:3000,Zürich HB,ch:1:sloid:3000:6:11,2026-10-09,ch:1:sjyid:100001:2127-001,rail,InterRegio,IR75,IR75,2127,Luzern,Konstanz,11,,2026-10-09 14:34:00+00:00,2026-10-09 14:34:30+00:00,,True,0.5,2026-10-09 16:19:25.764000+02:00,2026-10-09 16:34:00+02:00,2026-10-09 16:34:30+02:00,2026-10-09,16,Friday,False,14.5706
20261009_141925,2026-10-09 14:19:25.764000+00:00,Zürich,rail,ch:1:sloid:3000,Zürich HB,ch:1:sloid:3000:4:6,2026-10-09,ch:1:sjyid:100001:2126-001,rail,InterRegio,IR75,IR75,2126,Konstanz,Luzern,6,,2026-10-09 14:35:00+00:00,2026-10-09 14:36:00+00:00,,True,1.0,2026-10-09 16:19:25.764000+02:00,2026-10-09 16:35:00+02:00,2026-10-09 16:36:00+02:00,2026-10-09,16,Friday,False,15.5706
20261009_141925,2026-10-09 14:19:25.764000+00:00,Zürich,rail,ch:1:sloid:3000,Zürich HB,ch:1:sloid:3000:9:16,2026-10-09,ch:1:sjyid:100001:1978-001,rail,InterRegio,IR36,IR36,1978,Zürich HB,Basel SBB,16,,2026-10-09 14:36:00+00:00,2026-10-09 14:36:30+00:00,,True,0.5,2026-10-09 16:19:25.764000+02:00,2026-10-09 16:36:00+02:00,2026-10-09 16:36:30+02:00,2026-10-09,16,Friday,False,16.5706
20261009_141925,2026-10-09 14:19:25.764000+00:00,Zürich,rail,ch:1:sloid:3000,Zürich HB,ch:1:sloid:3000:501:33,2026-10-09,ch:1:sjyid:100001:723-001,rail,InterCity,IC1,IC1,723,Genève-Aéroport,St. Gallen,33,,2026-10-09 14:37:00+00:00,2026-10-09 14:39:54+00:00,,True,2.9,2026-10-09 16:19:25.764000+02:00,2026-10-09 16:37:00+02:00,2026-10-09 16:39:54+02:00,2026-10-09,16,Friday,False,17.570600000000002
20261009_141925,2026-10-09 14:19:25.764000+00:00,Zürich,rail,ch:1:sloid:3000,Zürich HB,ch:1:sloid:3000:500:32,2026-10-09,ch:1:sjyid:100001:18863-001,rail,S-Bahn,S8,S8,18863,Winterthur,Wädenswil,32,,2026-10-09 14:37:00+00:00,2026-10-09 14:37:36+00:00,,True,0.6,2026-10-09 16:19:25.764000+02:00,2026-10-09 16:37:00+02:00,2026-10-09 16:37:36+02:00,2026-10-09,16,Friday,False,17.570600000000002
20261009_141925,2026-10-09 14:19:25.764000+00:00,Zürich,rail,ch:1:sloid:3000,Zürich HB,ch:1:sloid:3000:502:42,2026-10-09,ch:1:sjyid:100001:18962-001,rail,S-Bahn,S9,S9,18962,Uster,Schaffhausen,41/42,,2026-10-09 14:37:00+00:00,2026-10-09 14:37:18+00:00,,True,0.3,2026-10-09 16:19:25.764000+02:00,2026-10-09 16:37:00+02:00,2026-10-09 16:37:18+02:00,2026-10-09,16,Friday,False,17.570600000000002
20261009_141925,2026-10-09 14:19:25.764000+00:00,Zürich,rail,ch:1:sloid:3000,Zürich HB,ch:1:sloid:3000:3:5,2026-10-09,ch:1:sjyid:100001:184-001,rail,InterCity,IC,IC,184,Zürich HB,Stuttgart Hbf,5,,2026-10-09 14:37:00+00:00,2026-10-09 14:37:30+00:00,,True,0.5,2026-10-09 16:19:25.764000+02:00,2026-10-09 16:37:00+02:00,2026-10-09 16:37:30+02:00,2026-10-09,16,Friday,False,17.570600000000002
20261009_141925,2026-10-09 14:19:25.764000+00:00,Zürich,rail,ch:1:sloid:3000,Zürich HB,ch:1:sloid:3000:8:15,2026-10-09,ch:1:sjyid:100001:4828-001,rail,RegioExpress,RE37,RE37,4828,Zürich HB,Aarau,15,,2026-10-09 14:38:00+00:00,2026-10-09 14:48:12+00:00,,True,10.2,2026-10-09 16:19:25.764000+02:00,2026-10-09 16:38:00+02:00,2026-10-09 16:48:12+02:00,2026-10-09,16,Friday,False,18.570600000000002
20261009_141925,2026-10-09 14:19:25.764000+00:00,Zürich,rail,ch:1:sloid:3000,Zürich HB,ch:1:sloid:3000:4:7,2026-10-09,ch:1:sjyid:100001:577-001,rail,InterCity,IC3,IC3,577,Zürich HB,Chur,7,,2026-10-09 14:38:00+00:00,2026-10-09 14:38:30+00:00,,True,0.5,2026-10-09 16:19:25.764000+02:00,2026-10-09 16:38:00+02:00,2026-10-09 16:38:30+02:00,2026-10-09,16,Friday,False,18.570600000000002
20261009_141925,2026-10-09 14:19:25.764000+00:00,Zürich,rail,ch:1:sloid:3000,Zürich HB,ch:1:sloid:3000:503:43,2026-10-09,ch:1:sjyid:100001:19563-001,rail,S-Bahn,S15,S15,19563,Niederweningen,Rüti ZH,43/44,,2026-10-09 14:39:00+00:00,2026-10-09 14:40:12+00:00,,True,1.2,2026-10-09 16:19:25.764000+02:00,2026-10-09 16:39:00+02:00,2026-10-09 16:40:12+02:00,2026-10-09,16,Friday,False,19.570600000000002
20261009_141925,2026-10-09 14:19:26.646000+00:00,Bern,rail,ch:1:sloid:7000,Bern,ch:1:sloid:7000:500:21,2026-10-09,ch:1:sjyid:100066:SKI-1163,rail,RegioExpress,RE5,RE5,1163,Bern,Solothurn,21,,2026-10-09 14:20:00+00:00,2026-10-09 14:20:00+00:00,,True,0.0,2026-10-09 16:19:26.646000+02:00,2026-10-09 16:20:00+02:00,2026-10-09 16:20:00+02:00,2026-10-09,16,Friday,False,0.5559
20261009_141925,2026-10-09 14:19:26.646000+00:00,Bern,rail,ch:1:sloid:7000,Bern,ch:1:sloid:7000:6:13,2026-10-09,ch:1:sjyid:100015:15459-001,rail,S-Bahn,S4,S4,15459,Thun,Langnau i.E.,13,,2026-10-09 14:20:00+00:00,2026-10-09 14:20:12+00:00,,True,0.2,2026-10-09 16:19:26.646000+02:00,2026-10-09 16:20:00+02:00,2026-10-09 16:20:12+02:00,2026-10-09,16,Friday,False,0.5559
20261009_141925,2026-10-09 14:19:26.646000+00:00,Bern,rail,ch:1:sloid:7000,Bern,ch:1:sloid:7000:1:1,2026-10-09,ch:1:sjyid:100015:15260-001,rail,S-Bahn,S2,S2,15260,Langnau i.E.,Laupen BE,1A-D,,2026-10-09 14:21:00+00:00,2026-10-09 14:21:24+00:00,,True,0.4,2026-10-09 16:19:26.646000+02:00,2026-10-09 16:21:00+02:00,2026-10-09 16:21:24+02:00,2026-10-09,16,Friday,False,1.5559
20261009_141925,2026-10-09 14:19:26.646000+00:00,Bern,rail,ch:1:sloid:7000,Bern,ch:1:sloid:7000:501:23,2026-10-09,ch:1:sjyid:100066:SKI-8163,rail,S-Bahn,S8,S8,8163,Bern,Jegenstorf,23,,2026-10-09 14:24:00+00:00,2026-10-09 14:24:00+00:00,,True,0.0,2026-10-09 16:19:26.646000+02:00,2026-10-09 16:24:00+02:00,2026-10-09 16:24:00+02:00,2026-10-09,16,Friday,False,4.555899999999999
20261009_141925,2026-10-09 14:19:26.646000+00:00,Bern,rail,ch:1:sloid:7000,Bern,ch:1:sloid:7000:501:24,2026-10-09,ch:1:sjyid:100066:SKI-7165,rail,S-Bahn,S7,S7,7165,Bern,Worb Dorf,24,,2026-10-09 14:30:00+00:00,2026-10-09 14:30:00+00:00,,True,0.0,2026-10-09 16:19:26.646000+02:00,2026-10-09 16:30:00+02:00,2026-10-09 16:30:00+02:00,2026-10-09,16,Friday,False,10.555900000000001
20261009_141925,2026-10-09 14:19:26.646000+00:00,Bern,rail,ch:1:sloid:7000,Bern,ch:1:sloid:7000:5:10,2026-10-09,ch:1:sjyid:100015:15363-001,rail,S-Bahn,S3,S3,15363,Belp,Biel/Bienne,10,,2026-10-09 14:30:00+00:00,2026-10-09 14:30:30+00:00,,True,0.5,2026-10-09 16:19:26.646000+02:00,2026-10-09 16:30:00+02:00,2026-10-09 16:30:30+02:00,2026-10-09,16,Friday,False,10.555900000000001
20261009_141925,2026-10-09 14:19:26.646000+00:00,Bern,rail,ch:1:sloid:7000,Bern,ch:1:sloid:7000:4:8,2026-10-09,ch:1:sjyid:100001:725-001,rail,InterCity,IC1,IC1,725,Genève-Aéroport,St. Gallen,8,,2026-10-09 14:31:00+00:00,2026-10-09 14:31:36+00:00,,True,0.6,2026-10-09 16:19:26.646000+02:00,2026-10-09 16:31:00+02:00,2026-10-09 16:31:36+02:00,2026-10-09,16,Friday,False,11.555900000000001
20261009_141925,2026-10-09 14:19:26.646000+00:00,Bern,rail,ch:1:sloid:7000,Bern,ch:1:sloid:7000:500:22,2026-10-09,ch:1:sjyid:100066:SKI-9165,rail,S-Bahn,S9,S9,9165,Bern,Unterzollikofen,22,,2026-10-09 14:31:00+00:00,2026-10-09 14:31:00+00:00,,True,0.0,2026-10-09 16:19:26.646000+02:00,2026-10-09 16:31:00+02:00,2026-10-09 16:31:00+02:00,2026-10-09,16,Friday,False,11.555900000000001
20261009_141925,2026-10-09 14:19:26.646000+00:00,Bern,rail,ch:1:sloid:7000,Bern,ch:1:sloid:7000:1:1,2026-10-09,ch:1:sjyid:100015:15360-001,rail,S-Bahn,S3,S3,15360,Biel/Bienne,Belp,1A-D,,2026-10-09 14:32:00+00:00,2026-10-09 14:32:12+00:00,,True,0.2,2026-10-09 16:19:26.646000+02:00,2026-10-09 16:32:00+02:00,2026-10-09 16:32:12+02:00,2026-10-09,16,Friday,False,12.555900000000001
20261009_141925,2026-10-09 14:19:26.646000+00:00,Bern,rail,ch:1:sloid:7000,Bern,ch:1:sloid:7000:3:5,2026-10-09,ch:1:sjyid:100001:626-001,rail,InterCity,IC6,IC6,626,Brig,Basel SBB,5,,2026-10-09 14:33:00+00:00,2026-10-09 14:34:00+00:00,,True,1.0,2026-10-09 16:19:26.646000+02:00,2026-10-09 16:33:00+02:00,2026-10-09 16:34:00+02:00,2026-10-09,16,Friday,False,13.555900000000001
20261009_141925,2026-10-09 14:19:26.646000+00:00,Bern,rail,ch:1:sloid:7000,Bern,ch:1:sloid:7000:3:6,2026-10-09,ch:1:sjyid:100001:724-001,rail,InterCity,IC1,IC1,724,St. Gallen,Genève-Aéroport,6,,2026-10-09 14:34:00+00:00,2026-10-09 14:34:36+00:00,,True,0.6,2026-10-09 16:19:26.646000+02:00,2026-10-09 16:34:00+02:00,2026-10-09 16:34:36+02:00,2026-10-09,16,Friday,False,14.555900000000001
20261009_141925,2026-10-09 14:19:26.646000+00:00,Bern,rail,ch:1:sloid:7000,Bern,ch:1:sloid:7000_gen:ch:1:sloid:7000:6:33_pf:13D-F,2026-10-09,ch:1:sjyid:100015:16262-002,rail,S-Bahn,S52,S52,16262,Bern,Ins/Murten/Morat,13D-F,,2026-10-09 14:34:00+00:00,2026-10-09 14:34:12+00:00,,True,0.2,2026-10-09 16:19:26.646000+02:00,2026-10-09 16:34:00+02:00,2026-10-09 16:34:12+02:00,2026-10-09,16,Friday,False,14.555900000000001
20261009_141925,2026-10-09 14:19:26.646000+00:00,Bern,rail,ch:1:sloid:7000,Bern,ch:1:sloid:7000:4:7,2026-10-09,ch:1:sjyid:100001:627-002,rail,InterCity,IC61,IC61,627,Basel SBB,Interlaken Ost,7,,2026-10-09 14:34:00+00:00,2026-10-09 14:34:42+00:00,,True,0.7,2026-10-09 16:19:26.646000+02:00,2026-10-09 16:34:00+02:00,2026-10-09 16:34:42+02:00,2026-10-09,16,Friday,False,14.555900000000001
20261009_141925,2026-10-09 14:19:26.646000+00:00,Bern,rail,ch:1:sloid:7000,Bern,ch:1:sloid:7000:500:21,2026-10-09,ch:1:sjyid:100066:SKI-1165,rail,RegioExpress,RE5,RE5,1165,Bern,Solothurn,21,,2026-10-09 14:35:00+00:00,2026-10-09 14:35:00+00:00,,True,0.0,2026-10-09 16:19:26.646000+02:00,2026-10-09 16:35:00+02:00,2026-10-09 16:35:00+02:00,2026-10-09,16,Friday,False,15.555900000000001
20261009_141925,2026-10-09 14:19:26.646000+00:00,Bern,rail,ch:1:sloid:7000,Bern,ch:1:sloid:7000:6:12,2026-10-09,ch:1:sjyid:100001:2181-001,rail,InterRegio,IR16,IR16,2181,Bern,Zürich HB,12,,2026-10-09 14:36:00+00:00,2026-10-09 14:37:00+00:00,,True,1.0,2026-10-09 16:19:26.646000+02:00,2026-10-09 16:36:00+02:00,2026-10-09 16:37:00+02:00,2026-10-09,16,Friday,False,16.5559
20261009_141925,2026-10-09 14:19:26.646000+00:00,Bern,rail,ch:1:sloid:7000,Bern,ch:1:sloid:7000_gen:ch:1:sloid:7000:6:13_pf:13AB,2026-10-09,ch:1:sjyid:100015:15662-001,rail,S-Bahn,S6,S6,15662,Bern,Schwarzenburg,13AB,,2026-10-09 14:36:00+00:00,2026-10-09 14:36:12+00:00,,True,0.2,2026-10-09 16:19:26.646000+02:00,2026-10-09 16:36:00+02:00,2026-10-09 16:36:12+02:00,2026-10-09,16,Friday,False,16.5559
20261009_141925,2026-10-09 14:19:26.646000+00:00,Bern,rail,ch:1:sloid:7000,Bern,ch:1:sloid:7000:0:349752,2026-10-09,ch:1:sjyid:100015:4379-001,rail,RegioExpress,RE7,RE7,4379,Bern,Luzern,2A-D,,2026-10-09 14:36:00+00:00,2026-10-09 14:37:00+00:00,,True,1.0,2026-10-09 16:19:26.646000+02:00,2026-10-09 16:36:00+02:00,2026-10-09 16:37:00+02:00,2026-10-09,16,Friday,False,16.5559
20261009_141925,2026-10-09 14:19:26.646000+00:00,Bern,rail,ch:1:sloid:7000,Bern,ch:1:sloid:7000:501:23,2026-10-09,ch:1:sjyid:100066:SKI-7665,rail,S-Bahn,S7,S7,7665,Bern,Bolligen,23,,2026-10-09 14:37:00+00:00,2026-10-09 14:37:00+00:00,,True,0.0,2026-10-09 16:19:26.646000+02:00,2026-10-09 16:37:00+02:00,2026-10-09 16:37:00+02:00,2026-10-09,16,Friday,False,17.5559
20261009_141925,2026-10-09 14:19:26.646000+00:00,Bern,rail,ch:1:sloid:7000,Bern,ch:1:sloid:7000:55:50,2026-10-09,ch:1:sjyid:100001:2379-001,rail,InterRegio,IR35,IR35,2379,Bern,Chur,50,,2026-10-09 14:38:00+00:00,2026-10-09 14:38:00+00:00,,True,0.0,2026-10-09 16:19:26.646000+02:00,2026-10-09 16:38:00+02:00,2026-10-09 16:38:00+02:00,2026-10-09,16,Friday,False,18.5559
20261009_141925,2026-10-09 14:19:26.646000+00:00,Bern,rail,ch:1:sloid:7000,Bern,ch:1:sloid:7000:5:9,2026-10-09,ch:1:sjyid:100015:4179-001,rail,RegioExpress,RE1,RE1,4179,Bern,Domodossola (I)/Zweisimmen,9,,2026-10-09 14:39:00+00:00,2026-10-09 14:39:30+00:00,,True,0.5,2026-10-09 16:19:26.646000+02:00,2026-10-09 16:39:00+02:00,2026-10-09 16:39:30+02:00,2026-10-09,16,Friday,False,19.5559
20261009_141925,2026-10-09 14:19:26.646000+00:00,Bern,rail,ch:1:sloid:7000,Bern,ch:1:sloid:7000:501:24,2026-10-09,ch:1:sjyid:100066:SKI-8165,rail,S-Bahn,S8,S8,8165,Bern,Bätterkinden,24,,2026-10-09 14:39:00+00:00,2026-10-09 14:39:00+00:00,,True,0.0,2026-10-09 16:19:26.646000+02:00,2026-10-09 16:39:00+02:00,2026-10-09 16:39:00+02:00,2026-10-09,16,Friday,False,19.5559
20261009_141925,2026-10-09 14:19:26.646000+00:00,Bern,rail,ch:1:sloid:7000,Bern,ch:1:sloid:7000:55:49,2026-10-09,ch:1:sjyid:100015:3363-001,rail,InterRegio,IR65,IR65,3363,Bern,Biel/Bienne,49,,2026-10-09 14:42:00+00:00,2026-10-09 14:42:12+00:00,,True,0.2,2026-10-09 16:19:26.646000+02:00,2026-10-09 16:42:00+02:00,2026-10-09 16:42:12+02:00,2026-10-09,16,Friday,False,22.5559
20261009_141925,2026-10-09 14:19:26.646000+00:00,Bern,rail,ch:1:sloid:7000,Bern,ch:1:sloid:7000_gen:ch:1:sloid:7000:0:1752_pf:5E-H,2026-10-09,ch:1:sjyid:100015:15458-001,rail,S-Bahn,S4,S4,15458,Langnau i.E.,Thun,5E-H,,2026-10-09 14:42:00+00:00,2026-10-09 14:42:42+00:00,,True,0.7,2026-10-09 16:19:26.646000+02:00,2026-10-09 16:42:00+02:00,2026-10-09 16:42:42+02:00,2026-10-09,16,Friday,False,22.5559
20261009_141925,2026-10-09 14:19:26.646000+00:00,Bern,rail,ch:1:sloid:7000,Bern,ch:1:sloid:7000_gen:ch:1:sloid:7000:6:13_pf:13AB,2026-10-09,ch:1:sjyid:100015:15263-001,rail,S-Bahn,S2,S2,15263,Laupen BE,Langnau i.E.,13AB,,2026-10-09 14:42:00+00:00,2026-10-09 14:42:12+00:00,,True,0.2,2026-10-09 16:19:26.646000+02:00,2026-10-09 16:42:00+02:00,2026-10-09 16:42:12+02:00,2026-10-09,16,Friday,False,22.5559
20261009_141925,2026-10-09 14:19:26.646000+00:00,Bern,rail,ch:1:sloid:7000,Bern,ch:1:sloid:7000_gen:ch:1:sloid:7000:1:21_pf:1E-H,2026-10-09,ch:1:sjyid:100015:15160-001,rail,S-Bahn,S1,S1,15160,Thun,Fribourg/Freiburg,1E-H,,2026-10-09 14:45:00+00:00,2026-10-09 14:45:12+00:00,,True,0.2,2026-10-09 16:19:26.646000+02:00,2026-10-09 16:45:00+02:00,2026-10-09 16:45:12+02:00,2026-10-09,16,Friday,False,25.5559
20261009_141925,2026-10-09 14:19:26.646000+00:00,Bern,rail,ch:1:sloid:7000,Bern,ch:1:sloid:7000:501:23,2026-10-09,ch:1:sjyid:100066:SKI-7167,rail,S-Bahn,S7,S7,7167,Bern,Worb Dorf,23,,2026-10-09 14:45:00+00:00,2026-10-09 14:45:00+00:00,,True,0.0,2026-10-09 16:19:26.646000+02:00,2026-10-09 16:45:00+02:00,2026-10-09 16:45:00+02:00,2026-10-09,16,Friday,False,25.5559
20261009_141925,2026-10-09 14:19:26.646000+00:00,Bern,rail,ch:1:sloid:7000,Bern,ch:1:sloid:7000:500:22,2026-10-09,ch:1:sjyid:100066:SKI-9167,rail,S-Bahn,S9,S9,9167,Bern,Unterzollikofen,22,,2026-10-09 14:46:00+00:00,2026-10-09 14:46:00+00:00,,True,0.0,2026-10-09 16:19:26.646000+02:00,2026-10-09 16:46:00+02:00,2026-10-09 16:46:00+02:00,2026-10-09,16,Friday,False,26.5559
20261009_141925,2026-10-09 14:19:26.646000+00:00,Bern,rail,ch:1:sloid:7000,Bern,ch:1:sloid:7000_gen:ch:1:sloid:7000:6:33_pf:13D-F,2026-10-09,ch:1:sjyid:100015:16363-002,rail,S-Bahn,S31,S31,16363,Wabern bei Bern,Biel/Bienne,13D-F,,2026-10-09 14:46:00+00:00,2026-10-09 14:46:12+00:00,,True,0.2,2026-10-09 16:19:26.646000+02:00,2026-10-09 16:46:00+02:00,2026-10-09 16:46:12+02:00,2026-10-09,16,Friday,False,26.5559
20261009_141925,2026-10-09 14:19:26.646000+00:00,Bern,rail,ch:1:sloid:7000,Bern,ch:1:sloid:7000_gen:ch:1:sloid:7000:3:5_pf:5A-C,2026-10-09,ch:1:sjyid:100015:16360-002,rail,S-Bahn,S31,S31,16360,Biel/Bienne,Wabern bei Bern,5A-C,,2026-10-09 14:47:00+00:00,2026-10-09 14:47:12+00:00,,True,0.2,2026-10-09 16:19:26.646000+02:00,2026-10-09 16:47:00+02:00,2026-10-09 16:47:12+02:00,2026-10-09,16,Friday,False,27.5559
20261009_141925,2026-10-09 14:19:26.646000+00:00,Bern,rail,ch:1:sloid:7000,Bern,ch:1:sloid:7000:5:10,2026-10-09,ch:1:sjyid:100015:15161-001,rail,S-Bahn,S1,S1,15161,Fribourg/Freiburg,Thun,10,,2026-10-09 14:47:00+00:00,2026-10-09 14:47:30+00:00,,True,0.5,2026-10-09 16:19:26.646000+02:00,2026-10-09 16:47:00+02:00,2026-10-09 16:47:30+02:00,2026-10-09,16,Friday,False,27.5559
20261009_141925,2026-10-09 14:19:27.157000+00:00,Basel,rail,ch:1:sloid:10,Basel SBB,ch:1:sloid:10:6:12,2026-10-09,ch:1:sjyid:100001:17161-001,rail,S-Bahn,S1,S1,17161,Basel SBB,Frick,12,,2026-10-09 14:19:00+00:00,2026-10-09 14:19:12+00:00,,True,0.2,2026-10-09 16:19:27.157000+02:00,2026-10-09 16:19:00+02:00,2026-10-09 16:19:12+02:00,2026-10-09,16,Friday,False,-0.45261666666666667
20261009_141925,2026-10-09 14:19:27.157000+00:00,Basel,rail,ch:1:sloid:10,Basel SBB,ch:1:sloid:10:21:31,2026-10-09,ch:1:sjyid:100001:96262-001,rail,Train Express Regional,TER,TER,96262,Basel SBB,Strasbourg,31,,2026-10-09 14:21:00+00:00,2026-10-09 14:21:30+00:00,,True,0.5,2026-10-09 16:19:27.157000+02:00,2026-10-09 16:21:00+02:00,2026-10-09 16:21:30+02:00,2026-10-09,16,Friday,False,1.5473833333333333
20261009_141925,2026-10-09 14:19:27.157000+00:00,Basel,rail,ch:1:sloid:10,Basel SBB,ch:1:sloid:10:1:1,2026-10-09,ch:1:sjyid:100001:17063-001,rail,S-Bahn,S11,S11,17063,Basel SBB,Stein-Säckingen,1,,2026-10-09 14:26:00+00:00,2026-10-09 14:26:12+00:00,,True,0.2,2026-10-09 16:19:27.157000+02:00,2026-10-09 16:26:00+02:00,2026-10-09 16:26:12+02:00,2026-10-09,16,Friday,False,6.547383333333333
20261009_141925,2026-10-09 14:19:27.157000+00:00,Basel,rail,ch:1:sloid:10,Basel SBB,ch:1:sloid:10:0:19,2026-10-09,ch:1:sjyid:100001:17359-001,rail,S-Bahn,S3,S3,17359,Laufen,Olten,19A-D,,2026-10-09 14:30:00+00:00,2026-10-09 14:30:12+00:00,,True,0.2,2026-10-09 16:19:27.157000+02:00,2026-10-09 16:30:00+02:00,2026-10-09 16:30:12+02:00,2026-10-09,16,Friday,False,10.547383333333332
20261009_141925,2026-10-09 14:19:27.157000+00:00,Basel,rail,ch:1:sloid:10,Basel SBB,ch:1:sloid:10:4:8,2026-10-09,ch:1:sjyid:100001:629-001,rail,InterCity,IC6,IC6,629,Basel SBB,Brig,8,,2026-10-09 14:30:00+00:00,2026-10-09 14:30:42+00:00,,True,0.7,2026-10-09 16:19:27.157000+02:00,2026-10-09 16:30:00+02:00,2026-10-09 16:30:42+02:00,2026-10-09,16,Friday,False,10.547383333333332
20261009_141925,2026-10-09 14:19:27.157000+00:00,Basel,rail,ch:1:sloid:10,Basel SBB,ch:1:sloid:10:2:3,2026-10-09,ch:1:sjyid:100001:5334-001,rail,RegioExpress,RE7,RE7,5334,Basel SBB,Offenburg,3,,2026-10-09 14:32:00+00:00,2026-10-09 14:32:18+00:00,,True,0.3,2026-10-09 16:19:27.157000+02:00,2026-10-09 16:32:00+02:00,2026-10-09 16:32:18+02:00,2026-10-09,16,Friday,False,12.547383333333332
20261009_141925,2026-10-09 14:19:27.157000+00:00,Basel,rail,ch:1:sloid:10,Basel SBB,ch:1:sloid:10:0:20,2026-10-09,ch:1:sjyid:100001:1630-001,rail,InterCity,IC51,IC51,1630,Basel SBB,Yverdon-les-Bains,20,,2026-10-09 14:32:00+00:00,2026-10-09 14:32:42+00:00,,True,0.7,2026-10-09 16:19:27.157000+02:00,2026-10-09 16:32:00+02:00,2026-10-09 16:32:42+02:00,2026-10-09,16,Friday,False,12.547383333333332
20261009_141925,2026-10-09 14:19:27.157000+00:00,Basel,rail,ch:1:sloid:10,Basel SBB,ch:1:sloid:10:2:4,2026-10-09,ch:1:sjyid:100001:579-001,rail,InterCity,IC3,IC3,579,Basel SBB,Chur,4,,2026-10-09 14:33:00+00:00,2026-10-09 14:33:48+00:00,,True,0.8,2026-10-09 16:19:27.157000+02:00,2026-10-09 16:33:00+02:00,2026-10-09 16:33:48+02:00,2026-10-09,16,Friday,False,13.547383333333332
20261009_141925,2026-10-09 14:19:27.157000+00:00,Basel,rail,ch:1:sloid:10,Basel SBB,ch:1:sloid:10:3:6,2026-10-09,ch:1:sjyid:100001:9226-001,rail,Train à grande vit.,TGV,TGV,9226,Zürich HB,Paris Gare de Lyon,6,,2026-10-09 14:34:00+00:00,2026-10-09 14:34:48+00:00,,True,0.8,2026-10-09 16:19:27.157000+02:00,2026-10-09 16:34:00+02:00,2026-10-09 16:34:48+02:00,2026-10-09,16,Friday,False,14.547383333333332
20261009_141925,2026-10-09 14:19:27.157000+00:00,Basel,rail,ch:1:sloid:10,Basel SBB,ch:1:sloid:10:1:2,2026-10-09,ch:1:sjyid:100308:87846-001,rail,S-Bahn,S6,S6,87846,Basel SBB,Zell (Wiesental),2,,2026-10-09 14:35:00+00:00,2026-10-09 14:35:12+00:00,,True,0.2,2026-10-09 16:19:27.157000+02:00,2026-10-09 16:35:00+02:00,2026-10-09 16:35:12+02:00,2026-10-09,16,Friday,False,15.547383333333332
20261009_141925,2026-10-09 14:19:27.157000+00:00,Basel,rail,ch:1:sloid:10,Basel SBB,ch:1:sloid:10:3:5,2026-10-09,ch:1:sjyid:100001:2079-001,rail,InterRegio,IR36,IR36,2079,Basel SBB,Zürich Flughafen,5,,2026-10-09 14:36:00+00:00,2026-10-09 14:36:42+00:00,,True,0.7,2026-10-09 16:19:27.157000+02:00,2026-10-09 16:36:00+02:00,2026-10-09 16:36:42+02:00,2026-10-09,16,Friday,False,16.547383333333332
20261009_141925,2026-10-09 14:19:27.157000+00:00,Basel,rail,ch:1:sloid:10,Basel SBB,ch:1:sloid:10:22:33,2026-10-09,ch:1:sjyid:100001:96126-001,rail,Train Express Regional,TER,TER,96126,Basel SBB,Mulhouse,33,,2026-10-09 14:38:00+00:00,2026-10-09 14:38:18+00:00,,True,0.3,2026-10-09 16:19:27.157000+02:00,2026-10-09 16:38:00+02:00,2026-10-09 16:38:18+02:00,2026-10-09,16,Friday,False,18.547383333333336
20261009_141925,2026-10-09 14:19:27.157000+00:00,Basel,rail,ch:1:sloid:10,Basel SBB,ch:1:sloid:10:8:16,2026-10-09,ch:1:sjyid:100001:17358-001,rail,S-Bahn,S3,S3,17358,Olten,Laufen,16,,2026-10-09 14:38:00+00:00,2026-10-09 14:38:12+00:00,,True,0.2,2026-10-09 16:19:27.157000+02:00,2026-10-09 16:38:00+02:00,2026-10-09 16:38:12+02:00,2026-10-09,16,Friday,False,18.547383333333336
20261009_141925,2026-10-09 14:19:27.157000+00:00,Basel,rail,ch:1:sloid:10,Basel SBB,ch:1:sloid:10:5:9,2026-10-09,ch:1:sjyid:100001:2279-001,rail,InterRegio,IR37,IR37,2279,Basel SBB,Zürich HB,9,,2026-10-09 14:43:00+00:00,2026-10-09 14:43:48+00:00,,True,0.8,2026-10-09 16:19:27.157000+02:00,2026-10-09 16:43:00+02:00,2026-10-09 16:43:48+02:00,2026-10-09,16,Friday,False,23.547383333333336
20261009_141925,2026-10-09 14:19:27.157000+00:00,Basel,rail,ch:1:sloid:10,Basel SBB,ch:1:sloid:10:7:15,2026-10-09,ch:1:sjyid:100001:17561-002,rail,S-Bahn,S33,S33,17561,Basel SBB,Sissach,15,,2026-10-09 14:45:00+00:00,2026-10-09 14:45:30+00:00,,True,0.5,2026-10-09 16:19:27.157000+02:00,2026-10-09 16:45:00+02:00,2026-10-09 16:45:30+02:00,2026-10-09,16,Friday,False,25.547383333333336
20261009_141925,2026-10-09 14:19:27.157000+00:00,Basel,rail,ch:1:sloid:10,Basel SBB,ch:1:sloid:10:5:10,2026-10-09,ch:1:sjyid:100001:70-001,rail,InterCityExpress,ICE,ICE,70,Basel SBB,Hamburg Hbf,10,,2026-10-09 14:46:00+00:00,2026-10-09 14:46:42+00:00,,True,0.7,2026-10-09 16:19:27.157000+02:00,2026-10-09 16:46:00+02:00,2026-10-09 16:46:42+02:00,2026-10-09,16,Friday,False,26.547383333333336
20261009_141925,2026-10-09 14:19:27.157000+00:00,Basel,rail,ch:1:sloid:10,Basel SBB,ch:1:sloid:10:6:12,2026-10-09,ch:1:sjyid:100001:17263-001,rail,S-Bahn,S1,S1,17263,Basel SBB,Laufenburg,12,,2026-10-09 14:49:00+00:00,2026-10-09 14:49:12+00:00,,True,0.2,2026-10-09 16:19:27.157000+02:00,2026-10-09 16:49:00+02:00,2026-10-09 16:49:12+02:00,2026-10-09,16,Friday,False,29.547383333333336
20261009_141925,2026-10-09 14:19:27.157000+00:00,Basel,rail,ch:1:sloid:10,Basel SBB,ch:1:sloid:10:1:1,2026-10-09,ch:1:sjyid:100001:17065-001,rail,S-Bahn,S11,S11,17065,Basel SBB,Stein-Säckingen,1,,2026-10-09 14:55:00+00:00,2026-10-09 14:55:12+00:00,,True,0.2,2026-10-09 16:19:27.157000+02:00,2026-10-09 16:55:00+02:00,2026-10-09 16:55:12+02:00,2026-10-09,16,Friday,False,35.54738333333333
20261009_141925,2026-10-09 14:19:27.157000+00:00,Basel,rail,ch:1:sloid:10,Basel SBB,ch:1:sloid:10:2:4,2026-10-09,ch:1:sjyid:100001:107-002,rail,InterCityExpress,ICE,ICE,107,Basel Bad Bf,Brig,4,,2026-10-09 14:58:00+00:00,2026-10-09 14:58:42+00:00,,True,0.7,2026-10-09 16:19:27.157000+02:00,2026-10-09 16:58:00+02:00,2026-10-09 16:58:42+02:00,2026-10-09,16,Friday,False,38.54738333333333
20261009_141925,2026-10-09 14:19:27.157000+00:00,Basel,rail,ch:1:sloid:10,Basel SBB,ch:1:sloid:10:0:19,2026-10-09,ch:1:sjyid:100001:17361-001,rail,S-Bahn,S3,S3,17361,Laufen,Olten,19A-D,,2026-10-09 15:00:00+00:00,2026-10-09 15:00:12+00:00,,True,0.2,2026-10-09 16:19:27.157000+02:00,2026-10-09 17:00:00+02:00,2026-10-09 17:00:12+02:00,2026-10-09,17,Friday,False,40.54738333333333
20261009_141925,2026-10-09 14:19:27.157000+00:00,Basel,rail,ch:1:sloid:10,Basel SBB,ch:1:sloid:10:0:20,2026-10-09,ch:1:sjyid:100015:1876-001,rail,InterRegio,IR56,IR56,1876,Basel SBB,Biel/Bienne,20,,2026-10-09 15:02:00+00:00,2026-10-09 15:02:12+00:00,,True,0.2,2026-10-09 16:19:27.157000+02:00,2026-10-09 17:02:00+02:00,2026-10-09 17:02:12+02:00,2026-10-09,17,Friday,False,42.54738333333333
20261009_141925,2026-10-09 14:19:27.157000+00:00,Basel,rail,ch:1:sloid:10,Basel SBB,ch:1:sloid:10:3:5,2026-10-09,ch:1:sjyid:100001:683-001,rail,InterCity,IC21,IC21,683,Basel SBB,Lugano,5,,2026-10-09 15:04:00+00:00,2026-10-09 15:04:42+00:00,,True,0.7,2026-10-09 16:19:27.157000+02:00,2026-10-09 17:04:00+02:00,2026-10-09 17:04:42+02:00,2026-10-09,17,Friday,False,44.54738333333333
20261009_141925,2026-10-09 14:19:27.157000+00:00,Basel,rail,ch:1:sloid:10,Basel SBB,ch:1:sloid:10:1:2,2026-10-09,ch:1:sjyid:100308:87848-001,rail,S-Bahn,S6,S6,87848,Basel SBB,Zell (Wiesental),2,,2026-10-09 15:06:00+00:00,2026-10-09 15:06:12+00:00,,True,0.2,2026-10-09 16:19:27.157000+02:00,2026-10-09 17:06:00+02:00,2026-10-09 17:06:12+02:00,2026-10-09,17,Friday,False,46.54738333333333
20261009_141925,2026-10-09 14:19:27.157000+00:00,Basel,rail,ch:1:sloid:10,Basel SBB,ch:1:sloid:10:6:11,2026-10-09,ch:1:sjyid:100001:1981-001,rail,InterRegio,IR36,IR36,1981,Basel SBB,Zürich HB,11,,2026-10-09 15:07:00+00:00,2026-10-09 15:07:42+00:00,,True,0.7,2026-10-09 16:19:27.157000+02:00,2026-10-09 17:07:00+02:00,2026-10-09 17:07:42+02:00,2026-10-09,17,Friday,False,47.54738333333333
20261009_141925,2026-10-09 14:19:27.157000+00:00,Basel,rail,ch:1:sloid:10,Basel SBB,ch:1:sloid:10:4:7,2026-10-09,ch:1:sjyid:100001:781-001,rail,InterCity,IC3,IC3,781,Basel SBB,Zürich HB,7,,2026-10-09 15:07:00+00:00,2026-10-09 15:07:48+00:00,,True,0.8,2026-10-09 16:19:27.157000+02:00,2026-10-09 17:07:00+02:00,2026-10-09 17:07:48+02:00,2026-10-09,17,Friday,False,47.54738333333333
20261009_141925,2026-10-09 14:19:27.157000+00:00,Basel,rail,ch:1:sloid:10,Basel SBB,ch:1:sloid:10:22:33,2026-10-09,ch:1:sjyid:100001:96128-001,rail,Train Express Regional,TER,TER,96128,Basel SBB,Mulhouse,33,,2026-10-09 15:08:00+00:00,2026-10-09 15:08:18+00:00,,True,0.3,2026-10-09 16:19:27.157000+02:00,2026-10-09 17:08:00+02:00,2026-10-09 17:08:18+02:00,2026-10-09,17,Friday,False,48.54738333333333
20261009_141925,2026-10-09 14:19:27.157000+00:00,Basel,rail,ch:1:sloid:10,Basel SBB,ch:1:sloid:10:8:16,2026-10-09,ch:1:sjyid:100001:17360-001,rail,S-Bahn,S3,S3,17360,Olten,Laufen,16,,2026-10-09 15:08:00+00:00,2026-10-09 15:08:12+00:00,,True,0.2,2026-10-09 16:19:27.157000+02:00,2026-10-09 17:08:00+02:00,2026-10-09 17:08:12+02:00,2026-10-09,17,Friday,False,48.54738333333333
20261009_141925,2026-10-09 14:19:27.157000+00:00,Basel,rail,ch:1:sloid:10,Basel SBB,ch:1:sloid:10_gen:ch:1:sloid:10:8:16_pf:16A-C,2026-10-09,ch:1:sjyid:100001:17084-001,rail,S-Bahn,S31,S31,17084,Basel SBB,Laufen,16A-C,,2026-10-09 15:14:00+00:00,2026-10-09 15:14:12+00:00,,True,0.2,2026-10-09 16:19:27.157000+02:00,2026-10-09 17:14:00+02:00,2026-10-09 17:14:12+02:00,2026-10-09,17,Friday,False,54.54738333333333
20261009_141925,2026-10-09 14:19:27.157000+00:00,Basel,rail,ch:1:sloid:10,Basel SBB,ch:1:sloid:10:7:14,2026-10-09,ch:1:sjyid:100001:17563-001,rail,S-Bahn,S33,S33,17563,Basel SBB,Liestal,14,,2026-10-09 15:15:00+00:00,2026-10-09 15:15:30+00:00,,True,0.5,2026-10-09 16:19:27.157000+02:00,2026-10-09 17:15:00+02:00,2026-10-09 17:15:30+02:00,2026-10-09,17,Friday,False,55.54738333333333
20261009_141925,2026-10-09 14:19:27.157000+00:00,Basel,rail,ch:1:sloid:10,Basel SBB,ch:1:sloid:10:2:3,2026-10-09,ch:1:sjyid:100001:2481-001,rail,InterRegio,IR27,IR27,2481,Basel SBB,Luzern,3,,2026-10-09 15:16:00+00:00,2026-10-09 15:16:42+00:00,,True,0.7,2026-10-09 16:19:27.157000+02:00,2026-10-09 17:16:00+02:00,2026-10-09 17:16:42+02:00,2026-10-09,17,Friday,False,56.54738333333333
20261009_141925,2026-10-09 14:19:27.585000+00:00,Luzern,rail,ch:1:sloid:5000,Luzern,ch:1:sloid:5000:6:13,2026-10-09,ch:1:sjyid:100064:22468-001,rail,S-Bahn,S41,S41,22468,Luzern,Horw,13,,2026-10-09 14:19:00+00:00,2026-10-09 14:19:12+00:00,,True,0.2,2026-10-09 16:19:27.585000+02:00,2026-10-09 16:19:00+02:00,2026-10-09 16:19:12+02:00,2026-10-09,16,Friday,False,-0.45975
20261009_141925,2026-10-09 14:19:27.585000+00:00,Luzern,rail,ch:1:sloid:5000,Luzern,ch:1:sloid:5000:5:10,2026-10-09,ch:1:sjyid:100001:21154-001,rail,S-Bahn,S1,S1,21154,Sursee,Baar,10,,2026-10-09 14:21:00+00:00,2026-10-09 14:22:00+00:00,,True,1.0,2026-10-09 16:19:27.585000+02:00,2026-10-09 16:21:00+02:00,2026-10-09 16:22:00+02:00,2026-10-09,16,Friday,False,1.5402500000000001
20261009_141925,2026-10-09 14:19:27.585000+00:00,Luzern,rail,ch:1:sloid:5000,Luzern,ch:1:sloid:5000:5:11,2026-10-09,ch:1:sjyid:100001:22960-001,rail,S-Bahn,S99,S99,22960,Luzern,Hochdorf,11,,2026-10-09 14:23:00+00:00,2026-10-09 14:24:00+00:00,,True,1.0,2026-10-09 16:19:27.585000+02:00,2026-10-09 16:23:00+02:00,2026-10-09 16:24:00+02:00,2026-10-09,16,Friday,False,3.54025
20261009_141925,2026-10-09 14:19:27.585000+00:00,Luzern,rail,ch:1:sloid:5000,Luzern,ch:1:sloid:5000:6:12,2026-10-09,ch:1:sjyid:100064:21462-001,rail,S-Bahn,S4,S4,21462,Luzern,Stansstad,12,,2026-10-09 14:27:00+00:00,2026-10-09 14:27:12+00:00,,True,0.2,2026-10-09 16:19:27.585000+02:00,2026-10-09 16:27:00+02:00,2026-10-09 16:27:12+02:00,2026-10-09,16,Friday,False,7.54025
20261009_141925,2026-10-09 14:19:27.585000+00:00,Luzern,rail,ch:1:sloid:5000,Luzern,ch:1:sloid:5000:3:6,2026-10-09,ch:1:sjyid:100001:2478-001,rail,InterRegio,IR27,IR27,2478,Luzern,Basel SBB,4,6,2026-10-09 14:30:00+00:00,2026-10-09 14:30:36+00:00,,True,0.6,2026-10-09 16:19:27.585000+02:00,2026-10-09 16:30:00+02:00,2026-10-09 16:30:36+02:00,2026-10-09,16,Friday,False,10.540249999999999
20261009_141925,2026-10-09 14:19:27.585000+00:00,Luzern,rail,ch:1:sloid:5000,Luzern,ch:1:sloid:5000:4:9,2026-10-09,ch:1:sjyid:100001:21962-001,rail,S-Bahn,S9,S9,21962,Luzern,Lenzburg,7,9,2026-10-09 14:32:00+00:00,2026-10-09 14:32:30+00:00,,True,0.5,2026-10-09 16:19:27.585000+02:00,2026-10-09 16:32:00+02:00,2026-10-09 16:32:30+02:00,2026-10-09,16,Friday,False,12.540249999999999
20261009_141925,2026-10-09 14:19:27.585000+00:00,Luzern,rail,ch:1:sloid:5000,Luzern,ch:1:sloid:5000:2:5,2026-10-09,ch:1:sjyid:100001:2581-001,rail,InterRegio,IR75,IR75,2581,Luzern,Zürich HB,5,,2026-10-09 14:35:00+00:00,2026-10-09 14:35:00+00:00,,True,0.0,2026-10-09 16:19:27.585000+02:00,2026-10-09 16:35:00+02:00,2026-10-09 16:35:00+02:00,2026-10-09,16,Friday,False,15.540249999999999
20261009_141925,2026-10-09 14:19:27.585000+00:00,Luzern,rail,ch:1:sloid:5000,Luzern,ch:1:sloid:5000:2:4,2026-10-09,ch:1:sjyid:100015:22062-001,rail,S-Bahn,S77,S77,22062,Luzern,Willisau,2,4,2026-10-09 14:37:00+00:00,2026-10-09 14:37:12+00:00,,True,0.2,2026-10-09 16:19:27.585000+02:00,2026-10-09 16:37:00+02:00,2026-10-09 16:37:12+02:00,2026-10-09,16,Friday,False,17.54025
20261009_141925,2026-10-09 14:19:27.585000+00:00,Luzern,rail,ch:1:sloid:5000,Luzern,ch:1:sloid:5000:7:14,2026-10-09,ch:1:sjyid:100064:22410-001,rail,S-Bahn,S44,S44,22410,Luzern,Stansstad,14,,2026-10-09 14:38:00+00:00,2026-10-09 14:38:12+00:00,,True,0.2,2026-10-09 16:19:27.585000+02:00,2026-10-09 16:38:00+02:00,2026-10-09 16:38:12+02:00,2026-10-09,16,Friday,False,18.54025
20261009_141925,2026-10-09 14:19:27.585000+00:00,Luzern,rail,ch:1:sloid:5000,Luzern,ch:1:sloid:5000:1:3,2026-10-09,ch:1:sjyid:100061:2033-001,rail,Voralpen-Express,VAE,VAE,2033,Luzern,St. Gallen,3,,2026-10-09 14:39:00+00:00,2026-10-09 14:39:12+00:00,,True,0.2,2026-10-09 16:19:27.585000+02:00,2026-10-09 16:39:00+02:00,2026-10-09 16:39:12+02:00,2026-10-09,16,Friday,False,19.54025
20261009_141925,2026-10-09 14:19:27.585000+00:00,Luzern,rail,ch:1:sloid:5000,Luzern,ch:1:sloid:5000:6:13,2026-10-09,ch:1:sjyid:100064:21562-001,rail,S-Bahn,S5,S5,21562,Luzern,Giswil,13,,2026-10-09 14:42:00+00:00,2026-10-09 14:42:12+00:00,,True,0.2,2026-10-09 16:19:27.585000+02:00,2026-10-09 16:42:00+02:00,2026-10-09 16:42:12+02:00,2026-10-09,16,Friday,False,22.54025
20261009_141925,2026-10-09 14:19:27.585000+00:00,Luzern,rail,ch:1:sloid:5000,Luzern,ch:1:sloid:5000:5:10,2026-10-09,ch:1:sjyid:100001:21155-001,rail,S-Bahn,S1,S1,21155,Baar,Sursee,10,,2026-10-09 14:44:00+00:00,2026-10-09 14:45:00+00:00,,True,1.0,2026-10-09 16:19:27.585000+02:00,2026-10-09 16:44:00+02:00,2026-10-09 16:45:00+02:00,2026-10-09,16,Friday,False,24.54025
20261009_141925,2026-10-09 14:19:27.585000+00:00,Luzern,rail,ch:1:sloid:5000,Luzern,ch:1:sloid:5000:7:15,2026-10-09,ch:1:sjyid:100064:22470-001,rail,S-Bahn,S41,S41,22470,Luzern,Horw,15,,2026-10-09 14:49:00+00:00,2026-10-09 14:49:12+00:00,,True,0.2,2026-10-09 16:19:27.585000+02:00,2026-10-09 16:49:00+02:00,2026-10-09 16:49:12+02:00,2026-10-09,16,Friday,False,29.54025
20261009_141925,2026-10-09 14:19:27.585000+00:00,Luzern,rail,ch:1:sloid:5000,Luzern,ch:1:sloid:5000:2:4,2026-10-09,ch:1:sjyid:100001:21156-003,rail,S-Bahn,S1,S1,21156,Sursee,Baar,4,,2026-10-09 14:51:00+00:00,2026-10-09 14:51:12+00:00,,True,0.2,2026-10-09 16:19:27.585000+02:00,2026-10-09 16:51:00+02:00,2026-10-09 16:51:12+02:00,2026-10-09,16,Friday,False,31.54025
20261009_141925,2026-10-09 14:19:27.585000+00:00,Luzern,rail,ch:1:sloid:5000,Luzern,ch:1:sloid:5000:3:7,2026-10-09,ch:1:sjyid:100061:2328-001,rail,Treno Gottardo,IR26,IR26,2328,Locarno,Basel SBB,7,,2026-10-09 14:54:00+00:00,2026-10-09 14:54:30+00:00,,True,0.5,2026-10-09 16:19:27.585000+02:00,2026-10-09 16:54:00+02:00,2026-10-09 16:54:30+02:00,2026-10-09,16,Friday,False,34.54025
20261009_141925,2026-10-09 14:19:27.585000+00:00,Luzern,rail,ch:1:sloid:5000,Luzern,ch:1:sloid:5000:2:5,2026-10-09,ch:1:sjyid:100015:4480-001,rail,RegioExpress,RE7,RE7,4480,Luzern,Wolhusen,5,,2026-10-09 14:57:00+00:00,2026-10-09 14:57:12+00:00,,True,0.2,2026-10-09 16:19:27.585000+02:00,2026-10-09 16:57:00+02:00,2026-10-09 16:57:12+02:00,2026-10-09,16,Friday,False,37.54025
20261009_141925,2026-10-09 14:19:27.585000+00:00,Luzern,rail,ch:1:sloid:5000,Luzern,ch:1:sloid:5000:6:13,2026-10-09,ch:1:sjyid:100064:21464-001,rail,S-Bahn,S4,S4,21464,Luzern,Stansstad,13,,2026-10-09 14:57:00+00:00,2026-10-09 14:57:12+00:00,,True,0.2,2026-10-09 16:19:27.585000+02:00,2026-10-09 16:57:00+02:00,2026-10-09 16:57:12+02:00,2026-10-09,16,Friday,False,37.54025
20261009_141925,2026-10-09 14:19:27.585000+00:00,Luzern,rail,ch:1:sloid:5000,Luzern,ch:1:sloid:5000:4:8,2026-10-09,ch:1:sjyid:100001:2530-001,rail,InterRegio,IR15,IR15,2530,Luzern,Genève-Aéroport,8,,2026-10-09 15:00:00+00:00,2026-10-09 15:00:36+00:00,,True,0.6,2026-10-09 16:19:27.585000+02:00,2026-10-09 17:00:00+02:00,2026-10-09 17:00:36+02:00,2026-10-09,17,Friday,False,40.54025
20261009_141925,2026-10-09 14:19:27.585000+00:00,Luzern,rail,ch:1:sloid:5000,Luzern,ch:1:sloid:5000:5:11,2026-10-09,ch:1:sjyid:100001:21964-001,rail,S-Bahn,S9,S9,21964,Luzern,Lenzburg,11,,2026-10-09 15:02:00+00:00,2026-10-09 15:02:30+00:00,,True,0.5,2026-10-09 16:19:27.585000+02:00,2026-10-09 17:02:00+02:00,2026-10-09 17:02:30+02:00,2026-10-09,17,Friday,False,42.54025
20261009_141925,2026-10-09 14:19:27.585000+00:00,Luzern,rail,ch:1:sloid:5000,Luzern,ch:1:sloid:5000:4:9,2026-10-09,ch:1:sjyid:100001:4730-001,rail,RegioExpress,RE24,RE24,4730,Luzern,Olten,9,,2026-10-09 15:05:00+00:00,2026-10-09 15:05:12+00:00,,True,0.2,2026-10-09 16:19:27.585000+02:00,2026-10-09 17:05:00+02:00,2026-10-09 17:05:12+02:00,2026-10-09,17,Friday,False,45.54025
20261009_141925,2026-10-09 14:19:27.585000+00:00,Luzern,rail,ch:1:sloid:5000,Luzern,ch:1:sloid:5000_gen:ch:1:sloid:5000:7:14_pf:14BC,2026-10-09,ch:1:sjyid:100064:2934-001,rail,Luzern-Interlaken Express,LIX,LIX,2934,Luzern,Interlaken Ost,14BC,,2026-10-09 15:06:00+00:00,2026-10-09 15:06:06+00:00,,True,0.1,2026-10-09 16:19:27.585000+02:00,2026-10-09 17:06:00+02:00,2026-10-09 17:06:06+02:00,2026-10-09,17,Friday,False,46.54025
20261009_141925,2026-10-09 14:19:27.585000+00:00,Luzern,rail,ch:1:sloid:5000,Luzern,ch:1:sloid:5000:5:10,2026-10-09,ch:1:sjyid:100001:21365-001,rail,S-Bahn,S3,S3,21365,Luzern,Brunnen,10,,2026-10-09 15:06:00+00:00,2026-10-09 15:07:00+00:00,,True,1.0,2026-10-09 16:19:27.585000+02:00,2026-10-09 17:06:00+02:00,2026-10-09 17:07:00+02:00,2026-10-09,17,Friday,False,46.54025
20261009_141925,2026-10-09 14:19:27.585000+00:00,Luzern,rail,ch:1:sloid:5000,Luzern,ch:1:sloid:5000:1:3,2026-10-09,ch:1:sjyid:100001:2632-001,rail,InterRegio,IR70,IR70,2632,Luzern,Zürich HB,3,,2026-10-09 15:09:00+00:00,2026-10-09 15:10:00+00:00,,True,1.0,2026-10-09 16:19:27.585000+02:00,2026-10-09 17:09:00+02:00,2026-10-09 17:10:00+02:00,2026-10-09,17,Friday,False,49.54025
20261009_141925,2026-10-09 14:19:27.585000+00:00,Luzern,rail,ch:1:sloid:5000,Luzern,ch:1:sloid:5000:6:12,2026-10-09,ch:1:sjyid:100064:2980-001,rail,Luzern-Engelberg Express,IRLEX,IRLEX,2980,Luzern,Stansstad,12,,2026-10-09 15:10:00+00:00,2026-10-09 15:10:12+00:00,,True,0.2,2026-10-09 16:19:27.585000+02:00,2026-10-09 17:10:00+02:00,2026-10-09 17:10:12+02:00,2026-10-09,17,Friday,False,50.54025
20261009_141925,2026-10-09 14:19:27.585000+00:00,Luzern,rail,ch:1:sloid:5000,Luzern,ch:1:sloid:5000:7:15,2026-10-09,ch:1:sjyid:100064:21564-001,rail,S-Bahn,S5,S5,21564,Luzern,Giswil,15,,2026-10-09 15:12:00+00:00,2026-10-09 15:12:12+00:00,,True,0.2,2026-10-09 16:19:27.585000+02:00,2026-10-09 17:12:00+02:00,2026-10-09 17:12:12+02:00,2026-10-09,17,Friday,False,52.54025
20261009_141925,2026-10-09 14:19:27.585000+00:00,Luzern,rail,ch:1:sloid:5000,Luzern,ch:1:sloid:5000:3:6,2026-10-09,ch:1:sjyid:100001:21157-003,rail,S-Bahn,S1,S1,21157,Baar,Sursee,6,,2026-10-09 15:14:00+00:00,2026-10-09 15:15:00+00:00,,True,1.0,2026-10-09 16:19:27.585000+02:00,2026-10-09 17:14:00+02:00,2026-10-09 17:15:00+02:00,2026-10-09,17,Friday,False,54.54025
20261009_141925,2026-10-09 14:19:27.585000+00:00,Luzern,rail,ch:1:sloid:5000,Luzern,ch:1:sloid:5000:2:5,2026-10-09,ch:1:sjyid:100015:21664-001,rail,S-Bahn,S6,S6,21664,Luzern,Wolhusen,5,,2026-10-09 15:16:00+00:00,2026-10-09 15:17:00+00:00,,True,1.0,2026-10-09 16:19:27.585000+02:00,2026-10-09 17:16:00+02:00,2026-10-09 17:17:00+02:00,2026-10-09,17,Friday,False,56.54025
20261009_141925,2026-10-09 14:19:27.585000+00:00,Luzern,rail,ch:1:sloid:5000,Luzern,ch:1:sloid:5000:3:7,2026-10-09,ch:1:sjyid:100061:2331-001,rail,Treno Gottardo,IR26,IR26,2331,Basel SBB,Locarno,7,,2026-10-09 15:18:00+00:00,2026-10-09 15:19:00+00:00,,True,1.0,2026-10-09 16:19:27.585000+02:00,2026-10-09 17:18:00+02:00,2026-10-09 17:19:00+02:00,2026-10-09,17,Friday,False,58.54025
20261009_141925,2026-10-09 14:19:27.585000+00:00,Luzern,rail,ch:1:sloid:5000,Luzern,ch:1:sloid:5000:6:13,2026-10-09,ch:1:sjyid:100064:22472-001,rail,S-Bahn,S41,S41,22472,Luzern,Horw,13,,2026-10-09 15:19:00+00:00,2026-10-09 15:19:12+00:00,,True,0.2,2026-10-09 16:19:27.585000+02:00,2026-10-09 17:19:00+02:00,2026-10-09 17:19:12+02:00,2026-10-09,17,Friday,False,59.54025
20261009_141925,2026-10-09 14:19:27.585000+00:00,Luzern,rail,ch:1:sloid:5000,Luzern,ch:1:sloid:5000:4:8,2026-10-09,ch:1:sjyid:100001:21158-001,rail,S-Bahn,S1,S1,21158,Sursee,Baar,8,,2026-10-09 15:21:00+00:00,2026-10-09 15:22:00+00:00,,True,1.0,2026-10-09 16:19:27.585000+02:00,2026-10-09 17:21:00+02:00,2026-10-09 17:22:00+02:00,2026-10-09,17,Friday,False,61.54025
20261009_141925,2026-10-09 14:19:28.027000+00:00,St. Gallen,rail,ch:1:sloid:6302,St. Gallen,ch:1:sloid:6302:2:3,2026-10-09,ch:1:sjyid:100046:11159-001,rail,S-Bahn,S1,S1,11159,Wil SG,Schaffhausen,3,,2026-10-09 14:19:00+00:00,2026-10-09 14:20:42+00:00,,True,1.7,2026-10-09 16:19:28.027000+02:00,2026-10-09 16:19:00+02:00,2026-10-09 16:20:42+02:00,2026-10-09,16,Friday,False,-0.4671166666666667
20261009_141925,2026-10-09 14:19:28.027000+00:00,St. Gallen,rail,ch:1:sloid:6302,St. Gallen,ch:1:sloid:6302:2:2,2026-10-09,ch:1:sjyid:100001:3273-001,rail,InterRegio,IR13,IR13,3273,Zürich HB,Sargans,2,,2026-10-09 14:25:00+00:00,2026-10-09 14:25:18+00:00,,True,0.3,2026-10-09 16:19:28.027000+02:00,2026-10-09 16:25:00+02:00,2026-10-09 16:25:18+02:00,2026-10-09,16,Friday,False,5.532883333333333
20261009_141925,2026-10-09 14:19:28.027000+00:00,St. Gallen,rail,ch:1:sloid:6302,St. Gallen,ch:1:sloid:6302:500:12,2026-10-09,ch:1:sjyid:100007:plan:2156,rail,S-Bahn,S21,S21,2156,Appenzell,Trogen,12,,2026-10-09 14:26:00+00:00,2026-10-09 14:26:00+00:00,,True,0.0,2026-10-09 16:19:28.027000+02:00,2026-10-09 16:26:00+02:00,2026-10-09 16:26:00+02:00,2026-10-09,16,Friday,False,6.532883333333333
20261009_141925,2026-10-09 14:19:28.027000+00:00,St. Gallen,rail,ch:1:sloid:6302,St. Gallen,ch:1:sloid:6302:500:11,2026-10-09,ch:1:sjyid:100007:plan:2159,rail,S-Bahn,S21,S21,2159,Trogen,Appenzell,11,,2026-10-09 14:26:00+00:00,2026-10-09 14:26:00+00:00,,True,0.0,2026-10-09 16:19:28.027000+02:00,2026-10-09 16:26:00+02:00,2026-10-09 16:26:00+02:00,2026-10-09,16,Friday,False,6.532883333333333
20261009_141925,2026-10-09 14:19:28.027000+00:00,St. Gallen,rail,ch:1:sloid:6302,St. Gallen,ch:1:sloid:6302:3:5,2026-10-09,ch:1:sjyid:100061:11460-001,rail,S-Bahn,S4,S4,11460,Sargans,Rapperswil SG,5,,2026-10-09 14:27:00+00:00,2026-10-09 14:27:12+00:00,,True,0.2,2026-10-09 16:19:28.027000+02:00,2026-10-09 16:27:00+02:00,2026-10-09 16:27:12+02:00,2026-10-09,16,Friday,False,7.532883333333333
20261009_141925,2026-10-09 14:19:28.027000+00:00,St. Gallen,rail,ch:1:sloid:6302,St. Gallen,ch:1:sloid:6302:1:1,2026-10-09,ch:1:sjyid:100001:1530-001,rail,InterCity,IC5,IC5,1530,St. Gallen,Zürich HB,1,,2026-10-09 14:28:00+00:00,2026-10-09 14:28:30+00:00,,True,0.5,2026-10-09 16:19:28.027000+02:00,2026-10-09 16:28:00+02:00,2026-10-09 16:28:30+02:00,2026-10-09,16,Friday,False,8.532883333333334
20261009_141925,2026-10-09 14:19:28.027000+00:00,St. Gallen,rail,ch:1:sloid:6302,St. Gallen,ch:1:sloid:6302:2:2,2026-10-09,ch:1:sjyid:100001:195-001,rail,EuroCity,EC,EC,195,Zürich HB,Lindau-Reutin,2,,2026-10-09 14:32:00+00:00,2026-10-09 14:32:00+00:00,,True,0.0,2026-10-09 16:19:28.027000+02:00,2026-10-09 16:32:00+02:00,2026-10-09 16:32:00+02:00,2026-10-09,16,Friday,False,12.532883333333332
20261009_141925,2026-10-09 14:19:28.027000+00:00,St. Gallen,rail,ch:1:sloid:6302,St. Gallen,ch:1:sloid:6302:3:4,2026-10-09,ch:1:sjyid:100046:12183-001,rail,S-Bahn,S82,S82,12183,St. Gallen,Wittenbach,4,,2026-10-09 14:36:00+00:00,2026-10-09 14:36:12+00:00,,True,0.2,2026-10-09 16:19:28.027000+02:00,2026-10-09 16:36:00+02:00,2026-10-09 16:36:12+02:00,2026-10-09,16,Friday,False,16.532883333333334
20261009_141925,2026-10-09 14:19:28.027000+00:00,St. Gallen,rail,ch:1:sloid:6302,St. Gallen,ch:1:sloid:6302:1:1,2026-10-09,ch:1:sjyid:100001:3276-001,rail,InterRegio,IR13,IR13,3276,Sargans,Zürich HB,1,,2026-10-09 14:37:00+00:00,2026-10-09 14:37:30+00:00,,True,0.5,2026-10-09 16:19:28.027000+02:00,2026-10-09 16:37:00+02:00,2026-10-09 16:37:30+02:00,2026-10-09,16,Friday,False,17.532883333333334
20261009_141925,2026-10-09 14:19:28.027000+00:00,St. Gallen,rail,ch:1:sloid:6302,St. Gallen,ch:1:sloid:6302:3:5,2026-10-09,ch:1:sjyid:100061:11459-001,rail,S-Bahn,S4,S4,11459,Rapperswil SG,Sargans,5,,2026-10-09 14:38:00+00:00,2026-10-09 14:39:06+00:00,,True,1.1,2026-10-09 16:19:28.027000+02:00,2026-10-09 16:38:00+02:00,2026-10-09 16:39:06+02:00,2026-10-09,16,Friday,False,18.532883333333334
20261009_141925,2026-10-09 14:19:28.027000+00:00,St. Gallen,rail,ch:1:sloid:6302,St. Gallen,ch:1:sloid:6302:4:7,2026-10-09,ch:1:sjyid:100046:11560-001,rail,S-Bahn,S5,S5,11560,St. Gallen,Weinfelden,7,,2026-10-09 14:40:00+00:00,2026-10-09 14:40:12+00:00,,True,0.2,2026-10-09 16:19:28.027000+02:00,2026-10-09 16:40:00+02:00,2026-10-09 16:40:12+02:00,2026-10-09,16,Friday,False,20.532883333333334
20261009_141925,2026-10-09 14:19:28.027000+00:00,St. Gallen,rail,ch:1:sloid:6302,St. Gallen,ch:1:sloid:6302:500:12,2026-10-09,ch:1:sjyid:100007:plan:4160,rail,S-Bahn,S22,S22,4160,Teufen AR,Trogen,12,,2026-10-09 14:41:00+00:00,2026-10-09 14:41:00+00:00,,True,0.0,2026-10-09 16:19:28.027000+02:00,2026-10-09 16:41:00+02:00,2026-10-09 16:41:00+02:00,2026-10-09,16,Friday,False,21.532883333333334
20261009_141925,2026-10-09 14:19:28.027000+00:00,St. Gallen,rail,ch:1:sloid:6302,St. Gallen,ch:1:sloid:6302:500:11,2026-10-09,ch:1:sjyid:100007:plan:4161,rail,S-Bahn,S22,S22,4161,Speicher,Teufen AR,11,,2026-10-09 14:41:00+00:00,2026-10-09 14:41:00+00:00,,True,0.0,2026-10-09 16:19:28.027000+02:00,2026-10-09 16:41:00+02:00,2026-10-09 16:41:00+02:00,2026-10-09,16,Friday,False,21.532883333333334
20261009_141925,2026-10-09 14:19:28.027000+00:00,St. Gallen,rail,ch:1:sloid:6302,St. Gallen,ch:1:sloid:6302:3:5,2026-10-09,ch:1:sjyid:100046:5232-001,rail,RegioExpress,RE1,RE1,5232,Konstanz,Herisau,5,,2026-10-09 14:44:00+00:00,2026-10-09 14:45:12+00:00,,True,1.2,2026-10-09 16:19:28.027000+02:00,2026-10-09 16:44:00+02:00,2026-10-09 16:45:12+02:00,2026-10-09,16,Friday,False,24.532883333333334
20261009_141925,2026-10-09 14:19:28.027000+00:00,St. Gallen,rail,ch:1:sloid:6302,St. Gallen,ch:1:sloid:6302:1:1,2026-10-09,ch:1:sjyid:100046:11160-001,rail,S-Bahn,S1,S1,11160,Schaffhausen,Wil SG,1,,2026-10-09 14:47:00+00:00,2026-10-09 14:47:12+00:00,,True,0.2,2026-10-09 16:19:28.027000+02:00,2026-10-09 16:47:00+02:00,2026-10-09 16:47:12+02:00,2026-10-09,16,Friday,False,27.532883333333334
20261009_141925,2026-10-09 14:19:28.027000+00:00,St. Gallen,rail,ch:1:sloid:6302,St. Gallen,ch:1:sloid:6302:2:3,2026-10-09,ch:1:sjyid:100046:11161-001,rail,S-Bahn,S1,S1,11161,Wil SG,Schaffhausen,3,,2026-10-09 14:49:00+00:00,2026-10-09 14:50:36+00:00,,True,1.6,2026-10-09 16:19:28.027000+02:00,2026-10-09 16:49:00+02:00,2026-10-09 16:50:36+02:00,2026-10-09,16,Friday,False,29.532883333333334
20261009_141925,2026-10-09 14:19:28.027000+00:00,St. Gallen,rail,ch:1:sloid:6302,St. Gallen,ch:1:sloid:6302:500:12,2026-10-09,ch:1:sjyid:100007:plan:4163,rail,S-Bahn,S20,S20,4163,St. Gallen,Appenzell,12,,2026-10-09 14:52:00+00:00,2026-10-09 14:52:00+00:00,,True,0.0,2026-10-09 16:19:28.027000+02:00,2026-10-09 16:52:00+02:00,2026-10-09 16:52:00+02:00,2026-10-09,16,Friday,False,32.53288333333333
20261009_141925,2026-10-09 14:19:28.027000+00:00,St. Gallen,rail,ch:1:sloid:6302,St. Gallen,ch:1:sloid:6302:3:4,2026-10-09,ch:1:sjyid:100061:2223-001,rail,Alpenrhein-Express,IR13,IR13,2223,St. Gallen,Chur,4,,2026-10-09 14:55:00+00:00,2026-10-09 14:55:12+00:00,,True,0.2,2026-10-09 16:19:28.027000+02:00,2026-10-09 16:55:00+02:00,2026-10-09 16:55:12+02:00,2026-10-09,16,Friday,False,35.53288333333333
20261009_141925,2026-10-09 14:19:28.027000+00:00,St. Gallen,rail,ch:1:sloid:6302,St. Gallen,ch:1:sloid:6302:500:12,2026-10-09,ch:1:sjyid:100007:plan:2162,rail,S-Bahn,S21,S21,2162,Appenzell,Trogen,12,,2026-10-09 14:56:00+00:00,2026-10-09 14:56:00+00:00,,True,0.0,2026-10-09 16:19:28.027000+02:00,2026-10-09 16:56:00+02:00,2026-10-09 16:56:00+02:00,2026-10-09,16,Friday,False,36.53288333333333
20261009_141925,2026-10-09 14:19:28.027000+00:00,St. Gallen,rail,ch:1:sloid:6302,St. Gallen,ch:1:sloid:6302:500:11,2026-10-09,ch:1:sjyid:100007:plan:2165,rail,S-Bahn,S21,S21,2165,Trogen,Appenzell,11,,2026-10-09 14:56:00+00:00,2026-10-09 14:56:00+00:00,,True,0.0,2026-10-09 16:19:28.027000+02:00,2026-10-09 16:56:00+02:00,2026-10-09 16:56:00+02:00,2026-10-09,16,Friday,False,36.53288333333333
20261009_141925,2026-10-09 14:19:28.027000+00:00,St. Gallen,rail,ch:1:sloid:6302,St. Gallen,ch:1:sloid:6302:4:6,2026-10-09,ch:1:sjyid:100046:11561-001,rail,S-Bahn,S5,S5,11561,Weinfelden,St. Margrethen SG,6,,2026-10-09 14:57:00+00:00,2026-10-09 14:57:30+00:00,,True,0.5,2026-10-09 16:19:28.027000+02:00,2026-10-09 16:57:00+02:00,2026-10-09 16:57:30+02:00,2026-10-09,16,Friday,False,37.53288333333333
20261009_141925,2026-10-09 14:19:28.027000+00:00,St. Gallen,rail,ch:1:sloid:6302,St. Gallen,ch:1:sloid:6302:3:5,2026-10-09,ch:1:sjyid:100046:11262-001,rail,S-Bahn,S2,S2,11262,Altstätten SG,Nesslau-Neu St. Johann,5,,2026-10-09 14:57:00+00:00,2026-10-09 14:57:12+00:00,,True,0.2,2026-10-09 16:19:28.027000+02:00,2026-10-09 16:57:00+02:00,2026-10-09 16:57:12+02:00,2026-10-09,16,Friday,False,37.53288333333333
20261009_141925,2026-10-09 14:19:28.027000+00:00,St. Gallen,rail,ch:1:sloid:6302,St. Gallen,ch:1:sloid:6302:2:2,2026-10-09,ch:1:sjyid:100001:532-001,rail,InterCity,IC5,IC5,532,Rorschach,Yverdon-les-Bains,2,,2026-10-09 14:58:00+00:00,2026-10-09 14:58:30+00:00,,True,0.5,2026-10-09 16:19:28.027000+02:00,2026-10-09 16:58:00+02:00,2026-10-09 16:58:30+02:00,2026-10-09,16,Friday,False,38.53288333333333
20261009_141925,2026-10-09 14:19:28.027000+00:00,St. Gallen,rail,ch:1:sloid:6302,St. Gallen,ch:1:sloid:6302:2:3,2026-10-09,ch:1:sjyid:100061:2030-001,rail,Voralpen-Express,VAE,VAE,2030,St. Gallen,Luzern,3,,2026-10-09 15:05:00+00:00,2026-10-09 15:05:12+00:00,,True,0.2,2026-10-09 16:19:28.027000+02:00,2026-10-09 17:05:00+02:00,2026-10-09 17:05:12+02:00,2026-10-09,17,Friday,False,45.53288333333333
20261009_141925,2026-10-09 14:19:28.027000+00:00,St. Gallen,rail,ch:1:sloid:6302,St. Gallen,ch:1:sloid:6302:2:2,2026-10-09,ch:1:sjyid:100001:525-001,rail,InterCity,IC5,IC5,525,Lausanne,Cossonay-Penthalaz,2,,2026-10-09 15:05:00+00:00,2026-10-09 15:05:00+00:00,,True,0.0,2026-10-09 16:19:28.027000+02:00,2026-10-09 17:05:00+02:00,2026-10-09 17:05:00+02:00,2026-10-09,17,Friday,False,45.53288333333333
20261009_141925,2026-10-09 14:19:28.027000+00:00,St. Gallen,rail,ch:1:sloid:6302,St. Gallen,ch:1:sloid:6302:2:2,2026-10-09,ch:1:sjyid:100001:70525-900,rail,,IC5,IC5,70525,Yverdon-les-Bains,Rorschach,2,,2026-10-09 15:05:00+00:00,2026-10-09 15:05:30+00:00,,True,0.5,2026-10-09 16:19:28.027000+02:00,2026-10-09 17:05:00+02:00,2026-10-09 17:05:30+02:00,2026-10-09,17,Friday,False,45.53288333333333
20261009_141925,2026-10-09 14:19:28.027000+00:00,St. Gallen,rail,ch:1:sloid:6302,St. Gallen,ch:1:sloid:6302:1:1,2026-10-09,ch:1:sjyid:100001:730-001,rail,InterCity,IC1,IC1,730,St. Gallen,Genève-Aéroport,1,,2026-10-09 15:07:00+00:00,2026-10-09 15:07:42+00:00,,True,0.7,2026-10-09 16:19:28.027000+02:00,2026-10-09 17:07:00+02:00,2026-10-09 17:07:42+02:00,2026-10-09,17,Friday,False,47.53288333333333
20261009_141925,2026-10-09 14:19:28.027000+00:00,St. Gallen,rail,ch:1:sloid:6302,St. Gallen,ch:1:sloid:6302:3:5,2026-10-09,ch:1:sjyid:100046:11263-001,rail,S-Bahn,S2,S2,11263,Nesslau-Neu St. Johann,Altstätten SG,5,,2026-10-09 15:08:00+00:00,2026-10-09 15:08:12+00:00,,True,0.2,2026-10-09 16:19:28.027000+02:00,2026-10-09 17:08:00+02:00,2026-10-09 17:08:12+02:00,2026-10-09,17,Friday,False,48.53288333333333
20261009_141925,2026-10-09 14:19:28.027000+00:00,St. Gallen,rail,ch:1:sloid:6302,St. Gallen,ch:1:sloid:6302:4:6,2026-10-09,ch:1:sjyid:100046:11562-001,rail,S-Bahn,S5,S5,11562,St. Margrethen SG,Weinfelden,6,,2026-10-09 15:10:00+00:00,2026-10-09 15:10:12+00:00,,True,0.2,2026-10-09 16:19:28.027000+02:00,2026-10-09 17:10:00+02:00,2026-10-09 17:10:12+02:00,2026-10-09,17,Friday,False,50.53288333333333
20261009_141925,2026-10-09 14:19:28.027000+00:00,St. Gallen,rail,ch:1:sloid:6302,St. Gallen,ch:1:sloid:6302:500:12,2026-10-09,ch:1:sjyid:100007:plan:4164,rail,S-Bahn,S22,S22,4164,Teufen AR,Trogen,12,,2026-10-09 15:11:00+00:00,2026-10-09 15:11:00+00:00,,True,0.0,2026-10-09 16:19:28.027000+02:00,2026-10-09 17:11:00+02:00,2026-10-09 17:11:00+02:00,2026-10-09,17,Friday,False,51.53288333333333
20261009_141925,2026-10-09 14:19:28.455000+00:00,Lausanne,rail,ch:1:sloid:1120,Lausanne,ch:1:sloid:1120:0:840061,2026-10-09,ch:1:sjyid:100001:9270-001,rail,Train à grande vit.,TGV,TGV,9270,Lausanne,Paris Gare de Lyon,7,,2026-10-09 14:19:00+00:00,2026-10-09 14:21:36+00:00,,True,2.6,2026-10-09 16:19:28.455000+02:00,2026-10-09 16:19:00+02:00,2026-10-09 16:21:36+02:00,2026-10-09,16,Friday,False,-0.47424999999999995
20261009_141925,2026-10-09 14:19:28.455000+00:00,Lausanne,rail,ch:1:sloid:1120,Lausanne,ch:1:sloid:1120:0:37997,2026-10-09,ch:1:sjyid:100001:31669-900,rail,,R1,R1,31669,Lausanne,Yverdon-les-Bains,6,,2026-10-09 14:20:00+00:00,2026-10-09 14:20:18+00:00,,True,0.3,2026-10-09 16:19:28.455000+02:00,2026-10-09 16:20:00+02:00,2026-10-09 16:20:18+02:00,2026-10-09,16,Friday,False,0.52575
20261009_141925,2026-10-09 14:19:28.455000+00:00,Lausanne,rail,ch:1:sloid:1120,Lausanne,ch:1:sloid:1120:0:20298,2026-10-09,ch:1:sjyid:100001:24663-001,rail,S-Bahn,S40,S40,24663,Lausanne,Fribourg/Freiburg,70,,2026-10-09 14:21:00+00:00,2026-10-09 14:21:12+00:00,,True,0.2,2026-10-09 16:19:28.455000+02:00,2026-10-09 16:21:00+02:00,2026-10-09 16:21:12+02:00,2026-10-09,16,Friday,False,1.52575
20261009_141925,2026-10-09 14:19:28.455000+00:00,Lausanne,rail,ch:1:sloid:1120,Lausanne,ch:1:sloid:1120:0:42631,2026-10-09,ch:1:sjyid:100001:2524-001,rail,InterRegio,IR15,IR15,2524,Luzern,Genève-Aéroport,5,,2026-10-09 14:23:00+00:00,2026-10-09 14:23:30+00:00,,True,0.5,2026-10-09 16:19:28.455000+02:00,2026-10-09 16:23:00+02:00,2026-10-09 16:23:30+02:00,2026-10-09,16,Friday,False,3.52575
20261009_141925,2026-10-09 14:19:28.455000+00:00,Lausanne,rail,ch:1:sloid:1120,Lausanne,ch:1:sloid:1120:0:276884,2026-10-09,ch:1:sjyid:100001:24263-001,rail,Regio,R2,R2,24263,Grandson,Chavornay,3,,2026-10-09 14:24:00+00:00,2026-10-09 14:24:00+00:00,,True,0.0,2026-10-09 16:19:28.455000+02:00,2026-10-09 16:24:00+02:00,2026-10-09 16:24:00+02:00,2026-10-09,16,Friday,False,4.52575
20261009_141925,2026-10-09 14:19:28.455000+00:00,Lausanne,rail,ch:1:sloid:1120,Lausanne,ch:1:sloid:1120:0:276884,2026-10-09,ch:1:sjyid:100001:94263-900,rail,,R2,R2,94263,Cossonay-Penthalaz,Bex,3,,2026-10-09 14:24:00+00:00,2026-10-09 14:24:30+00:00,,True,0.5,2026-10-09 16:19:28.455000+02:00,2026-10-09 16:24:00+02:00,2026-10-09 16:24:30+02:00,2026-10-09,16,Friday,False,4.52575
20261009_141925,2026-10-09 14:19:28.455000+00:00,Lausanne,rail,ch:1:sloid:1120,Lausanne,ch:1:sloid:1120:0:638488,2026-10-09,ch:1:sjyid:100001:24452-001,rail,Regio,R4,R4,24452,Vevey,Vallorbe/Le Brassus,8,,2026-10-09 14:27:00+00:00,2026-10-09 14:28:54+00:00,,True,1.9,2026-10-09 16:19:28.455000+02:00,2026-10-09 16:27:00+02:00,2026-10-09 16:28:54+02:00,2026-10-09,16,Friday,False,7.52575
20261009_141925,2026-10-09 14:19:28.455000+00:00,Lausanne,rail,ch:1:sloid:1120,Lausanne,ch:1:sloid:1120:0:668579,2026-10-09,ch:1:sjyid:100001:24863-001,rail,Regio,R8,R8,24863,Allaman,Payerne,1,,2026-10-09 14:28:00+00:00,2026-10-09 14:29:48+00:00,,True,1.8,2026-10-09 16:19:28.455000+02:00,2026-10-09 16:28:00+02:00,2026-10-09 16:29:48+02:00,2026-10-09,16,Friday,False,8.52575
20261009_141925,2026-10-09 14:19:28.455000+00:00,Lausanne,rail,ch:1:sloid:1120,Lausanne,ch:1:sloid:1120:0:840061,2026-10-09,ch:1:sjyid:100001:18472-001,rail,RegioExpress,RE33,RE33,18472,Martigny,Annemasse,7,,2026-10-09 14:30:00+00:00,,,False,,2026-10-09 16:19:28.455000+02:00,2026-10-09 16:30:00+02:00,,2026-10-09,16,Friday,False,10.525749999999999
20261009_141925,2026-10-09 14:19:28.455000+00:00,Lausanne,rail,ch:1:sloid:1120,Lausanne,ch:1:sloid:1120:0:37997,2026-10-09,ch:1:sjyid:100001:18477-001,rail,RegioExpress,RE33,RE33,18477,Annemasse,Martigny,6,,2026-10-09 14:31:00+00:00,2026-10-09 14:32:06+00:00,,True,1.1,2026-10-09 16:19:28.455000+02:00,2026-10-09 16:31:00+02:00,2026-10-09 16:32:06+02:00,2026-10-09,16,Friday,False,11.525749999999999
20261009_141925,2026-10-09 14:19:28.455000+00:00,Lausanne,rail,ch:1:sloid:1120,Lausanne,ch:1:sloid:1120:0:42631,2026-10-09,ch:1:sjyid:100001:24852-001,rail,Regio,R8,R8,24852,Payerne,Allaman,5,,2026-10-09 14:34:00+00:00,2026-10-09 14:34:12+00:00,,True,0.2,2026-10-09 16:19:28.455000+02:00,2026-10-09 16:34:00+02:00,2026-10-09 16:34:12+02:00,2026-10-09,16,Friday,False,14.525749999999999
20261009_141925,2026-10-09 14:19:28.455000+00:00,Lausanne,rail,ch:1:sloid:1120,Lausanne,ch:1:sloid:1120:0:276884,2026-10-09,ch:1:sjyid:100001:24463-001,rail,Regio,R4,R4,24463,Le Day,Vevey,3,,2026-10-09 14:34:00+00:00,2026-10-09 14:34:12+00:00,,True,0.2,2026-10-09 16:19:28.455000+02:00,2026-10-09 16:34:00+02:00,2026-10-09 16:34:12+02:00,2026-10-09,16,Friday,False,14.525749999999999
20261009_141925,2026-10-09 14:19:28.455000+00:00,Lausanne,rail,ch:1:sloid:1120,Lausanne,ch:1:sloid:1120:0:638488,2026-10-09,ch:1:sjyid:100001:24252-002,rail,Regio,R2,R2,24252,Bex,Grandson,8,,2026-10-09 14:38:00+00:00,2026-10-09 14:38:12+00:00,,True,0.2,2026-10-09 16:19:28.455000+02:00,2026-10-09 16:38:00+02:00,2026-10-09 16:38:12+02:00,2026-10-09,16,Friday,False,18.525750000000002
20261009_141925,2026-10-09 14:19:28.455000+00:00,Lausanne,rail,ch:1:sloid:1120,Lausanne,ch:1:sloid:1120:0:668579,2026-10-09,ch:1:sjyid:100001:2529-001,rail,InterRegio,IR15,IR15,2529,Genève-Aéroport,Luzern,1,,2026-10-09 14:40:00+00:00,2026-10-09 14:40:30+00:00,,True,0.5,2026-10-09 16:19:28.455000+02:00,2026-10-09 16:40:00+02:00,2026-10-09 16:40:30+02:00,2026-10-09,16,Friday,False,20.525750000000002
20261009_141925,2026-10-09 14:19:28.455000+00:00,Lausanne,rail,ch:1:sloid:1120,Lausanne,ch:1:sloid:1120:0:840061,2026-10-09,ch:1:sjyid:100001:1724-001,rail,InterRegio,IR95,IR95,1724,Brig,Genève-Aéroport,7,,2026-10-09 14:45:00+00:00,2026-10-09 14:45:30+00:00,,True,0.5,2026-10-09 16:19:28.455000+02:00,2026-10-09 16:45:00+02:00,2026-10-09 16:45:30+02:00,2026-10-09,16,Friday,False,25.525750000000002
20261009_141925,2026-10-09 14:19:28.455000+00:00,Lausanne,rail,ch:1:sloid:1120,Lausanne,ch:1:sloid:1120:0:860143,2026-10-09,ch:1:sjyid:100001:722-001,rail,InterCity,IC1,IC1,722,St. Gallen,Genève-Aéroport,4,,2026-10-09 14:46:00+00:00,2026-10-09 14:46:30+00:00,,True,0.5,2026-10-09 16:19:28.455000+02:00,2026-10-09 16:46:00+02:00,2026-10-09 16:46:30+02:00,2026-10-09,16,Friday,False,26.525750000000002
20261009_141925,2026-10-09 14:19:28.455000+00:00,Lausanne,rail,ch:1:sloid:1120,Lausanne,ch:1:sloid:1120:0:276884,2026-10-09,ch:1:sjyid:100001:1827-001,rail,InterRegio,IR90,IR90,1827,Genève-Aéroport,Brig,3,,2026-10-09 14:48:00+00:00,2026-10-09 14:48:30+00:00,,True,0.5,2026-10-09 16:19:28.455000+02:00,2026-10-09 16:48:00+02:00,2026-10-09 16:48:30+02:00,2026-10-09,16,Friday,False,28.525750000000002
20261009_141925,2026-10-09 14:19:28.455000+00:00,Lausanne,rail,ch:1:sloid:1120,Lausanne,ch:1:sloid:1120:0:20298,2026-10-09,ch:1:sjyid:100001:24565-001,rail,S-Bahn,S41,S41,24565,Lausanne,Fribourg/Freiburg,70,,2026-10-09 14:49:00+00:00,2026-10-09 14:49:12+00:00,,True,0.2,2026-10-09 16:19:28.455000+02:00,2026-10-09 16:49:00+02:00,2026-10-09 16:49:12+02:00,2026-10-09,16,Friday,False,29.525750000000002
20261009_141925,2026-10-09 14:19:28.455000+00:00,Lausanne,rail,ch:1:sloid:1120,Lausanne,ch:1:sloid:1120:0:638488,2026-10-09,ch:1:sjyid:100001:142-001,rail,EuroCity,EC,EC,142,Domodossola (I),Genève,8,,2026-10-09 14:52:00+00:00,2026-10-09 14:52:42+00:00,,True,0.7,2026-10-09 16:19:28.455000+02:00,2026-10-09 16:52:00+02:00,2026-10-09 16:52:42+02:00,2026-10-09,16,Friday,False,32.52575
20261009_141925,2026-10-09 14:19:28.455000+00:00,Lausanne,rail,ch:1:sloid:1120,Lausanne,ch:1:sloid:1120:0:37997,2026-10-09,ch:1:sjyid:100001:24165-001,rail,Regio,R1,R1,24165,Grandson,Chavornay,6,,2026-10-09 14:55:00+00:00,2026-10-09 14:55:00+00:00,,True,0.0,2026-10-09 16:19:28.455000+02:00,2026-10-09 16:55:00+02:00,2026-10-09 16:55:00+02:00,2026-10-09,16,Friday,False,35.52575
20261009_141925,2026-10-09 14:19:28.455000+00:00,Lausanne,rail,ch:1:sloid:1120,Lausanne,ch:1:sloid:1120:0:37997,2026-10-09,ch:1:sjyid:100001:94165-900,rail,,R1,R1,94165,Cossonay-Penthalaz,Bex,6,,2026-10-09 14:55:00+00:00,2026-10-09 14:55:12+00:00,,True,0.2,2026-10-09 16:19:28.455000+02:00,2026-10-09 16:55:00+02:00,2026-10-09 16:55:12+02:00,2026-10-09,16,Friday,False,35.52575
20261009_141925,2026-10-09 14:19:28.455000+00:00,Lausanne,rail,ch:1:sloid:1120,Lausanne,ch:1:sloid:1120:0:668579,2026-10-09,ch:1:sjyid:100001:24965-001,rail,Regio,R9,R9,24965,Allaman,Murten/Morat,1,,2026-10-09 14:57:00+00:00,2026-10-09 14:58:00+00:00,,True,1.0,2026-10-09 16:19:28.455000+02:00,2026-10-09 16:57:00+02:00,2026-10-09 16:58:00+02:00,2026-10-09,16,Friday,False,37.52575
20261009_141925,2026-10-09 14:19:28.455000+00:00,Lausanne,rail,ch:1:sloid:1120,Lausanne,ch:1:sloid:1120:0:840061,2026-10-09,ch:1:sjyid:100001:24354-001,rail,Regio,R3,R3,24354,Vevey,Vallorbe,7,,2026-10-09 14:57:00+00:00,2026-10-09 14:57:12+00:00,,True,0.2,2026-10-09 16:19:28.455000+02:00,2026-10-09 16:57:00+02:00,2026-10-09 16:57:12+02:00,2026-10-09,16,Friday,False,37.52575
20261009_141925,2026-10-09 14:19:28.455000+00:00,Lausanne,rail,ch:1:sloid:1120,Lausanne,ch:1:sloid:1120:0:638488,2026-10-09,ch:1:sjyid:100001:18428-001,rail,RegioExpress,RE33,RE33,18428,St-Maurice,Annemasse,8,,2026-10-09 15:00:00+00:00,,,False,,2026-10-09 16:19:28.455000+02:00,2026-10-09 17:00:00+02:00,,2026-10-09,17,Friday,False,40.52575
20261009_141925,2026-10-09 14:19:28.455000+00:00,Lausanne,rail,ch:1:sloid:1120,Lausanne,ch:1:sloid:1120:0:860143,2026-10-09,ch:1:sjyid:100001:18425-001,rail,RegioExpress,RE33,RE33,18425,Annemasse,St-Maurice,4,,2026-10-09 15:01:00+00:00,2026-10-09 15:01:54+00:00,,True,0.9,2026-10-09 16:19:28.455000+02:00,2026-10-09 17:01:00+02:00,2026-10-09 17:01:54+02:00,2026-10-09,17,Friday,False,41.52575
20261009_141925,2026-10-09 14:19:28.455000+00:00,Lausanne,rail,ch:1:sloid:1120,Lausanne,ch:1:sloid:1120:0:840061,2026-10-09,ch:1:sjyid:100001:24954-001,rail,Regio,R9,R9,24954,Murten/Morat,Allaman,7,,2026-10-09 15:04:00+00:00,2026-10-09 15:04:12+00:00,,True,0.2,2026-10-09 16:19:28.455000+02:00,2026-10-09 17:04:00+02:00,2026-10-09 17:04:12+02:00,2026-10-09,17,Friday,False,44.52575
20261009_141925,2026-10-09 14:19:28.455000+00:00,Lausanne,rail,ch:1:sloid:1120,Lausanne,ch:1:sloid:1120:0:42631,2026-10-09,ch:1:sjyid:100001:24154-001,rail,Regio,R1,R1,24154,Bex,Grandson,5,,2026-10-09 15:08:00+00:00,2026-10-09 15:08:12+00:00,,True,0.2,2026-10-09 16:19:28.455000+02:00,2026-10-09 17:08:00+02:00,2026-10-09 17:08:12+02:00,2026-10-09,17,Friday,False,48.52575
20261009_141925,2026-10-09 14:19:28.893000+00:00,Genève,rail,ch:1:sloid:1008,Genève,ch:1:sloid:1008:2:2,2026-10-09,ch:1:sjyid:100001:18470-001,rail,RegioExpress,RE33,RE33,18470,Martigny,Annemasse,2,,2026-10-09 14:23:00+00:00,,,False,,2026-10-09 16:19:28.893000+02:00,2026-10-09 16:23:00+02:00,,2026-10-09,16,Friday,False,3.51845
20261009_141925,2026-10-09 14:19:28.893000+00:00,Genève,rail,ch:1:sloid:1008,Genève,ch:1:sloid:1008:4:8,2026-10-09,ch:1:sjyid:100001:9776-002,rail,Train à grande vit.,TGV,TGV,9776,Genève,Paris Gare de Lyon,7,,2026-10-09 14:23:00+00:00,2026-10-09 14:24:00+00:00,,True,1.0,2026-10-09 16:19:28.893000+02:00,2026-10-09 16:23:00+02:00,2026-10-09 16:24:00+02:00,2026-10-09,16,Friday,False,3.51845
20261009_141925,2026-10-09 14:19:28.893000+00:00,Genève,rail,ch:1:sloid:1008,Genève,ch:1:sloid:1008:3:4,2026-10-09,ch:1:sjyid:100001:1729-001,rail,InterRegio,IR95,IR95,1729,Genève-Aéroport,Brig,4,,2026-10-09 14:24:00+00:00,2026-10-09 14:24:42+00:00,,True,0.7,2026-10-09 16:19:28.893000+02:00,2026-10-09 16:24:00+02:00,2026-10-09 16:24:42+02:00,2026-10-09,16,Friday,False,4.5184500000000005
20261009_141925,2026-10-09 14:19:28.893000+00:00,Genève,rail,ch:1:sloid:1008,Genève,ch:1:sloid:1008:2:3,2026-10-09,ch:1:sjyid:100001:720-001,rail,InterCity,IC1,IC1,720,St. Gallen,Genève-Aéroport,3,,2026-10-09 14:28:00+00:00,2026-10-09 14:29:18+00:00,,True,1.3,2026-10-09 16:19:28.893000+02:00,2026-10-09 16:28:00+02:00,2026-10-09 16:29:18+02:00,2026-10-09,16,Friday,False,8.51845
20261009_141925,2026-10-09 14:19:28.893000+00:00,Genève,rail,ch:1:sloid:1008,Genève,ch:1:sloid:1008:1:1,2026-10-09,ch:1:sjyid:100001:23365-001,rail,Regio,RL1,RL1,23365,Annemasse,Coppet,1,,2026-10-09 14:30:00+00:00,2026-10-09 14:30:12+00:00,,True,0.2,2026-10-09 16:19:28.893000+02:00,2026-10-09 16:30:00+02:00,2026-10-09 16:30:12+02:00,2026-10-09,16,Friday,False,10.51845
20261009_141925,2026-10-09 14:19:28.893000+00:00,Genève,rail,ch:1:sloid:1008,Genève,ch:1:sloid:1008:2:2,2026-10-09,ch:1:sjyid:100001:23466-001,rail,Regio,RL3,RL3,23466,Coppet,St-Gervais-les-Bains-Le Fayet,2,,2026-10-09 14:31:00+00:00,2026-10-09 14:31:42+00:00,,True,0.7,2026-10-09 16:19:28.893000+02:00,2026-10-09 16:31:00+02:00,2026-10-09 16:31:42+02:00,2026-10-09,16,Friday,False,11.51845
20261009_141925,2026-10-09 14:19:28.893000+00:00,Genève,rail,ch:1:sloid:1008,Genève,ch:1:sloid:1008:4:7,2026-10-09,ch:1:sjyid:100001:96646-002,rail,Train Express Regional,TER,TER,96646,Genève,Valence,6,,2026-10-09 14:34:00+00:00,2026-10-09 14:34:30+00:00,,True,0.5,2026-10-09 16:19:28.893000+02:00,2026-10-09 16:34:00+02:00,2026-10-09 16:34:30+02:00,2026-10-09,16,Friday,False,14.51845
20261009_141925,2026-10-09 14:19:28.893000+00:00,Genève,rail,ch:1:sloid:1008,Genève,ch:1:sloid:1008:3:4,2026-10-09,ch:1:sjyid:100001:729-001,rail,InterCity,IC1,IC1,729,Genève-Aéroport,St. Gallen,4,,2026-10-09 14:35:00+00:00,2026-10-09 14:35:30+00:00,,True,0.5,2026-10-09 16:19:28.893000+02:00,2026-10-09 16:35:00+02:00,2026-10-09 16:35:30+02:00,2026-10-09,16,Friday,False,15.51845
20261009_141925,2026-10-09 14:19:28.893000+00:00,Genève,rail,ch:1:sloid:1008,Genève,ch:1:sloid:1008:2:3,2026-10-09,ch:1:sjyid:100001:18479-001,rail,RegioExpress,RE33,RE33,18479,Annemasse,Martigny,3,,2026-10-09 14:38:00+00:00,2026-10-09 14:38:12+00:00,,True,0.2,2026-10-09 16:19:28.893000+02:00,2026-10-09 16:38:00+02:00,2026-10-09 16:38:12+02:00,2026-10-09,16,Friday,False,18.518449999999998
20261009_141925,2026-10-09 14:19:28.893000+00:00,Genève,rail,ch:1:sloid:1008,Genève,ch:1:sloid:1008:2:2,2026-10-09,ch:1:sjyid:100001:1722-001,rail,InterRegio,IR95,IR95,1722,Brig,Genève-Aéroport,2,,2026-10-09 14:38:00+00:00,2026-10-09 14:38:30+00:00,,True,0.5,2026-10-09 16:19:28.893000+02:00,2026-10-09 16:38:00+02:00,2026-10-09 16:38:30+02:00,2026-10-09,16,Friday,False,18.518449999999998
20261009_141925,2026-10-09 14:19:28.893000+00:00,Genève,rail,ch:1:sloid:1008,Genève,ch:1:sloid:1008:1:1,2026-10-09,ch:1:sjyid:100001:23259-001,rail,Regio,RL4,RL4,23259,Annemasse,Coppet,1,,2026-10-09 14:45:00+00:00,2026-10-09 14:45:12+00:00,,True,0.2,2026-10-09 16:19:28.893000+02:00,2026-10-09 16:45:00+02:00,2026-10-09 16:45:12+02:00,2026-10-09,16,Friday,False,25.518449999999998
20261009_141925,2026-10-09 14:19:28.893000+00:00,Genève,rail,ch:1:sloid:1008,Genève,ch:1:sloid:1008:2:2,2026-10-09,ch:1:sjyid:100001:23432-001,rail,Regio,RL2,RL2,23432,Coppet,Annecy,2,,2026-10-09 14:46:00+00:00,2026-10-09 14:46:42+00:00,,True,0.7,2026-10-09 16:19:28.893000+02:00,2026-10-09 16:46:00+02:00,2026-10-09 16:46:42+02:00,2026-10-09,16,Friday,False,26.518449999999998
20261009_141925,2026-10-09 14:19:28.893000+00:00,Genève,rail,ch:1:sloid:1008,Genève,ch:1:sloid:1008:4:8,2026-10-09,ch:1:sjyid:100001:96754-002,rail,Regio,RL6,RL6,96754,Genève,Bellegarde-sur-Valserine,7,,2026-10-09 14:48:00+00:00,2026-10-09 14:48:12+00:00,,True,0.2,2026-10-09 16:19:28.893000+02:00,2026-10-09 16:48:00+02:00,2026-10-09 16:48:12+02:00,2026-10-09,16,Friday,False,28.518449999999998
20261009_141925,2026-10-09 14:19:28.893000+00:00,Genève,rail,ch:1:sloid:1008,Genève,ch:1:sloid:1008:3:6,2026-10-09,ch:1:sjyid:100001:1929-001,rail,InterRegio,IR,IR,1929,Genève,Sion,5,,2026-10-09 14:49:00+00:00,2026-10-09 14:49:30+00:00,,True,0.5,2026-10-09 16:19:28.893000+02:00,2026-10-09 16:49:00+02:00,2026-10-09 16:49:30+02:00,2026-10-09,16,Friday,False,29.518449999999998
20261009_141925,2026-10-09 14:19:28.893000+00:00,Genève,rail,ch:1:sloid:1008,Genève,ch:1:sloid:1008:2:2,2026-10-09,ch:1:sjyid:100001:18426-001,rail,RegioExpress,RE33,RE33,18426,St-Maurice,Annemasse,2,,2026-10-09 14:53:00+00:00,,,False,,2026-10-09 16:19:28.893000+02:00,2026-10-09 16:53:00+02:00,,2026-10-09,16,Friday,False,33.51845
20261009_141925,2026-10-09 14:19:28.893000+00:00,Genève,rail,ch:1:sloid:1008,Genève,ch:1:sloid:1008:3:4,2026-10-09,ch:1:sjyid:100001:2531-001,rail,InterRegio,IR15,IR15,2531,Genève-Aéroport,Luzern,4,,2026-10-09 14:54:00+00:00,2026-10-09 14:54:30+00:00,,True,0.5,2026-10-09 16:19:28.893000+02:00,2026-10-09 16:54:00+02:00,2026-10-09 16:54:30+02:00,2026-10-09,16,Friday,False,34.51845
20261009_141925,2026-10-09 14:19:28.893000+00:00,Genève,rail,ch:1:sloid:1008,Genève,ch:1:sloid:1008:3:6,2026-10-09,ch:1:sjyid:100001:3577-001,rail,RegioExpress,RE,RE,3577,Genève,Nyon,5,,2026-10-09 14:57:00+00:00,2026-10-09 14:57:12+00:00,,True,0.2,2026-10-09 16:19:28.893000+02:00,2026-10-09 16:57:00+02:00,2026-10-09 16:57:12+02:00,2026-10-09,16,Friday,False,37.51845
20261009_141925,2026-10-09 14:19:28.893000+00:00,Genève,rail,ch:1:sloid:1008,Genève,ch:1:sloid:1008:2:3,2026-10-09,ch:1:sjyid:100001:1824-001,rail,InterRegio,IR90,IR90,1824,Brig,Genève-Aéroport,3,,2026-10-09 14:58:00+00:00,2026-10-09 14:58:30+00:00,,True,0.5,2026-10-09 16:19:28.893000+02:00,2026-10-09 16:58:00+02:00,2026-10-09 16:58:30+02:00,2026-10-09,16,Friday,False,38.51845
20261009_141925,2026-10-09 14:19:28.893000+00:00,Genève,rail,ch:1:sloid:1008,Genève,ch:1:sloid:1008:1:1,2026-10-09,ch:1:sjyid:100001:23161-001,rail,Regio,RL4,RL4,23161,Annemasse,Coppet,1,,2026-10-09 15:00:00+00:00,2026-10-09 15:00:12+00:00,,True,0.2,2026-10-09 16:19:28.893000+02:00,2026-10-09 17:00:00+02:00,2026-10-09 17:00:12+02:00,2026-10-09,17,Friday,False,40.51845
20261009_141925,2026-10-09 14:19:28.893000+00:00,Genève,rail,ch:1:sloid:1008,Genève,ch:1:sloid:1008:2:2,2026-10-09,ch:1:sjyid:100001:23334-001,rail,Regio,RL1,RL1,23334,Coppet,Evian-les-Bains,2,,2026-10-09 15:01:00+00:00,2026-10-09 15:01:42+00:00,,True,0.7,2026-10-09 16:19:28.893000+02:00,2026-10-09 17:01:00+02:00,2026-10-09 17:01:42+02:00,2026-10-09,17,Friday,False,41.51845
20261009_141925,2026-10-09 14:19:28.893000+00:00,Genève,rail,ch:1:sloid:1008,Genève,ch:1:sloid:1008:3:6,2026-10-09,ch:1:sjyid:100001:1829-001,rail,InterRegio,IR90,IR90,1829,Genève-Aéroport,Brig,5,,2026-10-09 15:05:00+00:00,2026-10-09 15:05:30+00:00,,True,0.5,2026-10-09 16:19:28.893000+02:00,2026-10-09 17:05:00+02:00,2026-10-09 17:05:30+02:00,2026-10-09,17,Friday,False,45.51845
20261009_141925,2026-10-09 14:19:28.893000+00:00,Genève,rail,ch:1:sloid:1008,Genève,ch:1:sloid:1008:3:4,2026-10-09,ch:1:sjyid:100001:18427-001,rail,RegioExpress,RE33,RE33,18427,Annemasse,St-Maurice,4,,2026-10-09 15:08:00+00:00,2026-10-09 15:08:12+00:00,,True,0.2,2026-10-09 16:19:28.893000+02:00,2026-10-09 17:08:00+02:00,2026-10-09 17:08:12+02:00,2026-10-09,17,Friday,False,48.51845
20261009_141925,2026-10-09 14:19:28.893000+00:00,Genève,rail,ch:1:sloid:1008,Genève,ch:1:sloid:1008:2:3,2026-10-09,ch:1:sjyid:100001:2524-001,rail,InterRegio,IR15,IR15,2524,Luzern,Genève-Aéroport,3,,2026-10-09 15:08:00+00:00,2026-10-09 15:08:30+00:00,,True,0.5,2026-10-09 16:19:28.893000+02:00,2026-10-09 17:08:00+02:00,2026-10-09 17:08:30+02:00,2026-10-09,17,Friday,False,48.51845
20261009_141925,2026-10-09 14:19:28.893000+00:00,Genève,rail,ch:1:sloid:1008,Genève,ch:1:sloid:1008:1:1,2026-10-09,ch:1:sjyid:100001:23431-001,rail,Regio,RL2,RL2,23431,Annemasse,Coppet,1,,2026-10-09 15:15:00+00:00,2026-10-09 15:15:12+00:00,,True,0.2,2026-10-09 16:19:28.893000+02:00,2026-10-09 17:15:00+02:00,2026-10-09 17:15:12+02:00,2026-10-09,17,Friday,False,55.51845
20261009_141925,2026-10-09 14:19:28.893000+00:00,Genève,rail,ch:1:sloid:1008,Genève,ch:1:sloid:1008:2:2,2026-10-09,ch:1:sjyid:100001:23262-001,rail,Regio,RL4,RL4,23262,Coppet,Annemasse,2,,2026-10-09 15:16:00+00:00,2026-10-09 15:16:42+00:00,,True,0.7,2026-10-09 16:19:28.893000+02:00,2026-10-09 17:16:00+02:00,2026-10-09 17:16:42+02:00,2026-10-09,17,Friday,False,56.51845
20261009_141925,2026-10-09 14:19:28.893000+00:00,Genève,rail,ch:1:sloid:1008,Genève,ch:1:sloid:1008:3:5,2026-10-09,ch:1:sjyid:100001:23062-002,rail,Regio,RL5,RL5,23062,Genève,La Plaine,10,,2026-10-09 15:18:00+00:00,2026-10-09 15:18:12+00:00,,True,0.2,2026-10-09 16:19:28.893000+02:00,2026-10-09 17:18:00+02:00,2026-10-09 17:18:12+02:00,2026-10-09,17,Friday,False,58.51845
20261009_141925,2026-10-09 14:19:28.893000+00:00,Genève,rail,ch:1:sloid:1008,Genève,ch:1:sloid:1008:2:2,2026-10-09,ch:1:sjyid:100001:18472-001,rail,RegioExpress,RE33,RE33,18472,Martigny,Annemasse,2,,2026-10-09 15:23:00+00:00,,,False,,2026-10-09 16:19:28.893000+02:00,2026-10-09 17:23:00+02:00,,2026-10-09,17,Friday,False,63.51845
20261009_141925,2026-10-09 14:19:28.893000+00:00,Genève,rail,ch:1:sloid:1008,Genève,ch:1:sloid:1008:3:4,2026-10-09,ch:1:sjyid:100001:1731-001,rail,InterRegio,IR95,IR95,1731,Genève-Aéroport,Brig,4,,2026-10-09 15:24:00+00:00,2026-10-09 15:24:42+00:00,,True,0.7,2026-10-09 16:19:28.893000+02:00,2026-10-09 17:24:00+02:00,2026-10-09 17:24:42+02:00,2026-10-09,17,Friday,False,64.51845
20261009_141925,2026-10-09 14:19:28.893000+00:00,Genève,rail,ch:1:sloid:1008,Genève,ch:1:sloid:1008:4:8,2026-10-09,ch:1:sjyid:100001:96574-002,rail,Train Express Regional,TER,TER,96574,Genève,Lyon Part Dieu,7,,2026-10-09 15:24:00+00:00,2026-10-09 15:24:30+00:00,,True,0.5,2026-10-09 16:19:28.893000+02:00,2026-10-09 17:24:00+02:00,2026-10-09 17:24:30+02:00,2026-10-09,17,Friday,False,64.51845
20261009_141925,2026-10-09 14:19:29.331000+00:00,Lugano,rail,ch:1:sloid:5300,Lugano,ch:1:sloid:5300:3:4,2026-10-09,ch:1:sjyid:100001:25128-001,rail,S-Bahn,S10,S10,25128,Como Camerlata,Biasca,4,,2026-10-09 14:25:00+00:00,2026-10-09 14:25:24+00:00,,True,0.4,2026-10-09 16:19:29.331000+02:00,2026-10-09 16:25:00+02:00,2026-10-09 16:25:24+02:00,2026-10-09,16,Friday,False,5.51115
20261009_141925,2026-10-09 14:19:29.331000+00:00,Lugano,rail,ch:1:sloid:5300,Lugano,ch:1:sloid:5300:2:2,2026-10-09,ch:1:sjyid:100001:25829-001,rail,RegioExpress,RE80,RE80,25829,Locarno,Chiasso,2,,2026-10-09 14:25:00+00:00,2026-10-09 14:26:36+00:00,,True,1.6,2026-10-09 16:19:29.331000+02:00,2026-10-09 16:25:00+02:00,2026-10-09 16:26:36+02:00,2026-10-09,16,Friday,False,5.51115
20261009_141925,2026-10-09 14:19:29.331000+00:00,Lugano,rail,ch:1:sloid:5300,Lugano,ch:1:sloid:5300:2:3,2026-10-09,ch:1:sjyid:100001:20-002,rail,EuroCity,EC,EC,20,Como S. Giovanni,Zürich HB,3,,2026-10-09 14:30:00+00:00,2026-10-09 14:31:48+00:00,,True,1.8,2026-10-09 16:19:29.331000+02:00,2026-10-09 16:30:00+02:00,2026-10-09 16:31:48+02:00,2026-10-09,16,Friday,False,10.511149999999999
20261009_141925,2026-10-09 14:19:29.331000+00:00,Lugano,rail,ch:1:sloid:5300,Lugano,ch:1:sloid:5300:2:2,2026-10-09,ch:1:sjyid:100001:37-001,rail,EuroCity,EC,EC,37,Zürich HB,Firenze S. M. N.,2,,2026-10-09 14:30:00+00:00,,,False,,2026-10-09 16:19:29.331000+02:00,2026-10-09 16:30:00+02:00,,2026-10-09,16,Friday,False,10.511149999999999
20261009_141925,2026-10-09 14:19:29.331000+00:00,Lugano,rail,ch:1:sloid:5300,Lugano,ch:1:sloid:5300:3:4,2026-10-09,ch:1:sjyid:100001:25824-001,rail,RegioExpress,RE80,RE80,25824,Chiasso,Locarno,4,,2026-10-09 14:35:00+00:00,2026-10-09 14:35:48+00:00,,True,0.8,2026-10-09 16:19:29.331000+02:00,2026-10-09 16:35:00+02:00,2026-10-09 16:35:48+02:00,2026-10-09,16,Friday,False,15.511149999999999
20261009_141925,2026-10-09 14:19:29.331000+00:00,Lugano,rail,ch:1:sloid:5300,Lugano,ch:1:sloid:5300:2:2,2026-10-09,ch:1:sjyid:100001:25129-001,rail,S-Bahn,S10,S10,25129,Biasca,Como Camerlata,2,,2026-10-09 14:36:00+00:00,,,False,,2026-10-09 16:19:29.331000+02:00,2026-10-09 16:36:00+02:00,,2026-10-09,16,Friday,False,16.51115
20261009_141925,2026-10-09 14:19:29.331000+00:00,Lugano,rail,ch:1:sloid:5300,Lugano,ch:1:sloid:5300:1:1,2026-10-09,ch:1:sjyid:100001:25976-001,rail,S-Bahn,S90,S90,25976,Lugano,Giubiasco,1,,2026-10-09 14:38:00+00:00,2026-10-09 14:38:12+00:00,,True,0.2,2026-10-09 16:19:29.331000+02:00,2026-10-09 16:38:00+02:00,2026-10-09 16:38:12+02:00,2026-10-09,16,Friday,False,18.51115
20261009_141925,2026-10-09 14:19:29.331000+00:00,Lugano,rail,ch:1:sloid:5300,Lugano,ch:1:sloid:5300:2:2,2026-10-09,ch:1:sjyid:100001:25929-001,rail,S-Bahn,S90,S90,25929,Giubiasco,Mendrisio,2,,2026-10-09 14:52:00+00:00,2026-10-09 14:52:12+00:00,,True,0.2,2026-10-09 16:19:29.331000+02:00,2026-10-09 16:52:00+02:00,2026-10-09 16:52:12+02:00,2026-10-09,16,Friday,False,32.51115
20261009_141925,2026-10-09 14:19:29.331000+00:00,Lugano,rail,ch:1:sloid:5300,Lugano,ch:1:sloid:5300:3:4,2026-10-09,ch:1:sjyid:100001:25776-002,rail,S-Bahn,S10,S10,25776,Mendrisio,Airolo,4,,2026-10-09 14:55:00+00:00,2026-10-09 14:55:36+00:00,,True,0.6,2026-10-09 16:19:29.331000+02:00,2026-10-09 16:55:00+02:00,2026-10-09 16:55:36+02:00,2026-10-09,16,Friday,False,35.51115
20261009_141925,2026-10-09 14:19:29.331000+00:00,Lugano,rail,ch:1:sloid:5300,Lugano,ch:1:sloid:5300:2:3,2026-10-09,ch:1:sjyid:100001:886-001,rail,InterCity,IC2,IC2,886,Lugano,Zürich HB,3,,2026-10-09 15:02:00+00:00,2026-10-09 15:02:30+00:00,,True,0.5,2026-10-09 16:19:29.331000+02:00,2026-10-09 17:02:00+02:00,2026-10-09 17:02:30+02:00,2026-10-09,17,Friday,False,42.51115
20261009_141925,2026-10-09 14:19:29.331000+00:00,Lugano,rail,ch:1:sloid:5300,Lugano,ch:1:sloid:5300:1:1,2026-10-09,ch:1:sjyid:100001:25529-001,rail,RegioExpress,RE80,RE80,25529,Locarno,Milano Centrale,1,,2026-10-09 15:02:00+00:00,,,False,,2026-10-09 16:19:29.331000+02:00,2026-10-09 17:02:00+02:00,,2026-10-09,17,Friday,False,42.51115
20261009_141925,2026-10-09 14:19:29.331000+00:00,Lugano,rail,ch:1:sloid:5300,Lugano,ch:1:sloid:5300:3:4,2026-10-09,ch:1:sjyid:100001:25524-001,rail,RegioExpress,RE80,RE80,25524,Milano Centrale,Locarno,4,,2026-10-09 15:05:00+00:00,2026-10-09 15:05:12+00:00,,True,0.2,2026-10-09 16:19:29.331000+02:00,2026-10-09 17:05:00+02:00,2026-10-09 17:05:12+02:00,2026-10-09,17,Friday,False,45.51115
20261009_141925,2026-10-09 14:19:29.331000+00:00,Lugano,rail,ch:1:sloid:5300,Lugano,ch:1:sloid:5300:1:1,2026-10-09,ch:1:sjyid:100001:25779-001,rail,S-Bahn,S10,S10,25779,Biasca,Como S. Giovanni/Malpensa Aeroporto T2,1,,2026-10-09 15:06:00+00:00,2026-10-09 15:06:12+00:00,,True,0.2,2026-10-09 16:19:29.331000+02:00,2026-10-09 17:06:00+02:00,2026-10-09 17:06:12+02:00,2026-10-09,17,Friday,False,46.51115
20261009_141925,2026-10-09 14:19:29.331000+00:00,Lugano,rail,ch:1:sloid:5300,Lugano,ch:1:sloid:5300:2:3,2026-10-09,ch:1:sjyid:100001:25930-001,rail,S-Bahn,S90,S90,25930,Mendrisio,Giubiasco,3,,2026-10-09 15:08:00+00:00,2026-10-09 15:08:12+00:00,,True,0.2,2026-10-09 16:19:29.331000+02:00,2026-10-09 17:08:00+02:00,2026-10-09 17:08:12+02:00,2026-10-09,17,Friday,False,48.51115
20261009_141925,2026-10-09 14:19:29.331000+00:00,Lugano,rail,ch:1:sloid:5300,Lugano,ch:1:sloid:5300:2:2,2026-10-09,ch:1:sjyid:100001:25729-001,rail,S-Bahn,S10,S10,25729,Bellinzona,Mendrisio,2,,2026-10-09 15:18:00+00:00,2026-10-09 15:18:12+00:00,,True,0.2,2026-10-09 16:19:29.331000+02:00,2026-10-09 17:18:00+02:00,2026-10-09 17:18:12+02:00,2026-10-09,17,Friday,False,58.51115
20261009_141925,2026-10-09 14:19:29.331000+00:00,Lugano,rail,ch:1:sloid:5300,Lugano,ch:1:sloid:5300:3:4,2026-10-09,ch:1:sjyid:100001:25130-001,rail,S-Bahn,S10,S10,25130,Como Camerlata,Biasca,4,,2026-10-09 15:25:00+00:00,2026-10-09 15:25:24+00:00,,True,0.4,2026-10-09 16:19:29.331000+02:00,2026-10-09 17:25:00+02:00,2026-10-09 17:25:24+02:00,2026-10-09,17,Friday,False,65.51115
20261009_141925,2026-10-09 14:19:29.331000+00:00,Lugano,rail,ch:1:sloid:5300,Lugano,ch:1:sloid:5300:2:2,2026-10-09,ch:1:sjyid:100001:25831-001,rail,RegioExpress,RE80,RE80,25831,Locarno,Chiasso,2,,2026-10-09 15:25:00+00:00,2026-10-09 15:25:12+00:00,,True,0.2,2026-10-09 16:19:29.331000+02:00,2026-10-09 17:25:00+02:00,2026-10-09 17:25:12+02:00,2026-10-09,17,Friday,False,65.51115
20261009_141925,2026-10-09 14:19:29.331000+00:00,Lugano,rail,ch:1:sloid:5300,Lugano,ch:1:sloid:5300:2:3,2026-10-09,ch:1:sjyid:100001:22-003,rail,EuroCity,EC,EC,22,Como S. Giovanni,Zürich HB,3,,2026-10-09 15:30:00+00:00,2026-10-09 15:31:00+00:00,,True,1.0,2026-10-09 16:19:29.331000+02:00,2026-10-09 17:30:00+02:00,2026-10-09 17:31:00+02:00,2026-10-09,17,Friday,False,70.51115
20261009_141925,2026-10-09 14:19:29.331000+00:00,Lugano,rail,ch:1:sloid:5300,Lugano,ch:1:sloid:5300:2:2,2026-10-09,ch:1:sjyid:100001:123-002,rail,EuroCity,EC,EC,123,Zürich HB,Milano Centrale,2,,2026-10-09 15:30:00+00:00,,,False,,2026-10-09 16:19:29.331000+02:00,2026-10-09 17:30:00+02:00,,2026-10-09,17,Friday,False,70.51115
20261009_141925,2026-10-09 14:19:29.331000+00:00,Lugano,rail,ch:1:sloid:5300,Lugano,ch:1:sloid:5300:3:4,2026-10-09,ch:1:sjyid:100001:25826-001,rail,RegioExpress,RE80,RE80,25826,Chiasso,Locarno,4,,2026-10-09 15:35:00+00:00,2026-10-09 15:35:48+00:00,,True,0.8,2026-10-09 16:19:29.331000+02:00,2026-10-09 17:35:00+02:00,2026-10-09 17:35:48+02:00,2026-10-09,17,Friday,False,75.51115
20261009_141925,2026-10-09 14:19:29.331000+00:00,Lugano,rail,ch:1:sloid:5300,Lugano,ch:1:sloid:5300:2:2,2026-10-09,ch:1:sjyid:100001:25131-001,rail,S-Bahn,S10,S10,25131,Biasca,Como Camerlata,2,,2026-10-09 15:36:00+00:00,,,False,,2026-10-09 16:19:29.331000+02:00,2026-10-09 17:36:00+02:00,,2026-10-09,17,Friday,False,76.51115
20261009_141925,2026-10-09 14:19:29.331000+00:00,Lugano,rail,ch:1:sloid:5300,Lugano,ch:1:sloid:5300:1:1,2026-10-09,ch:1:sjyid:100001:25978-001,rail,S-Bahn,S90,S90,25978,Lugano,Giubiasco,1,,2026-10-09 15:38:00+00:00,2026-10-09 15:38:12+00:00,,True,0.2,2026-10-09 16:19:29.331000+02:00,2026-10-09 17:38:00+02:00,2026-10-09 17:38:12+02:00,2026-10-09,17,Friday,False,78.51115
20261009_141925,2026-10-09 14:19:29.331000+00:00,Lugano,rail,ch:1:sloid:5300,Lugano,ch:1:sloid:5300:1:1,2026-10-09,ch:1:sjyid:100001:25731-003,rail,RegioExpress,RE80,RE80,25731,Lugano,Chiasso,1,,2026-10-09 15:51:00+00:00,2026-10-09 15:52:48+00:00,,True,1.8,2026-10-09 16:19:29.331000+02:00,2026-10-09 17:51:00+02:00,2026-10-09 17:52:48+02:00,2026-10-09,17,Friday,False,91.51115
20261009_141925,2026-10-09 14:19:29.331000+00:00,Lugano,rail,ch:1:sloid:5300,Lugano,ch:1:sloid:5300:2:2,2026-10-09,ch:1:sjyid:100001:25733-001,rail,S-Bahn,S90,S90,25733,Lugano,Mendrisio,2,,2026-10-09 15:54:00+00:00,2026-10-09 15:54:54+00:00,,True,0.9,2026-10-09 16:19:29.331000+02:00,2026-10-09 17:54:00+02:00,2026-10-09 17:54:54+02:00,2026-10-09,17,Friday,False,94.51115
20261009_141925,2026-10-09 14:19:29.331000+00:00,Lugano,rail,ch:1:sloid:5300,Lugano,ch:1:sloid:5300:3:4,2026-10-09,ch:1:sjyid:100001:25778-001,rail,S-Bahn,S10,S10,25778,Mendrisio,Biasca,4,,2026-10-09 15:55:00+00:00,2026-10-09 15:55:36+00:00,,True,0.6,2026-10-09 16:19:29.331000+02:00,2026-10-09 17:55:00+02:00,2026-10-09 17:55:36+02:00,2026-10-09,17,Friday,False,95.51115
20261009_141925,2026-10-09 14:19:29.331000+00:00,Lugano,rail,ch:1:sloid:5300,Lugano,ch:1:sloid:5300:2:3,2026-10-09,ch:1:sjyid:100001:688-001,rail,InterCity,IC21,IC21,688,Lugano,Basel SBB,3,,2026-10-09 16:02:00+00:00,2026-10-09 16:02:30+00:00,,True,0.5,2026-10-09 16:19:29.331000+02:00,2026-10-09 18:02:00+02:00,2026-10-09 18:02:30+02:00,2026-10-09,18,Friday,False,102.51115
20261009_141925,2026-10-09 14:19:29.331000+00:00,Lugano,rail,ch:1:sloid:5300,Lugano,ch:1:sloid:5300:1:1,2026-10-09,ch:1:sjyid:100001:25531-001,rail,RegioExpress,RE80,RE80,25531,Locarno,Milano Centrale,1,,2026-10-09 16:02:00+00:00,,,False,,2026-10-09 16:19:29.331000+02:00,2026-10-09 18:02:00+02:00,,2026-10-09,18,Friday,False,102.51115
20261009_141925,2026-10-09 14:19:29.331000+00:00,Lugano,rail,ch:1:sloid:5300,Lugano,ch:1:sloid:5300:3:4,2026-10-09,ch:1:sjyid:100001:25526-001,rail,RegioExpress,RE80,RE80,25526,Milano Centrale,Locarno,4,,2026-10-09 16:05:00+00:00,2026-10-09 16:05:12+00:00,,True,0.2,2026-10-09 16:19:29.331000+02:00,2026-10-09 18:05:00+02:00,2026-10-09 18:05:12+02:00,2026-10-09,18,Friday,False,105.51115
20261009_141925,2026-10-09 14:19:29.331000+00:00,Lugano,rail,ch:1:sloid:5300,Lugano,ch:1:sloid:5300:1:1,2026-10-09,ch:1:sjyid:100001:25781-001,rail,S-Bahn,S10,S10,25781,Biasca,Como S. Giovanni/Malpensa Aeroporto T2,1,,2026-10-09 16:06:00+00:00,2026-10-09 16:06:12+00:00,,True,0.2,2026-10-09 16:19:29.331000+02:00,2026-10-09 18:06:00+02:00,2026-10-09 18:06:12+02:00,2026-10-09,18,Friday,False,106.51115
20261009_141925,2026-10-09 14:19:29.331000+00:00,Lugano,rail,ch:1:sloid:5300,Lugano,ch:1:sloid:5300:2:3,2026-10-09,ch:1:sjyid:100001:25932-001,rail,S-Bahn,S90,S90,25932,Mendrisio,Giubiasco,3,,2026-10-09 16:08:00+00:00,2026-10-09 16:08:12+00:00,,True,0.2,2026-10-09 16:19:29.331000+02:00,2026-10-09 18:08:00+02:00,2026-10-09 18:08:12+02:00,2026-10-09,18,Friday,False,108.51115
20261009_141925,2026-10-09 14:19:29.754000+00:00,Zürich,local,ch:1:sloid:87348,"Zürich, Bahnhofplatz/HB",ch:1:sloid:87348::1,2026-10-09,ch:1:sjyid:100648:plan:fe78114a-174f-41cd-a73a-da8b500baa09,tram,Tram,14,14,31444,"Zürich, Bahnhofplatz/HB",Triemli,,,2026-10-09 14:21:30+00:00,2026-10-09 14:21:54+00:00,,True,0.4,2026-10-09 16:19:29.754000+02:00,2026-10-09 16:21:30+02:00,2026-10-09 16:21:54+02:00,2026-10-09,16,Friday,False,2.0040999999999998
20261009_141925,2026-10-09 14:19:29.754000+00:00,Zürich,local,ch:1:sloid:87348,"Zürich, Bahnhofplatz/HB",ch:1:sloid:87348::0,2026-10-09,ch:1:sjyid:100648:plan:dc741830-a8f8-4256-94d9-e190ff4aedc2,tram,Tram,6,6,31513,"Zürich, Bahnhofplatz/HB",Zoo,,,2026-10-09 14:22:36+00:00,2026-10-09 14:23:06+00:00,,True,0.5,2026-10-09 16:19:29.754000+02:00,2026-10-09 16:22:36+02:00,2026-10-09 16:23:06+02:00,2026-10-09,16,Friday,False,3.1041000000000003
20261009_141925,2026-10-09 14:19:29.754000+00:00,Zürich,local,ch:1:sloid:87348,"Zürich, Bahnhofplatz/HB",ch:1:sloid:87348,2026-10-09,ch:1:sjyid:100648:plan:ea7e0463-e611-4d44-bee0-359910cc3865,bus,Bus,31,31,35362,"Zürich, Hermetschloo",Kienastenwies,,,2026-10-09 14:22:24+00:00,2026-10-09 14:21:54+00:00,,True,-0.5,2026-10-09 16:19:29.754000+02:00,2026-10-09 16:22:24+02:00,2026-10-09 16:21:54+02:00,2026-10-09,16,Friday,False,2.9041
20261009_141925,2026-10-09 14:19:29.754000+00:00,Zürich,local,ch:1:sloid:87348,"Zürich, Bahnhofplatz/HB",ch:1:sloid:87348::11,2026-10-09,ch:1:sjyid:100648:plan:690f2bc6-8d9a-4b0b-bd81-8339879b1bbe,bus,Bus,31,31,35213,"Zürich, Kienastenwies",Hermetschloo,,,2026-10-09 14:22:00+00:00,2026-10-09 14:22:00+00:00,,True,0.0,2026-10-09 16:19:29.754000+02:00,2026-10-09 16:22:00+02:00,2026-10-09 16:22:00+02:00,2026-10-09,16,Friday,False,2.5041
20261009_141925,2026-10-09 14:19:29.754000+00:00,Zürich,local,ch:1:sloid:87348,"Zürich, Bahnhofplatz/HB",ch:1:sloid:87348::0,2026-10-09,ch:1:sjyid:100648:plan:e0936b21-be95-4694-bbe4-3d913b433084,tram,Tram,3,3,30541,"Zürich, Albisrieden",Klusplatz,,,2026-10-09 14:25:54+00:00,2026-10-09 14:27:18+00:00,,True,1.4,2026-10-09 16:19:29.754000+02:00,2026-10-09 16:25:54+02:00,2026-10-09 16:27:18+02:00,2026-10-09,16,Friday,False,6.4041
20261009_141925,2026-10-09 14:19:29.754000+00:00,Zürich,local,ch:1:sloid:87348,"Zürich, Bahnhofplatz/HB",ch:1:sloid:87348::1,2026-10-09,ch:1:sjyid:100648:plan:44e1a321-fbf0-4f20-9045-7277a1a8fc83,tram,Tram,3,3,30969,"Zürich, Klusplatz",Albisrieden,,,2026-10-09 14:25:18+00:00,2026-10-09 14:24:24+00:00,,True,-0.9,2026-10-09 16:19:29.754000+02:00,2026-10-09 16:25:18+02:00,2026-10-09 16:24:24+02:00,2026-10-09,16,Friday,False,5.8041
20261009_141925,2026-10-09 14:19:29.754000+00:00,Zürich,local,ch:1:sloid:87348,"Zürich, Bahnhofplatz/HB",ch:1:sloid:87348::11,2026-10-09,ch:1:sjyid:100648:plan:84f0490e-d7e8-4a3e-9f95-9036af6c5181,bus,Bus,31,31,35705,"Zürich, Kienastenwies",Hermetschloo,,,2026-10-09 14:29:30+00:00,2026-10-09 14:28:54+00:00,,True,-0.6,2026-10-09 16:19:29.754000+02:00,2026-10-09 16:29:30+02:00,2026-10-09 16:28:54+02:00,2026-10-09,16,Friday,False,10.0041
20261009_141925,2026-10-09 14:19:29.754000+00:00,Zürich,local,ch:1:sloid:87348,"Zürich, Bahnhofplatz/HB",ch:1:sloid:87348::0,2026-10-09,ch:1:sjyid:100648:plan:c08d4c5e-1ebf-4a2e-927f-a3381c29a31a,tram,Tram,6,6,31936,"Zürich, Bahnhofplatz/HB",Zoo,,,2026-10-09 14:30:06+00:00,2026-10-09 14:30:06+00:00,,True,0.0,2026-10-09 16:19:29.754000+02:00,2026-10-09 16:30:06+02:00,2026-10-09 16:30:06+02:00,2026-10-09,16,Friday,False,10.604099999999999
20261009_141925,2026-10-09 14:19:29.754000+00:00,Zürich,local,ch:1:sloid:87348,"Zürich, Bahnhofplatz/HB",ch:1:sloid:87348,2026-10-09,ch:1:sjyid:100648:plan:4c25be12-ae13-4d20-acda-d66138a03b32,bus,Bus,31,31,35932,"Zürich, Hermetschloo",Kienastenwies,,,2026-10-09 14:30:24+00:00,2026-10-09 14:29:54+00:00,,True,-0.5,2026-10-09 16:19:29.754000+02:00,2026-10-09 16:30:24+02:00,2026-10-09 16:29:54+02:00,2026-10-09,16,Friday,False,10.9041
20261009_141925,2026-10-09 14:19:29.754000+00:00,Zürich,local,ch:1:sloid:87348,"Zürich, Bahnhofplatz/HB",ch:1:sloid:87348::1,2026-10-09,ch:1:sjyid:100648:plan:e9eeba77-b299-419a-aaf3-2e7a47b55f70,tram,Tram,3,3,31404,"Zürich, Klusplatz",Albisrieden,,,2026-10-09 14:32:48+00:00,2026-10-09 14:32:48+00:00,,True,0.0,2026-10-09 16:19:29.754000+02:00,2026-10-09 16:32:48+02:00,2026-10-09 16:32:48+02:00,2026-10-09,16,Friday,False,13.3041
20261009_141925,2026-10-09 14:19:29.754000+00:00,Zürich,local,ch:1:sloid:87348,"Zürich, Bahnhofplatz/HB",ch:1:sloid:87348::0,2026-10-09,ch:1:sjyid:100648:plan:54509940-972a-4b47-aa0c-d4cd0071a4c9,tram,Tram,3,3,30974,"Zürich, Albisrieden",Klusplatz,,,2026-10-09 14:33:24+00:00,2026-10-09 14:34:12+00:00,,True,0.8,2026-10-09 16:19:29.754000+02:00,2026-10-09 16:33:24+02:00,2026-10-09 16:34:12+02:00,2026-10-09,16,Friday,False,13.9041
20261009_141925,2026-10-09 14:19:29.754000+00:00,Zürich,local,ch:1:sloid:87348,"Zürich, Bahnhofplatz/HB",ch:1:sloid:87348::1,2026-10-09,ch:1:sjyid:100648:plan:8aa38baf-ad1b-4af3-b7b3-808ef05220a9,tram,Tram,14,14,32293,"Zürich, Bahnhofplatz/HB",Triemli,,,2026-10-09 14:36:30+00:00,2026-10-09 14:36:30+00:00,,True,0.0,2026-10-09 16:19:29.754000+02:00,2026-10-09 16:36:30+02:00,2026-10-09 16:36:30+02:00,2026-10-09,16,Friday,False,17.0041
20261009_141925,2026-10-09 14:19:29.754000+00:00,Zürich,local,ch:1:sloid:87348,"Zürich, Bahnhofplatz/HB",ch:1:sloid:87348::0,2026-10-09,ch:1:sjyid:100648:plan:10e17855-cf61-42e1-a134-d90d353a454f,tram,Tram,6,6,32374,"Zürich, Bahnhofplatz/HB",Zoo,,,2026-10-09 14:37:36+00:00,2026-10-09 14:37:36+00:00,,True,0.0,2026-10-09 16:19:29.754000+02:00,2026-10-09 16:37:36+02:00,2026-10-09 16:37:36+02:00,2026-10-09,16,Friday,False,18.104100000000003
20261009_141925,2026-10-09 14:19:29.754000+00:00,Zürich,local,ch:1:sloid:87348,"Zürich, Bahnhofplatz/HB",ch:1:sloid:87348,2026-10-09,ch:1:sjyid:100648:plan:cd2da4fa-843e-4a9d-a02d-390aad6ae23c,bus,Bus,31,31,36409,"Zürich, Hermetschloo",Kienastenwies,,,2026-10-09 14:37:54+00:00,2026-10-09 14:37:42+00:00,,True,-0.2,2026-10-09 16:19:29.754000+02:00,2026-10-09 16:37:54+02:00,2026-10-09 16:37:42+02:00,2026-10-09,16,Friday,False,18.404100000000003
20261009_141925,2026-10-09 14:19:29.754000+00:00,Zürich,local,ch:1:sloid:87348,"Zürich, Bahnhofplatz/HB",ch:1:sloid:87348::11,2026-10-09,ch:1:sjyid:100648:plan:3a5dc9a6-e944-46b4-9e32-905cac88da08,bus,Bus,31,31,36223,"Zürich, Kienastenwies",Hermetschloo,,,2026-10-09 14:37:00+00:00,2026-10-09 14:36:36+00:00,,True,-0.4,2026-10-09 16:19:29.754000+02:00,2026-10-09 16:37:00+02:00,2026-10-09 16:36:36+02:00,2026-10-09,16,Friday,False,17.5041
20261009_141925,2026-10-09 14:19:29.754000+00:00,Zürich,local,ch:1:sloid:87348,"Zürich, Bahnhofplatz/HB",ch:1:sloid:87348::0,2026-10-09,ch:1:sjyid:100648:plan:f3410709-a574-450b-9a63-88cd0d224c46,tram,Tram,3,3,31409,"Zürich, Albisrieden",Klusplatz,,,2026-10-09 14:40:54+00:00,2026-10-09 14:40:54+00:00,,True,0.0,2026-10-09 16:19:29.754000+02:00,2026-10-09 16:40:54+02:00,2026-10-09 16:40:54+02:00,2026-10-09,16,Friday,False,21.404100000000003
20261009_141925,2026-10-09 14:19:29.754000+00:00,Zürich,local,ch:1:sloid:87348,"Zürich, Bahnhofplatz/HB",ch:1:sloid:87348::1,2026-10-09,ch:1:sjyid:100648:plan:fbd983fb-1e7f-4d29-9ab9-a629f60369d4,tram,Tram,3,3,31829,"Zürich, Klusplatz",Albisrieden,,,2026-10-09 14:40:18+00:00,2026-10-09 14:40:18+00:00,,True,0.0,2026-10-09 16:19:29.754000+02:00,2026-10-09 16:40:18+02:00,2026-10-09 16:40:18+02:00,2026-10-09,16,Friday,False,20.804100000000002
20261009_141925,2026-10-09 14:19:29.754000+00:00,Zürich,local,ch:1:sloid:87348,"Zürich, Bahnhofplatz/HB",ch:1:sloid:87348::1,2026-10-09,ch:1:sjyid:100648:plan:b6d2061f-99d2-416a-b683-1b1ab41d5aa5,tram,Tram,14,14,32704,"Zürich, Bahnhofplatz/HB",Triemli,,,2026-10-09 14:44:00+00:00,2026-10-09 14:44:00+00:00,,True,0.0,2026-10-09 16:19:29.754000+02:00,2026-10-09 16:44:00+02:00,2026-10-09 16:44:00+02:00,2026-10-09,16,Friday,False,24.5041
20261009_141925,2026-10-09 14:19:29.754000+00:00,Zürich,local,ch:1:sloid:87348,"Zürich, Bahnhofplatz/HB",ch:1:sloid:87348::11,2026-10-09,ch:1:sjyid:100648:plan:220a67d6-219a-4e14-b41d-b8361ccae740,bus,Bus,31,31,36703,"Zürich, Kienastenwies",Hermetschloo,,,2026-10-09 14:44:30+00:00,2026-10-09 14:44:18+00:00,,True,-0.2,2026-10-09 16:19:29.754000+02:00,2026-10-09 16:44:30+02:00,2026-10-09 16:44:18+02:00,2026-10-09,16,Friday,False,25.0041
20261009_141925,2026-10-09 14:19:29.754000+00:00,Zürich,local,ch:1:sloid:87348,"Zürich, Bahnhofplatz/HB",ch:1:sloid:87348::0,2026-10-09,ch:1:sjyid:100648:plan:d915c431-ca4e-4be6-bf7c-aa5db88db840,tram,Tram,6,6,32771,"Zürich, Bahnhofplatz/HB",Zoo,,,2026-10-09 14:45:06+00:00,2026-10-09 14:45:06+00:00,,True,0.0,2026-10-09 16:19:29.754000+02:00,2026-10-09 16:45:06+02:00,2026-10-09 16:45:06+02:00,2026-10-09,16,Friday,False,25.604100000000003
20261009_141925,2026-10-09 14:19:29.754000+00:00,Zürich,local,ch:1:sloid:87348,"Zürich, Bahnhofplatz/HB",ch:1:sloid:87348,2026-10-09,ch:1:sjyid:100648:plan:217b5312-4516-4e0c-bead-e192d2e24387,bus,Bus,31,31,36945,"Zürich, Hermetschloo",Kienastenwies,,,2026-10-09 14:45:24+00:00,2026-10-09 14:45:24+00:00,,True,0.0,2026-10-09 16:19:29.754000+02:00,2026-10-09 16:45:24+02:00,2026-10-09 16:45:24+02:00,2026-10-09,16,Friday,False,25.904100000000003
20261009_141925,2026-10-09 14:19:29.754000+00:00,Zürich,local,ch:1:sloid:87348,"Zürich, Bahnhofplatz/HB",ch:1:sloid:87348::0,2026-10-09,ch:1:sjyid:100648:plan:5e30cbd7-90e6-498e-9d4d-3691b0f79410,tram,Tram,3,3,31834,"Zürich, Albisrieden",Klusplatz,,,2026-10-09 14:48:24+00:00,2026-10-09 14:48:24+00:00,,True,0.0,2026-10-09 16:19:29.754000+02:00,2026-10-09 16:48:24+02:00,2026-10-09 16:48:24+02:00,2026-10-09,16,Friday,False,28.904100000000003
20261009_141925,2026-10-09 14:19:29.754000+00:00,Zürich,local,ch:1:sloid:87348,"Zürich, Bahnhofplatz/HB",ch:1:sloid:87348::1,2026-10-09,ch:1:sjyid:100648:plan:ca8b20ff-9d3d-460b-b47a-8a345de8fcfa,tram,Tram,3,3,32279,"Zürich, Klusplatz",Albisrieden,,,2026-10-09 14:48:18+00:00,2026-10-09 14:48:18+00:00,,True,0.0,2026-10-09 16:19:29.754000+02:00,2026-10-09 16:48:18+02:00,2026-10-09 16:48:18+02:00,2026-10-09,16,Friday,False,28.804100000000002
20261009_141925,2026-10-09 14:19:29.754000+00:00,Zürich,local,ch:1:sloid:87348,"Zürich, Bahnhofplatz/HB",ch:1:sloid:87348::1,2026-10-09,ch:1:sjyid:100648:plan:7dd406d8-02c5-4969-bb4b-7ba1096860cc,tram,Tram,14,14,33142,"Zürich, Bahnhofplatz/HB",Triemli,,,2026-10-09 14:51:30+00:00,2026-10-09 14:51:30+00:00,,True,0.0,2026-10-09 16:19:29.754000+02:00,2026-10-09 16:51:30+02:00,2026-10-09 16:51:30+02:00,2026-10-09,16,Friday,False,32.0041
20261009_141925,2026-10-09 14:19:29.754000+00:00,Zürich,local,ch:1:sloid:87348,"Zürich, Bahnhofplatz/HB",ch:1:sloid:87348::0,2026-10-09,ch:1:sjyid:100648:plan:b99373ae-b825-447d-9747-c60ddb05f294,tram,Tram,6,6,33210,"Zürich, Bahnhofplatz/HB",Zoo,,,2026-10-09 14:52:36+00:00,2026-10-09 14:52:36+00:00,,True,0.0,2026-10-09 16:19:29.754000+02:00,2026-10-09 16:52:36+02:00,2026-10-09 16:52:36+02:00,2026-10-09,16,Friday,False,33.1041
20261009_141925,2026-10-09 14:19:29.754000+00:00,Zürich,local,ch:1:sloid:87348,"Zürich, Bahnhofplatz/HB",ch:1:sloid:87348,2026-10-09,ch:1:sjyid:100648:plan:c030d89b-8db6-41a0-b4d5-a10d5fa89254,bus,Bus,31,31,37399,"Zürich, Hermetschloo",Kienastenwies,,,2026-10-09 14:52:54+00:00,2026-10-09 14:52:54+00:00,,True,0.0,2026-10-09 16:19:29.754000+02:00,2026-10-09 16:52:54+02:00,2026-10-09 16:52:54+02:00,2026-10-09,16,Friday,False,33.4041
20261009_141925,2026-10-09 14:19:29.754000+00:00,Zürich,local,ch:1:sloid:87348,"Zürich, Bahnhofplatz/HB",ch:1:sloid:87348::11,2026-10-09,ch:1:sjyid:100648:plan:d025ea0b-14c2-48ae-9d97-6082cb44db5d,bus,Bus,31,31,37242,"Zürich, Kienastenwies",Hermetschloo,,,2026-10-09 14:52:00+00:00,2026-10-09 14:52:00+00:00,,True,0.0,2026-10-09 16:19:29.754000+02:00,2026-10-09 16:52:00+02:00,2026-10-09 16:52:00+02:00,2026-10-09,16,Friday,False,32.5041
20261009_141925,2026-10-09 14:19:29.754000+00:00,Zürich,local,ch:1:sloid:87348,"Zürich, Bahnhofplatz/HB",ch:1:sloid:87348::0,2026-10-09,ch:1:sjyid:100648:plan:a5f93847-58ac-4daf-b17a-7870ac12e817,tram,Tram,3,3,32249,"Zürich, Albisrieden",Klusplatz,,,2026-10-09 14:55:54+00:00,2026-10-09 14:55:54+00:00,,True,0.0,2026-10-09 16:19:29.754000+02:00,2026-10-09 16:55:54+02:00,2026-10-09 16:55:54+02:00,2026-10-09,16,Friday,False,36.4041
20261009_141925,2026-10-09 14:19:29.754000+00:00,Zürich,local,ch:1:sloid:87348,"Zürich, Bahnhofplatz/HB",ch:1:sloid:87348::1,2026-10-09,ch:1:sjyid:100648:plan:863a32b4-5f70-4629-9849-f1f2de7df0d3,tram,Tram,3,3,32690,"Zürich, Klusplatz",Albisrieden,,,2026-10-09 14:55:48+00:00,2026-10-09 14:55:48+00:00,,True,0.0,2026-10-09 16:19:29.754000+02:00,2026-10-09 16:55:48+02:00,2026-10-09 16:55:48+02:00,2026-10-09,16,Friday,False,36.3041
20261009_141925,2026-10-09 14:19:30.184000+00:00,Bern,local,ch:1:sloid:76646,"Bern, Bahnhof",ch:1:sloid:76646:0:20,2026-10-09,ch:1:sjyid:100626:plan:4a6c6d22-b44d-4fd5-9c33-72f6510ede9f,bus,Bus,19,19,58618,"Spiegel, Blinzern",Elfenau,M,,2026-10-09 14:19:00+00:00,2026-10-09 14:21:00+00:00,,True,2.0,2026-10-09 16:19:30.184000+02:00,2026-10-09 16:19:00+02:00,2026-10-09 16:21:00+02:00,2026-10-09,16,Friday,False,-0.5030666666666667
20261009_141925,2026-10-09 14:19:30.184000+00:00,Bern,local,ch:1:sloid:76646,"Bern, Bahnhof",ch:1:sloid:76646:0:25,2026-10-09,ch:1:sjyid:100626:plan:c3e7d9c6-7125-4ff7-8ac6-ba554635929c,bus,Bus,7A,7A,76545,"Bern, Bahnhof",Ostring,K1,,2026-10-09 14:19:00+00:00,2026-10-09 14:19:00+00:00,,True,0.0,2026-10-09 16:19:30.184000+02:00,2026-10-09 16:19:00+02:00,2026-10-09 16:19:00+02:00,2026-10-09,16,Friday,False,-0.5030666666666667
20261009_141925,2026-10-09 14:19:30.184000+00:00,Bern,local,ch:1:sloid:76646,"Bern, Bahnhof",ch:1:sloid:76646:0:10,2026-10-09,ch:1:sjyid:100626:plan:4010675b-d052-4902-b834-de5e50e1b61d,tram,Tram,6,6,7209,"Bern, Bahnhof",Fischermätteli,J,,2026-10-09 14:19:00+00:00,2026-10-09 14:19:00+00:00,,True,0.0,2026-10-09 16:19:30.184000+02:00,2026-10-09 16:19:00+02:00,2026-10-09 16:19:00+02:00,2026-10-09,16,Friday,False,-0.5030666666666667
20261009_141925,2026-10-09 14:19:30.184000+00:00,Bern,local,ch:1:sloid:76646,"Bern, Bahnhof",ch:1:sloid:76646:0:39,2026-10-09,ch:1:sjyid:100626:plan:1b9fa8dc-b927-4802-a8d7-816ac86c5f03,tram,Tram,8,8,18581,"Bern, Bahnhof",Brünnen Bhf,N,,2026-10-09 14:19:18+00:00,2026-10-09 14:19:18+00:00,,True,0.0,2026-10-09 16:19:30.184000+02:00,2026-10-09 16:19:18+02:00,2026-10-09 16:19:18+02:00,2026-10-09,16,Friday,False,-0.20306666666666665
20261009_141925,2026-10-09 14:19:30.184000+00:00,Bern,local,ch:1:sloid:76646,"Bern, Bahnhof",ch:1:sloid:76646:0:7,2026-10-09,ch:1:sjyid:100626:plan:360955c0-b51e-4974-b492-bb293f5c393b,bus,Bus,12,12,53237,"Bern, Zentrum Paul Klee",Holligen,D,,2026-10-09 14:19:00+00:00,2026-10-09 14:19:00+00:00,,True,0.0,2026-10-09 16:19:30.184000+02:00,2026-10-09 16:19:00+02:00,2026-10-09 16:19:00+02:00,2026-10-09,16,Friday,False,-0.5030666666666667
20261009_141925,2026-10-09 14:19:30.184000+00:00,Bern,local,ch:1:sloid:76646,"Bern, Bahnhof",ch:1:sloid:76646:0:1,2026-10-09,ch:1:sjyid:100626:plan:bb70309b-7f2a-4c30-ab9a-5ec985b88b36,tram,Tram,9,9,22334,"Wabern, Tram-Endstation",Wankdorf Bhf,B,,2026-10-09 14:19:00+00:00,2026-10-09 14:19:00+00:00,,True,0.0,2026-10-09 16:19:30.184000+02:00,2026-10-09 16:19:00+02:00,2026-10-09 16:19:00+02:00,2026-10-09,16,Friday,False,-0.5030666666666667
20261009_141925,2026-10-09 14:19:30.184000+00:00,Bern,local,ch:1:sloid:76646,"Bern, Bahnhof",ch:1:sloid:76646:0:13,2026-10-09,ch:1:sjyid:100626:plan:710af72e-8f42-4fca-9b4f-e8da27397005,bus,Bus,20,20,63660,"Bern, Länggasse",Wankdorf Bhf,E,,2026-10-09 14:19:48+00:00,2026-10-09 14:20:36+00:00,,True,0.8,2026-10-09 16:19:30.184000+02:00,2026-10-09 16:19:48+02:00,2026-10-09 16:20:36+02:00,2026-10-09,16,Friday,False,0.2969333333333333
20261009_141925,2026-10-09 14:19:30.184000+00:00,Bern,local,ch:1:sloid:76646,"Bern, Bahnhof",ch:1:sloid:76646:0:15,2026-10-09,ch:1:sjyid:100626:plan:340382a2-ff5d-4883-a6bb-4d096bb2621a,bus,Bus,20,20,66255,"Bern Wankdorf, Bahnhof",Länggasse,F,,2026-10-09 14:20:48+00:00,2026-10-09 14:20:48+00:00,,True,0.0,2026-10-09 16:19:30.184000+02:00,2026-10-09 16:20:48+02:00,2026-10-09 16:20:48+02:00,2026-10-09,16,Friday,False,1.2969333333333333
20261009_141925,2026-10-09 14:19:30.184000+00:00,Bern,local,ch:1:sloid:76646,"Bern, Bahnhof",ch:1:sloid:76646:0:19,2026-10-09,ch:1:sjyid:100626:plan:8dc6450d-1fe1-45c4-987d-a74969d1c1b2,bus,Bus,10,10,34807,"Schliern, Bus-Endstation",Ostermundigen Rüti,L,,2026-10-09 14:21:00+00:00,2026-10-09 14:21:12+00:00,,True,0.2,2026-10-09 16:19:30.184000+02:00,2026-10-09 16:21:00+02:00,2026-10-09 16:21:12+02:00,2026-10-09,16,Friday,False,1.4969333333333334
20261009_141925,2026-10-09 14:19:30.184000+00:00,Bern,local,ch:1:sloid:76646,"Bern, Bahnhof",ch:1:sloid:76646:0:2,2026-10-09,ch:1:sjyid:100626:plan:00a1bf5f-5e32-4709-8b71-242927dcd323,bus,Bus,8A,8A,77888,"Bern, Bahnhof",Saali,K2,,2026-10-09 14:21:42+00:00,2026-10-09 14:21:42+00:00,,True,0.0,2026-10-09 16:19:30.184000+02:00,2026-10-09 16:21:42+02:00,2026-10-09 16:21:42+02:00,2026-10-09,16,Friday,False,2.1969333333333334
20261009_141925,2026-10-09 14:19:30.184000+00:00,Bern,local,ch:1:sloid:76646,"Bern, Bahnhof",ch:1:sloid:76646:0:3,2026-10-09,ch:1:sjyid:100626:plan:43655c5a-5a90-4f2e-8d1e-296ea6dbc1b7,tram,Tram,9,9,28683,"Bern Wankdorf, Bahnhof",Wabern,C,,2026-10-09 14:21:00+00:00,2026-10-09 14:21:00+00:00,,True,0.0,2026-10-09 16:19:30.184000+02:00,2026-10-09 16:21:00+02:00,2026-10-09 16:21:00+02:00,2026-10-09,16,Friday,False,1.4969333333333334
20261009_141925,2026-10-09 14:19:30.184000+00:00,Bern,local,ch:1:sloid:76646,"Bern, Bahnhof",ch:1:sloid:76646:0:30,2026-10-09,ch:1:sjyid:100626:plan:751b3ab8-e7c2-41c3-a14e-80867b351633,bus,Bus,21,21,67833,"Bern, Bahnhof",Bremgarten,H,,2026-10-09 14:21:00+00:00,2026-10-09 14:21:00+00:00,,True,0.0,2026-10-09 16:19:30.184000+02:00,2026-10-09 16:21:00+02:00,2026-10-09 16:21:00+02:00,2026-10-09,16,Friday,False,1.4969333333333334
20261009_141925,2026-10-09 14:19:30.184000+00:00,Bern,local,ch:1:sloid:76646,"Bern, Bahnhof",ch:1:sloid:76646:0:5,2026-10-09,ch:1:sjyid:100626:plan:d442c1c3-540c-4b97-964f-98bf0ae929e1,bus,Bus,12,12,50546,"Bern, Holligen",Zentrum Paul Klee,A,,2026-10-09 14:22:00+00:00,2026-10-09 14:22:00+00:00,,True,0.0,2026-10-09 16:19:30.184000+02:00,2026-10-09 16:22:00+02:00,2026-10-09 16:22:00+02:00,2026-10-09,16,Friday,False,2.4969333333333332
20261009_141925,2026-10-09 14:19:30.184000+00:00,Bern,local,ch:1:sloid:76646,"Bern, Bahnhof",ch:1:sloid:76646:0:39,2026-10-09,ch:1:sjyid:100626:plan:a3d28864-34fe-42b0-8371-403ec8e98970,tram,Tram,7,7,13083,"Bern, Bahnhof",Bümpliz,N,,2026-10-09 14:23:06+00:00,2026-10-09 14:23:06+00:00,,True,0.0,2026-10-09 16:19:30.184000+02:00,2026-10-09 16:23:06+02:00,2026-10-09 16:23:06+02:00,2026-10-09,16,Friday,False,3.5969333333333333
20261009_141925,2026-10-09 14:19:30.184000+00:00,Bern,local,ch:1:sloid:76646,"Bern, Bahnhof",ch:1:sloid:76646:0:13,2026-10-09,ch:1:sjyid:100626:plan:99b70051-d48d-45ae-a7f8-3cc9399adc3c,bus,Bus,20,20,63667,"Bern, Länggasse",Wankdorf Bhf,E,,2026-10-09 14:23:48+00:00,2026-10-09 14:23:48+00:00,,True,0.0,2026-10-09 16:19:30.184000+02:00,2026-10-09 16:23:48+02:00,2026-10-09 16:23:48+02:00,2026-10-09,16,Friday,False,4.296933333333333
20261009_141925,2026-10-09 14:19:30.184000+00:00,Bern,local,ch:1:sloid:76646,"Bern, Bahnhof",ch:1:sloid:76646:0:11,2026-10-09,ch:1:sjyid:100626:plan:81c127d1-5dd1-4dec-be97-b6398075b81d,bus,Bus,10,10,43704,"Ostermundigen, Rüti",Schliern,I,,2026-10-09 14:23:00+00:00,2026-10-09 14:24:06+00:00,,True,1.1,2026-10-09 16:19:30.184000+02:00,2026-10-09 16:23:00+02:00,2026-10-09 16:24:06+02:00,2026-10-09,16,Friday,False,3.4969333333333332
20261009_141925,2026-10-09 14:19:30.184000+00:00,Bern,local,ch:1:sloid:76646,"Bern, Bahnhof",ch:1:sloid:76646:0:19,2026-10-09,ch:1:sjyid:100626:plan:27411baa-4425-40da-a0ba-6e4849541b31,bus,Bus,10,10,38143,"Köniz, Schloss",Ostermundigen,L,,2026-10-09 14:24:30+00:00,2026-10-09 14:24:30+00:00,,True,0.0,2026-10-09 16:19:30.184000+02:00,2026-10-09 16:24:30+02:00,2026-10-09 16:24:30+02:00,2026-10-09,16,Friday,False,4.996933333333333
20261009_141925,2026-10-09 14:19:30.184000+00:00,Bern,local,ch:1:sloid:76646,"Bern, Bahnhof",ch:1:sloid:76646:0:10,2026-10-09,ch:1:sjyid:100626:plan:6557d4e1-1d75-4408-8d94-36ab1aa5d15e,tram,Tram,3,3,1744,"Bern, Bahnhof",Weissenbühl,J,,2026-10-09 14:24:00+00:00,2026-10-09 14:24:00+00:00,,True,0.0,2026-10-09 16:19:30.184000+02:00,2026-10-09 16:24:00+02:00,2026-10-09 16:24:00+02:00,2026-10-09,16,Friday,False,4.496933333333333
20261009_141925,2026-10-09 14:19:30.184000+00:00,Bern,local,ch:1:sloid:76646,"Bern, Bahnhof",ch:1:sloid:76646:0:7,2026-10-09,ch:1:sjyid:100626:plan:855e867f-1c87-4daa-b690-a4e741c9a899,bus,Bus,12,12,53242,"Bern, Zentrum Paul Klee",Holligen,D,,2026-10-09 14:24:00+00:00,2026-10-09 14:25:12+00:00,,True,1.2,2026-10-09 16:19:30.184000+02:00,2026-10-09 16:24:00+02:00,2026-10-09 16:25:12+02:00,2026-10-09,16,Friday,False,4.496933333333333
20261009_141925,2026-10-09 14:19:30.184000+00:00,Bern,local,ch:1:sloid:76646,"Bern, Bahnhof",ch:1:sloid:76646:0:15,2026-10-09,ch:1:sjyid:100626:plan:f7947092-e677-43ee-8c05-9dd2eecf5c1f,bus,Bus,20,20,66266,"Bern Wankdorf, Bahnhof",Länggasse,F,,2026-10-09 14:24:48+00:00,2026-10-09 14:25:06+00:00,,True,0.3,2026-10-09 16:19:30.184000+02:00,2026-10-09 16:24:48+02:00,2026-10-09 16:25:06+02:00,2026-10-09,16,Friday,False,5.296933333333333
20261009_141925,2026-10-09 14:19:30.184000+00:00,Bern,local,ch:1:sloid:76646,"Bern, Bahnhof",ch:1:sloid:76646:0:1,2026-10-09,ch:1:sjyid:100626:plan:3305f307-d575-4ced-be75-eb056ddf55ea,tram,Tram,9,9,22342,"Wabern, Tram-Endstation",Wankdorf Bhf,B,,2026-10-09 14:25:00+00:00,2026-10-09 14:25:48+00:00,,True,0.8,2026-10-09 16:19:30.184000+02:00,2026-10-09 16:25:00+02:00,2026-10-09 16:25:48+02:00,2026-10-09,16,Friday,False,5.496933333333333
20261009_141925,2026-10-09 14:19:30.184000+00:00,Bern,local,ch:1:sloid:76646,"Bern, Bahnhof",ch:1:sloid:76646:0:28,2026-10-09,ch:1:sjyid:100626:plan:32878ce6-0c1d-4634-a458-1c79d4896a10,bus,Bus,11,11,49283,"Bern, Bahnhof",Neufeld P+R,G,,2026-10-09 14:25:00+00:00,2026-10-09 14:25:00+00:00,,True,0.0,2026-10-09 16:19:30.184000+02:00,2026-10-09 16:25:00+02:00,2026-10-09 16:25:00+02:00,2026-10-09,16,Friday,False,5.496933333333333
20261009_141925,2026-10-09 14:19:30.184000+00:00,Bern,local,ch:1:sloid:76646,"Bern, Bahnhof",ch:1:sloid:76646:0:2,2026-10-09,ch:1:sjyid:100626:plan:bc1a397c-cda1-45d0-bd7f-fd47186e6d48,bus,Bus,8A,8A,77892,"Bern, Bahnhof",Saali,K2,,2026-10-09 14:26:42+00:00,2026-10-09 14:26:42+00:00,,True,0.0,2026-10-09 16:19:30.184000+02:00,2026-10-09 16:26:42+02:00,2026-10-09 16:26:42+02:00,2026-10-09,16,Friday,False,7.196933333333333
20261009_141925,2026-10-09 14:19:30.184000+00:00,Bern,local,ch:1:sloid:76646,"Bern, Bahnhof",ch:1:sloid:76646:0:39,2026-10-09,ch:1:sjyid:100626:plan:b41a5358-2126-438e-94b6-8afc5ba8a325,tram,Tram,8,8,18592,"Bern, Bahnhof",Brünnen Bhf,N,,2026-10-09 14:26:36+00:00,2026-10-09 14:26:36+00:00,,True,0.0,2026-10-09 16:19:30.184000+02:00,2026-10-09 16:26:36+02:00,2026-10-09 16:26:36+02:00,2026-10-09,16,Friday,False,7.096933333333333
20261009_141925,2026-10-09 14:19:30.184000+00:00,Bern,local,ch:1:sloid:76646,"Bern, Bahnhof",ch:1:sloid:76646:0:11,2026-10-09,ch:1:sjyid:100626:plan:e978fbe2-d6b9-43d0-b80b-24147994b9e7,bus,Bus,10,10,46705,"Ostermundigen, Wegmühlegässli",Köniz Schloss,I,,2026-10-09 14:26:30+00:00,2026-10-09 14:26:18+00:00,,True,-0.2,2026-10-09 16:19:30.184000+02:00,2026-10-09 16:26:30+02:00,2026-10-09 16:26:18+02:00,2026-10-09,16,Friday,False,6.996933333333333
20261009_141925,2026-10-09 14:19:30.184000+00:00,Bern,local,ch:1:sloid:76646,"Bern, Bahnhof",ch:1:sloid:76646:0:19,2026-10-09,ch:1:sjyid:100626:plan:49a50711-aad0-49fb-8176-6a3b370a7db8,bus,Bus,10,10,34810,"Schliern, Bus-Endstation",Ostermundigen Rüti,L,,2026-10-09 14:27:00+00:00,2026-10-09 14:27:24+00:00,,True,0.4,2026-10-09 16:19:30.184000+02:00,2026-10-09 16:27:00+02:00,2026-10-09 16:27:24+02:00,2026-10-09,16,Friday,False,7.496933333333333
20261009_141925,2026-10-09 14:19:30.184000+00:00,Bern,local,ch:1:sloid:76646,"Bern, Bahnhof",ch:1:sloid:76646:0:3,2026-10-09,ch:1:sjyid:100626:plan:4c555b70-6309-49d5-96a3-6e255b5b3f6f,tram,Tram,9,9,28691,"Bern Wankdorf, Bahnhof",Wabern,C,,2026-10-09 14:27:00+00:00,2026-10-09 14:27:18+00:00,,True,0.3,2026-10-09 16:19:30.184000+02:00,2026-10-09 16:27:00+02:00,2026-10-09 16:27:18+02:00,2026-10-09,16,Friday,False,7.496933333333333
20261009_141925,2026-10-09 14:19:30.184000+00:00,Bern,local,ch:1:sloid:76646,"Bern, Bahnhof",ch:1:sloid:76646:0:20,2026-10-09,ch:1:sjyid:100626:plan:5b029e32-9ae5-4545-975e-4dd965f0663a,bus,Bus,17,17,57961,"Bern, Bahnhof",Köniz Weiermatt,M,,2026-10-09 14:27:00+00:00,2026-10-09 14:27:00+00:00,,True,0.0,2026-10-09 16:19:30.184000+02:00,2026-10-09 16:27:00+02:00,2026-10-09 16:27:00+02:00,2026-10-09,16,Friday,False,7.496933333333333
20261009_141925,2026-10-09 14:19:30.184000+00:00,Bern,local,ch:1:sloid:76646,"Bern, Bahnhof",ch:1:sloid:76646:0:5,2026-10-09,ch:1:sjyid:100626:plan:e259d14b-0912-47cd-bbba-a4a898fd8833,bus,Bus,12,12,50549,"Bern, Holligen",Zentrum Paul Klee,A,,2026-10-09 14:27:00+00:00,2026-10-09 14:27:24+00:00,,True,0.4,2026-10-09 16:19:30.184000+02:00,2026-10-09 16:27:00+02:00,2026-10-09 16:27:24+02:00,2026-10-09,16,Friday,False,7.496933333333333
20261009_141925,2026-10-09 14:19:30.723000+00:00,Basel,local,ch:1:sloid:78143,"Basel, Bahnhof SBB",ch:1:sloid:78143:1:33,2026-10-09,ch:1:sjyid:100622:plan:75b416fa-fd75-4f10-81d6-2abad128fc3e,tram,Tram,8,8,8187,"Basel, Neuweilerstrasse",Weil am Rhein (D) Bahnhof / Zentrum,F,,2026-10-09 14:14:30+00:00,2026-10-09 14:19:36+00:00,,True,5.1,2026-10-09 16:19:30.723000+02:00,2026-10-09 16:14:30+02:00,2026-10-09 16:19:36+02:00,2026-10-09,16,Friday,False,-5.01205
20261009_141925,2026-10-09 14:19:30.723000+00:00,Basel,local,ch:1:sloid:78143,"Basel, Bahnhof SBB",ch:1:sloid:78143:1:34,2026-10-09,ch:1:sjyid:100019:plan:e4f6cacd-6030-4de7-bae6-0f2f0f696f2e,tram,Tram,11,11,38339,"Basel, St-Louis Grenze","Basel, Dreispitz",G,,2026-10-09 14:15:42+00:00,2026-10-09 14:18:54+00:00,,True,3.2,2026-10-09 16:19:30.723000+02:00,2026-10-09 16:15:42+02:00,2026-10-09 16:18:54+02:00,2026-10-09,16,Friday,False,-3.81205
20261009_141925,2026-10-09 14:19:30.723000+00:00,Basel,local,ch:1:sloid:78143,"Basel, Bahnhof SBB",ch:1:sloid:78143:1:33,2026-10-09,ch:1:sjyid:100622:plan:072c7a00-4ad4-4f85-af98-b384f64b4df7,tram,Tram,2,2,2187,"Binningen, Kronenplatz","Riehen, Fondation Beyeler",F,,2026-10-09 14:18:12+00:00,2026-10-09 14:19:06+00:00,,True,0.9,2026-10-09 16:19:30.723000+02:00,2026-10-09 16:18:12+02:00,2026-10-09 16:19:06+02:00,2026-10-09,16,Friday,False,-1.31205
20261009_141925,2026-10-09 14:19:30.723000+00:00,Basel,local,ch:1:sloid:78143,"Basel, Bahnhof SBB",ch:1:sloid:78143:1:35,2026-10-09,ch:1:sjyid:100019:plan:7423662e-cbfe-4870-90e9-037125c38000,tram,Tram,10,10,10324,"Dornach, Bahnhof","Rodersdorf, Station",H,,2026-10-09 14:19:00+00:00,2026-10-09 14:21:00+00:00,,True,2.0,2026-10-09 16:19:30.723000+02:00,2026-10-09 16:19:00+02:00,2026-10-09 16:21:00+02:00,2026-10-09,16,Friday,False,-0.51205
20261009_141925,2026-10-09 14:19:30.723000+00:00,Basel,local,ch:1:sloid:78143,"Basel, Bahnhof SBB",ch:1:sloid:78143:1:31,2026-10-09,ch:1:sjyid:100622:plan:19c96f73-535b-4867-a854-a52caaa84348,tram,Tram,1,1,1186,"Basel, Bahnhof SBB","Basel, Dreirosenbrücke",D,,2026-10-09 14:19:30+00:00,2026-10-09 14:19:30+00:00,,True,0.0,2026-10-09 16:19:30.723000+02:00,2026-10-09 16:19:30+02:00,2026-10-09 16:19:30+02:00,2026-10-09,16,Friday,False,-0.01205
20261009_141925,2026-10-09 14:19:30.723000+00:00,Basel,local,ch:1:sloid:78143,"Basel, Bahnhof SBB",ch:1:sloid:78143:1:32,2026-10-09,ch:1:sjyid:100622:plan:642ccee7-25ab-4fa6-b395-9c272c6eeaa5,tram,Tram,8,8,8182,"Weil am Rhein, Bahnhof/Zentrum","Basel, Neuweilerstrasse",E,,2026-10-09 14:21:00+00:00,2026-10-09 14:21:06+00:00,,True,0.1,2026-10-09 16:19:30.723000+02:00,2026-10-09 16:21:00+02:00,2026-10-09 16:21:06+02:00,2026-10-09,16,Friday,False,1.48795
20261009_141925,2026-10-09 14:19:30.723000+00:00,Basel,local,ch:1:sloid:78143,"Basel, Bahnhof SBB",ch:1:sloid:78143:3:3,2026-10-09,ch:1:sjyid:100622:plan:cd49c40a-7e96-4cb1-a691-f63a1f340c35,bus,Bus,50,50,50181,"Basel, Bahnhof SBB","Basel, EuroAirport",B,,2026-10-09 14:21:06+00:00,2026-10-09 14:21:06+00:00,,True,0.0,2026-10-09 16:19:30.723000+02:00,2026-10-09 16:21:06+02:00,2026-10-09 16:21:06+02:00,2026-10-09,16,Friday,False,1.58795
20261009_141925,2026-10-09 14:19:30.723000+00:00,Basel,local,ch:1:sloid:78143,"Basel, Bahnhof SBB",ch:1:sloid:78143:1:34,2026-10-09,ch:1:sjyid:100019:plan:18a6153b-8031-4dd0-8411-95f54f446d59,tram,Tram,10,10,10397,"Rodersdorf, Station",Dornach Bahnhof,G,,2026-10-09 14:21:00+00:00,2026-10-09 14:22:06+00:00,,True,1.1,2026-10-09 16:19:30.723000+02:00,2026-10-09 16:21:00+02:00,2026-10-09 16:22:06+02:00,2026-10-09,16,Friday,False,1.48795
20261009_141925,2026-10-09 14:19:30.723000+00:00,Basel,local,ch:1:sloid:78143,"Basel, Bahnhof SBB",ch:1:sloid:78143:3:3,2026-10-09,ch:1:sjyid:100622:plan:0487fb15-f9b5-434a-81ac-bac90b32c60a,bus,Bus,30,30,30261,"Basel, Bahnhof SBB","Basel, Metzerstrasse",B,,2026-10-09 14:21:06+00:00,2026-10-09 14:21:06+00:00,,True,0.0,2026-10-09 16:19:30.723000+02:00,2026-10-09 16:21:06+02:00,2026-10-09 16:21:06+02:00,2026-10-09,16,Friday,False,1.58795
20261009_141925,2026-10-09 14:19:30.723000+00:00,Basel,local,ch:1:sloid:78143,"Basel, Bahnhof SBB",ch:1:sloid:78143:1:33,2026-10-09,ch:1:sjyid:100622:plan:eae0da49-400a-420b-8c72-e413e1ecacd0,tram,Tram,8,8,8189,"Basel, Neuweilerstrasse",Weil am Rhein (D) Bahnhof / Zentrum,F,,2026-10-09 14:22:00+00:00,2026-10-09 14:24:42+00:00,,True,2.7,2026-10-09 16:19:30.723000+02:00,2026-10-09 16:22:00+02:00,2026-10-09 16:24:42+02:00,2026-10-09,16,Friday,False,2.4879499999999997
20261009_141925,2026-10-09 14:19:30.723000+00:00,Basel,local,ch:1:sloid:78143,"Basel, Bahnhof SBB",ch:1:sloid:78143:1:31,2026-10-09,ch:1:sjyid:100622:plan:e3f469a6-7d10-4bb2-875b-685a050ad54c,tram,Tram,2,2,2184,"Basel, Eglisee","Binningen, Kronenplatz",D,,2026-10-09 14:23:18+00:00,2026-10-09 14:26:18+00:00,,True,3.0,2026-10-09 16:19:30.723000+02:00,2026-10-09 16:23:18+02:00,2026-10-09 16:26:18+02:00,2026-10-09,16,Friday,False,3.78795
20261009_141925,2026-10-09 14:19:30.723000+00:00,Basel,local,ch:1:sloid:78143,"Basel, Bahnhof SBB",ch:1:sloid:78143:1:33,2026-10-09,ch:1:sjyid:100622:plan:c11c8f57-775b-4da7-98e6-68dfde88dfbe,tram,Tram,1,1,1185,"Basel, Dreirosenbrücke","Basel, Badischer Bahnhof",F,,2026-10-09 14:23:48+00:00,2026-10-09 14:24:24+00:00,,True,0.6,2026-10-09 16:19:30.723000+02:00,2026-10-09 16:23:48+02:00,2026-10-09 16:24:24+02:00,2026-10-09,16,Friday,False,4.2879499999999995
20261009_141925,2026-10-09 14:19:30.723000+00:00,Basel,local,ch:1:sloid:78143,"Basel, Bahnhof SBB",ch:1:sloid:78143:1:34,2026-10-09,ch:1:sjyid:100019:plan:e3aff2cb-b0bd-4400-9a4b-28c2a23df657,tram,Tram,11,11,38345,"Basel, St-Louis Grenze","Basel, Dreispitz",G,,2026-10-09 14:24:30+00:00,2026-10-09 14:24:54+00:00,,True,0.4,2026-10-09 16:19:30.723000+02:00,2026-10-09 16:24:30+02:00,2026-10-09 16:24:54+02:00,2026-10-09,16,Friday,False,4.98795
20261009_141925,2026-10-09 14:19:30.723000+00:00,Basel,local,ch:1:sloid:78143,"Basel, Bahnhof SBB",ch:1:sloid:78143:3:3,2026-10-09,ch:1:sjyid:100622:plan:cab7109d-b461-428b-babe-455f12ce4ab3,bus,Bus,30,30,30267,"Basel, Bahnhof SBB","Basel, Badischer Bahnhof",B,,2026-10-09 14:24:48+00:00,2026-10-09 14:24:48+00:00,,True,0.0,2026-10-09 16:19:30.723000+02:00,2026-10-09 16:24:48+02:00,2026-10-09 16:24:48+02:00,2026-10-09,16,Friday,False,5.2879499999999995
20261009_141925,2026-10-09 14:19:30.723000+00:00,Basel,local,ch:1:sloid:78143,"Basel, Bahnhof SBB",ch:1:sloid:78143:1:35,2026-10-09,ch:1:sjyid:100019:plan:e00f9cbf-7614-4fea-a1f4-c52a6f04cf57,tram,Tram,11,11,38348,"Basel, Dreispitz","Basel, Saint-Louis Grenze",H,,2026-10-09 14:25:42+00:00,2026-10-09 14:25:42+00:00,,True,0.0,2026-10-09 16:19:30.723000+02:00,2026-10-09 16:25:42+02:00,2026-10-09 16:25:42+02:00,2026-10-09,16,Friday,False,6.18795
20261009_141925,2026-10-09 14:19:30.723000+00:00,Basel,local,ch:1:sloid:78143,"Basel, Bahnhof SBB",ch:1:sloid:78143:1:31,2026-10-09,ch:1:sjyid:100622:plan:4642d173-3204-49a8-b506-70dba4c64e82,tram,Tram,1,1,1184,"Basel, Badischer Bahnhof","Basel, Dreirosenbrücke",D,,2026-10-09 14:25:48+00:00,2026-10-09 14:28:36+00:00,,True,2.8,2026-10-09 16:19:30.723000+02:00,2026-10-09 16:25:48+02:00,2026-10-09 16:28:36+02:00,2026-10-09,16,Friday,False,6.2879499999999995
20261009_141925,2026-10-09 14:19:30.723000+00:00,Basel,local,ch:1:sloid:78143,"Basel, Bahnhof SBB",ch:1:sloid:78143:1:33,2026-10-09,ch:1:sjyid:100622:plan:7e45d5bc-ca91-4078-af49-2802ea8fac08,tram,Tram,2,2,2191,"Binningen, Kronenplatz","Riehen, Fondation Beyeler",F,,2026-10-09 14:25:42+00:00,2026-10-09 14:25:42+00:00,,True,0.0,2026-10-09 16:19:30.723000+02:00,2026-10-09 16:25:42+02:00,2026-10-09 16:25:42+02:00,2026-10-09,16,Friday,False,6.18795
20261009_141925,2026-10-09 14:19:30.723000+00:00,Basel,local,ch:1:sloid:78143,"Basel, Bahnhof SBB",ch:1:sloid:78143:1:35,2026-10-09,ch:1:sjyid:100019:plan:4928f9d3-a1b4-4021-b666-a515edea1261,tram,Tram,10,10,10330,"Dornach, Bahnhof","Ettingen, Dorf",H,,2026-10-09 14:27:00+00:00,2026-10-09 14:28:06+00:00,,True,1.1,2026-10-09 16:19:30.723000+02:00,2026-10-09 16:27:00+02:00,2026-10-09 16:28:06+02:00,2026-10-09,16,Friday,False,7.48795
20261009_141925,2026-10-09 14:19:30.723000+00:00,Basel,local,ch:1:sloid:78143,"Basel, Bahnhof SBB",ch:1:sloid:78143:3:7,2026-10-09,ch:1:sjyid:100019:plan:743d29d2-6316-4ffd-8dae-394637b9f117,bus,Bus,37,37,37736,"Basel, Bahnhof SBB",Münchenstein Bahnhof,K,,2026-10-09 14:27:00+00:00,2026-10-09 14:27:06+00:00,,True,0.1,2026-10-09 16:19:30.723000+02:00,2026-10-09 16:27:00+02:00,2026-10-09 16:27:06+02:00,2026-10-09,16,Friday,False,7.48795
20261009_141925,2026-10-09 14:19:30.723000+00:00,Basel,local,ch:1:sloid:78143,"Basel, Bahnhof SBB",ch:1:sloid:78143:1:32,2026-10-09,ch:1:sjyid:100622:plan:1a3a39aa-1f4e-46b5-93e0-390f1c874d67,tram,Tram,8,8,8186,"Weil am Rhein, Bahnhof/Zentrum","Basel, Neuweilerstrasse",E,,2026-10-09 14:28:30+00:00,2026-10-09 14:28:30+00:00,,True,0.0,2026-10-09 16:19:30.723000+02:00,2026-10-09 16:28:30+02:00,2026-10-09 16:28:30+02:00,2026-10-09,16,Friday,False,8.987950000000001
20261009_141925,2026-10-09 14:19:30.723000+00:00,Basel,local,ch:1:sloid:78143,"Basel, Bahnhof SBB",ch:1:sloid:78143:3:3,2026-10-09,ch:1:sjyid:100622:plan:0c1c33d1-cf6d-481c-9cd6-a66eca615fca,bus,Bus,50,50,50183,"Basel, Bahnhof SBB","Basel, EuroAirport",B,,2026-10-09 14:28:36+00:00,2026-10-09 14:28:36+00:00,,True,0.0,2026-10-09 16:19:30.723000+02:00,2026-10-09 16:28:36+02:00,2026-10-09 16:28:36+02:00,2026-10-09,16,Friday,False,9.087950000000001
20261009_141925,2026-10-09 14:19:30.723000+00:00,Basel,local,ch:1:sloid:78143,"Basel, Bahnhof SBB",ch:1:sloid:78143:3:3,2026-10-09,ch:1:sjyid:100622:plan:b524fd50-f2f6-4218-9e2e-22ffe577df8c,bus,Bus,30,30,30265,"Basel, Bahnhof SBB","Basel, Metzerstrasse",B,,2026-10-09 14:28:36+00:00,2026-10-09 14:30:00+00:00,,True,1.4,2026-10-09 16:19:30.723000+02:00,2026-10-09 16:28:36+02:00,2026-10-09 16:30:00+02:00,2026-10-09,16,Friday,False,9.087950000000001
20261009_141925,2026-10-09 14:19:30.723000+00:00,Basel,local,ch:1:sloid:78143,"Basel, Bahnhof SBB",ch:1:sloid:78143:1:33,2026-10-09,ch:1:sjyid:100622:plan:6aea57eb-1547-4d56-bc30-d5596b9500a9,tram,Tram,8,8,8191,"Basel, Neuweilerstrasse",Weil am Rhein (D) Bahnhof / Zentrum,F,,2026-10-09 14:29:30+00:00,2026-10-09 14:29:30+00:00,,True,0.0,2026-10-09 16:19:30.723000+02:00,2026-10-09 16:29:30+02:00,2026-10-09 16:29:30+02:00,2026-10-09,16,Friday,False,9.987950000000001
20261009_141925,2026-10-09 14:19:30.723000+00:00,Basel,local,ch:1:sloid:78143,"Basel, Bahnhof SBB",ch:1:sloid:78143:1:34,2026-10-09,ch:1:sjyid:100019:plan:e2fcfbcd-e753-438d-9576-c5ab2a56673f,tram,Tram,10,10,10411,"Ettingen, Dorf",Dornach Bahnhof,G,,2026-10-09 14:29:00+00:00,2026-10-09 14:29:24+00:00,,True,0.4,2026-10-09 16:19:30.723000+02:00,2026-10-09 16:29:00+02:00,2026-10-09 16:29:24+02:00,2026-10-09,16,Friday,False,9.487950000000001
20261009_141925,2026-10-09 14:19:30.723000+00:00,Basel,local,ch:1:sloid:78143,"Basel, Bahnhof SBB",ch:1:sloid:78143:1:31,2026-10-09,ch:1:sjyid:100622:plan:1065f005-0792-4d34-a768-9baa581767fe,tram,Tram,2,2,2186,"Basel, Eglisee","Binningen, Kronenplatz",D,,2026-10-09 14:30:48+00:00,2026-10-09 14:30:48+00:00,,True,0.0,2026-10-09 16:19:30.723000+02:00,2026-10-09 16:30:48+02:00,2026-10-09 16:30:48+02:00,2026-10-09,16,Friday,False,11.28795
20261009_141925,2026-10-09 14:19:30.723000+00:00,Basel,local,ch:1:sloid:78143,"Basel, Bahnhof SBB",ch:1:sloid:78143:3:7,2026-10-09,ch:1:sjyid:100622:plan:7ca38970-5db2-40a8-be6e-55079b5ebc43,bus,Bus,42,42,42047,"Basel, Bahnhof SBB","Basel, Hoffmann La Roche",K,,2026-10-09 14:30:24+00:00,2026-10-09 14:30:24+00:00,,True,0.0,2026-10-09 16:19:30.723000+02:00,2026-10-09 16:30:24+02:00,2026-10-09 16:30:24+02:00,2026-10-09,16,Friday,False,10.88795
20261009_141925,2026-10-09 14:19:30.723000+00:00,Basel,local,ch:1:sloid:78143,"Basel, Bahnhof SBB",ch:1:sloid:78143:1:33,2026-10-09,ch:1:sjyid:100622:plan:648c8db7-a181-42ad-b995-afdda6b21483,tram,Tram,1,1,1189,"Basel, Dreirosenbrücke","Basel, Badischer Bahnhof",F,,2026-10-09 14:31:18+00:00,2026-10-09 14:32:54+00:00,,True,1.6,2026-10-09 16:19:30.723000+02:00,2026-10-09 16:31:18+02:00,2026-10-09 16:32:54+02:00,2026-10-09,16,Friday,False,11.78795
20261009_141925,2026-10-09 14:19:30.723000+00:00,Basel,local,ch:1:sloid:78143,"Basel, Bahnhof SBB",ch:1:sloid:78143:1:34,2026-10-09,ch:1:sjyid:100019:plan:4f53fc5a-84da-407b-abbc-522b5a6fcdf7,tram,Tram,11,11,38351,"Basel, St-Louis Grenze","Basel, Dreispitz",G,,2026-10-09 14:32:00+00:00,2026-10-09 14:32:48+00:00,,True,0.8,2026-10-09 16:19:30.723000+02:00,2026-10-09 16:32:00+02:00,2026-10-09 16:32:48+02:00,2026-10-09,16,Friday,False,12.487950000000001
20261009_141925,2026-10-09 14:19:30.723000+00:00,Basel,local,ch:1:sloid:78143,"Basel, Bahnhof SBB",ch:1:sloid:78143:3:3,2026-10-09,ch:1:sjyid:100622:plan:661e494b-68d3-45b0-ae0b-6139d9e70c4c,bus,Bus,30,30,30271,"Basel, Bahnhof SBB","Basel, Badischer Bahnhof",B,,2026-10-09 14:32:18+00:00,2026-10-09 14:32:18+00:00,,True,0.0,2026-10-09 16:19:30.723000+02:00,2026-10-09 16:32:18+02:00,2026-10-09 16:32:18+02:00,2026-10-09,16,Friday,False,12.78795
20261009_141925,2026-10-09 14:19:30.723000+00:00,Basel,local,ch:1:sloid:78143,"Basel, Bahnhof SBB",ch:1:sloid:78143:3:5,2026-10-09,ch:1:sjyid:100622:plan:1a35596d-2a8f-4b4a-a53e-d270816acd73,bus,Bus,48,48,48103,"Basel, Bahnhof SBB","Basel, Bahnhof St.Johann",A,,2026-10-09 14:32:00+00:00,2026-10-09 14:32:00+00:00,,True,0.0,2026-10-09 16:19:30.723000+02:00,2026-10-09 16:32:00+02:00,2026-10-09 16:32:00+02:00,2026-10-09,16,Friday,False,12.487950000000001
20261009_141925,2026-10-09 14:19:31.179000+00:00,Luzern,local,ch:1:sloid:8450,"Luzern, Bahnhof",ch:1:sloid:8450::2,2026-10-09,ch:1:sjyid:100619:plan:28405cc3-6153-4ec9-8b54-0bce325cc4c3,bus,Bus,14,14,39134,"Horw, Zentrum",Brüelstrasse,B,,2026-10-09 14:15:06+00:00,2026-10-09 14:22:30+00:00,,True,7.4,2026-10-09 16:19:31.179000+02:00,2026-10-09 16:15:06+02:00,2026-10-09 16:22:30+02:00,2026-10-09,16,Friday,False,-4.41965
20261009_141925,2026-10-09 14:19:31.179000+00:00,Luzern,local,ch:1:sloid:8450,"Luzern, Bahnhof",ch:1:sloid:8450::1,2026-10-09,ch:1:sjyid:100619:plan:7882bbb0-5cd7-4fd5-ba4e-561fbf6858e2,bus,Bus,14,14,38873,"Luzern, Brüelstrasse",Horw Zentrum,A,,2026-10-09 14:17:00+00:00,2026-10-09 14:26:54+00:00,,True,9.9,2026-10-09 16:19:31.179000+02:00,2026-10-09 16:17:00+02:00,2026-10-09 16:26:54+02:00,2026-10-09,16,Friday,False,-2.51965
20261009_141925,2026-10-09 14:19:31.179000+00:00,Luzern,local,ch:1:sloid:8450,"Luzern, Bahnhof",ch:1:sloid:8450::23,2026-10-09,ch:1:sjyid:100619:plan:97b6eaf4-c6a4-4239-9479-137d650e3142,bus,Bus,2,2,10073,"Luzern, Bahnhof",E'brücke Sprengi,Y,,2026-10-09 14:18:00+00:00,2026-10-09 14:20:36+00:00,,True,2.6,2026-10-09 16:19:31.179000+02:00,2026-10-09 16:18:00+02:00,2026-10-09 16:20:36+02:00,2026-10-09,16,Friday,False,-1.51965
20261009_141925,2026-10-09 14:19:31.179000+00:00,Luzern,local,ch:1:sloid:8450,"Luzern, Bahnhof",ch:1:sloid:8450::2,2026-10-09,ch:1:sjyid:100619:plan:44960755-e627-4a05-a031-20340fbba3c0,bus,Bus,6,6,21940,"Luzern, Matthof",Büttenenhalde,B,,2026-10-09 14:19:00+00:00,2026-10-09 14:19:48+00:00,,True,0.8,2026-10-09 16:19:31.179000+02:00,2026-10-09 16:19:00+02:00,2026-10-09 16:19:48+02:00,2026-10-09,16,Friday,False,-0.51965
20261009_141925,2026-10-09 14:19:31.179000+00:00,Luzern,local,ch:1:sloid:8450,"Luzern, Bahnhof",ch:1:sloid:8450::1,2026-10-09,ch:1:sjyid:100619:plan:99d92581-6c61-488d-84bf-fefc38471369,bus,Bus,6,6,21939,"Luzern, Büttenenhalde",Matthof,A,,2026-10-09 14:19:00+00:00,2026-10-09 14:19:54+00:00,,True,0.9,2026-10-09 16:19:31.179000+02:00,2026-10-09 16:19:00+02:00,2026-10-09 16:19:54+02:00,2026-10-09,16,Friday,False,-0.51965
20261009_141925,2026-10-09 14:19:31.179000+00:00,Luzern,local,ch:1:sloid:8450,"Luzern, Bahnhof",ch:1:sloid:8450::16,2026-10-09,ch:1:sjyid:100619:plan:8947cee1-af43-480a-af2f-7d53e18a4692,bus,Bus,4,4,15149,"Luzern, Bahnhof",Hubelmatt,V,,2026-10-09 14:20:00+00:00,2026-10-09 14:20:00+00:00,,True,0.0,2026-10-09 16:19:31.179000+02:00,2026-10-09 16:20:00+02:00,2026-10-09 16:20:00+02:00,2026-10-09,16,Friday,False,0.48035
20261009_141925,2026-10-09 14:19:31.179000+00:00,Luzern,local,ch:1:sloid:8450,"Luzern, Bahnhof",ch:1:sloid:8450::17,2026-10-09,ch:1:sjyid:100619:plan:c087d675-d686-4a1d-b1bf-1ef896981070,bus,Bus,10,10,32657,"Luzern, Bahnhof",Obergütsch,W,,2026-10-09 14:20:00+00:00,2026-10-09 14:20:00+00:00,,True,0.0,2026-10-09 16:19:31.179000+02:00,2026-10-09 16:20:00+02:00,2026-10-09 16:20:00+02:00,2026-10-09,16,Friday,False,0.48035
20261009_141925,2026-10-09 14:19:31.179000+00:00,Luzern,local,ch:1:sloid:8450,"Luzern, Bahnhof",ch:1:sloid:8450::15,2026-10-09,ch:1:sjyid:100602:3612c79f-3c8c-4b09-9637-99cf00dcceab,bus,Bus,73,73,73841,"Luzern, Bahnhof",Udligenswil,U,,2026-10-09 14:22:00+00:00,2026-10-09 14:22:00+00:00,,True,0.0,2026-10-09 16:19:31.179000+02:00,2026-10-09 16:22:00+02:00,2026-10-09 16:22:00+02:00,2026-10-09,16,Friday,False,2.48035
20261009_141925,2026-10-09 14:19:31.179000+00:00,Luzern,local,ch:1:sloid:8450,"Luzern, Bahnhof",ch:1:sloid:8450::1,2026-10-09,ch:1:sjyid:100619:plan:8889be7f-77de-486c-9d5d-6c90fc139797,bus,Bus,1,1,3539,"Ebikon, Fildern",Obernau Dorf,A,,2026-10-09 14:22:00+00:00,2026-10-09 14:22:30+00:00,,True,0.5,2026-10-09 16:19:31.179000+02:00,2026-10-09 16:22:00+02:00,2026-10-09 16:22:30+02:00,2026-10-09,16,Friday,False,2.48035
20261009_141925,2026-10-09 14:19:31.179000+00:00,Luzern,local,ch:1:sloid:8450,"Luzern, Bahnhof",ch:1:sloid:8450::1,2026-10-09,ch:1:sjyid:100619:plan:13007a8e-c123-4ce8-a97b-588c8d76e7e8,bus,Bus,7,7,25561,"Luzern, Unterlöchli",Horw Biregghof,A,,2026-10-09 14:23:00+00:00,2026-10-09 14:22:54+00:00,,True,-0.1,2026-10-09 16:19:31.179000+02:00,2026-10-09 16:23:00+02:00,2026-10-09 16:22:54+02:00,2026-10-09,16,Friday,False,3.48035
20261009_141925,2026-10-09 14:19:31.179000+00:00,Luzern,local,ch:1:sloid:8450,"Luzern, Bahnhof",ch:1:sloid:8450::20,2026-10-09,ch:1:sjyid:100619:plan:8b83f20c-7c54-4e84-8570-a59fd74306ef,bus,Bus,12,12,84945,"Luzern, Bahnhof",Gasshof,M,,2026-10-09 14:23:00+00:00,2026-10-09 14:23:00+00:00,,True,0.0,2026-10-09 16:19:31.179000+02:00,2026-10-09 16:23:00+02:00,2026-10-09 16:23:00+02:00,2026-10-09,16,Friday,False,3.48035
20261009_141925,2026-10-09 14:19:31.179000+00:00,Luzern,local,ch:1:sloid:8450,"Luzern, Bahnhof",ch:1:sloid:8450::2,2026-10-09,ch:1:sjyid:100619:plan:4a193ee9-7ba6-41ae-9ba4-4d05c1657404,bus,Bus,8,8,29152,"Luzern, Hirtenhof",Würzenbach,B,,2026-10-09 14:24:00+00:00,2026-10-09 14:24:54+00:00,,True,0.9,2026-10-09 16:19:31.179000+02:00,2026-10-09 16:24:00+02:00,2026-10-09 16:24:54+02:00,2026-10-09,16,Friday,False,4.4803500000000005
20261009_141925,2026-10-09 14:19:31.179000+00:00,Luzern,local,ch:1:sloid:8450,"Luzern, Bahnhof",ch:1:sloid:8450::1,2026-10-09,ch:1:sjyid:100619:plan:dc1c0d12-4545-4c8b-b386-37cbe6fd5255,bus,Bus,8,8,29329,"Luzern, Würzenbach",Hirtenhof,A,,2026-10-09 14:24:00+00:00,2026-10-09 14:24:30+00:00,,True,0.5,2026-10-09 16:19:31.179000+02:00,2026-10-09 16:24:00+02:00,2026-10-09 16:24:30+02:00,2026-10-09,16,Friday,False,4.4803500000000005
20261009_141925,2026-10-09 14:19:31.179000+00:00,Luzern,local,ch:1:sloid:8450,"Luzern, Bahnhof",ch:1:sloid:8450::2,2026-10-09,ch:1:sjyid:100619:plan:6b71e528-cb24-4cd7-8da0-781de685a83e,bus,Bus,1,1,4352,"Obernau, Dorf",Ebikon Fildern,B,,2026-10-09 14:25:48+00:00,2026-10-09 14:25:48+00:00,,True,0.0,2026-10-09 16:19:31.179000+02:00,2026-10-09 16:25:48+02:00,2026-10-09 16:25:48+02:00,2026-10-09,16,Friday,False,6.28035
20261009_141925,2026-10-09 14:19:31.179000+00:00,Luzern,local,ch:1:sloid:8450,"Luzern, Bahnhof",ch:1:sloid:8450::2,2026-10-09,ch:1:sjyid:100619:plan:5b79f75f-b3ac-4ce0-8f99-27b43b9e272a,bus,Bus,7,7,25548,"Horw, Biregghof",Unterlöchli,B,,2026-10-09 14:25:00+00:00,2026-10-09 14:26:06+00:00,,True,1.1,2026-10-09 16:19:31.179000+02:00,2026-10-09 16:25:00+02:00,2026-10-09 16:26:06+02:00,2026-10-09,16,Friday,False,5.4803500000000005
20261009_141925,2026-10-09 14:19:31.179000+00:00,Luzern,local,ch:1:sloid:8450,"Luzern, Bahnhof",ch:1:sloid:8450::2,2026-10-09,ch:1:sjyid:100619:plan:a5fdbfb4-edbe-465c-9de7-7880f720b103,bus,Bus,14,14,39160,"Horw, Zentrum",Brüelstrasse,B,,2026-10-09 14:25:06+00:00,2026-10-09 14:28:30+00:00,,True,3.4,2026-10-09 16:19:31.179000+02:00,2026-10-09 16:25:06+02:00,2026-10-09 16:28:30+02:00,2026-10-09,16,Friday,False,5.58035
20261009_141925,2026-10-09 14:19:31.179000+00:00,Luzern,local,ch:1:sloid:8450,"Luzern, Bahnhof",ch:1:sloid:8450::11,2026-10-09,ch:1:sjyid:100619:plan:511d13fd-d9fc-41cc-81ef-bcaa3c5174d0,bus,Bus,19,19,45700,"Luzern, Bahnhof",Friedental,R,,2026-10-09 14:25:00+00:00,2026-10-09 14:25:00+00:00,,True,0.0,2026-10-09 16:19:31.179000+02:00,2026-10-09 16:25:00+02:00,2026-10-09 16:25:00+02:00,2026-10-09,16,Friday,False,5.4803500000000005
20261009_141925,2026-10-09 14:19:31.179000+00:00,Luzern,local,ch:1:sloid:8450,"Luzern, Bahnhof",ch:1:sloid:8450::23,2026-10-09,ch:1:sjyid:100619:plan:02c1d548-2ef1-4d74-8570-9c57505dac57,bus,Bus,2,2,10099,"Luzern, Bahnhof",E'brücke Sprengi,Y,,2026-10-09 14:25:00+00:00,2026-10-09 14:30:30+00:00,,True,5.5,2026-10-09 16:19:31.179000+02:00,2026-10-09 16:25:00+02:00,2026-10-09 16:30:30+02:00,2026-10-09,16,Friday,False,5.4803500000000005
20261009_141925,2026-10-09 14:19:31.179000+00:00,Luzern,local,ch:1:sloid:8450,"Luzern, Bahnhof",ch:1:sloid:8450::14,2026-10-09,ch:1:sjyid:100619:plan:446204a1-6152-463e-b903-0719bf7f8f77,bus,Bus,21,21,53289,"Luzern, Bahnhof",Kriens Busschleife,Q,,2026-10-09 14:25:00+00:00,2026-10-09 14:25:00+00:00,,True,0.0,2026-10-09 16:19:31.179000+02:00,2026-10-09 16:25:00+02:00,2026-10-09 16:25:00+02:00,2026-10-09,16,Friday,False,5.4803500000000005
20261009_141925,2026-10-09 14:19:31.179000+00:00,Luzern,local,ch:1:sloid:8450,"Luzern, Bahnhof",ch:1:sloid:8450::1,2026-10-09,ch:1:sjyid:100619:plan:8c9b9d25-0fd8-4207-a557-d165a7c39bf4,bus,Bus,14,14,38893,"Luzern, Brüelstrasse",Horw Zentrum,A,,2026-10-09 14:27:00+00:00,2026-10-09 14:27:48+00:00,,True,0.8,2026-10-09 16:19:31.179000+02:00,2026-10-09 16:27:00+02:00,2026-10-09 16:27:48+02:00,2026-10-09,16,Friday,False,7.4803500000000005
20261009_141925,2026-10-09 14:19:31.179000+00:00,Luzern,local,ch:1:sloid:8450,"Luzern, Bahnhof",ch:1:sloid:8450::2,2026-10-09,ch:1:sjyid:100619:plan:81c4bec7-d0f6-47f8-b2e8-d43003abe52b,bus,Bus,6,6,21952,"Luzern, Matthof",Büttenenhalde,B,,2026-10-09 14:29:00+00:00,2026-10-09 14:29:12+00:00,,True,0.2,2026-10-09 16:19:31.179000+02:00,2026-10-09 16:29:00+02:00,2026-10-09 16:29:12+02:00,2026-10-09,16,Friday,False,9.48035
20261009_141925,2026-10-09 14:19:31.179000+00:00,Luzern,local,ch:1:sloid:8450,"Luzern, Bahnhof",ch:1:sloid:8450::1,2026-10-09,ch:1:sjyid:100619:plan:bf04eac8-c4c9-4b5b-b16e-02f9ada9c357,bus,Bus,1,1,3571,"Ebikon, Fildern",Obernau Dorf,A,,2026-10-09 14:29:00+00:00,2026-10-09 14:29:06+00:00,,True,0.1,2026-10-09 16:19:31.179000+02:00,2026-10-09 16:29:00+02:00,2026-10-09 16:29:06+02:00,2026-10-09,16,Friday,False,9.48035
20261009_141925,2026-10-09 14:19:31.179000+00:00,Luzern,local,ch:1:sloid:8450,"Luzern, Bahnhof",ch:1:sloid:8450::1,2026-10-09,ch:1:sjyid:100619:plan:7502fe08-8b4a-406e-95df-9fd46556c8bb,bus,Bus,6,6,21953,"Luzern, Büttenenhalde",Matthof,A,,2026-10-09 14:29:00+00:00,2026-10-09 14:29:12+00:00,,True,0.2,2026-10-09 16:19:31.179000+02:00,2026-10-09 16:29:00+02:00,2026-10-09 16:29:12+02:00,2026-10-09,16,Friday,False,9.48035
20261009_141925,2026-10-09 14:19:31.179000+00:00,Luzern,local,ch:1:sloid:8450,"Luzern, Bahnhof",ch:1:sloid:8450::21,2026-10-09,ch:1:sjyid:100602:e6b787e6-6b66-4025-987f-aff8803e8b33,bus,Bus,72,72,72045,"Luzern, Bahnhof",Neuenkirch,P,,2026-10-09 14:30:00+00:00,2026-10-09 14:30:00+00:00,,True,0.0,2026-10-09 16:19:31.179000+02:00,2026-10-09 16:30:00+02:00,2026-10-09 16:30:00+02:00,2026-10-09,16,Friday,False,10.48035
20261009_141925,2026-10-09 14:19:31.179000+00:00,Luzern,local,ch:1:sloid:8450,"Luzern, Bahnhof",ch:1:sloid:8450::15,2026-10-09,ch:1:sjyid:100602:8c2b9b03-898e-4474-ba77-a649d68c4e91,bus,Bus,73,73,73141,"Luzern, Bahnhof",Adligenswil Dorf,U,,2026-10-09 14:30:00+00:00,2026-10-09 14:30:00+00:00,,True,0.0,2026-10-09 16:19:31.179000+02:00,2026-10-09 16:30:00+02:00,2026-10-09 16:30:00+02:00,2026-10-09,16,Friday,False,10.48035
20261009_141925,2026-10-09 14:19:31.179000+00:00,Luzern,local,ch:1:sloid:8450,"Luzern, Bahnhof",ch:1:sloid:8450::16,2026-10-09,ch:1:sjyid:100619:plan:5e3930e4-dbe8-4e7b-8c5d-4d1587ffda25,bus,Bus,4,4,15169,"Luzern, Bahnhof",Hubelmatt,V,,2026-10-09 14:30:00+00:00,2026-10-09 14:30:00+00:00,,True,0.0,2026-10-09 16:19:31.179000+02:00,2026-10-09 16:30:00+02:00,2026-10-09 16:30:00+02:00,2026-10-09,16,Friday,False,10.48035
20261009_141925,2026-10-09 14:19:31.179000+00:00,Luzern,local,ch:1:sloid:8450,"Luzern, Bahnhof",ch:1:sloid:8450::1,2026-10-09,ch:1:sjyid:100619:plan:6a55d1a8-114d-4300-99a9-b96cb90c711b,bus,Bus,7,7,25583,"Luzern, Unterlöchli",Horw Biregghof,A,,2026-10-09 14:30:00+00:00,2026-10-09 14:30:30+00:00,,True,0.5,2026-10-09 16:19:31.179000+02:00,2026-10-09 16:30:00+02:00,2026-10-09 16:30:30+02:00,2026-10-09,16,Friday,False,10.48035
20261009_141925,2026-10-09 14:19:31.179000+00:00,Luzern,local,ch:1:sloid:8450,"Luzern, Bahnhof",ch:1:sloid:8450::17,2026-10-09,ch:1:sjyid:100619:plan:f669d601-57a4-4514-86f2-05e1a13990bb,bus,Bus,10,10,32669,"Luzern, Bahnhof",Obergütsch,W,,2026-10-09 14:30:00+00:00,2026-10-09 14:30:00+00:00,,True,0.0,2026-10-09 16:19:31.179000+02:00,2026-10-09 16:30:00+02:00,2026-10-09 16:30:00+02:00,2026-10-09,16,Friday,False,10.48035
20261009_141925,2026-10-09 14:19:31.179000+00:00,Luzern,local,ch:1:sloid:8450,"Luzern, Bahnhof",ch:1:sloid:8450::10,2026-10-09,ch:1:sjyid:100619:plan:c26efa52-04d4-42ee-a282-22e1d5c11639,bus,Bus,20,20,48901,"Luzern, Bahnhof",Horw Technikumstrasse,J,,2026-10-09 14:30:00+00:00,2026-10-09 14:30:00+00:00,,True,0.0,2026-10-09 16:19:31.179000+02:00,2026-10-09 16:30:00+02:00,2026-10-09 16:30:00+02:00,2026-10-09,16,Friday,False,10.48035
20261009_141925,2026-10-09 14:19:31.179000+00:00,Luzern,local,ch:1:sloid:8450,"Luzern, Bahnhof",ch:1:sloid:8450::13,2026-10-09,ch:1:sjyid:100618:plan:35a6aa52-11cf-4ca3-a6c1-44cda4716401,bus,Bus,61,61,150,"Luzern, Bahnhof",Ettiswil,T,,2026-10-09 14:31:00+00:00,2026-10-09 14:31:00+00:00,,True,0.0,2026-10-09 16:19:31.179000+02:00,2026-10-09 16:31:00+02:00,2026-10-09 16:31:00+02:00,2026-10-09,16,Friday,False,11.48035
20261009_141925,2026-10-09 14:19:31.618000+00:00,St. Gallen,local,ch:1:sloid:74095,"St. Gallen, Bahnhof",ch:1:sloid:74095:0:541287,2026-10-09,ch:1:sjyid:100684:SKI-7243,bus,Bus,7,7,7243,"St. Gallen, Neudorf/R'str.",Hinterberg,H,,2026-10-09 14:13:00+00:00,2026-10-09 14:19:30+00:00,,True,6.5,2026-10-09 16:19:31.618000+02:00,2026-10-09 16:13:00+02:00,2026-10-09 16:19:30+02:00,2026-10-09,16,Friday,False,-6.526966666666667
20261009_141925,2026-10-09 14:19:31.618000+00:00,St. Gallen,local,ch:1:sloid:74095,"St. Gallen, Bahnhof",ch:1:sloid:74095:0:174964,2026-10-09,ch:1:sjyid:100602:295234cb-7015-4d8c-af55-3132cfd83540,bus,Bus,121,121,12167,"Heiden, Post",Engelburg,C,,2026-10-09 14:18:00+00:00,2026-10-09 14:19:06+00:00,,True,1.1,2026-10-09 16:19:31.618000+02:00,2026-10-09 16:18:00+02:00,2026-10-09 16:19:06+02:00,2026-10-09,16,Friday,False,-1.5269666666666666
20261009_141925,2026-10-09 14:19:31.618000+00:00,St. Gallen,local,ch:1:sloid:74095,"St. Gallen, Bahnhof",ch:1:sloid:74095:0:541287,2026-10-09,ch:1:sjyid:100684:SKI-6377,bus,Bus,6,6,6377,"St. Gallen, Heiligkreuz",Bach St.Georgen,H,,2026-10-09 14:18:00+00:00,2026-10-09 14:21:06+00:00,,True,3.1,2026-10-09 16:19:31.618000+02:00,2026-10-09 16:18:00+02:00,2026-10-09 16:21:06+02:00,2026-10-09,16,Friday,False,-1.5269666666666666
20261009_141925,2026-10-09 14:19:31.618000+00:00,St. Gallen,local,ch:1:sloid:74095,"St. Gallen, Bahnhof",ch:1:sloid:74095:0:894224,2026-10-09,ch:1:sjyid:100695:28f3404a-eb73-45f1-8116-403f8fb6042f,bus,Bus,151,151,51167,"Gossau SG, Bahnhof",St.Gallen Spisertor,E,,2026-10-09 14:18:00+00:00,2026-10-09 14:22:12+00:00,,True,4.2,2026-10-09 16:19:31.618000+02:00,2026-10-09 16:18:00+02:00,2026-10-09 16:22:12+02:00,2026-10-09,16,Friday,False,-1.5269666666666666
20261009_141925,2026-10-09 14:19:31.618000+00:00,St. Gallen,local,ch:1:sloid:74095,"St. Gallen, Bahnhof",ch:1:sloid:74095:0:541287,2026-10-09,ch:1:sjyid:100684:SKI-8243,bus,Bus,8,8,8243,"St. Gallen, Neudorf/R'str.",Wendeplatz Stocken,H,,2026-10-09 14:20:00+00:00,2026-10-09 14:21:36+00:00,,True,1.6,2026-10-09 16:19:31.618000+02:00,2026-10-09 16:20:00+02:00,2026-10-09 16:21:36+02:00,2026-10-09,16,Friday,False,0.47303333333333336
20261009_141925,2026-10-09 14:19:31.618000+00:00,St. Gallen,local,ch:1:sloid:74095,"St. Gallen, Bahnhof",ch:1:sloid:74095:0:888081,2026-10-09,ch:1:sjyid:100684:SKI-3219,bus,Bus,3,3,3219,"Wittenbach, Bahnhof","Abtwil SG, St.Josefen",F,,2026-10-09 14:22:00+00:00,2026-10-09 14:22:06+00:00,,True,0.1,2026-10-09 16:19:31.618000+02:00,2026-10-09 16:22:00+02:00,2026-10-09 16:22:06+02:00,2026-10-09,16,Friday,False,2.4730333333333334
20261009_141925,2026-10-09 14:19:31.618000+00:00,St. Gallen,local,ch:1:sloid:74095,"St. Gallen, Bahnhof",ch:1:sloid:74095:0:181274,2026-10-09,ch:1:sjyid:100684:SKI-1364,bus,Bus,1,1,1364,"St. Gallen, Wolfganghof",Stephanshorn,B,,2026-10-09 14:22:00+00:00,2026-10-09 14:22:00+00:00,,True,0.0,2026-10-09 16:19:31.618000+02:00,2026-10-09 16:22:00+02:00,2026-10-09 16:22:00+02:00,2026-10-09,16,Friday,False,2.4730333333333334
20261009_141925,2026-10-09 14:19:31.618000+00:00,St. Gallen,local,ch:1:sloid:74095,"St. Gallen, Bahnhof",ch:1:sloid:74095:0:888081,2026-10-09,ch:1:sjyid:100695:6ece412a-b5a2-4337-9749-82e5fb3cfa4d,bus,Bus,151,151,51188,"St. Gallen, Spisertor (Bus)",Gossau Bhf,F,,2026-10-09 14:22:00+00:00,2026-10-09 14:28:12+00:00,,True,6.2,2026-10-09 16:19:31.618000+02:00,2026-10-09 16:22:00+02:00,2026-10-09 16:28:12+02:00,2026-10-09,16,Friday,False,2.4730333333333334
20261009_141925,2026-10-09 14:19:31.618000+00:00,St. Gallen,local,ch:1:sloid:74095,"St. Gallen, Bahnhof",ch:1:sloid:74095:0:606657,2026-10-09,ch:1:sjyid:100684:SKI-5358,bus,Bus,5,5,5358,"St. Gallen, Riethüsli",Rotmonten,I,,2026-10-09 14:23:00+00:00,2026-10-09 14:23:30+00:00,,True,0.5,2026-10-09 16:19:31.618000+02:00,2026-10-09 16:23:00+02:00,2026-10-09 16:23:30+02:00,2026-10-09,16,Friday,False,3.4730333333333334
20261009_141925,2026-10-09 14:19:31.618000+00:00,St. Gallen,local,ch:1:sloid:74095,"St. Gallen, Bahnhof",ch:1:sloid:74095:0:989159,2026-10-09,ch:1:sjyid:100684:SKI-1375,bus,Bus,1,1,1375,"St. Gallen, Stephanshorn",Winkeln,A,,2026-10-09 14:24:00+00:00,2026-10-09 14:24:00+00:00,,True,0.0,2026-10-09 16:19:31.618000+02:00,2026-10-09 16:24:00+02:00,2026-10-09 16:24:00+02:00,2026-10-09,16,Friday,False,4.473033333333333
20261009_141925,2026-10-09 14:19:31.618000+00:00,St. Gallen,local,ch:1:sloid:74095,"St. Gallen, Bahnhof",ch:1:sloid:74095:0:541287,2026-10-09,ch:1:sjyid:100684:SKI-10137,bus,Bus,10,10,10137,"St. Gallen, Röteli",Oberhofstetten,H,,2026-10-09 14:24:00+00:00,2026-10-09 14:25:06+00:00,,True,1.1,2026-10-09 16:19:31.618000+02:00,2026-10-09 16:24:00+02:00,2026-10-09 16:25:06+02:00,2026-10-09,16,Friday,False,4.473033333333333
20261009_141925,2026-10-09 14:19:31.618000+00:00,St. Gallen,local,ch:1:sloid:74095,"St. Gallen, Bahnhof",ch:1:sloid:74095:0:894224,2026-10-09,ch:1:sjyid:100684:SKI-3214,bus,Bus,3,3,3214,"Abtwil SG, Säntispark","Wittenbach, Bahnhof",E,,2026-10-09 14:24:00+00:00,2026-10-09 14:24:42+00:00,,True,0.7,2026-10-09 16:19:31.618000+02:00,2026-10-09 16:24:00+02:00,2026-10-09 16:24:42+02:00,2026-10-09,16,Friday,False,4.473033333333333
20261009_141925,2026-10-09 14:19:31.618000+00:00,St. Gallen,local,ch:1:sloid:74095,"St. Gallen, Bahnhof",ch:1:sloid:74095:0:606657,2026-10-09,ch:1:sjyid:100684:SKI-7232,bus,Bus,7,7,7232,"St. Gallen, Hinterberg",Neudorf / R'str.,I,,2026-10-09 14:24:00+00:00,2026-10-09 14:24:18+00:00,,True,0.3,2026-10-09 16:19:31.618000+02:00,2026-10-09 16:24:00+02:00,2026-10-09 16:24:18+02:00,2026-10-09,16,Friday,False,4.473033333333333
20261009_141925,2026-10-09 14:19:31.618000+00:00,St. Gallen,local,ch:1:sloid:74095,"St. Gallen, Bahnhof",ch:1:sloid:74095:0:541287,2026-10-09,ch:1:sjyid:100684:SKI-5371,bus,Bus,5,5,5371,"St. Gallen, Rotmonten",Riethüsli,H,,2026-10-09 14:26:00+00:00,2026-10-09 14:26:00+00:00,,True,0.0,2026-10-09 16:19:31.618000+02:00,2026-10-09 16:26:00+02:00,2026-10-09 16:26:00+02:00,2026-10-09,16,Friday,False,6.473033333333333
20261009_141925,2026-10-09 14:19:31.618000+00:00,St. Gallen,local,ch:1:sloid:74095,"St. Gallen, Bahnhof",ch:1:sloid:74095:0:886128,2026-10-09,ch:1:sjyid:100602:b2cc49f3-7ba1-4480-ac41-3f762398708d,bus,Bus,180,180,18031,"St. Gallen, Bahnhof",Herisau,G,,2026-10-09 14:26:00+00:00,2026-10-09 14:26:00+00:00,,True,0.0,2026-10-09 16:19:31.618000+02:00,2026-10-09 16:26:00+02:00,2026-10-09 16:26:00+02:00,2026-10-09,16,Friday,False,6.473033333333333
20261009_141925,2026-10-09 14:19:31.618000+00:00,St. Gallen,local,ch:1:sloid:74095,"St. Gallen, Bahnhof",ch:1:sloid:74095:0:894224,2026-10-09,ch:1:sjyid:100684:SKI-6678,bus,Bus,6,6,6678,"St. Gallen, Bahnhof",Olma Messen,E,,2026-10-09 14:26:00+00:00,2026-10-09 14:26:00+00:00,,True,0.0,2026-10-09 16:19:31.618000+02:00,2026-10-09 16:26:00+02:00,2026-10-09 16:26:00+02:00,2026-10-09,16,Friday,False,6.473033333333333
20261009_141925,2026-10-09 14:19:31.618000+00:00,St. Gallen,local,ch:1:sloid:74095,"St. Gallen, Bahnhof",ch:1:sloid:74095:0:943524,2026-10-09,ch:1:sjyid:100684:SKI-11116,bus,Bus,11,11,11116,"St. Gallen, Bahnhof","Wit., Abacus-Platz",J,,2026-10-09 14:27:00+00:00,2026-10-09 14:27:00+00:00,,True,0.0,2026-10-09 16:19:31.618000+02:00,2026-10-09 16:27:00+02:00,2026-10-09 16:27:00+02:00,2026-10-09,16,Friday,False,7.473033333333333
20261009_141925,2026-10-09 14:19:31.618000+00:00,St. Gallen,local,ch:1:sloid:74095,"St. Gallen, Bahnhof",ch:1:sloid:74095:0:482413,2026-10-09,ch:1:sjyid:100602:523875b6-b098-4e66-8c63-2e0519efdd01,bus,Bus,120,120,12080,"Engelburg, Dorfplatz",Heiden,D,,2026-10-09 14:27:00+00:00,2026-10-09 14:28:12+00:00,,True,1.2,2026-10-09 16:19:31.618000+02:00,2026-10-09 16:27:00+02:00,2026-10-09 16:28:12+02:00,2026-10-09,16,Friday,False,7.473033333333333
20261009_141925,2026-10-09 14:19:31.618000+00:00,St. Gallen,local,ch:1:sloid:74095,"St. Gallen, Bahnhof",ch:1:sloid:74095:0:174964,2026-10-09,ch:1:sjyid:100684:SKI-9225,bus,Bus,9,9,9225,"St. Gallen, Bahnhof",Hölzli,C,,2026-10-09 14:28:00+00:00,,,False,,2026-10-09 16:19:31.618000+02:00,2026-10-09 16:28:00+02:00,,2026-10-09,16,Friday,False,8.473033333333333
20261009_141925,2026-10-09 14:19:31.618000+00:00,St. Gallen,local,ch:1:sloid:74095,"St. Gallen, Bahnhof",ch:1:sloid:74095:0:541287,2026-10-09,ch:1:sjyid:100684:SKI-6379,bus,Bus,6,6,6379,"St. Gallen, Heiligkreuz",Bach St.Georgen,H,,2026-10-09 14:28:00+00:00,2026-10-09 14:28:00+00:00,,True,0.0,2026-10-09 16:19:31.618000+02:00,2026-10-09 16:28:00+02:00,2026-10-09 16:28:00+02:00,2026-10-09,16,Friday,False,8.473033333333333
20261009_141925,2026-10-09 14:19:31.618000+00:00,St. Gallen,local,ch:1:sloid:74095,"St. Gallen, Bahnhof",ch:1:sloid:74095:0:541287,2026-10-09,ch:1:sjyid:100684:SKI-7249,bus,Bus,7,7,7249,"St. Gallen, Neudorf/R'str.",Hinterberg,H,,2026-10-09 14:28:00+00:00,2026-10-09 14:28:00+00:00,,True,0.0,2026-10-09 16:19:31.618000+02:00,2026-10-09 16:28:00+02:00,2026-10-09 16:28:00+02:00,2026-10-09,16,Friday,False,8.473033333333333
20261009_141925,2026-10-09 14:19:31.618000+00:00,St. Gallen,local,ch:1:sloid:74095,"St. Gallen, Bahnhof",ch:1:sloid:74095:0:894224,2026-10-09,ch:1:sjyid:100695:fc114058-7843-4047-b8eb-0ffc3afee0ec,bus,Bus,151,151,51171,"Gossau SG, Bahnhof",St.Gallen Spisertor,E,,2026-10-09 14:28:00+00:00,2026-10-09 14:30:06+00:00,,True,2.1,2026-10-09 16:19:31.618000+02:00,2026-10-09 16:28:00+02:00,2026-10-09 16:30:06+02:00,2026-10-09,16,Friday,False,8.473033333333333
20261009_141925,2026-10-09 14:19:31.618000+00:00,St. Gallen,local,ch:1:sloid:74095,"St. Gallen, Bahnhof",ch:1:sloid:74095:0:181274,2026-10-09,ch:1:sjyid:100684:SKI-2370,bus,Bus,2,2,2370,"St. Gallen, Winkeln",Guggeien,B,,2026-10-09 14:28:00+00:00,2026-10-09 14:28:00+00:00,,True,0.0,2026-10-09 16:19:31.618000+02:00,2026-10-09 16:28:00+02:00,2026-10-09 16:28:00+02:00,2026-10-09,16,Friday,False,8.473033333333333
20261009_141925,2026-10-09 14:19:31.618000+00:00,St. Gallen,local,ch:1:sloid:74095,"St. Gallen, Bahnhof",ch:1:sloid:74095:0:894224,2026-10-09,ch:1:sjyid:100684:SKI-6366,bus,Bus,6,6,6366,"St. Gallen, Bach St. Georgen",Heiligkreuz,E,,2026-10-09 14:28:00+00:00,2026-10-09 14:28:00+00:00,,True,0.0,2026-10-09 16:19:31.618000+02:00,2026-10-09 16:28:00+02:00,2026-10-09 16:28:00+02:00,2026-10-09,16,Friday,False,8.473033333333333
20261009_141925,2026-10-09 14:19:31.618000+00:00,St. Gallen,local,ch:1:sloid:74095,"St. Gallen, Bahnhof",ch:1:sloid:74095:0:888081,2026-10-09,ch:1:sjyid:100684:SKI-4219,bus,Bus,4,4,4219,"Wittenbach, Bahnhof","Abtwil SG, Säntispark",F,,2026-10-09 14:29:00+00:00,2026-10-09 14:29:30+00:00,,True,0.5,2026-10-09 16:19:31.618000+02:00,2026-10-09 16:29:00+02:00,2026-10-09 16:29:30+02:00,2026-10-09,16,Friday,False,9.473033333333332
20261009_141925,2026-10-09 14:19:31.618000+00:00,St. Gallen,local,ch:1:sloid:74095,"St. Gallen, Bahnhof",ch:1:sloid:74095:0:989159,2026-10-09,ch:1:sjyid:100684:SKI-2365,bus,Bus,2,2,2365,"St. Gallen, Guggeien",Wolfganghof,A,,2026-10-09 14:30:00+00:00,2026-10-09 14:30:00+00:00,,True,0.0,2026-10-09 16:19:31.618000+02:00,2026-10-09 16:30:00+02:00,2026-10-09 16:30:00+02:00,2026-10-09,16,Friday,False,10.473033333333332
20261009_141925,2026-10-09 14:19:31.618000+00:00,St. Gallen,local,ch:1:sloid:74095,"St. Gallen, Bahnhof",ch:1:sloid:74095:0:886128,2026-10-09,ch:1:sjyid:100602:a3182355-82ac-4354-b302-f2c2fb1ba30e,bus,Bus,210,210,21044,"St. Gallen, Bahnhof",Arbon,G,,2026-10-09 14:30:00+00:00,2026-10-09 14:30:00+00:00,,True,0.0,2026-10-09 16:19:31.618000+02:00,2026-10-09 16:30:00+02:00,2026-10-09 16:30:00+02:00,2026-10-09,16,Friday,False,10.473033333333332
20261009_141925,2026-10-09 14:19:31.618000+00:00,St. Gallen,local,ch:1:sloid:74095,"St. Gallen, Bahnhof",ch:1:sloid:74095:0:606657,2026-10-09,ch:1:sjyid:100684:SKI-10206,bus,Bus,10,10,10206,"St. Gallen, Oberhofstetten",Röteli,I,,2026-10-09 14:31:00+00:00,2026-10-09 14:31:00+00:00,,True,0.0,2026-10-09 16:19:31.618000+02:00,2026-10-09 16:31:00+02:00,2026-10-09 16:31:00+02:00,2026-10-09,16,Friday,False,11.473033333333332
20261009_141925,2026-10-09 14:19:31.618000+00:00,St. Gallen,local,ch:1:sloid:74095,"St. Gallen, Bahnhof",ch:1:sloid:74095:0:894224,2026-10-09,ch:1:sjyid:100684:SKI-4222,bus,Bus,4,4,4222,"Abtwil SG, St. Josefen","Wittenbach, Bahnhof",E,,2026-10-09 14:31:00+00:00,2026-10-09 14:32:36+00:00,,True,1.6,2026-10-09 16:19:31.618000+02:00,2026-10-09 16:31:00+02:00,2026-10-09 16:32:36+02:00,2026-10-09,16,Friday,False,11.473033333333332
20261009_141925,2026-10-09 14:19:31.618000+00:00,St. Gallen,local,ch:1:sloid:74095,"St. Gallen, Bahnhof",ch:1:sloid:74095:0:174964,2026-10-09,ch:1:sjyid:100602:33d8360d-a8f7-4c18-943f-5aca28dc246a,bus,Bus,120,120,12081,"Heiden, Post",Engelburg,C,,2026-10-09 14:32:00+00:00,2026-10-09 14:32:00+00:00,,True,0.0,2026-10-09 16:19:31.618000+02:00,2026-10-09 16:32:00+02:00,2026-10-09 16:32:00+02:00,2026-10-09,16,Friday,False,12.473033333333332
20261009_141925,2026-10-09 14:19:32.062000+00:00,Lausanne,local,ch:1:sloid:92050,"Lausanne, gare",ch:1:sloid:92050:0:2893,2026-10-09,ch:1:sjyid:100122:plan1:2026_ATT5-21-50-Semaine-21-9980492,bus,Bus,21,21,21234,"Lausanne, Blécherette",Verrière,A,,2026-10-09 14:18:00+00:00,2026-10-09 14:23:54+00:00,,True,5.9,2026-10-09 16:19:32.062000+02:00,2026-10-09 16:18:00+02:00,2026-10-09 16:23:54+02:00,2026-10-09,16,Friday,False,-1.5343666666666667
20261009_141925,2026-10-09 14:19:32.062000+00:00,Lausanne,local,ch:1:sloid:92050,"Lausanne, gare",ch:1:sloid:92050:0:1096,2026-10-09,ch:1:sjyid:100122:plan2:m2_3127,metro,Metro,m2,m2,723127,"Lausanne, gare","Lausanne, Sallaz",,,2026-10-09 14:20:00+00:00,,,False,,2026-10-09 16:19:32.062000+02:00,2026-10-09 16:20:00+02:00,,2026-10-09,16,Friday,False,0.4656333333333333
20261009_141925,2026-10-09 14:19:32.062000+00:00,Lausanne,local,ch:1:sloid:92050,"Lausanne, gare",ch:1:sloid:92050:0:2814,2026-10-09,ch:1:sjyid:100122:plan1:2026_ATT2-03-20-Semaine-3-9715687,bus,Bus,3,3,3081,"Lausanne, gare",Maillefer,D,,2026-10-09 14:20:00+00:00,2026-10-09 14:20:00+00:00,,True,0.0,2026-10-09 16:19:32.062000+02:00,2026-10-09 16:20:00+02:00,2026-10-09 16:20:00+02:00,2026-10-09,16,Friday,False,0.4656333333333333
20261009_141925,2026-10-09 14:19:32.062000+00:00,Lausanne,local,ch:1:sloid:92050,"Lausanne, gare",ch:1:sloid:92050:0:2893,2026-10-09,ch:1:sjyid:100122:plan1:2026_ATT5-01-50-Semaine-1-10019166,bus,Bus,1,1,1131,"Ecublens VD, EPFL/Colladon",Blécherette,A,,2026-10-09 14:20:00+00:00,2026-10-09 14:23:30+00:00,,True,3.5,2026-10-09 16:19:32.062000+02:00,2026-10-09 16:20:00+02:00,2026-10-09 16:23:30+02:00,2026-10-09,16,Friday,False,0.4656333333333333
20261009_141925,2026-10-09 14:19:32.062000+00:00,Lausanne,local,ch:1:sloid:92050,"Lausanne, gare",ch:1:sloid:92050:0:1096,2026-10-09,ch:1:sjyid:100122:plan2:m2_0143,metro,Metro,m2,m2,720143,"Lausanne, Ouchy-Olympique","Epalinges, Croisettes",,,2026-10-09 14:21:00+00:00,,,False,,2026-10-09 16:19:32.062000+02:00,2026-10-09 16:21:00+02:00,,2026-10-09,16,Friday,False,1.4656333333333333
20261009_141925,2026-10-09 14:19:32.062000+00:00,Lausanne,local,ch:1:sloid:92050,"Lausanne, gare",ch:1:sloid:92050:0:2892,2026-10-09,ch:1:sjyid:100122:plan1:2026_ATT5-01-50-Semaine-1-10019058,bus,Bus,1,1,1294,"Lausanne, Blécherette",EPFL/Colladon,B,,2026-10-09 14:21:00+00:00,2026-10-09 14:22:36+00:00,,True,1.6,2026-10-09 16:19:32.062000+02:00,2026-10-09 16:21:00+02:00,2026-10-09 16:22:36+02:00,2026-10-09,16,Friday,False,1.4656333333333333
20261009_141925,2026-10-09 14:19:32.062000+00:00,Lausanne,local,ch:1:sloid:92050,"Lausanne, gare",ch:1:sloid:92050:0:1101,2026-10-09,ch:1:sjyid:100122:plan2:m2_0404,metro,Metro,m2,m2,720404,"Epalinges, Croisettes","Lausanne, Ouchy-Olympique",,,2026-10-09 14:22:00+00:00,,,False,,2026-10-09 16:19:32.062000+02:00,2026-10-09 16:22:00+02:00,,2026-10-09,16,Friday,False,2.4656333333333333
20261009_141925,2026-10-09 14:19:32.062000+00:00,Lausanne,local,ch:1:sloid:92050,"Lausanne, gare",ch:1:sloid:92050:0:1096,2026-10-09,ch:1:sjyid:100122:plan2:m2_3153,metro,Metro,m2,m2,723153,"Lausanne, gare","Lausanne, Sallaz",,,2026-10-09 14:24:00+00:00,,,False,,2026-10-09 16:19:32.062000+02:00,2026-10-09 16:24:00+02:00,,2026-10-09,16,Friday,False,4.465633333333333
20261009_141925,2026-10-09 14:19:32.062000+00:00,Lausanne,local,ch:1:sloid:92050,"Lausanne, gare",ch:1:sloid:92050:0:2814,2026-10-09,ch:1:sjyid:100122:plan1:2026_ATT5-21-50-Semaine-21-9980469,bus,Bus,21,21,21104,"Paudex, Verrière",Blécherette,D,,2026-10-09 14:24:00+00:00,2026-10-09 14:25:36+00:00,,True,1.6,2026-10-09 16:19:32.062000+02:00,2026-10-09 16:24:00+02:00,2026-10-09 16:25:36+02:00,2026-10-09,16,Friday,False,4.465633333333333
20261009_141925,2026-10-09 14:19:32.062000+00:00,Lausanne,local,ch:1:sloid:92050,"Lausanne, gare",ch:1:sloid:92050:0:2815,2026-10-09,ch:1:sjyid:100122:plan1:2026_ATT5-20-50-Semaine-20-9969541,bus,Bus,20,20,20060,"Lausanne, gare",Blécherette,C,,2026-10-09 14:25:00+00:00,2026-10-09 14:25:00+00:00,,True,0.0,2026-10-09 16:19:32.062000+02:00,2026-10-09 16:25:00+02:00,2026-10-09 16:25:00+02:00,2026-10-09,16,Friday,False,5.465633333333333
20261009_141925,2026-10-09 14:19:32.062000+00:00,Lausanne,local,ch:1:sloid:92050,"Lausanne, gare",ch:1:sloid:92050:0:1096,2026-10-09,ch:1:sjyid:100122:plan2:m2_0253,metro,Metro,m2,m2,720253,"Lausanne, Ouchy-Olympique","Epalinges, Croisettes",,,2026-10-09 14:26:00+00:00,,,False,,2026-10-09 16:19:32.062000+02:00,2026-10-09 16:26:00+02:00,,2026-10-09,16,Friday,False,6.465633333333333
20261009_141925,2026-10-09 14:19:32.062000+00:00,Lausanne,local,ch:1:sloid:92050,"Lausanne, gare",ch:1:sloid:92050:0:1101,2026-10-09,ch:1:sjyid:100122:plan2:m2_0198,metro,Metro,m2,m2,720198,"Epalinges, Croisettes","Lausanne, Ouchy-Olympique",,,2026-10-09 14:26:00+00:00,,,False,,2026-10-09 16:19:32.062000+02:00,2026-10-09 16:26:00+02:00,,2026-10-09,16,Friday,False,6.465633333333333
20261009_141925,2026-10-09 14:19:32.062000+00:00,Lausanne,local,ch:1:sloid:92050,"Lausanne, gare",ch:1:sloid:92050:0:2893,2026-10-09,ch:1:sjyid:100122:plan1:2026_ATT5-01-50-Semaine-1-10019167,bus,Bus,1,1,1132,"Ecublens VD, EPFL/Colladon",Blécherette,A,,2026-10-09 14:26:00+00:00,2026-10-09 14:28:00+00:00,,True,2.0,2026-10-09 16:19:32.062000+02:00,2026-10-09 16:26:00+02:00,2026-10-09 16:28:00+02:00,2026-10-09,16,Friday,False,6.465633333333333
20261009_141925,2026-10-09 14:19:32.062000+00:00,Lausanne,local,ch:1:sloid:92050,"Lausanne, gare",ch:1:sloid:92050:0:2893,2026-10-09,ch:1:sjyid:100122:plan1:2026_ATT5-21-50-Semaine-21-9980493,bus,Bus,21,21,21235,"Lausanne, Blécherette",Verrière,A,,2026-10-09 14:26:00+00:00,2026-10-09 14:27:54+00:00,,True,1.9,2026-10-09 16:19:32.062000+02:00,2026-10-09 16:26:00+02:00,2026-10-09 16:27:54+02:00,2026-10-09,16,Friday,False,6.465633333333333
20261009_141925,2026-10-09 14:19:32.062000+00:00,Lausanne,local,ch:1:sloid:92050,"Lausanne, gare",ch:1:sloid:92050:0:1096,2026-10-09,ch:1:sjyid:100122:plan2:m2_3179,metro,Metro,m2,m2,723179,"Lausanne, gare","Lausanne, Sallaz",,,2026-10-09 14:28:00+00:00,,,False,,2026-10-09 16:19:32.062000+02:00,2026-10-09 16:28:00+02:00,,2026-10-09,16,Friday,False,8.465633333333333
20261009_141925,2026-10-09 14:19:32.062000+00:00,Lausanne,local,ch:1:sloid:92050,"Lausanne, gare",ch:1:sloid:92050:0:2892,2026-10-09,ch:1:sjyid:100122:plan1:2026_ATT5-01-50-Semaine-1-10019059,bus,Bus,1,1,1295,"Lausanne, Blécherette",EPFL/Colladon,B,,2026-10-09 14:28:00+00:00,2026-10-09 14:29:06+00:00,,True,1.1,2026-10-09 16:19:32.062000+02:00,2026-10-09 16:28:00+02:00,2026-10-09 16:29:06+02:00,2026-10-09,16,Friday,False,8.465633333333333
20261009_141925,2026-10-09 14:19:32.062000+00:00,Lausanne,local,ch:1:sloid:92050,"Lausanne, gare",ch:1:sloid:92050:0:1096,2026-10-09,ch:1:sjyid:100122:plan2:m2_0307,metro,Metro,m2,m2,720307,"Lausanne, Ouchy-Olympique","Epalinges, Croisettes",,,2026-10-09 14:30:00+00:00,,,False,,2026-10-09 16:19:32.062000+02:00,2026-10-09 16:30:00+02:00,,2026-10-09,16,Friday,False,10.465633333333333
20261009_141925,2026-10-09 14:19:32.062000+00:00,Lausanne,local,ch:1:sloid:92050,"Lausanne, gare",ch:1:sloid:92050:0:2814,2026-10-09,ch:1:sjyid:100122:plan1:2026_ATT2-03-20-Semaine-3-9715688,bus,Bus,3,3,3082,"Lausanne, gare",Maillefer,D,,2026-10-09 14:30:00+00:00,2026-10-09 14:30:00+00:00,,True,0.0,2026-10-09 16:19:32.062000+02:00,2026-10-09 16:30:00+02:00,2026-10-09 16:30:00+02:00,2026-10-09,16,Friday,False,10.465633333333333
20261009_141925,2026-10-09 14:19:32.062000+00:00,Lausanne,local,ch:1:sloid:92050,"Lausanne, gare",ch:1:sloid:92050:0:1101,2026-10-09,ch:1:sjyid:100122:plan2:m2_0526,metro,Metro,m2,m2,720526,"Epalinges, Croisettes","Lausanne, Ouchy-Olympique",,,2026-10-09 14:30:00+00:00,,,False,,2026-10-09 16:19:32.062000+02:00,2026-10-09 16:30:00+02:00,,2026-10-09,16,Friday,False,10.465633333333333
20261009_141925,2026-10-09 14:19:32.062000+00:00,Lausanne,local,ch:1:sloid:92050,"Lausanne, gare",ch:1:sloid:92050:0:2893,2026-10-09,ch:1:sjyid:100122:plan1:2026_ATT5-01-50-Semaine-1-10019168,bus,Bus,1,1,1133,"Ecublens VD, EPFL/Colladon",Blécherette,A,,2026-10-09 14:32:00+00:00,2026-10-09 14:31:12+00:00,,True,-0.8,2026-10-09 16:19:32.062000+02:00,2026-10-09 16:32:00+02:00,2026-10-09 16:31:12+02:00,2026-10-09,16,Friday,False,12.465633333333333
20261009_141925,2026-10-09 14:19:32.062000+00:00,Lausanne,local,ch:1:sloid:92050,"Lausanne, gare",ch:1:sloid:92050:0:1096,2026-10-09,ch:1:sjyid:100122:plan2:m2_3009,metro,Metro,m2,m2,723009,"Lausanne, gare","Lausanne, Sallaz",,,2026-10-09 14:33:00+00:00,,,False,,2026-10-09 16:19:32.062000+02:00,2026-10-09 16:33:00+02:00,,2026-10-09,16,Friday,False,13.465633333333333
20261009_141925,2026-10-09 14:19:32.062000+00:00,Lausanne,local,ch:1:sloid:92050,"Lausanne, gare",ch:1:sloid:92050:0:2814,2026-10-09,ch:1:sjyid:100122:plan1:2026_ATT5-21-50-Semaine-21-9980470,bus,Bus,21,21,21105,"Paudex, Verrière",Blécherette,D,,2026-10-09 14:33:00+00:00,2026-10-09 14:35:12+00:00,,True,2.2,2026-10-09 16:19:32.062000+02:00,2026-10-09 16:33:00+02:00,2026-10-09 16:35:12+02:00,2026-10-09,16,Friday,False,13.465633333333333
20261009_141925,2026-10-09 14:19:32.062000+00:00,Lausanne,local,ch:1:sloid:92050,"Lausanne, gare",ch:1:sloid:92050:0:1096,2026-10-09,ch:1:sjyid:100122:plan2:m2_0405,metro,Metro,m2,m2,720405,"Lausanne, Ouchy-Olympique","Epalinges, Croisettes",,,2026-10-09 14:34:00+00:00,,,False,,2026-10-09 16:19:32.062000+02:00,2026-10-09 16:34:00+02:00,,2026-10-09,16,Friday,False,14.465633333333333
20261009_141925,2026-10-09 14:19:32.062000+00:00,Lausanne,local,ch:1:sloid:92050,"Lausanne, gare",ch:1:sloid:92050:0:2892,2026-10-09,ch:1:sjyid:100122:plan1:2026_ATT5-01-50-Semaine-1-10019060,bus,Bus,1,1,1296,"Lausanne, Blécherette",EPFL/Colladon,B,,2026-10-09 14:35:00+00:00,2026-10-09 14:41:48+00:00,,True,6.8,2026-10-09 16:19:32.062000+02:00,2026-10-09 16:35:00+02:00,2026-10-09 16:41:48+02:00,2026-10-09,16,Friday,False,15.465633333333333
20261009_141925,2026-10-09 14:19:32.062000+00:00,Lausanne,local,ch:1:sloid:92050,"Lausanne, gare",ch:1:sloid:92050:0:1101,2026-10-09,ch:1:sjyid:100122:plan2:m2_0350,metro,Metro,m2,m2,720350,"Epalinges, Croisettes","Lausanne, Ouchy-Olympique",,,2026-10-09 14:35:00+00:00,,,False,,2026-10-09 16:19:32.062000+02:00,2026-10-09 16:35:00+02:00,,2026-10-09,16,Friday,False,15.465633333333333
20261009_141925,2026-10-09 14:19:32.062000+00:00,Lausanne,local,ch:1:sloid:92050,"Lausanne, gare",ch:1:sloid:92050:0:2893,2026-10-09,ch:1:sjyid:100122:plan1:2026_ATT5-21-50-Semaine-21-9980494,bus,Bus,21,21,21236,"Lausanne, Blécherette",Verrière,A,,2026-10-09 14:36:00+00:00,2026-10-09 14:37:12+00:00,,True,1.2,2026-10-09 16:19:32.062000+02:00,2026-10-09 16:36:00+02:00,2026-10-09 16:37:12+02:00,2026-10-09,16,Friday,False,16.465633333333333
20261009_141925,2026-10-09 14:19:32.062000+00:00,Lausanne,local,ch:1:sloid:92050,"Lausanne, gare",ch:1:sloid:92050:0:1096,2026-10-09,ch:1:sjyid:100122:plan2:m2_3203,metro,Metro,m2,m2,723203,"Lausanne, gare","Lausanne, Sallaz",,,2026-10-09 14:37:00+00:00,,,False,,2026-10-09 16:19:32.062000+02:00,2026-10-09 16:37:00+02:00,,2026-10-09,16,Friday,False,17.465633333333336
20261009_141925,2026-10-09 14:19:32.062000+00:00,Lausanne,local,ch:1:sloid:92050,"Lausanne, gare",ch:1:sloid:92050:0:2815,2026-10-09,ch:1:sjyid:100122:plan1:2026_ATT5-20-50-Semaine-20-9969542,bus,Bus,20,20,20061,"Lausanne, gare",Blécherette,C,,2026-10-09 14:37:00+00:00,2026-10-09 14:37:00+00:00,,True,0.0,2026-10-09 16:19:32.062000+02:00,2026-10-09 16:37:00+02:00,2026-10-09 16:37:00+02:00,2026-10-09,16,Friday,False,17.465633333333336
20261009_141925,2026-10-09 14:19:32.062000+00:00,Lausanne,local,ch:1:sloid:92050,"Lausanne, gare",ch:1:sloid:92050:0:2893,2026-10-09,ch:1:sjyid:100122:plan1:2026_ATT5-01-50-Semaine-1-10019169,bus,Bus,1,1,1134,"Ecublens VD, EPFL/Colladon",Blécherette,A,,2026-10-09 14:38:00+00:00,2026-10-09 14:39:30+00:00,,True,1.5,2026-10-09 16:19:32.062000+02:00,2026-10-09 16:38:00+02:00,2026-10-09 16:39:30+02:00,2026-10-09,16,Friday,False,18.465633333333336
20261009_141925,2026-10-09 14:19:32.062000+00:00,Lausanne,local,ch:1:sloid:92050,"Lausanne, gare",ch:1:sloid:92050:0:1096,2026-10-09,ch:1:sjyid:100122:plan2:m2_0199,metro,Metro,m2,m2,720199,"Lausanne, Ouchy-Olympique","Epalinges, Croisettes",,,2026-10-09 14:39:00+00:00,,,False,,2026-10-09 16:19:32.062000+02:00,2026-10-09 16:39:00+02:00,,2026-10-09,16,Friday,False,19.465633333333336
20261009_141925,2026-10-09 14:19:32.535000+00:00,Genève,local,ch:1:sloid:87057,"Genève, gare Cornavin",ch:1:sloid:87057:0:46188,2026-10-09,ch:1:sjyid:100680:HAS-26-015925-70-Lun-Ven-35914132,bus,Bus,1,1,698507,"Genève, Jardin Botanique",Hôpital Trois-Chêne,D,,2026-10-09 14:18:00+00:00,2026-10-09 14:24:30+00:00,,True,6.5,2026-10-09 16:19:32.535000+02:00,2026-10-09 16:18:00+02:00,2026-10-09 16:24:30+02:00,2026-10-09,16,Friday,False,-1.54225
20261009_141925,2026-10-09 14:19:32.535000+00:00,Genève,local,ch:1:sloid:87057,"Genève, gare Cornavin",ch:1:sloid:87057:0:973093,2026-10-09,ch:1:sjyid:100680:HAS-26-08-20-13-Lun-Ven-35205770,bus,Bus,8,8,646147,"Grand-Saconnex, Palexpo",Veyrier-Douane,C,,2026-10-09 14:19:00+00:00,2026-10-09 14:21:00+00:00,,True,2.0,2026-10-09 16:19:32.535000+02:00,2026-10-09 16:19:00+02:00,2026-10-09 16:21:00+02:00,2026-10-09,16,Friday,False,-0.5422499999999999
20261009_141925,2026-10-09 14:19:32.535000+00:00,Genève,local,ch:1:sloid:87057,"Genève, gare Cornavin",ch:1:sloid:87057:0:408265,2026-10-09,ch:1:sjyid:100680:HAS-26-015925-70-Lun-Ven-35914201,bus,Bus,1,1,698576,"Thônex, Hôpital Trois-Chêne",Jardin Botanique,E,,2026-10-09 14:19:00+00:00,2026-10-09 14:19:36+00:00,,True,0.6,2026-10-09 16:19:32.535000+02:00,2026-10-09 16:19:00+02:00,2026-10-09 16:19:36+02:00,2026-10-09,16,Friday,False,-0.5422499999999999
20261009_141925,2026-10-09 14:19:32.535000+00:00,Genève,local,ch:1:sloid:87057,"Genève, gare Cornavin",ch:1:sloid:87057:0:783875,2026-10-09,ch:1:sjyid:100680:HAS-26-10-0-Lun-Ven-33819161,bus,Bus,10,10,552145,"Genève, Rive",Genève-Aéroport-Terminal,K,,2026-10-09 14:19:00+00:00,2026-10-09 14:20:24+00:00,,True,1.4,2026-10-09 16:19:32.535000+02:00,2026-10-09 16:19:00+02:00,2026-10-09 16:20:24+02:00,2026-10-09,16,Friday,False,-0.5422499999999999
20261009_141925,2026-10-09 14:19:32.535000+00:00,Genève,local,ch:1:sloid:87057,"Genève, gare Cornavin",ch:1:sloid:87057:0:233278,2026-10-09,ch:1:sjyid:100680:HAS-26-18-19-Lun-Ven-35445182,tram,Tram,18,18,854237,"Meyrin, CERN",Palettes,I,,2026-10-09 14:20:00+00:00,2026-10-09 14:19:54+00:00,,True,-0.1,2026-10-09 16:19:32.535000+02:00,2026-10-09 16:20:00+02:00,2026-10-09 16:19:54+02:00,2026-10-09,16,Friday,False,0.45775
20261009_141925,2026-10-09 14:19:32.535000+00:00,Genève,local,ch:1:sloid:87057,"Genève, gare Cornavin",ch:1:sloid:87057:0:46188,2026-10-09,ch:1:sjyid:100680:HAS-26-15-19-Lun-Ven-35443328,tram,Tram,15,15,852724,"Genève, Nations",ZIPLO,D,,2026-10-09 14:20:00+00:00,2026-10-09 14:20:18+00:00,,True,0.3,2026-10-09 16:19:32.535000+02:00,2026-10-09 16:20:00+02:00,2026-10-09 16:20:18+02:00,2026-10-09,16,Friday,False,0.45775
20261009_141925,2026-10-09 14:19:32.535000+00:00,Genève,local,ch:1:sloid:87057,"Genève, gare Cornavin",ch:1:sloid:87057:0:698638,2026-10-09,ch:1:sjyid:100680:HAS-26-03-0-Lun-Ven-33838449,bus,Bus,3,3,554741,"Genève, Crêts-de-Champel",Gardiol,F,,2026-10-09 14:20:00+00:00,2026-10-09 14:22:12+00:00,,True,2.2,2026-10-09 16:19:32.535000+02:00,2026-10-09 16:20:00+02:00,2026-10-09 16:22:12+02:00,2026-10-09,16,Friday,False,0.45775
20261009_141925,2026-10-09 14:19:32.535000+00:00,Genève,local,ch:1:sloid:87057,"Genève, gare Cornavin",ch:1:sloid:87057:0:50679,2026-10-09,ch:1:sjyid:100680:HAS-26-60-61-70-Lun-Ven-35376420,bus,Bus,60,60,693531,"Genève, gare Cornavin",Gex-L'Aiglette,J,,2026-10-09 14:20:00+00:00,2026-10-09 14:20:00+00:00,,True,0.0,2026-10-09 16:19:32.535000+02:00,2026-10-09 16:20:00+02:00,2026-10-09 16:20:00+02:00,2026-10-09,16,Friday,False,0.45775
20261009_141925,2026-10-09 14:19:32.535000+00:00,Genève,local,ch:1:sloid:87057,"Genève, gare Cornavin",ch:1:sloid:87057:0:783875,2026-10-09,ch:1:sjyid:100680:HAS-26-02-06-19-1-Lun-Ven-34652085,bus,Bus,6,6,616957,"Genève, Plage",Vernier-Village,K,,2026-10-09 14:20:00+00:00,2026-10-09 14:19:48+00:00,,True,-0.2,2026-10-09 16:19:32.535000+02:00,2026-10-09 16:20:00+02:00,2026-10-09 16:19:48+02:00,2026-10-09,16,Friday,False,0.45775
20261009_141925,2026-10-09 14:19:32.535000+00:00,Genève,local,ch:1:sloid:87057,"Genève, gare Cornavin",ch:1:sloid:87057:0:651350,2026-10-09,ch:1:sjyid:100680:HAS-26-015925-70-Lun-Ven-35913781,bus,Bus,5,5,698196,"Genève-Aéroport, Terminal",Thônex-Vallard,B,,2026-10-09 14:21:00+00:00,2026-10-09 14:22:00+00:00,,True,1.0,2026-10-09 16:19:32.535000+02:00,2026-10-09 16:21:00+02:00,2026-10-09 16:22:00+02:00,2026-10-09,16,Friday,False,1.45775
20261009_141925,2026-10-09 14:19:32.535000+00:00,Genève,local,ch:1:sloid:87057,"Genève, gare Cornavin",ch:1:sloid:87057:0:783875,2026-10-09,ch:1:sjyid:100680:HAS-26-015925-70-Lun-Ven-35914470,bus,Bus,9,9,698697,"Thônex, Belle-Terre Pl. Araire",Lignon-Tours,K,,2026-10-09 14:21:00+00:00,2026-10-09 14:20:12+00:00,,True,-0.8,2026-10-09 16:19:32.535000+02:00,2026-10-09 16:21:00+02:00,2026-10-09 16:20:12+02:00,2026-10-09,16,Friday,False,1.45775
20261009_141925,2026-10-09 14:19:32.535000+00:00,Genève,local,ch:1:sloid:87057,"Genève, gare Cornavin",ch:1:sloid:87057:0:314070,2026-10-09,ch:1:sjyid:100680:HAS-26-E_x002B_-1-Lun-Ven-34675431,bus,Bus,E+,E+,618305,"Genève, gare Cornavin",Hermance-Village,G,,2026-10-09 14:22:00+00:00,2026-10-09 14:22:00+00:00,,True,0.0,2026-10-09 16:19:32.535000+02:00,2026-10-09 16:22:00+02:00,2026-10-09 16:22:00+02:00,2026-10-09,16,Friday,False,2.45775
20261009_141925,2026-10-09 14:19:32.535000+00:00,Genève,local,ch:1:sloid:87057,"Genève, gare Cornavin",ch:1:sloid:87057:0:89811,2026-10-09,ch:1:sjyid:100680:HAS-26-18-19-Lun-Ven-35445181,tram,Tram,18,18,854236,"Grand-Lancy, Palettes",CERN,H,,2026-10-09 14:22:00+00:00,2026-10-09 14:22:06+00:00,,True,0.1,2026-10-09 16:19:32.535000+02:00,2026-10-09 16:22:00+02:00,2026-10-09 16:22:06+02:00,2026-10-09,16,Friday,False,2.45775
20261009_141925,2026-10-09 14:19:32.535000+00:00,Genève,local,ch:1:sloid:87057,"Genève, gare Cornavin",ch:1:sloid:87057:0:233278,2026-10-09,ch:1:sjyid:100680:HAS-26-14-19-Lun-Ven-35444855,tram,Tram,14,14,853918,"Meyrin, Gravière",Bernex-Vailly,I,,2026-10-09 14:23:00+00:00,2026-10-09 14:25:00+00:00,,True,2.0,2026-10-09 16:19:32.535000+02:00,2026-10-09 16:23:00+02:00,2026-10-09 16:25:00+02:00,2026-10-09,16,Friday,False,3.45775
20261009_141925,2026-10-09 14:19:32.535000+00:00,Genève,local,ch:1:sloid:87057,"Genève, gare Cornavin",ch:1:sloid:87057:0:589555,2026-10-09,ch:1:sjyid:100680:HAS-26-02-06-19-1-Lun-Ven-34652084,bus,Bus,19,19,616956,"Vernier, village",Onex-Cité,L,,2026-10-09 14:23:00+00:00,2026-10-09 14:21:42+00:00,,True,-1.3,2026-10-09 16:19:32.535000+02:00,2026-10-09 16:23:00+02:00,2026-10-09 16:21:42+02:00,2026-10-09,16,Friday,False,3.45775
20261009_141925,2026-10-09 14:19:32.535000+00:00,Genève,local,ch:1:sloid:87057,"Genève, gare Cornavin",ch:1:sloid:87057:0:651350,2026-10-09,ch:1:sjyid:100680:HAS-26-08-20-13-Lun-Ven-35206030,bus,Bus,20,20,646342,"Bellevue GE, Valavran",Veyrier-Tournettes,B,,2026-10-09 14:23:00+00:00,2026-10-09 14:27:00+00:00,,True,4.0,2026-10-09 16:19:32.535000+02:00,2026-10-09 16:23:00+02:00,2026-10-09 16:27:00+02:00,2026-10-09,16,Friday,False,3.45775
20261009_141925,2026-10-09 14:19:32.535000+00:00,Genève,local,ch:1:sloid:87057,"Genève, gare Cornavin",ch:1:sloid:87057:0:408265,2026-10-09,ch:1:sjyid:100680:HAS-26-015925-70-Lun-Ven-35913923,bus,Bus,25,25,698299,"Thônex, Vallard",Jardin Botanique,E,,2026-10-09 14:23:00+00:00,2026-10-09 14:24:00+00:00,,True,1.0,2026-10-09 16:19:32.535000+02:00,2026-10-09 16:23:00+02:00,2026-10-09 16:24:00+02:00,2026-10-09,16,Friday,False,3.45775
20261009_141925,2026-10-09 14:19:32.535000+00:00,Genève,local,ch:1:sloid:87057,"Genève, gare Cornavin",ch:1:sloid:87057:0:50679,2026-10-09,ch:1:sjyid:100680:HAS-26-08-20-13-Lun-Ven-35206072,bus,Bus,20,20,646384,"Veyrier, Tournettes",Valavran,J,,2026-10-09 14:23:00+00:00,2026-10-09 14:23:54+00:00,,True,0.9,2026-10-09 16:19:32.535000+02:00,2026-10-09 16:23:00+02:00,2026-10-09 16:23:54+02:00,2026-10-09,16,Friday,False,3.45775
20261009_141925,2026-10-09 14:19:32.535000+00:00,Genève,local,ch:1:sloid:87057,"Genève, gare Cornavin",ch:1:sloid:87057:0:783875,2026-10-09,ch:1:sjyid:100680:HAS-26-02-06-19-1-Lun-Ven-34652717,bus,Bus,19,19,617394,"Genève, Jonction",Vernier-Village,K,,2026-10-09 14:23:00+00:00,2026-10-09 14:23:48+00:00,,True,0.8,2026-10-09 16:19:32.535000+02:00,2026-10-09 16:23:00+02:00,2026-10-09 16:23:48+02:00,2026-10-09,16,Friday,False,3.45775
20261009_141925,2026-10-09 14:19:32.535000+00:00,Genève,local,ch:1:sloid:87057,"Genève, gare Cornavin",ch:1:sloid:87057:0:408265,2026-10-09,ch:1:sjyid:100680:HAS-26-15-19-Lun-Ven-35443742,tram,Tram,15,15,852838,"Plan-les-Ouates, ZIPLO",Nations,E,,2026-10-09 14:24:00+00:00,2026-10-09 14:23:54+00:00,,True,-0.1,2026-10-09 16:19:32.535000+02:00,2026-10-09 16:24:00+02:00,2026-10-09 16:23:54+02:00,2026-10-09,16,Friday,False,4.45775
20261009_141925,2026-10-09 14:19:32.535000+00:00,Genève,local,ch:1:sloid:87057,"Genève, gare Cornavin",ch:1:sloid:87057:0:89811,2026-10-09,ch:1:sjyid:100680:HAS-26-14-19-Lun-Ven-35444857,tram,Tram,14,14,853920,"Bernex, Vailly",Meyrin-Gravière,H,,2026-10-09 14:24:00+00:00,2026-10-09 14:23:54+00:00,,True,-0.1,2026-10-09 16:19:32.535000+02:00,2026-10-09 16:24:00+02:00,2026-10-09 16:23:54+02:00,2026-10-09,16,Friday,False,4.45775
20261009_141925,2026-10-09 14:19:32.535000+00:00,Genève,local,ch:1:sloid:87057,"Genève, gare Cornavin",ch:1:sloid:87057:0:589555,2026-10-09,ch:1:sjyid:100680:HAS-26-10-0-Lun-Ven-33819170,bus,Bus,10,10,552154,"Genève-Aéroport, Terminal",Rive,L,,2026-10-09 14:25:00+00:00,2026-10-09 14:27:48+00:00,,True,2.8,2026-10-09 16:19:32.535000+02:00,2026-10-09 16:25:00+02:00,2026-10-09 16:27:48+02:00,2026-10-09,16,Friday,False,5.45775
20261009_141925,2026-10-09 14:19:32.535000+00:00,Genève,local,ch:1:sloid:87057,"Genève, gare Cornavin",ch:1:sloid:87057:0:46188,2026-10-09,ch:1:sjyid:100680:HAS-26-15-19-Lun-Ven-35443354,tram,Tram,15,15,852750,"Genève, Nations",ZIPLO,D,,2026-10-09 14:25:00+00:00,2026-10-09 14:25:36+00:00,,True,0.6,2026-10-09 16:19:32.535000+02:00,2026-10-09 16:25:00+02:00,2026-10-09 16:25:36+02:00,2026-10-09,16,Friday,False,5.45775
20261009_141925,2026-10-09 14:19:32.535000+00:00,Genève,local,ch:1:sloid:87057,"Genève, gare Cornavin",ch:1:sloid:87057:0:50679,2026-10-09,ch:1:sjyid:100680:HAS-26-015925-70-Lun-Ven-35913685,bus,Bus,5,5,698100,"Thônex, Vallard",Genève-Aéroport-Terminal,J,,2026-10-09 14:25:00+00:00,2026-10-09 14:28:18+00:00,,True,3.3,2026-10-09 16:19:32.535000+02:00,2026-10-09 16:25:00+02:00,2026-10-09 16:28:18+02:00,2026-10-09,16,Friday,False,5.45775
20261009_141925,2026-10-09 14:19:32.535000+00:00,Genève,local,ch:1:sloid:87057,"Genève, gare Cornavin",ch:1:sloid:87057:0:589555,2026-10-09,ch:1:sjyid:100680:HAS-26-015925-70-Lun-Ven-35914565,bus,Bus,9,9,698792,"Vernier, Lignon Tours",Belle-Terre-Place-de-l'Araire,L,,2026-10-09 14:26:00+00:00,2026-10-09 14:26:18+00:00,,True,0.3,2026-10-09 16:19:32.535000+02:00,2026-10-09 16:26:00+02:00,2026-10-09 16:26:18+02:00,2026-10-09,16,Friday,False,6.45775
20261009_141925,2026-10-09 14:19:32.535000+00:00,Genève,local,ch:1:sloid:87057,"Genève, gare Cornavin",ch:1:sloid:87057:0:783875,2026-10-09,ch:1:sjyid:100680:HAS-26-10-0-Lun-Ven-33819151,bus,Bus,10,10,552135,"Genève, Rive",Genève-Aéroport-Terminal,K,,2026-10-09 14:26:00+00:00,2026-10-09 14:25:18+00:00,,True,-0.7,2026-10-09 16:19:32.535000+02:00,2026-10-09 16:26:00+02:00,2026-10-09 16:25:18+02:00,2026-10-09,16,Friday,False,6.45775
20261009_141925,2026-10-09 14:19:32.535000+00:00,Genève,local,ch:1:sloid:87057,"Genève, gare Cornavin",ch:1:sloid:87057:0:783875,2026-10-09,ch:1:sjyid:100680:HAS-26-02-06-19-1-Lun-Ven-34652090,bus,Bus,19,19,616960,"Onex, cité",Vernier-Village,K,,2026-10-09 14:26:00+00:00,2026-10-09 14:26:18+00:00,,True,0.3,2026-10-09 16:19:32.535000+02:00,2026-10-09 16:26:00+02:00,2026-10-09 16:26:18+02:00,2026-10-09,16,Friday,False,6.45775
20261009_141925,2026-10-09 14:19:32.535000+00:00,Genève,local,ch:1:sloid:87057,"Genève, gare Cornavin",ch:1:sloid:87057:0:46188,2026-10-09,ch:1:sjyid:100680:HAS-26-015925-70-Lun-Ven-35914133,bus,Bus,1,1,698508,"Genève, Jardin Botanique",Hôpital Trois-Chêne,D,,2026-10-09 14:27:00+00:00,2026-10-09 14:27:36+00:00,,True,0.6,2026-10-09 16:19:32.535000+02:00,2026-10-09 16:27:00+02:00,2026-10-09 16:27:36+02:00,2026-10-09,16,Friday,False,7.45775
20261009_141925,2026-10-09 14:19:32.535000+00:00,Genève,local,ch:1:sloid:87057,"Genève, gare Cornavin",ch:1:sloid:87057:0:408265,2026-10-09,ch:1:sjyid:100680:HAS-26-015925-70-Lun-Ven-35914195,bus,Bus,1,1,698570,"Thônex, Hôpital Trois-Chêne",Jardin Botanique,E,,2026-10-09 14:27:00+00:00,2026-10-09 14:32:30+00:00,,True,5.5,2026-10-09 16:19:32.535000+02:00,2026-10-09 16:27:00+02:00,2026-10-09 16:32:30+02:00,2026-10-09,16,Friday,False,7.45775
20261009_141925,2026-10-09 14:19:32.996000+00:00,Lugano,local,ch:1:sloid:5380,"Lugano, Stazione",ch:1:sloid:5380::407002,2026-10-09,ch:1:sjyid:100754:f5a4efdd-efa7-412d-8bf8-03beb0a15ffc,bus,Bus,4,4,4165,"Lugano, Centro","Canobbio, Ganna",B,,2026-10-09 14:14:00+00:00,2026-10-09 14:33:12+00:00,,True,19.2,2026-10-09 16:19:32.996000+02:00,2026-10-09 16:14:00+02:00,2026-10-09 16:33:12+02:00,2026-10-09,16,Friday,False,-5.549933333333333
20261009_141925,2026-10-09 14:19:32.996000+00:00,Lugano,local,ch:1:sloid:5380,"Lugano, Stazione",ch:1:sloid:5380::407001,2026-10-09,ch:1:sjyid:100754:ff4f3e98-969c-43cb-84fc-830742a1e20e,bus,Bus,4,4,4170,"Canobbio, Ganna","Lugano, Centro",A,,2026-10-09 14:16:00+00:00,2026-10-09 14:19:00+00:00,,True,3.0,2026-10-09 16:19:32.996000+02:00,2026-10-09 16:16:00+02:00,2026-10-09 16:19:00+02:00,2026-10-09,16,Friday,False,-3.5499333333333336
20261009_141925,2026-10-09 14:19:32.996000+00:00,Lugano,local,ch:1:sloid:5380,"Lugano, Stazione",ch:1:sloid:5380::407001,2026-10-09,ch:1:sjyid:100754:b8b300a1-70ca-40d6-981d-fc8f050ff39a,bus,Bus,6,6,6183,"Lugano, Stazione","Lugano, Cornaredo",A,,2026-10-09 14:20:00+00:00,2026-10-09 14:21:12+00:00,,True,1.2,2026-10-09 16:19:32.996000+02:00,2026-10-09 16:20:00+02:00,2026-10-09 16:21:12+02:00,2026-10-09,16,Friday,False,0.45006666666666667
20261009_141925,2026-10-09 14:19:32.996000+00:00,Lugano,local,ch:1:sloid:5380,"Lugano, Stazione",ch:1:sloid:5380::407001,2026-10-09,ch:1:sjyid:100754:5d91e615-fb32-4ffb-9a6e-c246eec59ff6,bus,Bus,2,2,2188,"Castagnola, Capolinea","Paradiso, Carzo",A,,2026-10-09 14:20:00+00:00,2026-10-09 14:27:54+00:00,,True,7.9,2026-10-09 16:19:32.996000+02:00,2026-10-09 16:20:00+02:00,2026-10-09 16:27:54+02:00,2026-10-09,16,Friday,False,0.45006666666666667
20261009_141925,2026-10-09 14:19:32.996000+00:00,Lugano,local,ch:1:sloid:5380,"Lugano, Stazione",ch:1:sloid:5380::407002,2026-10-09,ch:1:sjyid:100754:39143df3-6a18-4df9-bd80-b45567e604bb,bus,Bus,4,4,4169,"Lugano, Centro","Canobbio, Ganna",B,,2026-10-09 14:29:00+00:00,2026-10-09 14:36:48+00:00,,True,7.8,2026-10-09 16:19:32.996000+02:00,2026-10-09 16:29:00+02:00,2026-10-09 16:36:48+02:00,2026-10-09,16,Friday,False,9.450066666666666
20261009_141925,2026-10-09 14:19:32.996000+00:00,Lugano,local,ch:1:sloid:5380,"Lugano, Stazione",ch:1:sloid:5380::407001,2026-10-09,ch:1:sjyid:100754:570793c7-9c8c-4b98-95ed-98508eb846ce,bus,Bus,6,6,6187,"Lugano, Stazione","Lugano, Cornaredo",A,,2026-10-09 14:30:00+00:00,,,False,,2026-10-09 16:19:32.996000+02:00,2026-10-09 16:30:00+02:00,,2026-10-09,16,Friday,False,10.450066666666666
20261009_141925,2026-10-09 14:19:32.996000+00:00,Lugano,local,ch:1:sloid:5380,"Lugano, Stazione",ch:1:sloid:5380::407001,2026-10-09,ch:1:sjyid:100754:fd7db08e-d81e-4996-a06b-fc2f420d8674,bus,Bus,4,4,4174,"Canobbio, Ganna","Lugano, Centro",A,,2026-10-09 14:31:00+00:00,2026-10-09 14:31:00+00:00,,True,0.0,2026-10-09 16:19:32.996000+02:00,2026-10-09 16:31:00+02:00,2026-10-09 16:31:00+02:00,2026-10-09,16,Friday,False,11.450066666666666
20261009_141925,2026-10-09 14:19:32.996000+00:00,Lugano,local,ch:1:sloid:5380,"Lugano, Stazione",ch:1:sloid:5380::407001,2026-10-09,ch:1:sjyid:100754:113cae5c-c1fa-4df4-8048-b50cbcf2f89c,bus,Bus,2,2,2194,"Castagnola, Capolinea","Paradiso, Carzo",A,,2026-10-09 14:35:00+00:00,2026-10-09 14:35:00+00:00,,True,0.0,2026-10-09 16:19:32.996000+02:00,2026-10-09 16:35:00+02:00,2026-10-09 16:35:00+02:00,2026-10-09,16,Friday,False,15.450066666666666
20261009_141925,2026-10-09 14:19:32.996000+00:00,Lugano,local,ch:1:sloid:5380,"Lugano, Stazione",ch:1:sloid:5380::407001,2026-10-09,ch:1:sjyid:100754:32d75612-99b4-4cda-8245-0ff9fac8b6b0,bus,Bus,6,6,6191,"Lugano, Stazione","Lugano, Cornaredo",A,,2026-10-09 14:40:00+00:00,2026-10-09 14:40:00+00:00,,True,0.0,2026-10-09 16:19:32.996000+02:00,2026-10-09 16:40:00+02:00,2026-10-09 16:40:00+02:00,2026-10-09,16,Friday,False,20.450066666666665
20261009_141925,2026-10-09 14:19:32.996000+00:00,Lugano,local,ch:1:sloid:5380,"Lugano, Stazione",ch:1:sloid:5380::407002,2026-10-09,ch:1:sjyid:100754:c52a475d-e961-430c-ab21-5e54ea27be78,bus,Bus,4,4,4173,"Lugano, Centro","Canobbio, Ganna",B,,2026-10-09 14:44:00+00:00,2026-10-09 14:44:00+00:00,,True,0.0,2026-10-09 16:19:32.996000+02:00,2026-10-09 16:44:00+02:00,2026-10-09 16:44:00+02:00,2026-10-09,16,Friday,False,24.450066666666665
20261009_141925,2026-10-09 14:19:32.996000+00:00,Lugano,local,ch:1:sloid:5380,"Lugano, Stazione",ch:1:sloid:5380::407001,2026-10-09,ch:1:sjyid:100754:4f9b19fd-e297-4797-b577-4d520d0ad1ae,bus,Bus,4,4,4178,"Canobbio, Ganna","Lugano, Centro",A,,2026-10-09 14:46:00+00:00,2026-10-09 14:46:00+00:00,,True,0.0,2026-10-09 16:19:32.996000+02:00,2026-10-09 16:46:00+02:00,2026-10-09 16:46:00+02:00,2026-10-09,16,Friday,False,26.450066666666665
20261009_141925,2026-10-09 14:19:32.996000+00:00,Lugano,local,ch:1:sloid:5380,"Lugano, Stazione",ch:1:sloid:5380::407001,2026-10-09,ch:1:sjyid:100754:a718e370-c962-4092-9a3f-d003689e77b7,bus,Bus,6,6,6193,"Lugano, Stazione","Lugano, Cornaredo",A,,2026-10-09 14:50:00+00:00,2026-10-09 14:50:00+00:00,,True,0.0,2026-10-09 16:19:32.996000+02:00,2026-10-09 16:50:00+02:00,2026-10-09 16:50:00+02:00,2026-10-09,16,Friday,False,30.450066666666665
20261009_141925,2026-10-09 14:19:32.996000+00:00,Lugano,local,ch:1:sloid:5380,"Lugano, Stazione",ch:1:sloid:5380::407001,2026-10-09,ch:1:sjyid:100754:64e61f2d-f454-45cb-8823-aeb69593e376,bus,Bus,2,2,2200,"Castagnola, Capolinea","Paradiso, Carzo",A,,2026-10-09 14:50:00+00:00,,,False,,2026-10-09 16:19:32.996000+02:00,2026-10-09 16:50:00+02:00,,2026-10-09,16,Friday,False,30.450066666666665
20261009_141925,2026-10-09 14:19:32.996000+00:00,Lugano,local,ch:1:sloid:5380,"Lugano, Stazione",ch:1:sloid:5380::407002,2026-10-09,ch:1:sjyid:100754:35066e02-da61-42eb-8eb2-9aceb18c8b4e,bus,Bus,4,4,4177,"Lugano, Centro","Canobbio, Ganna",B,,2026-10-09 14:59:00+00:00,2026-10-09 14:59:00+00:00,,True,0.0,2026-10-09 16:19:32.996000+02:00,2026-10-09 16:59:00+02:00,2026-10-09 16:59:00+02:00,2026-10-09,16,Friday,False,39.450066666666665
20261009_141925,2026-10-09 14:19:32.996000+00:00,Lugano,local,ch:1:sloid:5380,"Lugano, Stazione",ch:1:sloid:5380::407001,2026-10-09,ch:1:sjyid:100754:710858f0-2883-4479-ae02-343dea48d1e8,bus,Bus,6,6,6197,"Lugano, Stazione","Lugano, Cornaredo",A,,2026-10-09 15:00:00+00:00,,,False,,2026-10-09 16:19:32.996000+02:00,2026-10-09 17:00:00+02:00,,2026-10-09,17,Friday,False,40.450066666666665
20261009_141925,2026-10-09 14:19:32.996000+00:00,Lugano,local,ch:1:sloid:5380,"Lugano, Stazione",ch:1:sloid:5380::407001,2026-10-09,ch:1:sjyid:100754:2fd860e4-a001-4346-b704-8e05993ff6a1,bus,Bus,4,4,4182,"Canobbio, Ganna","Lugano, Centro",A,,2026-10-09 15:01:00+00:00,2026-10-09 15:01:00+00:00,,True,0.0,2026-10-09 16:19:32.996000+02:00,2026-10-09 17:01:00+02:00,2026-10-09 17:01:00+02:00,2026-10-09,17,Friday,False,41.450066666666665
20261009_141925,2026-10-09 14:19:32.996000+00:00,Lugano,local,ch:1:sloid:5380,"Lugano, Stazione",ch:1:sloid:5380::407001,2026-10-09,ch:1:sjyid:100754:dbc860ea-86e1-46e3-b454-7c83fb61f969,bus,Bus,2,2,2206,"Castagnola, Capolinea","Paradiso, Carzo",A,,2026-10-09 15:05:00+00:00,2026-10-09 15:05:00+00:00,,True,0.0,2026-10-09 16:19:32.996000+02:00,2026-10-09 17:05:00+02:00,2026-10-09 17:05:00+02:00,2026-10-09,17,Friday,False,45.450066666666665
20261009_141925,2026-10-09 14:19:32.996000+00:00,Lugano,local,ch:1:sloid:5380,"Lugano, Stazione",ch:1:sloid:5380::407001,2026-10-09,ch:1:sjyid:100754:2590096c-159b-4fdb-a9be-bb125f068bf9,bus,Bus,6,6,6201,"Lugano, Stazione","Lugano, Cornaredo",A,,2026-10-09 15:10:00+00:00,,,False,,2026-10-09 16:19:32.996000+02:00,2026-10-09 17:10:00+02:00,,2026-10-09,17,Friday,False,50.450066666666665
20261009_141925,2026-10-09 14:19:32.996000+00:00,Lugano,local,ch:1:sloid:5380,"Lugano, Stazione",ch:1:sloid:5380::407002,2026-10-09,ch:1:sjyid:100754:f6e7387d-69d2-496e-88dc-b7c55af5b542,bus,Bus,4,4,4181,"Lugano, Centro","Canobbio, Ganna",B,,2026-10-09 15:14:00+00:00,2026-10-09 15:14:00+00:00,,True,0.0,2026-10-09 16:19:32.996000+02:00,2026-10-09 17:14:00+02:00,2026-10-09 17:14:00+02:00,2026-10-09,17,Friday,False,54.450066666666665
20261009_141925,2026-10-09 14:19:32.996000+00:00,Lugano,local,ch:1:sloid:5380,"Lugano, Stazione",ch:1:sloid:5380::407001,2026-10-09,ch:1:sjyid:100754:979df39b-cf36-4206-8c05-cae32eac7726,bus,Bus,4,4,4186,"Canobbio, Ganna","Lugano, Centro",A,,2026-10-09 15:16:00+00:00,2026-10-09 15:16:00+00:00,,True,0.0,2026-10-09 16:19:32.996000+02:00,2026-10-09 17:16:00+02:00,2026-10-09 17:16:00+02:00,2026-10-09,17,Friday,False,56.450066666666665
20261009_141925,2026-10-09 14:19:32.996000+00:00,Lugano,local,ch:1:sloid:5380,"Lugano, Stazione",ch:1:sloid:5380::407001,2026-10-09,ch:1:sjyid:100754:ce63754c-67e4-494f-a790-8aa57efc599a,bus,Bus,6,6,6203,"Lugano, Stazione","Lugano, Cornaredo",A,,2026-10-09 15:20:00+00:00,,,False,,2026-10-09 16:19:32.996000+02:00,2026-10-09 17:20:00+02:00,,2026-10-09,17,Friday,False,60.450066666666665
20261009_141925,2026-10-09 14:19:32.996000+00:00,Lugano,local,ch:1:sloid:5380,"Lugano, Stazione",ch:1:sloid:5380::407001,2026-10-09,ch:1:sjyid:100754:2cff7c06-eb66-4736-a5f4-0da0e89f9c3b,bus,Bus,2,2,2212,"Castagnola, Capolinea","Paradiso, Carzo",A,,2026-10-09 15:20:00+00:00,,,False,,2026-10-09 16:19:32.996000+02:00,2026-10-09 17:20:00+02:00,,2026-10-09,17,Friday,False,60.450066666666665
20261009_141925,2026-10-09 14:19:32.996000+00:00,Lugano,local,ch:1:sloid:5380,"Lugano, Stazione",ch:1:sloid:5380::407002,2026-10-09,ch:1:sjyid:100754:8e944265-e952-4326-9098-d0365593e0a5,bus,Bus,4,4,4185,"Lugano, Centro","Canobbio, Ganna",B,,2026-10-09 15:29:00+00:00,,,False,,2026-10-09 16:19:32.996000+02:00,2026-10-09 17:29:00+02:00,,2026-10-09,17,Friday,False,69.45006666666667
20261009_141925,2026-10-09 14:19:32.996000+00:00,Lugano,local,ch:1:sloid:5380,"Lugano, Stazione",ch:1:sloid:5380::407001,2026-10-09,ch:1:sjyid:100754:880cc2dc-427a-4b34-8c32-6352a0b33d9f,bus,Bus,6,6,6207,"Lugano, Stazione","Lugano, Cornaredo",A,,2026-10-09 15:30:00+00:00,,,False,,2026-10-09 16:19:32.996000+02:00,2026-10-09 17:30:00+02:00,,2026-10-09,17,Friday,False,70.45006666666667
20261009_141925,2026-10-09 14:19:32.996000+00:00,Lugano,local,ch:1:sloid:5380,"Lugano, Stazione",ch:1:sloid:5380::407001,2026-10-09,ch:1:sjyid:100754:a49c8b2d-3ca0-4a54-b7b7-deb534c8cb78,bus,Bus,4,4,4190,"Canobbio, Ganna","Lugano, Centro",A,,2026-10-09 15:31:00+00:00,2026-10-09 15:31:00+00:00,,True,0.0,2026-10-09 16:19:32.996000+02:00,2026-10-09 17:31:00+02:00,2026-10-09 17:31:00+02:00,2026-10-09,17,Friday,False,71.45006666666667
20261009_141925,2026-10-09 14:19:32.996000+00:00,Lugano,local,ch:1:sloid:5380,"Lugano, Stazione",ch:1:sloid:5380::407001,2026-10-09,ch:1:sjyid:100754:faa4a260-c2ce-44cf-b1ea-3f9ac85f43d3,bus,Bus,2,2,2218,"Castagnola, Capolinea","Paradiso, Carzo",A,,2026-10-09 15:35:00+00:00,2026-10-09 15:35:00+00:00,,True,0.0,2026-10-09 16:19:32.996000+02:00,2026-10-09 17:35:00+02:00,2026-10-09 17:35:00+02:00,2026-10-09,17,Friday,False,75.45006666666667
20261009_141925,2026-10-09 14:19:32.996000+00:00,Lugano,local,ch:1:sloid:5380,"Lugano, Stazione",ch:1:sloid:5380::407001,2026-10-09,ch:1:sjyid:100754:f3d1cdbe-5caf-4787-af1a-c55014f15957,bus,Bus,6,6,6211,"Lugano, Stazione","Lugano, Cornaredo",A,,2026-10-09 15:40:00+00:00,,,False,,2026-10-09 16:19:32.996000+02:00,2026-10-09 17:40:00+02:00,,2026-10-09,17,Friday,False,80.45006666666667
20261009_141925,2026-10-09 14:19:32.996000+00:00,Lugano,local,ch:1:sloid:5380,"Lugano, Stazione",ch:1:sloid:5380::407002,2026-10-09,ch:1:sjyid:100754:87139f8b-4bf8-4b3b-b9aa-798fee328411,bus,Bus,4,4,4189,"Lugano, Centro","Canobbio, Ganna",B,,2026-10-09 15:44:00+00:00,,,False,,2026-10-09 16:19:32.996000+02:00,2026-10-09 17:44:00+02:00,,2026-10-09,17,Friday,False,84.45006666666667
20261009_141925,2026-10-09 14:19:32.996000+00:00,Lugano,local,ch:1:sloid:5380,"Lugano, Stazione",ch:1:sloid:5380::407001,2026-10-09,ch:1:sjyid:100754:cfc643f2-7d9b-43f0-bb9b-df4126df6908,bus,Bus,4,4,4194,"Canobbio, Ganna","Lugano, Centro",A,,2026-10-09 15:46:00+00:00,2026-10-09 15:46:00+00:00,,True,0.0,2026-10-09 16:19:32.996000+02:00,2026-10-09 17:46:00+02:00,2026-10-09 17:46:00+02:00,2026-10-09,17,Friday,False,86.45006666666667
20261009_141925,2026-10-09 14:19:32.996000+00:00,Lugano,local,ch:1:sloid:5380,"Lugano, Stazione",ch:1:sloid:5380::407001,2026-10-09,ch:1:sjyid:100754:bfe58fe2-ea1c-43e9-ba8d-680c1aaddcd4,bus,Bus,6,6,6213,"Lugano, Stazione","Lugano, Cornaredo",A,,2026-10-09 15:50:00+00:00,,,False,,2026-10-09 16:19:32.996000+02:00,2026-10-09 17:50:00+02:00,,2026-10-09,17,Friday,False,90.45006666666667
