batch_id,collection_timestamp,city,station_type,station_id,station_name,stop_point_ref,operating_day,journey_ref,transport_mode,product_category,public_code,line,train_number,origin,destination,planned_platform,estimated_platform,scheduled_departure,estimated_departure,cancelled,has_realtime,predicted_delay_minutes,collection_timestamp_local,scheduled_departure_local,estimated_departure_local,date,hour,weekday,weekend,minutes_until_departure
20261003_225045,2026-10-03 22:50:45.055000+00:00,Zürich,rail,ch:1:sloid:3000,Zürich HB,ch:1:sloid:3000:503:43,2026-10-04,ch:1:sjyid:100001:13771-001,rail,Nacht-S-Bahn,SN7,SN7,13771,Zürich HB,Stäfa,43/44,44,2026-10-03 22:57:00+00:00,2026-10-03 22:57:24+00:00,,True,0.4,2026-10-04 00:50:45.055000+02:00,2026-10-04 00:57:00+02:00,2026-10-04 00:57:24+02:00,2026-10-04,0,Sunday,True,6.249083333333333
20261003_225045,2026-10-03 22:50:45.055000+00:00,Zürich,rail,ch:1:sloid:3000,Zürich HB,ch:1:sloid:3000:502:42,2026-10-04,ch:1:sjyid:100001:13750-001,rail,Nacht-S-Bahn,SN5,SN5,13750,Rüti ZH,Knonau,41/42,,2026-10-03 22:57:00+00:00,2026-10-03 22:58:18+00:00,,True,1.3,2026-10-04 00:50:45.055000+02:00,2026-10-04 00:57:00+02:00,2026-10-04 00:58:18+02:00,2026-10-04,0,Sunday,True,6.249083333333333
20261003_225045,2026-10-03 22:50:45.055000+00:00,Zürich,rail,ch:1:sloid:3000,Zürich HB,ch:1:sloid:3000:501:34,2026-10-04,ch:1:sjyid:100001:13780-001,rail,Nacht-S-Bahn,SN8,SN8,13780,Pfäffikon SZ,Pfäffikon ZH,34,,2026-10-03 23:00:00+00:00,2026-10-03 23:00:24+00:00,,True,0.4,2026-10-04 00:50:45.055000+02:00,2026-10-04 01:00:00+02:00,2026-10-04 01:00:24+02:00,2026-10-04,1,Sunday,True,9.249083333333335
20261003_225045,2026-10-03 22:50:45.055000+00:00,Zürich,rail,ch:1:sloid:3000,Zürich HB,ch:1:sloid:3000:502:42,2026-10-04,ch:1:sjyid:100001:13710-001,rail,Nacht-S-Bahn,SN1,SN1,13710,Winterthur,Aarau,41/42,,2026-10-03 23:00:00+00:00,2026-10-03 23:00:18+00:00,,True,0.3,2026-10-04 00:50:45.055000+02:00,2026-10-04 01:00:00+02:00,2026-10-04 01:00:18+02:00,2026-10-04,1,Sunday,True,9.249083333333335
20261003_225045,2026-10-03 22:50:45.055000+00:00,Zürich,rail,ch:1:sloid:3000,Zürich HB,ch:1:sloid:3000:503:43,2026-10-04,ch:1:sjyid:100001:13791-001,rail,Nacht-S-Bahn,SN9,SN9,13791,Bülach,Uster,43/44,,2026-10-03 23:01:00+00:00,2026-10-03 23:02:06+00:00,,True,1.1,2026-10-04 00:50:45.055000+02:00,2026-10-04 01:01:00+02:00,2026-10-04 01:02:06+02:00,2026-10-04,1,Sunday,True,10.249083333333335
20261003_225045,2026-10-03 22:50:45.055000+00:00,Zürich,rail,ch:1:sloid:3000,Zürich HB,ch:1:sloid:3000:7:13,2026-10-03,ch:1:sjyid:100001:844-001,rail,InterCity,IC8,IC8,844,Zürich HB,Bern,13,,2026-10-03 23:02:00+00:00,2026-10-03 23:02:30+00:00,,True,0.5,2026-10-04 00:50:45.055000+02:00,2026-10-04 01:02:00+02:00,2026-10-04 01:02:30+02:00,2026-10-04,1,Sunday,True,11.249083333333335
20261003_225045,2026-10-03 22:50:45.055000+00:00,Zürich,rail,ch:1:sloid:3000,Zürich HB,ch:1:sloid:3000:503:43,2026-10-04,ch:1:sjyid:100001:13711-001,rail,Nacht-S-Bahn,SN1,SN1,13711,Zürich HB,Winterthur,43/44,,2026-10-03 23:05:00+00:00,2026-10-03 23:05:18+00:00,,True,0.3,2026-10-04 00:50:45.055000+02:00,2026-10-04 01:05:00+02:00,2026-10-04 01:05:18+02:00,2026-10-04,1,Sunday,True,14.249083333333335
20261003_225045,2026-10-03 22:50:45.055000+00:00,Zürich,rail,ch:1:sloid:3000,Zürich HB,ch:1:sloid:3000:8:15,2026-10-03,ch:1:sjyid:100001:2292-001,rail,InterRegio,IR37,IR37,2292,Zürich HB,Basel SBB,15,,2026-10-03 23:08:00+00:00,2026-10-03 23:08:30+00:00,,True,0.5,2026-10-04 00:50:45.055000+02:00,2026-10-04 01:08:00+02:00,2026-10-04 01:08:30+02:00,2026-10-04,1,Sunday,True,17.24908333333333
20261003_225045,2026-10-03 22:50:45.055000+00:00,Zürich,rail,ch:1:sloid:3000,Zürich HB,ch:1:sloid:3000:502:42,2026-10-04,ch:1:sjyid:100001:13790-001,rail,Nacht-S-Bahn,SN9,SN9,13790,Uster,Bülach,41/42,,2026-10-03 23:08:00+00:00,2026-10-03 23:08:18+00:00,,True,0.3,2026-10-04 00:50:45.055000+02:00,2026-10-04 01:08:00+02:00,2026-10-04 01:08:18+02:00,2026-10-04,1,Sunday,True,17.24908333333333
20261003_225045,2026-10-03 22:50:45.055000+00:00,Zürich,rail,ch:1:sloid:3000,Zürich HB,ch:1:sloid:3000:502:42,2026-10-04,ch:1:sjyid:100001:13770-001,rail,Nacht-S-Bahn,SN7,SN7,13770,Zürich HB,Bassersdorf,41/42,,2026-10-03 23:10:00+00:00,2026-10-03 23:11:12+00:00,,True,1.2,2026-10-04 00:50:45.055000+02:00,2026-10-04 01:10:00+02:00,2026-10-04 01:11:12+02:00,2026-10-04,1,Sunday,True,19.24908333333333
20261003_225045,2026-10-03 22:50:45.055000+00:00,Zürich,rail,ch:1:sloid:3000,Zürich HB,ch:1:sloid:3000:500:31,2026-10-04,ch:1:sjyid:100001:13781-001,rail,Nacht-S-Bahn,SN8,SN8,13781,Effretikon,Lachen SZ,31,,2026-10-03 23:14:00+00:00,2026-10-03 23:14:48+00:00,,True,0.8,2026-10-04 00:50:45.055000+02:00,2026-10-04 01:14:00+02:00,2026-10-04 01:14:48+02:00,2026-10-04,1,Sunday,True,23.24908333333333
20261003_225045,2026-10-03 22:50:45.055000+00:00,Zürich,rail,ch:1:sloid:3000,Zürich HB,ch:1:sloid:3000:503:43,2026-10-04,ch:1:sjyid:100001:13751-001,rail,Nacht-S-Bahn,SN5,SN5,13751,Zürich HB,Rüti ZH,43/44,,2026-10-03 23:18:00+00:00,2026-10-03 23:19:00+00:00,,True,1.0,2026-10-04 00:50:45.055000+02:00,2026-10-04 01:18:00+02:00,2026-10-04 01:19:00+02:00,2026-10-04,1,Sunday,True,27.24908333333333
20261003_225045,2026-10-03 22:50:45.055000+00:00,Zürich,rail,ch:1:sloid:3000,Zürich HB,ch:1:sloid:3000:4:6,2026-10-03,ch:1:sjyid:100061:2397-001,rail,InterRegio,IR35,IR35,2397,Zürich HB,Pfäffikon SZ,6,,2026-10-03 23:21:00+00:00,2026-10-03 23:21:12+00:00,,True,0.2,2026-10-04 00:50:45.055000+02:00,2026-10-04 01:21:00+02:00,2026-10-04 01:21:12+02:00,2026-10-04,1,Sunday,True,30.24908333333333
20261003_225045,2026-10-03 22:50:45.055000+00:00,Zürich,rail,ch:1:sloid:3000,Zürich HB,ch:1:sloid:3000:502:42,2026-10-04,ch:1:sjyid:100001:13702-001,rail,Nacht-S-Bahn,SN11,SN11,13702,Winterthur,Olten,41/42,,2026-10-03 23:30:00+00:00,2026-10-03 23:30:18+00:00,,True,0.3,2026-10-04 00:50:45.055000+02:00,2026-10-04 01:30:00+02:00,2026-10-04 01:30:18+02:00,2026-10-04,1,Sunday,True,39.24908333333334
20261003_225045,2026-10-03 22:50:45.055000+00:00,Zürich,rail,ch:1:sloid:3000,Zürich HB,ch:1:sloid:3000:502:42,2026-10-04,ch:1:sjyid:100001:13762-001,rail,Nacht-S-Bahn,SN6,SN6,13762,Zürich HB,Würenlos,41/42,,2026-10-03 23:32:00+00:00,2026-10-03 23:32:18+00:00,,True,0.3,2026-10-04 00:50:45.055000+02:00,2026-10-04 01:32:00+02:00,2026-10-04 01:32:18+02:00,2026-10-04,1,Sunday,True,41.24908333333334
20261003_225045,2026-10-03 22:50:45.055000+00:00,Zürich,rail,ch:1:sloid:3000,Zürich HB,ch:1:sloid:3000:4:7,2026-10-04,ch:1:sjyid:100001:2603-001,rail,RegioExpress,N7,N7,2603,Zürich HB,Luzern,7,,2026-10-03 23:35:00+00:00,2026-10-03 23:35:12+00:00,,True,0.2,2026-10-04 00:50:45.055000+02:00,2026-10-04 01:35:00+02:00,2026-10-04 01:35:12+02:00,2026-10-04,1,Sunday,True,44.24908333333334
20261003_225045,2026-10-03 22:50:45.055000+00:00,Zürich,rail,ch:1:sloid:3000,Zürich HB,ch:1:sloid:3000:503:43,2026-10-04,ch:1:sjyid:100001:13763-001,rail,Nacht-S-Bahn,SN6,SN6,13763,Würenlos,Winterthur,43/44,,2026-10-03 23:35:00+00:00,2026-10-03 23:35:18+00:00,,True,0.3,2026-10-04 00:50:45.055000+02:00,2026-10-04 01:35:00+02:00,2026-10-04 01:35:18+02:00,2026-10-04,1,Sunday,True,44.24908333333334
20261003_225045,2026-10-03 22:50:45.055000+00:00,Zürich,rail,ch:1:sloid:3000,Zürich HB,ch:1:sloid:3000:500:31,2026-10-04,ch:1:sjyid:100001:746-004,rail,InterRegio,N1,N1,746,Winterthur,Bern,31,,2026-10-03 23:54:00+00:00,2026-10-03 23:54:30+00:00,,True,0.5,2026-10-04 00:50:45.055000+02:00,2026-10-04 01:54:00+02:00,2026-10-04 01:54:30+02:00,2026-10-04,1,Sunday,True,63.24908333333334
20261003_225045,2026-10-03 22:50:45.055000+00:00,Zürich,rail,ch:1:sloid:3000,Zürich HB,ch:1:sloid:3000:503:43,2026-10-04,ch:1:sjyid:100001:13773-001,rail,Nacht-S-Bahn,SN7,SN7,13773,Bassersdorf,Stäfa,43/44,,2026-10-03 23:57:00+00:00,2026-10-03 23:57:24+00:00,,True,0.4,2026-10-04 00:50:45.055000+02:00,2026-10-04 01:57:00+02:00,2026-10-04 01:57:24+02:00,2026-10-04,1,Sunday,True,66.24908333333333
20261003_225045,2026-10-03 22:50:45.055000+00:00,Zürich,rail,ch:1:sloid:3000,Zürich HB,ch:1:sloid:3000:502:42,2026-10-04,ch:1:sjyid:100001:13752-001,rail,Nacht-S-Bahn,SN5,SN5,13752,Rüti ZH,Knonau,41/42,,2026-10-03 23:57:00+00:00,2026-10-03 23:57:06+00:00,,True,0.1,2026-10-04 00:50:45.055000+02:00,2026-10-04 01:57:00+02:00,2026-10-04 01:57:06+02:00,2026-10-04,1,Sunday,True,66.24908333333333
20261003_225045,2026-10-03 22:50:45.055000+00:00,Zürich,rail,ch:1:sloid:3000,Zürich HB,ch:1:sloid:3000:501:34,2026-10-04,ch:1:sjyid:100001:13782-001,rail,Nacht-S-Bahn,SN8,SN8,13782,Rapperswil SG,Pfäffikon ZH,34,,2026-10-04 00:00:00+00:00,2026-10-04 00:00:24+00:00,,True,0.4,2026-10-04 00:50:45.055000+02:00,2026-10-04 02:00:00+02:00,2026-10-04 02:00:24+02:00,2026-10-04,2,Sunday,True,69.24908333333333
20261003_225045,2026-10-03 22:50:45.055000+00:00,Zürich,rail,ch:1:sloid:3000,Zürich HB,ch:1:sloid:3000:502:42,2026-10-04,ch:1:sjyid:100001:13712-001,rail,Nacht-S-Bahn,SN1,SN1,13712,Winterthur,Aarau,41/42,,2026-10-04 00:00:00+00:00,2026-10-04 00:00:18+00:00,,True,0.3,2026-10-04 00:50:45.055000+02:00,2026-10-04 02:00:00+02:00,2026-10-04 02:00:18+02:00,2026-10-04,2,Sunday,True,69.24908333333333
20261003_225045,2026-10-03 22:50:45.055000+00:00,Zürich,rail,ch:1:sloid:3000,Zürich HB,ch:1:sloid:3000:503:43,2026-10-04,ch:1:sjyid:100001:13793-001,rail,Nacht-S-Bahn,SN9,SN9,13793,Bülach,Uster,43/44,,2026-10-04 00:01:00+00:00,2026-10-04 00:02:06+00:00,,True,1.1,2026-10-04 00:50:45.055000+02:00,2026-10-04 02:01:00+02:00,2026-10-04 02:02:06+02:00,2026-10-04,2,Sunday,True,70.24908333333333
20261003_225045,2026-10-03 22:50:45.055000+00:00,Zürich,rail,ch:1:sloid:3000,Zürich HB,ch:1:sloid:3000:503:43,2026-10-04,ch:1:sjyid:100001:31113-025,rail,Nacht-S-Bahn,SN1,SN1,31113,Aarau,Winterthur,43/44,,2026-10-04 00:04:42+00:00,2026-10-04 00:05:12+00:00,,True,0.5,2026-10-04 00:50:45.055000+02:00,2026-10-04 02:04:42+02:00,2026-10-04 02:05:12+02:00,2026-10-04,2,Sunday,True,73.94908333333333
20261003_225045,2026-10-03 22:50:45.055000+00:00,Zürich,rail,ch:1:sloid:3000,Zürich HB,ch:1:sloid:3000:503:43,2026-10-04,ch:1:sjyid:100001:31113-025,rail,Nacht-S-Bahn,SN1,SN1,31113,Aarau,Winterthur,43/44,,2026-10-04 00:05:00+00:00,2026-10-04 00:05:18+00:00,,True,0.3,2026-10-04 00:50:45.055000+02:00,2026-10-04 02:05:00+02:00,2026-10-04 02:05:18+02:00,2026-10-04,2,Sunday,True,74.24908333333333
20261003_225045,2026-10-03 22:50:45.055000+00:00,Zürich,rail,ch:1:sloid:3000,Zürich HB,ch:1:sloid:3000:502:42,2026-10-04,ch:1:sjyid:100001:13792-001,rail,Nacht-S-Bahn,SN9,SN9,13792,Uster,Bülach,41/42,,2026-10-04 00:08:00+00:00,2026-10-04 00:08:18+00:00,,True,0.3,2026-10-04 00:50:45.055000+02:00,2026-10-04 02:08:00+02:00,2026-10-04 02:08:18+02:00,2026-10-04,2,Sunday,True,77.24908333333333
20261003_225045,2026-10-03 22:50:45.055000+00:00,Zürich,rail,ch:1:sloid:3000,Zürich HB,ch:1:sloid:3000:502:42,2026-10-04,ch:1:sjyid:100001:13772-001,rail,Nacht-S-Bahn,SN7,SN7,13772,Stäfa,Bassersdorf,41/42,,2026-10-04 00:10:00+00:00,2026-10-04 00:10:54+00:00,,True,0.9,2026-10-04 00:50:45.055000+02:00,2026-10-04 02:10:00+02:00,2026-10-04 02:10:54+02:00,2026-10-04,2,Sunday,True,79.24908333333333
20261003_225045,2026-10-03 22:50:45.055000+00:00,Zürich,rail,ch:1:sloid:3000,Zürich HB,ch:1:sloid:3000:500:31,2026-10-04,ch:1:sjyid:100001:13783-001,rail,Nacht-S-Bahn,SN8,SN8,13783,Pfäffikon ZH,Lachen SZ,31,,2026-10-04 00:14:00+00:00,2026-10-04 00:14:48+00:00,,True,0.8,2026-10-04 00:50:45.055000+02:00,2026-10-04 02:14:00+02:00,2026-10-04 02:14:48+02:00,2026-10-04,2,Sunday,True,83.24908333333333
20261003_225045,2026-10-03 22:50:45.055000+00:00,Zürich,rail,ch:1:sloid:3000,Zürich HB,ch:1:sloid:3000:503:43,2026-10-04,ch:1:sjyid:100001:13753-001,rail,Nacht-S-Bahn,SN5,SN5,13753,Knonau,Rüti ZH,43/44,,2026-10-04 00:18:00+00:00,2026-10-04 00:19:00+00:00,,True,1.0,2026-10-04 00:50:45.055000+02:00,2026-10-04 02:18:00+02:00,2026-10-04 02:19:00+02:00,2026-10-04,2,Sunday,True,87.24908333333333
20261003_225045,2026-10-03 22:50:45.055000+00:00,Zürich,rail,ch:1:sloid:3000,Zürich HB,ch:1:sloid:3000:502:42,2026-10-04,ch:1:sjyid:100001:13704-001,rail,Nacht-S-Bahn,SN11,SN11,13704,Winterthur,Olten,41/42,,2026-10-04 00:30:00+00:00,2026-10-04 00:30:18+00:00,,True,0.3,2026-10-04 00:50:45.055000+02:00,2026-10-04 02:30:00+02:00,2026-10-04 02:30:18+02:00,2026-10-04,2,Sunday,True,99.24908333333333
20261003_225045,2026-10-03 22:50:46.013000+00:00,Bern,rail,ch:1:sloid:7000,Bern,ch:1:sloid:7000:4:7,2026-10-03,ch:1:sjyid:100001:843-001,rail,InterCity,IC8,IC8,843,Bern,Zürich HB,6,7,2026-10-03 23:06:00+00:00,2026-10-03 23:06:36+00:00,,True,0.6,2026-10-04 00:50:46.013000+02:00,2026-10-04 01:06:00+02:00,2026-10-04 01:06:36+02:00,2026-10-04,1,Sunday,True,15.233116666666666
20261003_225045,2026-10-03 22:50:46.013000+00:00,Bern,rail,ch:1:sloid:7000,Bern,ch:1:sloid:7000_gen:ch:1:sloid:7000:6:12_pf:12A-C,2026-10-03,ch:1:sjyid:100015:2849-001,rail,InterRegio,IR17,IR17,2849,Bern,Olten,12A-C,,2026-10-03 23:09:00+00:00,2026-10-03 23:09:12+00:00,,True,0.2,2026-10-04 00:50:46.013000+02:00,2026-10-04 01:09:00+02:00,2026-10-04 01:09:12+02:00,2026-10-04,1,Sunday,True,18.233116666666668
20261003_225045,2026-10-03 22:50:46.013000+00:00,Bern,rail,ch:1:sloid:7000,Bern,ch:1:sloid:7000:55:50,2026-10-03,ch:1:sjyid:100015:3397-001,rail,InterRegio,IR65,IR65,3397,Bern,Biel/Bienne,49,50,2026-10-03 23:23:00+00:00,2026-10-03 23:23:12+00:00,,True,0.2,2026-10-04 00:50:46.013000+02:00,2026-10-04 01:23:00+02:00,2026-10-04 01:23:12+02:00,2026-10-04,1,Sunday,True,32.23311666666667
20261003_225045,2026-10-03 22:50:46.013000+00:00,Bern,rail,ch:1:sloid:7000,Bern,ch:1:sloid:7000:5:9,2026-10-03,ch:1:sjyid:100001:993-001,rail,InterCity,IC61,IC61,993,Bern,Interlaken Ost,7,9,2026-10-03 23:23:00+00:00,2026-10-03 23:23:36+00:00,,True,0.6,2026-10-04 00:50:46.013000+02:00,2026-10-04 01:23:00+02:00,2026-10-04 01:23:36+02:00,2026-10-04,1,Sunday,True,32.23311666666667
20261003_225045,2026-10-03 22:50:46.013000+00:00,Bern,rail,ch:1:sloid:7000,Bern,ch:1:sloid:7000:3:6,2026-10-04,ch:1:sjyid:100001:749-004,rail,InterRegio,N1,N1,749,Bern,Winterthur,9,6,2026-10-04 00:47:00+00:00,2026-10-04 00:47:36+00:00,,True,0.6,2026-10-04 00:50:46.013000+02:00,2026-10-04 02:47:00+02:00,2026-10-04 02:47:36+02:00,2026-10-04,2,Sunday,True,116.23311666666667
20261003_225045,2026-10-03 22:50:46.013000+00:00,Bern,rail,ch:1:sloid:7000,Bern,ch:1:sloid:7000:5:9,2026-10-04,ch:1:sjyid:100001:2155-002,rail,InterRegio,IR,IR,2155,Bern,Zürich Flughafen,9,,2026-10-04 02:04:00+00:00,,,False,,2026-10-04 00:50:46.013000+02:00,2026-10-04 04:04:00+02:00,,2026-10-04,4,Sunday,True,193.23311666666666
20261003_225045,2026-10-03 22:50:46.013000+00:00,Bern,rail,ch:1:sloid:7000,Bern,ch:1:sloid:7000:5:10,2026-10-04,ch:1:sjyid:100001:2353-001,rail,InterRegio,IR35,IR35,2353,Bern,Chur,10,,2026-10-04 02:34:00+00:00,2026-10-04 02:34:00+00:00,,True,0.0,2026-10-04 00:50:46.013000+02:00,2026-10-04 04:34:00+02:00,2026-10-04 04:34:00+02:00,2026-10-04,4,Sunday,True,223.23311666666666
20261003_225045,2026-10-03 22:50:46.013000+00:00,Bern,rail,ch:1:sloid:7000,Bern,ch:1:sloid:7000_gen:ch:1:sloid:7000:6:33_pf:13A-C,2026-10-04,ch:1:sjyid:100015:16412-001,rail,S-Bahn,S44,S44,16412,Bern,Thun,13A-C,,2026-10-04 03:02:00+00:00,,,False,,2026-10-04 00:50:46.013000+02:00,2026-10-04 05:02:00+02:00,,2026-10-04,5,Sunday,True,251.23311666666666
20261003_225045,2026-10-03 22:50:46.013000+00:00,Bern,rail,ch:1:sloid:7000,Bern,ch:1:sloid:7000:4:8,2026-10-04,ch:1:sjyid:100001:2504-002,rail,InterRegio,IR15,IR15,2504,Bern,Genève-Aéroport,8,,2026-10-04 03:04:00+00:00,,,False,,2026-10-04 00:50:46.013000+02:00,2026-10-04 05:04:00+02:00,,2026-10-04,5,Sunday,True,253.23311666666666
20261003_225045,2026-10-03 22:50:46.013000+00:00,Bern,rail,ch:1:sloid:7000,Bern,ch:1:sloid:7000:55:49,2026-10-04,ch:1:sjyid:100015:15114-001,rail,S-Bahn,S1,S1,15114,Bern,Fribourg/Freiburg,49,,2026-10-04 03:10:00+00:00,,,False,,2026-10-04 00:50:46.013000+02:00,2026-10-04 05:10:00+02:00,,2026-10-04,5,Sunday,True,259.23311666666666
20261003_225045,2026-10-03 22:50:46.013000+00:00,Bern,rail,ch:1:sloid:7000,Bern,ch:1:sloid:7000:3:5,2026-10-04,ch:1:sjyid:100001:703-002,rail,InterCity,IC1,IC1,703,Bern,Zürich HB,5,,2026-10-04 03:13:00+00:00,,,False,,2026-10-04 00:50:46.013000+02:00,2026-10-04 05:13:00+02:00,,2026-10-04,5,Sunday,True,262.23311666666666
20261003_225045,2026-10-03 22:50:46.013000+00:00,Bern,rail,ch:1:sloid:7000,Bern,ch:1:sloid:7000_gen:ch:1:sloid:7000:6:12_pf:12A-C,2026-10-04,ch:1:sjyid:100015:15319-001,rail,S-Bahn,S3,S3,15319,Bern,Biel/Bienne,12A-C,,2026-10-04 03:30:00+00:00,,,False,,2026-10-04 00:50:46.013000+02:00,2026-10-04 05:30:00+02:00,,2026-10-04,5,Sunday,True,279.23311666666666
20261003_225045,2026-10-03 22:50:46.013000+00:00,Bern,rail,ch:1:sloid:7000,Bern,ch:1:sloid:7000:5:9,2026-10-04,ch:1:sjyid:100015:4157-001,rail,RegioExpress,RE1,RE1,4157,Bern,Domodossola (I),9,,2026-10-04 03:31:00+00:00,,,False,,2026-10-04 00:50:46.013000+02:00,2026-10-04 05:31:00+02:00,,2026-10-04,5,Sunday,True,280.23311666666666
20261003_225045,2026-10-03 22:50:46.013000+00:00,Bern,rail,ch:1:sloid:7000,Bern,ch:1:sloid:7000:4:7,2026-10-04,ch:1:sjyid:100015:15414-003,rail,S-Bahn,S4,S4,15414,Bern,Thun,7,,2026-10-04 03:32:00+00:00,,,False,,2026-10-04 00:50:46.013000+02:00,2026-10-04 05:32:00+02:00,,2026-10-04,5,Sunday,True,281.23311666666666
20261003_225045,2026-10-03 22:50:46.013000+00:00,Bern,rail,ch:1:sloid:7000,Bern,ch:1:sloid:7000:1:2,2026-10-04,ch:1:sjyid:100001:702-001,rail,InterCity,IC1,IC1,702,Bern,Genève-Aéroport,2,,2026-10-04 03:34:00+00:00,,,False,,2026-10-04 00:50:46.013000+02:00,2026-10-04 05:34:00+02:00,,2026-10-04,5,Sunday,True,283.23311666666666
20261003_225045,2026-10-03 22:50:46.013000+00:00,Bern,rail,ch:1:sloid:7000,Bern,ch:1:sloid:7000_gen:ch:1:sloid:7000:6:33_pf:13D-F,2026-10-04,ch:1:sjyid:100015:16218-001,rail,S-Bahn,S52,S52,16218,Bern,Murten/Morat,13D-F,,2026-10-04 03:34:00+00:00,,,False,,2026-10-04 00:50:46.013000+02:00,2026-10-04 05:34:00+02:00,,2026-10-04,5,Sunday,True,283.23311666666666
20261003_225045,2026-10-03 22:50:46.013000+00:00,Bern,rail,ch:1:sloid:7000,Bern,ch:1:sloid:7000:6:32,2026-10-04,ch:1:sjyid:100015:15618-001,rail,S-Bahn,S6,S6,15618,Bern,Schwarzenburg,12D-F,,2026-10-04 03:36:00+00:00,,,False,,2026-10-04 00:50:46.013000+02:00,2026-10-04 05:36:00+02:00,,2026-10-04,5,Sunday,True,285.23311666666666
20261003_225045,2026-10-03 22:50:46.013000+00:00,Bern,rail,ch:1:sloid:7000,Bern,ch:1:sloid:7000:55:50,2026-10-04,ch:1:sjyid:100015:15219-001,rail,S-Bahn,S2,S2,15219,Bern,Konolfingen,50,,2026-10-04 03:42:00+00:00,,,False,,2026-10-04 00:50:46.013000+02:00,2026-10-04 05:42:00+02:00,,2026-10-04,5,Sunday,True,291.23311666666666
20261003_225045,2026-10-03 22:50:46.013000+00:00,Bern,rail,ch:1:sloid:7000,Bern,ch:1:sloid:7000_gen:ch:1:sloid:7000:0:1752_pf:5E-H,2026-10-04,ch:1:sjyid:100015:15116-001,rail,S-Bahn,S1,S1,15116,Thun,Fribourg/Freiburg,5E-H,,2026-10-04 03:45:00+00:00,,,False,,2026-10-04 00:50:46.013000+02:00,2026-10-04 05:45:00+02:00,,2026-10-04,5,Sunday,True,294.23311666666666
20261003_225045,2026-10-03 22:50:46.013000+00:00,Bern,rail,ch:1:sloid:7000,Bern,ch:1:sloid:7000:5:9,2026-10-04,ch:1:sjyid:100015:15117-001,rail,S-Bahn,S1,S1,15117,Fribourg/Freiburg,Thun,9,,2026-10-04 03:47:00+00:00,,,False,,2026-10-04 00:50:46.013000+02:00,2026-10-04 05:47:00+02:00,,2026-10-04,5,Sunday,True,296.23311666666666
20261003_225045,2026-10-03 22:50:46.013000+00:00,Bern,rail,ch:1:sloid:7000,Bern,ch:1:sloid:7000:3:6,2026-10-04,ch:1:sjyid:100015:15218-001,rail,S-Bahn,S2,S2,15218,Konolfingen,Laupen BE,6,,2026-10-04 03:50:00+00:00,,,False,,2026-10-04 00:50:46.013000+02:00,2026-10-04 05:50:00+02:00,,2026-10-04,5,Sunday,True,299.23311666666666
20261003_225045,2026-10-03 22:50:46.013000+00:00,Bern,rail,ch:1:sloid:7000,Bern,ch:1:sloid:7000_gen:ch:1:sloid:7000:6:12_pf:12A-C,2026-10-04,ch:1:sjyid:100015:16417-001,rail,S-Bahn,S44,S44,16417,Thun,Burgdorf | Solothurn,12A-C,,2026-10-04 03:50:00+00:00,,,False,,2026-10-04 00:50:46.013000+02:00,2026-10-04 05:50:00+02:00,,2026-10-04,5,Sunday,True,299.23311666666666
20261003_225045,2026-10-03 22:50:46.013000+00:00,Bern,rail,ch:1:sloid:7000,Bern,ch:1:sloid:7000:4:7,2026-10-04,ch:1:sjyid:100015:3208-001,rail,InterRegio,IR66,IR66,3208,Bern,La Chaux-de-Fonds,7,,2026-10-04 03:53:00+00:00,,,False,,2026-10-04 00:50:46.013000+02:00,2026-10-04 05:53:00+02:00,,2026-10-04,5,Sunday,True,302.23311666666666
20261003_225045,2026-10-03 22:50:46.013000+00:00,Bern,rail,ch:1:sloid:7000,Bern,ch:1:sloid:7000:5:10,2026-10-04,ch:1:sjyid:100001:2505-001,rail,InterRegio,IR15,IR15,2505,Fribourg/Freiburg,Luzern,10,,2026-10-04 04:00:00+00:00,,,False,,2026-10-04 00:50:46.013000+02:00,2026-10-04 06:00:00+02:00,,2026-10-04,6,Sunday,True,309.23311666666666
20261003_225045,2026-10-03 22:50:46.013000+00:00,Bern,rail,ch:1:sloid:7000,Bern,ch:1:sloid:7000_gen:ch:1:sloid:7000:6:12_pf:12A-C,2026-10-04,ch:1:sjyid:100015:15321-001,rail,S-Bahn,S3,S3,15321,Bern,Biel/Bienne,12A-C,,2026-10-04 04:00:00+00:00,,,False,,2026-10-04 00:50:46.013000+02:00,2026-10-04 06:00:00+02:00,,2026-10-04,6,Sunday,True,309.23311666666666
20261003_225045,2026-10-03 22:50:46.013000+00:00,Bern,rail,ch:1:sloid:7000,Bern,ch:1:sloid:7000:1:21,2026-10-04,ch:1:sjyid:100001:10805-010,rail,InterCity,IC8,IC8,10805,Bern,Zürich HB,1,,2026-10-04 04:02:00+00:00,,,False,,2026-10-04 00:50:46.013000+02:00,2026-10-04 06:02:00+02:00,,2026-10-04,6,Sunday,True,311.23311666666666
20261003_225045,2026-10-03 22:50:46.013000+00:00,Bern,rail,ch:1:sloid:7000,Bern,ch:1:sloid:7000:3:6,2026-10-04,ch:1:sjyid:100015:15318-001,rail,S-Bahn,S3,S3,15318,Biel/Bienne,Belp,6,,2026-10-04 04:02:00+00:00,,,False,,2026-10-04 00:50:46.013000+02:00,2026-10-04 06:02:00+02:00,,2026-10-04,6,Sunday,True,311.23311666666666
20261003_225045,2026-10-03 22:50:46.013000+00:00,Bern,rail,ch:1:sloid:7000,Bern,ch:1:sloid:7000:3:5,2026-10-04,ch:1:sjyid:100001:956-001,rail,InterCity,IC61,IC61,956,Interlaken Ost,Basel SBB,5,,2026-10-04 04:04:00+00:00,,,False,,2026-10-04 00:50:46.013000+02:00,2026-10-04 06:04:00+02:00,,2026-10-04,6,Sunday,True,313.23311666666666
20261003_225045,2026-10-03 22:50:46.013000+00:00,Bern,rail,ch:1:sloid:7000,Bern,ch:1:sloid:7000:1:2,2026-10-04,ch:1:sjyid:100001:2506-001,rail,InterRegio,IR15,IR15,2506,Bern,Genève-Aéroport,2,,2026-10-04 04:04:00+00:00,,,False,,2026-10-04 00:50:46.013000+02:00,2026-10-04 06:04:00+02:00,,2026-10-04,6,Sunday,True,313.23311666666666
20261003_225045,2026-10-03 22:50:46.013000+00:00,Bern,rail,ch:1:sloid:7000,Bern,ch:1:sloid:7000:4:8,2026-10-04,ch:1:sjyid:100001:802-002,rail,InterCity,IC81,IC81,802,Bern,Interlaken Ost,8,,2026-10-04 04:04:00+00:00,,,False,,2026-10-04 00:50:46.013000+02:00,2026-10-04 06:04:00+02:00,,2026-10-04,6,Sunday,True,313.23311666666666
20261003_225045,2026-10-03 22:50:46.554000+00:00,Basel,rail,ch:1:sloid:10,Basel SBB,ch:1:sloid:10:6:12,2026-10-03,ch:1:sjyid:100001:17295-001,rail,S-Bahn,S1,S1,17295,Basel SBB,Stein-Säckingen,12,,2026-10-03 22:56:00+00:00,2026-10-03 22:56:12+00:00,,True,0.2,2026-10-04 00:50:46.554000+02:00,2026-10-04 00:56:00+02:00,2026-10-04 00:56:12+02:00,2026-10-04,0,Sunday,True,5.224100000000001
20261003_225045,2026-10-03 22:50:46.554000+00:00,Basel,rail,ch:1:sloid:10,Basel SBB,ch:1:sloid:10:7:14,2026-10-03,ch:1:sjyid:100001:17390-002,rail,S-Bahn,S3,S3,17390,Olten,Laufen,14,,2026-10-03 22:56:00+00:00,2026-10-03 22:56:12+00:00,,True,0.2,2026-10-04 00:50:46.554000+02:00,2026-10-04 00:56:00+02:00,2026-10-04 00:56:12+02:00,2026-10-04,0,Sunday,True,5.224100000000001
20261003_225045,2026-10-03 22:50:46.554000+00:00,Basel,rail,ch:1:sloid:10,Basel SBB,ch:1:sloid:10:2:4,2026-10-03,ch:1:sjyid:100001:2349-001,rail,InterCity,IC,IC,2349,Basel SBB,Luzern,4,,2026-10-03 23:00:00+00:00,2026-10-03 23:00:42+00:00,,True,0.7,2026-10-04 00:50:46.554000+02:00,2026-10-04 01:00:00+02:00,2026-10-04 01:00:42+02:00,2026-10-04,1,Sunday,True,9.2241
20261003_225045,2026-10-03 22:50:46.554000+00:00,Basel,rail,ch:1:sloid:10,Basel SBB,ch:1:sloid:10:1:2,2026-10-04,ch:1:sjyid:100308:87796-001,rail,Nacht-S-Bahn,SN6,SN6,87796,Basel SBB,Lörrach Hbf,2,,2026-10-03 23:14:00+00:00,2026-10-03 23:14:12+00:00,,True,0.2,2026-10-04 00:50:46.554000+02:00,2026-10-04 01:14:00+02:00,2026-10-04 01:14:12+02:00,2026-10-04,1,Sunday,True,23.2241
20261003_225045,2026-10-03 22:50:46.554000+00:00,Basel,rail,ch:1:sloid:10,Basel SBB,ch:1:sloid:10:2:4,2026-10-04,ch:1:sjyid:100001:17001-001,rail,S-Bahn,S1,S1,17001,Basel SBB,Frick,4,,2026-10-03 23:20:00+00:00,2026-10-03 23:20:12+00:00,,True,0.2,2026-10-04 00:50:46.554000+02:00,2026-10-04 01:20:00+02:00,2026-10-04 01:20:12+02:00,2026-10-04,1,Sunday,True,29.2241
20261003_225045,2026-10-03 22:50:46.554000+00:00,Basel,rail,ch:1:sloid:10,Basel SBB,ch:1:sloid:10:3:5,2026-10-04,ch:1:sjyid:100001:17011-001,rail,S-Bahn,S3,S3,17011,Basel SBB,Gelterkinden,5,,2026-10-03 23:45:00+00:00,2026-10-03 23:45:12+00:00,,True,0.2,2026-10-04 00:50:46.554000+02:00,2026-10-04 01:45:00+02:00,2026-10-04 01:45:12+02:00,2026-10-04,1,Sunday,True,54.2241
20261003_225045,2026-10-03 22:50:46.554000+00:00,Basel,rail,ch:1:sloid:10,Basel SBB,ch:1:sloid:10:3:6,2026-10-04,ch:1:sjyid:100001:17020-001,rail,S-Bahn,S3,S3,17020,Basel SBB,Laufen,6,,2026-10-03 23:45:00+00:00,2026-10-03 23:45:12+00:00,,True,0.2,2026-10-04 00:50:46.554000+02:00,2026-10-04 01:45:00+02:00,2026-10-04 01:45:12+02:00,2026-10-04,1,Sunday,True,54.2241
20261003_225045,2026-10-03 22:50:46.554000+00:00,Basel,rail,ch:1:sloid:10,Basel SBB,ch:1:sloid:10:1:2,2026-10-04,ch:1:sjyid:100308:87798-001,rail,Nacht-S-Bahn,SN6,SN6,87798,Basel SBB,Lörrach Hbf,2,,2026-10-04 00:09:00+00:00,2026-10-04 00:09:12+00:00,,True,0.2,2026-10-04 00:50:46.554000+02:00,2026-10-04 02:09:00+02:00,2026-10-04 02:09:12+02:00,2026-10-04,2,Sunday,True,78.22409999999999
20261003_225045,2026-10-03 22:50:46.554000+00:00,Basel,rail,ch:1:sloid:10,Basel SBB,ch:1:sloid:10:2:4,2026-10-04,ch:1:sjyid:100001:17003-001,rail,S-Bahn,S1,S1,17003,Basel SBB,Frick,4,,2026-10-04 00:20:00+00:00,2026-10-04 00:20:12+00:00,,True,0.2,2026-10-04 00:50:46.554000+02:00,2026-10-04 02:20:00+02:00,2026-10-04 02:20:12+02:00,2026-10-04,2,Sunday,True,89.22409999999999
20261003_225045,2026-10-03 22:50:46.554000+00:00,Basel,rail,ch:1:sloid:10,Basel SBB,ch:1:sloid:10:5:9,2026-10-04,ch:1:sjyid:100001:17013-001,rail,S-Bahn,S3,S3,17013,Basel SBB,Gelterkinden,5,9,2026-10-04 00:45:00+00:00,2026-10-04 00:45:12+00:00,,True,0.2,2026-10-04 00:50:46.554000+02:00,2026-10-04 02:45:00+02:00,2026-10-04 02:45:12+02:00,2026-10-04,2,Sunday,True,114.22409999999999
20261003_225045,2026-10-03 22:50:46.554000+00:00,Basel,rail,ch:1:sloid:10,Basel SBB,ch:1:sloid:10:5:10,2026-10-04,ch:1:sjyid:100001:17022-001,rail,S-Bahn,S3,S3,17022,Basel SBB,Laufen,6,10,2026-10-04 00:45:00+00:00,2026-10-04 00:45:12+00:00,,True,0.2,2026-10-04 00:50:46.554000+02:00,2026-10-04 02:45:00+02:00,2026-10-04 02:45:12+02:00,2026-10-04,2,Sunday,True,114.22409999999999
20261003_225045,2026-10-03 22:50:46.554000+00:00,Basel,rail,ch:1:sloid:10,Basel SBB,ch:1:sloid:10:2:4,2026-10-04,ch:1:sjyid:100001:17005-001,rail,S-Bahn,S1,S1,17005,Basel SBB,Brugg AG,4,,2026-10-04 01:20:00+00:00,,,False,,2026-10-04 00:50:46.554000+02:00,2026-10-04 03:20:00+02:00,,2026-10-04,3,Sunday,True,149.2241
20261003_225045,2026-10-03 22:50:46.554000+00:00,Basel,rail,ch:1:sloid:10,Basel SBB,ch:1:sloid:10:5:9,2026-10-04,ch:1:sjyid:100001:17015-001,rail,S-Bahn,S3,S3,17015,Basel SBB,Olten,5,9,2026-10-04 01:45:00+00:00,,,False,,2026-10-04 00:50:46.554000+02:00,2026-10-04 03:45:00+02:00,,2026-10-04,3,Sunday,True,174.2241
20261003_225045,2026-10-03 22:50:46.554000+00:00,Basel,rail,ch:1:sloid:10,Basel SBB,ch:1:sloid:10:5:10,2026-10-04,ch:1:sjyid:100001:17024-001,rail,S-Bahn,S3,S3,17024,Basel SBB,Delémont,6,10,2026-10-04 01:45:00+00:00,,,False,,2026-10-04 00:50:46.554000+02:00,2026-10-04 03:45:00+02:00,,2026-10-04,3,Sunday,True,174.2241
20261003_225045,2026-10-03 22:50:46.554000+00:00,Basel,rail,ch:1:sloid:10,Basel SBB,ch:1:sloid:10:3:5,2026-10-04,ch:1:sjyid:100001:2055-001,rail,InterRegio,IR36,IR36,2055,Basel SBB,Zürich Flughafen,5,,2026-10-04 02:36:00+00:00,,,False,,2026-10-04 00:50:46.554000+02:00,2026-10-04 04:36:00+02:00,,2026-10-04,4,Sunday,True,225.2241
20261003_225045,2026-10-03 22:50:46.554000+00:00,Basel,rail,ch:1:sloid:10,Basel SBB,ch:1:sloid:10:7:14,2026-10-04,ch:1:sjyid:100001:17313-001,rail,S-Bahn,S3,S3,17313,Basel SBB,Olten,14,,2026-10-04 02:38:00+00:00,,,False,,2026-10-04 00:50:46.554000+02:00,2026-10-04 04:38:00+02:00,,2026-10-04,4,Sunday,True,227.2241
20261003_225045,2026-10-03 22:50:46.554000+00:00,Basel,rail,ch:1:sloid:10,Basel SBB,ch:1:sloid:10:8:16,2026-10-04,ch:1:sjyid:100001:17312-001,rail,S-Bahn,S3,S3,17312,Basel SBB,Delémont,16,,2026-10-04 02:52:00+00:00,,,False,,2026-10-04 00:50:46.554000+02:00,2026-10-04 04:52:00+02:00,,2026-10-04,4,Sunday,True,241.2241
20261003_225045,2026-10-03 22:50:46.554000+00:00,Basel,rail,ch:1:sloid:10,Basel SBB,ch:1:sloid:10:5:9,2026-10-04,ch:1:sjyid:100001:659-001,rail,InterCity,IC21,IC21,659,Basel SBB,Lugano,9,,2026-10-04 03:04:00+00:00,,,False,,2026-10-04 00:50:46.554000+02:00,2026-10-04 05:04:00+02:00,,2026-10-04,5,Sunday,True,253.2241
20261003_225045,2026-10-03 22:50:46.554000+00:00,Basel,rail,ch:1:sloid:10,Basel SBB,ch:1:sloid:10_gen:ch:1:sloid:10:6:11_pf:11AB,2026-10-04,ch:1:sjyid:100001:1957-001,rail,InterRegio,IR36,IR36,1957,Basel SBB,Zürich HB,11AB,,2026-10-04 03:07:00+00:00,,,False,,2026-10-04 00:50:46.554000+02:00,2026-10-04 05:07:00+02:00,,2026-10-04,5,Sunday,True,256.2241
20261003_225045,2026-10-03 22:50:46.554000+00:00,Basel,rail,ch:1:sloid:10,Basel SBB,ch:1:sloid:10:2:4,2026-10-04,ch:1:sjyid:100001:607-002,rail,InterCity,IC61,IC61,607,Basel SBB,Interlaken Ost,4,,2026-10-04 03:09:00+00:00,,,False,,2026-10-04 00:50:46.554000+02:00,2026-10-04 05:09:00+02:00,,2026-10-04,5,Sunday,True,258.2241
20261003_225045,2026-10-03 22:50:46.554000+00:00,Basel,rail,ch:1:sloid:10,Basel SBB,ch:1:sloid:10:6:12,2026-10-04,ch:1:sjyid:100001:17117-001,rail,S-Bahn,S1,S1,17117,Basel SBB,Frick,12,,2026-10-04 03:19:00+00:00,,,False,,2026-10-04 00:50:46.554000+02:00,2026-10-04 05:19:00+02:00,,2026-10-04,5,Sunday,True,268.2241
20261003_225045,2026-10-03 22:50:46.554000+00:00,Basel,rail,ch:1:sloid:10,Basel SBB,ch:1:sloid:10:2:3,2026-10-04,ch:1:sjyid:100001:957-001,rail,InterCity,IC61,IC61,957,Basel SBB,Interlaken Ost,3,,2026-10-04 03:24:00+00:00,,,False,,2026-10-04 00:50:46.554000+02:00,2026-10-04 05:24:00+02:00,,2026-10-04,5,Sunday,True,273.2241
20261003_225045,2026-10-03 22:50:46.554000+00:00,Basel,rail,ch:1:sloid:10,Basel SBB,ch:1:sloid:10:0:19,2026-10-04,ch:1:sjyid:100001:17315-001,rail,S-Bahn,S3,S3,17315,Delémont,Olten,19,,2026-10-04 03:30:00+00:00,,,False,,2026-10-04 00:50:46.554000+02:00,2026-10-04 05:30:00+02:00,,2026-10-04,5,Sunday,True,279.2241
20261003_225045,2026-10-03 22:50:46.554000+00:00,Basel,rail,ch:1:sloid:10,Basel SBB,ch:1:sloid:10:5:10,2026-10-04,ch:1:sjyid:100001:551-001,rail,InterCity,IC3,IC3,551,Basel SBB,Zürich HB,10,,2026-10-04 03:33:00+00:00,,,False,,2026-10-04 00:50:46.554000+02:00,2026-10-04 05:33:00+02:00,,2026-10-04,5,Sunday,True,282.2241
20261003_225045,2026-10-03 22:50:46.554000+00:00,Basel,rail,ch:1:sloid:10,Basel SBB,ch:1:sloid:10:3:5,2026-10-04,ch:1:sjyid:100001:2057-001,rail,InterRegio,IR36,IR36,2057,Basel SBB,Zürich Flughafen,5,,2026-10-04 03:36:00+00:00,,,False,,2026-10-04 00:50:46.554000+02:00,2026-10-04 05:36:00+02:00,,2026-10-04,5,Sunday,True,285.2241
20261003_225045,2026-10-03 22:50:46.554000+00:00,Basel,rail,ch:1:sloid:10,Basel SBB,ch:1:sloid:10:8:16,2026-10-04,ch:1:sjyid:100001:17314-001,rail,S-Bahn,S3,S3,17314,Olten,Laufen,16,,2026-10-04 03:38:00+00:00,,,False,,2026-10-04 00:50:46.554000+02:00,2026-10-04 05:38:00+02:00,,2026-10-04,5,Sunday,True,287.2241
20261003_225045,2026-10-03 22:50:46.554000+00:00,Basel,rail,ch:1:sloid:10,Basel SBB,ch:1:sloid:10:6:11,2026-10-04,ch:1:sjyid:100001:2257-001,rail,InterRegio,IR37,IR37,2257,Basel SBB,Zürich HB,11,,2026-10-04 03:43:00+00:00,,,False,,2026-10-04 00:50:46.554000+02:00,2026-10-04 05:43:00+02:00,,2026-10-04,5,Sunday,True,292.2241
20261003_225045,2026-10-03 22:50:46.554000+00:00,Basel,rail,ch:1:sloid:10,Basel SBB,ch:1:sloid:10:6:12,2026-10-04,ch:1:sjyid:100001:17219-001,rail,S-Bahn,S1,S1,17219,Basel SBB,Laufenburg,12,,2026-10-04 03:49:00+00:00,,,False,,2026-10-04 00:50:46.554000+02:00,2026-10-04 05:49:00+02:00,,2026-10-04,5,Sunday,True,298.2241
20261003_225045,2026-10-03 22:50:46.554000+00:00,Basel,rail,ch:1:sloid:10,Basel SBB,ch:1:sloid:10:3:6,2026-10-04,ch:1:sjyid:100001:10061-001,rail,InterCity,IC6,IC6,10061,Basel SBB,Domodossola (I),6,,2026-10-04 03:58:00+00:00,,,False,,2026-10-04 00:50:46.554000+02:00,2026-10-04 05:58:00+02:00,,2026-10-04,5,Sunday,True,307.2241
20261003_225045,2026-10-03 22:50:46.554000+00:00,Basel,rail,ch:1:sloid:10,Basel SBB,ch:1:sloid:10:0:19,2026-10-04,ch:1:sjyid:100001:17317-001,rail,S-Bahn,S3,S3,17317,Delémont,Olten,19,,2026-10-04 04:00:00+00:00,,,False,,2026-10-04 00:50:46.554000+02:00,2026-10-04 06:00:00+02:00,,2026-10-04,6,Sunday,True,309.2241
20261003_225045,2026-10-03 22:50:47.047000+00:00,Luzern,rail,ch:1:sloid:5000,Luzern,ch:1:sloid:5000:3:7,2026-10-03,ch:1:sjyid:100001:21188-001,rail,S-Bahn,S1,S1,21188,Sursee,Zug,7,,2026-10-03 22:51:00+00:00,2026-10-03 22:51:12+00:00,,True,0.2,2026-10-04 00:50:47.047000+02:00,2026-10-04 00:51:00+02:00,2026-10-04 00:51:12+02:00,2026-10-04,0,Sunday,True,0.21588333333333332
20261003_225045,2026-10-03 22:50:47.047000+00:00,Luzern,rail,ch:1:sloid:5000,Luzern,ch:1:sloid:5000:7:14,2026-10-03,ch:1:sjyid:100064:21496-001,rail,S-Bahn,S4,S4,21496,Luzern,Stansstad,14,,2026-10-03 23:02:00+00:00,2026-10-03 23:02:12+00:00,,True,0.2,2026-10-04 00:50:47.047000+02:00,2026-10-04 01:02:00+02:00,2026-10-04 01:02:12+02:00,2026-10-04,1,Sunday,True,11.215883333333332
20261003_225045,2026-10-03 22:50:47.047000+00:00,Luzern,rail,ch:1:sloid:5000,Luzern,ch:1:sloid:5000:4:8,2026-10-04,ch:1:sjyid:100001:13811-001,rail,Nacht-S-Bahn,SN1,SN1,13811,Luzern,Olten,8,,2026-10-03 23:30:00+00:00,2026-10-03 23:30:12+00:00,,True,0.2,2026-10-04 00:50:47.047000+02:00,2026-10-04 01:30:00+02:00,2026-10-04 01:30:12+02:00,2026-10-04,1,Sunday,True,39.21588333333333
20261003_225045,2026-10-03 22:50:47.047000+00:00,Luzern,rail,ch:1:sloid:5000,Luzern,ch:1:sloid:5000:3:7,2026-10-04,ch:1:sjyid:100001:2602-001,rail,RegioExpress,N7,N7,2602,Luzern,Zürich HB,7,,2026-10-03 23:35:00+00:00,2026-10-03 23:35:12+00:00,,True,0.2,2026-10-04 00:50:47.047000+02:00,2026-10-04 01:35:00+02:00,2026-10-04 01:35:12+02:00,2026-10-04,1,Sunday,True,44.21588333333333
20261003_225045,2026-10-03 22:50:47.047000+00:00,Luzern,rail,ch:1:sloid:5000,Luzern,ch:1:sloid:5000:5:11,2026-10-04,ch:1:sjyid:100001:13813-001,rail,Nacht-S-Bahn,SN1,SN1,13813,Luzern,Olten,11,,2026-10-04 00:30:00+00:00,2026-10-04 00:30:12+00:00,,True,0.2,2026-10-04 00:50:47.047000+02:00,2026-10-04 02:30:00+02:00,2026-10-04 02:30:12+02:00,2026-10-04,2,Sunday,True,99.21588333333334
20261003_225045,2026-10-03 22:50:47.047000+00:00,Luzern,rail,ch:1:sloid:5000,Luzern,ch:1:sloid:5000:3:7,2026-10-04,ch:1:sjyid:100001:2604-001,rail,RegioExpress,N7,N7,2604,Luzern,Zürich HB,7,,2026-10-04 00:35:00+00:00,2026-10-04 00:35:12+00:00,,True,0.2,2026-10-04 00:50:47.047000+02:00,2026-10-04 02:35:00+02:00,2026-10-04 02:35:12+02:00,2026-10-04,2,Sunday,True,104.21588333333334
20261003_225045,2026-10-03 22:50:47.047000+00:00,Luzern,rail,ch:1:sloid:5000,Luzern,ch:1:sloid:5000_gen:ch:1:sloid:5000:4:8_pf:8B,2026-10-04,ch:1:sjyid:100001:13815-001,rail,Nacht-S-Bahn,SN1,SN1,13815,Luzern,Sursee,8B,,2026-10-04 01:30:00+00:00,,,False,,2026-10-04 00:50:47.047000+02:00,2026-10-04 03:30:00+02:00,,2026-10-04,3,Sunday,True,159.21588333333332
20261003_225045,2026-10-03 22:50:47.047000+00:00,Luzern,rail,ch:1:sloid:5000,Luzern,ch:1:sloid:5000:3:7,2026-10-04,ch:1:sjyid:100001:2606-001,rail,RegioExpress,N7,N7,2606,Luzern,Zürich HB,7,,2026-10-04 01:35:00+00:00,,,False,,2026-10-04 00:50:47.047000+02:00,2026-10-04 03:35:00+02:00,,2026-10-04,3,Sunday,True,164.21588333333332
20261003_225045,2026-10-03 22:50:47.047000+00:00,Luzern,rail,ch:1:sloid:5000,Luzern,ch:1:sloid:5000_gen:ch:1:sloid:5000:3:6_pf:6CD,2026-10-04,ch:1:sjyid:100001:21107-001,rail,S-Bahn,S1,S1,21107,Luzern,Turgi,6CD,,2026-10-04 02:21:00+00:00,,,False,,2026-10-04 00:50:47.047000+02:00,2026-10-04 04:21:00+02:00,,2026-10-04,4,Sunday,True,210.21588333333332
20261003_225045,2026-10-03 22:50:47.047000+00:00,Luzern,rail,ch:1:sloid:5000,Luzern,ch:1:sloid:5000:3:6,2026-10-04,ch:1:sjyid:100001:2562-001,rail,InterRegio,IR,IR,2562,Luzern,Sargans,6,,2026-10-04 02:52:00+00:00,,,False,,2026-10-04 00:50:47.047000+02:00,2026-10-04 04:52:00+02:00,,2026-10-04,4,Sunday,True,241.21588333333332
20261003_225045,2026-10-03 22:50:47.047000+00:00,Luzern,rail,ch:1:sloid:5000,Luzern,ch:1:sloid:5000:3:7,2026-10-04,ch:1:sjyid:100061:2304-001,rail,InterRegio,IR26,IR26,2304,Luzern,Basel SBB,7,,2026-10-04 02:54:00+00:00,,,False,,2026-10-04 00:50:47.047000+02:00,2026-10-04 04:54:00+02:00,,2026-10-04,4,Sunday,True,243.21588333333332
20261003_225045,2026-10-03 22:50:47.047000+00:00,Luzern,rail,ch:1:sloid:5000,Luzern,ch:1:sloid:5000_gen:ch:1:sloid:5000:2:4_pf:4CD,2026-10-04,ch:1:sjyid:100001:4706-001,rail,RegioExpress,RE24,RE24,4706,Luzern,Olten,4CD,,2026-10-04 02:58:00+00:00,,,False,,2026-10-04 00:50:47.047000+02:00,2026-10-04 04:58:00+02:00,,2026-10-04,4,Sunday,True,247.21588333333332
20261003_225045,2026-10-03 22:50:47.047000+00:00,Luzern,rail,ch:1:sloid:5000,Luzern,ch:1:sloid:5000_gen:ch:1:sloid:5000:1:3_pf:3CD,2026-10-04,ch:1:sjyid:100001:21914-001,rail,S-Bahn,S9,S9,21914,Luzern,Lenzburg,3CD,,2026-10-04 03:02:00+00:00,,,False,,2026-10-04 00:50:47.047000+02:00,2026-10-04 05:02:00+02:00,,2026-10-04,5,Sunday,True,251.21588333333332
20261003_225045,2026-10-03 22:50:47.047000+00:00,Luzern,rail,ch:1:sloid:5000,Luzern,ch:1:sloid:5000:7:15,2026-10-04,ch:1:sjyid:100064:2956-002,rail,InterRegio,IRLEX,IRLEX,2956,Luzern,Stansstad,15,,2026-10-04 03:04:00+00:00,,,False,,2026-10-04 00:50:47.047000+02:00,2026-10-04 05:04:00+02:00,,2026-10-04,5,Sunday,True,253.21588333333332
20261003_225045,2026-10-03 22:50:47.047000+00:00,Luzern,rail,ch:1:sloid:5000,Luzern,ch:1:sloid:5000_gen:ch:1:sloid:5000:4:8_pf:8CD,2026-10-04,ch:1:sjyid:100001:21109-001,rail,S-Bahn,S1,S1,21109,Luzern,Sursee,8CD,,2026-10-04 03:14:00+00:00,,,False,,2026-10-04 00:50:47.047000+02:00,2026-10-04 05:14:00+02:00,,2026-10-04,5,Sunday,True,263.21588333333335
20261003_225045,2026-10-03 22:50:47.047000+00:00,Luzern,rail,ch:1:sloid:5000,Luzern,ch:1:sloid:5000_gen:ch:1:sloid:5000:5:10_pf:10B,2026-10-04,ch:1:sjyid:100001:21108-002,rail,S-Bahn,S1,S1,21108,Luzern,Baar,10B,,2026-10-04 03:21:00+00:00,,,False,,2026-10-04 00:50:47.047000+02:00,2026-10-04 05:21:00+02:00,,2026-10-04,5,Sunday,True,270.21588333333335
20261003_225045,2026-10-03 22:50:47.047000+00:00,Luzern,rail,ch:1:sloid:5000,Luzern,ch:1:sloid:5000:7:14,2026-10-04,ch:1:sjyid:100064:21418-001,rail,S-Bahn,S4,S4,21418,Luzern,Stansstad,14,,2026-10-04 03:27:00+00:00,,,False,,2026-10-04 00:50:47.047000+02:00,2026-10-04 05:27:00+02:00,,2026-10-04,5,Sunday,True,276.21588333333335
20261003_225045,2026-10-03 22:50:47.047000+00:00,Luzern,rail,ch:1:sloid:5000,Luzern,ch:1:sloid:5000:2:5,2026-10-04,ch:1:sjyid:100001:2107-001,rail,InterRegio,IR75,IR75,2107,Luzern,Kreuzlingen,5,,2026-10-04 03:35:00+00:00,,,False,,2026-10-04 00:50:47.047000+02:00,2026-10-04 05:35:00+02:00,,2026-10-04,5,Sunday,True,284.21588333333335
20261003_225045,2026-10-03 22:50:47.047000+00:00,Luzern,rail,ch:1:sloid:5000,Luzern,ch:1:sloid:5000_gen:ch:1:sloid:5000:4:8_pf:8B,2026-10-04,ch:1:sjyid:100001:21319-002,rail,S-Bahn,S3,S3,21319,Luzern,Arth-Goldau,8B,,2026-10-04 03:39:00+00:00,,,False,,2026-10-04 00:50:47.047000+02:00,2026-10-04 05:39:00+02:00,,2026-10-04,5,Sunday,True,288.21588333333335
20261003_225045,2026-10-03 22:50:47.047000+00:00,Luzern,rail,ch:1:sloid:5000,Luzern,ch:1:sloid:5000:4:9,2026-10-04,ch:1:sjyid:100001:2508-002,rail,InterRegio,IR15,IR15,2508,Luzern,Genève-Aéroport,9,,2026-10-04 03:42:00+00:00,,,False,,2026-10-04 00:50:47.047000+02:00,2026-10-04 05:42:00+02:00,,2026-10-04,5,Sunday,True,291.21588333333335
20261003_225045,2026-10-03 22:50:47.047000+00:00,Luzern,rail,ch:1:sloid:5000,Luzern,ch:1:sloid:5000_gen:ch:1:sloid:5000:6:13_pf:13B,2026-10-04,ch:1:sjyid:100064:21518-001,rail,S-Bahn,S5,S5,21518,Luzern,Giswil,13B,,2026-10-04 03:42:00+00:00,,,False,,2026-10-04 00:50:47.047000+02:00,2026-10-04 05:42:00+02:00,,2026-10-04,5,Sunday,True,291.21588333333335
20261003_225045,2026-10-03 22:50:47.047000+00:00,Luzern,rail,ch:1:sloid:5000,Luzern,ch:1:sloid:5000:5:10,2026-10-04,ch:1:sjyid:100001:21111-002,rail,S-Bahn,S1,S1,21111,Luzern,Sursee,10,,2026-10-04 03:44:00+00:00,,,False,,2026-10-04 00:50:47.047000+02:00,2026-10-04 05:44:00+02:00,,2026-10-04,5,Sunday,True,293.21588333333335
20261003_225045,2026-10-03 22:50:47.047000+00:00,Luzern,rail,ch:1:sloid:5000,Luzern,ch:1:sloid:5000:2:5,2026-10-04,ch:1:sjyid:100001:21112-002,rail,S-Bahn,S1,S1,21112,Sursee,Baar,5,,2026-10-04 03:51:00+00:00,,,False,,2026-10-04 00:50:47.047000+02:00,2026-10-04 05:51:00+02:00,,2026-10-04,5,Sunday,True,300.21588333333335
20261003_225045,2026-10-03 22:50:47.047000+00:00,Luzern,rail,ch:1:sloid:5000,Luzern,ch:1:sloid:5000:3:6,2026-10-04,ch:1:sjyid:100001:2306-001,rail,InterRegio,IR26,IR26,2306,Luzern,Basel SBB,6,,2026-10-04 03:54:00+00:00,,,False,,2026-10-04 00:50:47.047000+02:00,2026-10-04 05:54:00+02:00,,2026-10-04,5,Sunday,True,303.21588333333335
20261003_225045,2026-10-03 22:50:47.047000+00:00,Luzern,rail,ch:1:sloid:5000,Luzern,ch:1:sloid:5000:3:7,2026-10-04,ch:1:sjyid:100015:4458-001,rail,RegioExpress,RE7,RE7,4458,Luzern,Langnau i.E. | Willisau,7,,2026-10-04 03:57:00+00:00,,,False,,2026-10-04 00:50:47.047000+02:00,2026-10-04 05:57:00+02:00,,2026-10-04,5,Sunday,True,306.21588333333335
20261003_225045,2026-10-03 22:50:47.047000+00:00,Luzern,rail,ch:1:sloid:5000,Luzern,ch:1:sloid:5000:7:14,2026-10-04,ch:1:sjyid:100064:21420-001,rail,S-Bahn,S4,S4,21420,Luzern,Stansstad,14,,2026-10-04 03:57:00+00:00,,,False,,2026-10-04 00:50:47.047000+02:00,2026-10-04 05:57:00+02:00,,2026-10-04,5,Sunday,True,306.21588333333335
20261003_225045,2026-10-03 22:50:47.047000+00:00,Luzern,rail,ch:1:sloid:5000,Luzern,ch:1:sloid:5000_gen:ch:1:sloid:5000:5:11_pf:11B,2026-10-04,ch:1:sjyid:100001:21920-002,rail,S-Bahn,S9,S9,21920,Luzern,Lenzburg,11B,,2026-10-04 04:02:00+00:00,,,False,,2026-10-04 00:50:47.047000+02:00,2026-10-04 06:02:00+02:00,,2026-10-04,6,Sunday,True,311.21588333333335
20261003_225045,2026-10-03 22:50:47.047000+00:00,Luzern,rail,ch:1:sloid:5000,Luzern,ch:1:sloid:5000:4:8,2026-10-04,ch:1:sjyid:100001:4708-001,rail,RegioExpress,RE24,RE24,4708,Luzern,Olten,8,,2026-10-04 04:05:00+00:00,,,False,,2026-10-04 00:50:47.047000+02:00,2026-10-04 06:05:00+02:00,,2026-10-04,6,Sunday,True,314.21588333333335
20261003_225045,2026-10-03 22:50:47.047000+00:00,Luzern,rail,ch:1:sloid:5000,Luzern,ch:1:sloid:5000:6:12,2026-10-04,ch:1:sjyid:100064:2912-001,rail,Luzern-Interlaken Express,LIX,LIX,2912,Luzern,Interlaken Ost,12,,2026-10-04 04:06:00+00:00,,,False,,2026-10-04 00:50:47.047000+02:00,2026-10-04 06:06:00+02:00,,2026-10-04,6,Sunday,True,315.21588333333335
20261003_225045,2026-10-03 22:50:47.047000+00:00,Luzern,rail,ch:1:sloid:5000,Luzern,ch:1:sloid:5000:5:11,2026-10-04,ch:1:sjyid:100001:21321-001,rail,S-Bahn,S3,S3,21321,Luzern,Brunnen,11,,2026-10-04 04:06:00+00:00,,,False,,2026-10-04 00:50:47.047000+02:00,2026-10-04 06:06:00+02:00,,2026-10-04,6,Sunday,True,315.21588333333335
20261003_225045,2026-10-03 22:50:47.564000+00:00,St. Gallen,rail,ch:1:sloid:6302,St. Gallen,ch:1:sloid:6302:2:2,2026-10-04,ch:1:sjyid:100046:13650-001,rail,Nacht-S-Bahn,SN72,SN72,13650,St. Gallen,Lichtensteig,2,,2026-10-03 23:00:00+00:00,2026-10-03 23:00:12+00:00,,True,0.2,2026-10-04 00:50:47.564000+02:00,2026-10-04 01:00:00+02:00,2026-10-04 01:00:12+02:00,2026-10-04,1,Sunday,True,9.207266666666667
20261003_225045,2026-10-03 22:50:47.564000+00:00,St. Gallen,rail,ch:1:sloid:6302,St. Gallen,ch:1:sloid:6302:4:7,2026-10-04,ch:1:sjyid:100046:13612-001,rail,Nacht-S-Bahn,SN21,SN21,13612,St. Gallen,Winterthur,7,,2026-10-03 23:02:00+00:00,2026-10-03 23:02:12+00:00,,True,0.2,2026-10-04 00:50:47.564000+02:00,2026-10-04 01:02:00+02:00,2026-10-04 01:02:12+02:00,2026-10-04,1,Sunday,True,11.207266666666667
20261003_225045,2026-10-03 22:50:47.564000+00:00,St. Gallen,rail,ch:1:sloid:6302,St. Gallen,ch:1:sloid:6302:2:3,2026-10-04,ch:1:sjyid:100046:13651-001,rail,Nacht-S-Bahn,SN72,SN72,13651,St. Gallen,Romanshorn,3,,2026-10-03 23:03:00+00:00,2026-10-03 23:03:12+00:00,,True,0.2,2026-10-04 00:50:47.564000+02:00,2026-10-04 01:03:00+02:00,2026-10-04 01:03:12+02:00,2026-10-04,1,Sunday,True,12.207266666666667
20261003_225045,2026-10-03 22:50:47.564000+00:00,St. Gallen,rail,ch:1:sloid:6302,St. Gallen,ch:1:sloid:6302:3:5,2026-10-03,ch:1:sjyid:100061:2046-001,rail,Voralpen-Express,VAE,VAE,2046,St. Gallen,Herisau,5,,2026-10-03 23:05:00+00:00,2026-10-03 23:05:12+00:00,,True,0.2,2026-10-04 00:50:47.564000+02:00,2026-10-04 01:05:00+02:00,2026-10-04 01:05:12+02:00,2026-10-04,1,Sunday,True,14.207266666666667
20261003_225045,2026-10-03 22:50:47.564000+00:00,St. Gallen,rail,ch:1:sloid:6302,St. Gallen,ch:1:sloid:6302:2:2,2026-10-04,ch:1:sjyid:100046:13621-001,rail,Nacht-S-Bahn,SN22,SN22,13621,Winterthur,Heerbrugg,2,,2026-10-03 23:19:00+00:00,2026-10-03 23:19:12+00:00,,True,0.2,2026-10-04 00:50:47.564000+02:00,2026-10-04 01:19:00+02:00,2026-10-04 01:19:12+02:00,2026-10-04,1,Sunday,True,28.207266666666666
20261003_225045,2026-10-03 22:50:47.564000+00:00,St. Gallen,rail,ch:1:sloid:6302,St. Gallen,ch:1:sloid:6302:1:1,2026-10-04,ch:1:sjyid:100046:13624-001,rail,Nacht-S-Bahn,SN22,SN22,13624,St. Gallen,Winterthur,1,,2026-10-03 23:40:00+00:00,2026-10-03 23:40:12+00:00,,True,0.2,2026-10-04 00:50:47.564000+02:00,2026-10-04 01:40:00+02:00,2026-10-04 01:40:12+02:00,2026-10-04,1,Sunday,True,49.20726666666667
20261003_225045,2026-10-03 22:50:47.564000+00:00,St. Gallen,rail,ch:1:sloid:6302,St. Gallen,ch:1:sloid:6302:3:5,2026-10-03,ch:1:sjyid:100061:11496-001,rail,S-Bahn,S4,S4,11496,Sargans,Herisau,5,,2026-10-03 23:40:00+00:00,2026-10-03 23:40:12+00:00,,True,0.2,2026-10-04 00:50:47.564000+02:00,2026-10-04 01:40:00+02:00,2026-10-04 01:40:12+02:00,2026-10-04,1,Sunday,True,49.20726666666667
20261003_225045,2026-10-03 22:50:47.564000+00:00,St. Gallen,rail,ch:1:sloid:6302,St. Gallen,ch:1:sloid:6302:2:2,2026-10-04,ch:1:sjyid:100046:13652-001,rail,Nacht-S-Bahn,SN72,SN72,13652,Romanshorn,Lichtensteig,2,,2026-10-04 00:00:00+00:00,2026-10-04 00:00:12+00:00,,True,0.2,2026-10-04 00:50:47.564000+02:00,2026-10-04 02:00:00+02:00,2026-10-04 02:00:12+02:00,2026-10-04,2,Sunday,True,69.20726666666665
20261003_225045,2026-10-03 22:50:47.564000+00:00,St. Gallen,rail,ch:1:sloid:6302,St. Gallen,ch:1:sloid:6302:2:3,2026-10-04,ch:1:sjyid:100046:13614-001,rail,Nacht-S-Bahn,SN21,SN21,13614,St. Gallen,Winterthur,3,,2026-10-04 00:02:00+00:00,2026-10-04 00:02:12+00:00,,True,0.2,2026-10-04 00:50:47.564000+02:00,2026-10-04 02:02:00+02:00,2026-10-04 02:02:12+02:00,2026-10-04,2,Sunday,True,71.20726666666665
20261003_225045,2026-10-03 22:50:47.564000+00:00,St. Gallen,rail,ch:1:sloid:6302,St. Gallen,ch:1:sloid:6302:3:5,2026-10-04,ch:1:sjyid:100046:13653-001,rail,Nacht-S-Bahn,SN72,SN72,13653,Lichtensteig,Romanshorn,5,,2026-10-04 00:03:00+00:00,2026-10-04 00:03:12+00:00,,True,0.2,2026-10-04 00:50:47.564000+02:00,2026-10-04 02:03:00+02:00,2026-10-04 02:03:12+02:00,2026-10-04,2,Sunday,True,72.20726666666665
20261003_225045,2026-10-03 22:50:47.564000+00:00,St. Gallen,rail,ch:1:sloid:6302,St. Gallen,ch:1:sloid:6302:2:3,2026-10-04,ch:1:sjyid:100046:13623-001,rail,Nacht-S-Bahn,SN22,SN22,13623,Winterthur,Heerbrugg,3,,2026-10-04 00:19:00+00:00,2026-10-04 00:19:12+00:00,,True,0.2,2026-10-04 00:50:47.564000+02:00,2026-10-04 02:19:00+02:00,2026-10-04 02:19:12+02:00,2026-10-04,2,Sunday,True,88.20726666666665
20261003_225045,2026-10-03 22:50:47.564000+00:00,St. Gallen,rail,ch:1:sloid:6302,St. Gallen,ch:1:sloid:6302:2:2,2026-10-04,ch:1:sjyid:100046:13626-001,rail,Nacht-S-Bahn,SN22,SN22,13626,Heerbrugg,Winterthur,2,,2026-10-04 00:40:00+00:00,2026-10-04 00:40:12+00:00,,True,0.2,2026-10-04 00:50:47.564000+02:00,2026-10-04 02:40:00+02:00,2026-10-04 02:40:12+02:00,2026-10-04,2,Sunday,True,109.20726666666665
20261003_225045,2026-10-03 22:50:47.564000+00:00,St. Gallen,rail,ch:1:sloid:6302,St. Gallen,ch:1:sloid:6302:2:2,2026-10-04,ch:1:sjyid:100046:13654-001,rail,Nacht-S-Bahn,SN72,SN72,13654,Romanshorn,Lichtensteig,2,,2026-10-04 01:00:00+00:00,2026-10-04 01:00:12+00:00,,True,0.2,2026-10-04 00:50:47.564000+02:00,2026-10-04 03:00:00+02:00,2026-10-04 03:00:12+02:00,2026-10-04,3,Sunday,True,129.20726666666667
20261003_225045,2026-10-03 22:50:47.564000+00:00,St. Gallen,rail,ch:1:sloid:6302,St. Gallen,ch:1:sloid:6302:2:3,2026-10-04,ch:1:sjyid:100046:13616-001,rail,Nacht-S-Bahn,SN21,SN21,13616,St. Gallen,Winterthur,3,,2026-10-04 01:02:00+00:00,,,False,,2026-10-04 00:50:47.564000+02:00,2026-10-04 03:02:00+02:00,,2026-10-04,3,Sunday,True,131.20726666666667
20261003_225045,2026-10-03 22:50:47.564000+00:00,St. Gallen,rail,ch:1:sloid:6302,St. Gallen,ch:1:sloid:6302:3:5,2026-10-04,ch:1:sjyid:100046:13655-001,rail,Nacht-S-Bahn,SN72,SN72,13655,Lichtensteig,Romanshorn,5,,2026-10-04 01:03:00+00:00,2026-10-04 01:03:12+00:00,,True,0.2,2026-10-04 00:50:47.564000+02:00,2026-10-04 03:03:00+02:00,2026-10-04 03:03:12+02:00,2026-10-04,3,Sunday,True,132.20726666666667
20261003_225045,2026-10-03 22:50:47.564000+00:00,St. Gallen,rail,ch:1:sloid:6302,St. Gallen,ch:1:sloid:6302:2:3,2026-10-04,ch:1:sjyid:100046:13625-001,rail,Nacht-S-Bahn,SN22,SN22,13625,Winterthur,Rorschach,3,,2026-10-04 01:19:00+00:00,2026-10-04 01:19:12+00:00,,True,0.2,2026-10-04 00:50:47.564000+02:00,2026-10-04 03:19:00+02:00,2026-10-04 03:19:12+02:00,2026-10-04,3,Sunday,True,148.20726666666667
20261003_225045,2026-10-03 22:50:47.564000+00:00,St. Gallen,rail,ch:1:sloid:6302,St. Gallen,ch:1:sloid:6302:2:2,2026-10-04,ch:1:sjyid:100046:13628-001,rail,Nacht-S-Bahn,SN22,SN22,13628,Heerbrugg,Wil SG,2,,2026-10-04 01:40:00+00:00,,,False,,2026-10-04 00:50:47.564000+02:00,2026-10-04 03:40:00+02:00,,2026-10-04,3,Sunday,True,169.20726666666667
20261003_225045,2026-10-03 22:50:47.564000+00:00,St. Gallen,rail,ch:1:sloid:6302,St. Gallen,ch:1:sloid:6302:2:2,2026-10-04,ch:1:sjyid:100001:3252-001,rail,InterRegio,IR13,IR13,3252,St. Gallen,Luzern,2,,2026-10-04 02:37:00+00:00,,,False,,2026-10-04 00:50:47.564000+02:00,2026-10-04 04:37:00+02:00,,2026-10-04,4,Sunday,True,226.20726666666667
20261003_225045,2026-10-03 22:50:47.564000+00:00,St. Gallen,rail,ch:1:sloid:6302,St. Gallen,ch:1:sloid:6302:2:2,2026-10-04,ch:1:sjyid:100061:2006-001,rail,Voralpen-Express,VAE,VAE,2006,St. Gallen,Biberbrugg,2,,2026-10-04 03:05:00+00:00,,,False,,2026-10-04 00:50:47.564000+02:00,2026-10-04 05:05:00+02:00,,2026-10-04,5,Sunday,True,254.20726666666667
20261003_225045,2026-10-03 22:50:47.564000+00:00,St. Gallen,rail,ch:1:sloid:6302,St. Gallen,ch:1:sloid:6302:1:1,2026-10-04,ch:1:sjyid:100001:10706-009,rail,InterCity,IC,IC,10706,St. Gallen,Biel/Bienne,1,,2026-10-04 03:07:00+00:00,,,False,,2026-10-04 00:50:47.564000+02:00,2026-10-04 05:07:00+02:00,,2026-10-04,5,Sunday,True,256.20726666666667
20261003_225045,2026-10-03 22:50:47.564000+00:00,St. Gallen,rail,ch:1:sloid:6302,St. Gallen,ch:1:sloid:6302:3:4,2026-10-04,ch:1:sjyid:100046:11215-001,rail,S-Bahn,S2,S2,11215,St. Gallen,Altstätten SG,4,,2026-10-04 03:08:00+00:00,,,False,,2026-10-04 00:50:47.564000+02:00,2026-10-04 05:08:00+02:00,,2026-10-04,5,Sunday,True,257.20726666666667
20261003_225045,2026-10-03 22:50:47.564000+00:00,St. Gallen,rail,ch:1:sloid:6302,St. Gallen,ch:1:sloid:6302:4:7,2026-10-04,ch:1:sjyid:100046:11514-001,rail,S-Bahn,S5,S5,11514,St. Gallen,Weinfelden,7,,2026-10-04 03:10:00+00:00,,,False,,2026-10-04 00:50:47.564000+02:00,2026-10-04 05:10:00+02:00,,2026-10-04,5,Sunday,True,259.20726666666667
20261003_225045,2026-10-03 22:50:47.564000+00:00,St. Gallen,rail,ch:1:sloid:6302,St. Gallen,ch:1:sloid:6302:2:3,2026-10-04,ch:1:sjyid:100046:11115-001,rail,S-Bahn,S1,S1,11115,St. Gallen,Schaffhausen,3,,2026-10-04 03:19:00+00:00,,,False,,2026-10-04 00:50:47.564000+02:00,2026-10-04 05:19:00+02:00,,2026-10-04,5,Sunday,True,268.20726666666667
20261003_225045,2026-10-03 22:50:47.564000+00:00,St. Gallen,rail,ch:1:sloid:6302,St. Gallen,ch:1:sloid:6302:1:1,2026-10-04,ch:1:sjyid:100001:3251-001,rail,InterRegio,IR13,IR13,3251,Wil SG,Sargans,1,,2026-10-04 03:25:00+00:00,,,False,,2026-10-04 00:50:47.564000+02:00,2026-10-04 05:25:00+02:00,,2026-10-04,5,Sunday,True,274.20726666666667
20261003_225045,2026-10-03 22:50:47.564000+00:00,St. Gallen,rail,ch:1:sloid:6302,St. Gallen,ch:1:sloid:6302_gen:ch:1:sloid:6302:3:5_pf:5AB,2026-10-04,ch:1:sjyid:100061:11416-001,rail,S-Bahn,S4,S4,11416,St. Gallen,Rapperswil SG,5AB,,2026-10-04 03:27:00+00:00,,,False,,2026-10-04 00:50:47.564000+02:00,2026-10-04 05:27:00+02:00,,2026-10-04,5,Sunday,True,276.20726666666667
20261003_225045,2026-10-03 22:50:47.564000+00:00,St. Gallen,rail,ch:1:sloid:6302,St. Gallen,ch:1:sloid:6302:2:2,2026-10-04,ch:1:sjyid:100001:3254-001,rail,InterRegio,IR13,IR13,3254,St. Gallen,Luzern,2,,2026-10-04 03:37:00+00:00,,,False,,2026-10-04 00:50:47.564000+02:00,2026-10-04 05:37:00+02:00,,2026-10-04,5,Sunday,True,286.20726666666667
20261003_225045,2026-10-03 22:50:47.564000+00:00,St. Gallen,rail,ch:1:sloid:6302,St. Gallen,ch:1:sloid:6302:2:3,2026-10-04,ch:1:sjyid:100061:11415-001,rail,S-Bahn,S4,S4,11415,Wattwil,Sargans,3,,2026-10-04 03:38:00+00:00,,,False,,2026-10-04 00:50:47.564000+02:00,2026-10-04 05:38:00+02:00,,2026-10-04,5,Sunday,True,287.20726666666667
20261003_225045,2026-10-03 22:50:47.564000+00:00,St. Gallen,rail,ch:1:sloid:6302,St. Gallen,ch:1:sloid:6302:4:6,2026-10-04,ch:1:sjyid:100046:5210-001,rail,RegioExpress,RE1,RE1,5210,St. Gallen,Herisau,6,,2026-10-04 03:44:00+00:00,,,False,,2026-10-04 00:50:47.564000+02:00,2026-10-04 05:44:00+02:00,,2026-10-04,5,Sunday,True,293.20726666666667
20261003_225045,2026-10-03 22:50:47.564000+00:00,St. Gallen,rail,ch:1:sloid:6302,St. Gallen,ch:1:sloid:6302:2:2,2026-10-04,ch:1:sjyid:100046:11117-003,rail,S-Bahn,S1,S1,11117,St. Gallen,Schaffhausen,2,,2026-10-04 03:49:00+00:00,,,False,,2026-10-04 00:50:47.564000+02:00,2026-10-04 05:49:00+02:00,,2026-10-04,5,Sunday,True,298.20726666666667
20261003_225045,2026-10-03 22:50:47.564000+00:00,St. Gallen,rail,ch:1:sloid:6302,St. Gallen,ch:1:sloid:6302:500:11,2026-10-04,ch:1:sjyid:100007:plan:2055,rail,S-Bahn,S21,S21,2055,Trogen,Appenzell,11,,2026-10-04 03:51:00+00:00,,,False,,2026-10-04 00:50:47.564000+02:00,2026-10-04 05:51:00+02:00,,2026-10-04,5,Sunday,True,300.20726666666667
20261003_225045,2026-10-03 22:50:48.039000+00:00,Lausanne,rail,ch:1:sloid:1120,Lausanne,ch:1:sloid:1120:0:37997,2026-10-03,ch:1:sjyid:100001:18444-001,rail,RegioExpress,RE33,RE33,18444,Lausanne,Genève,6,,2026-10-03 22:50:00+00:00,2026-10-03 22:51:00+00:00,,True,1.0,2026-10-04 00:50:48.039000+02:00,2026-10-04 00:50:00+02:00,2026-10-04 00:51:00+02:00,2026-10-04,0,Sunday,True,-0.80065
20261003_225045,2026-10-03 22:50:48.039000+00:00,Lausanne,rail,ch:1:sloid:1120,Lausanne,ch:1:sloid:1120:0:42631,2026-10-03,ch:1:sjyid:100001:18495-002,rail,RegioExpress,N9,N9,18495,Lausanne,Sion,5,,2026-10-03 23:01:00+00:00,2026-10-03 23:01:12+00:00,,True,0.2,2026-10-04 00:50:48.039000+02:00,2026-10-04 01:01:00+02:00,2026-10-04 01:01:12+02:00,2026-10-04,1,Sunday,True,10.19935
20261003_225045,2026-10-03 22:50:48.039000+00:00,Lausanne,rail,ch:1:sloid:1120,Lausanne,ch:1:sloid:1120:0:840061,2026-10-04,ch:1:sjyid:100001:13830-001,rail,Nacht-S-Bahn,SN,SN,13830,Lausanne,Grandson,7,7E-H,2026-10-03 23:08:00+00:00,2026-10-03 23:08:12+00:00,,True,0.2,2026-10-04 00:50:48.039000+02:00,2026-10-04 01:08:00+02:00,2026-10-04 01:08:12+02:00,2026-10-04,1,Sunday,True,17.19935
20261003_225045,2026-10-03 22:50:48.039000+00:00,Lausanne,rail,ch:1:sloid:1120,Lausanne,ch:1:sloid:1120:0:840061,2026-10-04,ch:1:sjyid:100001:13841-001,rail,Nacht-S-Bahn,SN,SN,13841,Lausanne,Romont FR,7,7A-D,2026-10-03 23:21:00+00:00,2026-10-03 23:21:42+00:00,,True,0.7,2026-10-04 00:50:48.039000+02:00,2026-10-04 01:21:00+02:00,2026-10-04 01:21:42+02:00,2026-10-04,1,Sunday,True,30.19935
20261003_225045,2026-10-03 22:50:48.039000+00:00,Lausanne,rail,ch:1:sloid:1120,Lausanne,ch:1:sloid:1120:0:20298,2026-10-04,ch:1:sjyid:100001:13839-001,rail,Nacht-S-Bahn,SN,SN,13839,Lausanne,Murten/Morat,70,,2026-10-03 23:28:00+00:00,2026-10-03 23:28:24+00:00,,True,0.4,2026-10-04 00:50:48.039000+02:00,2026-10-04 01:28:00+02:00,2026-10-04 01:28:24+02:00,2026-10-04,1,Sunday,True,37.199349999999995
20261003_225045,2026-10-03 22:50:48.039000+00:00,Lausanne,rail,ch:1:sloid:1120,Lausanne,ch:1:sloid:1120:0:42631,2026-10-04,ch:1:sjyid:100001:13835-001,rail,Nacht-S-Bahn,SN,SN,13835,Vallorbe,St-Maurice,5,,2026-10-03 23:35:00+00:00,2026-10-03 23:36:18+00:00,,True,1.3,2026-10-04 00:50:48.039000+02:00,2026-10-04 01:35:00+02:00,2026-10-04 01:36:18+02:00,2026-10-04,1,Sunday,True,44.199349999999995
20261003_225045,2026-10-03 22:50:48.039000+00:00,Lausanne,rail,ch:1:sloid:1120,Lausanne,ch:1:sloid:1120:0:37997,2026-10-04,ch:1:sjyid:100001:13834-001,rail,Nacht-S-Bahn,SN,SN,13834,Lausanne,Allaman,6,,2026-10-03 23:36:00+00:00,2026-10-03 23:36:12+00:00,,True,0.2,2026-10-04 00:50:48.039000+02:00,2026-10-04 01:36:00+02:00,2026-10-04 01:36:12+02:00,2026-10-04,1,Sunday,True,45.199349999999995
20261003_225045,2026-10-03 22:50:48.039000+00:00,Lausanne,rail,ch:1:sloid:1120,Lausanne,ch:1:sloid:1120:0:840061,2026-10-04,ch:1:sjyid:100001:13832-001,rail,Nacht-S-Bahn,SN,SN,13832,St-Maurice,Vallorbe,7,,2026-10-03 23:40:00+00:00,2026-10-03 23:40:30+00:00,,True,0.5,2026-10-04 00:50:48.039000+02:00,2026-10-04 01:40:00+02:00,2026-10-04 01:40:30+02:00,2026-10-04,1,Sunday,True,49.199349999999995
20261003_225045,2026-10-03 22:50:48.039000+00:00,Lausanne,rail,ch:1:sloid:1120,Lausanne,ch:1:sloid:1120:0:638488,2026-10-03,ch:1:sjyid:100001:18446-001,rail,RegioExpress,RE33,RE33,18446,Lausanne,Genève,8,,2026-10-03 23:50:00+00:00,2026-10-03 23:51:00+00:00,,True,1.0,2026-10-04 00:50:48.039000+02:00,2026-10-04 01:50:00+02:00,2026-10-04 01:51:00+02:00,2026-10-04,1,Sunday,True,59.199349999999995
20261003_225045,2026-10-03 22:50:48.039000+00:00,Lausanne,rail,ch:1:sloid:1120,Lausanne,ch:1:sloid:1120:0:37997,2026-10-03,ch:1:sjyid:100001:18443-001,rail,RegioExpress,RE33,RE33,18443,Genève-Aéroport,Vevey,6,,2026-10-04 00:01:00+00:00,2026-10-04 00:01:12+00:00,,True,0.2,2026-10-04 00:50:48.039000+02:00,2026-10-04 02:01:00+02:00,2026-10-04 02:01:12+02:00,2026-10-04,2,Sunday,True,70.19935000000001
20261003_225045,2026-10-03 22:50:48.039000+00:00,Lausanne,rail,ch:1:sloid:1120,Lausanne,ch:1:sloid:1120:0:668579,2026-10-04,ch:1:sjyid:100001:2503-001,rail,InterRegio,IR15,IR15,2503,Lausanne,Romont FR,1,,2026-10-04 00:04:00+00:00,2026-10-04 00:04:30+00:00,,True,0.5,2026-10-04 00:50:48.039000+02:00,2026-10-04 02:04:00+02:00,2026-10-04 02:04:30+02:00,2026-10-04,2,Sunday,True,73.19935000000001
20261003_225045,2026-10-03 22:50:48.039000+00:00,Lausanne,rail,ch:1:sloid:1120,Lausanne,ch:1:sloid:1120:0:860143,2026-10-04,ch:1:sjyid:100001:13840-001,rail,Nacht-S-Bahn,SN,SN,13840,Lausanne,Grandson,4,,2026-10-04 00:08:00+00:00,2026-10-04 00:08:12+00:00,,True,0.2,2026-10-04 00:50:48.039000+02:00,2026-10-04 02:08:00+02:00,2026-10-04 02:08:12+02:00,2026-10-04,2,Sunday,True,77.19935000000001
20261003_225045,2026-10-03 22:50:48.039000+00:00,Lausanne,rail,ch:1:sloid:1120,Lausanne,ch:1:sloid:1120:0:638488,2026-10-04,ch:1:sjyid:100001:31242-006,rail,Nacht-S-Bahn,SN,SN,31242,Martigny,Vallorbe,8,,2026-10-04 00:26:30+00:00,2026-10-04 00:27:06+00:00,,True,0.6,2026-10-04 00:50:48.039000+02:00,2026-10-04 02:26:30+02:00,2026-10-04 02:27:06+02:00,2026-10-04,2,Sunday,True,95.69935000000001
20261003_225045,2026-10-03 22:50:48.039000+00:00,Lausanne,rail,ch:1:sloid:1120,Lausanne,ch:1:sloid:1120:0:638488,2026-10-04,ch:1:sjyid:100001:31242-006,rail,Nacht-S-Bahn,SN,SN,31242,Martigny,Vallorbe,8,,2026-10-04 00:27:00+00:00,2026-10-04 00:27:30+00:00,,True,0.5,2026-10-04 00:50:48.039000+02:00,2026-10-04 02:27:00+02:00,2026-10-04 02:27:30+02:00,2026-10-04,2,Sunday,True,96.19935000000001
20261003_225045,2026-10-03 22:50:48.039000+00:00,Lausanne,rail,ch:1:sloid:1120,Lausanne,ch:1:sloid:1120:0:860143,2026-10-04,ch:1:sjyid:100001:13844-001,rail,Nacht-S-Bahn,SN,SN,13844,Lausanne,Allaman,4,,2026-10-04 00:34:00+00:00,2026-10-04 00:34:12+00:00,,True,0.2,2026-10-04 00:50:48.039000+02:00,2026-10-04 02:34:00+02:00,2026-10-04 02:34:12+02:00,2026-10-04,2,Sunday,True,103.19935000000001
20261003_225045,2026-10-03 22:50:48.039000+00:00,Lausanne,rail,ch:1:sloid:1120,Lausanne,ch:1:sloid:1120:0:276884,2026-10-04,ch:1:sjyid:100001:13845-001,rail,Nacht-S-Bahn,SN,SN,13845,Vallorbe,St-Maurice,3,,2026-10-04 00:39:00+00:00,2026-10-04 00:39:24+00:00,,True,0.4,2026-10-04 00:50:48.039000+02:00,2026-10-04 02:39:00+02:00,2026-10-04 02:39:24+02:00,2026-10-04,2,Sunday,True,108.19935000000001
20261003_225045,2026-10-03 22:50:48.039000+00:00,Lausanne,rail,ch:1:sloid:1120,Lausanne,ch:1:sloid:1120:0:20298,2026-10-04,ch:1:sjyid:100001:13847-001,rail,Nacht-S-Bahn,SN,SN,13847,Lausanne,Romont FR,70,,2026-10-04 00:46:00+00:00,2026-10-04 00:46:12+00:00,,True,0.2,2026-10-04 00:50:48.039000+02:00,2026-10-04 02:46:00+02:00,2026-10-04 02:46:12+02:00,2026-10-04,2,Sunday,True,115.19935000000001
20261003_225045,2026-10-03 22:50:48.039000+00:00,Lausanne,rail,ch:1:sloid:1120,Lausanne,ch:1:sloid:1120:0:638488,2026-10-03,ch:1:sjyid:100001:18400-001,rail,RegioExpress,RE33,RE33,18400,Vevey,Genève,8,,2026-10-04 00:50:00+00:00,2026-10-04 00:51:00+00:00,,True,1.0,2026-10-04 00:50:48.039000+02:00,2026-10-04 02:50:00+02:00,2026-10-04 02:51:00+02:00,2026-10-04,2,Sunday,True,119.19935000000001
20261003_225045,2026-10-03 22:50:48.039000+00:00,Lausanne,rail,ch:1:sloid:1120,Lausanne,ch:1:sloid:1120:0:860143,2026-10-03,ch:1:sjyid:100001:18445-001,rail,RegioExpress,RE33,RE33,18445,Genève,Vevey,4,,2026-10-04 01:01:00+00:00,2026-10-04 01:01:12+00:00,,True,0.2,2026-10-04 00:50:48.039000+02:00,2026-10-04 03:01:00+02:00,2026-10-04 03:01:12+02:00,2026-10-04,3,Sunday,True,130.19935
20261003_225045,2026-10-03 22:50:48.039000+00:00,Lausanne,rail,ch:1:sloid:1120,Lausanne,ch:1:sloid:1120:0:638488,2026-10-04,ch:1:sjyid:100001:18402-001,rail,RegioExpress,RE33,RE33,18402,Vevey,Genève-Aéroport,8,,2026-10-04 01:50:00+00:00,,,False,,2026-10-04 00:50:48.039000+02:00,2026-10-04 03:50:00+02:00,,2026-10-04,3,Sunday,True,179.19934999999998
20261003_225045,2026-10-03 22:50:48.039000+00:00,Lausanne,rail,ch:1:sloid:1120,Lausanne,ch:1:sloid:1120:0:840061,2026-10-04,ch:1:sjyid:100001:24200-001,rail,Regio,R2,R2,24200,Lausanne,Grandson,7,,2026-10-04 02:38:00+00:00,,,False,,2026-10-04 00:50:48.039000+02:00,2026-10-04 04:38:00+02:00,,2026-10-04,4,Sunday,True,227.19934999999998
20261003_225045,2026-10-03 22:50:48.039000+00:00,Lausanne,rail,ch:1:sloid:1120,Lausanne,ch:1:sloid:1120:0:638488,2026-10-04,ch:1:sjyid:100001:18404-001,rail,RegioExpress,RE33,RE33,18404,Lausanne,Genève-Aéroport,8,,2026-10-04 02:48:00+00:00,,,False,,2026-10-04 00:50:48.039000+02:00,2026-10-04 04:48:00+02:00,,2026-10-04,4,Sunday,True,237.19934999999998
20261003_225045,2026-10-03 22:50:48.039000+00:00,Lausanne,rail,ch:1:sloid:1120,Lausanne,ch:1:sloid:1120:0:276884,2026-10-04,ch:1:sjyid:100001:24509-001,rail,S-Bahn,S41,S41,24509,Lausanne,Romont FR,3,,2026-10-04 02:49:00+00:00,,,False,,2026-10-04 00:50:48.039000+02:00,2026-10-04 04:49:00+02:00,,2026-10-04,4,Sunday,True,238.19934999999998
20261003_225045,2026-10-03 22:50:48.039000+00:00,Lausanne,rail,ch:1:sloid:1120,Lausanne,ch:1:sloid:1120_gen:ch:1:sloid:1120:0:42631_pf:5A-D,2026-10-04,ch:1:sjyid:100001:24109-001,rail,Regio,R1,R1,24109,Lausanne,Bex,5A-D,,2026-10-04 02:55:00+00:00,,,False,,2026-10-04 00:50:48.039000+02:00,2026-10-04 04:55:00+02:00,,2026-10-04,4,Sunday,True,244.19934999999998
20261003_225045,2026-10-03 22:50:48.039000+00:00,Lausanne,rail,ch:1:sloid:1120,Lausanne,ch:1:sloid:1120:0:668579,2026-10-04,ch:1:sjyid:100001:24902-001,rail,Regio,R9,R9,24902,Lausanne,Allaman,1,,2026-10-04 02:57:00+00:00,,,False,,2026-10-04 00:50:48.039000+02:00,2026-10-04 04:57:00+02:00,,2026-10-04,4,Sunday,True,246.19934999999998
20261003_225045,2026-10-03 22:50:48.039000+00:00,Lausanne,rail,ch:1:sloid:1120,Lausanne,ch:1:sloid:1120:0:20298,2026-10-04,ch:1:sjyid:100001:24909-001,rail,Regio,R9,R9,24909,Lausanne,Murten/Morat,70,,2026-10-04 02:57:00+00:00,,,False,,2026-10-04 00:50:48.039000+02:00,2026-10-04 04:57:00+02:00,,2026-10-04,4,Sunday,True,246.19934999999998
20261003_225045,2026-10-03 22:50:48.039000+00:00,Lausanne,rail,ch:1:sloid:1120,Lausanne,ch:1:sloid:1120:0:840061,2026-10-04,ch:1:sjyid:100001:24302-001,rail,Regio,R3,R3,24302,Lausanne,Vallorbe,7,,2026-10-04 02:57:00+00:00,,,False,,2026-10-04 00:50:48.039000+02:00,2026-10-04 04:57:00+02:00,,2026-10-04,4,Sunday,True,246.19934999999998
20261003_225045,2026-10-03 22:50:48.039000+00:00,Lausanne,rail,ch:1:sloid:1120,Lausanne,ch:1:sloid:1120:0:276884,2026-10-04,ch:1:sjyid:100001:1705-002,rail,InterRegio,IR95,IR95,1705,Lausanne,Brig,3,,2026-10-04 03:04:00+00:00,,,False,,2026-10-04 00:50:48.039000+02:00,2026-10-04 05:04:00+02:00,,2026-10-04,5,Sunday,True,253.19934999999998
20261003_225045,2026-10-03 22:50:48.039000+00:00,Lausanne,rail,ch:1:sloid:1120,Lausanne,ch:1:sloid:1120_gen:ch:1:sloid:1120:0:37997_pf:6E-H,2026-10-04,ch:1:sjyid:100001:24102-001,rail,Regio,R1,R1,24102,Lausanne,Grandson,6E-H,,2026-10-04 03:08:00+00:00,,,False,,2026-10-04 00:50:48.039000+02:00,2026-10-04 05:08:00+02:00,,2026-10-04,5,Sunday,True,257.19935
20261003_225045,2026-10-03 22:50:48.039000+00:00,Lausanne,rail,ch:1:sloid:1120,Lausanne,ch:1:sloid:1120:0:20298,2026-10-04,ch:1:sjyid:100001:24611-001,rail,S-Bahn,S40,S40,24611,Lausanne,Romont FR,70,,2026-10-04 03:21:00+00:00,,,False,,2026-10-04 00:50:48.039000+02:00,2026-10-04 05:21:00+02:00,,2026-10-04,5,Sunday,True,270.19935
20261003_225045,2026-10-03 22:50:48.492000+00:00,Genève,rail,ch:1:sloid:1008,Genève,ch:1:sloid:1008:3:4,2026-10-03,ch:1:sjyid:100001:18443-001,rail,RegioExpress,RE33,RE33,18443,Genève-Aéroport,Vevey,4,,2026-10-03 23:08:00+00:00,2026-10-03 23:08:12+00:00,,True,0.2,2026-10-04 00:50:48.492000+02:00,2026-10-04 01:08:00+02:00,2026-10-04 01:08:12+02:00,2026-10-04,1,Sunday,True,17.1918
20261003_225045,2026-10-03 22:50:48.492000+00:00,Genève,rail,ch:1:sloid:1008,Genève,ch:1:sloid:1008:2:2,2026-10-03,ch:1:sjyid:100001:31193-005,rail,Regio,RL4,RL4,31193,Genève,Coppet,2,,2026-10-03 23:14:48+00:00,2026-10-03 23:14:48+00:00,,True,0.0,2026-10-04 00:50:48.492000+02:00,2026-10-04 01:14:48+02:00,2026-10-04 01:14:48+02:00,2026-10-04,1,Sunday,True,23.9918
20261003_225045,2026-10-03 22:50:48.492000+00:00,Genève,rail,ch:1:sloid:1008,Genève,ch:1:sloid:1008:2:2,2026-10-03,ch:1:sjyid:100001:31193-005,rail,Regio,RL4,RL4,31193,Genève,Coppet,2,,2026-10-03 23:15:00+00:00,2026-10-03 23:15:12+00:00,,True,0.2,2026-10-04 00:50:48.492000+02:00,2026-10-04 01:15:00+02:00,2026-10-04 01:15:12+02:00,2026-10-04,1,Sunday,True,24.1918
20261003_225045,2026-10-03 22:50:48.492000+00:00,Genève,rail,ch:1:sloid:1008,Genève,ch:1:sloid:1008:2:3,2026-10-03,ch:1:sjyid:100001:18445-001,rail,RegioExpress,RE33,RE33,18445,Genève,Vevey,3,,2026-10-04 00:08:00+00:00,2026-10-04 00:08:12+00:00,,True,0.2,2026-10-04 00:50:48.492000+02:00,2026-10-04 02:08:00+02:00,2026-10-04 02:08:12+02:00,2026-10-04,2,Sunday,True,77.1918
20261003_225045,2026-10-03 22:50:48.492000+00:00,Genève,rail,ch:1:sloid:1008,Genève,ch:1:sloid:1008:2:2,2026-10-04,ch:1:sjyid:100001:31201-009,rail,Regio,RL4,RL4,31201,Genève,Coppet,2,,2026-10-04 00:14:48+00:00,2026-10-04 00:14:48+00:00,,True,0.0,2026-10-04 00:50:48.492000+02:00,2026-10-04 02:14:48+02:00,2026-10-04 02:14:48+02:00,2026-10-04,2,Sunday,True,83.9918
20261003_225045,2026-10-03 22:50:48.492000+00:00,Genève,rail,ch:1:sloid:1008,Genève,ch:1:sloid:1008:2:2,2026-10-04,ch:1:sjyid:100001:31201-009,rail,Regio,RL4,RL4,31201,Genève,Coppet,2,,2026-10-04 00:15:00+00:00,2026-10-04 00:15:12+00:00,,True,0.2,2026-10-04 00:50:48.492000+02:00,2026-10-04 02:15:00+02:00,2026-10-04 02:15:12+02:00,2026-10-04,2,Sunday,True,84.1918
20261003_225045,2026-10-03 22:50:48.492000+00:00,Genève,rail,ch:1:sloid:1008,Genève,ch:1:sloid:1008:2:2,2026-10-04,ch:1:sjyid:100001:31205-006,rail,Regio,RL4,RL4,31205,Genève,Coppet,2,,2026-10-04 01:15:00+00:00,,,False,,2026-10-04 00:50:48.492000+02:00,2026-10-04 03:15:00+02:00,,2026-10-04,3,Sunday,True,144.1918
20261003_225045,2026-10-03 22:50:48.492000+00:00,Genève,rail,ch:1:sloid:1008,Genève,ch:1:sloid:1008:3:4,2026-10-04,ch:1:sjyid:100001:18401-001,rail,RegioExpress,RE33,RE33,18401,Genève,Lausanne,4,,2026-10-04 02:08:00+00:00,,,False,,2026-10-04 00:50:48.492000+02:00,2026-10-04 04:08:00+02:00,,2026-10-04,4,Sunday,True,197.1918
20261003_225045,2026-10-03 22:50:48.492000+00:00,Genève,rail,ch:1:sloid:1008,Genève,ch:1:sloid:1008:2:2,2026-10-04,ch:1:sjyid:100001:31209-005,rail,Regio,RL4,RL4,31209,Genève,Coppet,2,,2026-10-04 02:15:00+00:00,,,False,,2026-10-04 00:50:48.492000+02:00,2026-10-04 04:15:00+02:00,,2026-10-04,4,Sunday,True,204.1918
20261003_225045,2026-10-03 22:50:48.492000+00:00,Genève,rail,ch:1:sloid:1008,Genève,ch:1:sloid:1008:2:3,2026-10-04,ch:1:sjyid:100001:18402-001,rail,RegioExpress,RE33,RE33,18402,Vevey,Genève-Aéroport,3,,2026-10-04 02:46:00+00:00,,,False,,2026-10-04 00:50:48.492000+02:00,2026-10-04 04:46:00+02:00,,2026-10-04,4,Sunday,True,235.1918
20261003_225045,2026-10-03 22:50:48.492000+00:00,Genève,rail,ch:1:sloid:1008,Genève,ch:1:sloid:1008:3:4,2026-10-04,ch:1:sjyid:100001:1805-001,rail,InterRegio,IR90,IR90,1805,Genève,Brig,4,,2026-10-04 02:46:00+00:00,,,False,,2026-10-04 00:50:48.492000+02:00,2026-10-04 04:46:00+02:00,,2026-10-04,4,Sunday,True,235.1918
20261003_225045,2026-10-03 22:50:48.492000+00:00,Genève,rail,ch:1:sloid:1008,Genève,ch:1:sloid:1008_gen:ch:1:sloid:1008:2:2_pf:2E-H,2026-10-04,ch:1:sjyid:100001:23212-001,rail,Regio,RL4,RL4,23212,Genève,Annemasse,2E-H,,2026-10-04 02:48:00+00:00,,,False,,2026-10-04 00:50:48.492000+02:00,2026-10-04 04:48:00+02:00,,2026-10-04,4,Sunday,True,237.1918
20261003_225045,2026-10-03 22:50:48.492000+00:00,Genève,rail,ch:1:sloid:1008,Genève,ch:1:sloid:1008:3:6,2026-10-04,ch:1:sjyid:100001:23012-002,rail,Regio,RL5,RL5,23012,Genève,La Plaine,5,,2026-10-04 03:00:00+00:00,,,False,,2026-10-04 00:50:48.492000+02:00,2026-10-04 05:00:00+02:00,,2026-10-04,5,Sunday,True,249.1918
20261003_225045,2026-10-03 22:50:48.492000+00:00,Genève,rail,ch:1:sloid:1008,Genève,ch:1:sloid:1008:1:1,2026-10-04,ch:1:sjyid:100001:23113-001,rail,Regio,RL4,RL4,23113,Annemasse,Coppet,1,,2026-10-04 03:00:00+00:00,,,False,,2026-10-04 00:50:48.492000+02:00,2026-10-04 05:00:00+02:00,,2026-10-04,5,Sunday,True,249.1918
20261003_225045,2026-10-03 22:50:48.492000+00:00,Genève,rail,ch:1:sloid:1008,Genève,ch:1:sloid:1008:3:4,2026-10-04,ch:1:sjyid:100001:18403-002,rail,RegioExpress,RE33,RE33,18403,Genève,St-Maurice,4,,2026-10-04 03:06:00+00:00,,,False,,2026-10-04 00:50:48.492000+02:00,2026-10-04 05:06:00+02:00,,2026-10-04,5,Sunday,True,255.1918
20261003_225045,2026-10-03 22:50:48.492000+00:00,Genève,rail,ch:1:sloid:1008,Genève,ch:1:sloid:1008:1:1,2026-10-04,ch:1:sjyid:100001:1900-001,rail,InterRegio,IR,IR,1900,Genève,Genève-Aéroport,1,,2026-10-04 03:16:00+00:00,,,False,,2026-10-04 00:50:48.492000+02:00,2026-10-04 05:16:00+02:00,,2026-10-04,5,Sunday,True,265.1918
20261003_225045,2026-10-03 22:50:48.492000+00:00,Genève,rail,ch:1:sloid:1008,Genève,ch:1:sloid:1008:3:6,2026-10-04,ch:1:sjyid:100001:23014-003,rail,Regio,RL5,RL5,23014,Genève,La Plaine,5,,2026-10-04 03:18:00+00:00,,,False,,2026-10-04 00:50:48.492000+02:00,2026-10-04 05:18:00+02:00,,2026-10-04,5,Sunday,True,267.1918
20261003_225045,2026-10-03 22:50:48.492000+00:00,Genève,rail,ch:1:sloid:1008,Genève,ch:1:sloid:1008:3:4,2026-10-04,ch:1:sjyid:100001:1707-002,rail,InterRegio,IR95,IR95,1707,Genève-Aéroport,Brig,4,,2026-10-04 03:23:00+00:00,,,False,,2026-10-04 00:50:48.492000+02:00,2026-10-04 05:23:00+02:00,,2026-10-04,5,Sunday,True,272.1918
20261003_225045,2026-10-03 22:50:48.492000+00:00,Genève,rail,ch:1:sloid:1008,Genève,ch:1:sloid:1008:2:2,2026-10-04,ch:1:sjyid:100001:18448-001,rail,RegioExpress,RE33,RE33,18448,Genève,Annemasse,2,,2026-10-04 03:23:00+00:00,,,False,,2026-10-04 00:50:48.492000+02:00,2026-10-04 05:23:00+02:00,,2026-10-04,5,Sunday,True,272.1918
20261003_225045,2026-10-03 22:50:48.492000+00:00,Genève,rail,ch:1:sloid:1008,Genève,ch:1:sloid:1008:3:6,2026-10-04,ch:1:sjyid:100001:31041-024,rail,EuroCity,EC,EC,31041,Genève,Domodossola (I),5,,2026-10-04 03:27:00+00:00,,,False,,2026-10-04 00:50:48.492000+02:00,2026-10-04 05:27:00+02:00,,2026-10-04,5,Sunday,True,276.1918
20261003_225045,2026-10-03 22:50:48.492000+00:00,Genève,rail,ch:1:sloid:1008,Genève,ch:1:sloid:1008:1:1,2026-10-04,ch:1:sjyid:100001:23115-001,rail,Regio,RL4,RL4,23115,Annemasse,Coppet,1,,2026-10-04 03:30:00+00:00,,,False,,2026-10-04 00:50:48.492000+02:00,2026-10-04 05:30:00+02:00,,2026-10-04,5,Sunday,True,279.1918
20261003_225045,2026-10-03 22:50:48.492000+00:00,Genève,rail,ch:1:sloid:1008,Genève,ch:1:sloid:1008:2:2,2026-10-04,ch:1:sjyid:100001:23116-001,rail,Regio,RL4,RL4,23116,Coppet,Annemasse,2,,2026-10-04 03:31:00+00:00,,,False,,2026-10-04 00:50:48.492000+02:00,2026-10-04 05:31:00+02:00,,2026-10-04,5,Sunday,True,280.1918
20261003_225045,2026-10-03 22:50:48.492000+00:00,Genève,rail,ch:1:sloid:1008,Genève,ch:1:sloid:1008:3:4,2026-10-04,ch:1:sjyid:100001:901-001,rail,InterCity,IC,IC,901,Genève-Aéroport,Zürich HB,4,,2026-10-04 03:35:00+00:00,,,False,,2026-10-04 00:50:48.492000+02:00,2026-10-04 05:35:00+02:00,,2026-10-04,5,Sunday,True,284.1918
20261003_225045,2026-10-03 22:50:48.492000+00:00,Genève,rail,ch:1:sloid:1008,Genève,ch:1:sloid:1008:3:6,2026-10-04,ch:1:sjyid:100001:18457-002,rail,RegioExpress,RE33,RE33,18457,Genève-Aéroport,Martigny,5,,2026-10-04 03:39:00+00:00,,,False,,2026-10-04 00:50:48.492000+02:00,2026-10-04 05:39:00+02:00,,2026-10-04,5,Sunday,True,288.1918
20261003_225045,2026-10-03 22:50:48.492000+00:00,Genève,rail,ch:1:sloid:1008,Genève,ch:1:sloid:1008:3:4,2026-10-04,ch:1:sjyid:100001:18404-001,rail,RegioExpress,RE33,RE33,18404,Lausanne,Genève-Aéroport,4,,2026-10-04 03:44:00+00:00,,,False,,2026-10-04 00:50:48.492000+02:00,2026-10-04 05:44:00+02:00,,2026-10-04,5,Sunday,True,293.1918
20261003_225045,2026-10-03 22:50:48.492000+00:00,Genève,rail,ch:1:sloid:1008,Genève,ch:1:sloid:1008:1:1,2026-10-04,ch:1:sjyid:100001:23215-001,rail,Regio,RL4,RL4,23215,Annemasse,Coppet,1,,2026-10-04 03:45:00+00:00,,,False,,2026-10-04 00:50:48.492000+02:00,2026-10-04 05:45:00+02:00,,2026-10-04,5,Sunday,True,294.1918
20261003_225045,2026-10-03 22:50:48.492000+00:00,Genève,rail,ch:1:sloid:1008,Genève,ch:1:sloid:1008:2:2,2026-10-04,ch:1:sjyid:100001:23410-001,rail,Regio,RL2,RL2,23410,Coppet,Annecy,2,,2026-10-04 03:46:00+00:00,,,False,,2026-10-04 00:50:48.492000+02:00,2026-10-04 05:46:00+02:00,,2026-10-04,5,Sunday,True,295.1918
20261003_225045,2026-10-03 22:50:48.492000+00:00,Genève,rail,ch:1:sloid:1008,Genève,ch:1:sloid:1008:3:5,2026-10-04,ch:1:sjyid:100001:23016-003,rail,Regio,RL5,RL5,23016,Genève,La Plaine,10,,2026-10-04 03:53:00+00:00,,,False,,2026-10-04 00:50:48.492000+02:00,2026-10-04 05:53:00+02:00,,2026-10-04,5,Sunday,True,302.1918
20261003_225045,2026-10-03 22:50:48.492000+00:00,Genève,rail,ch:1:sloid:1008,Genève,ch:1:sloid:1008:3:4,2026-10-04,ch:1:sjyid:100001:2509-001,rail,InterRegio,IR15,IR15,2509,Genève-Aéroport,Luzern,4,,2026-10-04 03:54:00+00:00,,,False,,2026-10-04 00:50:48.492000+02:00,2026-10-04 05:54:00+02:00,,2026-10-04,5,Sunday,True,303.1918
20261003_225045,2026-10-03 22:50:48.492000+00:00,Genève,rail,ch:1:sloid:1008,Genève,ch:1:sloid:1008:1:1,2026-10-04,ch:1:sjyid:100001:23117-001,rail,Regio,RL4,RL4,23117,Annemasse,Coppet,1,,2026-10-04 04:00:00+00:00,,,False,,2026-10-04 00:50:48.492000+02:00,2026-10-04 06:00:00+02:00,,2026-10-04,6,Sunday,True,309.1918
20261003_225045,2026-10-03 22:50:48.988000+00:00,Lugano,rail,ch:1:sloid:5300,Lugano,ch:1:sloid:5300:2:3,2026-10-04,ch:1:sjyid:100001:25792-001,rail,S-Bahn,S10,S10,25792,Mendrisio,Bellinzona,3,,2026-10-03 22:55:00+00:00,2026-10-03 22:55:24+00:00,,True,0.4,2026-10-04 00:50:48.988000+02:00,2026-10-04 00:55:00+02:00,2026-10-04 00:55:24+02:00,2026-10-04,0,Sunday,True,4.183533333333333
20261003_225045,2026-10-03 22:50:48.988000+00:00,Lugano,rail,ch:1:sloid:5300,Lugano,ch:1:sloid:5300:2:2,2026-10-03,ch:1:sjyid:100001:25545-001,rail,RegioExpress,RE80,RE80,25545,Locarno,Chiasso,2,,2026-10-03 22:55:00+00:00,2026-10-03 22:55:18+00:00,,True,0.3,2026-10-04 00:50:48.988000+02:00,2026-10-04 00:55:00+02:00,2026-10-04 00:55:18+02:00,2026-10-04,0,Sunday,True,4.183533333333333
20261003_225045,2026-10-03 22:50:48.988000+00:00,Lugano,rail,ch:1:sloid:5300,Lugano,ch:1:sloid:5300:1:1,2026-10-03,ch:1:sjyid:100001:25542-001,rail,RegioExpress,RE80,RE80,25542,Lugano,Locarno,1,,2026-10-03 23:05:00+00:00,2026-10-03 23:05:30+00:00,,True,0.5,2026-10-04 00:50:48.988000+02:00,2026-10-04 01:05:00+02:00,2026-10-04 01:05:30+02:00,2026-10-04,1,Sunday,True,14.183533333333333
20261003_225045,2026-10-03 22:50:48.988000+00:00,Lugano,rail,ch:1:sloid:5300,Lugano,ch:1:sloid:5300:2:2,2026-10-03,ch:1:sjyid:100001:25149-002,rail,S-Bahn,S10,S10,25149,Biasca,Chiasso,2,,2026-10-03 23:38:00+00:00,2026-10-03 23:38:54+00:00,,True,0.9,2026-10-04 00:50:48.988000+02:00,2026-10-04 01:38:00+02:00,2026-10-04 01:38:54+02:00,2026-10-04,1,Sunday,True,47.18353333333334
20261003_225045,2026-10-03 22:50:48.988000+00:00,Lugano,rail,ch:1:sloid:5300,Lugano,ch:1:sloid:5300:2:3,2026-10-04,ch:1:sjyid:100001:25100-001,rail,S-Bahn,S10,S10,25100,Chiasso,Bellinzona,3,,2026-10-04 00:56:00+00:00,2026-10-04 00:56:36+00:00,,True,0.6,2026-10-04 00:50:48.988000+02:00,2026-10-04 02:56:00+02:00,2026-10-04 02:56:36+02:00,2026-10-04,2,Sunday,True,125.18353333333333
20261003_225045,2026-10-03 22:50:48.988000+00:00,Lugano,rail,ch:1:sloid:5300,Lugano,ch:1:sloid:5300:2:2,2026-10-04,ch:1:sjyid:100001:25101-001,rail,S-Bahn,S10,S10,25101,Bellinzona,Chiasso,2,,2026-10-04 02:06:00+00:00,,,False,,2026-10-04 00:50:48.988000+02:00,2026-10-04 04:06:00+02:00,,2026-10-04,4,Sunday,True,195.18353333333334
20261003_225045,2026-10-03 22:50:48.988000+00:00,Lugano,rail,ch:1:sloid:5300,Lugano,ch:1:sloid:5300:2:3,2026-10-04,ch:1:sjyid:100001:25104-003,rail,S-Bahn,S10,S10,25104,Chiasso,Biasca,3,,2026-10-04 02:32:00+00:00,,,False,,2026-10-04 00:50:48.988000+02:00,2026-10-04 04:32:00+02:00,,2026-10-04,4,Sunday,True,221.18353333333334
20261003_225045,2026-10-03 22:50:48.988000+00:00,Lugano,rail,ch:1:sloid:5300,Lugano,ch:1:sloid:5300:2:2,2026-10-04,ch:1:sjyid:100001:25755-001,rail,S-Bahn,S10,S10,25755,Bellinzona,Como Camerlata | Malpensa Aeroporto T2,2,,2026-10-04 03:06:00+00:00,,,False,,2026-10-04 00:50:48.988000+02:00,2026-10-04 05:06:00+02:00,,2026-10-04,5,Sunday,True,255.18353333333334
20261003_225045,2026-10-03 22:50:48.988000+00:00,Lugano,rail,ch:1:sloid:5300,Lugano,ch:1:sloid:5300:2:3,2026-10-04,ch:1:sjyid:100001:25106-001,rail,S-Bahn,S10,S10,25106,Chiasso,Biasca,3,,2026-10-04 03:22:00+00:00,,,False,,2026-10-04 00:50:48.988000+02:00,2026-10-04 05:22:00+02:00,,2026-10-04,5,Sunday,True,271.18353333333334
20261003_225045,2026-10-03 22:50:48.988000+00:00,Lugano,rail,ch:1:sloid:5300,Lugano,ch:1:sloid:5300:2:2,2026-10-04,ch:1:sjyid:100001:25107-001,rail,S-Bahn,S10,S10,25107,Castione-Arbedo,Como Camerlata,2,,2026-10-04 03:36:00+00:00,,,False,,2026-10-04 00:50:48.988000+02:00,2026-10-04 05:36:00+02:00,,2026-10-04,5,Sunday,True,285.1835333333333
20261003_225045,2026-10-03 22:50:48.988000+00:00,Lugano,rail,ch:1:sloid:5300,Lugano,ch:1:sloid:5300:2:3,2026-10-04,ch:1:sjyid:100001:664-001,rail,InterCity,IC21,IC21,664,Chiasso,Basel SBB,3,,2026-10-04 04:00:00+00:00,,,False,,2026-10-04 00:50:48.988000+02:00,2026-10-04 06:00:00+02:00,,2026-10-04,6,Sunday,True,309.1835333333333
20261003_225045,2026-10-03 22:50:48.988000+00:00,Lugano,rail,ch:1:sloid:5300,Lugano,ch:1:sloid:5300:1:1,2026-10-04,ch:1:sjyid:100001:25507-001,rail,RegioExpress,RE80,RE80,25507,Lugano,Milano Centrale,1,,2026-10-04 04:02:00+00:00,,,False,,2026-10-04 00:50:48.988000+02:00,2026-10-04 06:02:00+02:00,,2026-10-04,6,Sunday,True,311.1835333333333
20261003_225045,2026-10-03 22:50:48.988000+00:00,Lugano,rail,ch:1:sloid:5300,Lugano,ch:1:sloid:5300:3:4,2026-10-04,ch:1:sjyid:100001:25754-001,rail,S-Bahn,S10,S10,25754,Mendrisio,Biasca,4,,2026-10-04 04:03:00+00:00,,,False,,2026-10-04 00:50:48.988000+02:00,2026-10-04 06:03:00+02:00,,2026-10-04,6,Sunday,True,312.1835333333333
20261003_225045,2026-10-03 22:50:48.988000+00:00,Lugano,rail,ch:1:sloid:5300,Lugano,ch:1:sloid:5300:2:3,2026-10-04,ch:1:sjyid:100001:25500-001,rail,RegioExpress,RE80,RE80,25500,Chiasso,Locarno,3,,2026-10-04 04:05:00+00:00,,,False,,2026-10-04 00:50:48.988000+02:00,2026-10-04 06:05:00+02:00,,2026-10-04,6,Sunday,True,314.1835333333333
20261003_225045,2026-10-03 22:50:48.988000+00:00,Lugano,rail,ch:1:sloid:5300,Lugano,ch:1:sloid:5300:1:1,2026-10-04,ch:1:sjyid:100001:25757-001,rail,S-Bahn,S10,S10,25757,Biasca,Como S. Giovanni | Malpensa Aeroporto T2,1,,2026-10-04 04:06:00+00:00,,,False,,2026-10-04 00:50:48.988000+02:00,2026-10-04 06:06:00+02:00,,2026-10-04,6,Sunday,True,315.1835333333333
20261003_225045,2026-10-03 22:50:48.988000+00:00,Lugano,rail,ch:1:sloid:5300,Lugano,ch:1:sloid:5300:3:4,2026-10-04,ch:1:sjyid:100001:25908-001,rail,S-Bahn,S90,S90,25908,Lugano,Bellinzona,4,,2026-10-04 04:08:00+00:00,,,False,,2026-10-04 00:50:48.988000+02:00,2026-10-04 06:08:00+02:00,,2026-10-04,6,Sunday,True,317.1835333333333
20261003_225045,2026-10-03 22:50:48.988000+00:00,Lugano,rail,ch:1:sloid:5300,Lugano,ch:1:sloid:5300:2:3,2026-10-04,ch:1:sjyid:100001:25108-001,rail,S-Bahn,S10,S10,25108,Chiasso,Biasca,3,,2026-10-04 04:25:00+00:00,,,False,,2026-10-04 00:50:48.988000+02:00,2026-10-04 06:25:00+02:00,,2026-10-04,6,Sunday,True,334.1835333333333
20261003_225045,2026-10-03 22:50:48.988000+00:00,Lugano,rail,ch:1:sloid:5300,Lugano,ch:1:sloid:5300:3:4,2026-10-04,ch:1:sjyid:100001:25804-001,rail,RegioExpress,RE80,RE80,25804,Lugano,Locarno,4,,2026-10-04 04:35:00+00:00,,,False,,2026-10-04 00:50:48.988000+02:00,2026-10-04 06:35:00+02:00,,2026-10-04,6,Sunday,True,344.1835333333333
20261003_225045,2026-10-03 22:50:48.988000+00:00,Lugano,rail,ch:1:sloid:5300,Lugano,ch:1:sloid:5300:2:2,2026-10-04,ch:1:sjyid:100001:25109-001,rail,S-Bahn,S10,S10,25109,Biasca,Como Camerlata,2,,2026-10-04 04:36:00+00:00,,,False,,2026-10-04 00:50:48.988000+02:00,2026-10-04 06:36:00+02:00,,2026-10-04,6,Sunday,True,345.1835333333333
20261003_225045,2026-10-03 22:50:48.988000+00:00,Lugano,rail,ch:1:sloid:5300,Lugano,ch:1:sloid:5300:1:1,2026-10-04,ch:1:sjyid:100001:25956-001,rail,S-Bahn,S90,S90,25956,Lugano,Giubiasco,1,,2026-10-04 04:38:00+00:00,,,False,,2026-10-04 00:50:48.988000+02:00,2026-10-04 06:38:00+02:00,,2026-10-04,6,Sunday,True,347.1835333333333
20261003_225045,2026-10-03 22:50:48.988000+00:00,Lugano,rail,ch:1:sloid:5300,Lugano,ch:1:sloid:5300:1:1,2026-10-04,ch:1:sjyid:100001:25907-001,rail,S-Bahn,S90,S90,25907,Bellinzona,Mendrisio,1,,2026-10-04 04:52:00+00:00,,,False,,2026-10-04 00:50:48.988000+02:00,2026-10-04 06:52:00+02:00,,2026-10-04,6,Sunday,True,361.1835333333333
20261003_225045,2026-10-03 22:50:48.988000+00:00,Lugano,rail,ch:1:sloid:5300,Lugano,ch:1:sloid:5300:2:3,2026-10-04,ch:1:sjyid:100001:25756-001,rail,S-Bahn,S10,S10,25756,Mendrisio,Biasca,3,,2026-10-04 04:55:00+00:00,,,False,,2026-10-04 00:50:48.988000+02:00,2026-10-04 06:55:00+02:00,,2026-10-04,6,Sunday,True,364.1835333333333
20261003_225045,2026-10-03 22:50:48.988000+00:00,Lugano,rail,ch:1:sloid:5300,Lugano,ch:1:sloid:5300:2:2,2026-10-04,ch:1:sjyid:100001:866-001,rail,InterCity,IC2,IC2,866,Lugano,Zürich HB,2,,2026-10-04 05:02:00+00:00,,,False,,2026-10-04 00:50:48.988000+02:00,2026-10-04 07:02:00+02:00,,2026-10-04,7,Sunday,True,371.1835333333333
20261003_225045,2026-10-03 22:50:48.988000+00:00,Lugano,rail,ch:1:sloid:5300,Lugano,ch:1:sloid:5300:3:4,2026-10-04,ch:1:sjyid:100001:25509-001,rail,RegioExpress,RE80,RE80,25509,Locarno,Milano Centrale,4,,2026-10-04 05:02:00+00:00,,,False,,2026-10-04 00:50:48.988000+02:00,2026-10-04 07:02:00+02:00,,2026-10-04,7,Sunday,True,371.1835333333333
20261003_225045,2026-10-03 22:50:48.988000+00:00,Lugano,rail,ch:1:sloid:5300,Lugano,ch:1:sloid:5300:2:3,2026-10-04,ch:1:sjyid:100001:25502-001,rail,RegioExpress,RE80,RE80,25502,Milano Centrale,Locarno,3,,2026-10-04 05:05:00+00:00,,,False,,2026-10-04 00:50:48.988000+02:00,2026-10-04 07:05:00+02:00,,2026-10-04,7,Sunday,True,374.1835333333333
20261003_225045,2026-10-03 22:50:48.988000+00:00,Lugano,rail,ch:1:sloid:5300,Lugano,ch:1:sloid:5300:1:1,2026-10-04,ch:1:sjyid:100001:25759-001,rail,S-Bahn,S10,S10,25759,Biasca,Como S. Giovanni | Malpensa Aeroporto T2,1,,2026-10-04 05:06:00+00:00,,,False,,2026-10-04 00:50:48.988000+02:00,2026-10-04 07:06:00+02:00,,2026-10-04,7,Sunday,True,375.1835333333333
20261003_225045,2026-10-03 22:50:48.988000+00:00,Lugano,rail,ch:1:sloid:5300,Lugano,ch:1:sloid:5300:2:3,2026-10-04,ch:1:sjyid:100001:25910-001,rail,S-Bahn,S90,S90,25910,Mendrisio,Bellinzona,3,,2026-10-04 05:08:00+00:00,,,False,,2026-10-04 00:50:48.988000+02:00,2026-10-04 07:08:00+02:00,,2026-10-04,7,Sunday,True,377.1835333333333
20261003_225045,2026-10-03 22:50:48.988000+00:00,Lugano,rail,ch:1:sloid:5300,Lugano,ch:1:sloid:5300:3:4,2026-10-04,ch:1:sjyid:100001:25110-001,rail,S-Bahn,S10,S10,25110,Como Camerlata,Biasca,4,,2026-10-04 05:25:00+00:00,,,False,,2026-10-04 00:50:48.988000+02:00,2026-10-04 07:25:00+02:00,,2026-10-04,7,Sunday,True,394.1835333333333
20261003_225045,2026-10-03 22:50:48.988000+00:00,Lugano,rail,ch:1:sloid:5300,Lugano,ch:1:sloid:5300:2:2,2026-10-04,ch:1:sjyid:100001:25811-001,rail,RegioExpress,RE80,RE80,25811,Locarno,Chiasso,2,,2026-10-04 05:25:00+00:00,,,False,,2026-10-04 00:50:48.988000+02:00,2026-10-04 07:25:00+02:00,,2026-10-04,7,Sunday,True,394.1835333333333
20261003_225045,2026-10-03 22:50:48.988000+00:00,Lugano,rail,ch:1:sloid:5300,Lugano,ch:1:sloid:5300:2:3,2026-10-04,ch:1:sjyid:100001:1466-001,rail,InterCity,IC2,IC2,1466,Chiasso,Zürich HB,3,,2026-10-04 05:30:00+00:00,,,False,,2026-10-04 00:50:48.988000+02:00,2026-10-04 07:30:00+02:00,,2026-10-04,7,Sunday,True,399.1835333333333
20261003_225045,2026-10-03 22:50:49.429000+00:00,Zürich,local,ch:1:sloid:87348,"Zürich, Bahnhofplatz/HB",ch:1:sloid:87348,2026-10-03,ch:1:sjyid:100648:plan:66c09c6a-923d-40fc-b8eb-fdd920c7f53a,bus,Bus,33,33,64459,"Zürich Tiefenbrunnen, Bahnhof",Herdernstrasse,,,2026-10-03 22:54:42+00:00,2026-10-03 22:57:42+00:00,,True,3.0,2026-10-04 00:50:49.429000+02:00,2026-10-04 00:54:42+02:00,2026-10-04 00:57:42+02:00,2026-10-04,0,Sunday,True,3.876183333333333
20261003_225045,2026-10-03 22:50:49.429000+00:00,Zürich,local,ch:1:sloid:87348,"Zürich, Bahnhofplatz/HB",ch:1:sloid:87348,2026-10-03,ch:1:sjyid:100648:plan:a2a3dc37-8778-4f6f-81b9-1799d9d7d672,tram,Tram,14,14,55738,"Zürich, Bahnhofplatz/HB",Bahnhof Wiedikon,,,2026-10-03 22:56:48+00:00,2026-10-03 22:56:48+00:00,,True,0.0,2026-10-04 00:50:49.429000+02:00,2026-10-04 00:56:48+02:00,2026-10-04 00:56:48+02:00,2026-10-04,0,Sunday,True,5.976183333333334
20261003_225045,2026-10-03 22:50:49.429000+00:00,Zürich,local,ch:1:sloid:87348,"Zürich, Bahnhofplatz/HB",ch:1:sloid:87348,2026-10-03,ch:1:sjyid:100648:plan:ca82f883-f2ab-4692-86df-b3f5b08d8a06,tram,Tram,6,6,55755,"Zürich, Bahnhofplatz/HB",Langmauerstrasse,,,2026-10-03 22:57:12+00:00,2026-10-03 22:57:48+00:00,,True,0.6,2026-10-04 00:50:49.429000+02:00,2026-10-04 00:57:12+02:00,2026-10-04 00:57:48+02:00,2026-10-04,0,Sunday,True,6.3761833333333335
20261003_225045,2026-10-03 22:50:49.429000+00:00,Zürich,local,ch:1:sloid:87348,"Zürich, Bahnhofplatz/HB",ch:1:sloid:87348,2026-10-03,ch:1:sjyid:100648:plan:84ce2128-8464-4ae4-aa3e-71e93a3270f2,bus,Bus,31,31,64372,"Zürich, Kienastenwies",Herdernstrasse,,,2026-10-03 22:58:12+00:00,2026-10-03 22:57:42+00:00,,True,-0.5,2026-10-04 00:50:49.429000+02:00,2026-10-04 00:58:12+02:00,2026-10-04 00:57:42+02:00,2026-10-04,0,Sunday,True,7.3761833333333335
20261003_225045,2026-10-03 22:50:49.429000+00:00,Zürich,local,ch:1:sloid:87348,"Zürich, Bahnhofplatz/HB",ch:1:sloid:87348,2026-10-03,ch:1:sjyid:100648:plan:ee044ef2-79f3-4f2d-adfe-c0242197e81e,tram,Tram,15,15,55392,"Zürich Tiefenbrunnen, Bahnhof",Bahnhof Wiedikon,,,2026-10-03 22:59:30+00:00,2026-10-03 22:59:36+00:00,,True,0.1,2026-10-04 00:50:49.429000+02:00,2026-10-04 00:59:30+02:00,2026-10-04 00:59:36+02:00,2026-10-04,0,Sunday,True,8.676183333333334
20261003_225045,2026-10-03 22:50:49.429000+00:00,Zürich,local,ch:1:sloid:87348,"Zürich, Bahnhofplatz/HB",ch:1:sloid:87348,2026-10-03,ch:1:sjyid:100648:plan:921b166c-2d87-4a72-ae46-126d3d8f49d7,bus,Nachtbus,N5,N5,64847,"Zürich, Bahnhofplatz/HB",Sihlcity,,,2026-10-03 23:00:00+00:00,2026-10-03 23:00:00+00:00,,True,0.0,2026-10-04 00:50:49.429000+02:00,2026-10-04 01:00:00+02:00,2026-10-04 01:00:00+02:00,2026-10-04,1,Sunday,True,9.176183333333334
20261003_225045,2026-10-03 22:50:49.429000+00:00,Zürich,local,ch:1:sloid:87348,"Zürich, Bahnhofplatz/HB",ch:1:sloid:87348,2026-10-03,ch:1:sjyid:100648:plan:9675eb27-a5c7-4219-a578-f36653920b1a,tram,Tram,3,3,55553,"Zürich, Klusplatz",Kappeli,,,2026-10-03 23:00:36+00:00,2026-10-03 23:00:36+00:00,,True,0.0,2026-10-04 00:50:49.429000+02:00,2026-10-04 01:00:36+02:00,2026-10-04 01:00:36+02:00,2026-10-04,1,Sunday,True,9.776183333333334
20261003_225045,2026-10-03 22:50:49.429000+00:00,Zürich,local,ch:1:sloid:87348,"Zürich, Bahnhofplatz/HB",ch:1:sloid:87348,2026-10-03,ch:1:sjyid:100648:plan:29162f3f-6772-4008-be39-eefb9612450c,bus,Bus,N46,N46,64846,"Zürich, Bahnhofplatz/HB","Zürich, Rütihof",,,2026-10-03 23:00:00+00:00,,,False,,2026-10-04 00:50:49.429000+02:00,2026-10-04 01:00:00+02:00,,2026-10-04,1,Sunday,True,9.176183333333334
20261003_225045,2026-10-03 22:50:49.429000+00:00,Zürich,local,ch:1:sloid:87348,"Zürich, Bahnhofplatz/HB",ch:1:sloid:87348,2026-10-03,ch:1:sjyid:100648:plan:7bcccc9b-d337-4dee-9cc5-9fc4bc4084a6,tram,Tram,4,4,55489,"Zürich, Rehalp",Bahnhof Wiedikon,,,2026-10-03 23:07:12+00:00,2026-10-03 23:08:36+00:00,,True,1.4,2026-10-04 00:50:49.429000+02:00,2026-10-04 01:07:12+02:00,2026-10-04 01:08:36+02:00,2026-10-04,1,Sunday,True,16.376183333333334
20261003_225045,2026-10-03 22:50:49.429000+00:00,Zürich,local,ch:1:sloid:87348,"Zürich, Bahnhofplatz/HB",ch:1:sloid:87348::0,2026-10-03,ch:1:sjyid:100648:plan:e3b4eb06-ae9c-45ca-9394-96931842e030,bus,Nachtbus,N10,N10,65017,"Zürich, Bahnhofplatz/HB","Kloten, Bahnhof",,,2026-10-03 23:15:00+00:00,2026-10-03 23:15:00+00:00,,True,0.0,2026-10-04 00:50:49.429000+02:00,2026-10-04 01:15:00+02:00,2026-10-04 01:15:00+02:00,2026-10-04,1,Sunday,True,24.17618333333333
20261003_225045,2026-10-03 22:50:49.429000+00:00,Zürich,local,ch:1:sloid:87348,"Zürich, Bahnhofplatz/HB",ch:1:sloid:87348,2026-10-03,ch:1:sjyid:100648:plan:6555ea13-3af0-4570-aa16-ed112c780919,bus,Nachtbus,N71,N71,65020,"Zürich, Bahnhofplatz/HB","Maur, See",,,2026-10-03 23:15:00+00:00,2026-10-03 23:15:00+00:00,,True,0.0,2026-10-04 00:50:49.429000+02:00,2026-10-04 01:15:00+02:00,2026-10-04 01:15:00+02:00,2026-10-04,1,Sunday,True,24.17618333333333
20261003_225045,2026-10-03 22:50:49.429000+00:00,Zürich,local,ch:1:sloid:87348,"Zürich, Bahnhofplatz/HB",ch:1:sloid:87348::11,2026-10-03,ch:1:sjyid:100648:plan:a229b4ae-a4c5-4fa4-a87c-21438a0ba82e,bus,Nachtbus,N1,N1,65014,"Zürich, Bahnhofplatz/HB",Dunkelhölzli,,,2026-10-03 23:15:00+00:00,2026-10-03 23:15:00+00:00,,True,0.0,2026-10-04 00:50:49.429000+02:00,2026-10-04 01:15:00+02:00,2026-10-04 01:15:00+02:00,2026-10-04,1,Sunday,True,24.17618333333333
20261003_225045,2026-10-03 22:50:49.429000+00:00,Zürich,local,ch:1:sloid:87348,"Zürich, Bahnhofplatz/HB",ch:1:sloid:87348::11,2026-10-03,ch:1:sjyid:100648:plan:07fbd643-9dd9-4d3e-ac00-e281c11276f7,bus,Nachtbus,N14,N14,65013,"Zürich, Bahnhofplatz/HB","Uitikon, Dorf",,,2026-10-03 23:15:00+00:00,2026-10-03 23:15:00+00:00,,True,0.0,2026-10-04 00:50:49.429000+02:00,2026-10-04 01:15:00+02:00,2026-10-04 01:15:00+02:00,2026-10-04,1,Sunday,True,24.17618333333333
20261003_225045,2026-10-03 22:50:49.429000+00:00,Zürich,local,ch:1:sloid:87348,"Zürich, Bahnhofplatz/HB",ch:1:sloid:87348::0,2026-10-03,ch:1:sjyid:100648:plan:09249079-0911-46c6-864c-0a0ec5f46132,bus,Nachtbus,N13,N13,65018,"Zürich, Bahnhofplatz/HB",Unterengstringen,,,2026-10-03 23:15:00+00:00,2026-10-03 23:15:00+00:00,,True,0.0,2026-10-04 00:50:49.429000+02:00,2026-10-04 01:15:00+02:00,2026-10-04 01:15:00+02:00,2026-10-04,1,Sunday,True,24.17618333333333
20261003_225045,2026-10-03 22:50:49.429000+00:00,Zürich,local,ch:1:sloid:87348,"Zürich, Bahnhofplatz/HB",ch:1:sloid:87348,2026-10-03,ch:1:sjyid:100648:plan:dcb4dcad-e5bb-4b0b-a80e-766125fb6d3f,bus,Nachtbus,N4,N4,65159,"Zürich, Bahnhofplatz/HB","Zollikon, Bahnhof",,,2026-10-03 23:30:00+00:00,2026-10-03 23:30:00+00:00,,True,0.0,2026-10-04 00:50:49.429000+02:00,2026-10-04 01:30:00+02:00,2026-10-04 01:30:00+02:00,2026-10-04,1,Sunday,True,39.176183333333334
20261003_225045,2026-10-03 22:50:49.429000+00:00,Zürich,local,ch:1:sloid:87348,"Zürich, Bahnhofplatz/HB",ch:1:sloid:87348,2026-10-03,ch:1:sjyid:100648:plan:0135094c-6254-4bb7-8c84-4581c3b609ed,bus,Nachtbus,N5,N5,65163,"Zürich, Bahnhofplatz/HB",Sihlcity,,,2026-10-03 23:30:00+00:00,2026-10-03 23:30:00+00:00,,True,0.0,2026-10-04 00:50:49.429000+02:00,2026-10-04 01:30:00+02:00,2026-10-04 01:30:00+02:00,2026-10-04,1,Sunday,True,39.176183333333334
20261003_225045,2026-10-03 22:50:49.429000+00:00,Zürich,local,ch:1:sloid:87348,"Zürich, Bahnhofplatz/HB",ch:1:sloid:87348::11,2026-10-03,ch:1:sjyid:100648:plan:2a9fcd49-abef-4051-9a00-5600fc1ea8d6,bus,Nachtbus,N1,N1,65157,"Zürich, Bahnhofplatz/HB",Hermetschloo,,,2026-10-03 23:30:00+00:00,,,False,,2026-10-04 00:50:49.429000+02:00,2026-10-04 01:30:00+02:00,,2026-10-04,1,Sunday,True,39.176183333333334
20261003_225045,2026-10-03 22:50:49.429000+00:00,Zürich,local,ch:1:sloid:87348,"Zürich, Bahnhofplatz/HB",ch:1:sloid:87348::11,2026-10-03,ch:1:sjyid:100648:plan:53d03be6-5f1d-451a-a59b-54dbcf563113,bus,Nachtbus,N3,N3,65158,"Zürich, Bahnhofplatz/HB",Albisrieden,,,2026-10-03 23:30:00+00:00,2026-10-03 23:30:00+00:00,,True,0.0,2026-10-04 00:50:49.429000+02:00,2026-10-04 01:30:00+02:00,2026-10-04 01:30:00+02:00,2026-10-04,1,Sunday,True,39.176183333333334
20261003_225045,2026-10-03 22:50:49.429000+00:00,Zürich,local,ch:1:sloid:87348,"Zürich, Bahnhofplatz/HB",ch:1:sloid:87348::0,2026-10-03,ch:1:sjyid:100648:plan:92e8dc98-6d0c-4468-b7aa-1ba7fb8c319b,bus,Bus,N46,N46,65156,"Zürich, Bahnhofplatz/HB","Zürich, Rütihof",,,2026-10-03 23:30:00+00:00,,,False,,2026-10-04 00:50:49.429000+02:00,2026-10-04 01:30:00+02:00,,2026-10-04,1,Sunday,True,39.176183333333334
20261003_225045,2026-10-03 22:50:49.429000+00:00,Zürich,local,ch:1:sloid:87348,"Zürich, Bahnhofplatz/HB",ch:1:sloid:87348::0,2026-10-03,ch:1:sjyid:100648:plan:45076bd3-3bef-4148-aefa-6cc1fe2d1c42,bus,Nachtbus,N6,N6,65286,"Zürich, Bahnhofplatz/HB",Bahnhof Stettbach,,,2026-10-03 23:45:00+00:00,2026-10-03 23:45:00+00:00,,True,0.0,2026-10-04 00:50:49.429000+02:00,2026-10-04 01:45:00+02:00,2026-10-04 01:45:00+02:00,2026-10-04,1,Sunday,True,54.176183333333334
20261003_225045,2026-10-03 22:50:49.429000+00:00,Zürich,local,ch:1:sloid:87348,"Zürich, Bahnhofplatz/HB",ch:1:sloid:87348::0,2026-10-03,ch:1:sjyid:100648:plan:2ae98d15-6413-45fb-8c17-d9576d8e01ee,bus,Nachtbus,N10,N10,65283,"Zürich, Bahnhofplatz/HB","Kloten, Bahnhof",,,2026-10-03 23:45:00+00:00,,,False,,2026-10-04 00:50:49.429000+02:00,2026-10-04 01:45:00+02:00,,2026-10-04,1,Sunday,True,54.176183333333334
20261003_225045,2026-10-03 22:50:49.429000+00:00,Zürich,local,ch:1:sloid:87348,"Zürich, Bahnhofplatz/HB",ch:1:sloid:87348,2026-10-03,ch:1:sjyid:100648:plan:0a829185-c07e-4685-857f-df2723ac1bde,bus,Nachtbus,N74,N74,65288,"Zürich, Bahnhofplatz/HB","Schwerzenbach, Bhf.",,,2026-10-03 23:45:00+00:00,,,False,,2026-10-04 00:50:49.429000+02:00,2026-10-04 01:45:00+02:00,,2026-10-04,1,Sunday,True,54.176183333333334
20261003_225045,2026-10-03 22:50:49.429000+00:00,Zürich,local,ch:1:sloid:87348,"Zürich, Bahnhofplatz/HB",ch:1:sloid:87348::11,2026-10-03,ch:1:sjyid:100648:plan:c2577b24-bac9-44a5-8ff2-f77afb7b9691,bus,Nachtbus,N1,N1,65280,"Zürich, Bahnhofplatz/HB",Dunkelhölzli,,,2026-10-03 23:45:00+00:00,2026-10-03 23:45:00+00:00,,True,0.0,2026-10-04 00:50:49.429000+02:00,2026-10-04 01:45:00+02:00,2026-10-04 01:45:00+02:00,2026-10-04,1,Sunday,True,54.176183333333334
20261003_225045,2026-10-03 22:50:49.429000+00:00,Zürich,local,ch:1:sloid:87348,"Zürich, Bahnhofplatz/HB",ch:1:sloid:87348::11,2026-10-03,ch:1:sjyid:100648:plan:53d014c6-8851-46ff-aeb3-30c85849d570,bus,Nachtbus,N14,N14,65279,"Zürich, Bahnhofplatz/HB","Uitikon, Dorf",,,2026-10-03 23:45:00+00:00,2026-10-03 23:45:00+00:00,,True,0.0,2026-10-04 00:50:49.429000+02:00,2026-10-04 01:45:00+02:00,2026-10-04 01:45:00+02:00,2026-10-04,1,Sunday,True,54.176183333333334
20261003_225045,2026-10-03 22:50:49.429000+00:00,Zürich,local,ch:1:sloid:87348,"Zürich, Bahnhofplatz/HB",ch:1:sloid:87348::0,2026-10-03,ch:1:sjyid:100648:plan:bd9578d8-ac5a-4fae-9f2a-90f5e34cc56f,bus,Nachtbus,N13,N13,65284,"Zürich, Bahnhofplatz/HB",Unterengstringen,,,2026-10-03 23:45:00+00:00,,,False,,2026-10-04 00:50:49.429000+02:00,2026-10-04 01:45:00+02:00,,2026-10-04,1,Sunday,True,54.176183333333334
20261003_225045,2026-10-03 22:50:49.429000+00:00,Zürich,local,ch:1:sloid:87348,"Zürich, Bahnhofplatz/HB",ch:1:sloid:87348,2026-10-03,ch:1:sjyid:100648:plan:09b166f5-78dc-41b6-b139-306897d0772c,bus,Nachtbus,N5,N5,65413,"Zürich, Bahnhofplatz/HB",Sihlcity,,,2026-10-04 00:00:00+00:00,,,False,,2026-10-04 00:50:49.429000+02:00,2026-10-04 02:00:00+02:00,,2026-10-04,2,Sunday,True,69.17618333333333
20261003_225045,2026-10-03 22:50:49.429000+00:00,Zürich,local,ch:1:sloid:87348,"Zürich, Bahnhofplatz/HB",ch:1:sloid:87348::11,2026-10-03,ch:1:sjyid:100648:plan:f4b2419c-68a8-499d-9c09-fe7732df74d5,bus,Nachtbus,N1,N1,65411,"Zürich, Bahnhofplatz/HB",Hermetschloo,,,2026-10-04 00:00:00+00:00,,,False,,2026-10-04 00:50:49.429000+02:00,2026-10-04 02:00:00+02:00,,2026-10-04,2,Sunday,True,69.17618333333333
20261003_225045,2026-10-03 22:50:49.429000+00:00,Zürich,local,ch:1:sloid:87348,"Zürich, Bahnhofplatz/HB",ch:1:sloid:87348::11,2026-10-03,ch:1:sjyid:100648:plan:6346645c-cb6b-4353-911a-d9465e69bca5,bus,Nachtbus,N3,N3,65412,"Zürich, Bahnhofplatz/HB",Albisrieden,,,2026-10-04 00:00:00+00:00,,,False,,2026-10-04 00:50:49.429000+02:00,2026-10-04 02:00:00+02:00,,2026-10-04,2,Sunday,True,69.17618333333333
20261003_225045,2026-10-03 22:50:49.429000+00:00,Zürich,local,ch:1:sloid:87348,"Zürich, Bahnhofplatz/HB",ch:1:sloid:87348::0,2026-10-03,ch:1:sjyid:100648:plan:875d02fe-4b55-4e7e-982b-9049f05dd4c4,bus,Bus,N46,N46,65410,"Zürich, Bahnhofplatz/HB","Zürich, Rütihof",,,2026-10-04 00:00:00+00:00,,,False,,2026-10-04 00:50:49.429000+02:00,2026-10-04 02:00:00+02:00,,2026-10-04,2,Sunday,True,69.17618333333333
20261003_225045,2026-10-03 22:50:49.429000+00:00,Zürich,local,ch:1:sloid:87348,"Zürich, Bahnhofplatz/HB",ch:1:sloid:87348::0,2026-10-03,ch:1:sjyid:100648:plan:87bb8650-e505-443c-a0ab-adc64bd57afb,bus,Nachtbus,N10,N10,65528,"Zürich, Bahnhofplatz/HB","Kloten, Bahnhof",,,2026-10-04 00:15:00+00:00,,,False,,2026-10-04 00:50:49.429000+02:00,2026-10-04 02:15:00+02:00,,2026-10-04,2,Sunday,True,84.17618333333333
20261003_225045,2026-10-03 22:50:49.894000+00:00,Bern,local,ch:1:sloid:76646,"Bern, Bahnhof",ch:1:sloid:76646:0:20,2026-10-03,ch:1:sjyid:100626:plan:5d1c418b-9ee1-42e3-b249-9db547160ae3,bus,Bus,19,19,58782,"Spiegel, Blinzern",Elfenau,M,,2026-10-03 22:50:00+00:00,2026-10-03 22:50:00+00:00,,True,0.0,2026-10-04 00:50:49.894000+02:00,2026-10-04 00:50:00+02:00,2026-10-04 00:50:00+02:00,2026-10-04,0,Sunday,True,-0.8315666666666667
20261003_225045,2026-10-03 22:50:49.894000+00:00,Bern,local,ch:1:sloid:76646,"Bern, Bahnhof",ch:1:sloid:76646:0:10,2026-10-03,ch:1:sjyid:100626:plan:80af97ee-84cf-4f7f-804a-e0d8c50ad013,tram,Tram,3,3,1897,"Bern, Bahnhof",Weissenbühl,J,,2026-10-03 22:50:00+00:00,2026-10-03 22:50:00+00:00,,True,0.0,2026-10-04 00:50:49.894000+02:00,2026-10-04 00:50:00+02:00,2026-10-04 00:50:00+02:00,2026-10-04,0,Sunday,True,-0.8315666666666667
20261003_225045,2026-10-03 22:50:49.894000+00:00,Bern,local,ch:1:sloid:76646,"Bern, Bahnhof",ch:1:sloid:76646:0:28,2026-10-03,ch:1:sjyid:100626:plan:7420baa0-7d0b-4d37-8519-f7d7ed7033d8,bus,Bus,11,11,49501,"Bern, Bahnhof",Neufeld P+R,G,,2026-10-03 22:50:00+00:00,2026-10-03 22:50:00+00:00,,True,0.0,2026-10-04 00:50:49.894000+02:00,2026-10-04 00:50:00+02:00,2026-10-04 00:50:00+02:00,2026-10-04,0,Sunday,True,-0.8315666666666667
20261003_225045,2026-10-03 22:50:49.894000+00:00,Bern,local,ch:1:sloid:76646,"Bern, Bahnhof",ch:1:sloid:76646:0:25,2026-10-03,ch:1:sjyid:100626:plan:7e0ea0e5-68da-480b-bdb9-e8908e9c5043,bus,Bus,7A,7A,76824,"Bern, Bahnhof",Ostring,K1,,2026-10-03 22:51:00+00:00,2026-10-03 22:51:00+00:00,,True,0.0,2026-10-04 00:50:49.894000+02:00,2026-10-04 00:51:00+02:00,2026-10-04 00:51:00+02:00,2026-10-04,0,Sunday,True,0.16843333333333332
20261003_225045,2026-10-03 22:50:49.894000+00:00,Bern,local,ch:1:sloid:76646,"Bern, Bahnhof",ch:1:sloid:76646:0:7,2026-10-03,ch:1:sjyid:100626:plan:10146150-fb5d-489f-bbeb-b65db89f69c2,bus,Bus,12,12,53547,"Bern, Zentrum Paul Klee",Holligen,D,,2026-10-03 22:51:00+00:00,,,False,,2026-10-04 00:50:49.894000+02:00,2026-10-04 00:51:00+02:00,,2026-10-04,0,Sunday,True,0.16843333333333332
20261003_225045,2026-10-03 22:50:49.894000+00:00,Bern,local,ch:1:sloid:76646,"Bern, Bahnhof",ch:1:sloid:76646:0:3,2026-10-03,ch:1:sjyid:100626:plan:38fea256-8813-4952-b41e-08b18ae3e1c9,tram,Tram,9,9,29191,"Bern Wankdorf, Bahnhof",Wabern,C,,2026-10-03 22:52:00+00:00,2026-10-03 22:52:42+00:00,,True,0.7,2026-10-04 00:50:49.894000+02:00,2026-10-04 00:52:00+02:00,2026-10-04 00:52:42+02:00,2026-10-04,0,Sunday,True,1.1684333333333332
20261003_225045,2026-10-03 22:50:49.894000+00:00,Bern,local,ch:1:sloid:76646,"Bern, Bahnhof",ch:1:sloid:76646:0:15,2026-10-03,ch:1:sjyid:100626:plan:dae21527-c0f0-4604-afd8-faa913dae7aa,bus,Bus,20,20,66956,"Bern Wankdorf, Bahnhof",Länggasse,F,,2026-10-03 22:52:48+00:00,2026-10-03 22:52:54+00:00,,True,0.1,2026-10-04 00:50:49.894000+02:00,2026-10-04 00:52:48+02:00,2026-10-04 00:52:54+02:00,2026-10-04,0,Sunday,True,1.9684333333333333
20261003_225045,2026-10-03 22:50:49.894000+00:00,Bern,local,ch:1:sloid:76646,"Bern, Bahnhof",ch:1:sloid:76646:0:1,2026-10-03,ch:1:sjyid:100626:plan:44d65e64-29c8-43da-a314-32cd750fabb2,tram,Tram,9,9,25871,"Wabern, Tram-Endstation",Guisanplatz Expo,B,,2026-10-03 22:52:00+00:00,2026-10-03 22:52:00+00:00,,True,0.0,2026-10-04 00:50:49.894000+02:00,2026-10-04 00:52:00+02:00,2026-10-04 00:52:00+02:00,2026-10-04,0,Sunday,True,1.1684333333333332
20261003_225045,2026-10-03 22:50:49.894000+00:00,Bern,local,ch:1:sloid:76646,"Bern, Bahnhof",ch:1:sloid:76646:0:39,2026-10-03,ch:1:sjyid:100626:plan:a19f0d9d-d1f3-4e16-aff7-0b956fc4e4f6,tram,Tram,8,8,19067,"Bern, Bahnhof",Brünnen Bhf,N,,2026-10-03 22:53:00+00:00,2026-10-03 22:53:00+00:00,,True,0.0,2026-10-04 00:50:49.894000+02:00,2026-10-04 00:53:00+02:00,2026-10-04 00:53:00+02:00,2026-10-04,0,Sunday,True,2.168433333333333
20261003_225045,2026-10-03 22:50:49.894000+00:00,Bern,local,ch:1:sloid:76646,"Bern, Bahnhof",ch:1:sloid:76646:0:25,2026-10-03,ch:1:sjyid:100626:plan:fde37d69-3936-4600-a85c-dc00c5493f8d,bus,Bus,19,19,60959,"Bern, Elfenau",Blinzern,K1,,2026-10-03 22:53:00+00:00,2026-10-03 22:52:54+00:00,,True,-0.1,2026-10-04 00:50:49.894000+02:00,2026-10-04 00:53:00+02:00,2026-10-04 00:52:54+02:00,2026-10-04,0,Sunday,True,2.168433333333333
20261003_225045,2026-10-03 22:50:49.894000+00:00,Bern,local,ch:1:sloid:76646,"Bern, Bahnhof",ch:1:sloid:76646:0:5,2026-10-03,ch:1:sjyid:100626:plan:445c14a5-d144-4c40-881c-c9be54b72d33,bus,Bus,12,12,50816,"Bern, Holligen",Zentrum Paul Klee,A,,2026-10-03 22:54:00+00:00,2026-10-03 22:54:06+00:00,,True,0.1,2026-10-04 00:50:49.894000+02:00,2026-10-04 00:54:00+02:00,2026-10-04 00:54:06+02:00,2026-10-04,0,Sunday,True,3.168433333333333
20261003_225045,2026-10-03 22:50:49.894000+00:00,Bern,local,ch:1:sloid:76646,"Bern, Bahnhof",ch:1:sloid:76646:0:19,2026-10-03,ch:1:sjyid:100626:plan:36c4f84a-f3f8-45fe-ab49-29b7617f632e,bus,Bus,10,10,36694,"Schliern, Bus-Endstation",Ostermundigen Rüti,L,,2026-10-03 22:55:00+00:00,2026-10-03 22:55:00+00:00,,True,0.0,2026-10-04 00:50:49.894000+02:00,2026-10-04 00:55:00+02:00,2026-10-04 00:55:00+02:00,2026-10-04,0,Sunday,True,4.168433333333334
20261003_225045,2026-10-03 22:50:49.894000+00:00,Bern,local,ch:1:sloid:76646,"Bern, Bahnhof",ch:1:sloid:76646:0:10,2026-10-03,ch:1:sjyid:100626:plan:9de2f773-4147-4e93-98b4-b91f25f8669f,tram,Tram,6,6,7367,"Bern, Bahnhof",Fischermätteli,J,,2026-10-03 22:55:00+00:00,2026-10-03 22:55:30+00:00,,True,0.5,2026-10-04 00:50:49.894000+02:00,2026-10-04 00:55:00+02:00,2026-10-04 00:55:30+02:00,2026-10-04,0,Sunday,True,4.168433333333334
20261003_225045,2026-10-03 22:50:49.894000+00:00,Bern,local,ch:1:sloid:76646,"Bern, Bahnhof",ch:1:sloid:76646:0:5,2026-10-03,ch:1:sjyid:100626:plan:3da4653e-19c8-4575-a90c-7d9d36f43120,bus,Bus,30,30,71590,"Bern, Bahnhof",Marzili,A,,2026-10-03 22:55:30+00:00,2026-10-03 22:55:30+00:00,,True,0.0,2026-10-04 00:50:49.894000+02:00,2026-10-04 00:55:30+02:00,2026-10-04 00:55:30+02:00,2026-10-04,0,Sunday,True,4.668433333333334
20261003_225045,2026-10-03 22:50:49.894000+00:00,Bern,local,ch:1:sloid:76646,"Bern, Bahnhof",ch:1:sloid:76646:0:13,2026-10-03,ch:1:sjyid:100626:plan:5b8ee462-6ecf-44a3-9c84-ef94c2782004,bus,Bus,20,20,64477,"Bern, Länggasse",Wankdorf Bhf,E,,2026-10-03 22:55:48+00:00,2026-10-03 22:55:48+00:00,,True,0.0,2026-10-04 00:50:49.894000+02:00,2026-10-04 00:55:48+02:00,2026-10-04 00:55:48+02:00,2026-10-04,0,Sunday,True,4.9684333333333335
20261003_225045,2026-10-03 22:50:49.894000+00:00,Bern,local,ch:1:sloid:76646,"Bern, Bahnhof",ch:1:sloid:76646:0:11,2026-10-03,ch:1:sjyid:100626:plan:07fabda5-5acd-4a6a-a0be-4898d7eb5203,bus,Bus,10,10,46095,"Ostermundigen, Rüti",Schliern,I,,2026-10-03 22:55:00+00:00,2026-10-03 22:55:18+00:00,,True,0.3,2026-10-04 00:50:49.894000+02:00,2026-10-04 00:55:00+02:00,2026-10-04 00:55:18+02:00,2026-10-04,0,Sunday,True,4.168433333333334
20261003_225045,2026-10-03 22:50:49.894000+00:00,Bern,local,ch:1:sloid:76646,"Bern, Bahnhof",ch:1:sloid:76646:0:30,2026-10-03,ch:1:sjyid:100626:plan:4aebc1a4-1a77-4e85-b37c-d135d642a1ca,bus,Bus,21,21,67999,"Bern, Bahnhof",Bremgarten,H,,2026-10-03 22:56:00+00:00,2026-10-03 22:56:00+00:00,,True,0.0,2026-10-04 00:50:49.894000+02:00,2026-10-04 00:56:00+02:00,2026-10-04 00:56:00+02:00,2026-10-04,0,Sunday,True,5.168433333333334
20261003_225045,2026-10-03 22:50:49.894000+00:00,Bern,local,ch:1:sloid:76646,"Bern, Bahnhof",ch:1:sloid:76646:0:20,2026-10-03,ch:1:sjyid:100626:plan:b603bf9e-b96c-4316-9f78-7d6d3aa9c842,bus,Bus,17,17,58102,"Bern, Bahnhof",Köniz Weiermatt,M,,2026-10-03 22:57:00+00:00,2026-10-03 22:57:00+00:00,,True,0.0,2026-10-04 00:50:49.894000+02:00,2026-10-04 00:57:00+02:00,2026-10-04 00:57:00+02:00,2026-10-04,0,Sunday,True,6.168433333333334
20261003_225045,2026-10-03 22:50:49.894000+00:00,Bern,local,ch:1:sloid:76646,"Bern, Bahnhof",ch:1:sloid:76646:0:1,2026-10-03,ch:1:sjyid:100626:plan:3dd52c7e-45e2-453d-8a3c-c19c2e079ed8,tram,Tram,6,6,5231,"Bern, Bahnhof",Guisanplatz Expo,B,,2026-10-03 23:02:24+00:00,2026-10-03 23:02:24+00:00,,True,0.0,2026-10-04 00:50:49.894000+02:00,2026-10-04 01:02:24+02:00,2026-10-04 01:02:24+02:00,2026-10-04,1,Sunday,True,11.568433333333333
20261003_225045,2026-10-03 22:50:49.894000+00:00,Bern,local,ch:1:sloid:76646,"Bern, Bahnhof",ch:1:sloid:76646:0:39,2026-10-03,ch:1:sjyid:100626:plan:94d25824-8ee7-4a09-8aea-ca2ea68b70f6,tram,Tram,7,7,13426,"Bern, Bahnhof",Bümpliz,N,,2026-10-03 23:03:00+00:00,2026-10-03 23:03:00+00:00,,True,0.0,2026-10-04 00:50:49.894000+02:00,2026-10-04 01:03:00+02:00,2026-10-04 01:03:00+02:00,2026-10-04,1,Sunday,True,12.168433333333333
20261003_225045,2026-10-03 22:50:49.894000+00:00,Bern,local,ch:1:sloid:76646,"Bern, Bahnhof",ch:1:sloid:76646:0:1,2026-10-03,ch:1:sjyid:100626:plan:1cbe6114-dcfe-4774-9cb5-0221f501b885,tram,Tram,8,8,16351,"Bern, Bahnhof",Guisanplatz Expo,B,,2026-10-03 23:04:00+00:00,2026-10-03 23:04:00+00:00,,True,0.0,2026-10-04 00:50:49.894000+02:00,2026-10-04 01:04:00+02:00,2026-10-04 01:04:00+02:00,2026-10-04,1,Sunday,True,13.168433333333333
20261003_225045,2026-10-03 22:50:49.894000+00:00,Bern,local,ch:1:sloid:76646,"Bern, Bahnhof",ch:1:sloid:76646:0:1,2026-10-03,ch:1:sjyid:100626:plan:c277de8b-000d-4d93-9095-56ac758c693f,tram,Tram,9,9,25880,"Wabern, Tram-Endstation",Guisanplatz Expo,B,,2026-10-03 23:08:00+00:00,2026-10-03 23:08:00+00:00,,True,0.0,2026-10-04 00:50:49.894000+02:00,2026-10-04 01:08:00+02:00,2026-10-04 01:08:00+02:00,2026-10-04,1,Sunday,True,17.168433333333333
20261003_225045,2026-10-03 22:50:49.894000+00:00,Bern,local,ch:1:sloid:76646,"Bern, Bahnhof",ch:1:sloid:76646:0:3,2026-10-03,ch:1:sjyid:100626:plan:b96bb65e-398d-4a60-8de8-5bed99874fc9,tram,Tram,9,9,32461,"Bern, Bahnhof",Eigerplatz,C,,2026-10-03 23:10:00+00:00,2026-10-03 23:10:00+00:00,,True,0.0,2026-10-04 00:50:49.894000+02:00,2026-10-04 01:10:00+02:00,2026-10-04 01:10:00+02:00,2026-10-04,1,Sunday,True,19.168433333333333
20261003_225045,2026-10-03 22:50:49.894000+00:00,Bern,local,ch:1:sloid:76646,"Bern, Bahnhof",ch:1:sloid:76646:0:1,2026-10-03,ch:1:sjyid:100626:plan:30f2bcee-3192-488c-8caf-9d02744f4f54,tram,Tram,7,7,10535,"Bern, Bahnhof",Guisanplatz Expo,B,,2026-10-03 23:12:12+00:00,2026-10-03 23:12:12+00:00,,True,0.0,2026-10-04 00:50:49.894000+02:00,2026-10-04 01:12:12+02:00,2026-10-04 01:12:12+02:00,2026-10-04,1,Sunday,True,21.368433333333332
20261003_225045,2026-10-03 22:50:49.894000+00:00,Bern,local,ch:1:sloid:76646,"Bern, Bahnhof",ch:1:sloid:76646:0:1,2026-10-03,ch:1:sjyid:100626:plan:7383be75-1145-4671-b337-0760815959dd,tram,Tram,8,8,16357,"Bern, Bahnhof",Guisanplatz Expo,B,,2026-10-03 23:14:00+00:00,2026-10-03 23:14:00+00:00,,True,0.0,2026-10-04 00:50:49.894000+02:00,2026-10-04 01:14:00+02:00,2026-10-04 01:14:00+02:00,2026-10-04,1,Sunday,True,23.168433333333333
20261003_225045,2026-10-03 22:50:49.894000+00:00,Bern,local,ch:1:sloid:76646,"Bern, Bahnhof",ch:1:sloid:76646:0:20,2026-10-03,ch:1:sjyid:100626:plan:eae5953e-e2d4-435d-b52e-6bc102dc6617,bus,Nachtbus,M15,M15,84051,"Bern, Bahnhof","Münsingen, Bahnhof",M,,2026-10-03 23:15:00+00:00,,,False,,2026-10-04 00:50:49.894000+02:00,2026-10-04 01:15:00+02:00,,2026-10-04,1,Sunday,True,24.168433333333333
20261003_225045,2026-10-03 22:50:49.894000+00:00,Bern,local,ch:1:sloid:76646,"Bern, Bahnhof",ch:1:sloid:76646:0:19,2026-10-03,ch:1:sjyid:100626:plan:c8a48088-c761-4cc5-b487-9c9de7e5022f,bus,Nachtbus,M73,M73,84306,"Bern, Bahnhof",Ostermundigen Rüti,L,,2026-10-03 23:15:00+00:00,2026-10-03 23:15:00+00:00,,True,0.0,2026-10-04 00:50:49.894000+02:00,2026-10-04 01:15:00+02:00,2026-10-04 01:15:00+02:00,2026-10-04,1,Sunday,True,24.168433333333333
20261003_225045,2026-10-03 22:50:49.894000+00:00,Bern,local,ch:1:sloid:76646,"Bern, Bahnhof",ch:1:sloid:76646:0:20,2026-10-03,ch:1:sjyid:100626:plan:ba177790-eadd-48de-ac2e-8563bc5cc221,bus,Nachtbus,M77,M77,84644,"Bern, Bahnhof",Elfenau,M,,2026-10-03 23:15:00+00:00,,,False,,2026-10-04 00:50:49.894000+02:00,2026-10-04 01:15:00+02:00,,2026-10-04,1,Sunday,True,24.168433333333333
20261003_225045,2026-10-03 22:50:49.894000+00:00,Bern,local,ch:1:sloid:76646,"Bern, Bahnhof",ch:1:sloid:76646:0:28,2026-10-03,ch:1:sjyid:100649:SKI-97021,bus,Bus,M70,M70,97021,"Bern, Bahnhof",Münchenbuchsee,G,,2026-10-03 23:15:00+00:00,,,False,,2026-10-04 00:50:49.894000+02:00,2026-10-04 01:15:00+02:00,,2026-10-04,1,Sunday,True,24.168433333333333
20261003_225045,2026-10-03 22:50:49.894000+00:00,Bern,local,ch:1:sloid:76646,"Bern, Bahnhof",ch:1:sloid:76646,2026-10-03,ch:1:sjyid:100602:0aa14eaa-5752-4146-9362-7950c2ec9f0e,bus,Nachtbus,M86,M86,88601,"Bern, Bahnhof",Innerberg,,,2026-10-03 23:15:00+00:00,,,False,,2026-10-04 00:50:49.894000+02:00,2026-10-04 01:15:00+02:00,,2026-10-04,1,Sunday,True,24.168433333333333
20261003_225045,2026-10-03 22:50:50.695000+00:00,Basel,local,ch:1:sloid:78143,"Basel, Bahnhof SBB",ch:1:sloid:78143:1:35,2026-10-03,ch:1:sjyid:100019:plan:61020ca3-4f6c-4aff-a1af-5512fe31ab5b,tram,Tram,10,10,10538,"Dornach, Bahnhof","Flüh, Station",H,,2026-10-03 22:50:00+00:00,2026-10-03 22:50:24+00:00,,True,0.4,2026-10-04 00:50:50.695000+02:00,2026-10-04 00:50:00+02:00,2026-10-04 00:50:24+02:00,2026-10-04,0,Sunday,True,-0.8449166666666666
20261003_225045,2026-10-03 22:50:50.695000+00:00,Basel,local,ch:1:sloid:78143,"Basel, Bahnhof SBB",ch:1:sloid:78143:1:34,2026-10-03,ch:1:sjyid:100019:plan:71803681-7af5-4a43-af9b-c9acda83d5ed,tram,Tram,10,10,10625,"Rodersdorf, Station",Dornach Bahnhof,G,,2026-10-03 22:50:00+00:00,2026-10-03 22:50:42+00:00,,True,0.7,2026-10-04 00:50:50.695000+02:00,2026-10-04 00:50:00+02:00,2026-10-04 00:50:42+02:00,2026-10-04,0,Sunday,True,-0.8449166666666666
20261003_225045,2026-10-03 22:50:50.695000+00:00,Basel,local,ch:1:sloid:78143,"Basel, Bahnhof SBB",ch:1:sloid:78143:1:33,2026-10-03,ch:1:sjyid:100622:plan:b8752b14-d656-4c1e-82b1-b53e07e46d58,tram,Tram,8,8,8293,"Basel, Neuweilerstrasse","Basel, Kleinhüningen",F,,2026-10-03 22:59:30+00:00,2026-10-03 22:59:42+00:00,,True,0.2,2026-10-04 00:50:50.695000+02:00,2026-10-04 00:59:30+02:00,2026-10-04 00:59:42+02:00,2026-10-04,0,Sunday,True,8.655083333333332
20261003_225045,2026-10-03 22:50:50.695000+00:00,Basel,local,ch:1:sloid:78143,"Basel, Bahnhof SBB",ch:1:sloid:78143:1:35,2026-10-03,ch:1:sjyid:100019:plan:d32cb86f-4c33-47a8-ac74-40ccd23da217,tram,Tram,11,11,38566,"Basel, Dreispitz","Basel, Saint-Louis Grenze",H,,2026-10-03 22:59:24+00:00,2026-10-03 22:59:24+00:00,,True,0.0,2026-10-04 00:50:50.695000+02:00,2026-10-04 00:59:24+02:00,2026-10-04 00:59:24+02:00,2026-10-04,0,Sunday,True,8.555083333333332
20261003_225045,2026-10-03 22:50:50.695000+00:00,Basel,local,ch:1:sloid:78143,"Basel, Bahnhof SBB",ch:1:sloid:78143:1:32,2026-10-03,ch:1:sjyid:100622:plan:a4619519-b9a3-49a0-b021-e38dec52ec8e,tram,Tram,2,2,2260,"Basel, Badischer Bahnhof","Binningen, Kronenplatz",E,,2026-10-03 23:02:18+00:00,2026-10-03 23:02:18+00:00,,True,0.0,2026-10-04 00:50:50.695000+02:00,2026-10-04 01:02:18+02:00,2026-10-04 01:02:18+02:00,2026-10-04,1,Sunday,True,11.455083333333333
20261003_225045,2026-10-03 22:50:50.695000+00:00,Basel,local,ch:1:sloid:78143,"Basel, Bahnhof SBB",ch:1:sloid:78143:1:32,2026-10-03,ch:1:sjyid:100622:plan:bbca8273-5629-47b3-831d-b9d06a21ba6e,tram,Tram,8,8,8280,"Weil am Rhein, Bahnhof/Zentrum","Basel, Neuweilerstrasse",E,,2026-10-03 23:03:48+00:00,2026-10-03 23:03:48+00:00,,True,0.0,2026-10-04 00:50:50.695000+02:00,2026-10-04 01:03:48+02:00,2026-10-04 01:03:48+02:00,2026-10-04,1,Sunday,True,12.955083333333333
20261003_225045,2026-10-03 22:50:50.695000+00:00,Basel,local,ch:1:sloid:78143,"Basel, Bahnhof SBB",ch:1:sloid:78143:1:33,2026-10-03,ch:1:sjyid:100622:plan:ec983749-a794-466b-9e5a-58ff3eb07311,tram,Tram,2,2,2265,"Binningen, Kronenplatz","Basel, Badischer Bahnhof",F,,2026-10-03 23:03:48+00:00,2026-10-03 23:04:00+00:00,,True,0.2,2026-10-04 00:50:50.695000+02:00,2026-10-04 01:03:48+02:00,2026-10-04 01:04:00+02:00,2026-10-04,1,Sunday,True,12.955083333333333
20261003_225045,2026-10-03 22:50:50.695000+00:00,Basel,local,ch:1:sloid:78143,"Basel, Bahnhof SBB",ch:1:sloid:78143:3:3,2026-10-03,ch:1:sjyid:100622:plan:8f733cd3-f152-4b37-8c35-b1fd83c351f9,bus,Bus,30,30,30269,"Basel, Bahnhof SBB","Basel, Badischer Bahnhof",B,,2026-10-03 23:04:30+00:00,2026-10-03 23:04:30+00:00,,True,0.0,2026-10-04 00:50:50.695000+02:00,2026-10-04 01:04:30+02:00,2026-10-04 01:04:30+02:00,2026-10-04,1,Sunday,True,13.655083333333332
20261003_225045,2026-10-03 22:50:50.695000+00:00,Basel,local,ch:1:sloid:78143,"Basel, Bahnhof SBB",ch:1:sloid:78143:1:34,2026-10-03,ch:1:sjyid:100019:plan:22d798a2-3511-4c1f-8992-7b4fc6031700,tram,Tram,10,10,10631,"Flüh, Station",Dornach Bahnhof,G,,2026-10-03 23:05:00+00:00,2026-10-03 23:05:42+00:00,,True,0.7,2026-10-04 00:50:50.695000+02:00,2026-10-04 01:05:00+02:00,2026-10-04 01:05:42+02:00,2026-10-04,1,Sunday,True,14.155083333333332
20261003_225045,2026-10-03 22:50:50.695000+00:00,Basel,local,ch:1:sloid:78143,"Basel, Bahnhof SBB",ch:1:sloid:78143:1:35,2026-10-03,ch:1:sjyid:100019:plan:69527f7e-f1d8-47e3-b43d-fe9f106aa94f,tram,Tram,10,10,10548,"Dornach, Bahnhof","Rodersdorf, Station",H,,2026-10-03 23:10:00+00:00,2026-10-03 23:10:36+00:00,,True,0.6,2026-10-04 00:50:50.695000+02:00,2026-10-04 01:10:00+02:00,2026-10-04 01:10:36+02:00,2026-10-04,1,Sunday,True,19.155083333333334
20261003_225045,2026-10-03 22:50:50.695000+00:00,Basel,local,ch:1:sloid:78143,"Basel, Bahnhof SBB",ch:1:sloid:78143:1:34,2026-10-03,ch:1:sjyid:100019:plan:dfc4300c-8528-46c4-a213-7b17d3a1a4c3,tram,Tram,11,11,38581,"Basel, St-Louis Grenze","Basel, Dreispitz",G,,2026-10-03 23:10:24+00:00,2026-10-03 23:10:24+00:00,,True,0.0,2026-10-04 00:50:50.695000+02:00,2026-10-04 01:10:24+02:00,2026-10-04 01:10:24+02:00,2026-10-04,1,Sunday,True,19.555083333333336
20261003_225045,2026-10-03 22:50:50.695000+00:00,Basel,local,ch:1:sloid:78143,"Basel, Bahnhof SBB",ch:1:sloid:78143:1:31,2026-10-03,ch:1:sjyid:100622:plan:713426f1-2d14-451e-94b1-1d4b2b1d6417,tram,Tram,1,1,1274,"Basel, Bahnhof SBB","Basel, Dreirosenbrücke",D,,2026-10-03 23:13:36+00:00,2026-10-03 23:13:36+00:00,,True,0.0,2026-10-04 00:50:50.695000+02:00,2026-10-04 01:13:36+02:00,2026-10-04 01:13:36+02:00,2026-10-04,1,Sunday,True,22.755083333333335
20261003_225045,2026-10-03 22:50:50.695000+00:00,Basel,local,ch:1:sloid:78143,"Basel, Bahnhof SBB",ch:1:sloid:78143:1:33,2026-10-03,ch:1:sjyid:100622:plan:6e75e225-8c1c-47ae-82c0-481d59055393,tram,Tram,1,1,1263,"Basel, Dreirosenbrücke","Basel, Messeplatz",F,,2026-10-03 23:13:00+00:00,2026-10-03 23:13:00+00:00,,True,0.0,2026-10-04 00:50:50.695000+02:00,2026-10-04 01:13:00+02:00,2026-10-04 01:13:00+02:00,2026-10-04,1,Sunday,True,22.155083333333334
20261003_225045,2026-10-03 22:50:50.695000+00:00,Basel,local,ch:1:sloid:78143,"Basel, Bahnhof SBB",ch:1:sloid:78143:1:33,2026-10-03,ch:1:sjyid:100622:plan:9a79142c-e484-4b69-ba86-9d6c6b5e6647,tram,Tram,8,8,8295,"Basel, Neuweilerstrasse",Weil am Rhein (D) Bahnhof / Zentrum,F,,2026-10-03 23:14:30+00:00,2026-10-03 23:14:30+00:00,,True,0.0,2026-10-04 00:50:50.695000+02:00,2026-10-04 01:14:30+02:00,2026-10-04 01:14:30+02:00,2026-10-04,1,Sunday,True,23.655083333333334
20261003_225045,2026-10-03 22:50:50.695000+00:00,Basel,local,ch:1:sloid:78143,"Basel, Bahnhof SBB",ch:1:sloid:78143:1:32,2026-10-03,ch:1:sjyid:100622:plan:72247bc7-a659-4033-9b14-61d701db1d8d,tram,Tram,2,2,2262,"Basel, Badischer Bahnhof","Binningen, Kronenplatz",E,,2026-10-03 23:17:18+00:00,2026-10-03 23:17:18+00:00,,True,0.0,2026-10-04 00:50:50.695000+02:00,2026-10-04 01:17:18+02:00,2026-10-04 01:17:18+02:00,2026-10-04,1,Sunday,True,26.455083333333334
20261003_225045,2026-10-03 22:50:50.695000+00:00,Basel,local,ch:1:sloid:78143,"Basel, Bahnhof SBB",ch:1:sloid:78143:1:32,2026-10-03,ch:1:sjyid:100622:plan:88a724d4-837b-4106-bf63-52bebb18c549,tram,Tram,8,8,8968,"Basel, Bahnhof SBB","Basel, Kleinhüningen",E,,2026-10-03 23:18:48+00:00,2026-10-03 23:18:48+00:00,,True,0.0,2026-10-04 00:50:50.695000+02:00,2026-10-04 01:18:48+02:00,2026-10-04 01:18:48+02:00,2026-10-04,1,Sunday,True,27.955083333333334
20261003_225045,2026-10-03 22:50:50.695000+00:00,Basel,local,ch:1:sloid:78143,"Basel, Bahnhof SBB",ch:1:sloid:78143:1:33,2026-10-03,ch:1:sjyid:100622:plan:16c0d156-f388-4670-8c1c-b132827bbe83,tram,Tram,2,2,2267,"Binningen, Kronenplatz","Basel, Badischer Bahnhof",F,,2026-10-03 23:18:48+00:00,2026-10-03 23:18:48+00:00,,True,0.0,2026-10-04 00:50:50.695000+02:00,2026-10-04 01:18:48+02:00,2026-10-04 01:18:48+02:00,2026-10-04,1,Sunday,True,27.955083333333334
20261003_225045,2026-10-03 22:50:50.695000+00:00,Basel,local,ch:1:sloid:78143,"Basel, Bahnhof SBB",ch:1:sloid:78143:3:3,2026-10-03,ch:1:sjyid:100622:plan:a039fb77-b2e5-47a6-8fec-f01078fea33e,bus,Bus,30,30,30271,"Basel, Bahnhof SBB","Basel, Badischer Bahnhof",B,,2026-10-03 23:19:30+00:00,2026-10-03 23:19:30+00:00,,True,0.0,2026-10-04 00:50:50.695000+02:00,2026-10-04 01:19:30+02:00,2026-10-04 01:19:30+02:00,2026-10-04,1,Sunday,True,28.655083333333334
20261003_225045,2026-10-03 22:50:50.695000+00:00,Basel,local,ch:1:sloid:78143,"Basel, Bahnhof SBB",ch:1:sloid:78143:1:34,2026-10-03,ch:1:sjyid:100019:plan:6d8ac9a9-d779-4943-b89b-e5b83eb4f359,tram,Tram,10,10,10633,"Rodersdorf, Station",Dornach Bahnhof,G,,2026-10-03 23:20:00+00:00,2026-10-03 23:20:30+00:00,,True,0.5,2026-10-04 00:50:50.695000+02:00,2026-10-04 01:20:00+02:00,2026-10-04 01:20:30+02:00,2026-10-04,1,Sunday,True,29.155083333333334
20261003_225045,2026-10-03 22:50:50.695000+00:00,Basel,local,ch:1:sloid:78143,"Basel, Bahnhof SBB",ch:1:sloid:78143:1:33,2026-10-03,ch:1:sjyid:100622:plan:2d21b0c6-9876-4aa5-ad59-0a50f58abf6e,tram,Tram,8,8,8297,"Basel, Neuweilerstrasse","Basel, Wiesenplatz",F,,2026-10-03 23:29:30+00:00,2026-10-03 23:29:30+00:00,,True,0.0,2026-10-04 00:50:50.695000+02:00,2026-10-04 01:29:30+02:00,2026-10-04 01:29:30+02:00,2026-10-04,1,Sunday,True,38.65508333333333
20261003_225045,2026-10-03 22:50:50.695000+00:00,Basel,local,ch:1:sloid:78143,"Basel, Bahnhof SBB",ch:1:sloid:78143:2:36,2026-10-03,ch:1:sjyid:100622:plan:e21d5518-c6fc-4d6d-92e0-05a2562ee563,tram,Tram,1,1,1277,"Basel, Bahnhof SBB","Basel, M Parc",J,,2026-10-03 23:30:00+00:00,2026-10-03 23:30:00+00:00,,True,0.0,2026-10-04 00:50:50.695000+02:00,2026-10-04 01:30:00+02:00,2026-10-04 01:30:00+02:00,2026-10-04,1,Sunday,True,39.15508333333333
20261003_225045,2026-10-03 22:50:50.695000+00:00,Basel,local,ch:1:sloid:78143,"Basel, Bahnhof SBB",ch:1:sloid:78143:1:32,2026-10-03,ch:1:sjyid:100622:plan:66334388-dcd0-4b85-acd2-41bacbde88b4,tram,Tram,3,3,3273,"Birsfelden, Hard","Basel, Morgartenring",E,,2026-10-03 23:32:00+00:00,2026-10-03 23:32:06+00:00,,True,0.1,2026-10-04 00:50:50.695000+02:00,2026-10-04 01:32:00+02:00,2026-10-04 01:32:06+02:00,2026-10-04,1,Sunday,True,41.15508333333333
20261003_225045,2026-10-03 22:50:50.695000+00:00,Basel,local,ch:1:sloid:78143,"Basel, Bahnhof SBB",ch:1:sloid:78143:1:33,2026-10-03,ch:1:sjyid:100622:plan:bde178bf-7cdc-4269-941d-75a5deafbef9,tram,Tram,2,2,2269,"Binningen, Kronenplatz","Basel, Messeplatz",F,,2026-10-03 23:33:48+00:00,2026-10-03 23:33:48+00:00,,True,0.0,2026-10-04 00:50:50.695000+02:00,2026-10-04 01:33:48+02:00,2026-10-04 01:33:48+02:00,2026-10-04,1,Sunday,True,42.95508333333333
20261003_225045,2026-10-03 22:50:50.695000+00:00,Basel,local,ch:1:sloid:78143,"Basel, Bahnhof SBB",ch:1:sloid:78143:1:34,2026-10-03,ch:1:sjyid:100019:plan:83311c91-2ab6-44a9-a128-560bb1e16aec,tram,Tram,11,11,38585,"Basel, St-Louis Grenze","Basel, Dreispitz",G,,2026-10-03 23:34:30+00:00,2026-10-03 23:34:30+00:00,,True,0.0,2026-10-04 00:50:50.695000+02:00,2026-10-04 01:34:30+02:00,2026-10-04 01:34:30+02:00,2026-10-04,1,Sunday,True,43.65508333333333
20261003_225045,2026-10-03 22:50:50.695000+00:00,Basel,local,ch:1:sloid:78143,"Basel, Bahnhof SBB",ch:1:sloid:78143:1:35,2026-10-03,ch:1:sjyid:100019:plan:db90b3ed-bbe7-4121-a1f6-0a019333f15e,tram,Tram,11,11,38568,"Basel, Dreispitz","Basel, Saint-Louis Grenze",H,,2026-10-03 23:40:30+00:00,2026-10-03 23:40:30+00:00,,True,0.0,2026-10-04 00:50:50.695000+02:00,2026-10-04 01:40:30+02:00,2026-10-04 01:40:30+02:00,2026-10-04,1,Sunday,True,49.65508333333333
20261003_225045,2026-10-03 22:50:50.695000+00:00,Basel,local,ch:1:sloid:78143,"Basel, Bahnhof SBB",ch:1:sloid:78143:1:35,2026-10-03,ch:1:sjyid:100019:plan:5a8758a2-a384-4814-9eec-1e3190660207,tram,Tram,10,10,10556,"Dornach, Bahnhof","Flüh, Station",H,,2026-10-03 23:44:00+00:00,2026-10-03 23:44:48+00:00,,True,0.8,2026-10-04 00:50:50.695000+02:00,2026-10-04 01:44:00+02:00,2026-10-04 01:44:48+02:00,2026-10-04,1,Sunday,True,53.15508333333333
20261003_225045,2026-10-03 22:50:50.695000+00:00,Basel,local,ch:1:sloid:78143,"Basel, Bahnhof SBB",ch:1:sloid:78143:1:32,2026-10-03,ch:1:sjyid:100622:plan:1eee66b6-26f2-44de-aec7-44ca25f67499,tram,Tram,8,8,8284,"Weil am Rhein, Bahnhof/Zentrum","Basel, Neuweilerstrasse",E,,2026-10-03 23:46:00+00:00,2026-10-03 23:46:00+00:00,,True,0.0,2026-10-04 00:50:50.695000+02:00,2026-10-04 01:46:00+02:00,2026-10-04 01:46:00+02:00,2026-10-04,1,Sunday,True,55.15508333333333
20261003_225045,2026-10-03 22:50:50.695000+00:00,Basel,local,ch:1:sloid:78143,"Basel, Bahnhof SBB",ch:1:sloid:78143:3:3,2026-10-03,ch:1:sjyid:100622:plan:520a235d-855e-47e1-bdf5-1bf11454462c,bus,Bus,30,30,30273,"Basel, Bahnhof SBB","Basel, Badischer Bahnhof",B,,2026-10-03 23:46:00+00:00,,,False,,2026-10-04 00:50:50.695000+02:00,2026-10-04 01:46:00+02:00,,2026-10-04,1,Sunday,True,55.15508333333333
20261003_225045,2026-10-03 22:50:50.695000+00:00,Basel,local,ch:1:sloid:78143,"Basel, Bahnhof SBB",ch:1:sloid:78143:1:34,2026-10-03,ch:1:sjyid:100019:plan:e02c8aa8-0945-4dae-80c3-2996778976c6,tram,Tram,10,10,10641,"Rodersdorf, Station","Arlesheim, Dorf",G,,2026-10-04 00:02:00+00:00,2026-10-04 00:02:30+00:00,,True,0.5,2026-10-04 00:50:50.695000+02:00,2026-10-04 02:02:00+02:00,2026-10-04 02:02:30+02:00,2026-10-04,2,Sunday,True,71.15508333333334
20261003_225045,2026-10-03 22:50:50.695000+00:00,Basel,local,ch:1:sloid:78143,"Basel, Bahnhof SBB",ch:1:sloid:78143:1:31,2026-10-03,ch:1:sjyid:100622:plan:d36238a7-b3e5-4a40-9d6a-57accaa85701,tram,Tram,1,1,1278,"Basel, Bahnhof SBB","Basel, Dreirosenbrücke",D,,2026-10-04 00:13:42+00:00,2026-10-04 00:13:42+00:00,,True,0.0,2026-10-04 00:50:50.695000+02:00,2026-10-04 02:13:42+02:00,2026-10-04 02:13:42+02:00,2026-10-04,2,Sunday,True,82.85508333333334
20261003_225045,2026-10-03 22:50:51.180000+00:00,Luzern,local,ch:1:sloid:8450,"Luzern, Bahnhof",ch:1:sloid:8450::1,2026-10-03,ch:1:sjyid:100619:plan:fd2e2886-1ed1-44aa-bcab-76ff755bc077,bus,Bus,7,7,26571,"Luzern, Unterlöchli",Werkhofstrasse,A,,2026-10-03 22:56:00+00:00,2026-10-03 22:59:06+00:00,,True,3.1,2026-10-04 00:50:51.180000+02:00,2026-10-04 00:56:00+02:00,2026-10-04 00:59:06+02:00,2026-10-04,0,Sunday,True,5.147
20261003_225045,2026-10-03 22:50:51.180000+00:00,Luzern,local,ch:1:sloid:8450,"Luzern, Bahnhof",ch:1:sloid:8450::2,2026-10-03,ch:1:sjyid:100619:plan:5e40f9f0-e4e7-4883-b4cf-64367600c295,bus,Bus,1,1,6346,"Obernau, Dorf",Ebikon Fildern,B,,2026-10-03 22:58:18+00:00,2026-10-03 22:58:12+00:00,,True,-0.1,2026-10-04 00:50:51.180000+02:00,2026-10-04 00:58:18+02:00,2026-10-04 00:58:12+02:00,2026-10-04,0,Sunday,True,7.447
20261003_225045,2026-10-03 22:50:51.180000+00:00,Luzern,local,ch:1:sloid:8450,"Luzern, Bahnhof",ch:1:sloid:8450::1,2026-10-03,ch:1:sjyid:100619:plan:263b6c0e-2906-42ce-9e22-089adbe54997,bus,Nachtbus,N1,N1,91005,"Luzern, Bahnhof",Obernau Dorf,A,,2026-10-03 23:00:00+00:00,2026-10-03 23:00:00+00:00,,True,0.0,2026-10-04 00:50:51.180000+02:00,2026-10-04 01:00:00+02:00,2026-10-04 01:00:00+02:00,2026-10-04,1,Sunday,True,9.147
20261003_225045,2026-10-03 22:50:51.180000+00:00,Luzern,local,ch:1:sloid:8450,"Luzern, Bahnhof",ch:1:sloid:8450::18,2026-10-03,ch:1:sjyid:100619:plan:6a058a53-52e0-43fc-88bd-2c692e794612,bus,Nachtbus,N12,N12,96001,"Luzern, Bahnhof",Gasshof,K,,2026-10-03 23:00:00+00:00,2026-10-03 23:00:00+00:00,,True,0.0,2026-10-04 00:50:51.180000+02:00,2026-10-04 01:00:00+02:00,2026-10-04 01:00:00+02:00,2026-10-04,1,Sunday,True,9.147
20261003_225045,2026-10-03 22:50:51.180000+00:00,Luzern,local,ch:1:sloid:8450,"Luzern, Bahnhof",ch:1:sloid:8450::16,2026-10-03,ch:1:sjyid:100619:plan:1572b909-9fdf-4838-a112-11a742de04a8,bus,Nachtbus,N20,N20,98001,"Luzern, Bahnhof",Horw Zentrum,V,,2026-10-03 23:00:00+00:00,,,False,,2026-10-04 00:50:51.180000+02:00,2026-10-04 01:00:00+02:00,,2026-10-04,1,Sunday,True,9.147
20261003_225045,2026-10-03 22:50:51.180000+00:00,Luzern,local,ch:1:sloid:8450,"Luzern, Bahnhof",ch:1:sloid:8450,2026-10-03,ch:1:sjyid:100602:d5e33d7c-8219-4aa8-92b8-711e93842511,bus,Nachtbus,N72,N72,97201,"Luzern, Bahnhof",Neuenkirch,,,2026-10-03 23:00:00+00:00,2026-10-03 23:00:00+00:00,,True,0.0,2026-10-04 00:50:51.180000+02:00,2026-10-04 01:00:00+02:00,2026-10-04 01:00:00+02:00,2026-10-04,1,Sunday,True,9.147
20261003_225045,2026-10-03 22:50:51.180000+00:00,Luzern,local,ch:1:sloid:8450,"Luzern, Bahnhof",ch:1:sloid:8450::1,2026-10-03,ch:1:sjyid:100619:plan:c00316ae-1925-4aeb-948b-30b2343e9ce9,bus,Bus,6,6,22471,"Luzern, Büttenenhalde",Werkhofstrasse,A,,2026-10-03 23:09:00+00:00,2026-10-03 23:10:00+00:00,,True,1.0,2026-10-04 00:50:51.180000+02:00,2026-10-04 01:09:00+02:00,2026-10-04 01:10:00+02:00,2026-10-04,1,Sunday,True,18.147
20261003_225045,2026-10-03 22:50:51.180000+00:00,Luzern,local,ch:1:sloid:8450,"Luzern, Bahnhof",ch:1:sloid:8450,2026-10-03,ch:1:sjyid:100602:2fc64617-25b0-484d-a884-150be43027d4,bus,Nachtbus,N5,N5,90501,"Luzern, Bahnhof",Sarnen,,,2026-10-03 23:30:00+00:00,,,False,,2026-10-04 00:50:51.180000+02:00,2026-10-04 01:30:00+02:00,,2026-10-04,1,Sunday,True,39.147000000000006
20261003_225045,2026-10-03 22:50:51.180000+00:00,Luzern,local,ch:1:sloid:8450,"Luzern, Bahnhof",ch:1:sloid:8450::19,2026-10-03,ch:1:sjyid:100638:b7cbe913-78cb-4ea7-a56f-79145ab9d44c,bus,Bus,N9,N9,90900,"Luzern, Bahnhof","Beinwil am See, Bahnhof",L,,2026-10-03 23:30:00+00:00,,,False,,2026-10-04 00:50:51.180000+02:00,2026-10-04 01:30:00+02:00,,2026-10-04,1,Sunday,True,39.147000000000006
20261003_225045,2026-10-03 22:50:51.180000+00:00,Luzern,local,ch:1:sloid:8450,"Luzern, Bahnhof",ch:1:sloid:8450::11,2026-10-03,ch:1:sjyid:100619:plan:c3888d92-bbd4-4ea1-b04b-b0edca5e19dd,bus,Nachtbus,N14,N14,97000,"Luzern, Bahnhof",Büttenenhalde,R,,2026-10-03 23:30:00+00:00,,,False,,2026-10-04 00:50:51.180000+02:00,2026-10-04 01:30:00+02:00,,2026-10-04,1,Sunday,True,39.147000000000006
20261003_225045,2026-10-03 22:50:51.180000+00:00,Luzern,local,ch:1:sloid:8450,"Luzern, Bahnhof",ch:1:sloid:8450,2026-10-03,ch:1:sjyid:100602:34356706-50d5-4ae2-b6ca-4e3b87ef9a7e,bus,Nachtbus,N73,N73,97301,"Luzern, Bahnhof","Meierskappel, Dorfplatz",,,2026-10-03 23:30:00+00:00,,,False,,2026-10-04 00:50:51.180000+02:00,2026-10-04 01:30:00+02:00,,2026-10-04,1,Sunday,True,39.147000000000006
20261003_225045,2026-10-03 22:50:51.180000+00:00,Luzern,local,ch:1:sloid:8450,"Luzern, Bahnhof",ch:1:sloid:8450::1,2026-10-03,ch:1:sjyid:100619:plan:d2222160-3e1f-4e37-84fd-dd8b5d193ed7,bus,Nachtbus,N1,N1,91013,"Luzern, Bahnhof",Obernau Dorf,A,,2026-10-03 23:30:00+00:00,,,False,,2026-10-04 00:50:51.180000+02:00,2026-10-04 01:30:00+02:00,,2026-10-04,1,Sunday,True,39.147000000000006
20261003_225045,2026-10-03 22:50:51.180000+00:00,Luzern,local,ch:1:sloid:8450,"Luzern, Bahnhof",ch:1:sloid:8450::23,2026-10-03,ch:1:sjyid:100619:plan:bc55c6d2-9773-40fa-94a3-83d3b53a99a4,bus,Nachtbus,N2,N2,92001,"Luzern, Bahnhof",Emmen - Rüeggisingen,Y,,2026-10-03 23:30:00+00:00,,,False,,2026-10-04 00:50:51.180000+02:00,2026-10-04 01:30:00+02:00,,2026-10-04,1,Sunday,True,39.147000000000006
20261003_225045,2026-10-03 22:50:51.180000+00:00,Luzern,local,ch:1:sloid:8450,"Luzern, Bahnhof",ch:1:sloid:8450::16,2026-10-03,ch:1:sjyid:100619:plan:43abd1cd-7fbb-4870-8bbe-aa0f27d1812b,bus,Nachtbus,N4,N4,94003,"Luzern, Bahnhof",Stans Bahnhof,V,,2026-10-03 23:30:00+00:00,,,False,,2026-10-04 00:50:51.180000+02:00,2026-10-04 01:30:00+02:00,,2026-10-04,1,Sunday,True,39.147000000000006
20261003_225045,2026-10-03 22:50:51.180000+00:00,Luzern,local,ch:1:sloid:8450,"Luzern, Bahnhof",ch:1:sloid:8450::18,2026-10-03,ch:1:sjyid:100619:plan:329fce7b-4d00-4c3b-92a5-a4600d5ba424,bus,Nachtbus,N6,N6,95007,"Luzern, Bahnhof",Menznau,K,,2026-10-03 23:30:00+00:00,2026-10-03 23:30:00+00:00,,True,0.0,2026-10-04 00:50:51.180000+02:00,2026-10-04 01:30:00+02:00,2026-10-04 01:30:00+02:00,2026-10-04,1,Sunday,True,39.147000000000006
20261003_225045,2026-10-03 22:50:51.180000+00:00,Luzern,local,ch:1:sloid:8450,"Luzern, Bahnhof",ch:1:sloid:8450::10,2026-10-03,ch:1:sjyid:100619:plan:781ad08c-43eb-46dd-a9ce-526791d9d192,bus,Nachtbus,N21,N21,99005,"Luzern, Bahnhof",Horw Zentrum,J,,2026-10-03 23:30:00+00:00,,,False,,2026-10-04 00:50:51.180000+02:00,2026-10-04 01:30:00+02:00,,2026-10-04,1,Sunday,True,39.147000000000006
20261003_225045,2026-10-03 22:50:51.180000+00:00,Luzern,local,ch:1:sloid:8450,"Luzern, Bahnhof",ch:1:sloid:8450::2,2026-10-03,ch:1:sjyid:100619:plan:d3bbbaee-2e5a-46b1-b14a-468e76b911de,bus,Nachtbus,N1,N1,91008,"Obernau, Dorf",Perlen Fabrik,B,,2026-10-03 23:33:00+00:00,2026-10-03 23:33:00+00:00,,True,0.0,2026-10-04 00:50:51.180000+02:00,2026-10-04 01:33:00+02:00,2026-10-04 01:33:00+02:00,2026-10-04,1,Sunday,True,42.147000000000006
20261003_225045,2026-10-03 22:50:51.180000+00:00,Luzern,local,ch:1:sloid:8450,"Luzern, Bahnhof",ch:1:sloid:8450::12,2026-10-03,ch:1:sjyid:100619:plan:a2707203-0af8-49fa-8f7f-d521a6ebadb1,bus,Nachtbus,N3,N3,93000,"Luzern, Bahnhof",Arth Goldau Bahnhof,S,,2026-10-03 23:40:00+00:00,,,False,,2026-10-04 00:50:51.180000+02:00,2026-10-04 01:40:00+02:00,,2026-10-04,1,Sunday,True,49.147000000000006
20261003_225045,2026-10-03 22:50:51.180000+00:00,Luzern,local,ch:1:sloid:8450,"Luzern, Bahnhof",ch:1:sloid:8450::1,2026-10-03,ch:1:sjyid:100619:plan:69921dcb-dd6b-45e5-83c8-23ad7dabee78,bus,Nachtbus,N1,N1,91021,"Luzern, Bahnhof",Obernau Dorf,A,,2026-10-04 00:00:00+00:00,,,False,,2026-10-04 00:50:51.180000+02:00,2026-10-04 02:00:00+02:00,,2026-10-04,2,Sunday,True,69.14699999999999
20261003_225045,2026-10-03 22:50:51.180000+00:00,Luzern,local,ch:1:sloid:8450,"Luzern, Bahnhof",ch:1:sloid:8450::18,2026-10-03,ch:1:sjyid:100619:plan:2c936bcc-f9cf-440e-b156-598440ea4d52,bus,Nachtbus,N12,N12,96011,"Luzern, Bahnhof",Gasshof,K,,2026-10-04 00:00:00+00:00,,,False,,2026-10-04 00:50:51.180000+02:00,2026-10-04 02:00:00+02:00,,2026-10-04,2,Sunday,True,69.14699999999999
20261003_225045,2026-10-03 22:50:51.180000+00:00,Luzern,local,ch:1:sloid:8450,"Luzern, Bahnhof",ch:1:sloid:8450::16,2026-10-03,ch:1:sjyid:100619:plan:6b6055a8-cd13-4934-b868-698a2b7309ca,bus,Nachtbus,N20,N20,98009,"Luzern, Bahnhof",Horw Zentrum,V,,2026-10-04 00:00:00+00:00,,,False,,2026-10-04 00:50:51.180000+02:00,2026-10-04 02:00:00+02:00,,2026-10-04,2,Sunday,True,69.14699999999999
20261003_225045,2026-10-03 22:50:51.180000+00:00,Luzern,local,ch:1:sloid:8450,"Luzern, Bahnhof",ch:1:sloid:8450,2026-10-03,ch:1:sjyid:100602:dc896b28-a3a3-44ff-b4a2-00a4059825a1,bus,Nachtbus,N72,N72,97203,"Luzern, Bahnhof",Neuenkirch,,,2026-10-04 00:00:00+00:00,,,False,,2026-10-04 00:50:51.180000+02:00,2026-10-04 02:00:00+02:00,,2026-10-04,2,Sunday,True,69.14699999999999
20261003_225045,2026-10-03 22:50:51.180000+00:00,Luzern,local,ch:1:sloid:8450,"Luzern, Bahnhof",ch:1:sloid:8450::2,2026-10-03,ch:1:sjyid:100619:plan:f05b0c35-026b-4be0-bc6f-0cd2073912f7,bus,Nachtbus,N1,N1,91018,"Obernau, Dorf",Gisikon Weitblick,B,,2026-10-04 00:03:00+00:00,,,False,,2026-10-04 00:50:51.180000+02:00,2026-10-04 02:03:00+02:00,,2026-10-04,2,Sunday,True,72.14699999999999
20261003_225045,2026-10-03 22:50:51.180000+00:00,Luzern,local,ch:1:sloid:8450,"Luzern, Bahnhof",ch:1:sloid:8450,2026-10-03,ch:1:sjyid:100602:a933639c-58f6-44f3-afd0-4f319df03dfc,bus,Nachtbus,N5,N5,90503,"Luzern, Bahnhof",Sarnen,,,2026-10-04 00:30:00+00:00,,,False,,2026-10-04 00:50:51.180000+02:00,2026-10-04 02:30:00+02:00,,2026-10-04,2,Sunday,True,99.14699999999999
20261003_225045,2026-10-03 22:50:51.180000+00:00,Luzern,local,ch:1:sloid:8450,"Luzern, Bahnhof",ch:1:sloid:8450::19,2026-10-03,ch:1:sjyid:100638:c939f65b-9400-402e-808c-cdff1f1e4350,bus,Bus,N9,N9,90902,"Luzern, Bahnhof","Reinach AG, Bahnhof",L,,2026-10-04 00:30:00+00:00,,,False,,2026-10-04 00:50:51.180000+02:00,2026-10-04 02:30:00+02:00,,2026-10-04,2,Sunday,True,99.14699999999999
20261003_225045,2026-10-03 22:50:51.180000+00:00,Luzern,local,ch:1:sloid:8450,"Luzern, Bahnhof",ch:1:sloid:8450::11,2026-10-03,ch:1:sjyid:100619:plan:7924fae3-b59e-4a4f-aae0-9654bce25e47,bus,Nachtbus,N14,N14,97008,"Luzern, Bahnhof",Büttenenhalde,R,,2026-10-04 00:30:00+00:00,,,False,,2026-10-04 00:50:51.180000+02:00,2026-10-04 02:30:00+02:00,,2026-10-04,2,Sunday,True,99.14699999999999
20261003_225045,2026-10-03 22:50:51.180000+00:00,Luzern,local,ch:1:sloid:8450,"Luzern, Bahnhof",ch:1:sloid:8450,2026-10-03,ch:1:sjyid:100602:3a8822c6-fe71-4dcb-8538-616363ba02b9,bus,Nachtbus,N73,N73,97303,"Luzern, Bahnhof","Udligenswil, alte Post",,,2026-10-04 00:30:00+00:00,,,False,,2026-10-04 00:50:51.180000+02:00,2026-10-04 02:30:00+02:00,,2026-10-04,2,Sunday,True,99.14699999999999
20261003_225045,2026-10-03 22:50:51.180000+00:00,Luzern,local,ch:1:sloid:8450,"Luzern, Bahnhof",ch:1:sloid:8450::1,2026-10-03,ch:1:sjyid:100619:plan:fe8a22ac-708a-4fba-9f94-700ccb557b73,bus,Nachtbus,N1,N1,91029,"Perlen, Fabrik",Obernau Dorf,A,,2026-10-04 00:30:00+00:00,,,False,,2026-10-04 00:50:51.180000+02:00,2026-10-04 02:30:00+02:00,,2026-10-04,2,Sunday,True,99.14699999999999
20261003_225045,2026-10-03 22:50:51.180000+00:00,Luzern,local,ch:1:sloid:8450,"Luzern, Bahnhof",ch:1:sloid:8450::23,2026-10-03,ch:1:sjyid:100619:plan:31c68952-d2b6-4113-a8da-2376795504bc,bus,Nachtbus,N2,N2,92007,"Luzern, Bahnhof",Emmen - Rüeggisingen,Y,,2026-10-04 00:30:00+00:00,,,False,,2026-10-04 00:50:51.180000+02:00,2026-10-04 02:30:00+02:00,,2026-10-04,2,Sunday,True,99.14699999999999
20261003_225045,2026-10-03 22:50:51.180000+00:00,Luzern,local,ch:1:sloid:8450,"Luzern, Bahnhof",ch:1:sloid:8450::16,2026-10-03,ch:1:sjyid:100619:plan:225a52b4-d269-42f0-a738-c34c037a793b,bus,Nachtbus,N4,N4,94007,"Luzern, Bahnhof",Stans Bahnhof,V,,2026-10-04 00:30:00+00:00,,,False,,2026-10-04 00:50:51.180000+02:00,2026-10-04 02:30:00+02:00,,2026-10-04,2,Sunday,True,99.14699999999999
20261003_225045,2026-10-03 22:50:51.648000+00:00,St. Gallen,local,ch:1:sloid:74095,"St. Gallen, Bahnhof",ch:1:sloid:74095:0:541287,2026-10-03,ch:1:sjyid:100684:SKI-5605,bus,Bus,5,5,5605,"St. Gallen, Rotmonten",Riethüsli,H,,2026-10-03 22:56:00+00:00,2026-10-03 22:57:18+00:00,,True,1.3,2026-10-04 00:50:51.648000+02:00,2026-10-04 00:56:00+02:00,2026-10-04 00:57:18+02:00,2026-10-04,0,Sunday,True,5.1392
20261003_225045,2026-10-03 22:50:51.648000+00:00,St. Gallen,local,ch:1:sloid:74095,"St. Gallen, Bahnhof",ch:1:sloid:74095:0:181274,2026-10-03,ch:1:sjyid:100684:SKI-2616,bus,Bus,2,2,2616,"St. Gallen, Winkeln",Theater,B,,2026-10-03 22:57:00+00:00,2026-10-03 22:58:00+00:00,,True,1.0,2026-10-04 00:50:51.648000+02:00,2026-10-04 00:57:00+02:00,2026-10-04 00:58:00+02:00,2026-10-04,0,Sunday,True,6.1392
20261003_225045,2026-10-03 22:50:51.648000+00:00,St. Gallen,local,ch:1:sloid:74095,"St. Gallen, Bahnhof",ch:1:sloid:74095:0:606657,2026-10-03,ch:1:sjyid:100684:SKI-8388,bus,Bus,8,8,8388,"St. Gallen, Wendeplatz Stocken",Theater,I,,2026-10-03 22:57:00+00:00,2026-10-03 22:57:48+00:00,,True,0.8,2026-10-04 00:50:51.648000+02:00,2026-10-04 00:57:00+02:00,2026-10-04 00:57:48+02:00,2026-10-04,0,Sunday,True,6.1392
20261003_225045,2026-10-03 22:50:51.648000+00:00,St. Gallen,local,ch:1:sloid:74095,"St. Gallen, Bahnhof",ch:1:sloid:74095:0:894224,2026-10-03,ch:1:sjyid:100684:SKI-6602,bus,Bus,6,6,6602,"St. Gallen, Bach St. Georgen",Marktplatz / Bohl,E,,2026-10-03 22:58:00+00:00,2026-10-03 22:58:00+00:00,,True,0.0,2026-10-04 00:50:51.648000+02:00,2026-10-04 00:58:00+02:00,2026-10-04 00:58:00+02:00,2026-10-04,0,Sunday,True,7.1392
20261003_225045,2026-10-03 22:50:51.648000+00:00,St. Gallen,local,ch:1:sloid:74095,"St. Gallen, Bahnhof",ch:1:sloid:74095:0:894224,2026-10-03,ch:1:sjyid:100684:SKI-4348,bus,Bus,4,4,4348,"Abtwil SG, St. Josefen",Marktplatz / Bohl,E,,2026-10-03 22:59:00+00:00,2026-10-03 22:59:06+00:00,,True,0.1,2026-10-04 00:50:51.648000+02:00,2026-10-04 00:59:00+02:00,2026-10-04 00:59:06+02:00,2026-10-04,0,Sunday,True,8.139199999999999
20261003_225045,2026-10-03 22:50:51.648000+00:00,St. Gallen,local,ch:1:sloid:74095,"St. Gallen, Bahnhof",ch:1:sloid:74095:0:181274,2026-10-03,ch:1:sjyid:100684:SKI-1618,bus,Bus,1,1,1618,"St. Gallen, Wolfganghof",Theater,B,,2026-10-03 23:00:00+00:00,2026-10-03 23:00:00+00:00,,True,0.0,2026-10-04 00:50:51.648000+02:00,2026-10-04 01:00:00+02:00,2026-10-04 01:00:00+02:00,2026-10-04,1,Sunday,True,9.139199999999999
20261003_225045,2026-10-03 22:50:51.648000+00:00,St. Gallen,local,ch:1:sloid:74095,"St. Gallen, Bahnhof",ch:1:sloid:74095:0:989159,2026-10-03,ch:1:sjyid:100684:SKI-2623,bus,Bus,2,2,2623,"St. Gallen, Singenberg",Wolfganghof,A,,2026-10-03 23:01:00+00:00,2026-10-03 23:01:00+00:00,,True,0.0,2026-10-04 00:50:51.648000+02:00,2026-10-04 01:01:00+02:00,2026-10-04 01:01:00+02:00,2026-10-04,1,Sunday,True,10.139199999999999
20261003_225045,2026-10-03 22:50:51.648000+00:00,St. Gallen,local,ch:1:sloid:74095,"St. Gallen, Bahnhof",ch:1:sloid:74095:0:606657,2026-10-03,ch:1:sjyid:100684:SKI-5600,bus,Bus,5,5,5600,"St. Gallen, Bahnhof",Rotmonten,I,,2026-10-03 23:02:00+00:00,2026-10-03 23:02:00+00:00,,True,0.0,2026-10-04 00:50:51.648000+02:00,2026-10-04 01:02:00+02:00,2026-10-04 01:02:00+02:00,2026-10-04,1,Sunday,True,11.139199999999999
20261003_225045,2026-10-03 22:50:51.648000+00:00,St. Gallen,local,ch:1:sloid:74095,"St. Gallen, Bahnhof",ch:1:sloid:74095:0:894224,2026-10-03,ch:1:sjyid:100684:SKI-4356,bus,Bus,4,4,4356,"St. Gallen, Bahnhof","Wittenbach, Bahnhof",E,,2026-10-03 23:02:00+00:00,2026-10-03 23:02:00+00:00,,True,0.0,2026-10-04 00:50:51.648000+02:00,2026-10-04 01:02:00+02:00,2026-10-04 01:02:00+02:00,2026-10-04,1,Sunday,True,11.139199999999999
20261003_225045,2026-10-03 22:50:51.648000+00:00,St. Gallen,local,ch:1:sloid:74095,"St. Gallen, Bahnhof",ch:1:sloid:74095:0:541287,2026-10-03,ch:1:sjyid:100546:f57deca2-9032-4f16-95c7-c2e5450ab294,bus,Nachtbus,B21,B21,92007,"Speicher, Bahnhof",Appenzell,H,,2026-10-03 23:03:00+00:00,2026-10-03 23:03:00+00:00,,True,0.0,2026-10-04 00:50:51.648000+02:00,2026-10-04 01:03:00+02:00,2026-10-04 01:03:00+02:00,2026-10-04,1,Sunday,True,12.139199999999999
20261003_225045,2026-10-03 22:50:51.648000+00:00,St. Gallen,local,ch:1:sloid:74095,"St. Gallen, Bahnhof",ch:1:sloid:74095,2026-10-03,ch:1:sjyid:100602:932dfd54-59a7-459e-bdf1-f6ac1bdd5668,bus,Nachtbus,120,120,13028,"Engelburg, Dorfplatz","Heiden, Post",,,2026-10-03 23:03:00+00:00,,,False,,2026-10-04 00:50:51.648000+02:00,2026-10-04 01:03:00+02:00,,2026-10-04,1,Sunday,True,12.139199999999999
20261003_225045,2026-10-03 22:50:51.648000+00:00,St. Gallen,local,ch:1:sloid:74095,"St. Gallen, Bahnhof",ch:1:sloid:74095,2026-10-03,ch:1:sjyid:100602:536e94a9-5785-4511-aa6b-07af322aa884,bus,Nachtbus,211,211,21198,"St. Gallen, Bahnhof","Arbon, Bahnhof",,,2026-10-03 23:03:00+00:00,,,False,,2026-10-04 00:50:51.648000+02:00,2026-10-04 01:03:00+02:00,,2026-10-04,1,Sunday,True,12.139199999999999
20261003_225045,2026-10-03 22:50:51.648000+00:00,St. Gallen,local,ch:1:sloid:74095,"St. Gallen, Bahnhof",ch:1:sloid:74095,2026-10-03,ch:1:sjyid:100602:8d616cb4-3e05-4992-a070-786f0ea6e4d8,bus,Nachtbus,121,121,12212,"St. Gallen, Bahnhof","Wald AR, Dorf",,,2026-10-03 23:03:00+00:00,,,False,,2026-10-04 00:50:51.648000+02:00,2026-10-04 01:03:00+02:00,,2026-10-04,1,Sunday,True,12.139199999999999
20261003_225045,2026-10-03 22:50:51.648000+00:00,St. Gallen,local,ch:1:sloid:74095,"St. Gallen, Bahnhof",ch:1:sloid:74095,2026-10-03,ojp:96224:1:R:j26:65531,bus,,120,120,,"Engelburg, Dorfplatz",Heiden,,,2026-10-03 23:03:00+00:00,2026-10-03 23:03:00+00:00,,True,0.0,2026-10-04 00:50:51.648000+02:00,2026-10-04 01:03:00+02:00,2026-10-04 01:03:00+02:00,2026-10-04,1,Sunday,True,12.139199999999999
20261003_225045,2026-10-03 22:50:51.648000+00:00,St. Gallen,local,ch:1:sloid:74095,"St. Gallen, Bahnhof",ch:1:sloid:74095,2026-10-03,ojp:96224:2:R:j26:65531,bus,,121,121,,"St. Gallen, Bahnhof",Wald,,,2026-10-03 23:03:00+00:00,,,False,,2026-10-04 00:50:51.648000+02:00,2026-10-04 01:03:00+02:00,,2026-10-04,1,Sunday,True,12.139199999999999
20261003_225045,2026-10-03 22:50:51.648000+00:00,St. Gallen,local,ch:1:sloid:74095,"St. Gallen, Bahnhof",ch:1:sloid:74095,2026-10-03,ojp:96220:8:R:j26:65531,bus,,211,211,,"St. Gallen, Bahnhof",Arbon,,,2026-10-03 23:03:00+00:00,2026-10-03 23:03:00+00:00,,True,0.0,2026-10-04 00:50:51.648000+02:00,2026-10-04 01:03:00+02:00,2026-10-04 01:03:00+02:00,2026-10-04,1,Sunday,True,12.139199999999999
20261003_225045,2026-10-03 22:50:51.648000+00:00,St. Gallen,local,ch:1:sloid:74095,"St. Gallen, Bahnhof",ch:1:sloid:74095:0:894224,2026-10-03,ch:1:sjyid:100684:SKI-3342,bus,Bus,3,3,3342,"Abtwil SG, St. Josefen",Marktplatz / Bohl,E,,2026-10-03 23:14:00+00:00,2026-10-03 23:14:00+00:00,,True,0.0,2026-10-04 00:50:51.648000+02:00,2026-10-04 01:14:00+02:00,2026-10-04 01:14:00+02:00,2026-10-04,1,Sunday,True,23.139200000000002
20261003_225045,2026-10-03 22:50:51.648000+00:00,St. Gallen,local,ch:1:sloid:74095,"St. Gallen, Bahnhof",ch:1:sloid:74095:0:181274,2026-10-03,ch:1:sjyid:100684:SKI-2626,bus,Bus,2,2,2626,"St. Gallen, Winkeln",Theater,B,,2026-10-03 23:17:00+00:00,2026-10-03 23:17:00+00:00,,True,0.0,2026-10-04 00:50:51.648000+02:00,2026-10-04 01:17:00+02:00,2026-10-04 01:17:00+02:00,2026-10-04,1,Sunday,True,26.139200000000002
20261003_225045,2026-10-03 22:50:51.648000+00:00,St. Gallen,local,ch:1:sloid:74095,"St. Gallen, Bahnhof",ch:1:sloid:74095:0:888081,2026-10-03,ch:1:sjyid:100684:SKI-3343,bus,Bus,3,3,3343,"St. Gallen, Bahnhof","Abtwil SG, St.Josefen",F,,2026-10-03 23:22:00+00:00,2026-10-03 23:22:00+00:00,,True,0.0,2026-10-04 00:50:51.648000+02:00,2026-10-04 01:22:00+02:00,2026-10-04 01:22:00+02:00,2026-10-04,1,Sunday,True,31.139200000000002
20261003_225045,2026-10-03 22:50:51.648000+00:00,St. Gallen,local,ch:1:sloid:74095,"St. Gallen, Bahnhof",ch:1:sloid:74095,2026-10-03,ch:1:sjyid:100602:5a2408b0-6d2e-438b-82f5-c29f4b1fb3e4,bus,Nachtbus,120,120,13153,"Heiden, Post","Engelburg, Dorfplatz",,,2026-10-03 23:22:00+00:00,,,False,,2026-10-04 00:50:51.648000+02:00,2026-10-04 01:22:00+02:00,,2026-10-04,1,Sunday,True,31.139200000000002
20261003_225045,2026-10-03 22:50:51.648000+00:00,St. Gallen,local,ch:1:sloid:74095,"St. Gallen, Bahnhof",ch:1:sloid:74095,2026-10-03,ch:1:sjyid:100602:090687c5-2a45-4416-b1c4-d8e5ba1cfe9c,bus,Nachtbus,N6,N6,60001,"St. Gallen, Bahnhof",Bach St. Georgen,,,2026-10-03 23:22:00+00:00,,,False,,2026-10-04 00:50:51.648000+02:00,2026-10-04 01:22:00+02:00,,2026-10-04,1,Sunday,True,31.139200000000002
20261003_225045,2026-10-03 22:50:51.648000+00:00,St. Gallen,local,ch:1:sloid:74095,"St. Gallen, Bahnhof",ch:1:sloid:74095:0:482413,2026-10-03,ch:1:sjyid:100546:db655045-ea0c-4f1e-a93d-a7aab3ba9dc1,bus,Nachtbus,B21,B21,92006,"Appenzell, Bahnhof",Trogen,D,,2026-10-03 23:22:00+00:00,2026-10-03 23:22:00+00:00,,True,0.0,2026-10-04 00:50:51.648000+02:00,2026-10-04 01:22:00+02:00,2026-10-04 01:22:00+02:00,2026-10-04,1,Sunday,True,31.139200000000002
20261003_225045,2026-10-03 22:50:51.648000+00:00,St. Gallen,local,ch:1:sloid:74095,"St. Gallen, Bahnhof",ch:1:sloid:74095,2026-10-03,ojp:96224:1:H:j26:65531,bus,,120,120,,"Heiden, Post",Engelburg,,,2026-10-03 23:22:00+00:00,2026-10-03 23:22:00+00:00,,True,0.0,2026-10-04 00:50:51.648000+02:00,2026-10-04 01:22:00+02:00,2026-10-04 01:22:00+02:00,2026-10-04,1,Sunday,True,31.139200000000002
20261003_225045,2026-10-03 22:50:51.648000+00:00,St. Gallen,local,ch:1:sloid:74095,"St. Gallen, Bahnhof",ch:1:sloid:74095,2026-10-03,ch:1:sjyid:100602:02db51c3-0b66-4f81-a521-35e38b7af4f2,bus,Bus,180,180,18053,"St. Gallen, Bahnhof",Herisau,,,2026-10-03 23:26:00+00:00,,,False,,2026-10-04 00:50:51.648000+02:00,2026-10-04 01:26:00+02:00,,2026-10-04,1,Sunday,True,35.139199999999995
20261003_225045,2026-10-03 22:50:51.648000+00:00,St. Gallen,local,ch:1:sloid:74095,"St. Gallen, Bahnhof",ch:1:sloid:74095:0:181274,2026-10-03,ch:1:sjyid:100684:SKI-2630,bus,Bus,2,2,2630,"St. Gallen Bruggen, Erlachstr.",Guggeien,B,,2026-10-03 23:31:00+00:00,2026-10-03 23:31:00+00:00,,True,0.0,2026-10-04 00:50:51.648000+02:00,2026-10-04 01:31:00+02:00,2026-10-04 01:31:00+02:00,2026-10-04,1,Sunday,True,40.139199999999995
20261003_225045,2026-10-03 22:50:51.648000+00:00,St. Gallen,local,ch:1:sloid:74095,"St. Gallen, Bahnhof",ch:1:sloid:74095,2026-10-03,ch:1:sjyid:100602:9b2acea2-d7e0-4e32-be3a-77f348dda499,bus,Nachtbus,200,200,30042,"St. Gallen, Bahnhof","Arbon, Bahnhof",,,2026-10-03 23:32:00+00:00,,,False,,2026-10-04 00:50:51.648000+02:00,2026-10-04 01:32:00+02:00,,2026-10-04,1,Sunday,True,41.139199999999995
20261003_225045,2026-10-03 22:50:51.648000+00:00,St. Gallen,local,ch:1:sloid:74095,"St. Gallen, Bahnhof",ch:1:sloid:74095,2026-10-03,ojp:96220:5:R:j26:65531,bus,,200,200,,"St. Gallen, Bahnhof",Wittenbach  Arbon,,,2026-10-03 23:32:00+00:00,,,False,,2026-10-04 00:50:51.648000+02:00,2026-10-04 01:32:00+02:00,,2026-10-04,1,Sunday,True,41.139199999999995
20261003_225045,2026-10-03 22:50:51.648000+00:00,St. Gallen,local,ch:1:sloid:74095,"St. Gallen, Bahnhof",ch:1:sloid:74095:0:989159,2026-10-03,ch:1:sjyid:100684:SKI-2629,bus,Bus,2,2,2629,"St. Gallen, Guggeien",Wolfganghof,A,,2026-10-04 00:01:00+00:00,2026-10-04 00:01:00+00:00,,True,0.0,2026-10-04 00:50:51.648000+02:00,2026-10-04 02:01:00+02:00,2026-10-04 02:01:00+02:00,2026-10-04,2,Sunday,True,70.1392
20261003_225045,2026-10-03 22:50:51.648000+00:00,St. Gallen,local,ch:1:sloid:74095,"St. Gallen, Bahnhof",ch:1:sloid:74095,2026-10-03,ch:1:sjyid:100602:6bcf7911-1be0-4a08-8aa2-a02b91de2bcf,bus,Nachtbus,N24,N24,24303,"St. Gallen, Bahnhof",Rheineck,,,2026-10-04 00:02:00+00:00,,,False,,2026-10-04 00:50:51.648000+02:00,2026-10-04 02:02:00+02:00,,2026-10-04,2,Sunday,True,71.1392
20261003_225045,2026-10-03 22:50:51.648000+00:00,St. Gallen,local,ch:1:sloid:74095,"St. Gallen, Bahnhof",ch:1:sloid:74095:0:606657,2026-10-03,ch:1:sjyid:100684:SKI-5606,bus,Bus,5,5,5606,"St. Gallen, Bahnhof",Rotmonten,I,,2026-10-04 00:02:00+00:00,,,False,,2026-10-04 00:50:51.648000+02:00,2026-10-04 02:02:00+02:00,,2026-10-04,2,Sunday,True,71.1392
20261003_225045,2026-10-03 22:50:52.105000+00:00,Lausanne,local,ch:1:sloid:92050,"Lausanne, gare",ch:1:sloid:92050:0:2890,2026-10-03,ch:1:sjyid:100122:plan1:2026_ATT1-96-10-Dimanche-96-9666067,bus,Nachtbus,N6,N6,96007,"Lausanne, Bessières",St-François,E,,2026-10-03 22:49:00+00:00,2026-10-03 22:54:06+00:00,,True,5.1,2026-10-04 00:50:52.105000+02:00,2026-10-04 00:49:00+02:00,2026-10-04 00:54:06+02:00,2026-10-04,0,Sunday,True,-1.8684166666666668
20261003_225045,2026-10-03 22:50:52.105000+00:00,Lausanne,local,ch:1:sloid:92050,"Lausanne, gare",ch:1:sloid:92050:0:2890,2026-10-03,ch:1:sjyid:100122:plan1:2026_ATT1-92-10-Dimanche-92-9669199,bus,Nachtbus,N2,N2,92005,"Lausanne, St-François",Vers-chez-Blanc,E,,2026-10-03 23:07:00+00:00,2026-10-03 23:07:00+00:00,,True,0.0,2026-10-04 00:50:52.105000+02:00,2026-10-04 01:07:00+02:00,2026-10-04 01:07:00+02:00,2026-10-04,1,Sunday,True,16.13158333333333
20261003_225045,2026-10-03 22:50:52.105000+00:00,Lausanne,local,ch:1:sloid:92050,"Lausanne, gare",ch:1:sloid:92050:0:2890,2026-10-03,ch:1:sjyid:100122:plan1:2026_ATT2-94-20-Dimanche-94-9728186,bus,Nachtbus,N4,N4,94005,"Lausanne, St-François",En Coulaye,E,,2026-10-03 23:07:00+00:00,2026-10-03 23:08:00+00:00,,True,1.0,2026-10-04 00:50:52.105000+02:00,2026-10-04 01:07:00+02:00,2026-10-04 01:08:00+02:00,2026-10-04,1,Sunday,True,16.13158333333333
20261003_225045,2026-10-03 22:50:52.105000+00:00,Lausanne,local,ch:1:sloid:92050,"Lausanne, gare",ch:1:sloid:92050:0:2890,2026-10-03,ch:1:sjyid:100122:plan1:2026_ATT4-91-40-Dimanche-91-9851087,bus,Nachtbus,N1,N1,91005,"Lausanne, St-François",Grand-Mont,E,,2026-10-03 23:08:00+00:00,2026-10-03 23:08:00+00:00,,True,0.0,2026-10-04 00:50:52.105000+02:00,2026-10-04 01:08:00+02:00,2026-10-04 01:08:00+02:00,2026-10-04,1,Sunday,True,17.13158333333333
20261003_225045,2026-10-03 22:50:52.105000+00:00,Lausanne,local,ch:1:sloid:92050,"Lausanne, gare",ch:1:sloid:92050:0:2890,2026-10-03,ch:1:sjyid:100122:plan1:2026_ATT1-93-10-Dimanche-93-9667971,bus,Nachtbus,N3,N3,93005,"Lausanne, St-François",Praz-Séchaud,E,,2026-10-03 23:10:00+00:00,,,False,,2026-10-04 00:50:52.105000+02:00,2026-10-04 01:10:00+02:00,,2026-10-04,1,Sunday,True,19.13158333333333
20261003_225045,2026-10-03 22:50:52.105000+00:00,Lausanne,local,ch:1:sloid:92050,"Lausanne, gare",ch:1:sloid:92050:0:2814,2026-10-03,ch:1:sjyid:100122:plan1:2026_ATT2-60-20-Dimanche-60-9722968,bus,Bus,60,60,60001,"Lausanne, gare",Froid.-Laiterie,D,,2026-10-03 23:35:00+00:00,,,False,,2026-10-04 00:50:52.105000+02:00,2026-10-04 01:35:00+02:00,,2026-10-04,1,Sunday,True,44.13158333333333
20261003_225045,2026-10-03 22:50:52.105000+00:00,Lausanne,local,ch:1:sloid:92050,"Lausanne, gare",ch:1:sloid:92050,2026-10-03,ch:1:sjyid:100602:e9e71018-08ea-429c-a36f-cc4e9f9feccf,bus,Bus,362,362,562074,"Lausanne, gare",Mézières  Moudon,,,2026-10-03 23:35:00+00:00,,,False,,2026-10-04 00:50:52.105000+02:00,2026-10-04 01:35:00+02:00,,2026-10-04,1,Sunday,True,44.13158333333333
20261003_225045,2026-10-03 22:50:52.105000+00:00,Lausanne,local,ch:1:sloid:92050,"Lausanne, gare",ch:1:sloid:92050,2026-10-03,ch:1:sjyid:100602:82f4c7ed-0251-4cf2-ad3d-6292e331aef8,bus,Bus,365,365,65042,"Lausanne, gare",Mézières,,,2026-10-03 23:35:00+00:00,,,False,,2026-10-04 00:50:52.105000+02:00,2026-10-04 01:35:00+02:00,,2026-10-04,1,Sunday,True,44.13158333333333
20261003_225045,2026-10-03 22:50:52.105000+00:00,Lausanne,local,ch:1:sloid:92050,"Lausanne, gare",ch:1:sloid:92050:0:2890,2026-10-03,ch:1:sjyid:100122:plan1:2026_ATT1-96-10-Dimanche-96-9666072,bus,Nachtbus,N6,N6,96008,"Grandvaux, Pra Grana",St-François,E,,2026-10-03 23:53:00+00:00,2026-10-03 23:54:06+00:00,,True,1.1,2026-10-04 00:50:52.105000+02:00,2026-10-04 01:53:00+02:00,2026-10-04 01:54:06+02:00,2026-10-04,1,Sunday,True,62.13158333333333
20261003_225045,2026-10-03 22:50:52.105000+00:00,Lausanne,local,ch:1:sloid:92050,"Lausanne, gare",ch:1:sloid:92050:0:2893,2026-10-03,ch:1:sjyid:100122:plan1:2026_ATT1-93-10-Dimanche-93-9667975,bus,Nachtbus,N3,N3,93008,"Lausanne, Praz-Séchaud",St-François,A,,2026-10-04 00:04:00+00:00,,,False,,2026-10-04 00:50:52.105000+02:00,2026-10-04 02:04:00+02:00,,2026-10-04,2,Sunday,True,73.13158333333334
20261003_225045,2026-10-03 22:50:52.105000+00:00,Lausanne,local,ch:1:sloid:92050,"Lausanne, gare",ch:1:sloid:92050:0:2893,2026-10-03,ch:1:sjyid:100122:plan1:2026_ATT4-91-40-Dimanche-91-9851090,bus,Nachtbus,N1,N1,91008,"Le Mont-sur-L., Grand-Mont",St-François,A,,2026-10-04 00:08:00+00:00,2026-10-04 00:08:00+00:00,,True,0.0,2026-10-04 00:50:52.105000+02:00,2026-10-04 02:08:00+02:00,2026-10-04 02:08:00+02:00,2026-10-04,2,Sunday,True,77.13158333333334
20261003_225045,2026-10-03 22:50:52.105000+00:00,Lausanne,local,ch:1:sloid:92050,"Lausanne, gare",ch:1:sloid:92050:0:2893,2026-10-03,ch:1:sjyid:100122:plan1:2026_ATT1-92-10-Dimanche-92-9669202,bus,Nachtbus,N2,N2,92008,"Lausanne, Vers-chez-les-Blanc",St-François,A,,2026-10-04 00:11:00+00:00,2026-10-04 00:11:30+00:00,,True,0.5,2026-10-04 00:50:52.105000+02:00,2026-10-04 02:11:00+02:00,2026-10-04 02:11:30+02:00,2026-10-04,2,Sunday,True,80.13158333333334
20261003_225045,2026-10-03 22:50:52.105000+00:00,Lausanne,local,ch:1:sloid:92050,"Lausanne, gare",ch:1:sloid:92050:0:2890,2026-10-03,ch:1:sjyid:100122:plan1:2026_ATT1-93-10-Dimanche-93-9667972,bus,Nachtbus,N3,N3,93006,"Lausanne, St-François",Praz-Séchaud,E,,2026-10-04 00:22:00+00:00,,,False,,2026-10-04 00:50:52.105000+02:00,2026-10-04 02:22:00+02:00,,2026-10-04,2,Sunday,True,91.13158333333334
20261003_225045,2026-10-03 22:50:52.105000+00:00,Lausanne,local,ch:1:sloid:92050,"Lausanne, gare",ch:1:sloid:92050:0:2893,2026-10-03,ch:1:sjyid:100122:plan1:2026_ATT2-94-20-Dimanche-94-9728189,bus,Nachtbus,N4,N4,94008,"Villars-Ste-Croix, En Coulaye",St-François,A,,2026-10-04 00:22:00+00:00,2026-10-04 00:22:00+00:00,,True,0.0,2026-10-04 00:50:52.105000+02:00,2026-10-04 02:22:00+02:00,2026-10-04 02:22:00+02:00,2026-10-04,2,Sunday,True,91.13158333333334
20261003_225045,2026-10-03 22:50:52.105000+00:00,Lausanne,local,ch:1:sloid:92050,"Lausanne, gare",ch:1:sloid:92050:0:2890,2026-10-03,ch:1:sjyid:100122:plan1:2026_ATT4-91-40-Dimanche-91-9851088,bus,Nachtbus,N1,N1,91006,"Lausanne, St-François",Grand-Mont,E,,2026-10-04 00:27:00+00:00,,,False,,2026-10-04 00:50:52.105000+02:00,2026-10-04 02:27:00+02:00,,2026-10-04,2,Sunday,True,96.13158333333334
20261003_225045,2026-10-03 22:50:52.105000+00:00,Lausanne,local,ch:1:sloid:92050,"Lausanne, gare",ch:1:sloid:92050:0:2890,2026-10-03,ch:1:sjyid:100122:plan1:2026_ATT1-92-10-Dimanche-92-9669200,bus,Nachtbus,N2,N2,92006,"Lausanne, St-François",Vers-chez-Blanc,E,,2026-10-04 00:28:00+00:00,,,False,,2026-10-04 00:50:52.105000+02:00,2026-10-04 02:28:00+02:00,,2026-10-04,2,Sunday,True,97.13158333333334
20261003_225045,2026-10-03 22:50:52.105000+00:00,Lausanne,local,ch:1:sloid:92050,"Lausanne, gare",ch:1:sloid:92050:0:2890,2026-10-03,ch:1:sjyid:100122:plan1:2026_ATT2-94-20-Dimanche-94-9728187,bus,Nachtbus,N4,N4,94006,"Lausanne, St-François",En Coulaye,E,,2026-10-04 00:41:00+00:00,,,False,,2026-10-04 00:50:52.105000+02:00,2026-10-04 02:41:00+02:00,,2026-10-04,2,Sunday,True,110.13158333333334
20261003_225045,2026-10-03 22:50:52.105000+00:00,Lausanne,local,ch:1:sloid:92050,"Lausanne, gare",ch:1:sloid:92050:0:2893,2026-10-03,ch:1:sjyid:100122:plan1:2026_ATT1-93-10-Dimanche-93-9667976,bus,Nachtbus,N3,N3,93009,"Lausanne, Praz-Séchaud",St-François,A,,2026-10-04 01:16:00+00:00,,,False,,2026-10-04 00:50:52.105000+02:00,2026-10-04 03:16:00+02:00,,2026-10-04,3,Sunday,True,145.13158333333334
20261003_225045,2026-10-03 22:50:52.105000+00:00,Lausanne,local,ch:1:sloid:92050,"Lausanne, gare",ch:1:sloid:92050:0:2890,2026-10-03,ch:1:sjyid:100122:plan1:2026_ATT1-96-10-Dimanche-96-9666073,bus,Nachtbus,N6,N6,96009,"Grandvaux, Pra Grana",St-François,E,,2026-10-04 01:19:00+00:00,,,False,,2026-10-04 00:50:52.105000+02:00,2026-10-04 03:19:00+02:00,,2026-10-04,3,Sunday,True,148.13158333333334
20261003_225045,2026-10-03 22:50:52.105000+00:00,Lausanne,local,ch:1:sloid:92050,"Lausanne, gare",ch:1:sloid:92050:0:2893,2026-10-03,ch:1:sjyid:100122:plan1:2026_ATT4-91-40-Dimanche-91-9851092,bus,Nachtbus,N1,N1,91009,"Le Mont-sur-L., Grand-Mont",St-François,A,,2026-10-04 01:26:00+00:00,,,False,,2026-10-04 00:50:52.105000+02:00,2026-10-04 03:26:00+02:00,,2026-10-04,3,Sunday,True,155.13158333333334
20261003_225045,2026-10-03 22:50:52.105000+00:00,Lausanne,local,ch:1:sloid:92050,"Lausanne, gare",ch:1:sloid:92050:0:2893,2026-10-03,ch:1:sjyid:100122:plan1:2026_ATT1-92-10-Dimanche-92-9669203,bus,Nachtbus,N2,N2,92009,"Lausanne, Vers-chez-les-Blanc",St-François,A,,2026-10-04 01:31:00+00:00,,,False,,2026-10-04 00:50:52.105000+02:00,2026-10-04 03:31:00+02:00,,2026-10-04,3,Sunday,True,160.13158333333334
20261003_225045,2026-10-03 22:50:52.105000+00:00,Lausanne,local,ch:1:sloid:92050,"Lausanne, gare",ch:1:sloid:92050,2026-10-03,ch:1:sjyid:100122:plan1:2026_ATT1-93-10-Dimanche-93-9667974,bus,Nachtbus,N3,N3,,"Lausanne, St-François",Praz-Séchaud,B,,2026-10-04 01:32:00+00:00,,,False,,2026-10-04 00:50:52.105000+02:00,2026-10-04 03:32:00+02:00,,2026-10-04,3,Sunday,True,161.13158333333334
20261003_225045,2026-10-03 22:50:52.105000+00:00,Lausanne,local,ch:1:sloid:92050,"Lausanne, gare",ch:1:sloid:92050,2026-10-03,ch:1:sjyid:100122:plan1:2026_ATT1-93-10-Dimanche-93-9667974,bus,Nachtbus,N3,N3,,"Lausanne, St-François",Praz-Séchaud,E,,2026-10-04 01:34:00+00:00,,,False,,2026-10-04 00:50:52.105000+02:00,2026-10-04 03:34:00+02:00,,2026-10-04,3,Sunday,True,163.13158333333334
20261003_225045,2026-10-03 22:50:52.105000+00:00,Lausanne,local,ch:1:sloid:92050,"Lausanne, gare",ch:1:sloid:92050,2026-10-03,ch:1:sjyid:100122:plan1:2026_ATT1-93-10-Dimanche-93-9667974,bus,Nachtbus,N3,N3,,"Lausanne, St-François",Praz-Séchaud,E,,2026-10-04 01:34:00+00:00,,,False,,2026-10-04 00:50:52.105000+02:00,2026-10-04 03:34:00+02:00,,2026-10-04,3,Sunday,True,163.13158333333334
20261003_225045,2026-10-03 22:50:52.105000+00:00,Lausanne,local,ch:1:sloid:92050,"Lausanne, gare",ch:1:sloid:92050:0:2814,2026-10-03,ch:1:sjyid:100122:plan1:2026_ATT2-60-20-Dimanche-60-9722966,bus,Bus,60,60,,"Lausanne, gare",Froid.-Laiterie,D,,2026-10-04 01:35:00+00:00,,,False,,2026-10-04 00:50:52.105000+02:00,2026-10-04 03:35:00+02:00,,2026-10-04,3,Sunday,True,164.13158333333334
20261003_225045,2026-10-03 22:50:52.105000+00:00,Lausanne,local,ch:1:sloid:92050,"Lausanne, gare",ch:1:sloid:92050,2026-10-03,ch:1:sjyid:100602:8696478a-e8db-4574-8221-439d57c35c03,bus,Bus,362,362,562078,"Lausanne, gare",Mézières  Moudon,,,2026-10-04 01:35:00+00:00,,,False,,2026-10-04 00:50:52.105000+02:00,2026-10-04 03:35:00+02:00,,2026-10-04,3,Sunday,True,164.13158333333334
20261003_225045,2026-10-03 22:50:52.105000+00:00,Lausanne,local,ch:1:sloid:92050,"Lausanne, gare",ch:1:sloid:92050,2026-10-03,ch:1:sjyid:100602:54a474e1-5451-49f6-8bee-766134f61b76,bus,Bus,365,365,65046,"Lausanne, gare",Mézières,,,2026-10-04 01:35:00+00:00,,,False,,2026-10-04 00:50:52.105000+02:00,2026-10-04 03:35:00+02:00,,2026-10-04,3,Sunday,True,164.13158333333334
20261003_225045,2026-10-03 22:50:52.105000+00:00,Lausanne,local,ch:1:sloid:92050,"Lausanne, gare",ch:1:sloid:92050,2026-10-03,ch:1:sjyid:100122:plan1:2026_ATT4-91-40-Dimanche-91-9851089,bus,Nachtbus,N1,N1,,"Lausanne, St-François",Grand-Mont,B,,2026-10-04 01:42:00+00:00,,,False,,2026-10-04 00:50:52.105000+02:00,2026-10-04 03:42:00+02:00,,2026-10-04,3,Sunday,True,171.13158333333334
20261003_225045,2026-10-03 22:50:52.105000+00:00,Lausanne,local,ch:1:sloid:92050,"Lausanne, gare",ch:1:sloid:92050,2026-10-03,ch:1:sjyid:100122:plan1:2026_ATT4-91-40-Dimanche-91-9851089,bus,Nachtbus,N1,N1,,"Lausanne, St-François",Grand-Mont,E,,2026-10-04 01:43:00+00:00,,,False,,2026-10-04 00:50:52.105000+02:00,2026-10-04 03:43:00+02:00,,2026-10-04,3,Sunday,True,172.13158333333334
20261003_225045,2026-10-03 22:50:52.105000+00:00,Lausanne,local,ch:1:sloid:92050,"Lausanne, gare",ch:1:sloid:92050,2026-10-03,ch:1:sjyid:100122:plan1:2026_ATT4-91-40-Dimanche-91-9851089,bus,Nachtbus,N1,N1,,"Lausanne, St-François",Grand-Mont,E,,2026-10-04 01:43:00+00:00,,,False,,2026-10-04 00:50:52.105000+02:00,2026-10-04 03:43:00+02:00,,2026-10-04,3,Sunday,True,172.13158333333334
20261003_225045,2026-10-03 22:50:52.614000+00:00,Genève,local,ch:1:sloid:87057,"Genève, gare Cornavin",ch:1:sloid:87057,2026-10-03,ch:1:sjyid:100680:HAS-26-03-0-Samedi-33837497,bus,Bus,3,3,554500,"Genève, Crêts-de-Champel",Gardiol,,,2026-10-03 22:51:00+00:00,2026-10-03 22:52:06+00:00,,True,1.1,2026-10-04 00:50:52.614000+02:00,2026-10-04 00:51:00+02:00,2026-10-04 00:52:06+02:00,2026-10-04,0,Sunday,True,0.1231
20261003_225045,2026-10-03 22:50:52.614000+00:00,Genève,local,ch:1:sloid:87057,"Genève, gare Cornavin",ch:1:sloid:87057,2026-10-03,ch:1:sjyid:100680:HAS-26-08-20-13-Samedi-35205303,bus,Bus,20,20,645831,"Veyrier, Tournettes",Valavran,,,2026-10-03 22:53:00+00:00,2026-10-03 22:53:18+00:00,,True,0.3,2026-10-04 00:50:52.614000+02:00,2026-10-04 00:53:00+02:00,2026-10-04 00:53:18+02:00,2026-10-04,0,Sunday,True,2.1231
20261003_225045,2026-10-03 22:50:52.614000+00:00,Genève,local,ch:1:sloid:87057,"Genève, gare Cornavin",ch:1:sloid:87057,2026-10-03,ch:1:sjyid:100680:HAS-26-015925-70-Samedi-35914811,bus,Bus,25,25,698865,"Genève, Jardin Botanique",Thônex-Vallard,,,2026-10-03 22:54:00+00:00,2026-10-03 22:54:48+00:00,,True,0.8,2026-10-04 00:50:52.614000+02:00,2026-10-04 00:54:00+02:00,2026-10-04 00:54:48+02:00,2026-10-04,0,Sunday,True,3.1231
20261003_225045,2026-10-03 22:50:52.614000+00:00,Genève,local,ch:1:sloid:87057,"Genève, gare Cornavin",ch:1:sloid:87057,2026-10-03,ch:1:sjyid:100680:HAS-26-14-10-Samedi-35071178,tram,Tram,14,14,635835,"Bernex, Vailly",Meyrin-Gravière,,,2026-10-03 22:54:00+00:00,2026-10-03 22:52:24+00:00,,True,-1.6,2026-10-04 00:50:52.614000+02:00,2026-10-04 00:54:00+02:00,2026-10-04 00:52:24+02:00,2026-10-04,0,Sunday,True,3.1231
20261003_225045,2026-10-03 22:50:52.614000+00:00,Genève,local,ch:1:sloid:87057,"Genève, gare Cornavin",ch:1:sloid:87057,2026-10-03,ch:1:sjyid:100680:HAS-26-02-06-19-1-Samedi-34653483,bus,Bus,19,19,617893,"Onex, cité",Vernier-Village,,,2026-10-03 22:54:00+00:00,2026-10-03 22:53:30+00:00,,True,-0.5,2026-10-04 00:50:52.614000+02:00,2026-10-04 00:54:00+02:00,2026-10-04 00:53:30+02:00,2026-10-04,0,Sunday,True,3.1231
20261003_225045,2026-10-03 22:50:52.614000+00:00,Genève,local,ch:1:sloid:87057,"Genève, gare Cornavin",ch:1:sloid:87057,2026-10-03,ch:1:sjyid:100680:HAS-26-18-10-7-jours-35070212,tram,Tram,18,18,635753,"Meyrin, CERN",Augustins,,,2026-10-03 22:57:00+00:00,2026-10-03 22:57:30+00:00,,True,0.5,2026-10-04 00:50:52.614000+02:00,2026-10-04 00:57:00+02:00,2026-10-04 00:57:30+02:00,2026-10-04,0,Sunday,True,6.1231
20261003_225045,2026-10-03 22:50:52.614000+00:00,Genève,local,ch:1:sloid:87057,"Genève, gare Cornavin",ch:1:sloid:87057,2026-10-03,ch:1:sjyid:100680:HAS-26-17-10-Samedi-35071175,tram,Tram,18,18,845435,"Genève, Bel-Air",CERN,,,2026-10-03 22:57:00+00:00,2026-10-03 22:54:30+00:00,,True,-2.5,2026-10-04 00:50:52.614000+02:00,2026-10-04 00:57:00+02:00,2026-10-04 00:54:30+02:00,2026-10-04,0,Sunday,True,6.1231
20261003_225045,2026-10-03 22:50:52.614000+00:00,Genève,local,ch:1:sloid:87057,"Genève, gare Cornavin",ch:1:sloid:87057,2026-10-03,ch:1:sjyid:100680:HAS-26-10-0-Samedi-33807070,bus,Bus,10,10,550174,"Genève-Aéroport, Terminal",Rive,,,2026-10-03 22:58:00+00:00,2026-10-03 22:58:24+00:00,,True,0.4,2026-10-04 00:50:52.614000+02:00,2026-10-04 00:58:00+02:00,2026-10-04 00:58:24+02:00,2026-10-04,0,Sunday,True,7.1231
20261003_225045,2026-10-03 22:50:52.614000+00:00,Genève,local,ch:1:sloid:87057,"Genève, gare Cornavin",ch:1:sloid:87057,2026-10-03,ch:1:sjyid:100680:HAS-26-08-20-13-Samedi-35205306,bus,Bus,20,20,645834,"Bellevue GE, Valavran",Veyrier-Tournettes,,,2026-10-03 22:58:00+00:00,2026-10-03 22:59:00+00:00,,True,1.0,2026-10-04 00:50:52.614000+02:00,2026-10-04 00:58:00+02:00,2026-10-04 00:59:00+02:00,2026-10-04,0,Sunday,True,7.1231
20261003_225045,2026-10-03 22:50:52.614000+00:00,Genève,local,ch:1:sloid:87057,"Genève, gare Cornavin",ch:1:sloid:87057,2026-10-03,ch:1:sjyid:100680:HAS-26-15-10-Samedi-35071666,tram,Tram,15,15,635859,"Plan-les-Ouates, ZIPLO",Nations,,,2026-10-03 23:04:00+00:00,2026-10-03 23:05:36+00:00,,True,1.6,2026-10-04 00:50:52.614000+02:00,2026-10-04 01:04:00+02:00,2026-10-04 01:05:36+02:00,2026-10-04,1,Sunday,True,13.123099999999999
20261003_225045,2026-10-03 22:50:52.614000+00:00,Genève,local,ch:1:sloid:87057,"Genève, gare Cornavin",ch:1:sloid:87057,2026-10-03,ch:1:sjyid:100680:HAS-26-14-10-Samedi-35071182,tram,Tram,14,14,635839,"Meyrin, Gravière",Bernex-Vailly,,,2026-10-03 23:04:00+00:00,2026-10-03 23:04:30+00:00,,True,0.5,2026-10-04 00:50:52.614000+02:00,2026-10-04 01:04:00+02:00,2026-10-04 01:04:30+02:00,2026-10-04,1,Sunday,True,13.123099999999999
20261003_225045,2026-10-03 22:50:52.614000+00:00,Genève,local,ch:1:sloid:87057,"Genève, gare Cornavin",ch:1:sloid:87057,2026-10-03,ch:1:sjyid:100680:HAS-26-02-06-19-1-Samedi-34653445,bus,Bus,19,19,617886,"Vernier, village",Onex-Cité,,,2026-10-03 23:04:00+00:00,2026-10-03 23:03:24+00:00,,True,-0.6,2026-10-04 00:50:52.614000+02:00,2026-10-04 01:04:00+02:00,2026-10-04 01:03:24+02:00,2026-10-04,1,Sunday,True,13.123099999999999
20261003_225045,2026-10-03 22:50:52.614000+00:00,Genève,local,ch:1:sloid:87057,"Genève, gare Cornavin",ch:1:sloid:87057,2026-10-03,ch:1:sjyid:1100021:SKI-47776,bus,Ersatzverkehr,EV5,EV5,47776,"Genève, gare Cornavin","La Plaine, gare",,,2026-10-03 23:04:00+00:00,,,False,,2026-10-04 00:50:52.614000+02:00,2026-10-04 01:04:00+02:00,,2026-10-04,1,Sunday,True,13.123099999999999
20261003_225045,2026-10-03 22:50:52.614000+00:00,Genève,local,ch:1:sloid:87057,"Genève, gare Cornavin",ch:1:sloid:87057,2026-10-03,ch:1:sjyid:100680:HAS-26-015925-70-Samedi-35914813,bus,Bus,9,9,698867,"Vernier, Lignon Tours",Belle-Terre-Place-de-l'Araire,,,2026-10-03 23:05:00+00:00,2026-10-03 23:05:36+00:00,,True,0.6,2026-10-04 00:50:52.614000+02:00,2026-10-04 01:05:00+02:00,2026-10-04 01:05:36+02:00,2026-10-04,1,Sunday,True,14.123099999999999
20261003_225045,2026-10-03 22:50:52.614000+00:00,Genève,local,ch:1:sloid:87057,"Genève, gare Cornavin",ch:1:sloid:87057,2026-10-03,ch:1:sjyid:100680:HAS-26-EV-77-Samedi-36066768,bus,Ersatzverkehr,EV,EV,729453,"Genève, gare Cornavin","Lancy-Pont-Rouge, gare/Etoile",,,2026-10-03 23:06:00+00:00,,,False,,2026-10-04 00:50:52.614000+02:00,2026-10-04 01:06:00+02:00,,2026-10-04,1,Sunday,True,15.123099999999999
20261003_225045,2026-10-03 22:50:52.614000+00:00,Genève,local,ch:1:sloid:87057,"Genève, gare Cornavin",ch:1:sloid:87057,2026-10-03,ch:1:sjyid:100680:HAS-26-015925-70-Samedi-35914803,bus,Bus,5,5,698857,"Genève-Aéroport, Terminal",Thônex-Vallard,,,2026-10-03 23:06:00+00:00,2026-10-03 23:06:54+00:00,,True,0.9,2026-10-04 00:50:52.614000+02:00,2026-10-04 01:06:00+02:00,2026-10-04 01:06:54+02:00,2026-10-04,1,Sunday,True,15.123099999999999
20261003_225045,2026-10-03 22:50:52.614000+00:00,Genève,local,ch:1:sloid:87057,"Genève, gare Cornavin",ch:1:sloid:87057,2026-10-03,ch:1:sjyid:100680:HAS-26-15-10-7-jours-35070238,tram,Tram,15,15,844775,"Genève, Nations",ZIPLO,,,2026-10-03 23:06:00+00:00,2026-10-03 23:06:00+00:00,,True,0.0,2026-10-04 00:50:52.614000+02:00,2026-10-04 01:06:00+02:00,2026-10-04 01:06:00+02:00,2026-10-04,1,Sunday,True,15.123099999999999
20261003_225045,2026-10-03 22:50:52.614000+00:00,Genève,local,ch:1:sloid:87057,"Genève, gare Cornavin",ch:1:sloid:87057,2026-10-03,ch:1:sjyid:100680:HAS-26-015925-70-Samedi-35914807,bus,Bus,1,1,698861,"Thônex, Hôpital Trois-Chêne",Jardin Botanique,,,2026-10-03 23:06:00+00:00,2026-10-03 23:07:18+00:00,,True,1.3,2026-10-04 00:50:52.614000+02:00,2026-10-04 01:06:00+02:00,2026-10-04 01:07:18+02:00,2026-10-04,1,Sunday,True,15.123099999999999
20261003_225045,2026-10-03 22:50:52.614000+00:00,Genève,local,ch:1:sloid:87057,"Genève, gare Cornavin",ch:1:sloid:87057,2026-10-03,ch:1:sjyid:100680:HAS-26-015925-70-Samedi-35914817,bus,Bus,5,5,698871,"Thônex, Vallard",Genève-Aéroport-Terminal,,,2026-10-03 23:06:00+00:00,2026-10-03 23:07:36+00:00,,True,1.6,2026-10-04 00:50:52.614000+02:00,2026-10-04 01:06:00+02:00,2026-10-04 01:07:36+02:00,2026-10-04,1,Sunday,True,15.123099999999999
20261003_225045,2026-10-03 22:50:52.614000+00:00,Genève,local,ch:1:sloid:87057,"Genève, gare Cornavin",ch:1:sloid:87057,2026-10-03,ch:1:sjyid:100680:HAS-26-18-10-Samedi-35070826,tram,Tram,18,18,635815,"Grand-Lancy, Palettes",CERN,,,2026-10-03 23:07:00+00:00,2026-10-03 23:06:24+00:00,,True,-0.6,2026-10-04 00:50:52.614000+02:00,2026-10-04 01:07:00+02:00,2026-10-04 01:06:24+02:00,2026-10-04,1,Sunday,True,16.1231
20261003_225045,2026-10-03 22:50:52.614000+00:00,Genève,local,ch:1:sloid:87057,"Genève, gare Cornavin",ch:1:sloid:87057,2026-10-03,ch:1:sjyid:100680:HAS-26-02-06-19-1-Samedi-34653495,bus,Bus,19,19,617896,"Vernier, village",Jonction,,,2026-10-03 23:08:00+00:00,2026-10-03 23:08:36+00:00,,True,0.6,2026-10-04 00:50:52.614000+02:00,2026-10-04 01:08:00+02:00,2026-10-04 01:08:36+02:00,2026-10-04,1,Sunday,True,17.1231
20261003_225045,2026-10-03 22:50:52.614000+00:00,Genève,local,ch:1:sloid:87057,"Genève, gare Cornavin",ch:1:sloid:87057,2026-10-03,ch:1:sjyid:100680:HAS-26-08-20-13-Samedi-35205305,bus,Bus,8,8,645833,"Veyrier, douane",Palexpo,,,2026-10-03 23:08:00+00:00,2026-10-03 23:09:00+00:00,,True,1.0,2026-10-04 00:50:52.614000+02:00,2026-10-04 01:08:00+02:00,2026-10-04 01:09:00+02:00,2026-10-04,1,Sunday,True,17.1231
20261003_225045,2026-10-03 22:50:52.614000+00:00,Genève,local,ch:1:sloid:87057,"Genève, gare Cornavin",ch:1:sloid:87057:0:698638,2026-10-03,ch:1:sjyid:100680:HAS-26-03-0-7-jours-33819635,bus,Bus,3,3,552282,"Genève, Crêts-de-Champel",Gardiol,F,,2026-10-03 23:08:00+00:00,2026-10-03 23:08:00+00:00,,True,0.0,2026-10-04 00:50:52.614000+02:00,2026-10-04 01:08:00+02:00,2026-10-04 01:08:00+02:00,2026-10-04,1,Sunday,True,17.1231
20261003_225045,2026-10-03 22:50:52.614000+00:00,Genève,local,ch:1:sloid:87057,"Genève, gare Cornavin",ch:1:sloid:87057,2026-10-03,ch:1:sjyid:100680:HAS-26-02-06-19-1-Samedi-34653446,bus,Bus,6,6,617887,"Genève, Plage",Vernier-Village,,,2026-10-03 23:08:00+00:00,,,False,,2026-10-04 00:50:52.614000+02:00,2026-10-04 01:08:00+02:00,,2026-10-04,1,Sunday,True,17.1231
20261003_225045,2026-10-03 22:50:52.614000+00:00,Genève,local,ch:1:sloid:87057,"Genève, gare Cornavin",ch:1:sloid:87057,2026-10-03,ch:1:sjyid:100680:HAS-26-015925-70-Samedi-35915585,bus,Bus,1,1,699431,"Genève, Jardin Botanique",Terrassière,,,2026-10-03 23:09:00+00:00,2026-10-03 23:09:36+00:00,,True,0.6,2026-10-04 00:50:52.614000+02:00,2026-10-04 01:09:00+02:00,2026-10-04 01:09:36+02:00,2026-10-04,1,Sunday,True,18.1231
20261003_225045,2026-10-03 22:50:52.614000+00:00,Genève,local,ch:1:sloid:87057,"Genève, gare Cornavin",ch:1:sloid:87057,2026-10-03,ch:1:sjyid:100680:HAS-26-14-10-Samedi-35071179,tram,Tram,14,14,635836,"Bernex, Vailly",Meyrin-Gravière,,,2026-10-03 23:09:00+00:00,2026-10-03 23:10:00+00:00,,True,1.0,2026-10-04 00:50:52.614000+02:00,2026-10-04 01:09:00+02:00,2026-10-04 01:10:00+02:00,2026-10-04,1,Sunday,True,18.1231
20261003_225045,2026-10-03 22:50:52.614000+00:00,Genève,local,ch:1:sloid:87057,"Genève, gare Cornavin",ch:1:sloid:87057:0:50679,2026-10-03,ch:1:sjyid:100680:HAS-26-60-25-7-jours-35412416,bus,Bus,60,60,672165,"Genève, gare Cornavin",Gex-Centre,J,,2026-10-03 23:12:00+00:00,2026-10-03 23:12:00+00:00,,True,0.0,2026-10-04 00:50:52.614000+02:00,2026-10-04 01:12:00+02:00,2026-10-04 01:12:00+02:00,2026-10-04,1,Sunday,True,21.1231
20261003_225045,2026-10-03 22:50:52.614000+00:00,Genève,local,ch:1:sloid:87057,"Genève, gare Cornavin",ch:1:sloid:87057:0:651350,2026-10-03,ch:1:sjyid:100680:HAS-26-08-20-13-7-jours-35206269,bus,Bus,20,20,646418,"Bellevue GE, Valavran",Place de Neuve,B,,2026-10-03 23:14:00+00:00,2026-10-03 23:14:36+00:00,,True,0.6,2026-10-04 00:50:52.614000+02:00,2026-10-04 01:14:00+02:00,2026-10-04 01:14:36+02:00,2026-10-04,1,Sunday,True,23.1231
20261003_225045,2026-10-03 22:50:52.614000+00:00,Genève,local,ch:1:sloid:87057,"Genève, gare Cornavin",ch:1:sloid:87057,2026-10-03,ch:1:sjyid:100680:HAS-26-015925-70-Samedi-35914805,bus,Bus,9,9,698859,"Thônex, Belle-Terre Pl. Araire",Lignon-Tours,,,2026-10-03 23:14:00+00:00,2026-10-03 23:14:30+00:00,,True,0.5,2026-10-04 00:50:52.614000+02:00,2026-10-04 01:14:00+02:00,2026-10-04 01:14:30+02:00,2026-10-04,1,Sunday,True,23.1231
20261003_225045,2026-10-03 22:50:52.614000+00:00,Genève,local,ch:1:sloid:87057,"Genève, gare Cornavin",ch:1:sloid:87057,2026-10-03,ch:1:sjyid:100680:HAS-26-17-10-Samedi-35071168,tram,Tram,18,18,845428,"Genève, gare Cornavin",Blandonnet,,,2026-10-03 23:15:00+00:00,2026-10-03 23:15:18+00:00,,True,0.3,2026-10-04 00:50:52.614000+02:00,2026-10-04 01:15:00+02:00,2026-10-04 01:15:18+02:00,2026-10-04,1,Sunday,True,24.1231
20261003_225045,2026-10-03 22:50:53.095000+00:00,Lugano,local,ch:1:sloid:5380,"Lugano, Stazione",ch:1:sloid:5380::407001,2026-10-04,ch:1:sjyid:100754:62dd73cc-2b6e-43ad-afa1-80b22cc60c0e,bus,Bus,4,4,4002,"Comano, Studio TV","Lugano, Belvedere",A,,2026-10-04 03:49:00+00:00,,,False,,2026-10-04 00:50:53.095000+02:00,2026-10-04 05:49:00+02:00,,2026-10-04,5,Sunday,True,298.1150833333333
20261003_225045,2026-10-03 22:50:53.095000+00:00,Lugano,local,ch:1:sloid:5380,"Lugano, Stazione",ch:1:sloid:5380::407001,2026-10-04,ch:1:sjyid:100754:5bfe9080-b4f7-4855-8063-902908bbdc06,bus,Bus,6,6,6003,"Lugano, Stazione","Lugano, Cornaredo",A,,2026-10-04 03:54:00+00:00,,,False,,2026-10-04 00:50:53.095000+02:00,2026-10-04 05:54:00+02:00,,2026-10-04,5,Sunday,True,303.1150833333333
20261003_225045,2026-10-03 22:50:53.095000+00:00,Lugano,local,ch:1:sloid:5380,"Lugano, Stazione",ch:1:sloid:5380::407001,2026-10-04,ch:1:sjyid:100754:c62c2ea4-ae11-4501-8a0b-6ff19ed34d32,bus,Bus,2,2,2002,"Castagnola, Capolinea","Paradiso, Carzo",A,,2026-10-04 03:54:00+00:00,,,False,,2026-10-04 00:50:53.095000+02:00,2026-10-04 05:54:00+02:00,,2026-10-04,5,Sunday,True,303.1150833333333
20261003_225045,2026-10-03 22:50:53.095000+00:00,Lugano,local,ch:1:sloid:5380,"Lugano, Stazione",ch:1:sloid:5380::407002,2026-10-04,ch:1:sjyid:100754:e1cce83d-b398-4bbc-aeb9-3b376eddec10,bus,Bus,4,4,4003,"Lugano, Belvedere","Canobbio, Ganna",B,,2026-10-04 03:59:00+00:00,,,False,,2026-10-04 00:50:53.095000+02:00,2026-10-04 05:59:00+02:00,,2026-10-04,5,Sunday,True,308.1150833333333
20261003_225045,2026-10-03 22:50:53.095000+00:00,Lugano,local,ch:1:sloid:5380,"Lugano, Stazione",ch:1:sloid:5380::407001,2026-10-04,ch:1:sjyid:100754:83a62a8a-50f3-414b-b749-3bb035cac881,bus,Bus,4,4,4008,"Canobbio, Ganna","Lugano, Belvedere",A,,2026-10-04 04:01:00+00:00,,,False,,2026-10-04 00:50:53.095000+02:00,2026-10-04 06:01:00+02:00,,2026-10-04,6,Sunday,True,310.1150833333333
20261003_225045,2026-10-03 22:50:53.095000+00:00,Lugano,local,ch:1:sloid:5380,"Lugano, Stazione",ch:1:sloid:5380::407001,2026-10-04,ch:1:sjyid:100754:d834f5e0-0329-46ce-983b-fd94396c9a82,bus,Bus,6,6,6007,"Lugano, Stazione","Lugano, Cornaredo",A,,2026-10-04 04:09:00+00:00,,,False,,2026-10-04 00:50:53.095000+02:00,2026-10-04 06:09:00+02:00,,2026-10-04,6,Sunday,True,318.1150833333333
20261003_225045,2026-10-03 22:50:53.095000+00:00,Lugano,local,ch:1:sloid:5380,"Lugano, Stazione",ch:1:sloid:5380::407001,2026-10-04,ch:1:sjyid:100754:a856dd18-b442-4171-be73-8d1ca52b9f1b,bus,Bus,2,2,2006,"Castagnola, Capolinea","Paradiso, Carzo",A,,2026-10-04 04:09:00+00:00,,,False,,2026-10-04 00:50:53.095000+02:00,2026-10-04 06:09:00+02:00,,2026-10-04,6,Sunday,True,318.1150833333333
20261003_225045,2026-10-03 22:50:53.095000+00:00,Lugano,local,ch:1:sloid:5380,"Lugano, Stazione",ch:1:sloid:5380::407002,2026-10-04,ch:1:sjyid:100754:7d5e6bca-cf66-4e5c-b995-78113c4b81bb,bus,Bus,4,4,4007,"Lugano, Belvedere","Comano, Studio TV",B,,2026-10-04 04:14:00+00:00,,,False,,2026-10-04 00:50:53.095000+02:00,2026-10-04 06:14:00+02:00,,2026-10-04,6,Sunday,True,323.1150833333333
20261003_225045,2026-10-03 22:50:53.095000+00:00,Lugano,local,ch:1:sloid:5380,"Lugano, Stazione",ch:1:sloid:5380::407001,2026-10-04,ch:1:sjyid:100754:94edaf56-778d-4a5e-9e44-316a4326ad7e,bus,Bus,4,4,4010,"Comano, Studio TV","Lugano, Belvedere",A,,2026-10-04 04:16:00+00:00,,,False,,2026-10-04 00:50:53.095000+02:00,2026-10-04 06:16:00+02:00,,2026-10-04,6,Sunday,True,325.1150833333333
20261003_225045,2026-10-03 22:50:53.095000+00:00,Lugano,local,ch:1:sloid:5380,"Lugano, Stazione",ch:1:sloid:5380::407001,2026-10-04,ch:1:sjyid:100754:c4328b6a-9a3c-49ef-b7d3-cd1356e0313e,bus,Bus,6,6,6013,"Lugano, Stazione","Lugano, Cornaredo",A,,2026-10-04 04:24:00+00:00,,,False,,2026-10-04 00:50:53.095000+02:00,2026-10-04 06:24:00+02:00,,2026-10-04,6,Sunday,True,333.1150833333333
20261003_225045,2026-10-03 22:50:53.095000+00:00,Lugano,local,ch:1:sloid:5380,"Lugano, Stazione",ch:1:sloid:5380::407001,2026-10-04,ch:1:sjyid:100754:a2f2aa58-b69f-4a79-b2d4-3bd94940fa63,bus,Bus,2,2,2010,"Castagnola, Capolinea","Paradiso, Carzo",A,,2026-10-04 04:24:00+00:00,,,False,,2026-10-04 00:50:53.095000+02:00,2026-10-04 06:24:00+02:00,,2026-10-04,6,Sunday,True,333.1150833333333
20261003_225045,2026-10-03 22:50:53.095000+00:00,Lugano,local,ch:1:sloid:5380,"Lugano, Stazione",ch:1:sloid:5380::407002,2026-10-04,ch:1:sjyid:100754:de39b059-6ff8-4f97-93eb-971567508242,bus,Bus,4,4,4011,"Lugano, Belvedere","Canobbio, Ganna",B,,2026-10-04 04:29:00+00:00,,,False,,2026-10-04 00:50:53.095000+02:00,2026-10-04 06:29:00+02:00,,2026-10-04,6,Sunday,True,338.1150833333333
20261003_225045,2026-10-03 22:50:53.095000+00:00,Lugano,local,ch:1:sloid:5380,"Lugano, Stazione",ch:1:sloid:5380::407001,2026-10-04,ch:1:sjyid:100754:539b104f-f2f6-47e0-8a80-15bf186c4195,bus,Bus,4,4,4016,"Canobbio, Ganna","Lugano, Belvedere",A,,2026-10-04 04:31:00+00:00,,,False,,2026-10-04 00:50:53.095000+02:00,2026-10-04 06:31:00+02:00,,2026-10-04,6,Sunday,True,340.1150833333333
20261003_225045,2026-10-03 22:50:53.095000+00:00,Lugano,local,ch:1:sloid:5380,"Lugano, Stazione",ch:1:sloid:5380::407001,2026-10-04,ch:1:sjyid:100754:957d5842-0408-44d6-bf3e-576017b6f768,bus,Bus,6,6,6017,"Lugano, Stazione","Lugano, Cornaredo",A,,2026-10-04 04:39:00+00:00,,,False,,2026-10-04 00:50:53.095000+02:00,2026-10-04 06:39:00+02:00,,2026-10-04,6,Sunday,True,348.1150833333333
20261003_225045,2026-10-03 22:50:53.095000+00:00,Lugano,local,ch:1:sloid:5380,"Lugano, Stazione",ch:1:sloid:5380::407001,2026-10-04,ch:1:sjyid:100754:1e55ca37-6e2d-495b-8101-4520ea1d7da1,bus,Bus,2,2,2014,"Castagnola, Capolinea","Paradiso, Carzo",A,,2026-10-04 04:39:00+00:00,,,False,,2026-10-04 00:50:53.095000+02:00,2026-10-04 06:39:00+02:00,,2026-10-04,6,Sunday,True,348.1150833333333
20261003_225045,2026-10-03 22:50:53.095000+00:00,Lugano,local,ch:1:sloid:5380,"Lugano, Stazione",ch:1:sloid:5380::407002,2026-10-04,ch:1:sjyid:100754:2381c39d-24cd-4827-9b33-d93a5e4a88f0,bus,Bus,4,4,4015,"Lugano, Belvedere","Comano, Studio TV",B,,2026-10-04 04:44:00+00:00,,,False,,2026-10-04 00:50:53.095000+02:00,2026-10-04 06:44:00+02:00,,2026-10-04,6,Sunday,True,353.1150833333333
20261003_225045,2026-10-03 22:50:53.095000+00:00,Lugano,local,ch:1:sloid:5380,"Lugano, Stazione",ch:1:sloid:5380::407001,2026-10-04,ch:1:sjyid:100754:2ff77c41-50a6-4f2e-b394-62f1cf77117f,bus,Bus,4,4,4018,"Comano, Studio TV","Lugano, Belvedere",A,,2026-10-04 04:46:00+00:00,,,False,,2026-10-04 00:50:53.095000+02:00,2026-10-04 06:46:00+02:00,,2026-10-04,6,Sunday,True,355.1150833333333
20261003_225045,2026-10-03 22:50:53.095000+00:00,Lugano,local,ch:1:sloid:5380,"Lugano, Stazione",ch:1:sloid:5380::407001,2026-10-04,ch:1:sjyid:100754:7c401e83-a238-4680-83b7-72a6c4a8eba2,bus,Bus,6,6,6023,"Lugano, Stazione","Lugano, Cornaredo",A,,2026-10-04 04:54:00+00:00,,,False,,2026-10-04 00:50:53.095000+02:00,2026-10-04 06:54:00+02:00,,2026-10-04,6,Sunday,True,363.1150833333333
20261003_225045,2026-10-03 22:50:53.095000+00:00,Lugano,local,ch:1:sloid:5380,"Lugano, Stazione",ch:1:sloid:5380::407001,2026-10-04,ch:1:sjyid:100754:389c2941-462b-48bd-b074-04af2ca1e303,bus,Bus,2,2,2018,"Castagnola, Capolinea","Paradiso, Carzo",A,,2026-10-04 04:54:00+00:00,,,False,,2026-10-04 00:50:53.095000+02:00,2026-10-04 06:54:00+02:00,,2026-10-04,6,Sunday,True,363.1150833333333
20261003_225045,2026-10-03 22:50:53.095000+00:00,Lugano,local,ch:1:sloid:5380,"Lugano, Stazione",ch:1:sloid:5380::407002,2026-10-04,ch:1:sjyid:100754:944e9fa5-eb91-412d-bf34-9e13e9f5c7a1,bus,Bus,4,4,4019,"Lugano, Belvedere","Canobbio, Ganna",B,,2026-10-04 04:59:00+00:00,,,False,,2026-10-04 00:50:53.095000+02:00,2026-10-04 06:59:00+02:00,,2026-10-04,6,Sunday,True,368.1150833333333
20261003_225045,2026-10-03 22:50:53.095000+00:00,Lugano,local,ch:1:sloid:5380,"Lugano, Stazione",ch:1:sloid:5380::407001,2026-10-04,ch:1:sjyid:100754:3a0eb7b7-cf45-4d03-852f-f6e1f789d5c4,bus,Bus,4,4,4024,"Canobbio, Ganna","Lugano, Belvedere",A,,2026-10-04 05:01:00+00:00,,,False,,2026-10-04 00:50:53.095000+02:00,2026-10-04 07:01:00+02:00,,2026-10-04,7,Sunday,True,370.1150833333333
20261003_225045,2026-10-03 22:50:53.095000+00:00,Lugano,local,ch:1:sloid:5380,"Lugano, Stazione",ch:1:sloid:5380::407001,2026-10-04,ch:1:sjyid:100754:f81cd074-5c0e-4725-8bc8-1eb57bd48e79,bus,Bus,6,6,6027,"Lugano, Stazione","Lugano, Cornaredo",A,,2026-10-04 05:09:00+00:00,,,False,,2026-10-04 00:50:53.095000+02:00,2026-10-04 07:09:00+02:00,,2026-10-04,7,Sunday,True,378.1150833333333
20261003_225045,2026-10-03 22:50:53.095000+00:00,Lugano,local,ch:1:sloid:5380,"Lugano, Stazione",ch:1:sloid:5380::407001,2026-10-04,ch:1:sjyid:100754:94a7f3ac-1aff-405d-b4df-c1fff768b80b,bus,Bus,2,2,2022,"Castagnola, Capolinea","Paradiso, Carzo",A,,2026-10-04 05:09:00+00:00,,,False,,2026-10-04 00:50:53.095000+02:00,2026-10-04 07:09:00+02:00,,2026-10-04,7,Sunday,True,378.1150833333333
20261003_225045,2026-10-03 22:50:53.095000+00:00,Lugano,local,ch:1:sloid:5380,"Lugano, Stazione",ch:1:sloid:5380::407002,2026-10-04,ch:1:sjyid:100754:91ce991b-ad0e-4a9e-ad71-de38d0467075,bus,Bus,4,4,4023,"Lugano, Belvedere","Comano, Studio TV",B,,2026-10-04 05:14:00+00:00,,,False,,2026-10-04 00:50:53.095000+02:00,2026-10-04 07:14:00+02:00,,2026-10-04,7,Sunday,True,383.1150833333333
20261003_225045,2026-10-03 22:50:53.095000+00:00,Lugano,local,ch:1:sloid:5380,"Lugano, Stazione",ch:1:sloid:5380::407001,2026-10-04,ch:1:sjyid:100754:0e9e5d58-6acc-460f-b51c-90d6d1c5b616,bus,Bus,4,4,4028,"Comano, Studio TV","Lugano, Belvedere",A,,2026-10-04 05:16:00+00:00,,,False,,2026-10-04 00:50:53.095000+02:00,2026-10-04 07:16:00+02:00,,2026-10-04,7,Sunday,True,385.1150833333333
20261003_225045,2026-10-03 22:50:53.095000+00:00,Lugano,local,ch:1:sloid:5380,"Lugano, Stazione",ch:1:sloid:5380::407001,2026-10-04,ch:1:sjyid:100754:984a6dff-43a1-45b0-b813-c8e45a1f3f9a,bus,Bus,6,6,6033,"Lugano, Stazione","Lugano, Cornaredo",A,,2026-10-04 05:24:00+00:00,,,False,,2026-10-04 00:50:53.095000+02:00,2026-10-04 07:24:00+02:00,,2026-10-04,7,Sunday,True,393.1150833333333
20261003_225045,2026-10-03 22:50:53.095000+00:00,Lugano,local,ch:1:sloid:5380,"Lugano, Stazione",ch:1:sloid:5380::407001,2026-10-04,ch:1:sjyid:100754:39df4527-6a6d-421e-a6c5-4293955c30ec,bus,Bus,2,2,2028,"Castagnola, Capolinea","Paradiso, Carzo",A,,2026-10-04 05:24:00+00:00,,,False,,2026-10-04 00:50:53.095000+02:00,2026-10-04 07:24:00+02:00,,2026-10-04,7,Sunday,True,393.1150833333333
20261003_225045,2026-10-03 22:50:53.095000+00:00,Lugano,local,ch:1:sloid:5380,"Lugano, Stazione",ch:1:sloid:5380::407002,2026-10-04,ch:1:sjyid:100754:cd6eeedd-752f-4398-aa12-7c35c43fbd48,bus,Bus,4,4,4027,"Lugano, Belvedere","Canobbio, Ganna",B,,2026-10-04 05:29:00+00:00,,,False,,2026-10-04 00:50:53.095000+02:00,2026-10-04 07:29:00+02:00,,2026-10-04,7,Sunday,True,398.1150833333333
20261003_225045,2026-10-03 22:50:53.095000+00:00,Lugano,local,ch:1:sloid:5380,"Lugano, Stazione",ch:1:sloid:5380::407001,2026-10-04,ch:1:sjyid:100754:f3482d71-a019-482d-9ccc-24f3083d371b,bus,Bus,4,4,4032,"Canobbio, Ganna","Lugano, Belvedere",A,,2026-10-04 05:31:00+00:00,,,False,,2026-10-04 00:50:53.095000+02:00,2026-10-04 07:31:00+02:00,,2026-10-04,7,Sunday,True,400.1150833333333
20261003_225045,2026-10-03 22:50:53.095000+00:00,Lugano,local,ch:1:sloid:5380,"Lugano, Stazione",ch:1:sloid:5380::407001,2026-10-04,ch:1:sjyid:100754:03e2d733-5676-456c-bd03-500c97e03500,bus,Bus,6,6,6037,"Lugano, Stazione","Lugano, Cornaredo",A,,2026-10-04 05:39:00+00:00,,,False,,2026-10-04 00:50:53.095000+02:00,2026-10-04 07:39:00+02:00,,2026-10-04,7,Sunday,True,408.1150833333333
