batch_id,collection_timestamp,city,station_type,station_id,station_name,stop_point_ref,operating_day,journey_ref,transport_mode,product_category,public_code,line,train_number,origin,destination,planned_platform,estimated_platform,scheduled_departure,estimated_departure,cancelled,has_realtime,predicted_delay_minutes,collection_timestamp_local,scheduled_departure_local,estimated_departure_local,date,hour,weekday,weekend,minutes_until_departure
20261004_144546,2026-10-04 14:45:46.484000+00:00,Zürich,rail,ch:1:sloid:3000,Zürich HB,ch:1:sloid:3000:2:3,2026-10-04,ch:1:sjyid:100001:20462-001,rail,S-Bahn,S24,S24,20462,Zug,Thayngen,3,,2026-10-04 14:44:00+00:00,2026-10-04 14:45:00+00:00,,True,1.0,2026-10-04 16:45:46.484000+02:00,2026-10-04 16:44:00+02:00,2026-10-04 16:45:00+02:00,2026-10-04,16,Sunday,True,-1.7747333333333333
20261004_144546,2026-10-04 14:45:46.484000+00:00,Zürich,rail,ch:1:sloid:3000,Zürich HB,ch:1:sloid:3000:503:43,2026-10-04,ch:1:sjyid:100001:19663-001,rail,S-Bahn,S16,S16,19663,Zürich Flughafen,Herrliberg-Feldmeilen,43/44,43,2026-10-04 14:45:00+00:00,2026-10-04 14:45:36+00:00,,True,0.6,2026-10-04 16:45:46.484000+02:00,2026-10-04 16:45:00+02:00,2026-10-04 16:45:36+02:00,2026-10-04,16,Sunday,True,-0.7747333333333334
20261004_144546,2026-10-04 14:45:46.484000+00:00,Zürich,rail,ch:1:sloid:3000,Zürich HB,ch:1:sloid:3000:503:43,2026-10-04,ch:1:sjyid:100001:19263-002,rail,S-Bahn,S12,S12,19263,Brugg AG,Winterthur,43/44,44,2026-10-04 14:46:00+00:00,2026-10-04 14:47:00+00:00,,True,1.0,2026-10-04 16:45:46.484000+02:00,2026-10-04 16:46:00+02:00,2026-10-04 16:47:00+02:00,2026-10-04,16,Sunday,True,0.22526666666666667
20261004_144546,2026-10-04 14:45:46.484000+00:00,Zürich,rail,ch:1:sloid:3000,Zürich HB,ch:1:sloid:3000:502:42,2026-10-04,ch:1:sjyid:100001:19662-001,rail,S-Bahn,S16,S16,19662,Herrliberg-Feldmeilen,Zürich Flughafen,41/42,41,2026-10-04 14:46:00+00:00,2026-10-04 14:46:18+00:00,,True,0.3,2026-10-04 16:45:46.484000+02:00,2026-10-04 16:46:00+02:00,2026-10-04 16:46:18+02:00,2026-10-04,16,Sunday,True,0.22526666666666667
20261004_144546,2026-10-04 14:45:46.484000+00:00,Zürich,rail,ch:1:sloid:3000,Zürich HB,ch:1:sloid:3000:500:32,2026-10-04,ch:1:sjyid:100001:18263-001,rail,S-Bahn,S2,S2,18263,Zürich Flughafen,Ziegelbrücke,32,,2026-10-04 14:47:00+00:00,2026-10-04 14:48:00+00:00,,True,1.0,2026-10-04 16:45:46.484000+02:00,2026-10-04 16:47:00+02:00,2026-10-04 16:48:00+02:00,2026-10-04,16,Sunday,True,1.2252666666666667
20261004_144546,2026-10-04 14:45:46.484000+00:00,Zürich,rail,ch:1:sloid:3000,Zürich HB,ch:1:sloid:3000:500:31,2026-10-04,ch:1:sjyid:100001:19462-001,rail,S-Bahn,S14,S14,19462,Hinwil,Affoltern am Albis,31,,2026-10-04 14:49:00+00:00,2026-10-04 14:50:00+00:00,,True,1.0,2026-10-04 16:45:46.484000+02:00,2026-10-04 16:49:00+02:00,2026-10-04 16:50:00+02:00,2026-10-04,16,Sunday,True,3.2252666666666667
20261004_144546,2026-10-04 14:45:46.484000+00:00,Zürich,rail,ch:1:sloid:3000,Zürich HB,ch:1:sloid:3000:502:42,2026-10-04,ch:1:sjyid:100001:18762-001,rail,S-Bahn,S7,S7,18762,Rapperswil SG,Winterthur,41/42,42,2026-10-04 14:49:00+00:00,2026-10-04 14:49:42+00:00,,True,0.7,2026-10-04 16:45:46.484000+02:00,2026-10-04 16:49:00+02:00,2026-10-04 16:49:42+02:00,2026-10-04,16,Sunday,True,3.2252666666666667
20261004_144546,2026-10-04 14:45:46.484000+00:00,Zürich,rail,ch:1:sloid:3000,Zürich HB,ch:1:sloid:3000:3:4,2026-10-04,ch:1:sjyid:100001:20463-001,rail,S-Bahn,S24,S24,20463,Weinfelden,Zug,4,,2026-10-04 14:51:00+00:00,2026-10-04 14:51:18+00:00,,True,0.3,2026-10-04 16:45:46.484000+02:00,2026-10-04 16:51:00+02:00,2026-10-04 16:51:18+02:00,2026-10-04,16,Sunday,True,5.225266666666667
20261004_144546,2026-10-04 14:45:46.484000+00:00,Zürich,rail,ch:1:sloid:3000,Zürich HB,ch:1:sloid:3000:501:33,2026-10-04,ch:1:sjyid:100001:2077-001,rail,InterRegio,IR36,IR36,2077,Basel SBB,Zürich Flughafen,33,,2026-10-04 14:52:00+00:00,2026-10-04 14:52:24+00:00,,True,0.4,2026-10-04 16:45:46.484000+02:00,2026-10-04 16:52:00+02:00,2026-10-04 16:52:24+02:00,2026-10-04,16,Sunday,True,6.225266666666667
20261004_144546,2026-10-04 14:45:46.484000+00:00,Zürich,rail,ch:1:sloid:3000,Zürich HB,ch:1:sloid:3000:502:42,2026-10-04,ch:1:sjyid:100001:19562-001,rail,S-Bahn,S15,S15,19562,Rüti ZH,Niederweningen,41/42,,2026-10-04 14:52:00+00:00,2026-10-04 14:52:24+00:00,,True,0.4,2026-10-04 16:45:46.484000+02:00,2026-10-04 16:52:00+02:00,2026-10-04 16:52:24+02:00,2026-10-04,16,Sunday,True,6.225266666666667
20261004_144546,2026-10-04 14:45:46.484000+00:00,Zürich,rail,ch:1:sloid:3000,Zürich HB,ch:1:sloid:3000:9:17,2026-10-04,ch:1:sjyid:100001:2376-002,rail,InterRegio,IR35,IR35,2376,Chur,Bern,17,,2026-10-04 14:53:00+00:00,2026-10-04 14:53:30+00:00,,True,0.5,2026-10-04 16:45:46.484000+02:00,2026-10-04 16:53:00+02:00,2026-10-04 16:53:30+02:00,2026-10-04,16,Sunday,True,7.225266666666667
20261004_144546,2026-10-04 14:45:46.484000+00:00,Zürich,rail,ch:1:sloid:3000,Zürich HB,ch:1:sloid:3000:503:43,2026-10-04,ch:1:sjyid:100001:18563-001,rail,S-Bahn,S5,S5,18563,Zug,Rüti ZH,43/44,,2026-10-04 14:54:00+00:00,2026-10-04 14:54:18+00:00,,True,0.3,2026-10-04 16:45:46.484000+02:00,2026-10-04 16:54:00+02:00,2026-10-04 16:54:18+02:00,2026-10-04,16,Sunday,True,8.225266666666666
20261004_144546,2026-10-04 14:45:46.484000+00:00,Zürich,rail,ch:1:sloid:3000,Zürich HB,ch:1:sloid:3000:501:34,2026-10-04,ch:1:sjyid:100001:18862-001,rail,S-Bahn,S8,S8,18862,Wädenswil,Winterthur,34,,2026-10-04 14:55:00+00:00,2026-10-04 14:55:18+00:00,,True,0.3,2026-10-04 16:45:46.484000+02:00,2026-10-04 16:55:00+02:00,2026-10-04 16:55:18+02:00,2026-10-04,16,Sunday,True,9.225266666666666
20261004_144546,2026-10-04 14:45:46.484000+00:00,Zürich,rail,ch:1:sloid:3000,Zürich HB,ch:1:sloid:3000:502:42,2026-10-04,ch:1:sjyid:100001:18362-001,rail,S-Bahn,S3,S3,18362,Wetzikon ZH,Zürich Hardbrücke,41/42,,2026-10-04 14:56:00+00:00,2026-10-04 14:57:18+00:00,,True,1.3,2026-10-04 16:45:46.484000+02:00,2026-10-04 16:56:00+02:00,2026-10-04 16:57:18+02:00,2026-10-04,16,Sunday,True,10.225266666666666
20261004_144546,2026-10-04 14:45:46.484000+00:00,Zürich,rail,ch:1:sloid:3000,Zürich HB,ch:1:sloid:3000:503:43,2026-10-04,ch:1:sjyid:100001:18963-001,rail,S-Bahn,S9,S9,18963,Schaffhausen,Uster,43/44,,2026-10-04 14:58:00+00:00,2026-10-04 14:58:18+00:00,,True,0.3,2026-10-04 16:45:46.484000+02:00,2026-10-04 16:58:00+02:00,2026-10-04 16:58:18+02:00,2026-10-04,16,Sunday,True,12.225266666666666
20261004_144546,2026-10-04 14:45:46.484000+00:00,Zürich,rail,ch:1:sloid:3000,Zürich HB,ch:1:sloid:3000:10:18,2026-10-04,ch:1:sjyid:100001:780-001,rail,InterCity,IC3,IC3,780,Zürich HB,Basel SBB,18,,2026-10-04 14:59:00+00:00,2026-10-04 14:59:30+00:00,,True,0.5,2026-10-04 16:45:46.484000+02:00,2026-10-04 16:59:00+02:00,2026-10-04 16:59:30+02:00,2026-10-04,16,Sunday,True,13.225266666666666
20261004_144546,2026-10-04 14:45:46.484000+00:00,Zürich,rail,ch:1:sloid:3000,Zürich HB,ch:1:sloid:3000:502:42,2026-10-04,ch:1:sjyid:100001:19164-001,rail,S-Bahn,S11,S11,19164,Seuzach,Aarau,41/42,,2026-10-04 14:59:00+00:00,2026-10-04 15:00:06+00:00,,True,1.1,2026-10-04 16:45:46.484000+02:00,2026-10-04 16:59:00+02:00,2026-10-04 17:00:06+02:00,2026-10-04,16,Sunday,True,13.225266666666666
20261004_144546,2026-10-04 14:45:46.484000+00:00,Zürich,rail,ch:1:sloid:3000,Zürich HB,ch:1:sloid:3000:503:43,2026-10-04,ch:1:sjyid:100001:18663-001,rail,S-Bahn,S6,S6,18663,Baden,Uetikon,43/44,,2026-10-04 15:00:00+00:00,2026-10-04 15:00:30+00:00,,True,0.5,2026-10-04 16:45:46.484000+02:00,2026-10-04 17:00:00+02:00,2026-10-04 17:00:30+02:00,2026-10-04,17,Sunday,True,14.225266666666666
20261004_144546,2026-10-04 14:45:46.484000+00:00,Zürich,rail,ch:1:sloid:3000,Zürich HB,ch:1:sloid:3000:503:43,2026-10-04,ch:1:sjyid:100001:19165-001,rail,S-Bahn,S11,S11,19165,Aarau,Seuzach,43/44,,2026-10-04 15:01:00+00:00,2026-10-04 15:02:00+00:00,,True,1.0,2026-10-04 16:45:46.484000+02:00,2026-10-04 17:01:00+02:00,2026-10-04 17:02:00+02:00,2026-10-04,17,Sunday,True,15.225266666666666
20261004_144546,2026-10-04 14:45:46.484000+00:00,Zürich,rail,ch:1:sloid:3000,Zürich HB,ch:1:sloid:3000:502:42,2026-10-04,ch:1:sjyid:100001:18664-001,rail,S-Bahn,S6,S6,18664,Uetikon,Baden,41/42,,2026-10-04 15:01:00+00:00,2026-10-04 15:01:42+00:00,,True,0.7,2026-10-04 16:45:46.484000+02:00,2026-10-04 17:01:00+02:00,2026-10-04 17:01:42+02:00,2026-10-04,17,Sunday,True,15.225266666666666
20261004_144546,2026-10-04 14:45:46.484000+00:00,Zürich,rail,ch:1:sloid:3000,Zürich HB,ch:1:sloid:3000:5:9,2026-10-04,ch:1:sjyid:100001:10779-003,rail,InterCity,IC3,IC3,10779,Zürich HB,Chur,,,2026-10-04 15:01:30+00:00,2026-10-04 15:01:30+00:00,,True,0.0,2026-10-04 16:45:46.484000+02:00,2026-10-04 17:01:30+02:00,2026-10-04 17:01:30+02:00,2026-10-04,17,Sunday,True,15.725266666666666
20261004_144546,2026-10-04 14:45:46.484000+00:00,Zürich,rail,ch:1:sloid:3000,Zürich HB,ch:1:sloid:3000:500:32,2026-10-04,ch:1:sjyid:100001:530-001,rail,InterCity,IC5,IC5,530,Rorschach,Lausanne,32,,2026-10-04 15:02:00+00:00,2026-10-04 15:02:00+00:00,,True,0.0,2026-10-04 16:45:46.484000+02:00,2026-10-04 17:02:00+02:00,2026-10-04 17:02:00+02:00,2026-10-04,17,Sunday,True,16.225266666666666
20261004_144546,2026-10-04 14:45:46.484000+00:00,Zürich,rail,ch:1:sloid:3000,Zürich HB,ch:1:sloid:3000:501:33,2026-10-04,ch:1:sjyid:100001:527-001,rail,InterCity,IC5,IC5,527,Lausanne,Rorschach,33,,2026-10-04 15:02:00+00:00,2026-10-04 15:02:30+00:00,,True,0.5,2026-10-04 16:45:46.484000+02:00,2026-10-04 17:02:00+02:00,2026-10-04 17:02:30+02:00,2026-10-04,17,Sunday,True,16.225266666666666
20261004_144546,2026-10-04 14:45:46.484000+00:00,Zürich,rail,ch:1:sloid:3000,Zürich HB,ch:1:sloid:3000:3:4,2026-10-04,ch:1:sjyid:100001:825-001,rail,InterCity,IC8,IC8,825,Zürich HB,Romanshorn,4,,2026-10-04 15:02:00+00:00,2026-10-04 15:02:36+00:00,,True,0.6,2026-10-04 16:45:46.484000+02:00,2026-10-04 17:02:00+02:00,2026-10-04 17:02:36+02:00,2026-10-04,17,Sunday,True,16.225266666666666
20261004_144546,2026-10-04 14:45:46.484000+00:00,Zürich,rail,ch:1:sloid:3000,Zürich HB,ch:1:sloid:3000:5:9,2026-10-04,ch:1:sjyid:100001:10779-003,rail,InterCity,IC3,IC3,10779,Zürich HB,Chur,9,,2026-10-04 15:02:00+00:00,2026-10-04 15:02:30+00:00,,True,0.5,2026-10-04 16:45:46.484000+02:00,2026-10-04 17:02:00+02:00,2026-10-04 17:02:30+02:00,2026-10-04,17,Sunday,True,16.225266666666666
20261004_144546,2026-10-04 14:45:46.484000+00:00,Zürich,rail,ch:1:sloid:3000,Zürich HB,ch:1:sloid:3000:8:14,2026-10-04,ch:1:sjyid:100001:906-001,rail,InterCity,IC,IC,906,Zürich HB,Genève-Aéroport,14,,2026-10-04 15:04:00+00:00,2026-10-04 15:04:36+00:00,,True,0.6,2026-10-04 16:45:46.484000+02:00,2026-10-04 17:04:00+02:00,2026-10-04 17:04:36+02:00,2026-10-04,17,Sunday,True,18.225266666666666
20261004_144546,2026-10-04 14:45:46.484000+00:00,Zürich,rail,ch:1:sloid:3000,Zürich HB,ch:1:sloid:3000:503:43,2026-10-04,ch:1:sjyid:100001:18365-001,rail,S-Bahn,S3,S3,18365,Zürich Hardbrücke,Wetzikon ZH,43/44,,2026-10-04 15:04:00+00:00,2026-10-04 15:04:54+00:00,,True,0.9,2026-10-04 16:45:46.484000+02:00,2026-10-04 17:04:00+02:00,2026-10-04 17:04:54+02:00,2026-10-04,17,Sunday,True,18.225266666666666
20261004_144546,2026-10-04 14:45:46.484000+00:00,Zürich,rail,ch:1:sloid:3000,Zürich HB,ch:1:sloid:3000:4:7,2026-10-04,ch:1:sjyid:100001:881-001,rail,InterCity,IC2,IC2,881,Zürich HB,Lugano,7,,2026-10-04 15:05:00+00:00,2026-10-04 15:05:30+00:00,,True,0.5,2026-10-04 16:45:46.484000+02:00,2026-10-04 17:05:00+02:00,2026-10-04 17:05:30+02:00,2026-10-04,17,Sunday,True,19.225266666666666
20261004_144546,2026-10-04 14:45:46.484000+00:00,Zürich,rail,ch:1:sloid:3000,Zürich HB,ch:1:sloid:3000:3:5,2026-10-04,ch:1:sjyid:100001:4930-001,rail,RegioExpress,RE48,RE48,4930,Zürich HB,Schaffhausen,5,,2026-10-04 15:05:00+00:00,2026-10-04 15:05:12+00:00,,True,0.2,2026-10-04 16:45:46.484000+02:00,2026-10-04 17:05:00+02:00,2026-10-04 17:05:12+02:00,2026-10-04,17,Sunday,True,19.225266666666666
20261004_144546,2026-10-04 14:45:46.484000+00:00,Zürich,rail,ch:1:sloid:3000,Zürich HB,ch:1:sloid:3000:9:16,2026-10-04,ch:1:sjyid:100001:2180-001,rail,InterRegio,IR16,IR16,2180,Zürich HB,Olten,16,,2026-10-04 15:06:00+00:00,2026-10-04 15:06:30+00:00,,True,0.5,2026-10-04 16:45:46.484000+02:00,2026-10-04 17:06:00+02:00,2026-10-04 17:06:30+02:00,2026-10-04,17,Sunday,True,20.225266666666666
20261004_144546,2026-10-04 14:45:48.338000+00:00,Bern,rail,ch:1:sloid:7000,Bern,ch:1:sloid:7000_gen:ch:1:sloid:7000:1:21_pf:1E-H,2026-10-04,ch:1:sjyid:100015:15160-001,rail,S-Bahn,S1,S1,15160,Thun,Fribourg/Freiburg,1E-H,,2026-10-04 14:45:00+00:00,2026-10-04 14:45:48+00:00,,True,0.8,2026-10-04 16:45:48.338000+02:00,2026-10-04 16:45:00+02:00,2026-10-04 16:45:48+02:00,2026-10-04,16,Sunday,True,-0.8056333333333333
20261004_144546,2026-10-04 14:45:48.338000+00:00,Bern,rail,ch:1:sloid:7000,Bern,ch:1:sloid:7000:5:10,2026-10-04,ch:1:sjyid:100015:15161-001,rail,S-Bahn,S1,S1,15161,Fribourg/Freiburg,Thun,10,13A-C,2026-10-04 14:47:00+00:00,2026-10-04 14:47:30+00:00,,True,0.5,2026-10-04 16:45:48.338000+02:00,2026-10-04 16:47:00+02:00,2026-10-04 16:47:30+02:00,2026-10-04,16,Sunday,True,1.1943666666666668
20261004_144546,2026-10-04 14:45:48.338000+00:00,Bern,rail,ch:1:sloid:7000,Bern,ch:1:sloid:7000:1:1,2026-10-04,ch:1:sjyid:100015:15262-001,rail,S-Bahn,S2,S2,15262,Konolfingen,Laupen BE,1A-D,,2026-10-04 14:50:00+00:00,2026-10-04 14:50:18+00:00,,True,0.3,2026-10-04 16:45:48.338000+02:00,2026-10-04 16:50:00+02:00,2026-10-04 16:50:18+02:00,2026-10-04,16,Sunday,True,4.194366666666666
20261004_144546,2026-10-04 14:45:48.338000+00:00,Bern,rail,ch:1:sloid:7000,Bern,ch:1:sloid:7000:5:10,2026-10-04,ch:1:sjyid:100015:16461-001,rail,S-Bahn,S44,S44,16461,Thun,Solothurn/Sumiswald-Grünen,12A-C,10,2026-10-04 14:50:00+00:00,2026-10-04 14:50:12+00:00,,True,0.2,2026-10-04 16:45:48.338000+02:00,2026-10-04 16:50:00+02:00,2026-10-04 16:50:12+02:00,2026-10-04,16,Sunday,True,4.194366666666666
20261004_144546,2026-10-04 14:45:48.338000+00:00,Bern,rail,ch:1:sloid:7000,Bern,ch:1:sloid:7000:4:7,2026-10-04,ch:1:sjyid:100015:3230-001,rail,InterRegio,IR66,IR66,3230,Bern,La Chaux-de-Fonds,7,,2026-10-04 14:53:00+00:00,2026-10-04 14:53:12+00:00,,True,0.2,2026-10-04 16:45:48.338000+02:00,2026-10-04 16:53:00+02:00,2026-10-04 16:53:12+02:00,2026-10-04,16,Sunday,True,7.194366666666666
20261004_144546,2026-10-04 14:45:48.338000+00:00,Bern,rail,ch:1:sloid:7000,Bern,ch:1:sloid:7000:5:10,2026-10-04,ch:1:sjyid:100001:2527-001,rail,InterRegio,IR15,IR15,2527,Genève-Aéroport,Luzern,10,,2026-10-04 15:00:00+00:00,2026-10-04 15:00:36+00:00,,True,0.6,2026-10-04 16:45:48.338000+02:00,2026-10-04 17:00:00+02:00,2026-10-04 17:00:36+02:00,2026-10-04,17,Sunday,True,14.194366666666667
20261004_144546,2026-10-04 14:45:48.338000+00:00,Bern,rail,ch:1:sloid:7000,Bern,ch:1:sloid:7000_gen:ch:1:sloid:7000:6:12_pf:12A-C,2026-10-04,ch:1:sjyid:100015:15365-001,rail,S-Bahn,S3,S3,15365,Belp,Biel/Bienne,12A-C,,2026-10-04 15:00:00+00:00,2026-10-04 15:00:30+00:00,,True,0.5,2026-10-04 16:45:48.338000+02:00,2026-10-04 17:00:00+02:00,2026-10-04 17:00:30+02:00,2026-10-04,17,Sunday,True,14.194366666666667
20261004_144546,2026-10-04 14:45:48.338000+00:00,Bern,rail,ch:1:sloid:7000,Bern,ch:1:sloid:7000:1:2,2026-10-04,ch:1:sjyid:100001:10827-008,rail,InterCity,IC81,IC81,10827,Interlaken Ost,Zürich HB,2,,2026-10-04 15:01:24+00:00,2026-10-04 15:03:06+00:00,,True,1.7,2026-10-04 16:45:48.338000+02:00,2026-10-04 17:01:24+02:00,2026-10-04 17:03:06+02:00,2026-10-04,17,Sunday,True,15.594366666666668
20261004_144546,2026-10-04 14:45:48.338000+00:00,Bern,rail,ch:1:sloid:7000,Bern,ch:1:sloid:7000:1:2,2026-10-04,ch:1:sjyid:100001:10827-008,rail,InterCity,IC81,IC81,10827,Interlaken Ost,Zürich HB,2,,2026-10-04 15:02:00+00:00,2026-10-04 15:02:36+00:00,,True,0.6,2026-10-04 16:45:48.338000+02:00,2026-10-04 17:02:00+02:00,2026-10-04 17:02:36+02:00,2026-10-04,17,Sunday,True,16.194366666666667
20261004_144546,2026-10-04 14:45:48.338000+00:00,Bern,rail,ch:1:sloid:7000,Bern,ch:1:sloid:7000:1:1,2026-10-04,ch:1:sjyid:100015:15362-001,rail,S-Bahn,S3,S3,15362,Biel/Bienne,Belp,1A-D,,2026-10-04 15:02:00+00:00,2026-10-04 15:02:12+00:00,,True,0.2,2026-10-04 16:45:48.338000+02:00,2026-10-04 17:02:00+02:00,2026-10-04 17:02:12+02:00,2026-10-04,17,Sunday,True,16.194366666666667
20261004_144546,2026-10-04 14:45:48.338000+00:00,Bern,rail,ch:1:sloid:7000,Bern,ch:1:sloid:7000:3:5,2026-10-04,ch:1:sjyid:100001:978-001,rail,InterCity,IC6,IC6,978,Brig,Basel SBB,5,,2026-10-04 15:04:00+00:00,2026-10-04 15:05:00+00:00,,True,1.0,2026-10-04 16:45:48.338000+02:00,2026-10-04 17:04:00+02:00,2026-10-04 17:05:00+02:00,2026-10-04,17,Sunday,True,18.194366666666667
20261004_144546,2026-10-04 14:45:48.338000+00:00,Bern,rail,ch:1:sloid:7000,Bern,ch:1:sloid:7000:4:7,2026-10-04,ch:1:sjyid:100001:2528-001,rail,InterRegio,IR15,IR15,2528,Luzern,Genève-Aéroport,7,,2026-10-04 15:04:00+00:00,2026-10-04 15:04:36+00:00,,True,0.6,2026-10-04 16:45:48.338000+02:00,2026-10-04 17:04:00+02:00,2026-10-04 17:04:36+02:00,2026-10-04,17,Sunday,True,18.194366666666667
20261004_144546,2026-10-04 14:45:48.338000+00:00,Bern,rail,ch:1:sloid:7000,Bern,ch:1:sloid:7000:4:8,2026-10-04,ch:1:sjyid:100001:977-001,rail,InterCity,IC61,IC61,977,Basel SBB,Interlaken Ost,8,,2026-10-04 15:04:00+00:00,2026-10-04 15:04:42+00:00,,True,0.7,2026-10-04 16:45:48.338000+02:00,2026-10-04 17:04:00+02:00,2026-10-04 17:04:42+02:00,2026-10-04,17,Sunday,True,18.194366666666667
20261004_144546,2026-10-04 14:45:48.338000+00:00,Bern,rail,ch:1:sloid:7000,Bern,ch:1:sloid:7000_gen:ch:1:sloid:7000:6:33_pf:13D-F,2026-10-04,ch:1:sjyid:100015:15664-001,rail,S-Bahn,S6,S6,15664,Bern,Schwarzenburg,13D-F,,2026-10-04 15:06:00+00:00,2026-10-04 15:06:12+00:00,,True,0.2,2026-10-04 16:45:48.338000+02:00,2026-10-04 17:06:00+02:00,2026-10-04 17:06:12+02:00,2026-10-04,17,Sunday,True,20.194366666666667
20261004_144546,2026-10-04 14:45:48.338000+00:00,Bern,rail,ch:1:sloid:7000,Bern,ch:1:sloid:7000:3:6,2026-10-04,ch:1:sjyid:100001:10824-009,rail,InterCity,IC8,IC8,10824,Zürich HB,Brig,,,2026-10-04 15:06:18+00:00,2026-10-04 15:07:24+00:00,,True,1.1,2026-10-04 16:45:48.338000+02:00,2026-10-04 17:06:18+02:00,2026-10-04 17:07:24+02:00,2026-10-04,17,Sunday,True,20.494366666666668
20261004_144546,2026-10-04 14:45:48.338000+00:00,Bern,rail,ch:1:sloid:7000,Bern,ch:1:sloid:7000:3:6,2026-10-04,ch:1:sjyid:100001:10824-009,rail,InterCity,IC8,IC8,10824,Zürich HB,Brig,6,,2026-10-04 15:07:00+00:00,2026-10-04 15:07:42+00:00,,True,0.7,2026-10-04 16:45:48.338000+02:00,2026-10-04 17:07:00+02:00,2026-10-04 17:07:42+02:00,2026-10-04,17,Sunday,True,21.194366666666667
20261004_144546,2026-10-04 14:45:48.338000+00:00,Bern,rail,ch:1:sloid:7000,Bern,ch:1:sloid:7000:5:9,2026-10-04,ch:1:sjyid:100015:2831-001,rail,InterRegio,IR17,IR17,2831,Bern,Olten,9,,2026-10-04 15:07:00+00:00,2026-10-04 15:07:30+00:00,,True,0.5,2026-10-04 16:45:48.338000+02:00,2026-10-04 17:07:00+02:00,2026-10-04 17:07:30+02:00,2026-10-04,17,Sunday,True,21.194366666666667
20261004_144546,2026-10-04 14:45:48.338000+00:00,Bern,rail,ch:1:sloid:7000,Bern,ch:1:sloid:7000_gen:ch:1:sloid:7000:6:13_pf:13AB,2026-10-04,ch:1:sjyid:100015:15564-001,rail,S-Bahn,S5,S5,15564,Bern,Neuchâtel/Avenches,13AB,,2026-10-04 15:08:00+00:00,2026-10-04 15:08:12+00:00,,True,0.2,2026-10-04 16:45:48.338000+02:00,2026-10-04 17:08:00+02:00,2026-10-04 17:08:12+02:00,2026-10-04,17,Sunday,True,22.194366666666667
20261004_144546,2026-10-04 14:45:48.338000+00:00,Bern,rail,ch:1:sloid:7000,Bern,ch:1:sloid:7000_gen:ch:1:sloid:7000:2:4_pf:4F-H,2026-10-04,ch:1:sjyid:100034:3828-001,rail,RegioExpress,RE2,RE2,3828,Bern,Fribourg/Freiburg,4F-H,,2026-10-04 15:09:00+00:00,2026-10-04 15:09:12+00:00,,True,0.2,2026-10-04 16:45:48.338000+02:00,2026-10-04 17:09:00+02:00,2026-10-04 17:09:12+02:00,2026-10-04,17,Sunday,True,23.194366666666667
20261004_144546,2026-10-04 14:45:48.338000+00:00,Bern,rail,ch:1:sloid:7000,Bern,ch:1:sloid:7000:55:49,2026-10-04,ch:1:sjyid:100015:3365-001,rail,InterRegio,IR65,IR65,3365,Bern,Biel/Bienne,49,,2026-10-04 15:12:00+00:00,2026-10-04 15:12:12+00:00,,True,0.2,2026-10-04 16:45:48.338000+02:00,2026-10-04 17:12:00+02:00,2026-10-04 17:12:12+02:00,2026-10-04,17,Sunday,True,26.194366666666667
20261004_144546,2026-10-04 14:45:48.338000+00:00,Bern,rail,ch:1:sloid:7000,Bern,ch:1:sloid:7000_gen:ch:1:sloid:7000:0:1752_pf:5E-H,2026-10-04,ch:1:sjyid:100015:16460-001,rail,S-Bahn,S44,S44,16460,Burgdorf,Thun,5E-H,,2026-10-04 15:12:00+00:00,2026-10-04 15:12:42+00:00,,True,0.7,2026-10-04 16:45:48.338000+02:00,2026-10-04 17:12:00+02:00,2026-10-04 17:12:42+02:00,2026-10-04,17,Sunday,True,26.194366666666667
20261004_144546,2026-10-04 14:45:48.338000+00:00,Bern,rail,ch:1:sloid:7000,Bern,ch:1:sloid:7000:4:7,2026-10-04,ch:1:sjyid:100015:15265-001,rail,S-Bahn,S2,S2,15265,Laupen BE,Konolfingen,7,,2026-10-04 15:12:00+00:00,2026-10-04 15:12:12+00:00,,True,0.2,2026-10-04 16:45:48.338000+02:00,2026-10-04 17:12:00+02:00,2026-10-04 17:12:12+02:00,2026-10-04,17,Sunday,True,26.194366666666667
20261004_144546,2026-10-04 14:45:48.338000+00:00,Bern,rail,ch:1:sloid:7000,Bern,ch:1:sloid:7000_gen:ch:1:sloid:7000:1:21_pf:1E-H,2026-10-04,ch:1:sjyid:100015:15162-001,rail,S-Bahn,S1,S1,15162,Thun,Fribourg/Freiburg,1E-H,,2026-10-04 15:15:00+00:00,2026-10-04 15:15:12+00:00,,True,0.2,2026-10-04 16:45:48.338000+02:00,2026-10-04 17:15:00+02:00,2026-10-04 17:15:12+02:00,2026-10-04,17,Sunday,True,29.194366666666667
20261004_144546,2026-10-04 14:45:48.338000+00:00,Bern,rail,ch:1:sloid:7000,Bern,ch:1:sloid:7000:5:10,2026-10-04,ch:1:sjyid:100015:15163-001,rail,S-Bahn,S1,S1,15163,Fribourg/Freiburg,Thun,10,,2026-10-04 15:16:00+00:00,2026-10-04 15:16:12+00:00,,True,0.2,2026-10-04 16:45:48.338000+02:00,2026-10-04 17:16:00+02:00,2026-10-04 17:16:12+02:00,2026-10-04,17,Sunday,True,30.194366666666667
20261004_144546,2026-10-04 14:45:48.338000+00:00,Bern,rail,ch:1:sloid:7000,Bern,ch:1:sloid:7000_gen:ch:1:sloid:7000:6:13_pf:13AB,2026-10-04,ch:1:sjyid:100015:15463-001,rail,S-Bahn,S4,S4,15463,Thun,Langnau i.E.,13AB,,2026-10-04 15:19:00+00:00,2026-10-04 15:19:42+00:00,,True,0.7,2026-10-04 16:45:48.338000+02:00,2026-10-04 17:19:00+02:00,2026-10-04 17:19:42+02:00,2026-10-04,17,Sunday,True,33.19436666666667
20261004_144546,2026-10-04 14:45:48.338000+00:00,Bern,rail,ch:1:sloid:7000,Bern,ch:1:sloid:7000:1:1,2026-10-04,ch:1:sjyid:100015:15264-001,rail,S-Bahn,S2,S2,15264,Konolfingen,Laupen BE,1A-D,,2026-10-04 15:21:00+00:00,2026-10-04 15:21:24+00:00,,True,0.4,2026-10-04 16:45:48.338000+02:00,2026-10-04 17:21:00+02:00,2026-10-04 17:21:24+02:00,2026-10-04,17,Sunday,True,35.19436666666666
20261004_144546,2026-10-04 14:45:48.338000+00:00,Bern,rail,ch:1:sloid:7000,Bern,ch:1:sloid:7000:5:10,2026-10-04,ch:1:sjyid:100015:15367-001,rail,S-Bahn,S3,S3,15367,Belp,Biel/Bienne,10,,2026-10-04 15:30:00+00:00,2026-10-04 15:30:30+00:00,,True,0.5,2026-10-04 16:45:48.338000+02:00,2026-10-04 17:30:00+02:00,2026-10-04 17:30:30+02:00,2026-10-04,17,Sunday,True,44.19436666666666
20261004_144546,2026-10-04 14:45:48.338000+00:00,Bern,rail,ch:1:sloid:7000,Bern,ch:1:sloid:7000:4:8,2026-10-04,ch:1:sjyid:100001:727-001,rail,InterCity,IC1,IC1,727,Genève-Aéroport,Zürich HB,8,,2026-10-04 15:31:00+00:00,2026-10-04 15:31:36+00:00,,True,0.6,2026-10-04 16:45:48.338000+02:00,2026-10-04 17:31:00+02:00,2026-10-04 17:31:36+02:00,2026-10-04,17,Sunday,True,45.19436666666666
20261004_144546,2026-10-04 14:45:48.338000+00:00,Bern,rail,ch:1:sloid:7000,Bern,ch:1:sloid:7000:1:1,2026-10-04,ch:1:sjyid:100015:15364-001,rail,S-Bahn,S3,S3,15364,Biel/Bienne,Belp,1A-D,,2026-10-04 15:32:00+00:00,2026-10-04 15:32:12+00:00,,True,0.2,2026-10-04 16:45:48.338000+02:00,2026-10-04 17:32:00+02:00,2026-10-04 17:32:12+02:00,2026-10-04,17,Sunday,True,46.19436666666666
20261004_144546,2026-10-04 14:45:48.338000+00:00,Bern,rail,ch:1:sloid:7000,Bern,ch:1:sloid:7000:3:5,2026-10-04,ch:1:sjyid:100001:628-002,rail,InterCity,IC61,IC61,628,Interlaken Ost,Basel SBB,5,,2026-10-04 15:33:00+00:00,2026-10-04 15:34:00+00:00,,True,1.0,2026-10-04 16:45:48.338000+02:00,2026-10-04 17:33:00+02:00,2026-10-04 17:34:00+02:00,2026-10-04,17,Sunday,True,47.19436666666666
20261004_144546,2026-10-04 14:45:48.912000+00:00,Basel,rail,ch:1:sloid:10,Basel SBB,ch:1:sloid:10:7:15,2026-10-04,ch:1:sjyid:100001:17561-001,rail,S-Bahn,S33,S33,17561,Basel SBB,Liestal,15,,2026-10-04 14:45:00+00:00,2026-10-04 14:45:30+00:00,,True,0.5,2026-10-04 16:45:48.912000+02:00,2026-10-04 16:45:00+02:00,2026-10-04 16:45:30+02:00,2026-10-04,16,Sunday,True,-0.8152
20261004_144546,2026-10-04 14:45:48.912000+00:00,Basel,rail,ch:1:sloid:10,Basel SBB,ch:1:sloid:10:7:14,2026-10-04,ch:1:sjyid:100001:17263-001,rail,S-Bahn,S1,S1,17263,Basel SBB,Laufenburg,14,,2026-10-04 14:49:00+00:00,2026-10-04 14:49:12+00:00,,True,0.2,2026-10-04 16:45:48.912000+02:00,2026-10-04 16:49:00+02:00,2026-10-04 16:49:12+02:00,2026-10-04,16,Sunday,True,3.1848
20261004_144546,2026-10-04 14:45:48.912000+00:00,Basel,rail,ch:1:sloid:10,Basel SBB,ch:1:sloid:10:6:11,2026-10-04,ch:1:sjyid:100001:10067-003,rail,InterCity,IC6,IC6,10067,Basel SBB,Domodossola (I),,,2026-10-04 14:57:18+00:00,2026-10-04 14:57:18+00:00,,True,0.0,2026-10-04 16:45:48.912000+02:00,2026-10-04 16:57:18+02:00,2026-10-04 16:57:18+02:00,2026-10-04,16,Sunday,True,11.4848
20261004_144546,2026-10-04 14:45:48.912000+00:00,Basel,rail,ch:1:sloid:10,Basel SBB,ch:1:sloid:10:6:11,2026-10-04,ch:1:sjyid:100001:10067-003,rail,InterCity,IC6,IC6,10067,Basel SBB,Domodossola (I),11,,2026-10-04 14:58:00+00:00,2026-10-04 14:58:42+00:00,,True,0.7,2026-10-04 16:45:48.912000+02:00,2026-10-04 16:58:00+02:00,2026-10-04 16:58:42+02:00,2026-10-04,16,Sunday,True,12.1848
20261004_144546,2026-10-04 14:45:48.912000+00:00,Basel,rail,ch:1:sloid:10,Basel SBB,ch:1:sloid:10:0:19,2026-10-04,ch:1:sjyid:100001:17361-001,rail,S-Bahn,S3,S3,17361,Laufen,Olten,,,2026-10-04 15:00:00+00:00,2026-10-04 15:00:12+00:00,,True,0.2,2026-10-04 16:45:48.912000+02:00,2026-10-04 17:00:00+02:00,2026-10-04 17:00:12+02:00,2026-10-04,17,Sunday,True,14.1848
20261004_144546,2026-10-04 14:45:48.912000+00:00,Basel,rail,ch:1:sloid:10,Basel SBB,ch:1:sloid:10:0:20,2026-10-04,ch:1:sjyid:100015:1876-001,rail,InterRegio,IR56,IR56,1876,Basel SBB,Biel/Bienne,20,,2026-10-04 15:02:00+00:00,2026-10-04 15:02:12+00:00,,True,0.2,2026-10-04 16:45:48.912000+02:00,2026-10-04 17:02:00+02:00,2026-10-04 17:02:12+02:00,2026-10-04,17,Sunday,True,16.1848
20261004_144546,2026-10-04 14:45:48.912000+00:00,Basel,rail,ch:1:sloid:10,Basel SBB,ch:1:sloid:10:3:5,2026-10-04,ch:1:sjyid:100001:683-001,rail,InterCity,IC21,IC21,683,Basel SBB,Lugano,5,,2026-10-04 15:04:00+00:00,2026-10-04 15:04:42+00:00,,True,0.7,2026-10-04 16:45:48.912000+02:00,2026-10-04 17:04:00+02:00,2026-10-04 17:04:42+02:00,2026-10-04,17,Sunday,True,18.1848
20261004_144546,2026-10-04 14:45:48.912000+00:00,Basel,rail,ch:1:sloid:10,Basel SBB,ch:1:sloid:10:6:12,2026-10-04,ch:1:sjyid:100001:1981-001,rail,InterRegio,IR36,IR36,1981,Basel SBB,Zürich HB,12,9,2026-10-04 15:07:00+00:00,2026-10-04 15:07:42+00:00,,True,0.7,2026-10-04 16:45:48.912000+02:00,2026-10-04 17:07:00+02:00,2026-10-04 17:07:42+02:00,2026-10-04,17,Sunday,True,21.1848
20261004_144546,2026-10-04 14:45:48.912000+00:00,Basel,rail,ch:1:sloid:10,Basel SBB,ch:1:sloid:10:2:4,2026-10-04,ch:1:sjyid:100001:781-001,rail,InterCity,IC3,IC3,781,Basel SBB,Chur,4,,2026-10-04 15:07:00+00:00,2026-10-04 15:07:48+00:00,,True,0.8,2026-10-04 16:45:48.912000+02:00,2026-10-04 17:07:00+02:00,2026-10-04 17:07:48+02:00,2026-10-04,17,Sunday,True,21.1848
20261004_144546,2026-10-04 14:45:48.912000+00:00,Basel,rail,ch:1:sloid:10,Basel SBB,ch:1:sloid:10:7:15,2026-10-04,ch:1:sjyid:100001:17360-001,rail,S-Bahn,S3,S3,17360,Olten,Laufen,15,,2026-10-04 15:08:00+00:00,2026-10-04 15:08:12+00:00,,True,0.2,2026-10-04 16:45:48.912000+02:00,2026-10-04 17:08:00+02:00,2026-10-04 17:08:12+02:00,2026-10-04,17,Sunday,True,22.1848
20261004_144546,2026-10-04 14:45:48.912000+00:00,Basel,rail,ch:1:sloid:10,Basel SBB,ch:1:sloid:10:8:16,2026-10-04,ch:1:sjyid:100001:17563-001,rail,S-Bahn,S33,S33,17563,Basel SBB,Liestal,16,,2026-10-04 15:15:00+00:00,2026-10-04 15:15:30+00:00,,True,0.5,2026-10-04 16:45:48.912000+02:00,2026-10-04 17:15:00+02:00,2026-10-04 17:15:30+02:00,2026-10-04,17,Sunday,True,29.1848
20261004_144546,2026-10-04 14:45:48.912000+00:00,Basel,rail,ch:1:sloid:10,Basel SBB,ch:1:sloid:10:2:3,2026-10-04,ch:1:sjyid:100001:2481-001,rail,InterRegio,IR27,IR27,2481,Basel SBB,Luzern,3,,2026-10-04 15:16:00+00:00,2026-10-04 15:16:42+00:00,,True,0.7,2026-10-04 16:45:48.912000+02:00,2026-10-04 17:16:00+02:00,2026-10-04 17:16:42+02:00,2026-10-04,17,Sunday,True,30.1848
20261004_144546,2026-10-04 14:45:48.912000+00:00,Basel,rail,ch:1:sloid:10,Basel SBB,ch:1:sloid:10:6:12,2026-10-04,ch:1:sjyid:100001:17165-001,rail,S-Bahn,S1,S1,17165,Basel SBB,Frick,12,,2026-10-04 15:19:00+00:00,2026-10-04 15:19:12+00:00,,True,0.2,2026-10-04 16:45:48.912000+02:00,2026-10-04 17:19:00+02:00,2026-10-04 17:19:12+02:00,2026-10-04,17,Sunday,True,33.1848
20261004_144546,2026-10-04 14:45:48.912000+00:00,Basel,rail,ch:1:sloid:10,Basel SBB,ch:1:sloid:10:21:31,2026-10-04,ch:1:sjyid:100001:96234-001,rail,Train Express Regional,TER,TER,96234,Basel SBB,Strasbourg,31,,2026-10-04 15:21:00+00:00,2026-10-04 15:21:30+00:00,,True,0.5,2026-10-04 16:45:48.912000+02:00,2026-10-04 17:21:00+02:00,2026-10-04 17:21:30+02:00,2026-10-04,17,Sunday,True,35.1848
20261004_144546,2026-10-04 14:45:48.912000+00:00,Basel,rail,ch:1:sloid:10,Basel SBB,ch:1:sloid:10:0:19,2026-10-04,ch:1:sjyid:100001:17363-001,rail,S-Bahn,S3,S3,17363,Laufen,Olten,19,,2026-10-04 15:30:00+00:00,2026-10-04 15:30:12+00:00,,True,0.2,2026-10-04 16:45:48.912000+02:00,2026-10-04 17:30:00+02:00,2026-10-04 17:30:12+02:00,2026-10-04,17,Sunday,True,44.1848
20261004_144546,2026-10-04 14:45:48.912000+00:00,Basel,rail,ch:1:sloid:10,Basel SBB,ch:1:sloid:10:3:6,2026-10-04,ch:1:sjyid:100001:981-001,rail,InterCity,IC61,IC61,981,Basel SBB,Interlaken Ost,6,,2026-10-04 15:30:00+00:00,2026-10-04 15:30:42+00:00,,True,0.7,2026-10-04 16:45:48.912000+02:00,2026-10-04 17:30:00+02:00,2026-10-04 17:30:42+02:00,2026-10-04,17,Sunday,True,44.1848
20261004_144546,2026-10-04 14:45:48.912000+00:00,Basel,rail,ch:1:sloid:10,Basel SBB,ch:1:sloid:10:0:20,2026-10-04,ch:1:sjyid:100001:1632-001,rail,InterCity,IC51,IC51,1632,Basel SBB,Lausanne,20,,2026-10-04 15:32:00+00:00,2026-10-04 15:32:42+00:00,,True,0.7,2026-10-04 16:45:48.912000+02:00,2026-10-04 17:32:00+02:00,2026-10-04 17:32:42+02:00,2026-10-04,17,Sunday,True,46.1848
20261004_144546,2026-10-04 14:45:48.912000+00:00,Basel,rail,ch:1:sloid:10,Basel SBB,ch:1:sloid:10:5:9,2026-10-04,ch:1:sjyid:100001:9215-001,rail,Train à grande vit.,TGV,TGV,9215,Mulhouse,Zürich HB,9,,2026-10-04 15:33:00+00:00,2026-10-04 15:33:54+00:00,,True,0.9,2026-10-04 16:45:48.912000+02:00,2026-10-04 17:33:00+02:00,2026-10-04 17:33:54+02:00,2026-10-04,17,Sunday,True,47.1848
20261004_144546,2026-10-04 14:45:48.912000+00:00,Basel,rail,ch:1:sloid:10,Basel SBB,ch:1:sloid:10:1:2,2026-10-04,ch:1:sjyid:100308:87850-001,rail,S-Bahn,S6,S6,87850,Basel SBB,Zell (Wiesental),2,,2026-10-04 15:35:00+00:00,2026-10-04 15:35:12+00:00,,True,0.2,2026-10-04 16:45:48.912000+02:00,2026-10-04 17:35:00+02:00,2026-10-04 17:35:12+02:00,2026-10-04,17,Sunday,True,49.1848
20261004_144546,2026-10-04 14:45:48.912000+00:00,Basel,rail,ch:1:sloid:10,Basel SBB,ch:1:sloid:10:3:5,2026-10-04,ch:1:sjyid:100001:2081-001,rail,InterRegio,IR36,IR36,2081,Basel SBB,Zürich Flughafen,5,,2026-10-04 15:36:00+00:00,2026-10-04 15:36:42+00:00,,True,0.7,2026-10-04 16:45:48.912000+02:00,2026-10-04 17:36:00+02:00,2026-10-04 17:36:42+02:00,2026-10-04,17,Sunday,True,50.1848
20261004_144546,2026-10-04 14:45:48.912000+00:00,Basel,rail,ch:1:sloid:10,Basel SBB,ch:1:sloid:10:22:33,2026-10-04,ch:1:sjyid:100001:96130-001,rail,Train Express Regional,TER,TER,96130,Basel SBB,Mulhouse,33,,2026-10-04 15:38:00+00:00,2026-10-04 15:38:18+00:00,,True,0.3,2026-10-04 16:45:48.912000+02:00,2026-10-04 17:38:00+02:00,2026-10-04 17:38:18+02:00,2026-10-04,17,Sunday,True,52.1848
20261004_144546,2026-10-04 14:45:48.912000+00:00,Basel,rail,ch:1:sloid:10,Basel SBB,ch:1:sloid:10:8:16,2026-10-04,ch:1:sjyid:100001:17362-001,rail,S-Bahn,S3,S3,17362,Olten,Laufen,16,,2026-10-04 15:38:00+00:00,2026-10-04 15:38:12+00:00,,True,0.2,2026-10-04 16:45:48.912000+02:00,2026-10-04 17:38:00+02:00,2026-10-04 17:38:12+02:00,2026-10-04,17,Sunday,True,52.1848
20261004_144546,2026-10-04 14:45:48.912000+00:00,Basel,rail,ch:1:sloid:10,Basel SBB,ch:1:sloid:10:5:10,2026-10-04,ch:1:sjyid:100001:2281-001,rail,InterRegio,IR37,IR37,2281,Basel SBB,Zürich HB,10,,2026-10-04 15:43:00+00:00,2026-10-04 15:43:48+00:00,,True,0.8,2026-10-04 16:45:48.912000+02:00,2026-10-04 17:43:00+02:00,2026-10-04 17:43:48+02:00,2026-10-04,17,Sunday,True,57.1848
20261004_144546,2026-10-04 14:45:48.912000+00:00,Basel,rail,ch:1:sloid:10,Basel SBB,ch:1:sloid:10:7:15,2026-10-04,ch:1:sjyid:100001:17565-001,rail,S-Bahn,S33,S33,17565,Basel SBB,Liestal,15,,2026-10-04 15:45:00+00:00,2026-10-04 15:45:30+00:00,,True,0.5,2026-10-04 16:45:48.912000+02:00,2026-10-04 17:45:00+02:00,2026-10-04 17:45:30+02:00,2026-10-04,17,Sunday,True,59.1848
20261004_144546,2026-10-04 14:45:48.912000+00:00,Basel,rail,ch:1:sloid:10,Basel SBB,ch:1:sloid:10:6:12,2026-10-04,ch:1:sjyid:100001:17267-001,rail,S-Bahn,S1,S1,17267,Basel SBB,Laufenburg,12,,2026-10-04 15:49:00+00:00,2026-10-04 15:49:12+00:00,,True,0.2,2026-10-04 16:45:48.912000+02:00,2026-10-04 17:49:00+02:00,2026-10-04 17:49:12+02:00,2026-10-04,17,Sunday,True,63.1848
20261004_144546,2026-10-04 14:45:48.912000+00:00,Basel,rail,ch:1:sloid:10,Basel SBB,ch:1:sloid:10:21:31,2026-10-04,ch:1:sjyid:100001:96236-001,rail,Train Express Regional,TER,TER,96236,Basel SBB,Strasbourg,31,,2026-10-04 15:51:00+00:00,2026-10-04 15:51:30+00:00,,True,0.5,2026-10-04 16:45:48.912000+02:00,2026-10-04 17:51:00+02:00,2026-10-04 17:51:30+02:00,2026-10-04,17,Sunday,True,65.18480000000001
20261004_144546,2026-10-04 14:45:48.912000+00:00,Basel,rail,ch:1:sloid:10,Basel SBB,ch:1:sloid:10:6:11,2026-10-04,ch:1:sjyid:100001:633-002,rail,InterCity,IC61,IC61,633,Basel SBB,Interlaken Ost,11,,2026-10-04 15:58:00+00:00,2026-10-04 15:58:42+00:00,,True,0.7,2026-10-04 16:45:48.912000+02:00,2026-10-04 17:58:00+02:00,2026-10-04 17:58:42+02:00,2026-10-04,17,Sunday,True,72.1848
20261004_144546,2026-10-04 14:45:48.912000+00:00,Basel,rail,ch:1:sloid:10,Basel SBB,ch:1:sloid:10:0:19,2026-10-04,ch:1:sjyid:100001:17365-001,rail,S-Bahn,S3,S3,17365,Laufen,Olten,19,,2026-10-04 16:00:00+00:00,2026-10-04 16:00:12+00:00,,True,0.2,2026-10-04 16:45:48.912000+02:00,2026-10-04 18:00:00+02:00,2026-10-04 18:00:12+02:00,2026-10-04,18,Sunday,True,74.1848
20261004_144546,2026-10-04 14:45:48.912000+00:00,Basel,rail,ch:1:sloid:10,Basel SBB,ch:1:sloid:10:0:20,2026-10-04,ch:1:sjyid:100015:1878-001,rail,InterRegio,IR56,IR56,1878,Basel SBB,Biel/Bienne,20,,2026-10-04 16:02:00+00:00,2026-10-04 16:02:12+00:00,,True,0.2,2026-10-04 16:45:48.912000+02:00,2026-10-04 18:02:00+02:00,2026-10-04 18:02:12+02:00,2026-10-04,18,Sunday,True,76.1848
20261004_144546,2026-10-04 14:45:48.912000+00:00,Basel,rail,ch:1:sloid:10,Basel SBB,ch:1:sloid:10:3:5,2026-10-04,ch:1:sjyid:100061:2335-001,rail,Treno Gottardo,IR26,IR26,2335,Basel SBB,Bellinzona,2,5,2026-10-04 16:04:00+00:00,2026-10-04 16:04:30+00:00,,True,0.5,2026-10-04 16:45:48.912000+02:00,2026-10-04 18:04:00+02:00,2026-10-04 18:04:30+02:00,2026-10-04,18,Sunday,True,78.1848
20261004_144546,2026-10-04 14:45:49.453000+00:00,Luzern,rail,ch:1:sloid:5000,Luzern,ch:1:sloid:5000:4:9,2026-10-04,ch:1:sjyid:100001:21155-002,rail,S-Bahn,S1,S1,21155,Baar,Sursee,9,,2026-10-04 14:44:00+00:00,2026-10-04 14:45:36+00:00,,True,1.6,2026-10-04 16:45:49.453000+02:00,2026-10-04 16:44:00+02:00,2026-10-04 16:45:36+02:00,2026-10-04,16,Sunday,True,-1.8242166666666668
20261004_144546,2026-10-04 14:45:49.453000+00:00,Luzern,rail,ch:1:sloid:5000,Luzern,ch:1:sloid:5000:2:4,2026-10-04,ch:1:sjyid:100001:21156-002,rail,S-Bahn,S1,S1,21156,Sursee,Baar,3,4,2026-10-04 14:51:00+00:00,2026-10-04 14:51:12+00:00,,True,0.2,2026-10-04 16:45:49.453000+02:00,2026-10-04 16:51:00+02:00,2026-10-04 16:51:12+02:00,2026-10-04,16,Sunday,True,5.175783333333333
20261004_144546,2026-10-04 14:45:49.453000+00:00,Luzern,rail,ch:1:sloid:5000,Luzern,ch:1:sloid:5000:3:7,2026-10-04,ch:1:sjyid:100061:2328-001,rail,Treno Gottardo,IR26,IR26,2328,Locarno,Basel SBB,7,,2026-10-04 14:54:00+00:00,2026-10-04 14:55:54+00:00,,True,1.9,2026-10-04 16:45:49.453000+02:00,2026-10-04 16:54:00+02:00,2026-10-04 16:55:54+02:00,2026-10-04,16,Sunday,True,8.175783333333333
20261004_144546,2026-10-04 14:45:49.453000+00:00,Luzern,rail,ch:1:sloid:5000,Luzern,ch:1:sloid:5000:2:5,2026-10-04,ch:1:sjyid:100015:4480-001,rail,RegioExpress,RE7,RE7,4480,Luzern,Wolhusen,5,,2026-10-04 14:57:00+00:00,2026-10-04 14:57:12+00:00,,True,0.2,2026-10-04 16:45:49.453000+02:00,2026-10-04 16:57:00+02:00,2026-10-04 16:57:12+02:00,2026-10-04,16,Sunday,True,11.175783333333333
20261004_144546,2026-10-04 14:45:49.453000+00:00,Luzern,rail,ch:1:sloid:5000,Luzern,ch:1:sloid:5000:7:14,2026-10-04,ch:1:sjyid:100064:21464-001,rail,S-Bahn,S4,S4,21464,Luzern,Stansstad,14,,2026-10-04 14:57:00+00:00,2026-10-04 14:57:12+00:00,,True,0.2,2026-10-04 16:45:49.453000+02:00,2026-10-04 16:57:00+02:00,2026-10-04 16:57:12+02:00,2026-10-04,16,Sunday,True,11.175783333333333
20261004_144546,2026-10-04 14:45:49.453000+00:00,Luzern,rail,ch:1:sloid:5000,Luzern,ch:1:sloid:5000:5:10,2026-10-04,ch:1:sjyid:100001:21964-001,rail,S-Bahn,S9,S9,21964,Luzern,Lenzburg,10,,2026-10-04 15:02:00+00:00,2026-10-04 15:02:30+00:00,,True,0.5,2026-10-04 16:45:49.453000+02:00,2026-10-04 17:02:00+02:00,2026-10-04 17:02:30+02:00,2026-10-04,17,Sunday,True,16.175783333333335
20261004_144546,2026-10-04 14:45:49.453000+00:00,Luzern,rail,ch:1:sloid:5000,Luzern,ch:1:sloid:5000:4:9,2026-10-04,ch:1:sjyid:100001:4730-001,rail,RegioExpress,RE24,RE24,4730,Luzern,Olten,9,,2026-10-04 15:05:00+00:00,2026-10-04 15:05:12+00:00,,True,0.2,2026-10-04 16:45:49.453000+02:00,2026-10-04 17:05:00+02:00,2026-10-04 17:05:12+02:00,2026-10-04,17,Sunday,True,19.175783333333335
20261004_144546,2026-10-04 14:45:49.453000+00:00,Luzern,rail,ch:1:sloid:5000,Luzern,ch:1:sloid:5000:6:13,2026-10-04,ch:1:sjyid:100064:2934-001,rail,Luzern-Interlaken Express,LIX,LIX,2934,Luzern,Interlaken Ost,13,,2026-10-04 15:06:00+00:00,2026-10-04 15:06:06+00:00,,True,0.1,2026-10-04 16:45:49.453000+02:00,2026-10-04 17:06:00+02:00,2026-10-04 17:06:06+02:00,2026-10-04,17,Sunday,True,20.175783333333335
20261004_144546,2026-10-04 14:45:49.453000+00:00,Luzern,rail,ch:1:sloid:5000,Luzern,ch:1:sloid:5000:5:11,2026-10-04,ch:1:sjyid:100001:21365-001,rail,S-Bahn,S3,S3,21365,Luzern,Brunnen,11,,2026-10-04 15:06:00+00:00,2026-10-04 15:07:00+00:00,,True,1.0,2026-10-04 16:45:49.453000+02:00,2026-10-04 17:06:00+02:00,2026-10-04 17:07:00+02:00,2026-10-04,17,Sunday,True,20.175783333333335
20261004_144546,2026-10-04 14:45:49.453000+00:00,Luzern,rail,ch:1:sloid:5000,Luzern,ch:1:sloid:5000:3:6,2026-10-04,ch:1:sjyid:100001:2632-001,rail,InterRegio,IR70,IR70,2632,Luzern,Zürich HB,6,,2026-10-04 15:09:00+00:00,2026-10-04 15:10:00+00:00,,True,1.0,2026-10-04 16:45:49.453000+02:00,2026-10-04 17:09:00+02:00,2026-10-04 17:10:00+02:00,2026-10-04,17,Sunday,True,23.175783333333335
20261004_144546,2026-10-04 14:45:49.453000+00:00,Luzern,rail,ch:1:sloid:5000,Luzern,ch:1:sloid:5000:6:12,2026-10-04,ch:1:sjyid:100064:2980-001,rail,Luzern-Engelberg Express,IRLEX,IRLEX,2980,Luzern,Stansstad,12,,2026-10-04 15:10:00+00:00,2026-10-04 15:10:12+00:00,,True,0.2,2026-10-04 16:45:49.453000+02:00,2026-10-04 17:10:00+02:00,2026-10-04 17:10:12+02:00,2026-10-04,17,Sunday,True,24.175783333333335
20261004_144546,2026-10-04 14:45:49.453000+00:00,Luzern,rail,ch:1:sloid:5000,Luzern,ch:1:sloid:5000:7:14,2026-10-04,ch:1:sjyid:100064:21564-001,rail,S-Bahn,S5,S5,21564,Luzern,Giswil,14,,2026-10-04 15:12:00+00:00,2026-10-04 15:12:12+00:00,,True,0.2,2026-10-04 16:45:49.453000+02:00,2026-10-04 17:12:00+02:00,2026-10-04 17:12:12+02:00,2026-10-04,17,Sunday,True,26.175783333333335
20261004_144546,2026-10-04 14:45:49.453000+00:00,Luzern,rail,ch:1:sloid:5000,Luzern,ch:1:sloid:5000:1:3,2026-10-04,ch:1:sjyid:100001:21157-002,rail,S-Bahn,S1,S1,21157,Baar,Sursee,3,,2026-10-04 15:14:00+00:00,2026-10-04 15:15:00+00:00,,True,1.0,2026-10-04 16:45:49.453000+02:00,2026-10-04 17:14:00+02:00,2026-10-04 17:15:00+02:00,2026-10-04,17,Sunday,True,28.175783333333335
20261004_144546,2026-10-04 14:45:49.453000+00:00,Luzern,rail,ch:1:sloid:5000,Luzern,ch:1:sloid:5000:2:5,2026-10-04,ch:1:sjyid:100015:21664-001,rail,S-Bahn,S6,S6,21664,Luzern,Wolhusen,5,,2026-10-04 15:16:00+00:00,2026-10-04 15:17:00+00:00,,True,1.0,2026-10-04 16:45:49.453000+02:00,2026-10-04 17:16:00+02:00,2026-10-04 17:17:00+02:00,2026-10-04,17,Sunday,True,30.175783333333335
20261004_144546,2026-10-04 14:45:49.453000+00:00,Luzern,rail,ch:1:sloid:5000,Luzern,ch:1:sloid:5000:3:7,2026-10-04,ch:1:sjyid:100061:2331-001,rail,Treno Gottardo,IR26,IR26,2331,Basel SBB,Locarno,7,,2026-10-04 15:18:00+00:00,2026-10-04 15:19:00+00:00,,True,1.0,2026-10-04 16:45:49.453000+02:00,2026-10-04 17:18:00+02:00,2026-10-04 17:19:00+02:00,2026-10-04,17,Sunday,True,32.175783333333335
20261004_144546,2026-10-04 14:45:49.453000+00:00,Luzern,rail,ch:1:sloid:5000,Luzern,ch:1:sloid:5000:4:8,2026-10-04,ch:1:sjyid:100001:21158-002,rail,S-Bahn,S1,S1,21158,Sursee,Baar,8,,2026-10-04 15:21:00+00:00,2026-10-04 15:21:12+00:00,,True,0.2,2026-10-04 16:45:49.453000+02:00,2026-10-04 17:21:00+02:00,2026-10-04 17:21:12+02:00,2026-10-04,17,Sunday,True,35.175783333333335
20261004_144546,2026-10-04 14:45:49.453000+00:00,Luzern,rail,ch:1:sloid:5000,Luzern,ch:1:sloid:5000:7:14,2026-10-04,ch:1:sjyid:100064:21466-001,rail,S-Bahn,S4,S4,21466,Luzern,Stansstad,14,,2026-10-04 15:27:00+00:00,2026-10-04 15:27:12+00:00,,True,0.2,2026-10-04 16:45:49.453000+02:00,2026-10-04 17:27:00+02:00,2026-10-04 17:27:12+02:00,2026-10-04,17,Sunday,True,41.175783333333335
20261004_144546,2026-10-04 14:45:49.453000+00:00,Luzern,rail,ch:1:sloid:5000,Luzern,ch:1:sloid:5000:2:4,2026-10-04,ch:1:sjyid:100001:2480-001,rail,InterRegio,IR27,IR27,2480,Luzern,Basel SBB,4,,2026-10-04 15:30:00+00:00,2026-10-04 15:30:36+00:00,,True,0.6,2026-10-04 16:45:49.453000+02:00,2026-10-04 17:30:00+02:00,2026-10-04 17:30:36+02:00,2026-10-04,17,Sunday,True,44.175783333333335
20261004_144546,2026-10-04 14:45:49.453000+00:00,Luzern,rail,ch:1:sloid:5000,Luzern,ch:1:sloid:5000:3:7,2026-10-04,ch:1:sjyid:100001:21966-001,rail,S-Bahn,S9,S9,21966,Luzern,Lenzburg,7,,2026-10-04 15:32:00+00:00,2026-10-04 15:32:30+00:00,,True,0.5,2026-10-04 16:45:49.453000+02:00,2026-10-04 17:32:00+02:00,2026-10-04 17:32:30+02:00,2026-10-04,17,Sunday,True,46.175783333333335
20261004_144546,2026-10-04 14:45:49.453000+00:00,Luzern,rail,ch:1:sloid:5000,Luzern,ch:1:sloid:5000:2:5,2026-10-04,ch:1:sjyid:100001:2131-001,rail,InterRegio,IR75,IR75,2131,Luzern,Kreuzlingen,5,,2026-10-04 15:35:00+00:00,2026-10-04 15:35:00+00:00,,True,0.0,2026-10-04 16:45:49.453000+02:00,2026-10-04 17:35:00+02:00,2026-10-04 17:35:00+02:00,2026-10-04,17,Sunday,True,49.175783333333335
20261004_144546,2026-10-04 14:45:49.453000+00:00,Luzern,rail,ch:1:sloid:5000,Luzern,ch:1:sloid:5000:1:3,2026-10-04,ch:1:sjyid:100061:2035-001,rail,Voralpen-Express,VAE,VAE,2035,Luzern,St. Gallen,3,,2026-10-04 15:39:00+00:00,2026-10-04 15:39:12+00:00,,True,0.2,2026-10-04 16:45:49.453000+02:00,2026-10-04 17:39:00+02:00,2026-10-04 17:39:12+02:00,2026-10-04,17,Sunday,True,53.175783333333335
20261004_144546,2026-10-04 14:45:49.453000+00:00,Luzern,rail,ch:1:sloid:5000,Luzern,ch:1:sloid:5000:4:9,2026-10-04,ch:1:sjyid:100001:2532-001,rail,InterRegio,IR15,IR15,2532,Luzern,Genève-Aéroport,9,,2026-10-04 15:42:00+00:00,2026-10-04 15:43:36+00:00,,True,1.6,2026-10-04 16:45:49.453000+02:00,2026-10-04 17:42:00+02:00,2026-10-04 17:43:36+02:00,2026-10-04,17,Sunday,True,56.175783333333335
20261004_144546,2026-10-04 14:45:49.453000+00:00,Luzern,rail,ch:1:sloid:5000,Luzern,ch:1:sloid:5000:7:14,2026-10-04,ch:1:sjyid:100064:21566-001,rail,S-Bahn,S5,S5,21566,Luzern,Giswil,14,,2026-10-04 15:42:00+00:00,2026-10-04 15:42:12+00:00,,True,0.2,2026-10-04 16:45:49.453000+02:00,2026-10-04 17:42:00+02:00,2026-10-04 17:42:12+02:00,2026-10-04,17,Sunday,True,56.175783333333335
20261004_144546,2026-10-04 14:45:49.453000+00:00,Luzern,rail,ch:1:sloid:5000,Luzern,ch:1:sloid:5000:5:10,2026-10-04,ch:1:sjyid:100001:21159-002,rail,S-Bahn,S1,S1,21159,Baar,Sursee,10,,2026-10-04 15:44:00+00:00,2026-10-04 15:45:00+00:00,,True,1.0,2026-10-04 16:45:49.453000+02:00,2026-10-04 17:44:00+02:00,2026-10-04 17:45:00+02:00,2026-10-04,17,Sunday,True,58.175783333333335
20261004_144546,2026-10-04 14:45:49.453000+00:00,Luzern,rail,ch:1:sloid:5000,Luzern,ch:1:sloid:5000:2:4,2026-10-04,ch:1:sjyid:100001:21160-002,rail,S-Bahn,S1,S1,21160,Sursee,Baar,4,,2026-10-04 15:51:00+00:00,2026-10-04 15:51:12+00:00,,True,0.2,2026-10-04 16:45:49.453000+02:00,2026-10-04 17:51:00+02:00,2026-10-04 17:51:12+02:00,2026-10-04,17,Sunday,True,65.17578333333333
20261004_144546,2026-10-04 14:45:49.453000+00:00,Luzern,rail,ch:1:sloid:5000,Luzern,ch:1:sloid:5000:3:7,2026-10-04,ch:1:sjyid:100001:684-001,rail,InterCity,IC21,IC21,684,Lugano,Basel SBB,7,,2026-10-04 15:54:00+00:00,2026-10-04 15:54:36+00:00,,True,0.6,2026-10-04 16:45:49.453000+02:00,2026-10-04 17:54:00+02:00,2026-10-04 17:54:36+02:00,2026-10-04,17,Sunday,True,68.17578333333333
20261004_144546,2026-10-04 14:45:49.453000+00:00,Luzern,rail,ch:1:sloid:5000,Luzern,ch:1:sloid:5000:2:5,2026-10-04,ch:1:sjyid:100015:4482-001,rail,RegioExpress,RE7,RE7,4482,Luzern,Wolhusen,5,,2026-10-04 15:57:00+00:00,2026-10-04 15:57:12+00:00,,True,0.2,2026-10-04 16:45:49.453000+02:00,2026-10-04 17:57:00+02:00,2026-10-04 17:57:12+02:00,2026-10-04,17,Sunday,True,71.17578333333333
20261004_144546,2026-10-04 14:45:49.453000+00:00,Luzern,rail,ch:1:sloid:5000,Luzern,ch:1:sloid:5000:7:14,2026-10-04,ch:1:sjyid:100064:21468-001,rail,S-Bahn,S4,S4,21468,Luzern,Stansstad,14,,2026-10-04 15:57:00+00:00,2026-10-04 15:57:12+00:00,,True,0.2,2026-10-04 16:45:49.453000+02:00,2026-10-04 17:57:00+02:00,2026-10-04 17:57:12+02:00,2026-10-04,17,Sunday,True,71.17578333333333
20261004_144546,2026-10-04 14:45:49.453000+00:00,Luzern,rail,ch:1:sloid:5000,Luzern,ch:1:sloid:5000:5:10,2026-10-04,ch:1:sjyid:100001:21968-001,rail,S-Bahn,S9,S9,21968,Luzern,Lenzburg,10,,2026-10-04 16:02:00+00:00,2026-10-04 16:02:30+00:00,,True,0.5,2026-10-04 16:45:49.453000+02:00,2026-10-04 18:02:00+02:00,2026-10-04 18:02:30+02:00,2026-10-04,18,Sunday,True,76.17578333333333
20261004_144546,2026-10-04 14:45:49.453000+00:00,Luzern,rail,ch:1:sloid:5000,Luzern,ch:1:sloid:5000:4:9,2026-10-04,ch:1:sjyid:100001:4732-001,rail,RegioExpress,RE24,RE24,4732,Luzern,Olten,9,,2026-10-04 16:05:00+00:00,2026-10-04 16:05:12+00:00,,True,0.2,2026-10-04 16:45:49.453000+02:00,2026-10-04 18:05:00+02:00,2026-10-04 18:05:12+02:00,2026-10-04,18,Sunday,True,79.17578333333333
20261004_144546,2026-10-04 14:45:49.985000+00:00,St. Gallen,rail,ch:1:sloid:6302,St. Gallen,ch:1:sloid:6302:3:5,2026-10-04,ch:1:sjyid:100046:5232-001,rail,RegioExpress,RE1,RE1,5232,Kreuzlingen Hafen,Herisau,5,,2026-10-04 14:44:00+00:00,2026-10-04 14:45:12+00:00,,True,1.2,2026-10-04 16:45:49.985000+02:00,2026-10-04 16:44:00+02:00,2026-10-04 16:45:12+02:00,2026-10-04,16,Sunday,True,-1.8330833333333334
20261004_144546,2026-10-04 14:45:49.985000+00:00,St. Gallen,rail,ch:1:sloid:6302,St. Gallen,ch:1:sloid:6302:1:1,2026-10-04,ch:1:sjyid:100046:11160-001,rail,S-Bahn,S1,S1,11160,Schaffhausen,Wil SG,1,,2026-10-04 14:47:00+00:00,2026-10-04 14:47:12+00:00,,True,0.2,2026-10-04 16:45:49.985000+02:00,2026-10-04 16:47:00+02:00,2026-10-04 16:47:12+02:00,2026-10-04,16,Sunday,True,1.1669166666666666
20261004_144546,2026-10-04 14:45:49.985000+00:00,St. Gallen,rail,ch:1:sloid:6302,St. Gallen,ch:1:sloid:6302:2:3,2026-10-04,ch:1:sjyid:100046:11161-001,rail,S-Bahn,S1,S1,11161,Wil SG,Schaffhausen,3,,2026-10-04 14:49:00+00:00,2026-10-04 14:50:36+00:00,,True,1.6,2026-10-04 16:45:49.985000+02:00,2026-10-04 16:49:00+02:00,2026-10-04 16:50:36+02:00,2026-10-04,16,Sunday,True,3.1669166666666664
20261004_144546,2026-10-04 14:45:49.985000+00:00,St. Gallen,rail,ch:1:sloid:6302,St. Gallen,ch:1:sloid:6302:3:4,2026-10-04,ch:1:sjyid:100061:2223-001,rail,Alpenrhein-Express,IR13,IR13,2223,St. Gallen,Chur,4,,2026-10-04 14:55:00+00:00,2026-10-04 14:55:12+00:00,,True,0.2,2026-10-04 16:45:49.985000+02:00,2026-10-04 16:55:00+02:00,2026-10-04 16:55:12+02:00,2026-10-04,16,Sunday,True,9.166916666666667
20261004_144546,2026-10-04 14:45:49.985000+00:00,St. Gallen,rail,ch:1:sloid:6302,St. Gallen,ch:1:sloid:6302:500:12,2026-10-04,ch:1:sjyid:100007:plan:2162,rail,S-Bahn,S21,S21,2162,Appenzell,Trogen,12,,2026-10-04 14:56:00+00:00,2026-10-04 14:56:00+00:00,,True,0.0,2026-10-04 16:45:49.985000+02:00,2026-10-04 16:56:00+02:00,2026-10-04 16:56:00+02:00,2026-10-04,16,Sunday,True,10.166916666666667
20261004_144546,2026-10-04 14:45:49.985000+00:00,St. Gallen,rail,ch:1:sloid:6302,St. Gallen,ch:1:sloid:6302:500:11,2026-10-04,ch:1:sjyid:100007:plan:2165,rail,S-Bahn,S21,S21,2165,Trogen,Appenzell,11,,2026-10-04 14:56:00+00:00,2026-10-04 14:56:00+00:00,,True,0.0,2026-10-04 16:45:49.985000+02:00,2026-10-04 16:56:00+02:00,2026-10-04 16:56:00+02:00,2026-10-04,16,Sunday,True,10.166916666666667
20261004_144546,2026-10-04 14:45:49.985000+00:00,St. Gallen,rail,ch:1:sloid:6302,St. Gallen,ch:1:sloid:6302:4:6,2026-10-04,ch:1:sjyid:100046:11561-001,rail,S-Bahn,S5,S5,11561,Weinfelden,St. Margrethen SG,6,,2026-10-04 14:57:00+00:00,2026-10-04 14:57:30+00:00,,True,0.5,2026-10-04 16:45:49.985000+02:00,2026-10-04 16:57:00+02:00,2026-10-04 16:57:30+02:00,2026-10-04,16,Sunday,True,11.166916666666667
20261004_144546,2026-10-04 14:45:49.985000+00:00,St. Gallen,rail,ch:1:sloid:6302,St. Gallen,ch:1:sloid:6302:3:5,2026-10-04,ch:1:sjyid:100046:11262-001,rail,S-Bahn,S2,S2,11262,Altstätten SG,Nesslau-Neu St. Johann,5,,2026-10-04 14:57:00+00:00,2026-10-04 14:57:12+00:00,,True,0.2,2026-10-04 16:45:49.985000+02:00,2026-10-04 16:57:00+02:00,2026-10-04 16:57:12+02:00,2026-10-04,16,Sunday,True,11.166916666666667
20261004_144546,2026-10-04 14:45:49.985000+00:00,St. Gallen,rail,ch:1:sloid:6302,St. Gallen,ch:1:sloid:6302:2:2,2026-10-04,ch:1:sjyid:100001:532-001,rail,InterCity,IC5,IC5,532,Rorschach,Lausanne,2,,2026-10-04 14:58:00+00:00,2026-10-04 14:58:00+00:00,,True,0.0,2026-10-04 16:45:49.985000+02:00,2026-10-04 16:58:00+02:00,2026-10-04 16:58:00+02:00,2026-10-04,16,Sunday,True,12.166916666666667
20261004_144546,2026-10-04 14:45:49.985000+00:00,St. Gallen,rail,ch:1:sloid:6302,St. Gallen,ch:1:sloid:6302:2:3,2026-10-04,ch:1:sjyid:100061:2030-001,rail,Voralpen-Express,VAE,VAE,2030,St. Gallen,Luzern,3,,2026-10-04 15:05:00+00:00,2026-10-04 15:05:12+00:00,,True,0.2,2026-10-04 16:45:49.985000+02:00,2026-10-04 17:05:00+02:00,2026-10-04 17:05:12+02:00,2026-10-04,17,Sunday,True,19.16691666666667
20261004_144546,2026-10-04 14:45:49.985000+00:00,St. Gallen,rail,ch:1:sloid:6302,St. Gallen,ch:1:sloid:6302:2:2,2026-10-04,ch:1:sjyid:100001:525-001,rail,InterCity,IC5,IC5,525,Lausanne,Rorschach,2,,2026-10-04 15:05:00+00:00,2026-10-04 15:05:30+00:00,,True,0.5,2026-10-04 16:45:49.985000+02:00,2026-10-04 17:05:00+02:00,2026-10-04 17:05:30+02:00,2026-10-04,17,Sunday,True,19.16691666666667
20261004_144546,2026-10-04 14:45:49.985000+00:00,St. Gallen,rail,ch:1:sloid:6302,St. Gallen,ch:1:sloid:6302:1:1,2026-10-04,ch:1:sjyid:100001:10730-011,rail,InterCity,IC,IC,10730,St. Gallen,Biel/Bienne,1,,2026-10-04 15:06:18+00:00,2026-10-04 15:06:18+00:00,,True,0.0,2026-10-04 16:45:49.985000+02:00,2026-10-04 17:06:18+02:00,2026-10-04 17:06:18+02:00,2026-10-04,17,Sunday,True,20.46691666666667
20261004_144546,2026-10-04 14:45:49.985000+00:00,St. Gallen,rail,ch:1:sloid:6302,St. Gallen,ch:1:sloid:6302:1:1,2026-10-04,ch:1:sjyid:100001:10730-011,rail,InterCity,IC,IC,10730,St. Gallen,Biel/Bienne,1,,2026-10-04 15:07:00+00:00,2026-10-04 15:07:42+00:00,,True,0.7,2026-10-04 16:45:49.985000+02:00,2026-10-04 17:07:00+02:00,2026-10-04 17:07:42+02:00,2026-10-04,17,Sunday,True,21.16691666666667
20261004_144546,2026-10-04 14:45:49.985000+00:00,St. Gallen,rail,ch:1:sloid:6302,St. Gallen,ch:1:sloid:6302:3:5,2026-10-04,ch:1:sjyid:100046:11263-001,rail,S-Bahn,S2,S2,11263,Nesslau-Neu St. Johann,Altstätten SG,5,,2026-10-04 15:08:00+00:00,2026-10-04 15:08:12+00:00,,True,0.2,2026-10-04 16:45:49.985000+02:00,2026-10-04 17:08:00+02:00,2026-10-04 17:08:12+02:00,2026-10-04,17,Sunday,True,22.16691666666667
20261004_144546,2026-10-04 14:45:49.985000+00:00,St. Gallen,rail,ch:1:sloid:6302,St. Gallen,ch:1:sloid:6302:4:6,2026-10-04,ch:1:sjyid:100046:11562-001,rail,S-Bahn,S5,S5,11562,St. Margrethen SG,Weinfelden,6,,2026-10-04 15:10:00+00:00,2026-10-04 15:10:12+00:00,,True,0.2,2026-10-04 16:45:49.985000+02:00,2026-10-04 17:10:00+02:00,2026-10-04 17:10:12+02:00,2026-10-04,17,Sunday,True,24.16691666666667
20261004_144546,2026-10-04 14:45:49.985000+00:00,St. Gallen,rail,ch:1:sloid:6302,St. Gallen,ch:1:sloid:6302:3:4,2026-10-04,ch:1:sjyid:100061:12132-001,rail,S-Bahn,S81,S81,12132,St. Gallen,Herisau,4,,2026-10-04 15:14:00+00:00,2026-10-04 15:14:42+00:00,,True,0.7,2026-10-04 16:45:49.985000+02:00,2026-10-04 17:14:00+02:00,2026-10-04 17:14:42+02:00,2026-10-04,17,Sunday,True,28.16691666666667
20261004_144546,2026-10-04 14:45:49.985000+00:00,St. Gallen,rail,ch:1:sloid:6302,St. Gallen,ch:1:sloid:6302:3:5,2026-10-04,ch:1:sjyid:100046:5233-001,rail,RegioExpress,RE1,RE1,5233,Herisau,Kreuzlingen Hafen,5,,2026-10-04 15:15:00+00:00,2026-10-04 15:15:48+00:00,,True,0.8,2026-10-04 16:45:49.985000+02:00,2026-10-04 17:15:00+02:00,2026-10-04 17:15:48+02:00,2026-10-04,17,Sunday,True,29.16691666666667
20261004_144546,2026-10-04 14:45:49.985000+00:00,St. Gallen,rail,ch:1:sloid:6302,St. Gallen,ch:1:sloid:6302:2:2,2026-10-04,ch:1:sjyid:100046:11162-001,rail,S-Bahn,S1,S1,11162,Schaffhausen,Wil SG,2,,2026-10-04 15:17:00+00:00,2026-10-04 15:17:12+00:00,,True,0.2,2026-10-04 16:45:49.985000+02:00,2026-10-04 17:17:00+02:00,2026-10-04 17:17:12+02:00,2026-10-04,17,Sunday,True,31.16691666666667
20261004_144546,2026-10-04 14:45:49.985000+00:00,St. Gallen,rail,ch:1:sloid:6302,St. Gallen,ch:1:sloid:6302:2:3,2026-10-04,ch:1:sjyid:100046:11163-001,rail,S-Bahn,S1,S1,11163,Wil SG,Schaffhausen,3,,2026-10-04 15:19:00+00:00,2026-10-04 15:20:42+00:00,,True,1.7,2026-10-04 16:45:49.985000+02:00,2026-10-04 17:19:00+02:00,2026-10-04 17:20:42+02:00,2026-10-04,17,Sunday,True,33.166916666666665
20261004_144546,2026-10-04 14:45:49.985000+00:00,St. Gallen,rail,ch:1:sloid:6302,St. Gallen,ch:1:sloid:6302:2:2,2026-10-04,ch:1:sjyid:100001:3275-001,rail,InterRegio,IR13,IR13,3275,Zürich HB,Sargans,2,,2026-10-04 15:25:00+00:00,2026-10-04 15:25:18+00:00,,True,0.3,2026-10-04 16:45:49.985000+02:00,2026-10-04 17:25:00+02:00,2026-10-04 17:25:18+02:00,2026-10-04,17,Sunday,True,39.166916666666665
20261004_144546,2026-10-04 14:45:49.985000+00:00,St. Gallen,rail,ch:1:sloid:6302,St. Gallen,ch:1:sloid:6302:500:12,2026-10-04,ch:1:sjyid:100007:plan:2166,rail,S-Bahn,S21,S21,2166,Appenzell,Trogen,12,,2026-10-04 15:26:00+00:00,2026-10-04 15:26:00+00:00,,True,0.0,2026-10-04 16:45:49.985000+02:00,2026-10-04 17:26:00+02:00,2026-10-04 17:26:00+02:00,2026-10-04,17,Sunday,True,40.166916666666665
20261004_144546,2026-10-04 14:45:49.985000+00:00,St. Gallen,rail,ch:1:sloid:6302,St. Gallen,ch:1:sloid:6302:500:11,2026-10-04,ch:1:sjyid:100007:plan:2169,rail,S-Bahn,S21,S21,2169,Trogen,Appenzell,11,,2026-10-04 15:26:00+00:00,2026-10-04 15:26:00+00:00,,True,0.0,2026-10-04 16:45:49.985000+02:00,2026-10-04 17:26:00+02:00,2026-10-04 17:26:00+02:00,2026-10-04,17,Sunday,True,40.166916666666665
20261004_144546,2026-10-04 14:45:49.985000+00:00,St. Gallen,rail,ch:1:sloid:6302,St. Gallen,ch:1:sloid:6302:3:5,2026-10-04,ch:1:sjyid:100061:11464-001,rail,S-Bahn,S4,S4,11464,Sargans,Rapperswil SG,5,,2026-10-04 15:27:00+00:00,2026-10-04 15:27:12+00:00,,True,0.2,2026-10-04 16:45:49.985000+02:00,2026-10-04 17:27:00+02:00,2026-10-04 17:27:12+02:00,2026-10-04,17,Sunday,True,41.166916666666665
20261004_144546,2026-10-04 14:45:49.985000+00:00,St. Gallen,rail,ch:1:sloid:6302,St. Gallen,ch:1:sloid:6302:1:1,2026-10-04,ch:1:sjyid:100001:190-001,rail,EuroCity,EC,EC,190,Bregenz,Zürich HB,1,,2026-10-04 15:29:00+00:00,2026-10-04 15:30:36+00:00,,True,1.6,2026-10-04 16:45:49.985000+02:00,2026-10-04 17:29:00+02:00,2026-10-04 17:30:36+02:00,2026-10-04,17,Sunday,True,43.166916666666665
20261004_144546,2026-10-04 14:45:49.985000+00:00,St. Gallen,rail,ch:1:sloid:6302,St. Gallen,ch:1:sloid:6302:1:1,2026-10-04,ch:1:sjyid:100001:3278-001,rail,InterRegio,IR13,IR13,3278,Sargans,Luzern,1,,2026-10-04 15:37:00+00:00,2026-10-04 15:37:30+00:00,,True,0.5,2026-10-04 16:45:49.985000+02:00,2026-10-04 17:37:00+02:00,2026-10-04 17:37:30+02:00,2026-10-04,17,Sunday,True,51.166916666666665
20261004_144546,2026-10-04 14:45:49.985000+00:00,St. Gallen,rail,ch:1:sloid:6302,St. Gallen,ch:1:sloid:6302:3:5,2026-10-04,ch:1:sjyid:100061:11463-001,rail,S-Bahn,S4,S4,11463,Rapperswil SG,Sargans,5,,2026-10-04 15:38:00+00:00,2026-10-04 15:39:06+00:00,,True,1.1,2026-10-04 16:45:49.985000+02:00,2026-10-04 17:38:00+02:00,2026-10-04 17:39:06+02:00,2026-10-04,17,Sunday,True,52.166916666666665
20261004_144546,2026-10-04 14:45:49.985000+00:00,St. Gallen,rail,ch:1:sloid:6302,St. Gallen,ch:1:sloid:6302:3:5,2026-10-04,ch:1:sjyid:100046:5234-001,rail,RegioExpress,RE1,RE1,5234,Kreuzlingen Hafen,Herisau,5,,2026-10-04 15:44:00+00:00,2026-10-04 15:45:12+00:00,,True,1.2,2026-10-04 16:45:49.985000+02:00,2026-10-04 17:44:00+02:00,2026-10-04 17:45:12+02:00,2026-10-04,17,Sunday,True,58.166916666666665
20261004_144546,2026-10-04 14:45:49.985000+00:00,St. Gallen,rail,ch:1:sloid:6302,St. Gallen,ch:1:sloid:6302:1:1,2026-10-04,ch:1:sjyid:100046:11164-001,rail,S-Bahn,S1,S1,11164,Schaffhausen,Wil SG,1,,2026-10-04 15:47:00+00:00,2026-10-04 15:47:12+00:00,,True,0.2,2026-10-04 16:45:49.985000+02:00,2026-10-04 17:47:00+02:00,2026-10-04 17:47:12+02:00,2026-10-04,17,Sunday,True,61.166916666666665
20261004_144546,2026-10-04 14:45:49.985000+00:00,St. Gallen,rail,ch:1:sloid:6302,St. Gallen,ch:1:sloid:6302:2:3,2026-10-04,ch:1:sjyid:100046:11165-001,rail,S-Bahn,S1,S1,11165,Wil SG,Schaffhausen,3,,2026-10-04 15:49:00+00:00,2026-10-04 15:50:36+00:00,,True,1.6,2026-10-04 16:45:49.985000+02:00,2026-10-04 17:49:00+02:00,2026-10-04 17:50:36+02:00,2026-10-04,17,Sunday,True,63.166916666666665
20261004_144546,2026-10-04 14:45:49.985000+00:00,St. Gallen,rail,ch:1:sloid:6302,St. Gallen,ch:1:sloid:6302:3:4,2026-10-04,ch:1:sjyid:100061:2225-001,rail,Alpenrhein-Express,IR13,IR13,2225,St. Gallen,Chur,4,,2026-10-04 15:55:00+00:00,2026-10-04 15:55:12+00:00,,True,0.2,2026-10-04 16:45:49.985000+02:00,2026-10-04 17:55:00+02:00,2026-10-04 17:55:12+02:00,2026-10-04,17,Sunday,True,69.16691666666667
20261004_144546,2026-10-04 14:45:50.455000+00:00,Lausanne,rail,ch:1:sloid:1120,Lausanne,ch:1:sloid:1120:0:840061,2026-10-04,ch:1:sjyid:100001:1724-001,rail,InterRegio,IR95,IR95,1724,Brig,Genève-Aéroport,7,,2026-10-04 14:45:00+00:00,2026-10-04 14:45:30+00:00,,True,0.5,2026-10-04 16:45:50.455000+02:00,2026-10-04 16:45:00+02:00,2026-10-04 16:45:30+02:00,2026-10-04,16,Sunday,True,-0.8409166666666666
20261004_144546,2026-10-04 14:45:50.455000+00:00,Lausanne,rail,ch:1:sloid:1120,Lausanne,ch:1:sloid:1120:0:860143,2026-10-04,ch:1:sjyid:100001:722-001,rail,InterCity,IC1,IC1,722,Zürich HB,Genève-Aéroport,4,,2026-10-04 14:46:00+00:00,2026-10-04 14:47:30+00:00,,True,1.5,2026-10-04 16:45:50.455000+02:00,2026-10-04 16:46:00+02:00,2026-10-04 16:47:30+02:00,2026-10-04,16,Sunday,True,0.15908333333333333
20261004_144546,2026-10-04 14:45:50.455000+00:00,Lausanne,rail,ch:1:sloid:1120,Lausanne,ch:1:sloid:1120:0:276884,2026-10-04,ch:1:sjyid:100001:1827-001,rail,InterRegio,IR90,IR90,1827,Genève-Aéroport,Brig,3,,2026-10-04 14:48:00+00:00,2026-10-04 14:48:30+00:00,,True,0.5,2026-10-04 16:45:50.455000+02:00,2026-10-04 16:48:00+02:00,2026-10-04 16:48:30+02:00,2026-10-04,16,Sunday,True,2.1590833333333332
20261004_144546,2026-10-04 14:45:50.455000+00:00,Lausanne,rail,ch:1:sloid:1120,Lausanne,ch:1:sloid:1120:0:20298,2026-10-04,ch:1:sjyid:100001:24565-001,rail,S-Bahn,S41,S41,24565,Lausanne,Romont FR,70,,2026-10-04 14:49:00+00:00,2026-10-04 14:49:12+00:00,,True,0.2,2026-10-04 16:45:50.455000+02:00,2026-10-04 16:49:00+02:00,2026-10-04 16:49:12+02:00,2026-10-04,16,Sunday,True,3.1590833333333332
20261004_144546,2026-10-04 14:45:50.455000+00:00,Lausanne,rail,ch:1:sloid:1120,Lausanne,ch:1:sloid:1120:0:860143,2026-10-04,ch:1:sjyid:100001:24165-001,rail,Regio,R1,R1,24165,Grandson,Bex,4,,2026-10-04 14:55:00+00:00,2026-10-04 14:55:12+00:00,,True,0.2,2026-10-04 16:45:50.455000+02:00,2026-10-04 16:55:00+02:00,2026-10-04 16:55:12+02:00,2026-10-04,16,Sunday,True,9.159083333333333
20261004_144546,2026-10-04 14:45:50.455000+00:00,Lausanne,rail,ch:1:sloid:1120,Lausanne,ch:1:sloid:1120:0:668579,2026-10-04,ch:1:sjyid:100001:24965-001,rail,Regio,R9,R9,24965,Allaman,Murten/Morat,1,,2026-10-04 14:57:00+00:00,2026-10-04 14:58:00+00:00,,True,1.0,2026-10-04 16:45:50.455000+02:00,2026-10-04 16:57:00+02:00,2026-10-04 16:58:00+02:00,2026-10-04,16,Sunday,True,11.159083333333333
20261004_144546,2026-10-04 14:45:50.455000+00:00,Lausanne,rail,ch:1:sloid:1120,Lausanne,ch:1:sloid:1120:0:840061,2026-10-04,ch:1:sjyid:100001:24354-001,rail,Regio,R3,R3,24354,Vevey,Vallorbe,7,,2026-10-04 14:57:00+00:00,2026-10-04 14:57:12+00:00,,True,0.2,2026-10-04 16:45:50.455000+02:00,2026-10-04 16:57:00+02:00,2026-10-04 16:57:12+02:00,2026-10-04,16,Sunday,True,11.159083333333333
20261004_144546,2026-10-04 14:45:50.455000+00:00,Lausanne,rail,ch:1:sloid:1120,Lausanne,ch:1:sloid:1120:0:638488,2026-10-04,ch:1:sjyid:100001:18428-001,rail,RegioExpress,RE33,RE33,18428,St-Maurice,Annemasse,8,,2026-10-04 15:00:00+00:00,,,False,,2026-10-04 16:45:50.455000+02:00,2026-10-04 17:00:00+02:00,,2026-10-04,17,Sunday,True,14.159083333333333
20261004_144546,2026-10-04 14:45:50.455000+00:00,Lausanne,rail,ch:1:sloid:1120,Lausanne,ch:1:sloid:1120:0:860143,2026-10-04,ch:1:sjyid:100001:18425-001,rail,RegioExpress,RE33,RE33,18425,Annemasse,St-Maurice,4,,2026-10-04 15:01:00+00:00,2026-10-04 15:01:54+00:00,,True,0.9,2026-10-04 16:45:50.455000+02:00,2026-10-04 17:01:00+02:00,2026-10-04 17:01:54+02:00,2026-10-04,17,Sunday,True,15.159083333333333
20261004_144546,2026-10-04 14:45:50.455000+00:00,Lausanne,rail,ch:1:sloid:1120,Lausanne,ch:1:sloid:1120:0:840061,2026-10-04,ch:1:sjyid:100001:24954-001,rail,Regio,R9,R9,24954,Murten/Morat,Allaman,7,,2026-10-04 15:04:00+00:00,2026-10-04 15:04:12+00:00,,True,0.2,2026-10-04 16:45:50.455000+02:00,2026-10-04 17:04:00+02:00,2026-10-04 17:04:12+02:00,2026-10-04,17,Sunday,True,18.159083333333335
20261004_144546,2026-10-04 14:45:50.455000+00:00,Lausanne,rail,ch:1:sloid:1120,Lausanne,ch:1:sloid:1120:0:276884,2026-10-04,ch:1:sjyid:100001:1631-001,rail,InterCity,IC51,IC51,1631,Lausanne,Basel SBB,3,,2026-10-04 15:04:00+00:00,2026-10-04 15:04:30+00:00,,True,0.5,2026-10-04 16:45:50.455000+02:00,2026-10-04 17:04:00+02:00,2026-10-04 17:04:30+02:00,2026-10-04,17,Sunday,True,18.159083333333335
20261004_144546,2026-10-04 14:45:50.455000+00:00,Lausanne,rail,ch:1:sloid:1120,Lausanne,ch:1:sloid:1120:0:668579,2026-10-04,ch:1:sjyid:100001:24365-001,rail,Regio,R3,R3,24365,Vallorbe,Vevey,1,,2026-10-04 15:04:00+00:00,2026-10-04 15:04:18+00:00,,True,0.3,2026-10-04 16:45:50.455000+02:00,2026-10-04 17:04:00+02:00,2026-10-04 17:04:18+02:00,2026-10-04,17,Sunday,True,18.159083333333335
20261004_144546,2026-10-04 14:45:50.455000+00:00,Lausanne,rail,ch:1:sloid:1120,Lausanne,ch:1:sloid:1120:0:42631,2026-10-04,ch:1:sjyid:100001:24154-001,rail,Regio,R1,R1,24154,Bex,Grandson,5,,2026-10-04 15:08:00+00:00,2026-10-04 15:08:12+00:00,,True,0.2,2026-10-04 16:45:50.455000+02:00,2026-10-04 17:08:00+02:00,2026-10-04 17:08:12+02:00,2026-10-04,17,Sunday,True,22.159083333333335
20261004_144546,2026-10-04 14:45:50.455000+00:00,Lausanne,rail,ch:1:sloid:1120,Lausanne,ch:1:sloid:1120:0:276884,2026-10-04,ch:1:sjyid:100001:1729-001,rail,InterRegio,IR95,IR95,1729,Genève-Aéroport,Brig,3,,2026-10-04 15:14:00+00:00,2026-10-04 15:14:30+00:00,,True,0.5,2026-10-04 16:45:50.455000+02:00,2026-10-04 17:14:00+02:00,2026-10-04 17:14:30+02:00,2026-10-04,17,Sunday,True,28.159083333333335
20261004_144546,2026-10-04 14:45:50.455000+00:00,Lausanne,rail,ch:1:sloid:1120,Lausanne,ch:1:sloid:1120:0:638488,2026-10-04,ch:1:sjyid:100001:1826-001,rail,InterRegio,IR90,IR90,1826,Brig,Genève-Aéroport,8,,2026-10-04 15:16:00+00:00,2026-10-04 15:16:30+00:00,,True,0.5,2026-10-04 16:45:50.455000+02:00,2026-10-04 17:16:00+02:00,2026-10-04 17:16:30+02:00,2026-10-04,17,Sunday,True,30.159083333333335
20261004_144546,2026-10-04 14:45:50.455000+00:00,Lausanne,rail,ch:1:sloid:1120,Lausanne,ch:1:sloid:1120:0:668579,2026-10-04,ch:1:sjyid:100001:729-001,rail,InterCity,IC1,IC1,729,Genève-Aéroport,Zürich HB,1,,2026-10-04 15:16:00+00:00,2026-10-04 15:16:30+00:00,,True,0.5,2026-10-04 16:45:50.455000+02:00,2026-10-04 17:16:00+02:00,2026-10-04 17:16:30+02:00,2026-10-04,17,Sunday,True,30.159083333333335
20261004_144546,2026-10-04 14:45:50.455000+00:00,Lausanne,rail,ch:1:sloid:1120,Lausanne,ch:1:sloid:1120:0:20298,2026-10-04,ch:1:sjyid:100001:24667-001,rail,S-Bahn,S40,S40,24667,Lausanne,Romont FR,70,,2026-10-04 15:21:00+00:00,2026-10-04 15:21:12+00:00,,True,0.2,2026-10-04 16:45:50.455000+02:00,2026-10-04 17:21:00+02:00,2026-10-04 17:21:12+02:00,2026-10-04,17,Sunday,True,35.159083333333335
20261004_144546,2026-10-04 14:45:50.455000+00:00,Lausanne,rail,ch:1:sloid:1120,Lausanne,ch:1:sloid:1120:0:42631,2026-10-04,ch:1:sjyid:100001:2526-001,rail,InterRegio,IR15,IR15,2526,Luzern,Genève-Aéroport,5,,2026-10-04 15:23:00+00:00,2026-10-04 15:23:30+00:00,,True,0.5,2026-10-04 16:45:50.455000+02:00,2026-10-04 17:23:00+02:00,2026-10-04 17:23:30+02:00,2026-10-04,17,Sunday,True,37.159083333333335
20261004_144546,2026-10-04 14:45:50.455000+00:00,Lausanne,rail,ch:1:sloid:1120,Lausanne,ch:1:sloid:1120:0:668579,2026-10-04,ch:1:sjyid:100001:24267-001,rail,Regio,R2,R2,24267,Grandson,Bex,1,,2026-10-04 15:24:00+00:00,2026-10-04 15:24:30+00:00,,True,0.5,2026-10-04 16:45:50.455000+02:00,2026-10-04 17:24:00+02:00,2026-10-04 17:24:30+02:00,2026-10-04,17,Sunday,True,38.159083333333335
20261004_144546,2026-10-04 14:45:50.455000+00:00,Lausanne,rail,ch:1:sloid:1120,Lausanne,ch:1:sloid:1120:0:840061,2026-10-04,ch:1:sjyid:100001:24456-001,rail,Regio,R4,R4,24456,Vevey,Le Brassus,7,,2026-10-04 15:27:00+00:00,2026-10-04 15:27:12+00:00,,True,0.2,2026-10-04 16:45:50.455000+02:00,2026-10-04 17:27:00+02:00,2026-10-04 17:27:12+02:00,2026-10-04,17,Sunday,True,41.159083333333335
20261004_144546,2026-10-04 14:45:50.455000+00:00,Lausanne,rail,ch:1:sloid:1120,Lausanne,ch:1:sloid:1120:0:860143,2026-10-04,ch:1:sjyid:100001:24867-001,rail,Regio,R8,R8,24867,Allaman,Payerne,4,,2026-10-04 15:28:00+00:00,2026-10-04 15:28:12+00:00,,True,0.2,2026-10-04 16:45:50.455000+02:00,2026-10-04 17:28:00+02:00,2026-10-04 17:28:12+02:00,2026-10-04,17,Sunday,True,42.159083333333335
20261004_144546,2026-10-04 14:45:50.455000+00:00,Lausanne,rail,ch:1:sloid:1120,Lausanne,ch:1:sloid:1120:0:638488,2026-10-04,ch:1:sjyid:100001:18474-002,rail,RegioExpress,RE33,RE33,18474,Martigny,Genève-Aéroport,8,,2026-10-04 15:30:00+00:00,2026-10-04 15:30:12+00:00,,True,0.2,2026-10-04 16:45:50.455000+02:00,2026-10-04 17:30:00+02:00,2026-10-04 17:30:12+02:00,2026-10-04,17,Sunday,True,44.159083333333335
20261004_144546,2026-10-04 14:45:50.455000+00:00,Lausanne,rail,ch:1:sloid:1120,Lausanne,ch:1:sloid:1120:0:668579,2026-10-04,ch:1:sjyid:100001:18479-002,rail,RegioExpress,RE33,RE33,18479,Genève-Aéroport,Martigny,1,,2026-10-04 15:31:00+00:00,2026-10-04 15:31:54+00:00,,True,0.9,2026-10-04 16:45:50.455000+02:00,2026-10-04 17:31:00+02:00,2026-10-04 17:31:54+02:00,2026-10-04,17,Sunday,True,45.159083333333335
20261004_144546,2026-10-04 14:45:50.455000+00:00,Lausanne,rail,ch:1:sloid:1120,Lausanne,ch:1:sloid:1120:0:276884,2026-10-04,ch:1:sjyid:100001:533-001,rail,InterCity,IC5,IC5,533,Lausanne,St. Gallen,3,,2026-10-04 15:34:00+00:00,2026-10-04 15:34:00+00:00,,True,0.0,2026-10-04 16:45:50.455000+02:00,2026-10-04 17:34:00+02:00,2026-10-04 17:34:00+02:00,2026-10-04,17,Sunday,True,48.159083333333335
20261004_144546,2026-10-04 14:45:50.455000+00:00,Lausanne,rail,ch:1:sloid:1120,Lausanne,ch:1:sloid:1120:0:42631,2026-10-04,ch:1:sjyid:100001:24856-001,rail,Regio,R8,R8,24856,Payerne,Allaman,5,,2026-10-04 15:34:00+00:00,2026-10-04 15:34:12+00:00,,True,0.2,2026-10-04 16:45:50.455000+02:00,2026-10-04 17:34:00+02:00,2026-10-04 17:34:12+02:00,2026-10-04,17,Sunday,True,48.159083333333335
20261004_144546,2026-10-04 14:45:50.455000+00:00,Lausanne,rail,ch:1:sloid:1120,Lausanne,ch:1:sloid:1120:0:860143,2026-10-04,ch:1:sjyid:100001:24467-001,rail,Regio,R4,R4,24467,Le Day,Vevey,4,,2026-10-04 15:34:00+00:00,2026-10-04 15:34:18+00:00,,True,0.3,2026-10-04 16:45:50.455000+02:00,2026-10-04 17:34:00+02:00,2026-10-04 17:34:18+02:00,2026-10-04,17,Sunday,True,48.159083333333335
20261004_144546,2026-10-04 14:45:50.455000+00:00,Lausanne,rail,ch:1:sloid:1120,Lausanne,ch:1:sloid:1120:0:638488,2026-10-04,ch:1:sjyid:100001:24256-001,rail,Regio,R2,R2,24256,Bex,Grandson,8,,2026-10-04 15:38:00+00:00,2026-10-04 15:38:12+00:00,,True,0.2,2026-10-04 16:45:50.455000+02:00,2026-10-04 17:38:00+02:00,2026-10-04 17:38:12+02:00,2026-10-04,17,Sunday,True,52.159083333333335
20261004_144546,2026-10-04 14:45:50.455000+00:00,Lausanne,rail,ch:1:sloid:1120,Lausanne,ch:1:sloid:1120:0:668579,2026-10-04,ch:1:sjyid:100001:2531-001,rail,InterRegio,IR15,IR15,2531,Genève-Aéroport,Luzern,1,,2026-10-04 15:40:00+00:00,2026-10-04 15:40:30+00:00,,True,0.5,2026-10-04 16:45:50.455000+02:00,2026-10-04 17:40:00+02:00,2026-10-04 17:40:30+02:00,2026-10-04,17,Sunday,True,54.159083333333335
20261004_144546,2026-10-04 14:45:50.455000+00:00,Lausanne,rail,ch:1:sloid:1120,Lausanne,ch:1:sloid:1120:0:860143,2026-10-04,ch:1:sjyid:100001:904-001,rail,InterCity,IC,IC,904,Zürich HB,Genève-Aéroport,4,,2026-10-04 15:46:00+00:00,2026-10-04 15:47:30+00:00,,True,1.5,2026-10-04 16:45:50.455000+02:00,2026-10-04 17:46:00+02:00,2026-10-04 17:47:30+02:00,2026-10-04,17,Sunday,True,60.159083333333335
20261004_144546,2026-10-04 14:45:50.455000+00:00,Lausanne,rail,ch:1:sloid:1120,Lausanne,ch:1:sloid:1120:0:276884,2026-10-04,ch:1:sjyid:100001:1829-001,rail,InterRegio,IR90,IR90,1829,Genève-Aéroport,Brig,3,,2026-10-04 15:48:00+00:00,2026-10-04 15:48:30+00:00,,True,0.5,2026-10-04 16:45:50.455000+02:00,2026-10-04 17:48:00+02:00,2026-10-04 17:48:30+02:00,2026-10-04,17,Sunday,True,62.159083333333335
20261004_144546,2026-10-04 14:45:50.923000+00:00,Genève,rail,ch:1:sloid:1008,Genève,ch:1:sloid:1008:1:1,2026-10-04,ch:1:sjyid:100001:23259-001,rail,Regio,RL4,RL4,23259,Annemasse,Coppet,1,,2026-10-04 14:45:00+00:00,2026-10-04 14:45:12+00:00,,True,0.2,2026-10-04 16:45:50.923000+02:00,2026-10-04 16:45:00+02:00,2026-10-04 16:45:12+02:00,2026-10-04,16,Sunday,True,-0.8487166666666667
20261004_144546,2026-10-04 14:45:50.923000+00:00,Genève,rail,ch:1:sloid:1008,Genève,ch:1:sloid:1008:2:2,2026-10-04,ch:1:sjyid:100001:23260-001,rail,Regio,RL4,RL4,23260,Coppet,Annemasse,2,,2026-10-04 14:46:00+00:00,2026-10-04 14:46:42+00:00,,True,0.7,2026-10-04 16:45:50.923000+02:00,2026-10-04 16:46:00+02:00,2026-10-04 16:46:42+02:00,2026-10-04,16,Sunday,True,0.15128333333333333
20261004_144546,2026-10-04 14:45:50.923000+00:00,Genève,rail,ch:1:sloid:1008,Genève,ch:1:sloid:1008:3:5,2026-10-04,ch:1:sjyid:100001:23060-002,rail,Regio,RL5,RL5,23060,Genève,La Plaine,10,,2026-10-04 14:48:00+00:00,2026-10-04 14:48:12+00:00,,True,0.2,2026-10-04 16:45:50.923000+02:00,2026-10-04 16:48:00+02:00,2026-10-04 16:48:12+02:00,2026-10-04,16,Sunday,True,2.151283333333333
20261004_144546,2026-10-04 14:45:50.923000+00:00,Genève,rail,ch:1:sloid:1008,Genève,ch:1:sloid:1008:2:2,2026-10-04,ch:1:sjyid:100001:18426-001,rail,RegioExpress,RE33,RE33,18426,St-Maurice,Annemasse,2,,2026-10-04 14:53:00+00:00,,,False,,2026-10-04 16:45:50.923000+02:00,2026-10-04 16:53:00+02:00,,2026-10-04,16,Sunday,True,7.151283333333334
20261004_144546,2026-10-04 14:45:50.923000+00:00,Genève,rail,ch:1:sloid:1008,Genève,ch:1:sloid:1008:3:4,2026-10-04,ch:1:sjyid:100001:2531-001,rail,InterRegio,IR15,IR15,2531,Genève-Aéroport,Luzern,4,,2026-10-04 14:54:00+00:00,2026-10-04 14:57:42+00:00,,True,3.7,2026-10-04 16:45:50.923000+02:00,2026-10-04 16:54:00+02:00,2026-10-04 16:57:42+02:00,2026-10-04,16,Sunday,True,8.151283333333334
20261004_144546,2026-10-04 14:45:50.923000+00:00,Genève,rail,ch:1:sloid:1008,Genève,ch:1:sloid:1008:2:3,2026-10-04,ch:1:sjyid:100001:1824-001,rail,InterRegio,IR90,IR90,1824,Brig,Genève-Aéroport,3,,2026-10-04 14:58:00+00:00,2026-10-04 14:58:30+00:00,,True,0.5,2026-10-04 16:45:50.923000+02:00,2026-10-04 16:58:00+02:00,2026-10-04 16:58:30+02:00,2026-10-04,16,Sunday,True,12.151283333333334
20261004_144546,2026-10-04 14:45:50.923000+00:00,Genève,rail,ch:1:sloid:1008,Genève,ch:1:sloid:1008:1:1,2026-10-04,ch:1:sjyid:100001:23161-001,rail,Regio,RL4,RL4,23161,Annemasse,Coppet,1,,2026-10-04 15:00:00+00:00,2026-10-04 15:00:12+00:00,,True,0.2,2026-10-04 16:45:50.923000+02:00,2026-10-04 17:00:00+02:00,2026-10-04 17:00:12+02:00,2026-10-04,17,Sunday,True,14.151283333333334
20261004_144546,2026-10-04 14:45:50.923000+00:00,Genève,rail,ch:1:sloid:1008,Genève,ch:1:sloid:1008:2:2,2026-10-04,ch:1:sjyid:100001:23162-001,rail,Regio,RL4,RL4,23162,Coppet,Annemasse,2,,2026-10-04 15:01:00+00:00,2026-10-04 15:01:42+00:00,,True,0.7,2026-10-04 16:45:50.923000+02:00,2026-10-04 17:01:00+02:00,2026-10-04 17:01:42+02:00,2026-10-04,17,Sunday,True,15.151283333333334
20261004_144546,2026-10-04 14:45:50.923000+00:00,Genève,rail,ch:1:sloid:1008,Genève,ch:1:sloid:1008:3:6,2026-10-04,ch:1:sjyid:100001:1829-001,rail,InterRegio,IR90,IR90,1829,Genève-Aéroport,Brig,5,,2026-10-04 15:05:00+00:00,2026-10-04 15:05:30+00:00,,True,0.5,2026-10-04 16:45:50.923000+02:00,2026-10-04 17:05:00+02:00,2026-10-04 17:05:30+02:00,2026-10-04,17,Sunday,True,19.151283333333332
20261004_144546,2026-10-04 14:45:50.923000+00:00,Genève,rail,ch:1:sloid:1008,Genève,ch:1:sloid:1008:3:4,2026-10-04,ch:1:sjyid:100001:18427-001,rail,RegioExpress,RE33,RE33,18427,Annemasse,St-Maurice,4,,2026-10-04 15:08:00+00:00,2026-10-04 15:08:12+00:00,,True,0.2,2026-10-04 16:45:50.923000+02:00,2026-10-04 17:08:00+02:00,2026-10-04 17:08:12+02:00,2026-10-04,17,Sunday,True,22.151283333333332
20261004_144546,2026-10-04 14:45:50.923000+00:00,Genève,rail,ch:1:sloid:1008,Genève,ch:1:sloid:1008:2:3,2026-10-04,ch:1:sjyid:100001:2524-001,rail,InterRegio,IR15,IR15,2524,Luzern,Genève-Aéroport,3,,2026-10-04 15:08:00+00:00,2026-10-04 15:08:30+00:00,,True,0.5,2026-10-04 16:45:50.923000+02:00,2026-10-04 17:08:00+02:00,2026-10-04 17:08:30+02:00,2026-10-04,17,Sunday,True,22.151283333333332
20261004_144546,2026-10-04 14:45:50.923000+00:00,Genève,rail,ch:1:sloid:1008,Genève,ch:1:sloid:1008:3:4,2026-10-04,ch:1:sjyid:100001:1673-002,rail,InterRegio,IR57,IR57,1673,Genève-Aéroport,Neuchâtel,4,,2026-10-04 15:15:00+00:00,2026-10-04 15:16:12+00:00,,True,1.2,2026-10-04 16:45:50.923000+02:00,2026-10-04 17:15:00+02:00,2026-10-04 17:16:12+02:00,2026-10-04,17,Sunday,True,29.151283333333332
20261004_144546,2026-10-04 14:45:50.923000+00:00,Genève,rail,ch:1:sloid:1008,Genève,ch:1:sloid:1008:1:1,2026-10-04,ch:1:sjyid:100001:23431-001,rail,Regio,RL2,RL2,23431,Annemasse,Coppet,1,,2026-10-04 15:15:00+00:00,2026-10-04 15:15:12+00:00,,True,0.2,2026-10-04 16:45:50.923000+02:00,2026-10-04 17:15:00+02:00,2026-10-04 17:15:12+02:00,2026-10-04,17,Sunday,True,29.151283333333332
20261004_144546,2026-10-04 14:45:50.923000+00:00,Genève,rail,ch:1:sloid:1008,Genève,ch:1:sloid:1008:2:2,2026-10-04,ch:1:sjyid:100001:23262-001,rail,Regio,RL4,RL4,23262,Coppet,Annemasse,2,,2026-10-04 15:16:00+00:00,2026-10-04 15:16:42+00:00,,True,0.7,2026-10-04 16:45:50.923000+02:00,2026-10-04 17:16:00+02:00,2026-10-04 17:16:42+02:00,2026-10-04,17,Sunday,True,30.151283333333332
20261004_144546,2026-10-04 14:45:50.923000+00:00,Genève,rail,ch:1:sloid:1008,Genève,ch:1:sloid:1008:3:5,2026-10-04,ch:1:sjyid:100001:23062-002,rail,Regio,RL5,RL5,23062,Genève,La Plaine,10,,2026-10-04 15:18:00+00:00,2026-10-04 15:18:12+00:00,,True,0.2,2026-10-04 16:45:50.923000+02:00,2026-10-04 17:18:00+02:00,2026-10-04 17:18:12+02:00,2026-10-04,17,Sunday,True,32.15128333333333
20261004_144546,2026-10-04 14:45:50.923000+00:00,Genève,rail,ch:1:sloid:1008,Genève,ch:1:sloid:1008:2:2,2026-10-04,ch:1:sjyid:100001:18472-002,rail,RegioExpress,RE33,RE33,18472,Martigny,Genève-Aéroport,2,,2026-10-04 15:23:00+00:00,2026-10-04 15:23:12+00:00,,True,0.2,2026-10-04 16:45:50.923000+02:00,2026-10-04 17:23:00+02:00,2026-10-04 17:23:12+02:00,2026-10-04,17,Sunday,True,37.15128333333334
20261004_144546,2026-10-04 14:45:50.923000+00:00,Genève,rail,ch:1:sloid:1008,Genève,ch:1:sloid:1008:3:4,2026-10-04,ch:1:sjyid:100001:1731-001,rail,InterRegio,IR95,IR95,1731,Genève-Aéroport,Brig,4,,2026-10-04 15:24:00+00:00,2026-10-04 15:24:42+00:00,,True,0.7,2026-10-04 16:45:50.923000+02:00,2026-10-04 17:24:00+02:00,2026-10-04 17:24:42+02:00,2026-10-04,17,Sunday,True,38.15128333333334
20261004_144546,2026-10-04 14:45:50.923000+00:00,Genève,rail,ch:1:sloid:1008,Genève,ch:1:sloid:1008:4:8,2026-10-04,ch:1:sjyid:100001:96574-002,rail,Train Express Regional,TER,TER,96574,Genève,Lyon Part Dieu,7,,2026-10-04 15:24:00+00:00,2026-10-04 15:24:30+00:00,,True,0.5,2026-10-04 16:45:50.923000+02:00,2026-10-04 17:24:00+02:00,2026-10-04 17:24:30+02:00,2026-10-04,17,Sunday,True,38.15128333333334
20261004_144546,2026-10-04 14:45:50.923000+00:00,Genève,rail,ch:1:sloid:1008,Genève,ch:1:sloid:1008:2:3,2026-10-04,ch:1:sjyid:100001:722-001,rail,InterCity,IC1,IC1,722,Zürich HB,Genève-Aéroport,3,,2026-10-04 15:28:00+00:00,2026-10-04 15:29:12+00:00,,True,1.2,2026-10-04 16:45:50.923000+02:00,2026-10-04 17:28:00+02:00,2026-10-04 17:29:12+02:00,2026-10-04,17,Sunday,True,42.15128333333334
20261004_144546,2026-10-04 14:45:50.923000+00:00,Genève,rail,ch:1:sloid:1008,Genève,ch:1:sloid:1008:1:1,2026-10-04,ch:1:sjyid:100001:23487-001,rail,Regio,RL3,RL3,23487,Annemasse,Coppet,1,,2026-10-04 15:30:00+00:00,2026-10-04 15:30:12+00:00,,True,0.2,2026-10-04 16:45:50.923000+02:00,2026-10-04 17:30:00+02:00,2026-10-04 17:30:12+02:00,2026-10-04,17,Sunday,True,44.15128333333334
20261004_144546,2026-10-04 14:45:50.923000+00:00,Genève,rail,ch:1:sloid:1008,Genève,ch:1:sloid:1008:3:6,2026-10-04,ch:1:sjyid:100001:731-001,rail,InterCity,IC1,IC1,731,Genève-Aéroport,Zürich HB,5,,2026-10-04 15:31:00+00:00,2026-10-04 15:32:00+00:00,,True,1.0,2026-10-04 16:45:50.923000+02:00,2026-10-04 17:31:00+02:00,2026-10-04 17:32:00+02:00,2026-10-04,17,Sunday,True,45.15128333333334
20261004_144546,2026-10-04 14:45:50.923000+00:00,Genève,rail,ch:1:sloid:1008,Genève,ch:1:sloid:1008:2:2,2026-10-04,ch:1:sjyid:100001:23322-001,rail,Regio,RL1,RL1,23322,Coppet,Evian-les-Bains,2,,2026-10-04 15:31:00+00:00,2026-10-04 15:31:42+00:00,,True,0.7,2026-10-04 16:45:50.923000+02:00,2026-10-04 17:31:00+02:00,2026-10-04 17:31:42+02:00,2026-10-04,17,Sunday,True,45.15128333333334
20261004_144546,2026-10-04 14:45:50.923000+00:00,Genève,rail,ch:1:sloid:1008,Genève,ch:1:sloid:1008:2:2,2026-10-04,ch:1:sjyid:100001:1724-001,rail,InterRegio,IR95,IR95,1724,Brig,Genève-Aéroport,2,,2026-10-04 15:38:00+00:00,2026-10-04 15:38:30+00:00,,True,0.5,2026-10-04 16:45:50.923000+02:00,2026-10-04 17:38:00+02:00,2026-10-04 17:38:30+02:00,2026-10-04,17,Sunday,True,52.15128333333334
20261004_144546,2026-10-04 14:45:50.923000+00:00,Genève,rail,ch:1:sloid:1008,Genève,ch:1:sloid:1008:2:3,2026-10-04,ch:1:sjyid:100001:18481-002,rail,RegioExpress,RE33,RE33,18481,Genève-Aéroport,Martigny,3,,2026-10-04 15:39:00+00:00,2026-10-04 15:39:24+00:00,,True,0.4,2026-10-04 16:45:50.923000+02:00,2026-10-04 17:39:00+02:00,2026-10-04 17:39:24+02:00,2026-10-04,17,Sunday,True,53.15128333333334
20261004_144546,2026-10-04 14:45:50.923000+00:00,Genève,rail,ch:1:sloid:1008,Genève,ch:1:sloid:1008:1:1,2026-10-04,ch:1:sjyid:100001:23263-001,rail,Regio,RL4,RL4,23263,Annemasse,Coppet,1,,2026-10-04 15:45:00+00:00,2026-10-04 15:45:12+00:00,,True,0.2,2026-10-04 16:45:50.923000+02:00,2026-10-04 17:45:00+02:00,2026-10-04 17:45:12+02:00,2026-10-04,17,Sunday,True,59.15128333333334
20261004_144546,2026-10-04 14:45:50.923000+00:00,Genève,rail,ch:1:sloid:1008,Genève,ch:1:sloid:1008:2:2,2026-10-04,ch:1:sjyid:100001:23434-001,rail,Regio,RL2,RL2,23434,Coppet,Annecy,2,,2026-10-04 15:46:00+00:00,2026-10-04 15:46:42+00:00,,True,0.7,2026-10-04 16:45:50.923000+02:00,2026-10-04 17:46:00+02:00,2026-10-04 17:46:42+02:00,2026-10-04,17,Sunday,True,60.15128333333334
20261004_144546,2026-10-04 14:45:50.923000+00:00,Genève,rail,ch:1:sloid:1008,Genève,ch:1:sloid:1008:3:5,2026-10-04,ch:1:sjyid:100001:23064-001,rail,Regio,RL5,RL5,23064,Genève,La Plaine,10,,2026-10-04 15:48:00+00:00,2026-10-04 15:48:12+00:00,,True,0.2,2026-10-04 16:45:50.923000+02:00,2026-10-04 17:48:00+02:00,2026-10-04 17:48:12+02:00,2026-10-04,17,Sunday,True,62.15128333333334
20261004_144546,2026-10-04 14:45:50.923000+00:00,Genève,rail,ch:1:sloid:1008,Genève,ch:1:sloid:1008:2:2,2026-10-04,ch:1:sjyid:100001:18428-001,rail,RegioExpress,RE33,RE33,18428,St-Maurice,Annemasse,2,,2026-10-04 15:53:00+00:00,,,False,,2026-10-04 16:45:50.923000+02:00,2026-10-04 17:53:00+02:00,,2026-10-04,17,Sunday,True,67.15128333333334
20261004_144546,2026-10-04 14:45:50.923000+00:00,Genève,rail,ch:1:sloid:1008,Genève,ch:1:sloid:1008:3:4,2026-10-04,ch:1:sjyid:100001:2533-001,rail,InterRegio,IR15,IR15,2533,Genève-Aéroport,Luzern,4,,2026-10-04 15:54:00+00:00,2026-10-04 15:54:30+00:00,,True,0.5,2026-10-04 16:45:50.923000+02:00,2026-10-04 17:54:00+02:00,2026-10-04 17:54:30+02:00,2026-10-04,17,Sunday,True,68.15128333333334
20261004_144546,2026-10-04 14:45:50.923000+00:00,Genève,rail,ch:1:sloid:1008,Genève,ch:1:sloid:1008:2:3,2026-10-04,ch:1:sjyid:100001:1826-001,rail,InterRegio,IR90,IR90,1826,Brig,Genève-Aéroport,3,,2026-10-04 15:58:00+00:00,2026-10-04 15:58:30+00:00,,True,0.5,2026-10-04 16:45:50.923000+02:00,2026-10-04 17:58:00+02:00,2026-10-04 17:58:30+02:00,2026-10-04,17,Sunday,True,72.15128333333334
20261004_144546,2026-10-04 14:45:51.393000+00:00,Lugano,rail,ch:1:sloid:5300,Lugano,ch:1:sloid:5300:2:3,2026-10-04,ch:1:sjyid:100001:10370-008,rail,InterCity,IC,IC,10370,Lugano,Zürich HB,3,,2026-10-04 14:40:00+00:00,2026-10-04 14:45:48+00:00,,True,5.8,2026-10-04 16:45:51.393000+02:00,2026-10-04 16:40:00+02:00,2026-10-04 16:45:48+02:00,2026-10-04,16,Sunday,True,-5.8565499999999995
20261004_144546,2026-10-04 14:45:51.393000+00:00,Lugano,rail,ch:1:sloid:5300,Lugano,ch:1:sloid:5300:2:2,2026-10-04,ch:1:sjyid:100001:25929-001,rail,S-Bahn,S90,S90,25929,Giubiasco,Mendrisio,2,,2026-10-04 14:52:00+00:00,2026-10-04 14:52:54+00:00,,True,0.9,2026-10-04 16:45:51.393000+02:00,2026-10-04 16:52:00+02:00,2026-10-04 16:52:54+02:00,2026-10-04,16,Sunday,True,6.1434500000000005
20261004_144546,2026-10-04 14:45:51.393000+00:00,Lugano,rail,ch:1:sloid:5300,Lugano,ch:1:sloid:5300:3:4,2026-10-04,ch:1:sjyid:100001:25776-001,rail,S-Bahn,S10,S10,25776,Mendrisio,Biasca,4,,2026-10-04 14:55:00+00:00,2026-10-04 14:55:36+00:00,,True,0.6,2026-10-04 16:45:51.393000+02:00,2026-10-04 16:55:00+02:00,2026-10-04 16:55:36+02:00,2026-10-04,16,Sunday,True,9.14345
20261004_144546,2026-10-04 14:45:51.393000+00:00,Lugano,rail,ch:1:sloid:5300,Lugano,ch:1:sloid:5300:2:3,2026-10-04,ch:1:sjyid:100001:886-001,rail,InterCity,IC2,IC2,886,Lugano,Zürich HB,3,,2026-10-04 15:02:00+00:00,2026-10-04 15:02:30+00:00,,True,0.5,2026-10-04 16:45:51.393000+02:00,2026-10-04 17:02:00+02:00,2026-10-04 17:02:30+02:00,2026-10-04,17,Sunday,True,16.143449999999998
20261004_144546,2026-10-04 14:45:51.393000+00:00,Lugano,rail,ch:1:sloid:5300,Lugano,ch:1:sloid:5300:1:1,2026-10-04,ch:1:sjyid:100001:25529-001,rail,RegioExpress,RE80,RE80,25529,Locarno,Milano Centrale,1,,2026-10-04 15:02:00+00:00,,,False,,2026-10-04 16:45:51.393000+02:00,2026-10-04 17:02:00+02:00,,2026-10-04,17,Sunday,True,16.143449999999998
20261004_144546,2026-10-04 14:45:51.393000+00:00,Lugano,rail,ch:1:sloid:5300,Lugano,ch:1:sloid:5300:3:4,2026-10-04,ch:1:sjyid:100001:25524-001,rail,RegioExpress,RE80,RE80,25524,Milano Centrale,Locarno,4,,2026-10-04 15:05:00+00:00,2026-10-04 15:05:12+00:00,,True,0.2,2026-10-04 16:45:51.393000+02:00,2026-10-04 17:05:00+02:00,2026-10-04 17:05:12+02:00,2026-10-04,17,Sunday,True,19.143449999999998
20261004_144546,2026-10-04 14:45:51.393000+00:00,Lugano,rail,ch:1:sloid:5300,Lugano,ch:1:sloid:5300:1:1,2026-10-04,ch:1:sjyid:100001:25779-001,rail,S-Bahn,S10,S10,25779,Biasca,Como S. Giovanni/Malpensa Aeroporto T2,1,,2026-10-04 15:06:00+00:00,2026-10-04 15:06:12+00:00,,True,0.2,2026-10-04 16:45:51.393000+02:00,2026-10-04 17:06:00+02:00,2026-10-04 17:06:12+02:00,2026-10-04,17,Sunday,True,20.143449999999998
20261004_144546,2026-10-04 14:45:51.393000+00:00,Lugano,rail,ch:1:sloid:5300,Lugano,ch:1:sloid:5300:3:4,2026-10-04,ch:1:sjyid:100001:25930-001,rail,S-Bahn,S90,S90,25930,Mendrisio,Giubiasco,4,,2026-10-04 15:08:00+00:00,2026-10-04 15:08:12+00:00,,True,0.2,2026-10-04 16:45:51.393000+02:00,2026-10-04 17:08:00+02:00,2026-10-04 17:08:12+02:00,2026-10-04,17,Sunday,True,22.143449999999998
20261004_144546,2026-10-04 14:45:51.393000+00:00,Lugano,rail,ch:1:sloid:5300,Lugano,ch:1:sloid:5300:2:3,2026-10-04,ch:1:sjyid:100001:10486-005,rail,InterCity,IC,IC,10486,Lugano,Zürich HB,3,,2026-10-04 15:10:00+00:00,2026-10-04 15:10:36+00:00,,True,0.6,2026-10-04 16:45:51.393000+02:00,2026-10-04 17:10:00+02:00,2026-10-04 17:10:36+02:00,2026-10-04,17,Sunday,True,24.143449999999998
20261004_144546,2026-10-04 14:45:51.393000+00:00,Lugano,rail,ch:1:sloid:5300,Lugano,ch:1:sloid:5300:3:4,2026-10-04,ch:1:sjyid:100001:25130-001,rail,S-Bahn,S10,S10,25130,Como Camerlata,Biasca,4,,2026-10-04 15:25:00+00:00,2026-10-04 15:25:24+00:00,,True,0.4,2026-10-04 16:45:51.393000+02:00,2026-10-04 17:25:00+02:00,2026-10-04 17:25:24+02:00,2026-10-04,17,Sunday,True,39.14345
20261004_144546,2026-10-04 14:45:51.393000+00:00,Lugano,rail,ch:1:sloid:5300,Lugano,ch:1:sloid:5300:2:2,2026-10-04,ch:1:sjyid:100001:25831-001,rail,RegioExpress,RE80,RE80,25831,Locarno,Chiasso,2,,2026-10-04 15:25:00+00:00,2026-10-04 15:25:12+00:00,,True,0.2,2026-10-04 16:45:51.393000+02:00,2026-10-04 17:25:00+02:00,2026-10-04 17:25:12+02:00,2026-10-04,17,Sunday,True,39.14345
20261004_144546,2026-10-04 14:45:51.393000+00:00,Lugano,rail,ch:1:sloid:5300,Lugano,ch:1:sloid:5300:2:3,2026-10-04,ch:1:sjyid:100001:22-003,rail,EuroCity,EC,EC,22,Como S. Giovanni,Zürich HB,3,,2026-10-04 15:30:00+00:00,2026-10-04 15:31:00+00:00,,True,1.0,2026-10-04 16:45:51.393000+02:00,2026-10-04 17:30:00+02:00,2026-10-04 17:31:00+02:00,2026-10-04,17,Sunday,True,44.14345
20261004_144546,2026-10-04 14:45:51.393000+00:00,Lugano,rail,ch:1:sloid:5300,Lugano,ch:1:sloid:5300:2:2,2026-10-04,ch:1:sjyid:100001:123-002,rail,EuroCity,EC,EC,123,Zürich HB,Milano Centrale,2,,2026-10-04 15:30:00+00:00,,,False,,2026-10-04 16:45:51.393000+02:00,2026-10-04 17:30:00+02:00,,2026-10-04,17,Sunday,True,44.14345
20261004_144546,2026-10-04 14:45:51.393000+00:00,Lugano,rail,ch:1:sloid:5300,Lugano,ch:1:sloid:5300:3:4,2026-10-04,ch:1:sjyid:100001:25826-001,rail,RegioExpress,RE80,RE80,25826,Chiasso,Locarno,4,,2026-10-04 15:35:00+00:00,2026-10-04 15:35:48+00:00,,True,0.8,2026-10-04 16:45:51.393000+02:00,2026-10-04 17:35:00+02:00,2026-10-04 17:35:48+02:00,2026-10-04,17,Sunday,True,49.14345
20261004_144546,2026-10-04 14:45:51.393000+00:00,Lugano,rail,ch:1:sloid:5300,Lugano,ch:1:sloid:5300:2:2,2026-10-04,ch:1:sjyid:100001:25131-001,rail,S-Bahn,S10,S10,25131,Biasca,Como Camerlata,2,,2026-10-04 15:36:00+00:00,,,False,,2026-10-04 16:45:51.393000+02:00,2026-10-04 17:36:00+02:00,,2026-10-04,17,Sunday,True,50.14345
20261004_144546,2026-10-04 14:45:51.393000+00:00,Lugano,rail,ch:1:sloid:5300,Lugano,ch:1:sloid:5300:1:1,2026-10-04,ch:1:sjyid:100001:25978-001,rail,S-Bahn,S90,S90,25978,Lugano,Giubiasco,1,,2026-10-04 15:38:00+00:00,2026-10-04 15:38:12+00:00,,True,0.2,2026-10-04 16:45:51.393000+02:00,2026-10-04 17:38:00+02:00,2026-10-04 17:38:12+02:00,2026-10-04,17,Sunday,True,52.14345
20261004_144546,2026-10-04 14:45:51.393000+00:00,Lugano,rail,ch:1:sloid:5300,Lugano,ch:1:sloid:5300:2:2,2026-10-04,ch:1:sjyid:100001:25931-001,rail,S-Bahn,S90,S90,25931,Giubiasco,Mendrisio,2,,2026-10-04 15:52:00+00:00,2026-10-04 15:52:12+00:00,,True,0.2,2026-10-04 16:45:51.393000+02:00,2026-10-04 17:52:00+02:00,2026-10-04 17:52:12+02:00,2026-10-04,17,Sunday,True,66.14345
20261004_144546,2026-10-04 14:45:51.393000+00:00,Lugano,rail,ch:1:sloid:5300,Lugano,ch:1:sloid:5300:3:4,2026-10-04,ch:1:sjyid:100001:25778-001,rail,S-Bahn,S10,S10,25778,Mendrisio,Biasca,4,,2026-10-04 15:55:00+00:00,2026-10-04 15:55:36+00:00,,True,0.6,2026-10-04 16:45:51.393000+02:00,2026-10-04 17:55:00+02:00,2026-10-04 17:55:36+02:00,2026-10-04,17,Sunday,True,69.14345
20261004_144546,2026-10-04 14:45:51.393000+00:00,Lugano,rail,ch:1:sloid:5300,Lugano,ch:1:sloid:5300:2:3,2026-10-04,ch:1:sjyid:100001:688-001,rail,InterCity,IC21,IC21,688,Lugano,Basel SBB,3,,2026-10-04 16:02:00+00:00,2026-10-04 16:02:30+00:00,,True,0.5,2026-10-04 16:45:51.393000+02:00,2026-10-04 18:02:00+02:00,2026-10-04 18:02:30+02:00,2026-10-04,18,Sunday,True,76.14345
20261004_144546,2026-10-04 14:45:51.393000+00:00,Lugano,rail,ch:1:sloid:5300,Lugano,ch:1:sloid:5300:1:1,2026-10-04,ch:1:sjyid:100001:25531-001,rail,RegioExpress,RE80,RE80,25531,Locarno,Milano Centrale,1,,2026-10-04 16:02:00+00:00,,,False,,2026-10-04 16:45:51.393000+02:00,2026-10-04 18:02:00+02:00,,2026-10-04,18,Sunday,True,76.14345
20261004_144546,2026-10-04 14:45:51.393000+00:00,Lugano,rail,ch:1:sloid:5300,Lugano,ch:1:sloid:5300:3:4,2026-10-04,ch:1:sjyid:100001:25526-001,rail,RegioExpress,RE80,RE80,25526,Milano Centrale,Locarno,4,,2026-10-04 16:05:00+00:00,2026-10-04 16:05:12+00:00,,True,0.2,2026-10-04 16:45:51.393000+02:00,2026-10-04 18:05:00+02:00,2026-10-04 18:05:12+02:00,2026-10-04,18,Sunday,True,79.14345
20261004_144546,2026-10-04 14:45:51.393000+00:00,Lugano,rail,ch:1:sloid:5300,Lugano,ch:1:sloid:5300:1:1,2026-10-04,ch:1:sjyid:100001:25781-001,rail,S-Bahn,S10,S10,25781,Biasca,Como S. Giovanni/Malpensa Aeroporto T2,1,,2026-10-04 16:06:00+00:00,2026-10-04 16:06:12+00:00,,True,0.2,2026-10-04 16:45:51.393000+02:00,2026-10-04 18:06:00+02:00,2026-10-04 18:06:12+02:00,2026-10-04,18,Sunday,True,80.14345
20261004_144546,2026-10-04 14:45:51.393000+00:00,Lugano,rail,ch:1:sloid:5300,Lugano,ch:1:sloid:5300:3:4,2026-10-04,ch:1:sjyid:100001:25932-001,rail,S-Bahn,S90,S90,25932,Mendrisio,Giubiasco,4,,2026-10-04 16:08:00+00:00,2026-10-04 16:08:12+00:00,,True,0.2,2026-10-04 16:45:51.393000+02:00,2026-10-04 18:08:00+02:00,2026-10-04 18:08:12+02:00,2026-10-04,18,Sunday,True,82.14345
20261004_144546,2026-10-04 14:45:51.393000+00:00,Lugano,rail,ch:1:sloid:5300,Lugano,ch:1:sloid:5300:2:3,2026-10-04,ch:1:sjyid:100001:10488-009,rail,InterCity,IC,IC,10488,Lugano,Zürich HB,3,,2026-10-04 16:10:00+00:00,2026-10-04 16:10:36+00:00,,True,0.6,2026-10-04 16:45:51.393000+02:00,2026-10-04 18:10:00+02:00,2026-10-04 18:10:36+02:00,2026-10-04,18,Sunday,True,84.14345
20261004_144546,2026-10-04 14:45:51.393000+00:00,Lugano,rail,ch:1:sloid:5300,Lugano,ch:1:sloid:5300:2:2,2026-10-04,ch:1:sjyid:100001:173-001,rail,EuroCity,EC,EC,173,Basel SBB,Milano Centrale,2,,2026-10-04 16:10:00+00:00,,,False,,2026-10-04 16:45:51.393000+02:00,2026-10-04 18:10:00+02:00,,2026-10-04,18,Sunday,True,84.14345
20261004_144546,2026-10-04 14:45:51.393000+00:00,Lugano,rail,ch:1:sloid:5300,Lugano,ch:1:sloid:5300:3:4,2026-10-04,ch:1:sjyid:100001:25132-001,rail,S-Bahn,S10,S10,25132,Como Camerlata,Biasca,4,,2026-10-04 16:25:00+00:00,2026-10-04 16:25:24+00:00,,True,0.4,2026-10-04 16:45:51.393000+02:00,2026-10-04 18:25:00+02:00,2026-10-04 18:25:24+02:00,2026-10-04,18,Sunday,True,99.14345
20261004_144546,2026-10-04 14:45:51.393000+00:00,Lugano,rail,ch:1:sloid:5300,Lugano,ch:1:sloid:5300:2:2,2026-10-04,ch:1:sjyid:100001:25833-001,rail,RegioExpress,RE80,RE80,25833,Locarno,Chiasso,2,,2026-10-04 16:25:00+00:00,2026-10-04 16:25:12+00:00,,True,0.2,2026-10-04 16:45:51.393000+02:00,2026-10-04 18:25:00+02:00,2026-10-04 18:25:12+02:00,2026-10-04,18,Sunday,True,99.14345
20261004_144546,2026-10-04 14:45:51.393000+00:00,Lugano,rail,ch:1:sloid:5300,Lugano,ch:1:sloid:5300:2:3,2026-10-04,ch:1:sjyid:100001:24-003,rail,EuroCity,EC,EC,24,Como S. Giovanni,Zürich HB,3,,2026-10-04 16:30:00+00:00,2026-10-04 16:31:00+00:00,,True,1.0,2026-10-04 16:45:51.393000+02:00,2026-10-04 18:30:00+02:00,2026-10-04 18:31:00+02:00,2026-10-04,18,Sunday,True,104.14345
20261004_144546,2026-10-04 14:45:51.393000+00:00,Lugano,rail,ch:1:sloid:5300,Lugano,ch:1:sloid:5300:2:2,2026-10-04,ch:1:sjyid:100001:1479-001,rail,InterCity,IC2,IC2,1479,Zürich HB,Chiasso,2,,2026-10-04 16:30:00+00:00,2026-10-04 16:30:36+00:00,,True,0.6,2026-10-04 16:45:51.393000+02:00,2026-10-04 18:30:00+02:00,2026-10-04 18:30:36+02:00,2026-10-04,18,Sunday,True,104.14345
20261004_144546,2026-10-04 14:45:51.393000+00:00,Lugano,rail,ch:1:sloid:5300,Lugano,ch:1:sloid:5300:3:4,2026-10-04,ch:1:sjyid:100001:25828-001,rail,RegioExpress,RE80,RE80,25828,Chiasso,Locarno,4,,2026-10-04 16:35:00+00:00,2026-10-04 16:35:48+00:00,,True,0.8,2026-10-04 16:45:51.393000+02:00,2026-10-04 18:35:00+02:00,2026-10-04 18:35:48+02:00,2026-10-04,18,Sunday,True,109.14345
20261004_144546,2026-10-04 14:45:51.830000+00:00,Zürich,local,ch:1:sloid:87348,"Zürich, Bahnhofplatz/HB",ch:1:sloid:87348::1,2026-10-04,ch:1:sjyid:100648:plan:39612177-e889-4dff-8105-bf29a3fa08ee,tram,Tram,3,3,32032,"Zürich, Klusplatz",Albisrieden,,,2026-10-04 14:43:06+00:00,2026-10-04 14:45:18+00:00,,True,2.2,2026-10-04 16:45:51.830000+02:00,2026-10-04 16:43:06+02:00,2026-10-04 16:45:18+02:00,2026-10-04,16,Sunday,True,-2.7638333333333334
20261004_144546,2026-10-04 14:45:51.830000+00:00,Zürich,local,ch:1:sloid:87348,"Zürich, Bahnhofplatz/HB",ch:1:sloid:87348::0,2026-10-04,ch:1:sjyid:100648:plan:2ed8e089-ac48-4665-8220-32cde8a30ffa,tram,Tram,6,6,32804,"Zürich, Bahnhofplatz/HB",Zoo,,,2026-10-04 14:45:30+00:00,2026-10-04 14:47:12+00:00,,True,1.7,2026-10-04 16:45:51.830000+02:00,2026-10-04 16:45:30+02:00,2026-10-04 16:47:12+02:00,2026-10-04,16,Sunday,True,-0.3638333333333333
20261004_144546,2026-10-04 14:45:51.830000+00:00,Zürich,local,ch:1:sloid:87348,"Zürich, Bahnhofplatz/HB",ch:1:sloid:87348::0,2026-10-04,ch:1:sjyid:100648:plan:87062476-43b9-44e0-a2b2-1f8c1faa1887,tram,Tram,3,3,31912,"Zürich, Albisrieden",Klusplatz,,,2026-10-04 14:48:12+00:00,2026-10-04 14:48:00+00:00,,True,-0.2,2026-10-04 16:45:51.830000+02:00,2026-10-04 16:48:12+02:00,2026-10-04 16:48:00+02:00,2026-10-04,16,Sunday,True,2.3361666666666663
20261004_144546,2026-10-04 14:45:51.830000+00:00,Zürich,local,ch:1:sloid:87348,"Zürich, Bahnhofplatz/HB",ch:1:sloid:87348::1,2026-10-04,ch:1:sjyid:100648:plan:78c10047-aecb-4236-a566-df14e375a93e,tram,Tram,14,14,33009,"Zürich, Bahnhofplatz/HB",Triemli,,,2026-10-04 14:48:54+00:00,2026-10-04 14:48:54+00:00,,True,0.0,2026-10-04 16:45:51.830000+02:00,2026-10-04 16:48:54+02:00,2026-10-04 16:48:54+02:00,2026-10-04,16,Sunday,True,3.0361666666666665
20261004_144546,2026-10-04 14:45:51.830000+00:00,Zürich,local,ch:1:sloid:87348,"Zürich, Bahnhofplatz/HB",ch:1:sloid:87348::11,2026-10-04,ch:1:sjyid:100648:plan:f1f43590-9323-481e-9aac-a344c74d40ab,bus,Bus,31,31,37295,"Zürich, Kienastenwies",Hermetschloo,,,2026-10-04 14:48:24+00:00,2026-10-04 14:48:36+00:00,,True,0.2,2026-10-04 16:45:51.830000+02:00,2026-10-04 16:48:24+02:00,2026-10-04 16:48:36+02:00,2026-10-04,16,Sunday,True,2.5361666666666665
20261004_144546,2026-10-04 14:45:51.830000+00:00,Zürich,local,ch:1:sloid:87348,"Zürich, Bahnhofplatz/HB",ch:1:sloid:87348::1,2026-10-04,ch:1:sjyid:100648:plan:05a52a6b-9577-4a26-9841-d81fb3ce0910,tram,Tram,3,3,32616,"Zürich, Klusplatz",Albisrieden,,,2026-10-04 14:53:06+00:00,2026-10-04 14:53:42+00:00,,True,0.6,2026-10-04 16:45:51.830000+02:00,2026-10-04 16:53:06+02:00,2026-10-04 16:53:42+02:00,2026-10-04,16,Sunday,True,7.236166666666667
20261004_144546,2026-10-04 14:45:51.830000+00:00,Zürich,local,ch:1:sloid:87348,"Zürich, Bahnhofplatz/HB",ch:1:sloid:87348::0,2026-10-04,ch:1:sjyid:100648:plan:979e699f-c5c0-4a09-b008-3d892332b0a9,tram,Tram,6,6,33371,"Zürich, Bahnhofplatz/HB",Zoo,,,2026-10-04 14:55:30+00:00,2026-10-04 14:55:30+00:00,,True,0.0,2026-10-04 16:45:51.830000+02:00,2026-10-04 16:55:30+02:00,2026-10-04 16:55:30+02:00,2026-10-04,16,Sunday,True,9.636166666666666
20261004_144546,2026-10-04 14:45:51.830000+00:00,Zürich,local,ch:1:sloid:87348,"Zürich, Bahnhofplatz/HB",ch:1:sloid:87348,2026-10-04,ch:1:sjyid:100648:plan:7cfad73d-eeba-43de-a29d-a192802a1819,bus,Bus,31,31,37774,"Zürich, Hermetschloo",Kienastenwies,,,2026-10-04 14:55:06+00:00,2026-10-04 14:55:24+00:00,,True,0.3,2026-10-04 16:45:51.830000+02:00,2026-10-04 16:55:06+02:00,2026-10-04 16:55:24+02:00,2026-10-04,16,Sunday,True,9.236166666666666
20261004_144546,2026-10-04 14:45:51.830000+00:00,Zürich,local,ch:1:sloid:87348,"Zürich, Bahnhofplatz/HB",ch:1:sloid:87348::0,2026-10-04,ch:1:sjyid:100648:plan:6e28364f-dbf7-4d88-b154-908c2223cfb1,tram,Tram,3,3,32471,"Zürich, Albisrieden",Klusplatz,,,2026-10-04 14:58:12+00:00,2026-10-04 14:58:30+00:00,,True,0.3,2026-10-04 16:45:51.830000+02:00,2026-10-04 16:58:12+02:00,2026-10-04 16:58:30+02:00,2026-10-04,16,Sunday,True,12.336166666666665
20261004_144546,2026-10-04 14:45:51.830000+00:00,Zürich,local,ch:1:sloid:87348,"Zürich, Bahnhofplatz/HB",ch:1:sloid:87348::1,2026-10-04,ch:1:sjyid:100648:plan:29ff112f-287b-41f6-b7a0-2a846f5b694d,tram,Tram,14,14,33555,"Zürich, Bahnhofplatz/HB",Triemli,,,2026-10-04 14:58:54+00:00,2026-10-04 14:58:54+00:00,,True,0.0,2026-10-04 16:45:51.830000+02:00,2026-10-04 16:58:54+02:00,2026-10-04 16:58:54+02:00,2026-10-04,16,Sunday,True,13.036166666666666
20261004_144546,2026-10-04 14:45:51.830000+00:00,Zürich,local,ch:1:sloid:87348,"Zürich, Bahnhofplatz/HB",ch:1:sloid:87348::11,2026-10-04,ch:1:sjyid:100648:plan:dec19d44-f7cc-468e-9e30-a193f02a0c09,bus,Bus,31,31,38004,"Zürich, Kienastenwies",Hermetschloo,,,2026-10-04 14:58:24+00:00,2026-10-04 14:58:36+00:00,,True,0.2,2026-10-04 16:45:51.830000+02:00,2026-10-04 16:58:24+02:00,2026-10-04 16:58:36+02:00,2026-10-04,16,Sunday,True,12.536166666666666
20261004_144546,2026-10-04 14:45:51.830000+00:00,Zürich,local,ch:1:sloid:87348,"Zürich, Bahnhofplatz/HB",ch:1:sloid:87348::1,2026-10-04,ch:1:sjyid:100648:plan:a61aa39f-9e9b-419f-935b-11dc0d7650a4,tram,Tram,3,3,33184,"Zürich, Klusplatz",Albisrieden,,,2026-10-04 15:03:06+00:00,2026-10-04 15:03:06+00:00,,True,0.0,2026-10-04 16:45:51.830000+02:00,2026-10-04 17:03:06+02:00,2026-10-04 17:03:06+02:00,2026-10-04,17,Sunday,True,17.23616666666667
20261004_144546,2026-10-04 14:45:51.830000+00:00,Zürich,local,ch:1:sloid:87348,"Zürich, Bahnhofplatz/HB",ch:1:sloid:87348::0,2026-10-04,ch:1:sjyid:100648:plan:6fbedea7-9d4c-4896-966b-661fb9f3f4f6,tram,Tram,6,6,33933,"Zürich, Bahnhofplatz/HB",Zoo,,,2026-10-04 15:05:30+00:00,2026-10-04 15:05:30+00:00,,True,0.0,2026-10-04 16:45:51.830000+02:00,2026-10-04 17:05:30+02:00,2026-10-04 17:05:30+02:00,2026-10-04,17,Sunday,True,19.636166666666668
20261004_144546,2026-10-04 14:45:51.830000+00:00,Zürich,local,ch:1:sloid:87348,"Zürich, Bahnhofplatz/HB",ch:1:sloid:87348,2026-10-04,ch:1:sjyid:100648:plan:e9dd6f7a-0e6e-486c-a873-4144b9ca5412,bus,Bus,31,31,38450,"Zürich, Hermetschloo",Kienastenwies,,,2026-10-04 15:05:06+00:00,2026-10-04 15:05:18+00:00,,True,0.2,2026-10-04 16:45:51.830000+02:00,2026-10-04 17:05:06+02:00,2026-10-04 17:05:18+02:00,2026-10-04,17,Sunday,True,19.23616666666667
20261004_144546,2026-10-04 14:45:51.830000+00:00,Zürich,local,ch:1:sloid:87348,"Zürich, Bahnhofplatz/HB",ch:1:sloid:87348::0,2026-10-04,ch:1:sjyid:100648:plan:7b95f7a2-215f-4bbb-bb70-2bb7614575f6,tram,Tram,3,3,33062,"Zürich, Albisrieden",Klusplatz,,,2026-10-04 15:08:12+00:00,2026-10-04 15:08:12+00:00,,True,0.0,2026-10-04 16:45:51.830000+02:00,2026-10-04 17:08:12+02:00,2026-10-04 17:08:12+02:00,2026-10-04,17,Sunday,True,22.336166666666667
20261004_144546,2026-10-04 14:45:51.830000+00:00,Zürich,local,ch:1:sloid:87348,"Zürich, Bahnhofplatz/HB",ch:1:sloid:87348::1,2026-10-04,ch:1:sjyid:100648:plan:223dd6a9-2620-447f-807f-67c9d07ced6f,tram,Tram,14,14,34125,"Zürich, Bahnhofplatz/HB",Triemli,,,2026-10-04 15:08:54+00:00,2026-10-04 15:08:54+00:00,,True,0.0,2026-10-04 16:45:51.830000+02:00,2026-10-04 17:08:54+02:00,2026-10-04 17:08:54+02:00,2026-10-04,17,Sunday,True,23.036166666666666
20261004_144546,2026-10-04 14:45:51.830000+00:00,Zürich,local,ch:1:sloid:87348,"Zürich, Bahnhofplatz/HB",ch:1:sloid:87348::11,2026-10-04,ch:1:sjyid:100648:plan:7b5e5987-4b3a-4795-968e-b83e5653a80f,bus,Bus,31,31,38692,"Zürich, Kienastenwies",Hermetschloo,,,2026-10-04 15:08:24+00:00,2026-10-04 15:08:24+00:00,,True,0.0,2026-10-04 16:45:51.830000+02:00,2026-10-04 17:08:24+02:00,2026-10-04 17:08:24+02:00,2026-10-04,17,Sunday,True,22.536166666666666
20261004_144546,2026-10-04 14:45:51.830000+00:00,Zürich,local,ch:1:sloid:87348,"Zürich, Bahnhofplatz/HB",ch:1:sloid:87348::1,2026-10-04,ch:1:sjyid:100648:plan:aa1b7160-a296-40de-a1ab-4b4b563880b4,tram,Tram,3,3,33725,"Zürich, Klusplatz",Albisrieden,,,2026-10-04 15:13:06+00:00,2026-10-04 15:13:06+00:00,,True,0.0,2026-10-04 16:45:51.830000+02:00,2026-10-04 17:13:06+02:00,2026-10-04 17:13:06+02:00,2026-10-04,17,Sunday,True,27.23616666666667
20261004_144546,2026-10-04 14:45:51.830000+00:00,Zürich,local,ch:1:sloid:87348,"Zürich, Bahnhofplatz/HB",ch:1:sloid:87348::0,2026-10-04,ch:1:sjyid:100648:plan:0859cca4-57ec-48f3-9099-cfa5da59c70e,tram,Tram,6,6,34497,"Zürich, Bahnhofplatz/HB",Zoo,,,2026-10-04 15:15:30+00:00,2026-10-04 15:15:30+00:00,,True,0.0,2026-10-04 16:45:51.830000+02:00,2026-10-04 17:15:30+02:00,2026-10-04 17:15:30+02:00,2026-10-04,17,Sunday,True,29.636166666666668
20261004_144546,2026-10-04 14:45:51.830000+00:00,Zürich,local,ch:1:sloid:87348,"Zürich, Bahnhofplatz/HB",ch:1:sloid:87348,2026-10-04,ch:1:sjyid:100648:plan:b86307ef-5d39-42ef-8a07-cb93af16186b,bus,Bus,31,31,39148,"Zürich, Hermetschloo",Kienastenwies,,,2026-10-04 15:15:06+00:00,2026-10-04 15:15:06+00:00,,True,0.0,2026-10-04 16:45:51.830000+02:00,2026-10-04 17:15:06+02:00,2026-10-04 17:15:06+02:00,2026-10-04,17,Sunday,True,29.23616666666667
20261004_144546,2026-10-04 14:45:51.830000+00:00,Zürich,local,ch:1:sloid:87348,"Zürich, Bahnhofplatz/HB",ch:1:sloid:87348::0,2026-10-04,ch:1:sjyid:100648:plan:6d117048-689c-4724-96c0-a46e75720b52,tram,Tram,3,3,33607,"Zürich, Albisrieden",Klusplatz,,,2026-10-04 15:18:12+00:00,2026-10-04 15:18:12+00:00,,True,0.0,2026-10-04 16:45:51.830000+02:00,2026-10-04 17:18:12+02:00,2026-10-04 17:18:12+02:00,2026-10-04,17,Sunday,True,32.33616666666667
20261004_144546,2026-10-04 14:45:51.830000+00:00,Zürich,local,ch:1:sloid:87348,"Zürich, Bahnhofplatz/HB",ch:1:sloid:87348::11,2026-10-04,ch:1:sjyid:100648:plan:4f86870c-5c87-431f-a36b-f24019a85dec,bus,Bus,31,31,39332,"Zürich, Kienastenwies",Hermetschloo,,,2026-10-04 15:18:24+00:00,2026-10-04 15:18:24+00:00,,True,0.0,2026-10-04 16:45:51.830000+02:00,2026-10-04 17:18:24+02:00,2026-10-04 17:18:24+02:00,2026-10-04,17,Sunday,True,32.53616666666667
20261004_144546,2026-10-04 14:45:51.830000+00:00,Zürich,local,ch:1:sloid:87348,"Zürich, Bahnhofplatz/HB",ch:1:sloid:87348::1,2026-10-04,ch:1:sjyid:100648:plan:da760e47-61b9-4cda-9fda-7b66354ab2d4,tram,Tram,3,3,34309,"Zürich, Klusplatz",Albisrieden,,,2026-10-04 15:23:06+00:00,2026-10-04 15:23:06+00:00,,True,0.0,2026-10-04 16:45:51.830000+02:00,2026-10-04 17:23:06+02:00,2026-10-04 17:23:06+02:00,2026-10-04,17,Sunday,True,37.23616666666667
20261004_144546,2026-10-04 14:45:51.830000+00:00,Zürich,local,ch:1:sloid:87348,"Zürich, Bahnhofplatz/HB",ch:1:sloid:87348::0,2026-10-04,ch:1:sjyid:100648:plan:a93bc4c6-5a8b-450f-abde-a650566c9ae7,tram,Tram,6,6,35063,"Zürich, Bahnhofplatz/HB",Zoo,,,2026-10-04 15:25:30+00:00,2026-10-04 15:25:30+00:00,,True,0.0,2026-10-04 16:45:51.830000+02:00,2026-10-04 17:25:30+02:00,2026-10-04 17:25:30+02:00,2026-10-04,17,Sunday,True,39.63616666666667
20261004_144546,2026-10-04 14:45:51.830000+00:00,Zürich,local,ch:1:sloid:87348,"Zürich, Bahnhofplatz/HB",ch:1:sloid:87348,2026-10-04,ch:1:sjyid:100648:plan:f24dda9e-4911-4387-9d40-dce69ca811f0,bus,Bus,31,31,39814,"Zürich, Hermetschloo",Kienastenwies,,,2026-10-04 15:25:06+00:00,2026-10-04 15:26:06+00:00,,True,1.0,2026-10-04 16:45:51.830000+02:00,2026-10-04 17:25:06+02:00,2026-10-04 17:26:06+02:00,2026-10-04,17,Sunday,True,39.23616666666667
20261004_144546,2026-10-04 14:45:51.830000+00:00,Zürich,local,ch:1:sloid:87348,"Zürich, Bahnhofplatz/HB",ch:1:sloid:87348::0,2026-10-04,ch:1:sjyid:100648:plan:06cf8f3c-5a5e-430f-a9d5-accdd1ed106d,tram,Tram,3,3,34164,"Zürich, Albisrieden",Klusplatz,,,2026-10-04 15:28:12+00:00,2026-10-04 15:28:12+00:00,,True,0.0,2026-10-04 16:45:51.830000+02:00,2026-10-04 17:28:12+02:00,2026-10-04 17:28:12+02:00,2026-10-04,17,Sunday,True,42.33616666666667
20261004_144546,2026-10-04 14:45:51.830000+00:00,Zürich,local,ch:1:sloid:87348,"Zürich, Bahnhofplatz/HB",ch:1:sloid:87348::1,2026-10-04,ch:1:sjyid:100648:plan:a83f7038-7cfc-4ef4-8e78-736a2008464e,tram,Tram,14,14,35252,"Zürich, Bahnhofplatz/HB",Triemli,,,2026-10-04 15:28:54+00:00,2026-10-04 15:28:54+00:00,,True,0.0,2026-10-04 16:45:51.830000+02:00,2026-10-04 17:28:54+02:00,2026-10-04 17:28:54+02:00,2026-10-04,17,Sunday,True,43.03616666666667
20261004_144546,2026-10-04 14:45:51.830000+00:00,Zürich,local,ch:1:sloid:87348,"Zürich, Bahnhofplatz/HB",ch:1:sloid:87348::11,2026-10-04,ch:1:sjyid:100648:plan:dad4ed9c-4e0d-4877-98ca-abfcf9c1e71d,bus,Bus,31,31,40056,"Zürich, Kienastenwies",Hermetschloo,,,2026-10-04 15:28:24+00:00,2026-10-04 15:28:24+00:00,,True,0.0,2026-10-04 16:45:51.830000+02:00,2026-10-04 17:28:24+02:00,2026-10-04 17:28:24+02:00,2026-10-04,17,Sunday,True,42.53616666666667
20261004_144546,2026-10-04 14:45:51.830000+00:00,Zürich,local,ch:1:sloid:87348,"Zürich, Bahnhofplatz/HB",ch:1:sloid:87348::1,2026-10-04,ch:1:sjyid:100648:plan:d35782fc-a1c0-4122-8464-950f96fd8f11,tram,Tram,3,3,34876,"Zürich, Klusplatz",Albisrieden,,,2026-10-04 15:33:06+00:00,2026-10-04 15:33:06+00:00,,True,0.0,2026-10-04 16:45:51.830000+02:00,2026-10-04 17:33:06+02:00,2026-10-04 17:33:06+02:00,2026-10-04,17,Sunday,True,47.23616666666667
20261004_144546,2026-10-04 14:45:52.321000+00:00,Bern,local,ch:1:sloid:76646,"Bern, Bahnhof",ch:1:sloid:76646:0:3,2026-10-04,ch:1:sjyid:100626:plan:c604ccb8-4cab-4543-be98-7e89b1bd165f,tram,Tram,9,9,28718,"Bern Wankdorf, Bahnhof",Wabern,C,,2026-10-04 14:43:30+00:00,2026-10-04 14:46:00+00:00,,True,2.5,2026-10-04 16:45:52.321000+02:00,2026-10-04 16:43:30+02:00,2026-10-04 16:46:00+02:00,2026-10-04,16,Sunday,True,-2.3720166666666667
20261004_144546,2026-10-04 14:45:52.321000+00:00,Bern,local,ch:1:sloid:76646,"Bern, Bahnhof",ch:1:sloid:76646:0:13,2026-10-04,ch:1:sjyid:100626:plan:bbf4e837-1188-4365-9644-39dfa04022e7,bus,Bus,20,20,63723,"Bern, Länggasse",Wankdorf Bhf,E,,2026-10-04 14:44:48+00:00,2026-10-04 14:46:18+00:00,,True,1.5,2026-10-04 16:45:52.321000+02:00,2026-10-04 16:44:48+02:00,2026-10-04 16:46:18+02:00,2026-10-04,16,Sunday,True,-1.0720166666666666
20261004_144546,2026-10-04 14:45:52.321000+00:00,Bern,local,ch:1:sloid:76646,"Bern, Bahnhof",ch:1:sloid:76646:0:19,2026-10-04,ch:1:sjyid:100626:plan:36595ecf-22ae-4999-9499-59076ac1c558,bus,Bus,10,10,36524,"Schliern, Bus-Endstation",Ostermundigen Rüti,L,,2026-10-04 14:45:00+00:00,2026-10-04 14:45:00+00:00,,True,0.0,2026-10-04 16:45:52.321000+02:00,2026-10-04 16:45:00+02:00,2026-10-04 16:45:00+02:00,2026-10-04,16,Sunday,True,-0.8720166666666667
20261004_144546,2026-10-04 14:45:52.321000+00:00,Bern,local,ch:1:sloid:76646,"Bern, Bahnhof",ch:1:sloid:76646:0:64,2026-10-04,ch:1:sjyid:1100062:SKI-281,bus,Ersatzverkehr,EV,EV,281,"Bern, Bahnhof","Worblaufen, Bahnhofplatz",Z,,2026-10-04 14:45:00+00:00,,,False,,2026-10-04 16:45:52.321000+02:00,2026-10-04 16:45:00+02:00,,2026-10-04,16,Sunday,True,-0.8720166666666667
20261004_144546,2026-10-04 14:45:52.321000+00:00,Bern,local,ch:1:sloid:76646,"Bern, Bahnhof",ch:1:sloid:76646:0:39,2026-10-04,ch:1:sjyid:100626:plan:5d26323e-55da-4509-8ac1-be34706be17a,tram,Tram,7,7,13107,"Bern, Bahnhof",Bümpliz,N,,2026-10-04 14:46:00+00:00,2026-10-04 14:46:00+00:00,,True,0.0,2026-10-04 16:45:52.321000+02:00,2026-10-04 16:46:00+02:00,2026-10-04 16:46:00+02:00,2026-10-04,16,Sunday,True,0.12798333333333334
20261004_144546,2026-10-04 14:45:52.321000+00:00,Bern,local,ch:1:sloid:76646,"Bern, Bahnhof",ch:1:sloid:76646:0:2,2026-10-04,ch:1:sjyid:100626:plan:d4d04745-b881-4091-98f6-8a4fd842ef40,bus,Bus,8A,8A,77907,"Bern, Bahnhof",Saali,K2,,2026-10-04 14:47:48+00:00,2026-10-04 14:47:48+00:00,,True,0.0,2026-10-04 16:45:52.321000+02:00,2026-10-04 16:47:48+02:00,2026-10-04 16:47:48+02:00,2026-10-04,16,Sunday,True,1.9279833333333334
20261004_144546,2026-10-04 14:45:52.321000+00:00,Bern,local,ch:1:sloid:76646,"Bern, Bahnhof",ch:1:sloid:76646:0:20,2026-10-04,ch:1:sjyid:100626:plan:82583984-d746-4021-8326-248f70d7eed4,bus,Bus,17,17,57966,"Bern, Bahnhof",Köniz Weiermatt,M,,2026-10-04 14:47:00+00:00,2026-10-04 14:47:00+00:00,,True,0.0,2026-10-04 16:45:52.321000+02:00,2026-10-04 16:47:00+02:00,2026-10-04 16:47:00+02:00,2026-10-04,16,Sunday,True,1.1279833333333333
20261004_144546,2026-10-04 14:45:52.321000+00:00,Bern,local,ch:1:sloid:76646,"Bern, Bahnhof",ch:1:sloid:76646:0:5,2026-10-04,ch:1:sjyid:100626:plan:16fc059e-95d7-40c8-921a-6038535bb3eb,bus,Bus,12,12,50565,"Bern, Holligen",Zentrum Paul Klee,A,,2026-10-04 14:47:00+00:00,2026-10-04 14:47:06+00:00,,True,0.1,2026-10-04 16:45:52.321000+02:00,2026-10-04 16:47:00+02:00,2026-10-04 16:47:06+02:00,2026-10-04,16,Sunday,True,1.1279833333333333
20261004_144546,2026-10-04 14:45:52.321000+00:00,Bern,local,ch:1:sloid:76646,"Bern, Bahnhof",ch:1:sloid:76646:0:25,2026-10-04,ch:1:sjyid:100626:plan:7911db06-c0fb-4d56-8a3a-d6cd367b10a3,bus,Bus,19,19,60750,"Bern, Elfenau",Blinzern,K1,,2026-10-04 14:47:00+00:00,2026-10-04 14:47:00+00:00,,True,0.0,2026-10-04 16:45:52.321000+02:00,2026-10-04 16:47:00+02:00,2026-10-04 16:47:00+02:00,2026-10-04,16,Sunday,True,1.1279833333333333
20261004_144546,2026-10-04 14:45:52.321000+00:00,Bern,local,ch:1:sloid:76646,"Bern, Bahnhof",ch:1:sloid:76646:0:11,2026-10-04,ch:1:sjyid:100626:plan:d1072262-2dab-4ce8-a179-c179565e164b,bus,Bus,10,10,45813,"Ostermundigen, Rüti",Schliern,I,,2026-10-04 14:48:00+00:00,2026-10-04 14:47:42+00:00,,True,-0.3,2026-10-04 16:45:52.321000+02:00,2026-10-04 16:48:00+02:00,2026-10-04 16:47:42+02:00,2026-10-04,16,Sunday,True,2.1279833333333333
20261004_144546,2026-10-04 14:45:52.321000+00:00,Bern,local,ch:1:sloid:76646,"Bern, Bahnhof",ch:1:sloid:76646:0:28,2026-10-04,ch:1:sjyid:100626:plan:83225126-5816-4076-b18c-3f26d5dbbd64,bus,Bus,11,11,49296,"Bern, Bahnhof",Neufeld P+R,G,,2026-10-04 14:49:00+00:00,2026-10-04 14:49:00+00:00,,True,0.0,2026-10-04 16:45:52.321000+02:00,2026-10-04 16:49:00+02:00,2026-10-04 16:49:00+02:00,2026-10-04,16,Sunday,True,3.1279833333333333
20261004_144546,2026-10-04 14:45:52.321000+00:00,Bern,local,ch:1:sloid:76646,"Bern, Bahnhof",ch:1:sloid:76646:0:64,2026-10-04,ch:1:sjyid:1100062:SKI-283,bus,Ersatzverkehr,EV,EV,283,"Bern, Bahnhof","Worblaufen, Bahnhofplatz",Z,,2026-10-04 14:50:00+00:00,,,False,,2026-10-04 16:45:52.321000+02:00,2026-10-04 16:50:00+02:00,,2026-10-04,16,Sunday,True,4.127983333333334
20261004_144546,2026-10-04 14:45:52.321000+00:00,Bern,local,ch:1:sloid:76646,"Bern, Bahnhof",ch:1:sloid:76646:0:7,2026-10-04,ch:1:sjyid:100626:plan:b2f34671-d7fe-4fd0-8777-9f992ad394b9,bus,Bus,12,12,53265,"Bern, Zentrum Paul Klee",Holligen,D,,2026-10-04 14:50:00+00:00,2026-10-04 14:50:00+00:00,,True,0.0,2026-10-04 16:45:52.321000+02:00,2026-10-04 16:50:00+02:00,2026-10-04 16:50:00+02:00,2026-10-04,16,Sunday,True,4.127983333333334
20261004_144546,2026-10-04 14:45:52.321000+00:00,Bern,local,ch:1:sloid:76646,"Bern, Bahnhof",ch:1:sloid:76646:0:1,2026-10-04,ch:1:sjyid:100626:plan:1eca435a-4042-462f-984f-0f4dc4f5f7ad,tram,Tram,9,9,22375,"Wabern, Tram-Endstation",Wankdorf Bhf,B,,2026-10-04 14:50:00+00:00,2026-10-04 14:50:18+00:00,,True,0.3,2026-10-04 16:45:52.321000+02:00,2026-10-04 16:50:00+02:00,2026-10-04 16:50:18+02:00,2026-10-04,16,Sunday,True,4.127983333333334
20261004_144546,2026-10-04 14:45:52.321000+00:00,Bern,local,ch:1:sloid:76646,"Bern, Bahnhof",ch:1:sloid:76646:0:19,2026-10-04,ch:1:sjyid:100626:plan:f77cad94-feff-46b9-b876-bc170cf620ce,bus,Bus,10,10,36525,"Schliern, Bus-Endstation",Ostermundigen Rüti,L,,2026-10-04 14:51:00+00:00,2026-10-04 14:51:00+00:00,,True,0.0,2026-10-04 16:45:52.321000+02:00,2026-10-04 16:51:00+02:00,2026-10-04 16:51:00+02:00,2026-10-04,16,Sunday,True,5.127983333333333
20261004_144546,2026-10-04 14:45:52.321000+00:00,Bern,local,ch:1:sloid:76646,"Bern, Bahnhof",ch:1:sloid:76646:0:25,2026-10-04,ch:1:sjyid:100626:plan:eba6069a-979d-4689-838b-d088f3dcbda2,bus,Bus,7A,7A,76556,"Bern, Bahnhof",Ostring,K1,,2026-10-04 14:51:00+00:00,2026-10-04 14:51:00+00:00,,True,0.0,2026-10-04 16:45:52.321000+02:00,2026-10-04 16:51:00+02:00,2026-10-04 16:51:00+02:00,2026-10-04,16,Sunday,True,5.127983333333333
20261004_144546,2026-10-04 14:45:52.321000+00:00,Bern,local,ch:1:sloid:76646,"Bern, Bahnhof",ch:1:sloid:76646:0:39,2026-10-04,ch:1:sjyid:100626:plan:f7a3492d-8aee-4871-a817-86e14bbc414c,tram,Tram,8,8,18624,"Bern, Bahnhof",Brünnen Bhf,N,,2026-10-04 14:51:06+00:00,2026-10-04 14:51:06+00:00,,True,0.0,2026-10-04 16:45:52.321000+02:00,2026-10-04 16:51:06+02:00,2026-10-04 16:51:06+02:00,2026-10-04,16,Sunday,True,5.2279833333333325
20261004_144546,2026-10-04 14:45:52.321000+00:00,Bern,local,ch:1:sloid:76646,"Bern, Bahnhof",ch:1:sloid:76646:0:3,2026-10-04,ch:1:sjyid:100626:plan:2ee57198-3cb1-4064-9eca-93e88e1f9702,tram,Tram,9,9,28726,"Bern Wankdorf, Bahnhof",Wabern,C,,2026-10-04 14:51:00+00:00,2026-10-04 14:52:30+00:00,,True,1.5,2026-10-04 16:45:52.321000+02:00,2026-10-04 16:51:00+02:00,2026-10-04 16:52:30+02:00,2026-10-04,16,Sunday,True,5.127983333333333
20261004_144546,2026-10-04 14:45:52.321000+00:00,Bern,local,ch:1:sloid:76646,"Bern, Bahnhof",ch:1:sloid:76646:0:20,2026-10-04,ch:1:sjyid:100626:plan:84e0056b-4982-4c19-b1ee-6f6ba4707a55,bus,Bus,19,19,59683,"Spiegel, Blinzern",Elfenau,M,,2026-10-04 14:52:00+00:00,2026-10-04 14:52:06+00:00,,True,0.1,2026-10-04 16:45:52.321000+02:00,2026-10-04 16:52:00+02:00,2026-10-04 16:52:06+02:00,2026-10-04,16,Sunday,True,6.127983333333333
20261004_144546,2026-10-04 14:45:52.321000+00:00,Bern,local,ch:1:sloid:76646,"Bern, Bahnhof",ch:1:sloid:76646:0:2,2026-10-04,ch:1:sjyid:100626:plan:559517ad-bd17-40a6-bcd5-ec7e1bcb580a,bus,Bus,8A,8A,77910,"Bern, Bahnhof",Saali,K2,,2026-10-04 14:52:48+00:00,2026-10-04 14:52:48+00:00,,True,0.0,2026-10-04 16:45:52.321000+02:00,2026-10-04 16:52:48+02:00,2026-10-04 16:52:48+02:00,2026-10-04,16,Sunday,True,6.927983333333333
20261004_144546,2026-10-04 14:45:52.321000+00:00,Bern,local,ch:1:sloid:76646,"Bern, Bahnhof",ch:1:sloid:76646:0:10,2026-10-04,ch:1:sjyid:100626:plan:da3bdc7b-91d1-45b2-b66e-833ec3ec3786,tram,Tram,3,3,1756,"Bern, Bahnhof",Weissenbühl,J,,2026-10-04 14:54:00+00:00,2026-10-04 14:54:00+00:00,,True,0.0,2026-10-04 16:45:52.321000+02:00,2026-10-04 16:54:00+02:00,2026-10-04 16:54:00+02:00,2026-10-04,16,Sunday,True,8.127983333333333
20261004_144546,2026-10-04 14:45:52.321000+00:00,Bern,local,ch:1:sloid:76646,"Bern, Bahnhof",ch:1:sloid:76646:0:15,2026-10-04,ch:1:sjyid:100626:plan:8ec6ba1b-543e-4fd5-a8fe-b99c29dea885,bus,Bus,20,20,66330,"Bern Wankdorf, Bahnhof",Länggasse,F,,2026-10-04 14:54:48+00:00,2026-10-04 14:54:48+00:00,,True,0.0,2026-10-04 16:45:52.321000+02:00,2026-10-04 16:54:48+02:00,2026-10-04 16:54:48+02:00,2026-10-04,16,Sunday,True,8.927983333333334
20261004_144546,2026-10-04 14:45:52.321000+00:00,Bern,local,ch:1:sloid:76646,"Bern, Bahnhof",ch:1:sloid:76646:0:5,2026-10-04,ch:1:sjyid:100626:plan:86ae3d3d-256f-4d36-8ec5-f0303326d945,bus,Bus,12,12,50569,"Bern, Holligen",Zentrum Paul Klee,A,,2026-10-04 14:54:00+00:00,2026-10-04 14:54:00+00:00,,True,0.0,2026-10-04 16:45:52.321000+02:00,2026-10-04 16:54:00+02:00,2026-10-04 16:54:00+02:00,2026-10-04,16,Sunday,True,8.127983333333333
20261004_144546,2026-10-04 14:45:52.321000+00:00,Bern,local,ch:1:sloid:76646,"Bern, Bahnhof",ch:1:sloid:76646:0:13,2026-10-04,ch:1:sjyid:100626:plan:7cd25187-0084-4ce1-b1eb-abb9b6fb39d3,bus,Bus,20,20,63745,"Bern, Länggasse",Wankdorf Bhf,E,,2026-10-04 14:54:48+00:00,2026-10-04 14:54:48+00:00,,True,0.0,2026-10-04 16:45:52.321000+02:00,2026-10-04 16:54:48+02:00,2026-10-04 16:54:48+02:00,2026-10-04,16,Sunday,True,8.927983333333334
20261004_144546,2026-10-04 14:45:52.321000+00:00,Bern,local,ch:1:sloid:76646,"Bern, Bahnhof",ch:1:sloid:76646:0:30,2026-10-04,ch:1:sjyid:100626:plan:3e6432f3-f502-422f-a5a7-b0d86396de5f,bus,Bus,21,21,67845,"Bern, Bahnhof",Bremgarten,H,,2026-10-04 14:54:00+00:00,2026-10-04 14:54:00+00:00,,True,0.0,2026-10-04 16:45:52.321000+02:00,2026-10-04 16:54:00+02:00,2026-10-04 16:54:00+02:00,2026-10-04,16,Sunday,True,8.127983333333333
20261004_144546,2026-10-04 14:45:52.321000+00:00,Bern,local,ch:1:sloid:76646,"Bern, Bahnhof",ch:1:sloid:76646:0:11,2026-10-04,ch:1:sjyid:100626:plan:6761b97f-5f4c-4a4f-9800-16205d272b85,bus,Bus,10,10,45814,"Ostermundigen, Rüti",Schliern,I,,2026-10-04 14:54:00+00:00,2026-10-04 14:54:00+00:00,,True,0.0,2026-10-04 16:45:52.321000+02:00,2026-10-04 16:54:00+02:00,2026-10-04 16:54:00+02:00,2026-10-04,16,Sunday,True,8.127983333333333
20261004_144546,2026-10-04 14:45:52.321000+00:00,Bern,local,ch:1:sloid:76646,"Bern, Bahnhof",ch:1:sloid:76646:0:64,2026-10-04,ch:1:sjyid:1100062:SKI-285,bus,Ersatzverkehr,EV,EV,285,"Bern, Bahnhof","Worblaufen, Bahnhofplatz",Z,,2026-10-04 14:55:00+00:00,,,False,,2026-10-04 16:45:52.321000+02:00,2026-10-04 16:55:00+02:00,,2026-10-04,16,Sunday,True,9.127983333333333
20261004_144546,2026-10-04 14:45:52.321000+00:00,Bern,local,ch:1:sloid:76646,"Bern, Bahnhof",ch:1:sloid:76646:0:10,2026-10-04,ch:1:sjyid:100626:plan:a31ffc82-6bd1-429f-9743-f13e9163a0c3,tram,Tram,6,6,7223,"Bern, Bahnhof",Fischermätteli,J,,2026-10-04 14:55:00+00:00,2026-10-04 14:55:00+00:00,,True,0.0,2026-10-04 16:45:52.321000+02:00,2026-10-04 16:55:00+02:00,2026-10-04 16:55:00+02:00,2026-10-04,16,Sunday,True,9.127983333333333
20261004_144546,2026-10-04 14:45:52.321000+00:00,Bern,local,ch:1:sloid:76646,"Bern, Bahnhof",ch:1:sloid:76646:0:39,2026-10-04,ch:1:sjyid:100626:plan:fedab8c8-2eb5-416a-a327-a4ae13b6605b,tram,Tram,7,7,13115,"Bern, Bahnhof",Bümpliz,N,,2026-10-04 14:56:00+00:00,2026-10-04 14:56:00+00:00,,True,0.0,2026-10-04 16:45:52.321000+02:00,2026-10-04 16:56:00+02:00,2026-10-04 16:56:00+02:00,2026-10-04,16,Sunday,True,10.127983333333333
20261004_144546,2026-10-04 14:45:52.321000+00:00,Bern,local,ch:1:sloid:76646,"Bern, Bahnhof",ch:1:sloid:76646:0:19,2026-10-04,ch:1:sjyid:100626:plan:d979f48e-6ee4-444b-a033-cec40e5fb997,bus,Bus,10,10,36526,"Schliern, Bus-Endstation",Ostermundigen Rüti,L,,2026-10-04 14:57:00+00:00,2026-10-04 14:57:12+00:00,,True,0.2,2026-10-04 16:45:52.321000+02:00,2026-10-04 16:57:00+02:00,2026-10-04 16:57:12+02:00,2026-10-04,16,Sunday,True,11.127983333333333
20261004_144546,2026-10-04 14:45:52.833000+00:00,Basel,local,ch:1:sloid:78143,"Basel, Bahnhof SBB",ch:1:sloid:78143:1:33,2026-10-04,ch:1:sjyid:100622:plan:5cefd5e1-0448-417c-955f-5fc319f0070b,tram,Tram,8,8,8127,"Basel, Neuweilerstrasse",Weil am Rhein (D) Bahnhof / Zentrum,F,,2026-10-04 14:45:00+00:00,2026-10-04 14:45:00+00:00,,True,0.0,2026-10-04 16:45:52.833000+02:00,2026-10-04 16:45:00+02:00,2026-10-04 16:45:00+02:00,2026-10-04,16,Sunday,True,-0.8805499999999999
20261004_144546,2026-10-04 14:45:52.833000+00:00,Basel,local,ch:1:sloid:78143,"Basel, Bahnhof SBB",ch:1:sloid:78143:3:3,2026-10-04,ch:1:sjyid:100622:plan:c805e358-c528-4407-b178-6c21a23a8b5e,bus,Bus,50,50,50165,"Basel, Bahnhof SBB","Basel, EuroAirport",B,,2026-10-04 14:45:42+00:00,2026-10-04 14:45:42+00:00,,True,0.0,2026-10-04 16:45:52.833000+02:00,2026-10-04 16:45:42+02:00,2026-10-04 16:45:42+02:00,2026-10-04,16,Sunday,True,-0.18055000000000002
20261004_144546,2026-10-04 14:45:52.833000+00:00,Basel,local,ch:1:sloid:78143,"Basel, Bahnhof SBB",ch:1:sloid:78143:1:34,2026-10-04,ch:1:sjyid:100019:plan:16e72d22-0f3b-4a05-bc7d-da2d13e9126e,tram,Tram,11,11,38363,"Basel, St-Louis Grenze","Basel, Dreispitz",G,,2026-10-04 14:45:36+00:00,2026-10-04 14:48:00+00:00,,True,2.4,2026-10-04 16:45:52.833000+02:00,2026-10-04 16:45:36+02:00,2026-10-04 16:48:00+02:00,2026-10-04,16,Sunday,True,-0.28054999999999997
20261004_144546,2026-10-04 14:45:52.833000+00:00,Basel,local,ch:1:sloid:78143,"Basel, Bahnhof SBB",ch:1:sloid:78143:1:32,2026-10-04,ch:1:sjyid:100622:plan:40837bc0-0d1c-4208-bad6-599a0e516f89,tram,Tram,2,2,2120,"Basel, Badischer Bahnhof","Binningen, Kronenplatz",E,,2026-10-04 14:48:24+00:00,2026-10-04 14:50:18+00:00,,True,1.9,2026-10-04 16:45:52.833000+02:00,2026-10-04 16:48:24+02:00,2026-10-04 16:50:18+02:00,2026-10-04,16,Sunday,True,2.51945
20261004_144546,2026-10-04 14:45:52.833000+00:00,Basel,local,ch:1:sloid:78143,"Basel, Bahnhof SBB",ch:1:sloid:78143:1:35,2026-10-04,ch:1:sjyid:100019:plan:cebd0aa7-b834-4a85-8081-c6c075be741f,tram,Tram,11,11,38366,"Basel, Dreispitz","Basel, Saint-Louis Grenze",H,,2026-10-04 14:49:18+00:00,2026-10-04 14:49:18+00:00,,True,0.0,2026-10-04 16:45:52.833000+02:00,2026-10-04 16:49:18+02:00,2026-10-04 16:49:18+02:00,2026-10-04,16,Sunday,True,3.41945
20261004_144546,2026-10-04 14:45:52.833000+00:00,Basel,local,ch:1:sloid:78143,"Basel, Bahnhof SBB",ch:1:sloid:78143:1:33,2026-10-04,ch:1:sjyid:100622:plan:4c6b5cab-dea9-4ad2-9726-f7a8d96d88c5,tram,Tram,2,2,2119,"Binningen, Kronenplatz","Basel, Badischer Bahnhof",F,,2026-10-04 14:49:00+00:00,2026-10-04 14:49:00+00:00,,True,0.0,2026-10-04 16:45:52.833000+02:00,2026-10-04 16:49:00+02:00,2026-10-04 16:49:00+02:00,2026-10-04,16,Sunday,True,3.11945
20261004_144546,2026-10-04 14:45:52.833000+00:00,Basel,local,ch:1:sloid:78143,"Basel, Bahnhof SBB",ch:1:sloid:78143:1:34,2026-10-04,ch:1:sjyid:100019:plan:f82455bf-1025-45d0-803e-f4251bf22738,tram,Tram,10,10,10421,"Rodersdorf, Station",Dornach Bahnhof,G,,2026-10-04 14:50:00+00:00,2026-10-04 14:50:42+00:00,,True,0.7,2026-10-04 16:45:52.833000+02:00,2026-10-04 16:50:00+02:00,2026-10-04 16:50:42+02:00,2026-10-04,16,Sunday,True,4.11945
20261004_144546,2026-10-04 14:45:52.833000+00:00,Basel,local,ch:1:sloid:78143,"Basel, Bahnhof SBB",ch:1:sloid:78143:3:3,2026-10-04,ch:1:sjyid:100622:plan:096674f0-f54e-468f-8605-297c1995fb07,bus,Bus,30,30,30117,"Basel, Bahnhof SBB","Basel, Badischer Bahnhof",B,,2026-10-04 14:50:42+00:00,2026-10-04 14:50:42+00:00,,True,0.0,2026-10-04 16:45:52.833000+02:00,2026-10-04 16:50:42+02:00,2026-10-04 16:50:42+02:00,2026-10-04,16,Sunday,True,4.81945
20261004_144546,2026-10-04 14:45:52.833000+00:00,Basel,local,ch:1:sloid:78143,"Basel, Bahnhof SBB",ch:1:sloid:78143:1:35,2026-10-04,ch:1:sjyid:100019:plan:0a177025-3539-4b22-a877-21b7b3703222,tram,Tram,10,10,10348,"Dornach, Bahnhof","Rodersdorf, Station",H,,2026-10-04 14:51:00+00:00,2026-10-04 14:51:30+00:00,,True,0.5,2026-10-04 16:45:52.833000+02:00,2026-10-04 16:51:00+02:00,2026-10-04 16:51:30+02:00,2026-10-04,16,Sunday,True,5.11945
20261004_144546,2026-10-04 14:45:52.833000+00:00,Basel,local,ch:1:sloid:78143,"Basel, Bahnhof SBB",ch:1:sloid:78143:1:31,2026-10-04,ch:1:sjyid:100622:plan:0d83078c-d8df-4f12-876b-afa03ccd9df6,tram,Tram,1,1,1120,"Basel, Bahnhof SBB","Basel, Dreirosenbrücke",D,,2026-10-04 14:51:12+00:00,2026-10-04 14:51:12+00:00,,True,0.0,2026-10-04 16:45:52.833000+02:00,2026-10-04 16:51:12+02:00,2026-10-04 16:51:12+02:00,2026-10-04,16,Sunday,True,5.31945
20261004_144546,2026-10-04 14:45:52.833000+00:00,Basel,local,ch:1:sloid:78143,"Basel, Bahnhof SBB",ch:1:sloid:78143:1:32,2026-10-04,ch:1:sjyid:100622:plan:c466639d-bc38-41ba-ad59-489a372eed47,tram,Tram,8,8,8122,"Basel, Kleinhüningen","Basel, Neuweilerstrasse",E,,2026-10-04 14:52:12+00:00,2026-10-04 14:52:36+00:00,,True,0.4,2026-10-04 16:45:52.833000+02:00,2026-10-04 16:52:12+02:00,2026-10-04 16:52:36+02:00,2026-10-04,16,Sunday,True,6.31945
20261004_144546,2026-10-04 14:45:52.833000+00:00,Basel,local,ch:1:sloid:78143,"Basel, Bahnhof SBB",ch:1:sloid:78143:3:3,2026-10-04,ch:1:sjyid:100622:plan:8b20a2e1-f7ea-4c70-bf3a-e748a323624f,bus,Bus,50,50,50167,"Basel, Bahnhof SBB","Basel, EuroAirport",B,,2026-10-04 14:53:12+00:00,2026-10-04 14:53:12+00:00,,True,0.0,2026-10-04 16:45:52.833000+02:00,2026-10-04 16:53:12+02:00,2026-10-04 16:53:12+02:00,2026-10-04,16,Sunday,True,7.31945
20261004_144546,2026-10-04 14:45:52.833000+00:00,Basel,local,ch:1:sloid:78143,"Basel, Bahnhof SBB",ch:1:sloid:78143:1:33,2026-10-04,ch:1:sjyid:100622:plan:583010d4-9e1a-458c-a30c-a6a2122939f3,tram,Tram,8,8,8129,"Basel, Neuweilerstrasse","Basel, Kleinhüningen",F,,2026-10-04 14:55:00+00:00,2026-10-04 14:55:06+00:00,,True,0.1,2026-10-04 16:45:52.833000+02:00,2026-10-04 16:55:00+02:00,2026-10-04 16:55:06+02:00,2026-10-04,16,Sunday,True,9.11945
20261004_144546,2026-10-04 14:45:52.833000+00:00,Basel,local,ch:1:sloid:78143,"Basel, Bahnhof SBB",ch:1:sloid:78143:1:34,2026-10-04,ch:1:sjyid:100019:plan:9433a0f4-75fd-4e47-8429-0e135104987b,tram,Tram,11,11,38369,"Basel, St-Louis Grenze","Basel, Dreispitz",G,,2026-10-04 14:55:36+00:00,2026-10-04 14:55:36+00:00,,True,0.0,2026-10-04 16:45:52.833000+02:00,2026-10-04 16:55:36+02:00,2026-10-04 16:55:36+02:00,2026-10-04,16,Sunday,True,9.71945
20261004_144546,2026-10-04 14:45:52.833000+00:00,Basel,local,ch:1:sloid:78143,"Basel, Bahnhof SBB",ch:1:sloid:78143:3:7,2026-10-04,ch:1:sjyid:100019:plan:4ac040be-3438-4435-8721-ffd59255ab2a,bus,Bus,37,37,37264,"Basel, Bahnhof SBB",Münchenstein Bahnhof,K,,2026-10-04 14:57:00+00:00,2026-10-04 14:57:00+00:00,,True,0.0,2026-10-04 16:45:52.833000+02:00,2026-10-04 16:57:00+02:00,2026-10-04 16:57:00+02:00,2026-10-04,16,Sunday,True,11.11945
20261004_144546,2026-10-04 14:45:52.833000+00:00,Basel,local,ch:1:sloid:78143,"Basel, Bahnhof SBB",ch:1:sloid:78143:1:32,2026-10-04,ch:1:sjyid:100622:plan:d85694ac-7297-4d57-83a5-522a9aea74c0,tram,Tram,2,2,2122,"Basel, Badischer Bahnhof","Binningen, Kronenplatz",E,,2026-10-04 14:58:24+00:00,2026-10-04 14:58:24+00:00,,True,0.0,2026-10-04 16:45:52.833000+02:00,2026-10-04 16:58:24+02:00,2026-10-04 16:58:24+02:00,2026-10-04,16,Sunday,True,12.51945
20261004_144546,2026-10-04 14:45:52.833000+00:00,Basel,local,ch:1:sloid:78143,"Basel, Bahnhof SBB",ch:1:sloid:78143:1:35,2026-10-04,ch:1:sjyid:100019:plan:db276b2e-14f4-47b9-87a4-8d6bdd60cc28,tram,Tram,11,11,38372,"Basel, Dreispitz","Basel, Saint-Louis Grenze",H,,2026-10-04 14:59:18+00:00,2026-10-04 14:59:18+00:00,,True,0.0,2026-10-04 16:45:52.833000+02:00,2026-10-04 16:59:18+02:00,2026-10-04 16:59:18+02:00,2026-10-04,16,Sunday,True,13.419450000000001
20261004_144546,2026-10-04 14:45:52.833000+00:00,Basel,local,ch:1:sloid:78143,"Basel, Bahnhof SBB",ch:1:sloid:78143:1:33,2026-10-04,ch:1:sjyid:100622:plan:04f7c231-5f0d-491f-8de6-5b86afcbb411,tram,Tram,2,2,2121,"Binningen, Kronenplatz","Basel, Badischer Bahnhof",F,,2026-10-04 14:59:00+00:00,2026-10-04 14:59:00+00:00,,True,0.0,2026-10-04 16:45:52.833000+02:00,2026-10-04 16:59:00+02:00,2026-10-04 16:59:00+02:00,2026-10-04,16,Sunday,True,13.11945
20261004_144546,2026-10-04 14:45:52.833000+00:00,Basel,local,ch:1:sloid:78143,"Basel, Bahnhof SBB",ch:1:sloid:78143:3:3,2026-10-04,ch:1:sjyid:100622:plan:02ebbd40-e96d-4df0-a4ec-b7784c943207,bus,Bus,50,50,50169,"Basel, Bahnhof SBB","Basel, EuroAirport",B,,2026-10-04 15:00:42+00:00,2026-10-04 15:00:42+00:00,,True,0.0,2026-10-04 16:45:52.833000+02:00,2026-10-04 17:00:42+02:00,2026-10-04 17:00:42+02:00,2026-10-04,17,Sunday,True,14.81945
20261004_144546,2026-10-04 14:45:52.833000+00:00,Basel,local,ch:1:sloid:78143,"Basel, Bahnhof SBB",ch:1:sloid:78143:1:34,2026-10-04,ch:1:sjyid:100019:plan:f213aafb-a853-4a9d-bb3c-cbac2d82b76f,tram,Tram,10,10,10431,"Flüh, Station",Dornach Bahnhof,G,,2026-10-04 15:00:00+00:00,2026-10-04 15:00:48+00:00,,True,0.8,2026-10-04 16:45:52.833000+02:00,2026-10-04 17:00:00+02:00,2026-10-04 17:00:48+02:00,2026-10-04,17,Sunday,True,14.11945
20261004_144546,2026-10-04 14:45:52.833000+00:00,Basel,local,ch:1:sloid:78143,"Basel, Bahnhof SBB",ch:1:sloid:78143:3:3,2026-10-04,ch:1:sjyid:100622:plan:3e6affc6-8f7b-4dfe-a4c4-9174d27f2f2f,bus,Bus,30,30,30119,"Basel, Bahnhof SBB","Basel, Badischer Bahnhof",B,,2026-10-04 15:00:42+00:00,2026-10-04 15:00:42+00:00,,True,0.0,2026-10-04 16:45:52.833000+02:00,2026-10-04 17:00:42+02:00,2026-10-04 17:00:42+02:00,2026-10-04,17,Sunday,True,14.81945
20261004_144546,2026-10-04 14:45:52.833000+00:00,Basel,local,ch:1:sloid:78143,"Basel, Bahnhof SBB",ch:1:sloid:78143:1:35,2026-10-04,ch:1:sjyid:100019:plan:9e9287ad-29f7-4856-8a84-d338d2e2f260,tram,Tram,10,10,10356,"Dornach, Bahnhof","Flüh, Station",H,,2026-10-04 15:01:00+00:00,2026-10-04 15:02:00+00:00,,True,1.0,2026-10-04 16:45:52.833000+02:00,2026-10-04 17:01:00+02:00,2026-10-04 17:02:00+02:00,2026-10-04,17,Sunday,True,15.11945
20261004_144546,2026-10-04 14:45:52.833000+00:00,Basel,local,ch:1:sloid:78143,"Basel, Bahnhof SBB",ch:1:sloid:78143:1:31,2026-10-04,ch:1:sjyid:100622:plan:5abc0bed-ced7-4632-9af0-4af57877d976,tram,Tram,1,1,1122,"Basel, Bahnhof SBB","Basel, Dreirosenbrücke",D,,2026-10-04 15:01:12+00:00,2026-10-04 15:01:12+00:00,,True,0.0,2026-10-04 16:45:52.833000+02:00,2026-10-04 17:01:12+02:00,2026-10-04 17:01:12+02:00,2026-10-04,17,Sunday,True,15.31945
20261004_144546,2026-10-04 14:45:52.833000+00:00,Basel,local,ch:1:sloid:78143,"Basel, Bahnhof SBB",ch:1:sloid:78143:1:32,2026-10-04,ch:1:sjyid:100622:plan:722e2bba-f2ce-4752-aa24-8e6df35aa704,tram,Tram,8,8,8124,"Weil am Rhein, Bahnhof/Zentrum","Basel, Neuweilerstrasse",E,,2026-10-04 15:02:00+00:00,2026-10-04 15:03:30+00:00,,True,1.5,2026-10-04 16:45:52.833000+02:00,2026-10-04 17:02:00+02:00,2026-10-04 17:03:30+02:00,2026-10-04,17,Sunday,True,16.11945
20261004_144546,2026-10-04 14:45:52.833000+00:00,Basel,local,ch:1:sloid:78143,"Basel, Bahnhof SBB",ch:1:sloid:78143:1:33,2026-10-04,ch:1:sjyid:100622:plan:30aed37b-9505-450c-bf6e-402ccdfa2108,tram,Tram,8,8,8131,"Basel, Neuweilerstrasse",Weil am Rhein (D) Bahnhof / Zentrum,F,,2026-10-04 15:05:00+00:00,2026-10-04 15:05:00+00:00,,True,0.0,2026-10-04 16:45:52.833000+02:00,2026-10-04 17:05:00+02:00,2026-10-04 17:05:00+02:00,2026-10-04,17,Sunday,True,19.119449999999997
20261004_144546,2026-10-04 14:45:52.833000+00:00,Basel,local,ch:1:sloid:78143,"Basel, Bahnhof SBB",ch:1:sloid:78143:1:34,2026-10-04,ch:1:sjyid:100019:plan:69f32d89-a74a-45bb-a4b7-fe712f8122cb,tram,Tram,11,11,38375,"Basel, St-Louis Grenze","Basel, Dreispitz",G,,2026-10-04 15:05:36+00:00,2026-10-04 15:05:36+00:00,,True,0.0,2026-10-04 16:45:52.833000+02:00,2026-10-04 17:05:36+02:00,2026-10-04 17:05:36+02:00,2026-10-04,17,Sunday,True,19.71945
20261004_144546,2026-10-04 14:45:52.833000+00:00,Basel,local,ch:1:sloid:78143,"Basel, Bahnhof SBB",ch:1:sloid:78143:3:5,2026-10-04,ch:1:sjyid:100622:plan:8d0b3fd3-168e-49c4-b59c-e62042057a41,bus,Bus,48,48,48043,"Basel, Bahnhof SBB","Basel, Bachgraben",A,,2026-10-04 15:05:48+00:00,2026-10-04 15:05:48+00:00,,True,0.0,2026-10-04 16:45:52.833000+02:00,2026-10-04 17:05:48+02:00,2026-10-04 17:05:48+02:00,2026-10-04,17,Sunday,True,19.919449999999998
20261004_144546,2026-10-04 14:45:52.833000+00:00,Basel,local,ch:1:sloid:78143,"Basel, Bahnhof SBB",ch:1:sloid:78143:1:32,2026-10-04,ch:1:sjyid:100622:plan:ca0c0416-13af-4bb4-9c0c-b71c3b6fb694,tram,Tram,2,2,2124,"Basel, Badischer Bahnhof","Binningen, Kronenplatz",E,,2026-10-04 15:08:24+00:00,2026-10-04 15:08:24+00:00,,True,0.0,2026-10-04 16:45:52.833000+02:00,2026-10-04 17:08:24+02:00,2026-10-04 17:08:24+02:00,2026-10-04,17,Sunday,True,22.51945
20261004_144546,2026-10-04 14:45:52.833000+00:00,Basel,local,ch:1:sloid:78143,"Basel, Bahnhof SBB",ch:1:sloid:78143:3:3,2026-10-04,ch:1:sjyid:100622:plan:b96c2225-192f-4c8f-af06-740d0ce8ead9,bus,Bus,50,50,50171,"Basel, Bahnhof SBB","Basel, EuroAirport",B,,2026-10-04 15:08:12+00:00,2026-10-04 15:08:12+00:00,,True,0.0,2026-10-04 16:45:52.833000+02:00,2026-10-04 17:08:12+02:00,2026-10-04 17:08:12+02:00,2026-10-04,17,Sunday,True,22.31945
20261004_144546,2026-10-04 14:45:52.833000+00:00,Basel,local,ch:1:sloid:78143,"Basel, Bahnhof SBB",ch:1:sloid:78143:1:35,2026-10-04,ch:1:sjyid:100019:plan:fbc92a00-5d66-4074-8522-9dbb006a69a0,tram,Tram,11,11,38378,"Basel, Dreispitz","Basel, Saint-Louis Grenze",H,,2026-10-04 15:09:18+00:00,2026-10-04 15:09:18+00:00,,True,0.0,2026-10-04 16:45:52.833000+02:00,2026-10-04 17:09:18+02:00,2026-10-04 17:09:18+02:00,2026-10-04,17,Sunday,True,23.419449999999998
20261004_144546,2026-10-04 14:45:53.337000+00:00,Luzern,local,ch:1:sloid:8450,"Luzern, Bahnhof",ch:1:sloid:8450::2,2026-10-04,ch:1:sjyid:100619:plan:0bf80999-f22c-46fb-9412-9846950c9939,bus,Bus,7,7,25602,"Horw, Biregghof",Unterlöchli,B,,2026-10-04 14:43:00+00:00,2026-10-04 14:45:48+00:00,,True,2.8,2026-10-04 16:45:53.337000+02:00,2026-10-04 16:43:00+02:00,2026-10-04 16:45:48+02:00,2026-10-04,16,Sunday,True,-2.88895
20261004_144546,2026-10-04 14:45:53.337000+00:00,Luzern,local,ch:1:sloid:8450,"Luzern, Bahnhof",ch:1:sloid:8450::2,2026-10-04,ch:1:sjyid:100619:plan:bbe54025-116a-4a4b-b55a-d4c8c8ad245b,bus,Bus,14,14,39224,"Luzern, Pilatusplatz",Brüelstrasse,B,,2026-10-04 14:45:00+00:00,2026-10-04 14:46:24+00:00,,True,1.4,2026-10-04 16:45:53.337000+02:00,2026-10-04 16:45:00+02:00,2026-10-04 16:46:24+02:00,2026-10-04,16,Sunday,True,-0.88895
20261004_144546,2026-10-04 14:45:53.337000+00:00,Luzern,local,ch:1:sloid:8450,"Luzern, Bahnhof",ch:1:sloid:8450::11,2026-10-04,ch:1:sjyid:100619:plan:1b054fcf-3012-4e6f-8e41-549cf43efe8d,bus,Bus,19,19,45724,"Luzern, Bahnhof",Friedental,R,,2026-10-04 14:45:00+00:00,2026-10-04 14:45:30+00:00,,True,0.5,2026-10-04 16:45:53.337000+02:00,2026-10-04 16:45:00+02:00,2026-10-04 16:45:30+02:00,2026-10-04,16,Sunday,True,-0.88895
20261004_144546,2026-10-04 14:45:53.337000+00:00,Luzern,local,ch:1:sloid:8450,"Luzern, Bahnhof",ch:1:sloid:8450::16,2026-10-04,ch:1:sjyid:100619:plan:103e7b8a-5f24-4fe5-b14f-5c390c100909,bus,Bus,4,4,15193,"Luzern, Bahnhof",Hubelmatt,V,,2026-10-04 14:45:00+00:00,2026-10-04 14:45:00+00:00,,True,0.0,2026-10-04 16:45:53.337000+02:00,2026-10-04 16:45:00+02:00,2026-10-04 16:45:00+02:00,2026-10-04,16,Sunday,True,-0.88895
20261004_144546,2026-10-04 14:45:53.337000+00:00,Luzern,local,ch:1:sloid:8450,"Luzern, Bahnhof",ch:1:sloid:8450::17,2026-10-04,ch:1:sjyid:100619:plan:714ce524-b774-4a04-8ea2-d3b34a0fe5b4,bus,Bus,10,10,32687,"Luzern, Bahnhof",Obergütsch,W,,2026-10-04 14:45:00+00:00,2026-10-04 14:45:30+00:00,,True,0.5,2026-10-04 16:45:53.337000+02:00,2026-10-04 16:45:00+02:00,2026-10-04 16:45:30+02:00,2026-10-04,16,Sunday,True,-0.88895
20261004_144546,2026-10-04 14:45:53.337000+00:00,Luzern,local,ch:1:sloid:8450,"Luzern, Bahnhof",ch:1:sloid:8450::10,2026-10-04,ch:1:sjyid:100619:plan:204eb2c8-1b3f-4944-88f1-84e21057a156,bus,Bus,20,20,48925,"Luzern, Bahnhof",Horw Ennethorw,J,,2026-10-04 14:45:00+00:00,2026-10-04 14:45:00+00:00,,True,0.0,2026-10-04 16:45:53.337000+02:00,2026-10-04 16:45:00+02:00,2026-10-04 16:45:00+02:00,2026-10-04,16,Sunday,True,-0.88895
20261004_144546,2026-10-04 14:45:53.337000+00:00,Luzern,local,ch:1:sloid:8450,"Luzern, Bahnhof",ch:1:sloid:8450::12,2026-10-04,ch:1:sjyid:100619:plan:003d61cc-276e-4bfe-93ef-edd0dc390648,bus,Bus,24,24,60004,"Luzern, Bahnhof",Meggen Tschädigen,S,,2026-10-04 14:46:00+00:00,2026-10-04 14:46:00+00:00,,True,0.0,2026-10-04 16:45:53.337000+02:00,2026-10-04 16:46:00+02:00,2026-10-04 16:46:00+02:00,2026-10-04,16,Sunday,True,0.11105000000000001
20261004_144546,2026-10-04 14:45:53.337000+00:00,Luzern,local,ch:1:sloid:8450,"Luzern, Bahnhof",ch:1:sloid:8450::20,2026-10-04,ch:1:sjyid:100619:plan:de5a0f8d-7a6d-4462-b581-bce7fd232464,bus,Bus,12,12,85001,"Luzern, Bahnhof",Gasshof,M,,2026-10-04 14:46:00+00:00,2026-10-04 14:46:00+00:00,,True,0.0,2026-10-04 16:45:53.337000+02:00,2026-10-04 16:46:00+02:00,2026-10-04 16:46:00+02:00,2026-10-04,16,Sunday,True,0.11105000000000001
20261004_144546,2026-10-04 14:45:53.337000+00:00,Luzern,local,ch:1:sloid:8450,"Luzern, Bahnhof",ch:1:sloid:8450::2,2026-10-04,ch:1:sjyid:100619:plan:b25f9c3f-ee36-40f8-b711-5dc680edde88,bus,Bus,1,1,4498,"Obernau, Dorf",Ebikon Fildern,B,,2026-10-04 14:47:48+00:00,2026-10-04 14:47:36+00:00,,True,-0.2,2026-10-04 16:45:53.337000+02:00,2026-10-04 16:47:48+02:00,2026-10-04 16:47:36+02:00,2026-10-04,16,Sunday,True,1.91105
20261004_144546,2026-10-04 14:45:53.337000+00:00,Luzern,local,ch:1:sloid:8450,"Luzern, Bahnhof",ch:1:sloid:8450::1,2026-10-04,ch:1:sjyid:100619:plan:94a889cb-62b8-4e36-91a3-39af4b468faa,bus,Bus,6,6,21985,"Luzern, Büttenenhalde",Matthof,A,,2026-10-04 14:47:00+00:00,2026-10-04 14:51:06+00:00,,True,4.1,2026-10-04 16:45:53.337000+02:00,2026-10-04 16:47:00+02:00,2026-10-04 16:51:06+02:00,2026-10-04,16,Sunday,True,1.1110499999999999
20261004_144546,2026-10-04 14:45:53.337000+00:00,Luzern,local,ch:1:sloid:8450,"Luzern, Bahnhof",ch:1:sloid:8450::23,2026-10-04,ch:1:sjyid:100619:plan:914681d0-abc2-4fdf-855c-ab2ead0ec058,bus,Bus,2,2,10187,"Luzern, Bahnhof",E'brücke Sprengi,Y,,2026-10-04 14:48:00+00:00,2026-10-04 14:49:30+00:00,,True,1.5,2026-10-04 16:45:53.337000+02:00,2026-10-04 16:48:00+02:00,2026-10-04 16:49:30+02:00,2026-10-04,16,Sunday,True,2.11105
20261004_144546,2026-10-04 14:45:53.337000+00:00,Luzern,local,ch:1:sloid:8450,"Luzern, Bahnhof",ch:1:sloid:8450::1,2026-10-04,ch:1:sjyid:100619:plan:e93e227a-9ffb-4014-9478-c2b2f12d0300,bus,Bus,14,14,38939,"Luzern, Brüelstrasse",Horw Zentrum,A,,2026-10-04 14:49:00+00:00,2026-10-04 14:49:48+00:00,,True,0.8,2026-10-04 16:45:53.337000+02:00,2026-10-04 16:49:00+02:00,2026-10-04 16:49:48+02:00,2026-10-04,16,Sunday,True,3.11105
20261004_144546,2026-10-04 14:45:53.337000+00:00,Luzern,local,ch:1:sloid:8450,"Luzern, Bahnhof",ch:1:sloid:8450::1,2026-10-04,ch:1:sjyid:100619:plan:03d2e67b-81f4-4fce-9257-9d679033ed5c,bus,Bus,7,7,25639,"Luzern, Unterlöchli",Horw Biregghof,A,,2026-10-04 14:50:00+00:00,2026-10-04 14:51:06+00:00,,True,1.1,2026-10-04 16:45:53.337000+02:00,2026-10-04 16:50:00+02:00,2026-10-04 16:51:06+02:00,2026-10-04,16,Sunday,True,4.1110500000000005
20261004_144546,2026-10-04 14:45:53.337000+00:00,Luzern,local,ch:1:sloid:8450,"Luzern, Bahnhof",ch:1:sloid:8450::2,2026-10-04,ch:1:sjyid:100619:plan:f9d3b891-ef2c-4e9b-8f86-8753dcdcd948,bus,Bus,8,8,29198,"Luzern, Hirtenhof",Würzenbach,B,,2026-10-04 14:52:00+00:00,2026-10-04 14:52:18+00:00,,True,0.3,2026-10-04 16:45:53.337000+02:00,2026-10-04 16:52:00+02:00,2026-10-04 16:52:18+02:00,2026-10-04,16,Sunday,True,6.1110500000000005
20261004_144546,2026-10-04 14:45:53.337000+00:00,Luzern,local,ch:1:sloid:8450,"Luzern, Bahnhof",ch:1:sloid:8450::15,2026-10-04,ch:1:sjyid:100602:fc06f5f3-690f-4c27-a141-b1696e3f44f0,bus,Bus,73,73,73147,"Luzern, Bahnhof",Udligenswil,U,,2026-10-04 14:52:00+00:00,2026-10-04 14:52:00+00:00,,True,0.0,2026-10-04 16:45:53.337000+02:00,2026-10-04 16:52:00+02:00,2026-10-04 16:52:00+02:00,2026-10-04,16,Sunday,True,6.1110500000000005
20261004_144546,2026-10-04 14:45:53.337000+00:00,Luzern,local,ch:1:sloid:8450,"Luzern, Bahnhof",ch:1:sloid:8450::2,2026-10-04,ch:1:sjyid:100619:plan:35b78743-2c78-4b50-8b27-2bbeaac6f0bf,bus,Bus,7,7,25630,"Horw, Biregghof",Unterlöchli,B,,2026-10-04 14:53:00+00:00,2026-10-04 14:54:06+00:00,,True,1.1,2026-10-04 16:45:53.337000+02:00,2026-10-04 16:53:00+02:00,2026-10-04 16:54:06+02:00,2026-10-04,16,Sunday,True,7.1110500000000005
20261004_144546,2026-10-04 14:45:53.337000+00:00,Luzern,local,ch:1:sloid:8450,"Luzern, Bahnhof",ch:1:sloid:8450::1,2026-10-04,ch:1:sjyid:100619:plan:f30a2194-5133-40e3-8289-17e1b4b0c13e,bus,Bus,1,1,3681,"Ebikon, Bahnhof",Obernau Dorf,A,,2026-10-04 14:53:00+00:00,2026-10-04 14:53:24+00:00,,True,0.4,2026-10-04 16:45:53.337000+02:00,2026-10-04 16:53:00+02:00,2026-10-04 16:53:24+02:00,2026-10-04,16,Sunday,True,7.1110500000000005
20261004_144546,2026-10-04 14:45:53.337000+00:00,Luzern,local,ch:1:sloid:8450,"Luzern, Bahnhof",ch:1:sloid:8450::2,2026-10-04,ch:1:sjyid:100619:plan:fb6e309e-d16b-4d1a-8bd7-2c4316ccafe9,bus,Bus,1,1,4534,"Obernau, Dorf",Ebikon Bahnhof,B,,2026-10-04 14:55:48+00:00,2026-10-04 14:56:00+00:00,,True,0.2,2026-10-04 16:45:53.337000+02:00,2026-10-04 16:55:48+02:00,2026-10-04 16:56:00+02:00,2026-10-04,16,Sunday,True,9.91105
20261004_144546,2026-10-04 14:45:53.337000+00:00,Luzern,local,ch:1:sloid:8450,"Luzern, Bahnhof",ch:1:sloid:8450::11,2026-10-04,ch:1:sjyid:100619:plan:02a0918a-4d10-49da-acf8-7b3096400f74,bus,Bus,19,19,45736,"Luzern, Bahnhof",Friedental,R,,2026-10-04 14:55:00+00:00,2026-10-04 14:55:00+00:00,,True,0.0,2026-10-04 16:45:53.337000+02:00,2026-10-04 16:55:00+02:00,2026-10-04 16:55:00+02:00,2026-10-04,16,Sunday,True,9.11105
20261004_144546,2026-10-04 14:45:53.337000+00:00,Luzern,local,ch:1:sloid:8450,"Luzern, Bahnhof",ch:1:sloid:8450::1,2026-10-04,ch:1:sjyid:100619:plan:066163b3-5354-40aa-aa2e-23f5f1b512e7,bus,Bus,8,8,29413,"Luzern, Würzenbach",Hirtenhof,A,,2026-10-04 14:55:00+00:00,2026-10-04 14:54:54+00:00,,True,-0.1,2026-10-04 16:45:53.337000+02:00,2026-10-04 16:55:00+02:00,2026-10-04 16:54:54+02:00,2026-10-04,16,Sunday,True,9.11105
20261004_144546,2026-10-04 14:45:53.337000+00:00,Luzern,local,ch:1:sloid:8450,"Luzern, Bahnhof",ch:1:sloid:8450::23,2026-10-04,ch:1:sjyid:100619:plan:7af71d1c-618a-4a14-b565-8ad2689877b0,bus,Bus,2,2,10231,"Luzern, Bahnhof",E'brücke Sprengi,Y,,2026-10-04 14:56:00+00:00,2026-10-04 14:56:30+00:00,,True,0.5,2026-10-04 16:45:53.337000+02:00,2026-10-04 16:56:00+02:00,2026-10-04 16:56:30+02:00,2026-10-04,16,Sunday,True,10.11105
20261004_144546,2026-10-04 14:45:53.337000+00:00,Luzern,local,ch:1:sloid:8450,"Luzern, Bahnhof",ch:1:sloid:8450::2,2026-10-04,ch:1:sjyid:100619:plan:f84a0e24-8fb9-4e63-893e-d65b5b924efc,bus,Bus,6,6,22002,"Luzern, Matthof",Büttenenhalde,B,,2026-10-04 14:59:00+00:00,2026-10-04 14:59:48+00:00,,True,0.8,2026-10-04 16:45:53.337000+02:00,2026-10-04 16:59:00+02:00,2026-10-04 16:59:48+02:00,2026-10-04,16,Sunday,True,13.11105
20261004_144546,2026-10-04 14:45:53.337000+00:00,Luzern,local,ch:1:sloid:8450,"Luzern, Bahnhof",ch:1:sloid:8450::2,2026-10-04,ch:1:sjyid:100619:plan:b8a2d491-9f89-40ce-b488-bddb3ed2f5bc,bus,Bus,14,14,39244,"Horw, Zentrum",Brüelstrasse,B,,2026-10-04 14:59:42+00:00,2026-10-04 15:01:06+00:00,,True,1.4,2026-10-04 16:45:53.337000+02:00,2026-10-04 16:59:42+02:00,2026-10-04 17:01:06+02:00,2026-10-04,16,Sunday,True,13.81105
20261004_144546,2026-10-04 14:45:53.337000+00:00,Luzern,local,ch:1:sloid:8450,"Luzern, Bahnhof",ch:1:sloid:8450::21,2026-10-04,ch:1:sjyid:100602:2f6de0f3-bc30-43fa-84e3-c3f47acc75f0,bus,Bus,72,72,72047,"Luzern, Bahnhof",Neuenkirch,P,,2026-10-04 15:00:00+00:00,,,False,,2026-10-04 16:45:53.337000+02:00,2026-10-04 17:00:00+02:00,,2026-10-04,17,Sunday,True,14.11105
20261004_144546,2026-10-04 14:45:53.337000+00:00,Luzern,local,ch:1:sloid:8450,"Luzern, Bahnhof",ch:1:sloid:8450::1,2026-10-04,ch:1:sjyid:100619:plan:43c4b6db-cae3-4807-80ac-39bb86b2815a,bus,Bus,1,1,3729,"Ebikon, Fildern",Obernau Dorf,A,,2026-10-04 15:00:00+00:00,2026-10-04 15:00:54+00:00,,True,0.9,2026-10-04 16:45:53.337000+02:00,2026-10-04 17:00:00+02:00,2026-10-04 17:00:54+02:00,2026-10-04,17,Sunday,True,14.11105
20261004_144546,2026-10-04 14:45:53.337000+00:00,Luzern,local,ch:1:sloid:8450,"Luzern, Bahnhof",ch:1:sloid:8450::16,2026-10-04,ch:1:sjyid:100619:plan:412daa2a-b31b-49a9-a944-b9d03be3ef7d,bus,Bus,4,4,15229,"Luzern, Bahnhof",Hubelmatt,V,,2026-10-04 15:00:00+00:00,2026-10-04 15:00:00+00:00,,True,0.0,2026-10-04 16:45:53.337000+02:00,2026-10-04 17:00:00+02:00,2026-10-04 17:00:00+02:00,2026-10-04,17,Sunday,True,14.11105
20261004_144546,2026-10-04 14:45:53.337000+00:00,Luzern,local,ch:1:sloid:8450,"Luzern, Bahnhof",ch:1:sloid:8450::1,2026-10-04,ch:1:sjyid:100619:plan:cd4506aa-6751-4f2e-8182-a4006dc4c449,bus,Bus,7,7,25675,"Luzern, Unterlöchli",Horw Biregghof,A,,2026-10-04 15:00:00+00:00,2026-10-04 15:00:00+00:00,,True,0.0,2026-10-04 16:45:53.337000+02:00,2026-10-04 17:00:00+02:00,2026-10-04 17:00:00+02:00,2026-10-04,17,Sunday,True,14.11105
20261004_144546,2026-10-04 14:45:53.337000+00:00,Luzern,local,ch:1:sloid:8450,"Luzern, Bahnhof",ch:1:sloid:8450::17,2026-10-04,ch:1:sjyid:100619:plan:e9efc4b7-f3ac-4456-b6dd-08b2f96e8bce,bus,Bus,10,10,32709,"Luzern, Bahnhof",Obergütsch,W,,2026-10-04 15:00:00+00:00,2026-10-04 15:00:00+00:00,,True,0.0,2026-10-04 16:45:53.337000+02:00,2026-10-04 17:00:00+02:00,2026-10-04 17:00:00+02:00,2026-10-04,17,Sunday,True,14.11105
20261004_144546,2026-10-04 14:45:53.337000+00:00,Luzern,local,ch:1:sloid:8450,"Luzern, Bahnhof",ch:1:sloid:8450::10,2026-10-04,ch:1:sjyid:100619:plan:211db355-fe78-4573-99c2-4499125f3ffa,bus,Bus,20,20,48951,"Luzern, Bahnhof",Horw Technikumstrasse,J,,2026-10-04 15:00:00+00:00,2026-10-04 15:00:00+00:00,,True,0.0,2026-10-04 16:45:53.337000+02:00,2026-10-04 17:00:00+02:00,2026-10-04 17:00:00+02:00,2026-10-04,17,Sunday,True,14.11105
20261004_144546,2026-10-04 14:45:53.337000+00:00,Luzern,local,ch:1:sloid:8450,"Luzern, Bahnhof",ch:1:sloid:8450::14,2026-10-04,ch:1:sjyid:100619:plan:6844cbeb-33b9-4474-98d7-1882d05507b3,bus,Bus,21,21,53313,"Luzern, Bahnhof",Kriens Busschleife,Q,,2026-10-04 15:00:00+00:00,2026-10-04 15:00:00+00:00,,True,0.0,2026-10-04 16:45:53.337000+02:00,2026-10-04 17:00:00+02:00,2026-10-04 17:00:00+02:00,2026-10-04,17,Sunday,True,14.11105
20261004_144546,2026-10-04 14:45:53.834000+00:00,St. Gallen,local,ch:1:sloid:74095,"St. Gallen, Bahnhof",ch:1:sloid:74095:0:894224,2026-10-04,ch:1:sjyid:100684:SKI-3220,bus,Bus,3,3,3220,"Abtwil SG, St. Josefen",Heiligkreuz,E,,2026-10-04 14:44:00+00:00,2026-10-04 14:49:06+00:00,,True,5.1,2026-10-04 16:45:53.834000+02:00,2026-10-04 16:44:00+02:00,2026-10-04 16:49:06+02:00,2026-10-04,16,Sunday,True,-1.8972333333333333
20261004_144546,2026-10-04 14:45:53.834000+00:00,St. Gallen,local,ch:1:sloid:74095,"St. Gallen, Bahnhof",ch:1:sloid:74095:0:989159,2026-10-04,ch:1:sjyid:100684:SKI-2375,bus,Bus,2,2,2375,"St. Gallen, Guggeien",Wolfganghof,A,,2026-10-04 14:45:00+00:00,2026-10-04 14:45:36+00:00,,True,0.6,2026-10-04 16:45:53.834000+02:00,2026-10-04 16:45:00+02:00,2026-10-04 16:45:36+02:00,2026-10-04,16,Sunday,True,-0.8972333333333334
20261004_144546,2026-10-04 14:45:53.834000+00:00,St. Gallen,local,ch:1:sloid:74095,"St. Gallen, Bahnhof",ch:1:sloid:74095:0:541287,2026-10-04,ch:1:sjyid:100684:SKI-8251,bus,Bus,8,8,8251,"St. Gallen, Neudorf/R'str.",Wendeplatz Stocken,H,,2026-10-04 14:45:00+00:00,2026-10-04 14:47:48+00:00,,True,2.8,2026-10-04 16:45:53.834000+02:00,2026-10-04 16:45:00+02:00,2026-10-04 16:47:48+02:00,2026-10-04,16,Sunday,True,-0.8972333333333334
20261004_144546,2026-10-04 14:45:53.834000+00:00,St. Gallen,local,ch:1:sloid:74095,"St. Gallen, Bahnhof",ch:1:sloid:74095:0:886128,2026-10-04,ch:1:sjyid:100602:19c49c76-2eaa-4501-bda9-3bc915236dc4,bus,Bus,200,200,20090,"St. Gallen, Bahnhof",Wittenbach  Arbon,G,,2026-10-04 14:45:00+00:00,2026-10-04 14:45:00+00:00,,True,0.0,2026-10-04 16:45:53.834000+02:00,2026-10-04 16:45:00+02:00,2026-10-04 16:45:00+02:00,2026-10-04,16,Sunday,True,-0.8972333333333334
20261004_144546,2026-10-04 14:45:53.834000+00:00,St. Gallen,local,ch:1:sloid:74095,"St. Gallen, Bahnhof",ch:1:sloid:74095:0:888081,2026-10-04,ch:1:sjyid:100695:d217d18d-ed14-4034-8248-58e681508db7,bus,Bus,151,151,51194,"St. Gallen, Bahnhof",Gossau Bhf,F,,2026-10-04 14:45:00+00:00,2026-10-04 14:45:00+00:00,,True,0.0,2026-10-04 16:45:53.834000+02:00,2026-10-04 16:45:00+02:00,2026-10-04 16:45:00+02:00,2026-10-04,16,Sunday,True,-0.8972333333333334
20261004_144546,2026-10-04 14:45:53.834000+00:00,St. Gallen,local,ch:1:sloid:74095,"St. Gallen, Bahnhof",ch:1:sloid:74095:0:541287,2026-10-04,ch:1:sjyid:100684:SKI-6395,bus,Bus,6,6,6395,"St. Gallen, Heiligkreuz",Bach St.Georgen,H,,2026-10-04 14:48:00+00:00,2026-10-04 14:50:48+00:00,,True,2.8,2026-10-04 16:45:53.834000+02:00,2026-10-04 16:48:00+02:00,2026-10-04 16:50:48+02:00,2026-10-04,16,Sunday,True,2.1027666666666667
20261004_144546,2026-10-04 14:45:53.834000+00:00,St. Gallen,local,ch:1:sloid:74095,"St. Gallen, Bahnhof",ch:1:sloid:74095:0:181274,2026-10-04,ch:1:sjyid:100684:SKI-1380,bus,Bus,1,1,1380,"St. Gallen, Wolfganghof",Stephanshorn,B,,2026-10-04 14:48:00+00:00,2026-10-04 14:48:00+00:00,,True,0.0,2026-10-04 16:45:53.834000+02:00,2026-10-04 16:48:00+02:00,2026-10-04 16:48:00+02:00,2026-10-04,16,Sunday,True,2.1027666666666667
20261004_144546,2026-10-04 14:45:53.834000+00:00,St. Gallen,local,ch:1:sloid:74095,"St. Gallen, Bahnhof",ch:1:sloid:74095:0:606657,2026-10-04,ch:1:sjyid:100684:SKI-10216,bus,Bus,10,10,10216,"St. Gallen, Bahnhof",Röteli,I,,2026-10-04 14:51:00+00:00,2026-10-04 14:51:00+00:00,,True,0.0,2026-10-04 16:45:53.834000+02:00,2026-10-04 16:51:00+02:00,2026-10-04 16:51:00+02:00,2026-10-04,16,Sunday,True,5.102766666666667
20261004_144546,2026-10-04 14:45:53.834000+00:00,St. Gallen,local,ch:1:sloid:74095,"St. Gallen, Bahnhof",ch:1:sloid:74095:0:989159,2026-10-04,ch:1:sjyid:100684:SKI-1391,bus,Bus,1,1,1391,"St. Gallen, Stephanshorn",Winkeln,A,,2026-10-04 14:53:00+00:00,2026-10-04 14:53:00+00:00,,True,0.0,2026-10-04 16:45:53.834000+02:00,2026-10-04 16:53:00+02:00,2026-10-04 16:53:00+02:00,2026-10-04,16,Sunday,True,7.102766666666667
20261004_144546,2026-10-04 14:45:53.834000+00:00,St. Gallen,local,ch:1:sloid:74095,"St. Gallen, Bahnhof",ch:1:sloid:74095:0:606657,2026-10-04,ch:1:sjyid:100684:SKI-5378,bus,Bus,5,5,5378,"St. Gallen, Riethüsli",Rotmonten,I,,2026-10-04 14:53:00+00:00,2026-10-04 14:53:00+00:00,,True,0.0,2026-10-04 16:45:53.834000+02:00,2026-10-04 16:53:00+02:00,2026-10-04 16:53:00+02:00,2026-10-04,16,Sunday,True,7.102766666666667
20261004_144546,2026-10-04 14:45:53.834000+00:00,St. Gallen,local,ch:1:sloid:74095,"St. Gallen, Bahnhof",ch:1:sloid:74095:0:181274,2026-10-04,ch:1:sjyid:100684:SKI-2386,bus,Bus,2,2,2386,"St. Gallen, Winkeln",Guggeien,B,,2026-10-04 14:55:00+00:00,2026-10-04 14:55:00+00:00,,True,0.0,2026-10-04 16:45:53.834000+02:00,2026-10-04 16:55:00+02:00,2026-10-04 16:55:00+02:00,2026-10-04,16,Sunday,True,9.102766666666668
20261004_144546,2026-10-04 14:45:53.834000+00:00,St. Gallen,local,ch:1:sloid:74095,"St. Gallen, Bahnhof",ch:1:sloid:74095:0:541287,2026-10-04,ch:1:sjyid:100684:SKI-5389,bus,Bus,5,5,5389,"St. Gallen, Rotmonten",Riethüsli,H,,2026-10-04 14:56:00+00:00,2026-10-04 14:56:00+00:00,,True,0.0,2026-10-04 16:45:53.834000+02:00,2026-10-04 16:56:00+02:00,2026-10-04 16:56:00+02:00,2026-10-04,16,Sunday,True,10.102766666666668
20261004_144546,2026-10-04 14:45:53.834000+00:00,St. Gallen,local,ch:1:sloid:74095,"St. Gallen, Bahnhof",ch:1:sloid:74095:0:943524,2026-10-04,ch:1:sjyid:100684:SKI-11122,bus,Bus,11,11,11122,"St. Gallen, Bahnhof","Wit., Abacus-Platz",J,,2026-10-04 14:57:00+00:00,2026-10-04 14:57:00+00:00,,True,0.0,2026-10-04 16:45:53.834000+02:00,2026-10-04 16:57:00+02:00,2026-10-04 16:57:00+02:00,2026-10-04,16,Sunday,True,11.102766666666668
20261004_144546,2026-10-04 14:45:53.834000+00:00,St. Gallen,local,ch:1:sloid:74095,"St. Gallen, Bahnhof",ch:1:sloid:74095:0:482413,2026-10-04,ch:1:sjyid:100602:26125c59-0657-4ca2-92be-86ba53836219,bus,Bus,120,120,12082,"Engelburg, Dorfplatz",Heiden,D,,2026-10-04 14:57:00+00:00,2026-10-04 14:57:00+00:00,,True,0.0,2026-10-04 16:45:53.834000+02:00,2026-10-04 16:57:00+02:00,2026-10-04 16:57:00+02:00,2026-10-04,16,Sunday,True,11.102766666666668
20261004_144546,2026-10-04 14:45:53.834000+00:00,St. Gallen,local,ch:1:sloid:74095,"St. Gallen, Bahnhof",ch:1:sloid:74095:0:606657,2026-10-04,ch:1:sjyid:100684:SKI-8240,bus,Bus,8,8,8240,"St. Gallen, Wendeplatz Stocken",Neudorf / R'str.,I,,2026-10-04 14:57:00+00:00,2026-10-04 14:58:54+00:00,,True,1.9,2026-10-04 16:45:53.834000+02:00,2026-10-04 16:57:00+02:00,2026-10-04 16:58:54+02:00,2026-10-04,16,Sunday,True,11.102766666666668
20261004_144546,2026-10-04 14:45:53.834000+00:00,St. Gallen,local,ch:1:sloid:74095,"St. Gallen, Bahnhof",ch:1:sloid:74095:0:606657,2026-10-04,ch:1:sjyid:100684:SKI-9232,bus,Bus,9,9,9232,"St. Gallen, Hölzli",Sonne,I,,2026-10-04 14:58:00+00:00,2026-10-04 14:58:00+00:00,,True,0.0,2026-10-04 16:45:53.834000+02:00,2026-10-04 16:58:00+02:00,2026-10-04 16:58:00+02:00,2026-10-04,16,Sunday,True,12.102766666666668
20261004_144546,2026-10-04 14:45:53.834000+00:00,St. Gallen,local,ch:1:sloid:74095,"St. Gallen, Bahnhof",ch:1:sloid:74095:0:894224,2026-10-04,ch:1:sjyid:100684:SKI-6384,bus,Bus,6,6,6384,"St. Gallen, Bach St. Georgen",Heiligkreuz,E,,2026-10-04 14:58:00+00:00,2026-10-04 14:58:00+00:00,,True,0.0,2026-10-04 16:45:53.834000+02:00,2026-10-04 16:58:00+02:00,2026-10-04 16:58:00+02:00,2026-10-04,16,Sunday,True,12.102766666666668
20261004_144546,2026-10-04 14:45:53.834000+00:00,St. Gallen,local,ch:1:sloid:74095,"St. Gallen, Bahnhof",ch:1:sloid:74095:0:888081,2026-10-04,ch:1:sjyid:100684:SKI-4231,bus,Bus,4,4,4231,"Wittenbach, Bahnhof","Abtwil SG, St.Josefen",F,,2026-10-04 14:59:00+00:00,2026-10-04 14:59:00+00:00,,True,0.0,2026-10-04 16:45:53.834000+02:00,2026-10-04 16:59:00+02:00,2026-10-04 16:59:00+02:00,2026-10-04,16,Sunday,True,13.102766666666668
20261004_144546,2026-10-04 14:45:53.834000+00:00,St. Gallen,local,ch:1:sloid:74095,"St. Gallen, Bahnhof",ch:1:sloid:74095:0:894224,2026-10-04,ch:1:sjyid:100684:SKI-4234,bus,Bus,4,4,4234,"Abtwil SG, St. Josefen","Wittenbach, Bahnhof",E,,2026-10-04 14:59:00+00:00,2026-10-04 14:59:54+00:00,,True,0.9,2026-10-04 16:45:53.834000+02:00,2026-10-04 16:59:00+02:00,2026-10-04 16:59:54+02:00,2026-10-04,16,Sunday,True,13.102766666666668
20261004_144546,2026-10-04 14:45:53.834000+00:00,St. Gallen,local,ch:1:sloid:74095,"St. Gallen, Bahnhof",ch:1:sloid:74095:0:989159,2026-10-04,ch:1:sjyid:100684:SKI-2385,bus,Bus,2,2,2385,"St. Gallen, Guggeien",Wolfganghof,A,,2026-10-04 15:00:00+00:00,2026-10-04 15:00:00+00:00,,True,0.0,2026-10-04 16:45:53.834000+02:00,2026-10-04 17:00:00+02:00,2026-10-04 17:00:00+02:00,2026-10-04,17,Sunday,True,14.102766666666668
20261004_144546,2026-10-04 14:45:53.834000+00:00,St. Gallen,local,ch:1:sloid:74095,"St. Gallen, Bahnhof",ch:1:sloid:74095:0:174964,2026-10-04,ch:1:sjyid:100684:SKI-9239,bus,Bus,9,9,9239,"St. Gallen, Rotmonten",Hölzli,C,,2026-10-04 15:00:00+00:00,2026-10-04 15:00:00+00:00,,True,0.0,2026-10-04 16:45:53.834000+02:00,2026-10-04 17:00:00+02:00,2026-10-04 17:00:00+02:00,2026-10-04,17,Sunday,True,14.102766666666668
20261004_144546,2026-10-04 14:45:53.834000+00:00,St. Gallen,local,ch:1:sloid:74095,"St. Gallen, Bahnhof",ch:1:sloid:74095:0:541287,2026-10-04,ch:1:sjyid:100684:SKI-7265,bus,Bus,7,7,7265,"St. Gallen, Neudorf/R'str.",Hinterberg,H,,2026-10-04 15:00:00+00:00,2026-10-04 15:00:00+00:00,,True,0.0,2026-10-04 16:45:53.834000+02:00,2026-10-04 17:00:00+02:00,2026-10-04 17:00:00+02:00,2026-10-04,17,Sunday,True,14.102766666666668
20261004_144546,2026-10-04 14:45:53.834000+00:00,St. Gallen,local,ch:1:sloid:74095,"St. Gallen, Bahnhof",ch:1:sloid:74095:0:886128,2026-10-04,ch:1:sjyid:100602:978f66db-8153-4836-b53a-c83bbb94231a,bus,Bus,210,210,31046,"St. Gallen, Bahnhof",Arbon,G,,2026-10-04 15:00:00+00:00,2026-10-04 15:00:00+00:00,,True,0.0,2026-10-04 16:45:53.834000+02:00,2026-10-04 17:00:00+02:00,2026-10-04 17:00:00+02:00,2026-10-04,17,Sunday,True,14.102766666666668
20261004_144546,2026-10-04 14:45:53.834000+00:00,St. Gallen,local,ch:1:sloid:74095,"St. Gallen, Bahnhof",ch:1:sloid:74095:0:181274,2026-10-04,ch:1:sjyid:100684:SKI-1388,bus,Bus,1,1,1388,"St. Gallen, Wolfganghof",Stephanshorn,B,,2026-10-04 15:03:00+00:00,2026-10-04 15:03:00+00:00,,True,0.0,2026-10-04 16:45:53.834000+02:00,2026-10-04 17:03:00+02:00,2026-10-04 17:03:00+02:00,2026-10-04,17,Sunday,True,17.102766666666664
20261004_144546,2026-10-04 14:45:53.834000+00:00,St. Gallen,local,ch:1:sloid:74095,"St. Gallen, Bahnhof",ch:1:sloid:74095:0:541287,2026-10-04,ch:1:sjyid:100684:SKI-10145,bus,Bus,10,10,10145,"St. Gallen, Röteli",Oberhofstetten,H,,2026-10-04 15:04:00+00:00,2026-10-04 15:04:00+00:00,,True,0.0,2026-10-04 16:45:53.834000+02:00,2026-10-04 17:04:00+02:00,2026-10-04 17:04:00+02:00,2026-10-04,17,Sunday,True,18.102766666666664
20261004_144546,2026-10-04 14:45:53.834000+00:00,St. Gallen,local,ch:1:sloid:74095,"St. Gallen, Bahnhof",ch:1:sloid:74095:0:174964,2026-10-04,ch:1:sjyid:100602:5aa8b954-60a3-4ab8-b98a-0cf0460bcbeb,bus,Bus,120,120,12087,"Heiden, Post",Engelburg,C,,2026-10-04 15:06:00+00:00,2026-10-04 15:06:00+00:00,,True,0.0,2026-10-04 16:45:53.834000+02:00,2026-10-04 17:06:00+02:00,2026-10-04 17:06:00+02:00,2026-10-04,17,Sunday,True,20.102766666666664
20261004_144546,2026-10-04 14:45:53.834000+00:00,St. Gallen,local,ch:1:sloid:74095,"St. Gallen, Bahnhof",ch:1:sloid:74095:0:989159,2026-10-04,ch:1:sjyid:100684:SKI-1397,bus,Bus,1,1,1397,"St. Gallen, Stephanshorn",Winkeln,A,,2026-10-04 15:08:00+00:00,2026-10-04 15:08:00+00:00,,True,0.0,2026-10-04 16:45:53.834000+02:00,2026-10-04 17:08:00+02:00,2026-10-04 17:08:00+02:00,2026-10-04,17,Sunday,True,22.102766666666664
20261004_144546,2026-10-04 14:45:53.834000+00:00,St. Gallen,local,ch:1:sloid:74095,"St. Gallen, Bahnhof",ch:1:sloid:74095:0:541287,2026-10-04,ch:1:sjyid:100684:SKI-6405,bus,Bus,6,6,6405,"St. Gallen, Heiligkreuz",Bach St.Georgen,H,,2026-10-04 15:08:00+00:00,2026-10-04 15:08:00+00:00,,True,0.0,2026-10-04 16:45:53.834000+02:00,2026-10-04 17:08:00+02:00,2026-10-04 17:08:00+02:00,2026-10-04,17,Sunday,True,22.102766666666664
20261004_144546,2026-10-04 14:45:53.834000+00:00,St. Gallen,local,ch:1:sloid:74095,"St. Gallen, Bahnhof",ch:1:sloid:74095:0:181274,2026-10-04,ch:1:sjyid:100684:SKI-2394,bus,Bus,2,2,2394,"St. Gallen, Winkeln",Guggeien,B,,2026-10-04 15:10:00+00:00,2026-10-04 15:10:00+00:00,,True,0.0,2026-10-04 16:45:53.834000+02:00,2026-10-04 17:10:00+02:00,2026-10-04 17:10:00+02:00,2026-10-04,17,Sunday,True,24.102766666666664
20261004_144546,2026-10-04 14:45:53.834000+00:00,St. Gallen,local,ch:1:sloid:74095,"St. Gallen, Bahnhof",ch:1:sloid:74095:0:606657,2026-10-04,ch:1:sjyid:100684:SKI-7250,bus,Bus,7,7,7250,"St. Gallen, Hinterberg",Neudorf / R'str.,I,,2026-10-04 15:12:00+00:00,2026-10-04 15:12:00+00:00,,True,0.0,2026-10-04 16:45:53.834000+02:00,2026-10-04 17:12:00+02:00,2026-10-04 17:12:00+02:00,2026-10-04,17,Sunday,True,26.102766666666664
20261004_144546,2026-10-04 14:45:54.323000+00:00,Lausanne,local,ch:1:sloid:92050,"Lausanne, gare",ch:1:sloid:92050:0:2814,2026-10-04,ch:1:sjyid:100122:plan1:2026_ATT5-21-50-Dimanche-21-10018013,bus,Bus,21,21,21074,"Paudex, Verrière",Blécherette,D,,2026-10-04 14:45:00+00:00,2026-10-04 14:47:00+00:00,,True,2.0,2026-10-04 16:45:54.323000+02:00,2026-10-04 16:45:00+02:00,2026-10-04 16:47:00+02:00,2026-10-04,16,Sunday,True,-0.9053833333333333
20261004_144546,2026-10-04 14:45:54.323000+00:00,Lausanne,local,ch:1:sloid:92050,"Lausanne, gare",ch:1:sloid:92050:0:1096,2026-10-04,ch:1:sjyid:100122:plan2:m2_0085,metro,Metro,m2,m2,720085,"Lausanne, Ouchy-Olympique","Epalinges, Croisettes",,,2026-10-04 14:47:00+00:00,,,False,,2026-10-04 16:45:54.323000+02:00,2026-10-04 16:47:00+02:00,,2026-10-04,16,Sunday,True,1.0946166666666668
20261004_144546,2026-10-04 14:45:54.323000+00:00,Lausanne,local,ch:1:sloid:92050,"Lausanne, gare",ch:1:sloid:92050:0:1101,2026-10-04,ch:1:sjyid:100122:plan2:m2_0240,metro,Metro,m2,m2,720240,"Epalinges, Croisettes","Lausanne, Ouchy-Olympique",,,2026-10-04 14:48:00+00:00,,,False,,2026-10-04 16:45:54.323000+02:00,2026-10-04 16:48:00+02:00,,2026-10-04,16,Sunday,True,2.0946166666666666
20261004_144546,2026-10-04 14:45:54.323000+00:00,Lausanne,local,ch:1:sloid:92050,"Lausanne, gare",ch:1:sloid:92050:0:2893,2026-10-04,ch:1:sjyid:100122:plan1:2026_ATT5-21-50-Dimanche-21-10018078,bus,Bus,21,21,21182,"Lausanne, Blécherette",Verrière,A,,2026-10-04 14:48:00+00:00,2026-10-04 14:52:18+00:00,,True,4.3,2026-10-04 16:45:54.323000+02:00,2026-10-04 16:48:00+02:00,2026-10-04 16:52:18+02:00,2026-10-04,16,Sunday,True,2.0946166666666666
20261004_144546,2026-10-04 14:45:54.323000+00:00,Lausanne,local,ch:1:sloid:92050,"Lausanne, gare",ch:1:sloid:92050:0:2893,2026-10-04,ch:1:sjyid:100122:plan1:2026_ATT4-01-40-Dimanche-1-9845956,bus,Bus,1,1,1074,"Lausanne, Maladière",Blécherette,A,,2026-10-04 14:49:00+00:00,2026-10-04 14:50:06+00:00,,True,1.1,2026-10-04 16:45:54.323000+02:00,2026-10-04 16:49:00+02:00,2026-10-04 16:50:06+02:00,2026-10-04,16,Sunday,True,3.0946166666666666
20261004_144546,2026-10-04 14:45:54.323000+00:00,Lausanne,local,ch:1:sloid:92050,"Lausanne, gare",ch:1:sloid:92050:0:2814,2026-10-04,ch:1:sjyid:100122:plan1:2026_ATT2-03-20-Dimanche-3-9715421,bus,Bus,3,3,3070,"Lausanne, gare",Maillefer,D,,2026-10-04 14:50:00+00:00,2026-10-04 14:50:00+00:00,,True,0.0,2026-10-04 16:45:54.323000+02:00,2026-10-04 16:50:00+02:00,2026-10-04 16:50:00+02:00,2026-10-04,16,Sunday,True,4.094616666666666
20261004_144546,2026-10-04 14:45:54.323000+00:00,Lausanne,local,ch:1:sloid:92050,"Lausanne, gare",ch:1:sloid:92050:0:2892,2026-10-04,ch:1:sjyid:100122:plan1:2026_ATT4-01-40-Dimanche-1-9845891,bus,Bus,1,1,1177,"Lausanne, Blécherette",Maladière,B,,2026-10-04 14:51:00+00:00,2026-10-04 14:53:30+00:00,,True,2.5,2026-10-04 16:45:54.323000+02:00,2026-10-04 16:51:00+02:00,2026-10-04 16:53:30+02:00,2026-10-04,16,Sunday,True,5.094616666666667
20261004_144546,2026-10-04 14:45:54.323000+00:00,Lausanne,local,ch:1:sloid:92050,"Lausanne, gare",ch:1:sloid:92050:0:1096,2026-10-04,ch:1:sjyid:100122:plan2:m2_0381,metro,Metro,m2,m2,720381,"Lausanne, Ouchy-Olympique","Epalinges, Croisettes",,,2026-10-04 14:52:00+00:00,,,False,,2026-10-04 16:45:54.323000+02:00,2026-10-04 16:52:00+02:00,,2026-10-04,16,Sunday,True,6.094616666666667
20261004_144546,2026-10-04 14:45:54.323000+00:00,Lausanne,local,ch:1:sloid:92050,"Lausanne, gare",ch:1:sloid:92050:0:1101,2026-10-04,ch:1:sjyid:100122:plan2:m2_0342,metro,Metro,m2,m2,720342,"Epalinges, Croisettes","Lausanne, Ouchy-Olympique",,,2026-10-04 14:53:00+00:00,,,False,,2026-10-04 16:45:54.323000+02:00,2026-10-04 16:53:00+02:00,,2026-10-04,16,Sunday,True,7.094616666666667
20261004_144546,2026-10-04 14:45:54.323000+00:00,Lausanne,local,ch:1:sloid:92050,"Lausanne, gare",ch:1:sloid:92050:0:2814,2026-10-04,ch:1:sjyid:100122:plan1:2026_ATT5-21-50-Dimanche-21-10018014,bus,Bus,21,21,21075,"Paudex, Verrière",Blécherette,D,,2026-10-04 14:55:00+00:00,2026-10-04 14:56:00+00:00,,True,1.0,2026-10-04 16:45:54.323000+02:00,2026-10-04 16:55:00+02:00,2026-10-04 16:56:00+02:00,2026-10-04,16,Sunday,True,9.094616666666667
20261004_144546,2026-10-04 14:45:54.323000+00:00,Lausanne,local,ch:1:sloid:92050,"Lausanne, gare",ch:1:sloid:92050:0:1096,2026-10-04,ch:1:sjyid:100122:plan2:m2_0189,metro,Metro,m2,m2,720189,"Lausanne, Ouchy-Olympique","Epalinges, Croisettes",,,2026-10-04 14:57:00+00:00,,,False,,2026-10-04 16:45:54.323000+02:00,2026-10-04 16:57:00+02:00,,2026-10-04,16,Sunday,True,11.094616666666667
20261004_144546,2026-10-04 14:45:54.323000+00:00,Lausanne,local,ch:1:sloid:92050,"Lausanne, gare",ch:1:sloid:92050:0:2815,2026-10-04,ch:1:sjyid:100122:plan1:2026_ATT3-20-30-Dimanche-20-9772146,bus,Bus,20,20,20042,"Lausanne, gare",Blécherette,C,,2026-10-04 14:58:00+00:00,2026-10-04 14:58:00+00:00,,True,0.0,2026-10-04 16:45:54.323000+02:00,2026-10-04 16:58:00+02:00,2026-10-04 16:58:00+02:00,2026-10-04,16,Sunday,True,12.094616666666667
20261004_144546,2026-10-04 14:45:54.323000+00:00,Lausanne,local,ch:1:sloid:92050,"Lausanne, gare",ch:1:sloid:92050:0:1101,2026-10-04,ch:1:sjyid:100122:plan2:m2_0138,metro,Metro,m2,m2,720138,"Epalinges, Croisettes","Lausanne, Ouchy-Olympique",,,2026-10-04 14:58:00+00:00,,,False,,2026-10-04 16:45:54.323000+02:00,2026-10-04 16:58:00+02:00,,2026-10-04,16,Sunday,True,12.094616666666667
20261004_144546,2026-10-04 14:45:54.323000+00:00,Lausanne,local,ch:1:sloid:92050,"Lausanne, gare",ch:1:sloid:92050:0:2893,2026-10-04,ch:1:sjyid:100122:plan1:2026_ATT5-21-50-Dimanche-21-10018079,bus,Bus,21,21,21183,"Lausanne, Blécherette",Verrière,A,,2026-10-04 14:58:00+00:00,2026-10-04 14:59:06+00:00,,True,1.1,2026-10-04 16:45:54.323000+02:00,2026-10-04 16:58:00+02:00,2026-10-04 16:59:06+02:00,2026-10-04,16,Sunday,True,12.094616666666667
20261004_144546,2026-10-04 14:45:54.323000+00:00,Lausanne,local,ch:1:sloid:92050,"Lausanne, gare",ch:1:sloid:92050:0:2893,2026-10-04,ch:1:sjyid:100122:plan1:2026_ATT4-01-40-Dimanche-1-9845957,bus,Bus,1,1,1075,"Lausanne, Maladière",Blécherette,A,,2026-10-04 14:59:00+00:00,2026-10-04 15:00:12+00:00,,True,1.2,2026-10-04 16:45:54.323000+02:00,2026-10-04 16:59:00+02:00,2026-10-04 17:00:12+02:00,2026-10-04,16,Sunday,True,13.094616666666667
20261004_144546,2026-10-04 14:45:54.323000+00:00,Lausanne,local,ch:1:sloid:92050,"Lausanne, gare",ch:1:sloid:92050:0:2814,2026-10-04,ch:1:sjyid:100122:plan1:2026_ATT2-03-20-Dimanche-3-9715422,bus,Bus,3,3,3071,"Lausanne, gare",Maillefer,D,,2026-10-04 15:00:00+00:00,2026-10-04 15:00:00+00:00,,True,0.0,2026-10-04 16:45:54.323000+02:00,2026-10-04 17:00:00+02:00,2026-10-04 17:00:00+02:00,2026-10-04,17,Sunday,True,14.094616666666667
20261004_144546,2026-10-04 14:45:54.323000+00:00,Lausanne,local,ch:1:sloid:92050,"Lausanne, gare",ch:1:sloid:92050:0:2892,2026-10-04,ch:1:sjyid:100122:plan1:2026_ATT4-01-40-Dimanche-1-9845892,bus,Bus,1,1,1178,"Lausanne, Blécherette",Maladière,B,,2026-10-04 15:01:00+00:00,2026-10-04 15:02:30+00:00,,True,1.5,2026-10-04 16:45:54.323000+02:00,2026-10-04 17:01:00+02:00,2026-10-04 17:02:30+02:00,2026-10-04,17,Sunday,True,15.094616666666667
20261004_144546,2026-10-04 14:45:54.323000+00:00,Lausanne,local,ch:1:sloid:92050,"Lausanne, gare",ch:1:sloid:92050:0:1096,2026-10-04,ch:1:sjyid:100122:plan2:m2_0241,metro,Metro,m2,m2,720241,"Lausanne, Ouchy-Olympique","Epalinges, Croisettes",,,2026-10-04 15:02:00+00:00,,,False,,2026-10-04 16:45:54.323000+02:00,2026-10-04 17:02:00+02:00,,2026-10-04,17,Sunday,True,16.094616666666667
20261004_144546,2026-10-04 14:45:54.323000+00:00,Lausanne,local,ch:1:sloid:92050,"Lausanne, gare",ch:1:sloid:92050:0:1101,2026-10-04,ch:1:sjyid:100122:plan2:m2_0420,metro,Metro,m2,m2,720420,"Epalinges, Croisettes","Lausanne, Ouchy-Olympique",,,2026-10-04 15:03:00+00:00,,,False,,2026-10-04 16:45:54.323000+02:00,2026-10-04 17:03:00+02:00,,2026-10-04,17,Sunday,True,17.094616666666663
20261004_144546,2026-10-04 14:45:54.323000+00:00,Lausanne,local,ch:1:sloid:92050,"Lausanne, gare",ch:1:sloid:92050:0:2814,2026-10-04,ch:1:sjyid:100122:plan1:2026_ATT5-21-50-Dimanche-21-10018015,bus,Bus,21,21,21076,"Paudex, Verrière",Blécherette,D,,2026-10-04 15:05:00+00:00,2026-10-04 15:05:00+00:00,,True,0.0,2026-10-04 16:45:54.323000+02:00,2026-10-04 17:05:00+02:00,2026-10-04 17:05:00+02:00,2026-10-04,17,Sunday,True,19.094616666666663
20261004_144546,2026-10-04 14:45:54.323000+00:00,Lausanne,local,ch:1:sloid:92050,"Lausanne, gare",ch:1:sloid:92050:0:1096,2026-10-04,ch:1:sjyid:100122:plan2:m2_0343,metro,Metro,m2,m2,720343,"Lausanne, Ouchy-Olympique","Epalinges, Croisettes",,,2026-10-04 15:07:00+00:00,,,False,,2026-10-04 16:45:54.323000+02:00,2026-10-04 17:07:00+02:00,,2026-10-04,17,Sunday,True,21.094616666666663
20261004_144546,2026-10-04 14:45:54.323000+00:00,Lausanne,local,ch:1:sloid:92050,"Lausanne, gare",ch:1:sloid:92050:0:1101,2026-10-04,ch:1:sjyid:100122:plan2:m2_0292,metro,Metro,m2,m2,720292,"Epalinges, Croisettes","Lausanne, Ouchy-Olympique",,,2026-10-04 15:08:00+00:00,,,False,,2026-10-04 16:45:54.323000+02:00,2026-10-04 17:08:00+02:00,,2026-10-04,17,Sunday,True,22.094616666666663
20261004_144546,2026-10-04 14:45:54.323000+00:00,Lausanne,local,ch:1:sloid:92050,"Lausanne, gare",ch:1:sloid:92050:0:2893,2026-10-04,ch:1:sjyid:100122:plan1:2026_ATT5-21-50-Dimanche-21-10018080,bus,Bus,21,21,21184,"Lausanne, Blécherette",Verrière,A,,2026-10-04 15:08:00+00:00,2026-10-04 15:08:00+00:00,,True,0.0,2026-10-04 16:45:54.323000+02:00,2026-10-04 17:08:00+02:00,2026-10-04 17:08:00+02:00,2026-10-04,17,Sunday,True,22.094616666666663
20261004_144546,2026-10-04 14:45:54.323000+00:00,Lausanne,local,ch:1:sloid:92050,"Lausanne, gare",ch:1:sloid:92050:0:2893,2026-10-04,ch:1:sjyid:100122:plan1:2026_ATT4-01-40-Dimanche-1-9845958,bus,Bus,1,1,1076,"Lausanne, Maladière",Blécherette,A,,2026-10-04 15:09:00+00:00,2026-10-04 15:09:00+00:00,,True,0.0,2026-10-04 16:45:54.323000+02:00,2026-10-04 17:09:00+02:00,2026-10-04 17:09:00+02:00,2026-10-04,17,Sunday,True,23.094616666666663
20261004_144546,2026-10-04 14:45:54.323000+00:00,Lausanne,local,ch:1:sloid:92050,"Lausanne, gare",ch:1:sloid:92050:0:2814,2026-10-04,ch:1:sjyid:100122:plan1:2026_ATT2-03-20-Dimanche-3-9715423,bus,Bus,3,3,3072,"Lausanne, gare",Maillefer,D,,2026-10-04 15:10:00+00:00,2026-10-04 15:10:00+00:00,,True,0.0,2026-10-04 16:45:54.323000+02:00,2026-10-04 17:10:00+02:00,2026-10-04 17:10:00+02:00,2026-10-04,17,Sunday,True,24.094616666666663
20261004_144546,2026-10-04 14:45:54.323000+00:00,Lausanne,local,ch:1:sloid:92050,"Lausanne, gare",ch:1:sloid:92050:0:2892,2026-10-04,ch:1:sjyid:100122:plan1:2026_ATT4-01-40-Dimanche-1-9845893,bus,Bus,1,1,1179,"Lausanne, Blécherette",Maladière,B,,2026-10-04 15:11:00+00:00,2026-10-04 15:11:00+00:00,,True,0.0,2026-10-04 16:45:54.323000+02:00,2026-10-04 17:11:00+02:00,2026-10-04 17:11:00+02:00,2026-10-04,17,Sunday,True,25.094616666666663
20261004_144546,2026-10-04 14:45:54.323000+00:00,Lausanne,local,ch:1:sloid:92050,"Lausanne, gare",ch:1:sloid:92050:0:1096,2026-10-04,ch:1:sjyid:100122:plan2:m2_0139,metro,Metro,m2,m2,720139,"Lausanne, Ouchy-Olympique","Epalinges, Croisettes",,,2026-10-04 15:12:00+00:00,,,False,,2026-10-04 16:45:54.323000+02:00,2026-10-04 17:12:00+02:00,,2026-10-04,17,Sunday,True,26.094616666666663
20261004_144546,2026-10-04 14:45:54.323000+00:00,Lausanne,local,ch:1:sloid:92050,"Lausanne, gare",ch:1:sloid:92050:0:2815,2026-10-04,ch:1:sjyid:100122:plan1:2026_ATT3-20-30-Dimanche-20-9772147,bus,Bus,20,20,20043,"Lausanne, gare",Blécherette,C,,2026-10-04 15:13:00+00:00,2026-10-04 15:13:00+00:00,,True,0.0,2026-10-04 16:45:54.323000+02:00,2026-10-04 17:13:00+02:00,2026-10-04 17:13:00+02:00,2026-10-04,17,Sunday,True,27.094616666666663
20261004_144546,2026-10-04 14:45:54.323000+00:00,Lausanne,local,ch:1:sloid:92050,"Lausanne, gare",ch:1:sloid:92050:0:1101,2026-10-04,ch:1:sjyid:100122:plan2:m2_0034,metro,Metro,m2,m2,720034,"Epalinges, Croisettes","Lausanne, Ouchy-Olympique",,,2026-10-04 15:13:00+00:00,,,False,,2026-10-04 16:45:54.323000+02:00,2026-10-04 17:13:00+02:00,,2026-10-04,17,Sunday,True,27.094616666666663
20261004_144546,2026-10-04 14:45:54.323000+00:00,Lausanne,local,ch:1:sloid:92050,"Lausanne, gare",ch:1:sloid:92050:0:2814,2026-10-04,ch:1:sjyid:100122:plan1:2026_ATT5-21-50-Dimanche-21-10018016,bus,Bus,21,21,21077,"Paudex, Verrière",Blécherette,D,,2026-10-04 15:15:00+00:00,2026-10-04 15:15:00+00:00,,True,0.0,2026-10-04 16:45:54.323000+02:00,2026-10-04 17:15:00+02:00,2026-10-04 17:15:00+02:00,2026-10-04,17,Sunday,True,29.094616666666663
20261004_144546,2026-10-04 14:45:54.795000+00:00,Genève,local,ch:1:sloid:87057,"Genève, gare Cornavin",ch:1:sloid:87057:0:408265,2026-10-04,ch:1:sjyid:100680:HAS-26-015925-70-Dimanche-35915924,bus,Bus,1,1,732636,"Thônex, Hôpital Trois-Chêne",Jardin Botanique,E,,2026-10-04 14:40:00+00:00,2026-10-04 14:46:30+00:00,,True,6.5,2026-10-04 16:45:54.795000+02:00,2026-10-04 16:40:00+02:00,2026-10-04 16:46:30+02:00,2026-10-04,16,Sunday,True,-5.913250000000001
20261004_144546,2026-10-04 14:45:54.795000+00:00,Genève,local,ch:1:sloid:87057,"Genève, gare Cornavin",ch:1:sloid:87057:0:408265,2026-10-04,ch:1:sjyid:100680:HAS-26-15-10-Dimanche-35072863,tram,Tram,15,15,635989,"Plan-les-Ouates, ZIPLO",Nations,E,,2026-10-04 14:44:00+00:00,2026-10-04 14:45:30+00:00,,True,1.5,2026-10-04 16:45:54.795000+02:00,2026-10-04 16:44:00+02:00,2026-10-04 16:45:30+02:00,2026-10-04,16,Sunday,True,-1.9132500000000001
20261004_144546,2026-10-04 14:45:54.795000+00:00,Genève,local,ch:1:sloid:87057,"Genève, gare Cornavin",ch:1:sloid:87057:0:50679,2026-10-04,ch:1:sjyid:100680:HAS-26-015925-70-Dimanche-35915622,bus,Bus,5,5,732385,"Thônex, Vallard",Genève-Aéroport-Terminal,J,,2026-10-04 14:44:00+00:00,2026-10-04 14:46:42+00:00,,True,2.7,2026-10-04 16:45:54.795000+02:00,2026-10-04 16:44:00+02:00,2026-10-04 16:46:42+02:00,2026-10-04,16,Sunday,True,-1.9132500000000001
20261004_144546,2026-10-04 14:45:54.795000+00:00,Genève,local,ch:1:sloid:87057,"Genève, gare Cornavin",ch:1:sloid:87057:0:783875,2026-10-04,ch:1:sjyid:100680:HAS-26-02-06-19-1-Dimanche-34653786,bus,Bus,6,6,618124,"Genève, Plage",Vernier-Village,K,,2026-10-04 14:46:00+00:00,2026-10-04 14:46:00+00:00,,True,0.0,2026-10-04 16:45:54.795000+02:00,2026-10-04 16:46:00+02:00,2026-10-04 16:46:00+02:00,2026-10-04,16,Sunday,True,0.08675000000000001
20261004_144546,2026-10-04 14:45:54.795000+00:00,Genève,local,ch:1:sloid:87057,"Genève, gare Cornavin",ch:1:sloid:87057:0:783875,2026-10-04,ch:1:sjyid:100680:HAS-26-10-0-Dimanche-33793908,bus,Bus,10,10,549755,"Genève, Rive",Genève-Aéroport-Terminal,K,,2026-10-04 14:46:00+00:00,2026-10-04 14:46:54+00:00,,True,0.9,2026-10-04 16:45:54.795000+02:00,2026-10-04 16:46:00+02:00,2026-10-04 16:46:54+02:00,2026-10-04,16,Sunday,True,0.08675000000000001
20261004_144546,2026-10-04 14:45:54.795000+00:00,Genève,local,ch:1:sloid:87057,"Genève, gare Cornavin",ch:1:sloid:87057:0:589555,2026-10-04,ch:1:sjyid:100680:HAS-26-02-06-19-1-Dimanche-34653770,bus,Bus,6,6,618108,"Vernier, village",Genève-Plage,L,,2026-10-04 14:47:00+00:00,2026-10-04 14:49:12+00:00,,True,2.2,2026-10-04 16:45:54.795000+02:00,2026-10-04 16:47:00+02:00,2026-10-04 16:49:12+02:00,2026-10-04,16,Sunday,True,1.0867499999999999
20261004_144546,2026-10-04 14:45:54.795000+00:00,Genève,local,ch:1:sloid:87057,"Genève, gare Cornavin",ch:1:sloid:87057:0:589555,2026-10-04,ch:1:sjyid:100680:HAS-26-10-0-Dimanche-33793889,bus,Bus,10,10,549736,"Genève-Aéroport, Terminal",Rive,L,,2026-10-04 14:47:00+00:00,2026-10-04 14:48:54+00:00,,True,1.9,2026-10-04 16:45:54.795000+02:00,2026-10-04 16:47:00+02:00,2026-10-04 16:48:54+02:00,2026-10-04,16,Sunday,True,1.0867499999999999
20261004_144546,2026-10-04 14:45:54.795000+00:00,Genève,local,ch:1:sloid:87057,"Genève, gare Cornavin",ch:1:sloid:87057:0:408265,2026-10-04,ch:1:sjyid:100680:HAS-26-015925-70-Dimanche-35915838,bus,Bus,25,25,732550,"Thônex, Vallard",Jardin Botanique,E,,2026-10-04 14:48:00+00:00,2026-10-04 14:48:12+00:00,,True,0.2,2026-10-04 16:45:54.795000+02:00,2026-10-04 16:48:00+02:00,2026-10-04 16:48:12+02:00,2026-10-04,16,Sunday,True,2.08675
20261004_144546,2026-10-04 14:45:54.795000+00:00,Genève,local,ch:1:sloid:87057,"Genève, gare Cornavin",ch:1:sloid:87057:0:233278,2026-10-04,ch:1:sjyid:100680:HAS-26-14-10-Dimanche-35073270,tram,Tram,14,14,636384,"Meyrin, Gravière",Bernex-Vailly,I,,2026-10-04 14:50:00+00:00,2026-10-04 14:51:12+00:00,,True,1.2,2026-10-04 16:45:54.795000+02:00,2026-10-04 16:50:00+02:00,2026-10-04 16:51:12+02:00,2026-10-04,16,Sunday,True,4.08675
20261004_144546,2026-10-04 14:45:54.795000+00:00,Genève,local,ch:1:sloid:87057,"Genève, gare Cornavin",ch:1:sloid:87057:0:408265,2026-10-04,ch:1:sjyid:100680:HAS-26-15-10-Dimanche-35072864,tram,Tram,15,15,635990,"Plan-les-Ouates, ZIPLO",Nations,E,,2026-10-04 14:51:00+00:00,2026-10-04 14:53:24+00:00,,True,2.4,2026-10-04 16:45:54.795000+02:00,2026-10-04 16:51:00+02:00,2026-10-04 16:53:24+02:00,2026-10-04,16,Sunday,True,5.086749999999999
20261004_144546,2026-10-04 14:45:54.795000+00:00,Genève,local,ch:1:sloid:87057,"Genève, gare Cornavin",ch:1:sloid:87057:0:46188,2026-10-04,ch:1:sjyid:100680:HAS-26-15-10-Dimanche-35072915,tram,Tram,15,15,636041,"Genève, Nations",ZIPLO,D,,2026-10-04 14:51:00+00:00,2026-10-04 14:51:00+00:00,,True,0.0,2026-10-04 16:45:54.795000+02:00,2026-10-04 16:51:00+02:00,2026-10-04 16:51:00+02:00,2026-10-04,16,Sunday,True,5.086749999999999
20261004_144546,2026-10-04 14:45:54.795000+00:00,Genève,local,ch:1:sloid:87057,"Genève, gare Cornavin",ch:1:sloid:87057:0:89811,2026-10-04,ch:1:sjyid:100680:HAS-26-14-10-Dimanche-35073222,tram,Tram,14,14,636336,"Bernex, Vailly",Meyrin-Gravière,H,,2026-10-04 14:53:00+00:00,2026-10-04 14:51:54+00:00,,True,-1.1,2026-10-04 16:45:54.795000+02:00,2026-10-04 16:53:00+02:00,2026-10-04 16:51:54+02:00,2026-10-04,16,Sunday,True,7.086749999999999
20261004_144546,2026-10-04 14:45:54.795000+00:00,Genève,local,ch:1:sloid:87057,"Genève, gare Cornavin",ch:1:sloid:87057:0:783875,2026-10-04,ch:1:sjyid:100680:HAS-26-02-06-19-1-Dimanche-34653754,bus,Bus,19,19,618092,"Onex, cité",Vernier-Village,K,,2026-10-04 14:53:00+00:00,2026-10-04 14:53:12+00:00,,True,0.2,2026-10-04 16:45:54.795000+02:00,2026-10-04 16:53:00+02:00,2026-10-04 16:53:12+02:00,2026-10-04,16,Sunday,True,7.086749999999999
20261004_144546,2026-10-04 14:45:54.795000+00:00,Genève,local,ch:1:sloid:87057,"Genève, gare Cornavin",ch:1:sloid:87057:0:589555,2026-10-04,ch:1:sjyid:100680:HAS-26-02-06-19-1-Dimanche-34653737,bus,Bus,19,19,618075,"Vernier, village",Onex-Cité,L,,2026-10-04 14:54:00+00:00,2026-10-04 14:55:12+00:00,,True,1.2,2026-10-04 16:45:54.795000+02:00,2026-10-04 16:54:00+02:00,2026-10-04 16:55:12+02:00,2026-10-04,16,Sunday,True,8.08675
20261004_144546,2026-10-04 14:45:54.795000+00:00,Genève,local,ch:1:sloid:87057,"Genève, gare Cornavin",ch:1:sloid:87057:0:651350,2026-10-04,ch:1:sjyid:100680:HAS-26-08-20-13-Dimanche-35206314,bus,Bus,20,20,646461,"Bellevue GE, Valavran",Veyrier-Tournettes,B,,2026-10-04 14:54:00+00:00,2026-10-04 14:53:42+00:00,,True,-0.3,2026-10-04 16:45:54.795000+02:00,2026-10-04 16:54:00+02:00,2026-10-04 16:53:42+02:00,2026-10-04,16,Sunday,True,8.08675
20261004_144546,2026-10-04 14:45:54.795000+00:00,Genève,local,ch:1:sloid:87057,"Genève, gare Cornavin",ch:1:sloid:87057:0:698638,2026-10-04,ch:1:sjyid:100680:HAS-26-03-0-Dimanche-33832559,bus,Bus,3,3,553933,"Genève, Crêts-de-Champel",Gardiol,F,,2026-10-04 14:54:00+00:00,2026-10-04 14:53:54+00:00,,True,-0.1,2026-10-04 16:45:54.795000+02:00,2026-10-04 16:54:00+02:00,2026-10-04 16:53:54+02:00,2026-10-04,16,Sunday,True,8.08675
20261004_144546,2026-10-04 14:45:54.795000+00:00,Genève,local,ch:1:sloid:87057,"Genève, gare Cornavin",ch:1:sloid:87057:0:589555,2026-10-04,ch:1:sjyid:100680:HAS-26-015925-70-Dimanche-35916064,bus,Bus,9,9,732710,"Vernier, Lignon Tours",Belle-Terre-Place-de-l'Araire,L,,2026-10-04 14:55:00+00:00,2026-10-04 14:56:12+00:00,,True,1.2,2026-10-04 16:45:54.795000+02:00,2026-10-04 16:55:00+02:00,2026-10-04 16:56:12+02:00,2026-10-04,16,Sunday,True,9.08675
20261004_144546,2026-10-04 14:45:54.795000+00:00,Genève,local,ch:1:sloid:87057,"Genève, gare Cornavin",ch:1:sloid:87057:0:408265,2026-10-04,ch:1:sjyid:100680:HAS-26-015925-70-Dimanche-35915925,bus,Bus,1,1,732637,"Thônex, Hôpital Trois-Chêne",Jardin Botanique,E,,2026-10-04 14:55:00+00:00,2026-10-04 14:56:18+00:00,,True,1.3,2026-10-04 16:45:54.795000+02:00,2026-10-04 16:55:00+02:00,2026-10-04 16:56:18+02:00,2026-10-04,16,Sunday,True,9.08675
20261004_144546,2026-10-04 14:45:54.795000+00:00,Genève,local,ch:1:sloid:87057,"Genève, gare Cornavin",ch:1:sloid:87057:0:783875,2026-10-04,ch:1:sjyid:100680:HAS-26-015925-70-Dimanche-35916011,bus,Bus,9,9,732657,"Thônex, Belle-Terre Pl. Araire",Lignon-Tours,K,,2026-10-04 14:55:00+00:00,2026-10-04 14:56:42+00:00,,True,1.7,2026-10-04 16:45:54.795000+02:00,2026-10-04 16:55:00+02:00,2026-10-04 16:56:42+02:00,2026-10-04,16,Sunday,True,9.08675
20261004_144546,2026-10-04 14:45:54.795000+00:00,Genève,local,ch:1:sloid:87057,"Genève, gare Cornavin",ch:1:sloid:87057:0:89811,2026-10-04,ch:1:sjyid:100680:HAS-26-18-10-Dimanche-35073462,tram,Tram,18,18,636519,"Grand-Lancy, Palettes",CERN,H,,2026-10-04 14:56:00+00:00,2026-10-04 14:55:36+00:00,,True,-0.4,2026-10-04 16:45:54.795000+02:00,2026-10-04 16:56:00+02:00,2026-10-04 16:55:36+02:00,2026-10-04,16,Sunday,True,10.08675
20261004_144546,2026-10-04 14:45:54.795000+00:00,Genève,local,ch:1:sloid:87057,"Genève, gare Cornavin",ch:1:sloid:87057:0:233278,2026-10-04,ch:1:sjyid:100680:HAS-26-14-10-Dimanche-35073271,tram,Tram,14,14,636385,"Meyrin, Gravière",Bernex-Vailly,I,,2026-10-04 14:57:00+00:00,2026-10-04 14:57:42+00:00,,True,0.7,2026-10-04 16:45:54.795000+02:00,2026-10-04 16:57:00+02:00,2026-10-04 16:57:42+02:00,2026-10-04,16,Sunday,True,11.08675
20261004_144546,2026-10-04 14:45:54.795000+00:00,Genève,local,ch:1:sloid:87057,"Genève, gare Cornavin",ch:1:sloid:87057:0:50679,2026-10-04,ch:1:sjyid:100680:HAS-26-08-20-13-Dimanche-35206367,bus,Bus,20,20,646497,"Veyrier, Tournettes",Valavran,J,,2026-10-04 14:57:00+00:00,2026-10-04 14:56:54+00:00,,True,-0.1,2026-10-04 16:45:54.795000+02:00,2026-10-04 16:57:00+02:00,2026-10-04 16:56:54+02:00,2026-10-04,16,Sunday,True,11.08675
20261004_144546,2026-10-04 14:45:54.795000+00:00,Genève,local,ch:1:sloid:87057,"Genève, gare Cornavin",ch:1:sloid:87057:0:46188,2026-10-04,ch:1:sjyid:100680:HAS-26-015925-70-Dimanche-35915866,bus,Bus,25,25,732578,"Genève, Jardin Botanique",Thônex-Vallard,D,,2026-10-04 14:58:00+00:00,2026-10-04 14:57:36+00:00,,True,-0.4,2026-10-04 16:45:54.795000+02:00,2026-10-04 16:58:00+02:00,2026-10-04 16:57:36+02:00,2026-10-04,16,Sunday,True,12.08675
20261004_144546,2026-10-04 14:45:54.795000+00:00,Genève,local,ch:1:sloid:87057,"Genève, gare Cornavin",ch:1:sloid:87057:0:46188,2026-10-04,ch:1:sjyid:100680:HAS-26-15-10-Dimanche-35072916,tram,Tram,15,15,636042,"Genève, Nations",ZIPLO,D,,2026-10-04 14:58:00+00:00,2026-10-04 14:58:18+00:00,,True,0.3,2026-10-04 16:45:54.795000+02:00,2026-10-04 16:58:00+02:00,2026-10-04 16:58:18+02:00,2026-10-04,16,Sunday,True,12.08675
20261004_144546,2026-10-04 14:45:54.795000+00:00,Genève,local,ch:1:sloid:87057,"Genève, gare Cornavin",ch:1:sloid:87057:0:408265,2026-10-04,ch:1:sjyid:100680:HAS-26-15-10-Dimanche-35072865,tram,Tram,15,15,635991,"Plan-les-Ouates, ZIPLO",Nations,E,,2026-10-04 14:59:00+00:00,2026-10-04 14:58:54+00:00,,True,-0.1,2026-10-04 16:45:54.795000+02:00,2026-10-04 16:59:00+02:00,2026-10-04 16:58:54+02:00,2026-10-04,16,Sunday,True,13.08675
20261004_144546,2026-10-04 14:45:54.795000+00:00,Genève,local,ch:1:sloid:87057,"Genève, gare Cornavin",ch:1:sloid:87057:0:50679,2026-10-04,ch:1:sjyid:100680:HAS-26-015925-70-Dimanche-35915621,bus,Bus,5,5,732384,"Thônex, Vallard",Genève-Aéroport-Terminal,J,,2026-10-04 14:59:00+00:00,2026-10-04 15:00:18+00:00,,True,1.3,2026-10-04 16:45:54.795000+02:00,2026-10-04 16:59:00+02:00,2026-10-04 17:00:18+02:00,2026-10-04,16,Sunday,True,13.08675
20261004_144546,2026-10-04 14:45:54.795000+00:00,Genève,local,ch:1:sloid:87057,"Genève, gare Cornavin",ch:1:sloid:87057:0:651350,2026-10-04,ch:1:sjyid:100680:HAS-26-015925-70-Dimanche-35915670,bus,Bus,5,5,730682,"Genève-Aéroport, Terminal",Thônex-Vallard,B,,2026-10-04 15:00:00+00:00,2026-10-04 14:59:30+00:00,,True,-0.5,2026-10-04 16:45:54.795000+02:00,2026-10-04 17:00:00+02:00,2026-10-04 16:59:30+02:00,2026-10-04,17,Sunday,True,14.08675
20261004_144546,2026-10-04 14:45:54.795000+00:00,Genève,local,ch:1:sloid:87057,"Genève, gare Cornavin",ch:1:sloid:87057:0:89811,2026-10-04,ch:1:sjyid:100680:HAS-26-14-10-Dimanche-35073223,tram,Tram,14,14,636337,"Bernex, Vailly",Meyrin-Gravière,H,,2026-10-04 15:00:00+00:00,2026-10-04 15:00:48+00:00,,True,0.8,2026-10-04 16:45:54.795000+02:00,2026-10-04 17:00:00+02:00,2026-10-04 17:00:48+02:00,2026-10-04,17,Sunday,True,14.08675
20261004_144546,2026-10-04 14:45:54.795000+00:00,Genève,local,ch:1:sloid:87057,"Genève, gare Cornavin",ch:1:sloid:87057:0:233278,2026-10-04,ch:1:sjyid:100680:HAS-26-18-10-Dimanche-35073522,tram,Tram,18,18,636579,"Meyrin, CERN",Palettes,I,,2026-10-04 15:01:00+00:00,2026-10-04 15:01:06+00:00,,True,0.1,2026-10-04 16:45:54.795000+02:00,2026-10-04 17:01:00+02:00,2026-10-04 17:01:06+02:00,2026-10-04,17,Sunday,True,15.08675
20261004_144546,2026-10-04 14:45:54.795000+00:00,Genève,local,ch:1:sloid:87057,"Genève, gare Cornavin",ch:1:sloid:87057:0:783875,2026-10-04,ch:1:sjyid:100680:HAS-26-02-06-19-1-Dimanche-34653785,bus,Bus,6,6,618123,"Genève, Plage",Vernier-Village,K,,2026-10-04 15:01:00+00:00,2026-10-04 15:01:36+00:00,,True,0.6,2026-10-04 16:45:54.795000+02:00,2026-10-04 17:01:00+02:00,2026-10-04 17:01:36+02:00,2026-10-04,17,Sunday,True,15.08675
20261004_144546,2026-10-04 14:45:55.296000+00:00,Lugano,local,ch:1:sloid:5380,"Lugano, Stazione",ch:1:sloid:5380::407002,2026-10-04,ch:1:sjyid:100754:dc0b6f5c-178e-4fb8-be2f-3f700f01ce22,bus,Bus,4,4,4175,"Lugano, Belvedere","Comano, Studio TV",B,,2026-10-04 14:44:00+00:00,2026-10-04 14:45:06+00:00,,True,1.1,2026-10-04 16:45:55.296000+02:00,2026-10-04 16:44:00+02:00,2026-10-04 16:45:06+02:00,2026-10-04,16,Sunday,True,-1.9216000000000002
20261004_144546,2026-10-04 14:45:55.296000+00:00,Lugano,local,ch:1:sloid:5380,"Lugano, Stazione",ch:1:sloid:5380::407001,2026-10-04,ch:1:sjyid:100754:ee6581fb-176c-41ce-93e9-40a8e549efd8,bus,Bus,4,4,4180,"Comano, Studio TV","Lugano, Belvedere",A,,2026-10-04 14:46:00+00:00,2026-10-04 14:48:06+00:00,,True,2.1,2026-10-04 16:45:55.296000+02:00,2026-10-04 16:46:00+02:00,2026-10-04 16:48:06+02:00,2026-10-04,16,Sunday,True,0.0784
20261004_144546,2026-10-04 14:45:55.296000+00:00,Lugano,local,ch:1:sloid:5380,"Lugano, Stazione",ch:1:sloid:5380::407001,2026-10-04,ch:1:sjyid:100754:2bc98fb1-50fa-4fe1-97dc-06ba6353b496,bus,Bus,6,6,6195,"Lugano, Stazione","Piano Stampa, Capolinea",A,,2026-10-04 14:54:00+00:00,2026-10-04 14:54:00+00:00,,True,0.0,2026-10-04 16:45:55.296000+02:00,2026-10-04 16:54:00+02:00,2026-10-04 16:54:00+02:00,2026-10-04,16,Sunday,True,8.0784
20261004_144546,2026-10-04 14:45:55.296000+00:00,Lugano,local,ch:1:sloid:5380,"Lugano, Stazione",ch:1:sloid:5380::407001,2026-10-04,ch:1:sjyid:100754:71c3b156-985c-4554-9e71-05681ad26801,bus,Bus,2,2,2202,"Castagnola, Capolinea","Paradiso, Carzo",A,,2026-10-04 14:54:00+00:00,2026-10-04 14:54:00+00:00,,True,0.0,2026-10-04 16:45:55.296000+02:00,2026-10-04 16:54:00+02:00,2026-10-04 16:54:00+02:00,2026-10-04,16,Sunday,True,8.0784
20261004_144546,2026-10-04 14:45:55.296000+00:00,Lugano,local,ch:1:sloid:5380,"Lugano, Stazione",ch:1:sloid:5380::407002,2026-10-04,ch:1:sjyid:100754:a9e410bf-7d22-4217-a16c-836e4ae7a580,bus,Bus,4,4,4179,"Lugano, Belvedere","Canobbio, Ganna",B,,2026-10-04 14:59:00+00:00,2026-10-04 14:59:00+00:00,,True,0.0,2026-10-04 16:45:55.296000+02:00,2026-10-04 16:59:00+02:00,2026-10-04 16:59:00+02:00,2026-10-04,16,Sunday,True,13.078399999999998
20261004_144546,2026-10-04 14:45:55.296000+00:00,Lugano,local,ch:1:sloid:5380,"Lugano, Stazione",ch:1:sloid:5380::407001,2026-10-04,ch:1:sjyid:100754:21badd53-2f46-48c6-92f9-cf77f57f7a9e,bus,Bus,4,4,4184,"Canobbio, Ganna","Lugano, Belvedere",A,,2026-10-04 15:01:00+00:00,2026-10-04 15:01:00+00:00,,True,0.0,2026-10-04 16:45:55.296000+02:00,2026-10-04 17:01:00+02:00,2026-10-04 17:01:00+02:00,2026-10-04,17,Sunday,True,15.078399999999998
20261004_144546,2026-10-04 14:45:55.296000+00:00,Lugano,local,ch:1:sloid:5380,"Lugano, Stazione",ch:1:sloid:5380::407001,2026-10-04,ch:1:sjyid:100754:1da7cf99-673b-4e4b-b293-0bc1818dcfc7,bus,Bus,6,6,6199,"Lugano, Stazione","Lugano, Cornaredo",A,,2026-10-04 15:09:00+00:00,2026-10-04 15:09:00+00:00,,True,0.0,2026-10-04 16:45:55.296000+02:00,2026-10-04 17:09:00+02:00,2026-10-04 17:09:00+02:00,2026-10-04,17,Sunday,True,23.0784
20261004_144546,2026-10-04 14:45:55.296000+00:00,Lugano,local,ch:1:sloid:5380,"Lugano, Stazione",ch:1:sloid:5380::407001,2026-10-04,ch:1:sjyid:100754:709fa196-2da6-41ca-a886-71a7c7657ce1,bus,Bus,2,2,2208,"Castagnola, Capolinea","Paradiso, Carzo",A,,2026-10-04 15:09:00+00:00,2026-10-04 15:09:00+00:00,,True,0.0,2026-10-04 16:45:55.296000+02:00,2026-10-04 17:09:00+02:00,2026-10-04 17:09:00+02:00,2026-10-04,17,Sunday,True,23.0784
20261004_144546,2026-10-04 14:45:55.296000+00:00,Lugano,local,ch:1:sloid:5380,"Lugano, Stazione",ch:1:sloid:5380::407002,2026-10-04,ch:1:sjyid:100754:b6939730-2d95-4d9e-b74d-b3d3138b6d20,bus,Bus,4,4,4183,"Lugano, Belvedere","Comano, Studio TV",B,,2026-10-04 15:14:00+00:00,2026-10-04 15:14:00+00:00,,True,0.0,2026-10-04 16:45:55.296000+02:00,2026-10-04 17:14:00+02:00,2026-10-04 17:14:00+02:00,2026-10-04,17,Sunday,True,28.0784
20261004_144546,2026-10-04 14:45:55.296000+00:00,Lugano,local,ch:1:sloid:5380,"Lugano, Stazione",ch:1:sloid:5380::407001,2026-10-04,ch:1:sjyid:100754:77c58cce-7c92-45d8-b236-2b515912dba6,bus,Bus,4,4,4188,"Comano, Studio TV","Lugano, Belvedere",A,,2026-10-04 15:16:00+00:00,2026-10-04 15:16:00+00:00,,True,0.0,2026-10-04 16:45:55.296000+02:00,2026-10-04 17:16:00+02:00,2026-10-04 17:16:00+02:00,2026-10-04,17,Sunday,True,30.0784
20261004_144546,2026-10-04 14:45:55.296000+00:00,Lugano,local,ch:1:sloid:5380,"Lugano, Stazione",ch:1:sloid:5380::407001,2026-10-04,ch:1:sjyid:100754:0b3c2c9f-a95f-42d4-bbbf-cc08379067c7,bus,Bus,6,6,6205,"Lugano, Stazione","Piano Stampa, Capolinea",A,,2026-10-04 15:24:00+00:00,,,False,,2026-10-04 16:45:55.296000+02:00,2026-10-04 17:24:00+02:00,,2026-10-04,17,Sunday,True,38.0784
20261004_144546,2026-10-04 14:45:55.296000+00:00,Lugano,local,ch:1:sloid:5380,"Lugano, Stazione",ch:1:sloid:5380::407001,2026-10-04,ch:1:sjyid:100754:5f80f2f4-8bf8-4e41-8464-6ad07afe564e,bus,Bus,2,2,2214,"Castagnola, Capolinea","Paradiso, Carzo",A,,2026-10-04 15:24:00+00:00,2026-10-04 15:24:00+00:00,,True,0.0,2026-10-04 16:45:55.296000+02:00,2026-10-04 17:24:00+02:00,2026-10-04 17:24:00+02:00,2026-10-04,17,Sunday,True,38.0784
20261004_144546,2026-10-04 14:45:55.296000+00:00,Lugano,local,ch:1:sloid:5380,"Lugano, Stazione",ch:1:sloid:5380::407002,2026-10-04,ch:1:sjyid:100754:b3680a2f-a5e4-45ce-b546-6f1d39b8cf4d,bus,Bus,4,4,4187,"Lugano, Belvedere","Canobbio, Ganna",B,,2026-10-04 15:29:00+00:00,,,False,,2026-10-04 16:45:55.296000+02:00,2026-10-04 17:29:00+02:00,,2026-10-04,17,Sunday,True,43.0784
20261004_144546,2026-10-04 14:45:55.296000+00:00,Lugano,local,ch:1:sloid:5380,"Lugano, Stazione",ch:1:sloid:5380::407001,2026-10-04,ch:1:sjyid:100754:b9a02925-5f60-4ceb-acfc-173f5d90b7f4,bus,Bus,4,4,4192,"Canobbio, Ganna","Lugano, Belvedere",A,,2026-10-04 15:31:00+00:00,2026-10-04 15:31:00+00:00,,True,0.0,2026-10-04 16:45:55.296000+02:00,2026-10-04 17:31:00+02:00,2026-10-04 17:31:00+02:00,2026-10-04,17,Sunday,True,45.0784
20261004_144546,2026-10-04 14:45:55.296000+00:00,Lugano,local,ch:1:sloid:5380,"Lugano, Stazione",ch:1:sloid:5380::407001,2026-10-04,ch:1:sjyid:100754:e1902a3b-e266-4a93-857f-45c829cc5fa2,bus,Bus,6,6,6209,"Lugano, Stazione","Lugano, Cornaredo",A,,2026-10-04 15:39:00+00:00,,,False,,2026-10-04 16:45:55.296000+02:00,2026-10-04 17:39:00+02:00,,2026-10-04,17,Sunday,True,53.0784
20261004_144546,2026-10-04 14:45:55.296000+00:00,Lugano,local,ch:1:sloid:5380,"Lugano, Stazione",ch:1:sloid:5380::407001,2026-10-04,ch:1:sjyid:100754:aa7577b8-0d4a-4bf4-b09f-6b8f3cfb2c24,bus,Bus,2,2,2220,"Castagnola, Capolinea","Paradiso, Carzo",A,,2026-10-04 15:39:00+00:00,2026-10-04 15:39:00+00:00,,True,0.0,2026-10-04 16:45:55.296000+02:00,2026-10-04 17:39:00+02:00,2026-10-04 17:39:00+02:00,2026-10-04,17,Sunday,True,53.0784
20261004_144546,2026-10-04 14:45:55.296000+00:00,Lugano,local,ch:1:sloid:5380,"Lugano, Stazione",ch:1:sloid:5380::407002,2026-10-04,ch:1:sjyid:100754:a52b1cbf-39db-40a9-9cbb-b3184078eebf,bus,Bus,4,4,4191,"Lugano, Belvedere","Comano, Studio TV",B,,2026-10-04 15:44:00+00:00,2026-10-04 15:44:00+00:00,,True,0.0,2026-10-04 16:45:55.296000+02:00,2026-10-04 17:44:00+02:00,2026-10-04 17:44:00+02:00,2026-10-04,17,Sunday,True,58.0784
20261004_144546,2026-10-04 14:45:55.296000+00:00,Lugano,local,ch:1:sloid:5380,"Lugano, Stazione",ch:1:sloid:5380::407001,2026-10-04,ch:1:sjyid:100754:5d4be37b-a5fe-4fbb-b7e0-422fd744c00a,bus,Bus,4,4,4196,"Comano, Studio TV","Lugano, Belvedere",A,,2026-10-04 15:46:00+00:00,2026-10-04 15:46:00+00:00,,True,0.0,2026-10-04 16:45:55.296000+02:00,2026-10-04 17:46:00+02:00,2026-10-04 17:46:00+02:00,2026-10-04,17,Sunday,True,60.0784
20261004_144546,2026-10-04 14:45:55.296000+00:00,Lugano,local,ch:1:sloid:5380,"Lugano, Stazione",ch:1:sloid:5380::407001,2026-10-04,ch:1:sjyid:100754:65ac03dc-fab7-4811-8f4b-903885f6c6fc,bus,Bus,6,6,6215,"Lugano, Stazione","Piano Stampa, Capolinea",A,,2026-10-04 15:54:00+00:00,,,False,,2026-10-04 16:45:55.296000+02:00,2026-10-04 17:54:00+02:00,,2026-10-04,17,Sunday,True,68.0784
20261004_144546,2026-10-04 14:45:55.296000+00:00,Lugano,local,ch:1:sloid:5380,"Lugano, Stazione",ch:1:sloid:5380::407001,2026-10-04,ch:1:sjyid:100754:80d91804-3cf3-4ed9-bff4-db98a0839330,bus,Bus,2,2,2226,"Castagnola, Capolinea","Paradiso, Carzo",A,,2026-10-04 15:54:00+00:00,,,False,,2026-10-04 16:45:55.296000+02:00,2026-10-04 17:54:00+02:00,,2026-10-04,17,Sunday,True,68.0784
20261004_144546,2026-10-04 14:45:55.296000+00:00,Lugano,local,ch:1:sloid:5380,"Lugano, Stazione",ch:1:sloid:5380::407002,2026-10-04,ch:1:sjyid:100754:71945924-0a47-4681-87ea-06e8440600d0,bus,Bus,4,4,4195,"Lugano, Belvedere","Canobbio, Ganna",B,,2026-10-04 15:59:00+00:00,,,False,,2026-10-04 16:45:55.296000+02:00,2026-10-04 17:59:00+02:00,,2026-10-04,17,Sunday,True,73.0784
20261004_144546,2026-10-04 14:45:55.296000+00:00,Lugano,local,ch:1:sloid:5380,"Lugano, Stazione",ch:1:sloid:5380::407001,2026-10-04,ch:1:sjyid:100754:fef8b8a7-8b1f-4667-9304-17f271c378a3,bus,Bus,4,4,4200,"Canobbio, Ganna","Lugano, Belvedere",A,,2026-10-04 16:01:00+00:00,,,False,,2026-10-04 16:45:55.296000+02:00,2026-10-04 18:01:00+02:00,,2026-10-04,18,Sunday,True,75.0784
20261004_144546,2026-10-04 14:45:55.296000+00:00,Lugano,local,ch:1:sloid:5380,"Lugano, Stazione",ch:1:sloid:5380::407001,2026-10-04,ch:1:sjyid:100754:9679d08c-1f91-4adb-9a00-83a58ef7a5a9,bus,Bus,6,6,6219,"Lugano, Stazione","Lugano, Cornaredo",A,,2026-10-04 16:09:00+00:00,,,False,,2026-10-04 16:45:55.296000+02:00,2026-10-04 18:09:00+02:00,,2026-10-04,18,Sunday,True,83.0784
20261004_144546,2026-10-04 14:45:55.296000+00:00,Lugano,local,ch:1:sloid:5380,"Lugano, Stazione",ch:1:sloid:5380::407001,2026-10-04,ch:1:sjyid:100754:a168c015-1b37-410c-9dfb-482e822bdbd3,bus,Bus,2,2,2232,"Castagnola, Capolinea","Paradiso, Carzo",A,,2026-10-04 16:09:00+00:00,2026-10-04 16:09:00+00:00,,True,0.0,2026-10-04 16:45:55.296000+02:00,2026-10-04 18:09:00+02:00,2026-10-04 18:09:00+02:00,2026-10-04,18,Sunday,True,83.0784
20261004_144546,2026-10-04 14:45:55.296000+00:00,Lugano,local,ch:1:sloid:5380,"Lugano, Stazione",ch:1:sloid:5380::407002,2026-10-04,ch:1:sjyid:100754:9d8fe190-5ac7-4a96-a973-e0ea09a66779,bus,Bus,4,4,4199,"Lugano, Belvedere","Comano, Studio TV",B,,2026-10-04 16:14:00+00:00,,,False,,2026-10-04 16:45:55.296000+02:00,2026-10-04 18:14:00+02:00,,2026-10-04,18,Sunday,True,88.0784
20261004_144546,2026-10-04 14:45:55.296000+00:00,Lugano,local,ch:1:sloid:5380,"Lugano, Stazione",ch:1:sloid:5380::407001,2026-10-04,ch:1:sjyid:100754:7777c852-e4a0-469b-9c7f-7c72e3397708,bus,Bus,4,4,4204,"Comano, Studio TV","Lugano, Belvedere",A,,2026-10-04 16:16:00+00:00,,,False,,2026-10-04 16:45:55.296000+02:00,2026-10-04 18:16:00+02:00,,2026-10-04,18,Sunday,True,90.0784
20261004_144546,2026-10-04 14:45:55.296000+00:00,Lugano,local,ch:1:sloid:5380,"Lugano, Stazione",ch:1:sloid:5380::407001,2026-10-04,ch:1:sjyid:100754:cc0a5708-abd2-4827-bc3c-4144b506e79b,bus,Bus,6,6,6225,"Lugano, Stazione","Lugano, Cornaredo",A,,2026-10-04 16:24:00+00:00,,,False,,2026-10-04 16:45:55.296000+02:00,2026-10-04 18:24:00+02:00,,2026-10-04,18,Sunday,True,98.0784
20261004_144546,2026-10-04 14:45:55.296000+00:00,Lugano,local,ch:1:sloid:5380,"Lugano, Stazione",ch:1:sloid:5380::407001,2026-10-04,ch:1:sjyid:100754:baa46def-f921-4195-8440-bc239098c7e3,bus,Bus,2,2,2238,"Castagnola, Capolinea","Paradiso, Carzo",A,,2026-10-04 16:24:00+00:00,2026-10-04 16:24:00+00:00,,True,0.0,2026-10-04 16:45:55.296000+02:00,2026-10-04 18:24:00+02:00,2026-10-04 18:24:00+02:00,2026-10-04,18,Sunday,True,98.0784
20261004_144546,2026-10-04 14:45:55.296000+00:00,Lugano,local,ch:1:sloid:5380,"Lugano, Stazione",ch:1:sloid:5380::407002,2026-10-04,ch:1:sjyid:100754:dab817aa-38e1-45f7-8912-827076c00c91,bus,Bus,4,4,4203,"Lugano, Belvedere","Canobbio, Ganna",B,,2026-10-04 16:29:00+00:00,,,False,,2026-10-04 16:45:55.296000+02:00,2026-10-04 18:29:00+02:00,,2026-10-04,18,Sunday,True,103.0784
20261004_144546,2026-10-04 14:45:55.296000+00:00,Lugano,local,ch:1:sloid:5380,"Lugano, Stazione",ch:1:sloid:5380::407001,2026-10-04,ch:1:sjyid:100754:56017838-04e6-48f1-b713-bf3a4cd22aaa,bus,Bus,4,4,4208,"Canobbio, Ganna","Lugano, Belvedere",A,,2026-10-04 16:31:00+00:00,,,False,,2026-10-04 16:45:55.296000+02:00,2026-10-04 18:31:00+02:00,,2026-10-04,18,Sunday,True,105.0784
