batch_id,collection_timestamp,city,station_type,station_id,station_name,stop_point_ref,operating_day,journey_ref,transport_mode,product_category,public_code,line,train_number,origin,destination,planned_platform,estimated_platform,scheduled_departure,estimated_departure,cancelled,has_realtime,predicted_delay_minutes,collection_timestamp_local,scheduled_departure_local,estimated_departure_local,date,hour,weekday,weekend,minutes_until_departure
20261007_144347,2026-10-07 14:43:47.004000+00:00,Zürich,rail,ch:1:sloid:3000,Zürich HB,ch:1:sloid:3000:501:34,2026-10-07,ch:1:sjyid:100001:19463-001,rail,S-Bahn,S14,S14,19463,Affoltern am Albis,Hinwil,34,,2026-10-07 14:42:00+00:00,2026-10-07 14:43:00+00:00,,True,1.0,2026-10-07 16:43:47.004000+02:00,2026-10-07 16:42:00+02:00,2026-10-07 16:43:00+02:00,2026-10-07,16,Wednesday,False,-1.7834
20261007_144347,2026-10-07 14:43:47.004000+00:00,Zürich,rail,ch:1:sloid:3000,Zürich HB,ch:1:sloid:3000:501:33,2026-10-07,ch:1:sjyid:100001:18262-001,rail,S-Bahn,S2,S2,18262,Ziegelbrücke,Zürich Flughafen,33,,2026-10-07 14:44:00+00:00,2026-10-07 14:44:18+00:00,,True,0.3,2026-10-07 16:43:47.004000+02:00,2026-10-07 16:44:00+02:00,2026-10-07 16:44:18+02:00,2026-10-07,16,Wednesday,False,0.21660000000000001
20261007_144347,2026-10-07 14:43:47.004000+00:00,Zürich,rail,ch:1:sloid:3000,Zürich HB,ch:1:sloid:3000:2:3,2026-10-07,ch:1:sjyid:100001:20462-001,rail,S-Bahn,S24,S24,20462,Zug,Thayngen,3,,2026-10-07 14:44:00+00:00,2026-10-07 14:44:18+00:00,,True,0.3,2026-10-07 16:43:47.004000+02:00,2026-10-07 16:44:00+02:00,2026-10-07 16:44:18+02:00,2026-10-07,16,Wednesday,False,0.21660000000000001
20261007_144347,2026-10-07 14:43:47.004000+00:00,Zürich,rail,ch:1:sloid:3000,Zürich HB,ch:1:sloid:3000:502:42,2026-10-07,ch:1:sjyid:100001:19262-001,rail,S-Bahn,S12,S12,19262,Schaffhausen,Brugg AG,41/42,42,2026-10-07 14:44:00+00:00,2026-10-07 14:45:48+00:00,,True,1.8,2026-10-07 16:43:47.004000+02:00,2026-10-07 16:44:00+02:00,2026-10-07 16:45:48+02:00,2026-10-07,16,Wednesday,False,0.21660000000000001
20261007_144347,2026-10-07 14:43:47.004000+00:00,Zürich,rail,ch:1:sloid:3000,Zürich HB,ch:1:sloid:3000:503:43,2026-10-07,ch:1:sjyid:100001:19663-001,rail,S-Bahn,S16,S16,19663,Zürich Flughafen,Herrliberg-Feldmeilen,43/44,44,2026-10-07 14:45:00+00:00,2026-10-07 14:45:36+00:00,,True,0.6,2026-10-07 16:43:47.004000+02:00,2026-10-07 16:45:00+02:00,2026-10-07 16:45:36+02:00,2026-10-07,16,Wednesday,False,1.2166
20261007_144347,2026-10-07 14:43:47.004000+00:00,Zürich,rail,ch:1:sloid:3000,Zürich HB,ch:1:sloid:3000:503:43,2026-10-07,ch:1:sjyid:100001:19263-001,rail,S-Bahn,S12,S12,19263,Brugg AG,Wil SG,43/44,,2026-10-07 14:46:00+00:00,2026-10-07 14:47:00+00:00,,True,1.0,2026-10-07 16:43:47.004000+02:00,2026-10-07 16:46:00+02:00,2026-10-07 16:47:00+02:00,2026-10-07,16,Wednesday,False,2.2166
20261007_144347,2026-10-07 14:43:47.004000+00:00,Zürich,rail,ch:1:sloid:3000,Zürich HB,ch:1:sloid:3000:502:42,2026-10-07,ch:1:sjyid:100001:19662-001,rail,S-Bahn,S16,S16,19662,Herrliberg-Feldmeilen,Zürich Flughafen,41/42,,2026-10-07 14:46:00+00:00,2026-10-07 14:47:30+00:00,,True,1.5,2026-10-07 16:43:47.004000+02:00,2026-10-07 16:46:00+02:00,2026-10-07 16:47:30+02:00,2026-10-07,16,Wednesday,False,2.2166
20261007_144347,2026-10-07 14:43:47.004000+00:00,Zürich,rail,ch:1:sloid:3000,Zürich HB,ch:1:sloid:3000:500:32,2026-10-07,ch:1:sjyid:100001:18263-001,rail,S-Bahn,S2,S2,18263,Zürich Flughafen,Ziegelbrücke,32,,2026-10-07 14:47:00+00:00,2026-10-07 14:48:00+00:00,,True,1.0,2026-10-07 16:43:47.004000+02:00,2026-10-07 16:47:00+02:00,2026-10-07 16:48:00+02:00,2026-10-07,16,Wednesday,False,3.2166
20261007_144347,2026-10-07 14:43:47.004000+00:00,Zürich,rail,ch:1:sloid:3000,Zürich HB,ch:1:sloid:3000:500:31,2026-10-07,ch:1:sjyid:100001:19462-001,rail,S-Bahn,S14,S14,19462,Hinwil,Affoltern am Albis,31,,2026-10-07 14:49:00+00:00,2026-10-07 14:50:00+00:00,,True,1.0,2026-10-07 16:43:47.004000+02:00,2026-10-07 16:49:00+02:00,2026-10-07 16:50:00+02:00,2026-10-07,16,Wednesday,False,5.2166
20261007_144347,2026-10-07 14:43:47.004000+00:00,Zürich,rail,ch:1:sloid:3000,Zürich HB,ch:1:sloid:3000:501:34,2026-10-07,ch:1:sjyid:100001:19963-001,rail,S-Bahn,S19,S19,19963,Koblenz,Pfäffikon ZH,34,,2026-10-07 14:49:00+00:00,2026-10-07 14:49:18+00:00,,True,0.3,2026-10-07 16:43:47.004000+02:00,2026-10-07 16:49:00+02:00,2026-10-07 16:49:18+02:00,2026-10-07,16,Wednesday,False,5.2166
20261007_144347,2026-10-07 14:43:47.004000+00:00,Zürich,rail,ch:1:sloid:3000,Zürich HB,ch:1:sloid:3000:502:42,2026-10-07,ch:1:sjyid:100001:18762-001,rail,S-Bahn,S7,S7,18762,Rapperswil SG,Winterthur,41/42,,2026-10-07 14:49:00+00:00,2026-10-07 14:49:42+00:00,,True,0.7,2026-10-07 16:43:47.004000+02:00,2026-10-07 16:49:00+02:00,2026-10-07 16:49:42+02:00,2026-10-07,16,Wednesday,False,5.2166
20261007_144347,2026-10-07 14:43:47.004000+00:00,Zürich,rail,ch:1:sloid:3000,Zürich HB,ch:1:sloid:3000:3:4,2026-10-07,ch:1:sjyid:100001:20463-001,rail,S-Bahn,S24,S24,20463,Weinfelden,Zug,4,,2026-10-07 14:51:00+00:00,2026-10-07 14:51:18+00:00,,True,0.3,2026-10-07 16:43:47.004000+02:00,2026-10-07 16:51:00+02:00,2026-10-07 16:51:18+02:00,2026-10-07,16,Wednesday,False,7.2166
20261007_144347,2026-10-07 14:43:47.004000+00:00,Zürich,rail,ch:1:sloid:3000,Zürich HB,ch:1:sloid:3000:501:33,2026-10-07,ch:1:sjyid:100001:2077-001,rail,InterRegio,IR36,IR36,2077,Basel SBB,Zürich Flughafen,33,,2026-10-07 14:52:00+00:00,2026-10-07 14:52:24+00:00,,True,0.4,2026-10-07 16:43:47.004000+02:00,2026-10-07 16:52:00+02:00,2026-10-07 16:52:24+02:00,2026-10-07,16,Wednesday,False,8.2166
20261007_144347,2026-10-07 14:43:47.004000+00:00,Zürich,rail,ch:1:sloid:3000,Zürich HB,ch:1:sloid:3000:502:42,2026-10-07,ch:1:sjyid:100001:19562-001,rail,S-Bahn,S15,S15,19562,Rüti ZH,Niederweningen,41/42,,2026-10-07 14:52:00+00:00,2026-10-07 14:52:24+00:00,,True,0.4,2026-10-07 16:43:47.004000+02:00,2026-10-07 16:52:00+02:00,2026-10-07 16:52:24+02:00,2026-10-07,16,Wednesday,False,8.2166
20261007_144347,2026-10-07 14:43:47.004000+00:00,Zürich,rail,ch:1:sloid:3000,Zürich HB,ch:1:sloid:3000:8:15,2026-10-07,ch:1:sjyid:100061:2376-001,rail,Aare Linth,IR35,IR35,2376,Chur,Bern,15,,2026-10-07 14:53:00+00:00,2026-10-07 14:53:30+00:00,,True,0.5,2026-10-07 16:43:47.004000+02:00,2026-10-07 16:53:00+02:00,2026-10-07 16:53:30+02:00,2026-10-07,16,Wednesday,False,9.2166
20261007_144347,2026-10-07 14:43:47.004000+00:00,Zürich,rail,ch:1:sloid:3000,Zürich HB,ch:1:sloid:3000:503:43,2026-10-07,ch:1:sjyid:100001:18563-001,rail,S-Bahn,S5,S5,18563,Zug,Rüti ZH,43/44,,2026-10-07 14:54:00+00:00,2026-10-07 14:54:18+00:00,,True,0.3,2026-10-07 16:43:47.004000+02:00,2026-10-07 16:54:00+02:00,2026-10-07 16:54:18+02:00,2026-10-07,16,Wednesday,False,10.2166
20261007_144347,2026-10-07 14:43:47.004000+00:00,Zürich,rail,ch:1:sloid:3000,Zürich HB,ch:1:sloid:3000:501:34,2026-10-07,ch:1:sjyid:100001:18862-001,rail,S-Bahn,S8,S8,18862,Wädenswil,Winterthur,34,,2026-10-07 14:55:00+00:00,2026-10-07 14:55:18+00:00,,True,0.3,2026-10-07 16:43:47.004000+02:00,2026-10-07 16:55:00+02:00,2026-10-07 16:55:18+02:00,2026-10-07,16,Wednesday,False,11.2166
20261007_144347,2026-10-07 14:43:47.004000+00:00,Zürich,rail,ch:1:sloid:3000,Zürich HB,ch:1:sloid:3000:503:43,2026-10-07,ch:1:sjyid:100001:20063-001,rail,S-Bahn,S20,S20,20063,Zürich Hardbrücke,Uerikon,43/44,,2026-10-07 14:56:00+00:00,2026-10-07 14:56:48+00:00,,True,0.8,2026-10-07 16:43:47.004000+02:00,2026-10-07 16:56:00+02:00,2026-10-07 16:56:48+02:00,2026-10-07,16,Wednesday,False,12.2166
20261007_144347,2026-10-07 14:43:47.004000+00:00,Zürich,rail,ch:1:sloid:3000,Zürich HB,ch:1:sloid:3000:502:42,2026-10-07,ch:1:sjyid:100001:18362-002,rail,S-Bahn,S3,S3,18362,Wetzikon ZH,Bülach,41/42,,2026-10-07 14:56:00+00:00,2026-10-07 14:57:24+00:00,,True,1.4,2026-10-07 16:43:47.004000+02:00,2026-10-07 16:56:00+02:00,2026-10-07 16:57:24+02:00,2026-10-07,16,Wednesday,False,12.2166
20261007_144347,2026-10-07 14:43:47.004000+00:00,Zürich,rail,ch:1:sloid:3000,Zürich HB,ch:1:sloid:3000:503:43,2026-10-07,ch:1:sjyid:100001:18963-001,rail,S-Bahn,S9,S9,18963,Schaffhausen,Uster,43/44,,2026-10-07 14:58:00+00:00,2026-10-07 14:58:18+00:00,,True,0.3,2026-10-07 16:43:47.004000+02:00,2026-10-07 16:58:00+02:00,2026-10-07 16:58:18+02:00,2026-10-07,16,Wednesday,False,14.2166
20261007_144347,2026-10-07 14:43:47.004000+00:00,Zürich,rail,ch:1:sloid:3000,Zürich HB,ch:1:sloid:3000:6:10,2026-10-07,ch:1:sjyid:100001:274-001,rail,InterCityExpress,ICE,ICE,274,Zürich HB,Halle (Saale) Hbf,10,11,2026-10-07 14:59:00+00:00,2026-10-07 14:59:30+00:00,,True,0.5,2026-10-07 16:43:47.004000+02:00,2026-10-07 16:59:00+02:00,2026-10-07 16:59:30+02:00,2026-10-07,16,Wednesday,False,15.2166
20261007_144347,2026-10-07 14:43:47.004000+00:00,Zürich,rail,ch:1:sloid:3000,Zürich HB,ch:1:sloid:3000:502:42,2026-10-07,ch:1:sjyid:100001:19164-001,rail,S-Bahn,S11,S11,19164,Seuzach,Aarau,41/42,,2026-10-07 14:59:00+00:00,2026-10-07 15:00:06+00:00,,True,1.1,2026-10-07 16:43:47.004000+02:00,2026-10-07 16:59:00+02:00,2026-10-07 17:00:06+02:00,2026-10-07,16,Wednesday,False,15.2166
20261007_144347,2026-10-07 14:43:47.004000+00:00,Zürich,rail,ch:1:sloid:3000,Zürich HB,ch:1:sloid:3000:503:43,2026-10-07,ch:1:sjyid:100001:18663-001,rail,S-Bahn,S6,S6,18663,Baden,Uetikon,43/44,,2026-10-07 15:00:00+00:00,2026-10-07 15:00:30+00:00,,True,0.5,2026-10-07 16:43:47.004000+02:00,2026-10-07 17:00:00+02:00,2026-10-07 17:00:30+02:00,2026-10-07,17,Wednesday,False,16.2166
20261007_144347,2026-10-07 14:43:47.004000+00:00,Zürich,rail,ch:1:sloid:3000,Zürich HB,ch:1:sloid:3000:503:43,2026-10-07,ch:1:sjyid:100001:19165-001,rail,S-Bahn,S11,S11,19165,Aarau,Seuzach,43/44,,2026-10-07 15:01:00+00:00,2026-10-07 15:02:00+00:00,,True,1.0,2026-10-07 16:43:47.004000+02:00,2026-10-07 17:01:00+02:00,2026-10-07 17:02:00+02:00,2026-10-07,17,Wednesday,False,17.216600000000003
20261007_144347,2026-10-07 14:43:47.004000+00:00,Zürich,rail,ch:1:sloid:3000,Zürich HB,ch:1:sloid:3000:502:42,2026-10-07,ch:1:sjyid:100001:18664-001,rail,S-Bahn,S6,S6,18664,Uetikon,Baden,41/42,,2026-10-07 15:01:00+00:00,2026-10-07 15:01:42+00:00,,True,0.7,2026-10-07 16:43:47.004000+02:00,2026-10-07 17:01:00+02:00,2026-10-07 17:01:42+02:00,2026-10-07,17,Wednesday,False,17.216600000000003
20261007_144347,2026-10-07 14:43:47.004000+00:00,Zürich,rail,ch:1:sloid:3000,Zürich HB,ch:1:sloid:3000:3:5,2026-10-07,ch:1:sjyid:100001:10779-003,rail,InterCity,IC3,IC3,10779,Zürich HB,Chur,,,2026-10-07 15:01:30+00:00,2026-10-07 15:01:30+00:00,,True,0.0,2026-10-07 16:43:47.004000+02:00,2026-10-07 17:01:30+02:00,2026-10-07 17:01:30+02:00,2026-10-07,17,Wednesday,False,17.716600000000003
20261007_144347,2026-10-07 14:43:47.004000+00:00,Zürich,rail,ch:1:sloid:3000,Zürich HB,ch:1:sloid:3000:501:33,2026-10-07,ch:1:sjyid:100001:527-001,rail,InterCity,IC5,IC5,527,Lausanne,Rorschach,33,,2026-10-07 15:02:00+00:00,2026-10-07 15:02:30+00:00,,True,0.5,2026-10-07 16:43:47.004000+02:00,2026-10-07 17:02:00+02:00,2026-10-07 17:02:30+02:00,2026-10-07,17,Wednesday,False,18.216600000000003
20261007_144347,2026-10-07 14:43:47.004000+00:00,Zürich,rail,ch:1:sloid:3000,Zürich HB,ch:1:sloid:3000:500:31,2026-10-07,ch:1:sjyid:100001:826-002,rail,InterCity,IC81,IC81,826,Romanshorn,Interlaken Ost,31,,2026-10-07 15:02:00+00:00,2026-10-07 15:02:30+00:00,,True,0.5,2026-10-07 16:43:47.004000+02:00,2026-10-07 17:02:00+02:00,2026-10-07 17:02:30+02:00,2026-10-07,17,Wednesday,False,18.216600000000003
20261007_144347,2026-10-07 14:43:47.004000+00:00,Zürich,rail,ch:1:sloid:3000,Zürich HB,ch:1:sloid:3000:3:5,2026-10-07,ch:1:sjyid:100001:10779-003,rail,InterCity,IC3,IC3,10779,Zürich HB,Chur,5,,2026-10-07 15:02:00+00:00,2026-10-07 15:02:30+00:00,,True,0.5,2026-10-07 16:43:47.004000+02:00,2026-10-07 17:02:00+02:00,2026-10-07 17:02:30+02:00,2026-10-07,17,Wednesday,False,18.216600000000003
20261007_144347,2026-10-07 14:43:47.004000+00:00,Zürich,rail,ch:1:sloid:3000,Zürich HB,ch:1:sloid:3000:500:32,2026-10-07,ch:1:sjyid:100001:530-001,rail,InterCity,IC5,IC5,530,Rorschach,Lausanne,32,,2026-10-07 15:04:00+00:00,2026-10-07 15:04:30+00:00,,True,0.5,2026-10-07 16:43:47.004000+02:00,2026-10-07 17:04:00+02:00,2026-10-07 17:04:30+02:00,2026-10-07,17,Wednesday,False,20.216600000000003
20261007_144347,2026-10-07 14:43:47.934000+00:00,Bern,rail,ch:1:sloid:7000,Bern,ch:1:sloid:7000_gen:ch:1:sloid:7000:1:21_pf:1E-H,2026-10-07,ch:1:sjyid:100015:15160-001,rail,S-Bahn,S1,S1,15160,Thun,Fribourg/Freiburg,1E-H,,2026-10-07 14:45:00+00:00,2026-10-07 14:46:18+00:00,,True,1.3,2026-10-07 16:43:47.934000+02:00,2026-10-07 16:45:00+02:00,2026-10-07 16:46:18+02:00,2026-10-07,16,Wednesday,False,1.2011
20261007_144347,2026-10-07 14:43:47.934000+00:00,Bern,rail,ch:1:sloid:7000,Bern,ch:1:sloid:7000:501:23,2026-10-07,ch:1:sjyid:100066:SKI-7167,rail,S-Bahn,S7,S7,7167,Bern,Worb Dorf,23,,2026-10-07 14:45:00+00:00,2026-10-07 14:45:00+00:00,,True,0.0,2026-10-07 16:43:47.934000+02:00,2026-10-07 16:45:00+02:00,2026-10-07 16:45:00+02:00,2026-10-07,16,Wednesday,False,1.2011
20261007_144347,2026-10-07 14:43:47.934000+00:00,Bern,rail,ch:1:sloid:7000,Bern,ch:1:sloid:7000:500:22,2026-10-07,ch:1:sjyid:100066:SKI-9167,rail,S-Bahn,S9,S9,9167,Bern,Unterzollikofen,22,,2026-10-07 14:46:00+00:00,2026-10-07 14:46:00+00:00,,True,0.0,2026-10-07 16:43:47.934000+02:00,2026-10-07 16:46:00+02:00,2026-10-07 16:46:00+02:00,2026-10-07,16,Wednesday,False,2.2011
20261007_144347,2026-10-07 14:43:47.934000+00:00,Bern,rail,ch:1:sloid:7000,Bern,ch:1:sloid:7000_gen:ch:1:sloid:7000:6:33_pf:13D-F,2026-10-07,ch:1:sjyid:100015:16363-002,rail,S-Bahn,S31,S31,16363,Wabern bei Bern,Biel/Bienne,13D-F,,2026-10-07 14:46:00+00:00,2026-10-07 14:46:12+00:00,,True,0.2,2026-10-07 16:43:47.934000+02:00,2026-10-07 16:46:00+02:00,2026-10-07 16:46:12+02:00,2026-10-07,16,Wednesday,False,2.2011
20261007_144347,2026-10-07 14:43:47.934000+00:00,Bern,rail,ch:1:sloid:7000,Bern,ch:1:sloid:7000_gen:ch:1:sloid:7000:3:5_pf:5A-C,2026-10-07,ch:1:sjyid:100015:16360-002,rail,S-Bahn,S31,S31,16360,Biel/Bienne,Wabern bei Bern,5A-C,,2026-10-07 14:47:00+00:00,2026-10-07 14:47:12+00:00,,True,0.2,2026-10-07 16:43:47.934000+02:00,2026-10-07 16:47:00+02:00,2026-10-07 16:47:12+02:00,2026-10-07,16,Wednesday,False,3.2011
20261007_144347,2026-10-07 14:43:47.934000+00:00,Bern,rail,ch:1:sloid:7000,Bern,ch:1:sloid:7000:5:10,2026-10-07,ch:1:sjyid:100015:15161-001,rail,S-Bahn,S1,S1,15161,Fribourg/Freiburg,Thun,10,,2026-10-07 14:47:00+00:00,2026-10-07 14:47:30+00:00,,True,0.5,2026-10-07 16:43:47.934000+02:00,2026-10-07 16:47:00+02:00,2026-10-07 16:47:30+02:00,2026-10-07,16,Wednesday,False,3.2011
20261007_144347,2026-10-07 14:43:47.934000+00:00,Bern,rail,ch:1:sloid:7000,Bern,ch:1:sloid:7000:1:1,2026-10-07,ch:1:sjyid:100015:15262-001,rail,S-Bahn,S2,S2,15262,Langnau i.E.,Laupen BE,1A-D,,2026-10-07 14:50:00+00:00,2026-10-07 14:50:18+00:00,,True,0.3,2026-10-07 16:43:47.934000+02:00,2026-10-07 16:50:00+02:00,2026-10-07 16:50:18+02:00,2026-10-07,16,Wednesday,False,6.201099999999999
20261007_144347,2026-10-07 14:43:47.934000+00:00,Bern,rail,ch:1:sloid:7000,Bern,ch:1:sloid:7000:500:21,2026-10-07,ch:1:sjyid:100066:SKI-1167,rail,RegioExpress,RE5,RE5,1167,Bern,Solothurn,21,,2026-10-07 14:50:00+00:00,2026-10-07 14:50:00+00:00,,True,0.0,2026-10-07 16:43:47.934000+02:00,2026-10-07 16:50:00+02:00,2026-10-07 16:50:00+02:00,2026-10-07,16,Wednesday,False,6.201099999999999
20261007_144347,2026-10-07 14:43:47.934000+00:00,Bern,rail,ch:1:sloid:7000,Bern,ch:1:sloid:7000:6:12,2026-10-07,ch:1:sjyid:100015:16461-001,rail,S-Bahn,S44,S44,16461,Thun,Solothurn/Sumiswald-Grünen,12,,2026-10-07 14:50:00+00:00,2026-10-07 14:50:12+00:00,,True,0.2,2026-10-07 16:43:47.934000+02:00,2026-10-07 16:50:00+02:00,2026-10-07 16:50:12+02:00,2026-10-07,16,Wednesday,False,6.201099999999999
20261007_144347,2026-10-07 14:43:47.934000+00:00,Bern,rail,ch:1:sloid:7000,Bern,ch:1:sloid:7000:501:23,2026-10-07,ch:1:sjyid:100066:SKI-7667,rail,S-Bahn,S7,S7,7667,Bern,Bolligen,23,,2026-10-07 14:52:00+00:00,2026-10-07 14:52:00+00:00,,True,0.0,2026-10-07 16:43:47.934000+02:00,2026-10-07 16:52:00+02:00,2026-10-07 16:52:00+02:00,2026-10-07,16,Wednesday,False,8.2011
20261007_144347,2026-10-07 14:43:47.934000+00:00,Bern,rail,ch:1:sloid:7000,Bern,ch:1:sloid:7000:3:6,2026-10-07,ch:1:sjyid:100015:3230-001,rail,InterRegio,IR66,IR66,3230,Bern,La Chaux-de-Fonds,6,,2026-10-07 14:53:00+00:00,2026-10-07 14:53:12+00:00,,True,0.2,2026-10-07 16:43:47.934000+02:00,2026-10-07 16:53:00+02:00,2026-10-07 16:53:12+02:00,2026-10-07,16,Wednesday,False,9.2011
20261007_144347,2026-10-07 14:43:47.934000+00:00,Bern,rail,ch:1:sloid:7000,Bern,ch:1:sloid:7000:501:24,2026-10-07,ch:1:sjyid:100066:SKI-8167,rail,S-Bahn,S8,S8,8167,Bern,Jegenstorf,24,,2026-10-07 14:54:00+00:00,2026-10-07 14:54:00+00:00,,True,0.0,2026-10-07 16:43:47.934000+02:00,2026-10-07 16:54:00+02:00,2026-10-07 16:54:00+02:00,2026-10-07,16,Wednesday,False,10.2011
20261007_144347,2026-10-07 14:43:47.934000+00:00,Bern,rail,ch:1:sloid:7000,Bern,ch:1:sloid:7000_gen:ch:1:sloid:7000:6:13_pf:13AB,2026-10-07,ch:1:sjyid:100015:15065-001,rail,S-Bahn,S22,S22,15065,Bern,Langnau i.E.,13AB,,2026-10-07 14:56:00+00:00,2026-10-07 14:56:12+00:00,,True,0.2,2026-10-07 16:43:47.934000+02:00,2026-10-07 16:56:00+02:00,2026-10-07 16:56:12+02:00,2026-10-07,16,Wednesday,False,12.2011
20261007_144347,2026-10-07 14:43:47.934000+00:00,Bern,rail,ch:1:sloid:7000,Bern,ch:1:sloid:7000:5:10,2026-10-07,ch:1:sjyid:100001:2527-001,rail,InterRegio,IR15,IR15,2527,Genève-Aéroport,Luzern,10,,2026-10-07 15:00:00+00:00,2026-10-07 15:00:36+00:00,,True,0.6,2026-10-07 16:43:47.934000+02:00,2026-10-07 17:00:00+02:00,2026-10-07 17:00:36+02:00,2026-10-07,17,Wednesday,False,16.2011
20261007_144347,2026-10-07 14:43:47.934000+00:00,Bern,rail,ch:1:sloid:7000,Bern,ch:1:sloid:7000:501:23,2026-10-07,ch:1:sjyid:100066:SKI-7171,rail,S-Bahn,S7,S7,7171,Bern,Worb Dorf,23,,2026-10-07 15:00:00+00:00,2026-10-07 15:00:00+00:00,,True,0.0,2026-10-07 16:43:47.934000+02:00,2026-10-07 17:00:00+02:00,2026-10-07 17:00:00+02:00,2026-10-07,17,Wednesday,False,16.2011
20261007_144347,2026-10-07 14:43:47.934000+00:00,Bern,rail,ch:1:sloid:7000,Bern,ch:1:sloid:7000:6:12,2026-10-07,ch:1:sjyid:100015:15365-001,rail,S-Bahn,S3,S3,15365,Belp,Biel/Bienne,12,,2026-10-07 15:00:00+00:00,2026-10-07 15:00:30+00:00,,True,0.5,2026-10-07 16:43:47.934000+02:00,2026-10-07 17:00:00+02:00,2026-10-07 17:00:30+02:00,2026-10-07,17,Wednesday,False,16.2011
20261007_144347,2026-10-07 14:43:47.934000+00:00,Bern,rail,ch:1:sloid:7000,Bern,ch:1:sloid:7000:500:22,2026-10-07,ch:1:sjyid:100066:SKI-9171,rail,S-Bahn,S9,S9,9171,Bern,Unterzollikofen,22,,2026-10-07 15:01:00+00:00,2026-10-07 15:01:00+00:00,,True,0.0,2026-10-07 16:43:47.934000+02:00,2026-10-07 17:01:00+02:00,2026-10-07 17:01:00+02:00,2026-10-07,17,Wednesday,False,17.2011
20261007_144347,2026-10-07 14:43:47.934000+00:00,Bern,rail,ch:1:sloid:7000,Bern,ch:1:sloid:7000:1:2,2026-10-07,ch:1:sjyid:100001:827-002,rail,InterCity,IC81,IC81,827,Interlaken Ost,Romanshorn,2,,2026-10-07 15:02:00+00:00,2026-10-07 15:02:36+00:00,,True,0.6,2026-10-07 16:43:47.934000+02:00,2026-10-07 17:02:00+02:00,2026-10-07 17:02:36+02:00,2026-10-07,17,Wednesday,False,18.2011
20261007_144347,2026-10-07 14:43:47.934000+00:00,Bern,rail,ch:1:sloid:7000,Bern,ch:1:sloid:7000:1:1,2026-10-07,ch:1:sjyid:100015:15362-001,rail,S-Bahn,S3,S3,15362,Biel/Bienne,Belp,1A-D,,2026-10-07 15:02:00+00:00,2026-10-07 15:07:24+00:00,,True,5.4,2026-10-07 16:43:47.934000+02:00,2026-10-07 17:02:00+02:00,2026-10-07 17:07:24+02:00,2026-10-07,17,Wednesday,False,18.2011
20261007_144347,2026-10-07 14:43:47.934000+00:00,Bern,rail,ch:1:sloid:7000,Bern,ch:1:sloid:7000:3:5,2026-10-07,ch:1:sjyid:100001:978-001,rail,InterCity,IC6,IC6,978,Brig,Basel SBB,5,,2026-10-07 15:04:00+00:00,2026-10-07 15:05:00+00:00,,True,1.0,2026-10-07 16:43:47.934000+02:00,2026-10-07 17:04:00+02:00,2026-10-07 17:05:00+02:00,2026-10-07,17,Wednesday,False,20.2011
20261007_144347,2026-10-07 14:43:47.934000+00:00,Bern,rail,ch:1:sloid:7000,Bern,ch:1:sloid:7000:4:7,2026-10-07,ch:1:sjyid:100001:2528-001,rail,InterRegio,IR15,IR15,2528,Luzern,Genève-Aéroport,7,,2026-10-07 15:04:00+00:00,2026-10-07 15:04:36+00:00,,True,0.6,2026-10-07 16:43:47.934000+02:00,2026-10-07 17:04:00+02:00,2026-10-07 17:04:36+02:00,2026-10-07,17,Wednesday,False,20.2011
20261007_144347,2026-10-07 14:43:47.934000+00:00,Bern,rail,ch:1:sloid:7000,Bern,ch:1:sloid:7000:4:8,2026-10-07,ch:1:sjyid:100001:977-001,rail,InterCity,IC61,IC61,977,Basel SBB,Interlaken Ost,8,,2026-10-07 15:04:00+00:00,2026-10-07 15:04:42+00:00,,True,0.7,2026-10-07 16:43:47.934000+02:00,2026-10-07 17:04:00+02:00,2026-10-07 17:04:42+02:00,2026-10-07,17,Wednesday,False,20.2011
20261007_144347,2026-10-07 14:43:47.934000+00:00,Bern,rail,ch:1:sloid:7000,Bern,ch:1:sloid:7000:500:21,2026-10-07,ch:1:sjyid:100066:SKI-1171,rail,RegioExpress,RE5,RE5,1171,Bern,Solothurn,21,,2026-10-07 15:05:00+00:00,2026-10-07 15:05:00+00:00,,True,0.0,2026-10-07 16:43:47.934000+02:00,2026-10-07 17:05:00+02:00,2026-10-07 17:05:00+02:00,2026-10-07,17,Wednesday,False,21.2011
20261007_144347,2026-10-07 14:43:47.934000+00:00,Bern,rail,ch:1:sloid:7000,Bern,ch:1:sloid:7000:6:32,2026-10-07,ch:1:sjyid:100015:15664-001,rail,S-Bahn,S6,S6,15664,Bern,Schwarzenburg,12D-F,,2026-10-07 15:06:00+00:00,2026-10-07 15:06:12+00:00,,True,0.2,2026-10-07 16:43:47.934000+02:00,2026-10-07 17:06:00+02:00,2026-10-07 17:06:12+02:00,2026-10-07,17,Wednesday,False,22.2011
20261007_144347,2026-10-07 14:43:47.934000+00:00,Bern,rail,ch:1:sloid:7000,Bern,ch:1:sloid:7000:3:6,2026-10-07,ch:1:sjyid:100001:824-001,rail,InterCity,IC8,IC8,824,Romanshorn,Brig,6,,2026-10-07 15:07:00+00:00,2026-10-07 15:07:42+00:00,,True,0.7,2026-10-07 16:43:47.934000+02:00,2026-10-07 17:07:00+02:00,2026-10-07 17:07:42+02:00,2026-10-07,17,Wednesday,False,23.2011
20261007_144347,2026-10-07 14:43:47.934000+00:00,Bern,rail,ch:1:sloid:7000,Bern,ch:1:sloid:7000:5:9,2026-10-07,ch:1:sjyid:100015:2831-001,rail,InterRegio,IR17,IR17,2831,Bern,Olten,9,,2026-10-07 15:07:00+00:00,2026-10-07 15:07:30+00:00,,True,0.5,2026-10-07 16:43:47.934000+02:00,2026-10-07 17:07:00+02:00,2026-10-07 17:07:30+02:00,2026-10-07,17,Wednesday,False,23.2011
20261007_144347,2026-10-07 14:43:47.934000+00:00,Bern,rail,ch:1:sloid:7000,Bern,ch:1:sloid:7000:501:23,2026-10-07,ch:1:sjyid:100066:SKI-7671,rail,S-Bahn,S7,S7,7671,Bern,Bolligen,23,,2026-10-07 15:07:00+00:00,2026-10-07 15:07:00+00:00,,True,0.0,2026-10-07 16:43:47.934000+02:00,2026-10-07 17:07:00+02:00,2026-10-07 17:07:00+02:00,2026-10-07,17,Wednesday,False,23.2011
20261007_144347,2026-10-07 14:43:47.934000+00:00,Bern,rail,ch:1:sloid:7000,Bern,ch:1:sloid:7000_gen:ch:1:sloid:7000:6:12_pf:12A-C,2026-10-07,ch:1:sjyid:100015:15564-001,rail,S-Bahn,S5,S5,15564,Bern,Neuchâtel/Avenches,12A-C,,2026-10-07 15:08:00+00:00,2026-10-07 15:08:12+00:00,,True,0.2,2026-10-07 16:43:47.934000+02:00,2026-10-07 17:08:00+02:00,2026-10-07 17:08:12+02:00,2026-10-07,17,Wednesday,False,24.2011
20261007_144347,2026-10-07 14:43:47.934000+00:00,Bern,rail,ch:1:sloid:7000,Bern,ch:1:sloid:7000_gen:ch:1:sloid:7000:2:4_pf:4F-H,2026-10-07,ch:1:sjyid:100034:3828-001,rail,RegioExpress,RE2,RE2,3828,Bern,Broc-Chocolaterie,4F-H,,2026-10-07 15:09:00+00:00,2026-10-07 15:09:12+00:00,,True,0.2,2026-10-07 16:43:47.934000+02:00,2026-10-07 17:09:00+02:00,2026-10-07 17:09:12+02:00,2026-10-07,17,Wednesday,False,25.2011
20261007_144347,2026-10-07 14:43:47.934000+00:00,Bern,rail,ch:1:sloid:7000,Bern,ch:1:sloid:7000:501:24,2026-10-07,ch:1:sjyid:100066:SKI-8171,rail,S-Bahn,S8,S8,8171,Bern,Bätterkinden,24,,2026-10-07 15:09:00+00:00,2026-10-07 15:09:00+00:00,,True,0.0,2026-10-07 16:43:47.934000+02:00,2026-10-07 17:09:00+02:00,2026-10-07 17:09:00+02:00,2026-10-07,17,Wednesday,False,25.2011
20261007_144347,2026-10-07 14:43:48.459000+00:00,Basel,rail,ch:1:sloid:10,Basel SBB,ch:1:sloid:10:5:9,2026-10-07,ch:1:sjyid:100001:2279-001,rail,InterRegio,IR37,IR37,2279,Basel SBB,Zürich HB,9,,2026-10-07 14:43:00+00:00,2026-10-07 14:43:48+00:00,,True,0.8,2026-10-07 16:43:48.459000+02:00,2026-10-07 16:43:00+02:00,2026-10-07 16:43:48+02:00,2026-10-07,16,Wednesday,False,-0.8076500000000001
20261007_144347,2026-10-07 14:43:48.459000+00:00,Basel,rail,ch:1:sloid:10,Basel SBB,ch:1:sloid:10:7:15,2026-10-07,ch:1:sjyid:100001:17561-002,rail,S-Bahn,S33,S33,17561,Basel SBB,Sissach,15,,2026-10-07 14:45:00+00:00,2026-10-07 14:45:30+00:00,,True,0.5,2026-10-07 16:43:48.459000+02:00,2026-10-07 16:45:00+02:00,2026-10-07 16:45:30+02:00,2026-10-07,16,Wednesday,False,1.19235
20261007_144347,2026-10-07 14:43:48.459000+00:00,Basel,rail,ch:1:sloid:10,Basel SBB,ch:1:sloid:10:5:10,2026-10-07,ch:1:sjyid:100001:70-001,rail,InterCityExpress,ICE,ICE,70,Basel SBB,Hamburg Hbf,10,,2026-10-07 14:46:00+00:00,2026-10-07 14:46:42+00:00,,True,0.7,2026-10-07 16:43:48.459000+02:00,2026-10-07 16:46:00+02:00,2026-10-07 16:46:42+02:00,2026-10-07,16,Wednesday,False,2.19235
20261007_144347,2026-10-07 14:43:48.459000+00:00,Basel,rail,ch:1:sloid:10,Basel SBB,ch:1:sloid:10:6:12,2026-10-07,ch:1:sjyid:100001:17263-001,rail,S-Bahn,S1,S1,17263,Basel SBB,Laufenburg,12,,2026-10-07 14:49:00+00:00,2026-10-07 14:49:12+00:00,,True,0.2,2026-10-07 16:43:48.459000+02:00,2026-10-07 16:49:00+02:00,2026-10-07 16:49:12+02:00,2026-10-07,16,Wednesday,False,5.19235
20261007_144347,2026-10-07 14:43:48.459000+00:00,Basel,rail,ch:1:sloid:10,Basel SBB,ch:1:sloid:10:1:1,2026-10-07,ch:1:sjyid:100001:17065-001,rail,S-Bahn,S11,S11,17065,Basel SBB,Stein-Säckingen,1,,2026-10-07 14:55:00+00:00,2026-10-07 14:55:12+00:00,,True,0.2,2026-10-07 16:43:48.459000+02:00,2026-10-07 16:55:00+02:00,2026-10-07 16:55:12+02:00,2026-10-07,16,Wednesday,False,11.192350000000001
20261007_144347,2026-10-07 14:43:48.459000+00:00,Basel,rail,ch:1:sloid:10,Basel SBB,ch:1:sloid:10:2:4,2026-10-07,ch:1:sjyid:100001:107-002,rail,InterCityExpress,ICE,ICE,107,Basel Bad Bf,Brig,4,,2026-10-07 14:58:00+00:00,2026-10-07 14:58:00+00:00,,True,0.0,2026-10-07 16:43:48.459000+02:00,2026-10-07 16:58:00+02:00,2026-10-07 16:58:00+02:00,2026-10-07,16,Wednesday,False,14.192350000000001
20261007_144347,2026-10-07 14:43:48.459000+00:00,Basel,rail,ch:1:sloid:10,Basel SBB,ch:1:sloid:10:2:4,2026-10-07,ch:1:sjyid:100001:70107-898,rail,,ICE,ICE,70107,Basel SBB,Brig,4,,2026-10-07 14:58:00+00:00,2026-10-07 14:58:42+00:00,,True,0.7,2026-10-07 16:43:48.459000+02:00,2026-10-07 16:58:00+02:00,2026-10-07 16:58:42+02:00,2026-10-07,16,Wednesday,False,14.192350000000001
20261007_144347,2026-10-07 14:43:48.459000+00:00,Basel,rail,ch:1:sloid:10,Basel SBB,ch:1:sloid:10:0:19,2026-10-07,ch:1:sjyid:100001:17361-001,rail,S-Bahn,S3,S3,17361,Laufen,Olten,19A-D,,2026-10-07 15:00:00+00:00,2026-10-07 15:00:12+00:00,,True,0.2,2026-10-07 16:43:48.459000+02:00,2026-10-07 17:00:00+02:00,2026-10-07 17:00:12+02:00,2026-10-07,17,Wednesday,False,16.19235
20261007_144347,2026-10-07 14:43:48.459000+00:00,Basel,rail,ch:1:sloid:10,Basel SBB,ch:1:sloid:10:0:20,2026-10-07,ch:1:sjyid:100015:1876-001,rail,InterRegio,IR56,IR56,1876,Basel SBB,Biel/Bienne,20,,2026-10-07 15:02:00+00:00,2026-10-07 15:02:12+00:00,,True,0.2,2026-10-07 16:43:48.459000+02:00,2026-10-07 17:02:00+02:00,2026-10-07 17:02:12+02:00,2026-10-07,17,Wednesday,False,18.192349999999998
20261007_144347,2026-10-07 14:43:48.459000+00:00,Basel,rail,ch:1:sloid:10,Basel SBB,ch:1:sloid:10:3:5,2026-10-07,ch:1:sjyid:100001:683-001,rail,InterCity,IC21,IC21,683,Basel SBB,Lugano,5,,2026-10-07 15:04:00+00:00,2026-10-07 15:04:42+00:00,,True,0.7,2026-10-07 16:43:48.459000+02:00,2026-10-07 17:04:00+02:00,2026-10-07 17:04:42+02:00,2026-10-07,17,Wednesday,False,20.192349999999998
20261007_144347,2026-10-07 14:43:48.459000+00:00,Basel,rail,ch:1:sloid:10,Basel SBB,ch:1:sloid:10:1:2,2026-10-07,ch:1:sjyid:100308:87848-001,rail,S-Bahn,S6,S6,87848,Basel SBB,Zell (Wiesental),2,,2026-10-07 15:06:00+00:00,2026-10-07 15:06:12+00:00,,True,0.2,2026-10-07 16:43:48.459000+02:00,2026-10-07 17:06:00+02:00,2026-10-07 17:06:12+02:00,2026-10-07,17,Wednesday,False,22.192349999999998
20261007_144347,2026-10-07 14:43:48.459000+00:00,Basel,rail,ch:1:sloid:10,Basel SBB,ch:1:sloid:10:6:11,2026-10-07,ch:1:sjyid:100001:1981-001,rail,InterRegio,IR36,IR36,1981,Basel SBB,Zürich HB,11,,2026-10-07 15:07:00+00:00,2026-10-07 15:07:42+00:00,,True,0.7,2026-10-07 16:43:48.459000+02:00,2026-10-07 17:07:00+02:00,2026-10-07 17:07:42+02:00,2026-10-07,17,Wednesday,False,23.192349999999998
20261007_144347,2026-10-07 14:43:48.459000+00:00,Basel,rail,ch:1:sloid:10,Basel SBB,ch:1:sloid:10:4:7,2026-10-07,ch:1:sjyid:100001:781-001,rail,InterCity,IC3,IC3,781,Basel SBB,Zürich HB,7,,2026-10-07 15:07:00+00:00,2026-10-07 15:07:48+00:00,,True,0.8,2026-10-07 16:43:48.459000+02:00,2026-10-07 17:07:00+02:00,2026-10-07 17:07:48+02:00,2026-10-07,17,Wednesday,False,23.192349999999998
20261007_144347,2026-10-07 14:43:48.459000+00:00,Basel,rail,ch:1:sloid:10,Basel SBB,ch:1:sloid:10:22:33,2026-10-07,ch:1:sjyid:100001:96128-001,rail,Train Express Regional,TER,TER,96128,Basel SBB,Mulhouse,33,,2026-10-07 15:08:00+00:00,2026-10-07 15:08:18+00:00,,True,0.3,2026-10-07 16:43:48.459000+02:00,2026-10-07 17:08:00+02:00,2026-10-07 17:08:18+02:00,2026-10-07,17,Wednesday,False,24.192349999999998
20261007_144347,2026-10-07 14:43:48.459000+00:00,Basel,rail,ch:1:sloid:10,Basel SBB,ch:1:sloid:10:8:16,2026-10-07,ch:1:sjyid:100001:17360-001,rail,S-Bahn,S3,S3,17360,Olten,Laufen,16,,2026-10-07 15:08:00+00:00,2026-10-07 15:08:12+00:00,,True,0.2,2026-10-07 16:43:48.459000+02:00,2026-10-07 17:08:00+02:00,2026-10-07 17:08:12+02:00,2026-10-07,17,Wednesday,False,24.192349999999998
20261007_144347,2026-10-07 14:43:48.459000+00:00,Basel,rail,ch:1:sloid:10,Basel SBB,ch:1:sloid:10_gen:ch:1:sloid:10:8:16_pf:16A-C,2026-10-07,ch:1:sjyid:100001:17084-001,rail,S-Bahn,S31,S31,17084,Basel SBB,Laufen,16A-C,,2026-10-07 15:14:00+00:00,2026-10-07 15:14:12+00:00,,True,0.2,2026-10-07 16:43:48.459000+02:00,2026-10-07 17:14:00+02:00,2026-10-07 17:14:12+02:00,2026-10-07,17,Wednesday,False,30.192349999999998
20261007_144347,2026-10-07 14:43:48.459000+00:00,Basel,rail,ch:1:sloid:10,Basel SBB,ch:1:sloid:10:7:14,2026-10-07,ch:1:sjyid:100001:17563-001,rail,S-Bahn,S33,S33,17563,Basel SBB,Liestal,14,,2026-10-07 15:15:00+00:00,2026-10-07 15:15:30+00:00,,True,0.5,2026-10-07 16:43:48.459000+02:00,2026-10-07 17:15:00+02:00,2026-10-07 17:15:30+02:00,2026-10-07,17,Wednesday,False,31.192349999999998
20261007_144347,2026-10-07 14:43:48.459000+00:00,Basel,rail,ch:1:sloid:10,Basel SBB,ch:1:sloid:10:2:3,2026-10-07,ch:1:sjyid:100001:2481-001,rail,InterRegio,IR27,IR27,2481,Basel SBB,Luzern,3,,2026-10-07 15:16:00+00:00,2026-10-07 15:16:42+00:00,,True,0.7,2026-10-07 16:43:48.459000+02:00,2026-10-07 17:16:00+02:00,2026-10-07 17:16:42+02:00,2026-10-07,17,Wednesday,False,32.19235
20261007_144347,2026-10-07 14:43:48.459000+00:00,Basel,rail,ch:1:sloid:10,Basel SBB,ch:1:sloid:10:4:8,2026-10-07,ch:1:sjyid:100001:102-001,rail,InterCityExpress,ICE,ICE,102,Zürich HB,Köln Hbf,8,,2026-10-07 15:16:00+00:00,2026-10-07 15:16:42+00:00,,True,0.7,2026-10-07 16:43:48.459000+02:00,2026-10-07 17:16:00+02:00,2026-10-07 17:16:42+02:00,2026-10-07,17,Wednesday,False,32.19235
20261007_144347,2026-10-07 14:43:48.459000+00:00,Basel,rail,ch:1:sloid:10,Basel SBB,ch:1:sloid:10:6:12,2026-10-07,ch:1:sjyid:100001:17165-001,rail,S-Bahn,S1,S1,17165,Basel SBB,Frick,12,,2026-10-07 15:19:00+00:00,2026-10-07 15:19:12+00:00,,True,0.2,2026-10-07 16:43:48.459000+02:00,2026-10-07 17:19:00+02:00,2026-10-07 17:19:12+02:00,2026-10-07,17,Wednesday,False,35.192350000000005
20261007_144347,2026-10-07 14:43:48.459000+00:00,Basel,rail,ch:1:sloid:10,Basel SBB,ch:1:sloid:10:21:31,2026-10-07,ch:1:sjyid:100001:96234-001,rail,Train Express Regional,TER,TER,96234,Basel SBB,Strasbourg,31,,2026-10-07 15:21:00+00:00,2026-10-07 15:21:30+00:00,,True,0.5,2026-10-07 16:43:48.459000+02:00,2026-10-07 17:21:00+02:00,2026-10-07 17:21:30+02:00,2026-10-07,17,Wednesday,False,37.192350000000005
20261007_144347,2026-10-07 14:43:48.459000+00:00,Basel,rail,ch:1:sloid:10,Basel SBB,ch:1:sloid:10:1:1,2026-10-07,ch:1:sjyid:100001:17067-001,rail,S-Bahn,S11,S11,17067,Basel SBB,Stein-Säckingen,1,,2026-10-07 15:26:00+00:00,2026-10-07 15:26:12+00:00,,True,0.2,2026-10-07 16:43:48.459000+02:00,2026-10-07 17:26:00+02:00,2026-10-07 17:26:12+02:00,2026-10-07,17,Wednesday,False,42.192350000000005
20261007_144347,2026-10-07 14:43:48.459000+00:00,Basel,rail,ch:1:sloid:10,Basel SBB,ch:1:sloid:10:0:19,2026-10-07,ch:1:sjyid:100001:17363-001,rail,S-Bahn,S3,S3,17363,Laufen,Olten,19,,2026-10-07 15:30:00+00:00,2026-10-07 15:30:12+00:00,,True,0.2,2026-10-07 16:43:48.459000+02:00,2026-10-07 17:30:00+02:00,2026-10-07 17:30:12+02:00,2026-10-07,17,Wednesday,False,46.192350000000005
20261007_144347,2026-10-07 14:43:48.459000+00:00,Basel,rail,ch:1:sloid:10,Basel SBB,ch:1:sloid:10:5:9,2026-10-07,ch:1:sjyid:100001:67-001,rail,EuroCity,EC,EC,67,Basel SBB,Milano Centrale,9,,2026-10-07 15:30:00+00:00,,,False,,2026-10-07 16:43:48.459000+02:00,2026-10-07 17:30:00+02:00,,2026-10-07,17,Wednesday,False,46.192350000000005
20261007_144347,2026-10-07 14:43:48.459000+00:00,Basel,rail,ch:1:sloid:10,Basel SBB,ch:1:sloid:10:0:20,2026-10-07,ch:1:sjyid:100001:1632-001,rail,InterCity,IC51,IC51,1632,Basel SBB,Lausanne,20,,2026-10-07 15:32:00+00:00,2026-10-07 15:32:42+00:00,,True,0.7,2026-10-07 16:43:48.459000+02:00,2026-10-07 17:32:00+02:00,2026-10-07 17:32:42+02:00,2026-10-07,17,Wednesday,False,48.192350000000005
20261007_144347,2026-10-07 14:43:48.459000+00:00,Basel,rail,ch:1:sloid:10,Basel SBB,ch:1:sloid:10:4:7,2026-10-07,ch:1:sjyid:100001:581-001,rail,InterCity,IC3,IC3,581,Basel SBB,Chur,7,,2026-10-07 15:33:00+00:00,2026-10-07 15:33:48+00:00,,True,0.8,2026-10-07 16:43:48.459000+02:00,2026-10-07 17:33:00+02:00,2026-10-07 17:33:48+02:00,2026-10-07,17,Wednesday,False,49.192350000000005
20261007_144347,2026-10-07 14:43:48.459000+00:00,Basel,rail,ch:1:sloid:10,Basel SBB,ch:1:sloid:10:1:2,2026-10-07,ch:1:sjyid:100308:87850-001,rail,S-Bahn,S6,S6,87850,Basel SBB,Zell (Wiesental),2,,2026-10-07 15:35:00+00:00,2026-10-07 15:35:12+00:00,,True,0.2,2026-10-07 16:43:48.459000+02:00,2026-10-07 17:35:00+02:00,2026-10-07 17:35:12+02:00,2026-10-07,17,Wednesday,False,51.192350000000005
20261007_144347,2026-10-07 14:43:48.459000+00:00,Basel,rail,ch:1:sloid:10,Basel SBB,ch:1:sloid:10:3:5,2026-10-07,ch:1:sjyid:100001:2081-001,rail,InterRegio,IR36,IR36,2081,Basel SBB,Zürich Flughafen,5,,2026-10-07 15:36:00+00:00,2026-10-07 15:36:42+00:00,,True,0.7,2026-10-07 16:43:48.459000+02:00,2026-10-07 17:36:00+02:00,2026-10-07 17:36:42+02:00,2026-10-07,17,Wednesday,False,52.192350000000005
20261007_144347,2026-10-07 14:43:48.459000+00:00,Basel,rail,ch:1:sloid:10,Basel SBB,ch:1:sloid:10:22:33,2026-10-07,ch:1:sjyid:100001:96130-001,rail,Train Express Regional,TER,TER,96130,Basel SBB,Mulhouse,33,,2026-10-07 15:38:00+00:00,2026-10-07 15:38:18+00:00,,True,0.3,2026-10-07 16:43:48.459000+02:00,2026-10-07 17:38:00+02:00,2026-10-07 17:38:18+02:00,2026-10-07,17,Wednesday,False,54.192350000000005
20261007_144347,2026-10-07 14:43:48.459000+00:00,Basel,rail,ch:1:sloid:10,Basel SBB,ch:1:sloid:10:8:16,2026-10-07,ch:1:sjyid:100001:17362-001,rail,S-Bahn,S3,S3,17362,Olten,Laufen,16,,2026-10-07 15:38:00+00:00,2026-10-07 15:38:12+00:00,,True,0.2,2026-10-07 16:43:48.459000+02:00,2026-10-07 17:38:00+02:00,2026-10-07 17:38:12+02:00,2026-10-07,17,Wednesday,False,54.192350000000005
20261007_144347,2026-10-07 14:43:48.920000+00:00,Luzern,rail,ch:1:sloid:5000,Luzern,ch:1:sloid:5000:6:13,2026-10-07,ch:1:sjyid:100064:21562-001,rail,S-Bahn,S5,S5,21562,Luzern,Giswil,13,,2026-10-07 14:42:00+00:00,2026-10-07 14:43:00+00:00,,True,1.0,2026-10-07 16:43:48.920000+02:00,2026-10-07 16:42:00+02:00,2026-10-07 16:43:00+02:00,2026-10-07,16,Wednesday,False,-1.8153333333333335
20261007_144347,2026-10-07 14:43:48.920000+00:00,Luzern,rail,ch:1:sloid:5000,Luzern,ch:1:sloid:5000:4:9,2026-10-07,ch:1:sjyid:100001:21155-001,rail,S-Bahn,S1,S1,21155,Baar,Sursee,9,,2026-10-07 14:44:00+00:00,2026-10-07 14:45:00+00:00,,True,1.0,2026-10-07 16:43:48.920000+02:00,2026-10-07 16:44:00+02:00,2026-10-07 16:45:00+02:00,2026-10-07,16,Wednesday,False,0.18466666666666667
20261007_144347,2026-10-07 14:43:48.920000+00:00,Luzern,rail,ch:1:sloid:5000,Luzern,ch:1:sloid:5000:7:15,2026-10-07,ch:1:sjyid:100064:22470-001,rail,S-Bahn,S41,S41,22470,Luzern,Horw,15,,2026-10-07 14:49:00+00:00,2026-10-07 14:49:12+00:00,,True,0.2,2026-10-07 16:43:48.920000+02:00,2026-10-07 16:49:00+02:00,2026-10-07 16:49:12+02:00,2026-10-07,16,Wednesday,False,5.184666666666667
20261007_144347,2026-10-07 14:43:48.920000+00:00,Luzern,rail,ch:1:sloid:5000,Luzern,ch:1:sloid:5000:2:4,2026-10-07,ch:1:sjyid:100001:21156-003,rail,S-Bahn,S1,S1,21156,Sursee,Baar,4,,2026-10-07 14:51:00+00:00,2026-10-07 14:51:12+00:00,,True,0.2,2026-10-07 16:43:48.920000+02:00,2026-10-07 16:51:00+02:00,2026-10-07 16:51:12+02:00,2026-10-07,16,Wednesday,False,7.184666666666667
20261007_144347,2026-10-07 14:43:48.920000+00:00,Luzern,rail,ch:1:sloid:5000,Luzern,ch:1:sloid:5000:3:7,2026-10-07,ch:1:sjyid:100061:2328-001,rail,Treno Gottardo,IR26,IR26,2328,Locarno,Basel SBB,7,,2026-10-07 14:54:00+00:00,2026-10-07 14:54:30+00:00,,True,0.5,2026-10-07 16:43:48.920000+02:00,2026-10-07 16:54:00+02:00,2026-10-07 16:54:30+02:00,2026-10-07,16,Wednesday,False,10.184666666666667
20261007_144347,2026-10-07 14:43:48.920000+00:00,Luzern,rail,ch:1:sloid:5000,Luzern,ch:1:sloid:5000:2:5,2026-10-07,ch:1:sjyid:100015:4480-001,rail,RegioExpress,RE7,RE7,4480,Luzern,Wolhusen,5,,2026-10-07 14:57:00+00:00,2026-10-07 14:57:12+00:00,,True,0.2,2026-10-07 16:43:48.920000+02:00,2026-10-07 16:57:00+02:00,2026-10-07 16:57:12+02:00,2026-10-07,16,Wednesday,False,13.184666666666667
20261007_144347,2026-10-07 14:43:48.920000+00:00,Luzern,rail,ch:1:sloid:5000,Luzern,ch:1:sloid:5000:6:13,2026-10-07,ch:1:sjyid:100064:21464-001,rail,S-Bahn,S4,S4,21464,Luzern,Stansstad,13,,2026-10-07 14:57:00+00:00,2026-10-07 14:57:12+00:00,,True,0.2,2026-10-07 16:43:48.920000+02:00,2026-10-07 16:57:00+02:00,2026-10-07 16:57:12+02:00,2026-10-07,16,Wednesday,False,13.184666666666667
20261007_144347,2026-10-07 14:43:48.920000+00:00,Luzern,rail,ch:1:sloid:5000,Luzern,ch:1:sloid:5000:4:8,2026-10-07,ch:1:sjyid:100001:2530-001,rail,InterRegio,IR15,IR15,2530,Luzern,Genève-Aéroport,8,,2026-10-07 15:00:00+00:00,2026-10-07 15:00:36+00:00,,True,0.6,2026-10-07 16:43:48.920000+02:00,2026-10-07 17:00:00+02:00,2026-10-07 17:00:36+02:00,2026-10-07,17,Wednesday,False,16.18466666666667
20261007_144347,2026-10-07 14:43:48.920000+00:00,Luzern,rail,ch:1:sloid:5000,Luzern,ch:1:sloid:5000:5:10,2026-10-07,ch:1:sjyid:100001:21964-001,rail,S-Bahn,S9,S9,21964,Luzern,Lenzburg,10,,2026-10-07 15:02:00+00:00,2026-10-07 15:02:30+00:00,,True,0.5,2026-10-07 16:43:48.920000+02:00,2026-10-07 17:02:00+02:00,2026-10-07 17:02:30+02:00,2026-10-07,17,Wednesday,False,18.184666666666665
20261007_144347,2026-10-07 14:43:48.920000+00:00,Luzern,rail,ch:1:sloid:5000,Luzern,ch:1:sloid:5000:4:9,2026-10-07,ch:1:sjyid:100001:4730-001,rail,RegioExpress,RE24,RE24,4730,Luzern,Olten,9,,2026-10-07 15:05:00+00:00,2026-10-07 15:05:12+00:00,,True,0.2,2026-10-07 16:43:48.920000+02:00,2026-10-07 17:05:00+02:00,2026-10-07 17:05:12+02:00,2026-10-07,17,Wednesday,False,21.184666666666665
20261007_144347,2026-10-07 14:43:48.920000+00:00,Luzern,rail,ch:1:sloid:5000,Luzern,ch:1:sloid:5000_gen:ch:1:sloid:5000:7:14_pf:14BC,2026-10-07,ch:1:sjyid:100064:2934-001,rail,Luzern-Interlaken Express,LIX,LIX,2934,Luzern,Interlaken Ost,14BC,,2026-10-07 15:06:00+00:00,2026-10-07 15:06:06+00:00,,True,0.1,2026-10-07 16:43:48.920000+02:00,2026-10-07 17:06:00+02:00,2026-10-07 17:06:06+02:00,2026-10-07,17,Wednesday,False,22.184666666666665
20261007_144347,2026-10-07 14:43:48.920000+00:00,Luzern,rail,ch:1:sloid:5000,Luzern,ch:1:sloid:5000:5:11,2026-10-07,ch:1:sjyid:100001:21365-001,rail,S-Bahn,S3,S3,21365,Luzern,Brunnen,11,,2026-10-07 15:06:00+00:00,2026-10-07 15:07:00+00:00,,True,1.0,2026-10-07 16:43:48.920000+02:00,2026-10-07 17:06:00+02:00,2026-10-07 17:07:00+02:00,2026-10-07,17,Wednesday,False,22.184666666666665
20261007_144347,2026-10-07 14:43:48.920000+00:00,Luzern,rail,ch:1:sloid:5000,Luzern,ch:1:sloid:5000:1:3,2026-10-07,ch:1:sjyid:100001:2632-001,rail,InterRegio,IR70,IR70,2632,Luzern,Zürich HB,3,,2026-10-07 15:09:00+00:00,2026-10-07 15:10:00+00:00,,True,1.0,2026-10-07 16:43:48.920000+02:00,2026-10-07 17:09:00+02:00,2026-10-07 17:10:00+02:00,2026-10-07,17,Wednesday,False,25.184666666666665
20261007_144347,2026-10-07 14:43:48.920000+00:00,Luzern,rail,ch:1:sloid:5000,Luzern,ch:1:sloid:5000:6:12,2026-10-07,ch:1:sjyid:100064:2980-001,rail,Luzern-Engelberg Express,IRLEX,IRLEX,2980,Luzern,Stansstad,12,,2026-10-07 15:10:00+00:00,2026-10-07 15:10:12+00:00,,True,0.2,2026-10-07 16:43:48.920000+02:00,2026-10-07 17:10:00+02:00,2026-10-07 17:10:12+02:00,2026-10-07,17,Wednesday,False,26.184666666666665
20261007_144347,2026-10-07 14:43:48.920000+00:00,Luzern,rail,ch:1:sloid:5000,Luzern,ch:1:sloid:5000:7:15,2026-10-07,ch:1:sjyid:100064:21564-001,rail,S-Bahn,S5,S5,21564,Luzern,Giswil,15,,2026-10-07 15:12:00+00:00,2026-10-07 15:12:12+00:00,,True,0.2,2026-10-07 16:43:48.920000+02:00,2026-10-07 17:12:00+02:00,2026-10-07 17:12:12+02:00,2026-10-07,17,Wednesday,False,28.184666666666665
20261007_144347,2026-10-07 14:43:48.920000+00:00,Luzern,rail,ch:1:sloid:5000,Luzern,ch:1:sloid:5000:3:6,2026-10-07,ch:1:sjyid:100001:21157-003,rail,S-Bahn,S1,S1,21157,Baar,Sursee,6,,2026-10-07 15:14:00+00:00,2026-10-07 15:15:00+00:00,,True,1.0,2026-10-07 16:43:48.920000+02:00,2026-10-07 17:14:00+02:00,2026-10-07 17:15:00+02:00,2026-10-07,17,Wednesday,False,30.184666666666665
20261007_144347,2026-10-07 14:43:48.920000+00:00,Luzern,rail,ch:1:sloid:5000,Luzern,ch:1:sloid:5000:2:5,2026-10-07,ch:1:sjyid:100015:21664-001,rail,S-Bahn,S6,S6,21664,Luzern,Wolhusen,5,,2026-10-07 15:16:00+00:00,2026-10-07 15:17:00+00:00,,True,1.0,2026-10-07 16:43:48.920000+02:00,2026-10-07 17:16:00+02:00,2026-10-07 17:17:00+02:00,2026-10-07,17,Wednesday,False,32.184666666666665
20261007_144347,2026-10-07 14:43:48.920000+00:00,Luzern,rail,ch:1:sloid:5000,Luzern,ch:1:sloid:5000:3:7,2026-10-07,ch:1:sjyid:100061:2331-001,rail,Treno Gottardo,IR26,IR26,2331,Basel SBB,Locarno,7,,2026-10-07 15:18:00+00:00,2026-10-07 15:19:00+00:00,,True,1.0,2026-10-07 16:43:48.920000+02:00,2026-10-07 17:18:00+02:00,2026-10-07 17:19:00+02:00,2026-10-07,17,Wednesday,False,34.184666666666665
20261007_144347,2026-10-07 14:43:48.920000+00:00,Luzern,rail,ch:1:sloid:5000,Luzern,ch:1:sloid:5000:6:13,2026-10-07,ch:1:sjyid:100064:22472-001,rail,S-Bahn,S41,S41,22472,Luzern,Horw,13,,2026-10-07 15:19:00+00:00,2026-10-07 15:19:12+00:00,,True,0.2,2026-10-07 16:43:48.920000+02:00,2026-10-07 17:19:00+02:00,2026-10-07 17:19:12+02:00,2026-10-07,17,Wednesday,False,35.184666666666665
20261007_144347,2026-10-07 14:43:48.920000+00:00,Luzern,rail,ch:1:sloid:5000,Luzern,ch:1:sloid:5000:4:8,2026-10-07,ch:1:sjyid:100001:21158-001,rail,S-Bahn,S1,S1,21158,Sursee,Baar,8,,2026-10-07 15:21:00+00:00,2026-10-07 15:22:00+00:00,,True,1.0,2026-10-07 16:43:48.920000+02:00,2026-10-07 17:21:00+02:00,2026-10-07 17:22:00+02:00,2026-10-07,17,Wednesday,False,37.184666666666665
20261007_144347,2026-10-07 14:43:48.920000+00:00,Luzern,rail,ch:1:sloid:5000,Luzern,ch:1:sloid:5000:5:11,2026-10-07,ch:1:sjyid:100001:22964-001,rail,S-Bahn,S99,S99,22964,Luzern,Hochdorf,11,,2026-10-07 15:23:00+00:00,2026-10-07 15:24:00+00:00,,True,1.0,2026-10-07 16:43:48.920000+02:00,2026-10-07 17:23:00+02:00,2026-10-07 17:24:00+02:00,2026-10-07,17,Wednesday,False,39.184666666666665
20261007_144347,2026-10-07 14:43:48.920000+00:00,Luzern,rail,ch:1:sloid:5000,Luzern,ch:1:sloid:5000:7:14,2026-10-07,ch:1:sjyid:100064:22566-001,rail,S-Bahn,S55,S55,22566,Luzern,Sachseln,14,,2026-10-07 15:24:00+00:00,2026-10-07 15:24:06+00:00,,True,0.1,2026-10-07 16:43:48.920000+02:00,2026-10-07 17:24:00+02:00,2026-10-07 17:24:06+02:00,2026-10-07,17,Wednesday,False,40.184666666666665
20261007_144347,2026-10-07 14:43:48.920000+00:00,Luzern,rail,ch:1:sloid:5000,Luzern,ch:1:sloid:5000:7:15,2026-10-07,ch:1:sjyid:100064:21466-001,rail,S-Bahn,S4,S4,21466,Luzern,Stansstad,15,,2026-10-07 15:27:00+00:00,2026-10-07 15:27:12+00:00,,True,0.2,2026-10-07 16:43:48.920000+02:00,2026-10-07 17:27:00+02:00,2026-10-07 17:27:12+02:00,2026-10-07,17,Wednesday,False,43.184666666666665
20261007_144347,2026-10-07 14:43:48.920000+00:00,Luzern,rail,ch:1:sloid:5000,Luzern,ch:1:sloid:5000:2:4,2026-10-07,ch:1:sjyid:100001:2480-001,rail,InterRegio,IR27,IR27,2480,Luzern,Basel SBB,4,,2026-10-07 15:30:00+00:00,2026-10-07 15:30:36+00:00,,True,0.6,2026-10-07 16:43:48.920000+02:00,2026-10-07 17:30:00+02:00,2026-10-07 17:30:36+02:00,2026-10-07,17,Wednesday,False,46.184666666666665
20261007_144347,2026-10-07 14:43:48.920000+00:00,Luzern,rail,ch:1:sloid:5000,Luzern,ch:1:sloid:5000:3:7,2026-10-07,ch:1:sjyid:100001:21966-001,rail,S-Bahn,S9,S9,21966,Luzern,Lenzburg,7,,2026-10-07 15:32:00+00:00,2026-10-07 15:32:30+00:00,,True,0.5,2026-10-07 16:43:48.920000+02:00,2026-10-07 17:32:00+02:00,2026-10-07 17:32:30+02:00,2026-10-07,17,Wednesday,False,48.184666666666665
20261007_144347,2026-10-07 14:43:48.920000+00:00,Luzern,rail,ch:1:sloid:5000,Luzern,ch:1:sloid:5000:2:5,2026-10-07,ch:1:sjyid:100001:2131-001,rail,InterRegio,IR75,IR75,2131,Luzern,Konstanz,5,,2026-10-07 15:35:00+00:00,2026-10-07 15:35:00+00:00,,True,0.0,2026-10-07 16:43:48.920000+02:00,2026-10-07 17:35:00+02:00,2026-10-07 17:35:00+02:00,2026-10-07,17,Wednesday,False,51.184666666666665
20261007_144347,2026-10-07 14:43:48.920000+00:00,Luzern,rail,ch:1:sloid:5000,Luzern,ch:1:sloid:5000:1:3,2026-10-07,ch:1:sjyid:100015:22066-001,rail,S-Bahn,S77,S77,22066,Luzern,Willisau,3,,2026-10-07 15:37:00+00:00,2026-10-07 15:37:12+00:00,,True,0.2,2026-10-07 16:43:48.920000+02:00,2026-10-07 17:37:00+02:00,2026-10-07 17:37:12+02:00,2026-10-07,17,Wednesday,False,53.184666666666665
20261007_144347,2026-10-07 14:43:48.920000+00:00,Luzern,rail,ch:1:sloid:5000,Luzern,ch:1:sloid:5000:6:12,2026-10-07,ch:1:sjyid:100064:22412-001,rail,S-Bahn,S44,S44,22412,Luzern,Stansstad,12,,2026-10-07 15:38:00+00:00,2026-10-07 15:38:12+00:00,,True,0.2,2026-10-07 16:43:48.920000+02:00,2026-10-07 17:38:00+02:00,2026-10-07 17:38:12+02:00,2026-10-07,17,Wednesday,False,54.184666666666665
20261007_144347,2026-10-07 14:43:48.920000+00:00,Luzern,rail,ch:1:sloid:5000,Luzern,ch:1:sloid:5000:1:2,2026-10-07,ch:1:sjyid:100061:2035-001,rail,Voralpen-Express,VAE,VAE,2035,Luzern,St. Gallen,2,,2026-10-07 15:39:00+00:00,2026-10-07 15:39:12+00:00,,True,0.2,2026-10-07 16:43:48.920000+02:00,2026-10-07 17:39:00+02:00,2026-10-07 17:39:12+02:00,2026-10-07,17,Wednesday,False,55.184666666666665
20261007_144347,2026-10-07 14:43:48.920000+00:00,Luzern,rail,ch:1:sloid:5000,Luzern,ch:1:sloid:5000:7:14,2026-10-07,ch:1:sjyid:100064:21566-001,rail,S-Bahn,S5,S5,21566,Luzern,Giswil,14,,2026-10-07 15:42:00+00:00,2026-10-07 15:42:12+00:00,,True,0.2,2026-10-07 16:43:48.920000+02:00,2026-10-07 17:42:00+02:00,2026-10-07 17:42:12+02:00,2026-10-07,17,Wednesday,False,58.184666666666665
20261007_144347,2026-10-07 14:43:49.383000+00:00,St. Gallen,rail,ch:1:sloid:6302,St. Gallen,ch:1:sloid:6302:3:5,2026-10-07,ch:1:sjyid:100046:5232-001,rail,RegioExpress,RE1,RE1,5232,Konstanz,Herisau,5,,2026-10-07 14:44:00+00:00,2026-10-07 14:45:12+00:00,,True,1.2,2026-10-07 16:43:49.383000+02:00,2026-10-07 16:44:00+02:00,2026-10-07 16:45:12+02:00,2026-10-07,16,Wednesday,False,0.17695000000000002
20261007_144347,2026-10-07 14:43:49.383000+00:00,St. Gallen,rail,ch:1:sloid:6302,St. Gallen,ch:1:sloid:6302:1:1,2026-10-07,ch:1:sjyid:100046:11160-001,rail,S-Bahn,S1,S1,11160,Schaffhausen,Wil SG,1,,2026-10-07 14:47:00+00:00,2026-10-07 14:47:12+00:00,,True,0.2,2026-10-07 16:43:49.383000+02:00,2026-10-07 16:47:00+02:00,2026-10-07 16:47:12+02:00,2026-10-07,16,Wednesday,False,3.1769499999999997
20261007_144347,2026-10-07 14:43:49.383000+00:00,St. Gallen,rail,ch:1:sloid:6302,St. Gallen,ch:1:sloid:6302:2:3,2026-10-07,ch:1:sjyid:100046:11161-001,rail,S-Bahn,S1,S1,11161,Wil SG,Schaffhausen,3,,2026-10-07 14:49:00+00:00,2026-10-07 14:50:36+00:00,,True,1.6,2026-10-07 16:43:49.383000+02:00,2026-10-07 16:49:00+02:00,2026-10-07 16:50:36+02:00,2026-10-07,16,Wednesday,False,5.176950000000001
20261007_144347,2026-10-07 14:43:49.383000+00:00,St. Gallen,rail,ch:1:sloid:6302,St. Gallen,ch:1:sloid:6302:500:12,2026-10-07,ch:1:sjyid:100007:plan:4163,rail,S-Bahn,S20,S20,4163,St. Gallen,Appenzell,12,,2026-10-07 14:52:00+00:00,2026-10-07 14:52:00+00:00,,True,0.0,2026-10-07 16:43:49.383000+02:00,2026-10-07 16:52:00+02:00,2026-10-07 16:52:00+02:00,2026-10-07,16,Wednesday,False,8.17695
20261007_144347,2026-10-07 14:43:49.383000+00:00,St. Gallen,rail,ch:1:sloid:6302,St. Gallen,ch:1:sloid:6302:3:4,2026-10-07,ch:1:sjyid:100061:2223-001,rail,Alpenrhein-Express,IR13,IR13,2223,St. Gallen,Chur,4,,2026-10-07 14:55:00+00:00,2026-10-07 14:55:12+00:00,,True,0.2,2026-10-07 16:43:49.383000+02:00,2026-10-07 16:55:00+02:00,2026-10-07 16:55:12+02:00,2026-10-07,16,Wednesday,False,11.17695
20261007_144347,2026-10-07 14:43:49.383000+00:00,St. Gallen,rail,ch:1:sloid:6302,St. Gallen,ch:1:sloid:6302:500:12,2026-10-07,ch:1:sjyid:100007:plan:2162,rail,S-Bahn,S21,S21,2162,Appenzell,Trogen,12,,2026-10-07 14:56:00+00:00,2026-10-07 14:56:00+00:00,,True,0.0,2026-10-07 16:43:49.383000+02:00,2026-10-07 16:56:00+02:00,2026-10-07 16:56:00+02:00,2026-10-07,16,Wednesday,False,12.17695
20261007_144347,2026-10-07 14:43:49.383000+00:00,St. Gallen,rail,ch:1:sloid:6302,St. Gallen,ch:1:sloid:6302:500:11,2026-10-07,ch:1:sjyid:100007:plan:2165,rail,S-Bahn,S21,S21,2165,Trogen,Appenzell,11,,2026-10-07 14:56:00+00:00,2026-10-07 14:56:00+00:00,,True,0.0,2026-10-07 16:43:49.383000+02:00,2026-10-07 16:56:00+02:00,2026-10-07 16:56:00+02:00,2026-10-07,16,Wednesday,False,12.17695
20261007_144347,2026-10-07 14:43:49.383000+00:00,St. Gallen,rail,ch:1:sloid:6302,St. Gallen,ch:1:sloid:6302:4:6,2026-10-07,ch:1:sjyid:100046:11561-001,rail,S-Bahn,S5,S5,11561,Weinfelden,St. Margrethen SG,6,,2026-10-07 14:57:00+00:00,2026-10-07 14:57:30+00:00,,True,0.5,2026-10-07 16:43:49.383000+02:00,2026-10-07 16:57:00+02:00,2026-10-07 16:57:30+02:00,2026-10-07,16,Wednesday,False,13.17695
20261007_144347,2026-10-07 14:43:49.383000+00:00,St. Gallen,rail,ch:1:sloid:6302,St. Gallen,ch:1:sloid:6302:3:5,2026-10-07,ch:1:sjyid:100046:11262-001,rail,S-Bahn,S2,S2,11262,Altstätten SG,Nesslau-Neu St. Johann,5,,2026-10-07 14:57:00+00:00,2026-10-07 14:57:12+00:00,,True,0.2,2026-10-07 16:43:49.383000+02:00,2026-10-07 16:57:00+02:00,2026-10-07 16:57:12+02:00,2026-10-07,16,Wednesday,False,13.17695
20261007_144347,2026-10-07 14:43:49.383000+00:00,St. Gallen,rail,ch:1:sloid:6302,St. Gallen,ch:1:sloid:6302:2:2,2026-10-07,ch:1:sjyid:100001:532-001,rail,InterCity,IC5,IC5,532,Rorschach,Lausanne,2,,2026-10-07 14:58:00+00:00,2026-10-07 14:58:30+00:00,,True,0.5,2026-10-07 16:43:49.383000+02:00,2026-10-07 16:58:00+02:00,2026-10-07 16:58:30+02:00,2026-10-07,16,Wednesday,False,14.17695
20261007_144347,2026-10-07 14:43:49.383000+00:00,St. Gallen,rail,ch:1:sloid:6302,St. Gallen,ch:1:sloid:6302:2:3,2026-10-07,ch:1:sjyid:100061:2030-001,rail,Voralpen-Express,VAE,VAE,2030,St. Gallen,Luzern,3,,2026-10-07 15:05:00+00:00,2026-10-07 15:05:12+00:00,,True,0.2,2026-10-07 16:43:49.383000+02:00,2026-10-07 17:05:00+02:00,2026-10-07 17:05:12+02:00,2026-10-07,17,Wednesday,False,21.176949999999998
20261007_144347,2026-10-07 14:43:49.383000+00:00,St. Gallen,rail,ch:1:sloid:6302,St. Gallen,ch:1:sloid:6302:2:2,2026-10-07,ch:1:sjyid:100001:525-001,rail,InterCity,IC5,IC5,525,Lausanne,Rorschach,2,,2026-10-07 15:05:00+00:00,2026-10-07 15:05:30+00:00,,True,0.5,2026-10-07 16:43:49.383000+02:00,2026-10-07 17:05:00+02:00,2026-10-07 17:05:30+02:00,2026-10-07,17,Wednesday,False,21.176949999999998
20261007_144347,2026-10-07 14:43:49.383000+00:00,St. Gallen,rail,ch:1:sloid:6302,St. Gallen,ch:1:sloid:6302:1:1,2026-10-07,ch:1:sjyid:100001:730-001,rail,InterCity,IC1,IC1,730,St. Gallen,Genève-Aéroport,1,,2026-10-07 15:07:00+00:00,2026-10-07 15:07:42+00:00,,True,0.7,2026-10-07 16:43:49.383000+02:00,2026-10-07 17:07:00+02:00,2026-10-07 17:07:42+02:00,2026-10-07,17,Wednesday,False,23.176949999999998
20261007_144347,2026-10-07 14:43:49.383000+00:00,St. Gallen,rail,ch:1:sloid:6302,St. Gallen,ch:1:sloid:6302:3:5,2026-10-07,ch:1:sjyid:100046:11263-001,rail,S-Bahn,S2,S2,11263,Nesslau-Neu St. Johann,Altstätten SG,5,,2026-10-07 15:08:00+00:00,2026-10-07 15:08:12+00:00,,True,0.2,2026-10-07 16:43:49.383000+02:00,2026-10-07 17:08:00+02:00,2026-10-07 17:08:12+02:00,2026-10-07,17,Wednesday,False,24.176949999999998
20261007_144347,2026-10-07 14:43:49.383000+00:00,St. Gallen,rail,ch:1:sloid:6302,St. Gallen,ch:1:sloid:6302:4:6,2026-10-07,ch:1:sjyid:100046:11562-001,rail,S-Bahn,S5,S5,11562,St. Margrethen SG,Weinfelden,6,,2026-10-07 15:10:00+00:00,2026-10-07 15:10:12+00:00,,True,0.2,2026-10-07 16:43:49.383000+02:00,2026-10-07 17:10:00+02:00,2026-10-07 17:10:12+02:00,2026-10-07,17,Wednesday,False,26.176949999999998
20261007_144347,2026-10-07 14:43:49.383000+00:00,St. Gallen,rail,ch:1:sloid:6302,St. Gallen,ch:1:sloid:6302:500:12,2026-10-07,ch:1:sjyid:100007:plan:4164,rail,S-Bahn,S22,S22,4164,Teufen AR,Trogen,12,,2026-10-07 15:11:00+00:00,2026-10-07 15:11:00+00:00,,True,0.0,2026-10-07 16:43:49.383000+02:00,2026-10-07 17:11:00+02:00,2026-10-07 17:11:00+02:00,2026-10-07,17,Wednesday,False,27.176949999999998
20261007_144347,2026-10-07 14:43:49.383000+00:00,St. Gallen,rail,ch:1:sloid:6302,St. Gallen,ch:1:sloid:6302:500:11,2026-10-07,ch:1:sjyid:100007:plan:4167,rail,S-Bahn,S22,S22,4167,Trogen,Teufen AR,11,,2026-10-07 15:11:00+00:00,2026-10-07 15:11:00+00:00,,True,0.0,2026-10-07 16:43:49.383000+02:00,2026-10-07 17:11:00+02:00,2026-10-07 17:11:00+02:00,2026-10-07,17,Wednesday,False,27.176949999999998
20261007_144347,2026-10-07 14:43:49.383000+00:00,St. Gallen,rail,ch:1:sloid:6302,St. Gallen,ch:1:sloid:6302:3:4,2026-10-07,ch:1:sjyid:100061:12132-001,rail,S-Bahn,S81,S81,12132,St. Gallen,Herisau,4,,2026-10-07 15:14:00+00:00,2026-10-07 15:14:42+00:00,,True,0.7,2026-10-07 16:43:49.383000+02:00,2026-10-07 17:14:00+02:00,2026-10-07 17:14:42+02:00,2026-10-07,17,Wednesday,False,30.176949999999998
20261007_144347,2026-10-07 14:43:49.383000+00:00,St. Gallen,rail,ch:1:sloid:6302,St. Gallen,ch:1:sloid:6302:3:5,2026-10-07,ch:1:sjyid:100046:5233-001,rail,RegioExpress,RE1,RE1,5233,Herisau,Konstanz,5,,2026-10-07 15:15:00+00:00,2026-10-07 15:15:48+00:00,,True,0.8,2026-10-07 16:43:49.383000+02:00,2026-10-07 17:15:00+02:00,2026-10-07 17:15:48+02:00,2026-10-07,17,Wednesday,False,31.176949999999998
20261007_144347,2026-10-07 14:43:49.383000+00:00,St. Gallen,rail,ch:1:sloid:6302,St. Gallen,ch:1:sloid:6302:2:2,2026-10-07,ch:1:sjyid:100046:11162-001,rail,S-Bahn,S1,S1,11162,Schaffhausen,Wil SG,2,,2026-10-07 15:17:00+00:00,2026-10-07 15:17:12+00:00,,True,0.2,2026-10-07 16:43:49.383000+02:00,2026-10-07 17:17:00+02:00,2026-10-07 17:17:12+02:00,2026-10-07,17,Wednesday,False,33.17695
20261007_144347,2026-10-07 14:43:49.383000+00:00,St. Gallen,rail,ch:1:sloid:6302,St. Gallen,ch:1:sloid:6302:2:3,2026-10-07,ch:1:sjyid:100046:11163-001,rail,S-Bahn,S1,S1,11163,Wil SG,Schaffhausen,3,,2026-10-07 15:19:00+00:00,2026-10-07 15:20:42+00:00,,True,1.7,2026-10-07 16:43:49.383000+02:00,2026-10-07 17:19:00+02:00,2026-10-07 17:20:42+02:00,2026-10-07,17,Wednesday,False,35.176950000000005
20261007_144347,2026-10-07 14:43:49.383000+00:00,St. Gallen,rail,ch:1:sloid:6302,St. Gallen,ch:1:sloid:6302:2:2,2026-10-07,ch:1:sjyid:100001:3275-001,rail,InterRegio,IR13,IR13,3275,Zürich HB,Sargans,2,,2026-10-07 15:25:00+00:00,2026-10-07 15:25:18+00:00,,True,0.3,2026-10-07 16:43:49.383000+02:00,2026-10-07 17:25:00+02:00,2026-10-07 17:25:18+02:00,2026-10-07,17,Wednesday,False,41.176950000000005
20261007_144347,2026-10-07 14:43:49.383000+00:00,St. Gallen,rail,ch:1:sloid:6302,St. Gallen,ch:1:sloid:6302:500:12,2026-10-07,ch:1:sjyid:100007:plan:2166,rail,S-Bahn,S21,S21,2166,Appenzell,Trogen,12,,2026-10-07 15:26:00+00:00,2026-10-07 15:26:00+00:00,,True,0.0,2026-10-07 16:43:49.383000+02:00,2026-10-07 17:26:00+02:00,2026-10-07 17:26:00+02:00,2026-10-07,17,Wednesday,False,42.176950000000005
20261007_144347,2026-10-07 14:43:49.383000+00:00,St. Gallen,rail,ch:1:sloid:6302,St. Gallen,ch:1:sloid:6302:500:11,2026-10-07,ch:1:sjyid:100007:plan:2169,rail,S-Bahn,S21,S21,2169,Trogen,Appenzell,11,,2026-10-07 15:26:00+00:00,2026-10-07 15:26:00+00:00,,True,0.0,2026-10-07 16:43:49.383000+02:00,2026-10-07 17:26:00+02:00,2026-10-07 17:26:00+02:00,2026-10-07,17,Wednesday,False,42.176950000000005
20261007_144347,2026-10-07 14:43:49.383000+00:00,St. Gallen,rail,ch:1:sloid:6302,St. Gallen,ch:1:sloid:6302:3:5,2026-10-07,ch:1:sjyid:100061:11464-001,rail,S-Bahn,S4,S4,11464,Sargans,Rapperswil SG,5,,2026-10-07 15:27:00+00:00,2026-10-07 15:27:12+00:00,,True,0.2,2026-10-07 16:43:49.383000+02:00,2026-10-07 17:27:00+02:00,2026-10-07 17:27:12+02:00,2026-10-07,17,Wednesday,False,43.176950000000005
20261007_144347,2026-10-07 14:43:49.383000+00:00,St. Gallen,rail,ch:1:sloid:6302,St. Gallen,ch:1:sloid:6302:1:1,2026-10-07,ch:1:sjyid:100001:190-001,rail,EuroCity,EC,EC,190,Bregenz,Zürich HB,1,,2026-10-07 15:29:00+00:00,2026-10-07 15:30:36+00:00,,True,1.6,2026-10-07 16:43:49.383000+02:00,2026-10-07 17:29:00+02:00,2026-10-07 17:30:36+02:00,2026-10-07,17,Wednesday,False,45.176950000000005
20261007_144347,2026-10-07 14:43:49.383000+00:00,St. Gallen,rail,ch:1:sloid:6302,St. Gallen,ch:1:sloid:6302:3:4,2026-10-07,ch:1:sjyid:100046:12185-001,rail,S-Bahn,S82,S82,12185,St. Gallen,Wittenbach,4,,2026-10-07 15:36:00+00:00,2026-10-07 15:36:12+00:00,,True,0.2,2026-10-07 16:43:49.383000+02:00,2026-10-07 17:36:00+02:00,2026-10-07 17:36:12+02:00,2026-10-07,17,Wednesday,False,52.176950000000005
20261007_144347,2026-10-07 14:43:49.383000+00:00,St. Gallen,rail,ch:1:sloid:6302,St. Gallen,ch:1:sloid:6302:1:1,2026-10-07,ch:1:sjyid:100001:3278-001,rail,InterRegio,IR13,IR13,3278,Sargans,Luzern,1,,2026-10-07 15:37:00+00:00,2026-10-07 15:37:30+00:00,,True,0.5,2026-10-07 16:43:49.383000+02:00,2026-10-07 17:37:00+02:00,2026-10-07 17:37:30+02:00,2026-10-07,17,Wednesday,False,53.176950000000005
20261007_144347,2026-10-07 14:43:49.383000+00:00,St. Gallen,rail,ch:1:sloid:6302,St. Gallen,ch:1:sloid:6302:3:5,2026-10-07,ch:1:sjyid:100061:11463-001,rail,S-Bahn,S4,S4,11463,Rapperswil SG,Sargans,5,,2026-10-07 15:38:00+00:00,2026-10-07 15:39:06+00:00,,True,1.1,2026-10-07 16:43:49.383000+02:00,2026-10-07 17:38:00+02:00,2026-10-07 17:39:06+02:00,2026-10-07,17,Wednesday,False,54.176950000000005
20261007_144347,2026-10-07 14:43:49.383000+00:00,St. Gallen,rail,ch:1:sloid:6302,St. Gallen,ch:1:sloid:6302:4:7,2026-10-07,ch:1:sjyid:100046:11564-001,rail,S-Bahn,S5,S5,11564,St. Gallen,Weinfelden,7,,2026-10-07 15:40:00+00:00,2026-10-07 15:40:12+00:00,,True,0.2,2026-10-07 16:43:49.383000+02:00,2026-10-07 17:40:00+02:00,2026-10-07 17:40:12+02:00,2026-10-07,17,Wednesday,False,56.176950000000005
20261007_144347,2026-10-07 14:43:49.858000+00:00,Lausanne,rail,ch:1:sloid:1120,Lausanne,ch:1:sloid:1120:0:840061,2026-10-07,ch:1:sjyid:100001:1724-001,rail,InterRegio,IR95,IR95,1724,Brig,Genève-Aéroport,7,,2026-10-07 14:45:00+00:00,2026-10-07 14:45:30+00:00,,True,0.5,2026-10-07 16:43:49.858000+02:00,2026-10-07 16:45:00+02:00,2026-10-07 16:45:30+02:00,2026-10-07,16,Wednesday,False,1.1690333333333334
20261007_144347,2026-10-07 14:43:49.858000+00:00,Lausanne,rail,ch:1:sloid:1120,Lausanne,ch:1:sloid:1120:0:860143,2026-10-07,ch:1:sjyid:100001:722-001,rail,InterCity,IC1,IC1,722,St. Gallen,Genève-Aéroport,4,,2026-10-07 14:46:00+00:00,2026-10-07 14:46:30+00:00,,True,0.5,2026-10-07 16:43:49.858000+02:00,2026-10-07 16:46:00+02:00,2026-10-07 16:46:30+02:00,2026-10-07,16,Wednesday,False,2.169033333333333
20261007_144347,2026-10-07 14:43:49.858000+00:00,Lausanne,rail,ch:1:sloid:1120,Lausanne,ch:1:sloid:1120:0:276884,2026-10-07,ch:1:sjyid:100001:1827-001,rail,InterRegio,IR90,IR90,1827,Genève-Aéroport,Brig,3,,2026-10-07 14:48:00+00:00,2026-10-07 14:48:30+00:00,,True,0.5,2026-10-07 16:43:49.858000+02:00,2026-10-07 16:48:00+02:00,2026-10-07 16:48:30+02:00,2026-10-07,16,Wednesday,False,4.169033333333333
20261007_144347,2026-10-07 14:43:49.858000+00:00,Lausanne,rail,ch:1:sloid:1120,Lausanne,ch:1:sloid:1120:0:20298,2026-10-07,ch:1:sjyid:100001:24565-001,rail,S-Bahn,S41,S41,24565,Lausanne,Fribourg/Freiburg,70,,2026-10-07 14:49:00+00:00,2026-10-07 14:49:12+00:00,,True,0.2,2026-10-07 16:43:49.858000+02:00,2026-10-07 16:49:00+02:00,2026-10-07 16:49:12+02:00,2026-10-07,16,Wednesday,False,5.169033333333333
20261007_144347,2026-10-07 14:43:49.858000+00:00,Lausanne,rail,ch:1:sloid:1120,Lausanne,ch:1:sloid:1120:0:638488,2026-10-07,ch:1:sjyid:100001:142-001,rail,EuroCity,EC,EC,142,Domodossola (I),Genève,8,,2026-10-07 14:52:00+00:00,2026-10-07 14:52:42+00:00,,True,0.7,2026-10-07 16:43:49.858000+02:00,2026-10-07 16:52:00+02:00,2026-10-07 16:52:42+02:00,2026-10-07,16,Wednesday,False,8.169033333333333
20261007_144347,2026-10-07 14:43:49.858000+00:00,Lausanne,rail,ch:1:sloid:1120,Lausanne,ch:1:sloid:1120:0:37997,2026-10-07,ch:1:sjyid:100001:24165-001,rail,Regio,R1,R1,24165,Grandson,Bex,6,,2026-10-07 14:55:00+00:00,2026-10-07 14:55:12+00:00,,True,0.2,2026-10-07 16:43:49.858000+02:00,2026-10-07 16:55:00+02:00,2026-10-07 16:55:12+02:00,2026-10-07,16,Wednesday,False,11.169033333333335
20261007_144347,2026-10-07 14:43:49.858000+00:00,Lausanne,rail,ch:1:sloid:1120,Lausanne,ch:1:sloid:1120:0:668579,2026-10-07,ch:1:sjyid:100001:24965-001,rail,Regio,R9,R9,24965,Allaman,Murten/Morat,1,,2026-10-07 14:57:00+00:00,2026-10-07 14:58:00+00:00,,True,1.0,2026-10-07 16:43:49.858000+02:00,2026-10-07 16:57:00+02:00,2026-10-07 16:58:00+02:00,2026-10-07,16,Wednesday,False,13.169033333333335
20261007_144347,2026-10-07 14:43:49.858000+00:00,Lausanne,rail,ch:1:sloid:1120,Lausanne,ch:1:sloid:1120:0:840061,2026-10-07,ch:1:sjyid:100001:24354-001,rail,Regio,R3,R3,24354,Vevey,Vallorbe,7,,2026-10-07 14:57:00+00:00,2026-10-07 14:57:12+00:00,,True,0.2,2026-10-07 16:43:49.858000+02:00,2026-10-07 16:57:00+02:00,2026-10-07 16:57:12+02:00,2026-10-07,16,Wednesday,False,13.169033333333335
20261007_144347,2026-10-07 14:43:49.858000+00:00,Lausanne,rail,ch:1:sloid:1120,Lausanne,ch:1:sloid:1120:0:638488,2026-10-07,ch:1:sjyid:100001:18428-001,rail,RegioExpress,RE33,RE33,18428,St-Maurice,Annemasse,8,,2026-10-07 15:00:00+00:00,,,False,,2026-10-07 16:43:49.858000+02:00,2026-10-07 17:00:00+02:00,,2026-10-07,17,Wednesday,False,16.169033333333335
20261007_144347,2026-10-07 14:43:49.858000+00:00,Lausanne,rail,ch:1:sloid:1120,Lausanne,ch:1:sloid:1120:0:860143,2026-10-07,ch:1:sjyid:100001:18425-001,rail,RegioExpress,RE33,RE33,18425,Annemasse,St-Maurice,4,,2026-10-07 15:01:00+00:00,2026-10-07 15:01:54+00:00,,True,0.9,2026-10-07 16:43:49.858000+02:00,2026-10-07 17:01:00+02:00,2026-10-07 17:01:54+02:00,2026-10-07,17,Wednesday,False,17.169033333333335
20261007_144347,2026-10-07 14:43:49.858000+00:00,Lausanne,rail,ch:1:sloid:1120,Lausanne,ch:1:sloid:1120:0:840061,2026-10-07,ch:1:sjyid:100001:24954-001,rail,Regio,R9,R9,24954,Murten/Morat,Allaman,7,,2026-10-07 15:04:00+00:00,2026-10-07 15:04:12+00:00,,True,0.2,2026-10-07 16:43:49.858000+02:00,2026-10-07 17:04:00+02:00,2026-10-07 17:04:12+02:00,2026-10-07,17,Wednesday,False,20.169033333333335
20261007_144347,2026-10-07 14:43:49.858000+00:00,Lausanne,rail,ch:1:sloid:1120,Lausanne,ch:1:sloid:1120:0:276884,2026-10-07,ch:1:sjyid:100001:1631-001,rail,InterCity,IC51,IC51,1631,Lausanne,Basel SBB,3,,2026-10-07 15:04:00+00:00,2026-10-07 15:04:30+00:00,,True,0.5,2026-10-07 16:43:49.858000+02:00,2026-10-07 17:04:00+02:00,2026-10-07 17:04:30+02:00,2026-10-07,17,Wednesday,False,20.169033333333335
20261007_144347,2026-10-07 14:43:49.858000+00:00,Lausanne,rail,ch:1:sloid:1120,Lausanne,ch:1:sloid:1120:0:37997,2026-10-07,ch:1:sjyid:100001:24365-001,rail,Regio,R3,R3,24365,Vallorbe,Vevey,6,,2026-10-07 15:04:00+00:00,2026-10-07 15:04:18+00:00,,True,0.3,2026-10-07 16:43:49.858000+02:00,2026-10-07 17:04:00+02:00,2026-10-07 17:04:18+02:00,2026-10-07,17,Wednesday,False,20.169033333333335
20261007_144347,2026-10-07 14:43:49.858000+00:00,Lausanne,rail,ch:1:sloid:1120,Lausanne,ch:1:sloid:1120:0:42631,2026-10-07,ch:1:sjyid:100001:24154-001,rail,Regio,R1,R1,24154,Bex,Grandson,5,,2026-10-07 15:08:00+00:00,2026-10-07 15:08:12+00:00,,True,0.2,2026-10-07 16:43:49.858000+02:00,2026-10-07 17:08:00+02:00,2026-10-07 17:08:12+02:00,2026-10-07,17,Wednesday,False,24.169033333333335
20261007_144347,2026-10-07 14:43:49.858000+00:00,Lausanne,rail,ch:1:sloid:1120,Lausanne,ch:1:sloid:1120:0:276884,2026-10-07,ch:1:sjyid:100001:1729-001,rail,InterRegio,IR95,IR95,1729,Genève-Aéroport,Brig,3,,2026-10-07 15:14:00+00:00,2026-10-07 15:14:30+00:00,,True,0.5,2026-10-07 16:43:49.858000+02:00,2026-10-07 17:14:00+02:00,2026-10-07 17:14:30+02:00,2026-10-07,17,Wednesday,False,30.169033333333335
20261007_144347,2026-10-07 14:43:49.858000+00:00,Lausanne,rail,ch:1:sloid:1120,Lausanne,ch:1:sloid:1120:0:638488,2026-10-07,ch:1:sjyid:100001:1826-001,rail,InterRegio,IR90,IR90,1826,Brig,Genève-Aéroport,8,,2026-10-07 15:16:00+00:00,2026-10-07 15:16:30+00:00,,True,0.5,2026-10-07 16:43:49.858000+02:00,2026-10-07 17:16:00+02:00,2026-10-07 17:16:30+02:00,2026-10-07,17,Wednesday,False,32.16903333333333
20261007_144347,2026-10-07 14:43:49.858000+00:00,Lausanne,rail,ch:1:sloid:1120,Lausanne,ch:1:sloid:1120:0:668579,2026-10-07,ch:1:sjyid:100001:729-001,rail,InterCity,IC1,IC1,729,Genève-Aéroport,St. Gallen,1,,2026-10-07 15:17:00+00:00,2026-10-07 15:17:30+00:00,,True,0.5,2026-10-07 16:43:49.858000+02:00,2026-10-07 17:17:00+02:00,2026-10-07 17:17:30+02:00,2026-10-07,17,Wednesday,False,33.16903333333333
20261007_144347,2026-10-07 14:43:49.858000+00:00,Lausanne,rail,ch:1:sloid:1120,Lausanne,ch:1:sloid:1120:0:20298,2026-10-07,ch:1:sjyid:100001:24667-001,rail,S-Bahn,S40,S40,24667,Lausanne,Fribourg/Freiburg,70,,2026-10-07 15:21:00+00:00,2026-10-07 15:21:12+00:00,,True,0.2,2026-10-07 16:43:49.858000+02:00,2026-10-07 17:21:00+02:00,2026-10-07 17:21:12+02:00,2026-10-07,17,Wednesday,False,37.16903333333333
20261007_144347,2026-10-07 14:43:49.858000+00:00,Lausanne,rail,ch:1:sloid:1120,Lausanne,ch:1:sloid:1120:0:42631,2026-10-07,ch:1:sjyid:100001:2526-001,rail,InterRegio,IR15,IR15,2526,Luzern,Genève-Aéroport,5,,2026-10-07 15:23:00+00:00,2026-10-07 15:23:30+00:00,,True,0.5,2026-10-07 16:43:49.858000+02:00,2026-10-07 17:23:00+02:00,2026-10-07 17:23:30+02:00,2026-10-07,17,Wednesday,False,39.16903333333333
20261007_144347,2026-10-07 14:43:49.858000+00:00,Lausanne,rail,ch:1:sloid:1120,Lausanne,ch:1:sloid:1120:0:276884,2026-10-07,ch:1:sjyid:100001:24267-001,rail,Regio,R2,R2,24267,Grandson,Bex,3,,2026-10-07 15:24:00+00:00,2026-10-07 15:24:30+00:00,,True,0.5,2026-10-07 16:43:49.858000+02:00,2026-10-07 17:24:00+02:00,2026-10-07 17:24:30+02:00,2026-10-07,17,Wednesday,False,40.16903333333333
20261007_144347,2026-10-07 14:43:49.858000+00:00,Lausanne,rail,ch:1:sloid:1120,Lausanne,ch:1:sloid:1120:0:840061,2026-10-07,ch:1:sjyid:100001:24456-001,rail,Regio,R4,R4,24456,Vevey,Vallorbe/Le Brassus,7,,2026-10-07 15:27:00+00:00,2026-10-07 15:27:12+00:00,,True,0.2,2026-10-07 16:43:49.858000+02:00,2026-10-07 17:27:00+02:00,2026-10-07 17:27:12+02:00,2026-10-07,17,Wednesday,False,43.16903333333333
20261007_144347,2026-10-07 14:43:49.858000+00:00,Lausanne,rail,ch:1:sloid:1120,Lausanne,ch:1:sloid:1120:0:668579,2026-10-07,ch:1:sjyid:100001:24867-001,rail,Regio,R8,R8,24867,Allaman,Payerne,1,,2026-10-07 15:28:00+00:00,2026-10-07 15:28:12+00:00,,True,0.2,2026-10-07 16:43:49.858000+02:00,2026-10-07 17:28:00+02:00,2026-10-07 17:28:12+02:00,2026-10-07,17,Wednesday,False,44.16903333333333
20261007_144347,2026-10-07 14:43:49.858000+00:00,Lausanne,rail,ch:1:sloid:1120,Lausanne,ch:1:sloid:1120:0:638488,2026-10-07,ch:1:sjyid:100001:18474-001,rail,RegioExpress,RE33,RE33,18474,Martigny,Annemasse,8,,2026-10-07 15:30:00+00:00,,,False,,2026-10-07 16:43:49.858000+02:00,2026-10-07 17:30:00+02:00,,2026-10-07,17,Wednesday,False,46.16903333333333
20261007_144347,2026-10-07 14:43:49.858000+00:00,Lausanne,rail,ch:1:sloid:1120,Lausanne,ch:1:sloid:1120:0:37997,2026-10-07,ch:1:sjyid:100001:18479-001,rail,RegioExpress,RE33,RE33,18479,Annemasse,Martigny,6,,2026-10-07 15:31:00+00:00,2026-10-07 15:31:54+00:00,,True,0.9,2026-10-07 16:43:49.858000+02:00,2026-10-07 17:31:00+02:00,2026-10-07 17:31:54+02:00,2026-10-07,17,Wednesday,False,47.16903333333333
20261007_144347,2026-10-07 14:43:49.858000+00:00,Lausanne,rail,ch:1:sloid:1120,Lausanne,ch:1:sloid:1120:0:860143,2026-10-07,ch:1:sjyid:100001:533-001,rail,InterCity,IC5,IC5,533,Lausanne,St. Gallen,4,,2026-10-07 15:34:00+00:00,2026-10-07 15:34:30+00:00,,True,0.5,2026-10-07 16:43:49.858000+02:00,2026-10-07 17:34:00+02:00,2026-10-07 17:34:30+02:00,2026-10-07,17,Wednesday,False,50.16903333333333
20261007_144347,2026-10-07 14:43:49.858000+00:00,Lausanne,rail,ch:1:sloid:1120,Lausanne,ch:1:sloid:1120:0:840061,2026-10-07,ch:1:sjyid:100001:24856-001,rail,Regio,R8,R8,24856,Payerne,Allaman,7,,2026-10-07 15:34:00+00:00,2026-10-07 15:34:00+00:00,,True,0.0,2026-10-07 16:43:49.858000+02:00,2026-10-07 17:34:00+02:00,2026-10-07 17:34:00+02:00,2026-10-07,17,Wednesday,False,50.16903333333333
20261007_144347,2026-10-07 14:43:49.858000+00:00,Lausanne,rail,ch:1:sloid:1120,Lausanne,ch:1:sloid:1120:0:276884,2026-10-07,ch:1:sjyid:100001:24467-001,rail,Regio,R4,R4,24467,Le Day,Vevey,3,,2026-10-07 15:34:00+00:00,2026-10-07 15:34:12+00:00,,True,0.2,2026-10-07 16:43:49.858000+02:00,2026-10-07 17:34:00+02:00,2026-10-07 17:34:12+02:00,2026-10-07,17,Wednesday,False,50.16903333333333
20261007_144347,2026-10-07 14:43:49.858000+00:00,Lausanne,rail,ch:1:sloid:1120,Lausanne,ch:1:sloid:1120_gen:ch:1:sloid:1120:0:42631_pf:5E-H,2026-10-07,ch:1:sjyid:100001:94856-898,rail,,R8,R8,94856,Lausanne,Allaman,5E-H,,2026-10-07 15:34:00+00:00,2026-10-07 15:34:12+00:00,,True,0.2,2026-10-07 16:43:49.858000+02:00,2026-10-07 17:34:00+02:00,2026-10-07 17:34:12+02:00,2026-10-07,17,Wednesday,False,50.16903333333333
20261007_144347,2026-10-07 14:43:49.858000+00:00,Lausanne,rail,ch:1:sloid:1120,Lausanne,ch:1:sloid:1120:0:840061,2026-10-07,ch:1:sjyid:100001:1929-001,rail,InterRegio,IR,IR,1929,Genève,Sion,5,7,2026-10-07 15:38:00+00:00,2026-10-07 15:38:54+00:00,,True,0.9,2026-10-07 16:43:49.858000+02:00,2026-10-07 17:38:00+02:00,2026-10-07 17:38:54+02:00,2026-10-07,17,Wednesday,False,54.16903333333333
20261007_144347,2026-10-07 14:43:49.858000+00:00,Lausanne,rail,ch:1:sloid:1120,Lausanne,ch:1:sloid:1120:0:638488,2026-10-07,ch:1:sjyid:100001:24256-001,rail,Regio,R2,R2,24256,Bex,Grandson,8,,2026-10-07 15:38:00+00:00,2026-10-07 15:38:12+00:00,,True,0.2,2026-10-07 16:43:49.858000+02:00,2026-10-07 17:38:00+02:00,2026-10-07 17:38:12+02:00,2026-10-07,17,Wednesday,False,54.16903333333333
20261007_144347,2026-10-07 14:43:50.320000+00:00,Genève,rail,ch:1:sloid:1008,Genève,ch:1:sloid:1008:1:1,2026-10-07,ch:1:sjyid:100001:23259-001,rail,Regio,RL4,RL4,23259,Annemasse,Coppet,1,,2026-10-07 14:45:00+00:00,2026-10-07 14:45:12+00:00,,True,0.2,2026-10-07 16:43:50.320000+02:00,2026-10-07 16:45:00+02:00,2026-10-07 16:45:12+02:00,2026-10-07,16,Wednesday,False,1.1613333333333336
20261007_144347,2026-10-07 14:43:50.320000+00:00,Genève,rail,ch:1:sloid:1008,Genève,ch:1:sloid:1008:2:2,2026-10-07,ch:1:sjyid:100001:23432-001,rail,Regio,RL2,RL2,23432,Coppet,Annecy,2,,2026-10-07 14:46:00+00:00,2026-10-07 14:46:42+00:00,,True,0.7,2026-10-07 16:43:50.320000+02:00,2026-10-07 16:46:00+02:00,2026-10-07 16:46:42+02:00,2026-10-07,16,Wednesday,False,2.1613333333333333
20261007_144347,2026-10-07 14:43:50.320000+00:00,Genève,rail,ch:1:sloid:1008,Genève,ch:1:sloid:1008:4:8,2026-10-07,ch:1:sjyid:100001:96754-002,rail,Regio,RL6,RL6,96754,Genève,Bellegarde-sur-Valserine,7,,2026-10-07 14:48:00+00:00,2026-10-07 14:48:12+00:00,,True,0.2,2026-10-07 16:43:50.320000+02:00,2026-10-07 16:48:00+02:00,2026-10-07 16:48:12+02:00,2026-10-07,16,Wednesday,False,4.161333333333333
20261007_144347,2026-10-07 14:43:50.320000+00:00,Genève,rail,ch:1:sloid:1008,Genève,ch:1:sloid:1008:3:6,2026-10-07,ch:1:sjyid:100001:1929-001,rail,InterRegio,IR,IR,1929,Genève,Sion,5,,2026-10-07 14:49:00+00:00,2026-10-07 14:49:30+00:00,,True,0.5,2026-10-07 16:43:50.320000+02:00,2026-10-07 16:49:00+02:00,2026-10-07 16:49:30+02:00,2026-10-07,16,Wednesday,False,5.161333333333333
20261007_144347,2026-10-07 14:43:50.320000+00:00,Genève,rail,ch:1:sloid:1008,Genève,ch:1:sloid:1008:2:2,2026-10-07,ch:1:sjyid:100001:18426-001,rail,RegioExpress,RE33,RE33,18426,St-Maurice,Annemasse,2,,2026-10-07 14:53:00+00:00,,,False,,2026-10-07 16:43:50.320000+02:00,2026-10-07 16:53:00+02:00,,2026-10-07,16,Wednesday,False,9.161333333333333
20261007_144347,2026-10-07 14:43:50.320000+00:00,Genève,rail,ch:1:sloid:1008,Genève,ch:1:sloid:1008:3:4,2026-10-07,ch:1:sjyid:100001:2531-001,rail,InterRegio,IR15,IR15,2531,Genève-Aéroport,Luzern,4,,2026-10-07 14:54:00+00:00,2026-10-07 14:54:30+00:00,,True,0.5,2026-10-07 16:43:50.320000+02:00,2026-10-07 16:54:00+02:00,2026-10-07 16:54:30+02:00,2026-10-07,16,Wednesday,False,10.161333333333333
20261007_144347,2026-10-07 14:43:50.320000+00:00,Genève,rail,ch:1:sloid:1008,Genève,ch:1:sloid:1008:3:6,2026-10-07,ch:1:sjyid:100001:3577-001,rail,RegioExpress,RE,RE,3577,Genève,Nyon,5,,2026-10-07 14:57:00+00:00,2026-10-07 14:57:12+00:00,,True,0.2,2026-10-07 16:43:50.320000+02:00,2026-10-07 16:57:00+02:00,2026-10-07 16:57:12+02:00,2026-10-07,16,Wednesday,False,13.161333333333333
20261007_144347,2026-10-07 14:43:50.320000+00:00,Genève,rail,ch:1:sloid:1008,Genève,ch:1:sloid:1008:2:3,2026-10-07,ch:1:sjyid:100001:1824-001,rail,InterRegio,IR90,IR90,1824,Brig,Genève-Aéroport,3,,2026-10-07 14:58:00+00:00,2026-10-07 14:58:30+00:00,,True,0.5,2026-10-07 16:43:50.320000+02:00,2026-10-07 16:58:00+02:00,2026-10-07 16:58:30+02:00,2026-10-07,16,Wednesday,False,14.161333333333333
20261007_144347,2026-10-07 14:43:50.320000+00:00,Genève,rail,ch:1:sloid:1008,Genève,ch:1:sloid:1008:1:1,2026-10-07,ch:1:sjyid:100001:23161-001,rail,Regio,RL4,RL4,23161,Annemasse,Coppet,1,,2026-10-07 15:00:00+00:00,2026-10-07 15:00:12+00:00,,True,0.2,2026-10-07 16:43:50.320000+02:00,2026-10-07 17:00:00+02:00,2026-10-07 17:00:12+02:00,2026-10-07,17,Wednesday,False,16.16133333333333
20261007_144347,2026-10-07 14:43:50.320000+00:00,Genève,rail,ch:1:sloid:1008,Genève,ch:1:sloid:1008:2:2,2026-10-07,ch:1:sjyid:100001:23334-001,rail,Regio,RL1,RL1,23334,Coppet,Evian-les-Bains,2,,2026-10-07 15:01:00+00:00,2026-10-07 15:01:42+00:00,,True,0.7,2026-10-07 16:43:50.320000+02:00,2026-10-07 17:01:00+02:00,2026-10-07 17:01:42+02:00,2026-10-07,17,Wednesday,False,17.161333333333335
20261007_144347,2026-10-07 14:43:50.320000+00:00,Genève,rail,ch:1:sloid:1008,Genève,ch:1:sloid:1008:3:6,2026-10-07,ch:1:sjyid:100001:1829-001,rail,InterRegio,IR90,IR90,1829,Genève-Aéroport,Brig,5,,2026-10-07 15:05:00+00:00,2026-10-07 15:05:30+00:00,,True,0.5,2026-10-07 16:43:50.320000+02:00,2026-10-07 17:05:00+02:00,2026-10-07 17:05:30+02:00,2026-10-07,17,Wednesday,False,21.161333333333335
20261007_144347,2026-10-07 14:43:50.320000+00:00,Genève,rail,ch:1:sloid:1008,Genève,ch:1:sloid:1008:3:4,2026-10-07,ch:1:sjyid:100001:18427-001,rail,RegioExpress,RE33,RE33,18427,Annemasse,St-Maurice,4,,2026-10-07 15:08:00+00:00,2026-10-07 15:08:12+00:00,,True,0.2,2026-10-07 16:43:50.320000+02:00,2026-10-07 17:08:00+02:00,2026-10-07 17:08:12+02:00,2026-10-07,17,Wednesday,False,24.161333333333335
20261007_144347,2026-10-07 14:43:50.320000+00:00,Genève,rail,ch:1:sloid:1008,Genève,ch:1:sloid:1008:2:3,2026-10-07,ch:1:sjyid:100001:2524-001,rail,InterRegio,IR15,IR15,2524,Luzern,Genève-Aéroport,3,,2026-10-07 15:08:00+00:00,2026-10-07 15:08:30+00:00,,True,0.5,2026-10-07 16:43:50.320000+02:00,2026-10-07 17:08:00+02:00,2026-10-07 17:08:30+02:00,2026-10-07,17,Wednesday,False,24.161333333333335
20261007_144347,2026-10-07 14:43:50.320000+00:00,Genève,rail,ch:1:sloid:1008,Genève,ch:1:sloid:1008:3:4,2026-10-07,ch:1:sjyid:100001:1673-001,rail,InterRegio,IR57,IR57,1673,Genève-Aéroport,Neuchâtel,4,,2026-10-07 15:15:00+00:00,2026-10-07 15:16:12+00:00,,True,1.2,2026-10-07 16:43:50.320000+02:00,2026-10-07 17:15:00+02:00,2026-10-07 17:16:12+02:00,2026-10-07,17,Wednesday,False,31.161333333333335
20261007_144347,2026-10-07 14:43:50.320000+00:00,Genève,rail,ch:1:sloid:1008,Genève,ch:1:sloid:1008:1:1,2026-10-07,ch:1:sjyid:100001:23431-001,rail,Regio,RL2,RL2,23431,Annemasse,Coppet,1,,2026-10-07 15:15:00+00:00,2026-10-07 15:15:12+00:00,,True,0.2,2026-10-07 16:43:50.320000+02:00,2026-10-07 17:15:00+02:00,2026-10-07 17:15:12+02:00,2026-10-07,17,Wednesday,False,31.161333333333335
20261007_144347,2026-10-07 14:43:50.320000+00:00,Genève,rail,ch:1:sloid:1008,Genève,ch:1:sloid:1008:2:2,2026-10-07,ch:1:sjyid:100001:23262-001,rail,Regio,RL4,RL4,23262,Coppet,Annemasse,2,,2026-10-07 15:16:00+00:00,2026-10-07 15:16:42+00:00,,True,0.7,2026-10-07 16:43:50.320000+02:00,2026-10-07 17:16:00+02:00,2026-10-07 17:16:42+02:00,2026-10-07,17,Wednesday,False,32.16133333333333
20261007_144347,2026-10-07 14:43:50.320000+00:00,Genève,rail,ch:1:sloid:1008,Genève,ch:1:sloid:1008:3:5,2026-10-07,ch:1:sjyid:100001:23062-002,rail,Regio,RL5,RL5,23062,Genève,La Plaine,10,,2026-10-07 15:18:00+00:00,2026-10-07 15:18:12+00:00,,True,0.2,2026-10-07 16:43:50.320000+02:00,2026-10-07 17:18:00+02:00,2026-10-07 17:18:12+02:00,2026-10-07,17,Wednesday,False,34.16133333333333
20261007_144347,2026-10-07 14:43:50.320000+00:00,Genève,rail,ch:1:sloid:1008,Genève,ch:1:sloid:1008:2:2,2026-10-07,ch:1:sjyid:100001:18472-001,rail,RegioExpress,RE33,RE33,18472,Martigny,Annemasse,2,,2026-10-07 15:23:00+00:00,,,False,,2026-10-07 16:43:50.320000+02:00,2026-10-07 17:23:00+02:00,,2026-10-07,17,Wednesday,False,39.16133333333333
20261007_144347,2026-10-07 14:43:50.320000+00:00,Genève,rail,ch:1:sloid:1008,Genève,ch:1:sloid:1008:3:4,2026-10-07,ch:1:sjyid:100001:1731-001,rail,InterRegio,IR95,IR95,1731,Genève-Aéroport,Brig,4,,2026-10-07 15:24:00+00:00,2026-10-07 15:24:42+00:00,,True,0.7,2026-10-07 16:43:50.320000+02:00,2026-10-07 17:24:00+02:00,2026-10-07 17:24:42+02:00,2026-10-07,17,Wednesday,False,40.16133333333333
20261007_144347,2026-10-07 14:43:50.320000+00:00,Genève,rail,ch:1:sloid:1008,Genève,ch:1:sloid:1008:4:8,2026-10-07,ch:1:sjyid:100001:96574-002,rail,Train Express Regional,TER,TER,96574,Genève,Lyon Part Dieu,7,,2026-10-07 15:24:00+00:00,2026-10-07 15:24:30+00:00,,True,0.5,2026-10-07 16:43:50.320000+02:00,2026-10-07 17:24:00+02:00,2026-10-07 17:24:30+02:00,2026-10-07,17,Wednesday,False,40.16133333333333
20261007_144347,2026-10-07 14:43:50.320000+00:00,Genève,rail,ch:1:sloid:1008,Genève,ch:1:sloid:1008:2:3,2026-10-07,ch:1:sjyid:100001:722-001,rail,InterCity,IC1,IC1,722,St. Gallen,Genève-Aéroport,3,,2026-10-07 15:28:00+00:00,2026-10-07 15:29:12+00:00,,True,1.2,2026-10-07 16:43:50.320000+02:00,2026-10-07 17:28:00+02:00,2026-10-07 17:29:12+02:00,2026-10-07,17,Wednesday,False,44.16133333333333
20261007_144347,2026-10-07 14:43:50.320000+00:00,Genève,rail,ch:1:sloid:1008,Genève,ch:1:sloid:1008:1:1,2026-10-07,ch:1:sjyid:100001:23487-001,rail,Regio,RL3,RL3,23487,Annemasse,Coppet,1,,2026-10-07 15:30:00+00:00,2026-10-07 15:30:12+00:00,,True,0.2,2026-10-07 16:43:50.320000+02:00,2026-10-07 17:30:00+02:00,2026-10-07 17:30:12+02:00,2026-10-07,17,Wednesday,False,46.16133333333333
20261007_144347,2026-10-07 14:43:50.320000+00:00,Genève,rail,ch:1:sloid:1008,Genève,ch:1:sloid:1008:3:6,2026-10-07,ch:1:sjyid:100001:731-001,rail,InterCity,IC1,IC1,731,Genève-Aéroport,St. Gallen,5,,2026-10-07 15:31:00+00:00,2026-10-07 15:32:00+00:00,,True,1.0,2026-10-07 16:43:50.320000+02:00,2026-10-07 17:31:00+02:00,2026-10-07 17:32:00+02:00,2026-10-07,17,Wednesday,False,47.16133333333333
20261007_144347,2026-10-07 14:43:50.320000+00:00,Genève,rail,ch:1:sloid:1008,Genève,ch:1:sloid:1008:2:2,2026-10-07,ch:1:sjyid:100001:23322-001,rail,Regio,RL1,RL1,23322,Coppet,Evian-les-Bains,2,,2026-10-07 15:31:00+00:00,2026-10-07 15:31:42+00:00,,True,0.7,2026-10-07 16:43:50.320000+02:00,2026-10-07 17:31:00+02:00,2026-10-07 17:31:42+02:00,2026-10-07,17,Wednesday,False,47.16133333333333
20261007_144347,2026-10-07 14:43:50.320000+00:00,Genève,rail,ch:1:sloid:1008,Genève,ch:1:sloid:1008:2:3,2026-10-07,ch:1:sjyid:100001:18481-001,rail,RegioExpress,RE33,RE33,18481,Annemasse,Martigny,3,,2026-10-07 15:38:00+00:00,2026-10-07 15:38:12+00:00,,True,0.2,2026-10-07 16:43:50.320000+02:00,2026-10-07 17:38:00+02:00,2026-10-07 17:38:12+02:00,2026-10-07,17,Wednesday,False,54.16133333333333
20261007_144347,2026-10-07 14:43:50.320000+00:00,Genève,rail,ch:1:sloid:1008,Genève,ch:1:sloid:1008:2:2,2026-10-07,ch:1:sjyid:100001:1724-001,rail,InterRegio,IR95,IR95,1724,Brig,Genève-Aéroport,2,,2026-10-07 15:38:00+00:00,2026-10-07 15:38:30+00:00,,True,0.5,2026-10-07 16:43:50.320000+02:00,2026-10-07 17:38:00+02:00,2026-10-07 17:38:30+02:00,2026-10-07,17,Wednesday,False,54.16133333333333
20261007_144347,2026-10-07 14:43:50.320000+00:00,Genève,rail,ch:1:sloid:1008,Genève,ch:1:sloid:1008:1:1,2026-10-07,ch:1:sjyid:100001:23263-001,rail,Regio,RL4,RL4,23263,Annemasse,Coppet,1,,2026-10-07 15:45:00+00:00,2026-10-07 15:45:12+00:00,,True,0.2,2026-10-07 16:43:50.320000+02:00,2026-10-07 17:45:00+02:00,2026-10-07 17:45:12+02:00,2026-10-07,17,Wednesday,False,61.16133333333333
20261007_144347,2026-10-07 14:43:50.320000+00:00,Genève,rail,ch:1:sloid:1008,Genève,ch:1:sloid:1008:2:2,2026-10-07,ch:1:sjyid:100001:23434-001,rail,Regio,RL2,RL2,23434,Coppet,Annecy,2,,2026-10-07 15:46:00+00:00,2026-10-07 15:46:42+00:00,,True,0.7,2026-10-07 16:43:50.320000+02:00,2026-10-07 17:46:00+02:00,2026-10-07 17:46:42+02:00,2026-10-07,17,Wednesday,False,62.16133333333333
20261007_144347,2026-10-07 14:43:50.320000+00:00,Genève,rail,ch:1:sloid:1008,Genève,ch:1:sloid:1008:2:3,2026-10-07,ch:1:sjyid:100001:1674-001,rail,InterRegio,IR57,IR57,1674,Neuchâtel,Genève-Aéroport,3,,2026-10-07 15:48:00+00:00,2026-10-07 15:49:06+00:00,,True,1.1,2026-10-07 16:43:50.320000+02:00,2026-10-07 17:48:00+02:00,2026-10-07 17:49:06+02:00,2026-10-07,17,Wednesday,False,64.16133333333333
20261007_144347,2026-10-07 14:43:50.320000+00:00,Genève,rail,ch:1:sloid:1008,Genève,ch:1:sloid:1008:3:6,2026-10-07,ch:1:sjyid:100001:96756-002,rail,Regio,RL6,RL6,96756,Genève,Bellegarde-sur-Valserine,5,,2026-10-07 15:50:00+00:00,2026-10-07 15:50:12+00:00,,True,0.2,2026-10-07 16:43:50.320000+02:00,2026-10-07 17:50:00+02:00,2026-10-07 17:50:12+02:00,2026-10-07,17,Wednesday,False,66.16133333333333
20261007_144347,2026-10-07 14:43:50.794000+00:00,Lugano,rail,ch:1:sloid:5300,Lugano,ch:1:sloid:5300:2:2,2026-10-07,ch:1:sjyid:100001:25929-001,rail,S-Bahn,S90,S90,25929,Giubiasco,Mendrisio,2,,2026-10-07 14:52:00+00:00,2026-10-07 14:52:12+00:00,,True,0.2,2026-10-07 16:43:50.794000+02:00,2026-10-07 16:52:00+02:00,2026-10-07 16:52:12+02:00,2026-10-07,16,Wednesday,False,8.153433333333334
20261007_144347,2026-10-07 14:43:50.794000+00:00,Lugano,rail,ch:1:sloid:5300,Lugano,ch:1:sloid:5300:3:4,2026-10-07,ch:1:sjyid:100001:25776-002,rail,S-Bahn,S10,S10,25776,Mendrisio,Airolo,4,,2026-10-07 14:55:00+00:00,2026-10-07 14:55:36+00:00,,True,0.6,2026-10-07 16:43:50.794000+02:00,2026-10-07 16:55:00+02:00,2026-10-07 16:55:36+02:00,2026-10-07,16,Wednesday,False,11.153433333333334
20261007_144347,2026-10-07 14:43:50.794000+00:00,Lugano,rail,ch:1:sloid:5300,Lugano,ch:1:sloid:5300:2:3,2026-10-07,ch:1:sjyid:100001:886-001,rail,InterCity,IC2,IC2,886,Lugano,Zürich HB,3,,2026-10-07 15:02:00+00:00,2026-10-07 15:02:30+00:00,,True,0.5,2026-10-07 16:43:50.794000+02:00,2026-10-07 17:02:00+02:00,2026-10-07 17:02:30+02:00,2026-10-07,17,Wednesday,False,18.153433333333332
20261007_144347,2026-10-07 14:43:50.794000+00:00,Lugano,rail,ch:1:sloid:5300,Lugano,ch:1:sloid:5300:1:1,2026-10-07,ch:1:sjyid:100001:25529-001,rail,RegioExpress,RE80,RE80,25529,Locarno,Milano Centrale,1,,2026-10-07 15:02:00+00:00,,,False,,2026-10-07 16:43:50.794000+02:00,2026-10-07 17:02:00+02:00,,2026-10-07,17,Wednesday,False,18.153433333333332
20261007_144347,2026-10-07 14:43:50.794000+00:00,Lugano,rail,ch:1:sloid:5300,Lugano,ch:1:sloid:5300:3:4,2026-10-07,ch:1:sjyid:100001:25524-001,rail,RegioExpress,RE80,RE80,25524,Milano Centrale,Locarno,4,,2026-10-07 15:05:00+00:00,2026-10-07 15:05:12+00:00,,True,0.2,2026-10-07 16:43:50.794000+02:00,2026-10-07 17:05:00+02:00,2026-10-07 17:05:12+02:00,2026-10-07,17,Wednesday,False,21.153433333333332
20261007_144347,2026-10-07 14:43:50.794000+00:00,Lugano,rail,ch:1:sloid:5300,Lugano,ch:1:sloid:5300:1:1,2026-10-07,ch:1:sjyid:100001:25779-001,rail,S-Bahn,S10,S10,25779,Biasca,Como S. Giovanni/Malpensa Aeroporto T2,1,,2026-10-07 15:06:00+00:00,2026-10-07 15:06:12+00:00,,True,0.2,2026-10-07 16:43:50.794000+02:00,2026-10-07 17:06:00+02:00,2026-10-07 17:06:12+02:00,2026-10-07,17,Wednesday,False,22.153433333333332
20261007_144347,2026-10-07 14:43:50.794000+00:00,Lugano,rail,ch:1:sloid:5300,Lugano,ch:1:sloid:5300:2:3,2026-10-07,ch:1:sjyid:100001:25930-001,rail,S-Bahn,S90,S90,25930,Mendrisio,Giubiasco,3,,2026-10-07 15:08:00+00:00,2026-10-07 15:08:12+00:00,,True,0.2,2026-10-07 16:43:50.794000+02:00,2026-10-07 17:08:00+02:00,2026-10-07 17:08:12+02:00,2026-10-07,17,Wednesday,False,24.153433333333332
20261007_144347,2026-10-07 14:43:50.794000+00:00,Lugano,rail,ch:1:sloid:5300,Lugano,ch:1:sloid:5300:2:2,2026-10-07,ch:1:sjyid:100001:25729-001,rail,S-Bahn,S10,S10,25729,Bellinzona,Mendrisio,2,,2026-10-07 15:18:00+00:00,2026-10-07 15:18:12+00:00,,True,0.2,2026-10-07 16:43:50.794000+02:00,2026-10-07 17:18:00+02:00,2026-10-07 17:18:12+02:00,2026-10-07,17,Wednesday,False,34.15343333333333
20261007_144347,2026-10-07 14:43:50.794000+00:00,Lugano,rail,ch:1:sloid:5300,Lugano,ch:1:sloid:5300:3:4,2026-10-07,ch:1:sjyid:100001:25130-001,rail,S-Bahn,S10,S10,25130,Como Camerlata,Biasca,4,,2026-10-07 15:25:00+00:00,2026-10-07 15:25:24+00:00,,True,0.4,2026-10-07 16:43:50.794000+02:00,2026-10-07 17:25:00+02:00,2026-10-07 17:25:24+02:00,2026-10-07,17,Wednesday,False,41.15343333333333
20261007_144347,2026-10-07 14:43:50.794000+00:00,Lugano,rail,ch:1:sloid:5300,Lugano,ch:1:sloid:5300:2:2,2026-10-07,ch:1:sjyid:100001:25831-001,rail,RegioExpress,RE80,RE80,25831,Locarno,Chiasso,2,,2026-10-07 15:25:00+00:00,2026-10-07 15:25:12+00:00,,True,0.2,2026-10-07 16:43:50.794000+02:00,2026-10-07 17:25:00+02:00,2026-10-07 17:25:12+02:00,2026-10-07,17,Wednesday,False,41.15343333333333
20261007_144347,2026-10-07 14:43:50.794000+00:00,Lugano,rail,ch:1:sloid:5300,Lugano,ch:1:sloid:5300:2:3,2026-10-07,ch:1:sjyid:100001:22-003,rail,EuroCity,EC,EC,22,Como S. Giovanni,Zürich HB,3,,2026-10-07 15:30:00+00:00,2026-10-07 15:31:00+00:00,,True,1.0,2026-10-07 16:43:50.794000+02:00,2026-10-07 17:30:00+02:00,2026-10-07 17:31:00+02:00,2026-10-07,17,Wednesday,False,46.15343333333333
20261007_144347,2026-10-07 14:43:50.794000+00:00,Lugano,rail,ch:1:sloid:5300,Lugano,ch:1:sloid:5300:2:2,2026-10-07,ch:1:sjyid:100001:23-003,rail,EuroCity,EC,EC,23,Zürich HB,Milano Centrale,2,,2026-10-07 15:30:00+00:00,,,False,,2026-10-07 16:43:50.794000+02:00,2026-10-07 17:30:00+02:00,,2026-10-07,17,Wednesday,False,46.15343333333333
20261007_144347,2026-10-07 14:43:50.794000+00:00,Lugano,rail,ch:1:sloid:5300,Lugano,ch:1:sloid:5300:3:4,2026-10-07,ch:1:sjyid:100001:25826-001,rail,RegioExpress,RE80,RE80,25826,Chiasso,Locarno,4,,2026-10-07 15:35:00+00:00,2026-10-07 15:35:48+00:00,,True,0.8,2026-10-07 16:43:50.794000+02:00,2026-10-07 17:35:00+02:00,2026-10-07 17:35:48+02:00,2026-10-07,17,Wednesday,False,51.15343333333333
20261007_144347,2026-10-07 14:43:50.794000+00:00,Lugano,rail,ch:1:sloid:5300,Lugano,ch:1:sloid:5300:2:2,2026-10-07,ch:1:sjyid:100001:25131-001,rail,S-Bahn,S10,S10,25131,Biasca,Como Camerlata,2,,2026-10-07 15:36:00+00:00,,,False,,2026-10-07 16:43:50.794000+02:00,2026-10-07 17:36:00+02:00,,2026-10-07,17,Wednesday,False,52.15343333333333
20261007_144347,2026-10-07 14:43:50.794000+00:00,Lugano,rail,ch:1:sloid:5300,Lugano,ch:1:sloid:5300:1:1,2026-10-07,ch:1:sjyid:100001:25978-001,rail,S-Bahn,S90,S90,25978,Lugano,Giubiasco,1,,2026-10-07 15:38:00+00:00,2026-10-07 15:38:12+00:00,,True,0.2,2026-10-07 16:43:50.794000+02:00,2026-10-07 17:38:00+02:00,2026-10-07 17:38:12+02:00,2026-10-07,17,Wednesday,False,54.15343333333333
20261007_144347,2026-10-07 14:43:50.794000+00:00,Lugano,rail,ch:1:sloid:5300,Lugano,ch:1:sloid:5300:2:3,2026-10-07,ch:1:sjyid:100001:13402-012,rail,,IC2,IC2,13402,Lugano,Köln Hbf,3,,2026-10-07 15:45:00+00:00,,,False,,2026-10-07 16:43:50.794000+02:00,2026-10-07 17:45:00+02:00,,2026-10-07,17,Wednesday,False,61.15343333333333
20261007_144347,2026-10-07 14:43:50.794000+00:00,Lugano,rail,ch:1:sloid:5300,Lugano,ch:1:sloid:5300:1:1,2026-10-07,ch:1:sjyid:100001:25731-003,rail,RegioExpress,RE80,RE80,25731,Lugano,Chiasso,1,,2026-10-07 15:51:00+00:00,2026-10-07 15:52:48+00:00,,True,1.8,2026-10-07 16:43:50.794000+02:00,2026-10-07 17:51:00+02:00,2026-10-07 17:52:48+02:00,2026-10-07,17,Wednesday,False,67.15343333333334
20261007_144347,2026-10-07 14:43:50.794000+00:00,Lugano,rail,ch:1:sloid:5300,Lugano,ch:1:sloid:5300:2:2,2026-10-07,ch:1:sjyid:100001:25733-001,rail,S-Bahn,S90,S90,25733,Lugano,Mendrisio,2,,2026-10-07 15:54:00+00:00,2026-10-07 15:54:54+00:00,,True,0.9,2026-10-07 16:43:50.794000+02:00,2026-10-07 17:54:00+02:00,2026-10-07 17:54:54+02:00,2026-10-07,17,Wednesday,False,70.15343333333334
20261007_144347,2026-10-07 14:43:50.794000+00:00,Lugano,rail,ch:1:sloid:5300,Lugano,ch:1:sloid:5300:3:4,2026-10-07,ch:1:sjyid:100001:25778-001,rail,S-Bahn,S10,S10,25778,Mendrisio,Biasca,4,,2026-10-07 15:55:00+00:00,2026-10-07 15:55:36+00:00,,True,0.6,2026-10-07 16:43:50.794000+02:00,2026-10-07 17:55:00+02:00,2026-10-07 17:55:36+02:00,2026-10-07,17,Wednesday,False,71.15343333333334
20261007_144347,2026-10-07 14:43:50.794000+00:00,Lugano,rail,ch:1:sloid:5300,Lugano,ch:1:sloid:5300:2:3,2026-10-07,ch:1:sjyid:100001:688-001,rail,InterCity,IC21,IC21,688,Lugano,Basel SBB,3,,2026-10-07 16:02:00+00:00,2026-10-07 16:02:30+00:00,,True,0.5,2026-10-07 16:43:50.794000+02:00,2026-10-07 18:02:00+02:00,2026-10-07 18:02:30+02:00,2026-10-07,18,Wednesday,False,78.15343333333334
20261007_144347,2026-10-07 14:43:50.794000+00:00,Lugano,rail,ch:1:sloid:5300,Lugano,ch:1:sloid:5300:1:1,2026-10-07,ch:1:sjyid:100001:25531-001,rail,RegioExpress,RE80,RE80,25531,Locarno,Milano Centrale,1,,2026-10-07 16:02:00+00:00,,,False,,2026-10-07 16:43:50.794000+02:00,2026-10-07 18:02:00+02:00,,2026-10-07,18,Wednesday,False,78.15343333333334
20261007_144347,2026-10-07 14:43:50.794000+00:00,Lugano,rail,ch:1:sloid:5300,Lugano,ch:1:sloid:5300:3:4,2026-10-07,ch:1:sjyid:100001:25526-001,rail,RegioExpress,RE80,RE80,25526,Milano Centrale,Locarno,4,,2026-10-07 16:05:00+00:00,2026-10-07 16:05:12+00:00,,True,0.2,2026-10-07 16:43:50.794000+02:00,2026-10-07 18:05:00+02:00,2026-10-07 18:05:12+02:00,2026-10-07,18,Wednesday,False,81.15343333333334
20261007_144347,2026-10-07 14:43:50.794000+00:00,Lugano,rail,ch:1:sloid:5300,Lugano,ch:1:sloid:5300:1:1,2026-10-07,ch:1:sjyid:100001:25781-001,rail,S-Bahn,S10,S10,25781,Biasca,Como S. Giovanni/Malpensa Aeroporto T2,1,,2026-10-07 16:06:00+00:00,2026-10-07 16:06:12+00:00,,True,0.2,2026-10-07 16:43:50.794000+02:00,2026-10-07 18:06:00+02:00,2026-10-07 18:06:12+02:00,2026-10-07,18,Wednesday,False,82.15343333333334
20261007_144347,2026-10-07 14:43:50.794000+00:00,Lugano,rail,ch:1:sloid:5300,Lugano,ch:1:sloid:5300:2:3,2026-10-07,ch:1:sjyid:100001:25932-001,rail,S-Bahn,S90,S90,25932,Mendrisio,Giubiasco,3,,2026-10-07 16:08:00+00:00,2026-10-07 16:08:12+00:00,,True,0.2,2026-10-07 16:43:50.794000+02:00,2026-10-07 18:08:00+02:00,2026-10-07 18:08:12+02:00,2026-10-07,18,Wednesday,False,84.15343333333334
20261007_144347,2026-10-07 14:43:50.794000+00:00,Lugano,rail,ch:1:sloid:5300,Lugano,ch:1:sloid:5300:2:2,2026-10-07,ch:1:sjyid:100001:173-001,rail,EuroCity,EC,EC,173,Basel SBB,Milano Centrale,2,,2026-10-07 16:10:00+00:00,,,False,,2026-10-07 16:43:50.794000+02:00,2026-10-07 18:10:00+02:00,,2026-10-07,18,Wednesday,False,86.15343333333334
20261007_144347,2026-10-07 14:43:50.794000+00:00,Lugano,rail,ch:1:sloid:5300,Lugano,ch:1:sloid:5300:3:4,2026-10-07,ch:1:sjyid:100001:25132-001,rail,S-Bahn,S10,S10,25132,Como Camerlata,Biasca,4,,2026-10-07 16:25:00+00:00,2026-10-07 16:25:24+00:00,,True,0.4,2026-10-07 16:43:50.794000+02:00,2026-10-07 18:25:00+02:00,2026-10-07 18:25:24+02:00,2026-10-07,18,Wednesday,False,101.15343333333334
20261007_144347,2026-10-07 14:43:50.794000+00:00,Lugano,rail,ch:1:sloid:5300,Lugano,ch:1:sloid:5300:2:2,2026-10-07,ch:1:sjyid:100001:25833-001,rail,RegioExpress,RE80,RE80,25833,Locarno,Chiasso,2,,2026-10-07 16:25:00+00:00,2026-10-07 16:25:12+00:00,,True,0.2,2026-10-07 16:43:50.794000+02:00,2026-10-07 18:25:00+02:00,2026-10-07 18:25:12+02:00,2026-10-07,18,Wednesday,False,101.15343333333334
20261007_144347,2026-10-07 14:43:50.794000+00:00,Lugano,rail,ch:1:sloid:5300,Lugano,ch:1:sloid:5300:2:3,2026-10-07,ch:1:sjyid:100001:24-003,rail,EuroCity,EC,EC,24,Como S. Giovanni,Zürich HB,3,,2026-10-07 16:30:00+00:00,2026-10-07 16:31:00+00:00,,True,1.0,2026-10-07 16:43:50.794000+02:00,2026-10-07 18:30:00+02:00,2026-10-07 18:31:00+02:00,2026-10-07,18,Wednesday,False,106.15343333333334
20261007_144347,2026-10-07 14:43:50.794000+00:00,Lugano,rail,ch:1:sloid:5300,Lugano,ch:1:sloid:5300:2:2,2026-10-07,ch:1:sjyid:100001:1479-001,rail,InterCity,IC2,IC2,1479,Zürich HB,Chiasso,2,,2026-10-07 16:30:00+00:00,2026-10-07 16:30:36+00:00,,True,0.6,2026-10-07 16:43:50.794000+02:00,2026-10-07 18:30:00+02:00,2026-10-07 18:30:36+02:00,2026-10-07,18,Wednesday,False,106.15343333333334
20261007_144347,2026-10-07 14:43:50.794000+00:00,Lugano,rail,ch:1:sloid:5300,Lugano,ch:1:sloid:5300:3:4,2026-10-07,ch:1:sjyid:100001:25828-001,rail,RegioExpress,RE80,RE80,25828,Chiasso,Locarno,4,,2026-10-07 16:35:00+00:00,2026-10-07 16:35:48+00:00,,True,0.8,2026-10-07 16:43:50.794000+02:00,2026-10-07 18:35:00+02:00,2026-10-07 18:35:48+02:00,2026-10-07,18,Wednesday,False,111.15343333333334
20261007_144347,2026-10-07 14:43:51.224000+00:00,Zürich,local,ch:1:sloid:87348,"Zürich, Bahnhofplatz/HB",ch:1:sloid:87348::1,2026-10-07,ch:1:sjyid:100648:plan:b6d2061f-99d2-416a-b683-1b1ab41d5aa5,tram,Tram,14,14,32712,"Zürich, Bahnhofplatz/HB",Triemli,,,2026-10-07 14:44:00+00:00,2026-10-07 14:44:30+00:00,,True,0.5,2026-10-07 16:43:51.224000+02:00,2026-10-07 16:44:00+02:00,2026-10-07 16:44:30+02:00,2026-10-07,16,Wednesday,False,0.14626666666666666
20261007_144347,2026-10-07 14:43:51.224000+00:00,Zürich,local,ch:1:sloid:87348,"Zürich, Bahnhofplatz/HB",ch:1:sloid:87348::11,2026-10-07,ch:1:sjyid:100648:plan:220a67d6-219a-4e14-b41d-b8361ccae740,bus,Bus,31,31,36703,"Zürich, Kienastenwies",Hermetschloo,,,2026-10-07 14:44:30+00:00,2026-10-07 14:43:36+00:00,,True,-0.9,2026-10-07 16:43:51.224000+02:00,2026-10-07 16:44:30+02:00,2026-10-07 16:43:36+02:00,2026-10-07,16,Wednesday,False,0.6462666666666668
20261007_144347,2026-10-07 14:43:51.224000+00:00,Zürich,local,ch:1:sloid:87348,"Zürich, Bahnhofplatz/HB",ch:1:sloid:87348::0,2026-10-07,ch:1:sjyid:100648:plan:d915c431-ca4e-4be6-bf7c-aa5db88db840,tram,Tram,6,6,32778,"Zürich, Bahnhofplatz/HB",Zoo,,,2026-10-07 14:45:06+00:00,2026-10-07 14:45:06+00:00,,True,0.0,2026-10-07 16:43:51.224000+02:00,2026-10-07 16:45:06+02:00,2026-10-07 16:45:06+02:00,2026-10-07,16,Wednesday,False,1.2462666666666666
20261007_144347,2026-10-07 14:43:51.224000+00:00,Zürich,local,ch:1:sloid:87348,"Zürich, Bahnhofplatz/HB",ch:1:sloid:87348,2026-10-07,ch:1:sjyid:100648:plan:217b5312-4516-4e0c-bead-e192d2e24387,bus,Bus,31,31,36945,"Zürich, Hermetschloo",Kienastenwies,,,2026-10-07 14:45:24+00:00,2026-10-07 14:45:30+00:00,,True,0.1,2026-10-07 16:43:51.224000+02:00,2026-10-07 16:45:24+02:00,2026-10-07 16:45:30+02:00,2026-10-07,16,Wednesday,False,1.5462666666666667
20261007_144347,2026-10-07 14:43:51.224000+00:00,Zürich,local,ch:1:sloid:87348,"Zürich, Bahnhofplatz/HB",ch:1:sloid:87348::0,2026-10-07,ch:1:sjyid:100648:plan:5e30cbd7-90e6-498e-9d4d-3691b0f79410,tram,Tram,3,3,31834,"Zürich, Albisrieden",Klusplatz,,,2026-10-07 14:48:24+00:00,2026-10-07 14:48:24+00:00,,True,0.0,2026-10-07 16:43:51.224000+02:00,2026-10-07 16:48:24+02:00,2026-10-07 16:48:24+02:00,2026-10-07,16,Wednesday,False,4.546266666666667
20261007_144347,2026-10-07 14:43:51.224000+00:00,Zürich,local,ch:1:sloid:87348,"Zürich, Bahnhofplatz/HB",ch:1:sloid:87348::1,2026-10-07,ch:1:sjyid:100648:plan:ca8b20ff-9d3d-460b-b47a-8a345de8fcfa,tram,Tram,3,3,32279,"Zürich, Klusplatz",Albisrieden,,,2026-10-07 14:48:18+00:00,2026-10-07 14:48:36+00:00,,True,0.3,2026-10-07 16:43:51.224000+02:00,2026-10-07 16:48:18+02:00,2026-10-07 16:48:36+02:00,2026-10-07,16,Wednesday,False,4.446266666666667
20261007_144347,2026-10-07 14:43:51.224000+00:00,Zürich,local,ch:1:sloid:87348,"Zürich, Bahnhofplatz/HB",ch:1:sloid:87348::1,2026-10-07,ch:1:sjyid:100648:plan:7dd406d8-02c5-4969-bb4b-7ba1096860cc,tram,Tram,14,14,33150,"Zürich, Bahnhofplatz/HB",Triemli,,,2026-10-07 14:51:30+00:00,2026-10-07 14:51:30+00:00,,True,0.0,2026-10-07 16:43:51.224000+02:00,2026-10-07 16:51:30+02:00,2026-10-07 16:51:30+02:00,2026-10-07,16,Wednesday,False,7.6462666666666665
20261007_144347,2026-10-07 14:43:51.224000+00:00,Zürich,local,ch:1:sloid:87348,"Zürich, Bahnhofplatz/HB",ch:1:sloid:87348::0,2026-10-07,ch:1:sjyid:100648:plan:b99373ae-b825-447d-9747-c60ddb05f294,tram,Tram,6,6,33217,"Zürich, Bahnhofplatz/HB",Zoo,,,2026-10-07 14:52:36+00:00,2026-10-07 14:53:06+00:00,,True,0.5,2026-10-07 16:43:51.224000+02:00,2026-10-07 16:52:36+02:00,2026-10-07 16:53:06+02:00,2026-10-07,16,Wednesday,False,8.746266666666665
20261007_144347,2026-10-07 14:43:51.224000+00:00,Zürich,local,ch:1:sloid:87348,"Zürich, Bahnhofplatz/HB",ch:1:sloid:87348,2026-10-07,ch:1:sjyid:100648:plan:c030d89b-8db6-41a0-b4d5-a10d5fa89254,bus,Bus,31,31,37399,"Zürich, Hermetschloo",Kienastenwies,,,2026-10-07 14:52:54+00:00,2026-10-07 14:52:06+00:00,,True,-0.8,2026-10-07 16:43:51.224000+02:00,2026-10-07 16:52:54+02:00,2026-10-07 16:52:06+02:00,2026-10-07,16,Wednesday,False,9.046266666666666
20261007_144347,2026-10-07 14:43:51.224000+00:00,Zürich,local,ch:1:sloid:87348,"Zürich, Bahnhofplatz/HB",ch:1:sloid:87348::11,2026-10-07,ch:1:sjyid:100648:plan:d025ea0b-14c2-48ae-9d97-6082cb44db5d,bus,Bus,31,31,37242,"Zürich, Kienastenwies",Hermetschloo,,,2026-10-07 14:52:00+00:00,2026-10-07 14:50:54+00:00,,True,-1.1,2026-10-07 16:43:51.224000+02:00,2026-10-07 16:52:00+02:00,2026-10-07 16:50:54+02:00,2026-10-07,16,Wednesday,False,8.146266666666667
20261007_144347,2026-10-07 14:43:51.224000+00:00,Zürich,local,ch:1:sloid:87348,"Zürich, Bahnhofplatz/HB",ch:1:sloid:87348::0,2026-10-07,ch:1:sjyid:100648:plan:a5f93847-58ac-4daf-b17a-7870ac12e817,tram,Tram,3,3,32249,"Zürich, Albisrieden",Klusplatz,,,2026-10-07 14:55:54+00:00,2026-10-07 14:56:06+00:00,,True,0.2,2026-10-07 16:43:51.224000+02:00,2026-10-07 16:55:54+02:00,2026-10-07 16:56:06+02:00,2026-10-07,16,Wednesday,False,12.046266666666666
20261007_144347,2026-10-07 14:43:51.224000+00:00,Zürich,local,ch:1:sloid:87348,"Zürich, Bahnhofplatz/HB",ch:1:sloid:87348::1,2026-10-07,ch:1:sjyid:100648:plan:863a32b4-5f70-4629-9849-f1f2de7df0d3,tram,Tram,3,3,32690,"Zürich, Klusplatz",Albisrieden,,,2026-10-07 14:55:48+00:00,2026-10-07 14:55:48+00:00,,True,0.0,2026-10-07 16:43:51.224000+02:00,2026-10-07 16:55:48+02:00,2026-10-07 16:55:48+02:00,2026-10-07,16,Wednesday,False,11.946266666666666
20261007_144347,2026-10-07 14:43:51.224000+00:00,Zürich,local,ch:1:sloid:87348,"Zürich, Bahnhofplatz/HB",ch:1:sloid:87348::1,2026-10-07,ch:1:sjyid:100648:plan:5cf8ec8e-022a-42a1-88c9-7ac72e538e6c,tram,Tram,14,14,33573,"Zürich, Bahnhofplatz/HB",Triemli,,,2026-10-07 14:59:00+00:00,2026-10-07 14:59:00+00:00,,True,0.0,2026-10-07 16:43:51.224000+02:00,2026-10-07 16:59:00+02:00,2026-10-07 16:59:00+02:00,2026-10-07,16,Wednesday,False,15.146266666666666
20261007_144347,2026-10-07 14:43:51.224000+00:00,Zürich,local,ch:1:sloid:87348,"Zürich, Bahnhofplatz/HB",ch:1:sloid:87348::11,2026-10-07,ch:1:sjyid:100648:plan:d533a902-10b2-40b2-a765-b6ec01022592,bus,Bus,31,31,37722,"Zürich, Kienastenwies",Hermetschloo,,,2026-10-07 14:59:30+00:00,2026-10-07 14:59:30+00:00,,True,0.0,2026-10-07 16:43:51.224000+02:00,2026-10-07 16:59:30+02:00,2026-10-07 16:59:30+02:00,2026-10-07,16,Wednesday,False,15.646266666666666
20261007_144347,2026-10-07 14:43:51.224000+00:00,Zürich,local,ch:1:sloid:87348,"Zürich, Bahnhofplatz/HB",ch:1:sloid:87348::0,2026-10-07,ch:1:sjyid:100648:plan:25953d9e-6ce0-4dad-88a7-62c07d176e5d,tram,Tram,6,6,33638,"Zürich, Bahnhofplatz/HB",Zoo,,,2026-10-07 15:00:06+00:00,2026-10-07 15:00:06+00:00,,True,0.0,2026-10-07 16:43:51.224000+02:00,2026-10-07 17:00:06+02:00,2026-10-07 17:00:06+02:00,2026-10-07,17,Wednesday,False,16.246266666666667
20261007_144347,2026-10-07 14:43:51.224000+00:00,Zürich,local,ch:1:sloid:87348,"Zürich, Bahnhofplatz/HB",ch:1:sloid:87348,2026-10-07,ch:1:sjyid:100648:plan:9c247de8-37ac-481b-a41b-4d80d62d20fb,bus,Bus,31,31,37958,"Zürich, Hermetschloo",Kienastenwies,,,2026-10-07 15:00:24+00:00,2026-10-07 15:01:30+00:00,,True,1.1,2026-10-07 16:43:51.224000+02:00,2026-10-07 17:00:24+02:00,2026-10-07 17:01:30+02:00,2026-10-07,17,Wednesday,False,16.546266666666664
20261007_144347,2026-10-07 14:43:51.224000+00:00,Zürich,local,ch:1:sloid:87348,"Zürich, Bahnhofplatz/HB",ch:1:sloid:87348::0,2026-10-07,ch:1:sjyid:100648:plan:426d7315-d2ef-4290-9cd9-6259ebb2790b,tram,Tram,3,3,32672,"Zürich, Albisrieden",Klusplatz,,,2026-10-07 15:03:24+00:00,2026-10-07 15:03:30+00:00,,True,0.1,2026-10-07 16:43:51.224000+02:00,2026-10-07 17:03:24+02:00,2026-10-07 17:03:30+02:00,2026-10-07,17,Wednesday,False,19.546266666666668
20261007_144347,2026-10-07 14:43:51.224000+00:00,Zürich,local,ch:1:sloid:87348,"Zürich, Bahnhofplatz/HB",ch:1:sloid:87348::1,2026-10-07,ch:1:sjyid:100648:plan:114d7b07-250e-41af-8f06-90adccc4379c,tram,Tram,3,3,33125,"Zürich, Klusplatz",Albisrieden,,,2026-10-07 15:03:18+00:00,2026-10-07 15:03:18+00:00,,True,0.0,2026-10-07 16:43:51.224000+02:00,2026-10-07 17:03:18+02:00,2026-10-07 17:03:18+02:00,2026-10-07,17,Wednesday,False,19.446266666666666
20261007_144347,2026-10-07 14:43:51.224000+00:00,Zürich,local,ch:1:sloid:87348,"Zürich, Bahnhofplatz/HB",ch:1:sloid:87348::1,2026-10-07,ch:1:sjyid:100648:plan:fa31cee9-a9af-40b3-854b-1a6a8c8d3d9c,tram,Tram,14,14,33989,"Zürich, Bahnhofplatz/HB",Triemli,,,2026-10-07 15:06:30+00:00,2026-10-07 15:06:30+00:00,,True,0.0,2026-10-07 16:43:51.224000+02:00,2026-10-07 17:06:30+02:00,2026-10-07 17:06:30+02:00,2026-10-07,17,Wednesday,False,22.64626666666667
20261007_144347,2026-10-07 14:43:51.224000+00:00,Zürich,local,ch:1:sloid:87348,"Zürich, Bahnhofplatz/HB",ch:1:sloid:87348::0,2026-10-07,ch:1:sjyid:100648:plan:cbf8818a-85fd-494b-ac09-b36b02d88f21,tram,Tram,6,6,34079,"Zürich, Bahnhofplatz/HB",Zoo,,,2026-10-07 15:07:36+00:00,2026-10-07 15:07:36+00:00,,True,0.0,2026-10-07 16:43:51.224000+02:00,2026-10-07 17:07:36+02:00,2026-10-07 17:07:36+02:00,2026-10-07,17,Wednesday,False,23.746266666666667
20261007_144347,2026-10-07 14:43:51.224000+00:00,Zürich,local,ch:1:sloid:87348,"Zürich, Bahnhofplatz/HB",ch:1:sloid:87348,2026-10-07,ch:1:sjyid:100648:plan:a5468f5d-11cc-4552-a757-e2467c9d19ed,bus,Bus,31,31,38444,"Zürich, Hermetschloo",Kienastenwies,,,2026-10-07 15:07:54+00:00,2026-10-07 15:07:54+00:00,,True,0.0,2026-10-07 16:43:51.224000+02:00,2026-10-07 17:07:54+02:00,2026-10-07 17:07:54+02:00,2026-10-07,17,Wednesday,False,24.046266666666668
20261007_144347,2026-10-07 14:43:51.224000+00:00,Zürich,local,ch:1:sloid:87348,"Zürich, Bahnhofplatz/HB",ch:1:sloid:87348::11,2026-10-07,ch:1:sjyid:100648:plan:0cd335e1-ed16-43ae-8e8d-5de901c99c52,bus,Bus,31,31,38264,"Zürich, Kienastenwies",Hermetschloo,,,2026-10-07 15:07:00+00:00,2026-10-07 15:07:00+00:00,,True,0.0,2026-10-07 16:43:51.224000+02:00,2026-10-07 17:07:00+02:00,2026-10-07 17:07:00+02:00,2026-10-07,17,Wednesday,False,23.14626666666667
20261007_144347,2026-10-07 14:43:51.224000+00:00,Zürich,local,ch:1:sloid:87348,"Zürich, Bahnhofplatz/HB",ch:1:sloid:87348::0,2026-10-07,ch:1:sjyid:100648:plan:ad3ce6e7-4fc0-4aca-989d-29d0dfd02287,tram,Tram,3,3,33106,"Zürich, Albisrieden",Klusplatz,,,2026-10-07 15:10:54+00:00,2026-10-07 15:10:54+00:00,,True,0.0,2026-10-07 16:43:51.224000+02:00,2026-10-07 17:10:54+02:00,2026-10-07 17:10:54+02:00,2026-10-07,17,Wednesday,False,27.046266666666668
20261007_144347,2026-10-07 14:43:51.224000+00:00,Zürich,local,ch:1:sloid:87348,"Zürich, Bahnhofplatz/HB",ch:1:sloid:87348::1,2026-10-07,ch:1:sjyid:100648:plan:65015e87-475e-4be7-87f4-ce992136815a,tram,Tram,3,3,33547,"Zürich, Klusplatz",Albisrieden,,,2026-10-07 15:10:48+00:00,2026-10-07 15:10:48+00:00,,True,0.0,2026-10-07 16:43:51.224000+02:00,2026-10-07 17:10:48+02:00,2026-10-07 17:10:48+02:00,2026-10-07,17,Wednesday,False,26.946266666666666
20261007_144347,2026-10-07 14:43:51.224000+00:00,Zürich,local,ch:1:sloid:87348,"Zürich, Bahnhofplatz/HB",ch:1:sloid:87348::1,2026-10-07,ch:1:sjyid:100648:plan:27dbb6c9-afb7-4a1b-a725-e8ce42185b25,tram,Tram,14,14,34404,"Zürich, Bahnhofplatz/HB",Triemli,,,2026-10-07 15:14:00+00:00,2026-10-07 15:14:00+00:00,,True,0.0,2026-10-07 16:43:51.224000+02:00,2026-10-07 17:14:00+02:00,2026-10-07 17:14:00+02:00,2026-10-07,17,Wednesday,False,30.14626666666667
20261007_144347,2026-10-07 14:43:51.224000+00:00,Zürich,local,ch:1:sloid:87348,"Zürich, Bahnhofplatz/HB",ch:1:sloid:87348::11,2026-10-07,ch:1:sjyid:100648:plan:f334aa62-03e4-4394-bf47-059bede75f2f,bus,Bus,31,31,38735,"Zürich, Kienastenwies",Hermetschloo,,,2026-10-07 15:14:30+00:00,2026-10-07 15:14:30+00:00,,True,0.0,2026-10-07 16:43:51.224000+02:00,2026-10-07 17:14:30+02:00,2026-10-07 17:14:30+02:00,2026-10-07,17,Wednesday,False,30.64626666666667
20261007_144347,2026-10-07 14:43:51.224000+00:00,Zürich,local,ch:1:sloid:87348,"Zürich, Bahnhofplatz/HB",ch:1:sloid:87348::0,2026-10-07,ch:1:sjyid:100648:plan:16a0798e-5b63-4933-9ff5-bc7e5f27b24b,tram,Tram,6,6,34470,"Zürich, Bahnhofplatz/HB",Zoo,,,2026-10-07 15:15:06+00:00,2026-10-07 15:15:06+00:00,,True,0.0,2026-10-07 16:43:51.224000+02:00,2026-10-07 17:15:06+02:00,2026-10-07 17:15:06+02:00,2026-10-07,17,Wednesday,False,31.246266666666667
20261007_144347,2026-10-07 14:43:51.224000+00:00,Zürich,local,ch:1:sloid:87348,"Zürich, Bahnhofplatz/HB",ch:1:sloid:87348,2026-10-07,ch:1:sjyid:100648:plan:654bad67-eef4-4a09-9b5c-5d40f8170891,bus,Bus,31,31,38982,"Zürich, Hermetschloo",Kienastenwies,,,2026-10-07 15:15:24+00:00,2026-10-07 15:15:24+00:00,,True,0.0,2026-10-07 16:43:51.224000+02:00,2026-10-07 17:15:24+02:00,2026-10-07 17:15:24+02:00,2026-10-07,17,Wednesday,False,31.546266666666668
20261007_144347,2026-10-07 14:43:51.224000+00:00,Zürich,local,ch:1:sloid:87348,"Zürich, Bahnhofplatz/HB",ch:1:sloid:87348::0,2026-10-07,ch:1:sjyid:100648:plan:f142a6a1-1967-4759-9eaf-00e97d8a7ec4,tram,Tram,3,3,33524,"Zürich, Albisrieden",Klusplatz,,,2026-10-07 15:18:24+00:00,2026-10-07 15:18:24+00:00,,True,0.0,2026-10-07 16:43:51.224000+02:00,2026-10-07 17:18:24+02:00,2026-10-07 17:18:24+02:00,2026-10-07,17,Wednesday,False,34.54626666666666
20261007_144347,2026-10-07 14:43:51.224000+00:00,Zürich,local,ch:1:sloid:87348,"Zürich, Bahnhofplatz/HB",ch:1:sloid:87348::1,2026-10-07,ch:1:sjyid:100648:plan:5563f5c0-051d-4a0a-ae40-bd7036cbd4d8,tram,Tram,3,3,33968,"Zürich, Klusplatz",Albisrieden,,,2026-10-07 15:18:18+00:00,2026-10-07 15:18:18+00:00,,True,0.0,2026-10-07 16:43:51.224000+02:00,2026-10-07 17:18:18+02:00,2026-10-07 17:18:18+02:00,2026-10-07,17,Wednesday,False,34.446266666666666
20261007_144347,2026-10-07 14:43:51.667000+00:00,Bern,local,ch:1:sloid:76646,"Bern, Bahnhof",ch:1:sloid:76646:0:1,2026-10-07,ch:1:sjyid:100626:plan:cd785750-19e9-4b74-b277-42d30d6662a2,tram,Tram,9,9,22364,"Wabern, Tram-Endstation",Wankdorf Bhf,B,,2026-10-07 14:43:00+00:00,2026-10-07 14:43:48+00:00,,True,0.8,2026-10-07 16:43:51.667000+02:00,2026-10-07 16:43:00+02:00,2026-10-07 16:43:48+02:00,2026-10-07,16,Wednesday,False,-0.8611166666666666
20261007_144347,2026-10-07 14:43:51.667000+00:00,Bern,local,ch:1:sloid:76646,"Bern, Bahnhof",ch:1:sloid:76646:0:13,2026-10-07,ch:1:sjyid:100626:plan:7f134dd3-328c-4ac0-99dd-ba4fea5e1a2a,bus,Bus,20,20,63718,"Bern, Länggasse",Wankdorf Bhf,E,,2026-10-07 14:43:48+00:00,2026-10-07 14:44:24+00:00,,True,0.6,2026-10-07 16:43:51.667000+02:00,2026-10-07 16:43:48+02:00,2026-10-07 16:44:24+02:00,2026-10-07,16,Wednesday,False,-0.061116666666666666
20261007_144347,2026-10-07 14:43:51.667000+00:00,Bern,local,ch:1:sloid:76646,"Bern, Bahnhof",ch:1:sloid:76646:0:10,2026-10-07,ch:1:sjyid:100626:plan:815708f9-9408-4f0f-a50c-07ef199dc551,tram,Tram,3,3,1755,"Bern, Bahnhof",Weissenbühl,J,,2026-10-07 14:44:00+00:00,2026-10-07 14:44:00+00:00,,True,0.0,2026-10-07 16:43:51.667000+02:00,2026-10-07 16:44:00+02:00,2026-10-07 16:44:00+02:00,2026-10-07,16,Wednesday,False,0.13888333333333333
20261007_144347,2026-10-07 14:43:51.667000+00:00,Bern,local,ch:1:sloid:76646,"Bern, Bahnhof",ch:1:sloid:76646:0:7,2026-10-07,ch:1:sjyid:100626:plan:983899c7-0f20-4967-8cd7-7e4722e03a7f,bus,Bus,12,12,53259,"Bern, Zentrum Paul Klee",Holligen,D,,2026-10-07 14:44:00+00:00,2026-10-07 14:45:30+00:00,,True,1.5,2026-10-07 16:43:51.667000+02:00,2026-10-07 16:44:00+02:00,2026-10-07 16:45:30+02:00,2026-10-07,16,Wednesday,False,0.13888333333333333
20261007_144347,2026-10-07 14:43:51.667000+00:00,Bern,local,ch:1:sloid:76646,"Bern, Bahnhof",ch:1:sloid:76646:0:15,2026-10-07,ch:1:sjyid:100626:plan:fa48a678-655b-481c-9c86-6969250fda42,bus,Bus,20,20,66307,"Bern Wankdorf, Bahnhof",Länggasse,F,,2026-10-07 14:44:48+00:00,2026-10-07 14:45:00+00:00,,True,0.2,2026-10-07 16:43:51.667000+02:00,2026-10-07 16:44:48+02:00,2026-10-07 16:45:00+02:00,2026-10-07,16,Wednesday,False,0.9388833333333333
20261007_144347,2026-10-07 14:43:51.667000+00:00,Bern,local,ch:1:sloid:76646,"Bern, Bahnhof",ch:1:sloid:76646:0:30,2026-10-07,ch:1:sjyid:100626:plan:85f4ba24-3430-4554-bc42-5dab3933c278,bus,Bus,21,21,67842,"Bern, Bahnhof",Bremgarten,H,,2026-10-07 14:44:00+00:00,2026-10-07 14:44:00+00:00,,True,0.0,2026-10-07 16:43:51.667000+02:00,2026-10-07 16:44:00+02:00,2026-10-07 16:44:00+02:00,2026-10-07,16,Wednesday,False,0.13888333333333333
20261007_144347,2026-10-07 14:43:51.667000+00:00,Bern,local,ch:1:sloid:76646,"Bern, Bahnhof",ch:1:sloid:76646:0:11,2026-10-07,ch:1:sjyid:100626:plan:fcab5886-f715-4959-a45f-1dc60ab292cd,bus,Bus,10,10,46732,"Ostermundigen, Wegmühlegässli",Köniz Schloss,I,,2026-10-07 14:44:30+00:00,2026-10-07 14:44:30+00:00,,True,0.0,2026-10-07 16:43:51.667000+02:00,2026-10-07 16:44:30+02:00,2026-10-07 16:44:30+02:00,2026-10-07,16,Wednesday,False,0.6388833333333334
20261007_144347,2026-10-07 14:43:51.667000+00:00,Bern,local,ch:1:sloid:76646,"Bern, Bahnhof",ch:1:sloid:76646:0:19,2026-10-07,ch:1:sjyid:100626:plan:7dabb0e0-3413-4f70-9b61-74bb55f2a1d2,bus,Bus,10,10,34821,"Schliern, Bus-Endstation",Ostermundigen Rüti,L,,2026-10-07 14:45:00+00:00,2026-10-07 14:45:00+00:00,,True,0.0,2026-10-07 16:43:51.667000+02:00,2026-10-07 16:45:00+02:00,2026-10-07 16:45:00+02:00,2026-10-07,16,Wednesday,False,1.1388833333333332
20261007_144347,2026-10-07 14:43:51.667000+00:00,Bern,local,ch:1:sloid:76646,"Bern, Bahnhof",ch:1:sloid:76646:0:39,2026-10-07,ch:1:sjyid:100626:plan:94b3df43-a16e-46c9-aa9a-2c752a49e379,tram,Tram,7,7,13105,"Bern, Bahnhof",Bümpliz,N,,2026-10-07 14:45:36+00:00,2026-10-07 14:45:36+00:00,,True,0.0,2026-10-07 16:43:51.667000+02:00,2026-10-07 16:45:36+02:00,2026-10-07 16:45:36+02:00,2026-10-07,16,Wednesday,False,1.7388833333333333
20261007_144347,2026-10-07 14:43:51.667000+00:00,Bern,local,ch:1:sloid:76646,"Bern, Bahnhof",ch:1:sloid:76646:0:3,2026-10-07,ch:1:sjyid:100626:plan:bb79a6c4-95ec-4044-a040-ebdb81cc821e,tram,Tram,9,9,28714,"Bern Wankdorf, Bahnhof",Wabern,C,,2026-10-07 14:45:00+00:00,2026-10-07 14:45:54+00:00,,True,0.9,2026-10-07 16:43:51.667000+02:00,2026-10-07 16:45:00+02:00,2026-10-07 16:45:54+02:00,2026-10-07,16,Wednesday,False,1.1388833333333332
20261007_144347,2026-10-07 14:43:51.667000+00:00,Bern,local,ch:1:sloid:76646,"Bern, Bahnhof",ch:1:sloid:76646:0:20,2026-10-07,ch:1:sjyid:100626:plan:ca666d81-8d8d-4aca-bfb7-b3e30c4d80cc,bus,Bus,17,17,57965,"Bern, Bahnhof",Köniz Weiermatt,M,,2026-10-07 14:45:00+00:00,2026-10-07 14:45:00+00:00,,True,0.0,2026-10-07 16:43:51.667000+02:00,2026-10-07 16:45:00+02:00,2026-10-07 16:45:00+02:00,2026-10-07,16,Wednesday,False,1.1388833333333332
20261007_144347,2026-10-07 14:43:51.667000+00:00,Bern,local,ch:1:sloid:76646,"Bern, Bahnhof",ch:1:sloid:76646:0:2,2026-10-07,ch:1:sjyid:100626:plan:bba8f4e3-0dc3-4645-a1c4-6cf05fc18142,bus,Bus,8A,8A,77905,"Bern, Bahnhof",Saali,K2,,2026-10-07 14:46:42+00:00,2026-10-07 14:46:42+00:00,,True,0.0,2026-10-07 16:43:51.667000+02:00,2026-10-07 16:46:42+02:00,2026-10-07 16:46:42+02:00,2026-10-07,16,Wednesday,False,2.8388833333333334
20261007_144347,2026-10-07 14:43:51.667000+00:00,Bern,local,ch:1:sloid:76646,"Bern, Bahnhof",ch:1:sloid:76646:0:5,2026-10-07,ch:1:sjyid:100626:plan:8cca4075-9624-4e55-a241-c968b98d8522,bus,Bus,12,12,50563,"Bern, Holligen",Zentrum Paul Klee,A,,2026-10-07 14:47:00+00:00,2026-10-07 14:47:48+00:00,,True,0.8,2026-10-07 16:43:51.667000+02:00,2026-10-07 16:47:00+02:00,2026-10-07 16:47:48+02:00,2026-10-07,16,Wednesday,False,3.1388833333333332
20261007_144347,2026-10-07 14:43:51.667000+00:00,Bern,local,ch:1:sloid:76646,"Bern, Bahnhof",ch:1:sloid:76646:0:28,2026-10-07,ch:1:sjyid:100626:plan:57319f59-19d2-4ccc-96dc-da492df17ea0,bus,Bus,11,11,49295,"Bern, Bahnhof",Neufeld P+R,G,,2026-10-07 14:47:00+00:00,2026-10-07 14:47:00+00:00,,True,0.0,2026-10-07 16:43:51.667000+02:00,2026-10-07 16:47:00+02:00,2026-10-07 16:47:00+02:00,2026-10-07,16,Wednesday,False,3.1388833333333332
20261007_144347,2026-10-07 14:43:51.667000+00:00,Bern,local,ch:1:sloid:76646,"Bern, Bahnhof",ch:1:sloid:76646:0:13,2026-10-07,ch:1:sjyid:100626:plan:a3f1e305-5eec-4c09-ac33-36614497159c,bus,Bus,20,20,63728,"Bern, Länggasse",Wankdorf Bhf,E,,2026-10-07 14:47:48+00:00,2026-10-07 14:47:48+00:00,,True,0.0,2026-10-07 16:43:51.667000+02:00,2026-10-07 16:47:48+02:00,2026-10-07 16:47:48+02:00,2026-10-07,16,Wednesday,False,3.9388833333333335
20261007_144347,2026-10-07 14:43:51.667000+00:00,Bern,local,ch:1:sloid:76646,"Bern, Bahnhof",ch:1:sloid:76646:0:11,2026-10-07,ch:1:sjyid:100626:plan:0009185a-54c5-441c-922f-4f417ab92d34,bus,Bus,10,10,43738,"Ostermundigen, Rüti",Schliern,I,,2026-10-07 14:47:00+00:00,2026-10-07 14:47:18+00:00,,True,0.3,2026-10-07 16:43:51.667000+02:00,2026-10-07 16:47:00+02:00,2026-10-07 16:47:18+02:00,2026-10-07,16,Wednesday,False,3.1388833333333332
20261007_144347,2026-10-07 14:43:51.667000+00:00,Bern,local,ch:1:sloid:76646,"Bern, Bahnhof",ch:1:sloid:76646:0:25,2026-10-07,ch:1:sjyid:100626:plan:09e92605-2a0b-41b0-8d03-2652f8255d82,bus,Bus,19,19,60751,"Bern, Elfenau",Blinzern,K1,,2026-10-07 14:47:00+00:00,2026-10-07 14:47:00+00:00,,True,0.0,2026-10-07 16:43:51.667000+02:00,2026-10-07 16:47:00+02:00,2026-10-07 16:47:00+02:00,2026-10-07,16,Wednesday,False,3.1388833333333332
20261007_144347,2026-10-07 14:43:51.667000+00:00,Bern,local,ch:1:sloid:76646,"Bern, Bahnhof",ch:1:sloid:76646:0:19,2026-10-07,ch:1:sjyid:100626:plan:1972a9de-ce5f-4093-87a6-5d542c5d48f5,bus,Bus,10,10,38178,"Köniz, Schloss",Ostermundigen,L,,2026-10-07 14:48:30+00:00,2026-10-07 14:48:48+00:00,,True,0.3,2026-10-07 16:43:51.667000+02:00,2026-10-07 16:48:30+02:00,2026-10-07 16:48:48+02:00,2026-10-07,16,Wednesday,False,4.638883333333334
20261007_144347,2026-10-07 14:43:51.667000+00:00,Bern,local,ch:1:sloid:76646,"Bern, Bahnhof",ch:1:sloid:76646:0:15,2026-10-07,ch:1:sjyid:100626:plan:be6cd953-d4b5-4604-b43f-4435eb31e77a,bus,Bus,20,20,66318,"Bern Wankdorf, Bahnhof",Länggasse,F,,2026-10-07 14:48:48+00:00,2026-10-07 14:48:36+00:00,,True,-0.2,2026-10-07 16:43:51.667000+02:00,2026-10-07 16:48:48+02:00,2026-10-07 16:48:36+02:00,2026-10-07,16,Wednesday,False,4.938883333333334
20261007_144347,2026-10-07 14:43:51.667000+00:00,Bern,local,ch:1:sloid:76646,"Bern, Bahnhof",ch:1:sloid:76646:0:20,2026-10-07,ch:1:sjyid:100626:plan:bc290788-3279-4ce3-ba11-63a9336db699,bus,Bus,19,19,58627,"Spiegel, Blinzern",Elfenau,M,,2026-10-07 14:49:00+00:00,2026-10-07 14:50:18+00:00,,True,1.3,2026-10-07 16:43:51.667000+02:00,2026-10-07 16:49:00+02:00,2026-10-07 16:50:18+02:00,2026-10-07,16,Wednesday,False,5.138883333333334
20261007_144347,2026-10-07 14:43:51.667000+00:00,Bern,local,ch:1:sloid:76646,"Bern, Bahnhof",ch:1:sloid:76646:0:25,2026-10-07,ch:1:sjyid:100626:plan:2f187465-ee17-491e-a552-49a8c21bc936,bus,Bus,7A,7A,76554,"Bern, Bahnhof",Ostring,K1,,2026-10-07 14:49:00+00:00,2026-10-07 14:49:00+00:00,,True,0.0,2026-10-07 16:43:51.667000+02:00,2026-10-07 16:49:00+02:00,2026-10-07 16:49:00+02:00,2026-10-07,16,Wednesday,False,5.138883333333334
20261007_144347,2026-10-07 14:43:51.667000+00:00,Bern,local,ch:1:sloid:76646,"Bern, Bahnhof",ch:1:sloid:76646:0:10,2026-10-07,ch:1:sjyid:100626:plan:9ad111e0-b09a-4079-a120-3ef5ab2a0925,tram,Tram,6,6,7222,"Bern, Bahnhof",Fischermätteli,J,,2026-10-07 14:49:00+00:00,2026-10-07 14:49:00+00:00,,True,0.0,2026-10-07 16:43:51.667000+02:00,2026-10-07 16:49:00+02:00,2026-10-07 16:49:00+02:00,2026-10-07,16,Wednesday,False,5.138883333333334
20261007_144347,2026-10-07 14:43:51.667000+00:00,Bern,local,ch:1:sloid:76646,"Bern, Bahnhof",ch:1:sloid:76646:0:39,2026-10-07,ch:1:sjyid:100626:plan:9fe283e5-2794-4b43-9e63-2045fd6e2574,tram,Tram,8,8,18622,"Bern, Bahnhof",Brünnen Bhf,N,,2026-10-07 14:49:06+00:00,2026-10-07 14:49:36+00:00,,True,0.5,2026-10-07 16:43:51.667000+02:00,2026-10-07 16:49:06+02:00,2026-10-07 16:49:36+02:00,2026-10-07,16,Wednesday,False,5.238883333333334
20261007_144347,2026-10-07 14:43:51.667000+00:00,Bern,local,ch:1:sloid:76646,"Bern, Bahnhof",ch:1:sloid:76646:0:7,2026-10-07,ch:1:sjyid:100626:plan:839839ab-e9d5-4442-87ac-de22e81cd09b,bus,Bus,12,12,53263,"Bern, Zentrum Paul Klee",Holligen,D,,2026-10-07 14:49:00+00:00,2026-10-07 14:49:42+00:00,,True,0.7,2026-10-07 16:43:51.667000+02:00,2026-10-07 16:49:00+02:00,2026-10-07 16:49:42+02:00,2026-10-07,16,Wednesday,False,5.138883333333334
20261007_144347,2026-10-07 14:43:51.667000+00:00,Bern,local,ch:1:sloid:76646,"Bern, Bahnhof",ch:1:sloid:76646:0:1,2026-10-07,ch:1:sjyid:100626:plan:dbb29472-3497-4f5c-beab-bf31144bfa1c,tram,Tram,9,9,22369,"Wabern, Tram-Endstation",Wankdorf Bhf,B,,2026-10-07 14:49:00+00:00,2026-10-07 14:49:36+00:00,,True,0.6,2026-10-07 16:43:51.667000+02:00,2026-10-07 16:49:00+02:00,2026-10-07 16:49:36+02:00,2026-10-07,16,Wednesday,False,5.138883333333334
20261007_144347,2026-10-07 14:43:51.667000+00:00,Bern,local,ch:1:sloid:76646,"Bern, Bahnhof",ch:1:sloid:76646:0:11,2026-10-07,ch:1:sjyid:100626:plan:c3808378-459e-4919-b133-c0e847bdf17d,bus,Bus,10,10,46746,"Ostermundigen, Wegmühlegässli",Köniz Schloss,I,,2026-10-07 14:50:30+00:00,2026-10-07 14:50:12+00:00,,True,-0.3,2026-10-07 16:43:51.667000+02:00,2026-10-07 16:50:30+02:00,2026-10-07 16:50:12+02:00,2026-10-07,16,Wednesday,False,6.638883333333334
20261007_144347,2026-10-07 14:43:51.667000+00:00,Bern,local,ch:1:sloid:76646,"Bern, Bahnhof",ch:1:sloid:76646:0:19,2026-10-07,ch:1:sjyid:100626:plan:a4dc651a-57ea-4bc4-b000-dbb4155e0a36,bus,Bus,10,10,34824,"Schliern, Bus-Endstation",Ostermundigen Rüti,L,,2026-10-07 14:51:00+00:00,2026-10-07 14:51:00+00:00,,True,0.0,2026-10-07 16:43:51.667000+02:00,2026-10-07 16:51:00+02:00,2026-10-07 16:51:00+02:00,2026-10-07,16,Wednesday,False,7.138883333333334
20261007_144347,2026-10-07 14:43:51.667000+00:00,Bern,local,ch:1:sloid:76646,"Bern, Bahnhof",ch:1:sloid:76646:0:2,2026-10-07,ch:1:sjyid:100626:plan:1d4b2069-b1fd-4274-b570-94741afad3a8,bus,Bus,8A,8A,77908,"Bern, Bahnhof",Saali,K2,,2026-10-07 14:51:42+00:00,2026-10-07 14:51:42+00:00,,True,0.0,2026-10-07 16:43:51.667000+02:00,2026-10-07 16:51:42+02:00,2026-10-07 16:51:42+02:00,2026-10-07,16,Wednesday,False,7.838883333333333
20261007_144347,2026-10-07 14:43:51.667000+00:00,Bern,local,ch:1:sloid:76646,"Bern, Bahnhof",ch:1:sloid:76646:0:3,2026-10-07,ch:1:sjyid:100626:plan:01e95372-7cda-4b5f-8951-6583350d754b,tram,Tram,9,9,28720,"Bern Wankdorf, Bahnhof",Wabern,C,,2026-10-07 14:51:00+00:00,2026-10-07 14:51:24+00:00,,True,0.4,2026-10-07 16:43:51.667000+02:00,2026-10-07 16:51:00+02:00,2026-10-07 16:51:24+02:00,2026-10-07,16,Wednesday,False,7.138883333333334
20261007_144347,2026-10-07 14:43:51.667000+00:00,Bern,local,ch:1:sloid:76646,"Bern, Bahnhof",ch:1:sloid:76646:0:13,2026-10-07,ch:1:sjyid:100626:plan:32a4c302-d99b-41fe-a03b-3a3a34d667b4,bus,Bus,20,20,63739,"Bern, Länggasse",Wankdorf Bhf,E,,2026-10-07 14:51:48+00:00,2026-10-07 14:51:48+00:00,,True,0.0,2026-10-07 16:43:51.667000+02:00,2026-10-07 16:51:48+02:00,2026-10-07 16:51:48+02:00,2026-10-07,16,Wednesday,False,7.938883333333334
20261007_144347,2026-10-07 14:43:52.156000+00:00,Basel,local,ch:1:sloid:78143,"Basel, Bahnhof SBB",ch:1:sloid:78143:3:3,2026-10-07,ch:1:sjyid:100622:plan:4ab50195-ca4b-4896-95de-4d2f67b80410,bus,Bus,30,30,30265,"Basel, Bahnhof SBB","Basel, Metzerstrasse",B,,2026-10-07 14:28:36+00:00,2026-10-07 14:58:30+00:00,,True,29.9,2026-10-07 16:43:52.156000+02:00,2026-10-07 16:28:36+02:00,2026-10-07 16:58:30+02:00,2026-10-07,16,Wednesday,False,-15.269266666666665
20261007_144347,2026-10-07 14:43:52.156000+00:00,Basel,local,ch:1:sloid:78143,"Basel, Bahnhof SBB",ch:1:sloid:78143:1:32,2026-10-07,ch:1:sjyid:100622:plan:4ef4c9c0-4580-461f-9984-58261325f20c,tram,Tram,8,8,8188,"Weil am Rhein, Bahnhof/Zentrum","Basel, Neuweilerstrasse",E,,2026-10-07 14:36:00+00:00,2026-10-07 14:49:06+00:00,,True,13.1,2026-10-07 16:43:52.156000+02:00,2026-10-07 16:36:00+02:00,2026-10-07 16:49:06+02:00,2026-10-07,16,Wednesday,False,-7.869266666666666
20261007_144347,2026-10-07 14:43:52.156000+00:00,Basel,local,ch:1:sloid:78143,"Basel, Bahnhof SBB",ch:1:sloid:78143:3:3,2026-10-07,ch:1:sjyid:100622:plan:29df86f0-b89c-448d-a931-bd1530f2a78d,bus,Bus,30,30,30269,"Basel, Bahnhof SBB","Basel, Metzerstrasse",B,,2026-10-07 14:36:06+00:00,2026-10-07 15:01:30+00:00,,True,25.4,2026-10-07 16:43:52.156000+02:00,2026-10-07 16:36:06+02:00,2026-10-07 17:01:30+02:00,2026-10-07,16,Wednesday,False,-7.769266666666667
20261007_144347,2026-10-07 14:43:52.156000+00:00,Basel,local,ch:1:sloid:78143,"Basel, Bahnhof SBB",ch:1:sloid:78143:3:3,2026-10-07,ch:1:sjyid:100622:plan:69f3125d-4803-48f8-b522-5b25c2b8a94b,bus,Bus,30,30,30275,"Basel, Bahnhof SBB","Basel, Badischer Bahnhof",B,,2026-10-07 14:39:48+00:00,2026-10-07 14:57:18+00:00,,True,17.5,2026-10-07 16:43:52.156000+02:00,2026-10-07 16:39:48+02:00,2026-10-07 16:57:18+02:00,2026-10-07,16,Wednesday,False,-4.069266666666667
20261007_144347,2026-10-07 14:43:52.156000+00:00,Basel,local,ch:1:sloid:78143,"Basel, Bahnhof SBB",ch:1:sloid:78143:1:35,2026-10-07,ch:1:sjyid:100019:plan:eeb18a75-b35f-4885-8ee1-f761b152e143,tram,Tram,10,10,10342,"Dornach, Bahnhof","Flüh, Station",H,,2026-10-07 14:42:00+00:00,2026-10-07 14:43:30+00:00,,True,1.5,2026-10-07 16:43:52.156000+02:00,2026-10-07 16:42:00+02:00,2026-10-07 16:43:30+02:00,2026-10-07,16,Wednesday,False,-1.8692666666666669
20261007_144347,2026-10-07 14:43:52.156000+00:00,Basel,local,ch:1:sloid:78143,"Basel, Bahnhof SBB",ch:1:sloid:78143:1:32,2026-10-07,ch:1:sjyid:100622:plan:1b028e64-55a6-4411-b6e1-76c69f7fe591,tram,Tram,8,8,8190,"Weil am Rhein, Bahnhof/Zentrum","Basel, Neuweilerstrasse",E,,2026-10-07 14:43:30+00:00,2026-10-07 14:50:42+00:00,,True,7.2,2026-10-07 16:43:52.156000+02:00,2026-10-07 16:43:30+02:00,2026-10-07 16:50:42+02:00,2026-10-07,16,Wednesday,False,-0.36926666666666663
20261007_144347,2026-10-07 14:43:52.156000+00:00,Basel,local,ch:1:sloid:78143,"Basel, Bahnhof SBB",ch:1:sloid:78143:3:3,2026-10-07,ch:1:sjyid:100622:plan:f3ec7214-35ac-4144-aa09-fa6289e0b9b1,bus,Bus,50,50,50187,"Basel, Bahnhof SBB","Basel, EuroAirport",B,,2026-10-07 14:43:36+00:00,2026-10-07 14:44:12+00:00,,True,0.6,2026-10-07 16:43:52.156000+02:00,2026-10-07 16:43:36+02:00,2026-10-07 16:44:12+02:00,2026-10-07,16,Wednesday,False,-0.26926666666666665
20261007_144347,2026-10-07 14:43:52.156000+00:00,Basel,local,ch:1:sloid:78143,"Basel, Bahnhof SBB",ch:1:sloid:78143:3:3,2026-10-07,ch:1:sjyid:100622:plan:05159be3-423d-4515-8c40-9230c14429d0,bus,Bus,30,30,30273,"Basel, Bahnhof SBB","Basel, Metzerstrasse",B,,2026-10-07 14:43:36+00:00,2026-10-07 14:43:36+00:00,,True,0.0,2026-10-07 16:43:52.156000+02:00,2026-10-07 16:43:36+02:00,2026-10-07 16:43:36+02:00,2026-10-07,16,Wednesday,False,-0.26926666666666665
20261007_144347,2026-10-07 14:43:52.156000+00:00,Basel,local,ch:1:sloid:78143,"Basel, Bahnhof SBB",ch:1:sloid:78143:1:33,2026-10-07,ch:1:sjyid:100622:plan:55600588-8ff7-47a6-9f88-107611bde772,tram,Tram,8,8,8195,"Basel, Neuweilerstrasse",Weil am Rhein (D) Bahnhof / Zentrum,F,,2026-10-07 14:44:30+00:00,2026-10-07 14:46:54+00:00,,True,2.4,2026-10-07 16:43:52.156000+02:00,2026-10-07 16:44:30+02:00,2026-10-07 16:46:54+02:00,2026-10-07,16,Wednesday,False,0.6307333333333334
20261007_144347,2026-10-07 14:43:52.156000+00:00,Basel,local,ch:1:sloid:78143,"Basel, Bahnhof SBB",ch:1:sloid:78143:1:34,2026-10-07,ch:1:sjyid:100019:plan:dfcf04d1-98cc-4aba-952e-0d3d45b8e957,tram,Tram,10,10,10425,"Ettingen, Dorf",Dornach Bahnhof,G,,2026-10-07 14:44:00+00:00,2026-10-07 14:45:24+00:00,,True,1.4,2026-10-07 16:43:52.156000+02:00,2026-10-07 16:44:00+02:00,2026-10-07 16:45:24+02:00,2026-10-07,16,Wednesday,False,0.13073333333333334
20261007_144347,2026-10-07 14:43:52.156000+00:00,Basel,local,ch:1:sloid:78143,"Basel, Bahnhof SBB",ch:1:sloid:78143:1:31,2026-10-07,ch:1:sjyid:100622:plan:3ea4dcd7-6d62-4d5b-9b3a-670f35b9d67d,tram,Tram,2,2,2194,"Basel, Eglisee","Binningen, Kronenplatz",D,,2026-10-07 14:45:48+00:00,2026-10-07 14:46:36+00:00,,True,0.8,2026-10-07 16:43:52.156000+02:00,2026-10-07 16:45:48+02:00,2026-10-07 16:46:36+02:00,2026-10-07,16,Wednesday,False,1.9307333333333332
20261007_144347,2026-10-07 14:43:52.156000+00:00,Basel,local,ch:1:sloid:78143,"Basel, Bahnhof SBB",ch:1:sloid:78143:3:7,2026-10-07,ch:1:sjyid:100622:plan:f5352fbf-1002-4ed4-8005-32c9b866a28d,bus,Bus,42,42,42051,"Basel, Bahnhof SBB","Basel, Hoffmann La Roche",K,,2026-10-07 14:45:24+00:00,2026-10-07 14:45:24+00:00,,True,0.0,2026-10-07 16:43:52.156000+02:00,2026-10-07 16:45:24+02:00,2026-10-07 16:45:24+02:00,2026-10-07,16,Wednesday,False,1.5307333333333333
20261007_144347,2026-10-07 14:43:52.156000+00:00,Basel,local,ch:1:sloid:78143,"Basel, Bahnhof SBB",ch:1:sloid:78143:1:33,2026-10-07,ch:1:sjyid:100622:plan:46e377fc-1f89-48e3-aadb-da4fb3dc0384,tram,Tram,1,1,1193,"Basel, Dreirosenbrücke","Basel, Badischer Bahnhof",F,,2026-10-07 14:46:18+00:00,2026-10-07 14:49:48+00:00,,True,3.5,2026-10-07 16:43:52.156000+02:00,2026-10-07 16:46:18+02:00,2026-10-07 16:49:48+02:00,2026-10-07,16,Wednesday,False,2.4307333333333334
20261007_144347,2026-10-07 14:43:52.156000+00:00,Basel,local,ch:1:sloid:78143,"Basel, Bahnhof SBB",ch:1:sloid:78143:1:34,2026-10-07,ch:1:sjyid:100019:plan:a9eaa2eb-d45c-4d7b-82c6-b5efdaafc7b3,tram,Tram,11,11,38361,"Basel, St-Louis Grenze","Basel, Dreispitz",G,,2026-10-07 14:47:00+00:00,2026-10-07 14:47:00+00:00,,True,0.0,2026-10-07 16:43:52.156000+02:00,2026-10-07 16:47:00+02:00,2026-10-07 16:47:00+02:00,2026-10-07,16,Wednesday,False,3.130733333333333
20261007_144347,2026-10-07 14:43:52.156000+00:00,Basel,local,ch:1:sloid:78143,"Basel, Bahnhof SBB",ch:1:sloid:78143:3:3,2026-10-07,ch:1:sjyid:100622:plan:c01701f1-2013-4e5b-9502-22c2458eec88,bus,Bus,30,30,30279,"Basel, Bahnhof SBB","Basel, Badischer Bahnhof",B,,2026-10-07 14:47:18+00:00,2026-10-07 14:52:18+00:00,,True,5.0,2026-10-07 16:43:52.156000+02:00,2026-10-07 16:47:18+02:00,2026-10-07 16:52:18+02:00,2026-10-07,16,Wednesday,False,3.4307333333333334
20261007_144347,2026-10-07 14:43:52.156000+00:00,Basel,local,ch:1:sloid:78143,"Basel, Bahnhof SBB",ch:1:sloid:78143:3:5,2026-10-07,ch:1:sjyid:100622:plan:059f353a-fda2-413b-aa57-d9f8005336da,bus,Bus,48,48,48107,"Basel, Bahnhof SBB","Basel, Bachgraben",A,,2026-10-07 14:47:00+00:00,2026-10-07 14:47:00+00:00,,True,0.0,2026-10-07 16:43:52.156000+02:00,2026-10-07 16:47:00+02:00,2026-10-07 16:47:00+02:00,2026-10-07,16,Wednesday,False,3.130733333333333
20261007_144347,2026-10-07 14:43:52.156000+00:00,Basel,local,ch:1:sloid:78143,"Basel, Bahnhof SBB",ch:1:sloid:78143:1:35,2026-10-07,ch:1:sjyid:100019:plan:26623d91-ed27-4691-b082-d5f4f1d2675f,tram,Tram,11,11,38364,"Basel, Dreispitz","Basel, Saint-Louis Grenze",H,,2026-10-07 14:48:12+00:00,2026-10-07 14:48:24+00:00,,True,0.2,2026-10-07 16:43:52.156000+02:00,2026-10-07 16:48:12+02:00,2026-10-07 16:48:24+02:00,2026-10-07,16,Wednesday,False,4.330733333333333
20261007_144347,2026-10-07 14:43:52.156000+00:00,Basel,local,ch:1:sloid:78143,"Basel, Bahnhof SBB",ch:1:sloid:78143:1:31,2026-10-07,ch:1:sjyid:100622:plan:4a189a53-c293-42bd-a6eb-2b939c163950,tram,Tram,1,1,1192,"Basel, Badischer Bahnhof","Basel, Dreirosenbrücke",D,,2026-10-07 14:48:18+00:00,2026-10-07 14:49:12+00:00,,True,0.9,2026-10-07 16:43:52.156000+02:00,2026-10-07 16:48:18+02:00,2026-10-07 16:49:12+02:00,2026-10-07,16,Wednesday,False,4.430733333333333
20261007_144347,2026-10-07 14:43:52.156000+00:00,Basel,local,ch:1:sloid:78143,"Basel, Bahnhof SBB",ch:1:sloid:78143:1:33,2026-10-07,ch:1:sjyid:100622:plan:1ca2b3fa-8f53-4b69-a0ac-eb8e15301f1a,tram,Tram,2,2,2197,"Binningen, Kronenplatz","Riehen, Fondation Beyeler",F,,2026-10-07 14:48:12+00:00,2026-10-07 14:48:12+00:00,,True,0.0,2026-10-07 16:43:52.156000+02:00,2026-10-07 16:48:12+02:00,2026-10-07 16:48:12+02:00,2026-10-07,16,Wednesday,False,4.330733333333333
20261007_144347,2026-10-07 14:43:52.156000+00:00,Basel,local,ch:1:sloid:78143,"Basel, Bahnhof SBB",ch:1:sloid:78143:1:35,2026-10-07,ch:1:sjyid:100019:plan:79e3432d-6dd0-457c-b117-69a21451edcc,tram,Tram,10,10,10346,"Dornach, Bahnhof","Rodersdorf, Station",H,,2026-10-07 14:49:00+00:00,2026-10-07 14:49:54+00:00,,True,0.9,2026-10-07 16:43:52.156000+02:00,2026-10-07 16:49:00+02:00,2026-10-07 16:49:54+02:00,2026-10-07,16,Wednesday,False,5.130733333333334
20261007_144347,2026-10-07 14:43:52.156000+00:00,Basel,local,ch:1:sloid:78143,"Basel, Bahnhof SBB",ch:1:sloid:78143:1:32,2026-10-07,ch:1:sjyid:100622:plan:b6cfe233-2c99-4684-b8fb-18c8a8112d67,tram,Tram,8,8,8192,"Weil am Rhein, Bahnhof/Zentrum","Basel, Neuweilerstrasse",E,,2026-10-07 14:51:00+00:00,2026-10-07 14:54:18+00:00,,True,3.3,2026-10-07 16:43:52.156000+02:00,2026-10-07 16:51:00+02:00,2026-10-07 16:54:18+02:00,2026-10-07,16,Wednesday,False,7.130733333333334
20261007_144347,2026-10-07 14:43:52.156000+00:00,Basel,local,ch:1:sloid:78143,"Basel, Bahnhof SBB",ch:1:sloid:78143:3:3,2026-10-07,ch:1:sjyid:100622:plan:2462c575-254c-4975-953b-6daf2866d064,bus,Bus,50,50,50189,"Basel, Bahnhof SBB","Basel, EuroAirport",B,,2026-10-07 14:51:06+00:00,2026-10-07 14:51:06+00:00,,True,0.0,2026-10-07 16:43:52.156000+02:00,2026-10-07 16:51:06+02:00,2026-10-07 16:51:06+02:00,2026-10-07,16,Wednesday,False,7.230733333333333
20261007_144347,2026-10-07 14:43:52.156000+00:00,Basel,local,ch:1:sloid:78143,"Basel, Bahnhof SBB",ch:1:sloid:78143:1:34,2026-10-07,ch:1:sjyid:100019:plan:da455c96-5df6-453a-b4cb-3cc57f95daef,tram,Tram,10,10,10419,"Rodersdorf, Station",Dornach Bahnhof,G,,2026-10-07 14:51:00+00:00,2026-10-07 14:52:48+00:00,,True,1.8,2026-10-07 16:43:52.156000+02:00,2026-10-07 16:51:00+02:00,2026-10-07 16:52:48+02:00,2026-10-07,16,Wednesday,False,7.130733333333334
20261007_144347,2026-10-07 14:43:52.156000+00:00,Basel,local,ch:1:sloid:78143,"Basel, Bahnhof SBB",ch:1:sloid:78143:3:3,2026-10-07,ch:1:sjyid:100622:plan:de42b10d-3693-49f2-9eae-f343308c5114,bus,Bus,30,30,30277,"Basel, Bahnhof SBB","Basel, Metzerstrasse",B,,2026-10-07 14:51:06+00:00,2026-10-07 14:58:24+00:00,,True,7.3,2026-10-07 16:43:52.156000+02:00,2026-10-07 16:51:06+02:00,2026-10-07 16:58:24+02:00,2026-10-07,16,Wednesday,False,7.230733333333333
20261007_144347,2026-10-07 14:43:52.156000+00:00,Basel,local,ch:1:sloid:78143,"Basel, Bahnhof SBB",ch:1:sloid:78143:1:33,2026-10-07,ch:1:sjyid:100622:plan:004080b4-507f-4ad1-8d14-0c1e82624c15,tram,Tram,8,8,8197,"Basel, Neuweilerstrasse",Weil am Rhein (D) Bahnhof / Zentrum,F,,2026-10-07 14:52:00+00:00,2026-10-07 14:52:00+00:00,,True,0.0,2026-10-07 16:43:52.156000+02:00,2026-10-07 16:52:00+02:00,2026-10-07 16:52:00+02:00,2026-10-07,16,Wednesday,False,8.130733333333334
20261007_144347,2026-10-07 14:43:52.156000+00:00,Basel,local,ch:1:sloid:78143,"Basel, Bahnhof SBB",ch:1:sloid:78143:3:7,2026-10-07,ch:1:sjyid:100622:plan:bb99a513-f16a-43d1-8722-89a8297c40fb,bus,Bus,42,42,42053,"Basel, Bahnhof SBB","Bettingen, Dorf",K,,2026-10-07 14:52:54+00:00,2026-10-07 14:52:54+00:00,,True,0.0,2026-10-07 16:43:52.156000+02:00,2026-10-07 16:52:54+02:00,2026-10-07 16:52:54+02:00,2026-10-07,16,Wednesday,False,9.030733333333334
20261007_144347,2026-10-07 14:43:52.156000+00:00,Basel,local,ch:1:sloid:78143,"Basel, Bahnhof SBB",ch:1:sloid:78143:1:31,2026-10-07,ch:1:sjyid:100622:plan:d9e72a5e-f689-4709-b5b7-3e2fd517a8d1,tram,Tram,2,2,2192,"Riehen, Fondation Beyeler","Binningen, Kronenplatz",D,,2026-10-07 14:53:18+00:00,2026-10-07 14:53:30+00:00,,True,0.2,2026-10-07 16:43:52.156000+02:00,2026-10-07 16:53:18+02:00,2026-10-07 16:53:30+02:00,2026-10-07,16,Wednesday,False,9.430733333333334
20261007_144347,2026-10-07 14:43:52.156000+00:00,Basel,local,ch:1:sloid:78143,"Basel, Bahnhof SBB",ch:1:sloid:78143:1:33,2026-10-07,ch:1:sjyid:100622:plan:3f264ea9-baec-4f9e-8a12-25ae0fb1bbe3,tram,Tram,1,1,1195,"Basel, Dreirosenbrücke","Basel, Badischer Bahnhof",F,,2026-10-07 14:53:06+00:00,2026-10-07 14:53:24+00:00,,True,0.3,2026-10-07 16:43:52.156000+02:00,2026-10-07 16:53:06+02:00,2026-10-07 16:53:24+02:00,2026-10-07,16,Wednesday,False,9.230733333333335
20261007_144347,2026-10-07 14:43:52.156000+00:00,Basel,local,ch:1:sloid:78143,"Basel, Bahnhof SBB",ch:1:sloid:78143:1:34,2026-10-07,ch:1:sjyid:100019:plan:e63c014f-d8eb-4784-80f6-a9725cb1a79e,tram,Tram,11,11,38367,"Basel, St-Louis Grenze","Basel, Dreispitz",G,,2026-10-07 14:54:30+00:00,2026-10-07 14:54:30+00:00,,True,0.0,2026-10-07 16:43:52.156000+02:00,2026-10-07 16:54:30+02:00,2026-10-07 16:54:30+02:00,2026-10-07,16,Wednesday,False,10.630733333333334
20261007_144347,2026-10-07 14:43:52.156000+00:00,Basel,local,ch:1:sloid:78143,"Basel, Bahnhof SBB",ch:1:sloid:78143:3:3,2026-10-07,ch:1:sjyid:100622:plan:1ab3e79d-696d-4969-8dd6-b54f417aab7e,bus,Bus,30,30,30283,"Basel, Bahnhof SBB","Basel, Badischer Bahnhof",B,,2026-10-07 14:54:48+00:00,2026-10-07 15:18:00+00:00,,True,23.2,2026-10-07 16:43:52.156000+02:00,2026-10-07 16:54:48+02:00,2026-10-07 17:18:00+02:00,2026-10-07,16,Wednesday,False,10.930733333333334
20261007_144347,2026-10-07 14:43:52.649000+00:00,Luzern,local,ch:1:sloid:8450,"Luzern, Bahnhof",ch:1:sloid:8450::2,2026-10-07,ch:1:sjyid:100619:plan:08c973cf-12d8-4cb7-b0b1-d6228441e634,bus,Bus,7,7,25592,"Horw, Biregghof",Unterlöchli,B,,2026-10-07 14:40:00+00:00,2026-10-07 14:43:00+00:00,,True,3.0,2026-10-07 16:43:52.649000+02:00,2026-10-07 16:40:00+02:00,2026-10-07 16:43:00+02:00,2026-10-07,16,Wednesday,False,-3.877483333333333
20261007_144347,2026-10-07 14:43:52.649000+00:00,Luzern,local,ch:1:sloid:8450,"Luzern, Bahnhof",ch:1:sloid:8450::1,2026-10-07,ch:1:sjyid:100619:plan:afe9aa05-3e0f-4d31-9b07-ca447835da0e,bus,Bus,1,1,3639,"Luzern, Bahnhof",Obernau Dorf,A,,2026-10-07 14:42:00+00:00,2026-10-07 14:43:48+00:00,,True,1.8,2026-10-07 16:43:52.649000+02:00,2026-10-07 16:42:00+02:00,2026-10-07 16:43:48+02:00,2026-10-07,16,Wednesday,False,-1.8774833333333334
20261007_144347,2026-10-07 14:43:52.649000+00:00,Luzern,local,ch:1:sloid:8450,"Luzern, Bahnhof",ch:1:sloid:8450::2,2026-10-07,ch:1:sjyid:100619:plan:e60e4b1f-f91e-4611-b208-c06ec20b316c,bus,Bus,8,8,29180,"Luzern, Hirtenhof",Würzenbach,B,,2026-10-07 14:44:00+00:00,2026-10-07 14:43:48+00:00,,True,-0.2,2026-10-07 16:43:52.649000+02:00,2026-10-07 16:44:00+02:00,2026-10-07 16:43:48+02:00,2026-10-07,16,Wednesday,False,0.12251666666666666
20261007_144347,2026-10-07 14:43:52.649000+00:00,Luzern,local,ch:1:sloid:8450,"Luzern, Bahnhof",ch:1:sloid:8450::1,2026-10-07,ch:1:sjyid:100619:plan:c52019cf-93e2-4cf2-bc27-c7fe63f1b5e8,bus,Bus,8,8,29385,"Luzern, Würzenbach",Hirtenhof,A,,2026-10-07 14:44:00+00:00,2026-10-07 14:46:00+00:00,,True,2.0,2026-10-07 16:43:52.649000+02:00,2026-10-07 16:44:00+02:00,2026-10-07 16:46:00+02:00,2026-10-07,16,Wednesday,False,0.12251666666666666
20261007_144347,2026-10-07 14:43:52.649000+00:00,Luzern,local,ch:1:sloid:8450,"Luzern, Bahnhof",ch:1:sloid:8450::2,2026-10-07,ch:1:sjyid:100619:plan:63c627c0-c3bc-4ea8-9817-fe3da507030d,bus,Bus,14,14,39204,"Horw, Zentrum",Brüelstrasse,B,,2026-10-07 14:45:06+00:00,2026-10-07 14:49:18+00:00,,True,4.2,2026-10-07 16:43:52.649000+02:00,2026-10-07 16:45:06+02:00,2026-10-07 16:49:18+02:00,2026-10-07,16,Wednesday,False,1.2225166666666667
20261007_144347,2026-10-07 14:43:52.649000+00:00,Luzern,local,ch:1:sloid:8450,"Luzern, Bahnhof",ch:1:sloid:8450::15,2026-10-07,ch:1:sjyid:100602:30b31705-2090-49d6-b680-405d20bd6e9e,bus,Bus,73,73,73845,"Luzern, Bahnhof",Adligenswil Dorf,U,,2026-10-07 14:45:00+00:00,2026-10-07 14:45:00+00:00,,True,0.0,2026-10-07 16:43:52.649000+02:00,2026-10-07 16:45:00+02:00,2026-10-07 16:45:00+02:00,2026-10-07,16,Wednesday,False,1.1225166666666666
20261007_144347,2026-10-07 14:43:52.649000+00:00,Luzern,local,ch:1:sloid:8450,"Luzern, Bahnhof",ch:1:sloid:8450::1,2026-10-07,ch:1:sjyid:100619:plan:46677dd9-4f2d-4851-b564-a0c30ccddd6c,bus,Bus,7,7,25625,"Luzern, Unterlöchli",Horw Biregghof,A,,2026-10-07 14:45:00+00:00,2026-10-07 14:45:00+00:00,,True,0.0,2026-10-07 16:43:52.649000+02:00,2026-10-07 16:45:00+02:00,2026-10-07 16:45:00+02:00,2026-10-07,16,Wednesday,False,1.1225166666666666
20261007_144347,2026-10-07 14:43:52.649000+00:00,Luzern,local,ch:1:sloid:8450,"Luzern, Bahnhof",ch:1:sloid:8450::9,2026-10-07,ch:1:sjyid:100619:plan:be9f089a-12cd-4cde-b863-f3d4410718ec,bus,Bus,1,1,4470,"Luzern, Bahnhof",Maihof,Z,,2026-10-07 14:46:00+00:00,2026-10-07 14:46:00+00:00,,True,0.0,2026-10-07 16:43:52.649000+02:00,2026-10-07 16:46:00+02:00,2026-10-07 16:46:00+02:00,2026-10-07,16,Wednesday,False,2.122516666666667
20261007_144347,2026-10-07 14:43:52.649000+00:00,Luzern,local,ch:1:sloid:8450,"Luzern, Bahnhof",ch:1:sloid:8450::1,2026-10-07,ch:1:sjyid:100619:plan:c2c8e206-ead7-45cd-b48a-7c109609ef12,bus,Bus,1,1,3655,"Ebikon, Fildern",Obernau Dorf,A,,2026-10-07 14:46:00+00:00,2026-10-07 14:49:24+00:00,,True,3.4,2026-10-07 16:43:52.649000+02:00,2026-10-07 16:46:00+02:00,2026-10-07 16:49:24+02:00,2026-10-07,16,Wednesday,False,2.122516666666667
20261007_144347,2026-10-07 14:43:52.649000+00:00,Luzern,local,ch:1:sloid:8450,"Luzern, Bahnhof",ch:1:sloid:8450::20,2026-10-07,ch:1:sjyid:100619:plan:e993a11e-2e54-4bfc-afae-79823e0ce461,bus,Bus,12,12,85011,"Luzern, Bahnhof",Gasshof,M,,2026-10-07 14:46:00+00:00,2026-10-07 14:46:00+00:00,,True,0.0,2026-10-07 16:43:52.649000+02:00,2026-10-07 16:46:00+02:00,2026-10-07 16:46:00+02:00,2026-10-07,16,Wednesday,False,2.122516666666667
20261007_144347,2026-10-07 14:43:52.649000+00:00,Luzern,local,ch:1:sloid:8450,"Luzern, Bahnhof",ch:1:sloid:8450::2,2026-10-07,ch:1:sjyid:100619:plan:10efbdb2-0dc4-4900-9665-616c758c2c94,bus,Bus,1,1,4474,"Obernau, Dorf",Ebikon Fildern,B,,2026-10-07 14:47:48+00:00,2026-10-07 14:50:12+00:00,,True,2.4,2026-10-07 16:43:52.649000+02:00,2026-10-07 16:47:48+02:00,2026-10-07 16:50:12+02:00,2026-10-07,16,Wednesday,False,3.9225166666666667
20261007_144347,2026-10-07 14:43:52.649000+00:00,Luzern,local,ch:1:sloid:8450,"Luzern, Bahnhof",ch:1:sloid:8450::2,2026-10-07,ch:1:sjyid:100619:plan:f84350f8-1d1e-40d2-bc92-dab43199a6c9,bus,Bus,7,7,25608,"Horw, Biregghof",Unterlöchli,B,,2026-10-07 14:47:00+00:00,2026-10-07 14:49:06+00:00,,True,2.1,2026-10-07 16:43:52.649000+02:00,2026-10-07 16:47:00+02:00,2026-10-07 16:49:06+02:00,2026-10-07,16,Wednesday,False,3.122516666666667
20261007_144347,2026-10-07 14:43:52.649000+00:00,Luzern,local,ch:1:sloid:8450,"Luzern, Bahnhof",ch:1:sloid:8450::23,2026-10-07,ch:1:sjyid:100619:plan:a9b757f8-f5cd-4c2c-ba2f-b53f859103c4,bus,Bus,2,2,10183,"Luzern, Bahnhof",E'brücke Sprengi,Y,,2026-10-07 14:47:00+00:00,2026-10-07 14:47:00+00:00,,True,0.0,2026-10-07 16:43:52.649000+02:00,2026-10-07 16:47:00+02:00,2026-10-07 16:47:00+02:00,2026-10-07,16,Wednesday,False,3.122516666666667
20261007_144347,2026-10-07 14:43:52.649000+00:00,Luzern,local,ch:1:sloid:8450,"Luzern, Bahnhof",ch:1:sloid:8450::11,2026-10-07,ch:1:sjyid:100619:plan:b4631d19-6761-4e13-b837-38f46e58278d,bus,Bus,19,19,45730,"Luzern, Bahnhof",Friedental,R,,2026-10-07 14:48:00+00:00,2026-10-07 14:48:00+00:00,,True,0.0,2026-10-07 16:43:52.649000+02:00,2026-10-07 16:48:00+02:00,2026-10-07 16:48:00+02:00,2026-10-07,16,Wednesday,False,4.122516666666667
20261007_144347,2026-10-07 14:43:52.649000+00:00,Luzern,local,ch:1:sloid:8450,"Luzern, Bahnhof",ch:1:sloid:8450::2,2026-10-07,ch:1:sjyid:100619:plan:37b8f2f0-aaeb-47b4-9d6b-69593021f87c,bus,Bus,6,6,21982,"Luzern, Matthof",Büttenenhalde,B,,2026-10-07 14:49:00+00:00,2026-10-07 14:49:30+00:00,,True,0.5,2026-10-07 16:43:52.649000+02:00,2026-10-07 16:49:00+02:00,2026-10-07 16:49:30+02:00,2026-10-07,16,Wednesday,False,5.122516666666667
20261007_144347,2026-10-07 14:43:52.649000+00:00,Luzern,local,ch:1:sloid:8450,"Luzern, Bahnhof",ch:1:sloid:8450::1,2026-10-07,ch:1:sjyid:100619:plan:3bc1f94a-0c7d-4af2-b991-f3f21204f55e,bus,Bus,6,6,21975,"Luzern, Büttenenhalde",Matthof,A,,2026-10-07 14:49:00+00:00,2026-10-07 14:51:30+00:00,,True,2.5,2026-10-07 16:43:52.649000+02:00,2026-10-07 16:49:00+02:00,2026-10-07 16:51:30+02:00,2026-10-07,16,Wednesday,False,5.122516666666667
20261007_144347,2026-10-07 14:43:52.649000+00:00,Luzern,local,ch:1:sloid:8450,"Luzern, Bahnhof",ch:1:sloid:8450::1,2026-10-07,ch:1:sjyid:100619:plan:41d8b0e0-9f2b-49a0-833f-f95328144ef4,bus,Bus,14,14,38935,"Luzern, Brüelstrasse",Horw Zentrum,A,,2026-10-07 14:49:00+00:00,2026-10-07 14:48:42+00:00,,True,-0.3,2026-10-07 16:43:52.649000+02:00,2026-10-07 16:49:00+02:00,2026-10-07 16:48:42+02:00,2026-10-07,16,Wednesday,False,5.122516666666667
20261007_144347,2026-10-07 14:43:52.649000+00:00,Luzern,local,ch:1:sloid:8450,"Luzern, Bahnhof",ch:1:sloid:8450::18,2026-10-07,ch:1:sjyid:100611:plan:060600005207004,bus,Bus,52,52,52235,"Luzern, Bahnhof",Hildisrieden Post,K,,2026-10-07 14:50:00+00:00,2026-10-07 14:50:00+00:00,,True,0.0,2026-10-07 16:43:52.649000+02:00,2026-10-07 16:50:00+02:00,2026-10-07 16:50:00+02:00,2026-10-07,16,Wednesday,False,6.122516666666667
20261007_144347,2026-10-07 14:43:52.649000+00:00,Luzern,local,ch:1:sloid:8450,"Luzern, Bahnhof",ch:1:sloid:8450::15,2026-10-07,ch:1:sjyid:100602:5a4ca2aa-6fc6-4e0a-8060-ca89432caf32,bus,Bus,73,73,73145,"Luzern, Bahnhof",Rotkreuz,U,,2026-10-07 14:50:00+00:00,2026-10-07 14:50:00+00:00,,True,0.0,2026-10-07 16:43:52.649000+02:00,2026-10-07 16:50:00+02:00,2026-10-07 16:50:00+02:00,2026-10-07,16,Wednesday,False,6.122516666666667
20261007_144347,2026-10-07 14:43:52.649000+00:00,Luzern,local,ch:1:sloid:8450,"Luzern, Bahnhof",ch:1:sloid:8450::16,2026-10-07,ch:1:sjyid:100619:plan:20c9e799-94bc-4b34-9651-ae3040686ac6,bus,Bus,4,4,15211,"Luzern, Bahnhof",Hubelmatt,V,,2026-10-07 14:50:00+00:00,2026-10-07 14:50:00+00:00,,True,0.0,2026-10-07 16:43:52.649000+02:00,2026-10-07 16:50:00+02:00,2026-10-07 16:50:00+02:00,2026-10-07,16,Wednesday,False,6.122516666666667
20261007_144347,2026-10-07 14:43:52.649000+00:00,Luzern,local,ch:1:sloid:8450,"Luzern, Bahnhof",ch:1:sloid:8450::17,2026-10-07,ch:1:sjyid:100619:plan:f3ceb5ef-875e-417a-bd37-054e07b13f96,bus,Bus,10,10,32693,"Luzern, Bahnhof",Obergütsch,W,,2026-10-07 14:50:00+00:00,2026-10-07 14:50:00+00:00,,True,0.0,2026-10-07 16:43:52.649000+02:00,2026-10-07 16:50:00+02:00,2026-10-07 16:50:00+02:00,2026-10-07,16,Wednesday,False,6.122516666666667
20261007_144347,2026-10-07 14:43:52.649000+00:00,Luzern,local,ch:1:sloid:8450,"Luzern, Bahnhof",ch:1:sloid:8450::10,2026-10-07,ch:1:sjyid:100619:plan:cf40597a-5c9c-4fd2-91e7-6673a2099377,bus,Bus,20,20,48933,"Luzern, Bahnhof",Horw Ennethorw,J,,2026-10-07 14:50:00+00:00,2026-10-07 14:50:00+00:00,,True,0.0,2026-10-07 16:43:52.649000+02:00,2026-10-07 16:50:00+02:00,2026-10-07 16:50:00+02:00,2026-10-07,16,Wednesday,False,6.122516666666667
20261007_144347,2026-10-07 14:43:52.649000+00:00,Luzern,local,ch:1:sloid:8450,"Luzern, Bahnhof",ch:1:sloid:8450::12,2026-10-07,ch:1:sjyid:100619:plan:399a5108-390b-4154-89fe-69e8cf75437f,bus,Bus,24,24,60024,"Luzern, Bahnhof",Meggen Tschädigen,S,,2026-10-07 14:51:00+00:00,2026-10-07 14:51:00+00:00,,True,0.0,2026-10-07 16:43:52.649000+02:00,2026-10-07 16:51:00+02:00,2026-10-07 16:51:00+02:00,2026-10-07,16,Wednesday,False,7.122516666666667
20261007_144347,2026-10-07 14:43:52.649000+00:00,Luzern,local,ch:1:sloid:8450,"Luzern, Bahnhof",ch:1:sloid:8450::15,2026-10-07,ch:1:sjyid:100602:205c9408-d194-4899-bc6f-eac7bab0a158,bus,Bus,73,73,73147,"Luzern, Bahnhof",Udligenswil,U,,2026-10-07 14:52:00+00:00,,,False,,2026-10-07 16:43:52.649000+02:00,2026-10-07 16:52:00+02:00,,2026-10-07,16,Wednesday,False,8.122516666666666
20261007_144347,2026-10-07 14:43:52.649000+00:00,Luzern,local,ch:1:sloid:8450,"Luzern, Bahnhof",ch:1:sloid:8450::1,2026-10-07,ch:1:sjyid:100619:plan:26555cb0-3be0-43a3-8c8a-80a348c9551a,bus,Bus,7,7,25653,"Luzern, Unterlöchli",Horw Biregghof,A,,2026-10-07 14:53:00+00:00,2026-10-07 14:57:06+00:00,,True,4.1,2026-10-07 16:43:52.649000+02:00,2026-10-07 16:53:00+02:00,2026-10-07 16:57:06+02:00,2026-10-07,16,Wednesday,False,9.122516666666666
20261007_144347,2026-10-07 14:43:52.649000+00:00,Luzern,local,ch:1:sloid:8450,"Luzern, Bahnhof",ch:1:sloid:8450::20,2026-10-07,ch:1:sjyid:100619:plan:9eb1e556-8084-4406-94d6-d955597f6ce6,bus,Bus,12,12,85031,"Luzern, Bahnhof",Gasshof,M,,2026-10-07 14:53:00+00:00,2026-10-07 14:53:00+00:00,,True,0.0,2026-10-07 16:43:52.649000+02:00,2026-10-07 16:53:00+02:00,2026-10-07 16:53:00+02:00,2026-10-07,16,Wednesday,False,9.122516666666666
20261007_144347,2026-10-07 14:43:52.649000+00:00,Luzern,local,ch:1:sloid:8450,"Luzern, Bahnhof",ch:1:sloid:8450::2,2026-10-07,ch:1:sjyid:100619:plan:d7235291-522c-4694-abeb-b0407af9a94a,bus,Bus,8,8,29204,"Luzern, Hirtenhof",Würzenbach,B,,2026-10-07 14:54:00+00:00,2026-10-07 14:54:18+00:00,,True,0.3,2026-10-07 16:43:52.649000+02:00,2026-10-07 16:54:00+02:00,2026-10-07 16:54:18+02:00,2026-10-07,16,Wednesday,False,10.122516666666666
20261007_144347,2026-10-07 14:43:52.649000+00:00,Luzern,local,ch:1:sloid:8450,"Luzern, Bahnhof",ch:1:sloid:8450::2,2026-10-07,ch:1:sjyid:100619:plan:fbe2c1d5-c651-4c45-8e78-bc78af950b8a,bus,Bus,14,14,39228,"Horw, Zentrum",Brüelstrasse,B,,2026-10-07 14:54:18+00:00,2026-10-07 14:58:24+00:00,,True,4.1,2026-10-07 16:43:52.649000+02:00,2026-10-07 16:54:18+02:00,2026-10-07 16:58:24+02:00,2026-10-07,16,Wednesday,False,10.422516666666667
20261007_144347,2026-10-07 14:43:52.649000+00:00,Luzern,local,ch:1:sloid:8450,"Luzern, Bahnhof",ch:1:sloid:8450::1,2026-10-07,ch:1:sjyid:100619:plan:c900e06e-1f1f-4979-893b-96bdd460746a,bus,Bus,1,1,3691,"Ebikon, Fildern",Obernau Dorf,A,,2026-10-07 14:54:00+00:00,2026-10-07 14:55:24+00:00,,True,1.4,2026-10-07 16:43:52.649000+02:00,2026-10-07 16:54:00+02:00,2026-10-07 16:55:24+02:00,2026-10-07,16,Wednesday,False,10.122516666666666
20261007_144347,2026-10-07 14:43:52.649000+00:00,Luzern,local,ch:1:sloid:8450,"Luzern, Bahnhof",ch:1:sloid:8450::23,2026-10-07,ch:1:sjyid:100619:plan:ab958cca-7523-416d-8cf7-572023d73e21,bus,Bus,2,2,10215,"Luzern, Bahnhof",E'brücke Sprengi,Y,,2026-10-07 14:54:00+00:00,2026-10-07 14:54:00+00:00,,True,0.0,2026-10-07 16:43:52.649000+02:00,2026-10-07 16:54:00+02:00,2026-10-07 16:54:00+02:00,2026-10-07,16,Wednesday,False,10.122516666666666
20261007_144347,2026-10-07 14:43:53.120000+00:00,St. Gallen,local,ch:1:sloid:74095,"St. Gallen, Bahnhof",ch:1:sloid:74095:0:174964,2026-10-07,ch:1:sjyid:100684:SKI-9223,bus,Bus,9,9,9223,"St. Gallen, Schuppis Nord",Hölzli,C,,2026-10-07 14:38:00+00:00,2026-10-07 14:43:06+00:00,,True,5.1,2026-10-07 16:43:53.120000+02:00,2026-10-07 16:38:00+02:00,2026-10-07 16:43:06+02:00,2026-10-07,16,Wednesday,False,-5.8853333333333335
20261007_144347,2026-10-07 14:43:53.120000+00:00,St. Gallen,local,ch:1:sloid:74095,"St. Gallen, Bahnhof",ch:1:sloid:74095:0:989159,2026-10-07,ch:1:sjyid:100684:SKI-2373,bus,Bus,2,2,2373,"St. Gallen, Guggeien",Wolfganghof,A,,2026-10-07 14:42:00+00:00,2026-10-07 14:43:06+00:00,,True,1.1,2026-10-07 16:43:53.120000+02:00,2026-10-07 16:42:00+02:00,2026-10-07 16:43:06+02:00,2026-10-07,16,Wednesday,False,-1.8853333333333333
20261007_144347,2026-10-07 14:43:53.120000+00:00,St. Gallen,local,ch:1:sloid:74095,"St. Gallen, Bahnhof",ch:1:sloid:74095:0:541287,2026-10-07,ch:1:sjyid:100684:SKI-7257,bus,Bus,7,7,7257,"St. Gallen, Neudorf/R'str.",Hinterberg,H,,2026-10-07 14:43:00+00:00,2026-10-07 14:45:06+00:00,,True,2.1,2026-10-07 16:43:53.120000+02:00,2026-10-07 16:43:00+02:00,2026-10-07 16:45:06+02:00,2026-10-07,16,Wednesday,False,-0.8853333333333333
20261007_144347,2026-10-07 14:43:53.120000+00:00,St. Gallen,local,ch:1:sloid:74095,"St. Gallen, Bahnhof",ch:1:sloid:74095:0:606657,2026-10-07,ch:1:sjyid:100684:SKI-5372,bus,Bus,5,5,5372,"St. Gallen, Riethüsli",Rotmonten,I,,2026-10-07 14:43:00+00:00,2026-10-07 14:43:00+00:00,,True,0.0,2026-10-07 16:43:53.120000+02:00,2026-10-07 16:43:00+02:00,2026-10-07 16:43:00+02:00,2026-10-07,16,Wednesday,False,-0.8853333333333333
20261007_144347,2026-10-07 14:43:53.120000+00:00,St. Gallen,local,ch:1:sloid:74095,"St. Gallen, Bahnhof",ch:1:sloid:74095:0:888081,2026-10-07,ch:1:sjyid:100684:SKI-4225,bus,Bus,4,4,4225,"Wittenbach, Bahnhof","Abtwil SG, Säntispark",F,,2026-10-07 14:44:00+00:00,2026-10-07 14:44:18+00:00,,True,0.3,2026-10-07 16:43:53.120000+02:00,2026-10-07 16:44:00+02:00,2026-10-07 16:44:18+02:00,2026-10-07,16,Wednesday,False,0.11466666666666667
20261007_144347,2026-10-07 14:43:53.120000+00:00,St. Gallen,local,ch:1:sloid:74095,"St. Gallen, Bahnhof",ch:1:sloid:74095:0:541287,2026-10-07,ch:1:sjyid:100684:SKI-10143,bus,Bus,10,10,10143,"St. Gallen, Röteli",Oberhofstetten,H,,2026-10-07 14:44:00+00:00,2026-10-07 14:46:06+00:00,,True,2.1,2026-10-07 16:43:53.120000+02:00,2026-10-07 16:44:00+02:00,2026-10-07 16:46:06+02:00,2026-10-07,16,Wednesday,False,0.11466666666666667
20261007_144347,2026-10-07 14:43:53.120000+00:00,St. Gallen,local,ch:1:sloid:74095,"St. Gallen, Bahnhof",ch:1:sloid:74095:0:482413,2026-10-07,ch:1:sjyid:100602:746e22f0-7ad3-4824-9616-70dd77b48d3a,bus,Bus,120,120,12086,"St. Gallen, Bahnhof",Heiden,D,,2026-10-07 14:44:00+00:00,2026-10-07 14:45:00+00:00,,True,1.0,2026-10-07 16:43:53.120000+02:00,2026-10-07 16:44:00+02:00,2026-10-07 16:45:00+02:00,2026-10-07,16,Wednesday,False,0.11466666666666667
20261007_144347,2026-10-07 14:43:53.120000+00:00,St. Gallen,local,ch:1:sloid:74095,"St. Gallen, Bahnhof",ch:1:sloid:74095:0:886128,2026-10-07,ch:1:sjyid:100602:23ddab8e-d751-498b-916c-e973bd0ee166,bus,Bus,211,211,21168,"St. Gallen, Bahnhof",Arbon,G,,2026-10-07 14:45:00+00:00,2026-10-07 14:45:00+00:00,,True,0.0,2026-10-07 16:43:53.120000+02:00,2026-10-07 16:45:00+02:00,2026-10-07 16:45:00+02:00,2026-10-07,16,Wednesday,False,1.1146666666666667
20261007_144347,2026-10-07 14:43:53.120000+00:00,St. Gallen,local,ch:1:sloid:74095,"St. Gallen, Bahnhof",ch:1:sloid:74095:0:541287,2026-10-07,ch:1:sjyid:100684:SKI-5381,bus,Bus,5,5,5381,"St. Gallen, Rotmonten",Riethüsli,H,,2026-10-07 14:46:00+00:00,2026-10-07 14:46:36+00:00,,True,0.6,2026-10-07 16:43:53.120000+02:00,2026-10-07 16:46:00+02:00,2026-10-07 16:46:36+02:00,2026-10-07,16,Wednesday,False,2.1146666666666665
20261007_144347,2026-10-07 14:43:53.120000+00:00,St. Gallen,local,ch:1:sloid:74095,"St. Gallen, Bahnhof",ch:1:sloid:74095:0:181274,2026-10-07,ch:1:sjyid:100684:SKI-1374,bus,Bus,1,1,1374,"St. Gallen, Wolfganghof",Stephanshorn,B,,2026-10-07 14:46:00+00:00,2026-10-07 14:46:00+00:00,,True,0.0,2026-10-07 16:43:53.120000+02:00,2026-10-07 16:46:00+02:00,2026-10-07 16:46:00+02:00,2026-10-07,16,Wednesday,False,2.1146666666666665
20261007_144347,2026-10-07 14:43:53.120000+00:00,St. Gallen,local,ch:1:sloid:74095,"St. Gallen, Bahnhof",ch:1:sloid:74095:0:894224,2026-10-07,ch:1:sjyid:100684:SKI-4228,bus,Bus,4,4,4228,"Abtwil SG, St. Josefen","Wittenbach, Bahnhof",E,,2026-10-07 14:46:00+00:00,2026-10-07 14:48:42+00:00,,True,2.7,2026-10-07 16:43:53.120000+02:00,2026-10-07 16:46:00+02:00,2026-10-07 16:48:42+02:00,2026-10-07,16,Wednesday,False,2.1146666666666665
20261007_144347,2026-10-07 14:43:53.120000+00:00,St. Gallen,local,ch:1:sloid:74095,"St. Gallen, Bahnhof",ch:1:sloid:74095:0:606657,2026-10-07,ch:1:sjyid:100684:SKI-8234,bus,Bus,8,8,8234,"St. Gallen, Wendeplatz Stocken",Neudorf / R'str.,I,,2026-10-07 14:47:00+00:00,2026-10-07 14:47:00+00:00,,True,0.0,2026-10-07 16:43:53.120000+02:00,2026-10-07 16:47:00+02:00,2026-10-07 16:47:00+02:00,2026-10-07,16,Wednesday,False,3.1146666666666665
20261007_144347,2026-10-07 14:43:53.120000+00:00,St. Gallen,local,ch:1:sloid:74095,"St. Gallen, Bahnhof",ch:1:sloid:74095:0:989159,2026-10-07,ch:1:sjyid:100684:SKI-1385,bus,Bus,1,1,1385,"St. Gallen, Stephanshorn",Winkeln,A,,2026-10-07 14:48:00+00:00,2026-10-07 14:49:36+00:00,,True,1.6,2026-10-07 16:43:53.120000+02:00,2026-10-07 16:48:00+02:00,2026-10-07 16:49:36+02:00,2026-10-07,16,Wednesday,False,4.1146666666666665
20261007_144347,2026-10-07 14:43:53.120000+00:00,St. Gallen,local,ch:1:sloid:74095,"St. Gallen, Bahnhof",ch:1:sloid:74095:0:174964,2026-10-07,ch:1:sjyid:100684:SKI-9235,bus,Bus,9,9,9235,"St. Gallen, Bahnhof",Hölzli,C,,2026-10-07 14:48:00+00:00,2026-10-07 14:48:30+00:00,,True,0.5,2026-10-07 16:43:53.120000+02:00,2026-10-07 16:48:00+02:00,2026-10-07 16:48:30+02:00,2026-10-07,16,Wednesday,False,4.1146666666666665
20261007_144347,2026-10-07 14:43:53.120000+00:00,St. Gallen,local,ch:1:sloid:74095,"St. Gallen, Bahnhof",ch:1:sloid:74095:0:174964,2026-10-07,ch:1:sjyid:100602:d8581c05-5f0e-4aca-954c-979742eea241,bus,Bus,121,121,12171,"Heiden, Post",Engelburg,C,,2026-10-07 14:48:00+00:00,2026-10-07 14:48:00+00:00,,True,0.0,2026-10-07 16:43:53.120000+02:00,2026-10-07 16:48:00+02:00,2026-10-07 16:48:00+02:00,2026-10-07,16,Wednesday,False,4.1146666666666665
20261007_144347,2026-10-07 14:43:53.120000+00:00,St. Gallen,local,ch:1:sloid:74095,"St. Gallen, Bahnhof",ch:1:sloid:74095:0:541287,2026-10-07,ch:1:sjyid:100684:SKI-6393,bus,Bus,6,6,6393,"St. Gallen, Heiligkreuz",Bach St.Georgen,H,,2026-10-07 14:48:00+00:00,2026-10-07 14:48:00+00:00,,True,0.0,2026-10-07 16:43:53.120000+02:00,2026-10-07 16:48:00+02:00,2026-10-07 16:48:00+02:00,2026-10-07,16,Wednesday,False,4.1146666666666665
20261007_144347,2026-10-07 14:43:53.120000+00:00,St. Gallen,local,ch:1:sloid:74095,"St. Gallen, Bahnhof",ch:1:sloid:74095:0:894224,2026-10-07,ch:1:sjyid:100695:c01c74b9-1647-460f-ad7b-f5bd0bccf3df,bus,Bus,151,151,51175,"Gossau SG, Bahnhof",St.Gallen Spisertor,E,,2026-10-07 14:48:00+00:00,2026-10-07 14:53:42+00:00,,True,5.7,2026-10-07 16:43:53.120000+02:00,2026-10-07 16:48:00+02:00,2026-10-07 16:53:42+02:00,2026-10-07,16,Wednesday,False,4.1146666666666665
20261007_144347,2026-10-07 14:43:53.120000+00:00,St. Gallen,local,ch:1:sloid:74095,"St. Gallen, Bahnhof",ch:1:sloid:74095:0:606657,2026-10-07,ch:1:sjyid:100684:SKI-9226,bus,Bus,9,9,9226,"St. Gallen, Hölzli",Sonne,I,,2026-10-07 14:48:00+00:00,2026-10-07 14:48:00+00:00,,True,0.0,2026-10-07 16:43:53.120000+02:00,2026-10-07 16:48:00+02:00,2026-10-07 16:48:00+02:00,2026-10-07,16,Wednesday,False,4.1146666666666665
20261007_144347,2026-10-07 14:43:53.120000+00:00,St. Gallen,local,ch:1:sloid:74095,"St. Gallen, Bahnhof",ch:1:sloid:74095:0:894224,2026-10-07,ch:1:sjyid:100684:SKI-6376,bus,Bus,6,6,6376,"St. Gallen, Bach St. Georgen",Heiligkreuz,E,,2026-10-07 14:48:00+00:00,2026-10-07 14:48:48+00:00,,True,0.8,2026-10-07 16:43:53.120000+02:00,2026-10-07 16:48:00+02:00,2026-10-07 16:48:48+02:00,2026-10-07,16,Wednesday,False,4.1146666666666665
20261007_144347,2026-10-07 14:43:53.120000+00:00,St. Gallen,local,ch:1:sloid:74095,"St. Gallen, Bahnhof",ch:1:sloid:74095:0:541287,2026-10-07,ch:1:sjyid:100684:SKI-8253,bus,Bus,8,8,8253,"St. Gallen, Neudorf/R'str.",Wendeplatz Stocken,H,,2026-10-07 14:50:00+00:00,2026-10-07 14:50:00+00:00,,True,0.0,2026-10-07 16:43:53.120000+02:00,2026-10-07 16:50:00+02:00,2026-10-07 16:50:00+02:00,2026-10-07,16,Wednesday,False,6.1146666666666665
20261007_144347,2026-10-07 14:43:53.120000+00:00,St. Gallen,local,ch:1:sloid:74095,"St. Gallen, Bahnhof",ch:1:sloid:74095:0:886128,2026-10-07,ch:1:sjyid:100602:7172c963-db7e-4a4f-8199-e027d19630c2,bus,Expressbus,201,201,20152,"St. Gallen, Bahnhof",Arbon,G,,2026-10-07 14:51:00+00:00,2026-10-07 14:51:00+00:00,,True,0.0,2026-10-07 16:43:53.120000+02:00,2026-10-07 16:51:00+02:00,2026-10-07 16:51:00+02:00,2026-10-07,16,Wednesday,False,7.1146666666666665
20261007_144347,2026-10-07 14:43:53.120000+00:00,St. Gallen,local,ch:1:sloid:74095,"St. Gallen, Bahnhof",ch:1:sloid:74095:0:606657,2026-10-07,ch:1:sjyid:100684:SKI-10208,bus,Bus,10,10,10208,"St. Gallen, Oberhofstetten",Röteli,I,,2026-10-07 14:51:00+00:00,2026-10-07 14:51:00+00:00,,True,0.0,2026-10-07 16:43:53.120000+02:00,2026-10-07 16:51:00+02:00,2026-10-07 16:51:00+02:00,2026-10-07,16,Wednesday,False,7.1146666666666665
20261007_144347,2026-10-07 14:43:53.120000+00:00,St. Gallen,local,ch:1:sloid:74095,"St. Gallen, Bahnhof",ch:1:sloid:74095:0:888081,2026-10-07,ch:1:sjyid:100684:SKI-3229,bus,Bus,3,3,3229,"Wittenbach, Bahnhof","Abtwil SG, St.Josefen",F,,2026-10-07 14:52:00+00:00,2026-10-07 14:53:36+00:00,,True,1.6,2026-10-07 16:43:53.120000+02:00,2026-10-07 16:52:00+02:00,2026-10-07 16:53:36+02:00,2026-10-07,16,Wednesday,False,8.114666666666666
20261007_144347,2026-10-07 14:43:53.120000+00:00,St. Gallen,local,ch:1:sloid:74095,"St. Gallen, Bahnhof",ch:1:sloid:74095:0:181274,2026-10-07,ch:1:sjyid:100684:SKI-2380,bus,Bus,2,2,2380,"St. Gallen, Winkeln",Guggeien,B,,2026-10-07 14:52:00+00:00,2026-10-07 14:52:00+00:00,,True,0.0,2026-10-07 16:43:53.120000+02:00,2026-10-07 16:52:00+02:00,2026-10-07 16:52:00+02:00,2026-10-07,16,Wednesday,False,8.114666666666666
20261007_144347,2026-10-07 14:43:53.120000+00:00,St. Gallen,local,ch:1:sloid:74095,"St. Gallen, Bahnhof",ch:1:sloid:74095:0:888081,2026-10-07,ch:1:sjyid:100695:157f748a-7aea-40b2-b1ee-3b3c45e8f446,bus,Bus,151,151,51196,"St. Gallen, Spisertor (Bus)",Gossau Bhf,F,,2026-10-07 14:52:00+00:00,2026-10-07 14:52:30+00:00,,True,0.5,2026-10-07 16:43:53.120000+02:00,2026-10-07 16:52:00+02:00,2026-10-07 16:52:30+02:00,2026-10-07,16,Wednesday,False,8.114666666666666
20261007_144347,2026-10-07 14:43:53.120000+00:00,St. Gallen,local,ch:1:sloid:74095,"St. Gallen, Bahnhof",ch:1:sloid:74095:0:606657,2026-10-07,ch:1:sjyid:100684:SKI-5374,bus,Bus,5,5,5374,"St. Gallen, Riethüsli",Rotmonten,I,,2026-10-07 14:53:00+00:00,2026-10-07 14:53:00+00:00,,True,0.0,2026-10-07 16:43:53.120000+02:00,2026-10-07 16:53:00+02:00,2026-10-07 16:53:00+02:00,2026-10-07,16,Wednesday,False,9.114666666666666
20261007_144347,2026-10-07 14:43:53.120000+00:00,St. Gallen,local,ch:1:sloid:74095,"St. Gallen, Bahnhof",ch:1:sloid:74095:0:989159,2026-10-07,ch:1:sjyid:100684:SKI-2381,bus,Bus,2,2,2381,"St. Gallen, Guggeien",Wolfganghof,A,,2026-10-07 14:54:00+00:00,2026-10-07 14:54:00+00:00,,True,0.0,2026-10-07 16:43:53.120000+02:00,2026-10-07 16:54:00+02:00,2026-10-07 16:54:00+02:00,2026-10-07,16,Wednesday,False,10.114666666666666
20261007_144347,2026-10-07 14:43:53.120000+00:00,St. Gallen,local,ch:1:sloid:74095,"St. Gallen, Bahnhof",ch:1:sloid:74095:0:894224,2026-10-07,ch:1:sjyid:100684:SKI-3222,bus,Bus,3,3,3222,"Abtwil SG, Säntispark","Wittenbach, Bahnhof",E,,2026-10-07 14:54:00+00:00,2026-10-07 14:54:42+00:00,,True,0.7,2026-10-07 16:43:53.120000+02:00,2026-10-07 16:54:00+02:00,2026-10-07 16:54:42+02:00,2026-10-07,16,Wednesday,False,10.114666666666666
20261007_144347,2026-10-07 14:43:53.120000+00:00,St. Gallen,local,ch:1:sloid:74095,"St. Gallen, Bahnhof",ch:1:sloid:74095:0:606657,2026-10-07,ch:1:sjyid:100684:SKI-7242,bus,Bus,7,7,7242,"St. Gallen, Hinterberg",Neudorf / R'str.,I,,2026-10-07 14:54:00+00:00,2026-10-07 14:54:30+00:00,,True,0.5,2026-10-07 16:43:53.120000+02:00,2026-10-07 16:54:00+02:00,2026-10-07 16:54:30+02:00,2026-10-07,16,Wednesday,False,10.114666666666666
20261007_144347,2026-10-07 14:43:53.120000+00:00,St. Gallen,local,ch:1:sloid:74095,"St. Gallen, Bahnhof",ch:1:sloid:74095:0:174964,2026-10-07,ch:1:sjyid:100684:SKI-9227,bus,Bus,9,9,9227,"St. Gallen, Schuppis Nord",Hölzli,C,,2026-10-07 14:56:00+00:00,2026-10-07 15:00:00+00:00,,True,4.0,2026-10-07 16:43:53.120000+02:00,2026-10-07 16:56:00+02:00,2026-10-07 17:00:00+02:00,2026-10-07,16,Wednesday,False,12.114666666666666
20261007_144347,2026-10-07 14:43:53.592000+00:00,Lausanne,local,ch:1:sloid:92050,"Lausanne, gare",ch:1:sloid:92050:0:2893,2026-10-07,ch:1:sjyid:100122:plan1:2026_ATT5-21-50-Semaine-21-9980494,bus,Bus,21,21,21236,"Lausanne, Blécherette",Verrière,A,,2026-10-07 14:36:00+00:00,2026-10-07 14:43:12+00:00,,True,7.2,2026-10-07 16:43:53.592000+02:00,2026-10-07 16:36:00+02:00,2026-10-07 16:43:12+02:00,2026-10-07,16,Wednesday,False,-7.893199999999999
20261007_144347,2026-10-07 14:43:53.592000+00:00,Lausanne,local,ch:1:sloid:92050,"Lausanne, gare",ch:1:sloid:92050:0:2893,2026-10-07,ch:1:sjyid:100122:plan1:2026_ATT5-01-50-Semaine-1-10019169,bus,Bus,1,1,1134,"Ecublens VD, EPFL/Colladon",Blécherette,A,,2026-10-07 14:38:00+00:00,2026-10-07 14:43:24+00:00,,True,5.4,2026-10-07 16:43:53.592000+02:00,2026-10-07 16:38:00+02:00,2026-10-07 16:43:24+02:00,2026-10-07,16,Wednesday,False,-5.893199999999999
20261007_144347,2026-10-07 14:43:53.592000+00:00,Lausanne,local,ch:1:sloid:92050,"Lausanne, gare",ch:1:sloid:92050:0:1096,2026-10-07,ch:1:sjyid:100122:plan2:m2_0521,metro,Metro,m2,m2,720521,"Lausanne, Ouchy-Olympique","Epalinges, Croisettes",,,2026-10-07 14:43:00+00:00,,,False,,2026-10-07 16:43:53.592000+02:00,2026-10-07 16:43:00+02:00,,2026-10-07,16,Wednesday,False,-0.8932
20261007_144347,2026-10-07 14:43:53.592000+00:00,Lausanne,local,ch:1:sloid:92050,"Lausanne, gare",ch:1:sloid:92050:0:2814,2026-10-07,ch:1:sjyid:100122:plan1:2026_ATT5-21-50-Semaine-21-9980471,bus,Bus,21,21,21106,"Paudex, Verrière",Blécherette,D,,2026-10-07 14:43:00+00:00,2026-10-07 14:45:18+00:00,,True,2.3,2026-10-07 16:43:53.592000+02:00,2026-10-07 16:43:00+02:00,2026-10-07 16:45:18+02:00,2026-10-07,16,Wednesday,False,-0.8932
20261007_144347,2026-10-07 14:43:53.592000+00:00,Lausanne,local,ch:1:sloid:92050,"Lausanne, gare",ch:1:sloid:92050:0:1101,2026-10-07,ch:1:sjyid:100122:plan2:m2_0034,metro,Metro,m2,m2,720034,"Epalinges, Croisettes","Lausanne, Ouchy-Olympique",,,2026-10-07 14:43:00+00:00,,,False,,2026-10-07 16:43:53.592000+02:00,2026-10-07 16:43:00+02:00,,2026-10-07,16,Wednesday,False,-0.8932
20261007_144347,2026-10-07 14:43:53.592000+00:00,Lausanne,local,ch:1:sloid:92050,"Lausanne, gare",ch:1:sloid:92050:0:2893,2026-10-07,ch:1:sjyid:100122:plan1:2026_ATT5-01-50-Semaine-1-10019170,bus,Bus,1,1,1135,"Ecublens VD, EPFL/Colladon",Blécherette,A,,2026-10-07 14:45:00+00:00,2026-10-07 14:45:18+00:00,,True,0.3,2026-10-07 16:43:53.592000+02:00,2026-10-07 16:45:00+02:00,2026-10-07 16:45:18+02:00,2026-10-07,16,Wednesday,False,1.1068
20261007_144347,2026-10-07 14:43:53.592000+00:00,Lausanne,local,ch:1:sloid:92050,"Lausanne, gare",ch:1:sloid:92050:0:1096,2026-10-07,ch:1:sjyid:100122:plan2:m2_3155,metro,Metro,m2,m2,723155,"Lausanne, gare","Lausanne, Sallaz",,,2026-10-07 14:46:00+00:00,,,False,,2026-10-07 16:43:53.592000+02:00,2026-10-07 16:46:00+02:00,,2026-10-07,16,Wednesday,False,2.1068000000000002
20261007_144347,2026-10-07 14:43:53.592000+00:00,Lausanne,local,ch:1:sloid:92050,"Lausanne, gare",ch:1:sloid:92050:0:2893,2026-10-07,ch:1:sjyid:100122:plan1:2026_ATT5-21-50-Semaine-21-9980495,bus,Bus,21,21,21237,"Lausanne, Blécherette",Verrière,A,,2026-10-07 14:46:00+00:00,2026-10-07 14:49:12+00:00,,True,3.2,2026-10-07 16:43:53.592000+02:00,2026-10-07 16:46:00+02:00,2026-10-07 16:49:12+02:00,2026-10-07,16,Wednesday,False,2.1068000000000002
20261007_144347,2026-10-07 14:43:53.592000+00:00,Lausanne,local,ch:1:sloid:92050,"Lausanne, gare",ch:1:sloid:92050:0:1096,2026-10-07,ch:1:sjyid:100122:plan2:m2_0347,metro,Metro,m2,m2,720347,"Lausanne, Ouchy-Olympique","Epalinges, Croisettes",,,2026-10-07 14:47:00+00:00,,,False,,2026-10-07 16:43:53.592000+02:00,2026-10-07 16:47:00+02:00,,2026-10-07,16,Wednesday,False,3.1068
20261007_144347,2026-10-07 14:43:53.592000+00:00,Lausanne,local,ch:1:sloid:92050,"Lausanne, gare",ch:1:sloid:92050:0:1101,2026-10-07,ch:1:sjyid:100122:plan2:m2_0088,metro,Metro,m2,m2,720088,"Epalinges, Croisettes","Lausanne, Ouchy-Olympique",,,2026-10-07 14:48:00+00:00,,,False,,2026-10-07 16:43:53.592000+02:00,2026-10-07 16:48:00+02:00,,2026-10-07,16,Wednesday,False,4.1068
20261007_144347,2026-10-07 14:43:53.592000+00:00,Lausanne,local,ch:1:sloid:92050,"Lausanne, gare",ch:1:sloid:92050:0:2892,2026-10-07,ch:1:sjyid:100122:plan1:2026_ATT5-01-50-Semaine-1-10019185,bus,Bus,1,1,1298,"Lausanne, Blécherette",EPFL/Colladon,B,,2026-10-07 14:49:00+00:00,2026-10-07 14:52:24+00:00,,True,3.4,2026-10-07 16:43:53.592000+02:00,2026-10-07 16:49:00+02:00,2026-10-07 16:52:24+02:00,2026-10-07,16,Wednesday,False,5.106800000000001
20261007_144347,2026-10-07 14:43:53.592000+00:00,Lausanne,local,ch:1:sloid:92050,"Lausanne, gare",ch:1:sloid:92050:0:2815,2026-10-07,ch:1:sjyid:100122:plan1:2026_ATT5-20-50-Semaine-20-9969543,bus,Bus,20,20,20062,"Lausanne, gare",Blécherette,C,,2026-10-07 14:49:00+00:00,2026-10-07 14:49:00+00:00,,True,0.0,2026-10-07 16:43:53.592000+02:00,2026-10-07 16:49:00+02:00,2026-10-07 16:49:00+02:00,2026-10-07,16,Wednesday,False,5.106800000000001
20261007_144347,2026-10-07 14:43:53.592000+00:00,Lausanne,local,ch:1:sloid:92050,"Lausanne, gare",ch:1:sloid:92050:0:1096,2026-10-07,ch:1:sjyid:100122:plan2:m2_3181,metro,Metro,m2,m2,723181,"Lausanne, gare","Lausanne, Sallaz",,,2026-10-07 14:50:00+00:00,,,False,,2026-10-07 16:43:53.592000+02:00,2026-10-07 16:50:00+02:00,,2026-10-07,16,Wednesday,False,6.106800000000001
20261007_144347,2026-10-07 14:43:53.592000+00:00,Lausanne,local,ch:1:sloid:92050,"Lausanne, gare",ch:1:sloid:92050:0:2814,2026-10-07,ch:1:sjyid:100122:plan1:2026_ATT2-03-20-Semaine-3-9715690,bus,Bus,3,3,3084,"Lausanne, gare",Maillefer,D,,2026-10-07 14:50:00+00:00,2026-10-07 14:50:00+00:00,,True,0.0,2026-10-07 16:43:53.592000+02:00,2026-10-07 16:50:00+02:00,2026-10-07 16:50:00+02:00,2026-10-07,16,Wednesday,False,6.106800000000001
20261007_144347,2026-10-07 14:43:53.592000+00:00,Lausanne,local,ch:1:sloid:92050,"Lausanne, gare",ch:1:sloid:92050:0:2893,2026-10-07,ch:1:sjyid:100122:plan1:2026_ATT5-01-50-Semaine-1-10019171,bus,Bus,1,1,1136,"Ecublens VD, EPFL/Colladon",Blécherette,A,,2026-10-07 14:51:00+00:00,2026-10-07 14:52:48+00:00,,True,1.8,2026-10-07 16:43:53.592000+02:00,2026-10-07 16:51:00+02:00,2026-10-07 16:52:48+02:00,2026-10-07,16,Wednesday,False,7.106800000000001
20261007_144347,2026-10-07 14:43:53.592000+00:00,Lausanne,local,ch:1:sloid:92050,"Lausanne, gare",ch:1:sloid:92050:0:1096,2026-10-07,ch:1:sjyid:100122:plan2:m2_0479,metro,Metro,m2,m2,720479,"Lausanne, Ouchy-Olympique","Epalinges, Croisettes",,,2026-10-07 14:52:00+00:00,,,False,,2026-10-07 16:43:53.592000+02:00,2026-10-07 16:52:00+02:00,,2026-10-07,16,Wednesday,False,8.1068
20261007_144347,2026-10-07 14:43:53.592000+00:00,Lausanne,local,ch:1:sloid:92050,"Lausanne, gare",ch:1:sloid:92050:0:2814,2026-10-07,ch:1:sjyid:100122:plan1:2026_ATT5-21-50-Semaine-21-9980472,bus,Bus,21,21,21107,"Paudex, Verrière",Blécherette,D,,2026-10-07 14:52:00+00:00,2026-10-07 14:53:00+00:00,,True,1.0,2026-10-07 16:43:53.592000+02:00,2026-10-07 16:52:00+02:00,2026-10-07 16:53:00+02:00,2026-10-07,16,Wednesday,False,8.1068
20261007_144347,2026-10-07 14:43:53.592000+00:00,Lausanne,local,ch:1:sloid:92050,"Lausanne, gare",ch:1:sloid:92050:0:1101,2026-10-07,ch:1:sjyid:100122:plan2:m2_0142,metro,Metro,m2,m2,720142,"Epalinges, Croisettes","Lausanne, Ouchy-Olympique",,,2026-10-07 14:52:00+00:00,,,False,,2026-10-07 16:43:53.592000+02:00,2026-10-07 16:52:00+02:00,,2026-10-07,16,Wednesday,False,8.1068
20261007_144347,2026-10-07 14:43:53.592000+00:00,Lausanne,local,ch:1:sloid:92050,"Lausanne, gare",ch:1:sloid:92050:0:1096,2026-10-07,ch:1:sjyid:100122:plan2:m2_3011,metro,Metro,m2,m2,723011,"Lausanne, gare","Lausanne, Sallaz",,,2026-10-07 14:54:00+00:00,,,False,,2026-10-07 16:43:53.592000+02:00,2026-10-07 16:54:00+02:00,,2026-10-07,16,Wednesday,False,10.1068
20261007_144347,2026-10-07 14:43:53.592000+00:00,Lausanne,local,ch:1:sloid:92050,"Lausanne, gare",ch:1:sloid:92050:0:1096,2026-10-07,ch:1:sjyid:100122:plan2:m2_0035,metro,Metro,m2,m2,720035,"Lausanne, Ouchy-Olympique","Epalinges, Croisettes",,,2026-10-07 14:56:00+00:00,,,False,,2026-10-07 16:43:53.592000+02:00,2026-10-07 16:56:00+02:00,,2026-10-07,16,Wednesday,False,12.1068
20261007_144347,2026-10-07 14:43:53.592000+00:00,Lausanne,local,ch:1:sloid:92050,"Lausanne, gare",ch:1:sloid:92050:0:1101,2026-10-07,ch:1:sjyid:100122:plan2:m2_0250,metro,Metro,m2,m2,720250,"Epalinges, Croisettes","Lausanne, Ouchy-Olympique",,,2026-10-07 14:56:00+00:00,,,False,,2026-10-07 16:43:53.592000+02:00,2026-10-07 16:56:00+02:00,,2026-10-07,16,Wednesday,False,12.1068
20261007_144347,2026-10-07 14:43:53.592000+00:00,Lausanne,local,ch:1:sloid:92050,"Lausanne, gare",ch:1:sloid:92050:0:2893,2026-10-07,ch:1:sjyid:100122:plan1:2026_ATT5-21-50-Semaine-21-9980496,bus,Bus,21,21,21238,"Lausanne, Blécherette",Verrière,A,,2026-10-07 14:56:00+00:00,2026-10-07 14:59:42+00:00,,True,3.7,2026-10-07 16:43:53.592000+02:00,2026-10-07 16:56:00+02:00,2026-10-07 16:59:42+02:00,2026-10-07,16,Wednesday,False,12.1068
20261007_144347,2026-10-07 14:43:53.592000+00:00,Lausanne,local,ch:1:sloid:92050,"Lausanne, gare",ch:1:sloid:92050:0:2892,2026-10-07,ch:1:sjyid:100122:plan1:2026_ATT5-01-50-Semaine-1-10019186,bus,Bus,1,1,1299,"Lausanne, Blécherette",EPFL/Colladon,B,,2026-10-07 14:57:00+00:00,2026-10-07 14:57:00+00:00,,True,0.0,2026-10-07 16:43:53.592000+02:00,2026-10-07 16:57:00+02:00,2026-10-07 16:57:00+02:00,2026-10-07,16,Wednesday,False,13.1068
20261007_144347,2026-10-07 14:43:53.592000+00:00,Lausanne,local,ch:1:sloid:92050,"Lausanne, gare",ch:1:sloid:92050:0:2893,2026-10-07,ch:1:sjyid:100122:plan1:2026_ATT5-01-50-Semaine-1-10019172,bus,Bus,1,1,1137,"Ecublens VD, EPFL/Colladon",Blécherette,A,,2026-10-07 14:58:00+00:00,2026-10-07 15:01:06+00:00,,True,3.1,2026-10-07 16:43:53.592000+02:00,2026-10-07 16:58:00+02:00,2026-10-07 17:01:06+02:00,2026-10-07,16,Wednesday,False,14.1068
20261007_144347,2026-10-07 14:43:53.592000+00:00,Lausanne,local,ch:1:sloid:92050,"Lausanne, gare",ch:1:sloid:92050:0:1096,2026-10-07,ch:1:sjyid:100122:plan2:m2_3205,metro,Metro,m2,m2,723205,"Lausanne, gare","Lausanne, Sallaz",,,2026-10-07 14:59:00+00:00,,,False,,2026-10-07 16:43:53.592000+02:00,2026-10-07 16:59:00+02:00,,2026-10-07,16,Wednesday,False,15.1068
20261007_144347,2026-10-07 14:43:53.592000+00:00,Lausanne,local,ch:1:sloid:92050,"Lausanne, gare",ch:1:sloid:92050:0:1096,2026-10-07,ch:1:sjyid:100122:plan2:m2_0089,metro,Metro,m2,m2,720089,"Lausanne, Ouchy-Olympique","Epalinges, Croisettes",,,2026-10-07 15:00:00+00:00,,,False,,2026-10-07 16:43:53.592000+02:00,2026-10-07 17:00:00+02:00,,2026-10-07,17,Wednesday,False,16.1068
20261007_144347,2026-10-07 14:43:53.592000+00:00,Lausanne,local,ch:1:sloid:92050,"Lausanne, gare",ch:1:sloid:92050:0:2814,2026-10-07,ch:1:sjyid:100122:plan1:2026_ATT2-03-20-Semaine-3-9715691,bus,Bus,3,3,3085,"Lausanne, gare",Maillefer,D,,2026-10-07 15:00:00+00:00,2026-10-07 15:00:00+00:00,,True,0.0,2026-10-07 16:43:53.592000+02:00,2026-10-07 17:00:00+02:00,2026-10-07 17:00:00+02:00,2026-10-07,17,Wednesday,False,16.1068
20261007_144347,2026-10-07 14:43:53.592000+00:00,Lausanne,local,ch:1:sloid:92050,"Lausanne, gare",ch:1:sloid:92050:0:2815,2026-10-07,ch:1:sjyid:100122:plan1:2026_ATT5-20-50-Semaine-20-9969544,bus,Bus,20,20,20063,"Lausanne, gare",Blécherette,C,,2026-10-07 15:01:00+00:00,2026-10-07 15:01:00+00:00,,True,0.0,2026-10-07 16:43:53.592000+02:00,2026-10-07 17:01:00+02:00,2026-10-07 17:01:00+02:00,2026-10-07,17,Wednesday,False,17.1068
20261007_144347,2026-10-07 14:43:53.592000+00:00,Lausanne,local,ch:1:sloid:92050,"Lausanne, gare",ch:1:sloid:92050:0:1101,2026-10-07,ch:1:sjyid:100122:plan2:m2_0304,metro,Metro,m2,m2,720304,"Epalinges, Croisettes","Lausanne, Ouchy-Olympique",,,2026-10-07 15:01:00+00:00,,,False,,2026-10-07 16:43:53.592000+02:00,2026-10-07 17:01:00+02:00,,2026-10-07,17,Wednesday,False,17.1068
20261007_144347,2026-10-07 14:43:53.592000+00:00,Lausanne,local,ch:1:sloid:92050,"Lausanne, gare",ch:1:sloid:92050:0:2814,2026-10-07,ch:1:sjyid:100122:plan1:2026_ATT5-21-50-Semaine-21-9980473,bus,Bus,21,21,21108,"Paudex, Verrière",Blécherette,D,,2026-10-07 15:02:00+00:00,2026-10-07 15:02:00+00:00,,True,0.0,2026-10-07 16:43:53.592000+02:00,2026-10-07 17:02:00+02:00,2026-10-07 17:02:00+02:00,2026-10-07,17,Wednesday,False,18.1068
20261007_144347,2026-10-07 14:43:54.038000+00:00,Genève,local,ch:1:sloid:87057,"Genève, gare Cornavin",ch:1:sloid:87057:0:46188,2026-10-07,ch:1:sjyid:100680:HAS-26-15-10-Lun-Ven-35076345,tram,Tram,15,15,847476,"Genève, Nations",ZIPLO,D,,2026-10-07 14:40:00+00:00,2026-10-07 14:43:42+00:00,,True,3.7,2026-10-07 16:43:54.038000+02:00,2026-10-07 16:40:00+02:00,2026-10-07 16:43:42+02:00,2026-10-07,16,Wednesday,False,-3.9006333333333334
20261007_144347,2026-10-07 14:43:54.038000+00:00,Genève,local,ch:1:sloid:87057,"Genève, gare Cornavin",ch:1:sloid:87057:0:50679,2026-10-07,ch:1:sjyid:100680:HAS-26-08-20-13-Lun-Ven-35205837,bus,Bus,8,8,646214,"Veyrier, douane",Palexpo,J,,2026-10-07 14:41:00+00:00,2026-10-07 14:43:18+00:00,,True,2.3,2026-10-07 16:43:54.038000+02:00,2026-10-07 16:41:00+02:00,2026-10-07 16:43:18+02:00,2026-10-07,16,Wednesday,False,-2.9006333333333334
20261007_144347,2026-10-07 14:43:54.038000+00:00,Genève,local,ch:1:sloid:87057,"Genève, gare Cornavin",ch:1:sloid:87057:0:783875,2026-10-07,ch:1:sjyid:100680:HAS-26-10-0-Lun-Ven-33819160,bus,Bus,10,10,552144,"Genève, Rive",Genève-Aéroport-Terminal,K,,2026-10-07 14:41:00+00:00,2026-10-07 14:44:12+00:00,,True,3.2,2026-10-07 16:43:54.038000+02:00,2026-10-07 16:41:00+02:00,2026-10-07 16:44:12+02:00,2026-10-07,16,Wednesday,False,-2.9006333333333334
20261007_144347,2026-10-07 14:43:54.038000+00:00,Genève,local,ch:1:sloid:87057,"Genève, gare Cornavin",ch:1:sloid:87057:0:408265,2026-10-07,ch:1:sjyid:100680:HAS-26-15-10-Lun-Ven-35076338,tram,Tram,15,15,847469,"Plan-les-Ouates, ZIPLO",Nations,E,,2026-10-07 14:42:00+00:00,2026-10-07 14:48:24+00:00,,True,6.4,2026-10-07 16:43:54.038000+02:00,2026-10-07 16:42:00+02:00,2026-10-07 16:48:24+02:00,2026-10-07,16,Wednesday,False,-1.9006333333333332
20261007_144347,2026-10-07 14:43:54.038000+00:00,Genève,local,ch:1:sloid:87057,"Genève, gare Cornavin",ch:1:sloid:87057:0:783875,2026-10-07,ch:1:sjyid:100680:HAS-26-015925-70-Lun-Ven-35914475,bus,Bus,9,9,698702,"Thônex, Belle-Terre Pl. Araire",Lignon-Tours,K,,2026-10-07 14:44:00+00:00,2026-10-07 14:43:36+00:00,,True,-0.4,2026-10-07 16:43:54.038000+02:00,2026-10-07 16:44:00+02:00,2026-10-07 16:43:36+02:00,2026-10-07,16,Wednesday,False,0.09936666666666666
20261007_144347,2026-10-07 14:43:54.038000+00:00,Genève,local,ch:1:sloid:87057,"Genève, gare Cornavin",ch:1:sloid:87057:0:589555,2026-10-07,ch:1:sjyid:100680:HAS-26-015925-70-Lun-Ven-35914561,bus,Bus,9,9,698788,"Vernier, Lignon Tours",Belle-Terre-Place-de-l'Araire,L,,2026-10-07 14:45:00+00:00,2026-10-07 14:45:12+00:00,,True,0.2,2026-10-07 16:43:54.038000+02:00,2026-10-07 16:45:00+02:00,2026-10-07 16:45:12+02:00,2026-10-07,16,Wednesday,False,1.0993666666666668
20261007_144347,2026-10-07 14:43:54.038000+00:00,Genève,local,ch:1:sloid:87057,"Genève, gare Cornavin",ch:1:sloid:87057:0:651350,2026-10-07,ch:1:sjyid:100680:HAS-26-015925-70-Lun-Ven-35913778,bus,Bus,5,5,698193,"Genève-Aéroport, Terminal",Thônex-Vallard,B,,2026-10-07 14:45:00+00:00,2026-10-07 14:49:18+00:00,,True,4.3,2026-10-07 16:43:54.038000+02:00,2026-10-07 16:45:00+02:00,2026-10-07 16:49:18+02:00,2026-10-07,16,Wednesday,False,1.0993666666666668
20261007_144347,2026-10-07 14:43:54.038000+00:00,Genève,local,ch:1:sloid:87057,"Genève, gare Cornavin",ch:1:sloid:87057:0:46188,2026-10-07,ch:1:sjyid:100680:HAS-26-15-10-Lun-Ven-35076364,tram,Tram,15,15,847495,"Genève, Nations",ZIPLO,D,,2026-10-07 14:45:00+00:00,2026-10-07 14:44:24+00:00,,True,-0.6,2026-10-07 16:43:54.038000+02:00,2026-10-07 16:45:00+02:00,2026-10-07 16:44:24+02:00,2026-10-07,16,Wednesday,False,1.0993666666666668
20261007_144347,2026-10-07 14:43:54.038000+00:00,Genève,local,ch:1:sloid:87057,"Genève, gare Cornavin",ch:1:sloid:87057:0:46188,2026-10-07,ch:1:sjyid:100680:HAS-26-015925-70-Lun-Ven-35914138,bus,Bus,1,1,698513,"Genève, Jardin Botanique",Hôpital Trois-Chêne,D,,2026-10-07 14:45:00+00:00,2026-10-07 14:43:06+00:00,,True,-1.9,2026-10-07 16:43:54.038000+02:00,2026-10-07 16:45:00+02:00,2026-10-07 16:43:06+02:00,2026-10-07,16,Wednesday,False,1.0993666666666668
20261007_144347,2026-10-07 14:43:54.038000+00:00,Genève,local,ch:1:sloid:87057,"Genève, gare Cornavin",ch:1:sloid:87057:0:408265,2026-10-07,ch:1:sjyid:100680:HAS-26-015925-70-Lun-Ven-35913922,bus,Bus,25,25,698298,"Thônex, Vallard",Jardin Botanique,E,,2026-10-07 14:45:00+00:00,2026-10-07 14:46:18+00:00,,True,1.3,2026-10-07 16:43:54.038000+02:00,2026-10-07 16:45:00+02:00,2026-10-07 16:46:18+02:00,2026-10-07,16,Wednesday,False,1.0993666666666668
20261007_144347,2026-10-07 14:43:54.038000+00:00,Genève,local,ch:1:sloid:87057,"Genève, gare Cornavin",ch:1:sloid:87057:0:50679,2026-10-07,ch:1:sjyid:100680:HAS-26-08-20-13-Lun-Ven-35206067,bus,Bus,20,20,646379,"Veyrier, Tournettes",Valavran,J,,2026-10-07 14:45:00+00:00,2026-10-07 14:45:54+00:00,,True,0.9,2026-10-07 16:43:54.038000+02:00,2026-10-07 16:45:00+02:00,2026-10-07 16:45:54+02:00,2026-10-07,16,Wednesday,False,1.0993666666666668
20261007_144347,2026-10-07 14:43:54.038000+00:00,Genève,local,ch:1:sloid:87057,"Genève, gare Cornavin",ch:1:sloid:87057:0:783875,2026-10-07,ch:1:sjyid:100680:HAS-26-02-06-19-1-Lun-Ven-34651985,bus,Bus,19,19,616898,"Onex, cité",Vernier-Village,K,,2026-10-07 14:45:00+00:00,2026-10-07 14:47:36+00:00,,True,2.6,2026-10-07 16:43:54.038000+02:00,2026-10-07 16:45:00+02:00,2026-10-07 16:47:36+02:00,2026-10-07,16,Wednesday,False,1.0993666666666668
20261007_144347,2026-10-07 14:43:54.038000+00:00,Genève,local,ch:1:sloid:87057,"Genève, gare Cornavin",ch:1:sloid:87057:0:698638,2026-10-07,ch:1:sjyid:100680:HAS-26-03-0-Lun-Ven-33838425,bus,Bus,3,3,554721,"Genève, Crêts-de-Champel",Gardiol,F,,2026-10-07 14:46:00+00:00,2026-10-07 14:43:36+00:00,,True,-2.4,2026-10-07 16:43:54.038000+02:00,2026-10-07 16:46:00+02:00,2026-10-07 16:43:36+02:00,2026-10-07,16,Wednesday,False,2.0993666666666666
20261007_144347,2026-10-07 14:43:54.038000+00:00,Genève,local,ch:1:sloid:87057,"Genève, gare Cornavin",ch:1:sloid:87057:0:408265,2026-10-07,ch:1:sjyid:100680:HAS-26-15-10-Lun-Ven-35076325,tram,Tram,15,15,847456,"Plan-les-Ouates, ZIPLO",Nations,E,,2026-10-07 14:47:00+00:00,2026-10-07 14:50:42+00:00,,True,3.7,2026-10-07 16:43:54.038000+02:00,2026-10-07 16:47:00+02:00,2026-10-07 16:50:42+02:00,2026-10-07,16,Wednesday,False,3.0993666666666666
20261007_144347,2026-10-07 14:43:54.038000+00:00,Genève,local,ch:1:sloid:87057,"Genève, gare Cornavin",ch:1:sloid:87057:0:233278,2026-10-07,ch:1:sjyid:100680:HAS-26-14-10-Lun-Ven-35075351,tram,Tram,14,14,846482,"Meyrin, Gravière",Bernex-Vailly,I,,2026-10-07 14:47:00+00:00,2026-10-07 14:46:24+00:00,,True,-0.6,2026-10-07 16:43:54.038000+02:00,2026-10-07 16:47:00+02:00,2026-10-07 16:46:24+02:00,2026-10-07,16,Wednesday,False,3.0993666666666666
20261007_144347,2026-10-07 14:43:54.038000+00:00,Genève,local,ch:1:sloid:87057,"Genève, gare Cornavin",ch:1:sloid:87057:0:589555,2026-10-07,ch:1:sjyid:100680:HAS-26-02-06-19-1-Lun-Ven-34652023,bus,Bus,19,19,616936,"Vernier, village",Onex-Cité,L,,2026-10-07 14:47:00+00:00,2026-10-07 14:53:30+00:00,,True,6.5,2026-10-07 16:43:54.038000+02:00,2026-10-07 16:47:00+02:00,2026-10-07 16:53:30+02:00,2026-10-07,16,Wednesday,False,3.0993666666666666
20261007_144347,2026-10-07 14:43:54.038000+00:00,Genève,local,ch:1:sloid:87057,"Genève, gare Cornavin",ch:1:sloid:87057:0:589555,2026-10-07,ch:1:sjyid:100680:HAS-26-10-0-Lun-Ven-33819167,bus,Bus,10,10,552151,"Genève-Aéroport, Terminal",Rive,L,,2026-10-07 14:48:00+00:00,2026-10-07 14:48:30+00:00,,True,0.5,2026-10-07 16:43:54.038000+02:00,2026-10-07 16:48:00+02:00,2026-10-07 16:48:30+02:00,2026-10-07,16,Wednesday,False,4.099366666666667
20261007_144347,2026-10-07 14:43:54.038000+00:00,Genève,local,ch:1:sloid:87057,"Genève, gare Cornavin",ch:1:sloid:87057:0:89811,2026-10-07,ch:1:sjyid:100680:HAS-26-14-10-Lun-Ven-35075316,tram,Tram,14,14,846447,"Bernex, Vailly",Meyrin-Gravière,H,,2026-10-07 14:48:00+00:00,2026-10-07 14:46:00+00:00,,True,-2.0,2026-10-07 16:43:54.038000+02:00,2026-10-07 16:48:00+02:00,2026-10-07 16:46:00+02:00,2026-10-07,16,Wednesday,False,4.099366666666667
20261007_144347,2026-10-07 14:43:54.038000+00:00,Genève,local,ch:1:sloid:87057,"Genève, gare Cornavin",ch:1:sloid:87057:0:50679,2026-10-07,ch:1:sjyid:100680:HAS-26-015925-70-Lun-Ven-35913683,bus,Bus,5,5,698098,"Thônex, Vallard",Genève-Aéroport-Terminal,J,,2026-10-07 14:48:00+00:00,2026-10-07 14:48:30+00:00,,True,0.5,2026-10-07 16:43:54.038000+02:00,2026-10-07 16:48:00+02:00,2026-10-07 16:48:30+02:00,2026-10-07,16,Wednesday,False,4.099366666666667
20261007_144347,2026-10-07 14:43:54.038000+00:00,Genève,local,ch:1:sloid:87057,"Genève, gare Cornavin",ch:1:sloid:87057:0:50679,2026-10-07,ch:1:sjyid:100680:HAS-26-60-61-70-Lun-Ven-35376430,bus,Bus,61,61,693541,"Genève, gare Cornavin",Gex-L'Aiglette,J,,2026-10-07 14:48:00+00:00,2026-10-07 14:48:00+00:00,,True,0.0,2026-10-07 16:43:54.038000+02:00,2026-10-07 16:48:00+02:00,2026-10-07 16:48:00+02:00,2026-10-07,16,Wednesday,False,4.099366666666667
20261007_144347,2026-10-07 14:43:54.038000+00:00,Genève,local,ch:1:sloid:87057,"Genève, gare Cornavin",ch:1:sloid:87057:0:973093,2026-10-07,ch:1:sjyid:100680:HAS-26-08-20-13-Lun-Ven-35205767,bus,Bus,8,8,646144,"Grand-Saconnex, Palexpo",Veyrier-Douane,C,,2026-10-07 14:49:00+00:00,2026-10-07 14:50:12+00:00,,True,1.2,2026-10-07 16:43:54.038000+02:00,2026-10-07 16:49:00+02:00,2026-10-07 16:50:12+02:00,2026-10-07,16,Wednesday,False,5.099366666666667
20261007_144347,2026-10-07 14:43:54.038000+00:00,Genève,local,ch:1:sloid:87057,"Genève, gare Cornavin",ch:1:sloid:87057:0:46188,2026-10-07,ch:1:sjyid:100680:HAS-26-015925-70-Lun-Ven-35914004,bus,Bus,25,25,698380,"Genève, Jardin Botanique",Thônex-Vallard,D,,2026-10-07 14:49:00+00:00,2026-10-07 14:49:48+00:00,,True,0.8,2026-10-07 16:43:54.038000+02:00,2026-10-07 16:49:00+02:00,2026-10-07 16:49:48+02:00,2026-10-07,16,Wednesday,False,5.099366666666667
20261007_144347,2026-10-07 14:43:54.038000+00:00,Genève,local,ch:1:sloid:87057,"Genève, gare Cornavin",ch:1:sloid:87057:0:46188,2026-10-07,ch:1:sjyid:100680:HAS-26-15-10-Lun-Ven-35076331,tram,Tram,15,15,847462,"Genève, Nations",ZIPLO,D,,2026-10-07 14:49:00+00:00,2026-10-07 14:49:06+00:00,,True,0.1,2026-10-07 16:43:54.038000+02:00,2026-10-07 16:49:00+02:00,2026-10-07 16:49:06+02:00,2026-10-07,16,Wednesday,False,5.099366666666667
20261007_144347,2026-10-07 14:43:54.038000+00:00,Genève,local,ch:1:sloid:87057,"Genève, gare Cornavin",ch:1:sloid:87057:0:408265,2026-10-07,ch:1:sjyid:100680:HAS-26-015925-70-Lun-Ven-35914196,bus,Bus,1,1,698571,"Thônex, Hôpital Trois-Chêne",Jardin Botanique,E,,2026-10-07 14:49:00+00:00,2026-10-07 14:48:36+00:00,,True,-0.4,2026-10-07 16:43:54.038000+02:00,2026-10-07 16:49:00+02:00,2026-10-07 16:48:36+02:00,2026-10-07,16,Wednesday,False,5.099366666666667
20261007_144347,2026-10-07 14:43:54.038000+00:00,Genève,local,ch:1:sloid:87057,"Genève, gare Cornavin",ch:1:sloid:87057:0:783875,2026-10-07,ch:1:sjyid:100680:HAS-26-10-0-Lun-Ven-33819158,bus,Bus,10,10,552142,"Genève, Rive",Genève-Aéroport-Terminal,K,,2026-10-07 14:49:00+00:00,2026-10-07 14:48:48+00:00,,True,-0.2,2026-10-07 16:43:54.038000+02:00,2026-10-07 16:49:00+02:00,2026-10-07 16:48:48+02:00,2026-10-07,16,Wednesday,False,5.099366666666667
20261007_144347,2026-10-07 14:43:54.038000+00:00,Genève,local,ch:1:sloid:87057,"Genève, gare Cornavin",ch:1:sloid:87057:0:233278,2026-10-07,ch:1:sjyid:100680:HAS-26-18-10-Lun-Ven-35075153,tram,Tram,18,18,846286,"Meyrin, CERN",Palettes,I,,2026-10-07 14:50:00+00:00,2026-10-07 14:50:12+00:00,,True,0.2,2026-10-07 16:43:54.038000+02:00,2026-10-07 16:50:00+02:00,2026-10-07 16:50:12+02:00,2026-10-07,16,Wednesday,False,6.099366666666667
20261007_144347,2026-10-07 14:43:54.038000+00:00,Genève,local,ch:1:sloid:87057,"Genève, gare Cornavin",ch:1:sloid:87057:0:50679,2026-10-07,ch:1:sjyid:100680:HAS-26-08-20-13-Lun-Ven-35205836,bus,Bus,8,8,646213,"Veyrier, douane",Palexpo,J,,2026-10-07 14:50:00+00:00,2026-10-07 14:54:06+00:00,,True,4.1,2026-10-07 16:43:54.038000+02:00,2026-10-07 16:50:00+02:00,2026-10-07 16:54:06+02:00,2026-10-07,16,Wednesday,False,6.099366666666667
20261007_144347,2026-10-07 14:43:54.038000+00:00,Genève,local,ch:1:sloid:87057,"Genève, gare Cornavin",ch:1:sloid:87057:0:89811,2026-10-07,ch:1:sjyid:100680:HAS-26-18-10-Lun-Ven-35075129,tram,Tram,18,18,846262,"Grand-Lancy, Palettes",CERN,H,,2026-10-07 14:50:00+00:00,2026-10-07 14:48:30+00:00,,True,-1.5,2026-10-07 16:43:54.038000+02:00,2026-10-07 16:50:00+02:00,2026-10-07 16:48:30+02:00,2026-10-07,16,Wednesday,False,6.099366666666667
20261007_144347,2026-10-07 14:43:54.038000+00:00,Genève,local,ch:1:sloid:87057,"Genève, gare Cornavin",ch:1:sloid:87057:0:783875,2026-10-07,ch:1:sjyid:100680:HAS-26-02-06-19-1-Lun-Ven-34651983,bus,Bus,6,6,616896,"Genève, Plage",Vernier-Village,K,,2026-10-07 14:50:00+00:00,2026-10-07 14:51:18+00:00,,True,1.3,2026-10-07 16:43:54.038000+02:00,2026-10-07 16:50:00+02:00,2026-10-07 16:51:18+02:00,2026-10-07,16,Wednesday,False,6.099366666666667
20261007_144347,2026-10-07 14:43:54.038000+00:00,Genève,local,ch:1:sloid:87057,"Genève, gare Cornavin",ch:1:sloid:87057:0:783875,2026-10-07,ch:1:sjyid:100680:HAS-26-015925-70-Lun-Ven-35914469,bus,Bus,9,9,698696,"Thônex, Belle-Terre Pl. Araire",Lignon-Tours,K,,2026-10-07 14:51:00+00:00,2026-10-07 14:47:30+00:00,,True,-3.5,2026-10-07 16:43:54.038000+02:00,2026-10-07 16:51:00+02:00,2026-10-07 16:47:30+02:00,2026-10-07,16,Wednesday,False,7.099366666666667
20261007_144347,2026-10-07 14:43:54.505000+00:00,Lugano,local,ch:1:sloid:5380,"Lugano, Stazione",ch:1:sloid:5380::407002,2026-10-07,ch:1:sjyid:100754:d5dbc506-c410-4eb9-89ff-ce62ea95f9ee,bus,Bus,4,4,4169,"Lugano, Centro","Canobbio, Ganna",B,,2026-10-07 14:29:00+00:00,2026-10-07 14:44:48+00:00,,True,15.8,2026-10-07 16:43:54.505000+02:00,2026-10-07 16:29:00+02:00,2026-10-07 16:44:48+02:00,2026-10-07,16,Wednesday,False,-14.908416666666666
20261007_144347,2026-10-07 14:43:54.505000+00:00,Lugano,local,ch:1:sloid:5380,"Lugano, Stazione",ch:1:sloid:5380::407002,2026-10-07,ch:1:sjyid:100754:55c34603-8c2a-4ebf-b108-6be7c59729de,bus,Bus,4,4,4173,"Lugano, Centro","Canobbio, Ganna",B,,2026-10-07 14:44:00+00:00,2026-10-07 14:44:00+00:00,,True,0.0,2026-10-07 16:43:54.505000+02:00,2026-10-07 16:44:00+02:00,2026-10-07 16:44:00+02:00,2026-10-07,16,Wednesday,False,0.09158333333333334
20261007_144347,2026-10-07 14:43:54.505000+00:00,Lugano,local,ch:1:sloid:5380,"Lugano, Stazione",ch:1:sloid:5380::407001,2026-10-07,ch:1:sjyid:100754:302c7339-5a0d-4379-8a5e-a95fdceca227,bus,Bus,4,4,4178,"Canobbio, Ganna","Lugano, Centro",A,,2026-10-07 14:46:00+00:00,2026-10-07 14:49:36+00:00,,True,3.6,2026-10-07 16:43:54.505000+02:00,2026-10-07 16:46:00+02:00,2026-10-07 16:49:36+02:00,2026-10-07,16,Wednesday,False,2.0915833333333333
20261007_144347,2026-10-07 14:43:54.505000+00:00,Lugano,local,ch:1:sloid:5380,"Lugano, Stazione",ch:1:sloid:5380::407001,2026-10-07,ch:1:sjyid:100754:b92752a6-3f50-42d8-a74f-e7178ad44849,bus,Bus,6,6,6193,"Lugano, Stazione","Lugano, Cornaredo",A,,2026-10-07 14:50:00+00:00,2026-10-07 14:50:00+00:00,,True,0.0,2026-10-07 16:43:54.505000+02:00,2026-10-07 16:50:00+02:00,2026-10-07 16:50:00+02:00,2026-10-07,16,Wednesday,False,6.091583333333333
20261007_144347,2026-10-07 14:43:54.505000+00:00,Lugano,local,ch:1:sloid:5380,"Lugano, Stazione",ch:1:sloid:5380::407001,2026-10-07,ch:1:sjyid:100754:5d89d3ef-aa05-4834-bb68-7aa8cc5ab4df,bus,Bus,2,2,2200,"Castagnola, Capolinea","Paradiso, Carzo",A,,2026-10-07 14:50:00+00:00,2026-10-07 14:50:18+00:00,,True,0.3,2026-10-07 16:43:54.505000+02:00,2026-10-07 16:50:00+02:00,2026-10-07 16:50:18+02:00,2026-10-07,16,Wednesday,False,6.091583333333333
20261007_144347,2026-10-07 14:43:54.505000+00:00,Lugano,local,ch:1:sloid:5380,"Lugano, Stazione",ch:1:sloid:5380::407002,2026-10-07,ch:1:sjyid:100754:ffa9f09f-19c9-4b45-b1db-0528614e758e,bus,Bus,4,4,4177,"Lugano, Centro","Canobbio, Ganna",B,,2026-10-07 14:59:00+00:00,2026-10-07 15:03:06+00:00,,True,4.1,2026-10-07 16:43:54.505000+02:00,2026-10-07 16:59:00+02:00,2026-10-07 17:03:06+02:00,2026-10-07,16,Wednesday,False,15.091583333333334
20261007_144347,2026-10-07 14:43:54.505000+00:00,Lugano,local,ch:1:sloid:5380,"Lugano, Stazione",ch:1:sloid:5380::407001,2026-10-07,ch:1:sjyid:100754:9e223199-013a-4d4e-83f2-9ae4df64462c,bus,Bus,6,6,6197,"Lugano, Stazione","Lugano, Cornaredo",A,,2026-10-07 15:00:00+00:00,2026-10-07 15:00:00+00:00,,True,0.0,2026-10-07 16:43:54.505000+02:00,2026-10-07 17:00:00+02:00,2026-10-07 17:00:00+02:00,2026-10-07,17,Wednesday,False,16.091583333333332
20261007_144347,2026-10-07 14:43:54.505000+00:00,Lugano,local,ch:1:sloid:5380,"Lugano, Stazione",ch:1:sloid:5380::407001,2026-10-07,ch:1:sjyid:100754:855d3c09-a949-43df-a1a6-360b99a5e59e,bus,Bus,4,4,4182,"Canobbio, Ganna","Lugano, Centro",A,,2026-10-07 15:01:00+00:00,2026-10-07 15:01:00+00:00,,True,0.0,2026-10-07 16:43:54.505000+02:00,2026-10-07 17:01:00+02:00,2026-10-07 17:01:00+02:00,2026-10-07,17,Wednesday,False,17.091583333333332
20261007_144347,2026-10-07 14:43:54.505000+00:00,Lugano,local,ch:1:sloid:5380,"Lugano, Stazione",ch:1:sloid:5380::407001,2026-10-07,ch:1:sjyid:100754:f63bfa35-a1ee-4e61-b29c-254f5a1ddd4f,bus,Bus,2,2,2206,"Castagnola, Capolinea","Paradiso, Carzo",A,,2026-10-07 15:05:00+00:00,2026-10-07 15:05:00+00:00,,True,0.0,2026-10-07 16:43:54.505000+02:00,2026-10-07 17:05:00+02:00,2026-10-07 17:05:00+02:00,2026-10-07,17,Wednesday,False,21.091583333333332
20261007_144347,2026-10-07 14:43:54.505000+00:00,Lugano,local,ch:1:sloid:5380,"Lugano, Stazione",ch:1:sloid:5380::407001,2026-10-07,ch:1:sjyid:100754:27312f01-b20b-4cbd-98c9-c3de5f1e9536,bus,Bus,6,6,6201,"Lugano, Stazione","Lugano, Cornaredo",A,,2026-10-07 15:10:00+00:00,2026-10-07 15:10:00+00:00,,True,0.0,2026-10-07 16:43:54.505000+02:00,2026-10-07 17:10:00+02:00,2026-10-07 17:10:00+02:00,2026-10-07,17,Wednesday,False,26.091583333333332
20261007_144347,2026-10-07 14:43:54.505000+00:00,Lugano,local,ch:1:sloid:5380,"Lugano, Stazione",ch:1:sloid:5380::407002,2026-10-07,ch:1:sjyid:100754:30091358-eeae-4f4f-bcbb-98699eb645a3,bus,Bus,4,4,4181,"Lugano, Centro","Canobbio, Ganna",B,,2026-10-07 15:14:00+00:00,2026-10-07 15:14:00+00:00,,True,0.0,2026-10-07 16:43:54.505000+02:00,2026-10-07 17:14:00+02:00,2026-10-07 17:14:00+02:00,2026-10-07,17,Wednesday,False,30.091583333333332
20261007_144347,2026-10-07 14:43:54.505000+00:00,Lugano,local,ch:1:sloid:5380,"Lugano, Stazione",ch:1:sloid:5380::407001,2026-10-07,ch:1:sjyid:100754:92499b54-b0b7-47b6-87e3-9b1891b6eaa2,bus,Bus,4,4,4186,"Canobbio, Ganna","Lugano, Centro",A,,2026-10-07 15:16:00+00:00,2026-10-07 15:16:00+00:00,,True,0.0,2026-10-07 16:43:54.505000+02:00,2026-10-07 17:16:00+02:00,2026-10-07 17:16:00+02:00,2026-10-07,17,Wednesday,False,32.09158333333333
20261007_144347,2026-10-07 14:43:54.505000+00:00,Lugano,local,ch:1:sloid:5380,"Lugano, Stazione",ch:1:sloid:5380::407001,2026-10-07,ch:1:sjyid:100754:d01d5b1b-8851-4b51-bd33-3224aefd76a1,bus,Bus,6,6,6203,"Lugano, Stazione","Lugano, Cornaredo",A,,2026-10-07 15:20:00+00:00,,,False,,2026-10-07 16:43:54.505000+02:00,2026-10-07 17:20:00+02:00,,2026-10-07,17,Wednesday,False,36.09158333333333
20261007_144347,2026-10-07 14:43:54.505000+00:00,Lugano,local,ch:1:sloid:5380,"Lugano, Stazione",ch:1:sloid:5380::407001,2026-10-07,ch:1:sjyid:100754:505483af-cfd2-4085-94ce-df5b88445009,bus,Bus,2,2,2212,"Castagnola, Capolinea","Paradiso, Carzo",A,,2026-10-07 15:20:00+00:00,2026-10-07 15:20:00+00:00,,True,0.0,2026-10-07 16:43:54.505000+02:00,2026-10-07 17:20:00+02:00,2026-10-07 17:20:00+02:00,2026-10-07,17,Wednesday,False,36.09158333333333
20261007_144347,2026-10-07 14:43:54.505000+00:00,Lugano,local,ch:1:sloid:5380,"Lugano, Stazione",ch:1:sloid:5380::407002,2026-10-07,ch:1:sjyid:100754:45201cf1-af81-4cc5-a64b-52a2382baa09,bus,Bus,4,4,4185,"Lugano, Centro","Canobbio, Ganna",B,,2026-10-07 15:29:00+00:00,2026-10-07 15:29:00+00:00,,True,0.0,2026-10-07 16:43:54.505000+02:00,2026-10-07 17:29:00+02:00,2026-10-07 17:29:00+02:00,2026-10-07,17,Wednesday,False,45.09158333333333
20261007_144347,2026-10-07 14:43:54.505000+00:00,Lugano,local,ch:1:sloid:5380,"Lugano, Stazione",ch:1:sloid:5380::407001,2026-10-07,ch:1:sjyid:100754:7322d1a1-53ae-451e-adc5-bd7a678fda90,bus,Bus,6,6,6207,"Lugano, Stazione","Lugano, Cornaredo",A,,2026-10-07 15:30:00+00:00,,,False,,2026-10-07 16:43:54.505000+02:00,2026-10-07 17:30:00+02:00,,2026-10-07,17,Wednesday,False,46.09158333333333
20261007_144347,2026-10-07 14:43:54.505000+00:00,Lugano,local,ch:1:sloid:5380,"Lugano, Stazione",ch:1:sloid:5380::407001,2026-10-07,ch:1:sjyid:100754:c448f144-ac14-4322-ad94-6245af216e6b,bus,Bus,4,4,4190,"Canobbio, Ganna","Lugano, Centro",A,,2026-10-07 15:31:00+00:00,2026-10-07 15:31:00+00:00,,True,0.0,2026-10-07 16:43:54.505000+02:00,2026-10-07 17:31:00+02:00,2026-10-07 17:31:00+02:00,2026-10-07,17,Wednesday,False,47.09158333333333
20261007_144347,2026-10-07 14:43:54.505000+00:00,Lugano,local,ch:1:sloid:5380,"Lugano, Stazione",ch:1:sloid:5380::407001,2026-10-07,ch:1:sjyid:100754:77084fa5-c63f-4e32-8c0d-62f6be528314,bus,Bus,2,2,2218,"Castagnola, Capolinea","Paradiso, Carzo",A,,2026-10-07 15:35:00+00:00,2026-10-07 15:35:00+00:00,,True,0.0,2026-10-07 16:43:54.505000+02:00,2026-10-07 17:35:00+02:00,2026-10-07 17:35:00+02:00,2026-10-07,17,Wednesday,False,51.09158333333333
20261007_144347,2026-10-07 14:43:54.505000+00:00,Lugano,local,ch:1:sloid:5380,"Lugano, Stazione",ch:1:sloid:5380::407001,2026-10-07,ch:1:sjyid:100754:045e8d7d-15c2-4d6b-be92-1f2541668dc8,bus,Bus,6,6,6211,"Lugano, Stazione","Lugano, Cornaredo",A,,2026-10-07 15:40:00+00:00,,,False,,2026-10-07 16:43:54.505000+02:00,2026-10-07 17:40:00+02:00,,2026-10-07,17,Wednesday,False,56.09158333333333
20261007_144347,2026-10-07 14:43:54.505000+00:00,Lugano,local,ch:1:sloid:5380,"Lugano, Stazione",ch:1:sloid:5380::407002,2026-10-07,ch:1:sjyid:100754:e1329874-91b9-4445-b825-9929fc35826b,bus,Bus,4,4,4189,"Lugano, Centro","Canobbio, Ganna",B,,2026-10-07 15:44:00+00:00,2026-10-07 15:44:00+00:00,,True,0.0,2026-10-07 16:43:54.505000+02:00,2026-10-07 17:44:00+02:00,2026-10-07 17:44:00+02:00,2026-10-07,17,Wednesday,False,60.09158333333333
20261007_144347,2026-10-07 14:43:54.505000+00:00,Lugano,local,ch:1:sloid:5380,"Lugano, Stazione",ch:1:sloid:5380::407001,2026-10-07,ch:1:sjyid:100754:86359558-ac0b-4f16-864d-917f4820d6db,bus,Bus,4,4,4194,"Canobbio, Ganna","Lugano, Centro",A,,2026-10-07 15:46:00+00:00,2026-10-07 15:46:00+00:00,,True,0.0,2026-10-07 16:43:54.505000+02:00,2026-10-07 17:46:00+02:00,2026-10-07 17:46:00+02:00,2026-10-07,17,Wednesday,False,62.09158333333333
20261007_144347,2026-10-07 14:43:54.505000+00:00,Lugano,local,ch:1:sloid:5380,"Lugano, Stazione",ch:1:sloid:5380::407001,2026-10-07,ch:1:sjyid:100754:d7e89546-0ede-49fb-8969-1fc3bc27a5f1,bus,Bus,6,6,6213,"Lugano, Stazione","Lugano, Cornaredo",A,,2026-10-07 15:50:00+00:00,,,False,,2026-10-07 16:43:54.505000+02:00,2026-10-07 17:50:00+02:00,,2026-10-07,17,Wednesday,False,66.09158333333333
20261007_144347,2026-10-07 14:43:54.505000+00:00,Lugano,local,ch:1:sloid:5380,"Lugano, Stazione",ch:1:sloid:5380::407001,2026-10-07,ch:1:sjyid:100754:6634a7cc-af39-4451-a198-f64c49625b39,bus,Bus,2,2,2224,"Castagnola, Capolinea","Paradiso, Carzo",A,,2026-10-07 15:50:00+00:00,2026-10-07 15:50:00+00:00,,True,0.0,2026-10-07 16:43:54.505000+02:00,2026-10-07 17:50:00+02:00,2026-10-07 17:50:00+02:00,2026-10-07,17,Wednesday,False,66.09158333333333
20261007_144347,2026-10-07 14:43:54.505000+00:00,Lugano,local,ch:1:sloid:5380,"Lugano, Stazione",ch:1:sloid:5380::407002,2026-10-07,ch:1:sjyid:100754:f5e557d2-72b3-41a4-b74d-dfd378f96941,bus,Bus,4,4,4193,"Lugano, Centro","Canobbio, Ganna",B,,2026-10-07 15:59:00+00:00,2026-10-07 15:59:00+00:00,,True,0.0,2026-10-07 16:43:54.505000+02:00,2026-10-07 17:59:00+02:00,2026-10-07 17:59:00+02:00,2026-10-07,17,Wednesday,False,75.09158333333333
20261007_144347,2026-10-07 14:43:54.505000+00:00,Lugano,local,ch:1:sloid:5380,"Lugano, Stazione",ch:1:sloid:5380::407001,2026-10-07,ch:1:sjyid:100754:a0482922-0f8e-44bb-b82a-bfcf2dacfa19,bus,Bus,6,6,6217,"Lugano, Stazione","Lugano, Cornaredo",A,,2026-10-07 16:00:00+00:00,,,False,,2026-10-07 16:43:54.505000+02:00,2026-10-07 18:00:00+02:00,,2026-10-07,18,Wednesday,False,76.09158333333333
20261007_144347,2026-10-07 14:43:54.505000+00:00,Lugano,local,ch:1:sloid:5380,"Lugano, Stazione",ch:1:sloid:5380::407001,2026-10-07,ch:1:sjyid:100754:e3bd8e25-2e16-48a7-96f0-cf03a35943f1,bus,Bus,4,4,4198,"Canobbio, Ganna","Lugano, Centro",A,,2026-10-07 16:01:00+00:00,2026-10-07 16:01:00+00:00,,True,0.0,2026-10-07 16:43:54.505000+02:00,2026-10-07 18:01:00+02:00,2026-10-07 18:01:00+02:00,2026-10-07,18,Wednesday,False,77.09158333333333
20261007_144347,2026-10-07 14:43:54.505000+00:00,Lugano,local,ch:1:sloid:5380,"Lugano, Stazione",ch:1:sloid:5380::407001,2026-10-07,ch:1:sjyid:100754:8e58f10d-199d-4b16-b286-b1b2cc600627,bus,Bus,2,2,2230,"Castagnola, Capolinea","Paradiso, Carzo",A,,2026-10-07 16:05:00+00:00,2026-10-07 16:05:00+00:00,,True,0.0,2026-10-07 16:43:54.505000+02:00,2026-10-07 18:05:00+02:00,2026-10-07 18:05:00+02:00,2026-10-07,18,Wednesday,False,81.09158333333333
20261007_144347,2026-10-07 14:43:54.505000+00:00,Lugano,local,ch:1:sloid:5380,"Lugano, Stazione",ch:1:sloid:5380::407001,2026-10-07,ch:1:sjyid:100754:b3aaf53d-3bd4-466d-9a62-3db5bc4d6703,bus,Bus,6,6,6221,"Lugano, Stazione","Lugano, Cornaredo",A,,2026-10-07 16:10:00+00:00,,,False,,2026-10-07 16:43:54.505000+02:00,2026-10-07 18:10:00+02:00,,2026-10-07,18,Wednesday,False,86.09158333333333
20261007_144347,2026-10-07 14:43:54.505000+00:00,Lugano,local,ch:1:sloid:5380,"Lugano, Stazione",ch:1:sloid:5380::407002,2026-10-07,ch:1:sjyid:100754:2acc3dc7-7a92-4e6d-b491-ba4903994921,bus,Bus,4,4,4197,"Lugano, Centro","Canobbio, Ganna",B,,2026-10-07 16:14:00+00:00,,,False,,2026-10-07 16:43:54.505000+02:00,2026-10-07 18:14:00+02:00,,2026-10-07,18,Wednesday,False,90.09158333333333
20261007_144347,2026-10-07 14:43:54.505000+00:00,Lugano,local,ch:1:sloid:5380,"Lugano, Stazione",ch:1:sloid:5380::407001,2026-10-07,ch:1:sjyid:100754:a946d797-6c21-446c-8d2c-b71d52c97f87,bus,Bus,4,4,4202,"Canobbio, Ganna","Lugano, Centro",A,,2026-10-07 16:16:00+00:00,2026-10-07 16:16:00+00:00,,True,0.0,2026-10-07 16:43:54.505000+02:00,2026-10-07 18:16:00+02:00,2026-10-07 18:16:00+02:00,2026-10-07,18,Wednesday,False,92.09158333333333
