batch_id,collection_timestamp,city,station_type,station_id,station_name,stop_point_ref,operating_day,journey_ref,transport_mode,product_category,public_code,line,train_number,origin,destination,planned_platform,estimated_platform,scheduled_departure,estimated_departure,cancelled,has_realtime,predicted_delay_minutes,collection_timestamp_local,scheduled_departure_local,estimated_departure_local,date,hour,weekday,weekend,minutes_until_departure
20261001_070901,2026-10-01 07:09:01.104000+00:00,Zürich,rail,ch:1:sloid:3000,Zürich HB,ch:1:sloid:3000:503:43,2026-10-01,ch:1:sjyid:100001:19533-001,rail,S-Bahn,S15,S15,19533,Niederweningen,Rapperswil SG,43/44,43,2026-10-01 07:09:00+00:00,2026-10-01 07:10:12+00:00,,True,1.2,2026-10-01 09:09:01.104000+02:00,2026-10-01 09:09:00+02:00,2026-10-01 09:10:12+02:00,2026-10-01,9,Thursday,False,-0.018400000000000003
20261001_070901,2026-10-01 07:09:01.104000+00:00,Zürich,rail,ch:1:sloid:3000,Zürich HB,ch:1:sloid:3000:502:42,2026-10-01,ch:1:sjyid:100001:18532-001,rail,S-Bahn,S5,S5,18532,Pfäffikon SZ,Zug,41/42,42,2026-10-01 07:09:00+00:00,2026-10-01 07:09:18+00:00,,True,0.3,2026-10-01 09:09:01.104000+02:00,2026-10-01 09:09:00+02:00,2026-10-01 09:09:18+02:00,2026-10-01,9,Thursday,False,-0.018400000000000003
20261001_070901,2026-10-01 07:09:01.104000+00:00,Zürich,rail,ch:1:sloid:3000,Zürich HB,ch:1:sloid:3000:4:6,2026-10-01,ch:1:sjyid:100001:2617-001,rail,InterRegio,IR70,IR70,2617,Zürich HB,Luzern,6,,2026-10-01 07:10:00+00:00,2026-10-01 07:10:30+00:00,,True,0.5,2026-10-01 09:09:01.104000+02:00,2026-10-01 09:10:00+02:00,2026-10-01 09:10:30+02:00,2026-10-01,9,Thursday,False,0.9816
20261001_070901,2026-10-01 07:09:01.104000+00:00,Zürich,rail,ch:1:sloid:3000,Zürich HB,ch:1:sloid:3000:500:32,2026-10-01,ch:1:sjyid:100001:2064-001,rail,InterRegio,IR36,IR36,2064,Zürich Flughafen,Basel SBB,32,,2026-10-01 07:10:00+00:00,2026-10-01 07:10:30+00:00,,True,0.5,2026-10-01 09:09:01.104000+02:00,2026-10-01 09:10:00+02:00,2026-10-01 09:10:30+02:00,2026-10-01,9,Thursday,False,0.9816
20261001_070901,2026-10-01 07:09:01.104000+00:00,Zürich,rail,ch:1:sloid:3000,Zürich HB,ch:1:sloid:3000:500:31,2026-10-01,ch:1:sjyid:100001:19932-001,rail,S-Bahn,S19,S19,19932,Effretikon,Dietikon,31,,2026-10-01 07:11:00+00:00,2026-10-01 07:11:48+00:00,,True,0.8,2026-10-01 09:09:01.104000+02:00,2026-10-01 09:11:00+02:00,2026-10-01 09:11:48+02:00,2026-10-01,9,Thursday,False,1.9816
20261001_070901,2026-10-01 07:09:01.104000+00:00,Zürich,rail,ch:1:sloid:3000,Zürich HB,ch:1:sloid:3000:503:43,2026-10-01,ch:1:sjyid:100001:18733-001,rail,S-Bahn,S7,S7,18733,Winterthur,Rapperswil SG,43/44,44,2026-10-01 07:11:00+00:00,2026-10-01 07:12:30+00:00,,True,1.5,2026-10-01 09:09:01.104000+02:00,2026-10-01 09:11:00+02:00,2026-10-01 09:12:30+02:00,2026-10-01,9,Thursday,False,1.9816
20261001_070901,2026-10-01 07:09:01.104000+00:00,Zürich,rail,ch:1:sloid:3000,Zürich HB,ch:1:sloid:3000:501:33,2026-10-01,ch:1:sjyid:100001:19433-001,rail,S-Bahn,S14,S14,19433,Affoltern am Albis,Hinwil,33,,2026-10-01 07:12:00+00:00,2026-10-01 07:12:30+00:00,,True,0.5,2026-10-01 09:09:01.104000+02:00,2026-10-01 09:12:00+02:00,2026-10-01 09:12:30+02:00,2026-10-01,9,Thursday,False,2.9816
20261001_070901,2026-10-01 07:09:01.104000+00:00,Zürich,rail,ch:1:sloid:3000,Zürich HB,ch:1:sloid:3000:6:10,2026-10-01,ch:1:sjyid:100001:2361-001,rail,InterRegio,IR35,IR35,2361,Bern,Chur,10,,2026-10-01 07:12:00+00:00,2026-10-01 07:13:00+00:00,,True,1.0,2026-10-01 09:09:01.104000+02:00,2026-10-01 09:12:00+02:00,2026-10-01 09:13:00+02:00,2026-10-01,9,Thursday,False,2.9816
20261001_070901,2026-10-01 07:09:01.104000+00:00,Zürich,rail,ch:1:sloid:3000,Zürich HB,ch:1:sloid:3000:501:34,2026-10-01,ch:1:sjyid:100001:18232-001,rail,S-Bahn,S2,S2,18232,Ziegelbrücke,Zürich Flughafen,34,,2026-10-01 07:14:00+00:00,2026-10-01 07:14:18+00:00,,True,0.3,2026-10-01 09:09:01.104000+02:00,2026-10-01 09:14:00+02:00,2026-10-01 09:14:18+02:00,2026-10-01,9,Thursday,False,4.9816
20261001_070901,2026-10-01 07:09:01.104000+00:00,Zürich,rail,ch:1:sloid:3000,Zürich HB,ch:1:sloid:3000:2:3,2026-10-01,ch:1:sjyid:100001:20432-001,rail,S-Bahn,S24,S24,20432,Zug,Weinfelden,3,,2026-10-01 07:14:00+00:00,2026-10-01 07:14:18+00:00,,True,0.3,2026-10-01 09:09:01.104000+02:00,2026-10-01 09:14:00+02:00,2026-10-01 09:14:18+02:00,2026-10-01,9,Thursday,False,4.9816
20261001_070901,2026-10-01 07:09:01.104000+00:00,Zürich,rail,ch:1:sloid:3000,Zürich HB,ch:1:sloid:3000:502:42,2026-10-01,ch:1:sjyid:100001:19232-001,rail,S-Bahn,S12,S12,19232,Wil SG,Brugg AG,41/42,41,2026-10-01 07:14:00+00:00,2026-10-01 07:14:18+00:00,,True,0.3,2026-10-01 09:09:01.104000+02:00,2026-10-01 09:14:00+02:00,2026-10-01 09:14:18+02:00,2026-10-01,9,Thursday,False,4.9816
20261001_070901,2026-10-01 07:09:01.104000+00:00,Zürich,rail,ch:1:sloid:3000,Zürich HB,ch:1:sloid:3000:503:43,2026-10-01,ch:1:sjyid:100001:19633-001,rail,S-Bahn,S16,S16,19633,Zürich Flughafen,Herrliberg-Feldmeilen,43/44,,2026-10-01 07:15:00+00:00,2026-10-01 07:15:36+00:00,,True,0.6,2026-10-01 09:09:01.104000+02:00,2026-10-01 09:15:00+02:00,2026-10-01 09:15:36+02:00,2026-10-01,9,Thursday,False,5.9816
20261001_070901,2026-10-01 07:09:01.104000+00:00,Zürich,rail,ch:1:sloid:3000,Zürich HB,ch:1:sloid:3000:503:43,2026-10-01,ch:1:sjyid:100001:19233-001,rail,S-Bahn,S12,S12,19233,Brugg AG,Schaffhausen,43/44,,2026-10-01 07:16:00+00:00,2026-10-01 07:17:00+00:00,,True,1.0,2026-10-01 09:09:01.104000+02:00,2026-10-01 09:16:00+02:00,2026-10-01 09:17:00+02:00,2026-10-01,9,Thursday,False,6.9816
20261001_070901,2026-10-01 07:09:01.104000+00:00,Zürich,rail,ch:1:sloid:3000,Zürich HB,ch:1:sloid:3000:502:42,2026-10-01,ch:1:sjyid:100001:19632-001,rail,S-Bahn,S16,S16,19632,Herrliberg-Feldmeilen,Zürich Flughafen,41/42,,2026-10-01 07:16:00+00:00,2026-10-01 07:16:18+00:00,,True,0.3,2026-10-01 09:09:01.104000+02:00,2026-10-01 09:16:00+02:00,2026-10-01 09:16:18+02:00,2026-10-01,9,Thursday,False,6.9816
20261001_070901,2026-10-01 07:09:01.104000+00:00,Zürich,rail,ch:1:sloid:3000,Zürich HB,ch:1:sloid:3000:500:32,2026-10-01,ch:1:sjyid:100001:18233-001,rail,S-Bahn,S2,S2,18233,Zürich Flughafen,Ziegelbrücke,32,,2026-10-01 07:17:00+00:00,2026-10-01 07:18:00+00:00,,True,1.0,2026-10-01 09:09:01.104000+02:00,2026-10-01 09:17:00+02:00,2026-10-01 09:18:00+02:00,2026-10-01,9,Thursday,False,7.9816
20261001_070901,2026-10-01 07:09:01.104000+00:00,Zürich,rail,ch:1:sloid:3000,Zürich HB,ch:1:sloid:3000:500:31,2026-10-01,ch:1:sjyid:100001:19432-001,rail,S-Bahn,S14,S14,19432,Hinwil,Affoltern am Albis,31,,2026-10-01 07:19:00+00:00,2026-10-01 07:20:00+00:00,,True,1.0,2026-10-01 09:09:01.104000+02:00,2026-10-01 09:19:00+02:00,2026-10-01 09:20:00+02:00,2026-10-01,9,Thursday,False,9.981599999999998
20261001_070901,2026-10-01 07:09:01.104000+00:00,Zürich,rail,ch:1:sloid:3000,Zürich HB,ch:1:sloid:3000:501:33,2026-10-01,ch:1:sjyid:100001:19933-001,rail,S-Bahn,S19,S19,19933,Dietikon,Effretikon,33,,2026-10-01 07:19:00+00:00,2026-10-01 07:19:18+00:00,,True,0.3,2026-10-01 09:09:01.104000+02:00,2026-10-01 09:19:00+02:00,2026-10-01 09:19:18+02:00,2026-10-01,9,Thursday,False,9.981599999999998
20261001_070901,2026-10-01 07:09:01.104000+00:00,Zürich,rail,ch:1:sloid:3000,Zürich HB,ch:1:sloid:3000:502:42,2026-10-01,ch:1:sjyid:100001:18732-001,rail,S-Bahn,S7,S7,18732,Rapperswil SG,Winterthur,41/42,,2026-10-01 07:19:00+00:00,2026-10-01 07:19:42+00:00,,True,0.7,2026-10-01 09:09:01.104000+02:00,2026-10-01 09:19:00+02:00,2026-10-01 09:19:42+02:00,2026-10-01,9,Thursday,False,9.981599999999998
20261001_070901,2026-10-01 07:09:01.104000+00:00,Zürich,rail,ch:1:sloid:3000,Zürich HB,ch:1:sloid:3000:3:4,2026-10-01,ch:1:sjyid:100001:20433-001,rail,S-Bahn,S24,S24,20433,Schaffhausen,Zug,4,,2026-10-01 07:21:00+00:00,2026-10-01 07:21:18+00:00,,True,0.3,2026-10-01 09:09:01.104000+02:00,2026-10-01 09:21:00+02:00,2026-10-01 09:21:18+02:00,2026-10-01,9,Thursday,False,11.981599999999998
20261001_070901,2026-10-01 07:09:01.104000+00:00,Zürich,rail,ch:1:sloid:3000,Zürich HB,ch:1:sloid:3000:502:42,2026-10-01,ch:1:sjyid:100001:19532-001,rail,S-Bahn,S15,S15,19532,Rapperswil SG,Niederweningen,41/42,,2026-10-01 07:22:00+00:00,2026-10-01 07:22:24+00:00,,True,0.4,2026-10-01 09:09:01.104000+02:00,2026-10-01 09:22:00+02:00,2026-10-01 09:22:24+02:00,2026-10-01,9,Thursday,False,12.981599999999998
20261001_070901,2026-10-01 07:09:01.104000+00:00,Zürich,rail,ch:1:sloid:3000,Zürich HB,ch:1:sloid:3000:503:43,2026-10-01,ch:1:sjyid:100001:18533-001,rail,S-Bahn,S5,S5,18533,Zug,Pfäffikon SZ,43/44,,2026-10-01 07:24:00+00:00,2026-10-01 07:24:18+00:00,,True,0.3,2026-10-01 09:09:01.104000+02:00,2026-10-01 09:24:00+02:00,2026-10-01 09:24:18+02:00,2026-10-01,9,Thursday,False,14.981599999999998
20261001_070901,2026-10-01 07:09:01.104000+00:00,Zürich,rail,ch:1:sloid:3000,Zürich HB,ch:1:sloid:3000:501:33,2026-10-01,ch:1:sjyid:100001:18832-001,rail,S-Bahn,S8,S8,18832,Pfäffikon SZ,Winterthur,33,,2026-10-01 07:25:00+00:00,2026-10-01 07:25:18+00:00,,True,0.3,2026-10-01 09:09:01.104000+02:00,2026-10-01 09:25:00+02:00,2026-10-01 09:25:18+02:00,2026-10-01,9,Thursday,False,15.981599999999998
20261001_070901,2026-10-01 07:09:01.104000+00:00,Zürich,rail,ch:1:sloid:3000,Zürich HB,ch:1:sloid:3000:502:42,2026-10-01,ch:1:sjyid:100001:18332-001,rail,S-Bahn,S3,S3,18332,Wetzikon ZH,Zürich Hardbrücke,41/42,,2026-10-01 07:26:00+00:00,2026-10-01 07:27:18+00:00,,True,1.3,2026-10-01 09:09:01.104000+02:00,2026-10-01 09:26:00+02:00,2026-10-01 09:27:18+02:00,2026-10-01,9,Thursday,False,16.9816
20261001_070901,2026-10-01 07:09:01.104000+00:00,Zürich,rail,ch:1:sloid:3000,Zürich HB,ch:1:sloid:3000:503:43,2026-10-01,ch:1:sjyid:100001:18933-001,rail,S-Bahn,S9,S9,18933,Schaffhausen,Uster,43/44,,2026-10-01 07:28:00+00:00,2026-10-01 07:28:18+00:00,,True,0.3,2026-10-01 09:09:01.104000+02:00,2026-10-01 09:28:00+02:00,2026-10-01 09:28:18+02:00,2026-10-01,9,Thursday,False,18.9816
20261001_070901,2026-10-01 07:09:01.104000+00:00,Zürich,rail,ch:1:sloid:3000,Zürich HB,ch:1:sloid:3000:10:18,2026-10-01,ch:1:sjyid:100001:1764-001,rail,InterRegio,IR55,IR55,1764,Zürich HB,Biel/Bienne,18,,2026-10-01 07:29:00+00:00,2026-10-01 07:29:24+00:00,,True,0.4,2026-10-01 09:09:01.104000+02:00,2026-10-01 09:29:00+02:00,2026-10-01 09:29:24+02:00,2026-10-01,9,Thursday,False,19.9816
20261001_070901,2026-10-01 07:09:01.104000+00:00,Zürich,rail,ch:1:sloid:3000,Zürich HB,ch:1:sloid:3000:502:42,2026-10-01,ch:1:sjyid:100001:19134-002,rail,S-Bahn,S11,S11,19134,Wila,Aarau,41/42,,2026-10-01 07:29:00+00:00,2026-10-01 07:30:06+00:00,,True,1.1,2026-10-01 09:09:01.104000+02:00,2026-10-01 09:29:00+02:00,2026-10-01 09:30:06+02:00,2026-10-01,9,Thursday,False,19.9816
20261001_070901,2026-10-01 07:09:01.104000+00:00,Zürich,rail,ch:1:sloid:3000,Zürich HB,ch:1:sloid:3000:503:43,2026-10-01,ch:1:sjyid:100001:18633-001,rail,S-Bahn,S6,S6,18633,Baden,Uetikon,43/44,,2026-10-01 07:30:00+00:00,2026-10-01 07:30:30+00:00,,True,0.5,2026-10-01 09:09:01.104000+02:00,2026-10-01 09:30:00+02:00,2026-10-01 09:30:30+02:00,2026-10-01,9,Thursday,False,20.9816
20261001_070901,2026-10-01 07:09:01.104000+00:00,Zürich,rail,ch:1:sloid:3000,Zürich HB,ch:1:sloid:3000:503:43,2026-10-01,ch:1:sjyid:100001:19135-001,rail,S-Bahn,S11,S11,19135,Aarau,Sennhof-Kyburg,43/44,,2026-10-01 07:31:00+00:00,2026-10-01 07:32:00+00:00,,True,1.0,2026-10-01 09:09:01.104000+02:00,2026-10-01 09:31:00+02:00,2026-10-01 09:32:00+02:00,2026-10-01,9,Thursday,False,21.9816
20261001_070901,2026-10-01 07:09:01.104000+00:00,Zürich,rail,ch:1:sloid:3000,Zürich HB,ch:1:sloid:3000:502:42,2026-10-01,ch:1:sjyid:100001:18634-001,rail,S-Bahn,S6,S6,18634,Uetikon,Baden,41/42,,2026-10-01 07:31:00+00:00,2026-10-01 07:31:42+00:00,,True,0.7,2026-10-01 09:09:01.104000+02:00,2026-10-01 09:31:00+02:00,2026-10-01 09:31:42+02:00,2026-10-01,9,Thursday,False,21.9816
20261001_070901,2026-10-01 07:09:01.104000+00:00,Zürich,rail,ch:1:sloid:3000,Zürich HB,ch:1:sloid:3000:501:34,2026-10-01,ch:1:sjyid:100001:99-002,rail,EuroCity,EC,EC,99,Zürich HB,München Hbf,34,,2026-10-01 07:32:00+00:00,2026-10-01 07:32:00+00:00,,True,0.0,2026-10-01 09:09:01.104000+02:00,2026-10-01 09:32:00+02:00,2026-10-01 09:32:00+02:00,2026-10-01,9,Thursday,False,22.9816
20261001_070901,2026-10-01 07:09:02.009000+00:00,Bern,rail,ch:1:sloid:7000,Bern,ch:1:sloid:7000_gen:ch:1:sloid:7000:2:4_pf:4F-H,2026-10-01,ch:1:sjyid:100034:3812-001,rail,RegioExpress,RE2,RE2,3812,Bern,Broc-Chocolaterie,4F-H,,2026-10-01 07:09:00+00:00,2026-10-01 07:09:12+00:00,,True,0.2,2026-10-01 09:09:02.009000+02:00,2026-10-01 09:09:00+02:00,2026-10-01 09:09:12+02:00,2026-10-01,9,Thursday,False,-0.03348333333333333
20261001_070901,2026-10-01 07:09:02.009000+00:00,Bern,rail,ch:1:sloid:7000,Bern,ch:1:sloid:7000:501:23,2026-10-01,ch:1:sjyid:100066:SKI-8091,rail,S-Bahn,S8,S8,8091,Bern,Bätterkinden,23,,2026-10-01 07:09:00+00:00,2026-10-01 07:09:00+00:00,,True,0.0,2026-10-01 09:09:02.009000+02:00,2026-10-01 09:09:00+02:00,2026-10-01 09:09:00+02:00,2026-10-01,9,Thursday,False,-0.03348333333333333
20261001_070901,2026-10-01 07:09:02.009000+00:00,Bern,rail,ch:1:sloid:7000,Bern,ch:1:sloid:7000:55:49,2026-10-01,ch:1:sjyid:100015:3333-001,rail,InterRegio,IR65,IR65,3333,Bern,Biel/Bienne,49,,2026-10-01 07:12:00+00:00,2026-10-01 07:12:12+00:00,,True,0.2,2026-10-01 09:09:02.009000+02:00,2026-10-01 09:12:00+02:00,2026-10-01 09:12:12+02:00,2026-10-01,9,Thursday,False,2.9665166666666667
20261001_070901,2026-10-01 07:09:02.009000+00:00,Bern,rail,ch:1:sloid:7000,Bern,ch:1:sloid:7000_gen:ch:1:sloid:7000:0:1752_pf:5E-H,2026-10-01,ch:1:sjyid:100015:16428-001,rail,S-Bahn,S44,S44,16428,Burgdorf,Thun,5E-H,,2026-10-01 07:12:00+00:00,2026-10-01 07:12:42+00:00,,True,0.7,2026-10-01 09:09:02.009000+02:00,2026-10-01 09:12:00+02:00,2026-10-01 09:12:42+02:00,2026-10-01,9,Thursday,False,2.9665166666666667
20261001_070901,2026-10-01 07:09:02.009000+00:00,Bern,rail,ch:1:sloid:7000,Bern,ch:1:sloid:7000:4:7,2026-10-01,ch:1:sjyid:100015:15233-001,rail,S-Bahn,S2,S2,15233,Laupen BE,Langnau i.E.,7,,2026-10-01 07:12:00+00:00,2026-10-01 07:12:42+00:00,,True,0.7,2026-10-01 09:09:02.009000+02:00,2026-10-01 09:12:00+02:00,2026-10-01 09:12:42+02:00,2026-10-01,9,Thursday,False,2.9665166666666667
20261001_070901,2026-10-01 07:09:02.009000+00:00,Bern,rail,ch:1:sloid:7000,Bern,ch:1:sloid:7000_gen:ch:1:sloid:7000:1:21_pf:1E-H,2026-10-01,ch:1:sjyid:100015:15130-001,rail,S-Bahn,S1,S1,15130,Thun,Fribourg/Freiburg,1E-H,,2026-10-01 07:15:00+00:00,2026-10-01 07:17:36+00:00,,True,2.6,2026-10-01 09:09:02.009000+02:00,2026-10-01 09:15:00+02:00,2026-10-01 09:17:36+02:00,2026-10-01,9,Thursday,False,5.966516666666666
20261001_070901,2026-10-01 07:09:02.009000+00:00,Bern,rail,ch:1:sloid:7000,Bern,ch:1:sloid:7000:501:24,2026-10-01,ch:1:sjyid:100066:SKI-7093,rail,S-Bahn,S7,S7,7093,Bern,Worb Dorf,24,,2026-10-01 07:15:00+00:00,2026-10-01 07:15:00+00:00,,True,0.0,2026-10-01 09:09:02.009000+02:00,2026-10-01 09:15:00+02:00,2026-10-01 09:15:00+02:00,2026-10-01,9,Thursday,False,5.966516666666666
20261001_070901,2026-10-01 07:09:02.009000+00:00,Bern,rail,ch:1:sloid:7000,Bern,ch:1:sloid:7000:500:22,2026-10-01,ch:1:sjyid:100066:SKI-9093,rail,S-Bahn,S9,S9,9093,Bern,Unterzollikofen,22,,2026-10-01 07:16:00+00:00,2026-10-01 07:16:00+00:00,,True,0.0,2026-10-01 09:09:02.009000+02:00,2026-10-01 09:16:00+02:00,2026-10-01 09:16:00+02:00,2026-10-01,9,Thursday,False,6.966516666666666
20261001_070901,2026-10-01 07:09:02.009000+00:00,Bern,rail,ch:1:sloid:7000,Bern,ch:1:sloid:7000:5:10,2026-10-01,ch:1:sjyid:100015:15131-001,rail,S-Bahn,S1,S1,15131,Fribourg/Freiburg,Thun,10,,2026-10-01 07:16:00+00:00,2026-10-01 07:16:12+00:00,,True,0.2,2026-10-01 09:09:02.009000+02:00,2026-10-01 09:16:00+02:00,2026-10-01 09:16:12+02:00,2026-10-01,9,Thursday,False,6.966516666666666
20261001_070901,2026-10-01 07:09:02.009000+00:00,Bern,rail,ch:1:sloid:7000,Bern,ch:1:sloid:7000_gen:ch:1:sloid:7000:6:12_pf:12A-C,2026-10-01,ch:1:sjyid:100015:16333-002,rail,S-Bahn,S31,S31,16333,Wabern bei Bern,Münchenbuchsee,12A-C,,2026-10-01 07:16:00+00:00,2026-10-01 07:16:12+00:00,,True,0.2,2026-10-01 09:09:02.009000+02:00,2026-10-01 09:16:00+02:00,2026-10-01 09:16:12+02:00,2026-10-01,9,Thursday,False,6.966516666666666
20261001_070901,2026-10-01 07:09:02.009000+00:00,Bern,rail,ch:1:sloid:7000,Bern,ch:1:sloid:7000_gen:ch:1:sloid:7000:3:5_pf:5A-C,2026-10-01,ch:1:sjyid:100015:16330-002,rail,S-Bahn,S31,S31,16330,Münchenbuchsee,Wabern bei Bern,5A-C,,2026-10-01 07:17:00+00:00,2026-10-01 07:17:12+00:00,,True,0.2,2026-10-01 09:09:02.009000+02:00,2026-10-01 09:17:00+02:00,2026-10-01 09:17:12+02:00,2026-10-01,9,Thursday,False,7.966516666666666
20261001_070901,2026-10-01 07:09:02.009000+00:00,Bern,rail,ch:1:sloid:7000,Bern,ch:1:sloid:7000:500:21,2026-10-01,ch:1:sjyid:100066:SKI-1093,rail,RegioExpress,RE5,RE5,1093,Bern,Solothurn,21,,2026-10-01 07:20:00+00:00,2026-10-01 07:20:00+00:00,,True,0.0,2026-10-01 09:09:02.009000+02:00,2026-10-01 09:20:00+02:00,2026-10-01 09:20:00+02:00,2026-10-01,9,Thursday,False,10.966516666666667
20261001_070901,2026-10-01 07:09:02.009000+00:00,Bern,rail,ch:1:sloid:7000,Bern,ch:1:sloid:7000_gen:ch:1:sloid:7000:6:13_pf:13AB,2026-10-01,ch:1:sjyid:100015:15431-001,rail,S-Bahn,S4,S4,15431,Thun,Langnau i.E.,13AB,,2026-10-01 07:20:00+00:00,2026-10-01 07:20:24+00:00,,True,0.4,2026-10-01 09:09:02.009000+02:00,2026-10-01 09:20:00+02:00,2026-10-01 09:20:24+02:00,2026-10-01,9,Thursday,False,10.966516666666667
20261001_070901,2026-10-01 07:09:02.009000+00:00,Bern,rail,ch:1:sloid:7000,Bern,ch:1:sloid:7000:1:1,2026-10-01,ch:1:sjyid:100015:15232-001,rail,S-Bahn,S2,S2,15232,Langnau i.E.,Laupen BE,1A-D,,2026-10-01 07:21:00+00:00,2026-10-01 07:21:24+00:00,,True,0.4,2026-10-01 09:09:02.009000+02:00,2026-10-01 09:21:00+02:00,2026-10-01 09:21:24+02:00,2026-10-01,9,Thursday,False,11.966516666666667
20261001_070901,2026-10-01 07:09:02.009000+00:00,Bern,rail,ch:1:sloid:7000,Bern,ch:1:sloid:7000:501:23,2026-10-01,ch:1:sjyid:100066:SKI-8093,rail,S-Bahn,S8,S8,8093,Bern,Jegenstorf,23,,2026-10-01 07:24:00+00:00,2026-10-01 07:24:00+00:00,,True,0.0,2026-10-01 09:09:02.009000+02:00,2026-10-01 09:24:00+02:00,2026-10-01 09:24:00+02:00,2026-10-01,9,Thursday,False,14.966516666666667
20261001_070901,2026-10-01 07:09:02.009000+00:00,Bern,rail,ch:1:sloid:7000,Bern,ch:1:sloid:7000:501:24,2026-10-01,ch:1:sjyid:100066:SKI-7095,rail,S-Bahn,S7,S7,7095,Bern,Worb Dorf,24,,2026-10-01 07:30:00+00:00,2026-10-01 07:30:00+00:00,,True,0.0,2026-10-01 09:09:02.009000+02:00,2026-10-01 09:30:00+02:00,2026-10-01 09:30:00+02:00,2026-10-01,9,Thursday,False,20.966516666666667
20261001_070901,2026-10-01 07:09:02.009000+00:00,Bern,rail,ch:1:sloid:7000,Bern,ch:1:sloid:7000:5:10,2026-10-01,ch:1:sjyid:100015:15335-001,rail,S-Bahn,S3,S3,15335,Belp,Biel/Bienne,10,,2026-10-01 07:30:00+00:00,2026-10-01 07:30:30+00:00,,True,0.5,2026-10-01 09:09:02.009000+02:00,2026-10-01 09:30:00+02:00,2026-10-01 09:30:30+02:00,2026-10-01,9,Thursday,False,20.966516666666667
20261001_070901,2026-10-01 07:09:02.009000+00:00,Bern,rail,ch:1:sloid:7000,Bern,ch:1:sloid:7000:4:8,2026-10-01,ch:1:sjyid:100001:711-001,rail,InterCity,IC1,IC1,711,Genève-Aéroport,St. Gallen,8,,2026-10-01 07:31:00+00:00,2026-10-01 07:31:36+00:00,,True,0.6,2026-10-01 09:09:02.009000+02:00,2026-10-01 09:31:00+02:00,2026-10-01 09:31:36+02:00,2026-10-01,9,Thursday,False,21.966516666666667
20261001_070901,2026-10-01 07:09:02.009000+00:00,Bern,rail,ch:1:sloid:7000,Bern,ch:1:sloid:7000:500:22,2026-10-01,ch:1:sjyid:100066:SKI-9095,rail,S-Bahn,S9,S9,9095,Bern,Unterzollikofen,22,,2026-10-01 07:31:00+00:00,2026-10-01 07:31:00+00:00,,True,0.0,2026-10-01 09:09:02.009000+02:00,2026-10-01 09:31:00+02:00,2026-10-01 09:31:00+02:00,2026-10-01,9,Thursday,False,21.966516666666667
20261001_070901,2026-10-01 07:09:02.009000+00:00,Bern,rail,ch:1:sloid:7000,Bern,ch:1:sloid:7000:1:1,2026-10-01,ch:1:sjyid:100015:15332-001,rail,S-Bahn,S3,S3,15332,Biel/Bienne,Belp,1A-D,,2026-10-01 07:32:00+00:00,2026-10-01 07:32:12+00:00,,True,0.2,2026-10-01 09:09:02.009000+02:00,2026-10-01 09:32:00+02:00,2026-10-01 09:32:12+02:00,2026-10-01,9,Thursday,False,22.966516666666667
20261001_070901,2026-10-01 07:09:02.009000+00:00,Bern,rail,ch:1:sloid:7000,Bern,ch:1:sloid:7000:3:5,2026-10-01,ch:1:sjyid:100001:612-002,rail,InterCity,IC61,IC61,612,Interlaken Ost,Basel SBB,5,,2026-10-01 07:33:00+00:00,2026-10-01 07:34:00+00:00,,True,1.0,2026-10-01 09:09:02.009000+02:00,2026-10-01 09:33:00+02:00,2026-10-01 09:34:00+02:00,2026-10-01,9,Thursday,False,23.966516666666667
20261001_070901,2026-10-01 07:09:02.009000+00:00,Bern,rail,ch:1:sloid:7000,Bern,ch:1:sloid:7000:3:6,2026-10-01,ch:1:sjyid:100001:710-001,rail,InterCity,IC1,IC1,710,St. Gallen,Genève-Aéroport,6,,2026-10-01 07:34:00+00:00,2026-10-01 07:34:36+00:00,,True,0.6,2026-10-01 09:09:02.009000+02:00,2026-10-01 09:34:00+02:00,2026-10-01 09:34:36+02:00,2026-10-01,9,Thursday,False,24.966516666666667
20261001_070901,2026-10-01 07:09:02.009000+00:00,Bern,rail,ch:1:sloid:7000,Bern,ch:1:sloid:7000_gen:ch:1:sloid:7000:6:33_pf:13D-F,2026-10-01,ch:1:sjyid:100015:16234-001,rail,S-Bahn,S52,S52,16234,Bern,Murten/Morat,13D-F,,2026-10-01 07:34:00+00:00,2026-10-01 07:34:12+00:00,,True,0.2,2026-10-01 09:09:02.009000+02:00,2026-10-01 09:34:00+02:00,2026-10-01 09:34:12+02:00,2026-10-01,9,Thursday,False,24.966516666666667
20261001_070901,2026-10-01 07:09:02.009000+00:00,Bern,rail,ch:1:sloid:7000,Bern,ch:1:sloid:7000:4:7,2026-10-01,ch:1:sjyid:100001:613-001,rail,InterCity,IC6,IC6,613,Basel SBB,Domodossola (I),7,,2026-10-01 07:34:00+00:00,2026-10-01 07:34:42+00:00,,True,0.7,2026-10-01 09:09:02.009000+02:00,2026-10-01 09:34:00+02:00,2026-10-01 09:34:42+02:00,2026-10-01,9,Thursday,False,24.966516666666667
20261001_070901,2026-10-01 07:09:02.009000+00:00,Bern,rail,ch:1:sloid:7000,Bern,ch:1:sloid:7000:500:21,2026-10-01,ch:1:sjyid:100066:SKI-1095,rail,RegioExpress,RE5,RE5,1095,Bern,Solothurn,21,,2026-10-01 07:35:00+00:00,2026-10-01 07:35:00+00:00,,True,0.0,2026-10-01 09:09:02.009000+02:00,2026-10-01 09:35:00+02:00,2026-10-01 09:35:00+02:00,2026-10-01,9,Thursday,False,25.966516666666667
20261001_070901,2026-10-01 07:09:02.009000+00:00,Bern,rail,ch:1:sloid:7000,Bern,ch:1:sloid:7000:6:12,2026-10-01,ch:1:sjyid:100001:2167-001,rail,InterRegio,IR16,IR16,2167,Bern,Zürich HB,12,,2026-10-01 07:36:00+00:00,2026-10-01 07:37:00+00:00,,True,1.0,2026-10-01 09:09:02.009000+02:00,2026-10-01 09:36:00+02:00,2026-10-01 09:37:00+02:00,2026-10-01,9,Thursday,False,26.966516666666667
20261001_070901,2026-10-01 07:09:02.009000+00:00,Bern,rail,ch:1:sloid:7000,Bern,ch:1:sloid:7000_gen:ch:1:sloid:7000:6:13_pf:13AB,2026-10-01,ch:1:sjyid:100015:15634-001,rail,S-Bahn,S6,S6,15634,Bern,Schwarzenburg,13AB,,2026-10-01 07:36:00+00:00,2026-10-01 07:36:12+00:00,,True,0.2,2026-10-01 09:09:02.009000+02:00,2026-10-01 09:36:00+02:00,2026-10-01 09:36:12+02:00,2026-10-01,9,Thursday,False,26.966516666666667
20261001_070901,2026-10-01 07:09:02.009000+00:00,Bern,rail,ch:1:sloid:7000,Bern,ch:1:sloid:7000:0:349752,2026-10-01,ch:1:sjyid:100015:4365-001,rail,RegioExpress,RE7,RE7,4365,Bern,Luzern,2A-D,,2026-10-01 07:36:00+00:00,2026-10-01 07:37:00+00:00,,True,1.0,2026-10-01 09:09:02.009000+02:00,2026-10-01 09:36:00+02:00,2026-10-01 09:37:00+02:00,2026-10-01,9,Thursday,False,26.966516666666667
20261001_070901,2026-10-01 07:09:02.009000+00:00,Bern,rail,ch:1:sloid:7000,Bern,ch:1:sloid:7000:55:50,2026-10-01,ch:1:sjyid:100001:2365-001,rail,InterRegio,IR35,IR35,2365,Bern,Chur,50,,2026-10-01 07:38:00+00:00,2026-10-01 07:39:36+00:00,,True,1.6,2026-10-01 09:09:02.009000+02:00,2026-10-01 09:38:00+02:00,2026-10-01 09:39:36+02:00,2026-10-01,9,Thursday,False,28.966516666666667
20261001_070901,2026-10-01 07:09:02.009000+00:00,Bern,rail,ch:1:sloid:7000,Bern,ch:1:sloid:7000:5:9,2026-10-01,ch:1:sjyid:100015:4165-001,rail,RegioExpress,RE1,RE1,4165,Bern,Iselle di Trasquera/Zweisimmen,9,,2026-10-01 07:39:00+00:00,2026-10-01 07:39:30+00:00,,True,0.5,2026-10-01 09:09:02.009000+02:00,2026-10-01 09:39:00+02:00,2026-10-01 09:39:30+02:00,2026-10-01,9,Thursday,False,29.966516666666667
20261001_070901,2026-10-01 07:09:02.575000+00:00,Basel,rail,ch:1:sloid:10,Basel SBB,ch:1:sloid:10:7:14,2026-10-01,ch:1:sjyid:100001:17531-001,rail,S-Bahn,S33,S33,17531,Basel SBB,Liestal,14,,2026-10-01 07:15:00+00:00,2026-10-01 07:15:30+00:00,,True,0.5,2026-10-01 09:09:02.575000+02:00,2026-10-01 09:15:00+02:00,2026-10-01 09:15:30+02:00,2026-10-01,9,Thursday,False,5.957083333333333
20261001_070901,2026-10-01 07:09:02.575000+00:00,Basel,rail,ch:1:sloid:10,Basel SBB,ch:1:sloid:10:4:7,2026-10-01,ch:1:sjyid:100001:2465-001,rail,InterRegio,IR27,IR27,2465,Basel SBB,Luzern,7,,2026-10-01 07:16:00+00:00,2026-10-01 07:16:42+00:00,,True,0.7,2026-10-01 09:09:02.575000+02:00,2026-10-01 09:16:00+02:00,2026-10-01 09:16:42+02:00,2026-10-01,9,Thursday,False,6.957083333333333
20261001_070901,2026-10-01 07:09:02.575000+00:00,Basel,rail,ch:1:sloid:10,Basel SBB,ch:1:sloid:10:5:9,2026-10-01,ch:1:sjyid:100001:200-001,rail,InterCityExpress,ICE,ICE,200,Zürich HB,Hamburg-Altona,9,,2026-10-01 07:16:00+00:00,2026-10-01 07:16:42+00:00,,True,0.7,2026-10-01 09:09:02.575000+02:00,2026-10-01 09:16:00+02:00,2026-10-01 09:16:42+02:00,2026-10-01,9,Thursday,False,6.957083333333333
20261001_070901,2026-10-01 07:09:02.575000+00:00,Basel,rail,ch:1:sloid:10,Basel SBB,ch:1:sloid:10:6:12,2026-10-01,ch:1:sjyid:100001:17133-001,rail,S-Bahn,S1,S1,17133,Basel SBB,Frick,12,,2026-10-01 07:19:00+00:00,2026-10-01 07:19:12+00:00,,True,0.2,2026-10-01 09:09:02.575000+02:00,2026-10-01 09:19:00+02:00,2026-10-01 09:19:12+02:00,2026-10-01,9,Thursday,False,9.957083333333333
20261001_070901,2026-10-01 07:09:02.575000+00:00,Basel,rail,ch:1:sloid:10,Basel SBB,ch:1:sloid:10:21:30,2026-10-01,ch:1:sjyid:100001:96218-001,rail,Train Express Regional,TER,TER,96218,Basel SBB,Strasbourg,31,30,2026-10-01 07:21:00+00:00,2026-10-01 07:21:30+00:00,,True,0.5,2026-10-01 09:09:02.575000+02:00,2026-10-01 09:21:00+02:00,2026-10-01 09:21:30+02:00,2026-10-01,9,Thursday,False,11.957083333333333
20261001_070901,2026-10-01 07:09:02.575000+00:00,Basel,rail,ch:1:sloid:10,Basel SBB,ch:1:sloid:10:0:19,2026-10-01,ch:1:sjyid:100001:17331-001,rail,S-Bahn,S3,S3,17331,Laufen,Olten,19,,2026-10-01 07:30:00+00:00,2026-10-01 07:30:12+00:00,,True,0.2,2026-10-01 09:09:02.575000+02:00,2026-10-01 09:30:00+02:00,2026-10-01 09:30:12+02:00,2026-10-01,9,Thursday,False,20.957083333333333
20261001_070901,2026-10-01 07:09:02.575000+00:00,Basel,rail,ch:1:sloid:10,Basel SBB,ch:1:sloid:10:5:10,2026-10-01,ch:1:sjyid:100001:615-002,rail,InterCity,IC61,IC61,615,Basel SBB,Interlaken Ost,10,,2026-10-01 07:30:00+00:00,2026-10-01 07:30:42+00:00,,True,0.7,2026-10-01 09:09:02.575000+02:00,2026-10-01 09:30:00+02:00,2026-10-01 09:30:42+02:00,2026-10-01,9,Thursday,False,20.957083333333333
20261001_070901,2026-10-01 07:09:02.575000+00:00,Basel,rail,ch:1:sloid:10,Basel SBB,ch:1:sloid:10:0:20,2026-10-01,ch:1:sjyid:100001:1616-001,rail,InterCity,IC51,IC51,1616,Basel SBB,Lausanne,20,,2026-10-01 07:32:00+00:00,2026-10-01 07:32:42+00:00,,True,0.7,2026-10-01 09:09:02.575000+02:00,2026-10-01 09:32:00+02:00,2026-10-01 09:32:42+02:00,2026-10-01,9,Thursday,False,22.957083333333333
20261001_070901,2026-10-01 07:09:02.575000+00:00,Basel,rail,ch:1:sloid:10,Basel SBB,ch:1:sloid:10:2:4,2026-10-01,ch:1:sjyid:100001:553-001,rail,InterCity,IC3,IC3,553,Basel SBB,Zürich HB,4,,2026-10-01 07:33:00+00:00,2026-10-01 07:33:48+00:00,,True,0.8,2026-10-01 09:09:02.575000+02:00,2026-10-01 09:33:00+02:00,2026-10-01 09:33:48+02:00,2026-10-01,9,Thursday,False,23.957083333333333
20261001_070901,2026-10-01 07:09:02.575000+00:00,Basel,rail,ch:1:sloid:10,Basel SBB,ch:1:sloid:10:1:2,2026-10-01,ch:1:sjyid:100308:87818-001,rail,S-Bahn,S6,S6,87818,Basel SBB,Zell (Wiesental),2,,2026-10-01 07:35:00+00:00,2026-10-01 07:35:12+00:00,,True,0.2,2026-10-01 09:09:02.575000+02:00,2026-10-01 09:35:00+02:00,2026-10-01 09:35:12+02:00,2026-10-01,9,Thursday,False,25.957083333333333
20261001_070901,2026-10-01 07:09:02.575000+00:00,Basel,rail,ch:1:sloid:10,Basel SBB,ch:1:sloid:10:4:8,2026-10-01,ch:1:sjyid:100001:2065-001,rail,InterRegio,IR36,IR36,2065,Basel SBB,Zürich Flughafen,8,,2026-10-01 07:36:00+00:00,2026-10-01 07:36:42+00:00,,True,0.7,2026-10-01 09:09:02.575000+02:00,2026-10-01 09:36:00+02:00,2026-10-01 09:36:42+02:00,2026-10-01,9,Thursday,False,26.957083333333333
20261001_070901,2026-10-01 07:09:02.575000+00:00,Basel,rail,ch:1:sloid:10,Basel SBB,ch:1:sloid:10:8:16,2026-10-01,ch:1:sjyid:100001:17330-001,rail,S-Bahn,S3,S3,17330,Olten,Laufen,16,,2026-10-01 07:38:00+00:00,2026-10-01 07:38:12+00:00,,True,0.2,2026-10-01 09:09:02.575000+02:00,2026-10-01 09:38:00+02:00,2026-10-01 09:38:12+02:00,2026-10-01,9,Thursday,False,28.957083333333333
20261001_070901,2026-10-01 07:09:02.575000+00:00,Basel,rail,ch:1:sloid:10,Basel SBB,ch:1:sloid:10:3:5,2026-10-01,ch:1:sjyid:100001:2265-001,rail,InterRegio,IR37,IR37,2265,Basel SBB,Zürich HB,5,,2026-10-01 07:43:00+00:00,2026-10-01 07:43:48+00:00,,True,0.8,2026-10-01 09:09:02.575000+02:00,2026-10-01 09:43:00+02:00,2026-10-01 09:43:48+02:00,2026-10-01,9,Thursday,False,33.95708333333333
20261001_070901,2026-10-01 07:09:02.575000+00:00,Basel,rail,ch:1:sloid:10,Basel SBB,ch:1:sloid:10:7:15,2026-10-01,ch:1:sjyid:100001:17533-001,rail,S-Bahn,S33,S33,17533,Basel SBB,Liestal,15,,2026-10-01 07:45:00+00:00,2026-10-01 07:45:30+00:00,,True,0.5,2026-10-01 09:09:02.575000+02:00,2026-10-01 09:45:00+02:00,2026-10-01 09:45:30+02:00,2026-10-01,9,Thursday,False,35.95708333333334
20261001_070901,2026-10-01 07:09:02.575000+00:00,Basel,rail,ch:1:sloid:10,Basel SBB,ch:1:sloid:10:6:12,2026-10-01,ch:1:sjyid:100001:17235-001,rail,S-Bahn,S1,S1,17235,Basel SBB,Laufenburg,12,,2026-10-01 07:49:00+00:00,2026-10-01 07:49:12+00:00,,True,0.2,2026-10-01 09:09:02.575000+02:00,2026-10-01 09:49:00+02:00,2026-10-01 09:49:12+02:00,2026-10-01,9,Thursday,False,39.95708333333334
20261001_070901,2026-10-01 07:09:02.575000+00:00,Basel,rail,ch:1:sloid:10,Basel SBB,ch:1:sloid:10:3:6,2026-10-01,ch:1:sjyid:100001:965-001,rail,InterCity,IC61,IC61,965,Basel SBB,Interlaken Ost,6,,2026-10-01 07:58:00+00:00,2026-10-01 07:58:42+00:00,,True,0.7,2026-10-01 09:09:02.575000+02:00,2026-10-01 09:58:00+02:00,2026-10-01 09:58:42+02:00,2026-10-01,9,Thursday,False,48.95708333333334
20261001_070901,2026-10-01 07:09:02.575000+00:00,Basel,rail,ch:1:sloid:10,Basel SBB,ch:1:sloid:10:0:19,2026-10-01,ch:1:sjyid:100001:17333-001,rail,S-Bahn,S3,S3,17333,Laufen,Olten,19,,2026-10-01 08:00:00+00:00,2026-10-01 08:00:12+00:00,,True,0.2,2026-10-01 09:09:02.575000+02:00,2026-10-01 10:00:00+02:00,2026-10-01 10:00:12+02:00,2026-10-01,10,Thursday,False,50.95708333333334
20261001_070901,2026-10-01 07:09:02.575000+00:00,Basel,rail,ch:1:sloid:10,Basel SBB,ch:1:sloid:10:0:20,2026-10-01,ch:1:sjyid:100015:1862-001,rail,InterRegio,IR56,IR56,1862,Basel SBB,Biel/Bienne,20,,2026-10-01 08:02:00+00:00,2026-10-01 08:02:12+00:00,,True,0.2,2026-10-01 09:09:02.575000+02:00,2026-10-01 10:02:00+02:00,2026-10-01 10:02:12+02:00,2026-10-01,10,Thursday,False,52.95708333333334
20261001_070901,2026-10-01 07:09:02.575000+00:00,Basel,rail,ch:1:sloid:10,Basel SBB,ch:1:sloid:10:3:5,2026-10-01,ch:1:sjyid:100061:2319-001,rail,Treno Gottardo,IR26,IR26,2319,Basel SBB,Locarno,5,,2026-10-01 08:04:00+00:00,2026-10-01 08:04:30+00:00,,True,0.5,2026-10-01 09:09:02.575000+02:00,2026-10-01 10:04:00+02:00,2026-10-01 10:04:30+02:00,2026-10-01,10,Thursday,False,54.95708333333334
20261001_070901,2026-10-01 07:09:02.575000+00:00,Basel,rail,ch:1:sloid:10,Basel SBB,ch:1:sloid:10:1:2,2026-10-01,ch:1:sjyid:100308:87820-001,rail,S-Bahn,S6,S6,87820,Basel SBB,Zell (Wiesental),2,,2026-10-01 08:06:00+00:00,2026-10-01 08:06:12+00:00,,True,0.2,2026-10-01 09:09:02.575000+02:00,2026-10-01 10:06:00+02:00,2026-10-01 10:06:12+02:00,2026-10-01,10,Thursday,False,56.95708333333334
20261001_070901,2026-10-01 07:09:02.575000+00:00,Basel,rail,ch:1:sloid:10,Basel SBB,ch:1:sloid:10:6:11,2026-10-01,ch:1:sjyid:100001:1967-001,rail,InterRegio,IR36,IR36,1967,Basel SBB,Zürich HB,11,,2026-10-01 08:07:00+00:00,2026-10-01 08:07:42+00:00,,True,0.7,2026-10-01 09:09:02.575000+02:00,2026-10-01 10:07:00+02:00,2026-10-01 10:07:42+02:00,2026-10-01,10,Thursday,False,57.95708333333334
20261001_070901,2026-10-01 07:09:02.575000+00:00,Basel,rail,ch:1:sloid:10,Basel SBB,ch:1:sloid:10:2:4,2026-10-01,ch:1:sjyid:100001:275-001,rail,InterCityExpress,ICE,ICE,275,Basel Bad Bf,Chur,4,,2026-10-01 08:07:00+00:00,2026-10-01 08:07:48+00:00,,True,0.8,2026-10-01 09:09:02.575000+02:00,2026-10-01 10:07:00+02:00,2026-10-01 10:07:48+02:00,2026-10-01,10,Thursday,False,57.95708333333334
20261001_070901,2026-10-01 07:09:02.575000+00:00,Basel,rail,ch:1:sloid:10,Basel SBB,ch:1:sloid:10:8:16,2026-10-01,ch:1:sjyid:100001:17332-001,rail,S-Bahn,S3,S3,17332,Olten,Laufen,16,,2026-10-01 08:08:00+00:00,2026-10-01 08:08:12+00:00,,True,0.2,2026-10-01 09:09:02.575000+02:00,2026-10-01 10:08:00+02:00,2026-10-01 10:08:12+02:00,2026-10-01,10,Thursday,False,58.95708333333334
20261001_070901,2026-10-01 07:09:02.575000+00:00,Basel,rail,ch:1:sloid:10,Basel SBB,ch:1:sloid:10:7:14,2026-10-01,ch:1:sjyid:100001:17535-001,rail,S-Bahn,S33,S33,17535,Basel SBB,Liestal,14,,2026-10-01 08:15:00+00:00,2026-10-01 08:15:30+00:00,,True,0.5,2026-10-01 09:09:02.575000+02:00,2026-10-01 10:15:00+02:00,2026-10-01 10:15:30+02:00,2026-10-01,10,Thursday,False,65.95708333333333
20261001_070901,2026-10-01 07:09:02.575000+00:00,Basel,rail,ch:1:sloid:10,Basel SBB,ch:1:sloid:10:2:3,2026-10-01,ch:1:sjyid:100001:2467-001,rail,InterRegio,IR27,IR27,2467,Basel SBB,Luzern,3,,2026-10-01 08:16:00+00:00,2026-10-01 08:16:42+00:00,,True,0.7,2026-10-01 09:09:02.575000+02:00,2026-10-01 10:16:00+02:00,2026-10-01 10:16:42+02:00,2026-10-01,10,Thursday,False,66.95708333333333
20261001_070901,2026-10-01 07:09:02.575000+00:00,Basel,rail,ch:1:sloid:10,Basel SBB,ch:1:sloid:10:5:9,2026-10-01,ch:1:sjyid:100001:372-002,rail,InterCityExpress,ICE,ICE,372,Brig,Berlin Hbf (Tief),9,,2026-10-01 08:16:00+00:00,2026-10-01 08:16:42+00:00,,True,0.7,2026-10-01 09:09:02.575000+02:00,2026-10-01 10:16:00+02:00,2026-10-01 10:16:42+02:00,2026-10-01,10,Thursday,False,66.95708333333333
20261001_070901,2026-10-01 07:09:02.575000+00:00,Basel,rail,ch:1:sloid:10,Basel SBB,ch:1:sloid:10:6:12,2026-10-01,ch:1:sjyid:100001:17137-001,rail,S-Bahn,S1,S1,17137,Basel SBB,Frick,12,,2026-10-01 08:19:00+00:00,2026-10-01 08:19:12+00:00,,True,0.2,2026-10-01 09:09:02.575000+02:00,2026-10-01 10:19:00+02:00,2026-10-01 10:19:12+02:00,2026-10-01,10,Thursday,False,69.95708333333333
20261001_070901,2026-10-01 07:09:02.575000+00:00,Basel,rail,ch:1:sloid:10,Basel SBB,ch:1:sloid:10:0:19,2026-10-01,ch:1:sjyid:100001:17335-001,rail,S-Bahn,S3,S3,17335,Laufen,Olten,19,,2026-10-01 08:30:00+00:00,2026-10-01 08:30:12+00:00,,True,0.2,2026-10-01 09:09:02.575000+02:00,2026-10-01 10:30:00+02:00,2026-10-01 10:30:12+02:00,2026-10-01,10,Thursday,False,80.95708333333333
20261001_070901,2026-10-01 07:09:02.575000+00:00,Basel,rail,ch:1:sloid:10,Basel SBB,ch:1:sloid:10:4:7,2026-10-01,ch:1:sjyid:100001:617-001,rail,InterCity,IC6,IC6,617,Basel SBB,Brig,7,,2026-10-01 08:30:00+00:00,2026-10-01 08:30:42+00:00,,True,0.7,2026-10-01 09:09:02.575000+02:00,2026-10-01 10:30:00+02:00,2026-10-01 10:30:42+02:00,2026-10-01,10,Thursday,False,80.95708333333333
20261001_070901,2026-10-01 07:09:02.575000+00:00,Basel,rail,ch:1:sloid:10,Basel SBB,ch:1:sloid:10:0:20,2026-10-01,ch:1:sjyid:100001:1618-001,rail,InterCity,IC51,IC51,1618,Basel SBB,Lausanne,20,,2026-10-01 08:32:00+00:00,2026-10-01 08:32:42+00:00,,True,0.7,2026-10-01 09:09:02.575000+02:00,2026-10-01 10:32:00+02:00,2026-10-01 10:32:42+02:00,2026-10-01,10,Thursday,False,82.95708333333333
20261001_070901,2026-10-01 07:09:03.123000+00:00,Luzern,rail,ch:1:sloid:5000,Luzern,ch:1:sloid:5000:2:4,2026-10-01,ch:1:sjyid:100001:2616-001,rail,InterRegio,IR70,IR70,2616,Luzern,Sargans,6,4,2026-10-01 07:09:00+00:00,2026-10-01 07:10:00+00:00,,True,1.0,2026-10-01 09:09:03.123000+02:00,2026-10-01 09:09:00+02:00,2026-10-01 09:10:00+02:00,2026-10-01,9,Thursday,False,-0.052050000000000006
20261001_070901,2026-10-01 07:09:03.123000+00:00,Luzern,rail,ch:1:sloid:5000,Luzern,ch:1:sloid:5000:6:13,2026-10-01,ch:1:sjyid:100064:2964-001,rail,Luzern-Engelberg Express,IRLEX,IRLEX,2964,Luzern,Stansstad,13,,2026-10-01 07:10:00+00:00,2026-10-01 07:10:12+00:00,,True,0.2,2026-10-01 09:09:03.123000+02:00,2026-10-01 09:10:00+02:00,2026-10-01 09:10:12+02:00,2026-10-01,9,Thursday,False,0.9479500000000001
20261001_070901,2026-10-01 07:09:03.123000+00:00,Luzern,rail,ch:1:sloid:5000,Luzern,ch:1:sloid:5000:6:12,2026-10-01,ch:1:sjyid:100064:21532-001,rail,S-Bahn,S5,S5,21532,Luzern,Giswil,12,,2026-10-01 07:12:00+00:00,2026-10-01 07:12:12+00:00,,True,0.2,2026-10-01 09:09:03.123000+02:00,2026-10-01 09:12:00+02:00,2026-10-01 09:12:12+02:00,2026-10-01,9,Thursday,False,2.94795
20261001_070901,2026-10-01 07:09:03.123000+00:00,Luzern,rail,ch:1:sloid:5000,Luzern,ch:1:sloid:5000:1:2,2026-10-01,ch:1:sjyid:100001:21125-001,rail,S-Bahn,S1,S1,21125,Baar,Sursee,3,2,2026-10-01 07:14:00+00:00,2026-10-01 07:15:00+00:00,,True,1.0,2026-10-01 09:09:03.123000+02:00,2026-10-01 09:14:00+02:00,2026-10-01 09:15:00+02:00,2026-10-01,9,Thursday,False,4.9479500000000005
20261001_070901,2026-10-01 07:09:03.123000+00:00,Luzern,rail,ch:1:sloid:5000,Luzern,ch:1:sloid:5000:1:3,2026-10-01,ch:1:sjyid:100015:21632-001,rail,S-Bahn,S6,S6,21632,Luzern,Wolhusen,5,3,2026-10-01 07:16:00+00:00,2026-10-01 07:17:00+00:00,,True,1.0,2026-10-01 09:09:03.123000+02:00,2026-10-01 09:16:00+02:00,2026-10-01 09:17:00+02:00,2026-10-01,9,Thursday,False,6.9479500000000005
20261001_070901,2026-10-01 07:09:03.123000+00:00,Luzern,rail,ch:1:sloid:5000,Luzern,ch:1:sloid:5000:3:6,2026-10-01,ch:1:sjyid:100061:2315-001,rail,Treno Gottardo,IR26,IR26,2315,Basel SBB,Locarno,7,6,2026-10-01 07:18:00+00:00,2026-10-01 07:19:00+00:00,,True,1.0,2026-10-01 09:09:03.123000+02:00,2026-10-01 09:18:00+02:00,2026-10-01 09:19:00+02:00,2026-10-01,9,Thursday,False,8.947949999999999
20261001_070901,2026-10-01 07:09:03.123000+00:00,Luzern,rail,ch:1:sloid:5000,Luzern,ch:1:sloid:5000_gen:ch:1:sloid:5000:5:11_pf:11B,2026-10-01,ch:1:sjyid:100001:21126-001,rail,S-Bahn,S1,S1,21126,Sursee,Baar,11,,2026-10-01 07:21:00+00:00,2026-10-01 07:22:00+00:00,,True,1.0,2026-10-01 09:09:03.123000+02:00,2026-10-01 09:21:00+02:00,2026-10-01 09:22:00+02:00,2026-10-01,9,Thursday,False,11.947949999999999
20261001_070901,2026-10-01 07:09:03.123000+00:00,Luzern,rail,ch:1:sloid:5000,Luzern,ch:1:sloid:5000:7:15,2026-10-01,ch:1:sjyid:100064:3084-002,rail,Luzern-Interlaken Express,IRLIX,IRLIX,3084,Luzern,Interlaken Ost,15,,2026-10-01 07:24:00+00:00,2026-10-01 07:24:12+00:00,,True,0.2,2026-10-01 09:09:03.123000+02:00,2026-10-01 09:24:00+02:00,2026-10-01 09:24:12+02:00,2026-10-01,9,Thursday,False,14.947949999999999
20261001_070901,2026-10-01 07:09:03.123000+00:00,Luzern,rail,ch:1:sloid:5000,Luzern,ch:1:sloid:5000:6:13,2026-10-01,ch:1:sjyid:100064:21434-001,rail,S-Bahn,S4,S4,21434,Luzern,Stansstad,13,,2026-10-01 07:27:00+00:00,2026-10-01 07:27:12+00:00,,True,0.2,2026-10-01 09:09:03.123000+02:00,2026-10-01 09:27:00+02:00,2026-10-01 09:27:12+02:00,2026-10-01,9,Thursday,False,17.94795
20261001_070901,2026-10-01 07:09:03.123000+00:00,Luzern,rail,ch:1:sloid:5000,Luzern,ch:1:sloid:5000:2:5,2026-10-01,ch:1:sjyid:100001:2464-001,rail,InterRegio,IR27,IR27,2464,Luzern,Basel SBB,4,5,2026-10-01 07:30:00+00:00,2026-10-01 07:30:36+00:00,,True,0.6,2026-10-01 09:09:03.123000+02:00,2026-10-01 09:30:00+02:00,2026-10-01 09:30:36+02:00,2026-10-01,9,Thursday,False,20.94795
20261001_070901,2026-10-01 07:09:03.123000+00:00,Luzern,rail,ch:1:sloid:5000,Luzern,ch:1:sloid:5000:3:7,2026-10-01,ch:1:sjyid:100001:21934-001,rail,S-Bahn,S9,S9,21934,Luzern,Lenzburg,7,,2026-10-01 07:32:00+00:00,2026-10-01 07:34:30+00:00,,True,2.5,2026-10-01 09:09:03.123000+02:00,2026-10-01 09:32:00+02:00,2026-10-01 09:34:30+02:00,2026-10-01,9,Thursday,False,22.94795
20261001_070901,2026-10-01 07:09:03.123000+00:00,Luzern,rail,ch:1:sloid:5000,Luzern,ch:1:sloid:5000:2:4,2026-10-01,ch:1:sjyid:100001:2115-001,rail,InterRegio,IR75,IR75,2115,Luzern,Konstanz,5,4,2026-10-01 07:35:00+00:00,2026-10-01 07:35:30+00:00,,True,0.5,2026-10-01 09:09:03.123000+02:00,2026-10-01 09:35:00+02:00,2026-10-01 09:35:30+02:00,2026-10-01,9,Thursday,False,25.94795
20261001_070901,2026-10-01 07:09:03.123000+00:00,Luzern,rail,ch:1:sloid:5000,Luzern,ch:1:sloid:5000:1:3,2026-10-01,ch:1:sjyid:100061:2019-001,rail,Voralpen-Express,VAE,VAE,2019,Luzern,St. Gallen,3,,2026-10-01 07:39:00+00:00,2026-10-01 07:39:12+00:00,,True,0.2,2026-10-01 09:09:03.123000+02:00,2026-10-01 09:39:00+02:00,2026-10-01 09:39:12+02:00,2026-10-01,9,Thursday,False,29.94795
20261001_070901,2026-10-01 07:09:03.123000+00:00,Luzern,rail,ch:1:sloid:5000,Luzern,ch:1:sloid:5000:7:14,2026-10-01,ch:1:sjyid:100064:21534-001,rail,S-Bahn,S5,S5,21534,Luzern,Giswil,14,,2026-10-01 07:42:00+00:00,2026-10-01 07:42:12+00:00,,True,0.2,2026-10-01 09:09:03.123000+02:00,2026-10-01 09:42:00+02:00,2026-10-01 09:42:12+02:00,2026-10-01,9,Thursday,False,32.94795
20261001_070901,2026-10-01 07:09:03.123000+00:00,Luzern,rail,ch:1:sloid:5000,Luzern,ch:1:sloid:5000_gen:ch:1:sloid:5000:5:11_pf:11B,2026-10-01,ch:1:sjyid:100001:21127-001,rail,S-Bahn,S1,S1,21127,Baar,Sursee,11,,2026-10-01 07:44:00+00:00,2026-10-01 07:45:00+00:00,,True,1.0,2026-10-01 09:09:03.123000+02:00,2026-10-01 09:44:00+02:00,2026-10-01 09:45:00+02:00,2026-10-01,9,Thursday,False,34.94795
20261001_070901,2026-10-01 07:09:03.123000+00:00,Luzern,rail,ch:1:sloid:5000,Luzern,ch:1:sloid:5000:1:3,2026-10-01,ch:1:sjyid:100001:21128-001,rail,S-Bahn,S1,S1,21128,Sursee,Baar,3,,2026-10-01 07:51:00+00:00,2026-10-01 07:51:12+00:00,,True,0.2,2026-10-01 09:09:03.123000+02:00,2026-10-01 09:51:00+02:00,2026-10-01 09:51:12+02:00,2026-10-01,9,Thursday,False,41.94795
20261001_070901,2026-10-01 07:09:03.123000+00:00,Luzern,rail,ch:1:sloid:5000,Luzern,ch:1:sloid:5000:3:7,2026-10-01,ch:1:sjyid:100001:668-001,rail,InterCity,IC21,IC21,668,Lugano,Basel SBB,7,,2026-10-01 07:54:00+00:00,2026-10-01 07:54:36+00:00,,True,0.6,2026-10-01 09:09:03.123000+02:00,2026-10-01 09:54:00+02:00,2026-10-01 09:54:36+02:00,2026-10-01,9,Thursday,False,44.94795
20261001_070901,2026-10-01 07:09:03.123000+00:00,Luzern,rail,ch:1:sloid:5000,Luzern,ch:1:sloid:5000:2:4,2026-10-01,ch:1:sjyid:100015:4466-001,rail,RegioExpress,RE7,RE7,4466,Luzern,Wolhusen,4,,2026-10-01 07:57:00+00:00,2026-10-01 07:57:12+00:00,,True,0.2,2026-10-01 09:09:03.123000+02:00,2026-10-01 09:57:00+02:00,2026-10-01 09:57:12+02:00,2026-10-01,9,Thursday,False,47.94795
20261001_070901,2026-10-01 07:09:03.123000+00:00,Luzern,rail,ch:1:sloid:5000,Luzern,ch:1:sloid:5000:7:14,2026-10-01,ch:1:sjyid:100064:21436-001,rail,S-Bahn,S4,S4,21436,Luzern,Stansstad,14,,2026-10-01 07:57:00+00:00,2026-10-01 07:57:12+00:00,,True,0.2,2026-10-01 09:09:03.123000+02:00,2026-10-01 09:57:00+02:00,2026-10-01 09:57:12+02:00,2026-10-01,9,Thursday,False,47.94795
20261001_070901,2026-10-01 07:09:03.123000+00:00,Luzern,rail,ch:1:sloid:5000,Luzern,ch:1:sloid:5000:4:8,2026-10-01,ch:1:sjyid:100001:2516-002,rail,InterRegio,IR15,IR15,2516,Luzern,Genève-Aéroport,8,,2026-10-01 08:00:00+00:00,2026-10-01 08:00:36+00:00,,True,0.6,2026-10-01 09:09:03.123000+02:00,2026-10-01 10:00:00+02:00,2026-10-01 10:00:36+02:00,2026-10-01,10,Thursday,False,50.94795
20261001_070901,2026-10-01 07:09:03.123000+00:00,Luzern,rail,ch:1:sloid:5000,Luzern,ch:1:sloid:5000_gen:ch:1:sloid:5000:5:10_pf:10B,2026-10-01,ch:1:sjyid:100001:21936-001,rail,S-Bahn,S9,S9,21936,Luzern,Lenzburg,10B,,2026-10-01 08:02:00+00:00,2026-10-01 08:02:30+00:00,,True,0.5,2026-10-01 09:09:03.123000+02:00,2026-10-01 10:02:00+02:00,2026-10-01 10:02:30+02:00,2026-10-01,10,Thursday,False,52.94795
20261001_070901,2026-10-01 07:09:03.123000+00:00,Luzern,rail,ch:1:sloid:5000,Luzern,ch:1:sloid:5000:4:9,2026-10-01,ch:1:sjyid:100001:4716-001,rail,RegioExpress,RE24,RE24,4716,Luzern,Olten,9,,2026-10-01 08:05:00+00:00,2026-10-01 08:05:12+00:00,,True,0.2,2026-10-01 09:09:03.123000+02:00,2026-10-01 10:05:00+02:00,2026-10-01 10:05:12+02:00,2026-10-01,10,Thursday,False,55.94795
20261001_070901,2026-10-01 07:09:03.123000+00:00,Luzern,rail,ch:1:sloid:5000,Luzern,ch:1:sloid:5000:6:13,2026-10-01,ch:1:sjyid:100064:2920-001,rail,Luzern-Interlaken Express,LIX,LIX,2920,Luzern,Interlaken Ost,13,,2026-10-01 08:06:00+00:00,2026-10-01 08:06:06+00:00,,True,0.1,2026-10-01 09:09:03.123000+02:00,2026-10-01 10:06:00+02:00,2026-10-01 10:06:06+02:00,2026-10-01,10,Thursday,False,56.94795
20261001_070901,2026-10-01 07:09:03.123000+00:00,Luzern,rail,ch:1:sloid:5000,Luzern,ch:1:sloid:5000:5:11,2026-10-01,ch:1:sjyid:100001:21337-001,rail,S-Bahn,S3,S3,21337,Luzern,Brunnen,11,,2026-10-01 08:06:00+00:00,2026-10-01 08:07:00+00:00,,True,1.0,2026-10-01 09:09:03.123000+02:00,2026-10-01 10:06:00+02:00,2026-10-01 10:07:00+02:00,2026-10-01,10,Thursday,False,56.94795
20261001_070901,2026-10-01 07:09:03.123000+00:00,Luzern,rail,ch:1:sloid:5000,Luzern,ch:1:sloid:5000_gen:ch:1:sloid:5000:3:6_pf:6B-D,2026-10-01,ch:1:sjyid:100001:2618-001,rail,InterRegio,IR70,IR70,2618,Luzern,Sargans,6B-D,,2026-10-01 08:09:00+00:00,2026-10-01 08:10:00+00:00,,True,1.0,2026-10-01 09:09:03.123000+02:00,2026-10-01 10:09:00+02:00,2026-10-01 10:10:00+02:00,2026-10-01,10,Thursday,False,59.94795
20261001_070901,2026-10-01 07:09:03.123000+00:00,Luzern,rail,ch:1:sloid:5000,Luzern,ch:1:sloid:5000:6:12,2026-10-01,ch:1:sjyid:100064:2966-001,rail,Luzern-Engelberg Express,IRLEX,IRLEX,2966,Luzern,Stansstad,12,,2026-10-01 08:10:00+00:00,2026-10-01 08:10:12+00:00,,True,0.2,2026-10-01 09:09:03.123000+02:00,2026-10-01 10:10:00+02:00,2026-10-01 10:10:12+02:00,2026-10-01,10,Thursday,False,60.94795
20261001_070901,2026-10-01 07:09:03.123000+00:00,Luzern,rail,ch:1:sloid:5000,Luzern,ch:1:sloid:5000:7:14,2026-10-01,ch:1:sjyid:100064:21536-001,rail,S-Bahn,S5,S5,21536,Luzern,Giswil,14,,2026-10-01 08:12:00+00:00,2026-10-01 08:12:12+00:00,,True,0.2,2026-10-01 09:09:03.123000+02:00,2026-10-01 10:12:00+02:00,2026-10-01 10:12:12+02:00,2026-10-01,10,Thursday,False,62.94795
20261001_070901,2026-10-01 07:09:03.123000+00:00,Luzern,rail,ch:1:sloid:5000,Luzern,ch:1:sloid:5000_gen:ch:1:sloid:5000:2:5_pf:5B,2026-10-01,ch:1:sjyid:100001:21129-001,rail,S-Bahn,S1,S1,21129,Baar,Sursee,5,,2026-10-01 08:14:00+00:00,2026-10-01 08:15:00+00:00,,True,1.0,2026-10-01 09:09:03.123000+02:00,2026-10-01 10:14:00+02:00,2026-10-01 10:15:00+02:00,2026-10-01,10,Thursday,False,64.94795
20261001_070901,2026-10-01 07:09:03.123000+00:00,Luzern,rail,ch:1:sloid:5000,Luzern,ch:1:sloid:5000:2:4,2026-10-01,ch:1:sjyid:100015:21636-001,rail,S-Bahn,S6,S6,21636,Luzern,Wolhusen,4,,2026-10-01 08:16:00+00:00,2026-10-01 08:17:00+00:00,,True,1.0,2026-10-01 09:09:03.123000+02:00,2026-10-01 10:16:00+02:00,2026-10-01 10:17:00+02:00,2026-10-01,10,Thursday,False,66.94795
20261001_070901,2026-10-01 07:09:03.123000+00:00,Luzern,rail,ch:1:sloid:5000,Luzern,ch:1:sloid:5000:3:7,2026-10-01,ch:1:sjyid:100001:667-001,rail,InterCity,IC21,IC21,667,Basel SBB,Lugano,7,,2026-10-01 08:18:00+00:00,2026-10-01 08:19:00+00:00,,True,1.0,2026-10-01 09:09:03.123000+02:00,2026-10-01 10:18:00+02:00,2026-10-01 10:19:00+02:00,2026-10-01,10,Thursday,False,68.94795
20261001_070901,2026-10-01 07:09:03.633000+00:00,St. Gallen,rail,ch:1:sloid:6302,St. Gallen,ch:1:sloid:6302:3:5,2026-10-01,ch:1:sjyid:100046:11530-001,rail,S-Bahn,S5,S5,11530,St. Margrethen SG,Weinfelden,5,,2026-10-01 07:10:00+00:00,2026-10-01 07:10:12+00:00,,True,0.2,2026-10-01 09:09:03.633000+02:00,2026-10-01 09:10:00+02:00,2026-10-01 09:10:12+02:00,2026-10-01,9,Thursday,False,0.93945
20261001_070901,2026-10-01 07:09:03.633000+00:00,St. Gallen,rail,ch:1:sloid:6302,St. Gallen,ch:1:sloid:6302:3:4,2026-10-01,ch:1:sjyid:100061:12116-001,rail,S-Bahn,S81,S81,12116,St. Gallen,Herisau,4,,2026-10-01 07:14:00+00:00,2026-10-01 07:14:42+00:00,,True,0.7,2026-10-01 09:09:03.633000+02:00,2026-10-01 09:14:00+02:00,2026-10-01 09:14:42+02:00,2026-10-01,9,Thursday,False,4.93945
20261001_070901,2026-10-01 07:09:03.633000+00:00,St. Gallen,rail,ch:1:sloid:6302,St. Gallen,ch:1:sloid:6302:3:5,2026-10-01,ch:1:sjyid:100046:5217-001,rail,RegioExpress,RE1,RE1,5217,Herisau,Konstanz,5,,2026-10-01 07:15:00+00:00,2026-10-01 07:16:06+00:00,,True,1.1,2026-10-01 09:09:03.633000+02:00,2026-10-01 09:15:00+02:00,2026-10-01 09:16:06+02:00,2026-10-01,9,Thursday,False,5.93945
20261001_070901,2026-10-01 07:09:03.633000+00:00,St. Gallen,rail,ch:1:sloid:6302,St. Gallen,ch:1:sloid:6302:2:2,2026-10-01,ch:1:sjyid:100046:11130-001,rail,S-Bahn,S1,S1,11130,Schaffhausen,Wil SG,2,,2026-10-01 07:17:00+00:00,2026-10-01 07:17:12+00:00,,True,0.2,2026-10-01 09:09:03.633000+02:00,2026-10-01 09:17:00+02:00,2026-10-01 09:17:12+02:00,2026-10-01,9,Thursday,False,7.93945
20261001_070901,2026-10-01 07:09:03.633000+00:00,St. Gallen,rail,ch:1:sloid:6302,St. Gallen,ch:1:sloid:6302:2:3,2026-10-01,ch:1:sjyid:100046:11131-001,rail,S-Bahn,S1,S1,11131,Wil SG,Schaffhausen,3,,2026-10-01 07:19:00+00:00,2026-10-01 07:20:42+00:00,,True,1.7,2026-10-01 09:09:03.633000+02:00,2026-10-01 09:19:00+02:00,2026-10-01 09:20:42+02:00,2026-10-01,9,Thursday,False,9.939449999999999
20261001_070901,2026-10-01 07:09:03.633000+00:00,St. Gallen,rail,ch:1:sloid:6302,St. Gallen,ch:1:sloid:6302:500:11,2026-10-01,ch:1:sjyid:100007:plan:2089,rail,S-Bahn,S21,S21,2089,Trogen,Appenzell,11,,2026-10-01 07:22:00+00:00,2026-10-01 07:22:00+00:00,,True,0.0,2026-10-01 09:09:03.633000+02:00,2026-10-01 09:22:00+02:00,2026-10-01 09:22:00+02:00,2026-10-01,9,Thursday,False,12.939449999999999
20261001_070901,2026-10-01 07:09:03.633000+00:00,St. Gallen,rail,ch:1:sloid:6302,St. Gallen,ch:1:sloid:6302:2:2,2026-10-01,ch:1:sjyid:100001:3259-001,rail,InterRegio,IR13,IR13,3259,Zürich HB,Sargans,2,,2026-10-01 07:25:00+00:00,2026-10-01 07:25:18+00:00,,True,0.3,2026-10-01 09:09:03.633000+02:00,2026-10-01 09:25:00+02:00,2026-10-01 09:25:18+02:00,2026-10-01,9,Thursday,False,15.939449999999999
20261001_070901,2026-10-01 07:09:03.633000+00:00,St. Gallen,rail,ch:1:sloid:6302,St. Gallen,ch:1:sloid:6302:500:12,2026-10-01,ch:1:sjyid:100007:plan:2086,rail,S-Bahn,S21,S21,2086,Appenzell,Trogen,12,,2026-10-01 07:26:00+00:00,2026-10-01 07:26:00+00:00,,True,0.0,2026-10-01 09:09:03.633000+02:00,2026-10-01 09:26:00+02:00,2026-10-01 09:26:00+02:00,2026-10-01,9,Thursday,False,16.93945
20261001_070901,2026-10-01 07:09:03.633000+00:00,St. Gallen,rail,ch:1:sloid:6302,St. Gallen,ch:1:sloid:6302:3:5,2026-10-01,ch:1:sjyid:100061:11432-001,rail,S-Bahn,S4,S4,11432,Sargans,Rapperswil SG,5,,2026-10-01 07:27:00+00:00,2026-10-01 07:27:12+00:00,,True,0.2,2026-10-01 09:09:03.633000+02:00,2026-10-01 09:27:00+02:00,2026-10-01 09:27:12+02:00,2026-10-01,9,Thursday,False,17.93945
20261001_070901,2026-10-01 07:09:03.633000+00:00,St. Gallen,rail,ch:1:sloid:6302,St. Gallen,ch:1:sloid:6302:1:1,2026-10-01,ch:1:sjyid:100001:198-001,rail,EuroCity,EC,EC,198,Bregenz,Zürich HB,1,,2026-10-01 07:29:00+00:00,2026-10-01 07:36:36+00:00,,True,7.6,2026-10-01 09:09:03.633000+02:00,2026-10-01 09:29:00+02:00,2026-10-01 09:36:36+02:00,2026-10-01,9,Thursday,False,19.93945
20261001_070901,2026-10-01 07:09:03.633000+00:00,St. Gallen,rail,ch:1:sloid:6302,St. Gallen,ch:1:sloid:6302:4:6,2026-10-01,ch:1:sjyid:100046:12169-001,rail,S-Bahn,S82,S82,12169,St. Gallen,Wittenbach,6,,2026-10-01 07:36:00+00:00,2026-10-01 07:36:12+00:00,,True,0.2,2026-10-01 09:09:03.633000+02:00,2026-10-01 09:36:00+02:00,2026-10-01 09:36:12+02:00,2026-10-01,9,Thursday,False,26.93945
20261001_070901,2026-10-01 07:09:03.633000+00:00,St. Gallen,rail,ch:1:sloid:6302,St. Gallen,ch:1:sloid:6302:1:1,2026-10-01,ch:1:sjyid:100001:3262-001,rail,InterRegio,IR13,IR13,3262,Sargans,Luzern,1,,2026-10-01 07:37:00+00:00,2026-10-01 07:37:30+00:00,,True,0.5,2026-10-01 09:09:03.633000+02:00,2026-10-01 09:37:00+02:00,2026-10-01 09:37:30+02:00,2026-10-01,9,Thursday,False,27.93945
20261001_070901,2026-10-01 07:09:03.633000+00:00,St. Gallen,rail,ch:1:sloid:6302,St. Gallen,ch:1:sloid:6302:3:5,2026-10-01,ch:1:sjyid:100061:11431-001,rail,S-Bahn,S4,S4,11431,Rapperswil SG,Sargans,5,,2026-10-01 07:38:00+00:00,2026-10-01 07:39:06+00:00,,True,1.1,2026-10-01 09:09:03.633000+02:00,2026-10-01 09:38:00+02:00,2026-10-01 09:39:06+02:00,2026-10-01,9,Thursday,False,28.93945
20261001_070901,2026-10-01 07:09:03.633000+00:00,St. Gallen,rail,ch:1:sloid:6302,St. Gallen,ch:1:sloid:6302:4:7,2026-10-01,ch:1:sjyid:100046:11532-001,rail,S-Bahn,S5,S5,11532,St. Gallen,Weinfelden,7,,2026-10-01 07:40:00+00:00,2026-10-01 07:40:12+00:00,,True,0.2,2026-10-01 09:09:03.633000+02:00,2026-10-01 09:40:00+02:00,2026-10-01 09:40:12+02:00,2026-10-01,9,Thursday,False,30.93945
20261001_070901,2026-10-01 07:09:03.633000+00:00,St. Gallen,rail,ch:1:sloid:6302,St. Gallen,ch:1:sloid:6302:2:2,2026-10-01,ch:1:sjyid:100001:13477-001,rail,Railjet Xpress,RJX,RJX,13477,Zürich HB,Wien Flughafen,2,,2026-10-01 07:44:00+00:00,,,False,,2026-10-01 09:09:03.633000+02:00,2026-10-01 09:44:00+02:00,,2026-10-01,9,Thursday,False,34.93945
20261001_070901,2026-10-01 07:09:03.633000+00:00,St. Gallen,rail,ch:1:sloid:6302,St. Gallen,ch:1:sloid:6302:3:5,2026-10-01,ch:1:sjyid:100046:5218-001,rail,RegioExpress,RE1,RE1,5218,Konstanz,Herisau,5,,2026-10-01 07:44:00+00:00,2026-10-01 07:45:12+00:00,,True,1.2,2026-10-01 09:09:03.633000+02:00,2026-10-01 09:44:00+02:00,2026-10-01 09:45:12+02:00,2026-10-01,9,Thursday,False,34.93945
20261001_070901,2026-10-01 07:09:03.633000+00:00,St. Gallen,rail,ch:1:sloid:6302,St. Gallen,ch:1:sloid:6302:1:1,2026-10-01,ch:1:sjyid:100046:11132-001,rail,S-Bahn,S1,S1,11132,Schaffhausen,Wil SG,1,,2026-10-01 07:47:00+00:00,2026-10-01 07:47:12+00:00,,True,0.2,2026-10-01 09:09:03.633000+02:00,2026-10-01 09:47:00+02:00,2026-10-01 09:47:12+02:00,2026-10-01,9,Thursday,False,37.93945
20261001_070901,2026-10-01 07:09:03.633000+00:00,St. Gallen,rail,ch:1:sloid:6302,St. Gallen,ch:1:sloid:6302:2:3,2026-10-01,ch:1:sjyid:100046:11133-001,rail,S-Bahn,S1,S1,11133,Wil SG,Schaffhausen,3,,2026-10-01 07:49:00+00:00,2026-10-01 07:50:36+00:00,,True,1.6,2026-10-01 09:09:03.633000+02:00,2026-10-01 09:49:00+02:00,2026-10-01 09:50:36+02:00,2026-10-01,9,Thursday,False,39.93945
20261001_070901,2026-10-01 07:09:03.633000+00:00,St. Gallen,rail,ch:1:sloid:6302,St. Gallen,ch:1:sloid:6302:500:11,2026-10-01,ch:1:sjyid:100007:plan:2095,rail,S-Bahn,S21,S21,2095,Trogen,Appenzell,11,,2026-10-01 07:52:00+00:00,2026-10-01 07:52:00+00:00,,True,0.0,2026-10-01 09:09:03.633000+02:00,2026-10-01 09:52:00+02:00,2026-10-01 09:52:00+02:00,2026-10-01,9,Thursday,False,42.93945
20261001_070901,2026-10-01 07:09:03.633000+00:00,St. Gallen,rail,ch:1:sloid:6302,St. Gallen,ch:1:sloid:6302:3:4,2026-10-01,ch:1:sjyid:100061:2209-001,rail,Alpenrhein-Express,IR13,IR13,2209,St. Gallen,Chur,4,,2026-10-01 07:55:00+00:00,2026-10-01 07:55:12+00:00,,True,0.2,2026-10-01 09:09:03.633000+02:00,2026-10-01 09:55:00+02:00,2026-10-01 09:55:12+02:00,2026-10-01,9,Thursday,False,45.93945
20261001_070901,2026-10-01 07:09:03.633000+00:00,St. Gallen,rail,ch:1:sloid:6302,St. Gallen,ch:1:sloid:6302:500:12,2026-10-01,ch:1:sjyid:100007:plan:2090,rail,S-Bahn,S21,S21,2090,Appenzell,Trogen,12,,2026-10-01 07:56:00+00:00,2026-10-01 07:56:00+00:00,,True,0.0,2026-10-01 09:09:03.633000+02:00,2026-10-01 09:56:00+02:00,2026-10-01 09:56:00+02:00,2026-10-01,9,Thursday,False,46.93945
20261001_070901,2026-10-01 07:09:03.633000+00:00,St. Gallen,rail,ch:1:sloid:6302,St. Gallen,ch:1:sloid:6302:4:6,2026-10-01,ch:1:sjyid:100046:11533-002,rail,S-Bahn,S5,S5,11533,Weinfelden,St. Margrethen SG,6,,2026-10-01 07:57:00+00:00,2026-10-01 07:57:30+00:00,,True,0.5,2026-10-01 09:09:03.633000+02:00,2026-10-01 09:57:00+02:00,2026-10-01 09:57:30+02:00,2026-10-01,9,Thursday,False,47.93945
20261001_070901,2026-10-01 07:09:03.633000+00:00,St. Gallen,rail,ch:1:sloid:6302,St. Gallen,ch:1:sloid:6302:3:5,2026-10-01,ch:1:sjyid:100046:11234-001,rail,S-Bahn,S2,S2,11234,Altstätten SG,Nesslau-Neu St. Johann,5,,2026-10-01 07:57:00+00:00,2026-10-01 07:57:12+00:00,,True,0.2,2026-10-01 09:09:03.633000+02:00,2026-10-01 09:57:00+02:00,2026-10-01 09:57:12+02:00,2026-10-01,9,Thursday,False,47.93945
20261001_070901,2026-10-01 07:09:03.633000+00:00,St. Gallen,rail,ch:1:sloid:6302,St. Gallen,ch:1:sloid:6302:2:2,2026-10-01,ch:1:sjyid:100001:518-001,rail,InterCity,IC5,IC5,518,Rorschach,Lausanne,2,,2026-10-01 07:58:00+00:00,2026-10-01 07:58:30+00:00,,True,0.5,2026-10-01 09:09:03.633000+02:00,2026-10-01 09:58:00+02:00,2026-10-01 09:58:30+02:00,2026-10-01,9,Thursday,False,48.93945
20261001_070901,2026-10-01 07:09:03.633000+00:00,St. Gallen,rail,ch:1:sloid:6302,St. Gallen,ch:1:sloid:6302:2:3,2026-10-01,ch:1:sjyid:100061:2016-001,rail,Voralpen-Express,VAE,VAE,2016,St. Gallen,Luzern,3,,2026-10-01 08:05:00+00:00,2026-10-01 08:05:12+00:00,,True,0.2,2026-10-01 09:09:03.633000+02:00,2026-10-01 10:05:00+02:00,2026-10-01 10:05:12+02:00,2026-10-01,10,Thursday,False,55.93945
20261001_070901,2026-10-01 07:09:03.633000+00:00,St. Gallen,rail,ch:1:sloid:6302,St. Gallen,ch:1:sloid:6302:2:2,2026-10-01,ch:1:sjyid:100001:511-001,rail,InterCity,IC5,IC5,511,Lausanne,Rorschach,2,,2026-10-01 08:05:00+00:00,2026-10-01 08:05:30+00:00,,True,0.5,2026-10-01 09:09:03.633000+02:00,2026-10-01 10:05:00+02:00,2026-10-01 10:05:30+02:00,2026-10-01,10,Thursday,False,55.93945
20261001_070901,2026-10-01 07:09:03.633000+00:00,St. Gallen,rail,ch:1:sloid:6302,St. Gallen,ch:1:sloid:6302:1:1,2026-10-01,ch:1:sjyid:100001:716-001,rail,InterCity,IC1,IC1,716,St. Gallen,Genève-Aéroport,1,,2026-10-01 08:07:00+00:00,2026-10-01 08:07:42+00:00,,True,0.7,2026-10-01 09:09:03.633000+02:00,2026-10-01 10:07:00+02:00,2026-10-01 10:07:42+02:00,2026-10-01,10,Thursday,False,57.93945
20261001_070901,2026-10-01 07:09:03.633000+00:00,St. Gallen,rail,ch:1:sloid:6302,St. Gallen,ch:1:sloid:6302:4:6,2026-10-01,ch:1:sjyid:100046:11235-001,rail,S-Bahn,S2,S2,11235,Nesslau-Neu St. Johann,Altstätten SG,6,,2026-10-01 08:08:00+00:00,2026-10-01 08:08:12+00:00,,True,0.2,2026-10-01 09:09:03.633000+02:00,2026-10-01 10:08:00+02:00,2026-10-01 10:08:12+02:00,2026-10-01,10,Thursday,False,58.93945
20261001_070901,2026-10-01 07:09:03.633000+00:00,St. Gallen,rail,ch:1:sloid:6302,St. Gallen,ch:1:sloid:6302:3:5,2026-10-01,ch:1:sjyid:100046:11534-002,rail,S-Bahn,S5,S5,11534,St. Margrethen SG,Weinfelden,5,,2026-10-01 08:10:00+00:00,2026-10-01 08:10:12+00:00,,True,0.2,2026-10-01 09:09:03.633000+02:00,2026-10-01 10:10:00+02:00,2026-10-01 10:10:12+02:00,2026-10-01,10,Thursday,False,60.93945
20261001_070901,2026-10-01 07:09:03.633000+00:00,St. Gallen,rail,ch:1:sloid:6302,St. Gallen,ch:1:sloid:6302:3:4,2026-10-01,ch:1:sjyid:100061:12118-001,rail,S-Bahn,S81,S81,12118,St. Gallen,Herisau,4,,2026-10-01 08:14:00+00:00,2026-10-01 08:14:42+00:00,,True,0.7,2026-10-01 09:09:03.633000+02:00,2026-10-01 10:14:00+02:00,2026-10-01 10:14:42+02:00,2026-10-01,10,Thursday,False,64.93945000000001
20261001_070901,2026-10-01 07:09:04.136000+00:00,Lausanne,rail,ch:1:sloid:1120,Lausanne,ch:1:sloid:1120:0:276884,2026-10-01,ch:1:sjyid:100001:1713-001,rail,InterRegio,IR95,IR95,1713,Genève-Aéroport,Brig,3,,2026-10-01 07:14:00+00:00,2026-10-01 07:14:30+00:00,,True,0.5,2026-10-01 09:09:04.136000+02:00,2026-10-01 09:14:00+02:00,2026-10-01 09:14:30+02:00,2026-10-01,9,Thursday,False,4.931066666666666
20261001_070901,2026-10-01 07:09:04.136000+00:00,Lausanne,rail,ch:1:sloid:1120,Lausanne,ch:1:sloid:1120:0:638488,2026-10-01,ch:1:sjyid:100001:1810-001,rail,InterRegio,IR90,IR90,1810,Brig,Genève-Aéroport,8,,2026-10-01 07:16:00+00:00,2026-10-01 07:16:30+00:00,,True,0.5,2026-10-01 09:09:04.136000+02:00,2026-10-01 09:16:00+02:00,2026-10-01 09:16:30+02:00,2026-10-01,9,Thursday,False,6.931066666666666
20261001_070901,2026-10-01 07:09:04.136000+00:00,Lausanne,rail,ch:1:sloid:1120,Lausanne,ch:1:sloid:1120:0:668579,2026-10-01,ch:1:sjyid:100001:713-001,rail,InterCity,IC1,IC1,713,Genève-Aéroport,St. Gallen,1,,2026-10-01 07:17:00+00:00,2026-10-01 07:17:30+00:00,,True,0.5,2026-10-01 09:09:04.136000+02:00,2026-10-01 09:17:00+02:00,2026-10-01 09:17:30+02:00,2026-10-01,9,Thursday,False,7.931066666666666
20261001_070901,2026-10-01 07:09:04.136000+00:00,Lausanne,rail,ch:1:sloid:1120,Lausanne,ch:1:sloid:1120:0:20298,2026-10-01,ch:1:sjyid:100001:24627-001,rail,S-Bahn,S40,S40,24627,Lausanne,Fribourg/Freiburg,70,,2026-10-01 07:21:00+00:00,2026-10-01 07:21:12+00:00,,True,0.2,2026-10-01 09:09:04.136000+02:00,2026-10-01 09:21:00+02:00,2026-10-01 09:21:12+02:00,2026-10-01,9,Thursday,False,11.931066666666668
20261001_070901,2026-10-01 07:09:04.136000+00:00,Lausanne,rail,ch:1:sloid:1120,Lausanne,ch:1:sloid:1120:0:42631,2026-10-01,ch:1:sjyid:100001:2510-002,rail,InterRegio,IR15,IR15,2510,Luzern,Genève-Aéroport,5,,2026-10-01 07:23:00+00:00,2026-10-01 07:23:36+00:00,,True,0.6,2026-10-01 09:09:04.136000+02:00,2026-10-01 09:23:00+02:00,2026-10-01 09:23:36+02:00,2026-10-01,9,Thursday,False,13.931066666666668
20261001_070901,2026-10-01 07:09:04.136000+00:00,Lausanne,rail,ch:1:sloid:1120,Lausanne,ch:1:sloid:1120:0:276884,2026-10-01,ch:1:sjyid:100001:24227-001,rail,Regio,R2,R2,24227,Grandson,Bex,3,,2026-10-01 07:24:00+00:00,2026-10-01 07:24:30+00:00,,True,0.5,2026-10-01 09:09:04.136000+02:00,2026-10-01 09:24:00+02:00,2026-10-01 09:24:30+02:00,2026-10-01,9,Thursday,False,14.931066666666668
20261001_070901,2026-10-01 07:09:04.136000+00:00,Lausanne,rail,ch:1:sloid:1120,Lausanne,ch:1:sloid:1120:0:638488,2026-10-01,ch:1:sjyid:100001:24418-001,rail,Regio,R4,R4,24418,Vevey,Vallorbe/Le Brassus,8,,2026-10-01 07:27:00+00:00,2026-10-01 07:27:12+00:00,,True,0.2,2026-10-01 09:09:04.136000+02:00,2026-10-01 09:27:00+02:00,2026-10-01 09:27:12+02:00,2026-10-01,9,Thursday,False,17.931066666666666
20261001_070901,2026-10-01 07:09:04.136000+00:00,Lausanne,rail,ch:1:sloid:1120,Lausanne,ch:1:sloid:1120:0:668579,2026-10-01,ch:1:sjyid:100001:24827-001,rail,Regio,R8,R8,24827,Allaman,Payerne,1,,2026-10-01 07:28:00+00:00,2026-10-01 07:28:12+00:00,,True,0.2,2026-10-01 09:09:04.136000+02:00,2026-10-01 09:28:00+02:00,2026-10-01 09:28:12+02:00,2026-10-01,9,Thursday,False,18.931066666666666
20261001_070901,2026-10-01 07:09:04.136000+00:00,Lausanne,rail,ch:1:sloid:1120,Lausanne,ch:1:sloid:1120:0:840061,2026-10-01,ch:1:sjyid:100001:18458-001,rail,RegioExpress,RE33,RE33,18458,Martigny,Annemasse,7,,2026-10-01 07:30:00+00:00,,,False,,2026-10-01 09:09:04.136000+02:00,2026-10-01 09:30:00+02:00,,2026-10-01,9,Thursday,False,20.931066666666666
20261001_070901,2026-10-01 07:09:04.136000+00:00,Lausanne,rail,ch:1:sloid:1120,Lausanne,ch:1:sloid:1120:0:37997,2026-10-01,ch:1:sjyid:100001:18463-001,rail,RegioExpress,RE33,RE33,18463,Annemasse,Martigny,6,,2026-10-01 07:31:00+00:00,2026-10-01 07:31:54+00:00,,True,0.9,2026-10-01 09:09:04.136000+02:00,2026-10-01 09:31:00+02:00,2026-10-01 09:31:54+02:00,2026-10-01,9,Thursday,False,21.931066666666666
20261001_070901,2026-10-01 07:09:04.136000+00:00,Lausanne,rail,ch:1:sloid:1120,Lausanne,ch:1:sloid:1120:0:860143,2026-10-01,ch:1:sjyid:100001:517-001,rail,InterCity,IC5,IC5,517,Lausanne,Rorschach,4,,2026-10-01 07:34:00+00:00,2026-10-01 07:34:30+00:00,,True,0.5,2026-10-01 09:09:04.136000+02:00,2026-10-01 09:34:00+02:00,2026-10-01 09:34:30+02:00,2026-10-01,9,Thursday,False,24.931066666666666
20261001_070901,2026-10-01 07:09:04.136000+00:00,Lausanne,rail,ch:1:sloid:1120,Lausanne,ch:1:sloid:1120:0:42631,2026-10-01,ch:1:sjyid:100001:24818-001,rail,Regio,R8,R8,24818,Payerne,Allaman,5,,2026-10-01 07:34:00+00:00,2026-10-01 07:34:12+00:00,,True,0.2,2026-10-01 09:09:04.136000+02:00,2026-10-01 09:34:00+02:00,2026-10-01 09:34:12+02:00,2026-10-01,9,Thursday,False,24.931066666666666
20261001_070901,2026-10-01 07:09:04.136000+00:00,Lausanne,rail,ch:1:sloid:1120,Lausanne,ch:1:sloid:1120:0:276884,2026-10-01,ch:1:sjyid:100001:24427-001,rail,Regio,R4,R4,24427,Le Day,Vevey,3,,2026-10-01 07:34:00+00:00,2026-10-01 07:34:12+00:00,,True,0.2,2026-10-01 09:09:04.136000+02:00,2026-10-01 09:34:00+02:00,2026-10-01 09:34:12+02:00,2026-10-01,9,Thursday,False,24.931066666666666
20261001_070901,2026-10-01 07:09:04.136000+00:00,Lausanne,rail,ch:1:sloid:1120,Lausanne,ch:1:sloid:1120:0:638488,2026-10-01,ch:1:sjyid:100001:24218-002,rail,Regio,R2,R2,24218,St-Maurice,Grandson,8,,2026-10-01 07:38:00+00:00,2026-10-01 07:38:12+00:00,,True,0.2,2026-10-01 09:09:04.136000+02:00,2026-10-01 09:38:00+02:00,2026-10-01 09:38:12+02:00,2026-10-01,9,Thursday,False,28.931066666666666
20261001_070901,2026-10-01 07:09:04.136000+00:00,Lausanne,rail,ch:1:sloid:1120,Lausanne,ch:1:sloid:1120:0:668579,2026-10-01,ch:1:sjyid:100001:2515-001,rail,InterRegio,IR15,IR15,2515,Genève-Aéroport,Luzern,1,,2026-10-01 07:40:00+00:00,2026-10-01 07:40:30+00:00,,True,0.5,2026-10-01 09:09:04.136000+02:00,2026-10-01 09:40:00+02:00,2026-10-01 09:40:30+02:00,2026-10-01,9,Thursday,False,30.931066666666666
20261001_070901,2026-10-01 07:09:04.136000+00:00,Lausanne,rail,ch:1:sloid:1120,Lausanne,ch:1:sloid:1120:0:860143,2026-10-01,ch:1:sjyid:100001:708-001,rail,InterCity,IC1,IC1,708,St. Gallen,Genève-Aéroport,4,,2026-10-01 07:46:00+00:00,2026-10-01 07:46:30+00:00,,True,0.5,2026-10-01 09:09:04.136000+02:00,2026-10-01 09:46:00+02:00,2026-10-01 09:46:30+02:00,2026-10-01,9,Thursday,False,36.931066666666666
20261001_070901,2026-10-01 07:09:04.136000+00:00,Lausanne,rail,ch:1:sloid:1120,Lausanne,ch:1:sloid:1120:0:276884,2026-10-01,ch:1:sjyid:100001:1813-001,rail,InterRegio,IR90,IR90,1813,Genève-Aéroport,Brig,3,,2026-10-01 07:48:00+00:00,2026-10-01 07:48:30+00:00,,True,0.5,2026-10-01 09:09:04.136000+02:00,2026-10-01 09:48:00+02:00,2026-10-01 09:48:30+02:00,2026-10-01,9,Thursday,False,38.931066666666666
20261001_070901,2026-10-01 07:09:04.136000+00:00,Lausanne,rail,ch:1:sloid:1120,Lausanne,ch:1:sloid:1120:0:638488,2026-10-01,ch:1:sjyid:100001:1710-001,rail,InterRegio,IR95,IR95,1710,Brig,Genève-Aéroport,8,,2026-10-01 07:49:00+00:00,2026-10-01 07:49:30+00:00,,True,0.5,2026-10-01 09:09:04.136000+02:00,2026-10-01 09:49:00+02:00,2026-10-01 09:49:30+02:00,2026-10-01,9,Thursday,False,39.931066666666666
20261001_070901,2026-10-01 07:09:04.136000+00:00,Lausanne,rail,ch:1:sloid:1120,Lausanne,ch:1:sloid:1120:0:20298,2026-10-01,ch:1:sjyid:100001:24531-001,rail,S-Bahn,S41,S41,24531,Lausanne,Fribourg/Freiburg,70,,2026-10-01 07:49:00+00:00,2026-10-01 07:49:12+00:00,,True,0.2,2026-10-01 09:09:04.136000+02:00,2026-10-01 09:49:00+02:00,2026-10-01 09:49:12+02:00,2026-10-01,9,Thursday,False,39.931066666666666
20261001_070901,2026-10-01 07:09:04.136000+00:00,Lausanne,rail,ch:1:sloid:1120,Lausanne,ch:1:sloid:1120:0:37997,2026-10-01,ch:1:sjyid:100001:24131-001,rail,Regio,R1,R1,24131,Grandson,Bex,6,,2026-10-01 07:55:00+00:00,2026-10-01 07:55:12+00:00,,True,0.2,2026-10-01 09:09:04.136000+02:00,2026-10-01 09:55:00+02:00,2026-10-01 09:55:12+02:00,2026-10-01,9,Thursday,False,45.931066666666666
20261001_070901,2026-10-01 07:09:04.136000+00:00,Lausanne,rail,ch:1:sloid:1120,Lausanne,ch:1:sloid:1120:0:668579,2026-10-01,ch:1:sjyid:100001:24931-001,rail,Regio,R9,R9,24931,Allaman,Murten/Morat,1,,2026-10-01 07:57:00+00:00,2026-10-01 07:58:00+00:00,,True,1.0,2026-10-01 09:09:04.136000+02:00,2026-10-01 09:57:00+02:00,2026-10-01 09:58:00+02:00,2026-10-01,9,Thursday,False,47.931066666666666
20261001_070901,2026-10-01 07:09:04.136000+00:00,Lausanne,rail,ch:1:sloid:1120,Lausanne,ch:1:sloid:1120:0:840061,2026-10-01,ch:1:sjyid:100001:24320-001,rail,Regio,R3,R3,24320,Vevey,Vallorbe,7,,2026-10-01 07:57:00+00:00,2026-10-01 07:57:12+00:00,,True,0.2,2026-10-01 09:09:04.136000+02:00,2026-10-01 09:57:00+02:00,2026-10-01 09:57:12+02:00,2026-10-01,9,Thursday,False,47.931066666666666
20261001_070901,2026-10-01 07:09:04.136000+00:00,Lausanne,rail,ch:1:sloid:1120,Lausanne,ch:1:sloid:1120:0:638488,2026-10-01,ch:1:sjyid:100001:18414-001,rail,RegioExpress,RE33,RE33,18414,St-Maurice,Annemasse,8,,2026-10-01 08:00:00+00:00,,,False,,2026-10-01 09:09:04.136000+02:00,2026-10-01 10:00:00+02:00,,2026-10-01,10,Thursday,False,50.931066666666666
20261001_070901,2026-10-01 07:09:04.136000+00:00,Lausanne,rail,ch:1:sloid:1120,Lausanne,ch:1:sloid:1120:0:860143,2026-10-01,ch:1:sjyid:100001:18411-001,rail,RegioExpress,RE33,RE33,18411,Annemasse,St-Maurice,4,,2026-10-01 08:01:00+00:00,2026-10-01 08:01:54+00:00,,True,0.9,2026-10-01 09:09:04.136000+02:00,2026-10-01 10:01:00+02:00,2026-10-01 10:01:54+02:00,2026-10-01,10,Thursday,False,51.931066666666666
20261001_070901,2026-10-01 07:09:04.136000+00:00,Lausanne,rail,ch:1:sloid:1120,Lausanne,ch:1:sloid:1120:0:840061,2026-10-01,ch:1:sjyid:100001:24920-001,rail,Regio,R9,R9,24920,Murten/Morat,Allaman,7,,2026-10-01 08:04:00+00:00,2026-10-01 08:04:12+00:00,,True,0.2,2026-10-01 09:09:04.136000+02:00,2026-10-01 10:04:00+02:00,2026-10-01 10:04:12+02:00,2026-10-01,10,Thursday,False,54.931066666666666
20261001_070901,2026-10-01 07:09:04.136000+00:00,Lausanne,rail,ch:1:sloid:1120,Lausanne,ch:1:sloid:1120:0:276884,2026-10-01,ch:1:sjyid:100001:1617-001,rail,InterCity,IC51,IC51,1617,Lausanne,Basel SBB,3,,2026-10-01 08:04:00+00:00,2026-10-01 08:04:30+00:00,,True,0.5,2026-10-01 09:09:04.136000+02:00,2026-10-01 10:04:00+02:00,2026-10-01 10:04:30+02:00,2026-10-01,10,Thursday,False,54.931066666666666
20261001_070901,2026-10-01 07:09:04.136000+00:00,Lausanne,rail,ch:1:sloid:1120,Lausanne,ch:1:sloid:1120:0:37997,2026-10-01,ch:1:sjyid:100001:24331-002,rail,Regio,R3,R3,24331,Vallorbe,Vevey,6,,2026-10-01 08:04:00+00:00,2026-10-01 08:04:18+00:00,,True,0.3,2026-10-01 09:09:04.136000+02:00,2026-10-01 10:04:00+02:00,2026-10-01 10:04:18+02:00,2026-10-01,10,Thursday,False,54.931066666666666
20261001_070901,2026-10-01 07:09:04.136000+00:00,Lausanne,rail,ch:1:sloid:1120,Lausanne,ch:1:sloid:1120:0:42631,2026-10-01,ch:1:sjyid:100001:24120-001,rail,Regio,R1,R1,24120,Bex,Grandson,5,,2026-10-01 08:08:00+00:00,2026-10-01 08:08:12+00:00,,True,0.2,2026-10-01 09:09:04.136000+02:00,2026-10-01 10:08:00+02:00,2026-10-01 10:08:12+02:00,2026-10-01,10,Thursday,False,58.931066666666666
20261001_070901,2026-10-01 07:09:04.136000+00:00,Lausanne,rail,ch:1:sloid:1120,Lausanne,ch:1:sloid:1120:0:276884,2026-10-01,ch:1:sjyid:100001:1715-001,rail,InterRegio,IR95,IR95,1715,Genève-Aéroport,Brig,3,,2026-10-01 08:14:00+00:00,2026-10-01 08:14:30+00:00,,True,0.5,2026-10-01 09:09:04.136000+02:00,2026-10-01 10:14:00+02:00,2026-10-01 10:14:30+02:00,2026-10-01,10,Thursday,False,64.93106666666667
20261001_070901,2026-10-01 07:09:04.136000+00:00,Lausanne,rail,ch:1:sloid:1120,Lausanne,ch:1:sloid:1120:0:638488,2026-10-01,ch:1:sjyid:100001:1812-001,rail,InterRegio,IR90,IR90,1812,Brig,Genève-Aéroport,8,,2026-10-01 08:16:00+00:00,2026-10-01 08:16:30+00:00,,True,0.5,2026-10-01 09:09:04.136000+02:00,2026-10-01 10:16:00+02:00,2026-10-01 10:16:30+02:00,2026-10-01,10,Thursday,False,66.93106666666667
20261001_070901,2026-10-01 07:09:04.631000+00:00,Genève,rail,ch:1:sloid:1008,Genève,ch:1:sloid:1008:2:2,2026-10-01,ch:1:sjyid:100001:18411-001,rail,RegioExpress,RE33,RE33,18411,Annemasse,St-Maurice,2,,2026-10-01 07:08:00+00:00,2026-10-01 07:09:24+00:00,,True,1.4,2026-10-01 09:09:04.631000+02:00,2026-10-01 09:08:00+02:00,2026-10-01 09:09:24+02:00,2026-10-01,9,Thursday,False,-1.0771833333333334
20261001_070901,2026-10-01 07:09:04.631000+00:00,Genève,rail,ch:1:sloid:1008,Genève,ch:1:sloid:1008:1:1,2026-10-01,ch:1:sjyid:100001:23415-001,rail,Regio,RL2,RL2,23415,Annemasse,Coppet,1,,2026-10-01 07:15:00+00:00,2026-10-01 07:15:36+00:00,,True,0.6,2026-10-01 09:09:04.631000+02:00,2026-10-01 09:15:00+02:00,2026-10-01 09:15:36+02:00,2026-10-01,9,Thursday,False,5.922816666666667
20261001_070901,2026-10-01 07:09:04.631000+00:00,Genève,rail,ch:1:sloid:1008,Genève,ch:1:sloid:1008:2:2,2026-10-01,ch:1:sjyid:100001:23230-001,rail,Regio,RL4,RL4,23230,Coppet,Annemasse,2,,2026-10-01 07:16:00+00:00,2026-10-01 07:16:42+00:00,,True,0.7,2026-10-01 09:09:04.631000+02:00,2026-10-01 09:16:00+02:00,2026-10-01 09:16:42+02:00,2026-10-01,9,Thursday,False,6.922816666666667
20261001_070901,2026-10-01 07:09:04.631000+00:00,Genève,rail,ch:1:sloid:1008,Genève,ch:1:sloid:1008:3:6,2026-10-01,ch:1:sjyid:100001:23030-002,rail,Regio,RL5,RL5,23030,Genève,La Plaine,10,5,2026-10-01 07:18:00+00:00,2026-10-01 07:18:12+00:00,,True,0.2,2026-10-01 09:09:04.631000+02:00,2026-10-01 09:18:00+02:00,2026-10-01 09:18:12+02:00,2026-10-01,9,Thursday,False,8.922816666666668
20261001_070901,2026-10-01 07:09:04.631000+00:00,Genève,rail,ch:1:sloid:1008,Genève,ch:1:sloid:1008:2:2,2026-10-01,ch:1:sjyid:100001:18456-001,rail,RegioExpress,RE33,RE33,18456,Martigny,Annemasse,2,,2026-10-01 07:23:00+00:00,,,False,,2026-10-01 09:09:04.631000+02:00,2026-10-01 09:23:00+02:00,,2026-10-01,9,Thursday,False,13.922816666666668
20261001_070901,2026-10-01 07:09:04.631000+00:00,Genève,rail,ch:1:sloid:1008,Genève,ch:1:sloid:1008:3:4,2026-10-01,ch:1:sjyid:100001:1715-001,rail,InterRegio,IR95,IR95,1715,Genève-Aéroport,Brig,4,,2026-10-01 07:24:00+00:00,2026-10-01 07:24:42+00:00,,True,0.7,2026-10-01 09:09:04.631000+02:00,2026-10-01 09:24:00+02:00,2026-10-01 09:24:42+02:00,2026-10-01,9,Thursday,False,14.922816666666668
20261001_070901,2026-10-01 07:09:04.631000+00:00,Genève,rail,ch:1:sloid:1008,Genève,ch:1:sloid:1008:4:7,2026-10-01,ch:1:sjyid:100001:96558-002,rail,Train Express Regional,TER,TER,96558,Genève,Lyon Part Dieu,6,,2026-10-01 07:24:00+00:00,2026-10-01 07:24:30+00:00,,True,0.5,2026-10-01 09:09:04.631000+02:00,2026-10-01 09:24:00+02:00,2026-10-01 09:24:30+02:00,2026-10-01,9,Thursday,False,14.922816666666668
20261001_070901,2026-10-01 07:09:04.631000+00:00,Genève,rail,ch:1:sloid:1008,Genève,ch:1:sloid:1008:2:3,2026-10-01,ch:1:sjyid:100001:706-001,rail,InterCity,IC1,IC1,706,St. Gallen,Genève-Aéroport,3,,2026-10-01 07:28:00+00:00,2026-10-01 07:29:12+00:00,,True,1.2,2026-10-01 09:09:04.631000+02:00,2026-10-01 09:28:00+02:00,2026-10-01 09:29:12+02:00,2026-10-01,9,Thursday,False,18.922816666666666
20261001_070901,2026-10-01 07:09:04.631000+00:00,Genève,rail,ch:1:sloid:1008,Genève,ch:1:sloid:1008:1:1,2026-10-01,ch:1:sjyid:100001:23479-001,rail,Regio,RL3,RL3,23479,Annemasse,Coppet,1,,2026-10-01 07:30:00+00:00,2026-10-01 07:30:12+00:00,,True,0.2,2026-10-01 09:09:04.631000+02:00,2026-10-01 09:30:00+02:00,2026-10-01 09:30:12+02:00,2026-10-01,9,Thursday,False,20.922816666666666
20261001_070901,2026-10-01 07:09:04.631000+00:00,Genève,rail,ch:1:sloid:1008,Genève,ch:1:sloid:1008:2:2,2026-10-01,ch:1:sjyid:100001:23314-001,rail,Regio,RL1,RL1,23314,Coppet,Thonon-les-Bains,2,,2026-10-01 07:31:00+00:00,2026-10-01 07:31:42+00:00,,True,0.7,2026-10-01 09:09:04.631000+02:00,2026-10-01 09:31:00+02:00,2026-10-01 09:31:42+02:00,2026-10-01,9,Thursday,False,21.922816666666666
20261001_070901,2026-10-01 07:09:04.631000+00:00,Genève,rail,ch:1:sloid:1008,Genève,ch:1:sloid:1008:3:4,2026-10-01,ch:1:sjyid:100001:715-001,rail,InterCity,IC1,IC1,715,Genève-Aéroport,St. Gallen,4,,2026-10-01 07:35:00+00:00,2026-10-01 07:35:30+00:00,,True,0.5,2026-10-01 09:09:04.631000+02:00,2026-10-01 09:35:00+02:00,2026-10-01 09:35:30+02:00,2026-10-01,9,Thursday,False,25.922816666666666
20261001_070901,2026-10-01 07:09:04.631000+00:00,Genève,rail,ch:1:sloid:1008,Genève,ch:1:sloid:1008:2:3,2026-10-01,ch:1:sjyid:100001:18465-001,rail,RegioExpress,RE33,RE33,18465,Annemasse,Martigny,3,,2026-10-01 07:38:00+00:00,2026-10-01 07:38:12+00:00,,True,0.2,2026-10-01 09:09:04.631000+02:00,2026-10-01 09:38:00+02:00,2026-10-01 09:38:12+02:00,2026-10-01,9,Thursday,False,28.922816666666666
20261001_070901,2026-10-01 07:09:04.631000+00:00,Genève,rail,ch:1:sloid:1008,Genève,ch:1:sloid:1008:2:2,2026-10-01,ch:1:sjyid:100001:1708-001,rail,InterRegio,IR95,IR95,1708,Brig,Genève-Aéroport,2,,2026-10-01 07:38:00+00:00,2026-10-01 07:38:30+00:00,,True,0.5,2026-10-01 09:09:04.631000+02:00,2026-10-01 09:38:00+02:00,2026-10-01 09:38:30+02:00,2026-10-01,9,Thursday,False,28.922816666666666
20261001_070901,2026-10-01 07:09:04.631000+00:00,Genève,rail,ch:1:sloid:1008,Genève,ch:1:sloid:1008:1:1,2026-10-01,ch:1:sjyid:100001:23231-001,rail,Regio,RL4,RL4,23231,Annemasse,Coppet,1,,2026-10-01 07:45:00+00:00,2026-10-01 07:45:12+00:00,,True,0.2,2026-10-01 09:09:04.631000+02:00,2026-10-01 09:45:00+02:00,2026-10-01 09:45:12+02:00,2026-10-01,9,Thursday,False,35.92281666666667
20261001_070901,2026-10-01 07:09:04.631000+00:00,Genève,rail,ch:1:sloid:1008,Genève,ch:1:sloid:1008:2:2,2026-10-01,ch:1:sjyid:100001:23418-001,rail,Regio,RL2,RL2,23418,Coppet,Annemasse,2,,2026-10-01 07:46:00+00:00,2026-10-01 07:46:42+00:00,,True,0.7,2026-10-01 09:09:04.631000+02:00,2026-10-01 09:46:00+02:00,2026-10-01 09:46:42+02:00,2026-10-01,9,Thursday,False,36.92281666666667
20261001_070901,2026-10-01 07:09:04.631000+00:00,Genève,rail,ch:1:sloid:1008,Genève,ch:1:sloid:1008:3:6,2026-10-01,ch:1:sjyid:100001:23032-002,rail,Regio,RL5,RL5,23032,Genève,La Plaine,5,,2026-10-01 07:48:00+00:00,2026-10-01 07:48:12+00:00,,True,0.2,2026-10-01 09:09:04.631000+02:00,2026-10-01 09:48:00+02:00,2026-10-01 09:48:12+02:00,2026-10-01,9,Thursday,False,38.92281666666667
20261001_070901,2026-10-01 07:09:04.631000+00:00,Genève,rail,ch:1:sloid:1008,Genève,ch:1:sloid:1008:2:3,2026-10-01,ch:1:sjyid:100001:1658-002,rail,InterRegio,IR57,IR57,1658,Neuchâtel,Genève-Aéroport,3,,2026-10-01 07:48:00+00:00,2026-10-01 07:49:06+00:00,,True,1.1,2026-10-01 09:09:04.631000+02:00,2026-10-01 09:48:00+02:00,2026-10-01 09:49:06+02:00,2026-10-01,9,Thursday,False,38.92281666666667
20261001_070901,2026-10-01 07:09:04.631000+00:00,Genève,rail,ch:1:sloid:1008,Genève,ch:1:sloid:1008:2:2,2026-10-01,ch:1:sjyid:100001:18412-001,rail,RegioExpress,RE33,RE33,18412,St-Maurice,Annemasse,2,,2026-10-01 07:53:00+00:00,,,False,,2026-10-01 09:09:04.631000+02:00,2026-10-01 09:53:00+02:00,,2026-10-01,9,Thursday,False,43.92281666666667
20261001_070901,2026-10-01 07:09:04.631000+00:00,Genève,rail,ch:1:sloid:1008,Genève,ch:1:sloid:1008:3:6,2026-10-01,ch:1:sjyid:100001:2517-001,rail,InterRegio,IR15,IR15,2517,Genève-Aéroport,Luzern,4,5,2026-10-01 07:54:00+00:00,2026-10-01 07:54:30+00:00,,True,0.5,2026-10-01 09:09:04.631000+02:00,2026-10-01 09:54:00+02:00,2026-10-01 09:54:30+02:00,2026-10-01,9,Thursday,False,44.92281666666667
20261001_070901,2026-10-01 07:09:04.631000+00:00,Genève,rail,ch:1:sloid:1008,Genève,ch:1:sloid:1008:4:8,2026-10-01,ch:1:sjyid:100001:96634-002,rail,Train Express Regional,TER,TER,96634,Genève,Valence,7,,2026-10-01 07:57:00+00:00,2026-10-01 07:58:00+00:00,,True,1.0,2026-10-01 09:09:04.631000+02:00,2026-10-01 09:57:00+02:00,2026-10-01 09:58:00+02:00,2026-10-01,9,Thursday,False,47.92281666666667
20261001_070901,2026-10-01 07:09:04.631000+00:00,Genève,rail,ch:1:sloid:1008,Genève,ch:1:sloid:1008:3:4,2026-10-01,ch:1:sjyid:100001:1810-001,rail,InterRegio,IR90,IR90,1810,Brig,Genève-Aéroport,3,4,2026-10-01 07:58:00+00:00,2026-10-01 07:58:30+00:00,,True,0.5,2026-10-01 09:09:04.631000+02:00,2026-10-01 09:58:00+02:00,2026-10-01 09:58:30+02:00,2026-10-01,9,Thursday,False,48.92281666666667
20261001_070901,2026-10-01 07:09:04.631000+00:00,Genève,rail,ch:1:sloid:1008,Genève,ch:1:sloid:1008:1:1,2026-10-01,ch:1:sjyid:100001:23133-001,rail,Regio,RL4,RL4,23133,Annemasse,Coppet,1,,2026-10-01 08:00:00+00:00,2026-10-01 08:00:12+00:00,,True,0.2,2026-10-01 09:09:04.631000+02:00,2026-10-01 10:00:00+02:00,2026-10-01 10:00:12+02:00,2026-10-01,10,Thursday,False,50.92281666666667
20261001_070901,2026-10-01 07:09:04.631000+00:00,Genève,rail,ch:1:sloid:1008,Genève,ch:1:sloid:1008:2:3,2026-10-01,ch:1:sjyid:100001:23134-001,rail,Regio,RL4,RL4,23134,Coppet,Annemasse,2,3,2026-10-01 08:01:00+00:00,2026-10-01 08:01:42+00:00,,True,0.7,2026-10-01 09:09:04.631000+02:00,2026-10-01 10:01:00+02:00,2026-10-01 10:01:42+02:00,2026-10-01,10,Thursday,False,51.92281666666667
20261001_070901,2026-10-01 07:09:04.631000+00:00,Genève,rail,ch:1:sloid:1008,Genève,ch:1:sloid:1008:3:6,2026-10-01,ch:1:sjyid:100001:1815-001,rail,InterRegio,IR90,IR90,1815,Genève-Aéroport,Brig,5,,2026-10-01 08:05:00+00:00,2026-10-01 08:05:30+00:00,,True,0.5,2026-10-01 09:09:04.631000+02:00,2026-10-01 10:05:00+02:00,2026-10-01 10:05:30+02:00,2026-10-01,10,Thursday,False,55.92281666666667
20261001_070901,2026-10-01 07:09:04.631000+00:00,Genève,rail,ch:1:sloid:1008,Genève,ch:1:sloid:1008:3:4,2026-10-01,ch:1:sjyid:100001:18413-001,rail,RegioExpress,RE33,RE33,18413,Annemasse,St-Maurice,4,,2026-10-01 08:08:00+00:00,2026-10-01 08:08:00+00:00,,True,0.0,2026-10-01 09:09:04.631000+02:00,2026-10-01 10:08:00+02:00,2026-10-01 10:08:00+02:00,2026-10-01,10,Thursday,False,58.92281666666667
20261001_070901,2026-10-01 07:09:04.631000+00:00,Genève,rail,ch:1:sloid:1008,Genève,ch:1:sloid:1008:2:3,2026-10-01,ch:1:sjyid:100001:2510-002,rail,InterRegio,IR15,IR15,2510,Luzern,Genève-Aéroport,3,,2026-10-01 08:08:00+00:00,2026-10-01 08:08:30+00:00,,True,0.5,2026-10-01 09:09:04.631000+02:00,2026-10-01 10:08:00+02:00,2026-10-01 10:08:30+02:00,2026-10-01,10,Thursday,False,58.92281666666667
20261001_070901,2026-10-01 07:09:04.631000+00:00,Genève,rail,ch:1:sloid:1008,Genève,ch:1:sloid:1008,2026-10-01,ch:1:sjyid:100001:88413-892,rail,,RE33,RE33,88413,Genève,St-Maurice,4A-D,,2026-10-01 08:08:00+00:00,2026-10-01 08:08:12+00:00,,True,0.2,2026-10-01 09:09:04.631000+02:00,2026-10-01 10:08:00+02:00,2026-10-01 10:08:12+02:00,2026-10-01,10,Thursday,False,58.92281666666667
20261001_070901,2026-10-01 07:09:04.631000+00:00,Genève,rail,ch:1:sloid:1008,Genève,ch:1:sloid:1008:1:1,2026-10-01,ch:1:sjyid:100001:23417-001,rail,Regio,RL2,RL2,23417,Annemasse,Coppet,1,,2026-10-01 08:15:00+00:00,2026-10-01 08:15:12+00:00,,True,0.2,2026-10-01 09:09:04.631000+02:00,2026-10-01 10:15:00+02:00,2026-10-01 10:15:12+02:00,2026-10-01,10,Thursday,False,65.92281666666666
20261001_070901,2026-10-01 07:09:04.631000+00:00,Genève,rail,ch:1:sloid:1008,Genève,ch:1:sloid:1008:2:2,2026-10-01,ch:1:sjyid:100001:23234-001,rail,Regio,RL4,RL4,23234,Coppet,Annemasse,2,,2026-10-01 08:16:00+00:00,2026-10-01 08:16:42+00:00,,True,0.7,2026-10-01 09:09:04.631000+02:00,2026-10-01 10:16:00+02:00,2026-10-01 10:16:42+02:00,2026-10-01,10,Thursday,False,66.92281666666666
20261001_070901,2026-10-01 07:09:04.631000+00:00,Genève,rail,ch:1:sloid:1008,Genève,ch:1:sloid:1008:3:5,2026-10-01,ch:1:sjyid:100001:23034-002,rail,Regio,RL5,RL5,23034,Genève,La Plaine,10,,2026-10-01 08:18:00+00:00,2026-10-01 08:18:12+00:00,,True,0.2,2026-10-01 09:09:04.631000+02:00,2026-10-01 10:18:00+02:00,2026-10-01 10:18:12+02:00,2026-10-01,10,Thursday,False,68.92281666666666
20261001_070901,2026-10-01 07:09:05.190000+00:00,Lugano,rail,ch:1:sloid:5300,Lugano,ch:1:sloid:5300:2:3,2026-10-01,ch:1:sjyid:100001:25914-001,rail,S-Bahn,S90,S90,25914,Mendrisio,Giubiasco,3,,2026-10-01 07:08:00+00:00,2026-10-01 07:09:54+00:00,,True,1.9,2026-10-01 09:09:05.190000+02:00,2026-10-01 09:08:00+02:00,2026-10-01 09:09:54+02:00,2026-10-01,9,Thursday,False,-1.0865
20261001_070901,2026-10-01 07:09:05.190000+00:00,Lugano,rail,ch:1:sloid:5300,Lugano,ch:1:sloid:5300:3:4,2026-10-01,ch:1:sjyid:100001:3092-002,rail,Gotthard Panorama Express,PE,PE,3092,Lugano,Arth-Goldau,4,,2026-10-01 07:18:00+00:00,2026-10-01 07:19:00+00:00,,True,1.0,2026-10-01 09:09:05.190000+02:00,2026-10-01 09:18:00+02:00,2026-10-01 09:19:00+02:00,2026-10-01,9,Thursday,False,8.913499999999999
20261001_070901,2026-10-01 07:09:05.190000+00:00,Lugano,rail,ch:1:sloid:5300,Lugano,ch:1:sloid:5300:3:4,2026-10-01,ch:1:sjyid:100001:25114-001,rail,S-Bahn,S10,S10,25114,Como Camerlata,Biasca,4,,2026-10-01 07:25:00+00:00,2026-10-01 07:25:48+00:00,,True,0.8,2026-10-01 09:09:05.190000+02:00,2026-10-01 09:25:00+02:00,2026-10-01 09:25:48+02:00,2026-10-01,9,Thursday,False,15.913499999999999
20261001_070901,2026-10-01 07:09:05.190000+00:00,Lugano,rail,ch:1:sloid:5300,Lugano,ch:1:sloid:5300:2:2,2026-10-01,ch:1:sjyid:100001:25815-001,rail,RegioExpress,RE80,RE80,25815,Locarno,Chiasso,2,,2026-10-01 07:25:00+00:00,2026-10-01 07:25:12+00:00,,True,0.2,2026-10-01 09:09:05.190000+02:00,2026-10-01 09:25:00+02:00,2026-10-01 09:25:12+02:00,2026-10-01,9,Thursday,False,15.913499999999999
20261001_070901,2026-10-01 07:09:05.190000+00:00,Lugano,rail,ch:1:sloid:5300,Lugano,ch:1:sloid:5300:2:3,2026-10-01,ch:1:sjyid:100001:12-001,rail,EuroCity,EC,EC,12,Como S. Giovanni,Zürich HB,3,,2026-10-01 07:30:00+00:00,2026-10-01 07:31:00+00:00,,True,1.0,2026-10-01 09:09:05.190000+02:00,2026-10-01 09:30:00+02:00,2026-10-01 09:31:00+02:00,2026-10-01,9,Thursday,False,20.9135
20261001_070901,2026-10-01 07:09:05.190000+00:00,Lugano,rail,ch:1:sloid:5300,Lugano,ch:1:sloid:5300:2:2,2026-10-01,ch:1:sjyid:100001:13-002,rail,EuroCity,EC,EC,13,Zürich HB,Milano Centrale,2,,2026-10-01 07:30:00+00:00,,,False,,2026-10-01 09:09:05.190000+02:00,2026-10-01 09:30:00+02:00,,2026-10-01,9,Thursday,False,20.9135
20261001_070901,2026-10-01 07:09:05.190000+00:00,Lugano,rail,ch:1:sloid:5300,Lugano,ch:1:sloid:5300:3:4,2026-10-01,ch:1:sjyid:100001:25810-001,rail,RegioExpress,RE80,RE80,25810,Chiasso,Locarno,4,,2026-10-01 07:35:00+00:00,2026-10-01 07:35:48+00:00,,True,0.8,2026-10-01 09:09:05.190000+02:00,2026-10-01 09:35:00+02:00,2026-10-01 09:35:48+02:00,2026-10-01,9,Thursday,False,25.9135
20261001_070901,2026-10-01 07:09:05.190000+00:00,Lugano,rail,ch:1:sloid:5300,Lugano,ch:1:sloid:5300:2:2,2026-10-01,ch:1:sjyid:100001:25115-001,rail,S-Bahn,S10,S10,25115,Biasca,Como Camerlata,2,,2026-10-01 07:36:00+00:00,,,False,,2026-10-01 09:09:05.190000+02:00,2026-10-01 09:36:00+02:00,,2026-10-01,9,Thursday,False,26.9135
20261001_070901,2026-10-01 07:09:05.190000+00:00,Lugano,rail,ch:1:sloid:5300,Lugano,ch:1:sloid:5300:1:1,2026-10-01,ch:1:sjyid:100001:25962-001,rail,S-Bahn,S90,S90,25962,Lugano,Giubiasco,1,,2026-10-01 07:38:00+00:00,2026-10-01 07:38:12+00:00,,True,0.2,2026-10-01 09:09:05.190000+02:00,2026-10-01 09:38:00+02:00,2026-10-01 09:38:12+02:00,2026-10-01,9,Thursday,False,28.9135
20261001_070901,2026-10-01 07:09:05.190000+00:00,Lugano,rail,ch:1:sloid:5300,Lugano,ch:1:sloid:5300:2:2,2026-10-01,ch:1:sjyid:100001:25915-001,rail,S-Bahn,S90,S90,25915,Giubiasco,Mendrisio,2,,2026-10-01 07:52:00+00:00,2026-10-01 07:52:12+00:00,,True,0.2,2026-10-01 09:09:05.190000+02:00,2026-10-01 09:52:00+02:00,2026-10-01 09:52:12+02:00,2026-10-01,9,Thursday,False,42.9135
20261001_070901,2026-10-01 07:09:05.190000+00:00,Lugano,rail,ch:1:sloid:5300,Lugano,ch:1:sloid:5300:3:4,2026-10-01,ch:1:sjyid:100001:25762-001,rail,S-Bahn,S10,S10,25762,Mendrisio,Biasca,4,,2026-10-01 07:55:00+00:00,2026-10-01 07:55:36+00:00,,True,0.6,2026-10-01 09:09:05.190000+02:00,2026-10-01 09:55:00+02:00,2026-10-01 09:55:36+02:00,2026-10-01,9,Thursday,False,45.9135
20261001_070901,2026-10-01 07:09:05.190000+00:00,Lugano,rail,ch:1:sloid:5300,Lugano,ch:1:sloid:5300:2:3,2026-10-01,ch:1:sjyid:100001:672-001,rail,InterCity,IC21,IC21,672,Lugano,Basel SBB,3,,2026-10-01 08:02:00+00:00,2026-10-01 08:02:30+00:00,,True,0.5,2026-10-01 09:09:05.190000+02:00,2026-10-01 10:02:00+02:00,2026-10-01 10:02:30+02:00,2026-10-01,10,Thursday,False,52.9135
20261001_070901,2026-10-01 07:09:05.190000+00:00,Lugano,rail,ch:1:sloid:5300,Lugano,ch:1:sloid:5300:1:1,2026-10-01,ch:1:sjyid:100001:25515-001,rail,RegioExpress,RE80,RE80,25515,Locarno,Milano Centrale,1,,2026-10-01 08:02:00+00:00,,,False,,2026-10-01 09:09:05.190000+02:00,2026-10-01 10:02:00+02:00,,2026-10-01,10,Thursday,False,52.9135
20261001_070901,2026-10-01 07:09:05.190000+00:00,Lugano,rail,ch:1:sloid:5300,Lugano,ch:1:sloid:5300:3:4,2026-10-01,ch:1:sjyid:100001:25510-001,rail,RegioExpress,RE80,RE80,25510,Milano Centrale,Locarno,4,,2026-10-01 08:05:00+00:00,2026-10-01 08:05:12+00:00,,True,0.2,2026-10-01 09:09:05.190000+02:00,2026-10-01 10:05:00+02:00,2026-10-01 10:05:12+02:00,2026-10-01,10,Thursday,False,55.9135
20261001_070901,2026-10-01 07:09:05.190000+00:00,Lugano,rail,ch:1:sloid:5300,Lugano,ch:1:sloid:5300:1:1,2026-10-01,ch:1:sjyid:100001:25765-001,rail,S-Bahn,S10,S10,25765,Biasca,Como S. Giovanni/Malpensa Aeroporto T2,1,,2026-10-01 08:06:00+00:00,2026-10-01 08:06:12+00:00,,True,0.2,2026-10-01 09:09:05.190000+02:00,2026-10-01 10:06:00+02:00,2026-10-01 10:06:12+02:00,2026-10-01,10,Thursday,False,56.9135
20261001_070901,2026-10-01 07:09:05.190000+00:00,Lugano,rail,ch:1:sloid:5300,Lugano,ch:1:sloid:5300:2:3,2026-10-01,ch:1:sjyid:100001:25916-001,rail,S-Bahn,S90,S90,25916,Mendrisio,Giubiasco,3,,2026-10-01 08:08:00+00:00,2026-10-01 08:08:12+00:00,,True,0.2,2026-10-01 09:09:05.190000+02:00,2026-10-01 10:08:00+02:00,2026-10-01 10:08:12+02:00,2026-10-01,10,Thursday,False,58.9135
20261001_070901,2026-10-01 07:09:05.190000+00:00,Lugano,rail,ch:1:sloid:5300,Lugano,ch:1:sloid:5300:3:4,2026-10-01,ch:1:sjyid:100001:25116-001,rail,S-Bahn,S10,S10,25116,Como Camerlata,Biasca,4,,2026-10-01 08:25:00+00:00,2026-10-01 08:25:24+00:00,,True,0.4,2026-10-01 09:09:05.190000+02:00,2026-10-01 10:25:00+02:00,2026-10-01 10:25:24+02:00,2026-10-01,10,Thursday,False,75.91350000000001
20261001_070901,2026-10-01 07:09:05.190000+00:00,Lugano,rail,ch:1:sloid:5300,Lugano,ch:1:sloid:5300:2:2,2026-10-01,ch:1:sjyid:100001:25817-001,rail,RegioExpress,RE80,RE80,25817,Locarno,Chiasso,2,,2026-10-01 08:25:00+00:00,2026-10-01 08:25:12+00:00,,True,0.2,2026-10-01 09:09:05.190000+02:00,2026-10-01 10:25:00+02:00,2026-10-01 10:25:12+02:00,2026-10-01,10,Thursday,False,75.91350000000001
20261001_070901,2026-10-01 07:09:05.190000+00:00,Lugano,rail,ch:1:sloid:5300,Lugano,ch:1:sloid:5300:2:3,2026-10-01,ch:1:sjyid:100001:14-001,rail,EuroCity,EC,EC,14,Como S. Giovanni,Zürich HB,3,,2026-10-01 08:30:00+00:00,2026-10-01 08:31:00+00:00,,True,1.0,2026-10-01 09:09:05.190000+02:00,2026-10-01 10:30:00+02:00,2026-10-01 10:31:00+02:00,2026-10-01,10,Thursday,False,80.91350000000001
20261001_070901,2026-10-01 07:09:05.190000+00:00,Lugano,rail,ch:1:sloid:5300,Lugano,ch:1:sloid:5300:2:2,2026-10-01,ch:1:sjyid:100001:31-002,rail,EuroCity,EC,EC,31,Zürich HB,Venezia S. Lucia,2,,2026-10-01 08:30:00+00:00,,,False,,2026-10-01 09:09:05.190000+02:00,2026-10-01 10:30:00+02:00,,2026-10-01,10,Thursday,False,80.91350000000001
20261001_070901,2026-10-01 07:09:05.190000+00:00,Lugano,rail,ch:1:sloid:5300,Lugano,ch:1:sloid:5300:3:4,2026-10-01,ch:1:sjyid:100001:25812-001,rail,RegioExpress,RE80,RE80,25812,Chiasso,Locarno,4,,2026-10-01 08:35:00+00:00,2026-10-01 08:35:48+00:00,,True,0.8,2026-10-01 09:09:05.190000+02:00,2026-10-01 10:35:00+02:00,2026-10-01 10:35:48+02:00,2026-10-01,10,Thursday,False,85.91350000000001
20261001_070901,2026-10-01 07:09:05.190000+00:00,Lugano,rail,ch:1:sloid:5300,Lugano,ch:1:sloid:5300:2:2,2026-10-01,ch:1:sjyid:100001:25117-001,rail,S-Bahn,S10,S10,25117,Biasca,Como Camerlata,2,,2026-10-01 08:36:00+00:00,,,False,,2026-10-01 09:09:05.190000+02:00,2026-10-01 10:36:00+02:00,,2026-10-01,10,Thursday,False,86.91350000000001
20261001_070901,2026-10-01 07:09:05.190000+00:00,Lugano,rail,ch:1:sloid:5300,Lugano,ch:1:sloid:5300:1:1,2026-10-01,ch:1:sjyid:100001:25964-001,rail,S-Bahn,S90,S90,25964,Lugano,Giubiasco,1,,2026-10-01 08:38:00+00:00,2026-10-01 08:38:12+00:00,,True,0.2,2026-10-01 09:09:05.190000+02:00,2026-10-01 10:38:00+02:00,2026-10-01 10:38:12+02:00,2026-10-01,10,Thursday,False,88.91350000000001
20261001_070901,2026-10-01 07:09:05.190000+00:00,Lugano,rail,ch:1:sloid:5300,Lugano,ch:1:sloid:5300:2:2,2026-10-01,ch:1:sjyid:100001:25917-001,rail,S-Bahn,S90,S90,25917,Giubiasco,Mendrisio,2,,2026-10-01 08:52:00+00:00,2026-10-01 08:52:12+00:00,,True,0.2,2026-10-01 09:09:05.190000+02:00,2026-10-01 10:52:00+02:00,2026-10-01 10:52:12+02:00,2026-10-01,10,Thursday,False,102.91350000000001
20261001_070901,2026-10-01 07:09:05.190000+00:00,Lugano,rail,ch:1:sloid:5300,Lugano,ch:1:sloid:5300:3:4,2026-10-01,ch:1:sjyid:100001:25764-001,rail,S-Bahn,S10,S10,25764,Mendrisio,Biasca,4,,2026-10-01 08:55:00+00:00,2026-10-01 08:55:36+00:00,,True,0.6,2026-10-01 09:09:05.190000+02:00,2026-10-01 10:55:00+02:00,2026-10-01 10:55:36+02:00,2026-10-01,10,Thursday,False,105.91350000000001
20261001_070901,2026-10-01 07:09:05.190000+00:00,Lugano,rail,ch:1:sloid:5300,Lugano,ch:1:sloid:5300:2:3,2026-10-01,ch:1:sjyid:100001:874-001,rail,InterCity,IC2,IC2,874,Lugano,Zürich HB,3,,2026-10-01 09:02:00+00:00,2026-10-01 09:02:30+00:00,,True,0.5,2026-10-01 09:09:05.190000+02:00,2026-10-01 11:02:00+02:00,2026-10-01 11:02:30+02:00,2026-10-01,11,Thursday,False,112.91350000000001
20261001_070901,2026-10-01 07:09:05.190000+00:00,Lugano,rail,ch:1:sloid:5300,Lugano,ch:1:sloid:5300:1:1,2026-10-01,ch:1:sjyid:100001:25517-001,rail,RegioExpress,RE80,RE80,25517,Locarno,Milano Centrale,1,,2026-10-01 09:02:00+00:00,,,False,,2026-10-01 09:09:05.190000+02:00,2026-10-01 11:02:00+02:00,,2026-10-01,11,Thursday,False,112.91350000000001
20261001_070901,2026-10-01 07:09:05.190000+00:00,Lugano,rail,ch:1:sloid:5300,Lugano,ch:1:sloid:5300:3:4,2026-10-01,ch:1:sjyid:100001:25512-001,rail,RegioExpress,RE80,RE80,25512,Milano Centrale,Locarno,4,,2026-10-01 09:05:00+00:00,2026-10-01 09:05:12+00:00,,True,0.2,2026-10-01 09:09:05.190000+02:00,2026-10-01 11:05:00+02:00,2026-10-01 11:05:12+02:00,2026-10-01,11,Thursday,False,115.91350000000001
20261001_070901,2026-10-01 07:09:05.190000+00:00,Lugano,rail,ch:1:sloid:5300,Lugano,ch:1:sloid:5300:1:1,2026-10-01,ch:1:sjyid:100001:25767-001,rail,S-Bahn,S10,S10,25767,Biasca,Como S. Giovanni/Malpensa Aeroporto T2,1,,2026-10-01 09:06:00+00:00,2026-10-01 09:06:12+00:00,,True,0.2,2026-10-01 09:09:05.190000+02:00,2026-10-01 11:06:00+02:00,2026-10-01 11:06:12+02:00,2026-10-01,11,Thursday,False,116.91350000000001
20261001_070901,2026-10-01 07:09:05.190000+00:00,Lugano,rail,ch:1:sloid:5300,Lugano,ch:1:sloid:5300:2:3,2026-10-01,ch:1:sjyid:100001:25918-001,rail,S-Bahn,S90,S90,25918,Mendrisio,Giubiasco,3,,2026-10-01 09:08:00+00:00,2026-10-01 09:08:12+00:00,,True,0.2,2026-10-01 09:09:05.190000+02:00,2026-10-01 11:08:00+02:00,2026-10-01 11:08:12+02:00,2026-10-01,11,Thursday,False,118.91350000000001
20261001_070901,2026-10-01 07:09:05.671000+00:00,Zürich,local,ch:1:sloid:87348,"Zürich, Bahnhofplatz/HB",ch:1:sloid:87348::0,2026-10-01,ch:1:sjyid:100648:plan:037a3cbc-309e-460c-a841-7a1d44538fed,tram,Tram,3,3,8916,"Zürich, Albisrieden",Klusplatz,,,2026-10-01 07:09:54+00:00,2026-10-01 07:12:36+00:00,,True,2.7,2026-10-01 09:09:05.671000+02:00,2026-10-01 09:09:54+02:00,2026-10-01 09:12:36+02:00,2026-10-01,9,Thursday,False,0.8054833333333333
20261001_070901,2026-10-01 07:09:05.671000+00:00,Zürich,local,ch:1:sloid:87348,"Zürich, Bahnhofplatz/HB",ch:1:sloid:87348::1,2026-10-01,ch:1:sjyid:100648:plan:ee4e0fcb-554e-4833-b496-4c2a54590969,tram,Tram,3,3,9202,"Zürich, Klusplatz",Albisrieden,,,2026-10-01 07:09:24+00:00,2026-10-01 07:10:12+00:00,,True,0.8,2026-10-01 09:09:05.671000+02:00,2026-10-01 09:09:24+02:00,2026-10-01 09:10:12+02:00,2026-10-01,9,Thursday,False,0.30548333333333333
20261001_070901,2026-10-01 07:09:05.671000+00:00,Zürich,local,ch:1:sloid:87348,"Zürich, Bahnhofplatz/HB",ch:1:sloid:87348,2026-10-01,ch:1:sjyid:100648:plan:04f33537-2179-490f-8a0d-ddaaa842834d,bus,Bus,31,31,11037,"Zürich, Hermetschloo",Kienastenwies,,,2026-10-01 07:12:42+00:00,2026-10-01 07:13:30+00:00,,True,0.8,2026-10-01 09:09:05.671000+02:00,2026-10-01 09:12:42+02:00,2026-10-01 09:13:30+02:00,2026-10-01,9,Thursday,False,3.6054833333333334
20261001_070901,2026-10-01 07:09:05.671000+00:00,Zürich,local,ch:1:sloid:87348,"Zürich, Bahnhofplatz/HB",ch:1:sloid:87348::11,2026-10-01,ch:1:sjyid:100648:plan:643bec1c-6e51-411a-83d7-15f9eb368178,bus,Bus,31,31,11055,"Zürich, Kienastenwies",Hermetschloo,,,2026-10-01 07:13:30+00:00,2026-10-01 07:13:42+00:00,,True,0.2,2026-10-01 09:09:05.671000+02:00,2026-10-01 09:13:30+02:00,2026-10-01 09:13:42+02:00,2026-10-01,9,Thursday,False,4.405483333333334
20261001_070901,2026-10-01 07:09:05.671000+00:00,Zürich,local,ch:1:sloid:87348,"Zürich, Bahnhofplatz/HB",ch:1:sloid:87348::1,2026-10-01,ch:1:sjyid:100648:plan:a5e3f09c-0db6-4b91-8e59-bfbc70f5e955,tram,Tram,4,4,9015,"Zürich, Rehalp",Bahnhof Wiedikon,,,2026-10-01 07:14:18+00:00,2026-10-01 07:14:18+00:00,,True,0.0,2026-10-01 09:09:05.671000+02:00,2026-10-01 09:14:18+02:00,2026-10-01 09:14:18+02:00,2026-10-01,9,Thursday,False,5.2054833333333335
20261001_070901,2026-10-01 07:09:05.671000+00:00,Zürich,local,ch:1:sloid:87348,"Zürich, Bahnhofplatz/HB",ch:1:sloid:87348::1,2026-10-01,ch:1:sjyid:100648:plan:05fa6bed-90cd-48db-9ea5-a1ffe5ad2295,tram,Tram,14,14,9848,"Zürich, Bahnhofplatz/HB",Triemli,,,2026-10-01 07:14:06+00:00,2026-10-01 07:14:06+00:00,,True,0.0,2026-10-01 09:09:05.671000+02:00,2026-10-01 09:14:06+02:00,2026-10-01 09:14:06+02:00,2026-10-01,9,Thursday,False,5.005483333333333
20261001_070901,2026-10-01 07:09:05.671000+00:00,Zürich,local,ch:1:sloid:87348,"Zürich, Bahnhofplatz/HB",ch:1:sloid:87348::0,2026-10-01,ch:1:sjyid:100648:plan:369aa23d-e939-4522-bc18-1bd2a1c6ae71,tram,Tram,6,6,9878,"Zürich, Bahnhofplatz/HB",Zoo,,,2026-10-01 07:15:00+00:00,2026-10-01 07:15:00+00:00,,True,0.0,2026-10-01 09:09:05.671000+02:00,2026-10-01 09:15:00+02:00,2026-10-01 09:15:00+02:00,2026-10-01,9,Thursday,False,5.905483333333334
20261001_070901,2026-10-01 07:09:05.671000+00:00,Zürich,local,ch:1:sloid:87348,"Zürich, Bahnhofplatz/HB",ch:1:sloid:87348::1,2026-10-01,ch:1:sjyid:100648:plan:5edd7d59-355b-4aa3-b76b-ffe46095e3d5,tram,Tram,3,3,9506,"Zürich, Klusplatz",Albisrieden,,,2026-10-01 07:16:54+00:00,2026-10-01 07:17:36+00:00,,True,0.7,2026-10-01 09:09:05.671000+02:00,2026-10-01 09:16:54+02:00,2026-10-01 09:17:36+02:00,2026-10-01,9,Thursday,False,7.805483333333333
20261001_070901,2026-10-01 07:09:05.671000+00:00,Zürich,local,ch:1:sloid:87348,"Zürich, Bahnhofplatz/HB",ch:1:sloid:87348::0,2026-10-01,ch:1:sjyid:100648:plan:0b2d05bb-e578-4a64-9dc2-bd9bad8f6677,tram,Tram,3,3,9205,"Zürich, Albisrieden",Klusplatz,,,2026-10-01 07:17:24+00:00,2026-10-01 07:18:06+00:00,,True,0.7,2026-10-01 09:09:05.671000+02:00,2026-10-01 09:17:24+02:00,2026-10-01 09:18:06+02:00,2026-10-01,9,Thursday,False,8.305483333333333
20261001_070901,2026-10-01 07:09:05.671000+00:00,Zürich,local,ch:1:sloid:87348,"Zürich, Bahnhofplatz/HB",ch:1:sloid:87348,2026-10-01,ch:1:sjyid:100648:plan:e6027ff8-12fa-4098-9d84-573aea9c87ba,bus,Bus,31,31,11412,"Zürich, Hermetschloo",Kienastenwies,,,2026-10-01 07:20:12+00:00,2026-10-01 07:20:36+00:00,,True,0.4,2026-10-01 09:09:05.671000+02:00,2026-10-01 09:20:12+02:00,2026-10-01 09:20:36+02:00,2026-10-01,9,Thursday,False,11.105483333333332
20261001_070901,2026-10-01 07:09:05.671000+00:00,Zürich,local,ch:1:sloid:87348,"Zürich, Bahnhofplatz/HB",ch:1:sloid:87348::1,2026-10-01,ch:1:sjyid:100648:plan:b5215364-38ee-4751-92a3-bffa4fe2ab72,tram,Tram,4,4,9326,"Zürich, Rehalp",Kappeli,,,2026-10-01 07:21:30+00:00,2026-10-01 07:25:12+00:00,,True,3.7,2026-10-01 09:09:05.671000+02:00,2026-10-01 09:21:30+02:00,2026-10-01 09:25:12+02:00,2026-10-01,9,Thursday,False,12.405483333333333
20261001_070901,2026-10-01 07:09:05.671000+00:00,Zürich,local,ch:1:sloid:87348,"Zürich, Bahnhofplatz/HB",ch:1:sloid:87348::1,2026-10-01,ch:1:sjyid:100648:plan:554eb103-a875-4547-aff7-2d58487aa08c,tram,Tram,14,14,10147,"Zürich, Bahnhofplatz/HB",Triemli,,,2026-10-01 07:21:36+00:00,2026-10-01 07:22:24+00:00,,True,0.8,2026-10-01 09:09:05.671000+02:00,2026-10-01 09:21:36+02:00,2026-10-01 09:22:24+02:00,2026-10-01,9,Thursday,False,12.505483333333332
20261001_070901,2026-10-01 07:09:05.671000+00:00,Zürich,local,ch:1:sloid:87348,"Zürich, Bahnhofplatz/HB",ch:1:sloid:87348::0,2026-10-01,ch:1:sjyid:100648:plan:4612e8cf-ccad-4d4e-ae48-ec314a43352c,tram,Tram,6,6,10175,"Zürich, Bahnhofplatz/HB",Zoo,,,2026-10-01 07:22:30+00:00,2026-10-01 07:22:30+00:00,,True,0.0,2026-10-01 09:09:05.671000+02:00,2026-10-01 09:22:30+02:00,2026-10-01 09:22:30+02:00,2026-10-01,9,Thursday,False,13.405483333333333
20261001_070901,2026-10-01 07:09:05.671000+00:00,Zürich,local,ch:1:sloid:87348,"Zürich, Bahnhofplatz/HB",ch:1:sloid:87348::0,2026-10-01,ch:1:sjyid:100648:plan:46b427dc-cc15-4bfd-ba4d-fde321c61dab,tram,Tram,3,3,9512,"Zürich, Albisrieden",Klusplatz,,,2026-10-01 07:24:54+00:00,2026-10-01 07:25:00+00:00,,True,0.1,2026-10-01 09:09:05.671000+02:00,2026-10-01 09:24:54+02:00,2026-10-01 09:25:00+02:00,2026-10-01,9,Thursday,False,15.805483333333333
20261001_070901,2026-10-01 07:09:05.671000+00:00,Zürich,local,ch:1:sloid:87348,"Zürich, Bahnhofplatz/HB",ch:1:sloid:87348::1,2026-10-01,ch:1:sjyid:100648:plan:717bf969-3346-4f93-be1e-9507854738b3,tram,Tram,3,3,9804,"Zürich, Klusplatz",Albisrieden,,,2026-10-01 07:24:24+00:00,2026-10-01 07:24:24+00:00,,True,0.0,2026-10-01 09:09:05.671000+02:00,2026-10-01 09:24:24+02:00,2026-10-01 09:24:24+02:00,2026-10-01,9,Thursday,False,15.305483333333333
20261001_070901,2026-10-01 07:09:05.671000+00:00,Zürich,local,ch:1:sloid:87348,"Zürich, Bahnhofplatz/HB",ch:1:sloid:87348,2026-10-01,ch:1:sjyid:100648:plan:bff7befe-457a-43dd-8cc0-884fb3e5334f,bus,Bus,31,31,11847,"Zürich, Hermetschloo",Kienastenwies,,,2026-10-01 07:27:42+00:00,2026-10-01 07:28:30+00:00,,True,0.8,2026-10-01 09:09:05.671000+02:00,2026-10-01 09:27:42+02:00,2026-10-01 09:28:30+02:00,2026-10-01,9,Thursday,False,18.605483333333332
20261001_070901,2026-10-01 07:09:05.671000+00:00,Zürich,local,ch:1:sloid:87348,"Zürich, Bahnhofplatz/HB",ch:1:sloid:87348::11,2026-10-01,ch:1:sjyid:100648:plan:2f81278c-485f-4bbb-ad2a-1befacf333ad,bus,Bus,31,31,11869,"Zürich, Kienastenwies",Hermetschloo,,,2026-10-01 07:28:30+00:00,2026-10-01 07:32:30+00:00,,True,4.0,2026-10-01 09:09:05.671000+02:00,2026-10-01 09:28:30+02:00,2026-10-01 09:32:30+02:00,2026-10-01,9,Thursday,False,19.405483333333333
20261001_070901,2026-10-01 07:09:05.671000+00:00,Zürich,local,ch:1:sloid:87348,"Zürich, Bahnhofplatz/HB",ch:1:sloid:87348::1,2026-10-01,ch:1:sjyid:100648:plan:2be81f4a-d782-4d07-8786-db6626b3c31b,tram,Tram,4,4,9623,"Zürich, Rehalp",Kappeli,,,2026-10-01 07:29:00+00:00,2026-10-01 07:29:00+00:00,,True,0.0,2026-10-01 09:09:05.671000+02:00,2026-10-01 09:29:00+02:00,2026-10-01 09:29:00+02:00,2026-10-01,9,Thursday,False,19.905483333333333
20261001_070901,2026-10-01 07:09:05.671000+00:00,Zürich,local,ch:1:sloid:87348,"Zürich, Bahnhofplatz/HB",ch:1:sloid:87348::1,2026-10-01,ch:1:sjyid:100648:plan:be90cf59-4fb5-414b-be75-d8dbc25e88eb,tram,Tram,14,14,10436,"Zürich, Bahnhofplatz/HB",Triemli,,,2026-10-01 07:29:06+00:00,2026-10-01 07:29:06+00:00,,True,0.0,2026-10-01 09:09:05.671000+02:00,2026-10-01 09:29:06+02:00,2026-10-01 09:29:06+02:00,2026-10-01,9,Thursday,False,20.005483333333334
20261001_070901,2026-10-01 07:09:05.671000+00:00,Zürich,local,ch:1:sloid:87348,"Zürich, Bahnhofplatz/HB",ch:1:sloid:87348::0,2026-10-01,ch:1:sjyid:100648:plan:75f7c199-56ce-4d7e-b9ea-7fe22dfeb420,tram,Tram,6,6,10467,"Zürich, Bahnhofplatz/HB",Zoo,,,2026-10-01 07:30:00+00:00,2026-10-01 07:30:00+00:00,,True,0.0,2026-10-01 09:09:05.671000+02:00,2026-10-01 09:30:00+02:00,2026-10-01 09:30:00+02:00,2026-10-01,9,Thursday,False,20.905483333333333
20261001_070901,2026-10-01 07:09:05.671000+00:00,Zürich,local,ch:1:sloid:87348,"Zürich, Bahnhofplatz/HB",ch:1:sloid:87348::1,2026-10-01,ch:1:sjyid:100648:plan:b7176d59-3b87-4932-8d61-cff875eb1e29,tram,Tram,3,3,10095,"Zürich, Klusplatz",Albisrieden,,,2026-10-01 07:31:54+00:00,2026-10-01 07:31:54+00:00,,True,0.0,2026-10-01 09:09:05.671000+02:00,2026-10-01 09:31:54+02:00,2026-10-01 09:31:54+02:00,2026-10-01,9,Thursday,False,22.80548333333333
20261001_070901,2026-10-01 07:09:05.671000+00:00,Zürich,local,ch:1:sloid:87348,"Zürich, Bahnhofplatz/HB",ch:1:sloid:87348::0,2026-10-01,ch:1:sjyid:100648:plan:a765110a-0ce7-4f4b-b123-8460193f70b8,tram,Tram,3,3,9809,"Zürich, Albisrieden",Klusplatz,,,2026-10-01 07:32:24+00:00,2026-10-01 07:32:24+00:00,,True,0.0,2026-10-01 09:09:05.671000+02:00,2026-10-01 09:32:24+02:00,2026-10-01 09:32:24+02:00,2026-10-01,9,Thursday,False,23.30548333333333
20261001_070901,2026-10-01 07:09:05.671000+00:00,Zürich,local,ch:1:sloid:87348,"Zürich, Bahnhofplatz/HB",ch:1:sloid:87348,2026-10-01,ch:1:sjyid:100648:plan:ce2abd7b-192f-40cd-a3cb-42cba6f5dd58,bus,Bus,31,31,12238,"Zürich, Hermetschloo",Kienastenwies,,,2026-10-01 07:35:12+00:00,2026-10-01 07:35:12+00:00,,True,0.0,2026-10-01 09:09:05.671000+02:00,2026-10-01 09:35:12+02:00,2026-10-01 09:35:12+02:00,2026-10-01,9,Thursday,False,26.105483333333332
20261001_070901,2026-10-01 07:09:05.671000+00:00,Zürich,local,ch:1:sloid:87348,"Zürich, Bahnhofplatz/HB",ch:1:sloid:87348::1,2026-10-01,ch:1:sjyid:100648:plan:441de721-0df1-4129-8211-2c1a7b853d9c,tram,Tram,4,4,9899,"Zürich, Rehalp",Kappeli,,,2026-10-01 07:36:30+00:00,2026-10-01 07:36:30+00:00,,True,0.0,2026-10-01 09:09:05.671000+02:00,2026-10-01 09:36:30+02:00,2026-10-01 09:36:30+02:00,2026-10-01,9,Thursday,False,27.405483333333333
20261001_070901,2026-10-01 07:09:05.671000+00:00,Zürich,local,ch:1:sloid:87348,"Zürich, Bahnhofplatz/HB",ch:1:sloid:87348::1,2026-10-01,ch:1:sjyid:100648:plan:ea595d56-6ac0-4b16-a1a7-41ac64f3e102,tram,Tram,14,14,10730,"Zürich, Bahnhofplatz/HB",Triemli,,,2026-10-01 07:36:36+00:00,2026-10-01 07:36:36+00:00,,True,0.0,2026-10-01 09:09:05.671000+02:00,2026-10-01 09:36:36+02:00,2026-10-01 09:36:36+02:00,2026-10-01,9,Thursday,False,27.505483333333334
20261001_070901,2026-10-01 07:09:05.671000+00:00,Zürich,local,ch:1:sloid:87348,"Zürich, Bahnhofplatz/HB",ch:1:sloid:87348::11,2026-10-01,ch:1:sjyid:100648:plan:0bfed5d0-0c7c-498e-b5ac-718c898ae44b,bus,Bus,31,31,12243,"Zürich, Kienastenwies",Hermetschloo,,,2026-10-01 07:36:00+00:00,2026-10-01 07:36:18+00:00,,True,0.3,2026-10-01 09:09:05.671000+02:00,2026-10-01 09:36:00+02:00,2026-10-01 09:36:18+02:00,2026-10-01,9,Thursday,False,26.905483333333333
20261001_070901,2026-10-01 07:09:05.671000+00:00,Zürich,local,ch:1:sloid:87348,"Zürich, Bahnhofplatz/HB",ch:1:sloid:87348::0,2026-10-01,ch:1:sjyid:100648:plan:d64cc7a5-5a27-4270-b749-f33a94339f5e,tram,Tram,6,6,10770,"Zürich, Bahnhofplatz/HB",Zoo,,,2026-10-01 07:37:30+00:00,2026-10-01 07:37:30+00:00,,True,0.0,2026-10-01 09:09:05.671000+02:00,2026-10-01 09:37:30+02:00,2026-10-01 09:37:30+02:00,2026-10-01,9,Thursday,False,28.405483333333333
20261001_070901,2026-10-01 07:09:05.671000+00:00,Zürich,local,ch:1:sloid:87348,"Zürich, Bahnhofplatz/HB",ch:1:sloid:87348::0,2026-10-01,ch:1:sjyid:100648:plan:dba4c8e8-3936-4312-b7eb-1f355e865a18,tram,Tram,3,3,10098,"Zürich, Albisrieden",Klusplatz,,,2026-10-01 07:39:54+00:00,2026-10-01 07:39:54+00:00,,True,0.0,2026-10-01 09:09:05.671000+02:00,2026-10-01 09:39:54+02:00,2026-10-01 09:39:54+02:00,2026-10-01,9,Thursday,False,30.80548333333333
20261001_070901,2026-10-01 07:09:05.671000+00:00,Zürich,local,ch:1:sloid:87348,"Zürich, Bahnhofplatz/HB",ch:1:sloid:87348::1,2026-10-01,ch:1:sjyid:100648:plan:30936c25-ad72-4b10-a172-f3e52889ca09,tram,Tram,3,3,10382,"Zürich, Klusplatz",Albisrieden,,,2026-10-01 07:39:24+00:00,2026-10-01 07:39:24+00:00,,True,0.0,2026-10-01 09:09:05.671000+02:00,2026-10-01 09:39:24+02:00,2026-10-01 09:39:24+02:00,2026-10-01,9,Thursday,False,30.30548333333333
20261001_070901,2026-10-01 07:09:06.269000+00:00,Bern,local,ch:1:sloid:76646,"Bern, Bahnhof",ch:1:sloid:76646:0:19,2026-10-01,ch:1:sjyid:100626:plan:65994c5f-9e7c-4f44-a3b6-111e1429456f,bus,Bus,10,10,34540,"Schliern, Bus-Endstation",Ostermundigen Rüti,L,,2026-10-01 07:09:00+00:00,2026-10-01 07:09:24+00:00,,True,0.4,2026-10-01 09:09:06.269000+02:00,2026-10-01 09:09:00+02:00,2026-10-01 09:09:24+02:00,2026-10-01,9,Thursday,False,-0.10448333333333333
20261001_070901,2026-10-01 07:09:06.269000+00:00,Bern,local,ch:1:sloid:76646,"Bern, Bahnhof",ch:1:sloid:76646:0:10,2026-10-01,ch:1:sjyid:100626:plan:9b1daff1-c7c9-4b0e-983d-cd4930f61887,tram,Tram,6,6,7069,"Bern, Bahnhof",Fischermätteli,J,,2026-10-01 07:09:00+00:00,2026-10-01 07:09:00+00:00,,True,0.0,2026-10-01 09:09:06.269000+02:00,2026-10-01 09:09:00+02:00,2026-10-01 09:09:00+02:00,2026-10-01,9,Thursday,False,-0.10448333333333333
20261001_070901,2026-10-01 07:09:06.269000+00:00,Bern,local,ch:1:sloid:76646,"Bern, Bahnhof",ch:1:sloid:76646:0:3,2026-10-01,ch:1:sjyid:100626:plan:6cc1ac6c-5638-4c4b-8f03-c09eddd0caed,tram,Tram,9,9,28200,"Bern Wankdorf, Bahnhof",Wabern,C,,2026-10-01 07:09:00+00:00,2026-10-01 07:09:30+00:00,,True,0.5,2026-10-01 09:09:06.269000+02:00,2026-10-01 09:09:00+02:00,2026-10-01 09:09:30+02:00,2026-10-01,9,Thursday,False,-0.10448333333333333
20261001_070901,2026-10-01 07:09:06.269000+00:00,Bern,local,ch:1:sloid:76646,"Bern, Bahnhof",ch:1:sloid:76646:0:5,2026-10-01,ch:1:sjyid:100626:plan:ac8c4420-4ca1-4846-8ed6-f6c39283500b,bus,Bus,12,12,50276,"Bern, Holligen",Zentrum Paul Klee,A,,2026-10-01 07:09:00+00:00,2026-10-01 07:09:30+00:00,,True,0.5,2026-10-01 09:09:06.269000+02:00,2026-10-01 09:09:00+02:00,2026-10-01 09:09:30+02:00,2026-10-01,9,Thursday,False,-0.10448333333333333
20261001_070901,2026-10-01 07:09:06.269000+00:00,Bern,local,ch:1:sloid:76646,"Bern, Bahnhof",ch:1:sloid:76646:0:28,2026-10-01,ch:1:sjyid:100626:plan:3f750610-5c06-4932-8248-945dcc3f8561,bus,Bus,11,11,49081,"Bern, Bahnhof",Neufeld P+R,G,,2026-10-01 07:09:00+00:00,2026-10-01 07:09:00+00:00,,True,0.0,2026-10-01 09:09:06.269000+02:00,2026-10-01 09:09:00+02:00,2026-10-01 09:09:00+02:00,2026-10-01,9,Thursday,False,-0.10448333333333333
20261001_070901,2026-10-01 07:09:06.269000+00:00,Bern,local,ch:1:sloid:76646,"Bern, Bahnhof",ch:1:sloid:76646:0:13,2026-10-01,ch:1:sjyid:100626:plan:b2363e2e-6c79-4c59-b558-d4501f5eb3ce,bus,Bus,20,20,62731,"Bern, Länggasse",Wankdorf Bhf,E,,2026-10-01 07:09:48+00:00,2026-10-01 07:11:36+00:00,,True,1.8,2026-10-01 09:09:06.269000+02:00,2026-10-01 09:09:48+02:00,2026-10-01 09:11:36+02:00,2026-10-01,9,Thursday,False,0.6955166666666667
20261001_070901,2026-10-01 07:09:06.269000+00:00,Bern,local,ch:1:sloid:76646,"Bern, Bahnhof",ch:1:sloid:76646:0:20,2026-10-01,ch:1:sjyid:100626:plan:6eea6a55-eabe-44ba-92ee-2e5439c82b9d,bus,Bus,19,19,58532,"Spiegel, Blinzern",Elfenau,M,,2026-10-01 07:11:00+00:00,2026-10-01 07:11:24+00:00,,True,0.4,2026-10-01 09:09:06.269000+02:00,2026-10-01 09:11:00+02:00,2026-10-01 09:11:24+02:00,2026-10-01,9,Thursday,False,1.8955166666666665
20261001_070901,2026-10-01 07:09:06.269000+00:00,Bern,local,ch:1:sloid:76646,"Bern, Bahnhof",ch:1:sloid:76646:0:25,2026-10-01,ch:1:sjyid:100626:plan:7bbeac48-11a8-45aa-a6f9-dce22a33e9f5,bus,Bus,7A,7A,76198,"Bern, Bahnhof",Ostring,K1,,2026-10-01 07:11:00+00:00,2026-10-01 07:11:00+00:00,,True,0.0,2026-10-01 09:09:06.269000+02:00,2026-10-01 09:11:00+02:00,2026-10-01 09:11:00+02:00,2026-10-01,9,Thursday,False,1.8955166666666665
20261001_070901,2026-10-01 07:09:06.269000+00:00,Bern,local,ch:1:sloid:76646,"Bern, Bahnhof",ch:1:sloid:76646:0:39,2026-10-01,ch:1:sjyid:100626:plan:e32665d3-2583-47a2-868b-6fd945f000fa,tram,Tram,8,8,18031,"Bern, Bahnhof",Brünnen Bhf,N,,2026-10-01 07:11:48+00:00,2026-10-01 07:11:48+00:00,,True,0.0,2026-10-01 09:09:06.269000+02:00,2026-10-01 09:11:48+02:00,2026-10-01 09:11:48+02:00,2026-10-01,9,Thursday,False,2.695516666666667
20261001_070901,2026-10-01 07:09:06.269000+00:00,Bern,local,ch:1:sloid:76646,"Bern, Bahnhof",ch:1:sloid:76646:0:2,2026-10-01,ch:1:sjyid:100626:plan:78a65ac4-6a8a-4f10-829a-05a7db56a8f5,bus,Bus,8A,8A,77400,"Bern, Bahnhof",Saali,K2,,2026-10-01 07:12:48+00:00,2026-10-01 07:12:48+00:00,,True,0.0,2026-10-01 09:09:06.269000+02:00,2026-10-01 09:12:48+02:00,2026-10-01 09:12:48+02:00,2026-10-01,9,Thursday,False,3.695516666666667
20261001_070901,2026-10-01 07:09:06.269000+00:00,Bern,local,ch:1:sloid:76646,"Bern, Bahnhof",ch:1:sloid:76646:0:7,2026-10-01,ch:1:sjyid:100626:plan:09892a58-74c0-4e66-8464-229d5f03019e,bus,Bus,12,12,53031,"Bern, Zentrum Paul Klee",Holligen,D,,2026-10-01 07:12:00+00:00,2026-10-01 07:13:06+00:00,,True,1.1,2026-10-01 09:09:06.269000+02:00,2026-10-01 09:12:00+02:00,2026-10-01 09:13:06+02:00,2026-10-01,9,Thursday,False,2.8955166666666665
20261001_070901,2026-10-01 07:09:06.269000+00:00,Bern,local,ch:1:sloid:76646,"Bern, Bahnhof",ch:1:sloid:76646:0:11,2026-10-01,ch:1:sjyid:100626:plan:f7f9e9d8-b4f3-44ad-af6a-f6375cfe4c22,bus,Bus,10,10,42997,"Ostermundigen, Rüti",Schliern,I,,2026-10-01 07:12:00+00:00,2026-10-01 07:12:00+00:00,,True,0.0,2026-10-01 09:09:06.269000+02:00,2026-10-01 09:12:00+02:00,2026-10-01 09:12:00+02:00,2026-10-01,9,Thursday,False,2.8955166666666665
20261001_070901,2026-10-01 07:09:06.269000+00:00,Bern,local,ch:1:sloid:76646,"Bern, Bahnhof",ch:1:sloid:76646:0:15,2026-10-01,ch:1:sjyid:100626:plan:e0f0ddd2-b576-4000-9617-f264b3cf7989,bus,Bus,20,20,65461,"Bern Wankdorf, Bahnhof",Länggasse,F,,2026-10-01 07:13:48+00:00,2026-10-01 07:14:24+00:00,,True,0.6,2026-10-01 09:09:06.269000+02:00,2026-10-01 09:13:48+02:00,2026-10-01 09:14:24+02:00,2026-10-01,9,Thursday,False,4.695516666666666
20261001_070901,2026-10-01 07:09:06.269000+00:00,Bern,local,ch:1:sloid:76646,"Bern, Bahnhof",ch:1:sloid:76646:0:1,2026-10-01,ch:1:sjyid:100626:plan:804cbcfb-2734-4bb8-8b0e-7d99de076144,tram,Tram,9,9,21823,"Wabern, Tram-Endstation",Wankdorf Bhf,B,,2026-10-01 07:13:00+00:00,2026-10-01 07:13:06+00:00,,True,0.1,2026-10-01 09:09:06.269000+02:00,2026-10-01 09:13:00+02:00,2026-10-01 09:13:06+02:00,2026-10-01,9,Thursday,False,3.8955166666666665
20261001_070901,2026-10-01 07:09:06.269000+00:00,Bern,local,ch:1:sloid:76646,"Bern, Bahnhof",ch:1:sloid:76646:0:10,2026-10-01,ch:1:sjyid:100626:plan:504dfcc8-057c-44fd-91d0-2805a23bd1b0,tram,Tram,3,3,1552,"Bern, Bahnhof",Weissenbühl,J,,2026-10-01 07:14:00+00:00,2026-10-01 07:14:00+00:00,,True,0.0,2026-10-01 09:09:06.269000+02:00,2026-10-01 09:14:00+02:00,2026-10-01 09:14:00+02:00,2026-10-01,9,Thursday,False,4.8955166666666665
20261001_070901,2026-10-01 07:09:06.269000+00:00,Bern,local,ch:1:sloid:76646,"Bern, Bahnhof",ch:1:sloid:76646:0:30,2026-10-01,ch:1:sjyid:100626:plan:1fe14b86-4988-4a4a-b4a2-f8b0adfae128,bus,Bus,21,21,67701,"Bern, Bahnhof",Bremgarten,H,,2026-10-01 07:14:00+00:00,2026-10-01 07:14:00+00:00,,True,0.0,2026-10-01 09:09:06.269000+02:00,2026-10-01 09:14:00+02:00,2026-10-01 09:14:00+02:00,2026-10-01,9,Thursday,False,4.8955166666666665
20261001_070901,2026-10-01 07:09:06.269000+00:00,Bern,local,ch:1:sloid:76646,"Bern, Bahnhof",ch:1:sloid:76646:0:19,2026-10-01,ch:1:sjyid:100626:plan:65b95496-f9e3-4973-af00-2f69d9d92fb2,bus,Bus,10,10,34544,"Schliern, Bus-Endstation",Ostermundigen Rüti,L,,2026-10-01 07:15:00+00:00,2026-10-01 07:15:00+00:00,,True,0.0,2026-10-01 09:09:06.269000+02:00,2026-10-01 09:15:00+02:00,2026-10-01 09:15:00+02:00,2026-10-01,9,Thursday,False,5.8955166666666665
20261001_070901,2026-10-01 07:09:06.269000+00:00,Bern,local,ch:1:sloid:76646,"Bern, Bahnhof",ch:1:sloid:76646:0:39,2026-10-01,ch:1:sjyid:100626:plan:7e65f7c1-5cf8-48d2-ab0b-595b00669401,tram,Tram,7,7,12716,"Bern, Bahnhof",Bümpliz,N,,2026-10-01 07:15:42+00:00,2026-10-01 07:16:12+00:00,,True,0.5,2026-10-01 09:09:06.269000+02:00,2026-10-01 09:15:42+02:00,2026-10-01 09:16:12+02:00,2026-10-01,9,Thursday,False,6.595516666666667
20261001_070901,2026-10-01 07:09:06.269000+00:00,Bern,local,ch:1:sloid:76646,"Bern, Bahnhof",ch:1:sloid:76646:0:3,2026-10-01,ch:1:sjyid:100626:plan:eb5bc33f-d0e4-493e-a0c6-96c42c625050,tram,Tram,9,9,28206,"Bern Wankdorf, Bahnhof",Wabern,C,,2026-10-01 07:15:00+00:00,2026-10-01 07:15:00+00:00,,True,0.0,2026-10-01 09:09:06.269000+02:00,2026-10-01 09:15:00+02:00,2026-10-01 09:15:00+02:00,2026-10-01,9,Thursday,False,5.8955166666666665
20261001_070901,2026-10-01 07:09:06.269000+00:00,Bern,local,ch:1:sloid:76646,"Bern, Bahnhof",ch:1:sloid:76646:0:5,2026-10-01,ch:1:sjyid:100626:plan:f27ab482-4312-4fb0-8664-9e5ddf0da0ae,bus,Bus,12,12,50279,"Bern, Holligen",Zentrum Paul Klee,A,,2026-10-01 07:15:00+00:00,2026-10-01 07:15:06+00:00,,True,0.1,2026-10-01 09:09:06.269000+02:00,2026-10-01 09:15:00+02:00,2026-10-01 09:15:06+02:00,2026-10-01,9,Thursday,False,5.8955166666666665
20261001_070901,2026-10-01 07:09:06.269000+00:00,Bern,local,ch:1:sloid:76646,"Bern, Bahnhof",ch:1:sloid:76646:0:13,2026-10-01,ch:1:sjyid:100626:plan:a46419ed-5f10-4564-952d-5ba0aeee3192,bus,Bus,20,20,62747,"Bern, Länggasse",Wankdorf Bhf,E,,2026-10-01 07:15:48+00:00,2026-10-01 07:15:48+00:00,,True,0.0,2026-10-01 09:09:06.269000+02:00,2026-10-01 09:15:48+02:00,2026-10-01 09:15:48+02:00,2026-10-01,9,Thursday,False,6.695516666666666
20261001_070901,2026-10-01 07:09:06.269000+00:00,Bern,local,ch:1:sloid:76646,"Bern, Bahnhof",ch:1:sloid:76646:0:2,2026-10-01,ch:1:sjyid:100626:plan:24adbb86-4385-497e-ac23-7050bb36aecc,bus,Bus,8A,8A,77403,"Bern, Bahnhof",Saali,K2,,2026-10-01 07:17:48+00:00,2026-10-01 07:17:48+00:00,,True,0.0,2026-10-01 09:09:06.269000+02:00,2026-10-01 09:17:48+02:00,2026-10-01 09:17:48+02:00,2026-10-01,9,Thursday,False,8.695516666666666
20261001_070901,2026-10-01 07:09:06.269000+00:00,Bern,local,ch:1:sloid:76646,"Bern, Bahnhof",ch:1:sloid:76646:0:20,2026-10-01,ch:1:sjyid:100626:plan:930817df-9ad5-408c-8f26-37a807ad0761,bus,Bus,17,17,57827,"Bern, Bahnhof",Köniz Weiermatt,M,,2026-10-01 07:17:00+00:00,2026-10-01 07:17:00+00:00,,True,0.0,2026-10-01 09:09:06.269000+02:00,2026-10-01 09:17:00+02:00,2026-10-01 09:17:00+02:00,2026-10-01,9,Thursday,False,7.8955166666666665
20261001_070901,2026-10-01 07:09:06.269000+00:00,Bern,local,ch:1:sloid:76646,"Bern, Bahnhof",ch:1:sloid:76646:0:25,2026-10-01,ch:1:sjyid:100626:plan:592b8f9a-4195-4c42-aafa-9b66b298b8fb,bus,Bus,19,19,60616,"Bern, Elfenau",Blinzern,K1,,2026-10-01 07:17:00+00:00,2026-10-01 07:17:36+00:00,,True,0.6,2026-10-01 09:09:06.269000+02:00,2026-10-01 09:17:00+02:00,2026-10-01 09:17:36+02:00,2026-10-01,9,Thursday,False,7.8955166666666665
20261001_070901,2026-10-01 07:09:06.269000+00:00,Bern,local,ch:1:sloid:76646,"Bern, Bahnhof",ch:1:sloid:76646:0:7,2026-10-01,ch:1:sjyid:100626:plan:8f9e4d48-5fd9-4180-bb37-8f2ce3d2c616,bus,Bus,12,12,53033,"Bern, Zentrum Paul Klee",Holligen,D,,2026-10-01 07:18:00+00:00,2026-10-01 07:18:06+00:00,,True,0.1,2026-10-01 09:09:06.269000+02:00,2026-10-01 09:18:00+02:00,2026-10-01 09:18:06+02:00,2026-10-01,9,Thursday,False,8.895516666666667
20261001_070901,2026-10-01 07:09:06.269000+00:00,Bern,local,ch:1:sloid:76646,"Bern, Bahnhof",ch:1:sloid:76646:0:11,2026-10-01,ch:1:sjyid:100626:plan:60de7e9e-0673-4a04-b670-42e11bb0b7bd,bus,Bus,10,10,43008,"Ostermundigen, Rüti",Schliern,I,,2026-10-01 07:18:00+00:00,2026-10-01 07:18:42+00:00,,True,0.7,2026-10-01 09:09:06.269000+02:00,2026-10-01 09:18:00+02:00,2026-10-01 09:18:42+02:00,2026-10-01,9,Thursday,False,8.895516666666667
20261001_070901,2026-10-01 07:09:06.269000+00:00,Bern,local,ch:1:sloid:76646,"Bern, Bahnhof",ch:1:sloid:76646:0:10,2026-10-01,ch:1:sjyid:100626:plan:d08ed0e5-6a31-4ecd-9cf8-0b5a2707fb8f,tram,Tram,6,6,7072,"Bern, Bahnhof",Fischermätteli,J,,2026-10-01 07:19:00+00:00,2026-10-01 07:19:00+00:00,,True,0.0,2026-10-01 09:09:06.269000+02:00,2026-10-01 09:19:00+02:00,2026-10-01 09:19:00+02:00,2026-10-01,9,Thursday,False,9.895516666666667
20261001_070901,2026-10-01 07:09:06.269000+00:00,Bern,local,ch:1:sloid:76646,"Bern, Bahnhof",ch:1:sloid:76646:0:39,2026-10-01,ch:1:sjyid:100626:plan:ec39236f-d47c-4f19-a344-6a5860b47d2e,tram,Tram,8,8,18043,"Bern, Bahnhof",Brünnen Bhf,N,,2026-10-01 07:19:18+00:00,2026-10-01 07:19:18+00:00,,True,0.0,2026-10-01 09:09:06.269000+02:00,2026-10-01 09:19:18+02:00,2026-10-01 09:19:18+02:00,2026-10-01,9,Thursday,False,10.195516666666666
20261001_070901,2026-10-01 07:09:06.269000+00:00,Bern,local,ch:1:sloid:76646,"Bern, Bahnhof",ch:1:sloid:76646:0:15,2026-10-01,ch:1:sjyid:100626:plan:f31eddc3-552a-4a73-9699-8e1b24e23532,bus,Bus,20,20,65475,"Bern Wankdorf, Bahnhof",Länggasse,F,,2026-10-01 07:19:48+00:00,2026-10-01 07:19:48+00:00,,True,0.0,2026-10-01 09:09:06.269000+02:00,2026-10-01 09:19:48+02:00,2026-10-01 09:19:48+02:00,2026-10-01,9,Thursday,False,10.695516666666666
20261001_070901,2026-10-01 07:09:06.269000+00:00,Bern,local,ch:1:sloid:76646,"Bern, Bahnhof",ch:1:sloid:76646:0:1,2026-10-01,ch:1:sjyid:100626:plan:06f18db0-8589-49fa-82f7-7f5abfcdcf97,tram,Tram,9,9,21825,"Wabern, Tram-Endstation",Wankdorf Bhf,B,,2026-10-01 07:19:00+00:00,2026-10-01 07:19:12+00:00,,True,0.2,2026-10-01 09:09:06.269000+02:00,2026-10-01 09:19:00+02:00,2026-10-01 09:19:12+02:00,2026-10-01,9,Thursday,False,9.895516666666667
20261001_070901,2026-10-01 07:09:07.562000+00:00,Basel,local,ch:1:sloid:78143,"Basel, Bahnhof SBB",ch:1:sloid:78143:1:32,2026-10-01,ch:1:sjyid:100622:plan:a034eef2-7be1-4abd-941e-13059e8f98a5,tram,Tram,2,2,2068,"Basel, Eglisee","Binningen, Kronenplatz",E,,2026-10-01 07:09:36+00:00,2026-10-01 07:13:12+00:00,,True,3.6,2026-10-01 09:09:07.562000+02:00,2026-10-01 09:09:36+02:00,2026-10-01 09:13:12+02:00,2026-10-01,9,Thursday,False,0.47396666666666665
20261001_070901,2026-10-01 07:09:07.562000+00:00,Basel,local,ch:1:sloid:78143,"Basel, Bahnhof SBB",ch:1:sloid:78143:3:3,2026-10-01,ch:1:sjyid:100622:plan:af4fa74b-2e9a-4e54-8e8e-b5fefbe3db54,bus,Bus,30,30,30105,"Basel, Bahnhof SBB","Basel, Metzerstrasse",B,,2026-10-01 07:09:48+00:00,2026-10-01 07:12:12+00:00,,True,2.4,2026-10-01 09:09:07.562000+02:00,2026-10-01 09:09:48+02:00,2026-10-01 09:12:12+02:00,2026-10-01,9,Thursday,False,0.6739666666666667
20261001_070901,2026-10-01 07:09:07.562000+00:00,Basel,local,ch:1:sloid:78143,"Basel, Bahnhof SBB",ch:1:sloid:78143:1:35,2026-10-01,ch:1:sjyid:100019:plan:875c4663-113b-4424-8654-6733bf91f9a9,tram,Tram,11,11,38118,"Basel, Dreispitz","Basel, Saint-Louis Grenze",H,,2026-10-01 07:10:30+00:00,2026-10-01 07:10:30+00:00,,True,0.0,2026-10-01 09:09:07.562000+02:00,2026-10-01 09:10:30+02:00,2026-10-01 09:10:30+02:00,2026-10-01,9,Thursday,False,1.3739666666666668
20261001_070901,2026-10-01 07:09:07.562000+00:00,Basel,local,ch:1:sloid:78143,"Basel, Bahnhof SBB",ch:1:sloid:78143:1:33,2026-10-01,ch:1:sjyid:100622:plan:590a63c3-8ee2-43c3-8044-df07f38c8fab,tram,Tram,2,2,2071,"Binningen, Kronenplatz","Basel, Eglisee",F,,2026-10-01 07:10:30+00:00,2026-10-01 07:10:30+00:00,,True,0.0,2026-10-01 09:09:07.562000+02:00,2026-10-01 09:10:30+02:00,2026-10-01 09:10:30+02:00,2026-10-01,9,Thursday,False,1.3739666666666668
20261001_070901,2026-10-01 07:09:07.562000+00:00,Basel,local,ch:1:sloid:78143,"Basel, Bahnhof SBB",ch:1:sloid:78143:1:32,2026-10-01,ch:1:sjyid:100622:plan:9ae01448-895c-42d1-bfea-5fcde7917dec,tram,Tram,8,8,8070,"Basel, Kleinhüningen","Basel, Neuweilerstrasse",E,,2026-10-01 07:11:18+00:00,2026-10-01 07:11:36+00:00,,True,0.3,2026-10-01 09:09:07.562000+02:00,2026-10-01 09:11:18+02:00,2026-10-01 09:11:36+02:00,2026-10-01,9,Thursday,False,2.1739666666666664
20261001_070901,2026-10-01 07:09:07.562000+00:00,Basel,local,ch:1:sloid:78143,"Basel, Bahnhof SBB",ch:1:sloid:78143:1:35,2026-10-01,ch:1:sjyid:100019:plan:427cec66-00e5-43f9-88e3-37bdfa15a396,tram,Tram,10,10,10110,"Dornach, Bahnhof","Ettingen, Dorf",H,,2026-10-01 07:12:00+00:00,2026-10-01 07:12:48+00:00,,True,0.8,2026-10-01 09:09:07.562000+02:00,2026-10-01 09:12:00+02:00,2026-10-01 09:12:48+02:00,2026-10-01,9,Thursday,False,2.8739666666666666
20261001_070901,2026-10-01 07:09:07.562000+00:00,Basel,local,ch:1:sloid:78143,"Basel, Bahnhof SBB",ch:1:sloid:78143:1:31,2026-10-01,ch:1:sjyid:100622:plan:4ebdbba2-cb62-4de6-8489-5510410c9c7c,tram,Tram,1,1,1070,"Basel, Bahnhof SBB","Basel, Dreirosenbrücke",D,,2026-10-01 07:12:48+00:00,2026-10-01 07:12:48+00:00,,True,0.0,2026-10-01 09:09:07.562000+02:00,2026-10-01 09:12:48+02:00,2026-10-01 09:12:48+02:00,2026-10-01,9,Thursday,False,3.6739666666666664
20261001_070901,2026-10-01 07:09:07.562000+00:00,Basel,local,ch:1:sloid:78143,"Basel, Bahnhof SBB",ch:1:sloid:78143:3:7,2026-10-01,ch:1:sjyid:100019:plan:c0fae919-1758-492c-9d52-eaf3efec7d15,bus,Bus,37,37,37678,"Basel, Bahnhof SBB",Münchenstein Bahnhof,K,,2026-10-01 07:12:00+00:00,2026-10-01 07:12:00+00:00,,True,0.0,2026-10-01 09:09:07.562000+02:00,2026-10-01 09:12:00+02:00,2026-10-01 09:12:00+02:00,2026-10-01,9,Thursday,False,2.8739666666666666
20261001_070901,2026-10-01 07:09:07.562000+00:00,Basel,local,ch:1:sloid:78143,"Basel, Bahnhof SBB",ch:1:sloid:78143:1:34,2026-10-01,ch:1:sjyid:100019:plan:1ab235ef-36ec-4479-9f0d-78b7568f93cd,tram,Tram,10,10,10133,"Ettingen, Dorf",Dornach Bahnhof,G,,2026-10-01 07:13:00+00:00,2026-10-01 07:13:12+00:00,,True,0.2,2026-10-01 09:09:07.562000+02:00,2026-10-01 09:13:00+02:00,2026-10-01 09:13:12+02:00,2026-10-01,9,Thursday,False,3.8739666666666666
20261001_070901,2026-10-01 07:09:07.562000+00:00,Basel,local,ch:1:sloid:78143,"Basel, Bahnhof SBB",ch:1:sloid:78143:3:3,2026-10-01,ch:1:sjyid:100622:plan:62db324a-9a97-4593-9fc3-8d344acbc518,bus,Bus,30,30,30107,"Basel, Bahnhof SBB","Basel, Badischer Bahnhof",B,,2026-10-01 07:13:36+00:00,2026-10-01 07:13:36+00:00,,True,0.0,2026-10-01 09:09:07.562000+02:00,2026-10-01 09:13:36+02:00,2026-10-01 09:13:36+02:00,2026-10-01,9,Thursday,False,4.473966666666667
20261001_070901,2026-10-01 07:09:07.562000+00:00,Basel,local,ch:1:sloid:78143,"Basel, Bahnhof SBB",ch:1:sloid:78143:1:33,2026-10-01,ch:1:sjyid:100622:plan:a6c5bc95-564a-4f5e-95f3-5a20d444635d,tram,Tram,8,8,8075,"Basel, Neuweilerstrasse","Basel, Kleinhüningen",F,,2026-10-01 07:15:18+00:00,2026-10-01 07:15:48+00:00,,True,0.5,2026-10-01 09:09:07.562000+02:00,2026-10-01 09:15:18+02:00,2026-10-01 09:15:48+02:00,2026-10-01,9,Thursday,False,6.173966666666667
20261001_070901,2026-10-01 07:09:07.562000+00:00,Basel,local,ch:1:sloid:78143,"Basel, Bahnhof SBB",ch:1:sloid:78143:3:3,2026-10-01,ch:1:sjyid:100622:plan:81245774-1700-4fde-a830-c23b2e08c711,bus,Bus,50,50,50067,"Basel, Bahnhof SBB","Basel, EuroAirport",B,,2026-10-01 07:15:36+00:00,2026-10-01 07:15:36+00:00,,True,0.0,2026-10-01 09:09:07.562000+02:00,2026-10-01 09:15:36+02:00,2026-10-01 09:15:36+02:00,2026-10-01,9,Thursday,False,6.473966666666667
20261001_070901,2026-10-01 07:09:07.562000+00:00,Basel,local,ch:1:sloid:78143,"Basel, Bahnhof SBB",ch:1:sloid:78143:1:34,2026-10-01,ch:1:sjyid:100019:plan:671fb533-9070-4e16-a617-07feca836bf5,tram,Tram,11,11,38107,"Basel, St-Louis Grenze","Basel, Dreispitz",G,,2026-10-01 07:15:42+00:00,2026-10-01 07:15:42+00:00,,True,0.0,2026-10-01 09:09:07.562000+02:00,2026-10-01 09:15:42+02:00,2026-10-01 09:15:42+02:00,2026-10-01,9,Thursday,False,6.573966666666666
20261001_070901,2026-10-01 07:09:07.562000+00:00,Basel,local,ch:1:sloid:78143,"Basel, Bahnhof SBB",ch:1:sloid:78143:1:32,2026-10-01,ch:1:sjyid:100622:plan:33bb85d3-eea2-4af0-b42f-2659c62e382d,tram,Tram,2,2,2070,"Basel, Eglisee","Binningen, Kronenplatz",E,,2026-10-01 07:17:06+00:00,2026-10-01 07:17:06+00:00,,True,0.0,2026-10-01 09:09:07.562000+02:00,2026-10-01 09:17:06+02:00,2026-10-01 09:17:06+02:00,2026-10-01,9,Thursday,False,7.973966666666667
20261001_070901,2026-10-01 07:09:07.562000+00:00,Basel,local,ch:1:sloid:78143,"Basel, Bahnhof SBB",ch:1:sloid:78143:3:3,2026-10-01,ch:1:sjyid:100622:plan:15fb077e-500f-41ca-81f5-5c14b716bbbf,bus,Bus,30,30,30109,"Basel, Bahnhof SBB","Basel, Metzerstrasse",B,,2026-10-01 07:17:18+00:00,2026-10-01 07:17:18+00:00,,True,0.0,2026-10-01 09:09:07.562000+02:00,2026-10-01 09:17:18+02:00,2026-10-01 09:17:18+02:00,2026-10-01,9,Thursday,False,8.173966666666667
20261001_070901,2026-10-01 07:09:07.562000+00:00,Basel,local,ch:1:sloid:78143,"Basel, Bahnhof SBB",ch:1:sloid:78143:3:5,2026-10-01,ch:1:sjyid:100622:plan:479e359e-b5f5-4202-8d91-83d897cef772,bus,Bus,48,48,48045,"Basel, Bahnhof SBB","Basel, Bachgraben",A,,2026-10-01 07:17:00+00:00,2026-10-01 07:17:00+00:00,,True,0.0,2026-10-01 09:09:07.562000+02:00,2026-10-01 09:17:00+02:00,2026-10-01 09:17:00+02:00,2026-10-01,9,Thursday,False,7.873966666666666
20261001_070901,2026-10-01 07:09:07.562000+00:00,Basel,local,ch:1:sloid:78143,"Basel, Bahnhof SBB",ch:1:sloid:78143:1:35,2026-10-01,ch:1:sjyid:100019:plan:ef28305b-3cf2-4c01-add2-60c46ddb8246,tram,Tram,11,11,38126,"Basel, Dreispitz","Basel, Saint-Louis Grenze",H,,2026-10-01 07:18:00+00:00,2026-10-01 07:18:00+00:00,,True,0.0,2026-10-01 09:09:07.562000+02:00,2026-10-01 09:18:00+02:00,2026-10-01 09:18:00+02:00,2026-10-01,9,Thursday,False,8.873966666666666
20261001_070901,2026-10-01 07:09:07.562000+00:00,Basel,local,ch:1:sloid:78143,"Basel, Bahnhof SBB",ch:1:sloid:78143:1:32,2026-10-01,ch:1:sjyid:100622:plan:bfade637-4502-47ad-bdfa-08a46d2f41ea,tram,Tram,8,8,8068,"Weil am Rhein, Bahnhof/Zentrum","Basel, Neuweilerstrasse",E,,2026-10-01 07:18:48+00:00,2026-10-01 07:19:48+00:00,,True,1.0,2026-10-01 09:09:07.562000+02:00,2026-10-01 09:18:48+02:00,2026-10-01 09:19:48+02:00,2026-10-01,9,Thursday,False,9.673966666666667
20261001_070901,2026-10-01 07:09:07.562000+00:00,Basel,local,ch:1:sloid:78143,"Basel, Bahnhof SBB",ch:1:sloid:78143:1:33,2026-10-01,ch:1:sjyid:100622:plan:429e06c2-bb01-4ecd-945f-7e32ba9f358d,tram,Tram,2,2,2073,"Binningen, Kronenplatz","Basel, Eglisee",F,,2026-10-01 07:18:00+00:00,2026-10-01 07:18:00+00:00,,True,0.0,2026-10-01 09:09:07.562000+02:00,2026-10-01 09:18:00+02:00,2026-10-01 09:18:00+02:00,2026-10-01,9,Thursday,False,8.873966666666666
20261001_070901,2026-10-01 07:09:07.562000+00:00,Basel,local,ch:1:sloid:78143,"Basel, Bahnhof SBB",ch:1:sloid:78143:1:35,2026-10-01,ch:1:sjyid:100019:plan:c4f9ee5a-6cdf-42b9-b9d5-a21925b5760a,tram,Tram,10,10,10114,"Dornach, Bahnhof","Flüh, Station",H,,2026-10-01 07:20:00+00:00,2026-10-01 07:20:30+00:00,,True,0.5,2026-10-01 09:09:07.562000+02:00,2026-10-01 09:20:00+02:00,2026-10-01 09:20:30+02:00,2026-10-01,9,Thursday,False,10.873966666666666
20261001_070901,2026-10-01 07:09:07.562000+00:00,Basel,local,ch:1:sloid:78143,"Basel, Bahnhof SBB",ch:1:sloid:78143:1:31,2026-10-01,ch:1:sjyid:100622:plan:edae0d5d-dfc2-4132-9895-bcaef7c33119,tram,Tram,1,1,1072,"Basel, Bahnhof SBB","Basel, Dreirosenbrücke",D,,2026-10-01 07:20:18+00:00,2026-10-01 07:20:18+00:00,,True,0.0,2026-10-01 09:09:07.562000+02:00,2026-10-01 09:20:18+02:00,2026-10-01 09:20:18+02:00,2026-10-01,9,Thursday,False,11.173966666666667
20261001_070901,2026-10-01 07:09:07.562000+00:00,Basel,local,ch:1:sloid:78143,"Basel, Bahnhof SBB",ch:1:sloid:78143:1:34,2026-10-01,ch:1:sjyid:100019:plan:b7e9b108-ba00-4f26-8de9-e22367a552c9,tram,Tram,10,10,10131,"Rodersdorf, Station",Dornach Bahnhof,G,,2026-10-01 07:20:00+00:00,2026-10-01 07:21:42+00:00,,True,1.7,2026-10-01 09:09:07.562000+02:00,2026-10-01 09:20:00+02:00,2026-10-01 09:21:42+02:00,2026-10-01,9,Thursday,False,10.873966666666666
20261001_070901,2026-10-01 07:09:07.562000+00:00,Basel,local,ch:1:sloid:78143,"Basel, Bahnhof SBB",ch:1:sloid:78143:3:3,2026-10-01,ch:1:sjyid:100622:plan:b4329140-a3a1-4acc-9546-44f404e72be0,bus,Bus,30,30,30111,"Basel, Bahnhof SBB","Basel, Badischer Bahnhof",B,,2026-10-01 07:21:06+00:00,2026-10-01 07:21:06+00:00,,True,0.0,2026-10-01 09:09:07.562000+02:00,2026-10-01 09:21:06+02:00,2026-10-01 09:21:06+02:00,2026-10-01,9,Thursday,False,11.973966666666666
20261001_070901,2026-10-01 07:09:07.562000+00:00,Basel,local,ch:1:sloid:78143,"Basel, Bahnhof SBB",ch:1:sloid:78143:1:33,2026-10-01,ch:1:sjyid:100622:plan:f5777b40-96b2-4102-a902-4a62b639cb21,tram,Tram,8,8,8077,"Basel, Neuweilerstrasse",Weil am Rhein (D) Bahnhof / Zentrum,F,,2026-10-01 07:22:48+00:00,2026-10-01 07:22:48+00:00,,True,0.0,2026-10-01 09:09:07.562000+02:00,2026-10-01 09:22:48+02:00,2026-10-01 09:22:48+02:00,2026-10-01,9,Thursday,False,13.673966666666667
20261001_070901,2026-10-01 07:09:07.562000+00:00,Basel,local,ch:1:sloid:78143,"Basel, Bahnhof SBB",ch:1:sloid:78143:1:34,2026-10-01,ch:1:sjyid:100019:plan:110e8db1-6596-461c-8c7a-e59fdcac4e77,tram,Tram,11,11,38111,"Basel, St-Louis Grenze","Basel, Dreispitz",G,,2026-10-01 07:23:12+00:00,2026-10-01 07:23:12+00:00,,True,0.0,2026-10-01 09:09:07.562000+02:00,2026-10-01 09:23:12+02:00,2026-10-01 09:23:12+02:00,2026-10-01,9,Thursday,False,14.073966666666667
20261001_070901,2026-10-01 07:09:07.562000+00:00,Basel,local,ch:1:sloid:78143,"Basel, Bahnhof SBB",ch:1:sloid:78143:3:3,2026-10-01,ch:1:sjyid:100622:plan:e2f975ab-0baf-4f58-8721-a830a03a0a7f,bus,Bus,50,50,50069,"Basel, Bahnhof SBB","Basel, EuroAirport",B,,2026-10-01 07:23:06+00:00,2026-10-01 07:23:06+00:00,,True,0.0,2026-10-01 09:09:07.562000+02:00,2026-10-01 09:23:06+02:00,2026-10-01 09:23:06+02:00,2026-10-01,9,Thursday,False,13.973966666666666
20261001_070901,2026-10-01 07:09:07.562000+00:00,Basel,local,ch:1:sloid:78143,"Basel, Bahnhof SBB",ch:1:sloid:78143:1:32,2026-10-01,ch:1:sjyid:100622:plan:7fbcfa61-c65c-4e78-a925-da5f8db009e7,tram,Tram,2,2,2072,"Basel, Eglisee","Binningen, Kronenplatz",E,,2026-10-01 07:24:36+00:00,2026-10-01 07:24:36+00:00,,True,0.0,2026-10-01 09:09:07.562000+02:00,2026-10-01 09:24:36+02:00,2026-10-01 09:24:36+02:00,2026-10-01,9,Thursday,False,15.473966666666666
20261001_070901,2026-10-01 07:09:07.562000+00:00,Basel,local,ch:1:sloid:78143,"Basel, Bahnhof SBB",ch:1:sloid:78143:3:3,2026-10-01,ch:1:sjyid:100622:plan:fcb03474-209e-4a11-b229-64976de7542a,bus,Bus,30,30,30113,"Basel, Bahnhof SBB","Basel, Metzerstrasse",B,,2026-10-01 07:24:48+00:00,2026-10-01 07:24:48+00:00,,True,0.0,2026-10-01 09:09:07.562000+02:00,2026-10-01 09:24:48+02:00,2026-10-01 09:24:48+02:00,2026-10-01,9,Thursday,False,15.673966666666667
20261001_070901,2026-10-01 07:09:07.562000+00:00,Basel,local,ch:1:sloid:78143,"Basel, Bahnhof SBB",ch:1:sloid:78143:1:35,2026-10-01,ch:1:sjyid:100019:plan:a5ec7208-502c-4cf8-9ca0-c6ed27d32e9a,tram,Tram,11,11,38130,"Basel, Dreispitz","Basel, Saint-Louis Grenze",H,,2026-10-01 07:25:30+00:00,2026-10-01 07:25:30+00:00,,True,0.0,2026-10-01 09:09:07.562000+02:00,2026-10-01 09:25:30+02:00,2026-10-01 09:25:30+02:00,2026-10-01,9,Thursday,False,16.373966666666668
20261001_070901,2026-10-01 07:09:07.562000+00:00,Basel,local,ch:1:sloid:78143,"Basel, Bahnhof SBB",ch:1:sloid:78143:1:33,2026-10-01,ch:1:sjyid:100622:plan:605d4f86-c6ba-4356-91fa-37bf39bbd228,tram,Tram,2,2,2075,"Binningen, Kronenplatz","Basel, Eglisee",F,,2026-10-01 07:25:30+00:00,2026-10-01 07:25:30+00:00,,True,0.0,2026-10-01 09:09:07.562000+02:00,2026-10-01 09:25:30+02:00,2026-10-01 09:25:30+02:00,2026-10-01,9,Thursday,False,16.373966666666668
20261001_070901,2026-10-01 07:09:08.105000+00:00,Luzern,local,ch:1:sloid:8450,"Luzern, Bahnhof",ch:1:sloid:8450::1,2026-10-01,ch:1:sjyid:100619:plan:32e15276-ccdd-4985-a790-e4f5a9dfe1e2,bus,Bus,1,1,1789,"Ebikon, Fildern",Obernau Dorf,A,,2026-10-01 07:08:00+00:00,2026-10-01 07:10:12+00:00,,True,2.2,2026-10-01 09:09:08.105000+02:00,2026-10-01 09:08:00+02:00,2026-10-01 09:10:12+02:00,2026-10-01,9,Thursday,False,-1.1350833333333334
20261001_070901,2026-10-01 07:09:08.105000+00:00,Luzern,local,ch:1:sloid:8450,"Luzern, Bahnhof",ch:1:sloid:8450::2,2026-10-01,ch:1:sjyid:100619:plan:e4ead92b-b35e-430e-ae02-870a6c091121,bus,Bus,1,1,2108,"Obernau, Dorf",Ebikon Fildern,B,,2026-10-01 07:09:48+00:00,2026-10-01 07:10:42+00:00,,True,0.9,2026-10-01 09:09:08.105000+02:00,2026-10-01 09:09:48+02:00,2026-10-01 09:10:42+02:00,2026-10-01,9,Thursday,False,0.6649166666666667
20261001_070901,2026-10-01 07:09:08.105000+00:00,Luzern,local,ch:1:sloid:8450,"Luzern, Bahnhof",ch:1:sloid:8450::1,2026-10-01,ch:1:sjyid:100619:plan:f5b5f781-3679-42e8-8095-7ea5160f27e5,bus,Bus,7,7,24497,"Luzern, Unterlöchli",Horw Biregghof,A,,2026-10-01 07:09:00+00:00,2026-10-01 07:09:00+00:00,,True,0.0,2026-10-01 09:09:08.105000+02:00,2026-10-01 09:09:00+02:00,2026-10-01 09:09:00+02:00,2026-10-01,9,Thursday,False,-0.13508333333333333
20261001_070901,2026-10-01 07:09:08.105000+00:00,Luzern,local,ch:1:sloid:8450,"Luzern, Bahnhof",ch:1:sloid:8450::2,2026-10-01,ch:1:sjyid:100619:plan:27c284f8-c9dc-4f28-ac6c-c32d02c5fc69,bus,Bus,7,7,24514,"Horw, Biregghof",Unterlöchli,B,,2026-10-01 07:10:00+00:00,2026-10-01 07:11:24+00:00,,True,1.4,2026-10-01 09:09:08.105000+02:00,2026-10-01 09:10:00+02:00,2026-10-01 09:11:24+02:00,2026-10-01,9,Thursday,False,0.8649166666666667
20261001_070901,2026-10-01 07:09:08.105000+00:00,Luzern,local,ch:1:sloid:8450,"Luzern, Bahnhof",ch:1:sloid:8450::23,2026-10-01,ch:1:sjyid:100619:plan:58a57463-bdb7-465d-afbf-79767f36915e,bus,Bus,2,2,8669,"Luzern, Bahnhof",E'brücke Sprengi,Y,,2026-10-01 07:10:00+00:00,2026-10-01 07:10:00+00:00,,True,0.0,2026-10-01 09:09:08.105000+02:00,2026-10-01 09:10:00+02:00,2026-10-01 09:10:00+02:00,2026-10-01,9,Thursday,False,0.8649166666666667
20261001_070901,2026-10-01 07:09:08.105000+00:00,Luzern,local,ch:1:sloid:8450,"Luzern, Bahnhof",ch:1:sloid:8450::16,2026-10-01,ch:1:sjyid:100619:plan:682403f2-38fe-40a5-be2f-02e1fcc4d98c,bus,Bus,4,4,14379,"Luzern, Bahnhof",Hubelmatt,V,,2026-10-01 07:10:00+00:00,2026-10-01 07:10:00+00:00,,True,0.0,2026-10-01 09:09:08.105000+02:00,2026-10-01 09:10:00+02:00,2026-10-01 09:10:00+02:00,2026-10-01,9,Thursday,False,0.8649166666666667
20261001_070901,2026-10-01 07:09:08.105000+00:00,Luzern,local,ch:1:sloid:8450,"Luzern, Bahnhof",ch:1:sloid:8450::1,2026-10-01,ch:1:sjyid:100619:plan:e012d71f-2c30-48b2-8453-34d2aa194311,bus,Bus,6,6,21309,"Luzern, Büttenenhalde",Matthof,A,,2026-10-01 07:12:00+00:00,2026-10-01 07:14:30+00:00,,True,2.5,2026-10-01 09:09:08.105000+02:00,2026-10-01 09:12:00+02:00,2026-10-01 09:14:30+02:00,2026-10-01,9,Thursday,False,2.864916666666667
20261001_070901,2026-10-01 07:09:08.105000+00:00,Luzern,local,ch:1:sloid:8450,"Luzern, Bahnhof",ch:1:sloid:8450::2,2026-10-01,ch:1:sjyid:100619:plan:627148e7-1d91-4f18-8d5d-b737f388863a,bus,Bus,8,8,28420,"Luzern, Hirtenhof",Würzenbach,B,,2026-10-01 07:13:00+00:00,2026-10-01 07:14:18+00:00,,True,1.3,2026-10-01 09:09:08.105000+02:00,2026-10-01 09:13:00+02:00,2026-10-01 09:14:18+02:00,2026-10-01,9,Thursday,False,3.864916666666667
20261001_070901,2026-10-01 07:09:08.105000+00:00,Luzern,local,ch:1:sloid:8450,"Luzern, Bahnhof",ch:1:sloid:8450::2,2026-10-01,ch:1:sjyid:100619:plan:cb633e1a-1251-4a35-b207-f4b4181a3045,bus,Bus,14,14,38428,"Horw, Zentrum",Brüelstrasse,B,,2026-10-01 07:14:42+00:00,2026-10-01 07:17:36+00:00,,True,2.9,2026-10-01 09:09:08.105000+02:00,2026-10-01 09:14:42+02:00,2026-10-01 09:17:36+02:00,2026-10-01,9,Thursday,False,5.564916666666666
20261001_070901,2026-10-01 07:09:08.105000+00:00,Luzern,local,ch:1:sloid:8450,"Luzern, Bahnhof",ch:1:sloid:8450::11,2026-10-01,ch:1:sjyid:100619:plan:bc3f9a4f-1665-4b48-8bd4-74028170e4a6,bus,Bus,19,19,45256,"Luzern, Bahnhof",Friedental,R,,2026-10-01 07:14:00+00:00,2026-10-01 07:14:00+00:00,,True,0.0,2026-10-01 09:09:08.105000+02:00,2026-10-01 09:14:00+02:00,2026-10-01 09:14:00+02:00,2026-10-01,9,Thursday,False,4.864916666666667
20261001_070901,2026-10-01 07:09:08.105000+00:00,Luzern,local,ch:1:sloid:8450,"Luzern, Bahnhof",ch:1:sloid:8450::1,2026-10-01,ch:1:sjyid:100619:plan:ee8af105-e9d1-41a3-adfa-ab31a7ec6785,bus,Bus,1,1,1813,"Ebikon, Fildern",Obernau Dorf,A,,2026-10-01 07:15:00+00:00,2026-10-01 07:15:48+00:00,,True,0.8,2026-10-01 09:09:08.105000+02:00,2026-10-01 09:15:00+02:00,2026-10-01 09:15:48+02:00,2026-10-01,9,Thursday,False,5.864916666666667
20261001_070901,2026-10-01 07:09:08.105000+00:00,Luzern,local,ch:1:sloid:8450,"Luzern, Bahnhof",ch:1:sloid:8450::17,2026-10-01,ch:1:sjyid:100619:plan:6f9db096-aa7e-4012-8701-c48da89df54c,bus,Bus,10,10,32203,"Luzern, Bahnhof",Obergütsch,W,,2026-10-01 07:15:00+00:00,2026-10-01 07:15:00+00:00,,True,0.0,2026-10-01 09:09:08.105000+02:00,2026-10-01 09:15:00+02:00,2026-10-01 09:15:00+02:00,2026-10-01,9,Thursday,False,5.864916666666667
20261001_070901,2026-10-01 07:09:08.105000+00:00,Luzern,local,ch:1:sloid:8450,"Luzern, Bahnhof",ch:1:sloid:8450::10,2026-10-01,ch:1:sjyid:100619:plan:448cc115-a6fc-4eca-bf9a-e92184d26c29,bus,Bus,20,20,48305,"Luzern, Bahnhof",Horw Ennethorw,J,,2026-10-01 07:15:00+00:00,2026-10-01 07:15:00+00:00,,True,0.0,2026-10-01 09:09:08.105000+02:00,2026-10-01 09:15:00+02:00,2026-10-01 09:15:00+02:00,2026-10-01,9,Thursday,False,5.864916666666667
20261001_070901,2026-10-01 07:09:08.105000+00:00,Luzern,local,ch:1:sloid:8450,"Luzern, Bahnhof",ch:1:sloid:8450::2,2026-10-01,ch:1:sjyid:100619:plan:18f32d48-5be1-4685-8696-62bb473e8ff6,bus,Bus,1,1,2138,"Obernau, Dorf",Ebikon Fildern,B,,2026-10-01 07:16:48+00:00,2026-10-01 07:17:00+00:00,,True,0.2,2026-10-01 09:09:08.105000+02:00,2026-10-01 09:16:48+02:00,2026-10-01 09:17:00+02:00,2026-10-01,9,Thursday,False,7.664916666666667
20261001_070901,2026-10-01 07:09:08.105000+00:00,Luzern,local,ch:1:sloid:8450,"Luzern, Bahnhof",ch:1:sloid:8450::12,2026-10-01,ch:1:sjyid:100619:plan:5eba6533-efd6-49a1-bf22-00dc539f28e3,bus,Bus,24,24,59374,"Luzern, Bahnhof",Meggen Tschädigen,S,,2026-10-01 07:16:00+00:00,2026-10-01 07:16:00+00:00,,True,0.0,2026-10-01 09:09:08.105000+02:00,2026-10-01 09:16:00+02:00,2026-10-01 09:16:00+02:00,2026-10-01,9,Thursday,False,6.864916666666667
20261001_070901,2026-10-01 07:09:08.105000+00:00,Luzern,local,ch:1:sloid:8450,"Luzern, Bahnhof",ch:1:sloid:8450::20,2026-10-01,ch:1:sjyid:100619:plan:2948d865-b758-40d0-9bfa-2df48e007f57,bus,Bus,12,12,83399,"Luzern, Bahnhof",Gasshof,M,,2026-10-01 07:16:00+00:00,2026-10-01 07:16:00+00:00,,True,0.0,2026-10-01 09:09:08.105000+02:00,2026-10-01 09:16:00+02:00,2026-10-01 09:16:00+02:00,2026-10-01,9,Thursday,False,6.864916666666667
20261001_070901,2026-10-01 07:09:08.105000+00:00,Luzern,local,ch:1:sloid:8450,"Luzern, Bahnhof",ch:1:sloid:8450::1,2026-10-01,ch:1:sjyid:100619:plan:fb9b627b-8e75-4983-8659-3b40a5a0e351,bus,Bus,14,14,38291,"Luzern, Brüelstrasse",Horw Zentrum,A,,2026-10-01 07:17:00+00:00,2026-10-01 07:17:00+00:00,,True,0.0,2026-10-01 09:09:08.105000+02:00,2026-10-01 09:17:00+02:00,2026-10-01 09:17:00+02:00,2026-10-01,9,Thursday,False,7.864916666666667
20261001_070901,2026-10-01 07:09:08.105000+00:00,Luzern,local,ch:1:sloid:8450,"Luzern, Bahnhof",ch:1:sloid:8450::23,2026-10-01,ch:1:sjyid:100619:plan:2b2dd645-278f-4074-8f80-90b67dac0b90,bus,Bus,2,2,8689,"Luzern, Bahnhof",E'brücke Sprengi,Y,,2026-10-01 07:18:00+00:00,2026-10-01 07:18:00+00:00,,True,0.0,2026-10-01 09:09:08.105000+02:00,2026-10-01 09:18:00+02:00,2026-10-01 09:18:00+02:00,2026-10-01,9,Thursday,False,8.864916666666666
20261001_070901,2026-10-01 07:09:08.105000+00:00,Luzern,local,ch:1:sloid:8450,"Luzern, Bahnhof",ch:1:sloid:8450::1,2026-10-01,ch:1:sjyid:100619:plan:07da2a1c-500c-46ee-9402-6b103cf6d8fc,bus,Bus,7,7,24521,"Luzern, Unterlöchli",Horw Biregghof,A,,2026-10-01 07:19:00+00:00,2026-10-01 07:18:48+00:00,,True,-0.2,2026-10-01 09:09:08.105000+02:00,2026-10-01 09:19:00+02:00,2026-10-01 09:18:48+02:00,2026-10-01,9,Thursday,False,9.864916666666666
20261001_070901,2026-10-01 07:09:08.105000+00:00,Luzern,local,ch:1:sloid:8450,"Luzern, Bahnhof",ch:1:sloid:8450::1,2026-10-01,ch:1:sjyid:100619:plan:dc6ac230-4f5d-4b09-8f93-c3ca54f8ac66,bus,Bus,8,8,28497,"Luzern, Würzenbach",Hirtenhof,A,,2026-10-01 07:19:00+00:00,2026-10-01 07:19:12+00:00,,True,0.2,2026-10-01 09:09:08.105000+02:00,2026-10-01 09:19:00+02:00,2026-10-01 09:19:12+02:00,2026-10-01,9,Thursday,False,9.864916666666666
20261001_070901,2026-10-01 07:09:08.105000+00:00,Luzern,local,ch:1:sloid:8450,"Luzern, Bahnhof",ch:1:sloid:8450::2,2026-10-01,ch:1:sjyid:100619:plan:7bb347ef-9a16-4ff2-81a6-5e59a7efca1a,bus,Bus,7,7,24536,"Horw, Biregghof",Unterlöchli,B,,2026-10-01 07:20:00+00:00,2026-10-01 07:20:18+00:00,,True,0.3,2026-10-01 09:09:08.105000+02:00,2026-10-01 09:20:00+02:00,2026-10-01 09:20:18+02:00,2026-10-01,9,Thursday,False,10.864916666666666
20261001_070901,2026-10-01 07:09:08.105000+00:00,Luzern,local,ch:1:sloid:8450,"Luzern, Bahnhof",ch:1:sloid:8450::16,2026-10-01,ch:1:sjyid:100619:plan:d2e7e53c-8ae9-472b-9fb4-3d4863fe06b2,bus,Bus,4,4,14399,"Luzern, Bahnhof",Hubelmatt,V,,2026-10-01 07:20:00+00:00,2026-10-01 07:20:00+00:00,,True,0.0,2026-10-01 09:09:08.105000+02:00,2026-10-01 09:20:00+02:00,2026-10-01 09:20:00+02:00,2026-10-01,9,Thursday,False,10.864916666666666
20261001_070901,2026-10-01 07:09:08.105000+00:00,Luzern,local,ch:1:sloid:8450,"Luzern, Bahnhof",ch:1:sloid:8450::2,2026-10-01,ch:1:sjyid:100619:plan:92e62f1e-09ba-45a6-9a33-17c5eb8bc225,bus,Bus,6,6,21326,"Luzern, Matthof",Büttenenhalde,B,,2026-10-01 07:21:00+00:00,2026-10-01 07:21:00+00:00,,True,0.0,2026-10-01 09:09:08.105000+02:00,2026-10-01 09:21:00+02:00,2026-10-01 09:21:00+02:00,2026-10-01,9,Thursday,False,11.864916666666666
20261001_070901,2026-10-01 07:09:08.105000+00:00,Luzern,local,ch:1:sloid:8450,"Luzern, Bahnhof",ch:1:sloid:8450::1,2026-10-01,ch:1:sjyid:100619:plan:e6f435ab-3fbe-4058-930a-df7ecd79c327,bus,Bus,1,1,1839,"Ebikon, Fildern",Obernau Dorf,A,,2026-10-01 07:23:00+00:00,2026-10-01 07:24:18+00:00,,True,1.3,2026-10-01 09:09:08.105000+02:00,2026-10-01 09:23:00+02:00,2026-10-01 09:24:18+02:00,2026-10-01,9,Thursday,False,13.864916666666666
20261001_070901,2026-10-01 07:09:08.105000+00:00,Luzern,local,ch:1:sloid:8450,"Luzern, Bahnhof",ch:1:sloid:8450::20,2026-10-01,ch:1:sjyid:100619:plan:ac44b767-165f-4069-a95d-6278669e58b9,bus,Bus,12,12,83411,"Luzern, Bahnhof",Gasshof,M,,2026-10-01 07:23:00+00:00,2026-10-01 07:23:00+00:00,,True,0.0,2026-10-01 09:09:08.105000+02:00,2026-10-01 09:23:00+02:00,2026-10-01 09:23:00+02:00,2026-10-01,9,Thursday,False,13.864916666666666
20261001_070901,2026-10-01 07:09:08.105000+00:00,Luzern,local,ch:1:sloid:8450,"Luzern, Bahnhof",ch:1:sloid:8450::2,2026-10-01,ch:1:sjyid:100619:plan:02e4fb83-26cf-4e8a-a226-2672f4516f5c,bus,Bus,1,1,2178,"Obernau, Dorf",Ebikon Fildern,B,,2026-10-01 07:24:48+00:00,2026-10-01 07:24:48+00:00,,True,0.0,2026-10-01 09:09:08.105000+02:00,2026-10-01 09:24:48+02:00,2026-10-01 09:24:48+02:00,2026-10-01,9,Thursday,False,15.664916666666667
20261001_070901,2026-10-01 07:09:08.105000+00:00,Luzern,local,ch:1:sloid:8450,"Luzern, Bahnhof",ch:1:sloid:8450::11,2026-10-01,ch:1:sjyid:100619:plan:ccaacfb6-6558-49cb-adc1-f0a0f11564ad,bus,Bus,19,19,45266,"Luzern, Bahnhof",Friedental,R,,2026-10-01 07:24:00+00:00,2026-10-01 07:24:00+00:00,,True,0.0,2026-10-01 09:09:08.105000+02:00,2026-10-01 09:24:00+02:00,2026-10-01 09:24:00+02:00,2026-10-01,9,Thursday,False,14.864916666666666
20261001_070901,2026-10-01 07:09:08.105000+00:00,Luzern,local,ch:1:sloid:8450,"Luzern, Bahnhof",ch:1:sloid:8450::23,2026-10-01,ch:1:sjyid:100619:plan:0c18cc13-fa52-4ac4-8e57-11353e7b4291,bus,Bus,2,2,8711,"Luzern, Bahnhof",E'brücke Sprengi,Y,,2026-10-01 07:25:00+00:00,2026-10-01 07:25:00+00:00,,True,0.0,2026-10-01 09:09:08.105000+02:00,2026-10-01 09:25:00+02:00,2026-10-01 09:25:00+02:00,2026-10-01,9,Thursday,False,15.864916666666666
20261001_070901,2026-10-01 07:09:08.105000+00:00,Luzern,local,ch:1:sloid:8450,"Luzern, Bahnhof",ch:1:sloid:8450::1,2026-10-01,ch:1:sjyid:100619:plan:aaf3dff7-7482-4867-bae2-45fe1f3d5a26,bus,Bus,6,6,21329,"Luzern, Büttenenhalde",Matthof,A,,2026-10-01 07:27:00+00:00,2026-10-01 07:27:00+00:00,,True,0.0,2026-10-01 09:09:08.105000+02:00,2026-10-01 09:27:00+02:00,2026-10-01 09:27:00+02:00,2026-10-01,9,Thursday,False,17.864916666666666
20261001_070901,2026-10-01 07:09:08.105000+00:00,Luzern,local,ch:1:sloid:8450,"Luzern, Bahnhof",ch:1:sloid:8450::2,2026-10-01,ch:1:sjyid:100619:plan:959c1b62-e136-4d7a-846f-cde689c5f473,bus,Bus,8,8,28444,"Luzern, Hirtenhof",Würzenbach,B,,2026-10-01 07:28:00+00:00,2026-10-01 07:28:00+00:00,,True,0.0,2026-10-01 09:09:08.105000+02:00,2026-10-01 09:28:00+02:00,2026-10-01 09:28:00+02:00,2026-10-01,9,Thursday,False,18.864916666666666
20261001_070901,2026-10-01 07:09:08.610000+00:00,St. Gallen,local,ch:1:sloid:74095,"St. Gallen, Bahnhof",ch:1:sloid:74095:0:541287,2026-10-01,ch:1:sjyid:100684:SKI-6131,bus,Bus,6,6,6131,"St. Gallen, Heiligkreuz",Bach St.Georgen,H,,2026-10-01 07:08:00+00:00,2026-10-01 07:09:00+00:00,,True,1.0,2026-10-01 09:09:08.610000+02:00,2026-10-01 09:08:00+02:00,2026-10-01 09:09:00+02:00,2026-10-01,9,Thursday,False,-1.1435
20261001_070901,2026-10-01 07:09:08.610000+00:00,St. Gallen,local,ch:1:sloid:74095,"St. Gallen, Bahnhof",ch:1:sloid:74095:0:894224,2026-10-01,ch:1:sjyid:100684:SKI-6114,bus,Bus,6,6,6114,"St. Gallen, Bach St. Georgen",Heiligkreuz,E,,2026-10-01 07:08:00+00:00,2026-10-01 07:10:48+00:00,,True,2.8,2026-10-01 09:09:08.610000+02:00,2026-10-01 09:08:00+02:00,2026-10-01 09:10:48+02:00,2026-10-01,9,Thursday,False,-1.1435
20261001_070901,2026-10-01 07:09:08.610000+00:00,St. Gallen,local,ch:1:sloid:74095,"St. Gallen, Bahnhof",ch:1:sloid:74095:0:894224,2026-10-01,ch:1:sjyid:100684:SKI-3066,bus,Bus,3,3,3066,"Abtwil SG, Säntispark","Wittenbach, Bahnhof",E,,2026-10-01 07:09:00+00:00,2026-10-01 07:26:36+00:00,,True,17.6,2026-10-01 09:09:08.610000+02:00,2026-10-01 09:09:00+02:00,2026-10-01 09:26:36+02:00,2026-10-01,9,Thursday,False,-0.1435
20261001_070901,2026-10-01 07:09:08.610000+00:00,St. Gallen,local,ch:1:sloid:74095,"St. Gallen, Bahnhof",ch:1:sloid:74095:0:541287,2026-10-01,ch:1:sjyid:100684:SKI-8085,bus,Bus,8,8,8085,"St. Gallen, Neudorf/R'str.",Wendeplatz Stocken,H,,2026-10-01 07:10:00+00:00,2026-10-01 07:10:00+00:00,,True,0.0,2026-10-01 09:09:08.610000+02:00,2026-10-01 09:10:00+02:00,2026-10-01 09:10:00+02:00,2026-10-01,9,Thursday,False,0.8565
20261001_070901,2026-10-01 07:09:08.610000+00:00,St. Gallen,local,ch:1:sloid:74095,"St. Gallen, Bahnhof",ch:1:sloid:74095:0:181274,2026-10-01,ch:1:sjyid:100684:SKI-1124,bus,Bus,1,1,1124,"St. Gallen, Wolfganghof",Stephanshorn,B,,2026-10-01 07:10:00+00:00,2026-10-01 07:10:00+00:00,,True,0.0,2026-10-01 09:09:08.610000+02:00,2026-10-01 09:10:00+02:00,2026-10-01 09:10:00+02:00,2026-10-01,9,Thursday,False,0.8565
20261001_070901,2026-10-01 07:09:08.610000+00:00,St. Gallen,local,ch:1:sloid:74095,"St. Gallen, Bahnhof",ch:1:sloid:74095:0:606657,2026-10-01,ch:1:sjyid:100684:SKI-8066,bus,Bus,8,8,8066,"St. Gallen, Wendeplatz Stocken",Neudorf / R'str.,I,,2026-10-01 07:10:00+00:00,2026-10-01 07:10:30+00:00,,True,0.5,2026-10-01 09:09:08.610000+02:00,2026-10-01 09:10:00+02:00,2026-10-01 09:10:30+02:00,2026-10-01,9,Thursday,False,0.8565
20261001_070901,2026-10-01 07:09:08.610000+00:00,St. Gallen,local,ch:1:sloid:74095,"St. Gallen, Bahnhof",ch:1:sloid:74095:0:606657,2026-10-01,ch:1:sjyid:100684:SKI-10042,bus,Bus,10,10,10042,"St. Gallen, Oberhofstetten",Röteli,I,,2026-10-01 07:11:00+00:00,2026-10-01 07:11:06+00:00,,True,0.1,2026-10-01 09:09:08.610000+02:00,2026-10-01 09:11:00+02:00,2026-10-01 09:11:06+02:00,2026-10-01,9,Thursday,False,1.8565
20261001_070901,2026-10-01 07:09:08.610000+00:00,St. Gallen,local,ch:1:sloid:74095,"St. Gallen, Bahnhof",ch:1:sloid:74095:0:989159,2026-10-01,ch:1:sjyid:100684:SKI-1133,bus,Bus,1,1,1133,"St. Gallen, Stephanshorn",Winkeln,A,,2026-10-01 07:12:00+00:00,2026-10-01 07:12:00+00:00,,True,0.0,2026-10-01 09:09:08.610000+02:00,2026-10-01 09:12:00+02:00,2026-10-01 09:12:00+02:00,2026-10-01,9,Thursday,False,2.8564999999999996
20261001_070901,2026-10-01 07:09:08.610000+00:00,St. Gallen,local,ch:1:sloid:74095,"St. Gallen, Bahnhof",ch:1:sloid:74095:0:482413,2026-10-01,ch:1:sjyid:100602:26837f0b-2f0b-4ca0-a4f5-cd9b8282918c,bus,Bus,121,121,12130,"Engelburg, Dorfplatz",Heiden,D,,2026-10-01 07:12:00+00:00,2026-10-01 07:12:00+00:00,,True,0.0,2026-10-01 09:09:08.610000+02:00,2026-10-01 09:12:00+02:00,2026-10-01 09:12:00+02:00,2026-10-01,9,Thursday,False,2.8564999999999996
20261001_070901,2026-10-01 07:09:08.610000+00:00,St. Gallen,local,ch:1:sloid:74095,"St. Gallen, Bahnhof",ch:1:sloid:74095:0:888081,2026-10-01,ch:1:sjyid:100695:895d9b5e-8566-4ac9-8e25-8664b5117a93,bus,Bus,151,151,51072,"St. Gallen, Spisertor (Bus)",Gossau Bhf,F,,2026-10-01 07:12:00+00:00,2026-10-01 07:12:30+00:00,,True,0.5,2026-10-01 09:09:08.610000+02:00,2026-10-01 09:12:00+02:00,2026-10-01 09:12:30+02:00,2026-10-01,9,Thursday,False,2.8564999999999996
20261001_070901,2026-10-01 07:09:08.610000+00:00,St. Gallen,local,ch:1:sloid:74095,"St. Gallen, Bahnhof",ch:1:sloid:74095:0:606657,2026-10-01,ch:1:sjyid:100684:SKI-5116,bus,Bus,5,5,5116,"St. Gallen, Riethüsli",Rotmonten,I,,2026-10-01 07:13:00+00:00,2026-10-01 07:13:24+00:00,,True,0.4,2026-10-01 09:09:08.610000+02:00,2026-10-01 09:13:00+02:00,2026-10-01 09:13:24+02:00,2026-10-01,9,Thursday,False,3.8564999999999996
20261001_070901,2026-10-01 07:09:08.610000+00:00,St. Gallen,local,ch:1:sloid:74095,"St. Gallen, Bahnhof",ch:1:sloid:74095:0:888081,2026-10-01,ch:1:sjyid:100684:SKI-4073,bus,Bus,4,4,4073,"Wittenbach, Bahnhof","Abtwil SG, Säntispark",F,,2026-10-01 07:14:00+00:00,2026-10-01 07:14:00+00:00,,True,0.0,2026-10-01 09:09:08.610000+02:00,2026-10-01 09:14:00+02:00,2026-10-01 09:14:00+02:00,2026-10-01,9,Thursday,False,4.8565
20261001_070901,2026-10-01 07:09:08.610000+00:00,St. Gallen,local,ch:1:sloid:74095,"St. Gallen, Bahnhof",ch:1:sloid:74095:0:886128,2026-10-01,ch:1:sjyid:100602:bc1cf424-b4c2-4e17-8d4c-d117336ac5e3,bus,Bus,211,211,21122,"St. Gallen, Bahnhof",Arbon,G,,2026-10-01 07:15:00+00:00,,,False,,2026-10-01 09:09:08.610000+02:00,2026-10-01 09:15:00+02:00,,2026-10-01,9,Thursday,False,5.8565
20261001_070901,2026-10-01 07:09:08.610000+00:00,St. Gallen,local,ch:1:sloid:74095,"St. Gallen, Bahnhof",ch:1:sloid:74095:0:174964,2026-10-01,ch:1:sjyid:100684:SKI-9091,bus,Bus,9,9,9091,"St. Gallen, Rotmonten",Hölzli,C,,2026-10-01 07:16:00+00:00,2026-10-01 07:16:00+00:00,,True,0.0,2026-10-01 09:09:08.610000+02:00,2026-10-01 09:16:00+02:00,2026-10-01 09:16:00+02:00,2026-10-01,9,Thursday,False,6.8565
20261001_070901,2026-10-01 07:09:08.610000+00:00,St. Gallen,local,ch:1:sloid:74095,"St. Gallen, Bahnhof",ch:1:sloid:74095:0:541287,2026-10-01,ch:1:sjyid:100684:SKI-5125,bus,Bus,5,5,5125,"St. Gallen, Rotmonten",Riethüsli,H,,2026-10-01 07:16:00+00:00,2026-10-01 07:16:00+00:00,,True,0.0,2026-10-01 09:09:08.610000+02:00,2026-10-01 09:16:00+02:00,2026-10-01 09:16:00+02:00,2026-10-01,9,Thursday,False,6.8565
20261001_070901,2026-10-01 07:09:08.610000+00:00,St. Gallen,local,ch:1:sloid:74095,"St. Gallen, Bahnhof",ch:1:sloid:74095:0:181274,2026-10-01,ch:1:sjyid:100684:SKI-2130,bus,Bus,2,2,2130,"St. Gallen, Winkeln",Guggeien,B,,2026-10-01 07:16:00+00:00,2026-10-01 07:16:00+00:00,,True,0.0,2026-10-01 09:09:08.610000+02:00,2026-10-01 09:16:00+02:00,2026-10-01 09:16:00+02:00,2026-10-01,9,Thursday,False,6.8565
20261001_070901,2026-10-01 07:09:08.610000+00:00,St. Gallen,local,ch:1:sloid:74095,"St. Gallen, Bahnhof",ch:1:sloid:74095:0:894224,2026-10-01,ch:1:sjyid:100684:SKI-4078,bus,Bus,4,4,4078,"Abtwil SG, St. Josefen","Wittenbach, Bahnhof",E,,2026-10-01 07:16:00+00:00,2026-10-01 07:17:48+00:00,,True,1.8,2026-10-01 09:09:08.610000+02:00,2026-10-01 09:16:00+02:00,2026-10-01 09:17:48+02:00,2026-10-01,9,Thursday,False,6.8565
20261001_070901,2026-10-01 07:09:08.610000+00:00,St. Gallen,local,ch:1:sloid:74095,"St. Gallen, Bahnhof",ch:1:sloid:74095:0:989159,2026-10-01,ch:1:sjyid:100684:SKI-2129,bus,Bus,2,2,2129,"St. Gallen, Guggeien",Wolfganghof,A,,2026-10-01 07:18:00+00:00,2026-10-01 07:18:00+00:00,,True,0.0,2026-10-01 09:09:08.610000+02:00,2026-10-01 09:18:00+02:00,2026-10-01 09:18:00+02:00,2026-10-01,9,Thursday,False,8.8565
20261001_070901,2026-10-01 07:09:08.610000+00:00,St. Gallen,local,ch:1:sloid:74095,"St. Gallen, Bahnhof",ch:1:sloid:74095:0:174964,2026-10-01,ch:1:sjyid:100602:8c0a8635-c2b9-42ab-9431-4c6117dbc1bd,bus,Bus,121,121,12125,"Heiden, Post",Engelburg,C,,2026-10-01 07:18:00+00:00,2026-10-01 07:18:00+00:00,,True,0.0,2026-10-01 09:09:08.610000+02:00,2026-10-01 09:18:00+02:00,2026-10-01 09:18:00+02:00,2026-10-01,9,Thursday,False,8.8565
20261001_070901,2026-10-01 07:09:08.610000+00:00,St. Gallen,local,ch:1:sloid:74095,"St. Gallen, Bahnhof",ch:1:sloid:74095:0:541287,2026-10-01,ch:1:sjyid:100684:SKI-6139,bus,Bus,6,6,6139,"St. Gallen, Heiligkreuz",Bach St.Georgen,H,,2026-10-01 07:18:00+00:00,2026-10-01 07:18:00+00:00,,True,0.0,2026-10-01 09:09:08.610000+02:00,2026-10-01 09:18:00+02:00,2026-10-01 09:18:00+02:00,2026-10-01,9,Thursday,False,8.8565
20261001_070901,2026-10-01 07:09:08.610000+00:00,St. Gallen,local,ch:1:sloid:74095,"St. Gallen, Bahnhof",ch:1:sloid:74095:0:894224,2026-10-01,ch:1:sjyid:100695:8e8179a2-1252-4ca8-9cf7-9f3bc403b328,bus,Bus,151,151,51055,"Gossau SG, Bahnhof",St.Gallen Spisertor,E,,2026-10-01 07:18:00+00:00,2026-10-01 07:18:18+00:00,,True,0.3,2026-10-01 09:09:08.610000+02:00,2026-10-01 09:18:00+02:00,2026-10-01 09:18:18+02:00,2026-10-01,9,Thursday,False,8.8565
20261001_070901,2026-10-01 07:09:08.610000+00:00,St. Gallen,local,ch:1:sloid:74095,"St. Gallen, Bahnhof",ch:1:sloid:74095:0:482413,2026-10-01,ch:1:sjyid:100602:9d9eb58e-4a20-422f-87d6-d8d191036e76,bus,Bus,242,242,24226,"St. Gallen, Bahnhof",Rheineck,D,,2026-10-01 07:18:00+00:00,2026-10-01 07:18:00+00:00,,True,0.0,2026-10-01 09:09:08.610000+02:00,2026-10-01 09:18:00+02:00,2026-10-01 09:18:00+02:00,2026-10-01,9,Thursday,False,8.8565
20261001_070901,2026-10-01 07:09:08.610000+00:00,St. Gallen,local,ch:1:sloid:74095,"St. Gallen, Bahnhof",ch:1:sloid:74095:0:606657,2026-10-01,ch:1:sjyid:100684:SKI-9086,bus,Bus,9,9,9086,"St. Gallen, Hölzli",Schuppis Nord,I,,2026-10-01 07:18:00+00:00,2026-10-01 07:18:00+00:00,,True,0.0,2026-10-01 09:09:08.610000+02:00,2026-10-01 09:18:00+02:00,2026-10-01 09:18:00+02:00,2026-10-01,9,Thursday,False,8.8565
20261001_070901,2026-10-01 07:09:08.610000+00:00,St. Gallen,local,ch:1:sloid:74095,"St. Gallen, Bahnhof",ch:1:sloid:74095:0:894224,2026-10-01,ch:1:sjyid:100684:SKI-6120,bus,Bus,6,6,6120,"St. Gallen, Bach St. Georgen",Heiligkreuz,E,,2026-10-01 07:18:00+00:00,2026-10-01 07:18:00+00:00,,True,0.0,2026-10-01 09:09:08.610000+02:00,2026-10-01 09:18:00+02:00,2026-10-01 09:18:00+02:00,2026-10-01,9,Thursday,False,8.8565
20261001_070901,2026-10-01 07:09:08.610000+00:00,St. Gallen,local,ch:1:sloid:74095,"St. Gallen, Bahnhof",ch:1:sloid:74095:0:541287,2026-10-01,ch:1:sjyid:100684:SKI-7089,bus,Bus,7,7,7089,"St. Gallen, Neudorf/R'str.",Hinterberg,H,,2026-10-01 07:20:00+00:00,2026-10-01 07:20:00+00:00,,True,0.0,2026-10-01 09:09:08.610000+02:00,2026-10-01 09:20:00+02:00,2026-10-01 09:20:00+02:00,2026-10-01,9,Thursday,False,10.8565
20261001_070901,2026-10-01 07:09:08.610000+00:00,St. Gallen,local,ch:1:sloid:74095,"St. Gallen, Bahnhof",ch:1:sloid:74095:0:606657,2026-10-01,ch:1:sjyid:100684:SKI-7074,bus,Bus,7,7,7074,"St. Gallen, Hinterberg",Neudorf / R'str.,I,,2026-10-01 07:20:00+00:00,2026-10-01 07:20:06+00:00,,True,0.1,2026-10-01 09:09:08.610000+02:00,2026-10-01 09:20:00+02:00,2026-10-01 09:20:06+02:00,2026-10-01,9,Thursday,False,10.8565
20261001_070901,2026-10-01 07:09:08.610000+00:00,St. Gallen,local,ch:1:sloid:74095,"St. Gallen, Bahnhof",ch:1:sloid:74095:0:888081,2026-10-01,ch:1:sjyid:100684:SKI-3079,bus,Bus,3,3,3079,"Wittenbach, Bahnhof","Abtwil SG, St.Josefen",F,,2026-10-01 07:22:00+00:00,2026-10-01 07:22:00+00:00,,True,0.0,2026-10-01 09:09:08.610000+02:00,2026-10-01 09:22:00+02:00,2026-10-01 09:22:00+02:00,2026-10-01,9,Thursday,False,12.8565
20261001_070901,2026-10-01 07:09:08.610000+00:00,St. Gallen,local,ch:1:sloid:74095,"St. Gallen, Bahnhof",ch:1:sloid:74095:0:181274,2026-10-01,ch:1:sjyid:100684:SKI-1132,bus,Bus,1,1,1132,"St. Gallen, Wolfganghof",Stephanshorn,B,,2026-10-01 07:22:00+00:00,2026-10-01 07:22:00+00:00,,True,0.0,2026-10-01 09:09:08.610000+02:00,2026-10-01 09:22:00+02:00,2026-10-01 09:22:00+02:00,2026-10-01,9,Thursday,False,12.8565
20261001_070901,2026-10-01 07:09:08.610000+00:00,St. Gallen,local,ch:1:sloid:74095,"St. Gallen, Bahnhof",ch:1:sloid:74095:0:888081,2026-10-01,ch:1:sjyid:100695:0e6dd28e-d1a7-44c8-9227-17dbab7b4b6e,bus,Bus,151,151,51076,"St. Gallen, Spisertor (Bus)",Gossau Bhf,F,,2026-10-01 07:22:00+00:00,2026-10-01 07:22:00+00:00,,True,0.0,2026-10-01 09:09:08.610000+02:00,2026-10-01 09:22:00+02:00,2026-10-01 09:22:00+02:00,2026-10-01,9,Thursday,False,12.8565
20261001_070901,2026-10-01 07:09:08.610000+00:00,St. Gallen,local,ch:1:sloid:74095,"St. Gallen, Bahnhof",ch:1:sloid:74095:0:606657,2026-10-01,ch:1:sjyid:100684:SKI-5120,bus,Bus,5,5,5120,"St. Gallen, Riethüsli",Rotmonten,I,,2026-10-01 07:23:00+00:00,2026-10-01 07:23:00+00:00,,True,0.0,2026-10-01 09:09:08.610000+02:00,2026-10-01 09:23:00+02:00,2026-10-01 09:23:00+02:00,2026-10-01,9,Thursday,False,13.8565
20261001_070901,2026-10-01 07:09:09.123000+00:00,Lausanne,local,ch:1:sloid:92050,"Lausanne, gare",ch:1:sloid:92050:0:2814,2026-10-01,ch:1:sjyid:100122:plan1:2026_ATT5-21-50-Semaine-21-9980279,bus,Bus,21,21,21057,"Paudex, Verrière",Blécherette,D,,2026-10-01 07:07:00+00:00,2026-10-01 07:11:36+00:00,,True,4.6,2026-10-01 09:09:09.123000+02:00,2026-10-01 09:07:00+02:00,2026-10-01 09:11:36+02:00,2026-10-01,9,Thursday,False,-2.15205
20261001_070901,2026-10-01 07:09:09.123000+00:00,Lausanne,local,ch:1:sloid:92050,"Lausanne, gare",ch:1:sloid:92050:0:2892,2026-10-01,ch:1:sjyid:100122:plan1:2026_ATT5-01-50-Semaine-1-10018960,bus,Bus,1,1,1232,"Lausanne, Blécherette",EPFL/Colladon,B,,2026-10-01 07:10:00+00:00,2026-10-01 07:14:06+00:00,,True,4.1,2026-10-01 09:09:09.123000+02:00,2026-10-01 09:10:00+02:00,2026-10-01 09:14:06+02:00,2026-10-01,9,Thursday,False,0.8479500000000001
20261001_070901,2026-10-01 07:09:09.123000+00:00,Lausanne,local,ch:1:sloid:92050,"Lausanne, gare",ch:1:sloid:92050:0:2814,2026-10-01,ch:1:sjyid:100122:plan1:2026_ATT2-03-20-Semaine-3-9715595,bus,Bus,3,3,3038,"Lausanne, gare",Maillefer,D,,2026-10-01 07:10:00+00:00,2026-10-01 07:13:18+00:00,,True,3.3,2026-10-01 09:09:09.123000+02:00,2026-10-01 09:10:00+02:00,2026-10-01 09:13:18+02:00,2026-10-01,9,Thursday,False,0.8479500000000001
20261001_070901,2026-10-01 07:09:09.123000+00:00,Lausanne,local,ch:1:sloid:92050,"Lausanne, gare",ch:1:sloid:92050:0:2893,2026-10-01,ch:1:sjyid:100122:plan1:2026_ATT5-21-50-Semaine-21-9980321,bus,Bus,21,21,21185,"Lausanne, Blécherette",Verrière,A,,2026-10-01 07:10:00+00:00,2026-10-01 07:16:48+00:00,,True,6.8,2026-10-01 09:09:09.123000+02:00,2026-10-01 09:10:00+02:00,2026-10-01 09:16:48+02:00,2026-10-01,9,Thursday,False,0.8479500000000001
20261001_070901,2026-10-01 07:09:09.123000+00:00,Lausanne,local,ch:1:sloid:92050,"Lausanne, gare",ch:1:sloid:92050:0:1096,2026-10-01,ch:1:sjyid:100122:plan2:m2_3063,metro,Metro,m2,m2,723063,"Lausanne, gare","Lausanne, Sallaz",,,2026-10-01 07:11:00+00:00,,,False,,2026-10-01 09:09:09.123000+02:00,2026-10-01 09:11:00+02:00,,2026-10-01,9,Thursday,False,1.84795
20261001_070901,2026-10-01 07:09:09.123000+00:00,Lausanne,local,ch:1:sloid:92050,"Lausanne, gare",ch:1:sloid:92050:0:1096,2026-10-01,ch:1:sjyid:100122:plan2:m2_0325,metro,Metro,m2,m2,720325,"Lausanne, Ouchy-Olympique","Epalinges, Croisettes",,,2026-10-01 07:12:00+00:00,,,False,,2026-10-01 09:09:09.123000+02:00,2026-10-01 09:12:00+02:00,,2026-10-01,9,Thursday,False,2.84795
20261001_070901,2026-10-01 07:09:09.123000+00:00,Lausanne,local,ch:1:sloid:92050,"Lausanne, gare",ch:1:sloid:92050:0:1101,2026-10-01,ch:1:sjyid:100122:plan2:m2_0066,metro,Metro,m2,m2,720066,"Epalinges, Croisettes","Lausanne, Ouchy-Olympique",,,2026-10-01 07:13:00+00:00,,,False,,2026-10-01 09:09:09.123000+02:00,2026-10-01 09:13:00+02:00,,2026-10-01,9,Thursday,False,3.84795
20261001_070901,2026-10-01 07:09:09.123000+00:00,Lausanne,local,ch:1:sloid:92050,"Lausanne, gare",ch:1:sloid:92050:0:2893,2026-10-01,ch:1:sjyid:100122:plan1:2026_ATT5-01-50-Semaine-1-10019031,bus,Bus,1,1,1071,"Ecublens VD, EPFL/Colladon",Blécherette,A,,2026-10-01 07:13:00+00:00,2026-10-01 07:17:00+00:00,,True,4.0,2026-10-01 09:09:09.123000+02:00,2026-10-01 09:13:00+02:00,2026-10-01 09:17:00+02:00,2026-10-01,9,Thursday,False,3.84795
20261001_070901,2026-10-01 07:09:09.123000+00:00,Lausanne,local,ch:1:sloid:92050,"Lausanne, gare",ch:1:sloid:92050:0:1096,2026-10-01,ch:1:sjyid:100122:plan2:m2_3081,metro,Metro,m2,m2,723081,"Lausanne, gare","Lausanne, Sallaz",,,2026-10-01 07:15:00+00:00,,,False,,2026-10-01 09:09:09.123000+02:00,2026-10-01 09:15:00+02:00,,2026-10-01,9,Thursday,False,5.84795
20261001_070901,2026-10-01 07:09:09.123000+00:00,Lausanne,local,ch:1:sloid:92050,"Lausanne, gare",ch:1:sloid:92050:0:2814,2026-10-01,ch:1:sjyid:100122:plan1:2026_ATT5-21-50-Semaine-21-9980280,bus,Bus,21,21,21058,"Paudex, Verrière",Blécherette,D,,2026-10-01 07:15:00+00:00,2026-10-01 07:14:18+00:00,,True,-0.7,2026-10-01 09:09:09.123000+02:00,2026-10-01 09:15:00+02:00,2026-10-01 09:14:18+02:00,2026-10-01,9,Thursday,False,5.84795
20261001_070901,2026-10-01 07:09:09.123000+00:00,Lausanne,local,ch:1:sloid:92050,"Lausanne, gare",ch:1:sloid:92050:0:2892,2026-10-01,ch:1:sjyid:100122:plan1:2026_ATT5-01-50-Semaine-1-10018961,bus,Bus,1,1,1233,"Lausanne, Blécherette",EPFL/Colladon,B,,2026-10-01 07:16:00+00:00,2026-10-01 07:19:06+00:00,,True,3.1,2026-10-01 09:09:09.123000+02:00,2026-10-01 09:16:00+02:00,2026-10-01 09:19:06+02:00,2026-10-01,9,Thursday,False,6.84795
20261001_070901,2026-10-01 07:09:09.123000+00:00,Lausanne,local,ch:1:sloid:92050,"Lausanne, gare",ch:1:sloid:92050:0:2815,2026-10-01,ch:1:sjyid:100122:plan1:2026_ATT5-20-50-Semaine-20-9969496,bus,Bus,20,20,20030,"Lausanne, gare",Blécherette,C,,2026-10-01 07:16:00+00:00,2026-10-01 07:16:00+00:00,,True,0.0,2026-10-01 09:09:09.123000+02:00,2026-10-01 09:16:00+02:00,2026-10-01 09:16:00+02:00,2026-10-01,9,Thursday,False,6.84795
20261001_070901,2026-10-01 07:09:09.123000+00:00,Lausanne,local,ch:1:sloid:92050,"Lausanne, gare",ch:1:sloid:92050:0:1096,2026-10-01,ch:1:sjyid:100122:plan2:m2_0457,metro,Metro,m2,m2,720457,"Lausanne, Ouchy-Olympique","Epalinges, Croisettes",,,2026-10-01 07:17:00+00:00,,,False,,2026-10-01 09:09:09.123000+02:00,2026-10-01 09:17:00+02:00,,2026-10-01,9,Thursday,False,7.84795
20261001_070901,2026-10-01 07:09:09.123000+00:00,Lausanne,local,ch:1:sloid:92050,"Lausanne, gare",ch:1:sloid:92050:0:1101,2026-10-01,ch:1:sjyid:100122:plan2:m2_0120,metro,Metro,m2,m2,720120,"Epalinges, Croisettes","Lausanne, Ouchy-Olympique",,,2026-10-01 07:17:00+00:00,,,False,,2026-10-01 09:09:09.123000+02:00,2026-10-01 09:17:00+02:00,,2026-10-01,9,Thursday,False,7.84795
20261001_070901,2026-10-01 07:09:09.123000+00:00,Lausanne,local,ch:1:sloid:92050,"Lausanne, gare",ch:1:sloid:92050:0:1096,2026-10-01,ch:1:sjyid:100122:plan2:m2_3099,metro,Metro,m2,m2,723099,"Lausanne, gare","Lausanne, Sallaz",,,2026-10-01 07:19:00+00:00,,,False,,2026-10-01 09:09:09.123000+02:00,2026-10-01 09:19:00+02:00,,2026-10-01,9,Thursday,False,9.847949999999999
20261001_070901,2026-10-01 07:09:09.123000+00:00,Lausanne,local,ch:1:sloid:92050,"Lausanne, gare",ch:1:sloid:92050:0:2814,2026-10-01,ch:1:sjyid:100122:plan1:2026_ATT2-03-20-Semaine-3-9715596,bus,Bus,3,3,3039,"Lausanne, gare",Maillefer,D,,2026-10-01 07:20:00+00:00,2026-10-01 07:20:00+00:00,,True,0.0,2026-10-01 09:09:09.123000+02:00,2026-10-01 09:20:00+02:00,2026-10-01 09:20:00+02:00,2026-10-01,9,Thursday,False,10.847949999999999
20261001_070901,2026-10-01 07:09:09.123000+00:00,Lausanne,local,ch:1:sloid:92050,"Lausanne, gare",ch:1:sloid:92050:0:2893,2026-10-01,ch:1:sjyid:100122:plan1:2026_ATT5-21-50-Semaine-21-9980322,bus,Bus,21,21,21186,"Lausanne, Blécherette",Verrière,A,,2026-10-01 07:20:00+00:00,2026-10-01 07:21:42+00:00,,True,1.7,2026-10-01 09:09:09.123000+02:00,2026-10-01 09:20:00+02:00,2026-10-01 09:21:42+02:00,2026-10-01,9,Thursday,False,10.847949999999999
20261001_070901,2026-10-01 07:09:09.123000+00:00,Lausanne,local,ch:1:sloid:92050,"Lausanne, gare",ch:1:sloid:92050:0:1096,2026-10-01,ch:1:sjyid:100122:plan2:m2_0013,metro,Metro,m2,m2,720013,"Lausanne, Ouchy-Olympique","Epalinges, Croisettes",,,2026-10-01 07:21:00+00:00,,,False,,2026-10-01 09:09:09.123000+02:00,2026-10-01 09:21:00+02:00,,2026-10-01,9,Thursday,False,11.847949999999999
20261001_070901,2026-10-01 07:09:09.123000+00:00,Lausanne,local,ch:1:sloid:92050,"Lausanne, gare",ch:1:sloid:92050:0:1101,2026-10-01,ch:1:sjyid:100122:plan2:m2_0228,metro,Metro,m2,m2,720228,"Epalinges, Croisettes","Lausanne, Ouchy-Olympique",,,2026-10-01 07:21:00+00:00,,,False,,2026-10-01 09:09:09.123000+02:00,2026-10-01 09:21:00+02:00,,2026-10-01,9,Thursday,False,11.847949999999999
20261001_070901,2026-10-01 07:09:09.123000+00:00,Lausanne,local,ch:1:sloid:92050,"Lausanne, gare",ch:1:sloid:92050:0:2893,2026-10-01,ch:1:sjyid:100122:plan1:2026_ATT5-01-50-Semaine-1-10019032,bus,Bus,1,1,1072,"Ecublens VD, EPFL/Colladon",Blécherette,A,,2026-10-01 07:21:00+00:00,2026-10-01 07:21:00+00:00,,True,0.0,2026-10-01 09:09:09.123000+02:00,2026-10-01 09:21:00+02:00,2026-10-01 09:21:00+02:00,2026-10-01,9,Thursday,False,11.847949999999999
20261001_070901,2026-10-01 07:09:09.123000+00:00,Lausanne,local,ch:1:sloid:92050,"Lausanne, gare",ch:1:sloid:92050:0:2892,2026-10-01,ch:1:sjyid:100122:plan1:2026_ATT5-01-50-Semaine-1-10018985,bus,Bus,1,1,1234,"Lausanne, Blécherette",EPFL/Colladon,B,,2026-10-01 07:23:00+00:00,2026-10-01 07:22:18+00:00,,True,-0.7,2026-10-01 09:09:09.123000+02:00,2026-10-01 09:23:00+02:00,2026-10-01 09:22:18+02:00,2026-10-01,9,Thursday,False,13.847949999999999
20261001_070901,2026-10-01 07:09:09.123000+00:00,Lausanne,local,ch:1:sloid:92050,"Lausanne, gare",ch:1:sloid:92050:0:1096,2026-10-01,ch:1:sjyid:100122:plan2:m2_3117,metro,Metro,m2,m2,723117,"Lausanne, gare","Lausanne, Sallaz",,,2026-10-01 07:24:00+00:00,,,False,,2026-10-01 09:09:09.123000+02:00,2026-10-01 09:24:00+02:00,,2026-10-01,9,Thursday,False,14.847949999999999
20261001_070901,2026-10-01 07:09:09.123000+00:00,Lausanne,local,ch:1:sloid:92050,"Lausanne, gare",ch:1:sloid:92050:0:1096,2026-10-01,ch:1:sjyid:100122:plan2:m2_0067,metro,Metro,m2,m2,720067,"Lausanne, Ouchy-Olympique","Epalinges, Croisettes",,,2026-10-01 07:25:00+00:00,,,False,,2026-10-01 09:09:09.123000+02:00,2026-10-01 09:25:00+02:00,,2026-10-01,9,Thursday,False,15.847949999999999
20261001_070901,2026-10-01 07:09:09.123000+00:00,Lausanne,local,ch:1:sloid:92050,"Lausanne, gare",ch:1:sloid:92050:0:2814,2026-10-01,ch:1:sjyid:100122:plan1:2026_ATT5-21-50-Semaine-21-9980281,bus,Bus,21,21,21059,"Paudex, Verrière",Blécherette,D,,2026-10-01 07:25:00+00:00,2026-10-01 07:27:06+00:00,,True,2.1,2026-10-01 09:09:09.123000+02:00,2026-10-01 09:25:00+02:00,2026-10-01 09:27:06+02:00,2026-10-01,9,Thursday,False,15.847949999999999
20261001_070901,2026-10-01 07:09:09.123000+00:00,Lausanne,local,ch:1:sloid:92050,"Lausanne, gare",ch:1:sloid:92050:0:2815,2026-10-01,ch:1:sjyid:100122:plan1:2026_ATT5-20-50-Semaine-20-9969497,bus,Bus,20,20,20031,"Lausanne, gare",Blécherette,C,,2026-10-01 07:26:00+00:00,2026-10-01 07:26:00+00:00,,True,0.0,2026-10-01 09:09:09.123000+02:00,2026-10-01 09:26:00+02:00,2026-10-01 09:26:00+02:00,2026-10-01,9,Thursday,False,16.84795
20261001_070901,2026-10-01 07:09:09.123000+00:00,Lausanne,local,ch:1:sloid:92050,"Lausanne, gare",ch:1:sloid:92050:0:1101,2026-10-01,ch:1:sjyid:100122:plan2:m2_0282,metro,Metro,m2,m2,720282,"Epalinges, Croisettes","Lausanne, Ouchy-Olympique",,,2026-10-01 07:26:00+00:00,,,False,,2026-10-01 09:09:09.123000+02:00,2026-10-01 09:26:00+02:00,,2026-10-01,9,Thursday,False,16.84795
20261001_070901,2026-10-01 07:09:09.123000+00:00,Lausanne,local,ch:1:sloid:92050,"Lausanne, gare",ch:1:sloid:92050:0:1096,2026-10-01,ch:1:sjyid:100122:plan2:m2_3045,metro,Metro,m2,m2,723045,"Lausanne, gare","Lausanne, Sallaz",,,2026-10-01 07:28:00+00:00,,,False,,2026-10-01 09:09:09.123000+02:00,2026-10-01 09:28:00+02:00,,2026-10-01,9,Thursday,False,18.84795
20261001_070901,2026-10-01 07:09:09.123000+00:00,Lausanne,local,ch:1:sloid:92050,"Lausanne, gare",ch:1:sloid:92050:0:2893,2026-10-01,ch:1:sjyid:100122:plan1:2026_ATT5-21-50-Semaine-21-9980323,bus,Bus,21,21,21187,"Lausanne, Blécherette",Verrière,A,,2026-10-01 07:28:00+00:00,2026-10-01 07:28:00+00:00,,True,0.0,2026-10-01 09:09:09.123000+02:00,2026-10-01 09:28:00+02:00,2026-10-01 09:28:00+02:00,2026-10-01,9,Thursday,False,18.84795
20261001_070901,2026-10-01 07:09:09.123000+00:00,Lausanne,local,ch:1:sloid:92050,"Lausanne, gare",ch:1:sloid:92050:0:2893,2026-10-01,ch:1:sjyid:100122:plan1:2026_ATT5-01-50-Semaine-1-10019033,bus,Bus,1,1,1073,"Ecublens VD, EPFL/Colladon",Blécherette,A,,2026-10-01 07:29:00+00:00,2026-10-01 07:30:12+00:00,,True,1.2,2026-10-01 09:09:09.123000+02:00,2026-10-01 09:29:00+02:00,2026-10-01 09:30:12+02:00,2026-10-01,9,Thursday,False,19.84795
20261001_070901,2026-10-01 07:09:09.123000+00:00,Lausanne,local,ch:1:sloid:92050,"Lausanne, gare",ch:1:sloid:92050:0:1096,2026-10-01,ch:1:sjyid:100122:plan2:m2_0121,metro,Metro,m2,m2,720121,"Lausanne, Ouchy-Olympique","Epalinges, Croisettes",,,2026-10-01 07:30:00+00:00,,,False,,2026-10-01 09:09:09.123000+02:00,2026-10-01 09:30:00+02:00,,2026-10-01,9,Thursday,False,20.84795
20261001_070901,2026-10-01 07:09:09.616000+00:00,Genève,local,ch:1:sloid:87057,"Genève, gare Cornavin",ch:1:sloid:87057:0:89811,2026-10-01,ch:1:sjyid:100680:HAS-26-14-10-Lun-Ven-35075548,tram,Tram,14,14,846679,"Bernex, Vailly",Meyrin-Gravière,H,,2026-10-01 06:57:00+00:00,2026-10-01 07:17:30+00:00,,True,20.5,2026-10-01 09:09:09.616000+02:00,2026-10-01 08:57:00+02:00,2026-10-01 09:17:30+02:00,2026-10-01,8,Thursday,False,-12.160266666666667
20261001_070901,2026-10-01 07:09:09.616000+00:00,Genève,local,ch:1:sloid:87057,"Genève, gare Cornavin",ch:1:sloid:87057:0:89811,2026-10-01,ch:1:sjyid:100680:HAS-26-14-10-Lun-Ven-35075547,tram,Tram,14,14,846678,"Bernex, Vailly",Meyrin-Gravière,H,,2026-10-01 07:01:00+00:00,2026-10-01 07:18:06+00:00,,True,17.1,2026-10-01 09:09:09.616000+02:00,2026-10-01 09:01:00+02:00,2026-10-01 09:18:06+02:00,2026-10-01,9,Thursday,False,-8.160266666666667
20261001_070901,2026-10-01 07:09:09.616000+00:00,Genève,local,ch:1:sloid:87057,"Genève, gare Cornavin",ch:1:sloid:87057:0:50679,2026-10-01,ch:1:sjyid:100680:HAS-26-08-20-13-Lun-Ven-35205869,bus,Bus,8,8,646246,"Veyrier, douane",Palexpo,J,,2026-10-01 07:06:00+00:00,2026-10-01 07:16:18+00:00,,True,10.3,2026-10-01 09:09:09.616000+02:00,2026-10-01 09:06:00+02:00,2026-10-01 09:16:18+02:00,2026-10-01,9,Thursday,False,-3.160266666666667
20261001_070901,2026-10-01 07:09:09.616000+00:00,Genève,local,ch:1:sloid:87057,"Genève, gare Cornavin",ch:1:sloid:87057:0:89811,2026-10-01,ch:1:sjyid:100680:HAS-26-14-10-Lun-Ven-35075546,tram,Tram,14,14,846677,"Bernex, Vailly",Meyrin-Gravière,H,,2026-10-01 07:06:00+00:00,2026-10-01 07:21:30+00:00,,True,15.5,2026-10-01 09:09:09.616000+02:00,2026-10-01 09:06:00+02:00,2026-10-01 09:21:30+02:00,2026-10-01,9,Thursday,False,-3.160266666666667
20261001_070901,2026-10-01 07:09:09.616000+00:00,Genève,local,ch:1:sloid:87057,"Genève, gare Cornavin",ch:1:sloid:87057:0:651350,2026-10-01,ch:1:sjyid:100680:HAS-26-08-20-13-Lun-Ven-35206002,bus,Bus,20,20,646314,"Bellevue GE, Valavran",Veyrier-Tournettes,B,,2026-10-01 07:07:00+00:00,2026-10-01 07:10:42+00:00,,True,3.7,2026-10-01 09:09:09.616000+02:00,2026-10-01 09:07:00+02:00,2026-10-01 09:10:42+02:00,2026-10-01,9,Thursday,False,-2.160266666666667
20261001_070901,2026-10-01 07:09:09.616000+00:00,Genève,local,ch:1:sloid:87057,"Genève, gare Cornavin",ch:1:sloid:87057:0:783875,2026-10-01,ch:1:sjyid:100680:HAS-26-015925-70-Lun-Ven-35914430,bus,Bus,9,9,698657,"Thônex, Belle-Terre Pl. Araire",Lignon-Tours,K,,2026-10-01 07:07:00+00:00,2026-10-01 07:23:06+00:00,,True,16.1,2026-10-01 09:09:09.616000+02:00,2026-10-01 09:07:00+02:00,2026-10-01 09:23:06+02:00,2026-10-01,9,Thursday,False,-2.160266666666667
20261001_070901,2026-10-01 07:09:09.616000+00:00,Genève,local,ch:1:sloid:87057,"Genève, gare Cornavin",ch:1:sloid:87057:0:89811,2026-10-01,ch:1:sjyid:100680:HAS-26-18-10-Lun-Ven-35075081,tram,Tram,18,18,846214,"Grand-Lancy, Palettes",CERN,H,,2026-10-01 07:08:00+00:00,2026-10-01 07:10:06+00:00,,True,2.1,2026-10-01 09:09:09.616000+02:00,2026-10-01 09:08:00+02:00,2026-10-01 09:10:06+02:00,2026-10-01,9,Thursday,False,-1.1602666666666666
20261001_070901,2026-10-01 07:09:09.616000+00:00,Genève,local,ch:1:sloid:87057,"Genève, gare Cornavin",ch:1:sloid:87057:0:408265,2026-10-01,ch:1:sjyid:100680:HAS-26-015925-70-Lun-Ven-35913890,bus,Bus,25,25,698266,"Thônex, Vallard",Jardin Botanique,E,,2026-10-01 07:08:00+00:00,2026-10-01 07:14:42+00:00,,True,6.7,2026-10-01 09:09:09.616000+02:00,2026-10-01 09:08:00+02:00,2026-10-01 09:14:42+02:00,2026-10-01,9,Thursday,False,-1.1602666666666666
20261001_070901,2026-10-01 07:09:09.616000+00:00,Genève,local,ch:1:sloid:87057,"Genève, gare Cornavin",ch:1:sloid:87057:0:46188,2026-10-01,ch:1:sjyid:100680:HAS-26-015925-70-Lun-Ven-35914051,bus,Bus,25,25,698427,"Genève, Jardin Botanique",Thônex-Vallard,D,,2026-10-01 07:09:00+00:00,2026-10-01 07:07:30+00:00,,True,-1.5,2026-10-01 09:09:09.616000+02:00,2026-10-01 09:09:00+02:00,2026-10-01 09:07:30+02:00,2026-10-01,9,Thursday,False,-0.16026666666666667
20261001_070901,2026-10-01 07:09:09.616000+00:00,Genève,local,ch:1:sloid:87057,"Genève, gare Cornavin",ch:1:sloid:87057:0:783875,2026-10-01,ch:1:sjyid:100680:HAS-26-02-06-19-1-Lun-Ven-34652453,bus,Bus,6,6,617249,"Genève, Plage",Vernier-Village,K,,2026-10-01 07:09:00+00:00,2026-10-01 07:11:12+00:00,,True,2.2,2026-10-01 09:09:09.616000+02:00,2026-10-01 09:09:00+02:00,2026-10-01 09:11:12+02:00,2026-10-01,9,Thursday,False,-0.16026666666666667
20261001_070901,2026-10-01 07:09:09.616000+00:00,Genève,local,ch:1:sloid:87057,"Genève, gare Cornavin",ch:1:sloid:87057:0:783875,2026-10-01,ch:1:sjyid:100680:HAS-26-10-0-Lun-Ven-33810310,bus,Bus,10,10,551539,"Genève, Rive",Genève-Aéroport-Terminal,K,,2026-10-01 07:09:00+00:00,2026-10-01 07:14:24+00:00,,True,5.4,2026-10-01 09:09:09.616000+02:00,2026-10-01 09:09:00+02:00,2026-10-01 09:14:24+02:00,2026-10-01,9,Thursday,False,-0.16026666666666667
20261001_070901,2026-10-01 07:09:09.616000+00:00,Genève,local,ch:1:sloid:87057,"Genève, gare Cornavin",ch:1:sloid:87057:0:408265,2026-10-01,ch:1:sjyid:100680:HAS-26-15-10-Lun-Ven-35076611,tram,Tram,15,15,847742,"Plan-les-Ouates, ZIPLO",Nations,E,,2026-10-01 07:10:00+00:00,2026-10-01 07:10:00+00:00,,True,0.0,2026-10-01 09:09:09.616000+02:00,2026-10-01 09:10:00+02:00,2026-10-01 09:10:00+02:00,2026-10-01,9,Thursday,False,0.8397333333333333
20261001_070901,2026-10-01 07:09:09.616000+00:00,Genève,local,ch:1:sloid:87057,"Genève, gare Cornavin",ch:1:sloid:87057:0:50679,2026-10-01,ch:1:sjyid:100680:HAS-26-08-20-13-Lun-Ven-35205950,bus,Bus,20,20,646262,"Veyrier, Tournettes",Valavran,J,,2026-10-01 07:10:00+00:00,2026-10-01 07:17:54+00:00,,True,7.9,2026-10-01 09:09:09.616000+02:00,2026-10-01 09:10:00+02:00,2026-10-01 09:17:54+02:00,2026-10-01,9,Thursday,False,0.8397333333333333
20261001_070901,2026-10-01 07:09:09.616000+00:00,Genève,local,ch:1:sloid:87057,"Genève, gare Cornavin",ch:1:sloid:87057:0:46188,2026-10-01,ch:1:sjyid:100680:HAS-26-15-10-Lun-Ven-35076566,tram,Tram,15,15,847697,"Genève, Nations",ZIPLO,D,,2026-10-01 07:11:00+00:00,2026-10-01 07:10:48+00:00,,True,-0.2,2026-10-01 09:09:09.616000+02:00,2026-10-01 09:11:00+02:00,2026-10-01 09:10:48+02:00,2026-10-01,9,Thursday,False,1.8397333333333334
20261001_070901,2026-10-01 07:09:09.616000+00:00,Genève,local,ch:1:sloid:87057,"Genève, gare Cornavin",ch:1:sloid:87057:0:89811,2026-10-01,ch:1:sjyid:100680:HAS-26-14-10-Lun-Ven-35075440,tram,Tram,14,14,846571,"Bernex, Vailly",Meyrin-Gravière,H,,2026-10-01 07:11:00+00:00,2026-10-01 07:47:06+00:00,,True,36.1,2026-10-01 09:09:09.616000+02:00,2026-10-01 09:11:00+02:00,2026-10-01 09:47:06+02:00,2026-10-01,9,Thursday,False,1.8397333333333334
20261001_070901,2026-10-01 07:09:09.616000+00:00,Genève,local,ch:1:sloid:87057,"Genève, gare Cornavin",ch:1:sloid:87057:0:698638,2026-10-01,ch:1:sjyid:100680:HAS-26-03-0-Lun-Ven-33842281,bus,Bus,3,3,555665,"Genève, Crêts-de-Champel",Gardiol,F,,2026-10-01 07:11:00+00:00,2026-10-01 07:25:12+00:00,,True,14.2,2026-10-01 09:09:09.616000+02:00,2026-10-01 09:11:00+02:00,2026-10-01 09:25:12+02:00,2026-10-01,9,Thursday,False,1.8397333333333334
20261001_070901,2026-10-01 07:09:09.616000+00:00,Genève,local,ch:1:sloid:87057,"Genève, gare Cornavin",ch:1:sloid:87057:0:408265,2026-10-01,ch:1:sjyid:100680:HAS-26-015925-70-Lun-Ven-35914242,bus,Bus,1,1,698617,"Thônex, Hôpital Trois-Chêne",Jardin Botanique,E,,2026-10-01 07:12:00+00:00,2026-10-01 07:10:24+00:00,,True,-1.6,2026-10-01 09:09:09.616000+02:00,2026-10-01 09:12:00+02:00,2026-10-01 09:10:24+02:00,2026-10-01,9,Thursday,False,2.839733333333333
20261001_070901,2026-10-01 07:09:09.616000+00:00,Genève,local,ch:1:sloid:87057,"Genève, gare Cornavin",ch:1:sloid:87057:0:783875,2026-10-01,ch:1:sjyid:100680:HAS-26-02-06-19-1-Lun-Ven-34652458,bus,Bus,19,19,617254,"Onex, cité",Vernier-Village,K,,2026-10-01 07:12:00+00:00,2026-10-01 07:13:18+00:00,,True,1.3,2026-10-01 09:09:09.616000+02:00,2026-10-01 09:12:00+02:00,2026-10-01 09:13:18+02:00,2026-10-01,9,Thursday,False,2.839733333333333
20261001_070901,2026-10-01 07:09:09.616000+00:00,Genève,local,ch:1:sloid:87057,"Genève, gare Cornavin",ch:1:sloid:87057:0:46188,2026-10-01,ch:1:sjyid:100680:HAS-26-015925-70-Lun-Ven-35914086,bus,Bus,1,1,698461,"Genève, Jardin Botanique",Hôpital Trois-Chêne,D,,2026-10-01 07:13:00+00:00,2026-10-01 07:11:30+00:00,,True,-1.5,2026-10-01 09:09:09.616000+02:00,2026-10-01 09:13:00+02:00,2026-10-01 09:11:30+02:00,2026-10-01,9,Thursday,False,3.839733333333333
20261001_070901,2026-10-01 07:09:09.616000+00:00,Genève,local,ch:1:sloid:87057,"Genève, gare Cornavin",ch:1:sloid:87057:0:50679,2026-10-01,ch:1:sjyid:100680:HAS-26-60-61-70-Lun-Ven-35376474,bus,Bus,61,61,693584,"Genève, gare Cornavin",Gex-L'Aiglette,J,,2026-10-01 07:13:00+00:00,2026-10-01 07:13:00+00:00,,True,0.0,2026-10-01 09:09:09.616000+02:00,2026-10-01 09:13:00+02:00,2026-10-01 09:13:00+02:00,2026-10-01,9,Thursday,False,3.839733333333333
20261001_070901,2026-10-01 07:09:09.616000+00:00,Genève,local,ch:1:sloid:87057,"Genève, gare Cornavin",ch:1:sloid:87057:0:589555,2026-10-01,ch:1:sjyid:100680:HAS-26-02-06-19-1-Lun-Ven-34652493,bus,Bus,6,6,617288,"Vernier, village",Genève-Plage,L,,2026-10-01 07:14:00+00:00,2026-10-01 07:12:12+00:00,,True,-1.8,2026-10-01 09:09:09.616000+02:00,2026-10-01 09:14:00+02:00,2026-10-01 09:12:12+02:00,2026-10-01,9,Thursday,False,4.839733333333333
20261001_070901,2026-10-01 07:09:09.616000+00:00,Genève,local,ch:1:sloid:87057,"Genève, gare Cornavin",ch:1:sloid:87057:0:973093,2026-10-01,ch:1:sjyid:100680:HAS-26-08-20-13-Lun-Ven-35205799,bus,Bus,8,8,646176,"Grand-Saconnex, Palexpo",Veyrier-Douane,C,,2026-10-01 07:14:00+00:00,2026-10-01 07:15:24+00:00,,True,1.4,2026-10-01 09:09:09.616000+02:00,2026-10-01 09:14:00+02:00,2026-10-01 09:15:24+02:00,2026-10-01,9,Thursday,False,4.839733333333333
20261001_070901,2026-10-01 07:09:09.616000+00:00,Genève,local,ch:1:sloid:87057,"Genève, gare Cornavin",ch:1:sloid:87057:0:589555,2026-10-01,ch:1:sjyid:100680:HAS-26-015925-70-Lun-Ven-35914518,bus,Bus,9,9,698745,"Vernier, Lignon Tours",Belle-Terre-Place-de-l'Araire,L,,2026-10-01 07:14:00+00:00,2026-10-01 07:16:00+00:00,,True,2.0,2026-10-01 09:09:09.616000+02:00,2026-10-01 09:14:00+02:00,2026-10-01 09:16:00+02:00,2026-10-01,9,Thursday,False,4.839733333333333
20261001_070901,2026-10-01 07:09:09.616000+00:00,Genève,local,ch:1:sloid:87057,"Genève, gare Cornavin",ch:1:sloid:87057:0:233278,2026-10-01,ch:1:sjyid:100680:HAS-26-14-10-Lun-Ven-35075521,tram,Tram,14,14,846652,"Meyrin, Gravière",Bernex-Vailly,I,,2026-10-01 07:14:00+00:00,2026-10-01 07:13:42+00:00,,True,-0.3,2026-10-01 09:09:09.616000+02:00,2026-10-01 09:14:00+02:00,2026-10-01 09:13:42+02:00,2026-10-01,9,Thursday,False,4.839733333333333
20261001_070901,2026-10-01 07:09:09.616000+00:00,Genève,local,ch:1:sloid:87057,"Genève, gare Cornavin",ch:1:sloid:87057:0:651350,2026-10-01,ch:1:sjyid:100680:HAS-26-015925-70-Lun-Ven-35913825,bus,Bus,5,5,698240,"Genève-Aéroport, Terminal",Thônex-Vallard,B,,2026-10-01 07:14:00+00:00,2026-10-01 07:14:48+00:00,,True,0.8,2026-10-01 09:09:09.616000+02:00,2026-10-01 09:14:00+02:00,2026-10-01 09:14:48+02:00,2026-10-01,9,Thursday,False,4.839733333333333
20261001_070901,2026-10-01 07:09:09.616000+00:00,Genève,local,ch:1:sloid:87057,"Genève, gare Cornavin",ch:1:sloid:87057:0:408265,2026-10-01,ch:1:sjyid:100680:HAS-26-15-10-Lun-Ven-35076610,tram,Tram,15,15,847741,"Plan-les-Ouates, ZIPLO",Nations,E,,2026-10-01 07:15:00+00:00,2026-10-01 07:17:12+00:00,,True,2.2,2026-10-01 09:09:09.616000+02:00,2026-10-01 09:15:00+02:00,2026-10-01 09:17:12+02:00,2026-10-01,9,Thursday,False,5.839733333333333
20261001_070901,2026-10-01 07:09:09.616000+00:00,Genève,local,ch:1:sloid:87057,"Genève, gare Cornavin",ch:1:sloid:87057:0:50679,2026-10-01,ch:1:sjyid:100680:HAS-26-08-20-13-Lun-Ven-35205868,bus,Bus,8,8,646245,"Veyrier, douane",Palexpo,J,,2026-10-01 07:15:00+00:00,2026-10-01 07:20:12+00:00,,True,5.2,2026-10-01 09:09:09.616000+02:00,2026-10-01 09:15:00+02:00,2026-10-01 09:20:12+02:00,2026-10-01,9,Thursday,False,5.839733333333333
20261001_070901,2026-10-01 07:09:09.616000+00:00,Genève,local,ch:1:sloid:87057,"Genève, gare Cornavin",ch:1:sloid:87057:0:46188,2026-10-01,ch:1:sjyid:100680:HAS-26-15-10-Lun-Ven-35076580,tram,Tram,15,15,847711,"Genève, Nations",ZIPLO,D,,2026-10-01 07:15:00+00:00,2026-10-01 07:15:36+00:00,,True,0.6,2026-10-01 09:09:09.616000+02:00,2026-10-01 09:15:00+02:00,2026-10-01 09:15:36+02:00,2026-10-01,9,Thursday,False,5.839733333333333
20261001_070901,2026-10-01 07:09:09.616000+00:00,Genève,local,ch:1:sloid:87057,"Genève, gare Cornavin",ch:1:sloid:87057:0:89811,2026-10-01,ch:1:sjyid:100680:HAS-26-14-10-Lun-Ven-35075439,tram,Tram,14,14,846570,"Bernex, Vailly",Meyrin-Gravière,H,,2026-10-01 07:15:00+00:00,2026-10-01 07:22:18+00:00,,True,7.3,2026-10-01 09:09:09.616000+02:00,2026-10-01 09:15:00+02:00,2026-10-01 09:22:18+02:00,2026-10-01,9,Thursday,False,5.839733333333333
20261001_070901,2026-10-01 07:09:09.616000+00:00,Genève,local,ch:1:sloid:87057,"Genève, gare Cornavin",ch:1:sloid:87057:0:233278,2026-10-01,ch:1:sjyid:100680:HAS-26-18-10-Lun-Ven-35075092,tram,Tram,18,18,846225,"Meyrin, CERN",Palettes,I,,2026-10-01 07:16:00+00:00,2026-10-01 07:16:12+00:00,,True,0.2,2026-10-01 09:09:09.616000+02:00,2026-10-01 09:16:00+02:00,2026-10-01 09:16:12+02:00,2026-10-01,9,Thursday,False,6.839733333333333
20261001_070901,2026-10-01 07:09:10.147000+00:00,Lugano,local,ch:1:sloid:5380,"Lugano, Stazione",ch:1:sloid:5380::407001,2026-10-01,ch:1:sjyid:100754:d1d877b5-5763-4b28-82c9-9f48605091cb,bus,Bus,6,6,6069,"Lugano, Stazione","Lugano, Cornaredo",A,,2026-10-01 07:10:00+00:00,,,False,,2026-10-01 09:09:10.147000+02:00,2026-10-01 09:10:00+02:00,,2026-10-01,9,Thursday,False,0.8308833333333333
20261001_070901,2026-10-01 07:09:10.147000+00:00,Lugano,local,ch:1:sloid:5380,"Lugano, Stazione",ch:1:sloid:5380::407002,2026-10-01,ch:1:sjyid:100754:640c05dc-f9c4-484d-9e46-5f6a82f64408,bus,Bus,4,4,4053,"Lugano, Centro","Canobbio, Ganna",B,,2026-10-01 07:14:00+00:00,2026-10-01 07:14:00+00:00,,True,0.0,2026-10-01 09:09:10.147000+02:00,2026-10-01 09:14:00+02:00,2026-10-01 09:14:00+02:00,2026-10-01,9,Thursday,False,4.830883333333333
20261001_070901,2026-10-01 07:09:10.147000+00:00,Lugano,local,ch:1:sloid:5380,"Lugano, Stazione",ch:1:sloid:5380::407001,2026-10-01,ch:1:sjyid:100754:565ae0ed-300b-4165-b7de-7e8ba5776d27,bus,Bus,4,4,4060,"Canobbio, Ganna","Lugano, Centro",A,,2026-10-01 07:16:00+00:00,2026-10-01 07:16:00+00:00,,True,0.0,2026-10-01 09:09:10.147000+02:00,2026-10-01 09:16:00+02:00,2026-10-01 09:16:00+02:00,2026-10-01,9,Thursday,False,6.830883333333333
20261001_070901,2026-10-01 07:09:10.147000+00:00,Lugano,local,ch:1:sloid:5380,"Lugano, Stazione",ch:1:sloid:5380::407001,2026-10-01,ch:1:sjyid:100754:1fa0f3f1-9dfd-4b6f-906a-83913560064b,bus,Bus,2,2,2076,"Castagnola, Capolinea","Paradiso, Carzo",A,,2026-10-01 07:20:00+00:00,2026-10-01 07:20:00+00:00,,True,0.0,2026-10-01 09:09:10.147000+02:00,2026-10-01 09:20:00+02:00,2026-10-01 09:20:00+02:00,2026-10-01,9,Thursday,False,10.830883333333333
20261001_070901,2026-10-01 07:09:10.147000+00:00,Lugano,local,ch:1:sloid:5380,"Lugano, Stazione",ch:1:sloid:5380::407001,2026-10-01,ch:1:sjyid:100754:fd00695f-3f3d-4472-ba5a-5e4887a2a562,bus,Bus,6,6,6071,"Lugano, Stazione","Lugano, Cornaredo",A,,2026-10-01 07:24:00+00:00,2026-10-01 07:24:00+00:00,,True,0.0,2026-10-01 09:09:10.147000+02:00,2026-10-01 09:24:00+02:00,2026-10-01 09:24:00+02:00,2026-10-01,9,Thursday,False,14.830883333333333
20261001_070901,2026-10-01 07:09:10.147000+00:00,Lugano,local,ch:1:sloid:5380,"Lugano, Stazione",ch:1:sloid:5380::407002,2026-10-01,ch:1:sjyid:100754:599d826a-0db1-444e-9ecc-583e105f295f,bus,Bus,4,4,4057,"Lugano, Centro","Canobbio, Ganna",B,,2026-10-01 07:29:00+00:00,2026-10-01 07:29:00+00:00,,True,0.0,2026-10-01 09:09:10.147000+02:00,2026-10-01 09:29:00+02:00,2026-10-01 09:29:00+02:00,2026-10-01,9,Thursday,False,19.830883333333336
20261001_070901,2026-10-01 07:09:10.147000+00:00,Lugano,local,ch:1:sloid:5380,"Lugano, Stazione",ch:1:sloid:5380::407001,2026-10-01,ch:1:sjyid:100754:6451c312-3048-4390-9a34-19de46297e00,bus,Bus,4,4,4062,"Canobbio, Ganna","Lugano, Centro",A,,2026-10-01 07:31:00+00:00,2026-10-01 07:31:00+00:00,,True,0.0,2026-10-01 09:09:10.147000+02:00,2026-10-01 09:31:00+02:00,2026-10-01 09:31:00+02:00,2026-10-01,9,Thursday,False,21.830883333333336
20261001_070901,2026-10-01 07:09:10.147000+00:00,Lugano,local,ch:1:sloid:5380,"Lugano, Stazione",ch:1:sloid:5380::407001,2026-10-01,ch:1:sjyid:100754:543b8e58-15df-40ee-9274-42b85de03d60,bus,Bus,2,2,2080,"Castagnola, Capolinea","Paradiso, Carzo",A,,2026-10-01 07:35:00+00:00,2026-10-01 07:35:00+00:00,,True,0.0,2026-10-01 09:09:10.147000+02:00,2026-10-01 09:35:00+02:00,2026-10-01 09:35:00+02:00,2026-10-01,9,Thursday,False,25.830883333333336
20261001_070901,2026-10-01 07:09:10.147000+00:00,Lugano,local,ch:1:sloid:5380,"Lugano, Stazione",ch:1:sloid:5380::407001,2026-10-01,ch:1:sjyid:100754:eeb546ee-ba06-48f6-9591-6e7ce3fbb8b3,bus,Bus,6,6,6077,"Lugano, Stazione","Lugano, Cornaredo",A,,2026-10-01 07:39:00+00:00,2026-10-01 07:39:00+00:00,,True,0.0,2026-10-01 09:09:10.147000+02:00,2026-10-01 09:39:00+02:00,2026-10-01 09:39:00+02:00,2026-10-01,9,Thursday,False,29.830883333333336
20261001_070901,2026-10-01 07:09:10.147000+00:00,Lugano,local,ch:1:sloid:5380,"Lugano, Stazione",ch:1:sloid:5380::407002,2026-10-01,ch:1:sjyid:100754:4531e026-478d-4f09-b37f-ff7fd8b56085,bus,Bus,4,4,4061,"Lugano, Centro","Canobbio, Ganna",B,,2026-10-01 07:44:00+00:00,2026-10-01 07:44:00+00:00,,True,0.0,2026-10-01 09:09:10.147000+02:00,2026-10-01 09:44:00+02:00,2026-10-01 09:44:00+02:00,2026-10-01,9,Thursday,False,34.83088333333333
20261001_070901,2026-10-01 07:09:10.147000+00:00,Lugano,local,ch:1:sloid:5380,"Lugano, Stazione",ch:1:sloid:5380::407001,2026-10-01,ch:1:sjyid:100754:31ad750d-cc04-4a69-8f39-37ca2bc9102d,bus,Bus,4,4,4068,"Canobbio, Ganna","Lugano, Centro",A,,2026-10-01 07:46:00+00:00,2026-10-01 07:46:00+00:00,,True,0.0,2026-10-01 09:09:10.147000+02:00,2026-10-01 09:46:00+02:00,2026-10-01 09:46:00+02:00,2026-10-01,9,Thursday,False,36.83088333333333
20261001_070901,2026-10-01 07:09:10.147000+00:00,Lugano,local,ch:1:sloid:5380,"Lugano, Stazione",ch:1:sloid:5380::407001,2026-10-01,ch:1:sjyid:100754:0778e0c0-62e2-4d4a-8737-e3c161a5c714,bus,Bus,2,2,2084,"Castagnola, Capolinea","Paradiso, Carzo",A,,2026-10-01 07:50:00+00:00,2026-10-01 07:50:00+00:00,,True,0.0,2026-10-01 09:09:10.147000+02:00,2026-10-01 09:50:00+02:00,2026-10-01 09:50:00+02:00,2026-10-01,9,Thursday,False,40.83088333333333
20261001_070901,2026-10-01 07:09:10.147000+00:00,Lugano,local,ch:1:sloid:5380,"Lugano, Stazione",ch:1:sloid:5380::407001,2026-10-01,ch:1:sjyid:100754:30c77022-0191-4dec-81ae-72c6574df3b1,bus,Bus,6,6,6079,"Lugano, Stazione","Lugano, Cornaredo",A,,2026-10-01 07:54:00+00:00,,,False,,2026-10-01 09:09:10.147000+02:00,2026-10-01 09:54:00+02:00,,2026-10-01,9,Thursday,False,44.83088333333333
20261001_070901,2026-10-01 07:09:10.147000+00:00,Lugano,local,ch:1:sloid:5380,"Lugano, Stazione",ch:1:sloid:5380::407002,2026-10-01,ch:1:sjyid:100754:ac858973-0726-4c1a-9e18-a8e1f91159e3,bus,Bus,4,4,4065,"Lugano, Centro","Canobbio, Ganna",B,,2026-10-01 07:59:00+00:00,2026-10-01 07:59:00+00:00,,True,0.0,2026-10-01 09:09:10.147000+02:00,2026-10-01 09:59:00+02:00,2026-10-01 09:59:00+02:00,2026-10-01,9,Thursday,False,49.83088333333333
20261001_070901,2026-10-01 07:09:10.147000+00:00,Lugano,local,ch:1:sloid:5380,"Lugano, Stazione",ch:1:sloid:5380::407001,2026-10-01,ch:1:sjyid:100754:a02cfb9d-20c0-42d3-89a3-f8e9af88def4,bus,Bus,4,4,4070,"Canobbio, Ganna","Lugano, Centro",A,,2026-10-01 08:01:00+00:00,2026-10-01 08:01:00+00:00,,True,0.0,2026-10-01 09:09:10.147000+02:00,2026-10-01 10:01:00+02:00,2026-10-01 10:01:00+02:00,2026-10-01,10,Thursday,False,51.83088333333333
20261001_070901,2026-10-01 07:09:10.147000+00:00,Lugano,local,ch:1:sloid:5380,"Lugano, Stazione",ch:1:sloid:5380::407001,2026-10-01,ch:1:sjyid:100754:a51ffa56-7e47-4160-9bcd-f76c8c490815,bus,Bus,2,2,2088,"Castagnola, Capolinea","Paradiso, Carzo",A,,2026-10-01 08:05:00+00:00,2026-10-01 08:05:00+00:00,,True,0.0,2026-10-01 09:09:10.147000+02:00,2026-10-01 10:05:00+02:00,2026-10-01 10:05:00+02:00,2026-10-01,10,Thursday,False,55.83088333333333
20261001_070901,2026-10-01 07:09:10.147000+00:00,Lugano,local,ch:1:sloid:5380,"Lugano, Stazione",ch:1:sloid:5380::407001,2026-10-01,ch:1:sjyid:100754:e2d8ae4a-c1a7-41f0-a8c5-2264c2ad36bf,bus,Bus,6,6,6083,"Lugano, Stazione","Lugano, Cornaredo",A,,2026-10-01 08:09:00+00:00,,,False,,2026-10-01 09:09:10.147000+02:00,2026-10-01 10:09:00+02:00,,2026-10-01,10,Thursday,False,59.83088333333333
20261001_070901,2026-10-01 07:09:10.147000+00:00,Lugano,local,ch:1:sloid:5380,"Lugano, Stazione",ch:1:sloid:5380::407002,2026-10-01,ch:1:sjyid:100754:2914c58f-e737-467d-9e59-16869ddd1d83,bus,Bus,4,4,4069,"Lugano, Centro","Canobbio, Ganna",B,,2026-10-01 08:14:00+00:00,2026-10-01 08:14:00+00:00,,True,0.0,2026-10-01 09:09:10.147000+02:00,2026-10-01 10:14:00+02:00,2026-10-01 10:14:00+02:00,2026-10-01,10,Thursday,False,64.83088333333333
20261001_070901,2026-10-01 07:09:10.147000+00:00,Lugano,local,ch:1:sloid:5380,"Lugano, Stazione",ch:1:sloid:5380::407001,2026-10-01,ch:1:sjyid:100754:d277156b-2edb-4e02-95b9-21a46101a7f6,bus,Bus,4,4,4076,"Canobbio, Ganna","Lugano, Centro",A,,2026-10-01 08:16:00+00:00,2026-10-01 08:16:00+00:00,,True,0.0,2026-10-01 09:09:10.147000+02:00,2026-10-01 10:16:00+02:00,2026-10-01 10:16:00+02:00,2026-10-01,10,Thursday,False,66.83088333333333
20261001_070901,2026-10-01 07:09:10.147000+00:00,Lugano,local,ch:1:sloid:5380,"Lugano, Stazione",ch:1:sloid:5380::407001,2026-10-01,ch:1:sjyid:100754:dfad57ce-c210-4808-aa5d-4b983e0fad33,bus,Bus,2,2,2092,"Castagnola, Capolinea","Paradiso, Carzo",A,,2026-10-01 08:20:00+00:00,2026-10-01 08:20:00+00:00,,True,0.0,2026-10-01 09:09:10.147000+02:00,2026-10-01 10:20:00+02:00,2026-10-01 10:20:00+02:00,2026-10-01,10,Thursday,False,70.83088333333333
20261001_070901,2026-10-01 07:09:10.147000+00:00,Lugano,local,ch:1:sloid:5380,"Lugano, Stazione",ch:1:sloid:5380::407001,2026-10-01,ch:1:sjyid:100754:62bff7be-c417-4d7e-a890-5473b58be4ef,bus,Bus,6,6,6087,"Lugano, Stazione","Lugano, Cornaredo",A,,2026-10-01 08:24:00+00:00,,,False,,2026-10-01 09:09:10.147000+02:00,2026-10-01 10:24:00+02:00,,2026-10-01,10,Thursday,False,74.83088333333333
20261001_070901,2026-10-01 07:09:10.147000+00:00,Lugano,local,ch:1:sloid:5380,"Lugano, Stazione",ch:1:sloid:5380::407002,2026-10-01,ch:1:sjyid:100754:cbdf1488-74e6-4349-b9dc-8e07c2c793aa,bus,Bus,4,4,4073,"Lugano, Centro","Canobbio, Ganna",B,,2026-10-01 08:29:00+00:00,2026-10-01 08:29:00+00:00,,True,0.0,2026-10-01 09:09:10.147000+02:00,2026-10-01 10:29:00+02:00,2026-10-01 10:29:00+02:00,2026-10-01,10,Thursday,False,79.83088333333333
20261001_070901,2026-10-01 07:09:10.147000+00:00,Lugano,local,ch:1:sloid:5380,"Lugano, Stazione",ch:1:sloid:5380::407001,2026-10-01,ch:1:sjyid:100754:335d8663-b8fb-478c-8553-55e8e5cefc73,bus,Bus,4,4,4078,"Canobbio, Ganna","Lugano, Centro",A,,2026-10-01 08:31:00+00:00,2026-10-01 08:31:00+00:00,,True,0.0,2026-10-01 09:09:10.147000+02:00,2026-10-01 10:31:00+02:00,2026-10-01 10:31:00+02:00,2026-10-01,10,Thursday,False,81.83088333333333
20261001_070901,2026-10-01 07:09:10.147000+00:00,Lugano,local,ch:1:sloid:5380,"Lugano, Stazione",ch:1:sloid:5380::407001,2026-10-01,ch:1:sjyid:100754:f5bb4e21-b93a-45d1-9055-ab966bf9afc8,bus,Bus,2,2,2096,"Castagnola, Capolinea","Paradiso, Carzo",A,,2026-10-01 08:35:00+00:00,2026-10-01 08:35:00+00:00,,True,0.0,2026-10-01 09:09:10.147000+02:00,2026-10-01 10:35:00+02:00,2026-10-01 10:35:00+02:00,2026-10-01,10,Thursday,False,85.83088333333333
20261001_070901,2026-10-01 07:09:10.147000+00:00,Lugano,local,ch:1:sloid:5380,"Lugano, Stazione",ch:1:sloid:5380::407001,2026-10-01,ch:1:sjyid:100754:efc03412-05c3-48e9-9f43-d4134d9d60e0,bus,Bus,6,6,6093,"Lugano, Stazione","Lugano, Cornaredo",A,,2026-10-01 08:39:00+00:00,,,False,,2026-10-01 09:09:10.147000+02:00,2026-10-01 10:39:00+02:00,,2026-10-01,10,Thursday,False,89.83088333333333
20261001_070901,2026-10-01 07:09:10.147000+00:00,Lugano,local,ch:1:sloid:5380,"Lugano, Stazione",ch:1:sloid:5380::407002,2026-10-01,ch:1:sjyid:100754:a7041c99-6801-472c-9c49-fec6635b4273,bus,Bus,4,4,4077,"Lugano, Centro","Canobbio, Ganna",B,,2026-10-01 08:44:00+00:00,,,False,,2026-10-01 09:09:10.147000+02:00,2026-10-01 10:44:00+02:00,,2026-10-01,10,Thursday,False,94.83088333333333
20261001_070901,2026-10-01 07:09:10.147000+00:00,Lugano,local,ch:1:sloid:5380,"Lugano, Stazione",ch:1:sloid:5380::407001,2026-10-01,ch:1:sjyid:100754:e6116e25-e620-4752-a785-dc5e0d20324c,bus,Bus,4,4,4084,"Canobbio, Ganna","Lugano, Centro",A,,2026-10-01 08:46:00+00:00,,,False,,2026-10-01 09:09:10.147000+02:00,2026-10-01 10:46:00+02:00,,2026-10-01,10,Thursday,False,96.83088333333333
20261001_070901,2026-10-01 07:09:10.147000+00:00,Lugano,local,ch:1:sloid:5380,"Lugano, Stazione",ch:1:sloid:5380::407001,2026-10-01,ch:1:sjyid:100754:e853d7bb-1f7b-4c48-aa44-ad1b8731ea47,bus,Bus,2,2,2100,"Castagnola, Capolinea","Paradiso, Carzo",A,,2026-10-01 08:50:00+00:00,,,False,,2026-10-01 09:09:10.147000+02:00,2026-10-01 10:50:00+02:00,,2026-10-01,10,Thursday,False,100.83088333333333
20261001_070901,2026-10-01 07:09:10.147000+00:00,Lugano,local,ch:1:sloid:5380,"Lugano, Stazione",ch:1:sloid:5380::407001,2026-10-01,ch:1:sjyid:100754:6c24a84f-8021-4017-8fd5-2554654939dd,bus,Bus,6,6,6095,"Lugano, Stazione","Lugano, Cornaredo",A,,2026-10-01 08:54:00+00:00,,,False,,2026-10-01 09:09:10.147000+02:00,2026-10-01 10:54:00+02:00,,2026-10-01,10,Thursday,False,104.83088333333333
20261001_070901,2026-10-01 07:09:10.147000+00:00,Lugano,local,ch:1:sloid:5380,"Lugano, Stazione",ch:1:sloid:5380::407002,2026-10-01,ch:1:sjyid:100754:05b7aa7e-69e2-40e0-8aeb-9942d57edfe8,bus,Bus,4,4,4081,"Lugano, Centro","Canobbio, Ganna",B,,2026-10-01 08:59:00+00:00,,,False,,2026-10-01 09:09:10.147000+02:00,2026-10-01 10:59:00+02:00,,2026-10-01,10,Thursday,False,109.83088333333333
