batch_id,collection_timestamp,city,station_type,station_id,station_name,stop_point_ref,operating_day,journey_ref,transport_mode,product_category,public_code,line,train_number,origin,destination,planned_platform,estimated_platform,scheduled_departure,estimated_departure,cancelled,has_realtime,predicted_delay_minutes,collection_timestamp_local,scheduled_departure_local,estimated_departure_local,date,hour,weekday,weekend,minutes_until_departure
20260930_213208,2026-09-30 21:32:08.326000+00:00,Zürich,rail,ch:1:sloid:3000,Zürich HB,ch:1:sloid:3000:503:43,2026-09-30,ch:1:sjyid:100001:19191-001,rail,S-Bahn,S11,S11,19191,Aarau,Winterthur,43/44,44,2026-09-30 21:31:00+00:00,2026-09-30 21:32:00+00:00,,True,1.0,2026-09-30 23:32:08.326000+02:00,2026-09-30 23:31:00+02:00,2026-09-30 23:32:00+02:00,2026-09-30,23,Wednesday,False,-1.1387666666666665
20260930_213208,2026-09-30 21:32:08.326000+00:00,Zürich,rail,ch:1:sloid:3000,Zürich HB,ch:1:sloid:3000:8:14,2026-09-30,ch:1:sjyid:100001:740-001,rail,InterCity,IC1,IC1,740,Zürich HB,Bern,14,,2026-09-30 21:32:00+00:00,2026-09-30 21:32:30+00:00,,True,0.5,2026-09-30 23:32:08.326000+02:00,2026-09-30 23:32:00+02:00,2026-09-30 23:32:30+02:00,2026-09-30,23,Wednesday,False,-0.13876666666666668
20260930_213208,2026-09-30 21:32:08.326000+00:00,Zürich,rail,ch:1:sloid:3000,Zürich HB,ch:1:sloid:3000:503:43,2026-09-30,ch:1:sjyid:100001:18391-001,rail,S-Bahn,S3,S3,18391,Zürich Hardbrücke,Wetzikon ZH,43/44,43,2026-09-30 21:34:00+00:00,2026-09-30 21:34:54+00:00,,True,0.9,2026-09-30 23:32:08.326000+02:00,2026-09-30 23:34:00+02:00,2026-09-30 23:34:54+02:00,2026-09-30,23,Wednesday,False,1.8612333333333335
20260930_213208,2026-09-30 21:32:08.326000+00:00,Zürich,rail,ch:1:sloid:3000,Zürich HB,ch:1:sloid:3000:6:10,2026-09-30,ch:1:sjyid:100001:2592-001,rail,InterRegio,IR75,IR75,2592,Zürich HB,Luzern,12,10,2026-09-30 21:35:00+00:00,2026-09-30 21:36:00+00:00,,True,1.0,2026-09-30 23:32:08.326000+02:00,2026-09-30 23:35:00+02:00,2026-09-30 23:36:00+02:00,2026-09-30,23,Wednesday,False,2.8612333333333333
20260930_213208,2026-09-30 21:32:08.326000+00:00,Zürich,rail,ch:1:sloid:3000,Zürich HB,ch:1:sloid:3000:10:18,2026-09-30,ch:1:sjyid:100001:1992-001,rail,InterRegio,IR36,IR36,1992,Zürich HB,Basel SBB,18,,2026-09-30 21:36:00+00:00,2026-09-30 21:36:30+00:00,,True,0.5,2026-09-30 23:32:08.326000+02:00,2026-09-30 23:36:00+02:00,2026-09-30 23:36:30+02:00,2026-09-30,23,Wednesday,False,3.8612333333333333
20260930_213208,2026-09-30 21:32:08.326000+00:00,Zürich,rail,ch:1:sloid:3000,Zürich HB,ch:1:sloid:3000:500:31,2026-09-30,ch:1:sjyid:100001:18891-001,rail,S-Bahn,S8,S8,18891,Winterthur,Rapperswil SG,31,,2026-09-30 21:37:00+00:00,2026-09-30 21:37:36+00:00,,True,0.6,2026-09-30 23:32:08.326000+02:00,2026-09-30 23:37:00+02:00,2026-09-30 23:37:36+02:00,2026-09-30,23,Wednesday,False,4.861233333333333
20260930_213208,2026-09-30 21:32:08.326000+00:00,Zürich,rail,ch:1:sloid:3000,Zürich HB,ch:1:sloid:3000:502:42,2026-09-30,ch:1:sjyid:100001:18990-001,rail,S-Bahn,S9,S9,18990,Uster,Schaffhausen,41/42,41,2026-09-30 21:37:00+00:00,2026-09-30 21:37:18+00:00,,True,0.3,2026-09-30 23:32:08.326000+02:00,2026-09-30 23:37:00+02:00,2026-09-30 23:37:18+02:00,2026-09-30,23,Wednesday,False,4.861233333333333
20260930_213208,2026-09-30 21:32:08.326000+00:00,Zürich,rail,ch:1:sloid:3000,Zürich HB,ch:1:sloid:3000:8:15,2026-09-30,ch:1:sjyid:100001:4842-001,rail,RegioExpress,RE37,RE37,4842,Zürich HB,Aarau,15,,2026-09-30 21:38:00+00:00,2026-09-30 21:38:30+00:00,,True,0.5,2026-09-30 23:32:08.326000+02:00,2026-09-30 23:38:00+02:00,2026-09-30 23:38:30+02:00,2026-09-30,23,Wednesday,False,5.861233333333333
20260930_213208,2026-09-30 21:32:08.326000+00:00,Zürich,rail,ch:1:sloid:3000,Zürich HB,ch:1:sloid:3000:503:43,2026-09-30,ch:1:sjyid:100001:19591-001,rail,S-Bahn,S15,S15,19591,Niederweningen,Rapperswil SG,43/44,,2026-09-30 21:39:00+00:00,2026-09-30 21:40:12+00:00,,True,1.2,2026-09-30 23:32:08.326000+02:00,2026-09-30 23:39:00+02:00,2026-09-30 23:40:12+02:00,2026-09-30,23,Wednesday,False,6.861233333333333
20260930_213208,2026-09-30 21:32:08.326000+00:00,Zürich,rail,ch:1:sloid:3000,Zürich HB,ch:1:sloid:3000:501:33,2026-09-30,ch:1:sjyid:100046:2143-001,rail,RegioExpress,RE,RE,2143,Zürich HB,Konstanz/St. Gallen,33,,2026-09-30 21:39:00+00:00,2026-09-30 21:39:30+00:00,,True,0.5,2026-09-30 23:32:08.326000+02:00,2026-09-30 23:39:00+02:00,2026-09-30 23:39:30+02:00,2026-09-30,23,Wednesday,False,6.861233333333333
20260930_213208,2026-09-30 21:32:08.326000+00:00,Zürich,rail,ch:1:sloid:3000,Zürich HB,ch:1:sloid:3000:502:42,2026-09-30,ch:1:sjyid:100001:18590-001,rail,S-Bahn,S5,S5,18590,Wetzikon ZH,Zug,41/42,,2026-09-30 21:39:00+00:00,2026-09-30 21:39:18+00:00,,True,0.3,2026-09-30 23:32:08.326000+02:00,2026-09-30 23:39:00+02:00,2026-09-30 23:39:18+02:00,2026-09-30,23,Wednesday,False,6.861233333333333
20260930_213208,2026-09-30 21:32:08.326000+00:00,Zürich,rail,ch:1:sloid:3000,Zürich HB,ch:1:sloid:3000:503:43,2026-09-30,ch:1:sjyid:100001:18791-001,rail,S-Bahn,S7,S7,18791,Winterthur,Rapperswil SG,43/44,,2026-09-30 21:41:00+00:00,2026-09-30 21:42:30+00:00,,True,1.5,2026-09-30 23:32:08.326000+02:00,2026-09-30 23:41:00+02:00,2026-09-30 23:42:30+02:00,2026-09-30,23,Wednesday,False,8.861233333333333
20260930_213208,2026-09-30 21:32:08.326000+00:00,Zürich,rail,ch:1:sloid:3000,Zürich HB,ch:1:sloid:3000:501:34,2026-09-30,ch:1:sjyid:100001:19491-001,rail,S-Bahn,S14,S14,19491,Zürich Altstetten,Hinwil,34,,2026-09-30 21:42:00+00:00,2026-09-30 21:42:30+00:00,,True,0.5,2026-09-30 23:32:08.326000+02:00,2026-09-30 23:42:00+02:00,2026-09-30 23:42:30+02:00,2026-09-30,23,Wednesday,False,9.861233333333333
20260930_213208,2026-09-30 21:32:08.326000+00:00,Zürich,rail,ch:1:sloid:3000,Zürich HB,ch:1:sloid:3000:2:3,2026-09-30,ch:1:sjyid:100001:20490-001,rail,S-Bahn,S24,S24,20490,Zug,Bassersdorf,3,,2026-09-30 21:44:00+00:00,2026-09-30 21:44:18+00:00,,True,0.3,2026-09-30 23:32:08.326000+02:00,2026-09-30 23:44:00+02:00,2026-09-30 23:44:18+02:00,2026-09-30,23,Wednesday,False,11.861233333333333
20260930_213208,2026-09-30 21:32:08.326000+00:00,Zürich,rail,ch:1:sloid:3000,Zürich HB,ch:1:sloid:3000:502:42,2026-09-30,ch:1:sjyid:100001:19290-001,rail,S-Bahn,S12,S12,19290,Schaffhausen,Brugg AG,41/42,,2026-09-30 21:44:00+00:00,2026-09-30 21:44:18+00:00,,True,0.3,2026-09-30 23:32:08.326000+02:00,2026-09-30 23:44:00+02:00,2026-09-30 23:44:18+02:00,2026-09-30,23,Wednesday,False,11.861233333333333
20260930_213208,2026-09-30 21:32:08.326000+00:00,Zürich,rail,ch:1:sloid:3000,Zürich HB,ch:1:sloid:3000:503:43,2026-09-30,ch:1:sjyid:100001:19691-001,rail,S-Bahn,S16,S16,19691,Zürich Flughafen,Meilen,43/44,,2026-09-30 21:45:00+00:00,2026-09-30 21:45:36+00:00,,True,0.6,2026-09-30 23:32:08.326000+02:00,2026-09-30 23:45:00+02:00,2026-09-30 23:45:36+02:00,2026-09-30,23,Wednesday,False,12.861233333333333
20260930_213208,2026-09-30 21:32:08.326000+00:00,Zürich,rail,ch:1:sloid:3000,Zürich HB,ch:1:sloid:3000:503:43,2026-09-30,ch:1:sjyid:100001:19291-001,rail,S-Bahn,S12,S12,19291,Brugg AG,Winterthur,43/44,,2026-09-30 21:46:00+00:00,2026-09-30 21:47:00+00:00,,True,1.0,2026-09-30 23:32:08.326000+02:00,2026-09-30 23:46:00+02:00,2026-09-30 23:47:00+02:00,2026-09-30,23,Wednesday,False,13.861233333333333
20260930_213208,2026-09-30 21:32:08.326000+00:00,Zürich,rail,ch:1:sloid:3000,Zürich HB,ch:1:sloid:3000:502:42,2026-09-30,ch:1:sjyid:100001:19690-001,rail,S-Bahn,S16,S16,19690,Meilen,Zürich Flughafen,41/42,,2026-09-30 21:46:00+00:00,2026-09-30 21:46:18+00:00,,True,0.3,2026-09-30 23:32:08.326000+02:00,2026-09-30 23:46:00+02:00,2026-09-30 23:46:18+02:00,2026-09-30,23,Wednesday,False,13.861233333333333
20260930_213208,2026-09-30 21:32:08.326000+00:00,Zürich,rail,ch:1:sloid:3000,Zürich HB,ch:1:sloid:3000:500:32,2026-09-30,ch:1:sjyid:100001:18291-001,rail,S-Bahn,S2,S2,18291,Zürich Flughafen,Ziegelbrücke,32,,2026-09-30 21:47:00+00:00,2026-09-30 21:48:00+00:00,,True,1.0,2026-09-30 23:32:08.326000+02:00,2026-09-30 23:47:00+02:00,2026-09-30 23:48:00+02:00,2026-09-30,23,Wednesday,False,14.861233333333333
20260930_213208,2026-09-30 21:32:08.326000+00:00,Zürich,rail,ch:1:sloid:3000,Zürich HB,ch:1:sloid:3000:500:31,2026-09-30,ch:1:sjyid:100001:19490-001,rail,S-Bahn,S14,S14,19490,Hinwil,Zürich Altstetten,31,,2026-09-30 21:49:00+00:00,2026-09-30 21:50:00+00:00,,True,1.0,2026-09-30 23:32:08.326000+02:00,2026-09-30 23:49:00+02:00,2026-09-30 23:50:00+02:00,2026-09-30,23,Wednesday,False,16.861233333333335
20260930_213208,2026-09-30 21:32:08.326000+00:00,Zürich,rail,ch:1:sloid:3000,Zürich HB,ch:1:sloid:3000:502:42,2026-09-30,ch:1:sjyid:100001:18790-001,rail,S-Bahn,S7,S7,18790,Rapperswil SG,Winterthur,41/42,,2026-09-30 21:49:00+00:00,2026-09-30 21:49:42+00:00,,True,0.7,2026-09-30 23:32:08.326000+02:00,2026-09-30 23:49:00+02:00,2026-09-30 23:49:42+02:00,2026-09-30,23,Wednesday,False,16.861233333333335
20260930_213208,2026-09-30 21:32:08.326000+00:00,Zürich,rail,ch:1:sloid:3000,Zürich HB,ch:1:sloid:3000:3:4,2026-09-30,ch:1:sjyid:100001:20491-001,rail,S-Bahn,S24,S24,20491,Effretikon,Zug,4,,2026-09-30 21:51:00+00:00,2026-09-30 21:54:18+00:00,,True,3.3,2026-09-30 23:32:08.326000+02:00,2026-09-30 23:51:00+02:00,2026-09-30 23:54:18+02:00,2026-09-30,23,Wednesday,False,18.861233333333335
20260930_213208,2026-09-30 21:32:08.326000+00:00,Zürich,rail,ch:1:sloid:3000,Zürich HB,ch:1:sloid:3000:502:42,2026-09-30,ch:1:sjyid:100001:19590-001,rail,S-Bahn,S15,S15,19590,Wetzikon ZH,Niederweningen,41/42,,2026-09-30 21:52:00+00:00,2026-09-30 21:52:24+00:00,,True,0.4,2026-09-30 23:32:08.326000+02:00,2026-09-30 23:52:00+02:00,2026-09-30 23:52:24+02:00,2026-09-30,23,Wednesday,False,19.861233333333335
20260930_213208,2026-09-30 21:32:08.326000+00:00,Zürich,rail,ch:1:sloid:3000,Zürich HB,ch:1:sloid:3000:503:43,2026-09-30,ch:1:sjyid:100001:18591-001,rail,S-Bahn,S5,S5,18591,Zug,Rapperswil SG,43/44,,2026-09-30 21:54:00+00:00,2026-09-30 21:54:18+00:00,,True,0.3,2026-09-30 23:32:08.326000+02:00,2026-09-30 23:54:00+02:00,2026-09-30 23:54:18+02:00,2026-09-30,23,Wednesday,False,21.861233333333335
20260930_213208,2026-09-30 21:32:08.326000+00:00,Zürich,rail,ch:1:sloid:3000,Zürich HB,ch:1:sloid:3000:501:34,2026-09-30,ch:1:sjyid:100001:18890-001,rail,S-Bahn,S8,S8,18890,Pfäffikon SZ,Winterthur,34,,2026-09-30 21:55:00+00:00,2026-09-30 21:55:18+00:00,,True,0.3,2026-09-30 23:32:08.326000+02:00,2026-09-30 23:55:00+02:00,2026-09-30 23:55:18+02:00,2026-09-30,23,Wednesday,False,22.861233333333335
20260930_213208,2026-09-30 21:32:08.326000+00:00,Zürich,rail,ch:1:sloid:3000,Zürich HB,ch:1:sloid:3000:502:42,2026-09-30,ch:1:sjyid:100001:18390-001,rail,S-Bahn,S3,S3,18390,Wetzikon ZH,Zürich Hardbrücke,41/42,,2026-09-30 21:56:00+00:00,2026-09-30 21:57:18+00:00,,True,1.3,2026-09-30 23:32:08.326000+02:00,2026-09-30 23:56:00+02:00,2026-09-30 23:57:18+02:00,2026-09-30,23,Wednesday,False,23.861233333333335
20260930_213208,2026-09-30 21:32:08.326000+00:00,Zürich,rail,ch:1:sloid:3000,Zürich HB,ch:1:sloid:3000:503:43,2026-09-30,ch:1:sjyid:100001:18991-001,rail,S-Bahn,S9,S9,18991,Schaffhausen,Uster,43/44,,2026-09-30 21:58:00+00:00,2026-09-30 21:58:18+00:00,,True,0.3,2026-09-30 23:32:08.326000+02:00,2026-09-30 23:58:00+02:00,2026-09-30 23:58:18+02:00,2026-09-30,23,Wednesday,False,25.861233333333335
20260930_213208,2026-09-30 21:32:08.326000+00:00,Zürich,rail,ch:1:sloid:3000,Zürich HB,ch:1:sloid:3000:502:42,2026-09-30,ch:1:sjyid:100001:19192-001,rail,S-Bahn,S11,S11,19192,Seuzach,Aarau,41/42,,2026-09-30 21:59:00+00:00,2026-09-30 22:00:06+00:00,,True,1.1,2026-09-30 23:32:08.326000+02:00,2026-09-30 23:59:00+02:00,2026-10-01 00:00:06+02:00,2026-09-30,23,Wednesday,False,26.861233333333335
20260930_213208,2026-09-30 21:32:08.326000+00:00,Zürich,rail,ch:1:sloid:3000,Zürich HB,ch:1:sloid:3000:503:43,2026-09-30,ch:1:sjyid:100001:18691-001,rail,S-Bahn,S6,S6,18691,Zürich HB,Küsnacht ZH,43/44,,2026-09-30 22:00:00+00:00,2026-09-30 22:00:30+00:00,,True,0.5,2026-09-30 23:32:08.326000+02:00,2026-10-01 00:00:00+02:00,2026-10-01 00:00:30+02:00,2026-10-01,0,Thursday,False,27.861233333333335
20260930_213208,2026-09-30 21:32:08.326000+00:00,Zürich,rail,ch:1:sloid:3000,Zürich HB,ch:1:sloid:3000:7:12,2026-09-30,ch:1:sjyid:100001:842-001,rail,InterCity,IC8,IC8,842,Zürich HB,Bern,12,,2026-09-30 22:02:00+00:00,2026-09-30 22:02:30+00:00,,True,0.5,2026-09-30 23:32:08.326000+02:00,2026-10-01 00:02:00+02:00,2026-10-01 00:02:30+02:00,2026-10-01,0,Thursday,False,29.861233333333335
20260930_213208,2026-09-30 21:32:09.140000+00:00,Bern,rail,ch:1:sloid:7000,Bern,ch:1:sloid:7000:1:1,2026-09-30,ch:1:sjyid:100015:15388-001,rail,S-Bahn,S3,S3,15388,Biel/Bienne,Belp,1A-D,,2026-09-30 21:32:00+00:00,2026-09-30 21:32:12+00:00,,True,0.2,2026-09-30 23:32:09.140000+02:00,2026-09-30 23:32:00+02:00,2026-09-30 23:32:12+02:00,2026-09-30,23,Wednesday,False,-0.15233333333333335
20260930_213208,2026-09-30 21:32:09.140000+00:00,Bern,rail,ch:1:sloid:7000,Bern,ch:1:sloid:7000_gen:ch:1:sloid:7000:6:12_pf:12A-C,2026-09-30,ch:1:sjyid:100015:15391-001,rail,S-Bahn,S3,S3,15391,Belp,Biel/Bienne,12A-C,,2026-09-30 21:32:00+00:00,2026-09-30 21:32:30+00:00,,True,0.5,2026-09-30 23:32:09.140000+02:00,2026-09-30 23:32:00+02:00,2026-09-30 23:32:30+02:00,2026-09-30,23,Wednesday,False,-0.15233333333333335
20260930_213208,2026-09-30 21:32:09.140000+00:00,Bern,rail,ch:1:sloid:7000,Bern,ch:1:sloid:7000:500:21,2026-09-30,ch:1:sjyid:100066:SKI-1235,rail,RegioExpress,RE5,RE5,1235,Bern,Solothurn,21,,2026-09-30 21:35:00+00:00,2026-09-30 21:35:00+00:00,,True,0.0,2026-09-30 23:32:09.140000+02:00,2026-09-30 23:35:00+02:00,2026-09-30 23:35:00+02:00,2026-09-30,23,Wednesday,False,2.847666666666667
20260930_213208,2026-09-30 21:32:09.140000+00:00,Bern,rail,ch:1:sloid:7000,Bern,ch:1:sloid:7000:3:5,2026-09-30,ch:1:sjyid:100001:646-002,rail,InterCity,IC6,IC6,646,Bern,Basel SBB,5,,2026-09-30 21:36:00+00:00,2026-09-30 21:36:36+00:00,,True,0.6,2026-09-30 23:32:09.140000+02:00,2026-09-30 23:36:00+02:00,2026-09-30 23:36:36+02:00,2026-09-30,23,Wednesday,False,3.847666666666667
20260930_213208,2026-09-30 21:32:09.140000+00:00,Bern,rail,ch:1:sloid:7000,Bern,ch:1:sloid:7000:6:32,2026-09-30,ch:1:sjyid:100015:15690-001,rail,S-Bahn,S6,S6,15690,Bern,Schwarzenburg,12D-F,,2026-09-30 21:37:00+00:00,2026-09-30 21:37:12+00:00,,True,0.2,2026-09-30 23:32:09.140000+02:00,2026-09-30 23:37:00+02:00,2026-09-30 23:37:12+02:00,2026-09-30,23,Wednesday,False,4.847666666666667
20260930_213208,2026-09-30 21:32:09.140000+00:00,Bern,rail,ch:1:sloid:7000,Bern,ch:1:sloid:7000:4:8,2026-09-30,ch:1:sjyid:100061:2399-002,rail,InterRegio,IR35,IR35,2399,Bern,Olten,8,,2026-09-30 21:38:00+00:00,2026-09-30 21:39:30+00:00,,True,1.5,2026-09-30 23:32:09.140000+02:00,2026-09-30 23:38:00+02:00,2026-09-30 23:39:30+02:00,2026-09-30,23,Wednesday,False,5.847666666666667
20260930_213208,2026-09-30 21:32:09.140000+00:00,Bern,rail,ch:1:sloid:7000,Bern,ch:1:sloid:7000_gen:ch:1:sloid:7000:6:33_pf:13D-F,2026-09-30,ch:1:sjyid:100015:16290-001,rail,S-Bahn,S52,S52,16290,Bern,Neuchâtel/Murten/Morat,13D-F,,2026-09-30 21:39:00+00:00,2026-09-30 21:39:12+00:00,,True,0.2,2026-09-30 23:32:09.140000+02:00,2026-09-30 23:39:00+02:00,2026-09-30 23:39:12+02:00,2026-09-30,23,Wednesday,False,6.847666666666667
20260930_213208,2026-09-30 21:32:09.140000+00:00,Bern,rail,ch:1:sloid:7000,Bern,ch:1:sloid:7000:501:23,2026-09-30,ch:1:sjyid:100066:SKI-8235,rail,S-Bahn,S8,S8,8235,Bern,Jegenstorf,23,,2026-09-30 21:39:00+00:00,2026-09-30 21:39:00+00:00,,True,0.0,2026-09-30 23:32:09.140000+02:00,2026-09-30 23:39:00+02:00,2026-09-30 23:39:00+02:00,2026-09-30,23,Wednesday,False,6.847666666666667
20260930_213208,2026-09-30 21:32:09.140000+00:00,Bern,rail,ch:1:sloid:7000,Bern,ch:1:sloid:7000_gen:ch:1:sloid:7000:1:21_pf:1E-H,2026-09-30,ch:1:sjyid:100015:15188-001,rail,S-Bahn,S1,S1,15188,Thun,Fribourg/Freiburg,1E-H,,2026-09-30 21:45:00+00:00,2026-09-30 21:45:24+00:00,,True,0.4,2026-09-30 23:32:09.140000+02:00,2026-09-30 23:45:00+02:00,2026-09-30 23:45:24+02:00,2026-09-30,23,Wednesday,False,12.847666666666667
20260930_213208,2026-09-30 21:32:09.140000+00:00,Bern,rail,ch:1:sloid:7000,Bern,ch:1:sloid:7000:501:24,2026-09-30,ch:1:sjyid:100066:SKI-7237,rail,S-Bahn,S7,S7,7237,Bern,Worb Dorf,24,,2026-09-30 21:45:00+00:00,2026-09-30 21:45:00+00:00,,True,0.0,2026-09-30 23:32:09.140000+02:00,2026-09-30 23:45:00+02:00,2026-09-30 23:45:00+02:00,2026-09-30,23,Wednesday,False,12.847666666666667
20260930_213208,2026-09-30 21:32:09.140000+00:00,Bern,rail,ch:1:sloid:7000,Bern,ch:1:sloid:7000:3:5,2026-09-30,ch:1:sjyid:100015:15091-002,rail,S-Bahn,S2,S2,15091,Bern,Langnau i.E./Thun,5,,2026-09-30 21:47:00+00:00,2026-09-30 21:47:30+00:00,,True,0.5,2026-09-30 23:32:09.140000+02:00,2026-09-30 23:47:00+02:00,2026-09-30 23:47:30+02:00,2026-09-30,23,Wednesday,False,14.847666666666667
20260930_213208,2026-09-30 21:32:09.140000+00:00,Bern,rail,ch:1:sloid:7000,Bern,ch:1:sloid:7000:1:1,2026-09-30,ch:1:sjyid:100015:15290-002,rail,S-Bahn,S2,S2,15290,Langnau i.E.,Laupen BE,1A-D,,2026-09-30 21:53:00+00:00,2026-09-30 21:53:12+00:00,,True,0.2,2026-09-30 23:32:09.140000+02:00,2026-09-30 23:53:00+02:00,2026-09-30 23:53:12+02:00,2026-09-30,23,Wednesday,False,20.847666666666665
20260930_213208,2026-09-30 21:32:09.140000+00:00,Bern,rail,ch:1:sloid:7000,Bern,ch:1:sloid:7000:4:7,2026-09-30,ch:1:sjyid:100001:377-001,rail,InterCityExpress,ICE,ICE,377,Basel Bad Bf,Brig,7,,2026-09-30 21:53:00+00:00,2026-09-30 21:53:42+00:00,,True,0.7,2026-09-30 23:32:09.140000+02:00,2026-09-30 23:53:00+02:00,2026-09-30 23:53:42+02:00,2026-09-30,23,Wednesday,False,20.847666666666665
20260930_213208,2026-09-30 21:32:09.140000+00:00,Bern,rail,ch:1:sloid:7000,Bern,ch:1:sloid:7000_gen:ch:1:sloid:7000:6:12_pf:12A-C,2026-09-30,ch:1:sjyid:100015:16489-002,rail,S-Bahn,S44,S44,16489,Bern,Solothurn,12A-C,,2026-09-30 21:53:00+00:00,2026-09-30 21:53:12+00:00,,True,0.2,2026-09-30 23:32:09.140000+02:00,2026-09-30 23:53:00+02:00,2026-09-30 23:53:12+02:00,2026-09-30,23,Wednesday,False,20.847666666666665
20260930_213208,2026-09-30 21:32:09.140000+00:00,Bern,rail,ch:1:sloid:7000,Bern,ch:1:sloid:7000:501:24,2026-09-30,ch:1:sjyid:100066:SKI-7241,rail,S-Bahn,S7,S7,7241,Bern,Bolligen,24,,2026-09-30 22:00:00+00:00,2026-09-30 22:00:00+00:00,,True,0.0,2026-09-30 23:32:09.140000+02:00,2026-10-01 00:00:00+02:00,2026-10-01 00:00:00+02:00,2026-10-01,0,Thursday,False,27.847666666666665
20260930_213208,2026-09-30 21:32:09.140000+00:00,Bern,rail,ch:1:sloid:7000,Bern,ch:1:sloid:7000:5:9,2026-09-30,ch:1:sjyid:100001:841-001,rail,InterCity,IC8,IC8,841,Bern,Zürich HB,9,,2026-09-30 22:02:00+00:00,2026-09-30 22:02:36+00:00,,True,0.6,2026-09-30 23:32:09.140000+02:00,2026-10-01 00:02:00+02:00,2026-10-01 00:02:36+02:00,2026-10-01,0,Thursday,False,29.847666666666665
20260930_213208,2026-09-30 21:32:09.140000+00:00,Bern,rail,ch:1:sloid:7000,Bern,ch:1:sloid:7000:1:1,2026-09-30,ch:1:sjyid:100015:2847-001,rail,InterRegio,IR17,IR17,2847,Bern,Olten,1A-D,,2026-09-30 22:07:00+00:00,2026-09-30 22:07:42+00:00,,True,0.7,2026-09-30 23:32:09.140000+02:00,2026-10-01 00:07:00+02:00,2026-10-01 00:07:42+02:00,2026-10-01,0,Thursday,False,34.84766666666667
20260930_213208,2026-09-30 21:32:09.140000+00:00,Bern,rail,ch:1:sloid:7000,Bern,ch:1:sloid:7000:5:10,2026-09-30,ch:1:sjyid:100015:3393-001,rail,InterRegio,IR65,IR65,3393,Bern,Biel/Bienne,10,,2026-09-30 22:12:00+00:00,2026-09-30 22:12:12+00:00,,True,0.2,2026-09-30 23:32:09.140000+02:00,2026-10-01 00:12:00+02:00,2026-10-01 00:12:12+02:00,2026-10-01,0,Thursday,False,39.84766666666667
20260930_213208,2026-09-30 21:32:09.140000+00:00,Bern,rail,ch:1:sloid:7000,Bern,ch:1:sloid:7000:4:7,2026-09-30,ch:1:sjyid:100001:2542-001,rail,InterRegio,IR15,IR15,2542,Luzern,Fribourg/Freiburg,7,,2026-09-30 22:23:00+00:00,2026-09-30 22:23:30+00:00,,True,0.5,2026-09-30 23:32:09.140000+02:00,2026-10-01 00:23:00+02:00,2026-10-01 00:23:30+02:00,2026-10-01,0,Thursday,False,50.84766666666667
20260930_213208,2026-09-30 21:32:09.140000+00:00,Bern,rail,ch:1:sloid:7000,Bern,ch:1:sloid:7000_gen:ch:1:sloid:7000:6:33_pf:13A-C,2026-09-30,ch:1:sjyid:100015:15592-001,rail,S-Bahn,S5,S5,15592,Bern,Neuchâtel/Avenches,13A-C,,2026-09-30 22:23:00+00:00,2026-09-30 22:23:12+00:00,,True,0.2,2026-09-30 23:32:09.140000+02:00,2026-10-01 00:23:00+02:00,2026-10-01 00:23:12+02:00,2026-10-01,0,Thursday,False,50.84766666666667
20260930_213208,2026-09-30 21:32:09.140000+00:00,Bern,rail,ch:1:sloid:7000,Bern,ch:1:sloid:7000:1:2,2026-09-30,ch:1:sjyid:100001:991-001,rail,InterCity,IC61,IC61,991,Bern,Spiez,2,,2026-09-30 22:23:00+00:00,2026-09-30 22:23:30+00:00,,True,0.5,2026-09-30 23:32:09.140000+02:00,2026-10-01 00:23:00+02:00,2026-10-01 00:23:30+02:00,2026-10-01,0,Thursday,False,50.84766666666667
20260930_213208,2026-09-30 21:32:09.140000+00:00,Bern,rail,ch:1:sloid:7000,Bern,ch:1:sloid:7000:500:21,2026-09-30,ch:1:sjyid:100066:SKI-8241,rail,S-Bahn,S8,S8,8241,Bern,Solothurn,21,,2026-09-30 22:23:00+00:00,2026-09-30 22:23:00+00:00,,True,0.0,2026-09-30 23:32:09.140000+02:00,2026-10-01 00:23:00+02:00,2026-10-01 00:23:00+02:00,2026-10-01,0,Thursday,False,50.84766666666667
20260930_213208,2026-09-30 21:32:09.140000+00:00,Bern,rail,ch:1:sloid:7000,Bern,ch:1:sloid:7000:6:32,2026-09-30,ch:1:sjyid:100015:15491-002,rail,S-Bahn,S4,S4,15491,Bern,Lützelflüh-Goldbach,12,12D-F,2026-09-30 22:23:00+00:00,2026-09-30 22:23:12+00:00,,True,0.2,2026-09-30 23:32:09.140000+02:00,2026-10-01 00:23:00+02:00,2026-10-01 00:23:12+02:00,2026-10-01,0,Thursday,False,50.84766666666667
20260930_213208,2026-09-30 21:32:09.140000+00:00,Bern,rail,ch:1:sloid:7000,Bern,ch:1:sloid:7000_gen:ch:1:sloid:7000:1:21_pf:1E-H,2026-09-30,ch:1:sjyid:100015:15190-001,rail,S-Bahn,S1,S1,15190,Thun,Fribourg/Freiburg,1E-H,,2026-09-30 22:25:00+00:00,2026-09-30 22:26:06+00:00,,True,1.1,2026-09-30 23:32:09.140000+02:00,2026-10-01 00:25:00+02:00,2026-10-01 00:26:06+02:00,2026-10-01,0,Thursday,False,52.84766666666667
20260930_213208,2026-09-30 21:32:09.140000+00:00,Bern,rail,ch:1:sloid:7000,Bern,ch:1:sloid:7000:501:24,2026-09-30,ch:1:sjyid:100066:SKI-7243,rail,S-Bahn,S7,S7,7243,Bern,Worb Dorf,24,,2026-09-30 22:25:00+00:00,2026-09-30 22:25:00+00:00,,True,0.0,2026-09-30 23:32:09.140000+02:00,2026-10-01 00:25:00+02:00,2026-10-01 00:25:00+02:00,2026-10-01,0,Thursday,False,52.84766666666667
20260930_213208,2026-09-30 21:32:09.140000+00:00,Bern,rail,ch:1:sloid:7000,Bern,ch:1:sloid:7000_gen:ch:1:sloid:7000:6:12_pf:12A-C,2026-09-30,ch:1:sjyid:100015:15393-001,rail,S-Bahn,S3,S3,15393,Belp,Biel/Bienne,12A-C,,2026-09-30 22:25:00+00:00,2026-09-30 22:25:30+00:00,,True,0.5,2026-09-30 23:32:09.140000+02:00,2026-10-01 00:25:00+02:00,2026-10-01 00:25:30+02:00,2026-10-01,0,Thursday,False,52.84766666666667
20260930_213208,2026-09-30 21:32:09.140000+00:00,Bern,rail,ch:1:sloid:7000,Bern,ch:1:sloid:7000:55:50,2026-09-30,ch:1:sjyid:100015:16488-001,rail,S-Bahn,S44,S44,16488,Burgdorf,Thun,50,,2026-09-30 22:26:00+00:00,2026-09-30 22:26:12+00:00,,True,0.2,2026-09-30 23:32:09.140000+02:00,2026-10-01 00:26:00+02:00,2026-10-01 00:26:12+02:00,2026-10-01,0,Thursday,False,53.84766666666667
20260930_213208,2026-09-30 21:32:09.140000+00:00,Bern,rail,ch:1:sloid:7000,Bern,ch:1:sloid:7000:55:49,2026-09-30,ch:1:sjyid:100015:15197-001,rail,S-Bahn,S1,S1,15197,Bern,Thun,49,,2026-09-30 22:26:00+00:00,2026-09-30 22:27:06+00:00,,True,1.1,2026-09-30 23:32:09.140000+02:00,2026-10-01 00:26:00+02:00,2026-10-01 00:27:06+02:00,2026-10-01,0,Thursday,False,53.84766666666667
20260930_213208,2026-09-30 21:32:09.140000+00:00,Bern,rail,ch:1:sloid:7000,Bern,ch:1:sloid:7000:3:5,2026-09-30,ch:1:sjyid:100015:15293-002,rail,S-Bahn,S2,S2,15293,Laupen BE,Langnau i.E.,5,,2026-09-30 22:28:00+00:00,2026-09-30 22:29:12+00:00,,True,1.2,2026-09-30 23:32:09.140000+02:00,2026-10-01 00:28:00+02:00,2026-10-01 00:29:12+02:00,2026-10-01,0,Thursday,False,55.84766666666667
20260930_213208,2026-09-30 21:32:09.140000+00:00,Bern,rail,ch:1:sloid:7000,Bern,ch:1:sloid:7000:6:13,2026-09-30,ch:1:sjyid:100015:15692-001,rail,S-Bahn,S6,S6,15692,Bern,Schwarzenburg,13,,2026-09-30 22:31:00+00:00,2026-09-30 22:32:06+00:00,,True,1.1,2026-09-30 23:32:09.140000+02:00,2026-10-01 00:31:00+02:00,2026-10-01 00:32:06+02:00,2026-10-01,0,Thursday,False,58.84766666666667
20260930_213208,2026-09-30 21:32:09.964000+00:00,Basel,rail,ch:1:sloid:10,Basel SBB,ch:1:sloid:10,2026-09-30,ojp:92C12:A:H:j26:1,bus,Bus,C12,C12,44102,Basel SBB,Mulhouse,,,2026-09-30 21:38:00+00:00,,,False,,2026-09-30 23:32:09.964000+02:00,2026-09-30 23:38:00+02:00,,2026-09-30,23,Wednesday,False,5.833933333333333
20260930_213208,2026-09-30 21:32:09.964000+00:00,Basel,rail,ch:1:sloid:10,Basel SBB,ch:1:sloid:10:8:16,2026-09-30,ch:1:sjyid:100001:17386-001,rail,S-Bahn,S3,S3,17386,Olten,Laufen,16,,2026-09-30 21:42:00+00:00,2026-09-30 21:42:12+00:00,,True,0.2,2026-09-30 23:32:09.964000+02:00,2026-09-30 23:42:00+02:00,2026-09-30 23:42:12+02:00,2026-09-30,23,Wednesday,False,9.833933333333333
20260930_213208,2026-09-30 21:32:09.964000+00:00,Basel,rail,ch:1:sloid:10,Basel SBB,ch:1:sloid:10:2:3,2026-09-30,ch:1:sjyid:100308:87872-001,rail,S-Bahn,S6,S6,87872,Basel SBB,Zell (Wiesental),2B,3,2026-09-30 21:46:00+00:00,2026-09-30 21:46:18+00:00,,True,0.3,2026-09-30 23:32:09.964000+02:00,2026-09-30 23:46:00+02:00,2026-09-30 23:46:18+02:00,2026-09-30,23,Wednesday,False,13.833933333333333
20260930_213208,2026-09-30 21:32:09.964000+00:00,Basel,rail,ch:1:sloid:10,Basel SBB,ch:1:sloid:10:6:12,2026-09-30,ch:1:sjyid:100001:17291-001,rail,S-Bahn,S1,S1,17291,Basel SBB,Laufenburg,12,,2026-09-30 21:49:00+00:00,2026-09-30 21:49:12+00:00,,True,0.2,2026-09-30 23:32:09.964000+02:00,2026-09-30 23:49:00+02:00,2026-09-30 23:49:12+02:00,2026-09-30,23,Wednesday,False,16.83393333333333
20260930_213208,2026-09-30 21:32:09.964000+00:00,Basel,rail,ch:1:sloid:10,Basel SBB,ch:1:sloid:10:0:19,2026-09-30,ch:1:sjyid:100001:17389-002,rail,S-Bahn,S3,S3,17389,Laufen,Olten,19,,2026-09-30 22:00:00+00:00,2026-09-30 22:00:12+00:00,,True,0.2,2026-09-30 23:32:09.964000+02:00,2026-10-01 00:00:00+02:00,2026-10-01 00:00:12+02:00,2026-10-01,0,Thursday,False,27.833933333333334
20260930_213208,2026-09-30 21:32:09.964000+00:00,Basel,rail,ch:1:sloid:10,Basel SBB,ch:1:sloid:10:3:6,2026-09-30,ch:1:sjyid:100061:2347-002,rail,InterRegio,IR26,IR26,2347,Basel SBB,Luzern,6,,2026-09-30 22:04:00+00:00,2026-09-30 22:04:30+00:00,,True,0.5,2026-09-30 23:32:09.964000+02:00,2026-10-01 00:04:00+02:00,2026-10-01 00:04:30+02:00,2026-10-01,0,Thursday,False,31.833933333333334
20260930_213208,2026-09-30 21:32:09.964000+00:00,Basel,rail,ch:1:sloid:10,Basel SBB,ch:1:sloid:10:6:11,2026-09-30,ch:1:sjyid:100001:1995-001,rail,InterRegio,IR36,IR36,1995,Basel SBB,Zürich HB,11,,2026-09-30 22:07:00+00:00,2026-09-30 22:07:42+00:00,,True,0.7,2026-09-30 23:32:09.964000+02:00,2026-10-01 00:07:00+02:00,2026-10-01 00:07:42+02:00,2026-10-01,0,Thursday,False,34.833933333333334
20260930_213208,2026-09-30 21:32:09.964000+00:00,Basel,rail,ch:1:sloid:10,Basel SBB,ch:1:sloid:10:8:16,2026-09-30,ch:1:sjyid:100001:17388-001,rail,S-Bahn,S3,S3,17388,Olten,Delémont,16,,2026-09-30 22:08:00+00:00,2026-09-30 22:08:12+00:00,,True,0.2,2026-09-30 23:32:09.964000+02:00,2026-10-01 00:08:00+02:00,2026-10-01 00:08:12+02:00,2026-10-01,0,Thursday,False,35.833933333333334
20260930_213208,2026-09-30 21:32:09.964000+00:00,Basel,rail,ch:1:sloid:10,Basel SBB,ch:1:sloid:10:6:12,2026-09-30,ch:1:sjyid:100001:17193-002,rail,S-Bahn,S1,S1,17193,Basel SBB,Brugg AG,12,,2026-09-30 22:20:00+00:00,2026-09-30 22:20:12+00:00,,True,0.2,2026-09-30 23:32:09.964000+02:00,2026-10-01 00:20:00+02:00,2026-10-01 00:20:12+02:00,2026-10-01,0,Thursday,False,47.833933333333334
20260930_213208,2026-09-30 21:32:09.964000+00:00,Basel,rail,ch:1:sloid:10,Basel SBB,ch:1:sloid:10:0:20,2026-09-30,ch:1:sjyid:100001:17391-002,rail,S-Bahn,S3,S3,17391,Laufen,Olten,20,,2026-09-30 22:30:00+00:00,2026-09-30 22:30:12+00:00,,True,0.2,2026-09-30 23:32:09.964000+02:00,2026-10-01 00:30:00+02:00,2026-10-01 00:30:12+02:00,2026-10-01,0,Thursday,False,57.833933333333334
20260930_213208,2026-09-30 21:32:09.964000+00:00,Basel,rail,ch:1:sloid:10,Basel SBB,ch:1:sloid:10:7:14,2026-09-30,ch:1:sjyid:100001:17390-003,rail,S-Bahn,S3,S3,17390,Olten,Delémont,14,,2026-09-30 22:57:00+00:00,2026-09-30 22:57:12+00:00,,True,0.2,2026-09-30 23:32:09.964000+02:00,2026-10-01 00:57:00+02:00,2026-10-01 00:57:12+02:00,2026-10-01,0,Thursday,False,84.83393333333333
20260930_213208,2026-09-30 21:32:09.964000+00:00,Basel,rail,ch:1:sloid:10,Basel SBB,ch:1:sloid:10_gen:ch:1:sloid:10:6:12_pf:12AB,2026-10-01,ch:1:sjyid:100001:17113-001,rail,S-Bahn,S1,S1,17113,Basel SBB,Frick,12AB,,2026-10-01 02:19:00+00:00,,,False,,2026-09-30 23:32:09.964000+02:00,2026-10-01 04:19:00+02:00,,2026-10-01,4,Thursday,False,286.83393333333333
20260930_213208,2026-09-30 21:32:09.964000+00:00,Basel,rail,ch:1:sloid:10,Basel SBB,ch:1:sloid:10:3:5,2026-10-01,ch:1:sjyid:100001:2055-001,rail,InterRegio,IR36,IR36,2055,Basel SBB,Zürich Flughafen,5,,2026-10-01 02:36:00+00:00,,,False,,2026-09-30 23:32:09.964000+02:00,2026-10-01 04:36:00+02:00,,2026-10-01,4,Thursday,False,303.83393333333333
20260930_213208,2026-09-30 21:32:09.964000+00:00,Basel,rail,ch:1:sloid:10,Basel SBB,ch:1:sloid:10_gen:ch:1:sloid:10:7:15_pf:15AB,2026-10-01,ch:1:sjyid:100001:17313-001,rail,S-Bahn,S3,S3,17313,Basel SBB,Olten,15AB,,2026-10-01 02:38:00+00:00,,,False,,2026-09-30 23:32:09.964000+02:00,2026-10-01 04:38:00+02:00,,2026-10-01,4,Thursday,False,305.83393333333333
20260930_213208,2026-09-30 21:32:09.964000+00:00,Basel,rail,ch:1:sloid:10,Basel SBB,ch:1:sloid:10:5:10,2026-10-01,ch:1:sjyid:100001:76-003,rail,InterCityExpress,ICE,ICE,76,Basel SBB,Basel Bad Bf,10,,2026-10-01 02:46:00+00:00,,,False,,2026-09-30 23:32:09.964000+02:00,2026-10-01 04:46:00+02:00,,2026-10-01,4,Thursday,False,313.83393333333333
20260930_213208,2026-09-30 21:32:09.964000+00:00,Basel,rail,ch:1:sloid:10,Basel SBB,ch:1:sloid:10:8:16,2026-10-01,ch:1:sjyid:100001:17312-001,rail,S-Bahn,S3,S3,17312,Basel SBB,Delémont,16,,2026-10-01 02:52:00+00:00,,,False,,2026-09-30 23:32:09.964000+02:00,2026-10-01 04:52:00+02:00,,2026-10-01,4,Thursday,False,319.83393333333333
20260930_213208,2026-09-30 21:32:09.964000+00:00,Basel,rail,ch:1:sloid:10,Basel SBB,ch:1:sloid:10:7:14,2026-10-01,ch:1:sjyid:100001:17215-001,rail,S-Bahn,S1,S1,17215,Basel SBB,Laufenburg,14,,2026-10-01 02:56:00+00:00,,,False,,2026-09-30 23:32:09.964000+02:00,2026-10-01 04:56:00+02:00,,2026-10-01,4,Thursday,False,323.83393333333333
20260930_213208,2026-09-30 21:32:09.964000+00:00,Basel,rail,ch:1:sloid:10,Basel SBB,ch:1:sloid:10_gen:ch:1:sloid:10:1:2_pf:2A,2026-10-01,ch:1:sjyid:100308:87800-001,rail,S-Bahn,S6,S6,87800,Basel SBB,Zell (Wiesental),2A,,2026-10-01 03:01:00+00:00,,,False,,2026-09-30 23:32:09.964000+02:00,2026-10-01 05:01:00+02:00,,2026-10-01,5,Thursday,False,328.83393333333333
20260930_213208,2026-09-30 21:32:09.964000+00:00,Basel,rail,ch:1:sloid:10,Basel SBB,ch:1:sloid:10:2:4,2026-10-01,ch:1:sjyid:100001:659-002,rail,InterCity,IC21,IC21,659,Basel SBB,Lugano,4,,2026-10-01 03:02:00+00:00,,,False,,2026-09-30 23:32:09.964000+02:00,2026-10-01 05:02:00+02:00,,2026-10-01,5,Thursday,False,329.83393333333333
20260930_213208,2026-09-30 21:32:09.964000+00:00,Basel,rail,ch:1:sloid:10,Basel SBB,ch:1:sloid:10:6:11,2026-10-01,ch:1:sjyid:100001:1957-001,rail,InterRegio,IR36,IR36,1957,Basel SBB,Zürich HB,11,,2026-10-01 03:07:00+00:00,,,False,,2026-09-30 23:32:09.964000+02:00,2026-10-01 05:07:00+02:00,,2026-10-01,5,Thursday,False,334.83393333333333
20260930_213208,2026-09-30 21:32:09.964000+00:00,Basel,rail,ch:1:sloid:10,Basel SBB,ch:1:sloid:10:5:9,2026-10-01,ch:1:sjyid:100001:204-001,rail,InterCityExpress,ICE,ICE,204,Basel SBB,Basel Bad Bf,9,,2026-10-01 03:16:00+00:00,,,False,,2026-09-30 23:32:09.964000+02:00,2026-10-01 05:16:00+02:00,,2026-10-01,5,Thursday,False,343.83393333333333
20260930_213208,2026-09-30 21:32:09.964000+00:00,Basel,rail,ch:1:sloid:10,Basel SBB,ch:1:sloid:10:6:12,2026-10-01,ch:1:sjyid:100001:17117-001,rail,S-Bahn,S1,S1,17117,Basel SBB,Frick,12,,2026-10-01 03:19:00+00:00,,,False,,2026-09-30 23:32:09.964000+02:00,2026-10-01 05:19:00+02:00,,2026-10-01,5,Thursday,False,346.83393333333333
20260930_213208,2026-09-30 21:32:09.964000+00:00,Basel,rail,ch:1:sloid:10,Basel SBB,ch:1:sloid:10:22:33,2026-10-01,ch:1:sjyid:100001:96200-001,rail,Train Express Regional,TER,TER,96200,Basel SBB,Strasbourg,33,,2026-10-01 03:21:00+00:00,,,False,,2026-09-30 23:32:09.964000+02:00,2026-10-01 05:21:00+02:00,,2026-10-01,5,Thursday,False,348.83393333333333
20260930_213208,2026-09-30 21:32:09.964000+00:00,Basel,rail,ch:1:sloid:10,Basel SBB,ch:1:sloid:10:4:8,2026-10-01,ch:1:sjyid:100001:607-002,rail,InterCity,IC61,IC61,607,Basel SBB,Interlaken Ost,8,,2026-10-01 03:24:00+00:00,,,False,,2026-09-30 23:32:09.964000+02:00,2026-10-01 05:24:00+02:00,,2026-10-01,5,Thursday,False,351.83393333333333
20260930_213208,2026-09-30 21:32:09.964000+00:00,Basel,rail,ch:1:sloid:10,Basel SBB,ch:1:sloid:10:0:19,2026-10-01,ch:1:sjyid:100001:17315-001,rail,S-Bahn,S3,S3,17315,Delémont,Olten,19,,2026-10-01 03:30:00+00:00,,,False,,2026-09-30 23:32:09.964000+02:00,2026-10-01 05:30:00+02:00,,2026-10-01,5,Thursday,False,357.83393333333333
20260930_213208,2026-09-30 21:32:09.964000+00:00,Basel,rail,ch:1:sloid:10,Basel SBB,ch:1:sloid:10:5:10,2026-10-01,ch:1:sjyid:100001:551-001,rail,InterCity,IC3,IC3,551,Basel SBB,Zürich HB,10,,2026-10-01 03:33:00+00:00,,,False,,2026-09-30 23:32:09.964000+02:00,2026-10-01 05:33:00+02:00,,2026-10-01,5,Thursday,False,360.83393333333333
20260930_213208,2026-09-30 21:32:09.964000+00:00,Basel,rail,ch:1:sloid:10,Basel SBB,ch:1:sloid:10:1:2,2026-10-01,ch:1:sjyid:100308:87802-001,rail,S-Bahn,S6,S6,87802,Basel SBB,Zell (Wiesental),2,,2026-10-01 03:35:00+00:00,,,False,,2026-09-30 23:32:09.964000+02:00,2026-10-01 05:35:00+02:00,,2026-10-01,5,Thursday,False,362.83393333333333
20260930_213208,2026-09-30 21:32:09.964000+00:00,Basel,rail,ch:1:sloid:10,Basel SBB,ch:1:sloid:10:3:5,2026-10-01,ch:1:sjyid:100001:2057-001,rail,InterRegio,IR36,IR36,2057,Basel SBB,Zürich Flughafen,5,,2026-10-01 03:36:00+00:00,,,False,,2026-09-30 23:32:09.964000+02:00,2026-10-01 05:36:00+02:00,,2026-10-01,5,Thursday,False,363.83393333333333
20260930_213208,2026-09-30 21:32:09.964000+00:00,Basel,rail,ch:1:sloid:10,Basel SBB,ch:1:sloid:10:21:30,2026-10-01,ch:1:sjyid:100001:96202-001,rail,Train Express Regional,TER,TER,96202,Basel SBB,Strasbourg,30,,2026-10-01 03:36:00+00:00,,,False,,2026-09-30 23:32:09.964000+02:00,2026-10-01 05:36:00+02:00,,2026-10-01,5,Thursday,False,363.83393333333333
20260930_213208,2026-09-30 21:32:09.964000+00:00,Basel,rail,ch:1:sloid:10,Basel SBB,ch:1:sloid:10:8:16,2026-10-01,ch:1:sjyid:100001:17314-001,rail,S-Bahn,S3,S3,17314,Olten,Laufen,16,,2026-10-01 03:38:00+00:00,,,False,,2026-09-30 23:32:09.964000+02:00,2026-10-01 05:38:00+02:00,,2026-10-01,5,Thursday,False,365.83393333333333
20260930_213208,2026-09-30 21:32:10.409000+00:00,Luzern,rail,ch:1:sloid:5000,Luzern,ch:1:sloid:5000:3:6,2026-09-30,ch:1:sjyid:100001:2593-001,rail,InterRegio,IR75,IR75,2593,Luzern,Zürich HB,6,,2026-09-30 21:35:00+00:00,2026-09-30 21:35:30+00:00,,True,0.5,2026-09-30 23:32:10.409000+02:00,2026-09-30 23:35:00+02:00,2026-09-30 23:35:30+02:00,2026-09-30,23,Wednesday,False,2.826516666666667
20260930_213208,2026-09-30 21:32:10.409000+00:00,Luzern,rail,ch:1:sloid:5000,Luzern,ch:1:sloid:5000:1:2,2026-09-30,ch:1:sjyid:100001:21391-001,rail,S-Bahn,S3,S3,21391,Luzern,Küssnacht am Rigi,3,2,2026-09-30 21:39:00+00:00,2026-09-30 21:39:12+00:00,,True,0.2,2026-09-30 23:32:10.409000+02:00,2026-09-30 23:39:00+02:00,2026-09-30 23:39:12+02:00,2026-09-30,23,Wednesday,False,6.826516666666667
20260930_213208,2026-09-30 21:32:10.409000+00:00,Luzern,rail,ch:1:sloid:5000,Luzern,ch:1:sloid:5000:7:14,2026-09-30,ch:1:sjyid:100064:21590-001,rail,S-Bahn,S5,S5,21590,Luzern,Giswil,14,,2026-09-30 21:42:00+00:00,2026-09-30 21:42:12+00:00,,True,0.2,2026-09-30 23:32:10.409000+02:00,2026-09-30 23:42:00+02:00,2026-09-30 23:42:12+02:00,2026-09-30,23,Wednesday,False,9.826516666666667
20260930_213208,2026-09-30 21:32:10.409000+00:00,Luzern,rail,ch:1:sloid:5000,Luzern,ch:1:sloid:5000:4:9,2026-09-30,ch:1:sjyid:100001:21183-001,rail,S-Bahn,S1,S1,21183,Baar,Sursee,9,,2026-09-30 21:44:00+00:00,2026-09-30 21:45:00+00:00,,True,1.0,2026-09-30 23:32:10.409000+02:00,2026-09-30 23:44:00+02:00,2026-09-30 23:45:00+02:00,2026-09-30,23,Wednesday,False,11.826516666666667
20260930_213208,2026-09-30 21:32:10.409000+00:00,Luzern,rail,ch:1:sloid:5000,Luzern,ch:1:sloid:5000:2:4,2026-09-30,ch:1:sjyid:100001:21184-001,rail,S-Bahn,S1,S1,21184,Sursee,Baar,4,,2026-09-30 21:51:00+00:00,2026-09-30 21:51:12+00:00,,True,0.2,2026-09-30 23:32:10.409000+02:00,2026-09-30 23:51:00+02:00,2026-09-30 23:51:12+02:00,2026-09-30,23,Wednesday,False,18.826516666666667
20260930_213208,2026-09-30 21:32:10.409000+00:00,Luzern,rail,ch:1:sloid:5000,Luzern,ch:1:sloid:5000:3:6,2026-09-30,ch:1:sjyid:100001:696-001,rail,InterCity,IC21,IC21,696,Lugano,Basel SBB,6,,2026-09-30 21:54:00+00:00,2026-09-30 21:54:36+00:00,,True,0.6,2026-09-30 23:32:10.409000+02:00,2026-09-30 23:54:00+02:00,2026-09-30 23:54:36+02:00,2026-09-30,23,Wednesday,False,21.826516666666667
20260930_213208,2026-09-30 21:32:10.409000+00:00,Luzern,rail,ch:1:sloid:5000,Luzern,ch:1:sloid:5000:7:14,2026-09-30,ch:1:sjyid:100064:21492-001,rail,S-Bahn,S4,S4,21492,Luzern,Stansstad,14,,2026-09-30 21:57:00+00:00,2026-09-30 21:57:12+00:00,,True,0.2,2026-09-30 23:32:10.409000+02:00,2026-09-30 23:57:00+02:00,2026-09-30 23:57:12+02:00,2026-09-30,23,Wednesday,False,24.826516666666667
20260930_213208,2026-09-30 21:32:10.409000+00:00,Luzern,rail,ch:1:sloid:5000,Luzern,ch:1:sloid:5000:4:9,2026-09-30,ch:1:sjyid:100001:4744-001,rail,RegioExpress,RE24,RE24,4744,Luzern,Olten,9,,2026-09-30 22:05:00+00:00,2026-09-30 22:05:12+00:00,,True,0.2,2026-09-30 23:32:10.409000+02:00,2026-10-01 00:05:00+02:00,2026-10-01 00:05:12+02:00,2026-10-01,0,Thursday,False,32.82651666666666
20260930_213208,2026-09-30 21:32:10.409000+00:00,Luzern,rail,ch:1:sloid:5000,Luzern,ch:1:sloid:5000:5:10,2026-09-30,ch:1:sjyid:100001:21393-001,rail,S-Bahn,S3,S3,21393,Luzern,Brunnen,10,,2026-09-30 22:06:00+00:00,2026-09-30 22:07:00+00:00,,True,1.0,2026-09-30 23:32:10.409000+02:00,2026-10-01 00:06:00+02:00,2026-10-01 00:07:00+02:00,2026-10-01,0,Thursday,False,33.82651666666666
20260930_213208,2026-09-30 21:32:10.409000+00:00,Luzern,rail,ch:1:sloid:5000,Luzern,ch:1:sloid:5000:7:14,2026-09-30,ch:1:sjyid:100064:21592-001,rail,S-Bahn,S5,S5,21592,Luzern,Giswil,14,,2026-09-30 22:12:00+00:00,2026-09-30 22:12:12+00:00,,True,0.2,2026-09-30 23:32:10.409000+02:00,2026-10-01 00:12:00+02:00,2026-10-01 00:12:12+02:00,2026-10-01,0,Thursday,False,39.82651666666666
20260930_213208,2026-09-30 21:32:10.409000+00:00,Luzern,rail,ch:1:sloid:5000,Luzern,ch:1:sloid:5000_gen:ch:1:sloid:5000:2:5_pf:5B-D,2026-09-30,ch:1:sjyid:100015:21692-001,rail,S-Bahn,S6,S6,21692,Luzern,Langnau i.E./Willisau,5B-D,,2026-09-30 22:19:00+00:00,2026-09-30 22:19:12+00:00,,True,0.2,2026-09-30 23:32:10.409000+02:00,2026-10-01 00:19:00+02:00,2026-10-01 00:19:12+02:00,2026-10-01,0,Thursday,False,46.82651666666666
20260930_213208,2026-09-30 21:32:10.409000+00:00,Luzern,rail,ch:1:sloid:5000,Luzern,ch:1:sloid:5000:4:9,2026-09-30,ch:1:sjyid:100001:21191-001,rail,S-Bahn,S1,S1,21191,Luzern,Olten,9,,2026-09-30 22:30:00+00:00,2026-09-30 22:30:12+00:00,,True,0.2,2026-09-30 23:32:10.409000+02:00,2026-10-01 00:30:00+02:00,2026-10-01 00:30:12+02:00,2026-10-01,0,Thursday,False,57.82651666666666
20260930_213208,2026-09-30 21:32:10.409000+00:00,Luzern,rail,ch:1:sloid:5000,Luzern,ch:1:sloid:5000:7:14,2026-09-30,ch:1:sjyid:100064:21494-001,rail,S-Bahn,S4,S4,21494,Luzern,Stansstad,14,,2026-09-30 22:32:00+00:00,2026-09-30 22:32:12+00:00,,True,0.2,2026-09-30 23:32:10.409000+02:00,2026-10-01 00:32:00+02:00,2026-10-01 00:32:12+02:00,2026-10-01,0,Thursday,False,59.82651666666666
20260930_213208,2026-09-30 21:32:10.409000+00:00,Luzern,rail,ch:1:sloid:5000,Luzern,ch:1:sloid:5000:5:10,2026-09-30,ch:1:sjyid:100001:21186-001,rail,S-Bahn,S1,S1,21186,Sursee,Zug,10,,2026-09-30 22:33:00+00:00,2026-09-30 22:33:12+00:00,,True,0.2,2026-09-30 23:32:10.409000+02:00,2026-10-01 00:33:00+02:00,2026-10-01 00:33:12+02:00,2026-10-01,0,Thursday,False,60.82651666666666
20260930_213208,2026-09-30 21:32:10.409000+00:00,Luzern,rail,ch:1:sloid:5000,Luzern,ch:1:sloid:5000:5:11,2026-09-30,ch:1:sjyid:100001:21395-001,rail,S-Bahn,S3,S3,21395,Luzern,Erstfeld,11,11CD,2026-09-30 22:39:00+00:00,2026-09-30 22:39:12+00:00,,True,0.2,2026-09-30 23:32:10.409000+02:00,2026-10-01 00:39:00+02:00,2026-10-01 00:39:12+02:00,2026-10-01,0,Thursday,False,66.82651666666666
20260930_213208,2026-09-30 21:32:10.409000+00:00,Luzern,rail,ch:1:sloid:5000,Luzern,ch:1:sloid:5000_gen:ch:1:sloid:5000:6:13_pf:13B,2026-09-30,ch:1:sjyid:100064:21594-001,rail,S-Bahn,S5,S5,21594,Luzern,Giswil,13B,,2026-09-30 22:42:00+00:00,2026-09-30 22:42:12+00:00,,True,0.2,2026-09-30 23:32:10.409000+02:00,2026-10-01 00:42:00+02:00,2026-10-01 00:42:12+02:00,2026-10-01,0,Thursday,False,69.82651666666668
20260930_213208,2026-09-30 21:32:10.409000+00:00,Luzern,rail,ch:1:sloid:5000,Luzern,ch:1:sloid:5000:5:11,2026-09-30,ch:1:sjyid:100001:21188-001,rail,S-Bahn,S1,S1,21188,Sursee,Zug,11,11CD,2026-09-30 22:51:00+00:00,2026-09-30 22:51:12+00:00,,True,0.2,2026-09-30 23:32:10.409000+02:00,2026-10-01 00:51:00+02:00,2026-10-01 00:51:12+02:00,2026-10-01,0,Thursday,False,78.82651666666668
20260930_213208,2026-09-30 21:32:10.409000+00:00,Luzern,rail,ch:1:sloid:5000,Luzern,ch:1:sloid:5000:7:14,2026-09-30,ch:1:sjyid:100064:21496-001,rail,S-Bahn,S4,S4,21496,Luzern,Stansstad,14,,2026-09-30 23:02:00+00:00,2026-09-30 23:02:12+00:00,,True,0.2,2026-09-30 23:32:10.409000+02:00,2026-10-01 01:02:00+02:00,2026-10-01 01:02:12+02:00,2026-10-01,1,Thursday,False,89.82651666666668
20260930_213208,2026-09-30 21:32:10.409000+00:00,Luzern,rail,ch:1:sloid:5000,Luzern,ch:1:sloid:5000_gen:ch:1:sloid:5000:3:6_pf:6CD,2026-10-01,ch:1:sjyid:100001:21107-001,rail,S-Bahn,S1,S1,21107,Luzern,Turgi,6CD,,2026-10-01 02:21:00+00:00,,,False,,2026-09-30 23:32:10.409000+02:00,2026-10-01 04:21:00+02:00,,2026-10-01,4,Thursday,False,288.8265166666667
20260930_213208,2026-09-30 21:32:10.409000+00:00,Luzern,rail,ch:1:sloid:5000,Luzern,ch:1:sloid:5000_gen:ch:1:sloid:5000:5:11_pf:11B-D,2026-10-01,ch:1:sjyid:100015:4356-001,rail,RegioExpress,RE7,RE7,4356,Luzern,Bern,11B-D,,2026-10-01 02:50:00+00:00,,,False,,2026-09-30 23:32:10.409000+02:00,2026-10-01 04:50:00+02:00,,2026-10-01,4,Thursday,False,317.8265166666667
20260930_213208,2026-09-30 21:32:10.409000+00:00,Luzern,rail,ch:1:sloid:5000,Luzern,ch:1:sloid:5000_gen:ch:1:sloid:5000:5:10_pf:10B-D,2026-10-01,ch:1:sjyid:100001:2562-001,rail,InterRegio,IR,IR,2562,Luzern,Sargans,10B-D,,2026-10-01 02:52:00+00:00,,,False,,2026-09-30 23:32:10.409000+02:00,2026-10-01 04:52:00+02:00,,2026-10-01,4,Thursday,False,319.8265166666667
20260930_213208,2026-09-30 21:32:10.409000+00:00,Luzern,rail,ch:1:sloid:5000,Luzern,ch:1:sloid:5000:4:9,2026-10-01,ch:1:sjyid:100061:2304-001,rail,InterRegio,IR26,IR26,2304,Luzern,Basel SBB,9,,2026-10-01 02:54:00+00:00,,,False,,2026-09-30 23:32:10.409000+02:00,2026-10-01 04:54:00+02:00,,2026-10-01,4,Thursday,False,321.8265166666667
20260930_213208,2026-09-30 21:32:10.409000+00:00,Luzern,rail,ch:1:sloid:5000,Luzern,ch:1:sloid:5000:2:4,2026-10-01,ch:1:sjyid:100001:4706-001,rail,RegioExpress,RE24,RE24,4706,Luzern,Olten,4,,2026-10-01 02:58:00+00:00,,,False,,2026-09-30 23:32:10.409000+02:00,2026-10-01 04:58:00+02:00,,2026-10-01,4,Thursday,False,325.8265166666667
20260930_213208,2026-09-30 21:32:10.409000+00:00,Luzern,rail,ch:1:sloid:5000,Luzern,ch:1:sloid:5000:5:11,2026-10-01,ch:1:sjyid:100001:21914-001,rail,S-Bahn,S9,S9,21914,Luzern,Lenzburg,11,,2026-10-01 03:02:00+00:00,,,False,,2026-09-30 23:32:10.409000+02:00,2026-10-01 05:02:00+02:00,,2026-10-01,5,Thursday,False,329.8265166666667
20260930_213208,2026-09-30 21:32:10.409000+00:00,Luzern,rail,ch:1:sloid:5000,Luzern,ch:1:sloid:5000:7:15,2026-10-01,ch:1:sjyid:100064:2956-002,rail,InterRegio,IRLEX,IRLEX,2956,Luzern,Stansstad,15,,2026-10-01 03:04:00+00:00,,,False,,2026-09-30 23:32:10.409000+02:00,2026-10-01 05:04:00+02:00,,2026-10-01,5,Thursday,False,331.8265166666667
20260930_213208,2026-09-30 21:32:10.409000+00:00,Luzern,rail,ch:1:sloid:5000,Luzern,ch:1:sloid:5000_gen:ch:1:sloid:5000:3:6_pf:6CD,2026-10-01,ch:1:sjyid:100001:21109-001,rail,S-Bahn,S1,S1,21109,Luzern,Sursee,6CD,,2026-10-01 03:14:00+00:00,,,False,,2026-09-30 23:32:10.409000+02:00,2026-10-01 05:14:00+02:00,,2026-10-01,5,Thursday,False,341.8265166666667
20260930_213208,2026-09-30 21:32:10.409000+00:00,Luzern,rail,ch:1:sloid:5000,Luzern,ch:1:sloid:5000_gen:ch:1:sloid:5000:5:10_pf:10B-D,2026-10-01,ch:1:sjyid:100015:21616-001,rail,S-Bahn,S6,S6,21616,Luzern,Langnau i.E. | Huttwil,10B-D,,2026-10-01 03:16:00+00:00,,,False,,2026-09-30 23:32:10.409000+02:00,2026-10-01 05:16:00+02:00,,2026-10-01,5,Thursday,False,343.8265166666667
20260930_213208,2026-09-30 21:32:10.409000+00:00,Luzern,rail,ch:1:sloid:5000,Luzern,ch:1:sloid:5000:4:9,2026-10-01,ch:1:sjyid:100001:21108-001,rail,S-Bahn,S1,S1,21108,Sursee,Baar,9,,2026-10-01 03:21:00+00:00,,,False,,2026-09-30 23:32:10.409000+02:00,2026-10-01 05:21:00+02:00,,2026-10-01,5,Thursday,False,348.8265166666667
20260930_213208,2026-09-30 21:32:10.409000+00:00,Luzern,rail,ch:1:sloid:5000,Luzern,ch:1:sloid:5000_gen:ch:1:sloid:5000:6:13_pf:13B,2026-10-01,ch:1:sjyid:100064:22518-001,rail,S-Bahn,S55,S55,22518,Luzern,Sachseln,13B,,2026-10-01 03:24:00+00:00,,,False,,2026-09-30 23:32:10.409000+02:00,2026-10-01 05:24:00+02:00,,2026-10-01,5,Thursday,False,351.8265166666667
20260930_213208,2026-09-30 21:32:10.409000+00:00,Luzern,rail,ch:1:sloid:5000,Luzern,ch:1:sloid:5000_gen:ch:1:sloid:5000:7:14_pf:14B,2026-10-01,ch:1:sjyid:100064:21418-001,rail,S-Bahn,S4,S4,21418,Luzern,Stansstad,14B,,2026-10-01 03:27:00+00:00,,,False,,2026-09-30 23:32:10.409000+02:00,2026-10-01 05:27:00+02:00,,2026-10-01,5,Thursday,False,354.8265166666667
20260930_213208,2026-09-30 21:32:10.878000+00:00,St. Gallen,rail,ch:1:sloid:6302,St. Gallen,ch:1:sloid:6302:2:2,2026-09-30,ch:1:sjyid:100001:3290-001,rail,InterRegio,IR13,IR13,3290,St. Gallen,Zürich HB,2,,2026-09-30 21:37:00+00:00,2026-09-30 21:37:30+00:00,,True,0.5,2026-09-30 23:32:10.878000+02:00,2026-09-30 23:37:00+02:00,2026-09-30 23:37:30+02:00,2026-09-30,23,Wednesday,False,4.818700000000001
20260930_213208,2026-09-30 21:32:10.878000+00:00,St. Gallen,rail,ch:1:sloid:6302,St. Gallen,ch:1:sloid:6302:3:5,2026-09-30,ch:1:sjyid:100061:11487-001,rail,S-Bahn,S4,S4,11487,Rapperswil SG,Sargans,5,,2026-09-30 21:38:00+00:00,2026-09-30 21:39:06+00:00,,True,1.1,2026-09-30 23:32:10.878000+02:00,2026-09-30 23:38:00+02:00,2026-09-30 23:39:06+02:00,2026-09-30,23,Wednesday,False,5.818700000000001
20260930_213208,2026-09-30 21:32:10.878000+00:00,St. Gallen,rail,ch:1:sloid:6302,St. Gallen,ch:1:sloid:6302:4:7,2026-09-30,ch:1:sjyid:100046:11588-002,rail,S-Bahn,S5,S5,11588,St. Gallen,Weinfelden,7,,2026-09-30 21:40:00+00:00,2026-09-30 21:40:12+00:00,,True,0.2,2026-09-30 23:32:10.878000+02:00,2026-09-30 23:40:00+02:00,2026-09-30 23:40:12+02:00,2026-09-30,23,Wednesday,False,7.818700000000001
20260930_213208,2026-09-30 21:32:10.878000+00:00,St. Gallen,rail,ch:1:sloid:6302,St. Gallen,ch:1:sloid:6302:4:6,2026-09-30,ch:1:sjyid:100046:5246-001,rail,RegioExpress,RE1,RE1,5246,St. Gallen,Herisau,6,,2026-09-30 21:45:00+00:00,2026-09-30 21:45:12+00:00,,True,0.2,2026-09-30 23:32:10.878000+02:00,2026-09-30 23:45:00+02:00,2026-09-30 23:45:12+02:00,2026-09-30,23,Wednesday,False,12.8187
20260930_213208,2026-09-30 21:32:10.878000+00:00,St. Gallen,rail,ch:1:sloid:6302,St. Gallen,ch:1:sloid:6302:1:1,2026-09-30,ch:1:sjyid:100046:11188-001,rail,S-Bahn,S1,S1,11188,Schaffhausen,Wil SG,1,,2026-09-30 21:47:00+00:00,2026-09-30 21:47:12+00:00,,True,0.2,2026-09-30 23:32:10.878000+02:00,2026-09-30 23:47:00+02:00,2026-09-30 23:47:12+02:00,2026-09-30,23,Wednesday,False,14.8187
20260930_213208,2026-09-30 21:32:10.878000+00:00,St. Gallen,rail,ch:1:sloid:6302,St. Gallen,ch:1:sloid:6302:2:2,2026-09-30,ch:1:sjyid:100046:11189-001,rail,S-Bahn,S1,S1,11189,Wil SG,Kreuzlingen,2,,2026-09-30 21:49:00+00:00,2026-09-30 21:50:36+00:00,,True,1.6,2026-09-30 23:32:10.878000+02:00,2026-09-30 23:49:00+02:00,2026-09-30 23:50:36+02:00,2026-09-30,23,Wednesday,False,16.8187
20260930_213208,2026-09-30 21:32:10.878000+00:00,St. Gallen,rail,ch:1:sloid:6302,St. Gallen,ch:1:sloid:6302:500:12,2026-09-30,ch:1:sjyid:100007:plan:2232,rail,S-Bahn,S21,S21,2232,Appenzell,Trogen,12,,2026-09-30 22:00:00+00:00,2026-09-30 22:00:00+00:00,,True,0.0,2026-09-30 23:32:10.878000+02:00,2026-10-01 00:00:00+02:00,2026-10-01 00:00:00+02:00,2026-10-01,0,Thursday,False,27.8187
20260930_213208,2026-09-30 21:32:10.878000+00:00,St. Gallen,rail,ch:1:sloid:6302,St. Gallen,ch:1:sloid:6302:2:2,2026-09-30,ch:1:sjyid:100061:2044-001,rail,Voralpen-Express,VAE,VAE,2044,St. Gallen,Rapperswil SG,2,,2026-09-30 22:05:00+00:00,2026-09-30 22:05:12+00:00,,True,0.2,2026-09-30 23:32:10.878000+02:00,2026-10-01 00:05:00+02:00,2026-10-01 00:05:12+02:00,2026-10-01,0,Thursday,False,32.8187
20260930_213208,2026-09-30 21:32:10.878000+00:00,St. Gallen,rail,ch:1:sloid:6302,St. Gallen,ch:1:sloid:6302:4:6,2026-10-01,ch:1:sjyid:100046:11500-001,rail,S-Bahn,S5,S5,11500,St. Gallen,Weinfelden,6,,2026-09-30 22:10:00+00:00,2026-09-30 22:10:12+00:00,,True,0.2,2026-09-30 23:32:10.878000+02:00,2026-10-01 00:10:00+02:00,2026-10-01 00:10:12+02:00,2026-10-01,0,Thursday,False,37.8187
20260930_213208,2026-09-30 21:32:10.878000+00:00,St. Gallen,rail,ch:1:sloid:6302,St. Gallen,ch:1:sloid:6302:1:1,2026-09-30,ch:1:sjyid:100046:11190-001,rail,S-Bahn,S1,S1,11190,Schaffhausen,Wil SG,1,,2026-09-30 22:13:00+00:00,2026-09-30 22:13:12+00:00,,True,0.2,2026-09-30 23:32:10.878000+02:00,2026-10-01 00:13:00+02:00,2026-10-01 00:13:12+02:00,2026-10-01,0,Thursday,False,40.8187
20260930_213208,2026-09-30 21:32:10.878000+00:00,St. Gallen,rail,ch:1:sloid:6302,St. Gallen,ch:1:sloid:6302:2:3,2026-09-30,ch:1:sjyid:100046:11193-001,rail,S-Bahn,S1,S1,11193,St. Gallen,Kreuzlingen,3,,2026-09-30 22:19:00+00:00,2026-09-30 22:20:42+00:00,,True,1.7,2026-09-30 23:32:10.878000+02:00,2026-10-01 00:19:00+02:00,2026-10-01 00:20:42+02:00,2026-10-01,0,Thursday,False,46.8187
20260930_213208,2026-09-30 21:32:10.878000+00:00,St. Gallen,rail,ch:1:sloid:6302,St. Gallen,ch:1:sloid:6302:3:4,2026-10-01,ch:1:sjyid:100046:11203-001,rail,S-Bahn,S2,S2,11203,St. Gallen,Altstätten SG,4,,2026-09-30 22:26:00+00:00,2026-09-30 22:26:12+00:00,,True,0.2,2026-09-30 23:32:10.878000+02:00,2026-10-01 00:26:00+02:00,2026-10-01 00:26:12+02:00,2026-10-01,0,Thursday,False,53.8187
20260930_213208,2026-09-30 21:32:10.878000+00:00,St. Gallen,rail,ch:1:sloid:6302,St. Gallen,ch:1:sloid:6302:3:5,2026-09-30,ch:1:sjyid:100061:11492-002,rail,S-Bahn,S4,S4,11492,Sargans,Herisau,5,,2026-09-30 22:27:00+00:00,2026-09-30 22:27:12+00:00,,True,0.2,2026-09-30 23:32:10.878000+02:00,2026-10-01 00:27:00+02:00,2026-10-01 00:27:12+02:00,2026-10-01,0,Thursday,False,54.8187
20260930_213208,2026-09-30 21:32:10.878000+00:00,St. Gallen,rail,ch:1:sloid:6302,St. Gallen,ch:1:sloid:6302:1:1,2026-09-30,ch:1:sjyid:100001:3292-001,rail,InterRegio,IR13,IR13,3292,St. Gallen,Wil SG,1,,2026-09-30 22:37:00+00:00,2026-09-30 22:37:30+00:00,,True,0.5,2026-09-30 23:32:10.878000+02:00,2026-10-01 00:37:00+02:00,2026-10-01 00:37:30+02:00,2026-10-01,0,Thursday,False,64.81869999999999
20260930_213208,2026-09-30 21:32:10.878000+00:00,St. Gallen,rail,ch:1:sloid:6302,St. Gallen,ch:1:sloid:6302:3:5,2026-09-30,ch:1:sjyid:100061:2046-001,rail,Voralpen-Express,VAE,VAE,2046,St. Gallen,Herisau,5,,2026-09-30 23:05:00+00:00,2026-09-30 23:05:12+00:00,,True,0.2,2026-09-30 23:32:10.878000+02:00,2026-10-01 01:05:00+02:00,2026-10-01 01:05:12+02:00,2026-10-01,1,Thursday,False,92.8187
20260930_213208,2026-09-30 21:32:10.878000+00:00,St. Gallen,rail,ch:1:sloid:6302,St. Gallen,ch:1:sloid:6302:3:5,2026-09-30,ch:1:sjyid:100061:11496-001,rail,S-Bahn,S4,S4,11496,Sargans,Herisau,5,,2026-09-30 23:40:00+00:00,2026-09-30 23:40:12+00:00,,True,0.2,2026-09-30 23:32:10.878000+02:00,2026-10-01 01:40:00+02:00,2026-10-01 01:40:12+02:00,2026-10-01,1,Thursday,False,127.8187
20260930_213208,2026-09-30 21:32:10.878000+00:00,St. Gallen,rail,ch:1:sloid:6302,St. Gallen,ch:1:sloid:6302:2:3,2026-10-01,ch:1:sjyid:100001:3252-001,rail,InterRegio,IR13,IR13,3252,St. Gallen,Luzern,3,,2026-10-01 02:37:00+00:00,,,False,,2026-09-30 23:32:10.878000+02:00,2026-10-01 04:37:00+02:00,,2026-10-01,4,Thursday,False,304.8187
20260930_213208,2026-09-30 21:32:10.878000+00:00,St. Gallen,rail,ch:1:sloid:6302,St. Gallen,ch:1:sloid:6302:2:2,2026-10-01,ch:1:sjyid:100061:2006-001,rail,Voralpen-Express,VAE,VAE,2006,St. Gallen,Biberbrugg,2,,2026-10-01 03:05:00+00:00,,,False,,2026-09-30 23:32:10.878000+02:00,2026-10-01 05:05:00+02:00,,2026-10-01,5,Thursday,False,332.8187
20260930_213208,2026-09-30 21:32:10.878000+00:00,St. Gallen,rail,ch:1:sloid:6302,St. Gallen,ch:1:sloid:6302:1:1,2026-10-01,ch:1:sjyid:100001:706-001,rail,InterCity,IC1,IC1,706,St. Gallen,Genève-Aéroport,1,,2026-10-01 03:07:00+00:00,,,False,,2026-09-30 23:32:10.878000+02:00,2026-10-01 05:07:00+02:00,,2026-10-01,5,Thursday,False,334.8187
20260930_213208,2026-09-30 21:32:10.878000+00:00,St. Gallen,rail,ch:1:sloid:6302,St. Gallen,ch:1:sloid:6302:3:4,2026-10-01,ch:1:sjyid:100046:11215-001,rail,S-Bahn,S2,S2,11215,St. Gallen,Altstätten SG,4,,2026-10-01 03:08:00+00:00,,,False,,2026-09-30 23:32:10.878000+02:00,2026-10-01 05:08:00+02:00,,2026-10-01,5,Thursday,False,335.8187
20260930_213208,2026-09-30 21:32:10.878000+00:00,St. Gallen,rail,ch:1:sloid:6302,St. Gallen,ch:1:sloid:6302:4:7,2026-10-01,ch:1:sjyid:100046:11514-001,rail,S-Bahn,S5,S5,11514,St. Gallen,Weinfelden,7,,2026-10-01 03:10:00+00:00,,,False,,2026-09-30 23:32:10.878000+02:00,2026-10-01 05:10:00+02:00,,2026-10-01,5,Thursday,False,337.8187
20260930_213208,2026-09-30 21:32:10.878000+00:00,St. Gallen,rail,ch:1:sloid:6302,St. Gallen,ch:1:sloid:6302:4:6,2026-10-01,ch:1:sjyid:100046:11114-001,rail,S-Bahn,S1,S1,11114,St. Gallen,Wil SG,6,,2026-10-01 03:17:00+00:00,,,False,,2026-09-30 23:32:10.878000+02:00,2026-10-01 05:17:00+02:00,,2026-10-01,5,Thursday,False,344.8187
20260930_213208,2026-09-30 21:32:10.878000+00:00,St. Gallen,rail,ch:1:sloid:6302,St. Gallen,ch:1:sloid:6302:3:4,2026-10-01,ch:1:sjyid:100046:11115-001,rail,S-Bahn,S1,S1,11115,St. Gallen,Schaffhausen,4,,2026-10-01 03:19:00+00:00,,,False,,2026-09-30 23:32:10.878000+02:00,2026-10-01 05:19:00+02:00,,2026-10-01,5,Thursday,False,346.8187
20260930_213208,2026-09-30 21:32:10.878000+00:00,St. Gallen,rail,ch:1:sloid:6302,St. Gallen,ch:1:sloid:6302:500:11,2026-10-01,ch:1:sjyid:100007:plan:2049,rail,S-Bahn,S21,S21,2049,Trogen,Appenzell,11,,2026-10-01 03:21:00+00:00,,,False,,2026-09-30 23:32:10.878000+02:00,2026-10-01 05:21:00+02:00,,2026-10-01,5,Thursday,False,348.8187
20260930_213208,2026-09-30 21:32:10.878000+00:00,St. Gallen,rail,ch:1:sloid:6302,St. Gallen,ch:1:sloid:6302:2:3,2026-10-01,ch:1:sjyid:100001:3251-001,rail,InterRegio,IR13,IR13,3251,Wil SG,Sargans,3,,2026-10-01 03:25:00+00:00,,,False,,2026-09-30 23:32:10.878000+02:00,2026-10-01 05:25:00+02:00,,2026-10-01,5,Thursday,False,352.8187
20260930_213208,2026-09-30 21:32:10.878000+00:00,St. Gallen,rail,ch:1:sloid:6302,St. Gallen,ch:1:sloid:6302:3:5,2026-10-01,ch:1:sjyid:100061:11416-001,rail,S-Bahn,S4,S4,11416,St. Gallen,Rapperswil SG,5,,2026-10-01 03:27:00+00:00,,,False,,2026-09-30 23:32:10.878000+02:00,2026-10-01 05:27:00+02:00,,2026-10-01,5,Thursday,False,354.8187
20260930_213208,2026-09-30 21:32:10.878000+00:00,St. Gallen,rail,ch:1:sloid:6302,St. Gallen,ch:1:sloid:6302:2:2,2026-10-01,ch:1:sjyid:100001:3254-001,rail,InterRegio,IR13,IR13,3254,St. Gallen,Zürich HB,2,,2026-10-01 03:37:00+00:00,,,False,,2026-09-30 23:32:10.878000+02:00,2026-10-01 05:37:00+02:00,,2026-10-01,5,Thursday,False,364.8187
20260930_213208,2026-09-30 21:32:10.878000+00:00,St. Gallen,rail,ch:1:sloid:6302,St. Gallen,ch:1:sloid:6302:2:3,2026-10-01,ch:1:sjyid:100061:11415-001,rail,S-Bahn,S4,S4,11415,Wattwil,Sargans,3,,2026-10-01 03:38:00+00:00,,,False,,2026-09-30 23:32:10.878000+02:00,2026-10-01 05:38:00+02:00,,2026-10-01,5,Thursday,False,365.8187
20260930_213208,2026-09-30 21:32:10.878000+00:00,St. Gallen,rail,ch:1:sloid:6302,St. Gallen,ch:1:sloid:6302:500:12,2026-10-01,ch:1:sjyid:100007:plan:4048,rail,S-Bahn,S22,S22,4048,Appenzell,Trogen,12,,2026-10-01 03:39:00+00:00,,,False,,2026-09-30 23:32:10.878000+02:00,2026-10-01 05:39:00+02:00,,2026-10-01,5,Thursday,False,366.8187
20260930_213208,2026-09-30 21:32:10.878000+00:00,St. Gallen,rail,ch:1:sloid:6302,St. Gallen,ch:1:sloid:6302:3:4,2026-10-01,ch:1:sjyid:100046:11516-001,rail,S-Bahn,S5,S5,11516,St. Gallen,Weinfelden,4,,2026-10-01 03:40:00+00:00,,,False,,2026-09-30 23:32:10.878000+02:00,2026-10-01 05:40:00+02:00,,2026-10-01,5,Thursday,False,367.8187
20260930_213208,2026-09-30 21:32:11.312000+00:00,Lausanne,rail,ch:1:sloid:1120,Lausanne,ch:1:sloid:1120:0:276884,2026-09-30,ch:1:sjyid:100001:24884-002,rail,Regio,R8,R8,24884,Lausanne,Morges,3,,2026-09-30 21:34:00+00:00,2026-09-30 21:34:12+00:00,,True,0.2,2026-09-30 23:32:11.312000+02:00,2026-09-30 23:34:00+02:00,2026-09-30 23:34:12+02:00,2026-09-30,23,Wednesday,False,1.8114666666666668
20260930_213208,2026-09-30 21:32:11.312000+00:00,Lausanne,rail,ch:1:sloid:1120,Lausanne,ch:1:sloid:1120:0:860143,2026-09-30,ch:1:sjyid:100001:24493-002,rail,Regio,R4,R4,24493,Le Day,Cully,4,,2026-09-30 21:34:00+00:00,2026-09-30 21:34:18+00:00,,True,0.3,2026-09-30 23:32:11.312000+02:00,2026-09-30 23:34:00+02:00,2026-09-30 23:34:18+02:00,2026-09-30,23,Wednesday,False,1.8114666666666668
20260930_213208,2026-09-30 21:32:11.312000+00:00,Lausanne,rail,ch:1:sloid:1120,Lausanne,ch:1:sloid:1120:0:638488,2026-09-30,ch:1:sjyid:100001:24284-003,rail,Regio,R2,R2,24284,Villeneuve VD,Grandson,8,,2026-09-30 21:38:00+00:00,2026-09-30 21:42:36+00:00,,True,4.6,2026-09-30 23:32:11.312000+02:00,2026-09-30 23:38:00+02:00,2026-09-30 23:42:36+02:00,2026-09-30,23,Wednesday,False,5.811466666666666
20260930_213208,2026-09-30 21:32:11.312000+00:00,Lausanne,rail,ch:1:sloid:1120,Lausanne,ch:1:sloid:1120:0:37997,2026-09-30,ch:1:sjyid:100001:1841-002,rail,InterRegio,IR90,IR90,1841,Lausanne,Villeneuve VD,6,,2026-09-30 21:44:00+00:00,2026-09-30 21:44:30+00:00,,True,0.5,2026-09-30 23:32:11.312000+02:00,2026-09-30 23:44:00+02:00,2026-09-30 23:44:30+02:00,2026-09-30,23,Wednesday,False,11.811466666666666
20260930_213208,2026-09-30 21:32:11.312000+00:00,Lausanne,rail,ch:1:sloid:1120,Lausanne,ch:1:sloid:1120:0:668579,2026-09-30,ch:1:sjyid:100001:2543-001,rail,InterRegio,IR15,IR15,2543,Lausanne,Bern,1,,2026-09-30 21:44:00+00:00,2026-09-30 21:45:00+00:00,,True,1.0,2026-09-30 23:32:11.312000+02:00,2026-09-30 23:44:00+02:00,2026-09-30 23:45:00+02:00,2026-09-30,23,Wednesday,False,11.811466666666666
20260930_213208,2026-09-30 21:32:11.312000+00:00,Lausanne,rail,ch:1:sloid:1120,Lausanne,ch:1:sloid:1120:0:20298,2026-09-30,ch:1:sjyid:100001:24595-001,rail,S-Bahn,S41,S41,24595,Lausanne,Romont FR,70,,2026-09-30 21:49:00+00:00,2026-09-30 21:49:12+00:00,,True,0.2,2026-09-30 23:32:11.312000+02:00,2026-09-30 23:49:00+02:00,2026-09-30 23:49:12+02:00,2026-09-30,23,Wednesday,False,16.811466666666668
20260930_213208,2026-09-30 21:32:11.312000+00:00,Lausanne,rail,ch:1:sloid:1120,Lausanne,ch:1:sloid:1120:0:638488,2026-09-30,ch:1:sjyid:100001:1738-005,rail,InterRegio,IR95,IR95,1738,Brig,Genève,8,,2026-09-30 21:50:00+00:00,2026-09-30 21:50:48+00:00,,True,0.8,2026-09-30 23:32:11.312000+02:00,2026-09-30 23:50:00+02:00,2026-09-30 23:50:48+02:00,2026-09-30,23,Wednesday,False,17.811466666666668
20260930_213208,2026-09-30 21:32:11.312000+00:00,Lausanne,rail,ch:1:sloid:1120,Lausanne,ch:1:sloid:1120:0:840061,2026-09-30,ch:1:sjyid:100001:24195-003,rail,Regio,R1,R1,24195,Grandson,Villeneuve VD,6,7,2026-09-30 21:55:00+00:00,2026-09-30 21:55:48+00:00,,True,0.8,2026-09-30 23:32:11.312000+02:00,2026-09-30 23:55:00+02:00,2026-09-30 23:55:48+02:00,2026-09-30,23,Wednesday,False,22.811466666666668
20260930_213208,2026-09-30 21:32:11.312000+00:00,Lausanne,rail,ch:1:sloid:1120,Lausanne,ch:1:sloid:1120:0:668579,2026-09-30,ch:1:sjyid:100001:24995-005,rail,Regio,R9,R9,24995,Allaman,Payerne,1,,2026-09-30 21:57:00+00:00,2026-09-30 21:58:00+00:00,,True,1.0,2026-09-30 23:32:11.312000+02:00,2026-09-30 23:57:00+02:00,2026-09-30 23:58:00+02:00,2026-09-30,23,Wednesday,False,24.811466666666668
20260930_213208,2026-09-30 21:32:11.312000+00:00,Lausanne,rail,ch:1:sloid:1120,Lausanne,ch:1:sloid:1120:0:638488,2026-09-30,ch:1:sjyid:100001:24386-001,rail,Regio,R3,R3,24386,Vevey,Vallorbe,8,,2026-09-30 21:57:00+00:00,2026-09-30 21:57:36+00:00,,True,0.6,2026-09-30 23:32:11.312000+02:00,2026-09-30 23:57:00+02:00,2026-09-30 23:57:36+02:00,2026-09-30,23,Wednesday,False,24.811466666666668
20260930_213208,2026-09-30 21:32:11.312000+00:00,Lausanne,rail,ch:1:sloid:1120,Lausanne,ch:1:sloid:1120:0:37997,2026-09-30,ch:1:sjyid:100001:18442-005,rail,RegioExpress,RE33,RE33,18442,Lausanne,Genève,7,6,2026-09-30 22:00:00+00:00,2026-09-30 22:00:24+00:00,,True,0.4,2026-09-30 23:32:11.312000+02:00,2026-10-01 00:00:00+02:00,2026-10-01 00:00:24+02:00,2026-10-01,0,Thursday,False,27.811466666666668
20260930_213208,2026-09-30 21:32:11.312000+00:00,Lausanne,rail,ch:1:sloid:1120,Lausanne,ch:1:sloid:1120:0:638488,2026-09-30,ch:1:sjyid:100001:24986-005,rail,Regio,R9,R9,24986,Murten/Morat,Allaman,8,,2026-09-30 22:04:00+00:00,2026-09-30 22:04:12+00:00,,True,0.2,2026-09-30 23:32:11.312000+02:00,2026-10-01 00:04:00+02:00,2026-10-01 00:04:12+02:00,2026-10-01,0,Thursday,False,31.811466666666668
20260930_213208,2026-09-30 21:32:11.312000+00:00,Lausanne,rail,ch:1:sloid:1120,Lausanne,ch:1:sloid:1120:0:276884,2026-09-30,ch:1:sjyid:100001:1645-001,rail,InterCity,IC51,IC51,1645,Lausanne,Biel/Bienne,3,,2026-09-30 22:04:00+00:00,2026-09-30 22:04:30+00:00,,True,0.5,2026-09-30 23:32:11.312000+02:00,2026-10-01 00:04:00+02:00,2026-10-01 00:04:30+02:00,2026-10-01,0,Thursday,False,31.811466666666668
20260930_213208,2026-09-30 21:32:11.312000+00:00,Lausanne,rail,ch:1:sloid:1120,Lausanne,ch:1:sloid:1120:0:840061,2026-09-30,ch:1:sjyid:100001:24395-002,rail,Regio,R3,R3,24395,Vallorbe,Cully,6,,2026-09-30 22:04:00+00:00,2026-09-30 22:04:18+00:00,,True,0.3,2026-09-30 23:32:11.312000+02:00,2026-10-01 00:04:00+02:00,2026-10-01 00:04:18+02:00,2026-10-01,0,Thursday,False,31.811466666666668
20260930_213208,2026-09-30 21:32:11.312000+00:00,Lausanne,rail,ch:1:sloid:1120,Lausanne,ch:1:sloid:1120:0:37997,2026-09-30,ch:1:sjyid:100001:24186-003,rail,Regio,R1,R1,24186,St-Maurice,Grandson,7,,2026-09-30 22:08:00+00:00,2026-09-30 22:08:24+00:00,,True,0.4,2026-09-30 23:32:11.312000+02:00,2026-10-01 00:08:00+02:00,2026-10-01 00:08:24+02:00,2026-10-01,0,Thursday,False,35.81146666666667
20260930_213208,2026-09-30 21:32:11.312000+00:00,Lausanne,rail,ch:1:sloid:1120,Lausanne,ch:1:sloid:1120:0:860143,2026-09-30,ch:1:sjyid:100001:1743-005,rail,InterRegio,IR95,IR95,1743,Genève-Aéroport,Villeneuve VD,4,,2026-09-30 22:14:00+00:00,2026-09-30 22:14:30+00:00,,True,0.5,2026-09-30 23:32:11.312000+02:00,2026-10-01 00:14:00+02:00,2026-10-01 00:14:30+02:00,2026-10-01,0,Thursday,False,41.81146666666667
20260930_213208,2026-09-30 21:32:11.312000+00:00,Lausanne,rail,ch:1:sloid:1120,Lausanne,ch:1:sloid:1120:0:668579,2026-09-30,ch:1:sjyid:100001:24697-001,rail,S-Bahn,S40,S40,24697,Lausanne,Romont FR,1,,2026-09-30 22:21:00+00:00,2026-09-30 22:21:12+00:00,,True,0.2,2026-09-30 23:32:11.312000+02:00,2026-10-01 00:21:00+02:00,2026-10-01 00:21:12+02:00,2026-10-01,0,Thursday,False,48.81146666666667
20260930_213208,2026-09-30 21:32:11.312000+00:00,Lausanne,rail,ch:1:sloid:1120,Lausanne,ch:1:sloid:1120:0:860143,2026-09-30,ch:1:sjyid:100001:24297-003,rail,Regio,R2,R2,24297,Grandson,Villeneuve VD,4,,2026-09-30 22:24:00+00:00,2026-09-30 22:24:18+00:00,,True,0.3,2026-09-30 23:32:11.312000+02:00,2026-10-01 00:24:00+02:00,2026-10-01 00:24:18+02:00,2026-10-01,0,Thursday,False,51.81146666666667
20260930_213208,2026-09-30 21:32:11.312000+00:00,Lausanne,rail,ch:1:sloid:1120,Lausanne,ch:1:sloid:1120:0:840061,2026-09-30,ch:1:sjyid:100001:24488-002,rail,Regio,R4,R4,24488,Cully,Vallorbe,7,,2026-09-30 22:27:00+00:00,2026-09-30 22:27:12+00:00,,True,0.2,2026-09-30 23:32:11.312000+02:00,2026-10-01 00:27:00+02:00,2026-10-01 00:27:12+02:00,2026-10-01,0,Thursday,False,54.81146666666667
20260930_213208,2026-09-30 21:32:11.312000+00:00,Lausanne,rail,ch:1:sloid:1120,Lausanne,ch:1:sloid:1120:0:638488,2026-09-30,ch:1:sjyid:100001:18488-004,rail,RegioExpress,RE33,RE33,18488,Lausanne,Genève,8,,2026-09-30 22:30:00+00:00,2026-09-30 22:30:12+00:00,,True,0.2,2026-09-30 23:32:11.312000+02:00,2026-10-01 00:30:00+02:00,2026-10-01 00:30:12+02:00,2026-10-01,0,Thursday,False,57.81146666666667
20260930_213208,2026-09-30 21:32:11.312000+00:00,Lausanne,rail,ch:1:sloid:1120,Lausanne,ch:1:sloid:1120:0:668579,2026-09-30,ch:1:sjyid:100001:24888-004,rail,Regio,R8,R8,24888,Lausanne,Allaman,1,,2026-09-30 22:34:00+00:00,2026-09-30 22:34:12+00:00,,True,0.2,2026-09-30 23:32:11.312000+02:00,2026-10-01 00:34:00+02:00,2026-10-01 00:34:12+02:00,2026-10-01,0,Thursday,False,61.81146666666667
20260930_213208,2026-09-30 21:32:11.312000+00:00,Lausanne,rail,ch:1:sloid:1120,Lausanne,ch:1:sloid:1120:0:638488,2026-10-01,ch:1:sjyid:100001:18402-002,rail,RegioExpress,RE33,RE33,18402,Lausanne,Genève-Aéroport,8,,2026-10-01 01:45:00+00:00,,,False,,2026-09-30 23:32:11.312000+02:00,2026-10-01 03:45:00+02:00,,2026-10-01,3,Thursday,False,252.81146666666666
20260930_213208,2026-09-30 21:32:11.312000+00:00,Lausanne,rail,ch:1:sloid:1120,Lausanne,ch:1:sloid:1120:0:840061,2026-10-01,ch:1:sjyid:100001:24200-001,rail,Regio,R2,R2,24200,Lausanne,Grandson,7,,2026-10-01 02:38:00+00:00,,,False,,2026-09-30 23:32:11.312000+02:00,2026-10-01 04:38:00+02:00,,2026-10-01,4,Thursday,False,305.81146666666666
20260930_213208,2026-09-30 21:32:11.312000+00:00,Lausanne,rail,ch:1:sloid:1120,Lausanne,ch:1:sloid:1120:0:638488,2026-10-01,ch:1:sjyid:100001:18404-003,rail,RegioExpress,RE33,RE33,18404,Lausanne,Genève-Aéroport,8,,2026-10-01 02:45:00+00:00,,,False,,2026-09-30 23:32:11.312000+02:00,2026-10-01 04:45:00+02:00,,2026-10-01,4,Thursday,False,312.81146666666666
20260930_213208,2026-09-30 21:32:11.312000+00:00,Lausanne,rail,ch:1:sloid:1120,Lausanne,ch:1:sloid:1120:0:276884,2026-10-01,ch:1:sjyid:100001:24509-001,rail,S-Bahn,S41,S41,24509,Lausanne,Fribourg/Freiburg,3,,2026-10-01 02:49:00+00:00,,,False,,2026-09-30 23:32:11.312000+02:00,2026-10-01 04:49:00+02:00,,2026-10-01,4,Thursday,False,316.81146666666666
20260930_213208,2026-09-30 21:32:11.312000+00:00,Lausanne,rail,ch:1:sloid:1120,Lausanne,ch:1:sloid:1120:0:42631,2026-10-01,ch:1:sjyid:100001:24109-001,rail,Regio,R1,R1,24109,Lausanne,Bex,5,,2026-10-01 02:55:00+00:00,,,False,,2026-09-30 23:32:11.312000+02:00,2026-10-01 04:55:00+02:00,,2026-10-01,4,Thursday,False,322.81146666666666
20260930_213208,2026-09-30 21:32:11.312000+00:00,Lausanne,rail,ch:1:sloid:1120,Lausanne,ch:1:sloid:1120:0:668579,2026-10-01,ch:1:sjyid:100001:24902-001,rail,Regio,R9,R9,24902,Lausanne,Allaman,1,,2026-10-01 02:57:00+00:00,,,False,,2026-09-30 23:32:11.312000+02:00,2026-10-01 04:57:00+02:00,,2026-10-01,4,Thursday,False,324.81146666666666
20260930_213208,2026-09-30 21:32:11.312000+00:00,Lausanne,rail,ch:1:sloid:1120,Lausanne,ch:1:sloid:1120:0:20298,2026-10-01,ch:1:sjyid:100001:24909-001,rail,Regio,R9,R9,24909,Lausanne,Murten/Morat,70,,2026-10-01 02:57:00+00:00,,,False,,2026-09-30 23:32:11.312000+02:00,2026-10-01 04:57:00+02:00,,2026-10-01,4,Thursday,False,324.81146666666666
20260930_213208,2026-09-30 21:32:11.312000+00:00,Lausanne,rail,ch:1:sloid:1120,Lausanne,ch:1:sloid:1120:0:840061,2026-10-01,ch:1:sjyid:100001:24302-001,rail,Regio,R3,R3,24302,Lausanne,Vallorbe,7,,2026-10-01 02:57:00+00:00,,,False,,2026-09-30 23:32:11.312000+02:00,2026-10-01 04:57:00+02:00,,2026-10-01,4,Thursday,False,324.81146666666666
20260930_213208,2026-09-30 21:32:11.312000+00:00,Lausanne,rail,ch:1:sloid:1120,Lausanne,ch:1:sloid:1120:0:276884,2026-10-01,ch:1:sjyid:100001:1705-002,rail,InterRegio,IR95,IR95,1705,Lausanne,Brig,3,,2026-10-01 03:04:00+00:00,,,False,,2026-09-30 23:32:11.312000+02:00,2026-10-01 05:04:00+02:00,,2026-10-01,5,Thursday,False,331.81146666666666
20260930_213208,2026-09-30 21:32:11.747000+00:00,Genève,rail,ch:1:sloid:1008,Genève,ch:1:sloid:1008:2:3,2026-09-30,ch:1:sjyid:100001:18484-006,rail,RegioExpress,RE33,RE33,18484,Lausanne,Genève-Aéroport,3,,2026-09-30 21:32:00+00:00,2026-09-30 21:32:42+00:00,,True,0.7,2026-09-30 23:32:11.747000+02:00,2026-09-30 23:32:00+02:00,2026-09-30 23:32:42+02:00,2026-09-30,23,Wednesday,False,-0.19578333333333334
20260930_213208,2026-09-30 21:32:11.747000+00:00,Genève,rail,ch:1:sloid:1008,Genève,ch:1:sloid:1008:2:2,2026-09-30,ch:1:sjyid:100001:1736-004,rail,InterRegio,IR95,IR95,1736,Brig,Genève-Aéroport,2,,2026-09-30 21:37:00+00:00,2026-09-30 21:38:24+00:00,,True,1.4,2026-09-30 23:32:11.747000+02:00,2026-09-30 23:37:00+02:00,2026-09-30 23:38:24+02:00,2026-09-30,23,Wednesday,False,4.804216666666666
20260930_213208,2026-09-30 21:32:11.747000+00:00,Genève,rail,ch:1:sloid:1008,Genève,ch:1:sloid:1008:2:3,2026-09-30,ch:1:sjyid:100001:18493-005,rail,RegioExpress,RE33,RE33,18493,Genève-Aéroport,Lausanne,3,,2026-09-30 21:41:00+00:00,2026-09-30 21:41:12+00:00,,True,0.2,2026-09-30 23:32:11.747000+02:00,2026-09-30 23:41:00+02:00,2026-09-30 23:41:12+02:00,2026-09-30,23,Wednesday,False,8.804216666666667
20260930_213208,2026-09-30 21:32:11.747000+00:00,Genève,rail,ch:1:sloid:1008,Genève,ch:1:sloid:1008:1:1,2026-09-30,ch:1:sjyid:100001:23288-003,rail,Regio,RL4,RL4,23288,Genève,Annemasse,1,,2026-09-30 21:48:00+00:00,2026-09-30 21:48:18+00:00,,True,0.3,2026-09-30 23:32:11.747000+02:00,2026-09-30 23:48:00+02:00,2026-09-30 23:48:18+02:00,2026-09-30,23,Wednesday,False,15.804216666666667
20260930_213208,2026-09-30 21:32:11.747000+00:00,Genève,rail,ch:1:sloid:1008,Genève,ch:1:sloid:1008:1:1,2026-09-30,ch:1:sjyid:100001:23290-009,rail,Regio,RL4,RL4,23290,Genève,Annemasse,1,,2026-09-30 21:57:00+00:00,2026-09-30 21:57:30+00:00,,True,0.5,2026-09-30 23:32:11.747000+02:00,2026-09-30 23:57:00+02:00,2026-09-30 23:57:30+02:00,2026-09-30,23,Wednesday,False,24.804216666666665
20260930_213208,2026-09-30 21:32:11.747000+00:00,Genève,rail,ch:1:sloid:1008,Genève,ch:1:sloid:1008:3:4,2026-09-30,ch:1:sjyid:100001:23090-002,rail,Regio,RL5,RL5,23090,Genève,Satigny,4,,2026-09-30 22:18:00+00:00,2026-09-30 22:18:12+00:00,,True,0.2,2026-09-30 23:32:11.747000+02:00,2026-10-01 00:18:00+02:00,2026-10-01 00:18:12+02:00,2026-10-01,0,Thursday,False,45.80421666666667
20260930_213208,2026-09-30 21:32:11.747000+00:00,Genève,rail,ch:1:sloid:1008,Genève,ch:1:sloid:1008:1:1,2026-09-30,ch:1:sjyid:100001:23192-003,rail,Regio,RL4,RL4,23192,Genève,Annemasse,1,,2026-09-30 22:27:00+00:00,2026-09-30 22:27:30+00:00,,True,0.5,2026-09-30 23:32:11.747000+02:00,2026-10-01 00:27:00+02:00,2026-10-01 00:27:30+02:00,2026-10-01,0,Thursday,False,54.80421666666667
20260930_213208,2026-09-30 21:32:11.747000+00:00,Genève,rail,ch:1:sloid:1008,Genève,ch:1:sloid:1008:2:2,2026-09-30,ch:1:sjyid:100001:18486-006,rail,RegioExpress,RE33,RE33,18486,Lausanne,Genève-Aéroport,2,,2026-09-30 22:32:00+00:00,2026-09-30 22:33:24+00:00,,True,1.4,2026-09-30 23:32:11.747000+02:00,2026-10-01 00:32:00+02:00,2026-10-01 00:33:24+02:00,2026-10-01,0,Thursday,False,59.80421666666667
20260930_213208,2026-09-30 21:32:11.747000+00:00,Genève,rail,ch:1:sloid:1008,Genève,ch:1:sloid:1008:2:3,2026-09-30,ch:1:sjyid:100001:18441-007,rail,RegioExpress,RE33,RE33,18441,Genève-Aéroport,Lausanne,3,,2026-09-30 22:38:00+00:00,2026-09-30 22:38:12+00:00,,True,0.2,2026-09-30 23:32:11.747000+02:00,2026-10-01 00:38:00+02:00,2026-10-01 00:38:12+02:00,2026-10-01,0,Thursday,False,65.80421666666668
20260930_213208,2026-09-30 21:32:11.747000+00:00,Genève,rail,ch:1:sloid:1008,Genève,ch:1:sloid:1008:2:3,2026-09-30,ch:1:sjyid:100001:23194-003,rail,Regio,RL4,RL4,23194,Genève,Annemasse,3,,2026-09-30 22:57:00+00:00,2026-09-30 22:57:30+00:00,,True,0.5,2026-09-30 23:32:11.747000+02:00,2026-10-01 00:57:00+02:00,2026-10-01 00:57:30+02:00,2026-10-01,0,Thursday,False,84.80421666666666
20260930_213208,2026-09-30 21:32:11.747000+00:00,Genève,rail,ch:1:sloid:1008,Genève,ch:1:sloid:1008:2:3,2026-09-30,ch:1:sjyid:100001:23092-003,rail,Regio,RL5,RL5,23092,Genève,Satigny,3,,2026-09-30 23:18:00+00:00,2026-09-30 23:18:48+00:00,,True,0.8,2026-09-30 23:32:11.747000+02:00,2026-10-01 01:18:00+02:00,2026-10-01 01:18:48+02:00,2026-10-01,1,Thursday,False,105.80421666666666
20260930_213208,2026-09-30 21:32:11.747000+00:00,Genève,rail,ch:1:sloid:1008,Genève,ch:1:sloid:1008:2:2,2026-10-01,ch:1:sjyid:100001:23102-001,rail,Regio,RL4,RL4,23102,Genève,Annemasse,2,,2026-10-01 00:01:00+00:00,2026-10-01 00:01:00+00:00,,True,0.0,2026-09-30 23:32:11.747000+02:00,2026-10-01 02:01:00+02:00,2026-10-01 02:01:00+02:00,2026-10-01,2,Thursday,False,148.8042166666667
20260930_213208,2026-09-30 21:32:11.747000+00:00,Genève,rail,ch:1:sloid:1008,Genève,ch:1:sloid:1008:3:4,2026-09-30,ch:1:sjyid:100001:23096-002,rail,Regio,RL5,RL5,23096,Genève,Satigny,4,,2026-10-01 00:18:00+00:00,,,False,,2026-09-30 23:32:11.747000+02:00,2026-10-01 02:18:00+02:00,,2026-10-01,2,Thursday,False,165.8042166666667
20260930_213208,2026-09-30 21:32:11.747000+00:00,Genève,rail,ch:1:sloid:1008,Genève,ch:1:sloid:1008:2:2,2026-10-01,ch:1:sjyid:100001:23106-001,rail,Regio,RL4,RL4,23106,Genève,Annemasse,2,,2026-10-01 01:01:00+00:00,,,False,,2026-09-30 23:32:11.747000+02:00,2026-10-01 03:01:00+02:00,,2026-10-01,3,Thursday,False,208.8042166666667
20260930_213208,2026-09-30 21:32:11.747000+00:00,Genève,rail,ch:1:sloid:1008,Genève,ch:1:sloid:1008:3:4,2026-10-01,ch:1:sjyid:100001:23000-002,rail,Regio,RL5,RL5,23000,Genève,Satigny,4,,2026-10-01 01:18:00+00:00,,,False,,2026-09-30 23:32:11.747000+02:00,2026-10-01 03:18:00+02:00,,2026-10-01,3,Thursday,False,225.8042166666667
20260930_213208,2026-09-30 21:32:11.747000+00:00,Genève,rail,ch:1:sloid:1008,Genève,ch:1:sloid:1008:2:2,2026-10-01,ch:1:sjyid:100001:23110-001,rail,Regio,RL4,RL4,23110,Genève,Annemasse,2,,2026-10-01 02:01:00+00:00,,,False,,2026-09-30 23:32:11.747000+02:00,2026-10-01 04:01:00+02:00,,2026-10-01,4,Thursday,False,268.80421666666666
20260930_213208,2026-09-30 21:32:11.747000+00:00,Genève,rail,ch:1:sloid:1008,Genève,ch:1:sloid:1008:2:3,2026-10-01,ch:1:sjyid:100001:18401-004,rail,RegioExpress,RE33,RE33,18401,Genève,Lausanne,3,,2026-10-01 02:08:00+00:00,,,False,,2026-09-30 23:32:11.747000+02:00,2026-10-01 04:08:00+02:00,,2026-10-01,4,Thursday,False,275.80421666666666
20260930_213208,2026-09-30 21:32:11.747000+00:00,Genève,rail,ch:1:sloid:1008,Genève,ch:1:sloid:1008:3:4,2026-10-01,ch:1:sjyid:100001:23008-002,rail,Regio,RL5,RL5,23008,Genève,Satigny,4,,2026-10-01 02:12:00+00:00,,,False,,2026-09-30 23:32:11.747000+02:00,2026-10-01 04:12:00+02:00,,2026-10-01,4,Thursday,False,279.80421666666666
20260930_213208,2026-09-30 21:32:11.747000+00:00,Genève,rail,ch:1:sloid:1008,Genève,ch:1:sloid:1008:2:2,2026-10-01,ch:1:sjyid:100001:18402-002,rail,RegioExpress,RE33,RE33,18402,Lausanne,Genève-Aéroport,2,,2026-10-01 02:46:00+00:00,,,False,,2026-09-30 23:32:11.747000+02:00,2026-10-01 04:46:00+02:00,,2026-10-01,4,Thursday,False,313.80421666666666
20260930_213208,2026-09-30 21:32:11.747000+00:00,Genève,rail,ch:1:sloid:1008,Genève,ch:1:sloid:1008:2:3,2026-10-01,ch:1:sjyid:100001:1805-003,rail,InterRegio,IR90,IR90,1805,Genève,Brig,3,,2026-10-01 02:46:00+00:00,,,False,,2026-09-30 23:32:11.747000+02:00,2026-10-01 04:46:00+02:00,,2026-10-01,4,Thursday,False,313.80421666666666
20260930_213208,2026-09-30 21:32:11.747000+00:00,Genève,rail,ch:1:sloid:1008,Genève,ch:1:sloid:1008:4:7,2026-10-01,ch:1:sjyid:100001:96714-002,rail,Regio,RL6,RL6,96714,Genève,Bellegarde-sur-Valserine,6,,2026-10-01 03:00:00+00:00,,,False,,2026-09-30 23:32:11.747000+02:00,2026-10-01 05:00:00+02:00,,2026-10-01,5,Thursday,False,327.80421666666666
20260930_213208,2026-09-30 21:32:11.747000+00:00,Genève,rail,ch:1:sloid:1008,Genève,ch:1:sloid:1008:1:1,2026-10-01,ch:1:sjyid:100001:23113-001,rail,Regio,RL4,RL4,23113,Annemasse,Coppet,1,,2026-10-01 03:00:00+00:00,,,False,,2026-09-30 23:32:11.747000+02:00,2026-10-01 05:00:00+02:00,,2026-10-01,5,Thursday,False,327.80421666666666
20260930_213208,2026-09-30 21:32:11.747000+00:00,Genève,rail,ch:1:sloid:1008,Genève,ch:1:sloid:1008:3:4,2026-10-01,ch:1:sjyid:100001:18403-003,rail,RegioExpress,RE33,RE33,18403,Genève-Aéroport,St-Maurice,4,,2026-10-01 03:06:00+00:00,,,False,,2026-09-30 23:32:11.747000+02:00,2026-10-01 05:06:00+02:00,,2026-10-01,5,Thursday,False,333.80421666666666
20260930_213208,2026-09-30 21:32:11.747000+00:00,Genève,rail,ch:1:sloid:1008,Genève,ch:1:sloid:1008:4:8,2026-10-01,ch:1:sjyid:100001:96550-002,rail,Train Express Regional,TER,TER,96550,Genève,Lyon Part Dieu,7,,2026-10-01 03:14:00+00:00,,,False,,2026-09-30 23:32:11.747000+02:00,2026-10-01 05:14:00+02:00,,2026-10-01,5,Thursday,False,341.80421666666666
20260930_213208,2026-09-30 21:32:11.747000+00:00,Genève,rail,ch:1:sloid:1008,Genève,ch:1:sloid:1008:1:1,2026-10-01,ch:1:sjyid:100001:1900-001,rail,InterRegio,IR,IR,1900,Genève,Genève-Aéroport,1,,2026-10-01 03:16:00+00:00,,,False,,2026-09-30 23:32:11.747000+02:00,2026-10-01 05:16:00+02:00,,2026-10-01,5,Thursday,False,343.80421666666666
20260930_213208,2026-09-30 21:32:11.747000+00:00,Genève,rail,ch:1:sloid:1008,Genève,ch:1:sloid:1008:3:5,2026-10-01,ch:1:sjyid:100001:23014-002,rail,Regio,RL5,RL5,23014,Genève,La Plaine,10,,2026-10-01 03:18:00+00:00,,,False,,2026-09-30 23:32:11.747000+02:00,2026-10-01 05:18:00+02:00,,2026-10-01,5,Thursday,False,345.80421666666666
20260930_213208,2026-09-30 21:32:11.747000+00:00,Genève,rail,ch:1:sloid:1008,Genève,ch:1:sloid:1008:3:4,2026-10-01,ch:1:sjyid:100001:1707-002,rail,InterRegio,IR95,IR95,1707,Genève-Aéroport,Brig,4,,2026-10-01 03:23:00+00:00,,,False,,2026-09-30 23:32:11.747000+02:00,2026-10-01 05:23:00+02:00,,2026-10-01,5,Thursday,False,350.80421666666666
20260930_213208,2026-09-30 21:32:11.747000+00:00,Genève,rail,ch:1:sloid:1008,Genève,ch:1:sloid:1008:2:2,2026-10-01,ch:1:sjyid:100001:18448-001,rail,RegioExpress,RE33,RE33,18448,Genève,Annemasse,2,,2026-10-01 03:23:00+00:00,,,False,,2026-09-30 23:32:11.747000+02:00,2026-10-01 05:23:00+02:00,,2026-10-01,5,Thursday,False,350.80421666666666
20260930_213208,2026-09-30 21:32:11.747000+00:00,Genève,rail,ch:1:sloid:1008,Genève,ch:1:sloid:1008:3:6,2026-10-01,ch:1:sjyid:100001:41-001,rail,EuroCity,EC,EC,41,Genève,Domodossola (I),5,,2026-10-01 03:27:00+00:00,,,False,,2026-09-30 23:32:11.747000+02:00,2026-10-01 05:27:00+02:00,,2026-10-01,5,Thursday,False,354.80421666666666
20260930_213208,2026-09-30 21:32:11.747000+00:00,Genève,rail,ch:1:sloid:1008,Genève,ch:1:sloid:1008:1:1,2026-10-01,ch:1:sjyid:100001:23115-001,rail,Regio,RL4,RL4,23115,Annemasse,Coppet,1,,2026-10-01 03:30:00+00:00,,,False,,2026-09-30 23:32:11.747000+02:00,2026-10-01 05:30:00+02:00,,2026-10-01,5,Thursday,False,357.80421666666666
20260930_213208,2026-09-30 21:32:12.220000+00:00,Lugano,rail,ch:1:sloid:5300,Lugano,ch:1:sloid:5300:3:4,2026-09-30,ch:1:sjyid:100001:25838-002,rail,RegioExpress,RE80,RE80,25838,Lugano,Cadenazzo,4,,2026-09-30 21:35:00+00:00,2026-09-30 21:35:48+00:00,,True,0.8,2026-09-30 23:32:12.220000+02:00,2026-09-30 23:35:00+02:00,2026-09-30 23:35:48+02:00,2026-09-30,23,Wednesday,False,2.7963333333333336
20260930_213208,2026-09-30 21:32:12.220000+00:00,Lugano,rail,ch:1:sloid:5300,Lugano,ch:1:sloid:5300:2:2,2026-09-30,ch:1:sjyid:100001:25143-001,rail,S-Bahn,S10,S10,25143,Biasca,Chiasso,2,,2026-09-30 21:36:00+00:00,2026-09-30 21:36:12+00:00,,True,0.2,2026-09-30 23:32:12.220000+02:00,2026-09-30 23:36:00+02:00,2026-09-30 23:36:12+02:00,2026-09-30,23,Wednesday,False,3.7963333333333336
20260930_213208,2026-09-30 21:32:12.220000+00:00,Lugano,rail,ch:1:sloid:5300,Lugano,ch:1:sloid:5300:1:1,2026-09-30,ch:1:sjyid:100001:25990-001,rail,S-Bahn,S90,S90,25990,Lugano,Bellinzona,1,,2026-09-30 21:38:00+00:00,2026-09-30 21:38:12+00:00,,True,0.2,2026-09-30 23:32:12.220000+02:00,2026-09-30 23:38:00+02:00,2026-09-30 23:38:12+02:00,2026-09-30,23,Wednesday,False,5.796333333333333
20260930_213208,2026-09-30 21:32:12.220000+00:00,Lugano,rail,ch:1:sloid:5300,Lugano,ch:1:sloid:5300:2:3,2026-09-30,ch:1:sjyid:100001:25790-001,rail,S-Bahn,S10,S10,25790,Mendrisio,Bellinzona,3,,2026-09-30 21:55:00+00:00,2026-09-30 21:55:24+00:00,,True,0.4,2026-09-30 23:32:12.220000+02:00,2026-09-30 23:55:00+02:00,2026-09-30 23:55:24+02:00,2026-09-30,23,Wednesday,False,22.796333333333333
20260930_213208,2026-09-30 21:32:12.220000+00:00,Lugano,rail,ch:1:sloid:5300,Lugano,ch:1:sloid:5300:2:2,2026-09-30,ch:1:sjyid:100001:25543-002,rail,RegioExpress,RE80,RE80,25543,Cadenazzo,Chiasso,2,,2026-09-30 21:55:00+00:00,2026-09-30 21:55:18+00:00,,True,0.3,2026-09-30 23:32:12.220000+02:00,2026-09-30 23:55:00+02:00,2026-09-30 23:55:18+02:00,2026-09-30,23,Wednesday,False,22.796333333333333
20260930_213208,2026-09-30 21:32:12.220000+00:00,Lugano,rail,ch:1:sloid:5300,Lugano,ch:1:sloid:5300:2:2,2026-09-30,ch:1:sjyid:100001:691-002,rail,InterCity,IC21,IC21,691,Basel SBB,Chiasso,2,,2026-09-30 22:00:00+00:00,2026-09-30 22:00:36+00:00,,True,0.6,2026-09-30 23:32:12.220000+02:00,2026-10-01 00:00:00+02:00,2026-10-01 00:00:36+02:00,2026-10-01,0,Thursday,False,27.796333333333333
20260930_213208,2026-09-30 21:32:12.220000+00:00,Lugano,rail,ch:1:sloid:5300,Lugano,ch:1:sloid:5300:3:4,2026-09-30,ch:1:sjyid:100001:25538-002,rail,RegioExpress,RE80,RE80,25538,Milano Centrale,Cadenazzo,4,,2026-09-30 22:05:00+00:00,2026-09-30 22:05:12+00:00,,True,0.2,2026-09-30 23:32:12.220000+02:00,2026-10-01 00:05:00+02:00,2026-10-01 00:05:12+02:00,2026-10-01,0,Thursday,False,32.79633333333333
20260930_213208,2026-09-30 21:32:12.220000+00:00,Lugano,rail,ch:1:sloid:5300,Lugano,ch:1:sloid:5300:2:2,2026-09-30,ch:1:sjyid:100001:25145-001,rail,S-Bahn,S10,S10,25145,Biasca,Chiasso,2,,2026-09-30 22:06:00+00:00,2026-09-30 22:06:12+00:00,,True,0.2,2026-09-30 23:32:12.220000+02:00,2026-10-01 00:06:00+02:00,2026-10-01 00:06:12+02:00,2026-10-01,0,Thursday,False,33.79633333333333
20260930_213208,2026-09-30 21:32:12.220000+00:00,Lugano,rail,ch:1:sloid:5300,Lugano,ch:1:sloid:5300:2:3,2026-09-30,ch:1:sjyid:100001:25144-001,rail,S-Bahn,S10,S10,25144,Chiasso,Bellinzona,3,,2026-09-30 22:25:00+00:00,2026-09-30 22:25:18+00:00,,True,0.3,2026-09-30 23:32:12.220000+02:00,2026-10-01 00:25:00+02:00,2026-10-01 00:25:18+02:00,2026-10-01,0,Thursday,False,52.79633333333334
20260930_213208,2026-09-30 21:32:12.220000+00:00,Lugano,rail,ch:1:sloid:5300,Lugano,ch:1:sloid:5300:2:2,2026-09-30,ch:1:sjyid:100001:25147-001,rail,S-Bahn,S10,S10,25147,Biasca,Chiasso,2,,2026-09-30 22:38:00+00:00,2026-09-30 22:39:00+00:00,,True,1.0,2026-09-30 23:32:12.220000+02:00,2026-10-01 00:38:00+02:00,2026-10-01 00:39:00+02:00,2026-10-01,0,Thursday,False,65.79633333333334
20260930_213208,2026-09-30 21:32:12.220000+00:00,Lugano,rail,ch:1:sloid:5300,Lugano,ch:1:sloid:5300:2:3,2026-10-01,ch:1:sjyid:100001:25792-001,rail,S-Bahn,S10,S10,25792,Mendrisio,Bellinzona,3,,2026-09-30 22:55:00+00:00,2026-09-30 22:55:24+00:00,,True,0.4,2026-09-30 23:32:12.220000+02:00,2026-10-01 00:55:00+02:00,2026-10-01 00:55:24+02:00,2026-10-01,0,Thursday,False,82.79633333333332
20260930_213208,2026-09-30 21:32:12.220000+00:00,Lugano,rail,ch:1:sloid:5300,Lugano,ch:1:sloid:5300:2:2,2026-09-30,ch:1:sjyid:100001:25545-002,rail,RegioExpress,RE80,RE80,25545,Cadenazzo,Chiasso,2,,2026-09-30 22:55:00+00:00,2026-09-30 22:55:18+00:00,,True,0.3,2026-09-30 23:32:12.220000+02:00,2026-10-01 00:55:00+02:00,2026-10-01 00:55:18+02:00,2026-10-01,0,Thursday,False,82.79633333333332
20260930_213208,2026-09-30 21:32:12.220000+00:00,Lugano,rail,ch:1:sloid:5300,Lugano,ch:1:sloid:5300:3:4,2026-09-30,ch:1:sjyid:100001:25542-002,rail,RegioExpress,RE80,RE80,25542,Lugano,Cadenazzo,4,,2026-09-30 23:05:00+00:00,2026-09-30 23:05:30+00:00,,True,0.5,2026-09-30 23:32:12.220000+02:00,2026-10-01 01:05:00+02:00,2026-10-01 01:05:30+02:00,2026-10-01,1,Thursday,False,92.79633333333332
20260930_213208,2026-09-30 21:32:12.220000+00:00,Lugano,rail,ch:1:sloid:5300,Lugano,ch:1:sloid:5300:2:2,2026-09-30,ch:1:sjyid:100001:25149-001,rail,S-Bahn,S10,S10,25149,Biasca,Chiasso,2,,2026-09-30 23:26:00+00:00,2026-09-30 23:26:12+00:00,,True,0.2,2026-09-30 23:32:12.220000+02:00,2026-10-01 01:26:00+02:00,2026-10-01 01:26:12+02:00,2026-10-01,1,Thursday,False,113.79633333333332
20260930_213208,2026-09-30 21:32:12.220000+00:00,Lugano,rail,ch:1:sloid:5300,Lugano,ch:1:sloid:5300:2:3,2026-10-01,ch:1:sjyid:100001:25104-001,rail,S-Bahn,S10,S10,25104,Chiasso,Airolo,3,,2026-10-01 02:32:00+00:00,,,False,,2026-09-30 23:32:12.220000+02:00,2026-10-01 04:32:00+02:00,,2026-10-01,4,Thursday,False,299.79633333333334
20260930_213208,2026-09-30 21:32:12.220000+00:00,Lugano,rail,ch:1:sloid:5300,Lugano,ch:1:sloid:5300:2:2,2026-10-01,ch:1:sjyid:100001:25755-001,rail,S-Bahn,S10,S10,25755,Bellinzona,Como Camerlata | Malpensa Aeroporto T2,2,,2026-10-01 03:06:00+00:00,,,False,,2026-09-30 23:32:12.220000+02:00,2026-10-01 05:06:00+02:00,,2026-10-01,5,Thursday,False,333.79633333333334
20260930_213208,2026-09-30 21:32:12.220000+00:00,Lugano,rail,ch:1:sloid:5300,Lugano,ch:1:sloid:5300:2:3,2026-10-01,ch:1:sjyid:100001:25106-001,rail,S-Bahn,S10,S10,25106,Chiasso,Biasca,3,,2026-10-01 03:22:00+00:00,,,False,,2026-09-30 23:32:12.220000+02:00,2026-10-01 05:22:00+02:00,,2026-10-01,5,Thursday,False,349.79633333333334
20260930_213208,2026-09-30 21:32:12.220000+00:00,Lugano,rail,ch:1:sloid:5300,Lugano,ch:1:sloid:5300:2:2,2026-10-01,ch:1:sjyid:100001:25107-001,rail,S-Bahn,S10,S10,25107,Castione-Arbedo,Como Camerlata,2,,2026-10-01 03:36:00+00:00,,,False,,2026-09-30 23:32:12.220000+02:00,2026-10-01 05:36:00+02:00,,2026-10-01,5,Thursday,False,363.79633333333334
20260930_213208,2026-09-30 21:32:12.220000+00:00,Lugano,rail,ch:1:sloid:5300,Lugano,ch:1:sloid:5300:2:3,2026-10-01,ch:1:sjyid:100001:664-001,rail,InterCity,IC21,IC21,664,Chiasso,Basel SBB,3,,2026-10-01 04:00:00+00:00,,,False,,2026-09-30 23:32:12.220000+02:00,2026-10-01 06:00:00+02:00,,2026-10-01,6,Thursday,False,387.79633333333334
20260930_213208,2026-09-30 21:32:12.220000+00:00,Lugano,rail,ch:1:sloid:5300,Lugano,ch:1:sloid:5300:1:1,2026-10-01,ch:1:sjyid:100001:25507-001,rail,RegioExpress,RE80,RE80,25507,Lugano,Milano Centrale,1,,2026-10-01 04:02:00+00:00,,,False,,2026-09-30 23:32:12.220000+02:00,2026-10-01 06:02:00+02:00,,2026-10-01,6,Thursday,False,389.79633333333334
20260930_213208,2026-09-30 21:32:12.220000+00:00,Lugano,rail,ch:1:sloid:5300,Lugano,ch:1:sloid:5300:3:4,2026-10-01,ch:1:sjyid:100001:25754-001,rail,S-Bahn,S10,S10,25754,Mendrisio,Biasca,4,,2026-10-01 04:03:00+00:00,,,False,,2026-09-30 23:32:12.220000+02:00,2026-10-01 06:03:00+02:00,,2026-10-01,6,Thursday,False,390.79633333333334
20260930_213208,2026-09-30 21:32:12.220000+00:00,Lugano,rail,ch:1:sloid:5300,Lugano,ch:1:sloid:5300:2:3,2026-10-01,ch:1:sjyid:100001:25500-001,rail,RegioExpress,RE80,RE80,25500,Chiasso,Locarno,3,,2026-10-01 04:05:00+00:00,,,False,,2026-09-30 23:32:12.220000+02:00,2026-10-01 06:05:00+02:00,,2026-10-01,6,Thursday,False,392.79633333333334
20260930_213208,2026-09-30 21:32:12.220000+00:00,Lugano,rail,ch:1:sloid:5300,Lugano,ch:1:sloid:5300:1:1,2026-10-01,ch:1:sjyid:100001:25757-001,rail,S-Bahn,S10,S10,25757,Biasca,Chiasso | Malpensa Aeroporto T2,1,,2026-10-01 04:06:00+00:00,,,False,,2026-09-30 23:32:12.220000+02:00,2026-10-01 06:06:00+02:00,,2026-10-01,6,Thursday,False,393.79633333333334
20260930_213208,2026-09-30 21:32:12.220000+00:00,Lugano,rail,ch:1:sloid:5300,Lugano,ch:1:sloid:5300:3:4,2026-10-01,ch:1:sjyid:100001:25908-001,rail,S-Bahn,S90,S90,25908,Lugano,Bellinzona,4,,2026-10-01 04:08:00+00:00,,,False,,2026-09-30 23:32:12.220000+02:00,2026-10-01 06:08:00+02:00,,2026-10-01,6,Thursday,False,395.79633333333334
20260930_213208,2026-09-30 21:32:12.220000+00:00,Lugano,rail,ch:1:sloid:5300,Lugano,ch:1:sloid:5300:2:3,2026-10-01,ch:1:sjyid:100001:25108-001,rail,S-Bahn,S10,S10,25108,Chiasso,Biasca,3,,2026-10-01 04:25:00+00:00,,,False,,2026-09-30 23:32:12.220000+02:00,2026-10-01 06:25:00+02:00,,2026-10-01,6,Thursday,False,412.79633333333334
20260930_213208,2026-09-30 21:32:12.220000+00:00,Lugano,rail,ch:1:sloid:5300,Lugano,ch:1:sloid:5300:2:3,2026-10-01,ch:1:sjyid:100001:1462-001,rail,InterCity,IC2,IC2,1462,Chiasso,Zürich HB,3,,2026-10-01 04:30:00+00:00,,,False,,2026-09-30 23:32:12.220000+02:00,2026-10-01 06:30:00+02:00,,2026-10-01,6,Thursday,False,417.79633333333334
20260930_213208,2026-09-30 21:32:12.220000+00:00,Lugano,rail,ch:1:sloid:5300,Lugano,ch:1:sloid:5300:3:4,2026-10-01,ch:1:sjyid:100001:25804-001,rail,RegioExpress,RE80,RE80,25804,Lugano,Locarno,4,,2026-10-01 04:35:00+00:00,,,False,,2026-09-30 23:32:12.220000+02:00,2026-10-01 06:35:00+02:00,,2026-10-01,6,Thursday,False,422.79633333333334
20260930_213208,2026-09-30 21:32:12.220000+00:00,Lugano,rail,ch:1:sloid:5300,Lugano,ch:1:sloid:5300:2:2,2026-10-01,ch:1:sjyid:100001:25109-001,rail,S-Bahn,S10,S10,25109,Biasca,Como Camerlata,2,,2026-10-01 04:36:00+00:00,,,False,,2026-09-30 23:32:12.220000+02:00,2026-10-01 06:36:00+02:00,,2026-10-01,6,Thursday,False,423.79633333333334
20260930_213208,2026-09-30 21:32:12.220000+00:00,Lugano,rail,ch:1:sloid:5300,Lugano,ch:1:sloid:5300:1:1,2026-10-01,ch:1:sjyid:100001:25956-001,rail,S-Bahn,S90,S90,25956,Lugano,Giubiasco,1,,2026-10-01 04:38:00+00:00,,,False,,2026-09-30 23:32:12.220000+02:00,2026-10-01 06:38:00+02:00,,2026-10-01,6,Thursday,False,425.79633333333334
20260930_213208,2026-09-30 21:32:12.220000+00:00,Lugano,rail,ch:1:sloid:5300,Lugano,ch:1:sloid:5300:1:1,2026-10-01,ch:1:sjyid:100001:25907-001,rail,S-Bahn,S90,S90,25907,Bellinzona,Mendrisio,1,,2026-10-01 04:52:00+00:00,,,False,,2026-09-30 23:32:12.220000+02:00,2026-10-01 06:52:00+02:00,,2026-10-01,6,Thursday,False,439.79633333333334
20260930_213208,2026-09-30 21:32:12.641000+00:00,Zürich,local,ch:1:sloid:87348,"Zürich, Bahnhofplatz/HB",ch:1:sloid:87348::1,2026-09-30,ch:1:sjyid:100648:plan:2bbf0578-71e2-4cfd-af08-1ee80741a229,tram,Tram,3,3,52445,"Zürich, Klusplatz",Albisrieden,,,2026-09-30 21:34:36+00:00,2026-09-30 21:34:42+00:00,,True,0.1,2026-09-30 23:32:12.641000+02:00,2026-09-30 23:34:36+02:00,2026-09-30 23:34:42+02:00,2026-09-30,23,Wednesday,False,2.3893166666666668
20260930_213208,2026-09-30 21:32:12.641000+00:00,Zürich,local,ch:1:sloid:87348,"Zürich, Bahnhofplatz/HB",ch:1:sloid:87348::0,2026-09-30,ch:1:sjyid:100648:plan:96674a60-34ff-4ac5-b25d-a419ed93ebfb,tram,Tram,3,3,52208,"Zürich, Albisrieden",Klusplatz,,,2026-09-30 21:36:48+00:00,2026-09-30 21:36:36+00:00,,True,-0.2,2026-09-30 23:32:12.641000+02:00,2026-09-30 23:36:48+02:00,2026-09-30 23:36:36+02:00,2026-09-30,23,Wednesday,False,4.589316666666666
20260930_213208,2026-09-30 21:32:12.641000+00:00,Zürich,local,ch:1:sloid:87348,"Zürich, Bahnhofplatz/HB",ch:1:sloid:87348::1,2026-09-30,ch:1:sjyid:100648:plan:fe9943c3-a33c-4361-87fd-2881efaafd85,tram,Tram,14,14,53133,"Zürich, Bahnhofplatz/HB",Triemli,,,2026-09-30 21:41:48+00:00,2026-09-30 21:41:48+00:00,,True,0.0,2026-09-30 23:32:12.641000+02:00,2026-09-30 23:41:48+02:00,2026-09-30 23:41:48+02:00,2026-09-30,23,Wednesday,False,9.589316666666667
20260930_213208,2026-09-30 21:32:12.641000+00:00,Zürich,local,ch:1:sloid:87348,"Zürich, Bahnhofplatz/HB",ch:1:sloid:87348,2026-09-30,ch:1:sjyid:100648:plan:297587c2-711b-42e5-9a4f-dccf1170dc21,bus,Bus,31,31,61200,"Zürich, Hermetschloo",Kienastenwies,,,2026-09-30 21:43:54+00:00,2026-09-30 21:45:48+00:00,,True,1.9,2026-09-30 23:32:12.641000+02:00,2026-09-30 23:43:54+02:00,2026-09-30 23:45:48+02:00,2026-09-30,23,Wednesday,False,11.689316666666667
20260930_213208,2026-09-30 21:32:12.641000+00:00,Zürich,local,ch:1:sloid:87348,"Zürich, Bahnhofplatz/HB",ch:1:sloid:87348::11,2026-09-30,ch:1:sjyid:100648:plan:c6ad40dc-d413-4739-9484-a6976d26ed67,bus,Bus,31,31,61221,"Zürich, Kienastenwies",Hermetschloo,,,2026-09-30 21:43:12+00:00,2026-09-30 21:43:12+00:00,,True,0.0,2026-09-30 23:32:12.641000+02:00,2026-09-30 23:43:12+02:00,2026-09-30 23:43:12+02:00,2026-09-30,23,Wednesday,False,10.989316666666667
20260930_213208,2026-09-30 21:32:12.641000+00:00,Zürich,local,ch:1:sloid:87348,"Zürich, Bahnhofplatz/HB",ch:1:sloid:87348::0,2026-09-30,ch:1:sjyid:100648:plan:306665b1-6bb2-4009-a080-1539032e4a82,tram,Tram,6,6,53240,"Zürich, Bahnhofplatz/HB",Zoo,,,2026-09-30 21:44:24+00:00,2026-09-30 21:44:24+00:00,,True,0.0,2026-09-30 23:32:12.641000+02:00,2026-09-30 23:44:24+02:00,2026-09-30 23:44:24+02:00,2026-09-30,23,Wednesday,False,12.189316666666667
20260930_213208,2026-09-30 21:32:12.641000+00:00,Zürich,local,ch:1:sloid:87348,"Zürich, Bahnhofplatz/HB",ch:1:sloid:87348::1,2026-09-30,ch:1:sjyid:100648:plan:5fdc9613-58dd-4607-97ca-7b1bf9160efa,tram,Tram,3,3,53036,"Zürich, Klusplatz",Albisrieden,,,2026-09-30 21:49:36+00:00,2026-09-30 21:49:36+00:00,,True,0.0,2026-09-30 23:32:12.641000+02:00,2026-09-30 23:49:36+02:00,2026-09-30 23:49:36+02:00,2026-09-30,23,Wednesday,False,17.389316666666666
20260930_213208,2026-09-30 21:32:12.641000+00:00,Zürich,local,ch:1:sloid:87348,"Zürich, Bahnhofplatz/HB",ch:1:sloid:87348::0,2026-09-30,ch:1:sjyid:100648:plan:2e40359c-19bc-4d24-9205-5f748dcb6c40,tram,Tram,3,3,52807,"Zürich, Albisrieden",Klusplatz,,,2026-09-30 21:51:48+00:00,2026-09-30 21:51:48+00:00,,True,0.0,2026-09-30 23:32:12.641000+02:00,2026-09-30 23:51:48+02:00,2026-09-30 23:51:48+02:00,2026-09-30,23,Wednesday,False,19.589316666666665
20260930_213208,2026-09-30 21:32:12.641000+00:00,Zürich,local,ch:1:sloid:87348,"Zürich, Bahnhofplatz/HB",ch:1:sloid:87348::1,2026-09-30,ch:1:sjyid:100648:plan:b8869086-8957-4043-b946-49bfd917db68,tram,Tram,14,14,53710,"Zürich, Bahnhofplatz/HB",Triemli,,,2026-09-30 21:56:48+00:00,2026-09-30 21:56:48+00:00,,True,0.0,2026-09-30 23:32:12.641000+02:00,2026-09-30 23:56:48+02:00,2026-09-30 23:56:48+02:00,2026-09-30,23,Wednesday,False,24.589316666666665
20260930_213208,2026-09-30 21:32:12.641000+00:00,Zürich,local,ch:1:sloid:87348,"Zürich, Bahnhofplatz/HB",ch:1:sloid:87348,2026-09-30,ch:1:sjyid:100648:itcs-dispo:a6165a05-c5be-3b31-8c9c-03ca4e441c57,tram,,14,14,,"Zürich, Bahnhofplatz/HB",Triemli,,,2026-09-30 21:56:48+00:00,2026-09-30 21:57:24+00:00,,True,0.6,2026-09-30 23:32:12.641000+02:00,2026-09-30 23:56:48+02:00,2026-09-30 23:57:24+02:00,2026-09-30,23,Wednesday,False,24.589316666666665
20260930_213208,2026-09-30 21:32:12.641000+00:00,Zürich,local,ch:1:sloid:87348,"Zürich, Bahnhofplatz/HB",ch:1:sloid:87348,2026-09-30,ch:1:sjyid:100648:plan:0a0d090b-3c80-4be7-97ae-c27f4f4e589f,bus,Bus,31,31,61894,"Zürich, Hermetschloo",Kienastenwies,,,2026-09-30 21:58:54+00:00,2026-09-30 21:58:54+00:00,,True,0.0,2026-09-30 23:32:12.641000+02:00,2026-09-30 23:58:54+02:00,2026-09-30 23:58:54+02:00,2026-09-30,23,Wednesday,False,26.689316666666667
20260930_213208,2026-09-30 21:32:12.641000+00:00,Zürich,local,ch:1:sloid:87348,"Zürich, Bahnhofplatz/HB",ch:1:sloid:87348::11,2026-09-30,ch:1:sjyid:100648:plan:49784728-58c1-44cf-aaa2-bb17d61e9e70,bus,Bus,31,31,61906,"Zürich, Kienastenwies",Hermetschloo,,,2026-09-30 21:58:12+00:00,2026-09-30 21:58:36+00:00,,True,0.4,2026-09-30 23:32:12.641000+02:00,2026-09-30 23:58:12+02:00,2026-09-30 23:58:36+02:00,2026-09-30,23,Wednesday,False,25.989316666666664
20260930_213208,2026-09-30 21:32:12.641000+00:00,Zürich,local,ch:1:sloid:87348,"Zürich, Bahnhofplatz/HB",ch:1:sloid:87348::0,2026-09-30,ch:1:sjyid:100648:plan:a121325a-11eb-44a9-9910-36782be36287,tram,Tram,6,6,53819,"Zürich, Bahnhofplatz/HB",Zoo,,,2026-09-30 21:59:24+00:00,2026-09-30 21:59:24+00:00,,True,0.0,2026-09-30 23:32:12.641000+02:00,2026-09-30 23:59:24+02:00,2026-09-30 23:59:24+02:00,2026-09-30,23,Wednesday,False,27.189316666666667
20260930_213208,2026-09-30 21:32:12.641000+00:00,Zürich,local,ch:1:sloid:87348,"Zürich, Bahnhofplatz/HB",ch:1:sloid:87348::1,2026-09-30,ch:1:sjyid:100648:plan:6afbc313-0131-4239-9687-1d61c6ed13c4,tram,Tram,3,3,53608,"Zürich, Klusplatz",Albisrieden,,,2026-09-30 22:04:36+00:00,2026-09-30 22:04:36+00:00,,True,0.0,2026-09-30 23:32:12.641000+02:00,2026-10-01 00:04:36+02:00,2026-10-01 00:04:36+02:00,2026-10-01,0,Thursday,False,32.389316666666666
20260930_213208,2026-09-30 21:32:12.641000+00:00,Zürich,local,ch:1:sloid:87348,"Zürich, Bahnhofplatz/HB",ch:1:sloid:87348::0,2026-09-30,ch:1:sjyid:100648:plan:ff7cbce1-3832-45e0-a3af-8f077ae763fc,tram,Tram,3,3,53372,"Zürich, Albisrieden",Klusplatz,,,2026-09-30 22:06:48+00:00,2026-09-30 22:06:48+00:00,,True,0.0,2026-09-30 23:32:12.641000+02:00,2026-10-01 00:06:48+02:00,2026-10-01 00:06:48+02:00,2026-10-01,0,Thursday,False,34.58931666666667
20260930_213208,2026-09-30 21:32:12.641000+00:00,Zürich,local,ch:1:sloid:87348,"Zürich, Bahnhofplatz/HB",ch:1:sloid:87348,2026-09-30,ch:1:sjyid:100648:plan:391b6c65-04ec-4da2-bc01-fd399fbe4d27,bus,Bus,31,31,62592,"Zürich, Hermetschloo",Kienastenwies,,,2026-09-30 22:13:54+00:00,2026-09-30 22:13:54+00:00,,True,0.0,2026-09-30 23:32:12.641000+02:00,2026-10-01 00:13:54+02:00,2026-10-01 00:13:54+02:00,2026-10-01,0,Thursday,False,41.68931666666666
20260930_213208,2026-09-30 21:32:12.641000+00:00,Zürich,local,ch:1:sloid:87348,"Zürich, Bahnhofplatz/HB",ch:1:sloid:87348::11,2026-09-30,ch:1:sjyid:100648:plan:4cfe2cd3-179a-45af-b927-0a0b2a70cb23,bus,Bus,31,31,62613,"Zürich, Kienastenwies",Hermetschloo,,,2026-09-30 22:13:12+00:00,2026-09-30 22:13:12+00:00,,True,0.0,2026-09-30 23:32:12.641000+02:00,2026-10-01 00:13:12+02:00,2026-10-01 00:13:12+02:00,2026-10-01,0,Thursday,False,40.98931666666667
20260930_213208,2026-09-30 21:32:12.641000+00:00,Zürich,local,ch:1:sloid:87348,"Zürich, Bahnhofplatz/HB",ch:1:sloid:87348::0,2026-09-30,ch:1:sjyid:100648:plan:f400116c-2114-488c-91e1-b0def6fef60f,tram,Tram,6,6,54357,"Zürich, Bahnhofplatz/HB",Zoo,,,2026-09-30 22:14:24+00:00,2026-09-30 22:14:24+00:00,,True,0.0,2026-09-30 23:32:12.641000+02:00,2026-10-01 00:14:24+02:00,2026-10-01 00:14:24+02:00,2026-10-01,0,Thursday,False,42.18931666666666
20260930_213208,2026-09-30 21:32:12.641000+00:00,Zürich,local,ch:1:sloid:87348,"Zürich, Bahnhofplatz/HB",ch:1:sloid:87348::1,2026-09-30,ch:1:sjyid:100648:plan:ae94eadb-f450-4ab1-a1f3-0db1c5226200,tram,Tram,3,3,54153,"Zürich, Klusplatz",Albisrieden,,,2026-09-30 22:19:36+00:00,2026-09-30 22:19:36+00:00,,True,0.0,2026-09-30 23:32:12.641000+02:00,2026-10-01 00:19:36+02:00,2026-10-01 00:19:36+02:00,2026-10-01,0,Thursday,False,47.389316666666666
20260930_213208,2026-09-30 21:32:12.641000+00:00,Zürich,local,ch:1:sloid:87348,"Zürich, Bahnhofplatz/HB",ch:1:sloid:87348::0,2026-09-30,ch:1:sjyid:100648:plan:ff02fd28-c294-4bd4-a35b-e8595e3f3832,tram,Tram,3,3,53943,"Zürich, Albisrieden",Klusplatz,,,2026-09-30 22:21:48+00:00,2026-09-30 22:21:48+00:00,,True,0.0,2026-09-30 23:32:12.641000+02:00,2026-10-01 00:21:48+02:00,2026-10-01 00:21:48+02:00,2026-10-01,0,Thursday,False,49.58931666666667
20260930_213208,2026-09-30 21:32:12.641000+00:00,Zürich,local,ch:1:sloid:87348,"Zürich, Bahnhofplatz/HB",ch:1:sloid:87348::1,2026-09-30,ch:1:sjyid:100648:plan:46695144-e657-492a-9d94-637167b3cd60,tram,Tram,14,14,54801,"Zürich, Bahnhofplatz/HB",Triemli,,,2026-09-30 22:26:48+00:00,2026-09-30 22:26:48+00:00,,True,0.0,2026-09-30 23:32:12.641000+02:00,2026-10-01 00:26:48+02:00,2026-10-01 00:26:48+02:00,2026-10-01,0,Thursday,False,54.58931666666667
20260930_213208,2026-09-30 21:32:12.641000+00:00,Zürich,local,ch:1:sloid:87348,"Zürich, Bahnhofplatz/HB",ch:1:sloid:87348,2026-09-30,ch:1:sjyid:100648:plan:36370c7d-dcac-421b-a881-edd53d5771a0,bus,Bus,31,31,63257,"Zürich, Hermetschloo",Kienastenwies,,,2026-09-30 22:28:54+00:00,2026-09-30 22:28:54+00:00,,True,0.0,2026-09-30 23:32:12.641000+02:00,2026-10-01 00:28:54+02:00,2026-10-01 00:28:54+02:00,2026-10-01,0,Thursday,False,56.68931666666666
20260930_213208,2026-09-30 21:32:12.641000+00:00,Zürich,local,ch:1:sloid:87348,"Zürich, Bahnhofplatz/HB",ch:1:sloid:87348::11,2026-09-30,ch:1:sjyid:100648:plan:66f27fe2-e303-4e5e-971a-8f9aa838688b,bus,Bus,31,31,63270,"Zürich, Kienastenwies",Hermetschloo,,,2026-09-30 22:28:12+00:00,2026-09-30 22:29:12+00:00,,True,1.0,2026-09-30 23:32:12.641000+02:00,2026-10-01 00:28:12+02:00,2026-10-01 00:29:12+02:00,2026-10-01,0,Thursday,False,55.98931666666667
20260930_213208,2026-09-30 21:32:12.641000+00:00,Zürich,local,ch:1:sloid:87348,"Zürich, Bahnhofplatz/HB",ch:1:sloid:87348::0,2026-09-30,ch:1:sjyid:100648:plan:cdda07f7-c31d-4c12-b029-215fdea89ffe,tram,Tram,6,6,54915,"Zürich, Bahnhofplatz/HB",Zoo,,,2026-09-30 22:29:24+00:00,2026-09-30 22:29:24+00:00,,True,0.0,2026-09-30 23:32:12.641000+02:00,2026-10-01 00:29:24+02:00,2026-10-01 00:29:24+02:00,2026-10-01,0,Thursday,False,57.18931666666666
20260930_213208,2026-09-30 21:32:12.641000+00:00,Zürich,local,ch:1:sloid:87348,"Zürich, Bahnhofplatz/HB",ch:1:sloid:87348::1,2026-09-30,ch:1:sjyid:100648:plan:d1f07046-47b6-44af-af37-27ca5509d6d5,tram,Tram,3,3,54712,"Zürich, Klusplatz",Albisrieden,,,2026-09-30 22:34:36+00:00,2026-09-30 22:34:36+00:00,,True,0.0,2026-09-30 23:32:12.641000+02:00,2026-10-01 00:34:36+02:00,2026-10-01 00:34:36+02:00,2026-10-01,0,Thursday,False,62.389316666666666
20260930_213208,2026-09-30 21:32:12.641000+00:00,Zürich,local,ch:1:sloid:87348,"Zürich, Bahnhofplatz/HB",ch:1:sloid:87348::0,2026-09-30,ch:1:sjyid:100648:plan:008f3bee-ac71-41ad-b361-c9c786742278,tram,Tram,3,3,54496,"Zürich, Albisrieden",Klusplatz,,,2026-09-30 22:36:48+00:00,2026-09-30 22:36:48+00:00,,True,0.0,2026-09-30 23:32:12.641000+02:00,2026-10-01 00:36:48+02:00,2026-10-01 00:36:48+02:00,2026-10-01,0,Thursday,False,64.58931666666666
20260930_213208,2026-09-30 21:32:12.641000+00:00,Zürich,local,ch:1:sloid:87348,"Zürich, Bahnhofplatz/HB",ch:1:sloid:87348::1,2026-09-30,ch:1:sjyid:100648:plan:b1135cba-9089-4578-afca-06452973a8f2,tram,Tram,14,14,55309,"Zürich, Bahnhofplatz/HB",Triemli,,,2026-09-30 22:41:48+00:00,,,False,,2026-09-30 23:32:12.641000+02:00,2026-10-01 00:41:48+02:00,,2026-10-01,0,Thursday,False,69.58931666666668
20260930_213208,2026-09-30 21:32:12.641000+00:00,Zürich,local,ch:1:sloid:87348,"Zürich, Bahnhofplatz/HB",ch:1:sloid:87348::0,2026-09-30,ch:1:sjyid:100648:plan:7d1b26f9-183d-4db8-ad28-c3d872244cdf,tram,Tram,6,6,55372,"Zürich, Bahnhofplatz/HB",Kirche Fluntern,,,2026-09-30 22:43:12+00:00,2026-09-30 22:43:12+00:00,,True,0.0,2026-09-30 23:32:12.641000+02:00,2026-10-01 00:43:12+02:00,2026-10-01 00:43:12+02:00,2026-10-01,0,Thursday,False,70.98931666666667
20260930_213208,2026-09-30 21:32:12.641000+00:00,Zürich,local,ch:1:sloid:87348,"Zürich, Bahnhofplatz/HB",ch:1:sloid:87348::11,2026-09-30,ch:1:sjyid:100648:plan:376fe141-5e0a-465c-b55e-6963a7fd485e,bus,Bus,31,31,63893,"Zürich, Kienastenwies",Hermetschloo,,,2026-09-30 22:43:12+00:00,2026-09-30 22:43:12+00:00,,True,0.0,2026-09-30 23:32:12.641000+02:00,2026-10-01 00:43:12+02:00,2026-10-01 00:43:12+02:00,2026-10-01,0,Thursday,False,70.98931666666667
20260930_213208,2026-09-30 21:32:13.097000+00:00,Bern,local,ch:1:sloid:76646,"Bern, Bahnhof",ch:1:sloid:76646:0:2,2026-09-30,ch:1:sjyid:100626:plan:3b78a331-c08a-4820-a7e4-7afbd2972fda,bus,Bus,8A,8A,77891,"Bern, Bahnhof",Saali,K2,,2026-09-30 21:33:12+00:00,2026-09-30 21:33:12+00:00,,True,0.0,2026-09-30 23:32:13.097000+02:00,2026-09-30 23:33:12+02:00,2026-09-30 23:33:12+02:00,2026-09-30,23,Wednesday,False,0.9817166666666667
20260930_213208,2026-09-30 21:32:13.097000+00:00,Bern,local,ch:1:sloid:76646,"Bern, Bahnhof",ch:1:sloid:76646:0:39,2026-09-30,ch:1:sjyid:100626:plan:d561dfee-3577-48cf-bc34-cc9c062516b6,tram,Tram,7,7,13396,"Bern, Bahnhof",Bümpliz,N,,2026-09-30 21:33:06+00:00,2026-09-30 21:33:06+00:00,,True,0.0,2026-09-30 23:32:13.097000+02:00,2026-09-30 23:33:06+02:00,2026-09-30 23:33:06+02:00,2026-09-30,23,Wednesday,False,0.8817166666666666
20260930_213208,2026-09-30 21:32:13.097000+00:00,Bern,local,ch:1:sloid:76646,"Bern, Bahnhof",ch:1:sloid:76646:0:20,2026-09-30,ch:1:sjyid:100626:plan:5b3dbb8a-72cb-49aa-ab5c-f03960418e52,bus,Bus,19,19,58747,"Spiegel, Blinzern",Elfenau,M,,2026-09-30 21:35:00+00:00,2026-09-30 21:35:00+00:00,,True,0.0,2026-09-30 23:32:13.097000+02:00,2026-09-30 23:35:00+02:00,2026-09-30 23:35:00+02:00,2026-09-30,23,Wednesday,False,2.7817166666666666
20260930_213208,2026-09-30 21:32:13.097000+00:00,Bern,local,ch:1:sloid:76646,"Bern, Bahnhof",ch:1:sloid:76646:0:10,2026-09-30,ch:1:sjyid:100626:plan:fb3157e4-ee6e-42a8-80a1-c9cc0a9eddad,tram,Tram,3,3,1885,"Bern, Bahnhof",Weissenbühl,J,,2026-09-30 21:35:00+00:00,2026-09-30 21:35:00+00:00,,True,0.0,2026-09-30 23:32:13.097000+02:00,2026-09-30 23:35:00+02:00,2026-09-30 23:35:00+02:00,2026-09-30,23,Wednesday,False,2.7817166666666666
20260930_213208,2026-09-30 21:32:13.097000+00:00,Bern,local,ch:1:sloid:76646,"Bern, Bahnhof",ch:1:sloid:76646:0:5,2026-09-30,ch:1:sjyid:100626:plan:f73b37b9-909a-4a61-9d89-8d6697de50cf,bus,Bus,30,30,71457,"Bern, Bahnhof",Marzili,A,,2026-09-30 21:35:00+00:00,2026-09-30 21:35:00+00:00,,True,0.0,2026-09-30 23:32:13.097000+02:00,2026-09-30 23:35:00+02:00,2026-09-30 23:35:00+02:00,2026-09-30,23,Wednesday,False,2.7817166666666666
20260930_213208,2026-09-30 21:32:13.097000+00:00,Bern,local,ch:1:sloid:76646,"Bern, Bahnhof",ch:1:sloid:76646:0:28,2026-09-30,ch:1:sjyid:100626:plan:7b69002d-5e69-49d8-a6e8-6c7dac1d8b2f,bus,Bus,11,11,49471,"Bern, Bahnhof",Neufeld P+R,G,,2026-09-30 21:35:00+00:00,2026-09-30 21:35:00+00:00,,True,0.0,2026-09-30 23:32:13.097000+02:00,2026-09-30 23:35:00+02:00,2026-09-30 23:35:00+02:00,2026-09-30,23,Wednesday,False,2.7817166666666666
20260930_213208,2026-09-30 21:32:13.097000+00:00,Bern,local,ch:1:sloid:76646,"Bern, Bahnhof",ch:1:sloid:76646:0:25,2026-09-30,ch:1:sjyid:100626:plan:852a4533-06a7-43ad-876c-789e41f995f4,bus,Bus,7A,7A,76599,"Bern, Bahnhof",Ostring,K1,,2026-09-30 21:36:00+00:00,2026-09-30 21:36:00+00:00,,True,0.0,2026-09-30 23:32:13.097000+02:00,2026-09-30 23:36:00+02:00,2026-09-30 23:36:00+02:00,2026-09-30,23,Wednesday,False,3.7817166666666666
20260930_213208,2026-09-30 21:32:13.097000+00:00,Bern,local,ch:1:sloid:76646,"Bern, Bahnhof",ch:1:sloid:76646:0:7,2026-09-30,ch:1:sjyid:100626:plan:f88b2f4c-3519-4533-888f-b883ece10f09,bus,Bus,12,12,53515,"Bern, Zentrum Paul Klee",Holligen,D,,2026-09-30 21:36:00+00:00,2026-09-30 21:37:00+00:00,,True,1.0,2026-09-30 23:32:13.097000+02:00,2026-09-30 23:36:00+02:00,2026-09-30 23:37:00+02:00,2026-09-30,23,Wednesday,False,3.7817166666666666
20260930_213208,2026-09-30 21:32:13.097000+00:00,Bern,local,ch:1:sloid:76646,"Bern, Bahnhof",ch:1:sloid:76646:0:3,2026-09-30,ch:1:sjyid:100626:plan:bee33640-4117-4edd-9b43-4eea2716c0fa,tram,Tram,9,9,29137,"Bern Wankdorf, Bahnhof",Wabern,C,,2026-09-30 21:37:00+00:00,2026-09-30 21:37:24+00:00,,True,0.4,2026-09-30 23:32:13.097000+02:00,2026-09-30 23:37:00+02:00,2026-09-30 23:37:24+02:00,2026-09-30,23,Wednesday,False,4.781716666666667
20260930_213208,2026-09-30 21:32:13.097000+00:00,Bern,local,ch:1:sloid:76646,"Bern, Bahnhof",ch:1:sloid:76646:0:15,2026-09-30,ch:1:sjyid:100626:plan:6a627202-7d65-4ba8-8f8c-6a28fe9de593,bus,Bus,20,20,66888,"Bern Wankdorf, Bahnhof",Länggasse,F,,2026-09-30 21:37:48+00:00,2026-09-30 21:38:12+00:00,,True,0.4,2026-09-30 23:32:13.097000+02:00,2026-09-30 23:37:48+02:00,2026-09-30 23:38:12+02:00,2026-09-30,23,Wednesday,False,5.581716666666667
20260930_213208,2026-09-30 21:32:13.097000+00:00,Bern,local,ch:1:sloid:76646,"Bern, Bahnhof",ch:1:sloid:76646:0:1,2026-09-30,ch:1:sjyid:100626:plan:62496581-bc44-4de0-98e6-07c61eec25af,tram,Tram,9,9,22832,"Wabern, Tram-Endstation",Wankdorf Bhf,B,,2026-09-30 21:37:00+00:00,2026-09-30 21:37:54+00:00,,True,0.9,2026-09-30 23:32:13.097000+02:00,2026-09-30 23:37:00+02:00,2026-09-30 23:37:54+02:00,2026-09-30,23,Wednesday,False,4.781716666666667
20260930_213208,2026-09-30 21:32:13.097000+00:00,Bern,local,ch:1:sloid:76646,"Bern, Bahnhof",ch:1:sloid:76646:0:19,2026-09-30,ch:1:sjyid:100626:plan:008aaa0f-4050-4a0e-a5a5-ed656218594e,bus,Bus,10,10,36656,"Schliern, Bus-Endstation",Ostermundigen Rüti,L,,2026-09-30 21:38:00+00:00,2026-09-30 21:38:00+00:00,,True,0.0,2026-09-30 23:32:13.097000+02:00,2026-09-30 23:38:00+02:00,2026-09-30 23:38:00+02:00,2026-09-30,23,Wednesday,False,5.781716666666667
20260930_213208,2026-09-30 21:32:13.097000+00:00,Bern,local,ch:1:sloid:76646,"Bern, Bahnhof",ch:1:sloid:76646:0:11,2026-09-30,ch:1:sjyid:100626:plan:abf49084-53c9-4577-b61d-dbfece21d645,bus,Bus,10,10,46025,"Ostermundigen, Rüti",Schliern,I,,2026-09-30 21:38:00+00:00,2026-09-30 21:38:00+00:00,,True,0.0,2026-09-30 23:32:13.097000+02:00,2026-09-30 23:38:00+02:00,2026-09-30 23:38:00+02:00,2026-09-30,23,Wednesday,False,5.781716666666667
20260930_213208,2026-09-30 21:32:13.097000+00:00,Bern,local,ch:1:sloid:76646,"Bern, Bahnhof",ch:1:sloid:76646:0:25,2026-09-30,ch:1:sjyid:100626:plan:e9a94b54-5f56-4c7e-82d2-c16637b83af0,bus,Bus,19,19,60929,"Bern, Elfenau",Blinzern,K1,,2026-09-30 21:38:00+00:00,2026-09-30 21:38:24+00:00,,True,0.4,2026-09-30 23:32:13.097000+02:00,2026-09-30 23:38:00+02:00,2026-09-30 23:38:24+02:00,2026-09-30,23,Wednesday,False,5.781716666666667
20260930_213208,2026-09-30 21:32:13.097000+00:00,Bern,local,ch:1:sloid:76646,"Bern, Bahnhof",ch:1:sloid:76646:0:5,2026-09-30,ch:1:sjyid:100626:plan:64d085fa-5d11-4d26-94ba-58a3ced71686,bus,Bus,12,12,50784,"Bern, Holligen",Zentrum Paul Klee,A,,2026-09-30 21:39:00+00:00,2026-09-30 21:39:00+00:00,,True,0.0,2026-09-30 23:32:13.097000+02:00,2026-09-30 23:39:00+02:00,2026-09-30 23:39:00+02:00,2026-09-30,23,Wednesday,False,6.781716666666667
20260930_213208,2026-09-30 21:32:13.097000+00:00,Bern,local,ch:1:sloid:76646,"Bern, Bahnhof",ch:1:sloid:76646:0:2,2026-09-30,ch:1:sjyid:100626:plan:9df8581f-897e-490d-99ca-5899fd23c82f,bus,Bus,8A,8A,77894,"Bern, Bahnhof",Saali,K2,,2026-09-30 21:40:42+00:00,2026-09-30 21:40:42+00:00,,True,0.0,2026-09-30 23:32:13.097000+02:00,2026-09-30 23:40:42+02:00,2026-09-30 23:40:42+02:00,2026-09-30,23,Wednesday,False,8.481716666666667
20260930_213208,2026-09-30 21:32:13.097000+00:00,Bern,local,ch:1:sloid:76646,"Bern, Bahnhof",ch:1:sloid:76646:0:10,2026-09-30,ch:1:sjyid:100626:plan:6fb60b5c-69d2-4e31-9959-43ce6aa6713b,tram,Tram,6,6,7354,"Bern, Bahnhof",Fischermätteli,J,,2026-09-30 21:40:00+00:00,2026-09-30 21:40:00+00:00,,True,0.0,2026-09-30 23:32:13.097000+02:00,2026-09-30 23:40:00+02:00,2026-09-30 23:40:00+02:00,2026-09-30,23,Wednesday,False,7.781716666666667
20260930_213208,2026-09-30 21:32:13.097000+00:00,Bern,local,ch:1:sloid:76646,"Bern, Bahnhof",ch:1:sloid:76646:0:13,2026-09-30,ch:1:sjyid:100626:plan:82a26fa3-9245-4804-a3ae-a1052a4e694a,bus,Bus,20,20,64397,"Bern, Länggasse",Wankdorf Bhf,E,,2026-09-30 21:40:48+00:00,2026-09-30 21:40:48+00:00,,True,0.0,2026-09-30 23:32:13.097000+02:00,2026-09-30 23:40:48+02:00,2026-09-30 23:40:48+02:00,2026-09-30,23,Wednesday,False,8.581716666666667
20260930_213208,2026-09-30 21:32:13.097000+00:00,Bern,local,ch:1:sloid:76646,"Bern, Bahnhof",ch:1:sloid:76646:0:30,2026-09-30,ch:1:sjyid:100626:plan:89da503a-1ac1-4a91-887f-678de57af83b,bus,Bus,21,21,67972,"Bern, Bahnhof",Bremgarten,H,,2026-09-30 21:41:00+00:00,2026-09-30 21:41:00+00:00,,True,0.0,2026-09-30 23:32:13.097000+02:00,2026-09-30 23:41:00+02:00,2026-09-30 23:41:00+02:00,2026-09-30,23,Wednesday,False,8.781716666666666
20260930_213208,2026-09-30 21:32:13.097000+00:00,Bern,local,ch:1:sloid:76646,"Bern, Bahnhof",ch:1:sloid:76646:0:20,2026-09-30,ch:1:sjyid:100626:plan:02c20cb0-3d5e-408c-aa9b-c60dc6e76ab8,bus,Bus,17,17,58073,"Bern, Bahnhof",Köniz Weiermatt,M,,2026-09-30 21:42:00+00:00,2026-09-30 21:42:00+00:00,,True,0.0,2026-09-30 23:32:13.097000+02:00,2026-09-30 23:42:00+02:00,2026-09-30 23:42:00+02:00,2026-09-30,23,Wednesday,False,9.781716666666666
20260930_213208,2026-09-30 21:32:13.097000+00:00,Bern,local,ch:1:sloid:76646,"Bern, Bahnhof",ch:1:sloid:76646:0:39,2026-09-30,ch:1:sjyid:100626:plan:66bc6b93-34ea-4098-b24f-70c668afe075,tram,Tram,8,8,19031,"Bern, Bahnhof",Brünnen Bhf,N,,2026-09-30 21:43:06+00:00,2026-09-30 21:43:06+00:00,,True,0.0,2026-09-30 23:32:13.097000+02:00,2026-09-30 23:43:06+02:00,2026-09-30 23:43:06+02:00,2026-09-30,23,Wednesday,False,10.881716666666668
20260930_213208,2026-09-30 21:32:13.097000+00:00,Bern,local,ch:1:sloid:76646,"Bern, Bahnhof",ch:1:sloid:76646:0:28,2026-09-30,ch:1:sjyid:100649:SKI-34147,bus,Bus,34,34,34147,"Bern, Bahnhof",Hirzenfeld,G,,2026-09-30 21:45:00+00:00,2026-09-30 21:45:00+00:00,,True,0.0,2026-09-30 23:32:13.097000+02:00,2026-09-30 23:45:00+02:00,2026-09-30 23:45:00+02:00,2026-09-30,23,Wednesday,False,12.781716666666666
20260930_213208,2026-09-30 21:32:13.097000+00:00,Bern,local,ch:1:sloid:76646,"Bern, Bahnhof",ch:1:sloid:76646:0:2,2026-09-30,ch:1:sjyid:100626:plan:5fd71a6a-b765-400e-af8c-25cc9d17b140,bus,Bus,8A,8A,77898,"Bern, Bahnhof",Saali,K2,,2026-09-30 21:48:12+00:00,2026-09-30 21:48:12+00:00,,True,0.0,2026-09-30 23:32:13.097000+02:00,2026-09-30 23:48:12+02:00,2026-09-30 23:48:12+02:00,2026-09-30,23,Wednesday,False,15.981716666666667
20260930_213208,2026-09-30 21:32:13.097000+00:00,Bern,local,ch:1:sloid:76646,"Bern, Bahnhof",ch:1:sloid:76646:0:39,2026-09-30,ch:1:sjyid:100626:plan:82cad28b-20e8-4973-bf09-45fdf3988f12,tram,Tram,7,7,13402,"Bern, Bahnhof",Bümpliz,N,,2026-09-30 21:48:06+00:00,2026-09-30 21:48:06+00:00,,True,0.0,2026-09-30 23:32:13.097000+02:00,2026-09-30 23:48:06+02:00,2026-09-30 23:48:06+02:00,2026-09-30,23,Wednesday,False,15.881716666666668
20260930_213208,2026-09-30 21:32:13.097000+00:00,Bern,local,ch:1:sloid:76646,"Bern, Bahnhof",ch:1:sloid:76646:0:20,2026-09-30,ch:1:sjyid:100626:plan:104baf3c-5a8a-4620-af6c-71beb3086356,bus,Bus,19,19,58754,"Spiegel, Blinzern",Elfenau,M,,2026-09-30 21:50:00+00:00,2026-09-30 21:50:00+00:00,,True,0.0,2026-09-30 23:32:13.097000+02:00,2026-09-30 23:50:00+02:00,2026-09-30 23:50:00+02:00,2026-09-30,23,Wednesday,False,17.781716666666668
20260930_213208,2026-09-30 21:32:13.097000+00:00,Bern,local,ch:1:sloid:76646,"Bern, Bahnhof",ch:1:sloid:76646:0:10,2026-09-30,ch:1:sjyid:100626:plan:51346873-17ce-4492-948e-06093d4aaba1,tram,Tram,3,3,1888,"Bern, Bahnhof",Weissenbühl,J,,2026-09-30 21:50:00+00:00,2026-09-30 21:50:00+00:00,,True,0.0,2026-09-30 23:32:13.097000+02:00,2026-09-30 23:50:00+02:00,2026-09-30 23:50:00+02:00,2026-09-30,23,Wednesday,False,17.781716666666668
20260930_213208,2026-09-30 21:32:13.097000+00:00,Bern,local,ch:1:sloid:76646,"Bern, Bahnhof",ch:1:sloid:76646:0:28,2026-09-30,ch:1:sjyid:100626:plan:eaa89d19-aab8-4363-a2d1-d27f8f23a928,bus,Bus,11,11,49475,"Bern, Bahnhof",Neufeld P+R,G,,2026-09-30 21:50:00+00:00,2026-09-30 21:50:00+00:00,,True,0.0,2026-09-30 23:32:13.097000+02:00,2026-09-30 23:50:00+02:00,2026-09-30 23:50:00+02:00,2026-09-30,23,Wednesday,False,17.781716666666668
20260930_213208,2026-09-30 21:32:13.097000+00:00,Bern,local,ch:1:sloid:76646,"Bern, Bahnhof",ch:1:sloid:76646:0:25,2026-09-30,ch:1:sjyid:100626:plan:46eb8bb0-bc8e-49ce-98b0-0b4b3ead38f5,bus,Bus,7A,7A,76439,"Bern, Bahnhof",Ostring,K1,,2026-09-30 21:51:00+00:00,2026-09-30 21:51:00+00:00,,True,0.0,2026-09-30 23:32:13.097000+02:00,2026-09-30 23:51:00+02:00,2026-09-30 23:51:00+02:00,2026-09-30,23,Wednesday,False,18.781716666666668
20260930_213208,2026-09-30 21:32:13.097000+00:00,Bern,local,ch:1:sloid:76646,"Bern, Bahnhof",ch:1:sloid:76646:0:7,2026-09-30,ch:1:sjyid:100626:plan:c78ddcac-00ec-4324-84f5-238d019284f5,bus,Bus,12,12,53521,"Bern, Zentrum Paul Klee",Holligen,D,,2026-09-30 21:51:00+00:00,2026-09-30 21:51:00+00:00,,True,0.0,2026-09-30 23:32:13.097000+02:00,2026-09-30 23:51:00+02:00,2026-09-30 23:51:00+02:00,2026-09-30,23,Wednesday,False,18.781716666666668
20260930_213208,2026-09-30 21:32:13.097000+00:00,Bern,local,ch:1:sloid:76646,"Bern, Bahnhof",ch:1:sloid:76646:0:3,2026-09-30,ch:1:sjyid:100626:plan:d3d0d6e9-c425-47b2-8d14-192b3c39bcad,tram,Tram,9,9,29148,"Bern Wankdorf, Bahnhof",Wabern,C,,2026-09-30 21:52:00+00:00,2026-09-30 21:52:00+00:00,,True,0.0,2026-09-30 23:32:13.097000+02:00,2026-09-30 23:52:00+02:00,2026-09-30 23:52:00+02:00,2026-09-30,23,Wednesday,False,19.781716666666668
20260930_213208,2026-09-30 21:32:13.588000+00:00,Basel,local,ch:1:sloid:78143,"Basel, Bahnhof SBB",ch:1:sloid:78143:1:35,2026-09-30,ch:1:sjyid:100019:plan:11992d8a-a32f-4ca6-9a65-a8869a2c7046,tram,Tram,11,11,38554,"Basel, Dreispitz","Basel, Saint-Louis Grenze",H,,2026-09-30 21:32:24+00:00,2026-09-30 21:32:24+00:00,,True,0.0,2026-09-30 23:32:13.588000+02:00,2026-09-30 23:32:24+02:00,2026-09-30 23:32:24+02:00,2026-09-30,23,Wednesday,False,0.17353333333333334
20260930_213208,2026-09-30 21:32:13.588000+00:00,Basel,local,ch:1:sloid:78143,"Basel, Bahnhof SBB",ch:1:sloid:78143:1:32,2026-09-30,ch:1:sjyid:100622:plan:b4f8dec4-c984-4188-8faf-e56a5a6a6386,tram,Tram,2,2,2284,"Basel, Badischer Bahnhof","Binningen, Kronenplatz",E,,2026-09-30 21:32:18+00:00,2026-09-30 21:32:24+00:00,,True,0.1,2026-09-30 23:32:13.588000+02:00,2026-09-30 23:32:18+02:00,2026-09-30 23:32:24+02:00,2026-09-30,23,Wednesday,False,0.07353333333333333
20260930_213208,2026-09-30 21:32:13.588000+00:00,Basel,local,ch:1:sloid:78143,"Basel, Bahnhof SBB",ch:1:sloid:78143:1:32,2026-09-30,ch:1:sjyid:100622:plan:148a1df4-5e1e-4e92-abb0-8290c9a742d7,tram,Tram,8,8,8290,"Weil am Rhein, Bahnhof/Zentrum","Basel, Neuweilerstrasse",E,,2026-09-30 21:33:48+00:00,2026-09-30 21:35:12+00:00,,True,1.4,2026-09-30 23:32:13.588000+02:00,2026-09-30 23:33:48+02:00,2026-09-30 23:35:12+02:00,2026-09-30,23,Wednesday,False,1.5735333333333335
20260930_213208,2026-09-30 21:32:13.588000+00:00,Basel,local,ch:1:sloid:78143,"Basel, Bahnhof SBB",ch:1:sloid:78143:1:33,2026-09-30,ch:1:sjyid:100622:plan:7024474e-e70f-4114-a0ae-6178e446d023,tram,Tram,2,2,2285,"Binningen, Kronenplatz","Basel, Badischer Bahnhof",F,,2026-09-30 21:33:48+00:00,2026-09-30 21:35:18+00:00,,True,1.5,2026-09-30 23:32:13.588000+02:00,2026-09-30 23:33:48+02:00,2026-09-30 23:35:18+02:00,2026-09-30,23,Wednesday,False,1.5735333333333335
20260930_213208,2026-09-30 21:32:13.588000+00:00,Basel,local,ch:1:sloid:78143,"Basel, Bahnhof SBB",ch:1:sloid:78143:3:3,2026-09-30,ch:1:sjyid:100622:plan:4a8ac1b8-bd2d-4b72-9ba8-f2c7aedd321c,bus,Bus,30,30,30411,"Basel, Bahnhof SBB","Basel, Badischer Bahnhof",B,,2026-09-30 21:34:30+00:00,2026-09-30 21:34:30+00:00,,True,0.0,2026-09-30 23:32:13.588000+02:00,2026-09-30 23:34:30+02:00,2026-09-30 23:34:30+02:00,2026-09-30,23,Wednesday,False,2.2735333333333334
20260930_213208,2026-09-30 21:32:13.588000+00:00,Basel,local,ch:1:sloid:78143,"Basel, Bahnhof SBB",ch:1:sloid:78143:3:5,2026-09-30,ch:1:sjyid:100622:plan:4a5bb5d1-22a3-4179-b6db-2f42b216c9fa,bus,Bus,48,48,48167,"Basel, Bahnhof SBB","Basel, Bachgraben",A,,2026-09-30 21:34:48+00:00,2026-09-30 21:34:48+00:00,,True,0.0,2026-09-30 23:32:13.588000+02:00,2026-09-30 23:34:48+02:00,2026-09-30 23:34:48+02:00,2026-09-30,23,Wednesday,False,2.5735333333333332
20260930_213208,2026-09-30 21:32:13.588000+00:00,Basel,local,ch:1:sloid:78143,"Basel, Bahnhof SBB",ch:1:sloid:78143:1:35,2026-09-30,ch:1:sjyid:100019:plan:562ca0a9-f2f8-46bd-83c7-9501ab34b188,tram,Tram,10,10,10524,"Dornach, Bahnhof","Rodersdorf, Station",H,,2026-09-30 21:35:00+00:00,2026-09-30 21:40:06+00:00,,True,5.1,2026-09-30 23:32:13.588000+02:00,2026-09-30 23:35:00+02:00,2026-09-30 23:40:06+02:00,2026-09-30,23,Wednesday,False,2.7735333333333334
20260930_213208,2026-09-30 21:32:13.588000+00:00,Basel,local,ch:1:sloid:78143,"Basel, Bahnhof SBB",ch:1:sloid:78143:1:34,2026-09-30,ch:1:sjyid:100019:plan:42ef7202-b6aa-4fe0-9fa0-895961a58fa1,tram,Tram,10,10,10613,"Flüh, Station",Dornach Bahnhof,G,,2026-09-30 21:35:00+00:00,2026-09-30 21:35:30+00:00,,True,0.5,2026-09-30 23:32:13.588000+02:00,2026-09-30 23:35:00+02:00,2026-09-30 23:35:30+02:00,2026-09-30,23,Wednesday,False,2.7735333333333334
20260930_213208,2026-09-30 21:32:13.588000+00:00,Basel,local,ch:1:sloid:78143,"Basel, Bahnhof SBB",ch:1:sloid:78143:1:34,2026-09-30,ch:1:sjyid:100019:plan:13b96a0c-0dd3-4014-846c-0418fa655c03,tram,Tram,11,11,38565,"Basel, St-Louis Grenze","Basel, Dreispitz",G,,2026-09-30 21:40:24+00:00,2026-09-30 21:41:06+00:00,,True,0.7,2026-09-30 23:32:13.588000+02:00,2026-09-30 23:40:24+02:00,2026-09-30 23:41:06+02:00,2026-09-30,23,Wednesday,False,8.173533333333333
20260930_213208,2026-09-30 21:32:13.588000+00:00,Basel,local,ch:1:sloid:78143,"Basel, Bahnhof SBB",ch:1:sloid:78143:1:31,2026-09-30,ch:1:sjyid:100622:plan:e915cc09-266a-4388-aa69-fd9bdbac587a,tram,Tram,1,1,1278,"Basel, Bahnhof SBB","Basel, Dreirosenbrücke",D,,2026-09-30 21:43:36+00:00,2026-09-30 21:43:36+00:00,,True,0.0,2026-09-30 23:32:13.588000+02:00,2026-09-30 23:43:36+02:00,2026-09-30 23:43:36+02:00,2026-09-30,23,Wednesday,False,11.373533333333334
20260930_213208,2026-09-30 21:32:13.588000+00:00,Basel,local,ch:1:sloid:78143,"Basel, Bahnhof SBB",ch:1:sloid:78143:1:33,2026-09-30,ch:1:sjyid:100622:plan:99706ee2-4e35-4f87-a365-638835bf5335,tram,Tram,8,8,8301,"Basel, Neuweilerstrasse",Weil am Rhein (D) Bahnhof / Zentrum,F,,2026-09-30 21:44:30+00:00,2026-09-30 21:44:30+00:00,,True,0.0,2026-09-30 23:32:13.588000+02:00,2026-09-30 23:44:30+02:00,2026-09-30 23:44:30+02:00,2026-09-30,23,Wednesday,False,12.273533333333335
20260930_213208,2026-09-30 21:32:13.588000+00:00,Basel,local,ch:1:sloid:78143,"Basel, Bahnhof SBB",ch:1:sloid:78143:3:3,2026-09-30,ch:1:sjyid:100622:plan:278e0b11-d0a1-4e41-948a-c445f452ffde,bus,Bus,50,50,50265,"Basel, Bahnhof SBB","Basel, EuroAirport",B,,2026-09-30 21:46:00+00:00,2026-09-30 21:46:30+00:00,,True,0.5,2026-09-30 23:32:13.588000+02:00,2026-09-30 23:46:00+02:00,2026-09-30 23:46:30+02:00,2026-09-30,23,Wednesday,False,13.773533333333335
20260930_213208,2026-09-30 21:32:13.588000+00:00,Basel,local,ch:1:sloid:78143,"Basel, Bahnhof SBB",ch:1:sloid:78143:1:35,2026-09-30,ch:1:sjyid:100019:plan:cb8df714-6c22-4654-8e72-af57c87547a4,tram,Tram,11,11,38556,"Basel, Dreispitz","Basel, Saint-Louis Grenze",H,,2026-09-30 21:47:24+00:00,2026-09-30 21:47:24+00:00,,True,0.0,2026-09-30 23:32:13.588000+02:00,2026-09-30 23:47:24+02:00,2026-09-30 23:47:24+02:00,2026-09-30,23,Wednesday,False,15.173533333333333
20260930_213208,2026-09-30 21:32:13.588000+00:00,Basel,local,ch:1:sloid:78143,"Basel, Bahnhof SBB",ch:1:sloid:78143:1:32,2026-09-30,ch:1:sjyid:100622:plan:d1d741aa-3224-42ce-9aea-d7a6fd33ea34,tram,Tram,2,2,2286,"Basel, Badischer Bahnhof","Binningen, Kronenplatz",E,,2026-09-30 21:47:18+00:00,2026-09-30 21:47:18+00:00,,True,0.0,2026-09-30 23:32:13.588000+02:00,2026-09-30 23:47:18+02:00,2026-09-30 23:47:18+02:00,2026-09-30,23,Wednesday,False,15.073533333333334
20260930_213208,2026-09-30 21:32:13.588000+00:00,Basel,local,ch:1:sloid:78143,"Basel, Bahnhof SBB",ch:1:sloid:78143:1:32,2026-09-30,ch:1:sjyid:100622:plan:ee4731ae-4fa1-44e5-a639-a5264ae12248,tram,Tram,8,8,8292,"Weil am Rhein, Bahnhof/Zentrum","Basel, Neuweilerstrasse",E,,2026-09-30 21:48:48+00:00,2026-09-30 21:49:00+00:00,,True,0.2,2026-09-30 23:32:13.588000+02:00,2026-09-30 23:48:48+02:00,2026-09-30 23:49:00+02:00,2026-09-30,23,Wednesday,False,16.573533333333334
20260930_213208,2026-09-30 21:32:13.588000+00:00,Basel,local,ch:1:sloid:78143,"Basel, Bahnhof SBB",ch:1:sloid:78143:1:33,2026-09-30,ch:1:sjyid:100622:plan:2fbdfde9-3ec2-4dbe-97f7-45d075bbe0aa,tram,Tram,2,2,2287,"Binningen, Kronenplatz","Basel, Badischer Bahnhof",F,,2026-09-30 21:48:48+00:00,2026-09-30 21:48:48+00:00,,True,0.0,2026-09-30 23:32:13.588000+02:00,2026-09-30 23:48:48+02:00,2026-09-30 23:48:48+02:00,2026-09-30,23,Wednesday,False,16.573533333333334
20260930_213208,2026-09-30 21:32:13.588000+00:00,Basel,local,ch:1:sloid:78143,"Basel, Bahnhof SBB",ch:1:sloid:78143:3:3,2026-09-30,ch:1:sjyid:100622:plan:43d91a13-9b2a-4090-8b7b-2153a871b6d9,bus,Bus,30,30,30413,"Basel, Bahnhof SBB","Basel, Badischer Bahnhof",B,,2026-09-30 21:49:30+00:00,2026-09-30 21:49:30+00:00,,True,0.0,2026-09-30 23:32:13.588000+02:00,2026-09-30 23:49:30+02:00,2026-09-30 23:49:30+02:00,2026-09-30,23,Wednesday,False,17.273533333333333
20260930_213208,2026-09-30 21:32:13.588000+00:00,Basel,local,ch:1:sloid:78143,"Basel, Bahnhof SBB",ch:1:sloid:78143:1:35,2026-09-30,ch:1:sjyid:100019:plan:b1204dc2-db2d-4bc3-828e-1cbe1570a804,tram,Tram,10,10,10526,"Dornach, Bahnhof","Flüh, Station",H,,2026-09-30 21:50:00+00:00,2026-09-30 21:50:30+00:00,,True,0.5,2026-09-30 23:32:13.588000+02:00,2026-09-30 23:50:00+02:00,2026-09-30 23:50:30+02:00,2026-09-30,23,Wednesday,False,17.773533333333333
20260930_213208,2026-09-30 21:32:13.588000+00:00,Basel,local,ch:1:sloid:78143,"Basel, Bahnhof SBB",ch:1:sloid:78143:1:34,2026-09-30,ch:1:sjyid:100019:plan:d4980fbc-1c86-46b4-aa92-62896ef71b7c,tram,Tram,10,10,10615,"Rodersdorf, Station",Dornach Bahnhof,G,,2026-09-30 21:50:00+00:00,2026-09-30 21:50:24+00:00,,True,0.4,2026-09-30 23:32:13.588000+02:00,2026-09-30 23:50:00+02:00,2026-09-30 23:50:24+02:00,2026-09-30,23,Wednesday,False,17.773533333333333
20260930_213208,2026-09-30 21:32:13.588000+00:00,Basel,local,ch:1:sloid:78143,"Basel, Bahnhof SBB",ch:1:sloid:78143:1:34,2026-09-30,ch:1:sjyid:100019:plan:7338bf38-98ff-4fdc-b37a-6cf19441dbb7,tram,Tram,11,11,38567,"Basel, St-Louis Grenze","Basel, Dreispitz",G,,2026-09-30 21:55:24+00:00,2026-09-30 21:55:24+00:00,,True,0.0,2026-09-30 23:32:13.588000+02:00,2026-09-30 23:55:24+02:00,2026-09-30 23:55:24+02:00,2026-09-30,23,Wednesday,False,23.173533333333335
20260930_213208,2026-09-30 21:32:13.588000+00:00,Basel,local,ch:1:sloid:78143,"Basel, Bahnhof SBB",ch:1:sloid:78143:3:7,2026-09-30,ch:1:sjyid:100019:plan:842578c9-4f88-44b1-9019-1db410447d51,bus,Bus,37,37,37784,"Basel, Bahnhof SBB","Basel, Dreispitz",K,,2026-09-30 21:57:00+00:00,2026-09-30 21:57:00+00:00,,True,0.0,2026-09-30 23:32:13.588000+02:00,2026-09-30 23:57:00+02:00,2026-09-30 23:57:00+02:00,2026-09-30,23,Wednesday,False,24.773533333333333
20260930_213208,2026-09-30 21:32:13.588000+00:00,Basel,local,ch:1:sloid:78143,"Basel, Bahnhof SBB",ch:1:sloid:78143:1:31,2026-09-30,ch:1:sjyid:100622:plan:957a3073-86e3-46f1-a346-af4f7d0b08d8,tram,Tram,1,1,1280,"Basel, Bahnhof SBB","Basel, Dreirosenbrücke",D,,2026-09-30 21:58:36+00:00,2026-09-30 21:58:36+00:00,,True,0.0,2026-09-30 23:32:13.588000+02:00,2026-09-30 23:58:36+02:00,2026-09-30 23:58:36+02:00,2026-09-30,23,Wednesday,False,26.373533333333334
20260930_213208,2026-09-30 21:32:13.588000+00:00,Basel,local,ch:1:sloid:78143,"Basel, Bahnhof SBB",ch:1:sloid:78143:1:33,2026-09-30,ch:1:sjyid:100622:plan:016cd1ba-7e31-43dd-995a-609e1341b62e,tram,Tram,8,8,8303,"Basel, Neuweilerstrasse","Basel, Kleinhüningen",F,,2026-09-30 21:59:30+00:00,2026-09-30 21:59:30+00:00,,True,0.0,2026-09-30 23:32:13.588000+02:00,2026-09-30 23:59:30+02:00,2026-09-30 23:59:30+02:00,2026-09-30,23,Wednesday,False,27.273533333333333
20260930_213208,2026-09-30 21:32:13.588000+00:00,Basel,local,ch:1:sloid:78143,"Basel, Bahnhof SBB",ch:1:sloid:78143:1:35,2026-09-30,ch:1:sjyid:100019:plan:d1500692-bdc6-4075-b290-3ca1ef155fb9,tram,Tram,11,11,38558,"Basel, Dreispitz","Basel, Saint-Louis Grenze",H,,2026-09-30 22:02:24+00:00,2026-09-30 22:02:24+00:00,,True,0.0,2026-09-30 23:32:13.588000+02:00,2026-10-01 00:02:24+02:00,2026-10-01 00:02:24+02:00,2026-10-01,0,Thursday,False,30.173533333333335
20260930_213208,2026-09-30 21:32:13.588000+00:00,Basel,local,ch:1:sloid:78143,"Basel, Bahnhof SBB",ch:1:sloid:78143:1:32,2026-09-30,ch:1:sjyid:100622:plan:35a68f39-5f34-4c20-8ede-08ef9d03d469,tram,Tram,2,2,2288,"Basel, Badischer Bahnhof","Binningen, Kronenplatz",E,,2026-09-30 22:02:18+00:00,2026-09-30 22:02:18+00:00,,True,0.0,2026-09-30 23:32:13.588000+02:00,2026-10-01 00:02:18+02:00,2026-10-01 00:02:18+02:00,2026-10-01,0,Thursday,False,30.073533333333334
20260930_213208,2026-09-30 21:32:13.588000+00:00,Basel,local,ch:1:sloid:78143,"Basel, Bahnhof SBB",ch:1:sloid:78143:1:32,2026-09-30,ch:1:sjyid:100622:plan:3019e24a-1e55-4c03-b318-dd7c49c6b519,tram,Tram,8,8,8294,"Weil am Rhein, Bahnhof/Zentrum","Basel, Neuweilerstrasse",E,,2026-09-30 22:03:48+00:00,2026-09-30 22:03:48+00:00,,True,0.0,2026-09-30 23:32:13.588000+02:00,2026-10-01 00:03:48+02:00,2026-10-01 00:03:48+02:00,2026-10-01,0,Thursday,False,31.573533333333334
20260930_213208,2026-09-30 21:32:13.588000+00:00,Basel,local,ch:1:sloid:78143,"Basel, Bahnhof SBB",ch:1:sloid:78143:1:33,2026-09-30,ch:1:sjyid:100622:plan:cb37e958-76d5-495e-a0f2-5cdc551d32bc,tram,Tram,2,2,2289,"Binningen, Kronenplatz","Basel, Badischer Bahnhof",F,,2026-09-30 22:03:48+00:00,2026-09-30 22:03:48+00:00,,True,0.0,2026-09-30 23:32:13.588000+02:00,2026-10-01 00:03:48+02:00,2026-10-01 00:03:48+02:00,2026-10-01,0,Thursday,False,31.573533333333334
20260930_213208,2026-09-30 21:32:13.588000+00:00,Basel,local,ch:1:sloid:78143,"Basel, Bahnhof SBB",ch:1:sloid:78143:3:3,2026-09-30,ch:1:sjyid:100622:plan:8ba49c66-5845-41df-a96a-b1aca2260204,bus,Bus,30,30,30417,"Basel, Bahnhof SBB","Basel, Badischer Bahnhof",B,,2026-09-30 22:04:30+00:00,2026-09-30 22:04:30+00:00,,True,0.0,2026-09-30 23:32:13.588000+02:00,2026-10-01 00:04:30+02:00,2026-10-01 00:04:30+02:00,2026-10-01,0,Thursday,False,32.27353333333333
20260930_213208,2026-09-30 21:32:13.588000+00:00,Basel,local,ch:1:sloid:78143,"Basel, Bahnhof SBB",ch:1:sloid:78143:3:5,2026-09-30,ch:1:sjyid:100622:plan:10ad61c3-cf5f-45d0-97ba-1758ec613ccf,bus,Bus,48,48,48169,"Basel, Bahnhof SBB","Basel, Bachgraben",A,,2026-09-30 22:04:48+00:00,2026-09-30 22:04:48+00:00,,True,0.0,2026-09-30 23:32:13.588000+02:00,2026-10-01 00:04:48+02:00,2026-10-01 00:04:48+02:00,2026-10-01,0,Thursday,False,32.57353333333334
20260930_213208,2026-09-30 21:32:13.588000+00:00,Basel,local,ch:1:sloid:78143,"Basel, Bahnhof SBB",ch:1:sloid:78143:1:35,2026-09-30,ch:1:sjyid:100019:plan:64d29bb6-05c8-4213-9ada-0f42845bb35b,tram,Tram,10,10,10528,"Dornach, Bahnhof","Rodersdorf, Station",H,,2026-09-30 22:05:00+00:00,2026-09-30 22:05:24+00:00,,True,0.4,2026-09-30 23:32:13.588000+02:00,2026-10-01 00:05:00+02:00,2026-10-01 00:05:24+02:00,2026-10-01,0,Thursday,False,32.77353333333333
20260930_213208,2026-09-30 21:32:14.077000+00:00,Luzern,local,ch:1:sloid:8450,"Luzern, Bahnhof",ch:1:sloid:8450::2,2026-09-30,ch:1:sjyid:100619:plan:99729023-717c-48b3-b96f-a42d6f992179,bus,Bus,7,7,26462,"Horw, Biregghof",Unterlöchli,B,,2026-09-30 21:30:00+00:00,2026-09-30 21:33:00+00:00,,True,3.0,2026-09-30 23:32:14.077000+02:00,2026-09-30 23:30:00+02:00,2026-09-30 23:33:00+02:00,2026-09-30,23,Wednesday,False,-2.2346166666666667
20260930_213208,2026-09-30 21:32:14.077000+00:00,Luzern,local,ch:1:sloid:8450,"Luzern, Bahnhof",ch:1:sloid:8450::14,2026-09-30,ch:1:sjyid:100619:plan:c1cbecd0-a769-490d-8f9c-9d4d87d9866e,bus,Bus,21,21,53411,"Luzern, Bahnhof",Horw Zentrum,Q,,2026-09-30 21:33:00+00:00,2026-09-30 21:33:00+00:00,,True,0.0,2026-09-30 23:32:14.077000+02:00,2026-09-30 23:33:00+02:00,2026-09-30 23:33:00+02:00,2026-09-30,23,Wednesday,False,0.7653833333333334
20260930_213208,2026-09-30 21:32:14.077000+00:00,Luzern,local,ch:1:sloid:8450,"Luzern, Bahnhof",ch:1:sloid:8450::10,2026-09-30,ch:1:sjyid:100619:plan:2fffe1b3-56e4-44b6-9c18-7bb2d1f3f6ef,bus,Bus,20,20,49433,"Luzern, Bahnhof",Horw Technikumstrasse,J,,2026-09-30 21:34:00+00:00,,,False,,2026-09-30 23:32:14.077000+02:00,2026-09-30 23:34:00+02:00,,2026-09-30,23,Wednesday,False,1.7653833333333333
20260930_213208,2026-09-30 21:32:14.077000+00:00,Luzern,local,ch:1:sloid:8450,"Luzern, Bahnhof",ch:1:sloid:8450::19,2026-09-30,ch:1:sjyid:100611:plan:084900005201015,bus,Bus,52,52,52056,"Luzern, Bahnhof",Rickenbach LU Dorf,L,,2026-09-30 21:35:00+00:00,2026-09-30 21:35:00+00:00,,True,0.0,2026-09-30 23:32:14.077000+02:00,2026-09-30 23:35:00+02:00,2026-09-30 23:35:00+02:00,2026-09-30,23,Wednesday,False,2.7653833333333333
20260930_213208,2026-09-30 21:32:14.077000+00:00,Luzern,local,ch:1:sloid:8450,"Luzern, Bahnhof",ch:1:sloid:8450::17,2026-09-30,ch:1:sjyid:100619:plan:f97d1e2b-3703-4933-a0e0-fdab6d8ee983,bus,Bus,10,10,32955,"Luzern, Bahnhof",Dattenberg,W,,2026-09-30 21:35:00+00:00,2026-09-30 21:35:00+00:00,,True,0.0,2026-09-30 23:32:14.077000+02:00,2026-09-30 23:35:00+02:00,2026-09-30 23:35:00+02:00,2026-09-30,23,Wednesday,False,2.7653833333333333
20260930_213208,2026-09-30 21:32:14.077000+00:00,Luzern,local,ch:1:sloid:8450,"Luzern, Bahnhof",ch:1:sloid:8450::12,2026-09-30,ch:1:sjyid:100619:plan:14fe0c99-6f3f-40c5-b0d2-c1e0b5e032bb,bus,Bus,24,24,60564,"Luzern, Bahnhof",Meggen Tschädigen,S,,2026-09-30 21:36:00+00:00,2026-09-30 21:36:00+00:00,,True,0.0,2026-09-30 23:32:14.077000+02:00,2026-09-30 23:36:00+02:00,2026-09-30 23:36:00+02:00,2026-09-30,23,Wednesday,False,3.7653833333333333
20260930_213208,2026-09-30 21:32:14.077000+00:00,Luzern,local,ch:1:sloid:8450,"Luzern, Bahnhof",ch:1:sloid:8450::1,2026-09-30,ch:1:sjyid:100619:plan:f3b3a034-edfc-4243-a042-e061eae9af86,bus,Bus,1,1,4841,"Ebikon, Fildern",Obernau Dorf,A,,2026-09-30 21:36:00+00:00,2026-09-30 21:36:30+00:00,,True,0.5,2026-09-30 23:32:14.077000+02:00,2026-09-30 23:36:00+02:00,2026-09-30 23:36:30+02:00,2026-09-30,23,Wednesday,False,3.7653833333333333
20260930_213208,2026-09-30 21:32:14.077000+00:00,Luzern,local,ch:1:sloid:8450,"Luzern, Bahnhof",ch:1:sloid:8450::15,2026-09-30,ch:1:sjyid:100602:4c6bcd60-019f-4669-bc69-aca57e6b5af4,bus,Bus,73,73,73211,"Luzern, Bahnhof",Udligenswil,U,,2026-09-30 21:37:00+00:00,2026-09-30 21:37:00+00:00,,True,0.0,2026-09-30 23:32:14.077000+02:00,2026-09-30 23:37:00+02:00,2026-09-30 23:37:00+02:00,2026-09-30,23,Wednesday,False,4.765383333333333
20260930_213208,2026-09-30 21:32:14.077000+00:00,Luzern,local,ch:1:sloid:8450,"Luzern, Bahnhof",ch:1:sloid:8450::2,2026-09-30,ch:1:sjyid:100619:plan:0ed5fc40-a386-4641-ba86-496ce85cc442,bus,Bus,6,6,22396,"Luzern, Matthof",Büttenenhalde,B,,2026-09-30 21:38:00+00:00,2026-09-30 21:38:06+00:00,,True,0.1,2026-09-30 23:32:14.077000+02:00,2026-09-30 23:38:00+02:00,2026-09-30 23:38:06+02:00,2026-09-30,23,Wednesday,False,5.765383333333333
20260930_213208,2026-09-30 21:32:14.077000+00:00,Luzern,local,ch:1:sloid:8450,"Luzern, Bahnhof",ch:1:sloid:8450::1,2026-09-30,ch:1:sjyid:100619:plan:96424cc4-13f8-42cd-bb62-a288be816baa,bus,Bus,6,6,22411,"Luzern, Büttenenhalde",Matthof,A,,2026-09-30 21:38:00+00:00,2026-09-30 21:38:54+00:00,,True,0.9,2026-09-30 23:32:14.077000+02:00,2026-09-30 23:38:00+02:00,2026-09-30 23:38:54+02:00,2026-09-30,23,Wednesday,False,5.765383333333333
20260930_213208,2026-09-30 21:32:14.077000+00:00,Luzern,local,ch:1:sloid:8450,"Luzern, Bahnhof",ch:1:sloid:8450::11,2026-09-30,ch:1:sjyid:100619:plan:12f627ab-da66-4765-ae0e-673dfd889f56,bus,Bus,19,19,46126,"Luzern, Bahnhof",Friedental,R,,2026-09-30 21:40:00+00:00,2026-09-30 21:40:00+00:00,,True,0.0,2026-09-30 23:32:14.077000+02:00,2026-09-30 23:40:00+02:00,2026-09-30 23:40:00+02:00,2026-09-30,23,Wednesday,False,7.765383333333333
20260930_213208,2026-09-30 21:32:14.077000+00:00,Luzern,local,ch:1:sloid:8450,"Luzern, Bahnhof",ch:1:sloid:8450::23,2026-09-30,ch:1:sjyid:100619:plan:6b05af09-a5be-4c1e-8d33-6287898dd3bb,bus,Bus,2,2,11281,"Luzern, Bahnhof",E'brücke Sprengi,Y,,2026-09-30 21:43:00+00:00,2026-09-30 21:43:00+00:00,,True,0.0,2026-09-30 23:32:14.077000+02:00,2026-09-30 23:43:00+02:00,2026-09-30 23:43:00+02:00,2026-09-30,23,Wednesday,False,10.765383333333334
20260930_213208,2026-09-30 21:32:14.077000+00:00,Luzern,local,ch:1:sloid:8450,"Luzern, Bahnhof",ch:1:sloid:8450::2,2026-09-30,ch:1:sjyid:100619:plan:c4b3f08b-8d35-4fc9-b9ad-e0a226a8e9dd,bus,Bus,7,7,26482,"Horw, Biregghof",Unterlöchli,B,,2026-09-30 21:45:00+00:00,2026-09-30 21:45:00+00:00,,True,0.0,2026-09-30 23:32:14.077000+02:00,2026-09-30 23:45:00+02:00,2026-09-30 23:45:00+02:00,2026-09-30,23,Wednesday,False,12.765383333333334
20260930_213208,2026-09-30 21:32:14.077000+00:00,Luzern,local,ch:1:sloid:8450,"Luzern, Bahnhof",ch:1:sloid:8450::2,2026-09-30,ch:1:sjyid:100619:plan:b9471bd8-402b-4368-ab58-c9f2a6d6a3e9,bus,Bus,14,14,39930,"Luzern, Pilatusplatz",Brüelstrasse,B,,2026-09-30 21:45:00+00:00,2026-09-30 21:45:00+00:00,,True,0.0,2026-09-30 23:32:14.077000+02:00,2026-09-30 23:45:00+02:00,2026-09-30 23:45:00+02:00,2026-09-30,23,Wednesday,False,12.765383333333334
20260930_213208,2026-09-30 21:32:14.077000+00:00,Luzern,local,ch:1:sloid:8450,"Luzern, Bahnhof",ch:1:sloid:8450::16,2026-09-30,ch:1:sjyid:100619:plan:96906b0f-d752-48a8-8a86-526d202c9424,bus,Bus,4,4,15869,"Luzern, Bahnhof",Hubelmatt,V,,2026-09-30 21:45:00+00:00,2026-09-30 21:45:00+00:00,,True,0.0,2026-09-30 23:32:14.077000+02:00,2026-09-30 23:45:00+02:00,2026-09-30 23:45:00+02:00,2026-09-30,23,Wednesday,False,12.765383333333334
20260930_213208,2026-09-30 21:32:14.077000+00:00,Luzern,local,ch:1:sloid:8450,"Luzern, Bahnhof",ch:1:sloid:8450::1,2026-09-30,ch:1:sjyid:100619:plan:d4b688d3-f62d-46f0-b9a5-a6a7bb7e1944,bus,Bus,7,7,26497,"Luzern, Unterlöchli",Horw Biregghof,A,,2026-09-30 21:45:00+00:00,2026-09-30 21:45:00+00:00,,True,0.0,2026-09-30 23:32:14.077000+02:00,2026-09-30 23:45:00+02:00,2026-09-30 23:45:00+02:00,2026-09-30,23,Wednesday,False,12.765383333333334
20260930_213208,2026-09-30 21:32:14.077000+00:00,Luzern,local,ch:1:sloid:8450,"Luzern, Bahnhof",ch:1:sloid:8450::2,2026-09-30,ch:1:sjyid:100619:plan:8ca40de0-564d-4fdb-9d9c-2728881b0153,bus,Bus,1,1,6146,"Obernau, Dorf",Ebikon Fildern,B,,2026-09-30 21:46:00+00:00,2026-09-30 21:46:00+00:00,,True,0.0,2026-09-30 23:32:14.077000+02:00,2026-09-30 23:46:00+02:00,2026-09-30 23:46:00+02:00,2026-09-30,23,Wednesday,False,13.765383333333334
20260930_213208,2026-09-30 21:32:14.077000+00:00,Luzern,local,ch:1:sloid:8450,"Luzern, Bahnhof",ch:1:sloid:8450::20,2026-09-30,ch:1:sjyid:100619:plan:b4f00794-2cdf-4b5a-8f25-d2d569fe0d91,bus,Bus,12,12,84777,"Luzern, Bahnhof",Gasshof,M,,2026-09-30 21:46:00+00:00,2026-09-30 21:46:00+00:00,,True,0.0,2026-09-30 23:32:14.077000+02:00,2026-09-30 23:46:00+02:00,2026-09-30 23:46:00+02:00,2026-09-30,23,Wednesday,False,13.765383333333334
20260930_213208,2026-09-30 21:32:14.077000+00:00,Luzern,local,ch:1:sloid:8450,"Luzern, Bahnhof",ch:1:sloid:8450::1,2026-09-30,ch:1:sjyid:100619:plan:9948ac69-5036-4511-aa88-08767dcabbcd,bus,Bus,14,14,39563,"Luzern, Brüelstrasse",Horw Zentrum,A,,2026-09-30 21:48:00+00:00,2026-09-30 21:48:00+00:00,,True,0.0,2026-09-30 23:32:14.077000+02:00,2026-09-30 23:48:00+02:00,2026-09-30 23:48:00+02:00,2026-09-30,23,Wednesday,False,15.765383333333334
20260930_213208,2026-09-30 21:32:14.077000+00:00,Luzern,local,ch:1:sloid:8450,"Luzern, Bahnhof",ch:1:sloid:8450::10,2026-09-30,ch:1:sjyid:100619:plan:89a00116-ebb9-4001-b442-b9f7b9afbd02,bus,Bus,20,20,49449,"Luzern, Bahnhof",Horw Ennethorw,J,,2026-09-30 21:49:00+00:00,2026-09-30 21:49:00+00:00,,True,0.0,2026-09-30 23:32:14.077000+02:00,2026-09-30 23:49:00+02:00,2026-09-30 23:49:00+02:00,2026-09-30,23,Wednesday,False,16.765383333333332
20260930_213208,2026-09-30 21:32:14.077000+00:00,Luzern,local,ch:1:sloid:8450,"Luzern, Bahnhof",ch:1:sloid:8450::1,2026-09-30,ch:1:sjyid:100619:plan:bc703aab-afdf-4086-a9a6-51d111562c1f,bus,Bus,1,1,4865,"Ebikon, Fildern",Obernau Dorf,A,,2026-09-30 21:51:00+00:00,2026-09-30 21:52:00+00:00,,True,1.0,2026-09-30 23:32:14.077000+02:00,2026-09-30 23:51:00+02:00,2026-09-30 23:52:00+02:00,2026-09-30,23,Wednesday,False,18.765383333333332
20260930_213208,2026-09-30 21:32:14.077000+00:00,Luzern,local,ch:1:sloid:8450,"Luzern, Bahnhof",ch:1:sloid:8450::2,2026-09-30,ch:1:sjyid:100619:plan:f9751aee-7cd6-4996-92eb-696d607a7543,bus,Bus,8,8,29648,"Luzern, Hirtenhof",Würzenbach,B,,2026-09-30 21:53:00+00:00,2026-09-30 21:53:00+00:00,,True,0.0,2026-09-30 23:32:14.077000+02:00,2026-09-30 23:53:00+02:00,2026-09-30 23:53:00+02:00,2026-09-30,23,Wednesday,False,20.765383333333332
20260930_213208,2026-09-30 21:32:14.077000+00:00,Luzern,local,ch:1:sloid:8450,"Luzern, Bahnhof",ch:1:sloid:8450::1,2026-09-30,ch:1:sjyid:100619:plan:811b982d-44f2-4d30-8b83-84baabc899ed,bus,Bus,8,8,29995,"Luzern, Würzenbach",Hirtenhof,A,,2026-09-30 21:53:00+00:00,2026-09-30 21:53:00+00:00,,True,0.0,2026-09-30 23:32:14.077000+02:00,2026-09-30 23:53:00+02:00,2026-09-30 23:53:00+02:00,2026-09-30,23,Wednesday,False,20.765383333333332
20260930_213208,2026-09-30 21:32:14.077000+00:00,Luzern,local,ch:1:sloid:8450,"Luzern, Bahnhof",ch:1:sloid:8450::11,2026-09-30,ch:1:sjyid:100619:plan:ae36cb33-187e-41b3-bed1-30b8a2d36327,bus,Bus,19,19,46136,"Luzern, Bahnhof",Friedental,R,,2026-09-30 21:55:00+00:00,2026-09-30 21:55:00+00:00,,True,0.0,2026-09-30 23:32:14.077000+02:00,2026-09-30 23:55:00+02:00,2026-09-30 23:55:00+02:00,2026-09-30,23,Wednesday,False,22.765383333333332
20260930_213208,2026-09-30 21:32:14.077000+00:00,Luzern,local,ch:1:sloid:8450,"Luzern, Bahnhof",ch:1:sloid:8450::23,2026-09-30,ch:1:sjyid:100619:plan:2051f78a-563f-471d-a586-e55295e67adb,bus,Bus,2,2,11309,"Luzern, Bahnhof",E'brücke Sprengi,Y,,2026-09-30 21:58:00+00:00,2026-09-30 21:58:00+00:00,,True,0.0,2026-09-30 23:32:14.077000+02:00,2026-09-30 23:58:00+02:00,2026-09-30 23:58:00+02:00,2026-09-30,23,Wednesday,False,25.765383333333332
20260930_213208,2026-09-30 21:32:14.077000+00:00,Luzern,local,ch:1:sloid:8450,"Luzern, Bahnhof",ch:1:sloid:8450::2,2026-09-30,ch:1:sjyid:100619:plan:bc7d0776-ddfb-4e5d-933a-62ad86f46c2b,bus,Bus,14,14,39950,"Horw, Zentrum",Brüelstrasse,B,,2026-09-30 21:59:36+00:00,2026-09-30 21:59:36+00:00,,True,0.0,2026-09-30 23:32:14.077000+02:00,2026-09-30 23:59:36+02:00,2026-09-30 23:59:36+02:00,2026-09-30,23,Wednesday,False,27.365383333333334
20260930_213208,2026-09-30 21:32:14.077000+00:00,Luzern,local,ch:1:sloid:8450,"Luzern, Bahnhof",ch:1:sloid:8450::2,2026-09-30,ch:1:sjyid:100619:plan:a2db2a36-a751-4e03-a1d7-932839e956f4,bus,Bus,7,7,26498,"Horw, Biregghof",Unterlöchli,B,,2026-09-30 22:00:00+00:00,2026-09-30 22:00:00+00:00,,True,0.0,2026-09-30 23:32:14.077000+02:00,2026-10-01 00:00:00+02:00,2026-10-01 00:00:00+02:00,2026-10-01,0,Thursday,False,27.765383333333332
20260930_213208,2026-09-30 21:32:14.077000+00:00,Luzern,local,ch:1:sloid:8450,"Luzern, Bahnhof",ch:1:sloid:8450::16,2026-09-30,ch:1:sjyid:100619:plan:09c61947-6047-4827-8785-8810b5975c77,bus,Bus,4,4,15887,"Luzern, Bahnhof",Hubelmatt,V,,2026-09-30 22:00:00+00:00,2026-09-30 22:00:00+00:00,,True,0.0,2026-09-30 23:32:14.077000+02:00,2026-10-01 00:00:00+02:00,2026-10-01 00:00:00+02:00,2026-10-01,0,Thursday,False,27.765383333333332
20260930_213208,2026-09-30 21:32:14.077000+00:00,Luzern,local,ch:1:sloid:8450,"Luzern, Bahnhof",ch:1:sloid:8450::1,2026-09-30,ch:1:sjyid:100619:plan:d6ef5910-b8b3-427c-a43b-785c164493c7,bus,Bus,7,7,26521,"Luzern, Unterlöchli",Horw Biregghof,A,,2026-09-30 22:00:00+00:00,2026-09-30 22:00:00+00:00,,True,0.0,2026-09-30 23:32:14.077000+02:00,2026-10-01 00:00:00+02:00,2026-10-01 00:00:00+02:00,2026-10-01,0,Thursday,False,27.765383333333332
20260930_213208,2026-09-30 21:32:14.077000+00:00,Luzern,local,ch:1:sloid:8450,"Luzern, Bahnhof",ch:1:sloid:8450::2,2026-09-30,ch:1:sjyid:100619:plan:bfaeedac-7838-4dff-9b67-ccd5eeaebb04,bus,Bus,1,1,6182,"Obernau, Dorf",Ebikon Fildern,B,,2026-09-30 22:01:00+00:00,2026-09-30 22:01:00+00:00,,True,0.0,2026-09-30 23:32:14.077000+02:00,2026-10-01 00:01:00+02:00,2026-10-01 00:01:00+02:00,2026-10-01,0,Thursday,False,28.765383333333332
20260930_213208,2026-09-30 21:32:14.533000+00:00,St. Gallen,local,ch:1:sloid:74095,"St. Gallen, Bahnhof",ch:1:sloid:74095:0:174964,2026-09-30,ch:1:sjyid:100602:3cfbd818-9ad1-49c0-be5a-1f67bc3950d5,bus,Bus,120,120,13147,"St. Gallen, Bahnhof",Engelburg,C,,2026-09-30 21:32:00+00:00,2026-09-30 21:32:00+00:00,,True,0.0,2026-09-30 23:32:14.533000+02:00,2026-09-30 23:32:00+02:00,2026-09-30 23:32:00+02:00,2026-09-30,23,Wednesday,False,-0.24221666666666666
20260930_213208,2026-09-30 21:32:14.533000+00:00,St. Gallen,local,ch:1:sloid:74095,"St. Gallen, Bahnhof",ch:1:sloid:74095:0:482413,2026-09-30,ch:1:sjyid:100602:f03c951f-fb29-421f-ac20-4e73efeb8184,bus,Bus,121,121,12208,"St. Gallen, Bahnhof",Heiden,D,,2026-09-30 21:32:00+00:00,2026-09-30 21:32:00+00:00,,True,0.0,2026-09-30 23:32:14.533000+02:00,2026-09-30 23:32:00+02:00,2026-09-30 23:32:00+02:00,2026-09-30,23,Wednesday,False,-0.24221666666666666
20260930_213208,2026-09-30 21:32:14.533000+00:00,St. Gallen,local,ch:1:sloid:74095,"St. Gallen, Bahnhof",ch:1:sloid:74095:0:606657,2026-09-30,ch:1:sjyid:100684:SKI-5558,bus,Bus,5,5,5558,"St. Gallen, Riethüsli",Rotmonten,I,,2026-09-30 21:33:00+00:00,2026-09-30 21:34:06+00:00,,True,1.1,2026-09-30 23:32:14.533000+02:00,2026-09-30 23:33:00+02:00,2026-09-30 23:34:06+02:00,2026-09-30,23,Wednesday,False,0.7577833333333334
20260930_213208,2026-09-30 21:32:14.533000+00:00,St. Gallen,local,ch:1:sloid:74095,"St. Gallen, Bahnhof",ch:1:sloid:74095:0:541287,2026-09-30,ch:1:sjyid:100684:SKI-5569,bus,Bus,5,5,5569,"St. Gallen, Rotmonten",Riethüsli,H,,2026-09-30 21:36:00+00:00,2026-09-30 21:36:00+00:00,,True,0.0,2026-09-30 23:32:14.533000+02:00,2026-09-30 23:36:00+02:00,2026-09-30 23:36:00+02:00,2026-09-30,23,Wednesday,False,3.7577833333333337
20260930_213208,2026-09-30 21:32:14.533000+00:00,St. Gallen,local,ch:1:sloid:74095,"St. Gallen, Bahnhof",ch:1:sloid:74095:0:989159,2026-09-30,ch:1:sjyid:100684:SKI-1583,bus,Bus,1,1,1583,"St. Gallen, Stephanshorn",Winkeln,A,,2026-09-30 21:37:00+00:00,2026-09-30 21:37:00+00:00,,True,0.0,2026-09-30 23:32:14.533000+02:00,2026-09-30 23:37:00+02:00,2026-09-30 23:37:00+02:00,2026-09-30,23,Wednesday,False,4.757783333333333
20260930_213208,2026-09-30 21:32:14.533000+00:00,St. Gallen,local,ch:1:sloid:74095,"St. Gallen, Bahnhof",ch:1:sloid:74095:0:606657,2026-09-30,ch:1:sjyid:100684:SKI-9370,bus,Bus,9,9,9370,"St. Gallen, Hölzli",Sonne,I,,2026-09-30 21:38:00+00:00,2026-09-30 21:38:00+00:00,,True,0.0,2026-09-30 23:32:14.533000+02:00,2026-09-30 23:38:00+02:00,2026-09-30 23:38:00+02:00,2026-09-30,23,Wednesday,False,5.757783333333333
20260930_213208,2026-09-30 21:32:14.533000+00:00,St. Gallen,local,ch:1:sloid:74095,"St. Gallen, Bahnhof",ch:1:sloid:74095:0:894224,2026-09-30,ch:1:sjyid:100684:SKI-6566,bus,Bus,6,6,6566,"St. Gallen, Bach St. Georgen",Heiligkreuz,E,,2026-09-30 21:38:00+00:00,2026-09-30 21:38:00+00:00,,True,0.0,2026-09-30 23:32:14.533000+02:00,2026-09-30 23:38:00+02:00,2026-09-30 23:38:00+02:00,2026-09-30,23,Wednesday,False,5.757783333333333
20260930_213208,2026-09-30 21:32:14.533000+00:00,St. Gallen,local,ch:1:sloid:74095,"St. Gallen, Bahnhof",ch:1:sloid:74095:0:174964,2026-09-30,ch:1:sjyid:100684:SKI-9371,bus,Bus,9,9,9371,"St. Gallen, Rotmonten",Hölzli,C,,2026-09-30 21:40:00+00:00,2026-09-30 21:40:00+00:00,,True,0.0,2026-09-30 23:32:14.533000+02:00,2026-09-30 23:40:00+02:00,2026-09-30 23:40:00+02:00,2026-09-30,23,Wednesday,False,7.757783333333333
20260930_213208,2026-09-30 21:32:14.533000+00:00,St. Gallen,local,ch:1:sloid:74095,"St. Gallen, Bahnhof",ch:1:sloid:74095:0:181274,2026-09-30,ch:1:sjyid:100684:SKI-1586,bus,Bus,1,1,1586,"St. Gallen, Wolfganghof",Stephanshorn,B,,2026-09-30 21:40:00+00:00,2026-09-30 21:40:00+00:00,,True,0.0,2026-09-30 23:32:14.533000+02:00,2026-09-30 23:40:00+02:00,2026-09-30 23:40:00+02:00,2026-09-30,23,Wednesday,False,7.757783333333333
20260930_213208,2026-09-30 21:32:14.533000+00:00,St. Gallen,local,ch:1:sloid:74095,"St. Gallen, Bahnhof",ch:1:sloid:74095:0:606657,2026-09-30,ch:1:sjyid:100684:SKI-7374,bus,Bus,7,7,7374,"St. Gallen, Hinterberg",Neudorf / R'str.,I,,2026-09-30 21:42:00+00:00,2026-09-30 21:42:00+00:00,,True,0.0,2026-09-30 23:32:14.533000+02:00,2026-09-30 23:42:00+02:00,2026-09-30 23:42:00+02:00,2026-09-30,23,Wednesday,False,9.757783333333332
20260930_213208,2026-09-30 21:32:14.533000+00:00,St. Gallen,local,ch:1:sloid:74095,"St. Gallen, Bahnhof",ch:1:sloid:74095:0:888081,2026-09-30,ch:1:sjyid:100684:SKI-3327,bus,Bus,3,3,3327,"St. Gallen, Heiligkreuz","Abtwil SG, St.Josefen",F,,2026-09-30 21:44:00+00:00,2026-09-30 21:44:00+00:00,,True,0.0,2026-09-30 23:32:14.533000+02:00,2026-09-30 23:44:00+02:00,2026-09-30 23:44:00+02:00,2026-09-30,23,Wednesday,False,11.757783333333332
20260930_213208,2026-09-30 21:32:14.533000+00:00,St. Gallen,local,ch:1:sloid:74095,"St. Gallen, Bahnhof",ch:1:sloid:74095:0:894224,2026-09-30,ch:1:sjyid:100684:SKI-3324,bus,Bus,3,3,3324,"Abtwil SG, St. Josefen",Heiligkreuz,E,,2026-09-30 21:44:00+00:00,2026-09-30 21:44:24+00:00,,True,0.4,2026-09-30 23:32:14.533000+02:00,2026-09-30 23:44:00+02:00,2026-09-30 23:44:24+02:00,2026-09-30,23,Wednesday,False,11.757783333333332
20260930_213208,2026-09-30 21:32:14.533000+00:00,St. Gallen,local,ch:1:sloid:74095,"St. Gallen, Bahnhof",ch:1:sloid:74095:0:541287,2026-09-30,ch:1:sjyid:100684:SKI-8379,bus,Bus,8,8,8379,"St. Gallen, Neudorf/R'str.",Wendeplatz Stocken,H,,2026-09-30 21:45:00+00:00,2026-09-30 21:45:24+00:00,,True,0.4,2026-09-30 23:32:14.533000+02:00,2026-09-30 23:45:00+02:00,2026-09-30 23:45:24+02:00,2026-09-30,23,Wednesday,False,12.757783333333332
20260930_213208,2026-09-30 21:32:14.533000+00:00,St. Gallen,local,ch:1:sloid:74095,"St. Gallen, Bahnhof",ch:1:sloid:74095:0:886128,2026-09-30,ch:1:sjyid:100602:340be9bb-dd33-4fe3-8fd7-106b5901432e,bus,Bus,200,200,30036,"St. Gallen, Bahnhof",Wittenbach  Arbon,G,,2026-09-30 21:45:00+00:00,2026-09-30 21:45:00+00:00,,True,0.0,2026-09-30 23:32:14.533000+02:00,2026-09-30 23:45:00+02:00,2026-09-30 23:45:00+02:00,2026-09-30,23,Wednesday,False,12.757783333333332
20260930_213208,2026-09-30 21:32:14.533000+00:00,St. Gallen,local,ch:1:sloid:74095,"St. Gallen, Bahnhof",ch:1:sloid:74095:0:989159,2026-09-30,ch:1:sjyid:100684:SKI-2583,bus,Bus,2,2,2583,"St. Gallen, Guggeien",Wolfganghof,A,,2026-09-30 21:47:00+00:00,2026-09-30 21:47:00+00:00,,True,0.0,2026-09-30 23:32:14.533000+02:00,2026-09-30 23:47:00+02:00,2026-09-30 23:47:00+02:00,2026-09-30,23,Wednesday,False,14.757783333333332
20260930_213208,2026-09-30 21:32:14.533000+00:00,St. Gallen,local,ch:1:sloid:74095,"St. Gallen, Bahnhof",ch:1:sloid:74095:0:541287,2026-09-30,ch:1:sjyid:100684:SKI-6585,bus,Bus,6,6,6585,"St. Gallen, Heiligkreuz",Bach St.Georgen,H,,2026-09-30 21:48:00+00:00,2026-09-30 21:48:00+00:00,,True,0.0,2026-09-30 23:32:14.533000+02:00,2026-09-30 23:48:00+02:00,2026-09-30 23:48:00+02:00,2026-09-30,23,Wednesday,False,15.757783333333332
20260930_213208,2026-09-30 21:32:14.533000+00:00,St. Gallen,local,ch:1:sloid:74095,"St. Gallen, Bahnhof",ch:1:sloid:74095:0:181274,2026-09-30,ch:1:sjyid:100684:SKI-2582,bus,Bus,2,2,2582,"St. Gallen, Winkeln",Guggeien,B,,2026-09-30 21:50:00+00:00,2026-09-30 21:50:48+00:00,,True,0.8,2026-09-30 23:32:14.533000+02:00,2026-09-30 23:50:00+02:00,2026-09-30 23:50:48+02:00,2026-09-30,23,Wednesday,False,17.757783333333336
20260930_213208,2026-09-30 21:32:14.533000+00:00,St. Gallen,local,ch:1:sloid:74095,"St. Gallen, Bahnhof",ch:1:sloid:74095:0:606657,2026-09-30,ch:1:sjyid:100684:SKI-5570,bus,Bus,5,5,5570,"St. Gallen, Riethüsli",Rotmonten,I,,2026-09-30 21:53:00+00:00,2026-09-30 21:53:00+00:00,,True,0.0,2026-09-30 23:32:14.533000+02:00,2026-09-30 23:53:00+02:00,2026-09-30 23:53:00+02:00,2026-09-30,23,Wednesday,False,20.757783333333336
20260930_213208,2026-09-30 21:32:14.533000+00:00,St. Gallen,local,ch:1:sloid:74095,"St. Gallen, Bahnhof",ch:1:sloid:74095:0:541287,2026-09-30,ch:1:sjyid:100684:SKI-5579,bus,Bus,5,5,5579,"St. Gallen, Rotmonten",Riethüsli,H,,2026-09-30 21:56:00+00:00,2026-09-30 21:56:00+00:00,,True,0.0,2026-09-30 23:32:14.533000+02:00,2026-09-30 23:56:00+02:00,2026-09-30 23:56:00+02:00,2026-09-30,23,Wednesday,False,23.757783333333336
20260930_213208,2026-09-30 21:32:14.533000+00:00,St. Gallen,local,ch:1:sloid:74095,"St. Gallen, Bahnhof",ch:1:sloid:74095:0:989159,2026-09-30,ch:1:sjyid:100684:SKI-1591,bus,Bus,1,1,1591,"St. Gallen, Stephanshorn",Winkeln,A,,2026-09-30 21:57:00+00:00,2026-09-30 21:57:00+00:00,,True,0.0,2026-09-30 23:32:14.533000+02:00,2026-09-30 23:57:00+02:00,2026-09-30 23:57:00+02:00,2026-09-30,23,Wednesday,False,24.757783333333336
20260930_213208,2026-09-30 21:32:14.533000+00:00,St. Gallen,local,ch:1:sloid:74095,"St. Gallen, Bahnhof",ch:1:sloid:74095:0:606657,2026-09-30,ch:1:sjyid:100684:SKI-8372,bus,Bus,8,8,8372,"St. Gallen, Wendeplatz Stocken",Neudorf / R'str.,I,,2026-09-30 21:57:00+00:00,2026-09-30 21:57:00+00:00,,True,0.0,2026-09-30 23:32:14.533000+02:00,2026-09-30 23:57:00+02:00,2026-09-30 23:57:00+02:00,2026-09-30,23,Wednesday,False,24.757783333333336
20260930_213208,2026-09-30 21:32:14.533000+00:00,St. Gallen,local,ch:1:sloid:74095,"St. Gallen, Bahnhof",ch:1:sloid:74095:0:606657,2026-09-30,ch:1:sjyid:100684:SKI-9376,bus,Bus,9,9,9376,"St. Gallen, Hölzli",Sonne,I,,2026-09-30 21:58:00+00:00,2026-09-30 21:58:00+00:00,,True,0.0,2026-09-30 23:32:14.533000+02:00,2026-09-30 23:58:00+02:00,2026-09-30 23:58:00+02:00,2026-09-30,23,Wednesday,False,25.757783333333336
20260930_213208,2026-09-30 21:32:14.533000+00:00,St. Gallen,local,ch:1:sloid:74095,"St. Gallen, Bahnhof",ch:1:sloid:74095:0:894224,2026-09-30,ch:1:sjyid:100684:SKI-6576,bus,Bus,6,6,6576,"St. Gallen, Bach St. Georgen",Heiligkreuz,E,,2026-09-30 21:58:00+00:00,2026-09-30 21:58:00+00:00,,True,0.0,2026-09-30 23:32:14.533000+02:00,2026-09-30 23:58:00+02:00,2026-09-30 23:58:00+02:00,2026-09-30,23,Wednesday,False,25.757783333333336
20260930_213208,2026-09-30 21:32:14.533000+00:00,St. Gallen,local,ch:1:sloid:74095,"St. Gallen, Bahnhof",ch:1:sloid:74095:0:888081,2026-09-30,ch:1:sjyid:100684:SKI-4327,bus,Bus,4,4,4327,"Wittenbach, Bahnhof","Abtwil SG, St.Josefen",F,,2026-09-30 21:59:00+00:00,2026-09-30 21:59:00+00:00,,True,0.0,2026-09-30 23:32:14.533000+02:00,2026-09-30 23:59:00+02:00,2026-09-30 23:59:00+02:00,2026-09-30,23,Wednesday,False,26.757783333333336
20260930_213208,2026-09-30 21:32:14.533000+00:00,St. Gallen,local,ch:1:sloid:74095,"St. Gallen, Bahnhof",ch:1:sloid:74095:0:482413,2026-09-30,ch:1:sjyid:100602:5fd2826c-7979-4e0c-949f-8df28a35d11e,bus,Bus,120,120,13022,"Engelburg, Dorfplatz",Heiden,D,,2026-09-30 21:59:00+00:00,2026-09-30 21:59:00+00:00,,True,0.0,2026-09-30 23:32:14.533000+02:00,2026-09-30 23:59:00+02:00,2026-09-30 23:59:00+02:00,2026-09-30,23,Wednesday,False,26.757783333333336
20260930_213208,2026-09-30 21:32:14.533000+00:00,St. Gallen,local,ch:1:sloid:74095,"St. Gallen, Bahnhof",ch:1:sloid:74095:0:894224,2026-09-30,ch:1:sjyid:100684:SKI-4334,bus,Bus,4,4,4334,"Abtwil SG, St. Josefen","Wittenbach, Bahnhof",E,,2026-09-30 21:59:00+00:00,2026-09-30 21:59:12+00:00,,True,0.2,2026-09-30 23:32:14.533000+02:00,2026-09-30 23:59:00+02:00,2026-09-30 23:59:12+02:00,2026-09-30,23,Wednesday,False,26.757783333333336
20260930_213208,2026-09-30 21:32:14.533000+00:00,St. Gallen,local,ch:1:sloid:74095,"St. Gallen, Bahnhof",ch:1:sloid:74095:0:174964,2026-09-30,ch:1:sjyid:100684:SKI-9377,bus,Bus,9,9,9377,"St. Gallen, Rotmonten",Hölzli,C,,2026-09-30 22:00:00+00:00,2026-09-30 22:00:00+00:00,,True,0.0,2026-09-30 23:32:14.533000+02:00,2026-10-01 00:00:00+02:00,2026-10-01 00:00:00+02:00,2026-10-01,0,Thursday,False,27.757783333333336
20260930_213208,2026-09-30 21:32:14.533000+00:00,St. Gallen,local,ch:1:sloid:74095,"St. Gallen, Bahnhof",ch:1:sloid:74095:0:541287,2026-09-30,ch:1:sjyid:100684:SKI-7389,bus,Bus,7,7,7389,"St. Gallen, Neudorf/R'str.",Hinterberg,H,,2026-09-30 22:00:00+00:00,2026-09-30 22:00:00+00:00,,True,0.0,2026-09-30 23:32:14.533000+02:00,2026-10-01 00:00:00+02:00,2026-10-01 00:00:00+02:00,2026-10-01,0,Thursday,False,27.757783333333336
20260930_213208,2026-09-30 21:32:14.533000+00:00,St. Gallen,local,ch:1:sloid:74095,"St. Gallen, Bahnhof",ch:1:sloid:74095,2026-09-30,ch:1:sjyid:100602:ffbf1596-2d86-495a-af7c-63847dd355ce,bus,Bus,210,210,21072,"St. Gallen, Bahnhof",Arbon,,,2026-09-30 22:00:00+00:00,2026-09-30 22:00:00+00:00,,True,0.0,2026-09-30 23:32:14.533000+02:00,2026-10-01 00:00:00+02:00,2026-10-01 00:00:00+02:00,2026-10-01,0,Thursday,False,27.757783333333336
20260930_213208,2026-09-30 21:32:14.533000+00:00,St. Gallen,local,ch:1:sloid:74095,"St. Gallen, Bahnhof",ch:1:sloid:74095:0:181274,2026-09-30,ch:1:sjyid:100684:SKI-1588,bus,Bus,1,1,1588,"St. Gallen, Wolfganghof",Stephanshorn,B,,2026-09-30 22:00:00+00:00,2026-09-30 22:00:00+00:00,,True,0.0,2026-09-30 23:32:14.533000+02:00,2026-10-01 00:00:00+02:00,2026-10-01 00:00:00+02:00,2026-10-01,0,Thursday,False,27.757783333333336
20260930_213208,2026-09-30 21:32:14.991000+00:00,Lausanne,local,ch:1:sloid:92050,"Lausanne, gare",ch:1:sloid:92050:0:1096,2026-09-30,ch:1:sjyid:100122:plan2:m2_0053,metro,Metro,m2,m2,720053,"Lausanne, Ouchy-Olympique","Epalinges, Croisettes",,,2026-09-30 21:32:00+00:00,,,False,,2026-09-30 23:32:14.991000+02:00,2026-09-30 23:32:00+02:00,,2026-09-30,23,Wednesday,False,-0.24985
20260930_213208,2026-09-30 21:32:14.991000+00:00,Lausanne,local,ch:1:sloid:92050,"Lausanne, gare",ch:1:sloid:92050:0:2893,2026-09-30,ch:1:sjyid:100122:plan1:2026_ATT5-21-50-Semaine-21-9980535,bus,Bus,21,21,21283,"Lausanne, Blécherette",Verrière,A,,2026-09-30 21:32:00+00:00,2026-09-30 21:32:48+00:00,,True,0.8,2026-09-30 23:32:14.991000+02:00,2026-09-30 23:32:00+02:00,2026-09-30 23:32:48+02:00,2026-09-30,23,Wednesday,False,-0.24985
20260930_213208,2026-09-30 21:32:14.991000+00:00,Lausanne,local,ch:1:sloid:92050,"Lausanne, gare",ch:1:sloid:92050:0:1101,2026-09-30,ch:1:sjyid:100122:plan2:m2_0268,metro,Metro,m2,m2,720268,"Epalinges, Croisettes","Lausanne, Ouchy-Olympique",,,2026-09-30 21:33:00+00:00,,,False,,2026-09-30 23:32:14.991000+02:00,2026-09-30 23:33:00+02:00,,2026-09-30,23,Wednesday,False,0.75015
20260930_213208,2026-09-30 21:32:14.991000+00:00,Lausanne,local,ch:1:sloid:92050,"Lausanne, gare",ch:1:sloid:92050:0:1096,2026-09-30,ch:1:sjyid:100122:plan2:m2_0107,metro,Metro,m2,m2,720107,"Lausanne, Ouchy-Olympique","Epalinges, Croisettes",,,2026-09-30 21:37:00+00:00,,,False,,2026-09-30 23:32:14.991000+02:00,2026-09-30 23:37:00+02:00,,2026-09-30,23,Wednesday,False,4.7501500000000005
20260930_213208,2026-09-30 21:32:14.991000+00:00,Lausanne,local,ch:1:sloid:92050,"Lausanne, gare",ch:1:sloid:92050:0:2814,2026-09-30,ch:1:sjyid:100122:plan1:2026_ATT5-21-50-Semaine-21-9980546,bus,Bus,21,21,21147,"Paudex, Verrière",Blécherette,D,,2026-09-30 21:37:00+00:00,2026-09-30 21:37:36+00:00,,True,0.6,2026-09-30 23:32:14.991000+02:00,2026-09-30 23:37:00+02:00,2026-09-30 23:37:36+02:00,2026-09-30,23,Wednesday,False,4.7501500000000005
20260930_213208,2026-09-30 21:32:14.991000+00:00,Lausanne,local,ch:1:sloid:92050,"Lausanne, gare",ch:1:sloid:92050:0:2892,2026-09-30,ch:1:sjyid:100122:plan1:2026_ATT5-01-50-Semaine-1-10019112,bus,Bus,1,1,1342,"Lausanne, Blécherette",Maladière,B,,2026-09-30 21:38:00+00:00,2026-09-30 21:40:42+00:00,,True,2.7,2026-09-30 23:32:14.991000+02:00,2026-09-30 23:38:00+02:00,2026-09-30 23:40:42+02:00,2026-09-30,23,Wednesday,False,5.7501500000000005
20260930_213208,2026-09-30 21:32:14.991000+00:00,Lausanne,local,ch:1:sloid:92050,"Lausanne, gare",ch:1:sloid:92050:0:2815,2026-09-30,ch:1:sjyid:100122:plan1:2026_ATT5-20-50-Semaine-20-9969592,bus,Bus,20,20,20092,"Lausanne, gare",Blécherette,C,,2026-09-30 21:38:00+00:00,2026-09-30 21:38:00+00:00,,True,0.0,2026-09-30 23:32:14.991000+02:00,2026-09-30 23:38:00+02:00,2026-09-30 23:38:00+02:00,2026-09-30,23,Wednesday,False,5.7501500000000005
20260930_213208,2026-09-30 21:32:14.991000+00:00,Lausanne,local,ch:1:sloid:92050,"Lausanne, gare",ch:1:sloid:92050:0:1101,2026-09-30,ch:1:sjyid:100122:plan2:m2_0418,metro,Metro,m2,m2,720418,"Epalinges, Croisettes","Lausanne, Ouchy-Olympique",,,2026-09-30 21:38:00+00:00,,,False,,2026-09-30 23:32:14.991000+02:00,2026-09-30 23:38:00+02:00,,2026-09-30,23,Wednesday,False,5.7501500000000005
20260930_213208,2026-09-30 21:32:14.991000+00:00,Lausanne,local,ch:1:sloid:92050,"Lausanne, gare",ch:1:sloid:92050:0:2893,2026-09-30,ch:1:sjyid:100122:plan1:2026_ATT5-01-50-Semaine-1-10019097,bus,Bus,1,1,1190,"Lausanne, Maladière",Blécherette,A,,2026-09-30 21:41:00+00:00,2026-09-30 21:40:24+00:00,,True,-0.6,2026-09-30 23:32:14.991000+02:00,2026-09-30 23:41:00+02:00,2026-09-30 23:40:24+02:00,2026-09-30,23,Wednesday,False,8.75015
20260930_213208,2026-09-30 21:32:14.991000+00:00,Lausanne,local,ch:1:sloid:92050,"Lausanne, gare",ch:1:sloid:92050:0:1096,2026-09-30,ch:1:sjyid:100122:plan2:m2_0161,metro,Metro,m2,m2,720161,"Lausanne, Ouchy-Olympique","Epalinges, Croisettes",,,2026-09-30 21:42:00+00:00,,,False,,2026-09-30 23:32:14.991000+02:00,2026-09-30 23:42:00+02:00,,2026-09-30,23,Wednesday,False,9.75015
20260930_213208,2026-09-30 21:32:14.991000+00:00,Lausanne,local,ch:1:sloid:92050,"Lausanne, gare",ch:1:sloid:92050:0:1101,2026-09-30,ch:1:sjyid:100122:plan2:m2_0216,metro,Metro,m2,m2,720216,"Epalinges, Croisettes","Lausanne, Ouchy-Olympique",,,2026-09-30 21:43:00+00:00,,,False,,2026-09-30 23:32:14.991000+02:00,2026-09-30 23:43:00+02:00,,2026-09-30,23,Wednesday,False,10.75015
20260930_213208,2026-09-30 21:32:14.991000+00:00,Lausanne,local,ch:1:sloid:92050,"Lausanne, gare",ch:1:sloid:92050:0:2814,2026-09-30,ch:1:sjyid:100122:plan1:2026_ATT2-03-20-Semaine-3-9715754,bus,Bus,3,3,3121,"Lausanne, gare",Maillefer,D,,2026-09-30 21:45:00+00:00,2026-09-30 21:45:00+00:00,,True,0.0,2026-09-30 23:32:14.991000+02:00,2026-09-30 23:45:00+02:00,2026-09-30 23:45:00+02:00,2026-09-30,23,Wednesday,False,12.75015
20260930_213208,2026-09-30 21:32:14.991000+00:00,Lausanne,local,ch:1:sloid:92050,"Lausanne, gare",ch:1:sloid:92050:0:1096,2026-09-30,ch:1:sjyid:100122:plan2:m2_0269,metro,Metro,m2,m2,720269,"Lausanne, Ouchy-Olympique","Epalinges, Croisettes",,,2026-09-30 21:47:00+00:00,,,False,,2026-09-30 23:32:14.991000+02:00,2026-09-30 23:47:00+02:00,,2026-09-30,23,Wednesday,False,14.75015
20260930_213208,2026-09-30 21:32:14.991000+00:00,Lausanne,local,ch:1:sloid:92050,"Lausanne, gare",ch:1:sloid:92050:0:2893,2026-09-30,ch:1:sjyid:100122:plan1:2026_ATT5-21-50-Semaine-21-9980536,bus,Bus,21,21,21284,"Lausanne, Blécherette",Verrière,A,,2026-09-30 21:47:00+00:00,2026-09-30 21:47:00+00:00,,True,0.0,2026-09-30 23:32:14.991000+02:00,2026-09-30 23:47:00+02:00,2026-09-30 23:47:00+02:00,2026-09-30,23,Wednesday,False,14.75015
20260930_213208,2026-09-30 21:32:14.991000+00:00,Lausanne,local,ch:1:sloid:92050,"Lausanne, gare",ch:1:sloid:92050:0:1101,2026-09-30,ch:1:sjyid:100122:plan2:m2_0540,metro,Metro,m2,m2,720540,"Epalinges, Croisettes","Lausanne, Ouchy-Olympique",,,2026-09-30 21:48:00+00:00,,,False,,2026-09-30 23:32:14.991000+02:00,2026-09-30 23:48:00+02:00,,2026-09-30,23,Wednesday,False,15.75015
20260930_213208,2026-09-30 21:32:14.991000+00:00,Lausanne,local,ch:1:sloid:92050,"Lausanne, gare",ch:1:sloid:92050:0:1096,2026-09-30,ch:1:sjyid:100122:plan2:m2_0419,metro,Metro,m2,m2,720419,"Lausanne, Ouchy-Olympique","Epalinges, Croisettes",,,2026-09-30 21:52:00+00:00,,,False,,2026-09-30 23:32:14.991000+02:00,2026-09-30 23:52:00+02:00,,2026-09-30,23,Wednesday,False,19.75015
20260930_213208,2026-09-30 21:32:14.991000+00:00,Lausanne,local,ch:1:sloid:92050,"Lausanne, gare",ch:1:sloid:92050:0:2814,2026-09-30,ch:1:sjyid:100122:plan1:2026_ATT5-21-50-Semaine-21-9980547,bus,Bus,21,21,21148,"Paudex, Verrière",Blécherette,D,,2026-09-30 21:52:00+00:00,2026-09-30 21:52:00+00:00,,True,0.0,2026-09-30 23:32:14.991000+02:00,2026-09-30 23:52:00+02:00,2026-09-30 23:52:00+02:00,2026-09-30,23,Wednesday,False,19.75015
20260930_213208,2026-09-30 21:32:14.991000+00:00,Lausanne,local,ch:1:sloid:92050,"Lausanne, gare",ch:1:sloid:92050:0:2892,2026-09-30,ch:1:sjyid:100122:plan1:2026_ATT5-01-50-Semaine-1-10019113,bus,Bus,1,1,1343,"Lausanne, Blécherette",Maladière,B,,2026-09-30 21:53:00+00:00,2026-09-30 21:52:54+00:00,,True,-0.1,2026-09-30 23:32:14.991000+02:00,2026-09-30 23:53:00+02:00,2026-09-30 23:52:54+02:00,2026-09-30,23,Wednesday,False,20.75015
20260930_213208,2026-09-30 21:32:14.991000+00:00,Lausanne,local,ch:1:sloid:92050,"Lausanne, gare",ch:1:sloid:92050:0:2815,2026-09-30,ch:1:sjyid:100122:plan1:2026_ATT5-20-50-Semaine-20-9969593,bus,Bus,20,20,20093,"Lausanne, gare",Blécherette,C,,2026-09-30 21:53:00+00:00,2026-09-30 21:53:00+00:00,,True,0.0,2026-09-30 23:32:14.991000+02:00,2026-09-30 23:53:00+02:00,2026-09-30 23:53:00+02:00,2026-09-30,23,Wednesday,False,20.75015
20260930_213208,2026-09-30 21:32:14.991000+00:00,Lausanne,local,ch:1:sloid:92050,"Lausanne, gare",ch:1:sloid:92050:0:1101,2026-09-30,ch:1:sjyid:100122:plan2:m2_0366,metro,Metro,m2,m2,720366,"Epalinges, Croisettes","Lausanne, Ouchy-Olympique",,,2026-09-30 21:53:00+00:00,,,False,,2026-09-30 23:32:14.991000+02:00,2026-09-30 23:53:00+02:00,,2026-09-30,23,Wednesday,False,20.75015
20260930_213208,2026-09-30 21:32:14.991000+00:00,Lausanne,local,ch:1:sloid:92050,"Lausanne, gare",ch:1:sloid:92050:0:2893,2026-09-30,ch:1:sjyid:100122:plan1:2026_ATT5-01-50-Semaine-1-10019098,bus,Bus,1,1,1191,"Lausanne, Maladière",Blécherette,A,,2026-09-30 21:56:00+00:00,2026-09-30 21:56:00+00:00,,True,0.0,2026-09-30 23:32:14.991000+02:00,2026-09-30 23:56:00+02:00,2026-09-30 23:56:00+02:00,2026-09-30,23,Wednesday,False,23.75015
20260930_213208,2026-09-30 21:32:14.991000+00:00,Lausanne,local,ch:1:sloid:92050,"Lausanne, gare",ch:1:sloid:92050:0:1096,2026-09-30,ch:1:sjyid:100122:plan2:m2_0217,metro,Metro,m2,m2,720217,"Lausanne, Ouchy-Olympique","Epalinges, Croisettes",,,2026-09-30 21:57:00+00:00,,,False,,2026-09-30 23:32:14.991000+02:00,2026-09-30 23:57:00+02:00,,2026-09-30,23,Wednesday,False,24.75015
20260930_213208,2026-09-30 21:32:14.991000+00:00,Lausanne,local,ch:1:sloid:92050,"Lausanne, gare",ch:1:sloid:92050:0:1101,2026-09-30,ch:1:sjyid:100122:plan2:m2_0498,metro,Metro,m2,m2,720498,"Epalinges, Croisettes","Lausanne, Ouchy-Olympique",,,2026-09-30 21:58:00+00:00,,,False,,2026-09-30 23:32:14.991000+02:00,2026-09-30 23:58:00+02:00,,2026-09-30,23,Wednesday,False,25.75015
20260930_213208,2026-09-30 21:32:14.991000+00:00,Lausanne,local,ch:1:sloid:92050,"Lausanne, gare",ch:1:sloid:92050:0:2814,2026-09-30,ch:1:sjyid:100122:plan1:2026_ATT2-03-20-Semaine-3-9715755,bus,Bus,3,3,3122,"Lausanne, gare",Maillefer,D,,2026-09-30 22:00:00+00:00,2026-09-30 22:00:00+00:00,,True,0.0,2026-09-30 23:32:14.991000+02:00,2026-10-01 00:00:00+02:00,2026-10-01 00:00:00+02:00,2026-10-01,0,Thursday,False,27.75015
20260930_213208,2026-09-30 21:32:14.991000+00:00,Lausanne,local,ch:1:sloid:92050,"Lausanne, gare",ch:1:sloid:92050:0:1096,2026-09-30,ch:1:sjyid:100122:plan2:m2_0541,metro,Metro,m2,m2,720541,"Lausanne, Ouchy-Olympique","Epalinges, Croisettes",,,2026-09-30 22:01:00+00:00,,,False,,2026-09-30 23:32:14.991000+02:00,2026-10-01 00:01:00+02:00,,2026-10-01,0,Thursday,False,28.75015
20260930_213208,2026-09-30 21:32:14.991000+00:00,Lausanne,local,ch:1:sloid:92050,"Lausanne, gare",ch:1:sloid:92050:0:1101,2026-09-30,ch:1:sjyid:100122:plan2:m2_0054,metro,Metro,m2,m2,720054,"Epalinges, Croisettes","Lausanne, Ouchy-Olympique",,,2026-09-30 22:02:00+00:00,,,False,,2026-09-30 23:32:14.991000+02:00,2026-10-01 00:02:00+02:00,,2026-10-01,0,Thursday,False,29.75015
20260930_213208,2026-09-30 21:32:14.991000+00:00,Lausanne,local,ch:1:sloid:92050,"Lausanne, gare",ch:1:sloid:92050:0:2893,2026-09-30,ch:1:sjyid:100122:plan1:2026_ATT5-21-50-Semaine-21-9980537,bus,Bus,21,21,21285,"Lausanne, Blécherette",Verrière,A,,2026-09-30 22:02:00+00:00,2026-09-30 22:02:00+00:00,,True,0.0,2026-09-30 23:32:14.991000+02:00,2026-10-01 00:02:00+02:00,2026-10-01 00:02:00+02:00,2026-10-01,0,Thursday,False,29.75015
20260930_213208,2026-09-30 21:32:14.991000+00:00,Lausanne,local,ch:1:sloid:92050,"Lausanne, gare",ch:1:sloid:92050:0:1096,2026-09-30,ch:1:sjyid:100122:plan2:m2_0367,metro,Metro,m2,m2,720367,"Lausanne, Ouchy-Olympique","Epalinges, Croisettes",,,2026-09-30 22:06:00+00:00,,,False,,2026-09-30 23:32:14.991000+02:00,2026-10-01 00:06:00+02:00,,2026-10-01,0,Thursday,False,33.75015
20260930_213208,2026-09-30 21:32:14.991000+00:00,Lausanne,local,ch:1:sloid:92050,"Lausanne, gare",ch:1:sloid:92050:0:2814,2026-09-30,ch:1:sjyid:100122:plan1:2026_ATT5-21-50-Semaine-21-9980548,bus,Bus,21,21,21149,"Paudex, Verrière",Blécherette,D,,2026-09-30 22:07:00+00:00,2026-09-30 22:07:00+00:00,,True,0.0,2026-09-30 23:32:14.991000+02:00,2026-10-01 00:07:00+02:00,2026-10-01 00:07:00+02:00,2026-10-01,0,Thursday,False,34.75015
20260930_213208,2026-09-30 21:32:14.991000+00:00,Lausanne,local,ch:1:sloid:92050,"Lausanne, gare",ch:1:sloid:92050:0:2892,2026-09-30,ch:1:sjyid:100122:plan1:2026_ATT5-01-50-Semaine-1-10019114,bus,Bus,1,1,1344,"Lausanne, Blécherette",Maladière,B,,2026-09-30 22:08:00+00:00,2026-09-30 22:08:00+00:00,,True,0.0,2026-09-30 23:32:14.991000+02:00,2026-10-01 00:08:00+02:00,2026-10-01 00:08:00+02:00,2026-10-01,0,Thursday,False,35.75015
20260930_213208,2026-09-30 21:32:15.454000+00:00,Genève,local,ch:1:sloid:87057,"Genève, gare Cornavin",ch:1:sloid:87057:0:651350,2026-09-30,ch:1:sjyid:100680:HAS-26-08-20-13-Lun-Ven-35205727,bus,Bus,20,20,646104,"Bellevue GE, Valavran",Veyrier-Tournettes,B,,2026-09-30 21:28:00+00:00,2026-09-30 21:34:48+00:00,,True,6.8,2026-09-30 23:32:15.454000+02:00,2026-09-30 23:28:00+02:00,2026-09-30 23:34:48+02:00,2026-09-30,23,Wednesday,False,-4.2575666666666665
20260930_213208,2026-09-30 21:32:15.454000+00:00,Genève,local,ch:1:sloid:87057,"Genève, gare Cornavin",ch:1:sloid:87057:0:408265,2026-09-30,ch:1:sjyid:100680:HAS-26-015925-70-Lun-Ven-35913609,bus,Bus,1,1,698024,"Thônex, Hôpital Trois-Chêne",Jardin Botanique,E,,2026-09-30 21:28:00+00:00,2026-09-30 21:36:00+00:00,,True,8.0,2026-09-30 23:32:15.454000+02:00,2026-09-30 23:28:00+02:00,2026-09-30 23:36:00+02:00,2026-09-30,23,Wednesday,False,-4.2575666666666665
20260930_213208,2026-09-30 21:32:15.454000+00:00,Genève,local,ch:1:sloid:87057,"Genève, gare Cornavin",ch:1:sloid:87057:0:408265,2026-09-30,ch:1:sjyid:100680:HAS-26-15-10-Lun-Ven-35076388,tram,Tram,15,15,847519,"Plan-les-Ouates, ZIPLO",Nations,E,,2026-09-30 21:32:00+00:00,2026-09-30 21:33:24+00:00,,True,1.4,2026-09-30 23:32:15.454000+02:00,2026-09-30 23:32:00+02:00,2026-09-30 23:33:24+02:00,2026-09-30,23,Wednesday,False,-0.25756666666666667
20260930_213208,2026-09-30 21:32:15.454000+00:00,Genève,local,ch:1:sloid:87057,"Genève, gare Cornavin",ch:1:sloid:87057:0:651350,2026-09-30,ch:1:sjyid:100680:HAS-26-015925-70-Lun-Ven-35913565,bus,Bus,5,5,697980,"Genève-Aéroport, Terminal",Thônex-Vallard,B,,2026-09-30 21:32:00+00:00,2026-09-30 21:34:48+00:00,,True,2.8,2026-09-30 23:32:15.454000+02:00,2026-09-30 23:32:00+02:00,2026-09-30 23:34:48+02:00,2026-09-30,23,Wednesday,False,-0.25756666666666667
20260930_213208,2026-09-30 21:32:15.454000+00:00,Genève,local,ch:1:sloid:87057,"Genève, gare Cornavin",ch:1:sloid:87057:0:233278,2026-09-30,ch:1:sjyid:100680:HAS-26-14-10-Lun-Ven-35075237,tram,Tram,14,14,846368,"Meyrin, Gravière",Bernex-Vailly,I,,2026-09-30 21:34:00+00:00,2026-09-30 21:33:24+00:00,,True,-0.6,2026-09-30 23:32:15.454000+02:00,2026-09-30 23:34:00+02:00,2026-09-30 23:33:24+02:00,2026-09-30,23,Wednesday,False,1.7424333333333335
20260930_213208,2026-09-30 21:32:15.454000+00:00,Genève,local,ch:1:sloid:87057,"Genève, gare Cornavin",ch:1:sloid:87057:0:89811,2026-09-30,ch:1:sjyid:100680:HAS-26-14-10-Lun-Ven-35075220,tram,Tram,14,14,846351,"Bernex, Vailly",Meyrin-Gravière,H,,2026-09-30 21:34:00+00:00,2026-09-30 21:34:48+00:00,,True,0.8,2026-09-30 23:32:15.454000+02:00,2026-09-30 23:34:00+02:00,2026-09-30 23:34:48+02:00,2026-09-30,23,Wednesday,False,1.7424333333333335
20260930_213208,2026-09-30 21:32:15.454000+00:00,Genève,local,ch:1:sloid:87057,"Genève, gare Cornavin",ch:1:sloid:87057:0:783875,2026-09-30,ch:1:sjyid:100680:HAS-26-02-06-19-1-Lun-Ven-34651802,bus,Bus,6,6,616730,"Genève, Plage",Vernier-Village,K,,2026-09-30 21:35:00+00:00,2026-09-30 21:38:18+00:00,,True,3.3,2026-09-30 23:32:15.454000+02:00,2026-09-30 23:35:00+02:00,2026-09-30 23:38:18+02:00,2026-09-30,23,Wednesday,False,2.742433333333333
20260930_213208,2026-09-30 21:32:15.454000+00:00,Genève,local,ch:1:sloid:87057,"Genève, gare Cornavin",ch:1:sloid:87057:0:672272,2026-09-30,ch:1:sjyid:1100021:868c252d-d4ab-4315-b39f-5e0e955e100a,bus,Ersatzverkehr,EV4,EV4,83007,"Genève, gare Cornavin","Coppet, gare",A,,2026-09-30 21:35:00+00:00,,,False,,2026-09-30 23:32:15.454000+02:00,2026-09-30 23:35:00+02:00,,2026-09-30,23,Wednesday,False,2.742433333333333
20260930_213208,2026-09-30 21:32:15.454000+00:00,Genève,local,ch:1:sloid:87057,"Genève, gare Cornavin",ch:1:sloid:87057:0:46188,2026-09-30,ch:1:sjyid:100680:HAS-26-15-10-Lun-Ven-35076369,tram,Tram,15,15,847500,"Genève, Nations",ZIPLO,D,,2026-09-30 21:36:00+00:00,2026-09-30 21:36:00+00:00,,True,0.0,2026-09-30 23:32:15.454000+02:00,2026-09-30 23:36:00+02:00,2026-09-30 23:36:00+02:00,2026-09-30,23,Wednesday,False,3.742433333333333
20260930_213208,2026-09-30 21:32:15.454000+00:00,Genève,local,ch:1:sloid:87057,"Genève, gare Cornavin",ch:1:sloid:87057:0:783875,2026-09-30,ch:1:sjyid:100680:HAS-26-10-0-Lun-Ven-33810485,bus,Bus,10,10,551599,"Genève, Rive",Genève-Aéroport-Terminal,K,,2026-09-30 21:36:00+00:00,2026-09-30 21:38:42+00:00,,True,2.7,2026-09-30 23:32:15.454000+02:00,2026-09-30 23:36:00+02:00,2026-09-30 23:38:42+02:00,2026-09-30,23,Wednesday,False,3.742433333333333
20260930_213208,2026-09-30 21:32:15.454000+00:00,Genève,local,ch:1:sloid:87057,"Genève, gare Cornavin",ch:1:sloid:87057:0:46188,2026-09-30,ch:1:sjyid:100680:HAS-26-015925-70-Lun-Ven-35913621,bus,Bus,1,1,698036,"Genève, Jardin Botanique",Hôpital Trois-Chêne,D,,2026-09-30 21:37:00+00:00,2026-09-30 21:37:18+00:00,,True,0.3,2026-09-30 23:32:15.454000+02:00,2026-09-30 23:37:00+02:00,2026-09-30 23:37:18+02:00,2026-09-30,23,Wednesday,False,4.7424333333333335
20260930_213208,2026-09-30 21:32:15.454000+00:00,Genève,local,ch:1:sloid:87057,"Genève, gare Cornavin",ch:1:sloid:87057:0:698638,2026-09-30,ch:1:sjyid:100680:HAS-26-03-0-Lun-Ven-33832946,bus,Bus,3,3,554263,"Genève, Crêts-de-Champel",Gardiol,F,,2026-09-30 21:37:00+00:00,2026-09-30 21:37:54+00:00,,True,0.9,2026-09-30 23:32:15.454000+02:00,2026-09-30 23:37:00+02:00,2026-09-30 23:37:54+02:00,2026-09-30,23,Wednesday,False,4.7424333333333335
20260930_213208,2026-09-30 21:32:15.454000+00:00,Genève,local,ch:1:sloid:87057,"Genève, gare Cornavin",ch:1:sloid:87057:0:589555,2026-09-30,ch:1:sjyid:100680:HAS-26-015925-70-Lun-Ven-35913645,bus,Bus,9,9,698060,"Vernier, Lignon Tours",Belle-Terre-Place-de-l'Araire,L,,2026-09-30 21:38:00+00:00,2026-09-30 21:38:42+00:00,,True,0.7,2026-09-30 23:32:15.454000+02:00,2026-09-30 23:38:00+02:00,2026-09-30 23:38:42+02:00,2026-09-30,23,Wednesday,False,5.7424333333333335
20260930_213208,2026-09-30 21:32:15.454000+00:00,Genève,local,ch:1:sloid:87057,"Genève, gare Cornavin",ch:1:sloid:87057:0:50679,2026-09-30,ch:1:sjyid:100680:HAS-26-08-20-13-Lun-Ven-35205733,bus,Bus,8,8,646110,"Veyrier, douane",Palexpo,J,,2026-09-30 21:38:00+00:00,2026-09-30 21:39:36+00:00,,True,1.6,2026-09-30 23:32:15.454000+02:00,2026-09-30 23:38:00+02:00,2026-09-30 23:39:36+02:00,2026-09-30,23,Wednesday,False,5.7424333333333335
20260930_213208,2026-09-30 21:32:15.454000+00:00,Genève,local,ch:1:sloid:87057,"Genève, gare Cornavin",ch:1:sloid:87057:0:589555,2026-09-30,ch:1:sjyid:100680:HAS-26-02-06-19-1-Lun-Ven-34651827,bus,Bus,6,6,616755,"Vernier, village",Genève-Plage,L,,2026-09-30 21:39:00+00:00,2026-09-30 21:40:18+00:00,,True,1.3,2026-09-30 23:32:15.454000+02:00,2026-09-30 23:39:00+02:00,2026-09-30 23:40:18+02:00,2026-09-30,23,Wednesday,False,6.7424333333333335
20260930_213208,2026-09-30 21:32:15.454000+00:00,Genève,local,ch:1:sloid:87057,"Genève, gare Cornavin",ch:1:sloid:87057:0:233278,2026-09-30,ch:1:sjyid:100680:HAS-26-18-10-Lun-Ven-35074980,tram,Tram,18,18,846113,"Meyrin, CERN",Palettes,I,,2026-09-30 21:39:00+00:00,2026-09-30 21:41:42+00:00,,True,2.7,2026-09-30 23:32:15.454000+02:00,2026-09-30 23:39:00+02:00,2026-09-30 23:41:42+02:00,2026-09-30,23,Wednesday,False,6.7424333333333335
20260930_213208,2026-09-30 21:32:15.454000+00:00,Genève,local,ch:1:sloid:87057,"Genève, gare Cornavin",ch:1:sloid:87057:0:408265,2026-09-30,ch:1:sjyid:100680:HAS-26-015925-70-Lun-Ven-35913581,bus,Bus,25,25,697996,"Thônex, Vallard",Jardin Botanique,E,,2026-09-30 21:39:00+00:00,2026-09-30 21:39:06+00:00,,True,0.1,2026-09-30 23:32:15.454000+02:00,2026-09-30 23:39:00+02:00,2026-09-30 23:39:06+02:00,2026-09-30,23,Wednesday,False,6.7424333333333335
20260930_213208,2026-09-30 21:32:15.454000+00:00,Genève,local,ch:1:sloid:87057,"Genève, gare Cornavin",ch:1:sloid:87057:0:408265,2026-09-30,ch:1:sjyid:100680:HAS-26-15-10-Lun-Ven-35076387,tram,Tram,15,15,847518,"Plan-les-Ouates, ZIPLO",Nations,E,,2026-09-30 21:42:00+00:00,2026-09-30 21:43:06+00:00,,True,1.1,2026-09-30 23:32:15.454000+02:00,2026-09-30 23:42:00+02:00,2026-09-30 23:43:06+02:00,2026-09-30,23,Wednesday,False,9.742433333333334
20260930_213208,2026-09-30 21:32:15.454000+00:00,Genève,local,ch:1:sloid:87057,"Genève, gare Cornavin",ch:1:sloid:87057:0:50679,2026-09-30,ch:1:sjyid:100680:HAS-26-60-61-70-Lun-Ven-35376288,bus,Bus,60,60,693399,"Genève, gare Cornavin",Gex-L'Aiglette,J,,2026-09-30 21:42:00+00:00,2026-09-30 21:42:00+00:00,,True,0.0,2026-09-30 23:32:15.454000+02:00,2026-09-30 23:42:00+02:00,2026-09-30 23:42:00+02:00,2026-09-30,23,Wednesday,False,9.742433333333334
20260930_213208,2026-09-30 21:32:15.454000+00:00,Genève,local,ch:1:sloid:87057,"Genève, gare Cornavin",ch:1:sloid:87057:0:973093,2026-09-30,ch:1:sjyid:100680:HAS-26-08-20-13-Lun-Ven-35205732,bus,Bus,8,8,646109,"Grand-Saconnex, Palexpo",Veyrier-Douane,C,,2026-09-30 21:43:00+00:00,2026-09-30 21:44:30+00:00,,True,1.5,2026-09-30 23:32:15.454000+02:00,2026-09-30 23:43:00+02:00,2026-09-30 23:44:30+02:00,2026-09-30,23,Wednesday,False,10.742433333333334
20260930_213208,2026-09-30 21:32:15.454000+00:00,Genève,local,ch:1:sloid:87057,"Genève, gare Cornavin",ch:1:sloid:87057:0:233278,2026-09-30,ch:1:sjyid:100680:HAS-26-14-10-Lun-Ven-35075236,tram,Tram,14,14,846367,"Meyrin, Gravière",Bernex-Vailly,I,,2026-09-30 21:44:00+00:00,2026-09-30 21:44:54+00:00,,True,0.9,2026-09-30 23:32:15.454000+02:00,2026-09-30 23:44:00+02:00,2026-09-30 23:44:54+02:00,2026-09-30,23,Wednesday,False,11.742433333333334
20260930_213208,2026-09-30 21:32:15.454000+00:00,Genève,local,ch:1:sloid:87057,"Genève, gare Cornavin",ch:1:sloid:87057:0:89811,2026-09-30,ch:1:sjyid:100680:HAS-26-14-10-Lun-Ven-35075219,tram,Tram,14,14,846350,"Bernex, Vailly",Meyrin-Gravière,H,,2026-09-30 21:44:00+00:00,2026-09-30 21:43:24+00:00,,True,-0.6,2026-09-30 23:32:15.454000+02:00,2026-09-30 23:44:00+02:00,2026-09-30 23:43:24+02:00,2026-09-30,23,Wednesday,False,11.742433333333334
20260930_213208,2026-09-30 21:32:15.454000+00:00,Genève,local,ch:1:sloid:87057,"Genève, gare Cornavin",ch:1:sloid:87057:0:783875,2026-09-30,ch:1:sjyid:100680:HAS-26-02-06-19-1-Lun-Ven-34651780,bus,Bus,19,19,616708,"Onex, cité",Vernier-Village,K,,2026-09-30 21:44:00+00:00,,,False,,2026-09-30 23:32:15.454000+02:00,2026-09-30 23:44:00+02:00,,2026-09-30,23,Wednesday,False,11.742433333333334
20260930_213208,2026-09-30 21:32:15.454000+00:00,Genève,local,ch:1:sloid:87057,"Genève, gare Cornavin",ch:1:sloid:87057:0:46188,2026-09-30,ch:1:sjyid:100680:HAS-26-015925-70-Lun-Ven-35913580,bus,Bus,25,25,697995,"Genève, Jardin Botanique",Thônex-Vallard,D,,2026-09-30 21:46:00+00:00,2026-09-30 21:46:18+00:00,,True,0.3,2026-09-30 23:32:15.454000+02:00,2026-09-30 23:46:00+02:00,2026-09-30 23:46:18+02:00,2026-09-30,23,Wednesday,False,13.742433333333334
20260930_213208,2026-09-30 21:32:15.454000+00:00,Genève,local,ch:1:sloid:87057,"Genève, gare Cornavin",ch:1:sloid:87057:0:46188,2026-09-30,ch:1:sjyid:100680:HAS-26-15-10-Lun-Ven-35076296,tram,Tram,15,15,847427,"Genève, Nations",ZIPLO,D,,2026-09-30 21:46:00+00:00,2026-09-30 21:46:00+00:00,,True,0.0,2026-09-30 23:32:15.454000+02:00,2026-09-30 23:46:00+02:00,2026-09-30 23:46:00+02:00,2026-09-30,23,Wednesday,False,13.742433333333334
20260930_213208,2026-09-30 21:32:15.454000+00:00,Genève,local,ch:1:sloid:87057,"Genève, gare Cornavin",ch:1:sloid:87057:0:589555,2026-09-30,ch:1:sjyid:100680:HAS-26-10-0-Lun-Ven-33810507,bus,Bus,10,10,551614,"Genève-Aéroport, Terminal",Rive,L,,2026-09-30 21:49:00+00:00,2026-09-30 21:49:00+00:00,,True,0.0,2026-09-30 23:32:15.454000+02:00,2026-09-30 23:49:00+02:00,2026-09-30 23:49:00+02:00,2026-09-30,23,Wednesday,False,16.742433333333334
20260930_213208,2026-09-30 21:32:15.454000+00:00,Genève,local,ch:1:sloid:87057,"Genève, gare Cornavin",ch:1:sloid:87057:0:589555,2026-09-30,ch:1:sjyid:100680:HAS-26-02-06-19-1-Lun-Ven-34651828,bus,Bus,19,19,616756,"Vernier, village",Onex-Cité,L,,2026-09-30 21:49:00+00:00,2026-09-30 21:49:00+00:00,,True,0.0,2026-09-30 23:32:15.454000+02:00,2026-09-30 23:49:00+02:00,2026-09-30 23:49:00+02:00,2026-09-30,23,Wednesday,False,16.742433333333334
20260930_213208,2026-09-30 21:32:15.454000+00:00,Genève,local,ch:1:sloid:87057,"Genève, gare Cornavin",ch:1:sloid:87057:0:89811,2026-09-30,ch:1:sjyid:100680:HAS-26-18-10-Lun-Ven-35074971,tram,Tram,18,18,846104,"Grand-Lancy, Palettes",CERN,H,,2026-09-30 21:49:00+00:00,2026-09-30 21:50:18+00:00,,True,1.3,2026-09-30 23:32:15.454000+02:00,2026-09-30 23:49:00+02:00,2026-09-30 23:50:18+02:00,2026-09-30,23,Wednesday,False,16.742433333333334
20260930_213208,2026-09-30 21:32:15.454000+00:00,Genève,local,ch:1:sloid:87057,"Genève, gare Cornavin",ch:1:sloid:87057:0:408265,2026-09-30,ch:1:sjyid:100680:HAS-26-015925-70-Lun-Ven-35913613,bus,Bus,1,1,698028,"Thônex, Hôpital Trois-Chêne",Jardin Botanique,E,,2026-09-30 21:49:00+00:00,2026-09-30 21:50:36+00:00,,True,1.6,2026-09-30 23:32:15.454000+02:00,2026-09-30 23:49:00+02:00,2026-09-30 23:50:36+02:00,2026-09-30,23,Wednesday,False,16.742433333333334
20260930_213208,2026-09-30 21:32:15.454000+00:00,Genève,local,ch:1:sloid:87057,"Genève, gare Cornavin",ch:1:sloid:87057:0:50679,2026-09-30,ch:1:sjyid:100680:HAS-26-015925-70-Lun-Ven-35913566,bus,Bus,5,5,697981,"Thônex, Vallard",Genève-Aéroport-Terminal,J,,2026-09-30 21:51:00+00:00,2026-09-30 21:51:36+00:00,,True,0.6,2026-09-30 23:32:15.454000+02:00,2026-09-30 23:51:00+02:00,2026-09-30 23:51:36+02:00,2026-09-30,23,Wednesday,False,18.742433333333334
20260930_213208,2026-09-30 21:32:15.930000+00:00,Lugano,local,ch:1:sloid:5380,"Lugano, Stazione",ch:1:sloid:5380::407001,2026-09-30,ch:1:sjyid:100754:a3634403-8c5d-448e-9328-f1bd5a6b920d,bus,Bus,6,6,6283,"Lugano, Stazione","Lugano, Cornaredo",A,,2026-09-30 21:39:00+00:00,2026-09-30 21:39:00+00:00,,True,0.0,2026-09-30 23:32:15.930000+02:00,2026-09-30 23:39:00+02:00,2026-09-30 23:39:00+02:00,2026-09-30,23,Wednesday,False,6.7345
20260930_213208,2026-09-30 21:32:15.930000+00:00,Lugano,local,ch:1:sloid:5380,"Lugano, Stazione",ch:1:sloid:5380::407001,2026-09-30,ch:1:sjyid:100754:f92f42b5-1e3c-442b-adb7-0bcec2706f54,bus,Bus,2,2,2300,"Castagnola, Capolinea","Paradiso, Carzo",A,,2026-09-30 21:39:30+00:00,2026-09-30 21:39:30+00:00,,True,0.0,2026-09-30 23:32:15.930000+02:00,2026-09-30 23:39:30+02:00,2026-09-30 23:39:30+02:00,2026-09-30,23,Wednesday,False,7.2345
20260930_213208,2026-09-30 21:32:15.930000+00:00,Lugano,local,ch:1:sloid:5380,"Lugano, Stazione",ch:1:sloid:5380::407002,2026-09-30,ch:1:sjyid:100754:56107ed0-bbae-481f-9836-3d546b341ff1,bus,Bus,4,4,4259,"Lugano, Centro","Comano, Studio TV",B,,2026-09-30 21:44:00+00:00,2026-09-30 21:44:00+00:00,,True,0.0,2026-09-30 23:32:15.930000+02:00,2026-09-30 23:44:00+02:00,2026-09-30 23:44:00+02:00,2026-09-30,23,Wednesday,False,11.7345
20260930_213208,2026-09-30 21:32:15.930000+00:00,Lugano,local,ch:1:sloid:5380,"Lugano, Stazione",ch:1:sloid:5380::407001,2026-09-30,ch:1:sjyid:100754:65f49873-73b8-4306-bf59-37ce6cd55820,bus,Bus,4,4,4268,"Comano, Studio TV","Lugano, Centro",A,,2026-09-30 21:46:00+00:00,2026-09-30 21:46:00+00:00,,True,0.0,2026-09-30 23:32:15.930000+02:00,2026-09-30 23:46:00+02:00,2026-09-30 23:46:00+02:00,2026-09-30,23,Wednesday,False,13.7345
20260930_213208,2026-09-30 21:32:15.930000+00:00,Lugano,local,ch:1:sloid:5380,"Lugano, Stazione",ch:1:sloid:5380::407001,2026-09-30,ch:1:sjyid:100754:701fc3d6-f097-45f9-ba74-21a175220bdb,bus,Bus,6,6,6285,"Lugano, Stazione","Lugano, Cornaredo",A,,2026-09-30 21:54:00+00:00,2026-09-30 21:54:00+00:00,,True,0.0,2026-09-30 23:32:15.930000+02:00,2026-09-30 23:54:00+02:00,2026-09-30 23:54:00+02:00,2026-09-30,23,Wednesday,False,21.7345
20260930_213208,2026-09-30 21:32:15.930000+00:00,Lugano,local,ch:1:sloid:5380,"Lugano, Stazione",ch:1:sloid:5380::407001,2026-09-30,ch:1:sjyid:100754:52b8eebe-e9d5-4256-a6d7-9574c9c9049d,bus,Bus,2,2,2302,"Castagnola, Capolinea","Paradiso, Carzo",A,,2026-09-30 21:54:30+00:00,2026-09-30 21:54:30+00:00,,True,0.0,2026-09-30 23:32:15.930000+02:00,2026-09-30 23:54:30+02:00,2026-09-30 23:54:30+02:00,2026-09-30,23,Wednesday,False,22.2345
20260930_213208,2026-09-30 21:32:15.930000+00:00,Lugano,local,ch:1:sloid:5380,"Lugano, Stazione",ch:1:sloid:5380::407002,2026-09-30,ch:1:sjyid:100754:30bbc4f4-53a5-489c-a66c-eb42ed05709c,bus,Bus,4,4,4261,"Lugano, Centro","Canobbio, Ganna",B,,2026-09-30 21:59:00+00:00,2026-09-30 21:59:00+00:00,,True,0.0,2026-09-30 23:32:15.930000+02:00,2026-09-30 23:59:00+02:00,2026-09-30 23:59:00+02:00,2026-09-30,23,Wednesday,False,26.7345
20260930_213208,2026-09-30 21:32:15.930000+00:00,Lugano,local,ch:1:sloid:5380,"Lugano, Stazione",ch:1:sloid:5380::407001,2026-09-30,ch:1:sjyid:100754:c50a77dc-eb19-40fb-a61d-1eb56a2aa5b4,bus,Bus,4,4,4270,"Canobbio, Ganna","Lugano, Centro",A,,2026-09-30 22:01:00+00:00,2026-09-30 22:01:00+00:00,,True,0.0,2026-09-30 23:32:15.930000+02:00,2026-10-01 00:01:00+02:00,2026-10-01 00:01:00+02:00,2026-10-01,0,Thursday,False,28.7345
20260930_213208,2026-09-30 21:32:15.930000+00:00,Lugano,local,ch:1:sloid:5380,"Lugano, Stazione",ch:1:sloid:5380::407001,2026-09-30,ch:1:sjyid:100754:15a1ae86-70a2-4d0e-bbaf-7e34cba50221,bus,Bus,6,6,6287,"Lugano, Stazione","Lugano, Cornaredo",A,,2026-09-30 22:09:00+00:00,,,False,,2026-09-30 23:32:15.930000+02:00,2026-10-01 00:09:00+02:00,,2026-10-01,0,Thursday,False,36.734500000000004
20260930_213208,2026-09-30 21:32:15.930000+00:00,Lugano,local,ch:1:sloid:5380,"Lugano, Stazione",ch:1:sloid:5380::407001,2026-09-30,ch:1:sjyid:100754:88604d1a-834d-4148-8017-1a665324d1aa,bus,Bus,2,2,2304,"Castagnola, Capolinea","Paradiso, Carzo",A,,2026-09-30 22:09:30+00:00,2026-09-30 22:09:30+00:00,,True,0.0,2026-09-30 23:32:15.930000+02:00,2026-10-01 00:09:30+02:00,2026-10-01 00:09:30+02:00,2026-10-01,0,Thursday,False,37.234500000000004
20260930_213208,2026-09-30 21:32:15.930000+00:00,Lugano,local,ch:1:sloid:5380,"Lugano, Stazione",ch:1:sloid:5380::407002,2026-09-30,ch:1:sjyid:100754:06ea5af1-c84a-493d-9978-2c9137bffd65,bus,Bus,4,4,4263,"Lugano, Centro","Comano, Studio TV",B,,2026-09-30 22:14:00+00:00,2026-09-30 22:14:00+00:00,,True,0.0,2026-09-30 23:32:15.930000+02:00,2026-10-01 00:14:00+02:00,2026-10-01 00:14:00+02:00,2026-10-01,0,Thursday,False,41.734500000000004
20260930_213208,2026-09-30 21:32:15.930000+00:00,Lugano,local,ch:1:sloid:5380,"Lugano, Stazione",ch:1:sloid:5380::407001,2026-10-01,ch:1:sjyid:100754:b0b7078f-2c4e-4674-9031-44f8e983a298,bus,Bus,4,4,4004,"Canobbio, Ganna","Lugano, Centro",A,,2026-10-01 03:49:00+00:00,,,False,,2026-09-30 23:32:15.930000+02:00,2026-10-01 05:49:00+02:00,,2026-10-01,5,Thursday,False,376.73449999999997
20260930_213208,2026-09-30 21:32:15.930000+00:00,Lugano,local,ch:1:sloid:5380,"Lugano, Stazione",ch:1:sloid:5380::407001,2026-10-01,ch:1:sjyid:100754:37705a76-b638-4148-a4ea-7824b4b71ec0,bus,Bus,6,6,6001,"Lugano, Stazione","Lugano, Cornaredo",A,,2026-10-01 03:50:00+00:00,,,False,,2026-09-30 23:32:15.930000+02:00,2026-10-01 05:50:00+02:00,,2026-10-01,5,Thursday,False,377.73449999999997
20260930_213208,2026-09-30 21:32:15.930000+00:00,Lugano,local,ch:1:sloid:5380,"Lugano, Stazione",ch:1:sloid:5380::407001,2026-10-01,ch:1:sjyid:100754:db9ad31d-0061-41c6-9129-0ef9d8732a12,bus,Bus,2,2,2002,"Castagnola, Capolinea","Paradiso, Carzo",A,,2026-10-01 03:50:00+00:00,,,False,,2026-09-30 23:32:15.930000+02:00,2026-10-01 05:50:00+02:00,,2026-10-01,5,Thursday,False,377.73449999999997
20260930_213208,2026-09-30 21:32:15.930000+00:00,Lugano,local,ch:1:sloid:5380,"Lugano, Stazione",ch:1:sloid:5380::407002,2026-10-01,ch:1:sjyid:100754:92c5557c-4875-48b9-86d2-8db1916b09cf,bus,Bus,4,4,4001,"Lugano, Centro","Canobbio, Ganna",B,,2026-10-01 03:59:00+00:00,,,False,,2026-09-30 23:32:15.930000+02:00,2026-10-01 05:59:00+02:00,,2026-10-01,5,Thursday,False,386.73449999999997
20260930_213208,2026-09-30 21:32:15.930000+00:00,Lugano,local,ch:1:sloid:5380,"Lugano, Stazione",ch:1:sloid:5380::407001,2026-10-01,ch:1:sjyid:100754:b3308d2d-71b0-41b4-b979-7657feb2c713,bus,Bus,6,6,6005,"Lugano, Stazione","Lugano, Cornaredo",A,,2026-10-01 04:00:00+00:00,,,False,,2026-09-30 23:32:15.930000+02:00,2026-10-01 06:00:00+02:00,,2026-10-01,6,Thursday,False,387.73449999999997
20260930_213208,2026-09-30 21:32:15.930000+00:00,Lugano,local,ch:1:sloid:5380,"Lugano, Stazione",ch:1:sloid:5380::407001,2026-10-01,ch:1:sjyid:100754:b28f85dc-8cc7-4312-8852-1848c599e7fd,bus,Bus,4,4,4006,"Canobbio, Ganna","Lugano, Centro",A,,2026-10-01 04:01:00+00:00,,,False,,2026-09-30 23:32:15.930000+02:00,2026-10-01 06:01:00+02:00,,2026-10-01,6,Thursday,False,388.73449999999997
20260930_213208,2026-09-30 21:32:15.930000+00:00,Lugano,local,ch:1:sloid:5380,"Lugano, Stazione",ch:1:sloid:5380::407001,2026-10-01,ch:1:sjyid:100754:cbf8c818-9870-497d-ae94-dd0bba66293c,bus,Bus,2,2,2006,"Castagnola, Capolinea","Paradiso, Carzo",A,,2026-10-01 04:05:00+00:00,,,False,,2026-09-30 23:32:15.930000+02:00,2026-10-01 06:05:00+02:00,,2026-10-01,6,Thursday,False,392.73449999999997
20260930_213208,2026-09-30 21:32:15.930000+00:00,Lugano,local,ch:1:sloid:5380,"Lugano, Stazione",ch:1:sloid:5380::407001,2026-10-01,ch:1:sjyid:100754:e221be9a-5c11-41e0-8b28-f7ca44550e98,bus,Bus,6,6,6009,"Lugano, Stazione","Lugano, Cornaredo",A,,2026-10-01 04:10:00+00:00,,,False,,2026-09-30 23:32:15.930000+02:00,2026-10-01 06:10:00+02:00,,2026-10-01,6,Thursday,False,397.73449999999997
20260930_213208,2026-09-30 21:32:15.930000+00:00,Lugano,local,ch:1:sloid:5380,"Lugano, Stazione",ch:1:sloid:5380::407002,2026-10-01,ch:1:sjyid:100754:ca409668-05bb-4c3e-ab55-abf470a5d75c,bus,Bus,4,4,4005,"Lugano, Centro","Canobbio, Ganna",B,,2026-10-01 04:14:00+00:00,,,False,,2026-09-30 23:32:15.930000+02:00,2026-10-01 06:14:00+02:00,,2026-10-01,6,Thursday,False,401.73449999999997
20260930_213208,2026-09-30 21:32:15.930000+00:00,Lugano,local,ch:1:sloid:5380,"Lugano, Stazione",ch:1:sloid:5380::407001,2026-10-01,ch:1:sjyid:100754:8b503a9d-5613-462b-ab63-059dbbf49bf9,bus,Bus,4,4,4012,"Canobbio, Ganna","Lugano, Centro",A,,2026-10-01 04:16:00+00:00,,,False,,2026-09-30 23:32:15.930000+02:00,2026-10-01 06:16:00+02:00,,2026-10-01,6,Thursday,False,403.73449999999997
20260930_213208,2026-09-30 21:32:15.930000+00:00,Lugano,local,ch:1:sloid:5380,"Lugano, Stazione",ch:1:sloid:5380::407001,2026-10-01,ch:1:sjyid:100754:597708fa-036c-44ac-8d35-0332c4e68c2f,bus,Bus,6,6,6011,"Lugano, Stazione","Lugano, Cornaredo",A,,2026-10-01 04:20:00+00:00,,,False,,2026-09-30 23:32:15.930000+02:00,2026-10-01 06:20:00+02:00,,2026-10-01,6,Thursday,False,407.73449999999997
20260930_213208,2026-09-30 21:32:15.930000+00:00,Lugano,local,ch:1:sloid:5380,"Lugano, Stazione",ch:1:sloid:5380::407001,2026-10-01,ch:1:sjyid:100754:871087a6-1c5a-46bc-81d1-7886cbb3bd6d,bus,Bus,2,2,2010,"Castagnola, Capolinea","Paradiso, Carzo",A,,2026-10-01 04:20:00+00:00,,,False,,2026-09-30 23:32:15.930000+02:00,2026-10-01 06:20:00+02:00,,2026-10-01,6,Thursday,False,407.73449999999997
20260930_213208,2026-09-30 21:32:15.930000+00:00,Lugano,local,ch:1:sloid:5380,"Lugano, Stazione",ch:1:sloid:5380::407002,2026-10-01,ch:1:sjyid:100754:6e7b51b8-929b-474e-a5c7-8cabe781bf82,bus,Bus,4,4,4009,"Lugano, Centro","Canobbio, Ganna",B,,2026-10-01 04:29:00+00:00,,,False,,2026-09-30 23:32:15.930000+02:00,2026-10-01 06:29:00+02:00,,2026-10-01,6,Thursday,False,416.73449999999997
20260930_213208,2026-09-30 21:32:15.930000+00:00,Lugano,local,ch:1:sloid:5380,"Lugano, Stazione",ch:1:sloid:5380::407001,2026-10-01,ch:1:sjyid:100754:5d5d3ddf-c13f-40f5-8cc2-52aa53810e4e,bus,Bus,6,6,6015,"Lugano, Stazione","Lugano, Cornaredo",A,,2026-10-01 04:30:00+00:00,,,False,,2026-09-30 23:32:15.930000+02:00,2026-10-01 06:30:00+02:00,,2026-10-01,6,Thursday,False,417.73449999999997
20260930_213208,2026-09-30 21:32:15.930000+00:00,Lugano,local,ch:1:sloid:5380,"Lugano, Stazione",ch:1:sloid:5380::407001,2026-10-01,ch:1:sjyid:100754:12513d33-b077-482d-aaf2-274e4ea21db4,bus,Bus,4,4,4014,"Canobbio, Ganna","Lugano, Centro",A,,2026-10-01 04:31:00+00:00,,,False,,2026-09-30 23:32:15.930000+02:00,2026-10-01 06:31:00+02:00,,2026-10-01,6,Thursday,False,418.73449999999997
20260930_213208,2026-09-30 21:32:15.930000+00:00,Lugano,local,ch:1:sloid:5380,"Lugano, Stazione",ch:1:sloid:5380::407001,2026-10-01,ch:1:sjyid:100754:16f30684-cc64-46e0-8037-7c209f3b6bf4,bus,Bus,2,2,2014,"Castagnola, Capolinea","Paradiso, Carzo",A,,2026-10-01 04:35:00+00:00,,,False,,2026-09-30 23:32:15.930000+02:00,2026-10-01 06:35:00+02:00,,2026-10-01,6,Thursday,False,422.73449999999997
20260930_213208,2026-09-30 21:32:15.930000+00:00,Lugano,local,ch:1:sloid:5380,"Lugano, Stazione",ch:1:sloid:5380::407001,2026-10-01,ch:1:sjyid:100754:c544ea5d-21ca-4e72-b48c-2a318ebac766,bus,Bus,6,6,6019,"Lugano, Stazione","Lugano, Cornaredo",A,,2026-10-01 04:40:00+00:00,,,False,,2026-09-30 23:32:15.930000+02:00,2026-10-01 06:40:00+02:00,,2026-10-01,6,Thursday,False,427.73449999999997
20260930_213208,2026-09-30 21:32:15.930000+00:00,Lugano,local,ch:1:sloid:5380,"Lugano, Stazione",ch:1:sloid:5380::407002,2026-10-01,ch:1:sjyid:100754:1f81c151-3a40-4063-a16b-941d7843ab8b,bus,Bus,4,4,4013,"Lugano, Centro","Canobbio, Ganna",B,,2026-10-01 04:44:00+00:00,,,False,,2026-09-30 23:32:15.930000+02:00,2026-10-01 06:44:00+02:00,,2026-10-01,6,Thursday,False,431.73449999999997
20260930_213208,2026-09-30 21:32:15.930000+00:00,Lugano,local,ch:1:sloid:5380,"Lugano, Stazione",ch:1:sloid:5380::407001,2026-10-01,ch:1:sjyid:100754:84125e04-e58e-48d2-8758-de8b544d9366,bus,Bus,4,4,4020,"Canobbio, Ganna","Lugano, Centro",A,,2026-10-01 04:46:00+00:00,,,False,,2026-09-30 23:32:15.930000+02:00,2026-10-01 06:46:00+02:00,,2026-10-01,6,Thursday,False,433.73449999999997
