batch_id,collection_timestamp,city,station_type,station_id,station_name,stop_point_ref,operating_day,journey_ref,transport_mode,product_category,public_code,line,train_number,origin,destination,planned_platform,estimated_platform,scheduled_departure,estimated_departure,cancelled,has_realtime,predicted_delay_minutes,collection_timestamp_local,scheduled_departure_local,estimated_departure_local,date,hour,weekday,weekend,minutes_until_departure
20260930_173430,2026-09-30 17:34:30.638000+00:00,Zürich,rail,ch:1:sloid:3000,Zürich HB,ch:1:sloid:3000:502:42,2026-09-30,ch:1:sjyid:100001:18674-001,rail,S-Bahn,S6,S6,18674,Uetikon,Baden,41/42,41,2026-09-30 17:31:00+00:00,2026-09-30 17:34:54+00:00,,True,3.9,2026-09-30 19:34:30.638000+02:00,2026-09-30 19:31:00+02:00,2026-09-30 19:34:54+02:00,2026-09-30,19,Wednesday,False,-3.5106333333333333
20260930_173430,2026-09-30 17:34:30.638000+00:00,Zürich,rail,ch:1:sloid:3000,Zürich HB,ch:1:sloid:3000:8:14,2026-09-30,ch:1:sjyid:100001:582-001,rail,InterCity,IC3,IC3,582,Chur,Basel SBB,14,,2026-09-30 17:34:00+00:00,2026-09-30 17:34:30+00:00,,True,0.5,2026-09-30 19:34:30.638000+02:00,2026-09-30 19:34:00+02:00,2026-09-30 19:34:30+02:00,2026-09-30,19,Wednesday,False,-0.5106333333333334
20260930_173430,2026-09-30 17:34:30.638000+00:00,Zürich,rail,ch:1:sloid:3000,Zürich HB,ch:1:sloid:3000:503:43,2026-09-30,ch:1:sjyid:100001:18375-002,rail,S-Bahn,S3,S3,18375,Bülach,Wetzikon ZH,43/44,43,2026-09-30 17:34:00+00:00,2026-09-30 17:34:54+00:00,,True,0.9,2026-09-30 19:34:30.638000+02:00,2026-09-30 19:34:00+02:00,2026-09-30 19:34:54+02:00,2026-09-30,19,Wednesday,False,-0.5106333333333334
20260930_173430,2026-09-30 17:34:30.638000+00:00,Zürich,rail,ch:1:sloid:3000,Zürich HB,ch:1:sloid:3000:6:11,2026-09-30,ch:1:sjyid:100001:2133-001,rail,InterRegio,IR75,IR75,2133,Luzern,Konstanz,11,,2026-09-30 17:34:00+00:00,2026-09-30 17:34:30+00:00,,True,0.5,2026-09-30 19:34:30.638000+02:00,2026-09-30 19:34:00+02:00,2026-09-30 19:34:30+02:00,2026-09-30,19,Wednesday,False,-0.5106333333333334
20260930_173430,2026-09-30 17:34:30.638000+00:00,Zürich,rail,ch:1:sloid:3000,Zürich HB,ch:1:sloid:3000:4:6,2026-09-30,ch:1:sjyid:100001:2132-001,rail,InterRegio,IR75,IR75,2132,Konstanz,Luzern,6,,2026-09-30 17:35:00+00:00,2026-09-30 17:36:00+00:00,,True,1.0,2026-09-30 19:34:30.638000+02:00,2026-09-30 19:35:00+02:00,2026-09-30 19:36:00+02:00,2026-09-30,19,Wednesday,False,0.4893666666666666
20260930_173430,2026-09-30 17:34:30.638000+00:00,Zürich,rail,ch:1:sloid:3000,Zürich HB,ch:1:sloid:3000:9:16,2026-09-30,ch:1:sjyid:100001:1984-001,rail,InterRegio,IR36,IR36,1984,Zürich HB,Basel SBB,16,,2026-09-30 17:36:00+00:00,2026-09-30 17:36:30+00:00,,True,0.5,2026-09-30 19:34:30.638000+02:00,2026-09-30 19:36:00+02:00,2026-09-30 19:36:30+02:00,2026-09-30,19,Wednesday,False,1.4893666666666665
20260930_173430,2026-09-30 17:34:30.638000+00:00,Zürich,rail,ch:1:sloid:3000,Zürich HB,ch:1:sloid:3000:501:33,2026-09-30,ch:1:sjyid:100001:729-001,rail,InterCity,IC1,IC1,729,Genève-Aéroport,St. Gallen,33,,2026-09-30 17:37:00+00:00,2026-09-30 17:37:30+00:00,,True,0.5,2026-09-30 19:34:30.638000+02:00,2026-09-30 19:37:00+02:00,2026-09-30 19:37:30+02:00,2026-09-30,19,Wednesday,False,2.4893666666666667
20260930_173430,2026-09-30 17:34:30.638000+00:00,Zürich,rail,ch:1:sloid:3000,Zürich HB,ch:1:sloid:3000:500:32,2026-09-30,ch:1:sjyid:100001:18875-001,rail,S-Bahn,S8,S8,18875,Winterthur,Pfäffikon SZ,32,,2026-09-30 17:37:00+00:00,2026-09-30 17:37:36+00:00,,True,0.6,2026-09-30 19:34:30.638000+02:00,2026-09-30 19:37:00+02:00,2026-09-30 19:37:36+02:00,2026-09-30,19,Wednesday,False,2.4893666666666667
20260930_173430,2026-09-30 17:34:30.638000+00:00,Zürich,rail,ch:1:sloid:3000,Zürich HB,ch:1:sloid:3000:502:42,2026-09-30,ch:1:sjyid:100001:18974-001,rail,S-Bahn,S9,S9,18974,Uster,Rafz,41/42,42,2026-09-30 17:37:00+00:00,2026-09-30 17:37:18+00:00,,True,0.3,2026-09-30 19:34:30.638000+02:00,2026-09-30 19:37:00+02:00,2026-09-30 19:37:18+02:00,2026-09-30,19,Wednesday,False,2.4893666666666667
20260930_173430,2026-09-30 17:34:30.638000+00:00,Zürich,rail,ch:1:sloid:3000,Zürich HB,ch:1:sloid:3000:3:5,2026-09-30,ch:1:sjyid:100001:480-001,rail,InterCity,IC,IC,480,Zürich HB,Stuttgart Hbf,5,,2026-09-30 17:37:00+00:00,2026-09-30 17:37:00+00:00,,True,0.0,2026-09-30 19:34:30.638000+02:00,2026-09-30 19:37:00+02:00,2026-09-30 19:37:00+02:00,2026-09-30,19,Wednesday,False,2.4893666666666667
20260930_173430,2026-09-30 17:34:30.638000+00:00,Zürich,rail,ch:1:sloid:3000,Zürich HB,ch:1:sloid:3000:3:5,2026-09-30,ch:1:sjyid:100001:70480-891,rail,,IC,IC,70480,Zürich HB,Schaffhausen,5,,2026-09-30 17:37:00+00:00,2026-09-30 17:37:30+00:00,,True,0.5,2026-09-30 19:34:30.638000+02:00,2026-09-30 19:37:00+02:00,2026-09-30 19:37:30+02:00,2026-09-30,19,Wednesday,False,2.4893666666666667
20260930_173430,2026-09-30 17:34:30.638000+00:00,Zürich,rail,ch:1:sloid:3000,Zürich HB,ch:1:sloid:3000:8:15,2026-09-30,ch:1:sjyid:100001:4834-001,rail,RegioExpress,RE37,RE37,4834,Zürich HB,Aarau,15,,2026-09-30 17:38:00+00:00,2026-09-30 17:38:30+00:00,,True,0.5,2026-09-30 19:34:30.638000+02:00,2026-09-30 19:38:00+02:00,2026-09-30 19:38:30+02:00,2026-09-30,19,Wednesday,False,3.4893666666666667
20260930_173430,2026-09-30 17:34:30.638000+00:00,Zürich,rail,ch:1:sloid:3000,Zürich HB,ch:1:sloid:3000:7:12,2026-09-30,ch:1:sjyid:100001:583-001,rail,InterCity,IC3,IC3,583,Basel SBB,Chur,12,,2026-09-30 17:38:00+00:00,2026-09-30 17:38:30+00:00,,True,0.5,2026-09-30 19:34:30.638000+02:00,2026-09-30 19:38:00+02:00,2026-09-30 19:38:30+02:00,2026-09-30,19,Wednesday,False,3.4893666666666667
20260930_173430,2026-09-30 17:34:30.638000+00:00,Zürich,rail,ch:1:sloid:3000,Zürich HB,ch:1:sloid:3000:503:43,2026-09-30,ch:1:sjyid:100001:19575-001,rail,S-Bahn,S15,S15,19575,Niederweningen,Rapperswil SG,43/44,,2026-09-30 17:39:00+00:00,2026-09-30 17:40:12+00:00,,True,1.2,2026-09-30 19:34:30.638000+02:00,2026-09-30 19:39:00+02:00,2026-09-30 19:40:12+02:00,2026-09-30,19,Wednesday,False,4.489366666666667
20260930_173430,2026-09-30 17:34:30.638000+00:00,Zürich,rail,ch:1:sloid:3000,Zürich HB,ch:1:sloid:3000:502:42,2026-09-30,ch:1:sjyid:100001:18574-001,rail,S-Bahn,S5,S5,18574,Pfäffikon SZ,Zug,41/42,,2026-09-30 17:39:00+00:00,2026-09-30 17:39:18+00:00,,True,0.3,2026-09-30 19:34:30.638000+02:00,2026-09-30 19:39:00+02:00,2026-09-30 19:39:18+02:00,2026-09-30,19,Wednesday,False,4.489366666666667
20260930_173430,2026-09-30 17:34:30.638000+00:00,Zürich,rail,ch:1:sloid:3000,Zürich HB,ch:1:sloid:3000:500:32,2026-09-30,ch:1:sjyid:100001:19974-001,rail,S-Bahn,S19,S19,19974,Pfäffikon ZH,Dietikon,32,,2026-09-30 17:41:00+00:00,2026-09-30 17:41:48+00:00,,True,0.8,2026-09-30 19:34:30.638000+02:00,2026-09-30 19:41:00+02:00,2026-09-30 19:41:48+02:00,2026-09-30,19,Wednesday,False,6.489366666666667
20260930_173430,2026-09-30 17:34:30.638000+00:00,Zürich,rail,ch:1:sloid:3000,Zürich HB,ch:1:sloid:3000:503:43,2026-09-30,ch:1:sjyid:100001:18775-001,rail,S-Bahn,S7,S7,18775,Winterthur,Rapperswil SG,43/44,,2026-09-30 17:41:00+00:00,2026-09-30 17:42:30+00:00,,True,1.5,2026-09-30 19:34:30.638000+02:00,2026-09-30 19:41:00+02:00,2026-09-30 19:42:30+02:00,2026-09-30,19,Wednesday,False,6.489366666666667
20260930_173430,2026-09-30 17:34:30.638000+00:00,Zürich,rail,ch:1:sloid:3000,Zürich HB,ch:1:sloid:3000:501:34,2026-09-30,ch:1:sjyid:100001:19475-001,rail,S-Bahn,S14,S14,19475,Affoltern am Albis,Hinwil,34,,2026-09-30 17:42:00+00:00,2026-09-30 17:42:30+00:00,,True,0.5,2026-09-30 19:34:30.638000+02:00,2026-09-30 19:42:00+02:00,2026-09-30 19:42:30+02:00,2026-09-30,19,Wednesday,False,7.489366666666667
20260930_173430,2026-09-30 17:34:30.638000+00:00,Zürich,rail,ch:1:sloid:3000,Zürich HB,ch:1:sloid:3000:5:8,2026-09-30,ch:1:sjyid:100001:20575-001,rail,S-Bahn,S25,S25,20575,Zürich HB,Ziegelbrücke,8,,2026-09-30 17:43:00+00:00,2026-09-30 17:43:30+00:00,,True,0.5,2026-09-30 19:34:30.638000+02:00,2026-09-30 19:43:00+02:00,2026-09-30 19:43:30+02:00,2026-09-30,19,Wednesday,False,8.489366666666667
20260930_173430,2026-09-30 17:34:30.638000+00:00,Zürich,rail,ch:1:sloid:3000,Zürich HB,ch:1:sloid:3000:501:33,2026-09-30,ch:1:sjyid:100001:18274-001,rail,S-Bahn,S2,S2,18274,Ziegelbrücke,Zürich Flughafen,33,,2026-09-30 17:44:00+00:00,2026-09-30 17:44:18+00:00,,True,0.3,2026-09-30 19:34:30.638000+02:00,2026-09-30 19:44:00+02:00,2026-09-30 19:44:18+02:00,2026-09-30,19,Wednesday,False,9.489366666666665
20260930_173430,2026-09-30 17:34:30.638000+00:00,Zürich,rail,ch:1:sloid:3000,Zürich HB,ch:1:sloid:3000:2:3,2026-09-30,ch:1:sjyid:100001:20474-001,rail,S-Bahn,S24,S24,20474,Zug,Thayngen,3,,2026-09-30 17:44:00+00:00,2026-09-30 17:44:18+00:00,,True,0.3,2026-09-30 19:34:30.638000+02:00,2026-09-30 19:44:00+02:00,2026-09-30 19:44:18+02:00,2026-09-30,19,Wednesday,False,9.489366666666665
20260930_173430,2026-09-30 17:34:30.638000+00:00,Zürich,rail,ch:1:sloid:3000,Zürich HB,ch:1:sloid:3000:502:42,2026-09-30,ch:1:sjyid:100001:19274-001,rail,S-Bahn,S12,S12,19274,Schaffhausen,Brugg AG,41/42,,2026-09-30 17:44:00+00:00,2026-09-30 17:44:18+00:00,,True,0.3,2026-09-30 19:34:30.638000+02:00,2026-09-30 19:44:00+02:00,2026-09-30 19:44:18+02:00,2026-09-30,19,Wednesday,False,9.489366666666665
20260930_173430,2026-09-30 17:34:30.638000+00:00,Zürich,rail,ch:1:sloid:3000,Zürich HB,ch:1:sloid:3000:503:43,2026-09-30,ch:1:sjyid:100001:19675-001,rail,S-Bahn,S16,S16,19675,Zürich Flughafen,Herrliberg-Feldmeilen,43/44,,2026-09-30 17:45:00+00:00,2026-09-30 17:45:36+00:00,,True,0.6,2026-09-30 19:34:30.638000+02:00,2026-09-30 19:45:00+02:00,2026-09-30 19:45:36+02:00,2026-09-30,19,Wednesday,False,10.489366666666665
20260930_173430,2026-09-30 17:34:30.638000+00:00,Zürich,rail,ch:1:sloid:3000,Zürich HB,ch:1:sloid:3000:503:43,2026-09-30,ch:1:sjyid:100001:19275-001,rail,S-Bahn,S12,S12,19275,Brugg AG,Wil SG,43/44,,2026-09-30 17:46:00+00:00,2026-09-30 17:47:00+00:00,,True,1.0,2026-09-30 19:34:30.638000+02:00,2026-09-30 19:46:00+02:00,2026-09-30 19:47:00+02:00,2026-09-30,19,Wednesday,False,11.489366666666665
20260930_173430,2026-09-30 17:34:30.638000+00:00,Zürich,rail,ch:1:sloid:3000,Zürich HB,ch:1:sloid:3000:502:42,2026-09-30,ch:1:sjyid:100001:19674-001,rail,S-Bahn,S16,S16,19674,Herrliberg-Feldmeilen,Zürich Flughafen,41/42,,2026-09-30 17:46:00+00:00,2026-09-30 17:46:18+00:00,,True,0.3,2026-09-30 19:34:30.638000+02:00,2026-09-30 19:46:00+02:00,2026-09-30 19:46:18+02:00,2026-09-30,19,Wednesday,False,11.489366666666665
20260930_173430,2026-09-30 17:34:30.638000+00:00,Zürich,rail,ch:1:sloid:3000,Zürich HB,ch:1:sloid:3000:500:32,2026-09-30,ch:1:sjyid:100001:18275-001,rail,S-Bahn,S2,S2,18275,Zürich Flughafen,Ziegelbrücke,32,,2026-09-30 17:47:00+00:00,2026-09-30 17:48:00+00:00,,True,1.0,2026-09-30 19:34:30.638000+02:00,2026-09-30 19:47:00+02:00,2026-09-30 19:48:00+02:00,2026-09-30,19,Wednesday,False,12.489366666666665
20260930_173430,2026-09-30 17:34:30.638000+00:00,Zürich,rail,ch:1:sloid:3000,Zürich HB,ch:1:sloid:3000:500:31,2026-09-30,ch:1:sjyid:100001:19474-001,rail,S-Bahn,S14,S14,19474,Hinwil,Affoltern am Albis,31,,2026-09-30 17:49:00+00:00,2026-09-30 17:50:00+00:00,,True,1.0,2026-09-30 19:34:30.638000+02:00,2026-09-30 19:49:00+02:00,2026-09-30 19:50:00+02:00,2026-09-30,19,Wednesday,False,14.489366666666665
20260930_173430,2026-09-30 17:34:30.638000+00:00,Zürich,rail,ch:1:sloid:3000,Zürich HB,ch:1:sloid:3000:501:34,2026-09-30,ch:1:sjyid:100001:19975-001,rail,S-Bahn,S19,S19,19975,Dietikon,Effretikon,34,,2026-09-30 17:49:00+00:00,2026-09-30 17:49:18+00:00,,True,0.3,2026-09-30 19:34:30.638000+02:00,2026-09-30 19:49:00+02:00,2026-09-30 19:49:18+02:00,2026-09-30,19,Wednesday,False,14.489366666666665
20260930_173430,2026-09-30 17:34:30.638000+00:00,Zürich,rail,ch:1:sloid:3000,Zürich HB,ch:1:sloid:3000:502:42,2026-09-30,ch:1:sjyid:100001:18774-001,rail,S-Bahn,S7,S7,18774,Rapperswil SG,Winterthur,41/42,,2026-09-30 17:49:00+00:00,2026-09-30 17:49:42+00:00,,True,0.7,2026-09-30 19:34:30.638000+02:00,2026-09-30 19:49:00+02:00,2026-09-30 19:49:42+02:00,2026-09-30,19,Wednesday,False,14.489366666666665
20260930_173430,2026-09-30 17:34:30.638000+00:00,Zürich,rail,ch:1:sloid:3000,Zürich HB,ch:1:sloid:3000:3:4,2026-09-30,ch:1:sjyid:100001:20475-001,rail,S-Bahn,S24,S24,20475,Weinfelden,Zug,4,,2026-09-30 17:51:00+00:00,2026-09-30 17:51:18+00:00,,True,0.3,2026-09-30 19:34:30.638000+02:00,2026-09-30 19:51:00+02:00,2026-09-30 19:51:18+02:00,2026-09-30,19,Wednesday,False,16.489366666666665
20260930_173430,2026-09-30 17:34:31.754000+00:00,Bern,rail,ch:1:sloid:7000,Bern,ch:1:sloid:7000:3:5,2026-09-30,ch:1:sjyid:100001:632-002,rail,InterCity,IC61,IC61,632,Interlaken Ost,Basel SBB,5,,2026-09-30 17:33:00+00:00,2026-09-30 17:34:12+00:00,,True,1.2,2026-09-30 19:34:31.754000+02:00,2026-09-30 19:33:00+02:00,2026-09-30 19:34:12+02:00,2026-09-30,19,Wednesday,False,-1.5292333333333334
20260930_173430,2026-09-30 17:34:31.754000+00:00,Bern,rail,ch:1:sloid:7000,Bern,ch:1:sloid:7000:3:6,2026-09-30,ch:1:sjyid:100001:730-001,rail,InterCity,IC1,IC1,730,St. Gallen,Genève-Aéroport,6,,2026-09-30 17:34:00+00:00,2026-09-30 17:34:36+00:00,,True,0.6,2026-09-30 19:34:31.754000+02:00,2026-09-30 19:34:00+02:00,2026-09-30 19:34:36+02:00,2026-09-30,19,Wednesday,False,-0.5292333333333333
20260930_173430,2026-09-30 17:34:31.754000+00:00,Bern,rail,ch:1:sloid:7000,Bern,ch:1:sloid:7000_gen:ch:1:sloid:7000:6:33_pf:13D-F,2026-09-30,ch:1:sjyid:100015:16274-002,rail,S-Bahn,S52,S52,16274,Bern,Murten/Morat,13D-F,,2026-09-30 17:34:00+00:00,2026-09-30 17:34:12+00:00,,True,0.2,2026-09-30 19:34:31.754000+02:00,2026-09-30 19:34:00+02:00,2026-09-30 19:34:12+02:00,2026-09-30,19,Wednesday,False,-0.5292333333333333
20260930_173430,2026-09-30 17:34:31.754000+00:00,Bern,rail,ch:1:sloid:7000,Bern,ch:1:sloid:7000:4:7,2026-09-30,ch:1:sjyid:100001:633-002,rail,InterCity,IC61,IC61,633,Basel SBB,Interlaken Ost,7,,2026-09-30 17:34:00+00:00,2026-09-30 17:34:42+00:00,,True,0.7,2026-09-30 19:34:31.754000+02:00,2026-09-30 19:34:00+02:00,2026-09-30 19:34:42+02:00,2026-09-30,19,Wednesday,False,-0.5292333333333333
20260930_173430,2026-09-30 17:34:31.754000+00:00,Bern,rail,ch:1:sloid:7000,Bern,ch:1:sloid:7000:500:21,2026-09-30,ch:1:sjyid:100066:SKI-1195,rail,RegioExpress,RE5,RE5,1195,Bern,Solothurn,21,,2026-09-30 17:35:00+00:00,2026-09-30 17:35:00+00:00,,True,0.0,2026-09-30 19:34:31.754000+02:00,2026-09-30 19:35:00+02:00,2026-09-30 19:35:00+02:00,2026-09-30,19,Wednesday,False,0.47076666666666667
20260930_173430,2026-09-30 17:34:31.754000+00:00,Bern,rail,ch:1:sloid:7000,Bern,ch:1:sloid:7000:6:12,2026-09-30,ch:1:sjyid:100001:2187-001,rail,InterRegio,IR16,IR16,2187,Bern,Zürich HB,12,,2026-09-30 17:36:00+00:00,2026-09-30 17:37:00+00:00,,True,1.0,2026-09-30 19:34:31.754000+02:00,2026-09-30 19:36:00+02:00,2026-09-30 19:37:00+02:00,2026-09-30,19,Wednesday,False,1.4707666666666666
20260930_173430,2026-09-30 17:34:31.754000+00:00,Bern,rail,ch:1:sloid:7000,Bern,ch:1:sloid:7000_gen:ch:1:sloid:7000:6:13_pf:13AB,2026-09-30,ch:1:sjyid:100015:15674-001,rail,S-Bahn,S6,S6,15674,Bern,Schwarzenburg,13AB,,2026-09-30 17:36:00+00:00,2026-09-30 17:36:12+00:00,,True,0.2,2026-09-30 19:34:31.754000+02:00,2026-09-30 19:36:00+02:00,2026-09-30 19:36:12+02:00,2026-09-30,19,Wednesday,False,1.4707666666666666
20260930_173430,2026-09-30 17:34:31.754000+00:00,Bern,rail,ch:1:sloid:7000,Bern,ch:1:sloid:7000:0:349752,2026-09-30,ch:1:sjyid:100015:4385-001,rail,RegioExpress,RE7,RE7,4385,Bern,Luzern,2A-D,,2026-09-30 17:36:00+00:00,2026-09-30 17:37:00+00:00,,True,1.0,2026-09-30 19:34:31.754000+02:00,2026-09-30 19:36:00+02:00,2026-09-30 19:37:00+02:00,2026-09-30,19,Wednesday,False,1.4707666666666666
20260930_173430,2026-09-30 17:34:31.754000+00:00,Bern,rail,ch:1:sloid:7000,Bern,ch:1:sloid:7000:55:50,2026-09-30,ch:1:sjyid:100061:2385-002,rail,Aare Linth,IR35,IR35,2385,Bern,Chur,50,,2026-09-30 17:38:00+00:00,2026-09-30 17:39:36+00:00,,True,1.6,2026-09-30 19:34:31.754000+02:00,2026-09-30 19:38:00+02:00,2026-09-30 19:39:36+02:00,2026-09-30,19,Wednesday,False,3.470766666666667
20260930_173430,2026-09-30 17:34:31.754000+00:00,Bern,rail,ch:1:sloid:7000,Bern,ch:1:sloid:7000:5:9,2026-09-30,ch:1:sjyid:100015:4185-001,rail,RegioExpress,RE1,RE1,4185,Bern,Brig/Zweisimmen,9,,2026-09-30 17:39:00+00:00,2026-09-30 17:39:30+00:00,,True,0.5,2026-09-30 19:34:31.754000+02:00,2026-09-30 19:39:00+02:00,2026-09-30 19:39:30+02:00,2026-09-30,19,Wednesday,False,4.470766666666666
20260930_173430,2026-09-30 17:34:31.754000+00:00,Bern,rail,ch:1:sloid:7000,Bern,ch:1:sloid:7000:501:23,2026-09-30,ch:1:sjyid:100066:SKI-8195,rail,S-Bahn,S8,S8,8195,Bern,Bätterkinden,23,,2026-09-30 17:39:00+00:00,2026-09-30 17:39:00+00:00,,True,0.0,2026-09-30 19:34:31.754000+02:00,2026-09-30 19:39:00+02:00,2026-09-30 19:39:00+02:00,2026-09-30,19,Wednesday,False,4.470766666666666
20260930_173430,2026-09-30 17:34:31.754000+00:00,Bern,rail,ch:1:sloid:7000,Bern,ch:1:sloid:7000:55:49,2026-09-30,ch:1:sjyid:100015:3375-001,rail,InterRegio,IR65,IR65,3375,Bern,Biel/Bienne,49,,2026-09-30 17:42:00+00:00,2026-09-30 17:42:12+00:00,,True,0.2,2026-09-30 19:34:31.754000+02:00,2026-09-30 19:42:00+02:00,2026-09-30 19:42:12+02:00,2026-09-30,19,Wednesday,False,7.470766666666666
20260930_173430,2026-09-30 17:34:31.754000+00:00,Bern,rail,ch:1:sloid:7000,Bern,ch:1:sloid:7000_gen:ch:1:sloid:7000:0:1752_pf:5E-H,2026-09-30,ch:1:sjyid:100015:15470-001,rail,S-Bahn,S4,S4,15470,Langnau i.E.,Thun,5E-H,,2026-09-30 17:42:00+00:00,2026-09-30 17:42:42+00:00,,True,0.7,2026-09-30 19:34:31.754000+02:00,2026-09-30 19:42:00+02:00,2026-09-30 19:42:42+02:00,2026-09-30,19,Wednesday,False,7.470766666666666
20260930_173430,2026-09-30 17:34:31.754000+00:00,Bern,rail,ch:1:sloid:7000,Bern,ch:1:sloid:7000:4:7,2026-09-30,ch:1:sjyid:100015:15275-001,rail,S-Bahn,S2,S2,15275,Laupen BE,Langnau i.E.,7,,2026-09-30 17:42:00+00:00,2026-09-30 17:42:12+00:00,,True,0.2,2026-09-30 19:34:31.754000+02:00,2026-09-30 19:42:00+02:00,2026-09-30 19:42:12+02:00,2026-09-30,19,Wednesday,False,7.470766666666666
20260930_173430,2026-09-30 17:34:31.754000+00:00,Bern,rail,ch:1:sloid:7000,Bern,ch:1:sloid:7000_gen:ch:1:sloid:7000:1:21_pf:1E-H,2026-09-30,ch:1:sjyid:100015:15172-001,rail,S-Bahn,S1,S1,15172,Thun,Fribourg/Freiburg,1E-H,,2026-09-30 17:45:00+00:00,2026-09-30 17:45:12+00:00,,True,0.2,2026-09-30 19:34:31.754000+02:00,2026-09-30 19:45:00+02:00,2026-09-30 19:45:12+02:00,2026-09-30,19,Wednesday,False,10.470766666666666
20260930_173430,2026-09-30 17:34:31.754000+00:00,Bern,rail,ch:1:sloid:7000,Bern,ch:1:sloid:7000:501:24,2026-09-30,ch:1:sjyid:100066:SKI-7197,rail,S-Bahn,S7,S7,7197,Bern,Worb Dorf,24,,2026-09-30 17:45:00+00:00,2026-09-30 17:45:00+00:00,,True,0.0,2026-09-30 19:34:31.754000+02:00,2026-09-30 19:45:00+02:00,2026-09-30 19:45:00+02:00,2026-09-30,19,Wednesday,False,10.470766666666666
20260930_173430,2026-09-30 17:34:31.754000+00:00,Bern,rail,ch:1:sloid:7000,Bern,ch:1:sloid:7000:500:22,2026-09-30,ch:1:sjyid:100066:SKI-9197,rail,S-Bahn,S9,S9,9197,Bern,Unterzollikofen,22,,2026-09-30 17:46:00+00:00,2026-09-30 17:46:00+00:00,,True,0.0,2026-09-30 19:34:31.754000+02:00,2026-09-30 19:46:00+02:00,2026-09-30 19:46:00+02:00,2026-09-30,19,Wednesday,False,11.470766666666666
20260930_173430,2026-09-30 17:34:31.754000+00:00,Bern,rail,ch:1:sloid:7000,Bern,ch:1:sloid:7000_gen:ch:1:sloid:7000:6:13_pf:13AB,2026-09-30,ch:1:sjyid:100015:16375-002,rail,S-Bahn,S31,S31,16375,Wabern bei Bern,Münchenbuchsee,13AB,,2026-09-30 17:46:00+00:00,2026-09-30 17:46:12+00:00,,True,0.2,2026-09-30 19:34:31.754000+02:00,2026-09-30 19:46:00+02:00,2026-09-30 19:46:12+02:00,2026-09-30,19,Wednesday,False,11.470766666666666
20260930_173430,2026-09-30 17:34:31.754000+00:00,Bern,rail,ch:1:sloid:7000,Bern,ch:1:sloid:7000_gen:ch:1:sloid:7000:3:5_pf:5A-C,2026-09-30,ch:1:sjyid:100015:16372-002,rail,S-Bahn,S31,S31,16372,Münchenbuchsee,Wabern bei Bern,5A-C,,2026-09-30 17:47:00+00:00,2026-09-30 17:47:12+00:00,,True,0.2,2026-09-30 19:34:31.754000+02:00,2026-09-30 19:47:00+02:00,2026-09-30 19:47:12+02:00,2026-09-30,19,Wednesday,False,12.470766666666666
20260930_173430,2026-09-30 17:34:31.754000+00:00,Bern,rail,ch:1:sloid:7000,Bern,ch:1:sloid:7000:5:10,2026-09-30,ch:1:sjyid:100015:15173-001,rail,S-Bahn,S1,S1,15173,Fribourg/Freiburg,Thun,10,,2026-09-30 17:47:00+00:00,2026-09-30 17:47:30+00:00,,True,0.5,2026-09-30 19:34:31.754000+02:00,2026-09-30 19:47:00+02:00,2026-09-30 19:47:30+02:00,2026-09-30,19,Wednesday,False,12.470766666666666
20260930_173430,2026-09-30 17:34:31.754000+00:00,Bern,rail,ch:1:sloid:7000,Bern,ch:1:sloid:7000:1:1,2026-09-30,ch:1:sjyid:100015:15274-001,rail,S-Bahn,S2,S2,15274,Langnau i.E.,Laupen BE,1A-D,,2026-09-30 17:50:00+00:00,2026-09-30 17:50:18+00:00,,True,0.3,2026-09-30 19:34:31.754000+02:00,2026-09-30 19:50:00+02:00,2026-09-30 19:50:18+02:00,2026-09-30,19,Wednesday,False,15.470766666666666
20260930_173430,2026-09-30 17:34:31.754000+00:00,Bern,rail,ch:1:sloid:7000,Bern,ch:1:sloid:7000_gen:ch:1:sloid:7000:6:12_pf:12A-C,2026-09-30,ch:1:sjyid:100015:16473-001,rail,S-Bahn,S44,S44,16473,Thun,Solothurn/Sumiswald-Grünen,12A-C,,2026-09-30 17:50:00+00:00,2026-09-30 17:50:12+00:00,,True,0.2,2026-09-30 19:34:31.754000+02:00,2026-09-30 19:50:00+02:00,2026-09-30 19:50:12+02:00,2026-09-30,19,Wednesday,False,15.470766666666666
20260930_173430,2026-09-30 17:34:31.754000+00:00,Bern,rail,ch:1:sloid:7000,Bern,ch:1:sloid:7000:4:8,2026-09-30,ch:1:sjyid:100015:3238-001,rail,InterRegio,IR66,IR66,3238,Bern,La Chaux-de-Fonds,8,,2026-09-30 17:53:00+00:00,2026-09-30 17:53:12+00:00,,True,0.2,2026-09-30 19:34:31.754000+02:00,2026-09-30 19:53:00+02:00,2026-09-30 19:53:12+02:00,2026-09-30,19,Wednesday,False,18.47076666666667
20260930_173430,2026-09-30 17:34:31.754000+00:00,Bern,rail,ch:1:sloid:7000,Bern,ch:1:sloid:7000:501:23,2026-09-30,ch:1:sjyid:100066:SKI-8197,rail,S-Bahn,S8,S8,8197,Bern,Jegenstorf,23,,2026-09-30 17:54:00+00:00,2026-09-30 17:54:00+00:00,,True,0.0,2026-09-30 19:34:31.754000+02:00,2026-09-30 19:54:00+02:00,2026-09-30 19:54:00+02:00,2026-09-30,19,Wednesday,False,19.47076666666667
20260930_173430,2026-09-30 17:34:31.754000+00:00,Bern,rail,ch:1:sloid:7000,Bern,ch:1:sloid:7000:5:10,2026-09-30,ch:1:sjyid:100001:2533-001,rail,InterRegio,IR15,IR15,2533,Genève-Aéroport,Luzern,10,,2026-09-30 18:00:00+00:00,2026-09-30 18:00:36+00:00,,True,0.6,2026-09-30 19:34:31.754000+02:00,2026-09-30 20:00:00+02:00,2026-09-30 20:00:36+02:00,2026-09-30,20,Wednesday,False,25.47076666666667
20260930_173430,2026-09-30 17:34:31.754000+00:00,Bern,rail,ch:1:sloid:7000,Bern,ch:1:sloid:7000:501:24,2026-09-30,ch:1:sjyid:100066:SKI-7201,rail,S-Bahn,S7,S7,7201,Bern,Worb Dorf,24,,2026-09-30 18:00:00+00:00,2026-09-30 18:00:00+00:00,,True,0.0,2026-09-30 19:34:31.754000+02:00,2026-09-30 20:00:00+02:00,2026-09-30 20:00:00+02:00,2026-09-30,20,Wednesday,False,25.47076666666667
20260930_173430,2026-09-30 17:34:31.754000+00:00,Bern,rail,ch:1:sloid:7000,Bern,ch:1:sloid:7000_gen:ch:1:sloid:7000:6:12_pf:12A-C,2026-09-30,ch:1:sjyid:100015:15377-001,rail,S-Bahn,S3,S3,15377,Belp,Biel/Bienne,12A-C,,2026-09-30 18:00:00+00:00,2026-09-30 18:00:30+00:00,,True,0.5,2026-09-30 19:34:31.754000+02:00,2026-09-30 20:00:00+02:00,2026-09-30 20:00:30+02:00,2026-09-30,20,Wednesday,False,25.47076666666667
20260930_173430,2026-09-30 17:34:31.754000+00:00,Bern,rail,ch:1:sloid:7000,Bern,ch:1:sloid:7000:500:22,2026-09-30,ch:1:sjyid:100066:SKI-9201,rail,S-Bahn,S9,S9,9201,Bern,Unterzollikofen,22,,2026-09-30 18:01:00+00:00,2026-09-30 18:01:00+00:00,,True,0.0,2026-09-30 19:34:31.754000+02:00,2026-09-30 20:01:00+02:00,2026-09-30 20:01:00+02:00,2026-09-30,20,Wednesday,False,26.47076666666667
20260930_173430,2026-09-30 17:34:31.754000+00:00,Bern,rail,ch:1:sloid:7000,Bern,ch:1:sloid:7000:1:2,2026-09-30,ch:1:sjyid:100001:833-001,rail,InterCity,IC8,IC8,833,Brig,Zürich HB,2,,2026-09-30 18:02:00+00:00,2026-09-30 18:02:36+00:00,,True,0.6,2026-09-30 19:34:31.754000+02:00,2026-09-30 20:02:00+02:00,2026-09-30 20:02:36+02:00,2026-09-30,20,Wednesday,False,27.47076666666667
20260930_173430,2026-09-30 17:34:31.754000+00:00,Bern,rail,ch:1:sloid:7000,Bern,ch:1:sloid:7000:1:1,2026-09-30,ch:1:sjyid:100015:15374-001,rail,S-Bahn,S3,S3,15374,Biel/Bienne,Belp,1A-D,,2026-09-30 18:02:00+00:00,2026-09-30 18:02:12+00:00,,True,0.2,2026-09-30 19:34:31.754000+02:00,2026-09-30 20:02:00+02:00,2026-09-30 20:02:12+02:00,2026-09-30,20,Wednesday,False,27.47076666666667
20260930_173430,2026-09-30 17:34:32.315000+00:00,Basel,rail,ch:1:sloid:10,Basel SBB,ch:1:sloid:10:4:7,2026-09-30,ch:1:sjyid:100001:9234-001,rail,Train à grande vit.,TGV,TGV,9234,Zürich HB,Paris Gare de Lyon,7,,2026-09-30 17:34:00+00:00,2026-09-30 17:38:24+00:00,,True,4.4,2026-09-30 19:34:32.315000+02:00,2026-09-30 19:34:00+02:00,2026-09-30 19:38:24+02:00,2026-09-30,19,Wednesday,False,-0.5385833333333333
20260930_173430,2026-09-30 17:34:32.315000+00:00,Basel,rail,ch:1:sloid:10,Basel SBB,ch:1:sloid:10:1:2,2026-09-30,ch:1:sjyid:100308:87858-001,rail,S-Bahn,S6,S6,87858,Basel SBB,Zell (Wiesental),2,,2026-09-30 17:35:00+00:00,2026-09-30 17:36:24+00:00,,True,1.4,2026-09-30 19:34:32.315000+02:00,2026-09-30 19:35:00+02:00,2026-09-30 19:36:24+02:00,2026-09-30,19,Wednesday,False,0.46141666666666664
20260930_173430,2026-09-30 17:34:32.315000+00:00,Basel,rail,ch:1:sloid:10,Basel SBB,ch:1:sloid:10:6:11,2026-09-30,ch:1:sjyid:100001:2085-001,rail,InterRegio,IR36,IR36,2085,Basel SBB,Zürich Flughafen,5,11,2026-09-30 17:36:00+00:00,2026-09-30 17:36:42+00:00,,True,0.7,2026-09-30 19:34:32.315000+02:00,2026-09-30 19:36:00+02:00,2026-09-30 19:36:42+02:00,2026-09-30,19,Wednesday,False,1.4614166666666668
20260930_173430,2026-09-30 17:34:32.315000+00:00,Basel,rail,ch:1:sloid:10,Basel SBB,ch:1:sloid:10:22:33,2026-09-30,ch:1:sjyid:100001:96138-001,rail,Train Express Regional,TER,TER,96138,Basel SBB,Mulhouse,33,,2026-09-30 17:38:00+00:00,2026-09-30 17:38:18+00:00,,True,0.3,2026-09-30 19:34:32.315000+02:00,2026-09-30 19:38:00+02:00,2026-09-30 19:38:18+02:00,2026-09-30,19,Wednesday,False,3.4614166666666666
20260930_173430,2026-09-30 17:34:32.315000+00:00,Basel,rail,ch:1:sloid:10,Basel SBB,ch:1:sloid:10:8:16,2026-09-30,ch:1:sjyid:100001:17370-001,rail,S-Bahn,S3,S3,17370,Olten,Laufen,16,,2026-09-30 17:38:00+00:00,2026-09-30 17:38:12+00:00,,True,0.2,2026-09-30 19:34:32.315000+02:00,2026-09-30 19:38:00+02:00,2026-09-30 19:38:12+02:00,2026-09-30,19,Wednesday,False,3.4614166666666666
20260930_173430,2026-09-30 17:34:32.315000+00:00,Basel,rail,ch:1:sloid:10,Basel SBB,ch:1:sloid:10:5:10,2026-09-30,ch:1:sjyid:100001:2285-001,rail,InterRegio,IR37,IR37,2285,Basel SBB,Zürich HB,10,,2026-09-30 17:43:00+00:00,2026-09-30 17:43:48+00:00,,True,0.8,2026-09-30 19:34:32.315000+02:00,2026-09-30 19:43:00+02:00,2026-09-30 19:43:48+02:00,2026-09-30,19,Wednesday,False,8.461416666666667
20260930_173430,2026-09-30 17:34:32.315000+00:00,Basel,rail,ch:1:sloid:10,Basel SBB,ch:1:sloid:10:7:15,2026-09-30,ch:1:sjyid:100001:17573-001,rail,S-Bahn,S33,S33,17573,Basel SBB,Liestal,15,,2026-09-30 17:45:00+00:00,2026-09-30 17:45:30+00:00,,True,0.5,2026-09-30 19:34:32.315000+02:00,2026-09-30 19:45:00+02:00,2026-09-30 19:45:30+02:00,2026-09-30,19,Wednesday,False,10.461416666666667
20260930_173430,2026-09-30 17:34:32.315000+00:00,Basel,rail,ch:1:sloid:10,Basel SBB,ch:1:sloid:10:6:12,2026-09-30,ch:1:sjyid:100001:17275-001,rail,S-Bahn,S1,S1,17275,Basel SBB,Laufenburg,12,,2026-09-30 17:49:00+00:00,2026-09-30 17:49:12+00:00,,True,0.2,2026-09-30 19:34:32.315000+02:00,2026-09-30 19:49:00+02:00,2026-09-30 19:49:12+02:00,2026-09-30,19,Wednesday,False,14.461416666666667
20260930_173430,2026-09-30 17:34:32.315000+00:00,Basel,rail,ch:1:sloid:10,Basel SBB,ch:1:sloid:10:2:4,2026-09-30,ch:1:sjyid:100001:375-001,rail,InterCityExpress,ICE,ICE,375,Basel Bad Bf,Interlaken Ost,4,,2026-09-30 17:58:00+00:00,2026-09-30 18:04:00+00:00,,True,6.0,2026-09-30 19:34:32.315000+02:00,2026-09-30 19:58:00+02:00,2026-09-30 20:04:00+02:00,2026-09-30,19,Wednesday,False,23.461416666666665
20260930_173430,2026-09-30 17:34:32.315000+00:00,Basel,rail,ch:1:sloid:10,Basel SBB,ch:1:sloid:10:0:19,2026-09-30,ch:1:sjyid:100001:17373-001,rail,S-Bahn,S3,S3,17373,Laufen,Olten,19,,2026-09-30 18:00:00+00:00,2026-09-30 18:00:12+00:00,,True,0.2,2026-09-30 19:34:32.315000+02:00,2026-09-30 20:00:00+02:00,2026-09-30 20:00:12+02:00,2026-09-30,20,Wednesday,False,25.461416666666665
20260930_173430,2026-09-30 17:34:32.315000+00:00,Basel,rail,ch:1:sloid:10,Basel SBB,ch:1:sloid:10:0:20,2026-09-30,ch:1:sjyid:100015:1882-001,rail,InterRegio,IR56,IR56,1882,Basel SBB,Biel/Bienne,20,,2026-09-30 18:02:00+00:00,2026-09-30 18:02:12+00:00,,True,0.2,2026-09-30 19:34:32.315000+02:00,2026-09-30 20:02:00+02:00,2026-09-30 20:02:12+02:00,2026-09-30,20,Wednesday,False,27.461416666666665
20260930_173430,2026-09-30 17:34:32.315000+00:00,Basel,rail,ch:1:sloid:10,Basel SBB,ch:1:sloid:10:3:5,2026-09-30,ch:1:sjyid:100061:2339-001,rail,InterRegio,IR26,IR26,2339,Basel SBB,Erstfeld,5,,2026-09-30 18:04:00+00:00,2026-09-30 18:04:30+00:00,,True,0.5,2026-09-30 19:34:32.315000+02:00,2026-09-30 20:04:00+02:00,2026-09-30 20:04:30+02:00,2026-09-30,20,Wednesday,False,29.461416666666665
20260930_173430,2026-09-30 17:34:32.315000+00:00,Basel,rail,ch:1:sloid:10,Basel SBB,ch:1:sloid:10:1:2,2026-09-30,ch:1:sjyid:100308:87860-001,rail,S-Bahn,S6,S6,87860,Basel SBB,Lörrach Hbf,2,,2026-09-30 18:06:00+00:00,2026-09-30 18:06:12+00:00,,True,0.2,2026-09-30 19:34:32.315000+02:00,2026-09-30 20:06:00+02:00,2026-09-30 20:06:12+02:00,2026-09-30,20,Wednesday,False,31.461416666666665
20260930_173430,2026-09-30 17:34:32.315000+00:00,Basel,rail,ch:1:sloid:10,Basel SBB,ch:1:sloid:10:6:11,2026-09-30,ch:1:sjyid:100001:1987-001,rail,InterRegio,IR36,IR36,1987,Basel SBB,Zürich HB,11,,2026-09-30 18:07:00+00:00,2026-09-30 18:07:42+00:00,,True,0.7,2026-09-30 19:34:32.315000+02:00,2026-09-30 20:07:00+02:00,2026-09-30 20:07:42+02:00,2026-09-30,20,Wednesday,False,32.461416666666665
20260930_173430,2026-09-30 17:34:32.315000+00:00,Basel,rail,ch:1:sloid:10,Basel SBB,ch:1:sloid:10:5:9,2026-09-30,ch:1:sjyid:100001:787-001,rail,InterCity,IC3,IC3,787,Basel SBB,Zürich HB,9,,2026-09-30 18:07:00+00:00,2026-09-30 18:07:48+00:00,,True,0.8,2026-09-30 19:34:32.315000+02:00,2026-09-30 20:07:00+02:00,2026-09-30 20:07:48+02:00,2026-09-30,20,Wednesday,False,32.461416666666665
20260930_173430,2026-09-30 17:34:32.315000+00:00,Basel,rail,ch:1:sloid:10,Basel SBB,ch:1:sloid:10:8:16,2026-09-30,ch:1:sjyid:100001:17372-001,rail,S-Bahn,S3,S3,17372,Olten,Laufen,16,,2026-09-30 18:08:00+00:00,2026-09-30 18:08:12+00:00,,True,0.2,2026-09-30 19:34:32.315000+02:00,2026-09-30 20:08:00+02:00,2026-09-30 20:08:12+02:00,2026-09-30,20,Wednesday,False,33.461416666666665
20260930_173430,2026-09-30 17:34:32.315000+00:00,Basel,rail,ch:1:sloid:10,Basel SBB,ch:1:sloid:10:7:14,2026-09-30,ch:1:sjyid:100001:17575-001,rail,S-Bahn,S33,S33,17575,Basel SBB,Liestal,14,,2026-09-30 18:15:00+00:00,2026-09-30 18:15:30+00:00,,True,0.5,2026-09-30 19:34:32.315000+02:00,2026-09-30 20:15:00+02:00,2026-09-30 20:15:30+02:00,2026-09-30,20,Wednesday,False,40.461416666666665
20260930_173430,2026-09-30 17:34:32.315000+00:00,Basel,rail,ch:1:sloid:10,Basel SBB,ch:1:sloid:10:2:3,2026-09-30,ch:1:sjyid:100001:2487-001,rail,InterRegio,IR27,IR27,2487,Basel SBB,Luzern,3,,2026-09-30 18:16:00+00:00,2026-09-30 18:16:42+00:00,,True,0.7,2026-09-30 19:34:32.315000+02:00,2026-09-30 20:16:00+02:00,2026-09-30 20:16:42+02:00,2026-09-30,20,Wednesday,False,41.461416666666665
20260930_173430,2026-09-30 17:34:32.315000+00:00,Basel,rail,ch:1:sloid:10,Basel SBB,ch:1:sloid:10:4:7,2026-09-30,ch:1:sjyid:100001:272-001,rail,InterCityExpress,ICE,ICE,272,Chur,Frankfurt (Main) Hbf,7,,2026-09-30 18:16:00+00:00,2026-09-30 18:16:42+00:00,,True,0.7,2026-09-30 19:34:32.315000+02:00,2026-09-30 20:16:00+02:00,2026-09-30 20:16:42+02:00,2026-09-30,20,Wednesday,False,41.461416666666665
20260930_173430,2026-09-30 17:34:32.315000+00:00,Basel,rail,ch:1:sloid:10,Basel SBB,ch:1:sloid:10:6:12,2026-09-30,ch:1:sjyid:100001:17177-001,rail,S-Bahn,S1,S1,17177,Basel SBB,Frick,12,,2026-09-30 18:19:00+00:00,2026-09-30 18:19:12+00:00,,True,0.2,2026-09-30 19:34:32.315000+02:00,2026-09-30 20:19:00+02:00,2026-09-30 20:19:12+02:00,2026-09-30,20,Wednesday,False,44.461416666666665
20260930_173430,2026-09-30 17:34:32.315000+00:00,Basel,rail,ch:1:sloid:10,Basel SBB,ch:1:sloid:10:21:31,2026-09-30,ch:1:sjyid:100001:96244-001,rail,Train Express Regional,TER,TER,96244,Basel SBB,Strasbourg,31,,2026-09-30 18:21:00+00:00,2026-09-30 18:21:30+00:00,,True,0.5,2026-09-30 19:34:32.315000+02:00,2026-09-30 20:21:00+02:00,2026-09-30 20:21:30+02:00,2026-09-30,20,Wednesday,False,46.461416666666665
20260930_173430,2026-09-30 17:34:32.315000+00:00,Basel,rail,ch:1:sloid:10,Basel SBB,ch:1:sloid:10:0:19,2026-09-30,ch:1:sjyid:100001:17375-001,rail,S-Bahn,S3,S3,17375,Laufen,Olten,19,,2026-09-30 18:30:00+00:00,2026-09-30 18:30:12+00:00,,True,0.2,2026-09-30 19:34:32.315000+02:00,2026-09-30 20:30:00+02:00,2026-09-30 20:30:12+02:00,2026-09-30,20,Wednesday,False,55.461416666666665
20260930_173430,2026-09-30 17:34:32.315000+00:00,Basel,rail,ch:1:sloid:10,Basel SBB,ch:1:sloid:10:4:8,2026-09-30,ch:1:sjyid:100001:637-001,rail,InterCity,IC6,IC6,637,Basel SBB,Brig,8,8CD,2026-09-30 18:30:00+00:00,2026-09-30 18:30:42+00:00,,True,0.7,2026-09-30 19:34:32.315000+02:00,2026-09-30 20:30:00+02:00,2026-09-30 20:30:42+02:00,2026-09-30,20,Wednesday,False,55.461416666666665
20260930_173430,2026-09-30 17:34:32.315000+00:00,Basel,rail,ch:1:sloid:10,Basel SBB,ch:1:sloid:10:0:20,2026-09-30,ch:1:sjyid:100001:1638-001,rail,InterCity,IC51,IC51,1638,Basel SBB,Lausanne,20,,2026-09-30 18:32:00+00:00,2026-09-30 18:32:42+00:00,,True,0.7,2026-09-30 19:34:32.315000+02:00,2026-09-30 20:32:00+02:00,2026-09-30 20:32:42+02:00,2026-09-30,20,Wednesday,False,57.461416666666665
20260930_173430,2026-09-30 17:34:32.315000+00:00,Basel,rail,ch:1:sloid:10,Basel SBB,ch:1:sloid:10:6:11,2026-09-30,ch:1:sjyid:100001:587-001,rail,InterCity,IC3,IC3,587,Basel SBB,Chur,11,,2026-09-30 18:33:00+00:00,2026-09-30 18:33:48+00:00,,True,0.8,2026-09-30 19:34:32.315000+02:00,2026-09-30 20:33:00+02:00,2026-09-30 20:33:48+02:00,2026-09-30,20,Wednesday,False,58.461416666666665
20260930_173430,2026-09-30 17:34:32.315000+00:00,Basel,rail,ch:1:sloid:10,Basel SBB,ch:1:sloid:10:1:2,2026-09-30,ch:1:sjyid:100308:87862-001,rail,S-Bahn,S6,S6,87862,Basel SBB,Zell (Wiesental),2,,2026-09-30 18:35:00+00:00,2026-09-30 18:35:12+00:00,,True,0.2,2026-09-30 19:34:32.315000+02:00,2026-09-30 20:35:00+02:00,2026-09-30 20:35:12+02:00,2026-09-30,20,Wednesday,False,60.461416666666665
20260930_173430,2026-09-30 17:34:32.315000+00:00,Basel,rail,ch:1:sloid:10,Basel SBB,ch:1:sloid:10:5:9,2026-09-30,ch:1:sjyid:100001:2087-001,rail,RegioExpress,RE36,RE36,2087,Basel SBB,Zürich HB,9,,2026-09-30 18:36:00+00:00,2026-09-30 18:36:24+00:00,,True,0.4,2026-09-30 19:34:32.315000+02:00,2026-09-30 20:36:00+02:00,2026-09-30 20:36:24+02:00,2026-09-30,20,Wednesday,False,61.461416666666665
20260930_173430,2026-09-30 17:34:32.315000+00:00,Basel,rail,ch:1:sloid:10,Basel SBB,ch:1:sloid:10:22:33,2026-09-30,ch:1:sjyid:100001:96152-002,rail,Train Express Regional,TER,TER,96152,Basel SBB,Strasbourg,33,,2026-09-30 18:38:00+00:00,2026-09-30 18:38:18+00:00,,True,0.3,2026-09-30 19:34:32.315000+02:00,2026-09-30 20:38:00+02:00,2026-09-30 20:38:18+02:00,2026-09-30,20,Wednesday,False,63.461416666666665
20260930_173430,2026-09-30 17:34:32.315000+00:00,Basel,rail,ch:1:sloid:10,Basel SBB,ch:1:sloid:10:8:16,2026-09-30,ch:1:sjyid:100001:17374-001,rail,S-Bahn,S3,S3,17374,Olten,Laufen,16,,2026-09-30 18:38:00+00:00,2026-09-30 18:38:12+00:00,,True,0.2,2026-09-30 19:34:32.315000+02:00,2026-09-30 20:38:00+02:00,2026-09-30 20:38:12+02:00,2026-09-30,20,Wednesday,False,63.461416666666665
20260930_173430,2026-09-30 17:34:32.315000+00:00,Basel,rail,ch:1:sloid:10,Basel SBB,ch:1:sloid:10:5:10,2026-09-30,ch:1:sjyid:100001:2287-001,rail,InterRegio,IR37,IR37,2287,Basel SBB,Zürich HB,10,,2026-09-30 18:43:00+00:00,2026-09-30 18:43:48+00:00,,True,0.8,2026-09-30 19:34:32.315000+02:00,2026-09-30 20:43:00+02:00,2026-09-30 20:43:48+02:00,2026-09-30,20,Wednesday,False,68.46141666666668
20260930_173430,2026-09-30 17:34:32.804000+00:00,Luzern,rail,ch:1:sloid:5000,Luzern,ch:1:sloid:5000:2:5,2026-09-30,ch:1:sjyid:100001:2135-001,rail,InterRegio,IR75,IR75,2135,Luzern,Konstanz,5,,2026-09-30 17:35:00+00:00,2026-09-30 17:35:30+00:00,,True,0.5,2026-09-30 19:34:32.804000+02:00,2026-09-30 19:35:00+02:00,2026-09-30 19:35:30+02:00,2026-09-30,19,Wednesday,False,0.4532666666666667
20260930_173430,2026-09-30 17:34:32.804000+00:00,Luzern,rail,ch:1:sloid:5000,Luzern,ch:1:sloid:5000:1:2,2026-09-30,ch:1:sjyid:100015:22074-001,rail,S-Bahn,S77,S77,22074,Luzern,Willisau,2,,2026-09-30 17:37:00+00:00,2026-09-30 17:37:12+00:00,,True,0.2,2026-09-30 19:34:32.804000+02:00,2026-09-30 19:37:00+02:00,2026-09-30 19:37:12+02:00,2026-09-30,19,Wednesday,False,2.4532666666666665
20260930_173430,2026-09-30 17:34:32.804000+00:00,Luzern,rail,ch:1:sloid:5000,Luzern,ch:1:sloid:5000:6:13,2026-09-30,ch:1:sjyid:100064:22416-001,rail,S-Bahn,S44,S44,22416,Luzern,Stansstad,13,,2026-09-30 17:38:00+00:00,2026-09-30 17:38:12+00:00,,True,0.2,2026-09-30 19:34:32.804000+02:00,2026-09-30 19:38:00+02:00,2026-09-30 19:38:12+02:00,2026-09-30,19,Wednesday,False,3.4532666666666665
20260930_173430,2026-09-30 17:34:32.804000+00:00,Luzern,rail,ch:1:sloid:5000,Luzern,ch:1:sloid:5000:1:3,2026-09-30,ch:1:sjyid:100061:2039-001,rail,Voralpen-Express,VAE,VAE,2039,Luzern,St. Gallen,3,,2026-09-30 17:39:00+00:00,2026-09-30 17:39:12+00:00,,True,0.2,2026-09-30 19:34:32.804000+02:00,2026-09-30 19:39:00+02:00,2026-09-30 19:39:12+02:00,2026-09-30,19,Wednesday,False,4.453266666666667
20260930_173430,2026-09-30 17:34:32.804000+00:00,Luzern,rail,ch:1:sloid:5000,Luzern,ch:1:sloid:5000:7:14,2026-09-30,ch:1:sjyid:100064:21574-001,rail,S-Bahn,S5,S5,21574,Luzern,Giswil,14,,2026-09-30 17:42:00+00:00,2026-09-30 17:42:12+00:00,,True,0.2,2026-09-30 19:34:32.804000+02:00,2026-09-30 19:42:00+02:00,2026-09-30 19:42:12+02:00,2026-09-30,19,Wednesday,False,7.453266666666667
20260930_173430,2026-09-30 17:34:32.804000+00:00,Luzern,rail,ch:1:sloid:5000,Luzern,ch:1:sloid:5000_gen:ch:1:sloid:5000:5:10_pf:10B,2026-09-30,ch:1:sjyid:100001:21167-001,rail,S-Bahn,S1,S1,21167,Baar,Sursee,10,,2026-09-30 17:44:00+00:00,2026-09-30 17:45:00+00:00,,True,1.0,2026-09-30 19:34:32.804000+02:00,2026-09-30 19:44:00+02:00,2026-09-30 19:45:00+02:00,2026-09-30,19,Wednesday,False,9.453266666666668
20260930_173430,2026-09-30 17:34:32.804000+00:00,Luzern,rail,ch:1:sloid:5000,Luzern,ch:1:sloid:5000_gen:ch:1:sloid:5000:2:4_pf:4B,2026-09-30,ch:1:sjyid:100001:21168-001,rail,S-Bahn,S1,S1,21168,Sursee,Baar,4,,2026-09-30 17:51:00+00:00,2026-09-30 17:51:12+00:00,,True,0.2,2026-09-30 19:34:32.804000+02:00,2026-09-30 19:51:00+02:00,2026-09-30 19:51:12+02:00,2026-09-30,19,Wednesday,False,16.453266666666668
20260930_173430,2026-09-30 17:34:32.804000+00:00,Luzern,rail,ch:1:sloid:5000,Luzern,ch:1:sloid:5000:3:7,2026-09-30,ch:1:sjyid:100001:688-001,rail,InterCity,IC21,IC21,688,Lugano,Basel SBB,7,,2026-09-30 17:54:00+00:00,2026-09-30 17:54:36+00:00,,True,0.6,2026-09-30 19:34:32.804000+02:00,2026-09-30 19:54:00+02:00,2026-09-30 19:54:36+02:00,2026-09-30,19,Wednesday,False,19.453266666666664
20260930_173430,2026-09-30 17:34:32.804000+00:00,Luzern,rail,ch:1:sloid:5000,Luzern,ch:1:sloid:5000:3:6,2026-09-30,ch:1:sjyid:100015:4486-001,rail,RegioExpress,RE7,RE7,4486,Luzern,Bern/Huttwil,6,,2026-09-30 17:57:00+00:00,2026-09-30 17:57:12+00:00,,True,0.2,2026-09-30 19:34:32.804000+02:00,2026-09-30 19:57:00+02:00,2026-09-30 19:57:12+02:00,2026-09-30,19,Wednesday,False,22.453266666666664
20260930_173430,2026-09-30 17:34:32.804000+00:00,Luzern,rail,ch:1:sloid:5000,Luzern,ch:1:sloid:5000:7:14,2026-09-30,ch:1:sjyid:100064:21476-001,rail,S-Bahn,S4,S4,21476,Luzern,Stansstad,14,,2026-09-30 17:57:00+00:00,2026-09-30 17:57:12+00:00,,True,0.2,2026-09-30 19:34:32.804000+02:00,2026-09-30 19:57:00+02:00,2026-09-30 19:57:12+02:00,2026-09-30,19,Wednesday,False,22.453266666666664
20260930_173430,2026-09-30 17:34:32.804000+00:00,Luzern,rail,ch:1:sloid:5000,Luzern,ch:1:sloid:5000:4:8,2026-09-30,ch:1:sjyid:100001:2536-001,rail,InterRegio,IR15,IR15,2536,Luzern,Lausanne,8,,2026-09-30 18:00:00+00:00,2026-09-30 18:00:36+00:00,,True,0.6,2026-09-30 19:34:32.804000+02:00,2026-09-30 20:00:00+02:00,2026-09-30 20:00:36+02:00,2026-09-30,20,Wednesday,False,25.453266666666664
20260930_173430,2026-09-30 17:34:32.804000+00:00,Luzern,rail,ch:1:sloid:5000,Luzern,ch:1:sloid:5000_gen:ch:1:sloid:5000:5:10_pf:10B,2026-09-30,ch:1:sjyid:100001:21976-001,rail,S-Bahn,S9,S9,21976,Luzern,Beinwil am See,10B,,2026-09-30 18:02:00+00:00,2026-09-30 18:02:30+00:00,,True,0.5,2026-09-30 19:34:32.804000+02:00,2026-09-30 20:02:00+02:00,2026-09-30 20:02:30+02:00,2026-09-30,20,Wednesday,False,27.453266666666664
20260930_173430,2026-09-30 17:34:32.804000+00:00,Luzern,rail,ch:1:sloid:5000,Luzern,ch:1:sloid:5000:4:9,2026-09-30,ch:1:sjyid:100001:4736-001,rail,RegioExpress,RE24,RE24,4736,Luzern,Olten,9,,2026-09-30 18:05:00+00:00,2026-09-30 18:05:12+00:00,,True,0.2,2026-09-30 19:34:32.804000+02:00,2026-09-30 20:05:00+02:00,2026-09-30 20:05:12+02:00,2026-09-30,20,Wednesday,False,30.453266666666664
20260930_173430,2026-09-30 17:34:32.804000+00:00,Luzern,rail,ch:1:sloid:5000,Luzern,ch:1:sloid:5000:6:13,2026-09-30,ch:1:sjyid:100064:2940-001,rail,Luzern-Interlaken Express,LIX,LIX,2940,Luzern,Meiringen,13,,2026-09-30 18:06:00+00:00,2026-09-30 18:06:06+00:00,,True,0.1,2026-09-30 19:34:32.804000+02:00,2026-09-30 20:06:00+02:00,2026-09-30 20:06:06+02:00,2026-09-30,20,Wednesday,False,31.453266666666664
20260930_173430,2026-09-30 17:34:32.804000+00:00,Luzern,rail,ch:1:sloid:5000,Luzern,ch:1:sloid:5000:5:11,2026-09-30,ch:1:sjyid:100001:21377-001,rail,S-Bahn,S3,S3,21377,Luzern,Brunnen,11,,2026-09-30 18:06:00+00:00,2026-09-30 18:07:00+00:00,,True,1.0,2026-09-30 19:34:32.804000+02:00,2026-09-30 20:06:00+02:00,2026-09-30 20:07:00+02:00,2026-09-30,20,Wednesday,False,31.453266666666664
20260930_173430,2026-09-30 17:34:32.804000+00:00,Luzern,rail,ch:1:sloid:5000,Luzern,ch:1:sloid:5000:1:3,2026-09-30,ch:1:sjyid:100001:2638-001,rail,InterRegio,IR70,IR70,2638,Luzern,St. Gallen,3,,2026-09-30 18:09:00+00:00,2026-09-30 18:10:00+00:00,,True,1.0,2026-09-30 19:34:32.804000+02:00,2026-09-30 20:09:00+02:00,2026-09-30 20:10:00+02:00,2026-09-30,20,Wednesday,False,34.453266666666664
20260930_173430,2026-09-30 17:34:32.804000+00:00,Luzern,rail,ch:1:sloid:5000,Luzern,ch:1:sloid:5000_gen:ch:1:sloid:5000:6:12_pf:12B,2026-09-30,ch:1:sjyid:100064:2986-001,rail,Luzern-Engelberg Express,IRLEX,IRLEX,2986,Luzern,Stansstad,12B,,2026-09-30 18:10:00+00:00,2026-09-30 18:10:12+00:00,,True,0.2,2026-09-30 19:34:32.804000+02:00,2026-09-30 20:10:00+02:00,2026-09-30 20:10:12+02:00,2026-09-30,20,Wednesday,False,35.453266666666664
20260930_173430,2026-09-30 17:34:32.804000+00:00,Luzern,rail,ch:1:sloid:5000,Luzern,ch:1:sloid:5000:7:14,2026-09-30,ch:1:sjyid:100064:21576-001,rail,S-Bahn,S5,S5,21576,Luzern,Giswil,14,,2026-09-30 18:12:00+00:00,2026-09-30 18:12:12+00:00,,True,0.2,2026-09-30 19:34:32.804000+02:00,2026-09-30 20:12:00+02:00,2026-09-30 20:12:12+02:00,2026-09-30,20,Wednesday,False,37.453266666666664
20260930_173430,2026-09-30 17:34:32.804000+00:00,Luzern,rail,ch:1:sloid:5000,Luzern,ch:1:sloid:5000_gen:ch:1:sloid:5000:2:4_pf:4B,2026-09-30,ch:1:sjyid:100001:21169-001,rail,S-Bahn,S1,S1,21169,Baar,Sursee,4,,2026-09-30 18:14:00+00:00,2026-09-30 18:15:00+00:00,,True,1.0,2026-09-30 19:34:32.804000+02:00,2026-09-30 20:14:00+02:00,2026-09-30 20:15:00+02:00,2026-09-30,20,Wednesday,False,39.453266666666664
20260930_173430,2026-09-30 17:34:32.804000+00:00,Luzern,rail,ch:1:sloid:5000,Luzern,ch:1:sloid:5000:3:6,2026-09-30,ch:1:sjyid:100015:21676-001,rail,S-Bahn,S6,S6,21676,Luzern,Wolhusen,6,,2026-09-30 18:16:00+00:00,2026-09-30 18:17:00+00:00,,True,1.0,2026-09-30 19:34:32.804000+02:00,2026-09-30 20:16:00+02:00,2026-09-30 20:17:00+02:00,2026-09-30,20,Wednesday,False,41.453266666666664
20260930_173430,2026-09-30 17:34:32.804000+00:00,Luzern,rail,ch:1:sloid:5000,Luzern,ch:1:sloid:5000:3:7,2026-09-30,ch:1:sjyid:100001:687-001,rail,InterCity,IC21,IC21,687,Basel SBB,Chiasso,7,,2026-09-30 18:18:00+00:00,2026-09-30 18:19:00+00:00,,True,1.0,2026-09-30 19:34:32.804000+02:00,2026-09-30 20:18:00+02:00,2026-09-30 20:19:00+02:00,2026-09-30,20,Wednesday,False,43.453266666666664
20260930_173430,2026-09-30 17:34:32.804000+00:00,Luzern,rail,ch:1:sloid:5000,Luzern,ch:1:sloid:5000:4:8,2026-09-30,ch:1:sjyid:100001:21170-002,rail,S-Bahn,S1,S1,21170,Sursee,Zug,8,,2026-09-30 18:21:00+00:00,2026-09-30 18:22:00+00:00,,True,1.0,2026-09-30 19:34:32.804000+02:00,2026-09-30 20:21:00+02:00,2026-09-30 20:22:00+02:00,2026-09-30,20,Wednesday,False,46.453266666666664
20260930_173430,2026-09-30 17:34:32.804000+00:00,Luzern,rail,ch:1:sloid:5000,Luzern,ch:1:sloid:5000:7:14,2026-09-30,ch:1:sjyid:100064:21478-001,rail,S-Bahn,S4,S4,21478,Luzern,Stansstad,14,,2026-09-30 18:27:00+00:00,2026-09-30 18:27:12+00:00,,True,0.2,2026-09-30 19:34:32.804000+02:00,2026-09-30 20:27:00+02:00,2026-09-30 20:27:12+02:00,2026-09-30,20,Wednesday,False,52.453266666666664
20260930_173430,2026-09-30 17:34:32.804000+00:00,Luzern,rail,ch:1:sloid:5000,Luzern,ch:1:sloid:5000:1:2,2026-09-30,ch:1:sjyid:100001:2486-001,rail,InterRegio,IR27,IR27,2486,Luzern,Basel SBB,2,,2026-09-30 18:30:00+00:00,2026-09-30 18:30:36+00:00,,True,0.6,2026-09-30 19:34:32.804000+02:00,2026-09-30 20:30:00+02:00,2026-09-30 20:30:36+02:00,2026-09-30,20,Wednesday,False,55.453266666666664
20260930_173430,2026-09-30 17:34:32.804000+00:00,Luzern,rail,ch:1:sloid:5000,Luzern,ch:1:sloid:5000:1:3,2026-09-30,ch:1:sjyid:100001:2587-001,rail,InterRegio,IR75,IR75,2587,Luzern,Zürich HB,3,,2026-09-30 18:35:00+00:00,2026-09-30 18:35:30+00:00,,True,0.5,2026-09-30 19:34:32.804000+02:00,2026-09-30 20:35:00+02:00,2026-09-30 20:35:30+02:00,2026-09-30,20,Wednesday,False,60.453266666666664
20260930_173430,2026-09-30 17:34:32.804000+00:00,Luzern,rail,ch:1:sloid:5000,Luzern,ch:1:sloid:5000:2:4,2026-09-30,ch:1:sjyid:100001:21379-001,rail,S-Bahn,S3,S3,21379,Luzern,Arth-Goldau,4,,2026-09-30 18:39:00+00:00,2026-09-30 18:39:12+00:00,,True,0.2,2026-09-30 19:34:32.804000+02:00,2026-09-30 20:39:00+02:00,2026-09-30 20:39:12+02:00,2026-09-30,20,Wednesday,False,64.45326666666666
20260930_173430,2026-09-30 17:34:32.804000+00:00,Luzern,rail,ch:1:sloid:5000,Luzern,ch:1:sloid:5000:7:14,2026-09-30,ch:1:sjyid:100064:21578-001,rail,S-Bahn,S5,S5,21578,Luzern,Giswil,14,,2026-09-30 18:42:00+00:00,2026-09-30 18:42:12+00:00,,True,0.2,2026-09-30 19:34:32.804000+02:00,2026-09-30 20:42:00+02:00,2026-09-30 20:42:12+02:00,2026-09-30,20,Wednesday,False,67.45326666666666
20260930_173430,2026-09-30 17:34:32.804000+00:00,Luzern,rail,ch:1:sloid:5000,Luzern,ch:1:sloid:5000_gen:ch:1:sloid:5000:5:10_pf:10B,2026-09-30,ch:1:sjyid:100001:21171-001,rail,S-Bahn,S1,S1,21171,Baar,Sursee,10,,2026-09-30 18:44:00+00:00,2026-09-30 18:45:00+00:00,,True,1.0,2026-09-30 19:34:32.804000+02:00,2026-09-30 20:44:00+02:00,2026-09-30 20:45:00+02:00,2026-09-30,20,Wednesday,False,69.45326666666666
20260930_173430,2026-09-30 17:34:32.804000+00:00,Luzern,rail,ch:1:sloid:5000,Luzern,ch:1:sloid:5000:2:4,2026-09-30,ch:1:sjyid:100001:21172-001,rail,S-Bahn,S1,S1,21172,Sursee,Baar,4,,2026-09-30 18:51:00+00:00,2026-09-30 18:51:12+00:00,,True,0.2,2026-09-30 19:34:32.804000+02:00,2026-09-30 20:51:00+02:00,2026-09-30 20:51:12+02:00,2026-09-30,20,Wednesday,False,76.45326666666666
20260930_173430,2026-09-30 17:34:32.804000+00:00,Luzern,rail,ch:1:sloid:5000,Luzern,ch:1:sloid:5000:3:7,2026-09-30,ch:1:sjyid:100061:2336-002,rail,Treno Gottardo,IR26,IR26,2336,Locarno,Olten,7,,2026-09-30 18:54:00+00:00,2026-09-30 18:54:30+00:00,,True,0.5,2026-09-30 19:34:32.804000+02:00,2026-09-30 20:54:00+02:00,2026-09-30 20:54:30+02:00,2026-09-30,20,Wednesday,False,79.45326666666666
20260930_173430,2026-09-30 17:34:33.305000+00:00,St. Gallen,rail,ch:1:sloid:6302,St. Gallen,ch:1:sloid:6302:3:4,2026-09-30,ch:1:sjyid:100046:12189-001,rail,S-Bahn,S82,S82,12189,St. Gallen,Romanshorn,4,,2026-09-30 17:36:00+00:00,2026-09-30 17:36:12+00:00,,True,0.2,2026-09-30 19:34:33.305000+02:00,2026-09-30 19:36:00+02:00,2026-09-30 19:36:12+02:00,2026-09-30,19,Wednesday,False,1.4449166666666666
20260930_173430,2026-09-30 17:34:33.305000+00:00,St. Gallen,rail,ch:1:sloid:6302,St. Gallen,ch:1:sloid:6302:1:1,2026-09-30,ch:1:sjyid:100001:3282-001,rail,InterRegio,IR13,IR13,3282,Sargans,Luzern,1,,2026-09-30 17:37:00+00:00,2026-09-30 17:37:30+00:00,,True,0.5,2026-09-30 19:34:33.305000+02:00,2026-09-30 19:37:00+02:00,2026-09-30 19:37:30+02:00,2026-09-30,19,Wednesday,False,2.4449166666666664
20260930_173430,2026-09-30 17:34:33.305000+00:00,St. Gallen,rail,ch:1:sloid:6302,St. Gallen,ch:1:sloid:6302:3:5,2026-09-30,ch:1:sjyid:100061:11471-001,rail,S-Bahn,S4,S4,11471,Rapperswil SG,Sargans,5,,2026-09-30 17:38:00+00:00,2026-09-30 17:39:06+00:00,,True,1.1,2026-09-30 19:34:33.305000+02:00,2026-09-30 19:38:00+02:00,2026-09-30 19:39:06+02:00,2026-09-30,19,Wednesday,False,3.4449166666666664
20260930_173430,2026-09-30 17:34:33.305000+00:00,St. Gallen,rail,ch:1:sloid:6302,St. Gallen,ch:1:sloid:6302:4:7,2026-09-30,ch:1:sjyid:100046:11572-001,rail,S-Bahn,S5,S5,11572,St. Gallen,Weinfelden,7,,2026-09-30 17:40:00+00:00,2026-09-30 17:40:12+00:00,,True,0.2,2026-09-30 19:34:33.305000+02:00,2026-09-30 19:40:00+02:00,2026-09-30 19:40:12+02:00,2026-09-30,19,Wednesday,False,5.444916666666667
20260930_173430,2026-09-30 17:34:33.305000+00:00,St. Gallen,rail,ch:1:sloid:6302,St. Gallen,ch:1:sloid:6302:3:5,2026-09-30,ch:1:sjyid:100046:5238-001,rail,RegioExpress,RE1,RE1,5238,Konstanz,Herisau,5,,2026-09-30 17:44:00+00:00,2026-09-30 17:45:12+00:00,,True,1.2,2026-09-30 19:34:33.305000+02:00,2026-09-30 19:44:00+02:00,2026-09-30 19:45:12+02:00,2026-09-30,19,Wednesday,False,9.444916666666668
20260930_173430,2026-09-30 17:34:33.305000+00:00,St. Gallen,rail,ch:1:sloid:6302,St. Gallen,ch:1:sloid:6302:1:1,2026-09-30,ch:1:sjyid:100046:11172-001,rail,S-Bahn,S1,S1,11172,Schaffhausen,Wil SG,1,,2026-09-30 17:47:00+00:00,2026-09-30 17:47:12+00:00,,True,0.2,2026-09-30 19:34:33.305000+02:00,2026-09-30 19:47:00+02:00,2026-09-30 19:47:12+02:00,2026-09-30,19,Wednesday,False,12.444916666666668
20260930_173430,2026-09-30 17:34:33.305000+00:00,St. Gallen,rail,ch:1:sloid:6302,St. Gallen,ch:1:sloid:6302:2:3,2026-09-30,ch:1:sjyid:100046:11173-001,rail,S-Bahn,S1,S1,11173,Wil SG,Schaffhausen,3,,2026-09-30 17:49:00+00:00,2026-09-30 17:50:36+00:00,,True,1.6,2026-09-30 19:34:33.305000+02:00,2026-09-30 19:49:00+02:00,2026-09-30 19:50:36+02:00,2026-09-30,19,Wednesday,False,14.444916666666668
20260930_173430,2026-09-30 17:34:33.305000+00:00,St. Gallen,rail,ch:1:sloid:6302,St. Gallen,ch:1:sloid:6302:3:4,2026-09-30,ch:1:sjyid:100061:2229-001,rail,Alpenrhein-Express,IR13,IR13,2229,St. Gallen,Chur,4,,2026-09-30 17:55:00+00:00,2026-09-30 17:55:12+00:00,,True,0.2,2026-09-30 19:34:33.305000+02:00,2026-09-30 19:55:00+02:00,2026-09-30 19:55:12+02:00,2026-09-30,19,Wednesday,False,20.444916666666664
20260930_173430,2026-09-30 17:34:33.305000+00:00,St. Gallen,rail,ch:1:sloid:6302,St. Gallen,ch:1:sloid:6302:500:12,2026-09-30,ch:1:sjyid:100007:plan:2192,rail,S-Bahn,S21,S21,2192,Appenzell,Trogen,12,,2026-09-30 17:56:00+00:00,2026-09-30 17:56:00+00:00,,True,0.0,2026-09-30 19:34:33.305000+02:00,2026-09-30 19:56:00+02:00,2026-09-30 19:56:00+02:00,2026-09-30,19,Wednesday,False,21.444916666666664
20260930_173430,2026-09-30 17:34:33.305000+00:00,St. Gallen,rail,ch:1:sloid:6302,St. Gallen,ch:1:sloid:6302:500:11,2026-09-30,ch:1:sjyid:100007:plan:2195,rail,S-Bahn,S21,S21,2195,Trogen,Appenzell,11,,2026-09-30 17:56:00+00:00,2026-09-30 17:56:00+00:00,,True,0.0,2026-09-30 19:34:33.305000+02:00,2026-09-30 19:56:00+02:00,2026-09-30 19:56:00+02:00,2026-09-30,19,Wednesday,False,21.444916666666664
20260930_173430,2026-09-30 17:34:33.305000+00:00,St. Gallen,rail,ch:1:sloid:6302,St. Gallen,ch:1:sloid:6302:4:6,2026-09-30,ch:1:sjyid:100046:11573-001,rail,S-Bahn,S5,S5,11573,Weinfelden,St. Margrethen SG,6,,2026-09-30 17:57:00+00:00,2026-09-30 17:59:00+00:00,,True,2.0,2026-09-30 19:34:33.305000+02:00,2026-09-30 19:57:00+02:00,2026-09-30 19:59:00+02:00,2026-09-30,19,Wednesday,False,22.444916666666664
20260930_173430,2026-09-30 17:34:33.305000+00:00,St. Gallen,rail,ch:1:sloid:6302,St. Gallen,ch:1:sloid:6302:3:5,2026-09-30,ch:1:sjyid:100046:11274-001,rail,S-Bahn,S2,S2,11274,Altstätten SG,Nesslau-Neu St. Johann,5,,2026-09-30 17:57:00+00:00,2026-09-30 17:57:12+00:00,,True,0.2,2026-09-30 19:34:33.305000+02:00,2026-09-30 19:57:00+02:00,2026-09-30 19:57:12+02:00,2026-09-30,19,Wednesday,False,22.444916666666664
20260930_173430,2026-09-30 17:34:33.305000+00:00,St. Gallen,rail,ch:1:sloid:6302,St. Gallen,ch:1:sloid:6302:2:2,2026-09-30,ch:1:sjyid:100001:538-001,rail,InterCity,IC5,IC5,538,Rorschach,Lausanne,2,,2026-09-30 17:58:00+00:00,2026-09-30 17:58:30+00:00,,True,0.5,2026-09-30 19:34:33.305000+02:00,2026-09-30 19:58:00+02:00,2026-09-30 19:58:30+02:00,2026-09-30,19,Wednesday,False,23.444916666666664
20260930_173430,2026-09-30 17:34:33.305000+00:00,St. Gallen,rail,ch:1:sloid:6302,St. Gallen,ch:1:sloid:6302:2:3,2026-09-30,ch:1:sjyid:100061:2036-001,rail,Voralpen-Express,VAE,VAE,2036,St. Gallen,Arth-Goldau,3,,2026-09-30 18:05:00+00:00,2026-09-30 18:05:12+00:00,,True,0.2,2026-09-30 19:34:33.305000+02:00,2026-09-30 20:05:00+02:00,2026-09-30 20:05:12+02:00,2026-09-30,20,Wednesday,False,30.444916666666664
20260930_173430,2026-09-30 17:34:33.305000+00:00,St. Gallen,rail,ch:1:sloid:6302,St. Gallen,ch:1:sloid:6302:2:2,2026-09-30,ch:1:sjyid:100001:531-001,rail,InterCity,IC5,IC5,531,Lausanne,Rorschach,2,,2026-09-30 18:05:00+00:00,2026-09-30 18:05:30+00:00,,True,0.5,2026-09-30 19:34:33.305000+02:00,2026-09-30 20:05:00+02:00,2026-09-30 20:05:30+02:00,2026-09-30,20,Wednesday,False,30.444916666666664
20260930_173430,2026-09-30 17:34:33.305000+00:00,St. Gallen,rail,ch:1:sloid:6302,St. Gallen,ch:1:sloid:6302:1:1,2026-09-30,ch:1:sjyid:100001:736-001,rail,InterCity,IC1,IC1,736,St. Gallen,Fribourg/Freiburg,1,,2026-09-30 18:07:00+00:00,2026-09-30 18:07:42+00:00,,True,0.7,2026-09-30 19:34:33.305000+02:00,2026-09-30 20:07:00+02:00,2026-09-30 20:07:42+02:00,2026-09-30,20,Wednesday,False,32.444916666666664
20260930_173430,2026-09-30 17:34:33.305000+00:00,St. Gallen,rail,ch:1:sloid:6302,St. Gallen,ch:1:sloid:6302:4:6,2026-09-30,ch:1:sjyid:100046:11275-001,rail,S-Bahn,S2,S2,11275,Nesslau-Neu St. Johann,Altstätten SG,6,,2026-09-30 18:08:00+00:00,2026-09-30 18:08:12+00:00,,True,0.2,2026-09-30 19:34:33.305000+02:00,2026-09-30 20:08:00+02:00,2026-09-30 20:08:12+02:00,2026-09-30,20,Wednesday,False,33.444916666666664
20260930_173430,2026-09-30 17:34:33.305000+00:00,St. Gallen,rail,ch:1:sloid:6302,St. Gallen,ch:1:sloid:6302:3:5,2026-09-30,ch:1:sjyid:100046:11574-001,rail,S-Bahn,S5,S5,11574,St. Margrethen SG,Weinfelden,5,,2026-09-30 18:10:00+00:00,2026-09-30 18:10:12+00:00,,True,0.2,2026-09-30 19:34:33.305000+02:00,2026-09-30 20:10:00+02:00,2026-09-30 20:10:12+02:00,2026-09-30,20,Wednesday,False,35.44491666666667
20260930_173430,2026-09-30 17:34:33.305000+00:00,St. Gallen,rail,ch:1:sloid:6302,St. Gallen,ch:1:sloid:6302:3:4,2026-09-30,ch:1:sjyid:100061:12138-001,rail,S-Bahn,S81,S81,12138,St. Gallen,Herisau,4,,2026-09-30 18:14:00+00:00,2026-09-30 18:14:42+00:00,,True,0.7,2026-09-30 19:34:33.305000+02:00,2026-09-30 20:14:00+02:00,2026-09-30 20:14:42+02:00,2026-09-30,20,Wednesday,False,39.44491666666667
20260930_173430,2026-09-30 17:34:33.305000+00:00,St. Gallen,rail,ch:1:sloid:6302,St. Gallen,ch:1:sloid:6302:3:5,2026-09-30,ch:1:sjyid:100046:5239-001,rail,RegioExpress,RE1,RE1,5239,Herisau,Konstanz,5,,2026-09-30 18:15:00+00:00,2026-09-30 18:15:48+00:00,,True,0.8,2026-09-30 19:34:33.305000+02:00,2026-09-30 20:15:00+02:00,2026-09-30 20:15:48+02:00,2026-09-30,20,Wednesday,False,40.44491666666667
20260930_173430,2026-09-30 17:34:33.305000+00:00,St. Gallen,rail,ch:1:sloid:6302,St. Gallen,ch:1:sloid:6302:2:2,2026-09-30,ch:1:sjyid:100046:11174-001,rail,S-Bahn,S1,S1,11174,Schaffhausen,Wil SG,2,,2026-09-30 18:17:00+00:00,2026-09-30 18:17:12+00:00,,True,0.2,2026-09-30 19:34:33.305000+02:00,2026-09-30 20:17:00+02:00,2026-09-30 20:17:12+02:00,2026-09-30,20,Wednesday,False,42.44491666666667
20260930_173430,2026-09-30 17:34:33.305000+00:00,St. Gallen,rail,ch:1:sloid:6302,St. Gallen,ch:1:sloid:6302:2:3,2026-09-30,ch:1:sjyid:100046:11175-001,rail,S-Bahn,S1,S1,11175,Wil SG,Schaffhausen,3,,2026-09-30 18:19:00+00:00,2026-09-30 18:20:42+00:00,,True,1.7,2026-09-30 19:34:33.305000+02:00,2026-09-30 20:19:00+02:00,2026-09-30 20:20:42+02:00,2026-09-30,20,Wednesday,False,44.44491666666667
20260930_173430,2026-09-30 17:34:33.305000+00:00,St. Gallen,rail,ch:1:sloid:6302,St. Gallen,ch:1:sloid:6302:2:2,2026-09-30,ch:1:sjyid:100001:73281-891,rail,,IR13,IR13,73281,Zürich HB,Sargans,2,,2026-09-30 18:25:00+00:00,2026-09-30 18:25:18+00:00,,True,0.3,2026-09-30 19:34:33.305000+02:00,2026-09-30 20:25:00+02:00,2026-09-30 20:25:18+02:00,2026-09-30,20,Wednesday,False,50.44491666666667
20260930_173430,2026-09-30 17:34:33.305000+00:00,St. Gallen,rail,ch:1:sloid:6302,St. Gallen,ch:1:sloid:6302:500:12,2026-09-30,ch:1:sjyid:100007:plan:2196,rail,S-Bahn,S21,S21,2196,Appenzell,Trogen,12,,2026-09-30 18:26:00+00:00,2026-09-30 18:26:00+00:00,,True,0.0,2026-09-30 19:34:33.305000+02:00,2026-09-30 20:26:00+02:00,2026-09-30 20:26:00+02:00,2026-09-30,20,Wednesday,False,51.44491666666667
20260930_173430,2026-09-30 17:34:33.305000+00:00,St. Gallen,rail,ch:1:sloid:6302,St. Gallen,ch:1:sloid:6302:500:11,2026-09-30,ch:1:sjyid:100007:plan:2199,rail,S-Bahn,S21,S21,2199,Trogen,Appenzell,11,,2026-09-30 18:26:00+00:00,2026-09-30 18:26:00+00:00,,True,0.0,2026-09-30 19:34:33.305000+02:00,2026-09-30 20:26:00+02:00,2026-09-30 20:26:00+02:00,2026-09-30,20,Wednesday,False,51.44491666666667
20260930_173430,2026-09-30 17:34:33.305000+00:00,St. Gallen,rail,ch:1:sloid:6302,St. Gallen,ch:1:sloid:6302:1:1,2026-09-30,ch:1:sjyid:100001:13472-001,rail,Transalpin,EC,EC,13472,Feldkirch,Zürich HB,1,,2026-09-30 18:27:00+00:00,2026-09-30 18:27:30+00:00,,True,0.5,2026-09-30 19:34:33.305000+02:00,2026-09-30 20:27:00+02:00,2026-09-30 20:27:30+02:00,2026-09-30,20,Wednesday,False,52.44491666666667
20260930_173430,2026-09-30 17:34:33.305000+00:00,St. Gallen,rail,ch:1:sloid:6302,St. Gallen,ch:1:sloid:6302:3:5,2026-09-30,ch:1:sjyid:100061:11476-001,rail,S-Bahn,S4,S4,11476,Sargans,Rapperswil SG,5,,2026-09-30 18:27:00+00:00,2026-09-30 18:27:12+00:00,,True,0.2,2026-09-30 19:34:33.305000+02:00,2026-09-30 20:27:00+02:00,2026-09-30 20:27:12+02:00,2026-09-30,20,Wednesday,False,52.44491666666667
20260930_173430,2026-09-30 17:34:33.305000+00:00,St. Gallen,rail,ch:1:sloid:6302,St. Gallen,ch:1:sloid:6302:2:3,2026-09-30,ch:1:sjyid:100001:199-001,rail,EuroCity,EC,EC,199,Zürich HB,München Hbf,3,,2026-09-30 18:32:00+00:00,2026-09-30 18:32:00+00:00,,True,0.0,2026-09-30 19:34:33.305000+02:00,2026-09-30 20:32:00+02:00,2026-09-30 20:32:00+02:00,2026-09-30,20,Wednesday,False,57.44491666666667
20260930_173430,2026-09-30 17:34:33.305000+00:00,St. Gallen,rail,ch:1:sloid:6302,St. Gallen,ch:1:sloid:6302:1:1,2026-09-30,ch:1:sjyid:100001:3284-001,rail,InterRegio,IR13,IR13,3284,Sargans,Luzern,1,,2026-09-30 18:37:00+00:00,2026-09-30 18:37:30+00:00,,True,0.5,2026-09-30 19:34:33.305000+02:00,2026-09-30 20:37:00+02:00,2026-09-30 20:37:30+02:00,2026-09-30,20,Wednesday,False,62.44491666666667
20260930_173430,2026-09-30 17:34:33.799000+00:00,Lausanne,rail,ch:1:sloid:1120,Lausanne,ch:1:sloid:1120:0:638488,2026-09-30,ch:1:sjyid:100001:24466-001,rail,Regio,R4,R4,24466,Vevey,Vallorbe/Le Brassus,8,,2026-09-30 17:27:00+00:00,2026-09-30 17:34:18+00:00,,True,7.3,2026-09-30 19:34:33.799000+02:00,2026-09-30 19:27:00+02:00,2026-09-30 19:34:18+02:00,2026-09-30,19,Wednesday,False,-7.563316666666666
20260930_173430,2026-09-30 17:34:33.799000+00:00,Lausanne,rail,ch:1:sloid:1120,Lausanne,ch:1:sloid:1120:0:37997,2026-09-30,ch:1:sjyid:100001:18483-001,rail,RegioExpress,RE33,RE33,18483,Annemasse,Martigny,6,7,2026-09-30 17:31:00+00:00,2026-09-30 17:36:06+00:00,,True,5.1,2026-09-30 19:34:33.799000+02:00,2026-09-30 19:31:00+02:00,2026-09-30 19:36:06+02:00,2026-09-30,19,Wednesday,False,-3.5633166666666667
20260930_173430,2026-09-30 17:34:33.799000+00:00,Lausanne,rail,ch:1:sloid:1120,Lausanne,ch:1:sloid:1120:0:860143,2026-09-30,ch:1:sjyid:100001:537-001,rail,InterCity,IC5,IC5,537,Lausanne,Zürich HB,4,,2026-09-30 17:34:00+00:00,2026-09-30 17:34:30+00:00,,True,0.5,2026-09-30 19:34:33.799000+02:00,2026-09-30 19:34:00+02:00,2026-09-30 19:34:30+02:00,2026-09-30,19,Wednesday,False,-0.5633166666666667
20260930_173430,2026-09-30 17:34:33.799000+00:00,Lausanne,rail,ch:1:sloid:1120,Lausanne,ch:1:sloid:1120:0:42631,2026-09-30,ch:1:sjyid:100001:24866-001,rail,Regio,R8,R8,24866,Payerne,Allaman,5,,2026-09-30 17:34:00+00:00,2026-09-30 17:34:12+00:00,,True,0.2,2026-09-30 19:34:33.799000+02:00,2026-09-30 19:34:00+02:00,2026-09-30 19:34:12+02:00,2026-09-30,19,Wednesday,False,-0.5633166666666667
20260930_173430,2026-09-30 17:34:33.799000+00:00,Lausanne,rail,ch:1:sloid:1120,Lausanne,ch:1:sloid:1120:0:276884,2026-09-30,ch:1:sjyid:100001:24477-001,rail,Regio,R4,R4,24477,Le Day,Vevey,3,,2026-09-30 17:34:00+00:00,2026-09-30 17:37:36+00:00,,True,3.6,2026-09-30 19:34:33.799000+02:00,2026-09-30 19:34:00+02:00,2026-09-30 19:37:36+02:00,2026-09-30,19,Wednesday,False,-0.5633166666666667
20260930_173430,2026-09-30 17:34:33.799000+00:00,Lausanne,rail,ch:1:sloid:1120,Lausanne,ch:1:sloid:1120:0:638488,2026-09-30,ch:1:sjyid:100001:24266-001,rail,Regio,R2,R2,24266,Bex,Grandson,8,,2026-09-30 17:38:00+00:00,2026-09-30 17:38:12+00:00,,True,0.2,2026-09-30 19:34:33.799000+02:00,2026-09-30 19:38:00+02:00,2026-09-30 19:38:12+02:00,2026-09-30,19,Wednesday,False,3.4366833333333333
20260930_173430,2026-09-30 17:34:33.799000+00:00,Lausanne,rail,ch:1:sloid:1120,Lausanne,ch:1:sloid:1120:0:668579,2026-09-30,ch:1:sjyid:100001:2535-001,rail,InterRegio,IR15,IR15,2535,Genève-Aéroport,Luzern,1,,2026-09-30 17:40:00+00:00,2026-09-30 17:40:30+00:00,,True,0.5,2026-09-30 19:34:33.799000+02:00,2026-09-30 19:40:00+02:00,2026-09-30 19:40:30+02:00,2026-09-30,19,Wednesday,False,5.436683333333334
20260930_173430,2026-09-30 17:34:33.799000+00:00,Lausanne,rail,ch:1:sloid:1120,Lausanne,ch:1:sloid:1120:0:860143,2026-09-30,ch:1:sjyid:100001:728-001,rail,InterCity,IC1,IC1,728,St. Gallen,Genève-Aéroport,4,,2026-09-30 17:46:00+00:00,2026-09-30 17:46:30+00:00,,True,0.5,2026-09-30 19:34:33.799000+02:00,2026-09-30 19:46:00+02:00,2026-09-30 19:46:30+02:00,2026-09-30,19,Wednesday,False,11.436683333333333
20260930_173430,2026-09-30 17:34:33.799000+00:00,Lausanne,rail,ch:1:sloid:1120,Lausanne,ch:1:sloid:1120:0:276884,2026-09-30,ch:1:sjyid:100001:1833-001,rail,InterRegio,IR90,IR90,1833,Genève-Aéroport,Brig,3,,2026-09-30 17:48:00+00:00,2026-09-30 17:48:30+00:00,,True,0.5,2026-09-30 19:34:33.799000+02:00,2026-09-30 19:48:00+02:00,2026-09-30 19:48:30+02:00,2026-09-30,19,Wednesday,False,13.436683333333333
20260930_173430,2026-09-30 17:34:33.799000+00:00,Lausanne,rail,ch:1:sloid:1120,Lausanne,ch:1:sloid:1120:0:638488,2026-09-30,ch:1:sjyid:100001:1730-001,rail,InterRegio,IR95,IR95,1730,Brig,Genève-Aéroport,8,,2026-09-30 17:49:00+00:00,2026-09-30 17:49:30+00:00,,True,0.5,2026-09-30 19:34:33.799000+02:00,2026-09-30 19:49:00+02:00,2026-09-30 19:49:30+02:00,2026-09-30,19,Wednesday,False,14.436683333333333
20260930_173430,2026-09-30 17:34:33.799000+00:00,Lausanne,rail,ch:1:sloid:1120,Lausanne,ch:1:sloid:1120:0:20298,2026-09-30,ch:1:sjyid:100001:24579-001,rail,S-Bahn,S41,S41,24579,Lausanne,Fribourg/Freiburg,70,,2026-09-30 17:49:00+00:00,2026-09-30 17:49:12+00:00,,True,0.2,2026-09-30 19:34:33.799000+02:00,2026-09-30 19:49:00+02:00,2026-09-30 19:49:12+02:00,2026-09-30,19,Wednesday,False,14.436683333333333
20260930_173430,2026-09-30 17:34:33.799000+00:00,Lausanne,rail,ch:1:sloid:1120,Lausanne,ch:1:sloid:1120:0:37997,2026-09-30,ch:1:sjyid:100001:24179-001,rail,Regio,R1,R1,24179,Grandson,St-Maurice,6,,2026-09-30 17:55:00+00:00,2026-09-30 17:55:12+00:00,,True,0.2,2026-09-30 19:34:33.799000+02:00,2026-09-30 19:55:00+02:00,2026-09-30 19:55:12+02:00,2026-09-30,19,Wednesday,False,20.436683333333335
20260930_173430,2026-09-30 17:34:33.799000+00:00,Lausanne,rail,ch:1:sloid:1120,Lausanne,ch:1:sloid:1120:0:668579,2026-09-30,ch:1:sjyid:100001:24979-001,rail,Regio,R9,R9,24979,Allaman,Murten/Morat,1,,2026-09-30 17:57:00+00:00,2026-09-30 17:58:00+00:00,,True,1.0,2026-09-30 19:34:33.799000+02:00,2026-09-30 19:57:00+02:00,2026-09-30 19:58:00+02:00,2026-09-30,19,Wednesday,False,22.436683333333335
20260930_173430,2026-09-30 17:34:33.799000+00:00,Lausanne,rail,ch:1:sloid:1120,Lausanne,ch:1:sloid:1120:0:840061,2026-09-30,ch:1:sjyid:100001:24368-001,rail,Regio,R3,R3,24368,Vevey,Vallorbe,7,,2026-09-30 17:57:00+00:00,2026-09-30 17:57:12+00:00,,True,0.2,2026-09-30 19:34:33.799000+02:00,2026-09-30 19:57:00+02:00,2026-09-30 19:57:12+02:00,2026-09-30,19,Wednesday,False,22.436683333333335
20260930_173430,2026-09-30 17:34:33.799000+00:00,Lausanne,rail,ch:1:sloid:1120,Lausanne,ch:1:sloid:1120:0:638488,2026-09-30,ch:1:sjyid:100001:18434-004,rail,RegioExpress,RE33,RE33,18434,St-Maurice,Genève-Aéroport,8,,2026-09-30 18:00:00+00:00,2026-09-30 18:01:00+00:00,,True,1.0,2026-09-30 19:34:33.799000+02:00,2026-09-30 20:00:00+02:00,2026-09-30 20:01:00+02:00,2026-09-30,20,Wednesday,False,25.436683333333335
20260930_173430,2026-09-30 17:34:33.799000+00:00,Lausanne,rail,ch:1:sloid:1120,Lausanne,ch:1:sloid:1120:0:860143,2026-09-30,ch:1:sjyid:100001:18431-001,rail,RegioExpress,RE33,RE33,18431,Annemasse,St-Maurice,4,,2026-09-30 18:01:00+00:00,2026-09-30 18:01:54+00:00,,True,0.9,2026-09-30 19:34:33.799000+02:00,2026-09-30 20:01:00+02:00,2026-09-30 20:01:54+02:00,2026-09-30,20,Wednesday,False,26.436683333333335
20260930_173430,2026-09-30 17:34:33.799000+00:00,Lausanne,rail,ch:1:sloid:1120,Lausanne,ch:1:sloid:1120:0:840061,2026-09-30,ch:1:sjyid:100001:24968-001,rail,Regio,R9,R9,24968,Murten/Morat,Allaman,7,,2026-09-30 18:04:00+00:00,2026-09-30 18:04:12+00:00,,True,0.2,2026-09-30 19:34:33.799000+02:00,2026-09-30 20:04:00+02:00,2026-09-30 20:04:12+02:00,2026-09-30,20,Wednesday,False,29.436683333333335
20260930_173430,2026-09-30 17:34:33.799000+00:00,Lausanne,rail,ch:1:sloid:1120,Lausanne,ch:1:sloid:1120:0:276884,2026-09-30,ch:1:sjyid:100001:1637-001,rail,InterCity,IC51,IC51,1637,Lausanne,Basel SBB,3,,2026-09-30 18:04:00+00:00,2026-09-30 18:04:30+00:00,,True,0.5,2026-09-30 19:34:33.799000+02:00,2026-09-30 20:04:00+02:00,2026-09-30 20:04:30+02:00,2026-09-30,20,Wednesday,False,29.436683333333335
20260930_173430,2026-09-30 17:34:33.799000+00:00,Lausanne,rail,ch:1:sloid:1120,Lausanne,ch:1:sloid:1120:0:37997,2026-09-30,ch:1:sjyid:100001:24379-001,rail,Regio,R3,R3,24379,Vallorbe,Vevey,6,,2026-09-30 18:04:00+00:00,2026-09-30 18:04:18+00:00,,True,0.3,2026-09-30 19:34:33.799000+02:00,2026-09-30 20:04:00+02:00,2026-09-30 20:04:18+02:00,2026-09-30,20,Wednesday,False,29.436683333333335
20260930_173430,2026-09-30 17:34:33.799000+00:00,Lausanne,rail,ch:1:sloid:1120,Lausanne,ch:1:sloid:1120:0:42631,2026-09-30,ch:1:sjyid:100001:24168-001,rail,Regio,R1,R1,24168,Bex,Grandson,5,,2026-09-30 18:08:00+00:00,2026-09-30 18:08:12+00:00,,True,0.2,2026-09-30 19:34:33.799000+02:00,2026-09-30 20:08:00+02:00,2026-09-30 20:08:12+02:00,2026-09-30,20,Wednesday,False,33.436683333333335
20260930_173430,2026-09-30 17:34:33.799000+00:00,Lausanne,rail,ch:1:sloid:1120,Lausanne,ch:1:sloid:1120:0:276884,2026-09-30,ch:1:sjyid:100001:1735-001,rail,InterRegio,IR95,IR95,1735,Genève-Aéroport,Brig,3,,2026-09-30 18:14:00+00:00,2026-09-30 18:14:30+00:00,,True,0.5,2026-09-30 19:34:33.799000+02:00,2026-09-30 20:14:00+02:00,2026-09-30 20:14:30+02:00,2026-09-30,20,Wednesday,False,39.436683333333335
20260930_173430,2026-09-30 17:34:33.799000+00:00,Lausanne,rail,ch:1:sloid:1120,Lausanne,ch:1:sloid:1120:0:638488,2026-09-30,ch:1:sjyid:100001:1832-001,rail,InterRegio,IR90,IR90,1832,Brig,Genève-Aéroport,8,,2026-09-30 18:16:00+00:00,2026-09-30 18:16:30+00:00,,True,0.5,2026-09-30 19:34:33.799000+02:00,2026-09-30 20:16:00+02:00,2026-09-30 20:16:30+02:00,2026-09-30,20,Wednesday,False,41.436683333333335
20260930_173430,2026-09-30 17:34:33.799000+00:00,Lausanne,rail,ch:1:sloid:1120,Lausanne,ch:1:sloid:1120:0:668579,2026-09-30,ch:1:sjyid:100001:735-002,rail,InterCity,IC1,IC1,735,Genève-Aéroport,St. Gallen,1,,2026-09-30 18:17:00+00:00,2026-09-30 18:17:30+00:00,,True,0.5,2026-09-30 19:34:33.799000+02:00,2026-09-30 20:17:00+02:00,2026-09-30 20:17:30+02:00,2026-09-30,20,Wednesday,False,42.436683333333335
20260930_173430,2026-09-30 17:34:33.799000+00:00,Lausanne,rail,ch:1:sloid:1120,Lausanne,ch:1:sloid:1120:0:20298,2026-09-30,ch:1:sjyid:100001:24681-001,rail,S-Bahn,S40,S40,24681,Lausanne,Fribourg/Freiburg,70,,2026-09-30 18:21:00+00:00,2026-09-30 18:21:12+00:00,,True,0.2,2026-09-30 19:34:33.799000+02:00,2026-09-30 20:21:00+02:00,2026-09-30 20:21:12+02:00,2026-09-30,20,Wednesday,False,46.436683333333335
20260930_173430,2026-09-30 17:34:33.799000+00:00,Lausanne,rail,ch:1:sloid:1120,Lausanne,ch:1:sloid:1120:0:42631,2026-09-30,ch:1:sjyid:100001:2532-001,rail,InterRegio,IR15,IR15,2532,Luzern,Genève-Aéroport,5,,2026-09-30 18:23:00+00:00,2026-09-30 18:23:30+00:00,,True,0.5,2026-09-30 19:34:33.799000+02:00,2026-09-30 20:23:00+02:00,2026-09-30 20:23:30+02:00,2026-09-30,20,Wednesday,False,48.436683333333335
20260930_173430,2026-09-30 17:34:33.799000+00:00,Lausanne,rail,ch:1:sloid:1120,Lausanne,ch:1:sloid:1120:0:276884,2026-09-30,ch:1:sjyid:100001:24281-002,rail,Regio,R2,R2,24281,Grandson,St-Maurice,3,,2026-09-30 18:24:00+00:00,2026-09-30 18:24:12+00:00,,True,0.2,2026-09-30 19:34:33.799000+02:00,2026-09-30 20:24:00+02:00,2026-09-30 20:24:12+02:00,2026-09-30,20,Wednesday,False,49.436683333333335
20260930_173430,2026-09-30 17:34:33.799000+00:00,Lausanne,rail,ch:1:sloid:1120,Lausanne,ch:1:sloid:1120:0:638488,2026-09-30,ch:1:sjyid:100001:24472-001,rail,Regio,R4,R4,24472,Vevey,Vallorbe/Le Brassus,8,,2026-09-30 18:27:00+00:00,2026-09-30 18:27:12+00:00,,True,0.2,2026-09-30 19:34:33.799000+02:00,2026-09-30 20:27:00+02:00,2026-09-30 20:27:12+02:00,2026-09-30,20,Wednesday,False,52.436683333333335
20260930_173430,2026-09-30 17:34:33.799000+00:00,Lausanne,rail,ch:1:sloid:1120,Lausanne,ch:1:sloid:1120:0:668579,2026-09-30,ch:1:sjyid:100001:24881-001,rail,Regio,R8,R8,24881,Allaman,Payerne,1,,2026-09-30 18:28:00+00:00,2026-09-30 18:28:12+00:00,,True,0.2,2026-09-30 19:34:33.799000+02:00,2026-09-30 20:28:00+02:00,2026-09-30 20:28:12+02:00,2026-09-30,20,Wednesday,False,53.436683333333335
20260930_173430,2026-09-30 17:34:33.799000+00:00,Lausanne,rail,ch:1:sloid:1120,Lausanne,ch:1:sloid:1120:0:840061,2026-09-30,ch:1:sjyid:100001:18480-001,rail,RegioExpress,RE33,RE33,18480,Martigny,Genève-Aéroport,7,,2026-09-30 18:30:00+00:00,2026-09-30 18:30:12+00:00,,True,0.2,2026-09-30 19:34:33.799000+02:00,2026-09-30 20:30:00+02:00,2026-09-30 20:30:12+02:00,2026-09-30,20,Wednesday,False,55.436683333333335
20260930_173430,2026-09-30 17:34:33.799000+00:00,Lausanne,rail,ch:1:sloid:1120,Lausanne,ch:1:sloid:1120:0:37997,2026-09-30,ch:1:sjyid:100001:18485-001,rail,RegioExpress,RE33,RE33,18485,Annemasse,Martigny,6,,2026-09-30 18:31:00+00:00,2026-09-30 18:31:54+00:00,,True,0.9,2026-09-30 19:34:33.799000+02:00,2026-09-30 20:31:00+02:00,2026-09-30 20:31:54+02:00,2026-09-30,20,Wednesday,False,56.436683333333335
20260930_173430,2026-09-30 17:34:34.307000+00:00,Genève,rail,ch:1:sloid:1008,Genève,ch:1:sloid:1008:3:6,2026-09-30,ch:1:sjyid:100001:735-002,rail,InterCity,IC1,IC1,735,Genève-Aéroport,St. Gallen,4,5,2026-09-30 17:35:00+00:00,2026-09-30 17:35:30+00:00,,True,0.5,2026-09-30 19:34:34.307000+02:00,2026-09-30 19:35:00+02:00,2026-09-30 19:35:30+02:00,2026-09-30,19,Wednesday,False,0.4282166666666667
20260930_173430,2026-09-30 17:34:34.307000+00:00,Genève,rail,ch:1:sloid:1008,Genève,ch:1:sloid:1008:2:3,2026-09-30,ch:1:sjyid:100001:18485-001,rail,RegioExpress,RE33,RE33,18485,Annemasse,Martigny,3,2,2026-09-30 17:38:00+00:00,2026-09-30 17:39:24+00:00,,True,1.4,2026-09-30 19:34:34.307000+02:00,2026-09-30 19:38:00+02:00,2026-09-30 19:39:24+02:00,2026-09-30,19,Wednesday,False,3.4282166666666667
20260930_173430,2026-09-30 17:34:34.307000+00:00,Genève,rail,ch:1:sloid:1008,Genève,ch:1:sloid:1008:2:2,2026-09-30,ch:1:sjyid:100001:1728-001,rail,InterRegio,IR95,IR95,1728,Brig,Genève-Aéroport,2,1,2026-09-30 17:38:00+00:00,2026-09-30 17:38:30+00:00,,True,0.5,2026-09-30 19:34:34.307000+02:00,2026-09-30 19:38:00+02:00,2026-09-30 19:38:30+02:00,2026-09-30,19,Wednesday,False,3.4282166666666667
20260930_173430,2026-09-30 17:34:34.307000+00:00,Genève,rail,ch:1:sloid:1008,Genève,ch:1:sloid:1008:1:1,2026-09-30,ch:1:sjyid:100001:23271-001,rail,Regio,RL4,RL4,23271,Annemasse,Coppet,1,,2026-09-30 17:45:00+00:00,2026-09-30 17:45:12+00:00,,True,0.2,2026-09-30 19:34:34.307000+02:00,2026-09-30 19:45:00+02:00,2026-09-30 19:45:12+02:00,2026-09-30,19,Wednesday,False,10.428216666666666
20260930_173430,2026-09-30 17:34:34.307000+00:00,Genève,rail,ch:1:sloid:1008,Genève,ch:1:sloid:1008:2:3,2026-09-30,ch:1:sjyid:100001:23438-001,rail,Regio,RL2,RL2,23438,Coppet,Annecy,2,3,2026-09-30 17:46:00+00:00,2026-09-30 17:46:42+00:00,,True,0.7,2026-09-30 19:34:34.307000+02:00,2026-09-30 19:46:00+02:00,2026-09-30 19:46:42+02:00,2026-09-30,19,Wednesday,False,11.428216666666666
20260930_173430,2026-09-30 17:34:34.307000+00:00,Genève,rail,ch:1:sloid:1008,Genève,ch:1:sloid:1008:3:5,2026-09-30,ch:1:sjyid:100001:23072-002,rail,Regio,RL5,RL5,23072,Genève,La Plaine,10,,2026-09-30 17:48:00+00:00,2026-09-30 17:48:12+00:00,,True,0.2,2026-09-30 19:34:34.307000+02:00,2026-09-30 19:48:00+02:00,2026-09-30 19:48:12+02:00,2026-09-30,19,Wednesday,False,13.428216666666666
20260930_173430,2026-09-30 17:34:34.307000+00:00,Genève,rail,ch:1:sloid:1008,Genève,ch:1:sloid:1008:3:4,2026-09-30,ch:1:sjyid:100001:1678-002,rail,InterRegio,IR57,IR57,1678,Neuchâtel,Genève-Aéroport,3,4,2026-09-30 17:48:00+00:00,2026-09-30 17:49:06+00:00,,True,1.1,2026-09-30 19:34:34.307000+02:00,2026-09-30 19:48:00+02:00,2026-09-30 19:49:06+02:00,2026-09-30,19,Wednesday,False,13.428216666666666
20260930_173430,2026-09-30 17:34:34.307000+00:00,Genève,rail,ch:1:sloid:1008,Genève,ch:1:sloid:1008:2:2,2026-09-30,ch:1:sjyid:100001:18432-001,rail,RegioExpress,RE33,RE33,18432,St-Maurice,Annemasse,2,1,2026-09-30 17:53:00+00:00,,,False,,2026-09-30 19:34:34.307000+02:00,2026-09-30 19:53:00+02:00,,2026-09-30,19,Wednesday,False,18.428216666666668
20260930_173430,2026-09-30 17:34:34.307000+00:00,Genève,rail,ch:1:sloid:1008,Genève,ch:1:sloid:1008:3:4,2026-09-30,ch:1:sjyid:100001:2537-001,rail,InterRegio,IR15,IR15,2537,Genève-Aéroport,Luzern,4,,2026-09-30 17:54:00+00:00,2026-09-30 17:54:30+00:00,,True,0.5,2026-09-30 19:34:34.307000+02:00,2026-09-30 19:54:00+02:00,2026-09-30 19:54:30+02:00,2026-09-30,19,Wednesday,False,19.428216666666668
20260930_173430,2026-09-30 17:34:34.307000+00:00,Genève,rail,ch:1:sloid:1008,Genève,ch:1:sloid:1008:2:3,2026-09-30,ch:1:sjyid:100001:1830-001,rail,InterRegio,IR90,IR90,1830,Brig,Genève-Aéroport,3,,2026-09-30 17:58:00+00:00,2026-09-30 17:58:30+00:00,,True,0.5,2026-09-30 19:34:34.307000+02:00,2026-09-30 19:58:00+02:00,2026-09-30 19:58:30+02:00,2026-09-30,19,Wednesday,False,23.428216666666668
20260930_173430,2026-09-30 17:34:34.307000+00:00,Genève,rail,ch:1:sloid:1008,Genève,ch:1:sloid:1008:1:1,2026-09-30,ch:1:sjyid:100001:23173-001,rail,Regio,RL4,RL4,23173,Annemasse,Coppet,1,,2026-09-30 18:00:00+00:00,2026-09-30 18:00:12+00:00,,True,0.2,2026-09-30 19:34:34.307000+02:00,2026-09-30 20:00:00+02:00,2026-09-30 20:00:12+02:00,2026-09-30,20,Wednesday,False,25.428216666666668
20260930_173430,2026-09-30 17:34:34.307000+00:00,Genève,rail,ch:1:sloid:1008,Genève,ch:1:sloid:1008:2:2,2026-09-30,ch:1:sjyid:100001:23174-001,rail,Regio,RL4,RL4,23174,Coppet,Annemasse,2,,2026-09-30 18:01:00+00:00,2026-09-30 18:01:42+00:00,,True,0.7,2026-09-30 19:34:34.307000+02:00,2026-09-30 20:01:00+02:00,2026-09-30 20:01:42+02:00,2026-09-30,20,Wednesday,False,26.428216666666668
20260930_173430,2026-09-30 17:34:34.307000+00:00,Genève,rail,ch:1:sloid:1008,Genève,ch:1:sloid:1008:3:6,2026-09-30,ch:1:sjyid:100001:1835-001,rail,InterRegio,IR90,IR90,1835,Genève-Aéroport,Brig,5,,2026-09-30 18:05:00+00:00,2026-09-30 18:05:30+00:00,,True,0.5,2026-09-30 19:34:34.307000+02:00,2026-09-30 20:05:00+02:00,2026-09-30 20:05:30+02:00,2026-09-30,20,Wednesday,False,30.428216666666668
20260930_173430,2026-09-30 17:34:34.307000+00:00,Genève,rail,ch:1:sloid:1008,Genève,ch:1:sloid:1008:3:4,2026-09-30,ch:1:sjyid:100001:18433-001,rail,RegioExpress,RE33,RE33,18433,Annemasse,Lausanne,4,,2026-09-30 18:08:00+00:00,2026-09-30 18:08:12+00:00,,True,0.2,2026-09-30 19:34:34.307000+02:00,2026-09-30 20:08:00+02:00,2026-09-30 20:08:12+02:00,2026-09-30,20,Wednesday,False,33.428216666666664
20260930_173430,2026-09-30 17:34:34.307000+00:00,Genève,rail,ch:1:sloid:1008,Genève,ch:1:sloid:1008:2:3,2026-09-30,ch:1:sjyid:100001:2530-001,rail,InterRegio,IR15,IR15,2530,Luzern,Genève-Aéroport,3,,2026-09-30 18:08:00+00:00,2026-09-30 18:08:30+00:00,,True,0.5,2026-09-30 19:34:34.307000+02:00,2026-09-30 20:08:00+02:00,2026-09-30 20:08:30+02:00,2026-09-30,20,Wednesday,False,33.428216666666664
20260930_173430,2026-09-30 17:34:34.307000+00:00,Genève,rail,ch:1:sloid:1008,Genève,ch:1:sloid:1008:1:1,2026-09-30,ch:1:sjyid:100001:23437-001,rail,Regio,RL2,RL2,23437,Annemasse,Coppet,1,,2026-09-30 18:15:00+00:00,2026-09-30 18:15:12+00:00,,True,0.2,2026-09-30 19:34:34.307000+02:00,2026-09-30 20:15:00+02:00,2026-09-30 20:15:12+02:00,2026-09-30,20,Wednesday,False,40.42821666666667
20260930_173430,2026-09-30 17:34:34.307000+00:00,Genève,rail,ch:1:sloid:1008,Genève,ch:1:sloid:1008:2:2,2026-09-30,ch:1:sjyid:100001:23274-001,rail,Regio,RL4,RL4,23274,Coppet,Annemasse,2,,2026-09-30 18:16:00+00:00,2026-09-30 18:16:42+00:00,,True,0.7,2026-09-30 19:34:34.307000+02:00,2026-09-30 20:16:00+02:00,2026-09-30 20:16:42+02:00,2026-09-30,20,Wednesday,False,41.42821666666667
20260930_173430,2026-09-30 17:34:34.307000+00:00,Genève,rail,ch:1:sloid:1008,Genève,ch:1:sloid:1008:4:7,2026-09-30,ch:1:sjyid:100001:96760-002,rail,Regio,RL6,RL6,96760,Genève,Bellegarde-sur-Valserine,6,,2026-09-30 18:18:00+00:00,2026-09-30 18:18:12+00:00,,True,0.2,2026-09-30 19:34:34.307000+02:00,2026-09-30 20:18:00+02:00,2026-09-30 20:18:12+02:00,2026-09-30,20,Wednesday,False,43.42821666666667
20260930_173430,2026-09-30 17:34:34.307000+00:00,Genève,rail,ch:1:sloid:1008,Genève,ch:1:sloid:1008:2:2,2026-09-30,ch:1:sjyid:100001:18478-001,rail,RegioExpress,RE33,RE33,18478,Martigny,Annemasse,2,,2026-09-30 18:23:00+00:00,,,False,,2026-09-30 19:34:34.307000+02:00,2026-09-30 20:23:00+02:00,,2026-09-30,20,Wednesday,False,48.42821666666667
20260930_173430,2026-09-30 17:34:34.307000+00:00,Genève,rail,ch:1:sloid:1008,Genève,ch:1:sloid:1008:3:4,2026-09-30,ch:1:sjyid:100001:1737-002,rail,InterRegio,IR95,IR95,1737,Genève-Aéroport,Brig,4,,2026-09-30 18:24:00+00:00,2026-09-30 18:24:42+00:00,,True,0.7,2026-09-30 19:34:34.307000+02:00,2026-09-30 20:24:00+02:00,2026-09-30 20:24:42+02:00,2026-09-30,20,Wednesday,False,49.42821666666667
20260930_173430,2026-09-30 17:34:34.307000+00:00,Genève,rail,ch:1:sloid:1008,Genève,ch:1:sloid:1008:4:8,2026-09-30,ch:1:sjyid:100001:9784-002,rail,Train à grande vit.,TGV,TGV,9784,Genève,Paris Gare de Lyon,7,,2026-09-30 18:26:00+00:00,2026-09-30 18:27:00+00:00,,True,1.0,2026-09-30 19:34:34.307000+02:00,2026-09-30 20:26:00+02:00,2026-09-30 20:27:00+02:00,2026-09-30,20,Wednesday,False,51.42821666666667
20260930_173430,2026-09-30 17:34:34.307000+00:00,Genève,rail,ch:1:sloid:1008,Genève,ch:1:sloid:1008:2:3,2026-09-30,ch:1:sjyid:100001:728-001,rail,InterCity,IC1,IC1,728,St. Gallen,Genève-Aéroport,3,,2026-09-30 18:28:00+00:00,2026-09-30 18:29:12+00:00,,True,1.2,2026-09-30 19:34:34.307000+02:00,2026-09-30 20:28:00+02:00,2026-09-30 20:29:12+02:00,2026-09-30,20,Wednesday,False,53.42821666666667
20260930_173430,2026-09-30 17:34:34.307000+00:00,Genève,rail,ch:1:sloid:1008,Genève,ch:1:sloid:1008:1:1,2026-09-30,ch:1:sjyid:100001:23369-001,rail,Regio,RL1,RL1,23369,Annemasse,Coppet,1,,2026-09-30 18:30:00+00:00,2026-09-30 18:30:12+00:00,,True,0.2,2026-09-30 19:34:34.307000+02:00,2026-09-30 20:30:00+02:00,2026-09-30 20:30:12+02:00,2026-09-30,20,Wednesday,False,55.42821666666667
20260930_173430,2026-09-30 17:34:34.307000+00:00,Genève,rail,ch:1:sloid:1008,Genève,ch:1:sloid:1008:3:4,2026-09-30,ch:1:sjyid:100001:737-001,rail,InterCity,IC1,IC1,737,Genève-Aéroport,Zürich HB,4,,2026-09-30 18:35:00+00:00,2026-09-30 18:35:00+00:00,,True,0.0,2026-09-30 19:34:34.307000+02:00,2026-09-30 20:35:00+02:00,2026-09-30 20:35:00+02:00,2026-09-30,20,Wednesday,False,60.42821666666667
20260930_173430,2026-09-30 17:34:34.307000+00:00,Genève,rail,ch:1:sloid:1008,Genève,ch:1:sloid:1008:2:2,2026-09-30,ch:1:sjyid:100001:18487-004,rail,RegioExpress,RE33,RE33,18487,Annemasse,Lausanne,2,,2026-09-30 18:38:00+00:00,2026-09-30 18:38:12+00:00,,True,0.2,2026-09-30 19:34:34.307000+02:00,2026-09-30 20:38:00+02:00,2026-09-30 20:38:12+02:00,2026-09-30,20,Wednesday,False,63.42821666666667
20260930_173430,2026-09-30 17:34:34.307000+00:00,Genève,rail,ch:1:sloid:1008,Genève,ch:1:sloid:1008:2:3,2026-09-30,ch:1:sjyid:100001:1730-001,rail,InterRegio,IR95,IR95,1730,Brig,Genève-Aéroport,3,,2026-09-30 18:38:00+00:00,2026-09-30 18:38:30+00:00,,True,0.5,2026-09-30 19:34:34.307000+02:00,2026-09-30 20:38:00+02:00,2026-09-30 20:38:30+02:00,2026-09-30,20,Wednesday,False,63.42821666666667
20260930_173430,2026-09-30 17:34:34.307000+00:00,Genève,rail,ch:1:sloid:1008,Genève,ch:1:sloid:1008:1:1,2026-09-30,ch:1:sjyid:100001:23275-001,rail,Regio,RL4,RL4,23275,Annemasse,Coppet,1,,2026-09-30 18:45:00+00:00,2026-09-30 18:45:12+00:00,,True,0.2,2026-09-30 19:34:34.307000+02:00,2026-09-30 20:45:00+02:00,2026-09-30 20:45:12+02:00,2026-09-30,20,Wednesday,False,70.42821666666667
20260930_173430,2026-09-30 17:34:34.307000+00:00,Genève,rail,ch:1:sloid:1008,Genève,ch:1:sloid:1008:2:2,2026-09-30,ch:1:sjyid:100001:23440-001,rail,Regio,RL2,RL2,23440,Coppet,Annecy,2,,2026-09-30 18:46:00+00:00,2026-09-30 18:46:42+00:00,,True,0.7,2026-09-30 19:34:34.307000+02:00,2026-09-30 20:46:00+02:00,2026-09-30 20:46:42+02:00,2026-09-30,20,Wednesday,False,71.42821666666667
20260930_173430,2026-09-30 17:34:34.307000+00:00,Genève,rail,ch:1:sloid:1008,Genève,ch:1:sloid:1008:3:5,2026-09-30,ch:1:sjyid:100001:23076-002,rail,Regio,RL5,RL5,23076,Genève,La Plaine,10,,2026-09-30 18:48:00+00:00,2026-09-30 18:48:12+00:00,,True,0.2,2026-09-30 19:34:34.307000+02:00,2026-09-30 20:48:00+02:00,2026-09-30 20:48:12+02:00,2026-09-30,20,Wednesday,False,73.42821666666667
20260930_173430,2026-09-30 17:34:34.822000+00:00,Lugano,rail,ch:1:sloid:5300,Lugano,ch:1:sloid:5300:3:4,2026-09-30,ch:1:sjyid:100001:25830-001,rail,RegioExpress,RE80,RE80,25830,Chiasso,Locarno,4,,2026-09-30 17:35:00+00:00,2026-09-30 17:35:48+00:00,,True,0.8,2026-09-30 19:34:34.822000+02:00,2026-09-30 19:35:00+02:00,2026-09-30 19:35:48+02:00,2026-09-30,19,Wednesday,False,0.41963333333333336
20260930_173430,2026-09-30 17:34:34.822000+00:00,Lugano,rail,ch:1:sloid:5300,Lugano,ch:1:sloid:5300:2:2,2026-09-30,ch:1:sjyid:100001:25135-001,rail,S-Bahn,S10,S10,25135,Biasca,Como Camerlata,2,,2026-09-30 17:36:00+00:00,,,False,,2026-09-30 19:34:34.822000+02:00,2026-09-30 19:36:00+02:00,,2026-09-30,19,Wednesday,False,1.4196333333333333
20260930_173430,2026-09-30 17:34:34.822000+00:00,Lugano,rail,ch:1:sloid:5300,Lugano,ch:1:sloid:5300:1:1,2026-09-30,ch:1:sjyid:100001:25982-001,rail,S-Bahn,S90,S90,25982,Lugano,Giubiasco,1,,2026-09-30 17:38:00+00:00,2026-09-30 17:38:12+00:00,,True,0.2,2026-09-30 19:34:34.822000+02:00,2026-09-30 19:38:00+02:00,2026-09-30 19:38:12+02:00,2026-09-30,19,Wednesday,False,3.419633333333333
20260930_173430,2026-09-30 17:34:34.822000+00:00,Lugano,rail,ch:1:sloid:5300,Lugano,ch:1:sloid:5300:2:2,2026-09-30,ch:1:sjyid:100001:25935-001,rail,S-Bahn,S90,S90,25935,Giubiasco,Mendrisio,2,,2026-09-30 17:52:00+00:00,2026-09-30 17:52:12+00:00,,True,0.2,2026-09-30 19:34:34.822000+02:00,2026-09-30 19:52:00+02:00,2026-09-30 19:52:12+02:00,2026-09-30,19,Wednesday,False,17.419633333333334
20260930_173430,2026-09-30 17:34:34.822000+00:00,Lugano,rail,ch:1:sloid:5300,Lugano,ch:1:sloid:5300:3:4,2026-09-30,ch:1:sjyid:100001:25782-001,rail,S-Bahn,S10,S10,25782,Mendrisio,Biasca,4,,2026-09-30 17:55:00+00:00,2026-09-30 17:55:36+00:00,,True,0.6,2026-09-30 19:34:34.822000+02:00,2026-09-30 19:55:00+02:00,2026-09-30 19:55:36+02:00,2026-09-30,19,Wednesday,False,20.419633333333334
20260930_173430,2026-09-30 17:34:34.822000+00:00,Lugano,rail,ch:1:sloid:5300,Lugano,ch:1:sloid:5300:2:3,2026-09-30,ch:1:sjyid:100001:692-001,rail,InterCity,IC21,IC21,692,Lugano,Basel SBB,3,,2026-09-30 18:02:00+00:00,2026-09-30 18:02:30+00:00,,True,0.5,2026-09-30 19:34:34.822000+02:00,2026-09-30 20:02:00+02:00,2026-09-30 20:02:30+02:00,2026-09-30,20,Wednesday,False,27.419633333333334
20260930_173430,2026-09-30 17:34:34.822000+00:00,Lugano,rail,ch:1:sloid:5300,Lugano,ch:1:sloid:5300:1:1,2026-09-30,ch:1:sjyid:100001:25535-001,rail,RegioExpress,RE80,RE80,25535,Locarno,Milano Centrale,1,,2026-09-30 18:02:00+00:00,,,False,,2026-09-30 19:34:34.822000+02:00,2026-09-30 20:02:00+02:00,,2026-09-30,20,Wednesday,False,27.419633333333334
20260930_173430,2026-09-30 17:34:34.822000+00:00,Lugano,rail,ch:1:sloid:5300,Lugano,ch:1:sloid:5300:3:4,2026-09-30,ch:1:sjyid:100001:25530-001,rail,RegioExpress,RE80,RE80,25530,Milano Centrale,Locarno,4,,2026-09-30 18:05:00+00:00,2026-09-30 18:05:12+00:00,,True,0.2,2026-09-30 19:34:34.822000+02:00,2026-09-30 20:05:00+02:00,2026-09-30 20:05:12+02:00,2026-09-30,20,Wednesday,False,30.419633333333334
20260930_173430,2026-09-30 17:34:34.822000+00:00,Lugano,rail,ch:1:sloid:5300,Lugano,ch:1:sloid:5300:1:1,2026-09-30,ch:1:sjyid:100001:25785-001,rail,S-Bahn,S10,S10,25785,Biasca,Como S. Giovanni/Malpensa Aeroporto T2,1,,2026-09-30 18:06:00+00:00,2026-09-30 18:06:12+00:00,,True,0.2,2026-09-30 19:34:34.822000+02:00,2026-09-30 20:06:00+02:00,2026-09-30 20:06:12+02:00,2026-09-30,20,Wednesday,False,31.419633333333334
20260930_173430,2026-09-30 17:34:34.822000+00:00,Lugano,rail,ch:1:sloid:5300,Lugano,ch:1:sloid:5300:2:3,2026-09-30,ch:1:sjyid:100001:25936-001,rail,S-Bahn,S90,S90,25936,Mendrisio,Giubiasco,3,,2026-09-30 18:08:00+00:00,2026-09-30 18:08:12+00:00,,True,0.2,2026-09-30 19:34:34.822000+02:00,2026-09-30 20:08:00+02:00,2026-09-30 20:08:12+02:00,2026-09-30,20,Wednesday,False,33.41963333333334
20260930_173430,2026-09-30 17:34:34.822000+00:00,Lugano,rail,ch:1:sloid:5300,Lugano,ch:1:sloid:5300:3:4,2026-09-30,ch:1:sjyid:100001:25136-001,rail,S-Bahn,S10,S10,25136,Como Camerlata,Biasca,4,,2026-09-30 18:25:00+00:00,2026-09-30 18:25:24+00:00,,True,0.4,2026-09-30 19:34:34.822000+02:00,2026-09-30 20:25:00+02:00,2026-09-30 20:25:24+02:00,2026-09-30,20,Wednesday,False,50.41963333333333
20260930_173430,2026-09-30 17:34:34.822000+00:00,Lugano,rail,ch:1:sloid:5300,Lugano,ch:1:sloid:5300:2:2,2026-09-30,ch:1:sjyid:100001:25837-001,rail,RegioExpress,RE80,RE80,25837,Locarno,Chiasso,2,,2026-09-30 18:25:00+00:00,2026-09-30 18:25:12+00:00,,True,0.2,2026-09-30 19:34:34.822000+02:00,2026-09-30 20:25:00+02:00,2026-09-30 20:25:12+02:00,2026-09-30,20,Wednesday,False,50.41963333333333
20260930_173430,2026-09-30 17:34:34.822000+00:00,Lugano,rail,ch:1:sloid:5300,Lugano,ch:1:sloid:5300:2:3,2026-09-30,ch:1:sjyid:100001:26-004,rail,EuroCity,EC,EC,26,Como S. Giovanni,Zürich HB,3,,2026-09-30 18:30:00+00:00,2026-09-30 18:31:00+00:00,,True,1.0,2026-09-30 19:34:34.822000+02:00,2026-09-30 20:30:00+02:00,2026-09-30 20:31:00+02:00,2026-09-30,20,Wednesday,False,55.41963333333333
20260930_173430,2026-09-30 17:34:34.822000+00:00,Lugano,rail,ch:1:sloid:5300,Lugano,ch:1:sloid:5300:2:2,2026-09-30,ch:1:sjyid:100001:27-003,rail,EuroCity,EC,EC,27,Zürich HB,Milano Centrale,2,,2026-09-30 18:30:00+00:00,,,False,,2026-09-30 19:34:34.822000+02:00,2026-09-30 20:30:00+02:00,,2026-09-30,20,Wednesday,False,55.41963333333333
20260930_173430,2026-09-30 17:34:34.822000+00:00,Lugano,rail,ch:1:sloid:5300,Lugano,ch:1:sloid:5300:3:4,2026-09-30,ch:1:sjyid:100001:25832-001,rail,RegioExpress,RE80,RE80,25832,Chiasso,Locarno,4,,2026-09-30 18:35:00+00:00,2026-09-30 18:35:48+00:00,,True,0.8,2026-09-30 19:34:34.822000+02:00,2026-09-30 20:35:00+02:00,2026-09-30 20:35:48+02:00,2026-09-30,20,Wednesday,False,60.41963333333333
20260930_173430,2026-09-30 17:34:34.822000+00:00,Lugano,rail,ch:1:sloid:5300,Lugano,ch:1:sloid:5300:2:2,2026-09-30,ch:1:sjyid:100001:25137-001,rail,S-Bahn,S10,S10,25137,Biasca,Como Camerlata,2,,2026-09-30 18:36:00+00:00,,,False,,2026-09-30 19:34:34.822000+02:00,2026-09-30 20:36:00+02:00,,2026-09-30,20,Wednesday,False,61.41963333333333
20260930_173430,2026-09-30 17:34:34.822000+00:00,Lugano,rail,ch:1:sloid:5300,Lugano,ch:1:sloid:5300:1:1,2026-09-30,ch:1:sjyid:100001:25984-001,rail,S-Bahn,S90,S90,25984,Lugano,Giubiasco,1,,2026-09-30 18:38:00+00:00,2026-09-30 18:38:12+00:00,,True,0.2,2026-09-30 19:34:34.822000+02:00,2026-09-30 20:38:00+02:00,2026-09-30 20:38:12+02:00,2026-09-30,20,Wednesday,False,63.41963333333333
20260930_173430,2026-09-30 17:34:34.822000+00:00,Lugano,rail,ch:1:sloid:5300,Lugano,ch:1:sloid:5300:2:2,2026-09-30,ch:1:sjyid:100001:25937-001,rail,S-Bahn,S90,S90,25937,Giubiasco,Mendrisio,2,,2026-09-30 18:52:00+00:00,2026-09-30 18:52:12+00:00,,True,0.2,2026-09-30 19:34:34.822000+02:00,2026-09-30 20:52:00+02:00,2026-09-30 20:52:12+02:00,2026-09-30,20,Wednesday,False,77.41963333333334
20260930_173430,2026-09-30 17:34:34.822000+00:00,Lugano,rail,ch:1:sloid:5300,Lugano,ch:1:sloid:5300:3:4,2026-09-30,ch:1:sjyid:100001:25784-001,rail,S-Bahn,S10,S10,25784,Mendrisio,Biasca,4,,2026-09-30 18:55:00+00:00,2026-09-30 18:55:36+00:00,,True,0.6,2026-09-30 19:34:34.822000+02:00,2026-09-30 20:55:00+02:00,2026-09-30 20:55:36+02:00,2026-09-30,20,Wednesday,False,80.41963333333334
20260930_173430,2026-09-30 17:34:34.822000+00:00,Lugano,rail,ch:1:sloid:5300,Lugano,ch:1:sloid:5300:2:3,2026-09-30,ch:1:sjyid:100001:894-001,rail,InterCity,IC2,IC2,894,Lugano,Zürich HB,3,,2026-09-30 19:02:00+00:00,2026-09-30 19:02:30+00:00,,True,0.5,2026-09-30 19:34:34.822000+02:00,2026-09-30 21:02:00+02:00,2026-09-30 21:02:30+02:00,2026-09-30,21,Wednesday,False,87.41963333333334
20260930_173430,2026-09-30 17:34:34.822000+00:00,Lugano,rail,ch:1:sloid:5300,Lugano,ch:1:sloid:5300:1:1,2026-09-30,ch:1:sjyid:100001:25537-001,rail,RegioExpress,RE80,RE80,25537,Locarno,Milano Centrale,1,,2026-09-30 19:02:00+00:00,,,False,,2026-09-30 19:34:34.822000+02:00,2026-09-30 21:02:00+02:00,,2026-09-30,21,Wednesday,False,87.41963333333334
20260930_173430,2026-09-30 17:34:34.822000+00:00,Lugano,rail,ch:1:sloid:5300,Lugano,ch:1:sloid:5300:3:4,2026-09-30,ch:1:sjyid:100001:25532-001,rail,RegioExpress,RE80,RE80,25532,Milano Centrale,Locarno,4,,2026-09-30 19:05:00+00:00,2026-09-30 19:05:12+00:00,,True,0.2,2026-09-30 19:34:34.822000+02:00,2026-09-30 21:05:00+02:00,2026-09-30 21:05:12+02:00,2026-09-30,21,Wednesday,False,90.41963333333334
20260930_173430,2026-09-30 17:34:34.822000+00:00,Lugano,rail,ch:1:sloid:5300,Lugano,ch:1:sloid:5300:1:1,2026-09-30,ch:1:sjyid:100001:25787-001,rail,S-Bahn,S10,S10,25787,Biasca,Milano Porta Garibaldi/Busto Arsizio,1,,2026-09-30 19:06:00+00:00,2026-09-30 19:06:12+00:00,,True,0.2,2026-09-30 19:34:34.822000+02:00,2026-09-30 21:06:00+02:00,2026-09-30 21:06:12+02:00,2026-09-30,21,Wednesday,False,91.41963333333334
20260930_173430,2026-09-30 17:34:34.822000+00:00,Lugano,rail,ch:1:sloid:5300,Lugano,ch:1:sloid:5300:2:3,2026-09-30,ch:1:sjyid:100001:25938-001,rail,S-Bahn,S90,S90,25938,Mendrisio,Giubiasco,3,,2026-09-30 19:08:00+00:00,2026-09-30 19:08:12+00:00,,True,0.2,2026-09-30 19:34:34.822000+02:00,2026-09-30 21:08:00+02:00,2026-09-30 21:08:12+02:00,2026-09-30,21,Wednesday,False,93.41963333333334
20260930_173430,2026-09-30 17:34:34.822000+00:00,Lugano,rail,ch:1:sloid:5300,Lugano,ch:1:sloid:5300:2:3,2026-09-30,ch:1:sjyid:100001:25138-001,rail,S-Bahn,S10,S10,25138,Como Camerlata,Biasca,3,,2026-09-30 19:25:00+00:00,2026-09-30 19:25:24+00:00,,True,0.4,2026-09-30 19:34:34.822000+02:00,2026-09-30 21:25:00+02:00,2026-09-30 21:25:24+02:00,2026-09-30,21,Wednesday,False,110.41963333333334
20260930_173430,2026-09-30 17:34:34.822000+00:00,Lugano,rail,ch:1:sloid:5300,Lugano,ch:1:sloid:5300:2:3,2026-09-30,ch:1:sjyid:100001:28-003,rail,EuroCity,EC,EC,28,Como S. Giovanni,Zürich HB,3,,2026-09-30 19:30:00+00:00,2026-09-30 19:31:12+00:00,,True,1.2,2026-09-30 19:34:34.822000+02:00,2026-09-30 21:30:00+02:00,2026-09-30 21:31:12+02:00,2026-09-30,21,Wednesday,False,115.41963333333334
20260930_173430,2026-09-30 17:34:34.822000+00:00,Lugano,rail,ch:1:sloid:5300,Lugano,ch:1:sloid:5300:2:2,2026-09-30,ch:1:sjyid:100001:29-002,rail,EuroCity,EC,EC,29,Zürich HB,Milano Centrale,2,,2026-09-30 19:30:00+00:00,,,False,,2026-09-30 19:34:34.822000+02:00,2026-09-30 21:30:00+02:00,,2026-09-30,21,Wednesday,False,115.41963333333334
20260930_173430,2026-09-30 17:34:34.822000+00:00,Lugano,rail,ch:1:sloid:5300,Lugano,ch:1:sloid:5300:1:1,2026-09-30,ch:1:sjyid:100001:25834-001,rail,RegioExpress,RE80,RE80,25834,Lugano,Locarno,1,,2026-09-30 19:35:00+00:00,,,False,,2026-09-30 19:34:34.822000+02:00,2026-09-30 21:35:00+02:00,,2026-09-30,21,Wednesday,False,120.41963333333334
20260930_173430,2026-09-30 17:34:34.822000+00:00,Lugano,rail,ch:1:sloid:5300,Lugano,ch:1:sloid:5300:2:2,2026-09-30,ch:1:sjyid:100001:25139-001,rail,S-Bahn,S10,S10,25139,Biasca,Como Camerlata,2,,2026-09-30 19:36:00+00:00,,,False,,2026-09-30 19:34:34.822000+02:00,2026-09-30 21:36:00+02:00,,2026-09-30,21,Wednesday,False,121.41963333333334
20260930_173430,2026-09-30 17:34:34.822000+00:00,Lugano,rail,ch:1:sloid:5300,Lugano,ch:1:sloid:5300:3:4,2026-09-30,ch:1:sjyid:100001:25986-001,rail,S-Bahn,S90,S90,25986,Lugano,Giubiasco,4,,2026-09-30 19:38:00+00:00,,,False,,2026-09-30 19:34:34.822000+02:00,2026-09-30 21:38:00+02:00,,2026-09-30,21,Wednesday,False,123.41963333333334
20260930_173430,2026-09-30 17:34:35.289000+00:00,Zürich,local,ch:1:sloid:87348,"Zürich, Bahnhofplatz/HB",ch:1:sloid:87348,2026-09-30,ch:1:sjyid:100648:plan:0ab87fb9-c034-418f-b307-0e6fd769eb62,bus,Bus,31,31,48384,"Zürich, Hermetschloo",Kienastenwies,,,2026-09-30 17:35:12+00:00,2026-09-30 17:37:00+00:00,,True,1.8,2026-09-30 19:34:35.289000+02:00,2026-09-30 19:35:12+02:00,2026-09-30 19:37:00+02:00,2026-09-30,19,Wednesday,False,0.61185
20260930_173430,2026-09-30 17:34:35.289000+00:00,Zürich,local,ch:1:sloid:87348,"Zürich, Bahnhofplatz/HB",ch:1:sloid:87348::1,2026-09-30,ch:1:sjyid:100648:plan:d6b0b9fb-624e-4704-8589-3cb0da6c0c93,tram,Tram,14,14,42214,"Zürich, Bahnhofplatz/HB",Triemli,,,2026-09-30 17:36:36+00:00,2026-09-30 17:36:36+00:00,,True,0.0,2026-09-30 19:34:35.289000+02:00,2026-09-30 19:36:36+02:00,2026-09-30 19:36:36+02:00,2026-09-30,19,Wednesday,False,2.01185
20260930_173430,2026-09-30 17:34:35.289000+00:00,Zürich,local,ch:1:sloid:87348,"Zürich, Bahnhofplatz/HB",ch:1:sloid:87348::11,2026-09-30,ch:1:sjyid:100648:plan:e7774bfd-1824-4b31-bb08-95e3d72e5304,bus,Bus,31,31,48390,"Zürich, Kienastenwies",Hermetschloo,,,2026-09-30 17:36:00+00:00,2026-09-30 17:34:42+00:00,,True,-1.3,2026-09-30 19:34:35.289000+02:00,2026-09-30 19:36:00+02:00,2026-09-30 19:34:42+02:00,2026-09-30,19,Wednesday,False,1.41185
20260930_173430,2026-09-30 17:34:35.289000+00:00,Zürich,local,ch:1:sloid:87348,"Zürich, Bahnhofplatz/HB",ch:1:sloid:87348::0,2026-09-30,ch:1:sjyid:100648:plan:987f8799-c830-4c07-9877-64f995850a73,tram,Tram,3,3,41385,"Zürich, Albisrieden",Klusplatz,,,2026-09-30 17:39:54+00:00,2026-09-30 17:40:42+00:00,,True,0.8,2026-09-30 19:34:35.289000+02:00,2026-09-30 19:39:54+02:00,2026-09-30 19:40:42+02:00,2026-09-30,19,Wednesday,False,5.311850000000001
20260930_173430,2026-09-30 17:34:35.289000+00:00,Zürich,local,ch:1:sloid:87348,"Zürich, Bahnhofplatz/HB",ch:1:sloid:87348::1,2026-09-30,ch:1:sjyid:100648:plan:b73a21c4-ddcf-43f1-9411-ccefc25f5a4e,tram,Tram,3,3,41765,"Zürich, Klusplatz",Albisrieden,,,2026-09-30 17:39:24+00:00,2026-09-30 17:40:00+00:00,,True,0.6,2026-09-30 19:34:35.289000+02:00,2026-09-30 19:39:24+02:00,2026-09-30 19:40:00+02:00,2026-09-30,19,Wednesday,False,4.811850000000001
20260930_173430,2026-09-30 17:34:35.289000+00:00,Zürich,local,ch:1:sloid:87348,"Zürich, Bahnhofplatz/HB",ch:1:sloid:87348,2026-09-30,ch:1:sjyid:100648:plan:a96c4e0c-9f0b-4260-b765-58f0e2db70d6,bus,Bus,31,31,48836,"Zürich, Hermetschloo",Kienastenwies,,,2026-09-30 17:42:42+00:00,2026-09-30 17:44:00+00:00,,True,1.3,2026-09-30 19:34:35.289000+02:00,2026-09-30 19:42:42+02:00,2026-09-30 19:44:00+02:00,2026-09-30,19,Wednesday,False,8.11185
20260930_173430,2026-09-30 17:34:35.289000+00:00,Zürich,local,ch:1:sloid:87348,"Zürich, Bahnhofplatz/HB",ch:1:sloid:87348::11,2026-09-30,ch:1:sjyid:100648:plan:eb72996b-7a8b-46f4-869c-f644c1bb7ccd,bus,Bus,31,31,48854,"Zürich, Kienastenwies",Hermetschloo,,,2026-09-30 17:43:30+00:00,2026-09-30 17:43:18+00:00,,True,-0.2,2026-09-30 19:34:35.289000+02:00,2026-09-30 19:43:30+02:00,2026-09-30 19:43:18+02:00,2026-09-30,19,Wednesday,False,8.91185
20260930_173430,2026-09-30 17:34:35.289000+00:00,Zürich,local,ch:1:sloid:87348,"Zürich, Bahnhofplatz/HB",ch:1:sloid:87348::1,2026-09-30,ch:1:sjyid:100648:plan:5a18f9c9-d5b0-43c0-a957-42c88b883c43,tram,Tram,14,14,42583,"Zürich, Bahnhofplatz/HB",Triemli,,,2026-09-30 17:44:06+00:00,2026-09-30 17:44:36+00:00,,True,0.5,2026-09-30 19:34:35.289000+02:00,2026-09-30 19:44:06+02:00,2026-09-30 19:44:36+02:00,2026-09-30,19,Wednesday,False,9.51185
20260930_173430,2026-09-30 17:34:35.289000+00:00,Zürich,local,ch:1:sloid:87348,"Zürich, Bahnhofplatz/HB",ch:1:sloid:87348::0,2026-09-30,ch:1:sjyid:100648:plan:805442dd-761b-4346-b1db-504abc662688,tram,Tram,6,6,42624,"Zürich, Bahnhofplatz/HB",Zoo,,,2026-09-30 17:45:00+00:00,2026-09-30 17:45:30+00:00,,True,0.5,2026-09-30 19:34:35.289000+02:00,2026-09-30 19:45:00+02:00,2026-09-30 19:45:30+02:00,2026-09-30,19,Wednesday,False,10.41185
20260930_173430,2026-09-30 17:34:35.289000+00:00,Zürich,local,ch:1:sloid:87348,"Zürich, Bahnhofplatz/HB",ch:1:sloid:87348::1,2026-09-30,ch:1:sjyid:100648:plan:4b13639f-2d46-4c04-ac36-48f577f4bbd3,tram,Tram,3,3,42137,"Zürich, Klusplatz",Albisrieden,,,2026-09-30 17:46:54+00:00,2026-09-30 17:46:54+00:00,,True,0.0,2026-09-30 19:34:35.289000+02:00,2026-09-30 19:46:54+02:00,2026-09-30 19:46:54+02:00,2026-09-30,19,Wednesday,False,12.31185
20260930_173430,2026-09-30 17:34:35.289000+00:00,Zürich,local,ch:1:sloid:87348,"Zürich, Bahnhofplatz/HB",ch:1:sloid:87348::0,2026-09-30,ch:1:sjyid:100648:plan:1e98ec88-f33c-40a3-ac5c-3fb412c9d76f,tram,Tram,3,3,41770,"Zürich, Albisrieden",Klusplatz,,,2026-09-30 17:47:24+00:00,2026-09-30 17:46:54+00:00,,True,-0.5,2026-09-30 19:34:35.289000+02:00,2026-09-30 19:47:24+02:00,2026-09-30 19:46:54+02:00,2026-09-30,19,Wednesday,False,12.81185
20260930_173430,2026-09-30 17:34:35.289000+00:00,Zürich,local,ch:1:sloid:87348,"Zürich, Bahnhofplatz/HB",ch:1:sloid:87348,2026-09-30,ch:1:sjyid:100648:plan:32777855-72dd-4e6e-8a02-7e988a5eb57b,bus,Bus,31,31,49244,"Zürich, Hermetschloo",Kienastenwies,,,2026-09-30 17:50:12+00:00,2026-09-30 17:50:42+00:00,,True,0.5,2026-09-30 19:34:35.289000+02:00,2026-09-30 19:50:12+02:00,2026-09-30 19:50:42+02:00,2026-09-30,19,Wednesday,False,15.61185
20260930_173430,2026-09-30 17:34:35.289000+00:00,Zürich,local,ch:1:sloid:87348,"Zürich, Bahnhofplatz/HB",ch:1:sloid:87348::1,2026-09-30,ch:1:sjyid:100648:plan:cf78d04f-aebb-4629-9468-779ab4d3156b,tram,Tram,14,14,42996,"Zürich, Bahnhofplatz/HB",Triemli,,,2026-09-30 17:51:36+00:00,,,False,,2026-09-30 19:34:35.289000+02:00,2026-09-30 19:51:36+02:00,,2026-09-30,19,Wednesday,False,17.01185
20260930_173430,2026-09-30 17:34:35.289000+00:00,Zürich,local,ch:1:sloid:87348,"Zürich, Bahnhofplatz/HB",ch:1:sloid:87348::11,2026-09-30,ch:1:sjyid:100648:plan:bc762a5f-2361-459f-9481-8d3018151ba0,bus,Bus,31,31,49250,"Zürich, Kienastenwies",Hermetschloo,,,2026-09-30 17:51:00+00:00,2026-09-30 17:51:00+00:00,,True,0.0,2026-09-30 19:34:35.289000+02:00,2026-09-30 19:51:00+02:00,2026-09-30 19:51:00+02:00,2026-09-30,19,Wednesday,False,16.41185
20260930_173430,2026-09-30 17:34:35.289000+00:00,Zürich,local,ch:1:sloid:87348,"Zürich, Bahnhofplatz/HB",ch:1:sloid:87348::0,2026-09-30,ch:1:sjyid:100648:plan:784a5216-aee1-4b5a-91c3-659059b15163,tram,Tram,6,6,43040,"Zürich, Bahnhofplatz/HB",Zoo,,,2026-09-30 17:52:30+00:00,2026-09-30 17:52:30+00:00,,True,0.0,2026-09-30 19:34:35.289000+02:00,2026-09-30 19:52:30+02:00,2026-09-30 19:52:30+02:00,2026-09-30,19,Wednesday,False,17.91185
20260930_173430,2026-09-30 17:34:35.289000+00:00,Zürich,local,ch:1:sloid:87348,"Zürich, Bahnhofplatz/HB",ch:1:sloid:87348::0,2026-09-30,ch:1:sjyid:100648:plan:9abcf6e7-6edb-4afd-81a8-0f24b2d70a04,tram,Tram,3,3,42144,"Zürich, Albisrieden",Klusplatz,,,2026-09-30 17:54:54+00:00,2026-09-30 17:54:54+00:00,,True,0.0,2026-09-30 19:34:35.289000+02:00,2026-09-30 19:54:54+02:00,2026-09-30 19:54:54+02:00,2026-09-30,19,Wednesday,False,20.31185
20260930_173430,2026-09-30 17:34:35.289000+00:00,Zürich,local,ch:1:sloid:87348,"Zürich, Bahnhofplatz/HB",ch:1:sloid:87348::1,2026-09-30,ch:1:sjyid:100648:plan:b8551b86-200f-42a0-995e-459ec709b222,tram,Tram,3,3,42525,"Zürich, Klusplatz",Albisrieden,,,2026-09-30 17:54:24+00:00,2026-09-30 17:54:24+00:00,,True,0.0,2026-09-30 19:34:35.289000+02:00,2026-09-30 19:54:24+02:00,2026-09-30 19:54:24+02:00,2026-09-30,19,Wednesday,False,19.81185
20260930_173430,2026-09-30 17:34:35.289000+00:00,Zürich,local,ch:1:sloid:87348,"Zürich, Bahnhofplatz/HB",ch:1:sloid:87348,2026-09-30,ch:1:sjyid:100648:plan:2e5cb155-8227-44b9-b4df-17090c031d1c,bus,Bus,31,31,49705,"Zürich, Hermetschloo",Kienastenwies,,,2026-09-30 17:57:42+00:00,2026-09-30 17:57:42+00:00,,True,0.0,2026-09-30 19:34:35.289000+02:00,2026-09-30 19:57:42+02:00,2026-09-30 19:57:42+02:00,2026-09-30,19,Wednesday,False,23.11185
20260930_173430,2026-09-30 17:34:35.289000+00:00,Zürich,local,ch:1:sloid:87348,"Zürich, Bahnhofplatz/HB",ch:1:sloid:87348::11,2026-09-30,ch:1:sjyid:100648:plan:a0f565e2-da5d-4c4e-bd3a-11aea04b9321,bus,Bus,31,31,49718,"Zürich, Kienastenwies",Hermetschloo,,,2026-09-30 17:58:30+00:00,2026-09-30 17:58:30+00:00,,True,0.0,2026-09-30 19:34:35.289000+02:00,2026-09-30 19:58:30+02:00,2026-09-30 19:58:30+02:00,2026-09-30,19,Wednesday,False,23.91185
20260930_173430,2026-09-30 17:34:35.289000+00:00,Zürich,local,ch:1:sloid:87348,"Zürich, Bahnhofplatz/HB",ch:1:sloid:87348::1,2026-09-30,ch:1:sjyid:100648:plan:4dfa7d1e-a812-4b5c-aa0e-91fd7f1e35d4,tram,Tram,14,14,43393,"Zürich, Bahnhofplatz/HB",Triemli,,,2026-09-30 17:59:06+00:00,2026-09-30 17:59:06+00:00,,True,0.0,2026-09-30 19:34:35.289000+02:00,2026-09-30 19:59:06+02:00,2026-09-30 19:59:06+02:00,2026-09-30,19,Wednesday,False,24.51185
20260930_173430,2026-09-30 17:34:35.289000+00:00,Zürich,local,ch:1:sloid:87348,"Zürich, Bahnhofplatz/HB",ch:1:sloid:87348::0,2026-09-30,ch:1:sjyid:100648:plan:93174041-e8d6-46d0-ab76-bfddfc43e977,tram,Tram,6,6,43440,"Zürich, Bahnhofplatz/HB",Zoo,,,2026-09-30 18:00:00+00:00,2026-09-30 18:00:00+00:00,,True,0.0,2026-09-30 19:34:35.289000+02:00,2026-09-30 20:00:00+02:00,2026-09-30 20:00:00+02:00,2026-09-30,20,Wednesday,False,25.41185
20260930_173430,2026-09-30 17:34:35.289000+00:00,Zürich,local,ch:1:sloid:87348,"Zürich, Bahnhofplatz/HB",ch:1:sloid:87348::11,2026-09-30,ch:1:sjyid:100648:plan:3a00b819-2a9c-434d-a3e1-46689b306b07,bus,Bus,31,31,49888,"Zürich, Kienastenwies",Herdernstrasse,,,2026-09-30 18:00:30+00:00,2026-09-30 18:00:30+00:00,,True,0.0,2026-09-30 19:34:35.289000+02:00,2026-09-30 20:00:30+02:00,2026-09-30 20:00:30+02:00,2026-09-30,20,Wednesday,False,25.91185
20260930_173430,2026-09-30 17:34:35.289000+00:00,Zürich,local,ch:1:sloid:87348,"Zürich, Bahnhofplatz/HB",ch:1:sloid:87348::1,2026-09-30,ch:1:sjyid:100648:plan:68d34959-8018-428c-966b-d31613475273,tram,Tram,3,3,42931,"Zürich, Klusplatz",Albisrieden,,,2026-09-30 18:01:54+00:00,2026-09-30 18:01:54+00:00,,True,0.0,2026-09-30 19:34:35.289000+02:00,2026-09-30 20:01:54+02:00,2026-09-30 20:01:54+02:00,2026-09-30,20,Wednesday,False,27.31185
20260930_173430,2026-09-30 17:34:35.289000+00:00,Zürich,local,ch:1:sloid:87348,"Zürich, Bahnhofplatz/HB",ch:1:sloid:87348::0,2026-09-30,ch:1:sjyid:100648:plan:5811f353-0b47-4d24-a6ae-8bc1b2347e59,tram,Tram,3,3,42533,"Zürich, Albisrieden",Klusplatz,,,2026-09-30 18:02:24+00:00,2026-09-30 18:02:24+00:00,,True,0.0,2026-09-30 19:34:35.289000+02:00,2026-09-30 20:02:24+02:00,2026-09-30 20:02:24+02:00,2026-09-30,20,Wednesday,False,27.81185
20260930_173430,2026-09-30 17:34:35.289000+00:00,Zürich,local,ch:1:sloid:87348,"Zürich, Bahnhofplatz/HB",ch:1:sloid:87348,2026-09-30,ch:1:sjyid:100648:plan:2b4fc6fa-a551-4697-83c1-e40783755511,bus,Bus,31,31,50142,"Zürich, Hermetschloo",Kienastenwies,,,2026-09-30 18:05:12+00:00,2026-09-30 18:05:12+00:00,,True,0.0,2026-09-30 19:34:35.289000+02:00,2026-09-30 20:05:12+02:00,2026-09-30 20:05:12+02:00,2026-09-30,20,Wednesday,False,30.61185
20260930_173430,2026-09-30 17:34:35.289000+00:00,Zürich,local,ch:1:sloid:87348,"Zürich, Bahnhofplatz/HB",ch:1:sloid:87348::1,2026-09-30,ch:1:sjyid:100648:plan:3730ad1d-7278-4abc-bf22-c76bd101d4dd,tram,Tram,15,15,42887,"Zürich Tiefenbrunnen, Bahnhof",Bahnhof Wiedikon,,,2026-09-30 18:05:54+00:00,2026-09-30 18:05:54+00:00,,True,0.0,2026-09-30 19:34:35.289000+02:00,2026-09-30 20:05:54+02:00,2026-09-30 20:05:54+02:00,2026-09-30,20,Wednesday,False,31.31185
20260930_173430,2026-09-30 17:34:35.289000+00:00,Zürich,local,ch:1:sloid:87348,"Zürich, Bahnhofplatz/HB",ch:1:sloid:87348::1,2026-09-30,ch:1:sjyid:100648:plan:d0d4b153-76fb-4b91-91a1-c82a6c4982e5,tram,Tram,14,14,43766,"Zürich, Bahnhofplatz/HB",Triemli,,,2026-09-30 18:06:30+00:00,2026-09-30 18:06:30+00:00,,True,0.0,2026-09-30 19:34:35.289000+02:00,2026-09-30 20:06:30+02:00,2026-09-30 20:06:30+02:00,2026-09-30,20,Wednesday,False,31.91185
20260930_173430,2026-09-30 17:34:35.289000+00:00,Zürich,local,ch:1:sloid:87348,"Zürich, Bahnhofplatz/HB",ch:1:sloid:87348::11,2026-09-30,ch:1:sjyid:100648:plan:93d85c7c-0359-4193-bbb6-cb36b289cbdd,bus,Bus,31,31,50148,"Zürich, Kienastenwies",Hermetschloo,,,2026-09-30 18:06:00+00:00,2026-09-30 18:06:00+00:00,,True,0.0,2026-09-30 19:34:35.289000+02:00,2026-09-30 20:06:00+02:00,2026-09-30 20:06:00+02:00,2026-09-30,20,Wednesday,False,31.41185
20260930_173430,2026-09-30 17:34:35.289000+00:00,Zürich,local,ch:1:sloid:87348,"Zürich, Bahnhofplatz/HB",ch:1:sloid:87348::0,2026-09-30,ch:1:sjyid:100648:plan:95eb9cf7-dd00-462a-9dbb-0908e9c53eb5,tram,Tram,6,6,43817,"Zürich, Bahnhofplatz/HB",Zoo,,,2026-09-30 18:07:24+00:00,2026-09-30 18:07:24+00:00,,True,0.0,2026-09-30 19:34:35.289000+02:00,2026-09-30 20:07:24+02:00,2026-09-30 20:07:24+02:00,2026-09-30,20,Wednesday,False,32.81185
20260930_173430,2026-09-30 17:34:35.777000+00:00,Bern,local,ch:1:sloid:76646,"Bern, Bahnhof",ch:1:sloid:76646:0:19,2026-09-30,ch:1:sjyid:100626:plan:3d77c313-ee56-4a32-af55-d712ab2b12f2,bus,Bus,10,10,34913,"Schliern, Bus-Endstation",Ostermundigen Rüti,L,,2026-09-30 17:34:00+00:00,2026-09-30 17:34:00+00:00,,True,0.0,2026-09-30 19:34:35.777000+02:00,2026-09-30 19:34:00+02:00,2026-09-30 19:34:00+02:00,2026-09-30,19,Wednesday,False,-0.5962833333333334
20260930_173430,2026-09-30 17:34:35.777000+00:00,Bern,local,ch:1:sloid:76646,"Bern, Bahnhof",ch:1:sloid:76646:0:10,2026-09-30,ch:1:sjyid:100626:plan:e2850b73-e83a-4362-8f46-775659dc510f,tram,Tram,3,3,1816,"Bern, Bahnhof",Weissenbühl,J,,2026-09-30 17:34:00+00:00,2026-09-30 17:34:00+00:00,,True,0.0,2026-09-30 19:34:35.777000+02:00,2026-09-30 19:34:00+02:00,2026-09-30 19:34:00+02:00,2026-09-30,19,Wednesday,False,-0.5962833333333334
20260930_173430,2026-09-30 17:34:35.777000+00:00,Bern,local,ch:1:sloid:76646,"Bern, Bahnhof",ch:1:sloid:76646:0:30,2026-09-30,ch:1:sjyid:100626:plan:aa5c0db3-5138-4225-9ce7-43b199e37d82,bus,Bus,21,21,67892,"Bern, Bahnhof",Bremgarten,H,,2026-09-30 17:34:00+00:00,2026-09-30 17:34:00+00:00,,True,0.0,2026-09-30 19:34:35.777000+02:00,2026-09-30 19:34:00+02:00,2026-09-30 19:34:00+02:00,2026-09-30,19,Wednesday,False,-0.5962833333333334
20260930_173430,2026-09-30 17:34:35.777000+00:00,Bern,local,ch:1:sloid:76646,"Bern, Bahnhof",ch:1:sloid:76646:0:39,2026-09-30,ch:1:sjyid:100626:plan:3eb84ad9-0418-4940-b337-cfa177832050,tram,Tram,7,7,13257,"Bern, Bahnhof",Bümpliz,N,,2026-09-30 17:35:42+00:00,2026-09-30 17:35:42+00:00,,True,0.0,2026-09-30 19:34:35.777000+02:00,2026-09-30 19:35:42+02:00,2026-09-30 19:35:42+02:00,2026-09-30,19,Wednesday,False,1.1037166666666667
20260930_173430,2026-09-30 17:34:35.777000+00:00,Bern,local,ch:1:sloid:76646,"Bern, Bahnhof",ch:1:sloid:76646:0:7,2026-09-30,ch:1:sjyid:100626:plan:90ffa97f-661f-4061-90d2-6d61dd76123e,bus,Bus,12,12,53388,"Bern, Zentrum Paul Klee",Holligen,D,,2026-09-30 17:35:00+00:00,2026-09-30 17:35:12+00:00,,True,0.2,2026-09-30 19:34:35.777000+02:00,2026-09-30 19:35:00+02:00,2026-09-30 19:35:12+02:00,2026-09-30,19,Wednesday,False,0.40371666666666667
20260930_173430,2026-09-30 17:34:35.777000+00:00,Bern,local,ch:1:sloid:76646,"Bern, Bahnhof",ch:1:sloid:76646:0:3,2026-09-30,ch:1:sjyid:100626:plan:eb288b76-9618-435a-abcb-300e02dcd9ac,tram,Tram,9,9,28913,"Bern Wankdorf, Bahnhof",Wabern,C,,2026-09-30 17:36:00+00:00,2026-09-30 17:36:36+00:00,,True,0.6,2026-09-30 19:34:35.777000+02:00,2026-09-30 19:36:00+02:00,2026-09-30 19:36:36+02:00,2026-09-30,19,Wednesday,False,1.4037166666666667
20260930_173430,2026-09-30 17:34:35.777000+00:00,Bern,local,ch:1:sloid:76646,"Bern, Bahnhof",ch:1:sloid:76646:0:1,2026-09-30,ch:1:sjyid:100626:plan:bb27e01e-d91a-4beb-aac5-fdcc43cdfd39,tram,Tram,9,9,22572,"Wabern, Tram-Endstation",Wankdorf Bhf,B,,2026-09-30 17:36:00+00:00,2026-09-30 17:36:00+00:00,,True,0.0,2026-09-30 19:34:35.777000+02:00,2026-09-30 19:36:00+02:00,2026-09-30 19:36:00+02:00,2026-09-30,19,Wednesday,False,1.4037166666666667
20260930_173430,2026-09-30 17:34:35.777000+00:00,Bern,local,ch:1:sloid:76646,"Bern, Bahnhof",ch:1:sloid:76646:0:2,2026-09-30,ch:1:sjyid:100626:plan:8620e5bc-7951-4650-a6a5-02f88002c9f9,bus,Bus,8A,8A,77785,"Bern, Bahnhof",Saali,K2,,2026-09-30 17:37:48+00:00,2026-09-30 17:37:48+00:00,,True,0.0,2026-09-30 19:34:35.777000+02:00,2026-09-30 19:37:48+02:00,2026-09-30 19:37:48+02:00,2026-09-30,19,Wednesday,False,3.2037166666666668
20260930_173430,2026-09-30 17:34:35.777000+00:00,Bern,local,ch:1:sloid:76646,"Bern, Bahnhof",ch:1:sloid:76646:0:20,2026-09-30,ch:1:sjyid:100626:plan:fc40b51a-b772-4fff-ac89-da5b47f5c53f,bus,Bus,17,17,58019,"Bern, Bahnhof",Köniz Weiermatt,M,,2026-09-30 17:37:00+00:00,2026-09-30 17:37:00+00:00,,True,0.0,2026-09-30 19:34:35.777000+02:00,2026-09-30 19:37:00+02:00,2026-09-30 19:37:00+02:00,2026-09-30,19,Wednesday,False,2.403716666666667
20260930_173430,2026-09-30 17:34:35.777000+00:00,Bern,local,ch:1:sloid:76646,"Bern, Bahnhof",ch:1:sloid:76646:0:25,2026-09-30,ch:1:sjyid:100626:plan:30a263a8-40d0-4ca3-b13f-4509510060e4,bus,Bus,19,19,60806,"Bern, Elfenau",Blinzern,K1,,2026-09-30 17:37:00+00:00,2026-09-30 17:37:54+00:00,,True,0.9,2026-09-30 19:34:35.777000+02:00,2026-09-30 19:37:00+02:00,2026-09-30 19:37:54+02:00,2026-09-30,19,Wednesday,False,2.403716666666667
20260930_173430,2026-09-30 17:34:35.777000+00:00,Bern,local,ch:1:sloid:76646,"Bern, Bahnhof",ch:1:sloid:76646:0:10,2026-09-30,ch:1:sjyid:100626:plan:2c6ecf8a-c589-45cf-99ab-68abf0b1f80c,tram,Tram,6,6,7289,"Bern, Bahnhof",Fischermätteli,J,,2026-09-30 17:39:00+00:00,2026-09-30 17:39:00+00:00,,True,0.0,2026-09-30 19:34:35.777000+02:00,2026-09-30 19:39:00+02:00,2026-09-30 19:39:00+02:00,2026-09-30,19,Wednesday,False,4.403716666666667
20260930_173430,2026-09-30 17:34:35.777000+00:00,Bern,local,ch:1:sloid:76646,"Bern, Bahnhof",ch:1:sloid:76646:0:15,2026-09-30,ch:1:sjyid:100626:plan:98d2520b-8d69-468d-a2ba-b9a8d4f267b8,bus,Bus,20,20,66641,"Bern Wankdorf, Bahnhof",Länggasse,F,,2026-09-30 17:39:48+00:00,2026-09-30 17:39:30+00:00,,True,-0.3,2026-09-30 19:34:35.777000+02:00,2026-09-30 19:39:48+02:00,2026-09-30 19:39:30+02:00,2026-09-30,19,Wednesday,False,5.203716666666667
20260930_173430,2026-09-30 17:34:35.777000+00:00,Bern,local,ch:1:sloid:76646,"Bern, Bahnhof",ch:1:sloid:76646:0:28,2026-09-30,ch:1:sjyid:100626:plan:4dc9a5f2-56c9-4adb-adf5-fd266c75f078,bus,Bus,11,11,49386,"Bern, Bahnhof",Neufeld P+R,G,,2026-09-30 17:39:00+00:00,2026-09-30 17:39:00+00:00,,True,0.0,2026-09-30 19:34:35.777000+02:00,2026-09-30 19:39:00+02:00,2026-09-30 19:39:00+02:00,2026-09-30,19,Wednesday,False,4.403716666666667
20260930_173430,2026-09-30 17:34:35.777000+00:00,Bern,local,ch:1:sloid:76646,"Bern, Bahnhof",ch:1:sloid:76646:0:11,2026-09-30,ch:1:sjyid:100626:plan:1f413a2c-eea0-4d7f-ab3b-30b82e553373,bus,Bus,10,10,43986,"Ostermundigen, Rüti",Schliern,I,,2026-09-30 17:39:00+00:00,2026-09-30 17:39:00+00:00,,True,0.0,2026-09-30 19:34:35.777000+02:00,2026-09-30 19:39:00+02:00,2026-09-30 19:39:00+02:00,2026-09-30,19,Wednesday,False,4.403716666666667
20260930_173430,2026-09-30 17:34:35.777000+00:00,Bern,local,ch:1:sloid:76646,"Bern, Bahnhof",ch:1:sloid:76646:0:39,2026-09-30,ch:1:sjyid:100626:plan:d5d729ff-4cd8-4567-98ef-b1672df8cbea,tram,Tram,8,8,18829,"Bern, Bahnhof",Brünnen Bhf,N,,2026-09-30 17:40:48+00:00,2026-09-30 17:40:48+00:00,,True,0.0,2026-09-30 19:34:35.777000+02:00,2026-09-30 19:40:48+02:00,2026-09-30 19:40:48+02:00,2026-09-30,19,Wednesday,False,6.203716666666667
20260930_173430,2026-09-30 17:34:35.777000+00:00,Bern,local,ch:1:sloid:76646,"Bern, Bahnhof",ch:1:sloid:76646:0:5,2026-09-30,ch:1:sjyid:100626:plan:6884f231-9f4c-42fb-b1ae-4e99f80072a7,bus,Bus,12,12,50664,"Bern, Holligen",Zentrum Paul Klee,A,,2026-09-30 17:40:00+00:00,2026-09-30 17:40:30+00:00,,True,0.5,2026-09-30 19:34:35.777000+02:00,2026-09-30 19:40:00+02:00,2026-09-30 19:40:30+02:00,2026-09-30,19,Wednesday,False,5.403716666666667
20260930_173430,2026-09-30 17:34:35.777000+00:00,Bern,local,ch:1:sloid:76646,"Bern, Bahnhof",ch:1:sloid:76646:0:19,2026-09-30,ch:1:sjyid:100626:plan:7cd53bdc-e64a-4ad9-a64b-4390261c2e40,bus,Bus,10,10,34916,"Schliern, Bus-Endstation",Ostermundigen Rüti,L,,2026-09-30 17:41:00+00:00,2026-09-30 17:41:00+00:00,,True,0.0,2026-09-30 19:34:35.777000+02:00,2026-09-30 19:41:00+02:00,2026-09-30 19:41:00+02:00,2026-09-30,19,Wednesday,False,6.403716666666667
20260930_173430,2026-09-30 17:34:35.777000+00:00,Bern,local,ch:1:sloid:76646,"Bern, Bahnhof",ch:1:sloid:76646:0:25,2026-09-30,ch:1:sjyid:100626:plan:120dc60e-4242-4bb3-9728-19d4ccf5c545,bus,Bus,7A,7A,76378,"Bern, Bahnhof",Ostring,K1,,2026-09-30 17:41:00+00:00,2026-09-30 17:41:00+00:00,,True,0.0,2026-09-30 19:34:35.777000+02:00,2026-09-30 19:41:00+02:00,2026-09-30 19:41:00+02:00,2026-09-30,19,Wednesday,False,6.403716666666667
20260930_173430,2026-09-30 17:34:35.777000+00:00,Bern,local,ch:1:sloid:76646,"Bern, Bahnhof",ch:1:sloid:76646:0:13,2026-09-30,ch:1:sjyid:100626:plan:5762343a-4ea0-41a4-bbf9-6b7060397689,bus,Bus,20,20,64121,"Bern, Länggasse",Wankdorf Bhf,E,,2026-09-30 17:41:48+00:00,2026-09-30 17:41:48+00:00,,True,0.0,2026-09-30 19:34:35.777000+02:00,2026-09-30 19:41:48+02:00,2026-09-30 19:41:48+02:00,2026-09-30,19,Wednesday,False,7.203716666666667
20260930_173430,2026-09-30 17:34:35.777000+00:00,Bern,local,ch:1:sloid:76646,"Bern, Bahnhof",ch:1:sloid:76646:0:20,2026-09-30,ch:1:sjyid:100626:plan:699e44e2-41a7-4174-a0c4-3a98bf994c46,bus,Bus,19,19,58657,"Spiegel, Blinzern",Elfenau,M,,2026-09-30 17:42:00+00:00,2026-09-30 17:42:00+00:00,,True,0.0,2026-09-30 19:34:35.777000+02:00,2026-09-30 19:42:00+02:00,2026-09-30 19:42:00+02:00,2026-09-30,19,Wednesday,False,7.403716666666667
20260930_173430,2026-09-30 17:34:35.777000+00:00,Bern,local,ch:1:sloid:76646,"Bern, Bahnhof",ch:1:sloid:76646:0:2,2026-09-30,ch:1:sjyid:100626:plan:25d6fcbe-acf6-4464-93aa-b54c84849132,bus,Bus,8A,8A,77788,"Bern, Bahnhof",Saali,K2,,2026-09-30 17:42:48+00:00,2026-09-30 17:42:48+00:00,,True,0.0,2026-09-30 19:34:35.777000+02:00,2026-09-30 19:42:48+02:00,2026-09-30 19:42:48+02:00,2026-09-30,19,Wednesday,False,8.203716666666667
20260930_173430,2026-09-30 17:34:35.777000+00:00,Bern,local,ch:1:sloid:76646,"Bern, Bahnhof",ch:1:sloid:76646:0:7,2026-09-30,ch:1:sjyid:100626:plan:0925e6d8-38aa-42e8-bb31-c9a8db887552,bus,Bus,12,12,53391,"Bern, Zentrum Paul Klee",Holligen,D,,2026-09-30 17:42:00+00:00,2026-09-30 17:41:30+00:00,,True,-0.5,2026-09-30 19:34:35.777000+02:00,2026-09-30 19:42:00+02:00,2026-09-30 19:41:30+02:00,2026-09-30,19,Wednesday,False,7.403716666666667
20260930_173430,2026-09-30 17:34:35.777000+00:00,Bern,local,ch:1:sloid:76646,"Bern, Bahnhof",ch:1:sloid:76646:0:3,2026-09-30,ch:1:sjyid:100626:plan:7944b20f-7838-4344-af5c-35b6f9d9aff9,tram,Tram,9,9,28921,"Bern Wankdorf, Bahnhof",Wabern,C,,2026-09-30 17:43:30+00:00,2026-09-30 17:44:06+00:00,,True,0.6,2026-09-30 19:34:35.777000+02:00,2026-09-30 19:43:30+02:00,2026-09-30 19:44:06+02:00,2026-09-30,19,Wednesday,False,8.903716666666666
20260930_173430,2026-09-30 17:34:35.777000+00:00,Bern,local,ch:1:sloid:76646,"Bern, Bahnhof",ch:1:sloid:76646:0:1,2026-09-30,ch:1:sjyid:100626:plan:3bab6e47-7db7-4216-bae3-5aca0e659842,tram,Tram,9,9,22577,"Wabern, Tram-Endstation",Wankdorf Bhf,B,,2026-09-30 17:43:30+00:00,2026-09-30 17:43:36+00:00,,True,0.1,2026-09-30 19:34:35.777000+02:00,2026-09-30 19:43:30+02:00,2026-09-30 19:43:36+02:00,2026-09-30,19,Wednesday,False,8.903716666666666
20260930_173430,2026-09-30 17:34:35.777000+00:00,Bern,local,ch:1:sloid:76646,"Bern, Bahnhof",ch:1:sloid:76646:0:10,2026-09-30,ch:1:sjyid:100626:plan:499fc0b4-d3a6-4bcc-8aaf-82f5b0365cac,tram,Tram,3,3,1819,"Bern, Bahnhof",Weissenbühl,J,,2026-09-30 17:44:00+00:00,2026-09-30 17:44:00+00:00,,True,0.0,2026-09-30 19:34:35.777000+02:00,2026-09-30 19:44:00+02:00,2026-09-30 19:44:00+02:00,2026-09-30,19,Wednesday,False,9.403716666666666
20260930_173430,2026-09-30 17:34:35.777000+00:00,Bern,local,ch:1:sloid:76646,"Bern, Bahnhof",ch:1:sloid:76646:0:30,2026-09-30,ch:1:sjyid:100626:plan:0157b721-a227-4007-bea6-0a2bb8460fc9,bus,Bus,21,21,67896,"Bern, Bahnhof",Bremgarten,H,,2026-09-30 17:44:00+00:00,2026-09-30 17:44:00+00:00,,True,0.0,2026-09-30 19:34:35.777000+02:00,2026-09-30 19:44:00+02:00,2026-09-30 19:44:00+02:00,2026-09-30,19,Wednesday,False,9.403716666666666
20260930_173430,2026-09-30 17:34:35.777000+00:00,Bern,local,ch:1:sloid:76646,"Bern, Bahnhof",ch:1:sloid:76646:0:39,2026-09-30,ch:1:sjyid:100626:plan:7e2b7ef6-8ad4-4d74-8ead-607d56b49369,tram,Tram,7,7,13265,"Bern, Bahnhof",Bümpliz,N,,2026-09-30 17:45:42+00:00,2026-09-30 17:45:42+00:00,,True,0.0,2026-09-30 19:34:35.777000+02:00,2026-09-30 19:45:42+02:00,2026-09-30 19:45:42+02:00,2026-09-30,19,Wednesday,False,11.103716666666665
20260930_173430,2026-09-30 17:34:35.777000+00:00,Bern,local,ch:1:sloid:76646,"Bern, Bahnhof",ch:1:sloid:76646:0:15,2026-09-30,ch:1:sjyid:100626:plan:03bc0e89-8b56-4f4a-bb59-69c851db4b80,bus,Bus,20,20,66654,"Bern Wankdorf, Bahnhof",Länggasse,F,,2026-09-30 17:46:48+00:00,2026-09-30 17:46:48+00:00,,True,0.0,2026-09-30 19:34:35.777000+02:00,2026-09-30 19:46:48+02:00,2026-09-30 19:46:48+02:00,2026-09-30,19,Wednesday,False,12.203716666666667
20260930_173430,2026-09-30 17:34:35.777000+00:00,Bern,local,ch:1:sloid:76646,"Bern, Bahnhof",ch:1:sloid:76646:0:11,2026-09-30,ch:1:sjyid:100626:plan:739c8c47-ce5c-4d39-b4ad-b0c092d27230,bus,Bus,10,10,43999,"Ostermundigen, Rüti",Schliern,I,,2026-09-30 17:46:00+00:00,2026-09-30 17:46:00+00:00,,True,0.0,2026-09-30 19:34:35.777000+02:00,2026-09-30 19:46:00+02:00,2026-09-30 19:46:00+02:00,2026-09-30,19,Wednesday,False,11.403716666666666
20260930_173430,2026-09-30 17:34:35.777000+00:00,Bern,local,ch:1:sloid:76646,"Bern, Bahnhof",ch:1:sloid:76646:0:2,2026-09-30,ch:1:sjyid:100626:plan:44842aa4-fff1-471c-bb1b-9a0566d9bffb,bus,Bus,8A,8A,77790,"Bern, Bahnhof",Saali,K2,,2026-09-30 17:47:48+00:00,2026-09-30 17:47:48+00:00,,True,0.0,2026-09-30 19:34:35.777000+02:00,2026-09-30 19:47:48+02:00,2026-09-30 19:47:48+02:00,2026-09-30,19,Wednesday,False,13.203716666666667
20260930_173430,2026-09-30 17:34:36.324000+00:00,Basel,local,ch:1:sloid:78143,"Basel, Bahnhof SBB",ch:1:sloid:78143:1:32,2026-09-30,ch:1:sjyid:100622:plan:0ac366b6-bcb7-46ae-9efe-c3b96b6f7b43,tram,Tram,8,8,8230,"Weil am Rhein, Bahnhof/Zentrum","Basel, Neuweilerstrasse",E,,2026-09-30 17:10:48+00:00,2026-09-30 17:34:30+00:00,,True,23.7,2026-09-30 19:34:36.324000+02:00,2026-09-30 19:10:48+02:00,2026-09-30 19:34:30+02:00,2026-09-30,19,Wednesday,False,-23.805400000000002
20260930_173430,2026-09-30 17:34:36.324000+00:00,Basel,local,ch:1:sloid:78143,"Basel, Bahnhof SBB",ch:1:sloid:78143:1:34,2026-09-30,ch:1:sjyid:100019:plan:f6a03cb6-93f8-4875-a55e-ec8b40b08708,tram,Tram,11,11,38471,"Basel, St-Louis Grenze","Basel, Dreispitz",G,,2026-09-30 17:15:36+00:00,2026-09-30 17:38:06+00:00,,True,22.5,2026-09-30 19:34:36.324000+02:00,2026-09-30 19:15:36+02:00,2026-09-30 19:38:06+02:00,2026-09-30,19,Wednesday,False,-19.0054
20260930_173430,2026-09-30 17:34:36.324000+00:00,Basel,local,ch:1:sloid:78143,"Basel, Bahnhof SBB",ch:1:sloid:78143:1:32,2026-09-30,ch:1:sjyid:100622:plan:55973233-1cb2-4462-a1d3-c6eb9238a805,tram,Tram,8,8,8232,"Weil am Rhein, Bahnhof/Zentrum","Basel, Neuweilerstrasse",E,,2026-09-30 17:18:18+00:00,2026-09-30 17:40:30+00:00,,True,22.2,2026-09-30 19:34:36.324000+02:00,2026-09-30 19:18:18+02:00,2026-09-30 19:40:30+02:00,2026-09-30,19,Wednesday,False,-16.3054
20260930_173430,2026-09-30 17:34:36.324000+00:00,Basel,local,ch:1:sloid:78143,"Basel, Bahnhof SBB",ch:1:sloid:78143:1:34,2026-09-30,ch:1:sjyid:100019:plan:72883763-5550-4b82-8efb-ba14d4faa093,tram,Tram,11,11,38473,"Basel, St-Louis Grenze","Basel, Dreispitz",G,,2026-09-30 17:23:06+00:00,2026-09-30 17:35:06+00:00,,True,12.0,2026-09-30 19:34:36.324000+02:00,2026-09-30 19:23:06+02:00,2026-09-30 19:35:06+02:00,2026-09-30,19,Wednesday,False,-11.5054
20260930_173430,2026-09-30 17:34:36.324000+00:00,Basel,local,ch:1:sloid:78143,"Basel, Bahnhof SBB",ch:1:sloid:78143:1:34,2026-09-30,ch:1:sjyid:100019:plan:d6cf33ad-92f4-482e-84a7-15674ac0b9a6,tram,Tram,11,11,38477,"Basel, St-Louis Grenze","Basel, Dreispitz",G,,2026-09-30 17:30:36+00:00,2026-09-30 17:47:24+00:00,,True,16.8,2026-09-30 19:34:36.324000+02:00,2026-09-30 19:30:36+02:00,2026-09-30 19:47:24+02:00,2026-09-30,19,Wednesday,False,-4.0054
20260930_173430,2026-09-30 17:34:36.324000+00:00,Basel,local,ch:1:sloid:78143,"Basel, Bahnhof SBB",ch:1:sloid:78143:3:3,2026-09-30,ch:1:sjyid:100622:plan:230c21cb-aec7-4736-94bf-0cb996b57615,bus,Bus,50,50,50233,"Basel, Bahnhof SBB","Basel, EuroAirport",B,,2026-09-30 17:34:30+00:00,2026-09-30 17:35:06+00:00,,True,0.6,2026-09-30 19:34:36.324000+02:00,2026-09-30 19:34:30+02:00,2026-09-30 19:35:06+02:00,2026-09-30,19,Wednesday,False,-0.1054
20260930_173430,2026-09-30 17:34:36.324000+00:00,Basel,local,ch:1:sloid:78143,"Basel, Bahnhof SBB",ch:1:sloid:78143:3:3,2026-09-30,ch:1:sjyid:100622:plan:deb6c7e2-0789-422d-9e0e-494898e05f58,bus,Bus,30,30,30357,"Basel, Bahnhof SBB","Basel, Badischer Bahnhof",B,,2026-09-30 17:34:30+00:00,2026-09-30 17:34:30+00:00,,True,0.0,2026-09-30 19:34:36.324000+02:00,2026-09-30 19:34:30+02:00,2026-09-30 19:34:30+02:00,2026-09-30,19,Wednesday,False,-0.1054
20260930_173430,2026-09-30 17:34:36.324000+00:00,Basel,local,ch:1:sloid:78143,"Basel, Bahnhof SBB",ch:1:sloid:78143:3:5,2026-09-30,ch:1:sjyid:100622:plan:e30b5a7f-0c5a-49d8-ad3c-b78ad06f545f,bus,Bus,48,48,48147,"Basel, Bahnhof SBB","Basel, Bachgraben",A,,2026-09-30 17:34:48+00:00,2026-09-30 17:34:48+00:00,,True,0.0,2026-09-30 19:34:36.324000+02:00,2026-09-30 19:34:48+02:00,2026-09-30 19:34:48+02:00,2026-09-30,19,Wednesday,False,0.1946
20260930_173430,2026-09-30 17:34:36.324000+00:00,Basel,local,ch:1:sloid:78143,"Basel, Bahnhof SBB",ch:1:sloid:78143:1:35,2026-09-30,ch:1:sjyid:100019:plan:4d9af5ec-f285-4589-8c48-2f52df5fe0dd,tram,Tram,10,10,10470,"Dornach, Bahnhof","Rodersdorf, Station",H,,2026-09-30 17:35:00+00:00,2026-09-30 17:35:18+00:00,,True,0.3,2026-09-30 19:34:36.324000+02:00,2026-09-30 19:35:00+02:00,2026-09-30 19:35:18+02:00,2026-09-30,19,Wednesday,False,0.39459999999999995
20260930_173430,2026-09-30 17:34:36.324000+00:00,Basel,local,ch:1:sloid:78143,"Basel, Bahnhof SBB",ch:1:sloid:78143:1:32,2026-09-30,ch:1:sjyid:100622:plan:e8b65186-edc2-46c9-8157-3b253df7c2ca,tram,Tram,2,2,2242,"Basel, Eglisee","Binningen, Kronenplatz",E,,2026-09-30 17:35:54+00:00,2026-09-30 17:37:06+00:00,,True,1.2,2026-09-30 19:34:36.324000+02:00,2026-09-30 19:35:54+02:00,2026-09-30 19:37:06+02:00,2026-09-30,19,Wednesday,False,1.2946
20260930_173430,2026-09-30 17:34:36.324000+00:00,Basel,local,ch:1:sloid:78143,"Basel, Bahnhof SBB",ch:1:sloid:78143:1:34,2026-09-30,ch:1:sjyid:100019:plan:1083f84a-486d-496c-b2f4-1ba58e7f7ee5,tram,Tram,10,10,10539,"Rodersdorf, Station",Dornach Bahnhof,G,,2026-09-30 17:35:00+00:00,2026-09-30 17:38:54+00:00,,True,3.9,2026-09-30 19:34:36.324000+02:00,2026-09-30 19:35:00+02:00,2026-09-30 19:38:54+02:00,2026-09-30,19,Wednesday,False,0.39459999999999995
20260930_173430,2026-09-30 17:34:36.324000+00:00,Basel,local,ch:1:sloid:78143,"Basel, Bahnhof SBB",ch:1:sloid:78143:1:33,2026-09-30,ch:1:sjyid:100622:plan:a4dbc1d7-2d2e-4653-92c0-8b0796a7a518,tram,Tram,8,8,8243,"Basel, Neuweilerstrasse","Basel, Kleinhüningen",F,,2026-09-30 17:36:30+00:00,2026-09-30 17:55:18+00:00,,True,18.8,2026-09-30 19:34:36.324000+02:00,2026-09-30 19:36:30+02:00,2026-09-30 19:55:18+02:00,2026-09-30,19,Wednesday,False,1.8946
20260930_173430,2026-09-30 17:34:36.324000+00:00,Basel,local,ch:1:sloid:78143,"Basel, Bahnhof SBB",ch:1:sloid:78143:1:31,2026-09-30,ch:1:sjyid:100622:plan:430ee24e-2194-4f8d-9972-64be6bae422f,tram,Tram,1,1,1236,"Basel, Bahnhof SBB","Basel, Dreirosenbrücke",D,,2026-09-30 17:36:42+00:00,2026-09-30 17:36:42+00:00,,True,0.0,2026-09-30 19:34:36.324000+02:00,2026-09-30 19:36:42+02:00,2026-09-30 19:36:42+02:00,2026-09-30,19,Wednesday,False,2.0946000000000002
20260930_173430,2026-09-30 17:34:36.324000+00:00,Basel,local,ch:1:sloid:78143,"Basel, Bahnhof SBB",ch:1:sloid:78143:1:34,2026-09-30,ch:1:sjyid:100019:plan:16be932f-a389-4db0-8cca-47ad061196a4,tram,Tram,11,11,38481,"Basel, St-Louis Grenze","Basel, Dreispitz",G,,2026-09-30 17:38:00+00:00,2026-09-30 17:46:18+00:00,,True,8.3,2026-09-30 19:34:36.324000+02:00,2026-09-30 19:38:00+02:00,2026-09-30 19:46:18+02:00,2026-09-30,19,Wednesday,False,3.3945999999999996
20260930_173430,2026-09-30 17:34:36.324000+00:00,Basel,local,ch:1:sloid:78143,"Basel, Bahnhof SBB",ch:1:sloid:78143:1:33,2026-09-30,ch:1:sjyid:100622:plan:cd6cc8c1-4417-4bbd-907f-8eba793b89da,tram,Tram,2,2,2245,"Binningen, Kronenplatz","Basel, Eglisee",F,,2026-09-30 17:39:48+00:00,2026-09-30 17:40:00+00:00,,True,0.2,2026-09-30 19:34:36.324000+02:00,2026-09-30 19:39:48+02:00,2026-09-30 19:40:00+02:00,2026-09-30,19,Wednesday,False,5.194599999999999
20260930_173430,2026-09-30 17:34:36.324000+00:00,Basel,local,ch:1:sloid:78143,"Basel, Bahnhof SBB",ch:1:sloid:78143:1:35,2026-09-30,ch:1:sjyid:100019:plan:9234d575-b878-4751-b395-299a6c46feac,tram,Tram,11,11,38480,"Basel, Dreispitz","Basel, Saint-Louis Grenze",H,,2026-09-30 17:40:06+00:00,2026-09-30 17:40:06+00:00,,True,0.0,2026-09-30 19:34:36.324000+02:00,2026-09-30 19:40:06+02:00,2026-09-30 19:40:06+02:00,2026-09-30,19,Wednesday,False,5.4946
20260930_173430,2026-09-30 17:34:36.324000+00:00,Basel,local,ch:1:sloid:78143,"Basel, Bahnhof SBB",ch:1:sloid:78143:1:32,2026-09-30,ch:1:sjyid:100622:plan:18c513a3-29ba-4880-bbbf-57df3d43ecaf,tram,Tram,8,8,8238,"Weil am Rhein, Bahnhof/Zentrum","Basel, Neuweilerstrasse",E,,2026-09-30 17:40:48+00:00,2026-09-30 17:43:06+00:00,,True,2.3,2026-09-30 19:34:36.324000+02:00,2026-09-30 19:40:48+02:00,2026-09-30 19:43:06+02:00,2026-09-30,19,Wednesday,False,6.194599999999999
20260930_173430,2026-09-30 17:34:36.324000+00:00,Basel,local,ch:1:sloid:78143,"Basel, Bahnhof SBB",ch:1:sloid:78143:3:3,2026-09-30,ch:1:sjyid:100622:plan:300af490-081a-4c21-a699-26d60b13bbec,bus,Bus,50,50,50235,"Basel, Bahnhof SBB","Basel, EuroAirport",B,,2026-09-30 17:42:00+00:00,2026-09-30 17:42:00+00:00,,True,0.0,2026-09-30 19:34:36.324000+02:00,2026-09-30 19:42:00+02:00,2026-09-30 19:42:00+02:00,2026-09-30,19,Wednesday,False,7.3946
20260930_173430,2026-09-30 17:34:36.324000+00:00,Basel,local,ch:1:sloid:78143,"Basel, Bahnhof SBB",ch:1:sloid:78143:3:3,2026-09-30,ch:1:sjyid:100622:plan:bf7720e4-8cba-48cd-ac70-ddd6fb986086,bus,Bus,30,30,30359,"Basel, Bahnhof SBB","Basel, Badischer Bahnhof",B,,2026-09-30 17:42:00+00:00,2026-09-30 17:42:00+00:00,,True,0.0,2026-09-30 19:34:36.324000+02:00,2026-09-30 19:42:00+02:00,2026-09-30 19:42:00+02:00,2026-09-30,19,Wednesday,False,7.3946
20260930_173430,2026-09-30 17:34:36.324000+00:00,Basel,local,ch:1:sloid:78143,"Basel, Bahnhof SBB",ch:1:sloid:78143:3:7,2026-09-30,ch:1:sjyid:100019:plan:06fda0bf-bba8-417b-b64e-d6e437da0b25,bus,Bus,37,37,37762,"Basel, Bahnhof SBB",Münchenstein Bahnhof,K,,2026-09-30 17:42:00+00:00,2026-09-30 17:42:00+00:00,,True,0.0,2026-09-30 19:34:36.324000+02:00,2026-09-30 19:42:00+02:00,2026-09-30 19:42:00+02:00,2026-09-30,19,Wednesday,False,7.3946
20260930_173430,2026-09-30 17:34:36.324000+00:00,Basel,local,ch:1:sloid:78143,"Basel, Bahnhof SBB",ch:1:sloid:78143:1:35,2026-09-30,ch:1:sjyid:100019:plan:4651bd94-e1a9-44e5-baff-8f267ef89644,tram,Tram,10,10,10476,"Dornach, Bahnhof","Ettingen, Dorf",H,,2026-09-30 17:43:00+00:00,2026-09-30 17:43:36+00:00,,True,0.6,2026-09-30 19:34:36.324000+02:00,2026-09-30 19:43:00+02:00,2026-09-30 19:43:36+02:00,2026-09-30,19,Wednesday,False,8.3946
20260930_173430,2026-09-30 17:34:36.324000+00:00,Basel,local,ch:1:sloid:78143,"Basel, Bahnhof SBB",ch:1:sloid:78143:1:32,2026-09-30,ch:1:sjyid:100622:plan:5eea499c-88e2-4c45-9e2b-1232ff1ca029,tram,Tram,2,2,2244,"Basel, Eglisee","Binningen, Kronenplatz",E,,2026-09-30 17:43:24+00:00,2026-09-30 17:43:06+00:00,,True,-0.3,2026-09-30 19:34:36.324000+02:00,2026-09-30 19:43:24+02:00,2026-09-30 19:43:06+02:00,2026-09-30,19,Wednesday,False,8.7946
20260930_173430,2026-09-30 17:34:36.324000+00:00,Basel,local,ch:1:sloid:78143,"Basel, Bahnhof SBB",ch:1:sloid:78143:1:34,2026-09-30,ch:1:sjyid:100019:plan:8f2fdf16-e5c2-4c64-9ac8-faaec07f8e9b,tram,Tram,10,10,10555,"Ettingen, Dorf",Dornach Bahnhof,G,,2026-09-30 17:43:00+00:00,2026-09-30 17:49:54+00:00,,True,6.9,2026-09-30 19:34:36.324000+02:00,2026-09-30 19:43:00+02:00,2026-09-30 19:49:54+02:00,2026-09-30,19,Wednesday,False,8.3946
20260930_173430,2026-09-30 17:34:36.324000+00:00,Basel,local,ch:1:sloid:78143,"Basel, Bahnhof SBB",ch:1:sloid:78143:1:33,2026-09-30,ch:1:sjyid:100622:plan:f0392f39-1759-45e2-8fbd-e772b65163fb,tram,Tram,8,8,8245,"Basel, Neuweilerstrasse",Weil am Rhein (D) Bahnhof / Zentrum,F,,2026-09-30 17:44:00+00:00,2026-09-30 17:44:00+00:00,,True,0.0,2026-09-30 19:34:36.324000+02:00,2026-09-30 19:44:00+02:00,2026-09-30 19:44:00+02:00,2026-09-30,19,Wednesday,False,9.3946
20260930_173430,2026-09-30 17:34:36.324000+00:00,Basel,local,ch:1:sloid:78143,"Basel, Bahnhof SBB",ch:1:sloid:78143:1:31,2026-09-30,ch:1:sjyid:100622:plan:42dd37f1-80b8-4561-a1d8-cb869b337ded,tram,Tram,1,1,1238,"Basel, Bahnhof SBB","Basel, Dreirosenbrücke",D,,2026-09-30 17:44:12+00:00,2026-09-30 17:44:12+00:00,,True,0.0,2026-09-30 19:34:36.324000+02:00,2026-09-30 19:44:12+02:00,2026-09-30 19:44:12+02:00,2026-09-30,19,Wednesday,False,9.594600000000002
20260930_173430,2026-09-30 17:34:36.324000+00:00,Basel,local,ch:1:sloid:78143,"Basel, Bahnhof SBB",ch:1:sloid:78143:1:34,2026-09-30,ch:1:sjyid:100019:plan:f9e7ec37-3c27-431c-b424-5a11cb1c5c7a,tram,Tram,11,11,38485,"Basel, St-Louis Grenze","Basel, Dreispitz",G,,2026-09-30 17:45:18+00:00,2026-09-30 17:45:18+00:00,,True,0.0,2026-09-30 19:34:36.324000+02:00,2026-09-30 19:45:18+02:00,2026-09-30 19:45:18+02:00,2026-09-30,19,Wednesday,False,10.694600000000001
20260930_173430,2026-09-30 17:34:36.324000+00:00,Basel,local,ch:1:sloid:78143,"Basel, Bahnhof SBB",ch:1:sloid:78143:1:35,2026-09-30,ch:1:sjyid:100019:plan:9aedb86f-54a4-40f2-91cd-761a858640b7,tram,Tram,11,11,38482,"Basel, Dreispitz","Basel, Saint-Louis Grenze",H,,2026-09-30 17:47:36+00:00,2026-09-30 17:58:24+00:00,,True,10.8,2026-09-30 19:34:36.324000+02:00,2026-09-30 19:47:36+02:00,2026-09-30 19:58:24+02:00,2026-09-30,19,Wednesday,False,12.9946
20260930_173430,2026-09-30 17:34:36.324000+00:00,Basel,local,ch:1:sloid:78143,"Basel, Bahnhof SBB",ch:1:sloid:78143:1:33,2026-09-30,ch:1:sjyid:100622:plan:b96cf427-ddb8-4b69-b2dd-004703e86177,tram,Tram,2,2,2247,"Binningen, Kronenplatz","Basel, Eglisee",F,,2026-09-30 17:47:18+00:00,2026-09-30 17:47:18+00:00,,True,0.0,2026-09-30 19:34:36.324000+02:00,2026-09-30 19:47:18+02:00,2026-09-30 19:47:18+02:00,2026-09-30,19,Wednesday,False,12.694600000000001
20260930_173430,2026-09-30 17:34:36.324000+00:00,Basel,local,ch:1:sloid:78143,"Basel, Bahnhof SBB",ch:1:sloid:78143:1:32,2026-09-30,ch:1:sjyid:100622:plan:277ac3bc-f190-4fc7-8d10-838376e37936,tram,Tram,8,8,8240,"Weil am Rhein, Bahnhof/Zentrum","Basel, Neuweilerstrasse",E,,2026-09-30 17:48:18+00:00,2026-09-30 17:49:36+00:00,,True,1.3,2026-09-30 19:34:36.324000+02:00,2026-09-30 19:48:18+02:00,2026-09-30 19:49:36+02:00,2026-09-30,19,Wednesday,False,13.694600000000001
20260930_173430,2026-09-30 17:34:36.324000+00:00,Basel,local,ch:1:sloid:78143,"Basel, Bahnhof SBB",ch:1:sloid:78143:3:3,2026-09-30,ch:1:sjyid:100622:plan:b5ce5deb-4531-4210-80d2-e01ad22f0b82,bus,Bus,30,30,30361,"Basel, Bahnhof SBB","Basel, Badischer Bahnhof",B,,2026-09-30 17:49:30+00:00,2026-09-30 17:49:30+00:00,,True,0.0,2026-09-30 19:34:36.324000+02:00,2026-09-30 19:49:30+02:00,2026-09-30 19:49:30+02:00,2026-09-30,19,Wednesday,False,14.8946
20260930_173430,2026-09-30 17:34:36.863000+00:00,Luzern,local,ch:1:sloid:8450,"Luzern, Bahnhof",ch:1:sloid:8450::23,2026-09-30,ch:1:sjyid:100619:plan:f631889e-4d78-4590-872b-34360c27cbf1,bus,Bus,2,2,10781,"Luzern, Bahnhof",E'brücke Sprengi,Y,,2026-09-30 17:33:00+00:00,2026-09-30 17:34:06+00:00,,True,1.1,2026-09-30 19:34:36.863000+02:00,2026-09-30 19:33:00+02:00,2026-09-30 19:34:06+02:00,2026-09-30,19,Wednesday,False,-1.6143833333333333
20260930_173430,2026-09-30 17:34:36.863000+00:00,Luzern,local,ch:1:sloid:8450,"Luzern, Bahnhof",ch:1:sloid:8450::1,2026-09-30,ch:1:sjyid:100619:plan:8e50d23b-639d-4b97-8cea-cb9194022c94,bus,Bus,8,8,29743,"Luzern, Würzenbach",Hirtenhof,A,,2026-09-30 17:34:00+00:00,2026-09-30 17:35:48+00:00,,True,1.8,2026-09-30 19:34:36.863000+02:00,2026-09-30 19:34:00+02:00,2026-09-30 19:35:48+02:00,2026-09-30,19,Wednesday,False,-0.6143833333333333
20260930_173430,2026-09-30 17:34:36.863000+00:00,Luzern,local,ch:1:sloid:8450,"Luzern, Bahnhof",ch:1:sloid:8450::1,2026-09-30,ch:1:sjyid:100619:plan:0f619125-8eae-4f49-843b-02ed8bea9ffd,bus,Bus,14,14,39215,"Luzern, Brüelstrasse",Horw Zentrum,A,,2026-09-30 17:34:00+00:00,2026-09-30 17:34:00+00:00,,True,0.0,2026-09-30 19:34:36.863000+02:00,2026-09-30 19:34:00+02:00,2026-09-30 19:34:00+02:00,2026-09-30,19,Wednesday,False,-0.6143833333333333
20260930_173430,2026-09-30 17:34:36.863000+00:00,Luzern,local,ch:1:sloid:8450,"Luzern, Bahnhof",ch:1:sloid:8450::19,2026-09-30,ch:1:sjyid:100611:plan:070500005201004,bus,Bus,52,52,52048,"Luzern, Bahnhof",Rickenbach LU Dorf,L,,2026-09-30 17:35:00+00:00,2026-09-30 17:35:00+00:00,,True,0.0,2026-09-30 19:34:36.863000+02:00,2026-09-30 19:35:00+02:00,2026-09-30 19:35:00+02:00,2026-09-30,19,Wednesday,False,0.38561666666666666
20260930_173430,2026-09-30 17:34:36.863000+00:00,Luzern,local,ch:1:sloid:8450,"Luzern, Bahnhof",ch:1:sloid:8450::2,2026-09-30,ch:1:sjyid:100619:plan:87106262-1046-4073-84b1-e8c08b4f6087,bus,Bus,8,8,29460,"Luzern, Hirtenhof",Würzenbach,B,,2026-09-30 17:36:00+00:00,2026-09-30 17:36:48+00:00,,True,0.8,2026-09-30 19:34:36.863000+02:00,2026-09-30 19:36:00+02:00,2026-09-30 19:36:48+02:00,2026-09-30,19,Wednesday,False,1.3856166666666667
20260930_173430,2026-09-30 17:34:36.863000+00:00,Luzern,local,ch:1:sloid:8450,"Luzern, Bahnhof",ch:1:sloid:8450::15,2026-09-30,ch:1:sjyid:100602:1cb434d9-65b7-4671-a22a-932207aa6576,bus,Bus,73,73,73179,"Luzern, Bahnhof",Rotkreuz,U,,2026-09-30 17:37:00+00:00,2026-09-30 17:37:00+00:00,,True,0.0,2026-09-30 19:34:36.863000+02:00,2026-09-30 19:37:00+02:00,2026-09-30 19:37:00+02:00,2026-09-30,19,Wednesday,False,2.3856166666666665
20260930_173430,2026-09-30 17:34:36.863000+00:00,Luzern,local,ch:1:sloid:8450,"Luzern, Bahnhof",ch:1:sloid:8450::2,2026-09-30,ch:1:sjyid:100619:plan:6571de6c-44ee-4bcb-b500-e96b62dc5235,bus,Bus,1,1,5322,"Obernau, Dorf",Ebikon Fildern,B,,2026-09-30 17:38:48+00:00,2026-09-30 17:38:30+00:00,,True,-0.3,2026-09-30 19:34:36.863000+02:00,2026-09-30 19:38:48+02:00,2026-09-30 19:38:30+02:00,2026-09-30,19,Wednesday,False,4.185616666666666
20260930_173430,2026-09-30 17:34:36.863000+00:00,Luzern,local,ch:1:sloid:8450,"Luzern, Bahnhof",ch:1:sloid:8450::1,2026-09-30,ch:1:sjyid:100619:plan:bcfc893a-6cc6-49b9-8c10-0609ebfdc8bf,bus,Bus,7,7,26067,"Luzern, Unterlöchli",Horw Biregghof,A,,2026-09-30 17:38:00+00:00,2026-09-30 17:38:18+00:00,,True,0.3,2026-09-30 19:34:36.863000+02:00,2026-09-30 19:38:00+02:00,2026-09-30 19:38:18+02:00,2026-09-30,19,Wednesday,False,3.3856166666666665
20260930_173430,2026-09-30 17:34:36.863000+00:00,Luzern,local,ch:1:sloid:8450,"Luzern, Bahnhof",ch:1:sloid:8450::20,2026-09-30,ch:1:sjyid:100619:plan:498d465c-ff35-4faa-a2c7-4b7d556fcadd,bus,Bus,12,12,84539,"Luzern, Bahnhof",Gasshof,M,,2026-09-30 17:38:00+00:00,2026-09-30 17:38:00+00:00,,True,0.0,2026-09-30 19:34:36.863000+02:00,2026-09-30 19:38:00+02:00,2026-09-30 19:38:00+02:00,2026-09-30,19,Wednesday,False,3.3856166666666665
20260930_173430,2026-09-30 17:34:36.863000+00:00,Luzern,local,ch:1:sloid:8450,"Luzern, Bahnhof",ch:1:sloid:8450::2,2026-09-30,ch:1:sjyid:100619:plan:6be32cf7-ed5c-4cf8-b83a-bbcb9ce2388d,bus,Bus,7,7,26060,"Horw, Biregghof",Unterlöchli,B,,2026-09-30 17:40:00+00:00,2026-09-30 17:41:06+00:00,,True,1.1,2026-09-30 19:34:36.863000+02:00,2026-09-30 19:40:00+02:00,2026-09-30 19:41:06+02:00,2026-09-30,19,Wednesday,False,5.3856166666666665
20260930_173430,2026-09-30 17:34:36.863000+00:00,Luzern,local,ch:1:sloid:8450,"Luzern, Bahnhof",ch:1:sloid:8450::11,2026-09-30,ch:1:sjyid:100619:plan:d1cc24ad-9412-41ee-9a83-16bc726d4367,bus,Bus,19,19,45936,"Luzern, Bahnhof",Friedental,R,,2026-09-30 17:40:00+00:00,2026-09-30 17:40:00+00:00,,True,0.0,2026-09-30 19:34:36.863000+02:00,2026-09-30 19:40:00+02:00,2026-09-30 19:40:00+02:00,2026-09-30,19,Wednesday,False,5.3856166666666665
20260930_173430,2026-09-30 17:34:36.863000+00:00,Luzern,local,ch:1:sloid:8450,"Luzern, Bahnhof",ch:1:sloid:8450::1,2026-09-30,ch:1:sjyid:100619:plan:99d1a453-f7c4-4b4f-a057-80ebe21fb49c,bus,Bus,1,1,4323,"Ebikon, Fildern",Obernau Dorf,A,,2026-09-30 17:40:00+00:00,2026-09-30 17:39:42+00:00,,True,-0.3,2026-09-30 19:34:36.863000+02:00,2026-09-30 19:40:00+02:00,2026-09-30 19:39:42+02:00,2026-09-30,19,Wednesday,False,5.3856166666666665
20260930_173430,2026-09-30 17:34:36.863000+00:00,Luzern,local,ch:1:sloid:8450,"Luzern, Bahnhof",ch:1:sloid:8450::23,2026-09-30,ch:1:sjyid:100619:plan:568e498f-904f-4aaa-9c2e-a425e53171a9,bus,Bus,2,2,10801,"Luzern, Bahnhof",E'brücke Sprengi,Y,,2026-09-30 17:40:00+00:00,2026-09-30 17:40:00+00:00,,True,0.0,2026-09-30 19:34:36.863000+02:00,2026-09-30 19:40:00+02:00,2026-09-30 19:40:00+02:00,2026-09-30,19,Wednesday,False,5.3856166666666665
20260930_173430,2026-09-30 17:34:36.863000+00:00,Luzern,local,ch:1:sloid:8450,"Luzern, Bahnhof",ch:1:sloid:8450::16,2026-09-30,ch:1:sjyid:100619:plan:4fd3564e-f8a7-42d0-90b8-2a622c5db112,bus,Bus,4,4,15545,"Luzern, Bahnhof",Hubelmatt,V,,2026-09-30 17:40:00+00:00,2026-09-30 17:40:00+00:00,,True,0.0,2026-09-30 19:34:36.863000+02:00,2026-09-30 19:40:00+02:00,2026-09-30 19:40:00+02:00,2026-09-30,19,Wednesday,False,5.3856166666666665
20260930_173430,2026-09-30 17:34:36.863000+00:00,Luzern,local,ch:1:sloid:8450,"Luzern, Bahnhof",ch:1:sloid:8450::1,2026-09-30,ch:1:sjyid:100619:plan:ea078418-7467-4228-80c4-6c7e57f925cb,bus,Bus,6,6,22221,"Luzern, Büttenenhalde",Matthof,A,,2026-09-30 17:42:00+00:00,2026-09-30 17:43:00+00:00,,True,1.0,2026-09-30 19:34:36.863000+02:00,2026-09-30 19:42:00+02:00,2026-09-30 19:43:00+02:00,2026-09-30,19,Wednesday,False,7.3856166666666665
20260930_173430,2026-09-30 17:34:36.863000+00:00,Luzern,local,ch:1:sloid:8450,"Luzern, Bahnhof",ch:1:sloid:8450::2,2026-09-30,ch:1:sjyid:100619:plan:9357775f-2d3e-44ff-9693-ef17622d55d8,bus,Bus,6,6,22220,"Luzern, Matthof",Büttenenhalde,B,,2026-09-30 17:43:00+00:00,2026-09-30 17:44:36+00:00,,True,1.6,2026-09-30 19:34:36.863000+02:00,2026-09-30 19:43:00+02:00,2026-09-30 19:44:36+02:00,2026-09-30,19,Wednesday,False,8.385616666666667
20260930_173430,2026-09-30 17:34:36.863000+00:00,Luzern,local,ch:1:sloid:8450,"Luzern, Bahnhof",ch:1:sloid:8450::2,2026-09-30,ch:1:sjyid:100619:plan:44727434-1d4c-41ad-8b53-0a8741fa01ea,bus,Bus,14,14,39556,"Horw, Zentrum",Brüelstrasse,B,,2026-09-30 17:45:06+00:00,2026-09-30 17:46:48+00:00,,True,1.7,2026-09-30 19:34:36.863000+02:00,2026-09-30 19:45:06+02:00,2026-09-30 19:46:48+02:00,2026-09-30,19,Wednesday,False,10.485616666666665
20260930_173430,2026-09-30 17:34:36.863000+00:00,Luzern,local,ch:1:sloid:8450,"Luzern, Bahnhof",ch:1:sloid:8450::1,2026-09-30,ch:1:sjyid:100619:plan:d8c3842d-6566-4700-9054-4df3da2bd31d,bus,Bus,7,7,26079,"Luzern, Unterlöchli",Horw Biregghof,A,,2026-09-30 17:45:00+00:00,2026-09-30 17:46:12+00:00,,True,1.2,2026-09-30 19:34:36.863000+02:00,2026-09-30 19:45:00+02:00,2026-09-30 19:46:12+02:00,2026-09-30,19,Wednesday,False,10.385616666666666
20260930_173430,2026-09-30 17:34:36.863000+00:00,Luzern,local,ch:1:sloid:8450,"Luzern, Bahnhof",ch:1:sloid:8450::17,2026-09-30,ch:1:sjyid:100619:plan:8189d8bf-5a87-4280-848c-07787aeddf7b,bus,Bus,10,10,32873,"Luzern, Bahnhof",Obergütsch,W,,2026-09-30 17:45:00+00:00,2026-09-30 17:45:00+00:00,,True,0.0,2026-09-30 19:34:36.863000+02:00,2026-09-30 19:45:00+02:00,2026-09-30 19:45:00+02:00,2026-09-30,19,Wednesday,False,10.385616666666666
20260930_173430,2026-09-30 17:34:36.863000+00:00,Luzern,local,ch:1:sloid:8450,"Luzern, Bahnhof",ch:1:sloid:8450::10,2026-09-30,ch:1:sjyid:100619:plan:d0782158-aeda-46f9-885b-03b3a73e8c84,bus,Bus,20,20,49181,"Luzern, Bahnhof",Horw Ennethorw,J,,2026-09-30 17:45:00+00:00,2026-09-30 17:45:00+00:00,,True,0.0,2026-09-30 19:34:36.863000+02:00,2026-09-30 19:45:00+02:00,2026-09-30 19:45:00+02:00,2026-09-30,19,Wednesday,False,10.385616666666666
20260930_173430,2026-09-30 17:34:36.863000+00:00,Luzern,local,ch:1:sloid:8450,"Luzern, Bahnhof",ch:1:sloid:8450::2,2026-09-30,ch:1:sjyid:100619:plan:f660ed15-9c1b-4aac-8dd3-76bbdb289b79,bus,Bus,1,1,5358,"Obernau, Dorf",Ebikon Fildern,B,,2026-09-30 17:46:48+00:00,2026-09-30 17:46:48+00:00,,True,0.0,2026-09-30 19:34:36.863000+02:00,2026-09-30 19:46:48+02:00,2026-09-30 19:46:48+02:00,2026-09-30,19,Wednesday,False,12.185616666666666
20260930_173430,2026-09-30 17:34:36.863000+00:00,Luzern,local,ch:1:sloid:8450,"Luzern, Bahnhof",ch:1:sloid:8450::12,2026-09-30,ch:1:sjyid:100619:plan:db700e49-813d-422d-8626-4e7bb68d0181,bus,Bus,24,24,60314,"Luzern, Bahnhof",Meggen Tschädigen,S,,2026-09-30 17:46:00+00:00,2026-09-30 17:46:00+00:00,,True,0.0,2026-09-30 19:34:36.863000+02:00,2026-09-30 19:46:00+02:00,2026-09-30 19:46:00+02:00,2026-09-30,19,Wednesday,False,11.385616666666666
20260930_173430,2026-09-30 17:34:36.863000+00:00,Luzern,local,ch:1:sloid:8450,"Luzern, Bahnhof",ch:1:sloid:8450::20,2026-09-30,ch:1:sjyid:100619:plan:6b890ee2-0274-4f36-a730-83a2f03016bc,bus,Bus,12,12,84553,"Luzern, Bahnhof",Gasshof,M,,2026-09-30 17:46:00+00:00,2026-09-30 17:46:00+00:00,,True,0.0,2026-09-30 19:34:36.863000+02:00,2026-09-30 19:46:00+02:00,2026-09-30 19:46:00+02:00,2026-09-30,19,Wednesday,False,11.385616666666666
20260930_173430,2026-09-30 17:34:36.863000+00:00,Luzern,local,ch:1:sloid:8450,"Luzern, Bahnhof",ch:1:sloid:8450::2,2026-09-30,ch:1:sjyid:100619:plan:e553c66b-d2dd-4b8a-a976-f2ef01f4efe8,bus,Bus,7,7,26086,"Horw, Biregghof",Unterlöchli,B,,2026-09-30 17:47:00+00:00,2026-09-30 17:47:00+00:00,,True,0.0,2026-09-30 19:34:36.863000+02:00,2026-09-30 19:47:00+02:00,2026-09-30 19:47:00+02:00,2026-09-30,19,Wednesday,False,12.385616666666666
20260930_173430,2026-09-30 17:34:36.863000+00:00,Luzern,local,ch:1:sloid:8450,"Luzern, Bahnhof",ch:1:sloid:8450::11,2026-09-30,ch:1:sjyid:100619:plan:35aab15d-81bb-4923-9c8e-19d91efcf3e8,bus,Bus,19,19,45948,"Luzern, Bahnhof",Friedental,R,,2026-09-30 17:47:00+00:00,2026-09-30 17:47:00+00:00,,True,0.0,2026-09-30 19:34:36.863000+02:00,2026-09-30 19:47:00+02:00,2026-09-30 19:47:00+02:00,2026-09-30,19,Wednesday,False,12.385616666666666
20260930_173430,2026-09-30 17:34:36.863000+00:00,Luzern,local,ch:1:sloid:8450,"Luzern, Bahnhof",ch:1:sloid:8450::1,2026-09-30,ch:1:sjyid:100619:plan:6612198e-2b53-4bfb-8242-5488c2816fbf,bus,Bus,1,1,4351,"Ebikon, Fildern",Obernau Dorf,A,,2026-09-30 17:47:00+00:00,2026-09-30 17:48:36+00:00,,True,1.6,2026-09-30 19:34:36.863000+02:00,2026-09-30 19:47:00+02:00,2026-09-30 19:48:36+02:00,2026-09-30,19,Wednesday,False,12.385616666666666
20260930_173430,2026-09-30 17:34:36.863000+00:00,Luzern,local,ch:1:sloid:8450,"Luzern, Bahnhof",ch:1:sloid:8450::23,2026-09-30,ch:1:sjyid:100619:plan:a32b6d08-2167-4063-b572-473ca4fd93c2,bus,Bus,2,2,10827,"Luzern, Bahnhof",E'brücke Sprengi,Y,,2026-09-30 17:48:00+00:00,2026-09-30 17:48:00+00:00,,True,0.0,2026-09-30 19:34:36.863000+02:00,2026-09-30 19:48:00+02:00,2026-09-30 19:48:00+02:00,2026-09-30,19,Wednesday,False,13.385616666666666
20260930_173430,2026-09-30 17:34:36.863000+00:00,Luzern,local,ch:1:sloid:8450,"Luzern, Bahnhof",ch:1:sloid:8450::1,2026-09-30,ch:1:sjyid:100619:plan:3a9c8481-a6db-4352-964c-488912eb8aa9,bus,Bus,14,14,39235,"Luzern, Brüelstrasse",Horw Zentrum,A,,2026-09-30 17:49:00+00:00,2026-09-30 17:49:00+00:00,,True,0.0,2026-09-30 19:34:36.863000+02:00,2026-09-30 19:49:00+02:00,2026-09-30 19:49:00+02:00,2026-09-30,19,Wednesday,False,14.385616666666666
20260930_173430,2026-09-30 17:34:36.863000+00:00,Luzern,local,ch:1:sloid:8450,"Luzern, Bahnhof",ch:1:sloid:8450::16,2026-09-30,ch:1:sjyid:100619:plan:43f7c18e-3e0d-4678-8269-42a891322a24,bus,Bus,4,4,15567,"Luzern, Bahnhof",Hubelmatt,V,,2026-09-30 17:50:00+00:00,2026-09-30 17:50:00+00:00,,True,0.0,2026-09-30 19:34:36.863000+02:00,2026-09-30 19:50:00+02:00,2026-09-30 19:50:00+02:00,2026-09-30,19,Wednesday,False,15.385616666666666
20260930_173430,2026-09-30 17:34:36.863000+00:00,Luzern,local,ch:1:sloid:8450,"Luzern, Bahnhof",ch:1:sloid:8450::2,2026-09-30,ch:1:sjyid:100619:plan:7335e4b8-8c1f-4748-be83-787f3b2fab1b,bus,Bus,8,8,29478,"Luzern, Hirtenhof",Würzenbach,B,,2026-09-30 17:53:00+00:00,2026-09-30 17:53:00+00:00,,True,0.0,2026-09-30 19:34:36.863000+02:00,2026-09-30 19:53:00+02:00,2026-09-30 19:53:00+02:00,2026-09-30,19,Wednesday,False,18.385616666666667
20260930_173430,2026-09-30 17:34:37.379000+00:00,St. Gallen,local,ch:1:sloid:74095,"St. Gallen, Bahnhof",ch:1:sloid:74095:0:894224,2026-09-30,ch:1:sjyid:100684:SKI-4276,bus,Bus,4,4,4276,"Abtwil SG, St. Josefen","Wittenbach, Bahnhof",E,,2026-09-30 17:31:00+00:00,2026-09-30 17:34:06+00:00,,True,3.1,2026-09-30 19:34:37.379000+02:00,2026-09-30 19:31:00+02:00,2026-09-30 19:34:06+02:00,2026-09-30,19,Wednesday,False,-3.622983333333333
20260930_173430,2026-09-30 17:34:37.379000+00:00,St. Gallen,local,ch:1:sloid:74095,"St. Gallen, Bahnhof",ch:1:sloid:74095:0:541287,2026-09-30,ch:1:sjyid:100684:SKI-10179,bus,Bus,10,10,10179,"St. Gallen, Röteli",Oberhofstetten,H,,2026-09-30 17:34:00+00:00,2026-09-30 17:34:00+00:00,,True,0.0,2026-09-30 19:34:37.379000+02:00,2026-09-30 19:34:00+02:00,2026-09-30 19:34:00+02:00,2026-09-30,19,Wednesday,False,-0.6229833333333333
20260930_173430,2026-09-30 17:34:37.379000+00:00,St. Gallen,local,ch:1:sloid:74095,"St. Gallen, Bahnhof",ch:1:sloid:74095:0:181274,2026-09-30,ch:1:sjyid:100684:SKI-1474,bus,Bus,1,1,1474,"St. Gallen, Wolfganghof",Stephanshorn,B,,2026-09-30 17:34:00+00:00,2026-09-30 17:35:00+00:00,,True,1.0,2026-09-30 19:34:37.379000+02:00,2026-09-30 19:34:00+02:00,2026-09-30 19:35:00+02:00,2026-09-30,19,Wednesday,False,-0.6229833333333333
20260930_173430,2026-09-30 17:34:37.379000+00:00,St. Gallen,local,ch:1:sloid:74095,"St. Gallen, Bahnhof",ch:1:sloid:74095:0:989159,2026-09-30,ch:1:sjyid:100684:SKI-1479,bus,Bus,1,1,1479,"St. Gallen, Stephanshorn",Winkeln,A,,2026-09-30 17:35:00+00:00,2026-09-30 17:35:00+00:00,,True,0.0,2026-09-30 19:34:37.379000+02:00,2026-09-30 19:35:00+02:00,2026-09-30 19:35:00+02:00,2026-09-30,19,Wednesday,False,0.37701666666666667
20260930_173430,2026-09-30 17:34:37.379000+00:00,St. Gallen,local,ch:1:sloid:74095,"St. Gallen, Bahnhof",ch:1:sloid:74095:0:174964,2026-09-30,ch:1:sjyid:100684:SKI-9297,bus,Bus,9,9,9297,"St. Gallen, Rotmonten",Hölzli,C,,2026-09-30 17:36:00+00:00,2026-09-30 17:37:42+00:00,,True,1.7,2026-09-30 19:34:37.379000+02:00,2026-09-30 19:36:00+02:00,2026-09-30 19:37:42+02:00,2026-09-30,19,Wednesday,False,1.3770166666666666
20260930_173430,2026-09-30 17:34:37.379000+00:00,St. Gallen,local,ch:1:sloid:74095,"St. Gallen, Bahnhof",ch:1:sloid:74095:0:541287,2026-09-30,ch:1:sjyid:100684:SKI-5473,bus,Bus,5,5,5473,"St. Gallen, Rotmonten",Riethüsli,H,,2026-09-30 17:36:00+00:00,2026-09-30 17:37:12+00:00,,True,1.2,2026-09-30 19:34:37.379000+02:00,2026-09-30 19:36:00+02:00,2026-09-30 19:37:12+02:00,2026-09-30,19,Wednesday,False,1.3770166666666666
20260930_173430,2026-09-30 17:34:37.379000+00:00,St. Gallen,local,ch:1:sloid:74095,"St. Gallen, Bahnhof",ch:1:sloid:74095:0:888081,2026-09-30,ch:1:sjyid:100684:SKI-3277,bus,Bus,3,3,3277,"Wittenbach, Bahnhof","Abtwil SG, St.Josefen",F,,2026-09-30 17:37:00+00:00,2026-09-30 17:37:36+00:00,,True,0.6,2026-09-30 19:34:37.379000+02:00,2026-09-30 19:37:00+02:00,2026-09-30 19:37:36+02:00,2026-09-30,19,Wednesday,False,2.377016666666667
20260930_173430,2026-09-30 17:34:37.379000+00:00,St. Gallen,local,ch:1:sloid:74095,"St. Gallen, Bahnhof",ch:1:sloid:74095:0:886128,2026-09-30,ch:1:sjyid:100602:e528a389-1734-4f53-aeae-f95027588dd4,bus,Expressbus,201,201,20168,"St. Gallen, Bahnhof",Arbon,G,,2026-09-30 17:37:00+00:00,2026-09-30 17:37:00+00:00,,True,0.0,2026-09-30 19:34:37.379000+02:00,2026-09-30 19:37:00+02:00,2026-09-30 19:37:00+02:00,2026-09-30,19,Wednesday,False,2.377016666666667
20260930_173430,2026-09-30 17:34:37.379000+00:00,St. Gallen,local,ch:1:sloid:74095,"St. Gallen, Bahnhof",ch:1:sloid:74095:0:541287,2026-09-30,ch:1:sjyid:100684:SKI-6485,bus,Bus,6,6,6485,"St. Gallen, Heiligkreuz",Bach St.Georgen,H,,2026-09-30 17:38:00+00:00,2026-09-30 17:38:30+00:00,,True,0.5,2026-09-30 19:34:37.379000+02:00,2026-09-30 19:38:00+02:00,2026-09-30 19:38:30+02:00,2026-09-30,19,Wednesday,False,3.377016666666667
20260930_173430,2026-09-30 17:34:37.379000+00:00,St. Gallen,local,ch:1:sloid:74095,"St. Gallen, Bahnhof",ch:1:sloid:74095:0:894224,2026-09-30,ch:1:sjyid:100695:588bf05b-1620-4fde-b921-c79d9043da6b,bus,Bus,151,151,51235,"Gossau SG, Bahnhof",St.Gallen Spisertor,E,,2026-09-30 17:38:00+00:00,2026-09-30 17:41:30+00:00,,True,3.5,2026-09-30 19:34:37.379000+02:00,2026-09-30 19:38:00+02:00,2026-09-30 19:41:30+02:00,2026-09-30,19,Wednesday,False,3.377016666666667
20260930_173430,2026-09-30 17:34:37.379000+00:00,St. Gallen,local,ch:1:sloid:74095,"St. Gallen, Bahnhof",ch:1:sloid:74095:0:606657,2026-09-30,ch:1:sjyid:100684:SKI-9292,bus,Bus,9,9,9292,"St. Gallen, Hölzli",Schuppis Nord,I,,2026-09-30 17:38:00+00:00,2026-09-30 17:38:00+00:00,,True,0.0,2026-09-30 19:34:37.379000+02:00,2026-09-30 19:38:00+02:00,2026-09-30 19:38:00+02:00,2026-09-30,19,Wednesday,False,3.377016666666667
20260930_173430,2026-09-30 17:34:37.379000+00:00,St. Gallen,local,ch:1:sloid:74095,"St. Gallen, Bahnhof",ch:1:sloid:74095:0:894224,2026-09-30,ch:1:sjyid:100684:SKI-6468,bus,Bus,6,6,6468,"St. Gallen, Bach St. Georgen",Heiligkreuz,E,,2026-09-30 17:38:00+00:00,2026-09-30 17:38:54+00:00,,True,0.9,2026-09-30 19:34:37.379000+02:00,2026-09-30 19:38:00+02:00,2026-09-30 19:38:54+02:00,2026-09-30,19,Wednesday,False,3.377016666666667
20260930_173430,2026-09-30 17:34:37.379000+00:00,St. Gallen,local,ch:1:sloid:74095,"St. Gallen, Bahnhof",ch:1:sloid:74095:0:894224,2026-09-30,ch:1:sjyid:100684:SKI-3272,bus,Bus,3,3,3272,"Abtwil SG, Säntispark","Wittenbach, Bahnhof",E,,2026-09-30 17:39:00+00:00,2026-09-30 17:39:00+00:00,,True,0.0,2026-09-30 19:34:37.379000+02:00,2026-09-30 19:39:00+02:00,2026-09-30 19:39:00+02:00,2026-09-30,19,Wednesday,False,4.377016666666666
20260930_173430,2026-09-30 17:34:37.379000+00:00,St. Gallen,local,ch:1:sloid:74095,"St. Gallen, Bahnhof",ch:1:sloid:74095:0:541287,2026-09-30,ch:1:sjyid:100684:SKI-7321,bus,Bus,7,7,7321,"St. Gallen, Neudorf/R'str.",Hinterberg,H,,2026-09-30 17:40:00+00:00,2026-09-30 17:40:00+00:00,,True,0.0,2026-09-30 19:34:37.379000+02:00,2026-09-30 19:40:00+02:00,2026-09-30 19:40:00+02:00,2026-09-30,19,Wednesday,False,5.377016666666666
20260930_173430,2026-09-30 17:34:37.379000+00:00,St. Gallen,local,ch:1:sloid:74095,"St. Gallen, Bahnhof",ch:1:sloid:74095:0:181274,2026-09-30,ch:1:sjyid:100684:SKI-2478,bus,Bus,2,2,2478,"St. Gallen, Winkeln",Guggeien,B,,2026-09-30 17:40:00+00:00,2026-09-30 17:40:36+00:00,,True,0.6,2026-09-30 19:34:37.379000+02:00,2026-09-30 19:40:00+02:00,2026-09-30 19:40:36+02:00,2026-09-30,19,Wednesday,False,5.377016666666666
20260930_173430,2026-09-30 17:34:37.379000+00:00,St. Gallen,local,ch:1:sloid:74095,"St. Gallen, Bahnhof",ch:1:sloid:74095:0:606657,2026-09-30,ch:1:sjyid:100684:SKI-7304,bus,Bus,7,7,7304,"St. Gallen, Hinterberg",Neudorf / R'str.,I,,2026-09-30 17:40:00+00:00,2026-09-30 17:40:00+00:00,,True,0.0,2026-09-30 19:34:37.379000+02:00,2026-09-30 19:40:00+02:00,2026-09-30 19:40:00+02:00,2026-09-30,19,Wednesday,False,5.377016666666666
20260930_173430,2026-09-30 17:34:37.379000+00:00,St. Gallen,local,ch:1:sloid:74095,"St. Gallen, Bahnhof",ch:1:sloid:74095:0:989159,2026-09-30,ch:1:sjyid:100684:SKI-2475,bus,Bus,2,2,2475,"St. Gallen, Guggeien",Wolfganghof,A,,2026-09-30 17:41:00+00:00,2026-09-30 17:41:00+00:00,,True,0.0,2026-09-30 19:34:37.379000+02:00,2026-09-30 19:41:00+02:00,2026-09-30 19:41:00+02:00,2026-09-30,19,Wednesday,False,6.377016666666666
20260930_173430,2026-09-30 17:34:37.379000+00:00,St. Gallen,local,ch:1:sloid:74095,"St. Gallen, Bahnhof",ch:1:sloid:74095:0:482413,2026-09-30,ch:1:sjyid:100602:40959193-65fb-4797-92da-143e1ccf45e4,bus,Bus,121,121,12194,"Engelburg, Dorfplatz",Heiden,D,,2026-09-30 17:42:00+00:00,2026-09-30 17:42:00+00:00,,True,0.0,2026-09-30 19:34:37.379000+02:00,2026-09-30 19:42:00+02:00,2026-09-30 19:42:00+02:00,2026-09-30,19,Wednesday,False,7.377016666666666
20260930_173430,2026-09-30 17:34:37.379000+00:00,St. Gallen,local,ch:1:sloid:74095,"St. Gallen, Bahnhof",ch:1:sloid:74095:0:888081,2026-09-30,ch:1:sjyid:100695:de70ccff-e289-471c-956c-a9e7fbf66df0,bus,Bus,151,151,51246,"St. Gallen, Spisertor (Bus)",Gossau Bhf,F,,2026-09-30 17:42:00+00:00,2026-09-30 17:42:00+00:00,,True,0.0,2026-09-30 19:34:37.379000+02:00,2026-09-30 19:42:00+02:00,2026-09-30 19:42:00+02:00,2026-09-30,19,Wednesday,False,7.377016666666666
20260930_173430,2026-09-30 17:34:37.379000+00:00,St. Gallen,local,ch:1:sloid:74095,"St. Gallen, Bahnhof",ch:1:sloid:74095:0:888081,2026-09-30,ch:1:sjyid:100684:SKI-4277,bus,Bus,4,4,4277,"Wittenbach, Bahnhof","Abtwil SG, Säntispark",F,,2026-09-30 17:44:00+00:00,2026-09-30 17:44:36+00:00,,True,0.6,2026-09-30 19:34:37.379000+02:00,2026-09-30 19:44:00+02:00,2026-09-30 19:44:36+02:00,2026-09-30,19,Wednesday,False,9.377016666666666
20260930_173430,2026-09-30 17:34:37.379000+00:00,St. Gallen,local,ch:1:sloid:74095,"St. Gallen, Bahnhof",ch:1:sloid:74095:0:886128,2026-09-30,ch:1:sjyid:100602:e79bc80b-b5ca-4647-b8db-7cee354f170e,bus,Bus,211,211,21186,"St. Gallen, Bahnhof",Arbon,G,,2026-09-30 17:45:00+00:00,2026-09-30 17:46:00+00:00,,True,1.0,2026-09-30 19:34:37.379000+02:00,2026-09-30 19:45:00+02:00,2026-09-30 19:46:00+02:00,2026-09-30,19,Wednesday,False,10.377016666666666
20260930_173430,2026-09-30 17:34:37.379000+00:00,St. Gallen,local,ch:1:sloid:74095,"St. Gallen, Bahnhof",ch:1:sloid:74095:0:174964,2026-09-30,ch:1:sjyid:100684:SKI-9295,bus,Bus,9,9,9295,"St. Gallen, Schuppis Nord",Hölzli,C,,2026-09-30 17:46:00+00:00,2026-09-30 17:47:48+00:00,,True,1.8,2026-09-30 19:34:37.379000+02:00,2026-09-30 19:46:00+02:00,2026-09-30 19:47:48+02:00,2026-09-30,19,Wednesday,False,11.377016666666666
20260930_173430,2026-09-30 17:34:37.379000+00:00,St. Gallen,local,ch:1:sloid:74095,"St. Gallen, Bahnhof",ch:1:sloid:74095:0:181274,2026-09-30,ch:1:sjyid:100684:SKI-1480,bus,Bus,1,1,1480,"St. Gallen, Wolfganghof",Stephanshorn,B,,2026-09-30 17:46:00+00:00,2026-09-30 17:46:00+00:00,,True,0.0,2026-09-30 19:34:37.379000+02:00,2026-09-30 19:46:00+02:00,2026-09-30 19:46:00+02:00,2026-09-30,19,Wednesday,False,11.377016666666666
20260930_173430,2026-09-30 17:34:37.379000+00:00,St. Gallen,local,ch:1:sloid:74095,"St. Gallen, Bahnhof",ch:1:sloid:74095:0:894224,2026-09-30,ch:1:sjyid:100684:SKI-4282,bus,Bus,4,4,4282,"Abtwil SG, St. Josefen","Wittenbach, Bahnhof",E,,2026-09-30 17:46:00+00:00,2026-09-30 17:47:18+00:00,,True,1.3,2026-09-30 19:34:37.379000+02:00,2026-09-30 19:46:00+02:00,2026-09-30 19:47:18+02:00,2026-09-30,19,Wednesday,False,11.377016666666666
20260930_173430,2026-09-30 17:34:37.379000+00:00,St. Gallen,local,ch:1:sloid:74095,"St. Gallen, Bahnhof",ch:1:sloid:74095:0:989159,2026-09-30,ch:1:sjyid:100684:SKI-1487,bus,Bus,1,1,1487,"St. Gallen, Stephanshorn",Winkeln,A,,2026-09-30 17:47:00+00:00,2026-09-30 17:47:12+00:00,,True,0.2,2026-09-30 19:34:37.379000+02:00,2026-09-30 19:47:00+02:00,2026-09-30 19:47:12+02:00,2026-09-30,19,Wednesday,False,12.377016666666666
20260930_173430,2026-09-30 17:34:37.379000+00:00,St. Gallen,local,ch:1:sloid:74095,"St. Gallen, Bahnhof",ch:1:sloid:74095:0:174964,2026-09-30,ch:1:sjyid:100602:6e01407b-a79c-42a6-b9dc-2b8049a47f2c,bus,Bus,121,121,12191,"Heiden, Post",Engelburg,C,,2026-09-30 17:48:00+00:00,2026-09-30 17:48:00+00:00,,True,0.0,2026-09-30 19:34:37.379000+02:00,2026-09-30 19:48:00+02:00,2026-09-30 19:48:00+02:00,2026-09-30,19,Wednesday,False,13.377016666666666
20260930_173430,2026-09-30 17:34:37.379000+00:00,St. Gallen,local,ch:1:sloid:74095,"St. Gallen, Bahnhof",ch:1:sloid:74095:0:541287,2026-09-30,ch:1:sjyid:100684:SKI-6487,bus,Bus,6,6,6487,"St. Gallen, Heiligkreuz",Bach St.Georgen,H,,2026-09-30 17:48:00+00:00,2026-09-30 17:48:00+00:00,,True,0.0,2026-09-30 19:34:37.379000+02:00,2026-09-30 19:48:00+02:00,2026-09-30 19:48:00+02:00,2026-09-30,19,Wednesday,False,13.377016666666666
20260930_173430,2026-09-30 17:34:37.379000+00:00,St. Gallen,local,ch:1:sloid:74095,"St. Gallen, Bahnhof",ch:1:sloid:74095:0:894224,2026-09-30,ch:1:sjyid:100695:25c07488-3d34-4e9b-a8fc-c22803375dec,bus,Bus,151,151,51237,"Gossau SG, Bahnhof",St.Gallen Spisertor,E,,2026-09-30 17:48:00+00:00,2026-09-30 17:48:00+00:00,,True,0.0,2026-09-30 19:34:37.379000+02:00,2026-09-30 19:48:00+02:00,2026-09-30 19:48:00+02:00,2026-09-30,19,Wednesday,False,13.377016666666666
20260930_173430,2026-09-30 17:34:37.379000+00:00,St. Gallen,local,ch:1:sloid:74095,"St. Gallen, Bahnhof",ch:1:sloid:74095:0:482413,2026-09-30,ch:1:sjyid:100602:67358234-f208-404b-bb56-58932e7a32e3,bus,Bus,242,242,24280,"St. Gallen, Bahnhof",Rheineck,D,,2026-09-30 17:48:00+00:00,2026-09-30 17:48:00+00:00,,True,0.0,2026-09-30 19:34:37.379000+02:00,2026-09-30 19:48:00+02:00,2026-09-30 19:48:00+02:00,2026-09-30,19,Wednesday,False,13.377016666666666
20260930_173430,2026-09-30 17:34:37.379000+00:00,St. Gallen,local,ch:1:sloid:74095,"St. Gallen, Bahnhof",ch:1:sloid:74095:0:894224,2026-09-30,ch:1:sjyid:100684:SKI-6474,bus,Bus,6,6,6474,"St. Gallen, Bach St. Georgen",Marktplatz / Bohl,E,,2026-09-30 17:48:00+00:00,2026-09-30 17:48:00+00:00,,True,0.0,2026-09-30 19:34:37.379000+02:00,2026-09-30 19:48:00+02:00,2026-09-30 19:48:00+02:00,2026-09-30,19,Wednesday,False,13.377016666666666
20260930_173430,2026-09-30 17:34:37.885000+00:00,Lausanne,local,ch:1:sloid:92050,"Lausanne, gare",ch:1:sloid:92050:0:2892,2026-09-30,ch:1:sjyid:100122:plan1:2026_ATT5-01-50-Semaine-1-10019070,bus,Bus,1,1,1321,"Lausanne, Blécherette",Maladière,B,,2026-09-30 17:21:00+00:00,2026-09-30 17:40:18+00:00,,True,19.3,2026-09-30 19:34:37.885000+02:00,2026-09-30 19:21:00+02:00,2026-09-30 19:40:18+02:00,2026-09-30,19,Wednesday,False,-13.631416666666667
20260930_173430,2026-09-30 17:34:37.885000+00:00,Lausanne,local,ch:1:sloid:92050,"Lausanne, gare",ch:1:sloid:92050:0:2893,2026-09-30,ch:1:sjyid:100122:plan1:2026_ATT5-21-50-Semaine-21-9980525,bus,Bus,21,21,21255,"Lausanne, Blécherette",Verrière,A,,2026-09-30 17:30:00+00:00,2026-09-30 17:36:00+00:00,,True,6.0,2026-09-30 19:34:37.885000+02:00,2026-09-30 19:30:00+02:00,2026-09-30 19:36:00+02:00,2026-09-30,19,Wednesday,False,-4.6314166666666665
20260930_173430,2026-09-30 17:34:37.885000+00:00,Lausanne,local,ch:1:sloid:92050,"Lausanne, gare",ch:1:sloid:92050:0:2892,2026-09-30,ch:1:sjyid:100122:plan1:2026_ATT5-01-50-Semaine-1-10019203,bus,Bus,1,1,1322,"Lausanne, Blécherette",Maladière,B,,2026-09-30 17:31:00+00:00,2026-09-30 17:41:54+00:00,,True,10.9,2026-09-30 19:34:37.885000+02:00,2026-09-30 19:31:00+02:00,2026-09-30 19:41:54+02:00,2026-09-30,19,Wednesday,False,-3.6314166666666665
20260930_173430,2026-09-30 17:34:37.885000+00:00,Lausanne,local,ch:1:sloid:92050,"Lausanne, gare",ch:1:sloid:92050:0:2893,2026-09-30,ch:1:sjyid:100122:plan1:2026_ATT5-01-50-Semaine-1-10019087,bus,Bus,1,1,1164,"Lausanne, Maladière",Blécherette,A,,2026-09-30 17:33:00+00:00,2026-09-30 17:41:00+00:00,,True,8.0,2026-09-30 19:34:37.885000+02:00,2026-09-30 19:33:00+02:00,2026-09-30 19:41:00+02:00,2026-09-30,19,Wednesday,False,-1.6314166666666667
20260930_173430,2026-09-30 17:34:37.885000+00:00,Lausanne,local,ch:1:sloid:92050,"Lausanne, gare",ch:1:sloid:92050:0:1096,2026-09-30,ch:1:sjyid:100122:plan2:m2_3145,metro,Metro,m2,m2,723145,"Lausanne, gare","Lausanne, Sallaz",,,2026-09-30 17:35:00+00:00,,,False,,2026-09-30 19:34:37.885000+02:00,2026-09-30 19:35:00+02:00,,2026-09-30,19,Wednesday,False,0.3685833333333333
20260930_173430,2026-09-30 17:34:37.885000+00:00,Lausanne,local,ch:1:sloid:92050,"Lausanne, gare",ch:1:sloid:92050:0:2814,2026-09-30,ch:1:sjyid:100122:plan1:2026_ATT5-21-50-Semaine-21-9980511,bus,Bus,21,21,21125,"Paudex, Verrière",Blécherette,D,,2026-09-30 17:35:00+00:00,2026-09-30 17:42:36+00:00,,True,7.6,2026-09-30 19:34:37.885000+02:00,2026-09-30 19:35:00+02:00,2026-09-30 19:42:36+02:00,2026-09-30,19,Wednesday,False,0.3685833333333333
20260930_173430,2026-09-30 17:34:37.885000+00:00,Lausanne,local,ch:1:sloid:92050,"Lausanne, gare",ch:1:sloid:92050:0:1096,2026-09-30,ch:1:sjyid:100122:plan2:m2_0529,metro,Metro,m2,m2,720529,"Lausanne, Ouchy-Olympique","Epalinges, Croisettes",,,2026-09-30 17:36:00+00:00,,,False,,2026-09-30 19:34:37.885000+02:00,2026-09-30 19:36:00+02:00,,2026-09-30,19,Wednesday,False,1.3685833333333333
20260930_173430,2026-09-30 17:34:37.885000+00:00,Lausanne,local,ch:1:sloid:92050,"Lausanne, gare",ch:1:sloid:92050:0:2893,2026-09-30,ch:1:sjyid:100122:plan1:2026_ATT5-01-50-Semaine-1-10019213,bus,Bus,1,1,1165,"Lausanne, Maladière",St-François,A,,2026-09-30 17:36:00+00:00,2026-09-30 17:41:06+00:00,,True,5.1,2026-09-30 19:34:37.885000+02:00,2026-09-30 19:36:00+02:00,2026-09-30 19:41:06+02:00,2026-09-30,19,Wednesday,False,1.3685833333333333
20260930_173430,2026-09-30 17:34:37.885000+00:00,Lausanne,local,ch:1:sloid:92050,"Lausanne, gare",ch:1:sloid:92050:0:1101,2026-09-30,ch:1:sjyid:100122:plan2:m2_0042,metro,Metro,m2,m2,720042,"Epalinges, Croisettes","Lausanne, Ouchy-Olympique",,,2026-09-30 17:37:00+00:00,,,False,,2026-09-30 19:34:37.885000+02:00,2026-09-30 19:37:00+02:00,,2026-09-30,19,Wednesday,False,2.3685833333333335
20260930_173430,2026-09-30 17:34:37.885000+00:00,Lausanne,local,ch:1:sloid:92050,"Lausanne, gare",ch:1:sloid:92050:0:1096,2026-09-30,ch:1:sjyid:100122:plan2:m2_3171,metro,Metro,m2,m2,723171,"Lausanne, gare","Lausanne, Sallaz",,,2026-09-30 17:39:00+00:00,,,False,,2026-09-30 19:34:37.885000+02:00,2026-09-30 19:39:00+02:00,,2026-09-30,19,Wednesday,False,4.3685833333333335
20260930_173430,2026-09-30 17:34:37.885000+00:00,Lausanne,local,ch:1:sloid:92050,"Lausanne, gare",ch:1:sloid:92050:0:2893,2026-09-30,ch:1:sjyid:100122:plan1:2026_ATT5-21-50-Semaine-21-9980526,bus,Bus,21,21,21256,"Lausanne, Blécherette",Verrière,A,,2026-09-30 17:39:00+00:00,2026-09-30 17:39:48+00:00,,True,0.8,2026-09-30 19:34:37.885000+02:00,2026-09-30 19:39:00+02:00,2026-09-30 19:39:48+02:00,2026-09-30,19,Wednesday,False,4.3685833333333335
20260930_173430,2026-09-30 17:34:37.885000+00:00,Lausanne,local,ch:1:sloid:92050,"Lausanne, gare",ch:1:sloid:92050:0:2814,2026-09-30,ch:1:sjyid:100122:plan1:2026_ATT2-03-20-Semaine-3-9715725,bus,Bus,3,3,3101,"Lausanne, gare",Maillefer,D,,2026-09-30 17:40:00+00:00,2026-09-30 17:40:00+00:00,,True,0.0,2026-09-30 19:34:37.885000+02:00,2026-09-30 19:40:00+02:00,2026-09-30 19:40:00+02:00,2026-09-30,19,Wednesday,False,5.3685833333333335
20260930_173430,2026-09-30 17:34:37.885000+00:00,Lausanne,local,ch:1:sloid:92050,"Lausanne, gare",ch:1:sloid:92050:0:2893,2026-09-30,ch:1:sjyid:100122:plan1:2026_ATT5-01-50-Semaine-1-10019079,bus,Bus,1,1,1167,"Lausanne, Maladière",Blécherette,A,,2026-09-30 17:40:00+00:00,2026-09-30 17:55:18+00:00,,True,15.3,2026-09-30 19:34:37.885000+02:00,2026-09-30 19:40:00+02:00,2026-09-30 19:55:18+02:00,2026-09-30,19,Wednesday,False,5.3685833333333335
20260930_173430,2026-09-30 17:34:37.885000+00:00,Lausanne,local,ch:1:sloid:92050,"Lausanne, gare",ch:1:sloid:92050:0:1096,2026-09-30,ch:1:sjyid:100122:plan2:m2_0355,metro,Metro,m2,m2,720355,"Lausanne, Ouchy-Olympique","Epalinges, Croisettes",,,2026-09-30 17:41:00+00:00,,,False,,2026-09-30 19:34:37.885000+02:00,2026-09-30 19:41:00+02:00,,2026-09-30,19,Wednesday,False,6.3685833333333335
20260930_173430,2026-09-30 17:34:37.885000+00:00,Lausanne,local,ch:1:sloid:92050,"Lausanne, gare",ch:1:sloid:92050:0:2892,2026-09-30,ch:1:sjyid:100122:plan1:2026_ATT5-01-50-Semaine-1-10019071,bus,Bus,1,1,1323,"Lausanne, Blécherette",Maladière,B,,2026-09-30 17:41:00+00:00,2026-09-30 17:46:36+00:00,,True,5.6,2026-09-30 19:34:37.885000+02:00,2026-09-30 19:41:00+02:00,2026-09-30 19:46:36+02:00,2026-09-30,19,Wednesday,False,6.3685833333333335
20260930_173430,2026-09-30 17:34:37.885000+00:00,Lausanne,local,ch:1:sloid:92050,"Lausanne, gare",ch:1:sloid:92050:0:1101,2026-09-30,ch:1:sjyid:100122:plan2:m2_0096,metro,Metro,m2,m2,720096,"Epalinges, Croisettes","Lausanne, Ouchy-Olympique",,,2026-09-30 17:41:00+00:00,,,False,,2026-09-30 19:34:37.885000+02:00,2026-09-30 19:41:00+02:00,,2026-09-30,19,Wednesday,False,6.3685833333333335
20260930_173430,2026-09-30 17:34:37.885000+00:00,Lausanne,local,ch:1:sloid:92050,"Lausanne, gare",ch:1:sloid:92050:0:1096,2026-09-30,ch:1:sjyid:100122:plan2:m2_3197,metro,Metro,m2,m2,723197,"Lausanne, gare","Lausanne, Sallaz",,,2026-09-30 17:43:00+00:00,,,False,,2026-09-30 19:34:37.885000+02:00,2026-09-30 19:43:00+02:00,,2026-09-30,19,Wednesday,False,8.368583333333333
20260930_173430,2026-09-30 17:34:37.885000+00:00,Lausanne,local,ch:1:sloid:92050,"Lausanne, gare",ch:1:sloid:92050:0:2814,2026-09-30,ch:1:sjyid:100122:plan1:2026_ATT5-21-50-Semaine-21-9980577,bus,Bus,21,21,21126,"Paudex, Verrière",Blécherette,D,,2026-09-30 17:43:00+00:00,2026-09-30 17:49:00+00:00,,True,6.0,2026-09-30 19:34:37.885000+02:00,2026-09-30 19:43:00+02:00,2026-09-30 19:49:00+02:00,2026-09-30,19,Wednesday,False,8.368583333333333
20260930_173430,2026-09-30 17:34:37.885000+00:00,Lausanne,local,ch:1:sloid:92050,"Lausanne, gare",ch:1:sloid:92050:0:1096,2026-09-30,ch:1:sjyid:100122:plan2:m2_0487,metro,Metro,m2,m2,720487,"Lausanne, Ouchy-Olympique","Epalinges, Croisettes",,,2026-09-30 17:45:00+00:00,,,False,,2026-09-30 19:34:37.885000+02:00,2026-09-30 19:45:00+02:00,,2026-09-30,19,Wednesday,False,10.368583333333333
20260930_173430,2026-09-30 17:34:37.885000+00:00,Lausanne,local,ch:1:sloid:92050,"Lausanne, gare",ch:1:sloid:92050:0:1101,2026-09-30,ch:1:sjyid:100122:plan2:m2_0150,metro,Metro,m2,m2,720150,"Epalinges, Croisettes","Lausanne, Ouchy-Olympique",,,2026-09-30 17:45:00+00:00,,,False,,2026-09-30 19:34:37.885000+02:00,2026-09-30 19:45:00+02:00,,2026-09-30,19,Wednesday,False,10.368583333333333
20260930_173430,2026-09-30 17:34:37.885000+00:00,Lausanne,local,ch:1:sloid:92050,"Lausanne, gare",ch:1:sloid:92050:0:2815,2026-09-30,ch:1:sjyid:100122:plan1:2026_ATT5-20-50-Semaine-20-9969527,bus,Bus,20,20,20076,"Lausanne, gare",Blécherette,C,,2026-09-30 17:47:00+00:00,2026-09-30 17:47:00+00:00,,True,0.0,2026-09-30 19:34:37.885000+02:00,2026-09-30 19:47:00+02:00,2026-09-30 19:47:00+02:00,2026-09-30,19,Wednesday,False,12.368583333333333
20260930_173430,2026-09-30 17:34:37.885000+00:00,Lausanne,local,ch:1:sloid:92050,"Lausanne, gare",ch:1:sloid:92050:0:2893,2026-09-30,ch:1:sjyid:100122:plan1:2026_ATT5-21-50-Semaine-21-9980527,bus,Bus,21,21,21257,"Lausanne, Blécherette",Verrière,A,,2026-09-30 17:47:00+00:00,2026-09-30 17:50:48+00:00,,True,3.8,2026-09-30 19:34:37.885000+02:00,2026-09-30 19:47:00+02:00,2026-09-30 19:50:48+02:00,2026-09-30,19,Wednesday,False,12.368583333333333
20260930_173430,2026-09-30 17:34:37.885000+00:00,Lausanne,local,ch:1:sloid:92050,"Lausanne, gare",ch:1:sloid:92050:0:1096,2026-09-30,ch:1:sjyid:100122:plan2:m2_3027,metro,Metro,m2,m2,723027,"Lausanne, gare","Lausanne, Sallaz",,,2026-09-30 17:48:00+00:00,,,False,,2026-09-30 19:34:37.885000+02:00,2026-09-30 19:48:00+02:00,,2026-09-30,19,Wednesday,False,13.368583333333333
20260930_173430,2026-09-30 17:34:37.885000+00:00,Lausanne,local,ch:1:sloid:92050,"Lausanne, gare",ch:1:sloid:92050:0:1096,2026-09-30,ch:1:sjyid:100122:plan2:m2_0043,metro,Metro,m2,m2,720043,"Lausanne, Ouchy-Olympique","Epalinges, Croisettes",,,2026-09-30 17:49:00+00:00,,,False,,2026-09-30 19:34:37.885000+02:00,2026-09-30 19:49:00+02:00,,2026-09-30,19,Wednesday,False,14.368583333333333
20260930_173430,2026-09-30 17:34:37.885000+00:00,Lausanne,local,ch:1:sloid:92050,"Lausanne, gare",ch:1:sloid:92050:0:2893,2026-09-30,ch:1:sjyid:100122:plan1:2026_ATT5-01-50-Semaine-1-10019080,bus,Bus,1,1,1169,"Lausanne, Maladière",Blécherette,A,,2026-09-30 17:49:06+00:00,2026-09-30 17:55:18+00:00,,True,6.2,2026-09-30 19:34:37.885000+02:00,2026-09-30 19:49:06+02:00,2026-09-30 19:55:18+02:00,2026-09-30,19,Wednesday,False,14.468583333333333
20260930_173430,2026-09-30 17:34:37.885000+00:00,Lausanne,local,ch:1:sloid:92050,"Lausanne, gare",ch:1:sloid:92050:0:2814,2026-09-30,ch:1:sjyid:100122:plan1:2026_ATT2-03-20-Semaine-3-9715726,bus,Bus,3,3,3102,"Lausanne, gare",Maillefer,D,,2026-09-30 17:50:00+00:00,2026-09-30 17:50:00+00:00,,True,0.0,2026-09-30 19:34:37.885000+02:00,2026-09-30 19:50:00+02:00,2026-09-30 19:50:00+02:00,2026-09-30,19,Wednesday,False,15.368583333333333
20260930_173430,2026-09-30 17:34:37.885000+00:00,Lausanne,local,ch:1:sloid:92050,"Lausanne, gare",ch:1:sloid:92050:0:1101,2026-09-30,ch:1:sjyid:100122:plan2:m2_0258,metro,Metro,m2,m2,720258,"Epalinges, Croisettes","Lausanne, Ouchy-Olympique",,,2026-09-30 17:50:00+00:00,,,False,,2026-09-30 19:34:37.885000+02:00,2026-09-30 19:50:00+02:00,,2026-09-30,19,Wednesday,False,15.368583333333333
20260930_173430,2026-09-30 17:34:37.885000+00:00,Lausanne,local,ch:1:sloid:92050,"Lausanne, gare",ch:1:sloid:92050:0:2892,2026-09-30,ch:1:sjyid:100122:plan1:2026_ATT5-01-50-Semaine-1-10019072,bus,Bus,1,1,1324,"Lausanne, Blécherette",Maladière,B,,2026-09-30 17:51:00+00:00,2026-09-30 17:55:36+00:00,,True,4.6,2026-09-30 19:34:37.885000+02:00,2026-09-30 19:51:00+02:00,2026-09-30 19:55:36+02:00,2026-09-30,19,Wednesday,False,16.368583333333333
20260930_173430,2026-09-30 17:34:37.885000+00:00,Lausanne,local,ch:1:sloid:92050,"Lausanne, gare",ch:1:sloid:92050:0:1096,2026-09-30,ch:1:sjyid:100122:plan2:m2_3221,metro,Metro,m2,m2,723221,"Lausanne, gare","Lausanne, Sallaz",,,2026-09-30 17:52:00+00:00,,,False,,2026-09-30 19:34:37.885000+02:00,2026-09-30 19:52:00+02:00,,2026-09-30,19,Wednesday,False,17.368583333333333
20260930_173430,2026-09-30 17:34:37.885000+00:00,Lausanne,local,ch:1:sloid:92050,"Lausanne, gare",ch:1:sloid:92050:0:2814,2026-09-30,ch:1:sjyid:100122:plan1:2026_ATT5-21-50-Semaine-21-9980572,bus,Bus,21,21,21127,"Paudex, Verrière",Blécherette,D,,2026-09-30 17:52:00+00:00,2026-09-30 17:57:54+00:00,,True,5.9,2026-09-30 19:34:37.885000+02:00,2026-09-30 19:52:00+02:00,2026-09-30 19:57:54+02:00,2026-09-30,19,Wednesday,False,17.368583333333333
20260930_173430,2026-09-30 17:34:38.360000+00:00,Genève,local,ch:1:sloid:87057,"Genève, gare Cornavin",ch:1:sloid:87057:0:783875,2026-09-30,ch:1:sjyid:100680:HAS-26-02-06-19-1-Lun-Ven-34651917,bus,Bus,19,19,616830,"Onex, cité",Vernier-Village,K,,2026-09-30 16:37:00+00:00,2026-09-30 18:20:00+00:00,,True,103.0,2026-09-30 19:34:38.360000+02:00,2026-09-30 18:37:00+02:00,2026-09-30 20:20:00+02:00,2026-09-30,18,Wednesday,False,-57.63933333333333
20260930_173430,2026-09-30 17:34:38.360000+00:00,Genève,local,ch:1:sloid:87057,"Genève, gare Cornavin",ch:1:sloid:87057:0:50679,2026-09-30,ch:1:sjyid:100680:HAS-26-08-20-13-Lun-Ven-35206052,bus,Bus,20,20,646364,"Veyrier, Tournettes",Valavran,J,,2026-09-30 17:34:00+00:00,2026-09-30 17:36:00+00:00,,True,2.0,2026-09-30 19:34:38.360000+02:00,2026-09-30 19:34:00+02:00,2026-09-30 19:36:00+02:00,2026-09-30,19,Wednesday,False,-0.6393333333333333
20260930_173430,2026-09-30 17:34:38.360000+00:00,Genève,local,ch:1:sloid:87057,"Genève, gare Cornavin",ch:1:sloid:87057:0:973093,2026-09-30,ch:1:sjyid:100680:HAS-26-08-20-13-Lun-Ven-35205751,bus,Bus,8,8,646128,"Grand-Saconnex, Palexpo",Veyrier-Douane,C,,2026-09-30 17:35:00+00:00,2026-09-30 17:41:30+00:00,,True,6.5,2026-09-30 19:34:38.360000+02:00,2026-09-30 19:35:00+02:00,2026-09-30 19:41:30+02:00,2026-09-30,19,Wednesday,False,0.3606666666666667
20260930_173430,2026-09-30 17:34:38.360000+00:00,Genève,local,ch:1:sloid:87057,"Genève, gare Cornavin",ch:1:sloid:87057:0:233278,2026-09-30,ch:1:sjyid:100680:HAS-26-18-10-Lun-Ven-35075000,tram,Tram,18,18,846133,"Meyrin, CERN",Palettes,I,,2026-09-30 17:35:00+00:00,2026-09-30 17:34:00+00:00,,True,-1.0,2026-09-30 19:34:38.360000+02:00,2026-09-30 19:35:00+02:00,2026-09-30 19:34:00+02:00,2026-09-30,19,Wednesday,False,0.3606666666666667
20260930_173430,2026-09-30 17:34:38.360000+00:00,Genève,local,ch:1:sloid:87057,"Genève, gare Cornavin",ch:1:sloid:87057:0:89811,2026-09-30,ch:1:sjyid:100680:HAS-26-14-10-Lun-Ven-35075623,tram,Tram,14,14,846754,"Bernex, Vailly",Blandonnet,H,,2026-09-30 17:35:00+00:00,2026-09-30 17:36:36+00:00,,True,1.6,2026-09-30 19:34:38.360000+02:00,2026-09-30 19:35:00+02:00,2026-09-30 19:36:36+02:00,2026-09-30,19,Wednesday,False,0.3606666666666667
20260930_173430,2026-09-30 17:34:38.360000+00:00,Genève,local,ch:1:sloid:87057,"Genève, gare Cornavin",ch:1:sloid:87057:0:408265,2026-09-30,ch:1:sjyid:100680:HAS-26-015925-70-Lun-Ven-35914173,bus,Bus,1,1,698548,"Thônex, Hôpital Trois-Chêne",Jardin Botanique,E,,2026-09-30 17:35:00+00:00,2026-09-30 17:34:54+00:00,,True,-0.1,2026-09-30 19:34:38.360000+02:00,2026-09-30 19:35:00+02:00,2026-09-30 19:34:54+02:00,2026-09-30,19,Wednesday,False,0.3606666666666667
20260930_173430,2026-09-30 17:34:38.360000+00:00,Genève,local,ch:1:sloid:87057,"Genève, gare Cornavin",ch:1:sloid:87057:0:46188,2026-09-30,ch:1:sjyid:100680:HAS-26-015925-70-Lun-Ven-35914157,bus,Bus,1,1,698532,"Genève, Jardin Botanique",Hôpital Trois-Chêne,D,,2026-09-30 17:36:00+00:00,2026-09-30 17:37:18+00:00,,True,1.3,2026-09-30 19:34:38.360000+02:00,2026-09-30 19:36:00+02:00,2026-09-30 19:37:18+02:00,2026-09-30,19,Wednesday,False,1.3606666666666667
20260930_173430,2026-09-30 17:34:38.360000+00:00,Genève,local,ch:1:sloid:87057,"Genève, gare Cornavin",ch:1:sloid:87057:0:698638,2026-09-30,ch:1:sjyid:100680:HAS-26-03-0-Lun-Ven-33837561,bus,Bus,3,3,554559,"Genève, Crêts-de-Champel",Gardiol,F,,2026-09-30 17:36:00+00:00,2026-09-30 17:35:36+00:00,,True,-0.4,2026-09-30 19:34:38.360000+02:00,2026-09-30 19:36:00+02:00,2026-09-30 19:35:36+02:00,2026-09-30,19,Wednesday,False,1.3606666666666667
20260930_173430,2026-09-30 17:34:38.360000+00:00,Genève,local,ch:1:sloid:87057,"Genève, gare Cornavin",ch:1:sloid:87057:0:589555,2026-09-30,ch:1:sjyid:100680:HAS-26-02-06-19-1-Lun-Ven-34651903,bus,Bus,19,19,616816,"Vernier, village",Onex-Cité,L,,2026-09-30 17:37:00+00:00,2026-09-30 17:37:18+00:00,,True,0.3,2026-09-30 19:34:38.360000+02:00,2026-09-30 19:37:00+02:00,2026-09-30 19:37:18+02:00,2026-09-30,19,Wednesday,False,2.3606666666666665
20260930_173430,2026-09-30 17:34:38.360000+00:00,Genève,local,ch:1:sloid:87057,"Genève, gare Cornavin",ch:1:sloid:87057:0:89811,2026-09-30,ch:1:sjyid:100680:HAS-26-18-10-Lun-Ven-35075141,tram,Tram,18,18,846274,"Grand-Lancy, Palettes",CERN,H,,2026-09-30 17:37:00+00:00,2026-09-30 17:37:24+00:00,,True,0.4,2026-09-30 19:34:38.360000+02:00,2026-09-30 19:37:00+02:00,2026-09-30 19:37:24+02:00,2026-09-30,19,Wednesday,False,2.3606666666666665
20260930_173430,2026-09-30 17:34:38.360000+00:00,Genève,local,ch:1:sloid:87057,"Genève, gare Cornavin",ch:1:sloid:87057:0:233278,2026-09-30,ch:1:sjyid:100680:HAS-26-14-10-Lun-Ven-35075280,tram,Tram,14,14,846411,"Meyrin, Gravière",Bernex-Vailly,I,,2026-09-30 17:38:00+00:00,2026-09-30 17:38:30+00:00,,True,0.5,2026-09-30 19:34:38.360000+02:00,2026-09-30 19:38:00+02:00,2026-09-30 19:38:30+02:00,2026-09-30,19,Wednesday,False,3.3606666666666665
20260930_173430,2026-09-30 17:34:38.360000+00:00,Genève,local,ch:1:sloid:87057,"Genève, gare Cornavin",ch:1:sloid:87057:0:651350,2026-09-30,ch:1:sjyid:100680:HAS-26-015925-70-Lun-Ven-35913756,bus,Bus,5,5,698171,"Genève-Aéroport, Terminal",Thônex-Vallard,B,,2026-09-30 17:38:00+00:00,2026-09-30 17:40:12+00:00,,True,2.2,2026-09-30 19:34:38.360000+02:00,2026-09-30 19:38:00+02:00,2026-09-30 19:40:12+02:00,2026-09-30,19,Wednesday,False,3.3606666666666665
20260930_173430,2026-09-30 17:34:38.360000+00:00,Genève,local,ch:1:sloid:87057,"Genève, gare Cornavin",ch:1:sloid:87057:0:46188,2026-09-30,ch:1:sjyid:100680:HAS-26-15-10-Lun-Ven-35076428,tram,Tram,15,15,847559,"Genève, Nations",ZIPLO,D,,2026-09-30 17:38:00+00:00,2026-09-30 17:38:18+00:00,,True,0.3,2026-09-30 19:34:38.360000+02:00,2026-09-30 19:38:00+02:00,2026-09-30 19:38:18+02:00,2026-09-30,19,Wednesday,False,3.3606666666666665
20260930_173430,2026-09-30 17:34:38.360000+00:00,Genève,local,ch:1:sloid:87057,"Genève, gare Cornavin",ch:1:sloid:87057:0:50679,2026-09-30,ch:1:sjyid:100680:HAS-26-60-61-70-Lun-Ven-35376479,bus,Bus,60,60,693589,"Genève, gare Cornavin",Gex-L'Aiglette,J,,2026-09-30 17:38:00+00:00,2026-09-30 17:38:00+00:00,,True,0.0,2026-09-30 19:34:38.360000+02:00,2026-09-30 19:38:00+02:00,2026-09-30 19:38:00+02:00,2026-09-30,19,Wednesday,False,3.3606666666666665
20260930_173430,2026-09-30 17:34:38.360000+00:00,Genève,local,ch:1:sloid:87057,"Genève, gare Cornavin",ch:1:sloid:87057:0:589555,2026-09-30,ch:1:sjyid:100680:HAS-26-015925-70-Lun-Ven-35914588,bus,Bus,9,9,698815,"Vernier, Lignon Tours",Belle-Terre-Place-de-l'Araire,L,,2026-09-30 17:39:00+00:00,2026-09-30 17:39:24+00:00,,True,0.4,2026-09-30 19:34:38.360000+02:00,2026-09-30 19:39:00+02:00,2026-09-30 19:39:24+02:00,2026-09-30,19,Wednesday,False,4.360666666666666
20260930_173430,2026-09-30 17:34:38.360000+00:00,Genève,local,ch:1:sloid:87057,"Genève, gare Cornavin",ch:1:sloid:87057:0:589555,2026-09-30,ch:1:sjyid:100680:HAS-26-10-0-Lun-Ven-33810482,bus,Bus,10,10,551597,"Genève-Aéroport, Terminal",Rive,L,,2026-09-30 17:39:00+00:00,2026-09-30 17:42:12+00:00,,True,3.2,2026-09-30 19:34:38.360000+02:00,2026-09-30 19:39:00+02:00,2026-09-30 19:42:12+02:00,2026-09-30,19,Wednesday,False,4.360666666666666
20260930_173430,2026-09-30 17:34:38.360000+00:00,Genève,local,ch:1:sloid:87057,"Genève, gare Cornavin",ch:1:sloid:87057:0:408265,2026-09-30,ch:1:sjyid:100680:HAS-26-015925-70-Lun-Ven-35913902,bus,Bus,25,25,698278,"Thônex, Vallard",Jardin Botanique,E,,2026-09-30 17:39:00+00:00,2026-09-30 17:42:30+00:00,,True,3.5,2026-09-30 19:34:38.360000+02:00,2026-09-30 19:39:00+02:00,2026-09-30 19:42:30+02:00,2026-09-30,19,Wednesday,False,4.360666666666666
20260930_173430,2026-09-30 17:34:38.360000+00:00,Genève,local,ch:1:sloid:87057,"Genève, gare Cornavin",ch:1:sloid:87057:0:50679,2026-09-30,ch:1:sjyid:100680:HAS-26-015925-70-Lun-Ven-35913661,bus,Bus,5,5,698076,"Thônex, Vallard",Genève-Aéroport-Terminal,J,,2026-09-30 17:39:00+00:00,2026-09-30 17:38:24+00:00,,True,-0.6,2026-09-30 19:34:38.360000+02:00,2026-09-30 19:39:00+02:00,2026-09-30 19:38:24+02:00,2026-09-30,19,Wednesday,False,4.360666666666666
20260930_173430,2026-09-30 17:34:38.360000+00:00,Genève,local,ch:1:sloid:87057,"Genève, gare Cornavin",ch:1:sloid:87057:0:783875,2026-09-30,ch:1:sjyid:100680:HAS-26-015925-70-Lun-Ven-35914499,bus,Bus,9,9,698726,"Thônex, Belle-Terre Pl. Araire",Lignon-Tours,K,,2026-09-30 17:39:00+00:00,2026-09-30 17:41:54+00:00,,True,2.9,2026-09-30 19:34:38.360000+02:00,2026-09-30 19:39:00+02:00,2026-09-30 19:41:54+02:00,2026-09-30,19,Wednesday,False,4.360666666666666
20260930_173430,2026-09-30 17:34:38.360000+00:00,Genève,local,ch:1:sloid:87057,"Genève, gare Cornavin",ch:1:sloid:87057:0:783875,2026-09-30,ch:1:sjyid:100680:HAS-26-10-0-Lun-Ven-33810499,bus,Bus,10,10,551608,"Genève, Rive",Genève-Aéroport-Terminal,K,,2026-09-30 17:39:00+00:00,2026-09-30 17:42:30+00:00,,True,3.5,2026-09-30 19:34:38.360000+02:00,2026-09-30 19:39:00+02:00,2026-09-30 19:42:30+02:00,2026-09-30,19,Wednesday,False,4.360666666666666
20260930_173430,2026-09-30 17:34:38.360000+00:00,Genève,local,ch:1:sloid:87057,"Genève, gare Cornavin",ch:1:sloid:87057:0:783875,2026-09-30,ch:1:sjyid:100680:HAS-26-02-06-19-1-Lun-Ven-34651899,bus,Bus,19,19,616812,"Onex, cité",Vernier-Village,K,,2026-09-30 17:39:00+00:00,2026-09-30 17:39:12+00:00,,True,0.2,2026-09-30 19:34:38.360000+02:00,2026-09-30 19:39:00+02:00,2026-09-30 19:39:12+02:00,2026-09-30,19,Wednesday,False,4.360666666666666
20260930_173430,2026-09-30 17:34:38.360000+00:00,Genève,local,ch:1:sloid:87057,"Genève, gare Cornavin",ch:1:sloid:87057:0:408265,2026-09-30,ch:1:sjyid:100680:HAS-26-15-10-Lun-Ven-35076401,tram,Tram,15,15,847532,"Plan-les-Ouates, ZIPLO",Nations,E,,2026-09-30 17:40:00+00:00,2026-09-30 17:42:54+00:00,,True,2.9,2026-09-30 19:34:38.360000+02:00,2026-09-30 19:40:00+02:00,2026-09-30 19:42:54+02:00,2026-09-30,19,Wednesday,False,5.360666666666666
20260930_173430,2026-09-30 17:34:38.360000+00:00,Genève,local,ch:1:sloid:87057,"Genève, gare Cornavin",ch:1:sloid:87057:0:46188,2026-09-30,ch:1:sjyid:100680:HAS-26-015925-70-Lun-Ven-35913999,bus,Bus,25,25,698375,"Genève, Jardin Botanique",Thônex-Vallard,D,,2026-09-30 17:40:00+00:00,2026-09-30 17:39:24+00:00,,True,-0.6,2026-09-30 19:34:38.360000+02:00,2026-09-30 19:40:00+02:00,2026-09-30 19:39:24+02:00,2026-09-30,19,Wednesday,False,5.360666666666666
20260930_173430,2026-09-30 17:34:38.360000+00:00,Genève,local,ch:1:sloid:87057,"Genève, gare Cornavin",ch:1:sloid:87057:0:50679,2026-09-30,ch:1:sjyid:100680:HAS-26-08-20-13-Lun-Ven-35205819,bus,Bus,8,8,646196,"Veyrier, douane",Palexpo,J,,2026-09-30 17:40:00+00:00,2026-09-30 17:43:30+00:00,,True,3.5,2026-09-30 19:34:38.360000+02:00,2026-09-30 19:40:00+02:00,2026-09-30 19:43:30+02:00,2026-09-30,19,Wednesday,False,5.360666666666666
20260930_173430,2026-09-30 17:34:38.360000+00:00,Genève,local,ch:1:sloid:87057,"Genève, gare Cornavin",ch:1:sloid:87057:0:589555,2026-09-30,ch:1:sjyid:100680:HAS-26-02-06-19-1-Lun-Ven-34651898,bus,Bus,6,6,616811,"Vernier, village",Genève-Plage,L,,2026-09-30 17:41:00+00:00,2026-09-30 17:42:06+00:00,,True,1.1,2026-09-30 19:34:38.360000+02:00,2026-09-30 19:41:00+02:00,2026-09-30 19:42:06+02:00,2026-09-30,19,Wednesday,False,6.360666666666666
20260930_173430,2026-09-30 17:34:38.360000+00:00,Genève,local,ch:1:sloid:87057,"Genève, gare Cornavin",ch:1:sloid:87057:0:89811,2026-09-30,ch:1:sjyid:100680:HAS-26-14-10-Lun-Ven-35075264,tram,Tram,14,14,846395,"Bernex, Vailly",Meyrin-Gravière,H,,2026-09-30 17:41:00+00:00,2026-09-30 17:38:36+00:00,,True,-2.4,2026-09-30 19:34:38.360000+02:00,2026-09-30 19:41:00+02:00,2026-09-30 19:38:36+02:00,2026-09-30,19,Wednesday,False,6.360666666666666
20260930_173430,2026-09-30 17:34:38.360000+00:00,Genève,local,ch:1:sloid:87057,"Genève, gare Cornavin",ch:1:sloid:87057:0:651350,2026-09-30,ch:1:sjyid:100680:HAS-26-08-20-13-Lun-Ven-35206048,bus,Bus,20,20,646360,"Bellevue GE, Valavran",Veyrier-Tournettes,B,,2026-09-30 17:42:00+00:00,2026-09-30 17:42:30+00:00,,True,0.5,2026-09-30 19:34:38.360000+02:00,2026-09-30 19:42:00+02:00,2026-09-30 19:42:30+02:00,2026-09-30,19,Wednesday,False,7.360666666666666
20260930_173430,2026-09-30 17:34:38.360000+00:00,Genève,local,ch:1:sloid:87057,"Genève, gare Cornavin",ch:1:sloid:87057:0:89811,2026-09-30,ch:1:sjyid:100680:HAS-26-14-10-Lun-Ven-35075624,tram,Tram,14,14,846755,"Bernex, Vailly",Blandonnet,H,,2026-09-30 17:43:00+00:00,2026-09-30 17:41:48+00:00,,True,-1.2,2026-09-30 19:34:38.360000+02:00,2026-09-30 19:43:00+02:00,2026-09-30 19:41:48+02:00,2026-09-30,19,Wednesday,False,8.360666666666667
20260930_173430,2026-09-30 17:34:38.360000+00:00,Genève,local,ch:1:sloid:87057,"Genève, gare Cornavin",ch:1:sloid:87057:0:698638,2026-09-30,ch:1:sjyid:100680:HAS-26-03-0-Lun-Ven-33837560,bus,Bus,3,3,554558,"Genève, Crêts-de-Champel",Gardiol,F,,2026-09-30 17:43:00+00:00,2026-09-30 17:44:30+00:00,,True,1.5,2026-09-30 19:34:38.360000+02:00,2026-09-30 19:43:00+02:00,2026-09-30 19:44:30+02:00,2026-09-30,19,Wednesday,False,8.360666666666667
20260930_173430,2026-09-30 17:34:38.360000+00:00,Genève,local,ch:1:sloid:87057,"Genève, gare Cornavin",ch:1:sloid:87057:0:408265,2026-09-30,ch:1:sjyid:100680:HAS-26-015925-70-Lun-Ven-35914170,bus,Bus,1,1,698545,"Thônex, Hôpital Trois-Chêne",Jardin Botanique,E,,2026-09-30 17:43:00+00:00,2026-09-30 17:42:36+00:00,,True,-0.4,2026-09-30 19:34:38.360000+02:00,2026-09-30 19:43:00+02:00,2026-09-30 19:42:36+02:00,2026-09-30,19,Wednesday,False,8.360666666666667
20260930_173430,2026-09-30 17:34:38.867000+00:00,Lugano,local,ch:1:sloid:5380,"Lugano, Stazione",ch:1:sloid:5380::407001,2026-09-30,ch:1:sjyid:100754:b13a09ed-29b4-4a8b-b509-e23fed9a8539,bus,Bus,2,2,2264,"Castagnola, Capolinea","Paradiso, Carzo",A,,2026-09-30 17:35:00+00:00,,,False,,2026-09-30 19:34:38.867000+02:00,2026-09-30 19:35:00+02:00,,2026-09-30,19,Wednesday,False,0.3522166666666667
20260930_173430,2026-09-30 17:34:38.867000+00:00,Lugano,local,ch:1:sloid:5380,"Lugano, Stazione",ch:1:sloid:5380::407001,2026-09-30,ch:1:sjyid:100754:378575ce-749a-49c5-87de-e816f51fa69c,bus,Bus,6,6,6247,"Lugano, Stazione","Lugano, Cornaredo",A,,2026-09-30 17:39:00+00:00,2026-09-30 17:39:00+00:00,,True,0.0,2026-09-30 19:34:38.867000+02:00,2026-09-30 19:39:00+02:00,2026-09-30 19:39:00+02:00,2026-09-30,19,Wednesday,False,4.352216666666666
20260930_173430,2026-09-30 17:34:38.867000+00:00,Lugano,local,ch:1:sloid:5380,"Lugano, Stazione",ch:1:sloid:5380::407002,2026-09-30,ch:1:sjyid:100754:db8a5c0c-3203-49b2-a585-2bced3821438,bus,Bus,4,4,4221,"Lugano, Centro","Canobbio, Ganna",B,,2026-09-30 17:44:00+00:00,2026-09-30 17:44:00+00:00,,True,0.0,2026-09-30 19:34:38.867000+02:00,2026-09-30 19:44:00+02:00,2026-09-30 19:44:00+02:00,2026-09-30,19,Wednesday,False,9.352216666666667
20260930_173430,2026-09-30 17:34:38.867000+00:00,Lugano,local,ch:1:sloid:5380,"Lugano, Stazione",ch:1:sloid:5380::407001,2026-09-30,ch:1:sjyid:100754:71268b0e-f227-4352-b56e-85b829dd59a1,bus,Bus,4,4,4228,"Canobbio, Ganna","Lugano, Centro",A,,2026-09-30 17:46:00+00:00,2026-09-30 17:46:00+00:00,,True,0.0,2026-09-30 19:34:38.867000+02:00,2026-09-30 19:46:00+02:00,2026-09-30 19:46:00+02:00,2026-09-30,19,Wednesday,False,11.352216666666667
20260930_173430,2026-09-30 17:34:38.867000+00:00,Lugano,local,ch:1:sloid:5380,"Lugano, Stazione",ch:1:sloid:5380::407001,2026-09-30,ch:1:sjyid:100754:8b13ac8a-8f73-4dda-8035-c285d8a1536e,bus,Bus,2,2,2268,"Castagnola, Capolinea","Paradiso, Carzo",A,,2026-09-30 17:50:00+00:00,2026-09-30 17:50:00+00:00,,True,0.0,2026-09-30 19:34:38.867000+02:00,2026-09-30 19:50:00+02:00,2026-09-30 19:50:00+02:00,2026-09-30,19,Wednesday,False,15.352216666666667
20260930_173430,2026-09-30 17:34:38.867000+00:00,Lugano,local,ch:1:sloid:5380,"Lugano, Stazione",ch:1:sloid:5380::407001,2026-09-30,ch:1:sjyid:100754:c3879ef9-c3cc-4fc4-b5d0-31352df52041,bus,Bus,6,6,6251,"Lugano, Stazione","Lugano, Cornaredo",A,,2026-09-30 17:54:00+00:00,2026-09-30 17:54:00+00:00,,True,0.0,2026-09-30 19:34:38.867000+02:00,2026-09-30 19:54:00+02:00,2026-09-30 19:54:00+02:00,2026-09-30,19,Wednesday,False,19.352216666666667
20260930_173430,2026-09-30 17:34:38.867000+00:00,Lugano,local,ch:1:sloid:5380,"Lugano, Stazione",ch:1:sloid:5380::407002,2026-09-30,ch:1:sjyid:100754:c50fb2be-5970-4505-bb02-bba6c2543bc9,bus,Bus,4,4,4227,"Lugano, Centro","Canobbio, Ganna",B,,2026-09-30 17:59:00+00:00,2026-09-30 17:59:00+00:00,,True,0.0,2026-09-30 19:34:38.867000+02:00,2026-09-30 19:59:00+02:00,2026-09-30 19:59:00+02:00,2026-09-30,19,Wednesday,False,24.352216666666667
20260930_173430,2026-09-30 17:34:38.867000+00:00,Lugano,local,ch:1:sloid:5380,"Lugano, Stazione",ch:1:sloid:5380::407001,2026-09-30,ch:1:sjyid:100754:e08c089b-5f1b-4225-8d31-0387ad70ca67,bus,Bus,4,4,4230,"Canobbio, Ganna","Lugano, Centro",A,,2026-09-30 18:01:00+00:00,2026-09-30 18:01:00+00:00,,True,0.0,2026-09-30 19:34:38.867000+02:00,2026-09-30 20:01:00+02:00,2026-09-30 20:01:00+02:00,2026-09-30,20,Wednesday,False,26.352216666666667
20260930_173430,2026-09-30 17:34:38.867000+00:00,Lugano,local,ch:1:sloid:5380,"Lugano, Stazione",ch:1:sloid:5380::407001,2026-09-30,ch:1:sjyid:100754:225d04f7-ac0a-4077-bf74-efd3919c3398,bus,Bus,6,6,6255,"Lugano, Stazione","Lugano, Cornaredo",A,,2026-09-30 18:09:00+00:00,2026-09-30 18:09:00+00:00,,True,0.0,2026-09-30 19:34:38.867000+02:00,2026-09-30 20:09:00+02:00,2026-09-30 20:09:00+02:00,2026-09-30,20,Wednesday,False,34.35221666666666
20260930_173430,2026-09-30 17:34:38.867000+00:00,Lugano,local,ch:1:sloid:5380,"Lugano, Stazione",ch:1:sloid:5380::407001,2026-09-30,ch:1:sjyid:100754:c7f68317-aa32-4422-ba76-521f5faafb75,bus,Bus,2,2,2272,"Castagnola, Capolinea","Paradiso, Carzo",A,,2026-09-30 18:09:30+00:00,2026-09-30 18:09:30+00:00,,True,0.0,2026-09-30 19:34:38.867000+02:00,2026-09-30 20:09:30+02:00,2026-09-30 20:09:30+02:00,2026-09-30,20,Wednesday,False,34.85221666666666
20260930_173430,2026-09-30 17:34:38.867000+00:00,Lugano,local,ch:1:sloid:5380,"Lugano, Stazione",ch:1:sloid:5380::407002,2026-09-30,ch:1:sjyid:100754:b17d2494-e3bd-4b45-83ad-c15e8842b1cd,bus,Bus,4,4,4231,"Lugano, Centro","Canobbio, Ganna",B,,2026-09-30 18:14:00+00:00,2026-09-30 18:14:00+00:00,,True,0.0,2026-09-30 19:34:38.867000+02:00,2026-09-30 20:14:00+02:00,2026-09-30 20:14:00+02:00,2026-09-30,20,Wednesday,False,39.35221666666666
20260930_173430,2026-09-30 17:34:38.867000+00:00,Lugano,local,ch:1:sloid:5380,"Lugano, Stazione",ch:1:sloid:5380::407001,2026-09-30,ch:1:sjyid:100754:0fbf15d1-3598-4f4e-af77-0d52fbf521bb,bus,Bus,4,4,4236,"Canobbio, Ganna","Lugano, Centro",A,,2026-09-30 18:16:00+00:00,2026-09-30 18:16:00+00:00,,True,0.0,2026-09-30 19:34:38.867000+02:00,2026-09-30 20:16:00+02:00,2026-09-30 20:16:00+02:00,2026-09-30,20,Wednesday,False,41.35221666666666
20260930_173430,2026-09-30 17:34:38.867000+00:00,Lugano,local,ch:1:sloid:5380,"Lugano, Stazione",ch:1:sloid:5380::407001,2026-09-30,ch:1:sjyid:100754:2792258d-338f-433c-bc50-35816eaa066b,bus,Bus,6,6,6257,"Lugano, Stazione","Lugano, Cornaredo",A,,2026-09-30 18:24:00+00:00,,,False,,2026-09-30 19:34:38.867000+02:00,2026-09-30 20:24:00+02:00,,2026-09-30,20,Wednesday,False,49.35221666666666
20260930_173430,2026-09-30 17:34:38.867000+00:00,Lugano,local,ch:1:sloid:5380,"Lugano, Stazione",ch:1:sloid:5380::407001,2026-09-30,ch:1:sjyid:100754:6d5b1269-7dde-4c93-a504-b1b1e69b8feb,bus,Bus,2,2,2274,"Castagnola, Capolinea","Paradiso, Carzo",A,,2026-09-30 18:24:30+00:00,2026-09-30 18:24:30+00:00,,True,0.0,2026-09-30 19:34:38.867000+02:00,2026-09-30 20:24:30+02:00,2026-09-30 20:24:30+02:00,2026-09-30,20,Wednesday,False,49.85221666666666
20260930_173430,2026-09-30 17:34:38.867000+00:00,Lugano,local,ch:1:sloid:5380,"Lugano, Stazione",ch:1:sloid:5380::407002,2026-09-30,ch:1:sjyid:100754:965763c1-a78b-4d97-8e8a-64ea64816735,bus,Bus,4,4,4233,"Lugano, Centro","Canobbio, Ganna",B,,2026-09-30 18:29:00+00:00,,,False,,2026-09-30 19:34:38.867000+02:00,2026-09-30 20:29:00+02:00,,2026-09-30,20,Wednesday,False,54.35221666666666
20260930_173430,2026-09-30 17:34:38.867000+00:00,Lugano,local,ch:1:sloid:5380,"Lugano, Stazione",ch:1:sloid:5380::407001,2026-09-30,ch:1:sjyid:100754:1a8ca574-eab2-4a46-966c-41a35ec383b2,bus,Bus,4,4,4240,"Canobbio, Ganna","Lugano, Centro",A,,2026-09-30 18:31:00+00:00,2026-09-30 18:31:00+00:00,,True,0.0,2026-09-30 19:34:38.867000+02:00,2026-09-30 20:31:00+02:00,2026-09-30 20:31:00+02:00,2026-09-30,20,Wednesday,False,56.35221666666666
20260930_173430,2026-09-30 17:34:38.867000+00:00,Lugano,local,ch:1:sloid:5380,"Lugano, Stazione",ch:1:sloid:5380::407001,2026-09-30,ch:1:sjyid:100754:f6d50fd0-e6a9-4ecf-9160-53e0bc6809ef,bus,Bus,6,6,6259,"Lugano, Stazione","Lugano, Cornaredo",A,,2026-09-30 18:39:00+00:00,,,False,,2026-09-30 19:34:38.867000+02:00,2026-09-30 20:39:00+02:00,,2026-09-30,20,Wednesday,False,64.35221666666666
20260930_173430,2026-09-30 17:34:38.867000+00:00,Lugano,local,ch:1:sloid:5380,"Lugano, Stazione",ch:1:sloid:5380::407001,2026-09-30,ch:1:sjyid:100754:acacf8c5-4494-436a-ab55-8673ff096b01,bus,Bus,2,2,2276,"Castagnola, Capolinea","Paradiso, Carzo",A,,2026-09-30 18:39:30+00:00,,,False,,2026-09-30 19:34:38.867000+02:00,2026-09-30 20:39:30+02:00,,2026-09-30,20,Wednesday,False,64.85221666666666
20260930_173430,2026-09-30 17:34:38.867000+00:00,Lugano,local,ch:1:sloid:5380,"Lugano, Stazione",ch:1:sloid:5380::407002,2026-09-30,ch:1:sjyid:100754:0e5351b3-a791-475f-ba45-207a2d110b37,bus,Bus,4,4,4235,"Lugano, Centro","Comano, Studio TV",B,,2026-09-30 18:44:00+00:00,2026-09-30 18:44:00+00:00,,True,0.0,2026-09-30 19:34:38.867000+02:00,2026-09-30 20:44:00+02:00,2026-09-30 20:44:00+02:00,2026-09-30,20,Wednesday,False,69.35221666666666
20260930_173430,2026-09-30 17:34:38.867000+00:00,Lugano,local,ch:1:sloid:5380,"Lugano, Stazione",ch:1:sloid:5380::407001,2026-09-30,ch:1:sjyid:100754:fa921273-74fb-4b8f-a7fb-048ebea146c7,bus,Bus,4,4,4244,"Canobbio, Ganna","Lugano, Centro",A,,2026-09-30 18:46:00+00:00,2026-09-30 18:46:00+00:00,,True,0.0,2026-09-30 19:34:38.867000+02:00,2026-09-30 20:46:00+02:00,2026-09-30 20:46:00+02:00,2026-09-30,20,Wednesday,False,71.35221666666666
20260930_173430,2026-09-30 17:34:38.867000+00:00,Lugano,local,ch:1:sloid:5380,"Lugano, Stazione",ch:1:sloid:5380::407001,2026-09-30,ch:1:sjyid:100754:d7b6172d-7dc7-482a-9a2e-d94c0321b4a5,bus,Bus,6,6,6261,"Lugano, Stazione","Lugano, Cornaredo",A,,2026-09-30 18:54:00+00:00,,,False,,2026-09-30 19:34:38.867000+02:00,2026-09-30 20:54:00+02:00,,2026-09-30,20,Wednesday,False,79.35221666666666
20260930_173430,2026-09-30 17:34:38.867000+00:00,Lugano,local,ch:1:sloid:5380,"Lugano, Stazione",ch:1:sloid:5380::407001,2026-09-30,ch:1:sjyid:100754:2ef8495a-a45a-47b4-9db2-975c6a965701,bus,Bus,2,2,2278,"Castagnola, Capolinea","Paradiso, Carzo",A,,2026-09-30 18:54:30+00:00,2026-09-30 18:54:30+00:00,,True,0.0,2026-09-30 19:34:38.867000+02:00,2026-09-30 20:54:30+02:00,2026-09-30 20:54:30+02:00,2026-09-30,20,Wednesday,False,79.85221666666666
20260930_173430,2026-09-30 17:34:38.867000+00:00,Lugano,local,ch:1:sloid:5380,"Lugano, Stazione",ch:1:sloid:5380::407002,2026-09-30,ch:1:sjyid:100754:83e7631f-93a2-47be-a598-8e3813bd0426,bus,Bus,4,4,4237,"Lugano, Centro","Canobbio, Ganna",B,,2026-09-30 18:59:00+00:00,,,False,,2026-09-30 19:34:38.867000+02:00,2026-09-30 20:59:00+02:00,,2026-09-30,20,Wednesday,False,84.35221666666666
20260930_173430,2026-09-30 17:34:38.867000+00:00,Lugano,local,ch:1:sloid:5380,"Lugano, Stazione",ch:1:sloid:5380::407001,2026-09-30,ch:1:sjyid:100754:d7f1a2cc-1eb4-457e-8b78-422521983d1c,bus,Bus,4,4,4246,"Canobbio, Ganna","Lugano, Centro",A,,2026-09-30 19:01:00+00:00,,,False,,2026-09-30 19:34:38.867000+02:00,2026-09-30 21:01:00+02:00,,2026-09-30,21,Wednesday,False,86.35221666666666
20260930_173430,2026-09-30 17:34:38.867000+00:00,Lugano,local,ch:1:sloid:5380,"Lugano, Stazione",ch:1:sloid:5380::407001,2026-09-30,ch:1:sjyid:100754:faf4247c-9e10-4ac7-b6ad-a33095719f9b,bus,Bus,6,6,6263,"Lugano, Stazione","Lugano, Cornaredo",A,,2026-09-30 19:09:00+00:00,,,False,,2026-09-30 19:34:38.867000+02:00,2026-09-30 21:09:00+02:00,,2026-09-30,21,Wednesday,False,94.35221666666666
20260930_173430,2026-09-30 17:34:38.867000+00:00,Lugano,local,ch:1:sloid:5380,"Lugano, Stazione",ch:1:sloid:5380::407001,2026-09-30,ch:1:sjyid:100754:cf6fd970-7c4b-4f81-a20f-bd651974493d,bus,Bus,2,2,2280,"Castagnola, Capolinea","Paradiso, Carzo",A,,2026-09-30 19:09:30+00:00,,,False,,2026-09-30 19:34:38.867000+02:00,2026-09-30 21:09:30+02:00,,2026-09-30,21,Wednesday,False,94.85221666666666
20260930_173430,2026-09-30 17:34:38.867000+00:00,Lugano,local,ch:1:sloid:5380,"Lugano, Stazione",ch:1:sloid:5380::407002,2026-09-30,ch:1:sjyid:100754:e8394d74-1414-4460-80d4-90604c955fa1,bus,Bus,4,4,4239,"Lugano, Centro","Comano, Studio TV",B,,2026-09-30 19:14:00+00:00,,,False,,2026-09-30 19:34:38.867000+02:00,2026-09-30 21:14:00+02:00,,2026-09-30,21,Wednesday,False,99.35221666666666
20260930_173430,2026-09-30 17:34:38.867000+00:00,Lugano,local,ch:1:sloid:5380,"Lugano, Stazione",ch:1:sloid:5380::407001,2026-09-30,ch:1:sjyid:100754:c904f3ae-db1c-4bfa-a6e2-e29a66196daf,bus,Bus,4,4,4248,"Comano, Studio TV","Lugano, Centro",A,,2026-09-30 19:16:00+00:00,,,False,,2026-09-30 19:34:38.867000+02:00,2026-09-30 21:16:00+02:00,,2026-09-30,21,Wednesday,False,101.35221666666666
20260930_173430,2026-09-30 17:34:38.867000+00:00,Lugano,local,ch:1:sloid:5380,"Lugano, Stazione",ch:1:sloid:5380::407001,2026-09-30,ch:1:sjyid:100754:7a3bdda6-4d57-430a-8895-95938fda4deb,bus,Bus,6,6,6265,"Lugano, Stazione","Lugano, Cornaredo",A,,2026-09-30 19:24:00+00:00,,,False,,2026-09-30 19:34:38.867000+02:00,2026-09-30 21:24:00+02:00,,2026-09-30,21,Wednesday,False,109.35221666666666
20260930_173430,2026-09-30 17:34:38.867000+00:00,Lugano,local,ch:1:sloid:5380,"Lugano, Stazione",ch:1:sloid:5380::407001,2026-09-30,ch:1:sjyid:100754:7ad8a884-47d2-4d12-954c-51b4ee23e2a1,bus,Bus,2,2,2282,"Castagnola, Capolinea","Paradiso, Carzo",A,,2026-09-30 19:24:30+00:00,,,False,,2026-09-30 19:34:38.867000+02:00,2026-09-30 21:24:30+02:00,,2026-09-30,21,Wednesday,False,109.85221666666666
