batch_id,collection_timestamp,city,station_type,station_id,station_name,stop_point_ref,operating_day,journey_ref,transport_mode,product_category,public_code,line,train_number,origin,destination,planned_platform,estimated_platform,scheduled_departure,estimated_departure,cancelled,has_realtime,predicted_delay_minutes,collection_timestamp_local,scheduled_departure_local,estimated_departure_local,date,hour,weekday,weekend,minutes_until_departure
20261001_144511,2026-10-01 14:45:11.901000+00:00,Zürich,rail,ch:1:sloid:3000,Zürich HB,ch:1:sloid:3000:501:33,2026-10-01,ch:1:sjyid:100001:18262-001,rail,S-Bahn,S2,S2,18262,Ziegelbrücke,Zürich Flughafen,33,,2026-10-01 14:44:00+00:00,2026-10-01 14:45:00+00:00,,True,1.0,2026-10-01 16:45:11.901000+02:00,2026-10-01 16:44:00+02:00,2026-10-01 16:45:00+02:00,2026-10-01,16,Thursday,False,-1.19835
20261001_144511,2026-10-01 14:45:11.901000+00:00,Zürich,rail,ch:1:sloid:3000,Zürich HB,ch:1:sloid:3000:503:43,2026-10-01,ch:1:sjyid:100001:19663-001,rail,S-Bahn,S16,S16,19663,Zürich Flughafen,Herrliberg-Feldmeilen,43/44,43,2026-10-01 14:45:00+00:00,2026-10-01 14:45:36+00:00,,True,0.6,2026-10-01 16:45:11.901000+02:00,2026-10-01 16:45:00+02:00,2026-10-01 16:45:36+02:00,2026-10-01,16,Thursday,False,-0.19835
20261001_144511,2026-10-01 14:45:11.901000+00:00,Zürich,rail,ch:1:sloid:3000,Zürich HB,ch:1:sloid:3000:503:43,2026-10-01,ch:1:sjyid:100001:19263-001,rail,S-Bahn,S12,S12,19263,Brugg AG,Wil SG,43/44,44,2026-10-01 14:46:00+00:00,2026-10-01 14:47:54+00:00,,True,1.9,2026-10-01 16:45:11.901000+02:00,2026-10-01 16:46:00+02:00,2026-10-01 16:47:54+02:00,2026-10-01,16,Thursday,False,0.80165
20261001_144511,2026-10-01 14:45:11.901000+00:00,Zürich,rail,ch:1:sloid:3000,Zürich HB,ch:1:sloid:3000:502:42,2026-10-01,ch:1:sjyid:100001:19662-001,rail,S-Bahn,S16,S16,19662,Herrliberg-Feldmeilen,Zürich Flughafen,41/42,42,2026-10-01 14:46:00+00:00,2026-10-01 14:46:36+00:00,,True,0.6,2026-10-01 16:45:11.901000+02:00,2026-10-01 16:46:00+02:00,2026-10-01 16:46:36+02:00,2026-10-01,16,Thursday,False,0.80165
20261001_144511,2026-10-01 14:45:11.901000+00:00,Zürich,rail,ch:1:sloid:3000,Zürich HB,ch:1:sloid:3000:500:32,2026-10-01,ch:1:sjyid:100001:18263-001,rail,S-Bahn,S2,S2,18263,Zürich Flughafen,Ziegelbrücke,32,,2026-10-01 14:47:00+00:00,2026-10-01 14:48:00+00:00,,True,1.0,2026-10-01 16:45:11.901000+02:00,2026-10-01 16:47:00+02:00,2026-10-01 16:48:00+02:00,2026-10-01,16,Thursday,False,1.80165
20261001_144511,2026-10-01 14:45:11.901000+00:00,Zürich,rail,ch:1:sloid:3000,Zürich HB,ch:1:sloid:3000:500:31,2026-10-01,ch:1:sjyid:100001:19462-001,rail,S-Bahn,S14,S14,19462,Hinwil,Affoltern am Albis,31,,2026-10-01 14:49:00+00:00,2026-10-01 14:50:48+00:00,,True,1.8,2026-10-01 16:45:11.901000+02:00,2026-10-01 16:49:00+02:00,2026-10-01 16:50:48+02:00,2026-10-01,16,Thursday,False,3.80165
20261001_144511,2026-10-01 14:45:11.901000+00:00,Zürich,rail,ch:1:sloid:3000,Zürich HB,ch:1:sloid:3000:501:34,2026-10-01,ch:1:sjyid:100001:19963-001,rail,S-Bahn,S19,S19,19963,Koblenz,Pfäffikon ZH,34,,2026-10-01 14:49:00+00:00,2026-10-01 14:49:18+00:00,,True,0.3,2026-10-01 16:45:11.901000+02:00,2026-10-01 16:49:00+02:00,2026-10-01 16:49:18+02:00,2026-10-01,16,Thursday,False,3.80165
20261001_144511,2026-10-01 14:45:11.901000+00:00,Zürich,rail,ch:1:sloid:3000,Zürich HB,ch:1:sloid:3000:502:42,2026-10-01,ch:1:sjyid:100001:18762-001,rail,S-Bahn,S7,S7,18762,Rapperswil SG,Winterthur,41/42,,2026-10-01 14:49:00+00:00,2026-10-01 14:49:42+00:00,,True,0.7,2026-10-01 16:45:11.901000+02:00,2026-10-01 16:49:00+02:00,2026-10-01 16:49:42+02:00,2026-10-01,16,Thursday,False,3.80165
20261001_144511,2026-10-01 14:45:11.901000+00:00,Zürich,rail,ch:1:sloid:3000,Zürich HB,ch:1:sloid:3000:3:4,2026-10-01,ch:1:sjyid:100001:20463-001,rail,S-Bahn,S24,S24,20463,Weinfelden,Zug,4,,2026-10-01 14:51:00+00:00,2026-10-01 14:51:18+00:00,,True,0.3,2026-10-01 16:45:11.901000+02:00,2026-10-01 16:51:00+02:00,2026-10-01 16:51:18+02:00,2026-10-01,16,Thursday,False,5.8016499999999995
20261001_144511,2026-10-01 14:45:11.901000+00:00,Zürich,rail,ch:1:sloid:3000,Zürich HB,ch:1:sloid:3000:501:33,2026-10-01,ch:1:sjyid:100001:2077-001,rail,InterRegio,IR36,IR36,2077,Basel SBB,Zürich Flughafen,33,,2026-10-01 14:52:00+00:00,2026-10-01 14:52:24+00:00,,True,0.4,2026-10-01 16:45:11.901000+02:00,2026-10-01 16:52:00+02:00,2026-10-01 16:52:24+02:00,2026-10-01,16,Thursday,False,6.8016499999999995
20261001_144511,2026-10-01 14:45:11.901000+00:00,Zürich,rail,ch:1:sloid:3000,Zürich HB,ch:1:sloid:3000:502:42,2026-10-01,ch:1:sjyid:100001:19562-001,rail,S-Bahn,S15,S15,19562,Rapperswil SG,Niederweningen,41/42,,2026-10-01 14:52:00+00:00,2026-10-01 14:53:30+00:00,,True,1.5,2026-10-01 16:45:11.901000+02:00,2026-10-01 16:52:00+02:00,2026-10-01 16:53:30+02:00,2026-10-01,16,Thursday,False,6.8016499999999995
20261001_144511,2026-10-01 14:45:11.901000+00:00,Zürich,rail,ch:1:sloid:3000,Zürich HB,ch:1:sloid:3000:9:16,2026-10-01,ch:1:sjyid:100061:2376-001,rail,Aare Linth,IR35,IR35,2376,Chur,Bern,16,,2026-10-01 14:53:00+00:00,2026-10-01 14:53:30+00:00,,True,0.5,2026-10-01 16:45:11.901000+02:00,2026-10-01 16:53:00+02:00,2026-10-01 16:53:30+02:00,2026-10-01,16,Thursday,False,7.8016499999999995
20261001_144511,2026-10-01 14:45:11.901000+00:00,Zürich,rail,ch:1:sloid:3000,Zürich HB,ch:1:sloid:3000:503:43,2026-10-01,ch:1:sjyid:100001:18563-001,rail,S-Bahn,S5,S5,18563,Zug,Pfäffikon SZ,43/44,,2026-10-01 14:54:00+00:00,2026-10-01 14:54:18+00:00,,True,0.3,2026-10-01 16:45:11.901000+02:00,2026-10-01 16:54:00+02:00,2026-10-01 16:54:18+02:00,2026-10-01,16,Thursday,False,8.80165
20261001_144511,2026-10-01 14:45:11.901000+00:00,Zürich,rail,ch:1:sloid:3000,Zürich HB,ch:1:sloid:3000:501:34,2026-10-01,ch:1:sjyid:100001:18862-001,rail,S-Bahn,S8,S8,18862,Pfäffikon SZ,Winterthur,34,,2026-10-01 14:55:00+00:00,2026-10-01 14:55:18+00:00,,True,0.3,2026-10-01 16:45:11.901000+02:00,2026-10-01 16:55:00+02:00,2026-10-01 16:55:18+02:00,2026-10-01,16,Thursday,False,9.80165
20261001_144511,2026-10-01 14:45:11.901000+00:00,Zürich,rail,ch:1:sloid:3000,Zürich HB,ch:1:sloid:3000:503:43,2026-10-01,ch:1:sjyid:100001:20063-001,rail,S-Bahn,S20,S20,20063,Zürich Hardbrücke,Uerikon,43/44,,2026-10-01 14:56:00+00:00,2026-10-01 14:57:18+00:00,,True,1.3,2026-10-01 16:45:11.901000+02:00,2026-10-01 16:56:00+02:00,2026-10-01 16:57:18+02:00,2026-10-01,16,Thursday,False,10.80165
20261001_144511,2026-10-01 14:45:11.901000+00:00,Zürich,rail,ch:1:sloid:3000,Zürich HB,ch:1:sloid:3000:502:42,2026-10-01,ch:1:sjyid:100001:18362-002,rail,S-Bahn,S3,S3,18362,Wetzikon ZH,Bülach,41/42,,2026-10-01 14:56:00+00:00,2026-10-01 14:58:06+00:00,,True,2.1,2026-10-01 16:45:11.901000+02:00,2026-10-01 16:56:00+02:00,2026-10-01 16:58:06+02:00,2026-10-01,16,Thursday,False,10.80165
20261001_144511,2026-10-01 14:45:11.901000+00:00,Zürich,rail,ch:1:sloid:3000,Zürich HB,ch:1:sloid:3000:503:43,2026-10-01,ch:1:sjyid:100001:18963-001,rail,S-Bahn,S9,S9,18963,Schaffhausen,Uster,43/44,,2026-10-01 14:58:00+00:00,2026-10-01 14:58:18+00:00,,True,0.3,2026-10-01 16:45:11.901000+02:00,2026-10-01 16:58:00+02:00,2026-10-01 16:58:18+02:00,2026-10-01,16,Thursday,False,12.80165
20261001_144511,2026-10-01 14:45:11.901000+00:00,Zürich,rail,ch:1:sloid:3000,Zürich HB,ch:1:sloid:3000:7:12,2026-10-01,ch:1:sjyid:100001:780-001,rail,InterCity,IC3,IC3,780,Chur,Basel SBB,12,,2026-10-01 14:59:00+00:00,2026-10-01 14:59:30+00:00,,True,0.5,2026-10-01 16:45:11.901000+02:00,2026-10-01 16:59:00+02:00,2026-10-01 16:59:30+02:00,2026-10-01,16,Thursday,False,13.80165
20261001_144511,2026-10-01 14:45:11.901000+00:00,Zürich,rail,ch:1:sloid:3000,Zürich HB,ch:1:sloid:3000:502:42,2026-10-01,ch:1:sjyid:100001:19164-001,rail,S-Bahn,S11,S11,19164,Seuzach,Aarau,41/42,,2026-10-01 14:59:00+00:00,2026-10-01 15:00:36+00:00,,True,1.6,2026-10-01 16:45:11.901000+02:00,2026-10-01 16:59:00+02:00,2026-10-01 17:00:36+02:00,2026-10-01,16,Thursday,False,13.80165
20261001_144511,2026-10-01 14:45:11.901000+00:00,Zürich,rail,ch:1:sloid:3000,Zürich HB,ch:1:sloid:3000:503:43,2026-10-01,ch:1:sjyid:100001:18663-001,rail,S-Bahn,S6,S6,18663,Baden,Uetikon,43/44,,2026-10-01 15:00:00+00:00,2026-10-01 15:02:12+00:00,,True,2.2,2026-10-01 16:45:11.901000+02:00,2026-10-01 17:00:00+02:00,2026-10-01 17:02:12+02:00,2026-10-01,17,Thursday,False,14.80165
20261001_144511,2026-10-01 14:45:11.901000+00:00,Zürich,rail,ch:1:sloid:3000,Zürich HB,ch:1:sloid:3000:503:43,2026-10-01,ch:1:sjyid:100001:19165-001,rail,S-Bahn,S11,S11,19165,Aarau,Seuzach,43/44,,2026-10-01 15:01:00+00:00,2026-10-01 15:02:00+00:00,,True,1.0,2026-10-01 16:45:11.901000+02:00,2026-10-01 17:01:00+02:00,2026-10-01 17:02:00+02:00,2026-10-01,17,Thursday,False,15.80165
20261001_144511,2026-10-01 14:45:11.901000+00:00,Zürich,rail,ch:1:sloid:3000,Zürich HB,ch:1:sloid:3000:502:42,2026-10-01,ch:1:sjyid:100001:18664-001,rail,S-Bahn,S6,S6,18664,Uetikon,Baden,41/42,,2026-10-01 15:01:00+00:00,2026-10-01 15:01:42+00:00,,True,0.7,2026-10-01 16:45:11.901000+02:00,2026-10-01 17:01:00+02:00,2026-10-01 17:01:42+02:00,2026-10-01,17,Thursday,False,15.80165
20261001_144511,2026-10-01 14:45:11.901000+00:00,Zürich,rail,ch:1:sloid:3000,Zürich HB,ch:1:sloid:3000:501:33,2026-10-01,ch:1:sjyid:100001:527-001,rail,InterCity,IC5,IC5,527,Lausanne,Rorschach,33,,2026-10-01 15:02:00+00:00,2026-10-01 15:02:30+00:00,,True,0.5,2026-10-01 16:45:11.901000+02:00,2026-10-01 17:02:00+02:00,2026-10-01 17:02:30+02:00,2026-10-01,17,Thursday,False,16.801650000000002
20261001_144511,2026-10-01 14:45:11.901000+00:00,Zürich,rail,ch:1:sloid:3000,Zürich HB,ch:1:sloid:3000:500:31,2026-10-01,ch:1:sjyid:100001:826-002,rail,InterCity,IC81,IC81,826,Romanshorn,Interlaken Ost,31,,2026-10-01 15:02:00+00:00,2026-10-01 15:02:30+00:00,,True,0.5,2026-10-01 16:45:11.901000+02:00,2026-10-01 17:02:00+02:00,2026-10-01 17:02:30+02:00,2026-10-01,17,Thursday,False,16.801650000000002
20261001_144511,2026-10-01 14:45:11.901000+00:00,Zürich,rail,ch:1:sloid:3000,Zürich HB,ch:1:sloid:3000:500:32,2026-10-01,ch:1:sjyid:100001:530-001,rail,InterCity,IC5,IC5,530,Rorschach,Lausanne,32,,2026-10-01 15:04:00+00:00,2026-10-01 15:04:30+00:00,,True,0.5,2026-10-01 16:45:11.901000+02:00,2026-10-01 17:04:00+02:00,2026-10-01 17:04:30+02:00,2026-10-01,17,Thursday,False,18.80165
20261001_144511,2026-10-01 14:45:11.901000+00:00,Zürich,rail,ch:1:sloid:3000,Zürich HB,ch:1:sloid:3000:503:43,2026-10-01,ch:1:sjyid:100001:18365-001,rail,S-Bahn,S3,S3,18365,Zürich Hardbrücke,Wetzikon ZH,43/44,,2026-10-01 15:04:00+00:00,2026-10-01 15:04:54+00:00,,True,0.9,2026-10-01 16:45:11.901000+02:00,2026-10-01 17:04:00+02:00,2026-10-01 17:04:54+02:00,2026-10-01,17,Thursday,False,18.80165
20261001_144511,2026-10-01 14:45:11.901000+00:00,Zürich,rail,ch:1:sloid:3000,Zürich HB,ch:1:sloid:3000:501:34,2026-10-01,ch:1:sjyid:100001:825-001,rail,InterCity,IC8,IC8,825,Brig,Romanshorn,34,,2026-10-01 15:04:00+00:00,2026-10-01 15:04:30+00:00,,True,0.5,2026-10-01 16:45:11.901000+02:00,2026-10-01 17:04:00+02:00,2026-10-01 17:04:30+02:00,2026-10-01,17,Thursday,False,18.80165
20261001_144511,2026-10-01 14:45:11.901000+00:00,Zürich,rail,ch:1:sloid:3000,Zürich HB,ch:1:sloid:3000:4:7,2026-10-01,ch:1:sjyid:100001:881-001,rail,InterCity,IC2,IC2,881,Zürich HB,Lugano,7,,2026-10-01 15:05:00+00:00,2026-10-01 15:05:30+00:00,,True,0.5,2026-10-01 16:45:11.901000+02:00,2026-10-01 17:05:00+02:00,2026-10-01 17:05:30+02:00,2026-10-01,17,Thursday,False,19.80165
20261001_144511,2026-10-01 14:45:11.901000+00:00,Zürich,rail,ch:1:sloid:3000,Zürich HB,ch:1:sloid:3000:3:5,2026-10-01,ch:1:sjyid:100001:4930-001,rail,RegioExpress,RE48,RE48,4930,Zürich HB,Schaffhausen,5,,2026-10-01 15:05:00+00:00,2026-10-01 15:05:12+00:00,,True,0.2,2026-10-01 16:45:11.901000+02:00,2026-10-01 17:05:00+02:00,2026-10-01 17:05:12+02:00,2026-10-01,17,Thursday,False,19.80165
20261001_144511,2026-10-01 14:45:11.901000+00:00,Zürich,rail,ch:1:sloid:3000,Zürich HB,ch:1:sloid:3000:503:43,2026-10-01,ch:1:sjyid:100001:19063-001,rail,S-Bahn,S23,S23,19063,Zürich HB,Winterthur,43/44,,2026-10-01 15:06:00+00:00,2026-10-01 15:06:42+00:00,,True,0.7,2026-10-01 16:45:11.901000+02:00,2026-10-01 17:06:00+02:00,2026-10-01 17:06:42+02:00,2026-10-01,17,Thursday,False,20.80165
20261001_144511,2026-10-01 14:45:12.848000+00:00,Bern,rail,ch:1:sloid:7000,Bern,ch:1:sloid:7000_gen:ch:1:sloid:7000:1:21_pf:1E-H,2026-10-01,ch:1:sjyid:100015:15160-001,rail,S-Bahn,S1,S1,15160,Thun,Fribourg/Freiburg,1E-H,,2026-10-01 14:45:00+00:00,2026-10-01 14:45:48+00:00,,True,0.8,2026-10-01 16:45:12.848000+02:00,2026-10-01 16:45:00+02:00,2026-10-01 16:45:48+02:00,2026-10-01,16,Thursday,False,-0.21413333333333334
20261001_144511,2026-10-01 14:45:12.848000+00:00,Bern,rail,ch:1:sloid:7000,Bern,ch:1:sloid:7000:501:23,2026-10-01,ch:1:sjyid:100066:SKI-7167,rail,S-Bahn,S7,S7,7167,Bern,Worb Dorf,23,,2026-10-01 14:45:00+00:00,2026-10-01 14:45:00+00:00,,True,0.0,2026-10-01 16:45:12.848000+02:00,2026-10-01 16:45:00+02:00,2026-10-01 16:45:00+02:00,2026-10-01,16,Thursday,False,-0.21413333333333334
20261001_144511,2026-10-01 14:45:12.848000+00:00,Bern,rail,ch:1:sloid:7000,Bern,ch:1:sloid:7000:501:24,2026-10-01,ch:1:sjyid:100066:SKI-9167,rail,S-Bahn,S9,S9,9167,Bern,Unterzollikofen,22,24,2026-10-01 14:46:00+00:00,2026-10-01 14:46:00+00:00,,True,0.0,2026-10-01 16:45:12.848000+02:00,2026-10-01 16:46:00+02:00,2026-10-01 16:46:00+02:00,2026-10-01,16,Thursday,False,0.7858666666666667
20261001_144511,2026-10-01 14:45:12.848000+00:00,Bern,rail,ch:1:sloid:7000,Bern,ch:1:sloid:7000_gen:ch:1:sloid:7000:6:33_pf:13D-F,2026-10-01,ch:1:sjyid:100015:16363-002,rail,S-Bahn,S31,S31,16363,Wabern bei Bern,Biel/Bienne,13D-F,,2026-10-01 14:46:00+00:00,2026-10-01 14:46:12+00:00,,True,0.2,2026-10-01 16:45:12.848000+02:00,2026-10-01 16:46:00+02:00,2026-10-01 16:46:12+02:00,2026-10-01,16,Thursday,False,0.7858666666666667
20261001_144511,2026-10-01 14:45:12.848000+00:00,Bern,rail,ch:1:sloid:7000,Bern,ch:1:sloid:7000_gen:ch:1:sloid:7000:3:5_pf:5A-C,2026-10-01,ch:1:sjyid:100015:16360-002,rail,S-Bahn,S31,S31,16360,Biel/Bienne,Wabern bei Bern,5A-C,,2026-10-01 14:47:00+00:00,2026-10-01 14:47:12+00:00,,True,0.2,2026-10-01 16:45:12.848000+02:00,2026-10-01 16:47:00+02:00,2026-10-01 16:47:12+02:00,2026-10-01,16,Thursday,False,1.7858666666666667
20261001_144511,2026-10-01 14:45:12.848000+00:00,Bern,rail,ch:1:sloid:7000,Bern,ch:1:sloid:7000:5:10,2026-10-01,ch:1:sjyid:100015:15161-001,rail,S-Bahn,S1,S1,15161,Fribourg/Freiburg,Thun,10,,2026-10-01 14:47:00+00:00,2026-10-01 14:47:30+00:00,,True,0.5,2026-10-01 16:45:12.848000+02:00,2026-10-01 16:47:00+02:00,2026-10-01 16:47:30+02:00,2026-10-01,16,Thursday,False,1.7858666666666667
20261001_144511,2026-10-01 14:45:12.848000+00:00,Bern,rail,ch:1:sloid:7000,Bern,ch:1:sloid:7000:1:1,2026-10-01,ch:1:sjyid:100015:15262-001,rail,S-Bahn,S2,S2,15262,Langnau i.E.,Laupen BE,1A-D,,2026-10-01 14:50:00+00:00,2026-10-01 14:50:18+00:00,,True,0.3,2026-10-01 16:45:12.848000+02:00,2026-10-01 16:50:00+02:00,2026-10-01 16:50:18+02:00,2026-10-01,16,Thursday,False,4.785866666666666
20261001_144511,2026-10-01 14:45:12.848000+00:00,Bern,rail,ch:1:sloid:7000,Bern,ch:1:sloid:7000:500:21,2026-10-01,ch:1:sjyid:100066:SKI-1167,rail,RegioExpress,RE5,RE5,1167,Bern,Solothurn,21,,2026-10-01 14:50:00+00:00,2026-10-01 14:50:00+00:00,,True,0.0,2026-10-01 16:45:12.848000+02:00,2026-10-01 16:50:00+02:00,2026-10-01 16:50:00+02:00,2026-10-01,16,Thursday,False,4.785866666666666
20261001_144511,2026-10-01 14:45:12.848000+00:00,Bern,rail,ch:1:sloid:7000,Bern,ch:1:sloid:7000:6:12,2026-10-01,ch:1:sjyid:100015:16461-001,rail,S-Bahn,S44,S44,16461,Thun,Solothurn/Sumiswald-Grünen,12,,2026-10-01 14:50:00+00:00,2026-10-01 14:58:48+00:00,,True,8.8,2026-10-01 16:45:12.848000+02:00,2026-10-01 16:50:00+02:00,2026-10-01 16:58:48+02:00,2026-10-01,16,Thursday,False,4.785866666666666
20261001_144511,2026-10-01 14:45:12.848000+00:00,Bern,rail,ch:1:sloid:7000,Bern,ch:1:sloid:7000:501:23,2026-10-01,ch:1:sjyid:100066:SKI-7667,rail,S-Bahn,S7,S7,7667,Bern,Bolligen,23,,2026-10-01 14:52:00+00:00,2026-10-01 14:52:00+00:00,,True,0.0,2026-10-01 16:45:12.848000+02:00,2026-10-01 16:52:00+02:00,2026-10-01 16:52:00+02:00,2026-10-01,16,Thursday,False,6.785866666666666
20261001_144511,2026-10-01 14:45:12.848000+00:00,Bern,rail,ch:1:sloid:7000,Bern,ch:1:sloid:7000:3:6,2026-10-01,ch:1:sjyid:100015:3230-001,rail,InterRegio,IR66,IR66,3230,Bern,La Chaux-de-Fonds,6,,2026-10-01 14:53:00+00:00,2026-10-01 14:53:12+00:00,,True,0.2,2026-10-01 16:45:12.848000+02:00,2026-10-01 16:53:00+02:00,2026-10-01 16:53:12+02:00,2026-10-01,16,Thursday,False,7.785866666666666
20261001_144511,2026-10-01 14:45:12.848000+00:00,Bern,rail,ch:1:sloid:7000,Bern,ch:1:sloid:7000:501:24,2026-10-01,ch:1:sjyid:100066:SKI-8167,rail,S-Bahn,S8,S8,8167,Bern,Jegenstorf,24,,2026-10-01 14:54:00+00:00,2026-10-01 14:54:00+00:00,,True,0.0,2026-10-01 16:45:12.848000+02:00,2026-10-01 16:54:00+02:00,2026-10-01 16:54:00+02:00,2026-10-01,16,Thursday,False,8.785866666666667
20261001_144511,2026-10-01 14:45:12.848000+00:00,Bern,rail,ch:1:sloid:7000,Bern,ch:1:sloid:7000_gen:ch:1:sloid:7000:6:13_pf:13AB,2026-10-01,ch:1:sjyid:100015:15065-001,rail,S-Bahn,S22,S22,15065,Bern,Langnau i.E.,13AB,,2026-10-01 14:56:00+00:00,2026-10-01 14:56:12+00:00,,True,0.2,2026-10-01 16:45:12.848000+02:00,2026-10-01 16:56:00+02:00,2026-10-01 16:56:12+02:00,2026-10-01,16,Thursday,False,10.785866666666667
20261001_144511,2026-10-01 14:45:12.848000+00:00,Bern,rail,ch:1:sloid:7000,Bern,ch:1:sloid:7000:5:10,2026-10-01,ch:1:sjyid:100001:2527-001,rail,InterRegio,IR15,IR15,2527,Genève-Aéroport,Luzern,10,,2026-10-01 15:00:00+00:00,2026-10-01 15:03:06+00:00,,True,3.1,2026-10-01 16:45:12.848000+02:00,2026-10-01 17:00:00+02:00,2026-10-01 17:03:06+02:00,2026-10-01,17,Thursday,False,14.785866666666667
20261001_144511,2026-10-01 14:45:12.848000+00:00,Bern,rail,ch:1:sloid:7000,Bern,ch:1:sloid:7000:501:23,2026-10-01,ch:1:sjyid:100066:SKI-7171,rail,S-Bahn,S7,S7,7171,Bern,Worb Dorf,23,,2026-10-01 15:00:00+00:00,2026-10-01 15:00:00+00:00,,True,0.0,2026-10-01 16:45:12.848000+02:00,2026-10-01 17:00:00+02:00,2026-10-01 17:00:00+02:00,2026-10-01,17,Thursday,False,14.785866666666667
20261001_144511,2026-10-01 14:45:12.848000+00:00,Bern,rail,ch:1:sloid:7000,Bern,ch:1:sloid:7000:6:12,2026-10-01,ch:1:sjyid:100015:15365-001,rail,S-Bahn,S3,S3,15365,Belp,Biel/Bienne,12,,2026-10-01 15:00:00+00:00,2026-10-01 15:00:30+00:00,,True,0.5,2026-10-01 16:45:12.848000+02:00,2026-10-01 17:00:00+02:00,2026-10-01 17:00:30+02:00,2026-10-01,17,Thursday,False,14.785866666666667
20261001_144511,2026-10-01 14:45:12.848000+00:00,Bern,rail,ch:1:sloid:7000,Bern,ch:1:sloid:7000:501:24,2026-10-01,ch:1:sjyid:100066:SKI-9171,rail,S-Bahn,S9,S9,9171,Bern,Unterzollikofen,22,24,2026-10-01 15:01:00+00:00,2026-10-01 15:01:00+00:00,,True,0.0,2026-10-01 16:45:12.848000+02:00,2026-10-01 17:01:00+02:00,2026-10-01 17:01:00+02:00,2026-10-01,17,Thursday,False,15.785866666666667
20261001_144511,2026-10-01 14:45:12.848000+00:00,Bern,rail,ch:1:sloid:7000,Bern,ch:1:sloid:7000:1:2,2026-10-01,ch:1:sjyid:100001:827-002,rail,InterCity,IC81,IC81,827,Interlaken Ost,Romanshorn,2,,2026-10-01 15:02:00+00:00,2026-10-01 15:02:36+00:00,,True,0.6,2026-10-01 16:45:12.848000+02:00,2026-10-01 17:02:00+02:00,2026-10-01 17:02:36+02:00,2026-10-01,17,Thursday,False,16.785866666666667
20261001_144511,2026-10-01 14:45:12.848000+00:00,Bern,rail,ch:1:sloid:7000,Bern,ch:1:sloid:7000:1:1,2026-10-01,ch:1:sjyid:100015:15362-001,rail,S-Bahn,S3,S3,15362,Biel/Bienne,Belp,1A-D,,2026-10-01 15:02:00+00:00,2026-10-01 15:02:12+00:00,,True,0.2,2026-10-01 16:45:12.848000+02:00,2026-10-01 17:02:00+02:00,2026-10-01 17:02:12+02:00,2026-10-01,17,Thursday,False,16.785866666666667
20261001_144511,2026-10-01 14:45:12.848000+00:00,Bern,rail,ch:1:sloid:7000,Bern,ch:1:sloid:7000:3:5,2026-10-01,ch:1:sjyid:100001:978-001,rail,InterCity,IC6,IC6,978,Brig,Basel SBB,5,,2026-10-01 15:04:00+00:00,2026-10-01 15:05:00+00:00,,True,1.0,2026-10-01 16:45:12.848000+02:00,2026-10-01 17:04:00+02:00,2026-10-01 17:05:00+02:00,2026-10-01,17,Thursday,False,18.785866666666667
20261001_144511,2026-10-01 14:45:12.848000+00:00,Bern,rail,ch:1:sloid:7000,Bern,ch:1:sloid:7000:4:7,2026-10-01,ch:1:sjyid:100001:2528-001,rail,InterRegio,IR15,IR15,2528,Luzern,Genève-Aéroport,7,,2026-10-01 15:04:00+00:00,2026-10-01 15:04:36+00:00,,True,0.6,2026-10-01 16:45:12.848000+02:00,2026-10-01 17:04:00+02:00,2026-10-01 17:04:36+02:00,2026-10-01,17,Thursday,False,18.785866666666667
20261001_144511,2026-10-01 14:45:12.848000+00:00,Bern,rail,ch:1:sloid:7000,Bern,ch:1:sloid:7000:4:8,2026-10-01,ch:1:sjyid:100001:977-001,rail,InterCity,IC61,IC61,977,Basel SBB,Interlaken Ost,8,,2026-10-01 15:04:00+00:00,2026-10-01 15:04:42+00:00,,True,0.7,2026-10-01 16:45:12.848000+02:00,2026-10-01 17:04:00+02:00,2026-10-01 17:04:42+02:00,2026-10-01,17,Thursday,False,18.785866666666667
20261001_144511,2026-10-01 14:45:12.848000+00:00,Bern,rail,ch:1:sloid:7000,Bern,ch:1:sloid:7000:500:21,2026-10-01,ch:1:sjyid:100066:SKI-1171,rail,RegioExpress,RE5,RE5,1171,Bern,Solothurn,21,,2026-10-01 15:05:00+00:00,2026-10-01 15:05:00+00:00,,True,0.0,2026-10-01 16:45:12.848000+02:00,2026-10-01 17:05:00+02:00,2026-10-01 17:05:00+02:00,2026-10-01,17,Thursday,False,19.785866666666667
20261001_144511,2026-10-01 14:45:12.848000+00:00,Bern,rail,ch:1:sloid:7000,Bern,ch:1:sloid:7000:6:32,2026-10-01,ch:1:sjyid:100015:15664-001,rail,S-Bahn,S6,S6,15664,Bern,Schwarzenburg,12D-F,,2026-10-01 15:06:00+00:00,2026-10-01 15:06:12+00:00,,True,0.2,2026-10-01 16:45:12.848000+02:00,2026-10-01 17:06:00+02:00,2026-10-01 17:06:12+02:00,2026-10-01,17,Thursday,False,20.785866666666667
20261001_144511,2026-10-01 14:45:12.848000+00:00,Bern,rail,ch:1:sloid:7000,Bern,ch:1:sloid:7000:3:6,2026-10-01,ch:1:sjyid:100001:824-001,rail,InterCity,IC8,IC8,824,Romanshorn,Brig,6,,2026-10-01 15:07:00+00:00,2026-10-01 15:07:42+00:00,,True,0.7,2026-10-01 16:45:12.848000+02:00,2026-10-01 17:07:00+02:00,2026-10-01 17:07:42+02:00,2026-10-01,17,Thursday,False,21.785866666666667
20261001_144511,2026-10-01 14:45:12.848000+00:00,Bern,rail,ch:1:sloid:7000,Bern,ch:1:sloid:7000:5:9,2026-10-01,ch:1:sjyid:100015:2831-001,rail,InterRegio,IR17,IR17,2831,Bern,Olten,9,,2026-10-01 15:07:00+00:00,2026-10-01 15:07:30+00:00,,True,0.5,2026-10-01 16:45:12.848000+02:00,2026-10-01 17:07:00+02:00,2026-10-01 17:07:30+02:00,2026-10-01,17,Thursday,False,21.785866666666667
20261001_144511,2026-10-01 14:45:12.848000+00:00,Bern,rail,ch:1:sloid:7000,Bern,ch:1:sloid:7000:501:23,2026-10-01,ch:1:sjyid:100066:SKI-7671,rail,S-Bahn,S7,S7,7671,Bern,Bolligen,23,,2026-10-01 15:07:00+00:00,2026-10-01 15:07:00+00:00,,True,0.0,2026-10-01 16:45:12.848000+02:00,2026-10-01 17:07:00+02:00,2026-10-01 17:07:00+02:00,2026-10-01,17,Thursday,False,21.785866666666667
20261001_144511,2026-10-01 14:45:12.848000+00:00,Bern,rail,ch:1:sloid:7000,Bern,ch:1:sloid:7000_gen:ch:1:sloid:7000:6:12_pf:12A-C,2026-10-01,ch:1:sjyid:100015:15564-001,rail,S-Bahn,S5,S5,15564,Bern,Neuchâtel/Avenches,12A-C,,2026-10-01 15:08:00+00:00,2026-10-01 15:08:12+00:00,,True,0.2,2026-10-01 16:45:12.848000+02:00,2026-10-01 17:08:00+02:00,2026-10-01 17:08:12+02:00,2026-10-01,17,Thursday,False,22.785866666666667
20261001_144511,2026-10-01 14:45:12.848000+00:00,Bern,rail,ch:1:sloid:7000,Bern,ch:1:sloid:7000_gen:ch:1:sloid:7000:2:4_pf:4F-H,2026-10-01,ch:1:sjyid:100034:3828-001,rail,RegioExpress,RE2,RE2,3828,Bern,Broc-Chocolaterie,4F-H,,2026-10-01 15:09:00+00:00,2026-10-01 15:09:12+00:00,,True,0.2,2026-10-01 16:45:12.848000+02:00,2026-10-01 17:09:00+02:00,2026-10-01 17:09:12+02:00,2026-10-01,17,Thursday,False,23.785866666666667
20261001_144511,2026-10-01 14:45:12.848000+00:00,Bern,rail,ch:1:sloid:7000,Bern,ch:1:sloid:7000:501:24,2026-10-01,ch:1:sjyid:100066:SKI-8171,rail,S-Bahn,S8,S8,8171,Bern,Bätterkinden,24,,2026-10-01 15:09:00+00:00,2026-10-01 15:09:00+00:00,,True,0.0,2026-10-01 16:45:12.848000+02:00,2026-10-01 17:09:00+02:00,2026-10-01 17:09:00+02:00,2026-10-01,17,Thursday,False,23.785866666666667
20261001_144511,2026-10-01 14:45:13.400000+00:00,Basel,rail,ch:1:sloid:10,Basel SBB,ch:1:sloid:10:7:15,2026-10-01,ch:1:sjyid:100001:17561-002,rail,S-Bahn,S33,S33,17561,Basel SBB,Sissach,15,,2026-10-01 14:45:00+00:00,2026-10-01 14:45:30+00:00,,True,0.5,2026-10-01 16:45:13.400000+02:00,2026-10-01 16:45:00+02:00,2026-10-01 16:45:30+02:00,2026-10-01,16,Thursday,False,-0.22333333333333333
20261001_144511,2026-10-01 14:45:13.400000+00:00,Basel,rail,ch:1:sloid:10,Basel SBB,ch:1:sloid:10:5:10,2026-10-01,ch:1:sjyid:100001:70-001,rail,InterCityExpress,ICE,ICE,70,Basel SBB,Hamburg Hbf,10,,2026-10-01 14:46:00+00:00,2026-10-01 14:46:42+00:00,,True,0.7,2026-10-01 16:45:13.400000+02:00,2026-10-01 16:46:00+02:00,2026-10-01 16:46:42+02:00,2026-10-01,16,Thursday,False,0.7766666666666667
20261001_144511,2026-10-01 14:45:13.400000+00:00,Basel,rail,ch:1:sloid:10,Basel SBB,ch:1:sloid:10:6:12,2026-10-01,ch:1:sjyid:100001:17263-001,rail,S-Bahn,S1,S1,17263,Basel SBB,Laufenburg,12,,2026-10-01 14:49:00+00:00,2026-10-01 14:49:12+00:00,,True,0.2,2026-10-01 16:45:13.400000+02:00,2026-10-01 16:49:00+02:00,2026-10-01 16:49:12+02:00,2026-10-01,16,Thursday,False,3.7766666666666664
20261001_144511,2026-10-01 14:45:13.400000+00:00,Basel,rail,ch:1:sloid:10,Basel SBB,ch:1:sloid:10:1:1,2026-10-01,ch:1:sjyid:100001:17065-001,rail,S-Bahn,S11,S11,17065,Basel SBB,Stein-Säckingen,1,,2026-10-01 14:55:00+00:00,2026-10-01 14:55:12+00:00,,True,0.2,2026-10-01 16:45:13.400000+02:00,2026-10-01 16:55:00+02:00,2026-10-01 16:55:12+02:00,2026-10-01,16,Thursday,False,9.776666666666667
20261001_144511,2026-10-01 14:45:13.400000+00:00,Basel,rail,ch:1:sloid:10,Basel SBB,ch:1:sloid:10:2:4,2026-10-01,ch:1:sjyid:100001:107-002,rail,InterCityExpress,ICE,ICE,107,Basel Bad Bf,Brig,4,,2026-10-01 14:58:00+00:00,2026-10-01 14:58:42+00:00,,True,0.7,2026-10-01 16:45:13.400000+02:00,2026-10-01 16:58:00+02:00,2026-10-01 16:58:42+02:00,2026-10-01,16,Thursday,False,12.776666666666667
20261001_144511,2026-10-01 14:45:13.400000+00:00,Basel,rail,ch:1:sloid:10,Basel SBB,ch:1:sloid:10:0:19,2026-10-01,ch:1:sjyid:100001:17361-001,rail,S-Bahn,S3,S3,17361,Laufen,Olten,19A-D,,2026-10-01 15:00:00+00:00,2026-10-01 15:00:12+00:00,,True,0.2,2026-10-01 16:45:13.400000+02:00,2026-10-01 17:00:00+02:00,2026-10-01 17:00:12+02:00,2026-10-01,17,Thursday,False,14.776666666666667
20261001_144511,2026-10-01 14:45:13.400000+00:00,Basel,rail,ch:1:sloid:10,Basel SBB,ch:1:sloid:10:0:20,2026-10-01,ch:1:sjyid:100015:1876-001,rail,InterRegio,IR56,IR56,1876,Basel SBB,Biel/Bienne,20,,2026-10-01 15:02:00+00:00,2026-10-01 15:02:12+00:00,,True,0.2,2026-10-01 16:45:13.400000+02:00,2026-10-01 17:02:00+02:00,2026-10-01 17:02:12+02:00,2026-10-01,17,Thursday,False,16.776666666666667
20261001_144511,2026-10-01 14:45:13.400000+00:00,Basel,rail,ch:1:sloid:10,Basel SBB,ch:1:sloid:10:3:5,2026-10-01,ch:1:sjyid:100001:683-001,rail,InterCity,IC21,IC21,683,Basel SBB,Lugano,5,,2026-10-01 15:04:00+00:00,2026-10-01 15:04:42+00:00,,True,0.7,2026-10-01 16:45:13.400000+02:00,2026-10-01 17:04:00+02:00,2026-10-01 17:04:42+02:00,2026-10-01,17,Thursday,False,18.776666666666664
20261001_144511,2026-10-01 14:45:13.400000+00:00,Basel,rail,ch:1:sloid:10,Basel SBB,ch:1:sloid:10:1:2,2026-10-01,ch:1:sjyid:100308:87848-001,rail,S-Bahn,S6,S6,87848,Basel SBB,Zell (Wiesental),2,,2026-10-01 15:06:00+00:00,2026-10-01 15:06:12+00:00,,True,0.2,2026-10-01 16:45:13.400000+02:00,2026-10-01 17:06:00+02:00,2026-10-01 17:06:12+02:00,2026-10-01,17,Thursday,False,20.776666666666664
20261001_144511,2026-10-01 14:45:13.400000+00:00,Basel,rail,ch:1:sloid:10,Basel SBB,ch:1:sloid:10:6:11,2026-10-01,ch:1:sjyid:100001:1981-001,rail,InterRegio,IR36,IR36,1981,Basel SBB,Zürich HB,11,,2026-10-01 15:07:00+00:00,2026-10-01 15:07:42+00:00,,True,0.7,2026-10-01 16:45:13.400000+02:00,2026-10-01 17:07:00+02:00,2026-10-01 17:07:42+02:00,2026-10-01,17,Thursday,False,21.776666666666664
20261001_144511,2026-10-01 14:45:13.400000+00:00,Basel,rail,ch:1:sloid:10,Basel SBB,ch:1:sloid:10:4:8,2026-10-01,ch:1:sjyid:100001:781-001,rail,InterCity,IC3,IC3,781,Basel SBB,Chur,8,,2026-10-01 15:07:00+00:00,2026-10-01 15:07:48+00:00,,True,0.8,2026-10-01 16:45:13.400000+02:00,2026-10-01 17:07:00+02:00,2026-10-01 17:07:48+02:00,2026-10-01,17,Thursday,False,21.776666666666664
20261001_144511,2026-10-01 14:45:13.400000+00:00,Basel,rail,ch:1:sloid:10,Basel SBB,ch:1:sloid:10:22:33,2026-10-01,ch:1:sjyid:100001:96128-001,rail,Train Express Regional,TER,TER,96128,Basel SBB,Mulhouse,33,,2026-10-01 15:08:00+00:00,2026-10-01 15:08:18+00:00,,True,0.3,2026-10-01 16:45:13.400000+02:00,2026-10-01 17:08:00+02:00,2026-10-01 17:08:18+02:00,2026-10-01,17,Thursday,False,22.776666666666664
20261001_144511,2026-10-01 14:45:13.400000+00:00,Basel,rail,ch:1:sloid:10,Basel SBB,ch:1:sloid:10:8:16,2026-10-01,ch:1:sjyid:100001:17360-001,rail,S-Bahn,S3,S3,17360,Olten,Laufen,16,,2026-10-01 15:08:00+00:00,2026-10-01 15:08:12+00:00,,True,0.2,2026-10-01 16:45:13.400000+02:00,2026-10-01 17:08:00+02:00,2026-10-01 17:08:12+02:00,2026-10-01,17,Thursday,False,22.776666666666664
20261001_144511,2026-10-01 14:45:13.400000+00:00,Basel,rail,ch:1:sloid:10,Basel SBB,ch:1:sloid:10_gen:ch:1:sloid:10:8:16_pf:16A-C,2026-10-01,ch:1:sjyid:100001:17084-001,rail,S-Bahn,S31,S31,17084,Basel SBB,Laufen,16A-C,,2026-10-01 15:14:00+00:00,2026-10-01 15:14:12+00:00,,True,0.2,2026-10-01 16:45:13.400000+02:00,2026-10-01 17:14:00+02:00,2026-10-01 17:14:12+02:00,2026-10-01,17,Thursday,False,28.776666666666664
20261001_144511,2026-10-01 14:45:13.400000+00:00,Basel,rail,ch:1:sloid:10,Basel SBB,ch:1:sloid:10:7:14,2026-10-01,ch:1:sjyid:100001:17563-001,rail,S-Bahn,S33,S33,17563,Basel SBB,Liestal,14,,2026-10-01 15:15:00+00:00,2026-10-01 15:15:30+00:00,,True,0.5,2026-10-01 16:45:13.400000+02:00,2026-10-01 17:15:00+02:00,2026-10-01 17:15:30+02:00,2026-10-01,17,Thursday,False,29.776666666666664
20261001_144511,2026-10-01 14:45:13.400000+00:00,Basel,rail,ch:1:sloid:10,Basel SBB,ch:1:sloid:10:2:3,2026-10-01,ch:1:sjyid:100001:2481-001,rail,InterRegio,IR27,IR27,2481,Basel SBB,Luzern,3,,2026-10-01 15:16:00+00:00,2026-10-01 15:16:42+00:00,,True,0.7,2026-10-01 16:45:13.400000+02:00,2026-10-01 17:16:00+02:00,2026-10-01 17:16:42+02:00,2026-10-01,17,Thursday,False,30.776666666666664
20261001_144511,2026-10-01 14:45:13.400000+00:00,Basel,rail,ch:1:sloid:10,Basel SBB,ch:1:sloid:10:4:7,2026-10-01,ch:1:sjyid:100001:102-001,rail,InterCityExpress,ICE,ICE,102,Chur,Köln Hbf,7,,2026-10-01 15:16:00+00:00,2026-10-01 15:16:42+00:00,,True,0.7,2026-10-01 16:45:13.400000+02:00,2026-10-01 17:16:00+02:00,2026-10-01 17:16:42+02:00,2026-10-01,17,Thursday,False,30.776666666666664
20261001_144511,2026-10-01 14:45:13.400000+00:00,Basel,rail,ch:1:sloid:10,Basel SBB,ch:1:sloid:10:6:12,2026-10-01,ch:1:sjyid:100001:17165-001,rail,S-Bahn,S1,S1,17165,Basel SBB,Frick,12,,2026-10-01 15:19:00+00:00,2026-10-01 15:19:12+00:00,,True,0.2,2026-10-01 16:45:13.400000+02:00,2026-10-01 17:19:00+02:00,2026-10-01 17:19:12+02:00,2026-10-01,17,Thursday,False,33.776666666666664
20261001_144511,2026-10-01 14:45:13.400000+00:00,Basel,rail,ch:1:sloid:10,Basel SBB,ch:1:sloid:10:21:31,2026-10-01,ch:1:sjyid:100001:96234-001,rail,Train Express Regional,TER,TER,96234,Basel SBB,Strasbourg,31,,2026-10-01 15:21:00+00:00,2026-10-01 15:21:30+00:00,,True,0.5,2026-10-01 16:45:13.400000+02:00,2026-10-01 17:21:00+02:00,2026-10-01 17:21:30+02:00,2026-10-01,17,Thursday,False,35.776666666666664
20261001_144511,2026-10-01 14:45:13.400000+00:00,Basel,rail,ch:1:sloid:10,Basel SBB,ch:1:sloid:10:1:1,2026-10-01,ch:1:sjyid:100001:17067-001,rail,S-Bahn,S11,S11,17067,Basel SBB,Stein-Säckingen,1,,2026-10-01 15:26:00+00:00,2026-10-01 15:26:12+00:00,,True,0.2,2026-10-01 16:45:13.400000+02:00,2026-10-01 17:26:00+02:00,2026-10-01 17:26:12+02:00,2026-10-01,17,Thursday,False,40.776666666666664
20261001_144511,2026-10-01 14:45:13.400000+00:00,Basel,rail,ch:1:sloid:10,Basel SBB,ch:1:sloid:10:0:19,2026-10-01,ch:1:sjyid:100001:17363-001,rail,S-Bahn,S3,S3,17363,Laufen,Olten,19,,2026-10-01 15:30:00+00:00,2026-10-01 15:30:12+00:00,,True,0.2,2026-10-01 16:45:13.400000+02:00,2026-10-01 17:30:00+02:00,2026-10-01 17:30:12+02:00,2026-10-01,17,Thursday,False,44.776666666666664
20261001_144511,2026-10-01 14:45:13.400000+00:00,Basel,rail,ch:1:sloid:10,Basel SBB,ch:1:sloid:10:5:9,2026-10-01,ch:1:sjyid:100001:67-001,rail,EuroCity,EC,EC,67,Basel SBB,Milano Centrale,9,,2026-10-01 15:30:00+00:00,,,False,,2026-10-01 16:45:13.400000+02:00,2026-10-01 17:30:00+02:00,,2026-10-01,17,Thursday,False,44.776666666666664
20261001_144511,2026-10-01 14:45:13.400000+00:00,Basel,rail,ch:1:sloid:10,Basel SBB,ch:1:sloid:10:0:20,2026-10-01,ch:1:sjyid:100001:1632-001,rail,InterCity,IC51,IC51,1632,Basel SBB,Lausanne,20,,2026-10-01 15:32:00+00:00,2026-10-01 15:32:42+00:00,,True,0.7,2026-10-01 16:45:13.400000+02:00,2026-10-01 17:32:00+02:00,2026-10-01 17:32:42+02:00,2026-10-01,17,Thursday,False,46.776666666666664
20261001_144511,2026-10-01 14:45:13.400000+00:00,Basel,rail,ch:1:sloid:10,Basel SBB,ch:1:sloid:10:4:7,2026-10-01,ch:1:sjyid:100001:581-001,rail,InterCity,IC3,IC3,581,Basel SBB,Chur,7,,2026-10-01 15:33:00+00:00,2026-10-01 15:33:48+00:00,,True,0.8,2026-10-01 16:45:13.400000+02:00,2026-10-01 17:33:00+02:00,2026-10-01 17:33:48+02:00,2026-10-01,17,Thursday,False,47.776666666666664
20261001_144511,2026-10-01 14:45:13.400000+00:00,Basel,rail,ch:1:sloid:10,Basel SBB,ch:1:sloid:10:1:2,2026-10-01,ch:1:sjyid:100308:87850-001,rail,S-Bahn,S6,S6,87850,Basel SBB,Zell (Wiesental),2,,2026-10-01 15:35:00+00:00,2026-10-01 15:35:12+00:00,,True,0.2,2026-10-01 16:45:13.400000+02:00,2026-10-01 17:35:00+02:00,2026-10-01 17:35:12+02:00,2026-10-01,17,Thursday,False,49.776666666666664
20261001_144511,2026-10-01 14:45:13.400000+00:00,Basel,rail,ch:1:sloid:10,Basel SBB,ch:1:sloid:10:3:5,2026-10-01,ch:1:sjyid:100001:2081-001,rail,InterRegio,IR36,IR36,2081,Basel SBB,Zürich Flughafen,5,,2026-10-01 15:36:00+00:00,2026-10-01 15:36:42+00:00,,True,0.7,2026-10-01 16:45:13.400000+02:00,2026-10-01 17:36:00+02:00,2026-10-01 17:36:42+02:00,2026-10-01,17,Thursday,False,50.776666666666664
20261001_144511,2026-10-01 14:45:13.400000+00:00,Basel,rail,ch:1:sloid:10,Basel SBB,ch:1:sloid:10:22:33,2026-10-01,ch:1:sjyid:100001:96130-001,rail,Train Express Regional,TER,TER,96130,Basel SBB,Mulhouse,33,,2026-10-01 15:38:00+00:00,2026-10-01 15:38:18+00:00,,True,0.3,2026-10-01 16:45:13.400000+02:00,2026-10-01 17:38:00+02:00,2026-10-01 17:38:18+02:00,2026-10-01,17,Thursday,False,52.776666666666664
20261001_144511,2026-10-01 14:45:13.400000+00:00,Basel,rail,ch:1:sloid:10,Basel SBB,ch:1:sloid:10:8:16,2026-10-01,ch:1:sjyid:100001:17362-001,rail,S-Bahn,S3,S3,17362,Olten,Laufen,16,,2026-10-01 15:38:00+00:00,2026-10-01 15:38:12+00:00,,True,0.2,2026-10-01 16:45:13.400000+02:00,2026-10-01 17:38:00+02:00,2026-10-01 17:38:12+02:00,2026-10-01,17,Thursday,False,52.776666666666664
20261001_144511,2026-10-01 14:45:13.400000+00:00,Basel,rail,ch:1:sloid:10,Basel SBB,ch:1:sloid:10:6:11,2026-10-01,ch:1:sjyid:100001:2281-001,rail,InterRegio,IR37,IR37,2281,Basel SBB,Zürich HB,11,,2026-10-01 15:43:00+00:00,2026-10-01 15:43:48+00:00,,True,0.8,2026-10-01 16:45:13.400000+02:00,2026-10-01 17:43:00+02:00,2026-10-01 17:43:48+02:00,2026-10-01,17,Thursday,False,57.776666666666664
20261001_144511,2026-10-01 14:45:13.400000+00:00,Basel,rail,ch:1:sloid:10,Basel SBB,ch:1:sloid:10:7:15,2026-10-01,ch:1:sjyid:100001:17565-002,rail,S-Bahn,S33,S33,17565,Basel SBB,Sissach,15,,2026-10-01 15:45:00+00:00,2026-10-01 15:45:30+00:00,,True,0.5,2026-10-01 16:45:13.400000+02:00,2026-10-01 17:45:00+02:00,2026-10-01 17:45:30+02:00,2026-10-01,17,Thursday,False,59.776666666666664
20261001_144511,2026-10-01 14:45:13.876000+00:00,Luzern,rail,ch:1:sloid:5000,Luzern,ch:1:sloid:5000:7:15,2026-10-01,ch:1:sjyid:100064:22470-001,rail,S-Bahn,S41,S41,22470,Luzern,Horw,15,,2026-10-01 14:49:00+00:00,2026-10-01 14:49:12+00:00,,True,0.2,2026-10-01 16:45:13.876000+02:00,2026-10-01 16:49:00+02:00,2026-10-01 16:49:12+02:00,2026-10-01,16,Thursday,False,3.768733333333333
20261001_144511,2026-10-01 14:45:13.876000+00:00,Luzern,rail,ch:1:sloid:5000,Luzern,ch:1:sloid:5000:2:4,2026-10-01,ch:1:sjyid:100001:21156-003,rail,S-Bahn,S1,S1,21156,Sursee,Baar,4,,2026-10-01 14:51:00+00:00,2026-10-01 14:51:12+00:00,,True,0.2,2026-10-01 16:45:13.876000+02:00,2026-10-01 16:51:00+02:00,2026-10-01 16:51:12+02:00,2026-10-01,16,Thursday,False,5.7687333333333335
20261001_144511,2026-10-01 14:45:13.876000+00:00,Luzern,rail,ch:1:sloid:5000,Luzern,ch:1:sloid:5000:3:7,2026-10-01,ch:1:sjyid:100061:2328-001,rail,Treno Gottardo,IR26,IR26,2328,Locarno,Basel SBB,7,,2026-10-01 14:54:00+00:00,2026-10-01 14:54:30+00:00,,True,0.5,2026-10-01 16:45:13.876000+02:00,2026-10-01 16:54:00+02:00,2026-10-01 16:54:30+02:00,2026-10-01,16,Thursday,False,8.768733333333333
20261001_144511,2026-10-01 14:45:13.876000+00:00,Luzern,rail,ch:1:sloid:5000,Luzern,ch:1:sloid:5000:2:5,2026-10-01,ch:1:sjyid:100015:4480-001,rail,RegioExpress,RE7,RE7,4480,Luzern,Wolhusen,5,,2026-10-01 14:57:00+00:00,2026-10-01 14:57:12+00:00,,True,0.2,2026-10-01 16:45:13.876000+02:00,2026-10-01 16:57:00+02:00,2026-10-01 16:57:12+02:00,2026-10-01,16,Thursday,False,11.768733333333333
20261001_144511,2026-10-01 14:45:13.876000+00:00,Luzern,rail,ch:1:sloid:5000,Luzern,ch:1:sloid:5000:6:13,2026-10-01,ch:1:sjyid:100064:21464-001,rail,S-Bahn,S4,S4,21464,Luzern,Stansstad,13,,2026-10-01 14:57:00+00:00,2026-10-01 14:57:12+00:00,,True,0.2,2026-10-01 16:45:13.876000+02:00,2026-10-01 16:57:00+02:00,2026-10-01 16:57:12+02:00,2026-10-01,16,Thursday,False,11.768733333333333
20261001_144511,2026-10-01 14:45:13.876000+00:00,Luzern,rail,ch:1:sloid:5000,Luzern,ch:1:sloid:5000:4:8,2026-10-01,ch:1:sjyid:100001:2530-001,rail,InterRegio,IR15,IR15,2530,Luzern,Genève-Aéroport,8,,2026-10-01 15:00:00+00:00,2026-10-01 15:00:36+00:00,,True,0.6,2026-10-01 16:45:13.876000+02:00,2026-10-01 17:00:00+02:00,2026-10-01 17:00:36+02:00,2026-10-01,17,Thursday,False,14.768733333333333
20261001_144511,2026-10-01 14:45:13.876000+00:00,Luzern,rail,ch:1:sloid:5000,Luzern,ch:1:sloid:5000:5:10,2026-10-01,ch:1:sjyid:100001:21964-001,rail,S-Bahn,S9,S9,21964,Luzern,Lenzburg,10,,2026-10-01 15:02:00+00:00,2026-10-01 15:02:30+00:00,,True,0.5,2026-10-01 16:45:13.876000+02:00,2026-10-01 17:02:00+02:00,2026-10-01 17:02:30+02:00,2026-10-01,17,Thursday,False,16.768733333333333
20261001_144511,2026-10-01 14:45:13.876000+00:00,Luzern,rail,ch:1:sloid:5000,Luzern,ch:1:sloid:5000:4:9,2026-10-01,ch:1:sjyid:100001:4730-001,rail,RegioExpress,RE24,RE24,4730,Luzern,Olten,9,,2026-10-01 15:05:00+00:00,2026-10-01 15:05:12+00:00,,True,0.2,2026-10-01 16:45:13.876000+02:00,2026-10-01 17:05:00+02:00,2026-10-01 17:05:12+02:00,2026-10-01,17,Thursday,False,19.768733333333333
20261001_144511,2026-10-01 14:45:13.876000+00:00,Luzern,rail,ch:1:sloid:5000,Luzern,ch:1:sloid:5000_gen:ch:1:sloid:5000:7:14_pf:14BC,2026-10-01,ch:1:sjyid:100064:2934-001,rail,Luzern-Interlaken Express,LIX,LIX,2934,Luzern,Interlaken Ost,14BC,,2026-10-01 15:06:00+00:00,2026-10-01 15:06:06+00:00,,True,0.1,2026-10-01 16:45:13.876000+02:00,2026-10-01 17:06:00+02:00,2026-10-01 17:06:06+02:00,2026-10-01,17,Thursday,False,20.768733333333333
20261001_144511,2026-10-01 14:45:13.876000+00:00,Luzern,rail,ch:1:sloid:5000,Luzern,ch:1:sloid:5000:5:11,2026-10-01,ch:1:sjyid:100001:21365-001,rail,S-Bahn,S3,S3,21365,Luzern,Brunnen,11,,2026-10-01 15:06:00+00:00,2026-10-01 15:07:00+00:00,,True,1.0,2026-10-01 16:45:13.876000+02:00,2026-10-01 17:06:00+02:00,2026-10-01 17:07:00+02:00,2026-10-01,17,Thursday,False,20.768733333333333
20261001_144511,2026-10-01 14:45:13.876000+00:00,Luzern,rail,ch:1:sloid:5000,Luzern,ch:1:sloid:5000:1:3,2026-10-01,ch:1:sjyid:100001:2632-001,rail,InterRegio,IR70,IR70,2632,Luzern,Zürich HB,3,,2026-10-01 15:09:00+00:00,2026-10-01 15:10:00+00:00,,True,1.0,2026-10-01 16:45:13.876000+02:00,2026-10-01 17:09:00+02:00,2026-10-01 17:10:00+02:00,2026-10-01,17,Thursday,False,23.768733333333333
20261001_144511,2026-10-01 14:45:13.876000+00:00,Luzern,rail,ch:1:sloid:5000,Luzern,ch:1:sloid:5000:6:12,2026-10-01,ch:1:sjyid:100064:2980-001,rail,Luzern-Engelberg Express,IRLEX,IRLEX,2980,Luzern,Stansstad,12,,2026-10-01 15:10:00+00:00,2026-10-01 15:10:12+00:00,,True,0.2,2026-10-01 16:45:13.876000+02:00,2026-10-01 17:10:00+02:00,2026-10-01 17:10:12+02:00,2026-10-01,17,Thursday,False,24.768733333333333
20261001_144511,2026-10-01 14:45:13.876000+00:00,Luzern,rail,ch:1:sloid:5000,Luzern,ch:1:sloid:5000:7:15,2026-10-01,ch:1:sjyid:100064:21564-001,rail,S-Bahn,S5,S5,21564,Luzern,Giswil,15,,2026-10-01 15:12:00+00:00,2026-10-01 15:12:12+00:00,,True,0.2,2026-10-01 16:45:13.876000+02:00,2026-10-01 17:12:00+02:00,2026-10-01 17:12:12+02:00,2026-10-01,17,Thursday,False,26.768733333333333
20261001_144511,2026-10-01 14:45:13.876000+00:00,Luzern,rail,ch:1:sloid:5000,Luzern,ch:1:sloid:5000:3:6,2026-10-01,ch:1:sjyid:100001:21157-003,rail,S-Bahn,S1,S1,21157,Baar,Sursee,6,,2026-10-01 15:14:00+00:00,2026-10-01 15:15:00+00:00,,True,1.0,2026-10-01 16:45:13.876000+02:00,2026-10-01 17:14:00+02:00,2026-10-01 17:15:00+02:00,2026-10-01,17,Thursday,False,28.768733333333333
20261001_144511,2026-10-01 14:45:13.876000+00:00,Luzern,rail,ch:1:sloid:5000,Luzern,ch:1:sloid:5000:2:5,2026-10-01,ch:1:sjyid:100015:21664-001,rail,S-Bahn,S6,S6,21664,Luzern,Wolhusen,5,,2026-10-01 15:16:00+00:00,2026-10-01 15:17:00+00:00,,True,1.0,2026-10-01 16:45:13.876000+02:00,2026-10-01 17:16:00+02:00,2026-10-01 17:17:00+02:00,2026-10-01,17,Thursday,False,30.768733333333333
20261001_144511,2026-10-01 14:45:13.876000+00:00,Luzern,rail,ch:1:sloid:5000,Luzern,ch:1:sloid:5000:3:7,2026-10-01,ch:1:sjyid:100061:2331-001,rail,Treno Gottardo,IR26,IR26,2331,Basel SBB,Locarno,7,,2026-10-01 15:18:00+00:00,2026-10-01 15:19:00+00:00,,True,1.0,2026-10-01 16:45:13.876000+02:00,2026-10-01 17:18:00+02:00,2026-10-01 17:19:00+02:00,2026-10-01,17,Thursday,False,32.76873333333334
20261001_144511,2026-10-01 14:45:13.876000+00:00,Luzern,rail,ch:1:sloid:5000,Luzern,ch:1:sloid:5000:6:13,2026-10-01,ch:1:sjyid:100064:22472-001,rail,S-Bahn,S41,S41,22472,Luzern,Horw,13,,2026-10-01 15:19:00+00:00,2026-10-01 15:19:12+00:00,,True,0.2,2026-10-01 16:45:13.876000+02:00,2026-10-01 17:19:00+02:00,2026-10-01 17:19:12+02:00,2026-10-01,17,Thursday,False,33.76873333333334
20261001_144511,2026-10-01 14:45:13.876000+00:00,Luzern,rail,ch:1:sloid:5000,Luzern,ch:1:sloid:5000:4:8,2026-10-01,ch:1:sjyid:100001:21158-001,rail,S-Bahn,S1,S1,21158,Sursee,Baar,8,,2026-10-01 15:21:00+00:00,2026-10-01 15:22:00+00:00,,True,1.0,2026-10-01 16:45:13.876000+02:00,2026-10-01 17:21:00+02:00,2026-10-01 17:22:00+02:00,2026-10-01,17,Thursday,False,35.76873333333333
20261001_144511,2026-10-01 14:45:13.876000+00:00,Luzern,rail,ch:1:sloid:5000,Luzern,ch:1:sloid:5000:5:11,2026-10-01,ch:1:sjyid:100001:22964-001,rail,S-Bahn,S99,S99,22964,Luzern,Hochdorf,11,,2026-10-01 15:23:00+00:00,2026-10-01 15:24:00+00:00,,True,1.0,2026-10-01 16:45:13.876000+02:00,2026-10-01 17:23:00+02:00,2026-10-01 17:24:00+02:00,2026-10-01,17,Thursday,False,37.76873333333333
20261001_144511,2026-10-01 14:45:13.876000+00:00,Luzern,rail,ch:1:sloid:5000,Luzern,ch:1:sloid:5000:7:14,2026-10-01,ch:1:sjyid:100064:22566-001,rail,S-Bahn,S55,S55,22566,Luzern,Sachseln,14,,2026-10-01 15:24:00+00:00,2026-10-01 15:24:06+00:00,,True,0.1,2026-10-01 16:45:13.876000+02:00,2026-10-01 17:24:00+02:00,2026-10-01 17:24:06+02:00,2026-10-01,17,Thursday,False,38.76873333333333
20261001_144511,2026-10-01 14:45:13.876000+00:00,Luzern,rail,ch:1:sloid:5000,Luzern,ch:1:sloid:5000:7:15,2026-10-01,ch:1:sjyid:100064:21466-001,rail,S-Bahn,S4,S4,21466,Luzern,Stansstad,15,,2026-10-01 15:27:00+00:00,2026-10-01 15:27:12+00:00,,True,0.2,2026-10-01 16:45:13.876000+02:00,2026-10-01 17:27:00+02:00,2026-10-01 17:27:12+02:00,2026-10-01,17,Thursday,False,41.76873333333333
20261001_144511,2026-10-01 14:45:13.876000+00:00,Luzern,rail,ch:1:sloid:5000,Luzern,ch:1:sloid:5000:2:4,2026-10-01,ch:1:sjyid:100001:2480-001,rail,InterRegio,IR27,IR27,2480,Luzern,Basel SBB,4,,2026-10-01 15:30:00+00:00,2026-10-01 15:30:36+00:00,,True,0.6,2026-10-01 16:45:13.876000+02:00,2026-10-01 17:30:00+02:00,2026-10-01 17:30:36+02:00,2026-10-01,17,Thursday,False,44.76873333333333
20261001_144511,2026-10-01 14:45:13.876000+00:00,Luzern,rail,ch:1:sloid:5000,Luzern,ch:1:sloid:5000:3:7,2026-10-01,ch:1:sjyid:100001:21966-001,rail,S-Bahn,S9,S9,21966,Luzern,Lenzburg,7,,2026-10-01 15:32:00+00:00,2026-10-01 15:32:30+00:00,,True,0.5,2026-10-01 16:45:13.876000+02:00,2026-10-01 17:32:00+02:00,2026-10-01 17:32:30+02:00,2026-10-01,17,Thursday,False,46.76873333333333
20261001_144511,2026-10-01 14:45:13.876000+00:00,Luzern,rail,ch:1:sloid:5000,Luzern,ch:1:sloid:5000:2:5,2026-10-01,ch:1:sjyid:100001:2131-001,rail,InterRegio,IR75,IR75,2131,Luzern,Konstanz,5,,2026-10-01 15:35:00+00:00,2026-10-01 15:35:30+00:00,,True,0.5,2026-10-01 16:45:13.876000+02:00,2026-10-01 17:35:00+02:00,2026-10-01 17:35:30+02:00,2026-10-01,17,Thursday,False,49.76873333333333
20261001_144511,2026-10-01 14:45:13.876000+00:00,Luzern,rail,ch:1:sloid:5000,Luzern,ch:1:sloid:5000:1:3,2026-10-01,ch:1:sjyid:100015:22066-001,rail,S-Bahn,S77,S77,22066,Luzern,Willisau,3,,2026-10-01 15:37:00+00:00,2026-10-01 15:37:12+00:00,,True,0.2,2026-10-01 16:45:13.876000+02:00,2026-10-01 17:37:00+02:00,2026-10-01 17:37:12+02:00,2026-10-01,17,Thursday,False,51.76873333333333
20261001_144511,2026-10-01 14:45:13.876000+00:00,Luzern,rail,ch:1:sloid:5000,Luzern,ch:1:sloid:5000:6:12,2026-10-01,ch:1:sjyid:100064:22412-001,rail,S-Bahn,S44,S44,22412,Luzern,Stansstad,12,,2026-10-01 15:38:00+00:00,2026-10-01 15:38:12+00:00,,True,0.2,2026-10-01 16:45:13.876000+02:00,2026-10-01 17:38:00+02:00,2026-10-01 17:38:12+02:00,2026-10-01,17,Thursday,False,52.76873333333333
20261001_144511,2026-10-01 14:45:13.876000+00:00,Luzern,rail,ch:1:sloid:5000,Luzern,ch:1:sloid:5000:1:2,2026-10-01,ch:1:sjyid:100061:2035-001,rail,Voralpen-Express,VAE,VAE,2035,Luzern,St. Gallen,2,,2026-10-01 15:39:00+00:00,2026-10-01 15:39:12+00:00,,True,0.2,2026-10-01 16:45:13.876000+02:00,2026-10-01 17:39:00+02:00,2026-10-01 17:39:12+02:00,2026-10-01,17,Thursday,False,53.76873333333333
20261001_144511,2026-10-01 14:45:13.876000+00:00,Luzern,rail,ch:1:sloid:5000,Luzern,ch:1:sloid:5000:7:14,2026-10-01,ch:1:sjyid:100064:21566-001,rail,S-Bahn,S5,S5,21566,Luzern,Giswil,14,,2026-10-01 15:42:00+00:00,2026-10-01 15:42:12+00:00,,True,0.2,2026-10-01 16:45:13.876000+02:00,2026-10-01 17:42:00+02:00,2026-10-01 17:42:12+02:00,2026-10-01,17,Thursday,False,56.76873333333333
20261001_144511,2026-10-01 14:45:13.876000+00:00,Luzern,rail,ch:1:sloid:5000,Luzern,ch:1:sloid:5000:5:11,2026-10-01,ch:1:sjyid:100001:21159-001,rail,S-Bahn,S1,S1,21159,Baar,Sursee,11,,2026-10-01 15:44:00+00:00,2026-10-01 15:45:00+00:00,,True,1.0,2026-10-01 16:45:13.876000+02:00,2026-10-01 17:44:00+02:00,2026-10-01 17:45:00+02:00,2026-10-01,17,Thursday,False,58.76873333333333
20261001_144511,2026-10-01 14:45:13.876000+00:00,Luzern,rail,ch:1:sloid:5000,Luzern,ch:1:sloid:5000:7:15,2026-10-01,ch:1:sjyid:100064:22474-001,rail,S-Bahn,S41,S41,22474,Luzern,Horw,15,,2026-10-01 15:49:00+00:00,2026-10-01 15:49:12+00:00,,True,0.2,2026-10-01 16:45:13.876000+02:00,2026-10-01 17:49:00+02:00,2026-10-01 17:49:12+02:00,2026-10-01,17,Thursday,False,63.76873333333333
20261001_144511,2026-10-01 14:45:14.661000+00:00,St. Gallen,rail,ch:1:sloid:6302,St. Gallen,ch:1:sloid:6302:3:5,2026-10-01,ch:1:sjyid:100046:5232-001,rail,RegioExpress,RE1,RE1,5232,Konstanz,Herisau,5,,2026-10-01 14:44:00+00:00,2026-10-01 14:45:12+00:00,,True,1.2,2026-10-01 16:45:14.661000+02:00,2026-10-01 16:44:00+02:00,2026-10-01 16:45:12+02:00,2026-10-01,16,Thursday,False,-1.24435
20261001_144511,2026-10-01 14:45:14.661000+00:00,St. Gallen,rail,ch:1:sloid:6302,St. Gallen,ch:1:sloid:6302:1:1,2026-10-01,ch:1:sjyid:100046:11160-001,rail,S-Bahn,S1,S1,11160,Schaffhausen,Wil SG,1,,2026-10-01 14:47:00+00:00,2026-10-01 14:47:12+00:00,,True,0.2,2026-10-01 16:45:14.661000+02:00,2026-10-01 16:47:00+02:00,2026-10-01 16:47:12+02:00,2026-10-01,16,Thursday,False,1.75565
20261001_144511,2026-10-01 14:45:14.661000+00:00,St. Gallen,rail,ch:1:sloid:6302,St. Gallen,ch:1:sloid:6302:2:3,2026-10-01,ch:1:sjyid:100046:11161-001,rail,S-Bahn,S1,S1,11161,Wil SG,Schaffhausen,3,,2026-10-01 14:49:00+00:00,2026-10-01 14:51:06+00:00,,True,2.1,2026-10-01 16:45:14.661000+02:00,2026-10-01 16:49:00+02:00,2026-10-01 16:51:06+02:00,2026-10-01,16,Thursday,False,3.75565
20261001_144511,2026-10-01 14:45:14.661000+00:00,St. Gallen,rail,ch:1:sloid:6302,St. Gallen,ch:1:sloid:6302:500:12,2026-10-01,ch:1:sjyid:100007:plan:4163,rail,S-Bahn,S20,S20,4163,St. Gallen,Appenzell,12,,2026-10-01 14:52:00+00:00,2026-10-01 14:52:00+00:00,,True,0.0,2026-10-01 16:45:14.661000+02:00,2026-10-01 16:52:00+02:00,2026-10-01 16:52:00+02:00,2026-10-01,16,Thursday,False,6.75565
20261001_144511,2026-10-01 14:45:14.661000+00:00,St. Gallen,rail,ch:1:sloid:6302,St. Gallen,ch:1:sloid:6302:3:4,2026-10-01,ch:1:sjyid:100061:2223-001,rail,Alpenrhein-Express,IR13,IR13,2223,St. Gallen,Chur,4,,2026-10-01 14:55:00+00:00,2026-10-01 14:55:12+00:00,,True,0.2,2026-10-01 16:45:14.661000+02:00,2026-10-01 16:55:00+02:00,2026-10-01 16:55:12+02:00,2026-10-01,16,Thursday,False,9.755650000000001
20261001_144511,2026-10-01 14:45:14.661000+00:00,St. Gallen,rail,ch:1:sloid:6302,St. Gallen,ch:1:sloid:6302:500:12,2026-10-01,ch:1:sjyid:100007:plan:2162,rail,S-Bahn,S21,S21,2162,Appenzell,Trogen,12,,2026-10-01 14:56:00+00:00,2026-10-01 14:56:00+00:00,,True,0.0,2026-10-01 16:45:14.661000+02:00,2026-10-01 16:56:00+02:00,2026-10-01 16:56:00+02:00,2026-10-01,16,Thursday,False,10.755650000000001
20261001_144511,2026-10-01 14:45:14.661000+00:00,St. Gallen,rail,ch:1:sloid:6302,St. Gallen,ch:1:sloid:6302:500:11,2026-10-01,ch:1:sjyid:100007:plan:2165,rail,S-Bahn,S21,S21,2165,Trogen,Appenzell,11,,2026-10-01 14:56:00+00:00,2026-10-01 14:56:00+00:00,,True,0.0,2026-10-01 16:45:14.661000+02:00,2026-10-01 16:56:00+02:00,2026-10-01 16:56:00+02:00,2026-10-01,16,Thursday,False,10.755650000000001
20261001_144511,2026-10-01 14:45:14.661000+00:00,St. Gallen,rail,ch:1:sloid:6302,St. Gallen,ch:1:sloid:6302:4:6,2026-10-01,ch:1:sjyid:100046:11561-001,rail,S-Bahn,S5,S5,11561,Weinfelden,St. Margrethen SG,6,,2026-10-01 14:57:00+00:00,2026-10-01 14:57:30+00:00,,True,0.5,2026-10-01 16:45:14.661000+02:00,2026-10-01 16:57:00+02:00,2026-10-01 16:57:30+02:00,2026-10-01,16,Thursday,False,11.755650000000001
20261001_144511,2026-10-01 14:45:14.661000+00:00,St. Gallen,rail,ch:1:sloid:6302,St. Gallen,ch:1:sloid:6302:3:5,2026-10-01,ch:1:sjyid:100046:11262-001,rail,S-Bahn,S2,S2,11262,Altstätten SG,Nesslau-Neu St. Johann,5,,2026-10-01 14:57:00+00:00,2026-10-01 14:57:12+00:00,,True,0.2,2026-10-01 16:45:14.661000+02:00,2026-10-01 16:57:00+02:00,2026-10-01 16:57:12+02:00,2026-10-01,16,Thursday,False,11.755650000000001
20261001_144511,2026-10-01 14:45:14.661000+00:00,St. Gallen,rail,ch:1:sloid:6302,St. Gallen,ch:1:sloid:6302:2:2,2026-10-01,ch:1:sjyid:100001:532-001,rail,InterCity,IC5,IC5,532,Rorschach,Lausanne,2,,2026-10-01 14:58:00+00:00,2026-10-01 14:58:30+00:00,,True,0.5,2026-10-01 16:45:14.661000+02:00,2026-10-01 16:58:00+02:00,2026-10-01 16:58:30+02:00,2026-10-01,16,Thursday,False,12.755650000000001
20261001_144511,2026-10-01 14:45:14.661000+00:00,St. Gallen,rail,ch:1:sloid:6302,St. Gallen,ch:1:sloid:6302:2:3,2026-10-01,ch:1:sjyid:100061:2030-001,rail,Voralpen-Express,VAE,VAE,2030,St. Gallen,Luzern,3,,2026-10-01 15:05:00+00:00,2026-10-01 15:05:12+00:00,,True,0.2,2026-10-01 16:45:14.661000+02:00,2026-10-01 17:05:00+02:00,2026-10-01 17:05:12+02:00,2026-10-01,17,Thursday,False,19.75565
20261001_144511,2026-10-01 14:45:14.661000+00:00,St. Gallen,rail,ch:1:sloid:6302,St. Gallen,ch:1:sloid:6302:2:2,2026-10-01,ch:1:sjyid:100001:525-001,rail,InterCity,IC5,IC5,525,Lausanne,Rorschach,2,,2026-10-01 15:05:00+00:00,2026-10-01 15:05:30+00:00,,True,0.5,2026-10-01 16:45:14.661000+02:00,2026-10-01 17:05:00+02:00,2026-10-01 17:05:30+02:00,2026-10-01,17,Thursday,False,19.75565
20261001_144511,2026-10-01 14:45:14.661000+00:00,St. Gallen,rail,ch:1:sloid:6302,St. Gallen,ch:1:sloid:6302:1:1,2026-10-01,ch:1:sjyid:100001:730-001,rail,InterCity,IC1,IC1,730,St. Gallen,Genève-Aéroport,1,,2026-10-01 15:07:00+00:00,2026-10-01 15:07:42+00:00,,True,0.7,2026-10-01 16:45:14.661000+02:00,2026-10-01 17:07:00+02:00,2026-10-01 17:07:42+02:00,2026-10-01,17,Thursday,False,21.75565
20261001_144511,2026-10-01 14:45:14.661000+00:00,St. Gallen,rail,ch:1:sloid:6302,St. Gallen,ch:1:sloid:6302:3:5,2026-10-01,ch:1:sjyid:100046:11263-001,rail,S-Bahn,S2,S2,11263,Nesslau-Neu St. Johann,Altstätten SG,5,,2026-10-01 15:08:00+00:00,2026-10-01 15:08:12+00:00,,True,0.2,2026-10-01 16:45:14.661000+02:00,2026-10-01 17:08:00+02:00,2026-10-01 17:08:12+02:00,2026-10-01,17,Thursday,False,22.75565
20261001_144511,2026-10-01 14:45:14.661000+00:00,St. Gallen,rail,ch:1:sloid:6302,St. Gallen,ch:1:sloid:6302:4:6,2026-10-01,ch:1:sjyid:100046:11562-001,rail,S-Bahn,S5,S5,11562,St. Margrethen SG,Weinfelden,6,,2026-10-01 15:10:00+00:00,2026-10-01 15:10:12+00:00,,True,0.2,2026-10-01 16:45:14.661000+02:00,2026-10-01 17:10:00+02:00,2026-10-01 17:10:12+02:00,2026-10-01,17,Thursday,False,24.75565
20261001_144511,2026-10-01 14:45:14.661000+00:00,St. Gallen,rail,ch:1:sloid:6302,St. Gallen,ch:1:sloid:6302:500:12,2026-10-01,ch:1:sjyid:100007:plan:4164,rail,S-Bahn,S22,S22,4164,Teufen AR,Trogen,12,,2026-10-01 15:11:00+00:00,2026-10-01 15:11:00+00:00,,True,0.0,2026-10-01 16:45:14.661000+02:00,2026-10-01 17:11:00+02:00,2026-10-01 17:11:00+02:00,2026-10-01,17,Thursday,False,25.75565
20261001_144511,2026-10-01 14:45:14.661000+00:00,St. Gallen,rail,ch:1:sloid:6302,St. Gallen,ch:1:sloid:6302:500:11,2026-10-01,ch:1:sjyid:100007:plan:4167,rail,S-Bahn,S22,S22,4167,Trogen,Teufen AR,11,,2026-10-01 15:11:00+00:00,2026-10-01 15:11:00+00:00,,True,0.0,2026-10-01 16:45:14.661000+02:00,2026-10-01 17:11:00+02:00,2026-10-01 17:11:00+02:00,2026-10-01,17,Thursday,False,25.75565
20261001_144511,2026-10-01 14:45:14.661000+00:00,St. Gallen,rail,ch:1:sloid:6302,St. Gallen,ch:1:sloid:6302:3:4,2026-10-01,ch:1:sjyid:100061:12132-001,rail,S-Bahn,S81,S81,12132,St. Gallen,Herisau,4,,2026-10-01 15:14:00+00:00,2026-10-01 15:14:42+00:00,,True,0.7,2026-10-01 16:45:14.661000+02:00,2026-10-01 17:14:00+02:00,2026-10-01 17:14:42+02:00,2026-10-01,17,Thursday,False,28.75565
20261001_144511,2026-10-01 14:45:14.661000+00:00,St. Gallen,rail,ch:1:sloid:6302,St. Gallen,ch:1:sloid:6302:3:5,2026-10-01,ch:1:sjyid:100046:5233-001,rail,RegioExpress,RE1,RE1,5233,Herisau,Konstanz,5,,2026-10-01 15:15:00+00:00,2026-10-01 15:15:48+00:00,,True,0.8,2026-10-01 16:45:14.661000+02:00,2026-10-01 17:15:00+02:00,2026-10-01 17:15:48+02:00,2026-10-01,17,Thursday,False,29.75565
20261001_144511,2026-10-01 14:45:14.661000+00:00,St. Gallen,rail,ch:1:sloid:6302,St. Gallen,ch:1:sloid:6302:2:2,2026-10-01,ch:1:sjyid:100046:11162-001,rail,S-Bahn,S1,S1,11162,Schaffhausen,Wil SG,2,,2026-10-01 15:17:00+00:00,2026-10-01 15:17:12+00:00,,True,0.2,2026-10-01 16:45:14.661000+02:00,2026-10-01 17:17:00+02:00,2026-10-01 17:17:12+02:00,2026-10-01,17,Thursday,False,31.75565
20261001_144511,2026-10-01 14:45:14.661000+00:00,St. Gallen,rail,ch:1:sloid:6302,St. Gallen,ch:1:sloid:6302:2:3,2026-10-01,ch:1:sjyid:100046:11163-001,rail,S-Bahn,S1,S1,11163,Wil SG,Schaffhausen,3,,2026-10-01 15:19:00+00:00,2026-10-01 15:20:42+00:00,,True,1.7,2026-10-01 16:45:14.661000+02:00,2026-10-01 17:19:00+02:00,2026-10-01 17:20:42+02:00,2026-10-01,17,Thursday,False,33.755649999999996
20261001_144511,2026-10-01 14:45:14.661000+00:00,St. Gallen,rail,ch:1:sloid:6302,St. Gallen,ch:1:sloid:6302:2:2,2026-10-01,ch:1:sjyid:100001:3275-001,rail,InterRegio,IR13,IR13,3275,Zürich HB,Sargans,2,,2026-10-01 15:25:00+00:00,2026-10-01 15:25:18+00:00,,True,0.3,2026-10-01 16:45:14.661000+02:00,2026-10-01 17:25:00+02:00,2026-10-01 17:25:18+02:00,2026-10-01,17,Thursday,False,39.755649999999996
20261001_144511,2026-10-01 14:45:14.661000+00:00,St. Gallen,rail,ch:1:sloid:6302,St. Gallen,ch:1:sloid:6302:500:12,2026-10-01,ch:1:sjyid:100007:plan:2166,rail,S-Bahn,S21,S21,2166,Appenzell,Trogen,12,,2026-10-01 15:26:00+00:00,2026-10-01 15:26:00+00:00,,True,0.0,2026-10-01 16:45:14.661000+02:00,2026-10-01 17:26:00+02:00,2026-10-01 17:26:00+02:00,2026-10-01,17,Thursday,False,40.755649999999996
20261001_144511,2026-10-01 14:45:14.661000+00:00,St. Gallen,rail,ch:1:sloid:6302,St. Gallen,ch:1:sloid:6302:500:11,2026-10-01,ch:1:sjyid:100007:plan:2169,rail,S-Bahn,S21,S21,2169,Trogen,Appenzell,11,,2026-10-01 15:26:00+00:00,2026-10-01 15:26:00+00:00,,True,0.0,2026-10-01 16:45:14.661000+02:00,2026-10-01 17:26:00+02:00,2026-10-01 17:26:00+02:00,2026-10-01,17,Thursday,False,40.755649999999996
20261001_144511,2026-10-01 14:45:14.661000+00:00,St. Gallen,rail,ch:1:sloid:6302,St. Gallen,ch:1:sloid:6302:3:5,2026-10-01,ch:1:sjyid:100061:11464-001,rail,S-Bahn,S4,S4,11464,Sargans,Rapperswil SG,5,,2026-10-01 15:27:00+00:00,2026-10-01 15:27:12+00:00,,True,0.2,2026-10-01 16:45:14.661000+02:00,2026-10-01 17:27:00+02:00,2026-10-01 17:27:12+02:00,2026-10-01,17,Thursday,False,41.755649999999996
20261001_144511,2026-10-01 14:45:14.661000+00:00,St. Gallen,rail,ch:1:sloid:6302,St. Gallen,ch:1:sloid:6302:1:1,2026-10-01,ch:1:sjyid:100001:190-001,rail,EuroCity,EC,EC,190,Bregenz,Zürich HB,1,,2026-10-01 15:29:00+00:00,2026-10-01 15:41:42+00:00,,True,12.7,2026-10-01 16:45:14.661000+02:00,2026-10-01 17:29:00+02:00,2026-10-01 17:41:42+02:00,2026-10-01,17,Thursday,False,43.755649999999996
20261001_144511,2026-10-01 14:45:14.661000+00:00,St. Gallen,rail,ch:1:sloid:6302,St. Gallen,ch:1:sloid:6302:3:4,2026-10-01,ch:1:sjyid:100046:12185-001,rail,S-Bahn,S82,S82,12185,St. Gallen,Wittenbach,4,,2026-10-01 15:36:00+00:00,2026-10-01 15:36:12+00:00,,True,0.2,2026-10-01 16:45:14.661000+02:00,2026-10-01 17:36:00+02:00,2026-10-01 17:36:12+02:00,2026-10-01,17,Thursday,False,50.755649999999996
20261001_144511,2026-10-01 14:45:14.661000+00:00,St. Gallen,rail,ch:1:sloid:6302,St. Gallen,ch:1:sloid:6302:1:1,2026-10-01,ch:1:sjyid:100001:3278-001,rail,InterRegio,IR13,IR13,3278,Sargans,Luzern,1,,2026-10-01 15:37:00+00:00,2026-10-01 15:37:30+00:00,,True,0.5,2026-10-01 16:45:14.661000+02:00,2026-10-01 17:37:00+02:00,2026-10-01 17:37:30+02:00,2026-10-01,17,Thursday,False,51.755649999999996
20261001_144511,2026-10-01 14:45:14.661000+00:00,St. Gallen,rail,ch:1:sloid:6302,St. Gallen,ch:1:sloid:6302:3:5,2026-10-01,ch:1:sjyid:100061:11463-001,rail,S-Bahn,S4,S4,11463,Rapperswil SG,Sargans,5,,2026-10-01 15:38:00+00:00,2026-10-01 15:39:06+00:00,,True,1.1,2026-10-01 16:45:14.661000+02:00,2026-10-01 17:38:00+02:00,2026-10-01 17:39:06+02:00,2026-10-01,17,Thursday,False,52.755649999999996
20261001_144511,2026-10-01 14:45:14.661000+00:00,St. Gallen,rail,ch:1:sloid:6302,St. Gallen,ch:1:sloid:6302:4:7,2026-10-01,ch:1:sjyid:100046:11564-001,rail,S-Bahn,S5,S5,11564,St. Gallen,Weinfelden,7,,2026-10-01 15:40:00+00:00,2026-10-01 15:40:12+00:00,,True,0.2,2026-10-01 16:45:14.661000+02:00,2026-10-01 17:40:00+02:00,2026-10-01 17:40:12+02:00,2026-10-01,17,Thursday,False,54.755649999999996
20261001_144511,2026-10-01 14:45:15.446000+00:00,Lausanne,rail,ch:1:sloid:1120,Lausanne,ch:1:sloid:1120:0:840061,2026-10-01,ch:1:sjyid:100001:1724-001,rail,InterRegio,IR95,IR95,1724,Brig,Genève-Aéroport,7,,2026-10-01 14:45:00+00:00,2026-10-01 14:45:30+00:00,,True,0.5,2026-10-01 16:45:15.446000+02:00,2026-10-01 16:45:00+02:00,2026-10-01 16:45:30+02:00,2026-10-01,16,Thursday,False,-0.25743333333333335
20261001_144511,2026-10-01 14:45:15.446000+00:00,Lausanne,rail,ch:1:sloid:1120,Lausanne,ch:1:sloid:1120:0:860143,2026-10-01,ch:1:sjyid:100001:722-001,rail,InterCity,IC1,IC1,722,St. Gallen,Genève-Aéroport,4,,2026-10-01 14:46:00+00:00,2026-10-01 14:46:30+00:00,,True,0.5,2026-10-01 16:45:15.446000+02:00,2026-10-01 16:46:00+02:00,2026-10-01 16:46:30+02:00,2026-10-01,16,Thursday,False,0.7425666666666667
20261001_144511,2026-10-01 14:45:15.446000+00:00,Lausanne,rail,ch:1:sloid:1120,Lausanne,ch:1:sloid:1120:0:276884,2026-10-01,ch:1:sjyid:100001:1827-001,rail,InterRegio,IR90,IR90,1827,Genève-Aéroport,Brig,3,,2026-10-01 14:48:00+00:00,2026-10-01 14:48:30+00:00,,True,0.5,2026-10-01 16:45:15.446000+02:00,2026-10-01 16:48:00+02:00,2026-10-01 16:48:30+02:00,2026-10-01,16,Thursday,False,2.742566666666667
20261001_144511,2026-10-01 14:45:15.446000+00:00,Lausanne,rail,ch:1:sloid:1120,Lausanne,ch:1:sloid:1120:0:20298,2026-10-01,ch:1:sjyid:100001:24565-001,rail,S-Bahn,S41,S41,24565,Lausanne,Fribourg/Freiburg,70,,2026-10-01 14:49:00+00:00,2026-10-01 14:49:12+00:00,,True,0.2,2026-10-01 16:45:15.446000+02:00,2026-10-01 16:49:00+02:00,2026-10-01 16:49:12+02:00,2026-10-01,16,Thursday,False,3.742566666666667
20261001_144511,2026-10-01 14:45:15.446000+00:00,Lausanne,rail,ch:1:sloid:1120,Lausanne,ch:1:sloid:1120:0:638488,2026-10-01,ch:1:sjyid:100001:142-001,rail,EuroCity,EC,EC,142,Domodossola (I),Genève,8,,2026-10-01 14:52:00+00:00,2026-10-01 14:52:42+00:00,,True,0.7,2026-10-01 16:45:15.446000+02:00,2026-10-01 16:52:00+02:00,2026-10-01 16:52:42+02:00,2026-10-01,16,Thursday,False,6.742566666666666
20261001_144511,2026-10-01 14:45:15.446000+00:00,Lausanne,rail,ch:1:sloid:1120,Lausanne,ch:1:sloid:1120:0:37997,2026-10-01,ch:1:sjyid:100001:24165-001,rail,Regio,R1,R1,24165,Grandson,Bex,6,,2026-10-01 14:55:00+00:00,2026-10-01 14:55:12+00:00,,True,0.2,2026-10-01 16:45:15.446000+02:00,2026-10-01 16:55:00+02:00,2026-10-01 16:55:12+02:00,2026-10-01,16,Thursday,False,9.742566666666667
20261001_144511,2026-10-01 14:45:15.446000+00:00,Lausanne,rail,ch:1:sloid:1120,Lausanne,ch:1:sloid:1120:0:668579,2026-10-01,ch:1:sjyid:100001:24965-001,rail,Regio,R9,R9,24965,Allaman,Murten/Morat,1,,2026-10-01 14:57:00+00:00,2026-10-01 14:58:00+00:00,,True,1.0,2026-10-01 16:45:15.446000+02:00,2026-10-01 16:57:00+02:00,2026-10-01 16:58:00+02:00,2026-10-01,16,Thursday,False,11.742566666666667
20261001_144511,2026-10-01 14:45:15.446000+00:00,Lausanne,rail,ch:1:sloid:1120,Lausanne,ch:1:sloid:1120:0:840061,2026-10-01,ch:1:sjyid:100001:24354-001,rail,Regio,R3,R3,24354,Vevey,Vallorbe,7,,2026-10-01 14:57:00+00:00,2026-10-01 14:57:12+00:00,,True,0.2,2026-10-01 16:45:15.446000+02:00,2026-10-01 16:57:00+02:00,2026-10-01 16:57:12+02:00,2026-10-01,16,Thursday,False,11.742566666666667
20261001_144511,2026-10-01 14:45:15.446000+00:00,Lausanne,rail,ch:1:sloid:1120,Lausanne,ch:1:sloid:1120:0:638488,2026-10-01,ch:1:sjyid:100001:18428-001,rail,RegioExpress,RE33,RE33,18428,St-Maurice,Annemasse,8,,2026-10-01 15:00:00+00:00,,,False,,2026-10-01 16:45:15.446000+02:00,2026-10-01 17:00:00+02:00,,2026-10-01,17,Thursday,False,14.742566666666667
20261001_144511,2026-10-01 14:45:15.446000+00:00,Lausanne,rail,ch:1:sloid:1120,Lausanne,ch:1:sloid:1120:0:860143,2026-10-01,ch:1:sjyid:100001:18425-001,rail,RegioExpress,RE33,RE33,18425,Annemasse,St-Maurice,4,,2026-10-01 15:01:00+00:00,2026-10-01 15:01:54+00:00,,True,0.9,2026-10-01 16:45:15.446000+02:00,2026-10-01 17:01:00+02:00,2026-10-01 17:01:54+02:00,2026-10-01,17,Thursday,False,15.742566666666667
20261001_144511,2026-10-01 14:45:15.446000+00:00,Lausanne,rail,ch:1:sloid:1120,Lausanne,ch:1:sloid:1120:0:840061,2026-10-01,ch:1:sjyid:100001:24954-001,rail,Regio,R9,R9,24954,Murten/Morat,Allaman,7,,2026-10-01 15:04:00+00:00,2026-10-01 15:04:12+00:00,,True,0.2,2026-10-01 16:45:15.446000+02:00,2026-10-01 17:04:00+02:00,2026-10-01 17:04:12+02:00,2026-10-01,17,Thursday,False,18.74256666666667
20261001_144511,2026-10-01 14:45:15.446000+00:00,Lausanne,rail,ch:1:sloid:1120,Lausanne,ch:1:sloid:1120:0:276884,2026-10-01,ch:1:sjyid:100001:1631-001,rail,InterCity,IC51,IC51,1631,Lausanne,Basel SBB,3,,2026-10-01 15:04:00+00:00,2026-10-01 15:04:30+00:00,,True,0.5,2026-10-01 16:45:15.446000+02:00,2026-10-01 17:04:00+02:00,2026-10-01 17:04:30+02:00,2026-10-01,17,Thursday,False,18.74256666666667
20261001_144511,2026-10-01 14:45:15.446000+00:00,Lausanne,rail,ch:1:sloid:1120,Lausanne,ch:1:sloid:1120:0:37997,2026-10-01,ch:1:sjyid:100001:24365-001,rail,Regio,R3,R3,24365,Vallorbe,Vevey,6,,2026-10-01 15:04:00+00:00,2026-10-01 15:04:18+00:00,,True,0.3,2026-10-01 16:45:15.446000+02:00,2026-10-01 17:04:00+02:00,2026-10-01 17:04:18+02:00,2026-10-01,17,Thursday,False,18.74256666666667
20261001_144511,2026-10-01 14:45:15.446000+00:00,Lausanne,rail,ch:1:sloid:1120,Lausanne,ch:1:sloid:1120:0:42631,2026-10-01,ch:1:sjyid:100001:24154-001,rail,Regio,R1,R1,24154,Bex,Grandson,5,,2026-10-01 15:08:00+00:00,2026-10-01 15:08:12+00:00,,True,0.2,2026-10-01 16:45:15.446000+02:00,2026-10-01 17:08:00+02:00,2026-10-01 17:08:12+02:00,2026-10-01,17,Thursday,False,22.74256666666667
20261001_144511,2026-10-01 14:45:15.446000+00:00,Lausanne,rail,ch:1:sloid:1120,Lausanne,ch:1:sloid:1120:0:840061,2026-10-01,ch:1:sjyid:100001:1729-001,rail,InterRegio,IR95,IR95,1729,Genève-Aéroport,Brig,7,,2026-10-01 15:14:00+00:00,2026-10-01 15:14:30+00:00,,True,0.5,2026-10-01 16:45:15.446000+02:00,2026-10-01 17:14:00+02:00,2026-10-01 17:14:30+02:00,2026-10-01,17,Thursday,False,28.74256666666667
20261001_144511,2026-10-01 14:45:15.446000+00:00,Lausanne,rail,ch:1:sloid:1120,Lausanne,ch:1:sloid:1120:0:638488,2026-10-01,ch:1:sjyid:100001:1826-001,rail,InterRegio,IR90,IR90,1826,Brig,Genève-Aéroport,8,,2026-10-01 15:16:00+00:00,2026-10-01 15:16:30+00:00,,True,0.5,2026-10-01 16:45:15.446000+02:00,2026-10-01 17:16:00+02:00,2026-10-01 17:16:30+02:00,2026-10-01,17,Thursday,False,30.74256666666667
20261001_144511,2026-10-01 14:45:15.446000+00:00,Lausanne,rail,ch:1:sloid:1120,Lausanne,ch:1:sloid:1120:0:668579,2026-10-01,ch:1:sjyid:100001:729-001,rail,InterCity,IC1,IC1,729,Genève-Aéroport,St. Gallen,1,,2026-10-01 15:17:00+00:00,2026-10-01 15:17:30+00:00,,True,0.5,2026-10-01 16:45:15.446000+02:00,2026-10-01 17:17:00+02:00,2026-10-01 17:17:30+02:00,2026-10-01,17,Thursday,False,31.74256666666667
20261001_144511,2026-10-01 14:45:15.446000+00:00,Lausanne,rail,ch:1:sloid:1120,Lausanne,ch:1:sloid:1120:0:20298,2026-10-01,ch:1:sjyid:100001:24667-001,rail,S-Bahn,S40,S40,24667,Lausanne,Fribourg/Freiburg,70,,2026-10-01 15:21:00+00:00,2026-10-01 15:21:12+00:00,,True,0.2,2026-10-01 16:45:15.446000+02:00,2026-10-01 17:21:00+02:00,2026-10-01 17:21:12+02:00,2026-10-01,17,Thursday,False,35.74256666666667
20261001_144511,2026-10-01 14:45:15.446000+00:00,Lausanne,rail,ch:1:sloid:1120,Lausanne,ch:1:sloid:1120:0:42631,2026-10-01,ch:1:sjyid:100001:2526-001,rail,InterRegio,IR15,IR15,2526,Luzern,Genève-Aéroport,5,,2026-10-01 15:23:00+00:00,2026-10-01 15:23:30+00:00,,True,0.5,2026-10-01 16:45:15.446000+02:00,2026-10-01 17:23:00+02:00,2026-10-01 17:23:30+02:00,2026-10-01,17,Thursday,False,37.74256666666667
20261001_144511,2026-10-01 14:45:15.446000+00:00,Lausanne,rail,ch:1:sloid:1120,Lausanne,ch:1:sloid:1120:0:276884,2026-10-01,ch:1:sjyid:100001:24267-001,rail,Regio,R2,R2,24267,Grandson,Bex,3,,2026-10-01 15:24:00+00:00,2026-10-01 15:24:30+00:00,,True,0.5,2026-10-01 16:45:15.446000+02:00,2026-10-01 17:24:00+02:00,2026-10-01 17:24:30+02:00,2026-10-01,17,Thursday,False,38.74256666666667
20261001_144511,2026-10-01 14:45:15.446000+00:00,Lausanne,rail,ch:1:sloid:1120,Lausanne,ch:1:sloid:1120:0:840061,2026-10-01,ch:1:sjyid:100001:24456-001,rail,Regio,R4,R4,24456,Vevey,Vallorbe/Le Brassus,7,,2026-10-01 15:27:00+00:00,2026-10-01 15:27:12+00:00,,True,0.2,2026-10-01 16:45:15.446000+02:00,2026-10-01 17:27:00+02:00,2026-10-01 17:27:12+02:00,2026-10-01,17,Thursday,False,41.74256666666667
20261001_144511,2026-10-01 14:45:15.446000+00:00,Lausanne,rail,ch:1:sloid:1120,Lausanne,ch:1:sloid:1120:0:668579,2026-10-01,ch:1:sjyid:100001:24867-001,rail,Regio,R8,R8,24867,Allaman,Payerne,1,,2026-10-01 15:28:00+00:00,2026-10-01 15:28:12+00:00,,True,0.2,2026-10-01 16:45:15.446000+02:00,2026-10-01 17:28:00+02:00,2026-10-01 17:28:12+02:00,2026-10-01,17,Thursday,False,42.74256666666667
20261001_144511,2026-10-01 14:45:15.446000+00:00,Lausanne,rail,ch:1:sloid:1120,Lausanne,ch:1:sloid:1120:0:638488,2026-10-01,ch:1:sjyid:100001:18474-001,rail,RegioExpress,RE33,RE33,18474,Martigny,Annemasse,8,,2026-10-01 15:30:00+00:00,,,False,,2026-10-01 16:45:15.446000+02:00,2026-10-01 17:30:00+02:00,,2026-10-01,17,Thursday,False,44.74256666666667
20261001_144511,2026-10-01 14:45:15.446000+00:00,Lausanne,rail,ch:1:sloid:1120,Lausanne,ch:1:sloid:1120:0:37997,2026-10-01,ch:1:sjyid:100001:18479-001,rail,RegioExpress,RE33,RE33,18479,Annemasse,Martigny,6,,2026-10-01 15:31:00+00:00,2026-10-01 15:31:54+00:00,,True,0.9,2026-10-01 16:45:15.446000+02:00,2026-10-01 17:31:00+02:00,2026-10-01 17:31:54+02:00,2026-10-01,17,Thursday,False,45.74256666666667
20261001_144511,2026-10-01 14:45:15.446000+00:00,Lausanne,rail,ch:1:sloid:1120,Lausanne,ch:1:sloid:1120:0:860143,2026-10-01,ch:1:sjyid:100001:533-001,rail,InterCity,IC5,IC5,533,Lausanne,St. Gallen,4,,2026-10-01 15:34:00+00:00,2026-10-01 15:34:30+00:00,,True,0.5,2026-10-01 16:45:15.446000+02:00,2026-10-01 17:34:00+02:00,2026-10-01 17:34:30+02:00,2026-10-01,17,Thursday,False,48.74256666666667
20261001_144511,2026-10-01 14:45:15.446000+00:00,Lausanne,rail,ch:1:sloid:1120,Lausanne,ch:1:sloid:1120:0:840061,2026-10-01,ch:1:sjyid:100001:24856-001,rail,Regio,R8,R8,24856,Payerne,Allaman,7,,2026-10-01 15:34:00+00:00,2026-10-01 15:34:12+00:00,,True,0.2,2026-10-01 16:45:15.446000+02:00,2026-10-01 17:34:00+02:00,2026-10-01 17:34:12+02:00,2026-10-01,17,Thursday,False,48.74256666666667
20261001_144511,2026-10-01 14:45:15.446000+00:00,Lausanne,rail,ch:1:sloid:1120,Lausanne,ch:1:sloid:1120:0:276884,2026-10-01,ch:1:sjyid:100001:24467-001,rail,Regio,R4,R4,24467,Le Day,Vevey,3,,2026-10-01 15:34:00+00:00,2026-10-01 15:34:12+00:00,,True,0.2,2026-10-01 16:45:15.446000+02:00,2026-10-01 17:34:00+02:00,2026-10-01 17:34:12+02:00,2026-10-01,17,Thursday,False,48.74256666666667
20261001_144511,2026-10-01 14:45:15.446000+00:00,Lausanne,rail,ch:1:sloid:1120,Lausanne,ch:1:sloid:1120:0:42631,2026-10-01,ch:1:sjyid:100001:1929-001,rail,InterRegio,IR,IR,1929,Genève,Sion,5,,2026-10-01 15:38:00+00:00,2026-10-01 15:38:54+00:00,,True,0.9,2026-10-01 16:45:15.446000+02:00,2026-10-01 17:38:00+02:00,2026-10-01 17:38:54+02:00,2026-10-01,17,Thursday,False,52.74256666666667
20261001_144511,2026-10-01 14:45:15.446000+00:00,Lausanne,rail,ch:1:sloid:1120,Lausanne,ch:1:sloid:1120:0:638488,2026-10-01,ch:1:sjyid:100001:24256-001,rail,Regio,R2,R2,24256,Bex,Grandson,8,,2026-10-01 15:38:00+00:00,2026-10-01 15:38:12+00:00,,True,0.2,2026-10-01 16:45:15.446000+02:00,2026-10-01 17:38:00+02:00,2026-10-01 17:38:12+02:00,2026-10-01,17,Thursday,False,52.74256666666667
20261001_144511,2026-10-01 14:45:15.446000+00:00,Lausanne,rail,ch:1:sloid:1120,Lausanne,ch:1:sloid:1120:0:668579,2026-10-01,ch:1:sjyid:100001:2531-001,rail,InterRegio,IR15,IR15,2531,Genève-Aéroport,Luzern,1,,2026-10-01 15:40:00+00:00,2026-10-01 15:40:30+00:00,,True,0.5,2026-10-01 16:45:15.446000+02:00,2026-10-01 17:40:00+02:00,2026-10-01 17:40:30+02:00,2026-10-01,17,Thursday,False,54.74256666666667
20261001_144511,2026-10-01 14:45:15.942000+00:00,Genève,rail,ch:1:sloid:1008,Genève,ch:1:sloid:1008:1:1,2026-10-01,ch:1:sjyid:100001:23259-001,rail,Regio,RL4,RL4,23259,Annemasse,Coppet,1,,2026-10-01 14:45:00+00:00,2026-10-01 14:45:12+00:00,,True,0.2,2026-10-01 16:45:15.942000+02:00,2026-10-01 16:45:00+02:00,2026-10-01 16:45:12+02:00,2026-10-01,16,Thursday,False,-0.2657
20261001_144511,2026-10-01 14:45:15.942000+00:00,Genève,rail,ch:1:sloid:1008,Genève,ch:1:sloid:1008:2:2,2026-10-01,ch:1:sjyid:100001:23432-001,rail,Regio,RL2,RL2,23432,Coppet,Annecy,2,,2026-10-01 14:46:00+00:00,2026-10-01 14:46:42+00:00,,True,0.7,2026-10-01 16:45:15.942000+02:00,2026-10-01 16:46:00+02:00,2026-10-01 16:46:42+02:00,2026-10-01,16,Thursday,False,0.7343
20261001_144511,2026-10-01 14:45:15.942000+00:00,Genève,rail,ch:1:sloid:1008,Genève,ch:1:sloid:1008:4:8,2026-10-01,ch:1:sjyid:100001:96754-002,rail,Regio,RL6,RL6,96754,Genève,Bellegarde-sur-Valserine,7,,2026-10-01 14:48:00+00:00,2026-10-01 14:48:12+00:00,,True,0.2,2026-10-01 16:45:15.942000+02:00,2026-10-01 16:48:00+02:00,2026-10-01 16:48:12+02:00,2026-10-01,16,Thursday,False,2.7342999999999997
20261001_144511,2026-10-01 14:45:15.942000+00:00,Genève,rail,ch:1:sloid:1008,Genève,ch:1:sloid:1008:3:6,2026-10-01,ch:1:sjyid:100001:1929-001,rail,InterRegio,IR,IR,1929,Genève,Sion,5,,2026-10-01 14:49:00+00:00,2026-10-01 14:49:30+00:00,,True,0.5,2026-10-01 16:45:15.942000+02:00,2026-10-01 16:49:00+02:00,2026-10-01 16:49:30+02:00,2026-10-01,16,Thursday,False,3.7342999999999997
20261001_144511,2026-10-01 14:45:15.942000+00:00,Genève,rail,ch:1:sloid:1008,Genève,ch:1:sloid:1008:2:2,2026-10-01,ch:1:sjyid:100001:18426-001,rail,RegioExpress,RE33,RE33,18426,St-Maurice,Annemasse,2,,2026-10-01 14:53:00+00:00,,,False,,2026-10-01 16:45:15.942000+02:00,2026-10-01 16:53:00+02:00,,2026-10-01,16,Thursday,False,7.7343
20261001_144511,2026-10-01 14:45:15.942000+00:00,Genève,rail,ch:1:sloid:1008,Genève,ch:1:sloid:1008:3:4,2026-10-01,ch:1:sjyid:100001:2531-001,rail,InterRegio,IR15,IR15,2531,Genève-Aéroport,Luzern,4,,2026-10-01 14:54:00+00:00,2026-10-01 14:54:30+00:00,,True,0.5,2026-10-01 16:45:15.942000+02:00,2026-10-01 16:54:00+02:00,2026-10-01 16:54:30+02:00,2026-10-01,16,Thursday,False,8.7343
20261001_144511,2026-10-01 14:45:15.942000+00:00,Genève,rail,ch:1:sloid:1008,Genève,ch:1:sloid:1008:3:6,2026-10-01,ch:1:sjyid:100001:3577-001,rail,RegioExpress,RE,RE,3577,Genève,Nyon,5,,2026-10-01 14:57:00+00:00,2026-10-01 14:57:12+00:00,,True,0.2,2026-10-01 16:45:15.942000+02:00,2026-10-01 16:57:00+02:00,2026-10-01 16:57:12+02:00,2026-10-01,16,Thursday,False,11.7343
20261001_144511,2026-10-01 14:45:15.942000+00:00,Genève,rail,ch:1:sloid:1008,Genève,ch:1:sloid:1008:2:3,2026-10-01,ch:1:sjyid:100001:1824-001,rail,InterRegio,IR90,IR90,1824,Brig,Genève-Aéroport,3,,2026-10-01 14:58:00+00:00,2026-10-01 14:58:54+00:00,,True,0.9,2026-10-01 16:45:15.942000+02:00,2026-10-01 16:58:00+02:00,2026-10-01 16:58:54+02:00,2026-10-01,16,Thursday,False,12.7343
20261001_144511,2026-10-01 14:45:15.942000+00:00,Genève,rail,ch:1:sloid:1008,Genève,ch:1:sloid:1008:1:1,2026-10-01,ch:1:sjyid:100001:23161-001,rail,Regio,RL4,RL4,23161,Annemasse,Coppet,1,,2026-10-01 15:00:00+00:00,2026-10-01 15:00:12+00:00,,True,0.2,2026-10-01 16:45:15.942000+02:00,2026-10-01 17:00:00+02:00,2026-10-01 17:00:12+02:00,2026-10-01,17,Thursday,False,14.7343
20261001_144511,2026-10-01 14:45:15.942000+00:00,Genève,rail,ch:1:sloid:1008,Genève,ch:1:sloid:1008:2:2,2026-10-01,ch:1:sjyid:100001:23334-001,rail,Regio,RL1,RL1,23334,Coppet,Evian-les-Bains,2,,2026-10-01 15:01:00+00:00,2026-10-01 15:01:42+00:00,,True,0.7,2026-10-01 16:45:15.942000+02:00,2026-10-01 17:01:00+02:00,2026-10-01 17:01:42+02:00,2026-10-01,17,Thursday,False,15.7343
20261001_144511,2026-10-01 14:45:15.942000+00:00,Genève,rail,ch:1:sloid:1008,Genève,ch:1:sloid:1008:3:6,2026-10-01,ch:1:sjyid:100001:1829-001,rail,InterRegio,IR90,IR90,1829,Genève-Aéroport,Brig,5,,2026-10-01 15:05:00+00:00,2026-10-01 15:05:30+00:00,,True,0.5,2026-10-01 16:45:15.942000+02:00,2026-10-01 17:05:00+02:00,2026-10-01 17:05:30+02:00,2026-10-01,17,Thursday,False,19.7343
20261001_144511,2026-10-01 14:45:15.942000+00:00,Genève,rail,ch:1:sloid:1008,Genève,ch:1:sloid:1008:3:4,2026-10-01,ch:1:sjyid:100001:18427-001,rail,RegioExpress,RE33,RE33,18427,Annemasse,St-Maurice,4,,2026-10-01 15:08:00+00:00,2026-10-01 15:08:12+00:00,,True,0.2,2026-10-01 16:45:15.942000+02:00,2026-10-01 17:08:00+02:00,2026-10-01 17:08:12+02:00,2026-10-01,17,Thursday,False,22.7343
20261001_144511,2026-10-01 14:45:15.942000+00:00,Genève,rail,ch:1:sloid:1008,Genève,ch:1:sloid:1008:2:3,2026-10-01,ch:1:sjyid:100001:2524-001,rail,InterRegio,IR15,IR15,2524,Luzern,Genève-Aéroport,3,,2026-10-01 15:08:00+00:00,2026-10-01 15:08:30+00:00,,True,0.5,2026-10-01 16:45:15.942000+02:00,2026-10-01 17:08:00+02:00,2026-10-01 17:08:30+02:00,2026-10-01,17,Thursday,False,22.7343
20261001_144511,2026-10-01 14:45:15.942000+00:00,Genève,rail,ch:1:sloid:1008,Genève,ch:1:sloid:1008:3:4,2026-10-01,ch:1:sjyid:100001:1673-001,rail,InterRegio,IR57,IR57,1673,Genève-Aéroport,Neuchâtel,4,,2026-10-01 15:15:00+00:00,2026-10-01 15:16:12+00:00,,True,1.2,2026-10-01 16:45:15.942000+02:00,2026-10-01 17:15:00+02:00,2026-10-01 17:16:12+02:00,2026-10-01,17,Thursday,False,29.7343
20261001_144511,2026-10-01 14:45:15.942000+00:00,Genève,rail,ch:1:sloid:1008,Genève,ch:1:sloid:1008:1:1,2026-10-01,ch:1:sjyid:100001:23431-001,rail,Regio,RL2,RL2,23431,Annemasse,Coppet,1,,2026-10-01 15:15:00+00:00,2026-10-01 15:15:12+00:00,,True,0.2,2026-10-01 16:45:15.942000+02:00,2026-10-01 17:15:00+02:00,2026-10-01 17:15:12+02:00,2026-10-01,17,Thursday,False,29.7343
20261001_144511,2026-10-01 14:45:15.942000+00:00,Genève,rail,ch:1:sloid:1008,Genève,ch:1:sloid:1008:2:2,2026-10-01,ch:1:sjyid:100001:23262-001,rail,Regio,RL4,RL4,23262,Coppet,Annemasse,2,,2026-10-01 15:16:00+00:00,2026-10-01 15:16:42+00:00,,True,0.7,2026-10-01 16:45:15.942000+02:00,2026-10-01 17:16:00+02:00,2026-10-01 17:16:42+02:00,2026-10-01,17,Thursday,False,30.7343
20261001_144511,2026-10-01 14:45:15.942000+00:00,Genève,rail,ch:1:sloid:1008,Genève,ch:1:sloid:1008:3:5,2026-10-01,ch:1:sjyid:100001:23062-002,rail,Regio,RL5,RL5,23062,Genève,La Plaine,10,,2026-10-01 15:18:00+00:00,2026-10-01 15:18:12+00:00,,True,0.2,2026-10-01 16:45:15.942000+02:00,2026-10-01 17:18:00+02:00,2026-10-01 17:18:12+02:00,2026-10-01,17,Thursday,False,32.7343
20261001_144511,2026-10-01 14:45:15.942000+00:00,Genève,rail,ch:1:sloid:1008,Genève,ch:1:sloid:1008:2:2,2026-10-01,ch:1:sjyid:100001:18472-001,rail,RegioExpress,RE33,RE33,18472,Martigny,Annemasse,2,,2026-10-01 15:23:00+00:00,,,False,,2026-10-01 16:45:15.942000+02:00,2026-10-01 17:23:00+02:00,,2026-10-01,17,Thursday,False,37.7343
20261001_144511,2026-10-01 14:45:15.942000+00:00,Genève,rail,ch:1:sloid:1008,Genève,ch:1:sloid:1008:3:4,2026-10-01,ch:1:sjyid:100001:1731-001,rail,InterRegio,IR95,IR95,1731,Genève-Aéroport,Brig,4,,2026-10-01 15:24:00+00:00,2026-10-01 15:24:42+00:00,,True,0.7,2026-10-01 16:45:15.942000+02:00,2026-10-01 17:24:00+02:00,2026-10-01 17:24:42+02:00,2026-10-01,17,Thursday,False,38.7343
20261001_144511,2026-10-01 14:45:15.942000+00:00,Genève,rail,ch:1:sloid:1008,Genève,ch:1:sloid:1008:4:8,2026-10-01,ch:1:sjyid:100001:96574-002,rail,Train Express Regional,TER,TER,96574,Genève,Lyon Part Dieu,7,,2026-10-01 15:24:00+00:00,2026-10-01 15:24:30+00:00,,True,0.5,2026-10-01 16:45:15.942000+02:00,2026-10-01 17:24:00+02:00,2026-10-01 17:24:30+02:00,2026-10-01,17,Thursday,False,38.7343
20261001_144511,2026-10-01 14:45:15.942000+00:00,Genève,rail,ch:1:sloid:1008,Genève,ch:1:sloid:1008:2:3,2026-10-01,ch:1:sjyid:100001:722-001,rail,InterCity,IC1,IC1,722,St. Gallen,Genève-Aéroport,3,,2026-10-01 15:28:00+00:00,2026-10-01 15:29:12+00:00,,True,1.2,2026-10-01 16:45:15.942000+02:00,2026-10-01 17:28:00+02:00,2026-10-01 17:29:12+02:00,2026-10-01,17,Thursday,False,42.7343
20261001_144511,2026-10-01 14:45:15.942000+00:00,Genève,rail,ch:1:sloid:1008,Genève,ch:1:sloid:1008:1:1,2026-10-01,ch:1:sjyid:100001:23487-001,rail,Regio,RL3,RL3,23487,Annemasse,Coppet,1,,2026-10-01 15:30:00+00:00,2026-10-01 15:30:12+00:00,,True,0.2,2026-10-01 16:45:15.942000+02:00,2026-10-01 17:30:00+02:00,2026-10-01 17:30:12+02:00,2026-10-01,17,Thursday,False,44.7343
20261001_144511,2026-10-01 14:45:15.942000+00:00,Genève,rail,ch:1:sloid:1008,Genève,ch:1:sloid:1008:3:6,2026-10-01,ch:1:sjyid:100001:731-001,rail,InterCity,IC1,IC1,731,Genève-Aéroport,St. Gallen,5,,2026-10-01 15:31:00+00:00,2026-10-01 15:32:00+00:00,,True,1.0,2026-10-01 16:45:15.942000+02:00,2026-10-01 17:31:00+02:00,2026-10-01 17:32:00+02:00,2026-10-01,17,Thursday,False,45.7343
20261001_144511,2026-10-01 14:45:15.942000+00:00,Genève,rail,ch:1:sloid:1008,Genève,ch:1:sloid:1008:2:2,2026-10-01,ch:1:sjyid:100001:23322-001,rail,Regio,RL1,RL1,23322,Coppet,Evian-les-Bains,2,,2026-10-01 15:31:00+00:00,2026-10-01 15:31:42+00:00,,True,0.7,2026-10-01 16:45:15.942000+02:00,2026-10-01 17:31:00+02:00,2026-10-01 17:31:42+02:00,2026-10-01,17,Thursday,False,45.7343
20261001_144511,2026-10-01 14:45:15.942000+00:00,Genève,rail,ch:1:sloid:1008,Genève,ch:1:sloid:1008:2:3,2026-10-01,ch:1:sjyid:100001:18481-001,rail,RegioExpress,RE33,RE33,18481,Annemasse,Martigny,3,,2026-10-01 15:38:00+00:00,2026-10-01 15:38:12+00:00,,True,0.2,2026-10-01 16:45:15.942000+02:00,2026-10-01 17:38:00+02:00,2026-10-01 17:38:12+02:00,2026-10-01,17,Thursday,False,52.7343
20261001_144511,2026-10-01 14:45:15.942000+00:00,Genève,rail,ch:1:sloid:1008,Genève,ch:1:sloid:1008:2:2,2026-10-01,ch:1:sjyid:100001:1724-001,rail,InterRegio,IR95,IR95,1724,Brig,Genève-Aéroport,2,,2026-10-01 15:38:00+00:00,2026-10-01 15:38:30+00:00,,True,0.5,2026-10-01 16:45:15.942000+02:00,2026-10-01 17:38:00+02:00,2026-10-01 17:38:30+02:00,2026-10-01,17,Thursday,False,52.7343
20261001_144511,2026-10-01 14:45:15.942000+00:00,Genève,rail,ch:1:sloid:1008,Genève,ch:1:sloid:1008:1:1,2026-10-01,ch:1:sjyid:100001:23263-001,rail,Regio,RL4,RL4,23263,Annemasse,Coppet,1,,2026-10-01 15:45:00+00:00,2026-10-01 15:45:12+00:00,,True,0.2,2026-10-01 16:45:15.942000+02:00,2026-10-01 17:45:00+02:00,2026-10-01 17:45:12+02:00,2026-10-01,17,Thursday,False,59.7343
20261001_144511,2026-10-01 14:45:15.942000+00:00,Genève,rail,ch:1:sloid:1008,Genève,ch:1:sloid:1008:2:2,2026-10-01,ch:1:sjyid:100001:23434-001,rail,Regio,RL2,RL2,23434,Coppet,Annecy,2,,2026-10-01 15:46:00+00:00,2026-10-01 15:46:42+00:00,,True,0.7,2026-10-01 16:45:15.942000+02:00,2026-10-01 17:46:00+02:00,2026-10-01 17:46:42+02:00,2026-10-01,17,Thursday,False,60.7343
20261001_144511,2026-10-01 14:45:15.942000+00:00,Genève,rail,ch:1:sloid:1008,Genève,ch:1:sloid:1008:2:3,2026-10-01,ch:1:sjyid:100001:1674-001,rail,InterRegio,IR57,IR57,1674,Neuchâtel,Genève-Aéroport,3,,2026-10-01 15:48:00+00:00,2026-10-01 15:49:06+00:00,,True,1.1,2026-10-01 16:45:15.942000+02:00,2026-10-01 17:48:00+02:00,2026-10-01 17:49:06+02:00,2026-10-01,17,Thursday,False,62.7343
20261001_144511,2026-10-01 14:45:15.942000+00:00,Genève,rail,ch:1:sloid:1008,Genève,ch:1:sloid:1008:3:6,2026-10-01,ch:1:sjyid:100001:96756-002,rail,Regio,RL6,RL6,96756,Genève,Bellegarde-sur-Valserine,5,,2026-10-01 15:50:00+00:00,2026-10-01 15:50:12+00:00,,True,0.2,2026-10-01 16:45:15.942000+02:00,2026-10-01 17:50:00+02:00,2026-10-01 17:50:12+02:00,2026-10-01,17,Thursday,False,64.7343
20261001_144511,2026-10-01 14:45:16.475000+00:00,Lugano,rail,ch:1:sloid:5300,Lugano,ch:1:sloid:5300:2:3,2026-10-01,ch:1:sjyid:100001:20-002,rail,EuroCity,EC,EC,20,Como S. Giovanni,Zürich HB,3,,2026-10-01 14:30:00+00:00,2026-10-01 14:44:06+00:00,,True,14.1,2026-10-01 16:45:16.475000+02:00,2026-10-01 16:30:00+02:00,2026-10-01 16:44:06+02:00,2026-10-01,16,Thursday,False,-15.274583333333334
20261001_144511,2026-10-01 14:45:16.475000+00:00,Lugano,rail,ch:1:sloid:5300,Lugano,ch:1:sloid:5300:2:2,2026-10-01,ch:1:sjyid:100001:25929-001,rail,S-Bahn,S90,S90,25929,Giubiasco,Mendrisio,2,,2026-10-01 14:52:00+00:00,2026-10-01 14:52:12+00:00,,True,0.2,2026-10-01 16:45:16.475000+02:00,2026-10-01 16:52:00+02:00,2026-10-01 16:52:12+02:00,2026-10-01,16,Thursday,False,6.725416666666666
20261001_144511,2026-10-01 14:45:16.475000+00:00,Lugano,rail,ch:1:sloid:5300,Lugano,ch:1:sloid:5300:3:4,2026-10-01,ch:1:sjyid:100001:25776-002,rail,S-Bahn,S10,S10,25776,Mendrisio,Airolo,4,,2026-10-01 14:55:00+00:00,2026-10-01 14:55:36+00:00,,True,0.6,2026-10-01 16:45:16.475000+02:00,2026-10-01 16:55:00+02:00,2026-10-01 16:55:36+02:00,2026-10-01,16,Thursday,False,9.725416666666666
20261001_144511,2026-10-01 14:45:16.475000+00:00,Lugano,rail,ch:1:sloid:5300,Lugano,ch:1:sloid:5300:2:3,2026-10-01,ch:1:sjyid:100001:886-001,rail,InterCity,IC2,IC2,886,Lugano,Zürich HB,3,,2026-10-01 15:02:00+00:00,2026-10-01 15:02:30+00:00,,True,0.5,2026-10-01 16:45:16.475000+02:00,2026-10-01 17:02:00+02:00,2026-10-01 17:02:30+02:00,2026-10-01,17,Thursday,False,16.725416666666668
20261001_144511,2026-10-01 14:45:16.475000+00:00,Lugano,rail,ch:1:sloid:5300,Lugano,ch:1:sloid:5300:1:1,2026-10-01,ch:1:sjyid:100001:25529-001,rail,RegioExpress,RE80,RE80,25529,Locarno,Milano Centrale,1,,2026-10-01 15:02:00+00:00,,,False,,2026-10-01 16:45:16.475000+02:00,2026-10-01 17:02:00+02:00,,2026-10-01,17,Thursday,False,16.725416666666668
20261001_144511,2026-10-01 14:45:16.475000+00:00,Lugano,rail,ch:1:sloid:5300,Lugano,ch:1:sloid:5300:3:4,2026-10-01,ch:1:sjyid:100001:25524-001,rail,RegioExpress,RE80,RE80,25524,Milano Centrale,Locarno,4,,2026-10-01 15:05:00+00:00,2026-10-01 15:05:12+00:00,,True,0.2,2026-10-01 16:45:16.475000+02:00,2026-10-01 17:05:00+02:00,2026-10-01 17:05:12+02:00,2026-10-01,17,Thursday,False,19.725416666666668
20261001_144511,2026-10-01 14:45:16.475000+00:00,Lugano,rail,ch:1:sloid:5300,Lugano,ch:1:sloid:5300:1:1,2026-10-01,ch:1:sjyid:100001:25779-001,rail,S-Bahn,S10,S10,25779,Biasca,Como S. Giovanni/Malpensa Aeroporto T2,1,,2026-10-01 15:06:00+00:00,2026-10-01 15:06:12+00:00,,True,0.2,2026-10-01 16:45:16.475000+02:00,2026-10-01 17:06:00+02:00,2026-10-01 17:06:12+02:00,2026-10-01,17,Thursday,False,20.725416666666668
20261001_144511,2026-10-01 14:45:16.475000+00:00,Lugano,rail,ch:1:sloid:5300,Lugano,ch:1:sloid:5300:2:3,2026-10-01,ch:1:sjyid:100001:25930-001,rail,S-Bahn,S90,S90,25930,Mendrisio,Giubiasco,3,,2026-10-01 15:08:00+00:00,2026-10-01 15:08:12+00:00,,True,0.2,2026-10-01 16:45:16.475000+02:00,2026-10-01 17:08:00+02:00,2026-10-01 17:08:12+02:00,2026-10-01,17,Thursday,False,22.725416666666668
20261001_144511,2026-10-01 14:45:16.475000+00:00,Lugano,rail,ch:1:sloid:5300,Lugano,ch:1:sloid:5300:2:2,2026-10-01,ch:1:sjyid:100001:25729-001,rail,S-Bahn,S10,S10,25729,Bellinzona,Mendrisio,2,,2026-10-01 15:18:00+00:00,2026-10-01 15:18:12+00:00,,True,0.2,2026-10-01 16:45:16.475000+02:00,2026-10-01 17:18:00+02:00,2026-10-01 17:18:12+02:00,2026-10-01,17,Thursday,False,32.72541666666667
20261001_144511,2026-10-01 14:45:16.475000+00:00,Lugano,rail,ch:1:sloid:5300,Lugano,ch:1:sloid:5300:3:4,2026-10-01,ch:1:sjyid:100001:25130-001,rail,S-Bahn,S10,S10,25130,Como Camerlata,Biasca,4,,2026-10-01 15:25:00+00:00,2026-10-01 15:25:24+00:00,,True,0.4,2026-10-01 16:45:16.475000+02:00,2026-10-01 17:25:00+02:00,2026-10-01 17:25:24+02:00,2026-10-01,17,Thursday,False,39.72541666666667
20261001_144511,2026-10-01 14:45:16.475000+00:00,Lugano,rail,ch:1:sloid:5300,Lugano,ch:1:sloid:5300:2:2,2026-10-01,ch:1:sjyid:100001:25831-001,rail,RegioExpress,RE80,RE80,25831,Locarno,Chiasso,2,,2026-10-01 15:25:00+00:00,2026-10-01 15:25:12+00:00,,True,0.2,2026-10-01 16:45:16.475000+02:00,2026-10-01 17:25:00+02:00,2026-10-01 17:25:12+02:00,2026-10-01,17,Thursday,False,39.72541666666667
20261001_144511,2026-10-01 14:45:16.475000+00:00,Lugano,rail,ch:1:sloid:5300,Lugano,ch:1:sloid:5300:2:3,2026-10-01,ch:1:sjyid:100001:22-003,rail,EuroCity,EC,EC,22,Como S. Giovanni,Zürich HB,3,,2026-10-01 15:30:00+00:00,2026-10-01 15:31:00+00:00,,True,1.0,2026-10-01 16:45:16.475000+02:00,2026-10-01 17:30:00+02:00,2026-10-01 17:31:00+02:00,2026-10-01,17,Thursday,False,44.72541666666667
20261001_144511,2026-10-01 14:45:16.475000+00:00,Lugano,rail,ch:1:sloid:5300,Lugano,ch:1:sloid:5300:2:2,2026-10-01,ch:1:sjyid:100001:23-003,rail,EuroCity,EC,EC,23,Zürich HB,Milano Centrale,2,,2026-10-01 15:30:00+00:00,,,False,,2026-10-01 16:45:16.475000+02:00,2026-10-01 17:30:00+02:00,,2026-10-01,17,Thursday,False,44.72541666666667
20261001_144511,2026-10-01 14:45:16.475000+00:00,Lugano,rail,ch:1:sloid:5300,Lugano,ch:1:sloid:5300:3:4,2026-10-01,ch:1:sjyid:100001:25826-001,rail,RegioExpress,RE80,RE80,25826,Chiasso,Locarno,4,,2026-10-01 15:35:00+00:00,2026-10-01 15:35:48+00:00,,True,0.8,2026-10-01 16:45:16.475000+02:00,2026-10-01 17:35:00+02:00,2026-10-01 17:35:48+02:00,2026-10-01,17,Thursday,False,49.72541666666667
20261001_144511,2026-10-01 14:45:16.475000+00:00,Lugano,rail,ch:1:sloid:5300,Lugano,ch:1:sloid:5300:2:2,2026-10-01,ch:1:sjyid:100001:25131-001,rail,S-Bahn,S10,S10,25131,Biasca,Como Camerlata,2,,2026-10-01 15:36:00+00:00,,,False,,2026-10-01 16:45:16.475000+02:00,2026-10-01 17:36:00+02:00,,2026-10-01,17,Thursday,False,50.72541666666667
20261001_144511,2026-10-01 14:45:16.475000+00:00,Lugano,rail,ch:1:sloid:5300,Lugano,ch:1:sloid:5300:1:1,2026-10-01,ch:1:sjyid:100001:25978-001,rail,S-Bahn,S90,S90,25978,Lugano,Giubiasco,1,,2026-10-01 15:38:00+00:00,2026-10-01 15:38:12+00:00,,True,0.2,2026-10-01 16:45:16.475000+02:00,2026-10-01 17:38:00+02:00,2026-10-01 17:38:12+02:00,2026-10-01,17,Thursday,False,52.72541666666667
20261001_144511,2026-10-01 14:45:16.475000+00:00,Lugano,rail,ch:1:sloid:5300,Lugano,ch:1:sloid:5300:1:1,2026-10-01,ch:1:sjyid:100001:25731-003,rail,RegioExpress,RE80,RE80,25731,Lugano,Chiasso,1,,2026-10-01 15:51:00+00:00,2026-10-01 15:52:48+00:00,,True,1.8,2026-10-01 16:45:16.475000+02:00,2026-10-01 17:51:00+02:00,2026-10-01 17:52:48+02:00,2026-10-01,17,Thursday,False,65.72541666666667
20261001_144511,2026-10-01 14:45:16.475000+00:00,Lugano,rail,ch:1:sloid:5300,Lugano,ch:1:sloid:5300:2:2,2026-10-01,ch:1:sjyid:100001:25733-001,rail,S-Bahn,S90,S90,25733,Lugano,Mendrisio,2,,2026-10-01 15:54:00+00:00,2026-10-01 15:54:54+00:00,,True,0.9,2026-10-01 16:45:16.475000+02:00,2026-10-01 17:54:00+02:00,2026-10-01 17:54:54+02:00,2026-10-01,17,Thursday,False,68.72541666666666
20261001_144511,2026-10-01 14:45:16.475000+00:00,Lugano,rail,ch:1:sloid:5300,Lugano,ch:1:sloid:5300:3:4,2026-10-01,ch:1:sjyid:100001:25778-001,rail,S-Bahn,S10,S10,25778,Mendrisio,Biasca,4,,2026-10-01 15:55:00+00:00,2026-10-01 15:55:36+00:00,,True,0.6,2026-10-01 16:45:16.475000+02:00,2026-10-01 17:55:00+02:00,2026-10-01 17:55:36+02:00,2026-10-01,17,Thursday,False,69.72541666666666
20261001_144511,2026-10-01 14:45:16.475000+00:00,Lugano,rail,ch:1:sloid:5300,Lugano,ch:1:sloid:5300:2:3,2026-10-01,ch:1:sjyid:100001:688-001,rail,InterCity,IC21,IC21,688,Lugano,Basel SBB,3,,2026-10-01 16:02:00+00:00,2026-10-01 16:02:30+00:00,,True,0.5,2026-10-01 16:45:16.475000+02:00,2026-10-01 18:02:00+02:00,2026-10-01 18:02:30+02:00,2026-10-01,18,Thursday,False,76.72541666666666
20261001_144511,2026-10-01 14:45:16.475000+00:00,Lugano,rail,ch:1:sloid:5300,Lugano,ch:1:sloid:5300:1:1,2026-10-01,ch:1:sjyid:100001:25531-001,rail,RegioExpress,RE80,RE80,25531,Locarno,Milano Centrale,1,,2026-10-01 16:02:00+00:00,,,False,,2026-10-01 16:45:16.475000+02:00,2026-10-01 18:02:00+02:00,,2026-10-01,18,Thursday,False,76.72541666666666
20261001_144511,2026-10-01 14:45:16.475000+00:00,Lugano,rail,ch:1:sloid:5300,Lugano,ch:1:sloid:5300:3:4,2026-10-01,ch:1:sjyid:100001:25526-001,rail,RegioExpress,RE80,RE80,25526,Milano Centrale,Locarno,4,,2026-10-01 16:05:00+00:00,2026-10-01 16:05:12+00:00,,True,0.2,2026-10-01 16:45:16.475000+02:00,2026-10-01 18:05:00+02:00,2026-10-01 18:05:12+02:00,2026-10-01,18,Thursday,False,79.72541666666666
20261001_144511,2026-10-01 14:45:16.475000+00:00,Lugano,rail,ch:1:sloid:5300,Lugano,ch:1:sloid:5300:1:1,2026-10-01,ch:1:sjyid:100001:25781-001,rail,S-Bahn,S10,S10,25781,Biasca,Como S. Giovanni/Malpensa Aeroporto T2,1,,2026-10-01 16:06:00+00:00,2026-10-01 16:06:12+00:00,,True,0.2,2026-10-01 16:45:16.475000+02:00,2026-10-01 18:06:00+02:00,2026-10-01 18:06:12+02:00,2026-10-01,18,Thursday,False,80.72541666666666
20261001_144511,2026-10-01 14:45:16.475000+00:00,Lugano,rail,ch:1:sloid:5300,Lugano,ch:1:sloid:5300:2:3,2026-10-01,ch:1:sjyid:100001:25932-001,rail,S-Bahn,S90,S90,25932,Mendrisio,Giubiasco,3,,2026-10-01 16:08:00+00:00,2026-10-01 16:08:12+00:00,,True,0.2,2026-10-01 16:45:16.475000+02:00,2026-10-01 18:08:00+02:00,2026-10-01 18:08:12+02:00,2026-10-01,18,Thursday,False,82.72541666666666
20261001_144511,2026-10-01 14:45:16.475000+00:00,Lugano,rail,ch:1:sloid:5300,Lugano,ch:1:sloid:5300:2:2,2026-10-01,ch:1:sjyid:100001:173-001,rail,EuroCity,EC,EC,173,Basel SBB,Milano Centrale,2,,2026-10-01 16:10:00+00:00,,,False,,2026-10-01 16:45:16.475000+02:00,2026-10-01 18:10:00+02:00,,2026-10-01,18,Thursday,False,84.72541666666666
20261001_144511,2026-10-01 14:45:16.475000+00:00,Lugano,rail,ch:1:sloid:5300,Lugano,ch:1:sloid:5300:3:4,2026-10-01,ch:1:sjyid:100001:25132-001,rail,S-Bahn,S10,S10,25132,Como Camerlata,Biasca,4,,2026-10-01 16:25:00+00:00,2026-10-01 16:25:24+00:00,,True,0.4,2026-10-01 16:45:16.475000+02:00,2026-10-01 18:25:00+02:00,2026-10-01 18:25:24+02:00,2026-10-01,18,Thursday,False,99.72541666666666
20261001_144511,2026-10-01 14:45:16.475000+00:00,Lugano,rail,ch:1:sloid:5300,Lugano,ch:1:sloid:5300:2:2,2026-10-01,ch:1:sjyid:100001:25833-001,rail,RegioExpress,RE80,RE80,25833,Locarno,Chiasso,2,,2026-10-01 16:25:00+00:00,2026-10-01 16:25:12+00:00,,True,0.2,2026-10-01 16:45:16.475000+02:00,2026-10-01 18:25:00+02:00,2026-10-01 18:25:12+02:00,2026-10-01,18,Thursday,False,99.72541666666666
20261001_144511,2026-10-01 14:45:16.475000+00:00,Lugano,rail,ch:1:sloid:5300,Lugano,ch:1:sloid:5300:2:3,2026-10-01,ch:1:sjyid:100001:24-003,rail,EuroCity,EC,EC,24,Como S. Giovanni,Zürich HB,3,,2026-10-01 16:30:00+00:00,2026-10-01 16:31:00+00:00,,True,1.0,2026-10-01 16:45:16.475000+02:00,2026-10-01 18:30:00+02:00,2026-10-01 18:31:00+02:00,2026-10-01,18,Thursday,False,104.72541666666666
20261001_144511,2026-10-01 14:45:16.475000+00:00,Lugano,rail,ch:1:sloid:5300,Lugano,ch:1:sloid:5300:2:2,2026-10-01,ch:1:sjyid:100001:1479-001,rail,InterCity,IC2,IC2,1479,Zürich HB,Chiasso,2,,2026-10-01 16:30:00+00:00,2026-10-01 16:30:36+00:00,,True,0.6,2026-10-01 16:45:16.475000+02:00,2026-10-01 18:30:00+02:00,2026-10-01 18:30:36+02:00,2026-10-01,18,Thursday,False,104.72541666666666
20261001_144511,2026-10-01 14:45:16.475000+00:00,Lugano,rail,ch:1:sloid:5300,Lugano,ch:1:sloid:5300:3:4,2026-10-01,ch:1:sjyid:100001:25828-001,rail,RegioExpress,RE80,RE80,25828,Chiasso,Locarno,4,,2026-10-01 16:35:00+00:00,2026-10-01 16:35:48+00:00,,True,0.8,2026-10-01 16:45:16.475000+02:00,2026-10-01 18:35:00+02:00,2026-10-01 18:35:48+02:00,2026-10-01,18,Thursday,False,109.72541666666666
20261001_144511,2026-10-01 14:45:16.933000+00:00,Zürich,local,ch:1:sloid:87348,"Zürich, Bahnhofplatz/HB",ch:1:sloid:87348::1,2026-10-01,ch:1:sjyid:100648:plan:b6d2061f-99d2-416a-b683-1b1ab41d5aa5,tram,Tram,14,14,32712,"Zürich, Bahnhofplatz/HB",Triemli,,,2026-10-01 14:44:00+00:00,2026-10-01 14:45:00+00:00,,True,1.0,2026-10-01 16:45:16.933000+02:00,2026-10-01 16:44:00+02:00,2026-10-01 16:45:00+02:00,2026-10-01,16,Thursday,False,-1.2822166666666668
20261001_144511,2026-10-01 14:45:16.933000+00:00,Zürich,local,ch:1:sloid:87348,"Zürich, Bahnhofplatz/HB",ch:1:sloid:87348::11,2026-10-01,ch:1:sjyid:100648:plan:220a67d6-219a-4e14-b41d-b8361ccae740,bus,Bus,31,31,36703,"Zürich, Kienastenwies",Hermetschloo,,,2026-10-01 14:44:30+00:00,2026-10-01 14:45:18+00:00,,True,0.8,2026-10-01 16:45:16.933000+02:00,2026-10-01 16:44:30+02:00,2026-10-01 16:45:18+02:00,2026-10-01,16,Thursday,False,-0.7822166666666667
20261001_144511,2026-10-01 14:45:16.933000+00:00,Zürich,local,ch:1:sloid:87348,"Zürich, Bahnhofplatz/HB",ch:1:sloid:87348::0,2026-10-01,ch:1:sjyid:100648:plan:d915c431-ca4e-4be6-bf7c-aa5db88db840,tram,Tram,6,6,32778,"Zürich, Bahnhofplatz/HB",Zoo,,,2026-10-01 14:45:06+00:00,2026-10-01 14:45:12+00:00,,True,0.1,2026-10-01 16:45:16.933000+02:00,2026-10-01 16:45:06+02:00,2026-10-01 16:45:12+02:00,2026-10-01,16,Thursday,False,-0.18221666666666667
20261001_144511,2026-10-01 14:45:16.933000+00:00,Zürich,local,ch:1:sloid:87348,"Zürich, Bahnhofplatz/HB",ch:1:sloid:87348::0,2026-10-01,ch:1:sjyid:100648:plan:5e30cbd7-90e6-498e-9d4d-3691b0f79410,tram,Tram,3,3,31834,"Zürich, Albisrieden",Klusplatz,,,2026-10-01 14:48:24+00:00,2026-10-01 14:48:54+00:00,,True,0.5,2026-10-01 16:45:16.933000+02:00,2026-10-01 16:48:24+02:00,2026-10-01 16:48:54+02:00,2026-10-01,16,Thursday,False,3.1177833333333336
20261001_144511,2026-10-01 14:45:16.933000+00:00,Zürich,local,ch:1:sloid:87348,"Zürich, Bahnhofplatz/HB",ch:1:sloid:87348::1,2026-10-01,ch:1:sjyid:100648:plan:ca8b20ff-9d3d-460b-b47a-8a345de8fcfa,tram,Tram,3,3,32279,"Zürich, Klusplatz",Albisrieden,,,2026-10-01 14:48:18+00:00,2026-10-01 14:49:00+00:00,,True,0.7,2026-10-01 16:45:16.933000+02:00,2026-10-01 16:48:18+02:00,2026-10-01 16:49:00+02:00,2026-10-01,16,Thursday,False,3.0177833333333335
20261001_144511,2026-10-01 14:45:16.933000+00:00,Zürich,local,ch:1:sloid:87348,"Zürich, Bahnhofplatz/HB",ch:1:sloid:87348::1,2026-10-01,ch:1:sjyid:100648:plan:7dd406d8-02c5-4969-bb4b-7ba1096860cc,tram,Tram,14,14,33150,"Zürich, Bahnhofplatz/HB",Triemli,,,2026-10-01 14:51:30+00:00,2026-10-01 14:51:30+00:00,,True,0.0,2026-10-01 16:45:16.933000+02:00,2026-10-01 16:51:30+02:00,2026-10-01 16:51:30+02:00,2026-10-01,16,Thursday,False,6.217783333333333
20261001_144511,2026-10-01 14:45:16.933000+00:00,Zürich,local,ch:1:sloid:87348,"Zürich, Bahnhofplatz/HB",ch:1:sloid:87348::0,2026-10-01,ch:1:sjyid:100648:plan:b99373ae-b825-447d-9747-c60ddb05f294,tram,Tram,6,6,33217,"Zürich, Bahnhofplatz/HB",Zoo,,,2026-10-01 14:52:36+00:00,2026-10-01 14:52:36+00:00,,True,0.0,2026-10-01 16:45:16.933000+02:00,2026-10-01 16:52:36+02:00,2026-10-01 16:52:36+02:00,2026-10-01,16,Thursday,False,7.317783333333334
20261001_144511,2026-10-01 14:45:16.933000+00:00,Zürich,local,ch:1:sloid:87348,"Zürich, Bahnhofplatz/HB",ch:1:sloid:87348,2026-10-01,ch:1:sjyid:100648:plan:c030d89b-8db6-41a0-b4d5-a10d5fa89254,bus,Bus,31,31,37399,"Zürich, Hermetschloo",Kienastenwies,,,2026-10-01 14:52:54+00:00,2026-10-01 14:52:30+00:00,,True,-0.4,2026-10-01 16:45:16.933000+02:00,2026-10-01 16:52:54+02:00,2026-10-01 16:52:30+02:00,2026-10-01,16,Thursday,False,7.617783333333334
20261001_144511,2026-10-01 14:45:16.933000+00:00,Zürich,local,ch:1:sloid:87348,"Zürich, Bahnhofplatz/HB",ch:1:sloid:87348::11,2026-10-01,ch:1:sjyid:100648:plan:d025ea0b-14c2-48ae-9d97-6082cb44db5d,bus,Bus,31,31,37242,"Zürich, Kienastenwies",Hermetschloo,,,2026-10-01 14:52:00+00:00,2026-10-01 14:52:00+00:00,,True,0.0,2026-10-01 16:45:16.933000+02:00,2026-10-01 16:52:00+02:00,2026-10-01 16:52:00+02:00,2026-10-01,16,Thursday,False,6.717783333333333
20261001_144511,2026-10-01 14:45:16.933000+00:00,Zürich,local,ch:1:sloid:87348,"Zürich, Bahnhofplatz/HB",ch:1:sloid:87348::0,2026-10-01,ch:1:sjyid:100648:plan:a5f93847-58ac-4daf-b17a-7870ac12e817,tram,Tram,3,3,32249,"Zürich, Albisrieden",Klusplatz,,,2026-10-01 14:55:54+00:00,2026-10-01 14:55:36+00:00,,True,-0.3,2026-10-01 16:45:16.933000+02:00,2026-10-01 16:55:54+02:00,2026-10-01 16:55:36+02:00,2026-10-01,16,Thursday,False,10.617783333333334
20261001_144511,2026-10-01 14:45:16.933000+00:00,Zürich,local,ch:1:sloid:87348,"Zürich, Bahnhofplatz/HB",ch:1:sloid:87348::1,2026-10-01,ch:1:sjyid:100648:plan:863a32b4-5f70-4629-9849-f1f2de7df0d3,tram,Tram,3,3,32690,"Zürich, Klusplatz",Albisrieden,,,2026-10-01 14:55:48+00:00,2026-10-01 14:56:24+00:00,,True,0.6,2026-10-01 16:45:16.933000+02:00,2026-10-01 16:55:48+02:00,2026-10-01 16:56:24+02:00,2026-10-01,16,Thursday,False,10.517783333333334
20261001_144511,2026-10-01 14:45:16.933000+00:00,Zürich,local,ch:1:sloid:87348,"Zürich, Bahnhofplatz/HB",ch:1:sloid:87348::1,2026-10-01,ch:1:sjyid:100648:plan:5cf8ec8e-022a-42a1-88c9-7ac72e538e6c,tram,Tram,14,14,33573,"Zürich, Bahnhofplatz/HB",Triemli,,,2026-10-01 14:59:00+00:00,2026-10-01 14:59:00+00:00,,True,0.0,2026-10-01 16:45:16.933000+02:00,2026-10-01 16:59:00+02:00,2026-10-01 16:59:00+02:00,2026-10-01,16,Thursday,False,13.717783333333333
20261001_144511,2026-10-01 14:45:16.933000+00:00,Zürich,local,ch:1:sloid:87348,"Zürich, Bahnhofplatz/HB",ch:1:sloid:87348::11,2026-10-01,ch:1:sjyid:100648:plan:d533a902-10b2-40b2-a765-b6ec01022592,bus,Bus,31,31,37722,"Zürich, Kienastenwies",Hermetschloo,,,2026-10-01 14:59:30+00:00,2026-10-01 14:59:12+00:00,,True,-0.3,2026-10-01 16:45:16.933000+02:00,2026-10-01 16:59:30+02:00,2026-10-01 16:59:12+02:00,2026-10-01,16,Thursday,False,14.217783333333333
20261001_144511,2026-10-01 14:45:16.933000+00:00,Zürich,local,ch:1:sloid:87348,"Zürich, Bahnhofplatz/HB",ch:1:sloid:87348::0,2026-10-01,ch:1:sjyid:100648:plan:25953d9e-6ce0-4dad-88a7-62c07d176e5d,tram,Tram,6,6,33638,"Zürich, Bahnhofplatz/HB",Zoo,,,2026-10-01 15:00:06+00:00,2026-10-01 15:00:06+00:00,,True,0.0,2026-10-01 16:45:16.933000+02:00,2026-10-01 17:00:06+02:00,2026-10-01 17:00:06+02:00,2026-10-01,17,Thursday,False,14.817783333333333
20261001_144511,2026-10-01 14:45:16.933000+00:00,Zürich,local,ch:1:sloid:87348,"Zürich, Bahnhofplatz/HB",ch:1:sloid:87348,2026-10-01,ch:1:sjyid:100648:plan:9c247de8-37ac-481b-a41b-4d80d62d20fb,bus,Bus,31,31,37958,"Zürich, Hermetschloo",Kienastenwies,,,2026-10-01 15:00:24+00:00,2026-10-01 15:00:06+00:00,,True,-0.3,2026-10-01 16:45:16.933000+02:00,2026-10-01 17:00:24+02:00,2026-10-01 17:00:06+02:00,2026-10-01,17,Thursday,False,15.117783333333334
20261001_144511,2026-10-01 14:45:16.933000+00:00,Zürich,local,ch:1:sloid:87348,"Zürich, Bahnhofplatz/HB",ch:1:sloid:87348::0,2026-10-01,ch:1:sjyid:100648:plan:426d7315-d2ef-4290-9cd9-6259ebb2790b,tram,Tram,3,3,32672,"Zürich, Albisrieden",Klusplatz,,,2026-10-01 15:03:24+00:00,2026-10-01 15:03:06+00:00,,True,-0.3,2026-10-01 16:45:16.933000+02:00,2026-10-01 17:03:24+02:00,2026-10-01 17:03:06+02:00,2026-10-01,17,Thursday,False,18.117783333333332
20261001_144511,2026-10-01 14:45:16.933000+00:00,Zürich,local,ch:1:sloid:87348,"Zürich, Bahnhofplatz/HB",ch:1:sloid:87348::1,2026-10-01,ch:1:sjyid:100648:plan:114d7b07-250e-41af-8f06-90adccc4379c,tram,Tram,3,3,33125,"Zürich, Klusplatz",Albisrieden,,,2026-10-01 15:03:18+00:00,2026-10-01 15:03:18+00:00,,True,0.0,2026-10-01 16:45:16.933000+02:00,2026-10-01 17:03:18+02:00,2026-10-01 17:03:18+02:00,2026-10-01,17,Thursday,False,18.017783333333334
20261001_144511,2026-10-01 14:45:16.933000+00:00,Zürich,local,ch:1:sloid:87348,"Zürich, Bahnhofplatz/HB",ch:1:sloid:87348::1,2026-10-01,ch:1:sjyid:100648:plan:fa31cee9-a9af-40b3-854b-1a6a8c8d3d9c,tram,Tram,14,14,33989,"Zürich, Bahnhofplatz/HB",Triemli,,,2026-10-01 15:06:30+00:00,2026-10-01 15:06:30+00:00,,True,0.0,2026-10-01 16:45:16.933000+02:00,2026-10-01 17:06:30+02:00,2026-10-01 17:06:30+02:00,2026-10-01,17,Thursday,False,21.217783333333333
20261001_144511,2026-10-01 14:45:16.933000+00:00,Zürich,local,ch:1:sloid:87348,"Zürich, Bahnhofplatz/HB",ch:1:sloid:87348::0,2026-10-01,ch:1:sjyid:100648:plan:cbf8818a-85fd-494b-ac09-b36b02d88f21,tram,Tram,6,6,34079,"Zürich, Bahnhofplatz/HB",Zoo,,,2026-10-01 15:07:36+00:00,2026-10-01 15:07:36+00:00,,True,0.0,2026-10-01 16:45:16.933000+02:00,2026-10-01 17:07:36+02:00,2026-10-01 17:07:36+02:00,2026-10-01,17,Thursday,False,22.317783333333335
20261001_144511,2026-10-01 14:45:16.933000+00:00,Zürich,local,ch:1:sloid:87348,"Zürich, Bahnhofplatz/HB",ch:1:sloid:87348,2026-10-01,ch:1:sjyid:100648:plan:a5468f5d-11cc-4552-a757-e2467c9d19ed,bus,Bus,31,31,38444,"Zürich, Hermetschloo",Kienastenwies,,,2026-10-01 15:07:54+00:00,2026-10-01 15:08:36+00:00,,True,0.7,2026-10-01 16:45:16.933000+02:00,2026-10-01 17:07:54+02:00,2026-10-01 17:08:36+02:00,2026-10-01,17,Thursday,False,22.617783333333332
20261001_144511,2026-10-01 14:45:16.933000+00:00,Zürich,local,ch:1:sloid:87348,"Zürich, Bahnhofplatz/HB",ch:1:sloid:87348::11,2026-10-01,ch:1:sjyid:100648:plan:0cd335e1-ed16-43ae-8e8d-5de901c99c52,bus,Bus,31,31,38264,"Zürich, Kienastenwies",Hermetschloo,,,2026-10-01 15:07:00+00:00,2026-10-01 15:07:06+00:00,,True,0.1,2026-10-01 16:45:16.933000+02:00,2026-10-01 17:07:00+02:00,2026-10-01 17:07:06+02:00,2026-10-01,17,Thursday,False,21.717783333333333
20261001_144511,2026-10-01 14:45:16.933000+00:00,Zürich,local,ch:1:sloid:87348,"Zürich, Bahnhofplatz/HB",ch:1:sloid:87348::0,2026-10-01,ch:1:sjyid:100648:plan:ad3ce6e7-4fc0-4aca-989d-29d0dfd02287,tram,Tram,3,3,33106,"Zürich, Albisrieden",Klusplatz,,,2026-10-01 15:10:54+00:00,2026-10-01 15:10:54+00:00,,True,0.0,2026-10-01 16:45:16.933000+02:00,2026-10-01 17:10:54+02:00,2026-10-01 17:10:54+02:00,2026-10-01,17,Thursday,False,25.617783333333332
20261001_144511,2026-10-01 14:45:16.933000+00:00,Zürich,local,ch:1:sloid:87348,"Zürich, Bahnhofplatz/HB",ch:1:sloid:87348::1,2026-10-01,ch:1:sjyid:100648:plan:65015e87-475e-4be7-87f4-ce992136815a,tram,Tram,3,3,33547,"Zürich, Klusplatz",Albisrieden,,,2026-10-01 15:10:48+00:00,2026-10-01 15:10:48+00:00,,True,0.0,2026-10-01 16:45:16.933000+02:00,2026-10-01 17:10:48+02:00,2026-10-01 17:10:48+02:00,2026-10-01,17,Thursday,False,25.517783333333334
20261001_144511,2026-10-01 14:45:16.933000+00:00,Zürich,local,ch:1:sloid:87348,"Zürich, Bahnhofplatz/HB",ch:1:sloid:87348::1,2026-10-01,ch:1:sjyid:100648:plan:27dbb6c9-afb7-4a1b-a725-e8ce42185b25,tram,Tram,14,14,34404,"Zürich, Bahnhofplatz/HB",Triemli,,,2026-10-01 15:14:00+00:00,2026-10-01 15:14:00+00:00,,True,0.0,2026-10-01 16:45:16.933000+02:00,2026-10-01 17:14:00+02:00,2026-10-01 17:14:00+02:00,2026-10-01,17,Thursday,False,28.717783333333333
20261001_144511,2026-10-01 14:45:16.933000+00:00,Zürich,local,ch:1:sloid:87348,"Zürich, Bahnhofplatz/HB",ch:1:sloid:87348::11,2026-10-01,ch:1:sjyid:100648:plan:f334aa62-03e4-4394-bf47-059bede75f2f,bus,Bus,31,31,38735,"Zürich, Kienastenwies",Hermetschloo,,,2026-10-01 15:14:30+00:00,2026-10-01 15:14:30+00:00,,True,0.0,2026-10-01 16:45:16.933000+02:00,2026-10-01 17:14:30+02:00,2026-10-01 17:14:30+02:00,2026-10-01,17,Thursday,False,29.217783333333333
20261001_144511,2026-10-01 14:45:16.933000+00:00,Zürich,local,ch:1:sloid:87348,"Zürich, Bahnhofplatz/HB",ch:1:sloid:87348::0,2026-10-01,ch:1:sjyid:100648:plan:16a0798e-5b63-4933-9ff5-bc7e5f27b24b,tram,Tram,6,6,34470,"Zürich, Bahnhofplatz/HB",Zoo,,,2026-10-01 15:15:06+00:00,2026-10-01 15:15:06+00:00,,True,0.0,2026-10-01 16:45:16.933000+02:00,2026-10-01 17:15:06+02:00,2026-10-01 17:15:06+02:00,2026-10-01,17,Thursday,False,29.817783333333335
20261001_144511,2026-10-01 14:45:16.933000+00:00,Zürich,local,ch:1:sloid:87348,"Zürich, Bahnhofplatz/HB",ch:1:sloid:87348,2026-10-01,ch:1:sjyid:100648:plan:654bad67-eef4-4a09-9b5c-5d40f8170891,bus,Bus,31,31,38982,"Zürich, Hermetschloo",Kienastenwies,,,2026-10-01 15:15:24+00:00,2026-10-01 15:15:24+00:00,,True,0.0,2026-10-01 16:45:16.933000+02:00,2026-10-01 17:15:24+02:00,2026-10-01 17:15:24+02:00,2026-10-01,17,Thursday,False,30.117783333333332
20261001_144511,2026-10-01 14:45:16.933000+00:00,Zürich,local,ch:1:sloid:87348,"Zürich, Bahnhofplatz/HB",ch:1:sloid:87348::0,2026-10-01,ch:1:sjyid:100648:plan:f142a6a1-1967-4759-9eaf-00e97d8a7ec4,tram,Tram,3,3,33524,"Zürich, Albisrieden",Klusplatz,,,2026-10-01 15:18:24+00:00,2026-10-01 15:18:24+00:00,,True,0.0,2026-10-01 16:45:16.933000+02:00,2026-10-01 17:18:24+02:00,2026-10-01 17:18:24+02:00,2026-10-01,17,Thursday,False,33.117783333333335
20261001_144511,2026-10-01 14:45:16.933000+00:00,Zürich,local,ch:1:sloid:87348,"Zürich, Bahnhofplatz/HB",ch:1:sloid:87348::1,2026-10-01,ch:1:sjyid:100648:plan:5563f5c0-051d-4a0a-ae40-bd7036cbd4d8,tram,Tram,3,3,33968,"Zürich, Klusplatz",Albisrieden,,,2026-10-01 15:18:18+00:00,2026-10-01 15:18:18+00:00,,True,0.0,2026-10-01 16:45:16.933000+02:00,2026-10-01 17:18:18+02:00,2026-10-01 17:18:18+02:00,2026-10-01,17,Thursday,False,33.017783333333334
20261001_144511,2026-10-01 14:45:16.933000+00:00,Zürich,local,ch:1:sloid:87348,"Zürich, Bahnhofplatz/HB",ch:1:sloid:87348::1,2026-10-01,ch:1:sjyid:100648:plan:efbd4bb9-7170-47ba-ac46-a60c4971dfd6,tram,Tram,14,14,34841,"Zürich, Bahnhofplatz/HB",Triemli,,,2026-10-01 15:21:30+00:00,2026-10-01 15:21:30+00:00,,True,0.0,2026-10-01 16:45:16.933000+02:00,2026-10-01 17:21:30+02:00,2026-10-01 17:21:30+02:00,2026-10-01,17,Thursday,False,36.21778333333334
20261001_144511,2026-10-01 14:45:17.426000+00:00,Bern,local,ch:1:sloid:76646,"Bern, Bahnhof",ch:1:sloid:76646:0:7,2026-10-01,ch:1:sjyid:100626:plan:983899c7-0f20-4967-8cd7-7e4722e03a7f,bus,Bus,12,12,53259,"Bern, Zentrum Paul Klee",Holligen,D,,2026-10-01 14:44:00+00:00,2026-10-01 14:45:48+00:00,,True,1.8,2026-10-01 16:45:17.426000+02:00,2026-10-01 16:44:00+02:00,2026-10-01 16:45:48+02:00,2026-10-01,16,Thursday,False,-1.2904333333333333
20261001_144511,2026-10-01 14:45:17.426000+00:00,Bern,local,ch:1:sloid:76646,"Bern, Bahnhof",ch:1:sloid:76646:0:19,2026-10-01,ch:1:sjyid:100626:plan:7dabb0e0-3413-4f70-9b61-74bb55f2a1d2,bus,Bus,10,10,34821,"Schliern, Bus-Endstation",Ostermundigen Rüti,L,,2026-10-01 14:45:00+00:00,2026-10-01 14:45:00+00:00,,True,0.0,2026-10-01 16:45:17.426000+02:00,2026-10-01 16:45:00+02:00,2026-10-01 16:45:00+02:00,2026-10-01,16,Thursday,False,-0.2904333333333333
20261001_144511,2026-10-01 14:45:17.426000+00:00,Bern,local,ch:1:sloid:76646,"Bern, Bahnhof",ch:1:sloid:76646:0:39,2026-10-01,ch:1:sjyid:100626:plan:94b3df43-a16e-46c9-aa9a-2c752a49e379,tram,Tram,7,7,13105,"Bern, Bahnhof",Bümpliz,N,,2026-10-01 14:45:36+00:00,2026-10-01 14:45:36+00:00,,True,0.0,2026-10-01 16:45:17.426000+02:00,2026-10-01 16:45:36+02:00,2026-10-01 16:45:36+02:00,2026-10-01,16,Thursday,False,0.3095666666666667
20261001_144511,2026-10-01 14:45:17.426000+00:00,Bern,local,ch:1:sloid:76646,"Bern, Bahnhof",ch:1:sloid:76646:0:3,2026-10-01,ch:1:sjyid:100626:plan:bb79a6c4-95ec-4044-a040-ebdb81cc821e,tram,Tram,9,9,28714,"Bern Wankdorf, Bahnhof",Wabern,C,,2026-10-01 14:45:00+00:00,2026-10-01 14:47:42+00:00,,True,2.7,2026-10-01 16:45:17.426000+02:00,2026-10-01 16:45:00+02:00,2026-10-01 16:47:42+02:00,2026-10-01,16,Thursday,False,-0.2904333333333333
20261001_144511,2026-10-01 14:45:17.426000+00:00,Bern,local,ch:1:sloid:76646,"Bern, Bahnhof",ch:1:sloid:76646:0:20,2026-10-01,ch:1:sjyid:100626:plan:ca666d81-8d8d-4aca-bfb7-b3e30c4d80cc,bus,Bus,17,17,57965,"Bern, Bahnhof",Köniz Weiermatt,M,,2026-10-01 14:45:00+00:00,2026-10-01 14:45:00+00:00,,True,0.0,2026-10-01 16:45:17.426000+02:00,2026-10-01 16:45:00+02:00,2026-10-01 16:45:00+02:00,2026-10-01,16,Thursday,False,-0.2904333333333333
20261001_144511,2026-10-01 14:45:17.426000+00:00,Bern,local,ch:1:sloid:76646,"Bern, Bahnhof",ch:1:sloid:76646:0:2,2026-10-01,ch:1:sjyid:100626:plan:bba8f4e3-0dc3-4645-a1c4-6cf05fc18142,bus,Bus,8A,8A,77905,"Bern, Bahnhof",Saali,K2,,2026-10-01 14:46:42+00:00,2026-10-01 14:46:42+00:00,,True,0.0,2026-10-01 16:45:17.426000+02:00,2026-10-01 16:46:42+02:00,2026-10-01 16:46:42+02:00,2026-10-01,16,Thursday,False,1.4095666666666666
20261001_144511,2026-10-01 14:45:17.426000+00:00,Bern,local,ch:1:sloid:76646,"Bern, Bahnhof",ch:1:sloid:76646:0:5,2026-10-01,ch:1:sjyid:100626:plan:8cca4075-9624-4e55-a241-c968b98d8522,bus,Bus,12,12,50563,"Bern, Holligen",Zentrum Paul Klee,A,,2026-10-01 14:47:00+00:00,2026-10-01 14:47:06+00:00,,True,0.1,2026-10-01 16:45:17.426000+02:00,2026-10-01 16:47:00+02:00,2026-10-01 16:47:06+02:00,2026-10-01,16,Thursday,False,1.7095666666666667
20261001_144511,2026-10-01 14:45:17.426000+00:00,Bern,local,ch:1:sloid:76646,"Bern, Bahnhof",ch:1:sloid:76646:0:28,2026-10-01,ch:1:sjyid:100626:plan:57319f59-19d2-4ccc-96dc-da492df17ea0,bus,Bus,11,11,49295,"Bern, Bahnhof",Neufeld P+R,G,,2026-10-01 14:47:00+00:00,2026-10-01 14:47:00+00:00,,True,0.0,2026-10-01 16:45:17.426000+02:00,2026-10-01 16:47:00+02:00,2026-10-01 16:47:00+02:00,2026-10-01,16,Thursday,False,1.7095666666666667
20261001_144511,2026-10-01 14:45:17.426000+00:00,Bern,local,ch:1:sloid:76646,"Bern, Bahnhof",ch:1:sloid:76646:0:13,2026-10-01,ch:1:sjyid:100626:plan:a3f1e305-5eec-4c09-ac33-36614497159c,bus,Bus,20,20,63728,"Bern, Länggasse",Wankdorf Bhf,E,,2026-10-01 14:47:48+00:00,2026-10-01 14:49:18+00:00,,True,1.5,2026-10-01 16:45:17.426000+02:00,2026-10-01 16:47:48+02:00,2026-10-01 16:49:18+02:00,2026-10-01,16,Thursday,False,2.5095666666666667
20261001_144511,2026-10-01 14:45:17.426000+00:00,Bern,local,ch:1:sloid:76646,"Bern, Bahnhof",ch:1:sloid:76646:0:11,2026-10-01,ch:1:sjyid:100626:plan:0009185a-54c5-441c-922f-4f417ab92d34,bus,Bus,10,10,43738,"Ostermundigen, Rüti",Schliern,I,,2026-10-01 14:47:00+00:00,2026-10-01 14:47:00+00:00,,True,0.0,2026-10-01 16:45:17.426000+02:00,2026-10-01 16:47:00+02:00,2026-10-01 16:47:00+02:00,2026-10-01,16,Thursday,False,1.7095666666666667
20261001_144511,2026-10-01 14:45:17.426000+00:00,Bern,local,ch:1:sloid:76646,"Bern, Bahnhof",ch:1:sloid:76646:0:25,2026-10-01,ch:1:sjyid:100626:plan:09e92605-2a0b-41b0-8d03-2652f8255d82,bus,Bus,19,19,60751,"Bern, Elfenau",Blinzern,K1,,2026-10-01 14:47:00+00:00,2026-10-01 14:49:06+00:00,,True,2.1,2026-10-01 16:45:17.426000+02:00,2026-10-01 16:47:00+02:00,2026-10-01 16:49:06+02:00,2026-10-01,16,Thursday,False,1.7095666666666667
20261001_144511,2026-10-01 14:45:17.426000+00:00,Bern,local,ch:1:sloid:76646,"Bern, Bahnhof",ch:1:sloid:76646:0:19,2026-10-01,ch:1:sjyid:100626:plan:1972a9de-ce5f-4093-87a6-5d542c5d48f5,bus,Bus,10,10,38178,"Köniz, Schloss",Ostermundigen,L,,2026-10-01 14:48:30+00:00,2026-10-01 14:48:30+00:00,,True,0.0,2026-10-01 16:45:17.426000+02:00,2026-10-01 16:48:30+02:00,2026-10-01 16:48:30+02:00,2026-10-01,16,Thursday,False,3.209566666666667
20261001_144511,2026-10-01 14:45:17.426000+00:00,Bern,local,ch:1:sloid:76646,"Bern, Bahnhof",ch:1:sloid:76646:0:15,2026-10-01,ch:1:sjyid:100626:plan:be6cd953-d4b5-4604-b43f-4435eb31e77a,bus,Bus,20,20,66318,"Bern Wankdorf, Bahnhof",Länggasse,F,,2026-10-01 14:48:48+00:00,2026-10-01 14:48:18+00:00,,True,-0.5,2026-10-01 16:45:17.426000+02:00,2026-10-01 16:48:48+02:00,2026-10-01 16:48:18+02:00,2026-10-01,16,Thursday,False,3.5095666666666667
20261001_144511,2026-10-01 14:45:17.426000+00:00,Bern,local,ch:1:sloid:76646,"Bern, Bahnhof",ch:1:sloid:76646:0:20,2026-10-01,ch:1:sjyid:100626:plan:bc290788-3279-4ce3-ba11-63a9336db699,bus,Bus,19,19,58627,"Spiegel, Blinzern",Elfenau,M,,2026-10-01 14:49:00+00:00,2026-10-01 14:49:24+00:00,,True,0.4,2026-10-01 16:45:17.426000+02:00,2026-10-01 16:49:00+02:00,2026-10-01 16:49:24+02:00,2026-10-01,16,Thursday,False,3.709566666666667
20261001_144511,2026-10-01 14:45:17.426000+00:00,Bern,local,ch:1:sloid:76646,"Bern, Bahnhof",ch:1:sloid:76646:0:25,2026-10-01,ch:1:sjyid:100626:plan:2f187465-ee17-491e-a552-49a8c21bc936,bus,Bus,7A,7A,76554,"Bern, Bahnhof",Ostring,K1,,2026-10-01 14:49:00+00:00,2026-10-01 14:49:00+00:00,,True,0.0,2026-10-01 16:45:17.426000+02:00,2026-10-01 16:49:00+02:00,2026-10-01 16:49:00+02:00,2026-10-01,16,Thursday,False,3.709566666666667
20261001_144511,2026-10-01 14:45:17.426000+00:00,Bern,local,ch:1:sloid:76646,"Bern, Bahnhof",ch:1:sloid:76646:0:10,2026-10-01,ch:1:sjyid:100626:plan:9ad111e0-b09a-4079-a120-3ef5ab2a0925,tram,Tram,6,6,7222,"Bern, Bahnhof",Fischermätteli,J,,2026-10-01 14:49:00+00:00,2026-10-01 14:49:00+00:00,,True,0.0,2026-10-01 16:45:17.426000+02:00,2026-10-01 16:49:00+02:00,2026-10-01 16:49:00+02:00,2026-10-01,16,Thursday,False,3.709566666666667
20261001_144511,2026-10-01 14:45:17.426000+00:00,Bern,local,ch:1:sloid:76646,"Bern, Bahnhof",ch:1:sloid:76646:0:39,2026-10-01,ch:1:sjyid:100626:plan:9fe283e5-2794-4b43-9e63-2045fd6e2574,tram,Tram,8,8,18622,"Bern, Bahnhof",Brünnen Bhf,N,,2026-10-01 14:49:06+00:00,2026-10-01 14:49:06+00:00,,True,0.0,2026-10-01 16:45:17.426000+02:00,2026-10-01 16:49:06+02:00,2026-10-01 16:49:06+02:00,2026-10-01,16,Thursday,False,3.809566666666667
20261001_144511,2026-10-01 14:45:17.426000+00:00,Bern,local,ch:1:sloid:76646,"Bern, Bahnhof",ch:1:sloid:76646:0:7,2026-10-01,ch:1:sjyid:100626:plan:839839ab-e9d5-4442-87ac-de22e81cd09b,bus,Bus,12,12,53263,"Bern, Zentrum Paul Klee",Holligen,D,,2026-10-01 14:49:00+00:00,2026-10-01 14:50:00+00:00,,True,1.0,2026-10-01 16:45:17.426000+02:00,2026-10-01 16:49:00+02:00,2026-10-01 16:50:00+02:00,2026-10-01,16,Thursday,False,3.709566666666667
20261001_144511,2026-10-01 14:45:17.426000+00:00,Bern,local,ch:1:sloid:76646,"Bern, Bahnhof",ch:1:sloid:76646:0:1,2026-10-01,ch:1:sjyid:100626:plan:dbb29472-3497-4f5c-beab-bf31144bfa1c,tram,Tram,9,9,22369,"Wabern, Tram-Endstation",Wankdorf Bhf,B,,2026-10-01 14:49:00+00:00,2026-10-01 14:49:30+00:00,,True,0.5,2026-10-01 16:45:17.426000+02:00,2026-10-01 16:49:00+02:00,2026-10-01 16:49:30+02:00,2026-10-01,16,Thursday,False,3.709566666666667
20261001_144511,2026-10-01 14:45:17.426000+00:00,Bern,local,ch:1:sloid:76646,"Bern, Bahnhof",ch:1:sloid:76646:0:11,2026-10-01,ch:1:sjyid:100626:plan:c3808378-459e-4919-b133-c0e847bdf17d,bus,Bus,10,10,46746,"Ostermundigen, Wegmühlegässli",Köniz Schloss,I,,2026-10-01 14:50:30+00:00,2026-10-01 14:50:30+00:00,,True,0.0,2026-10-01 16:45:17.426000+02:00,2026-10-01 16:50:30+02:00,2026-10-01 16:50:30+02:00,2026-10-01,16,Thursday,False,5.2095666666666665
20261001_144511,2026-10-01 14:45:17.426000+00:00,Bern,local,ch:1:sloid:76646,"Bern, Bahnhof",ch:1:sloid:76646:0:19,2026-10-01,ch:1:sjyid:100626:plan:a4dc651a-57ea-4bc4-b000-dbb4155e0a36,bus,Bus,10,10,34824,"Schliern, Bus-Endstation",Ostermundigen Rüti,L,,2026-10-01 14:51:00+00:00,2026-10-01 14:51:00+00:00,,True,0.0,2026-10-01 16:45:17.426000+02:00,2026-10-01 16:51:00+02:00,2026-10-01 16:51:00+02:00,2026-10-01,16,Thursday,False,5.7095666666666665
20261001_144511,2026-10-01 14:45:17.426000+00:00,Bern,local,ch:1:sloid:76646,"Bern, Bahnhof",ch:1:sloid:76646:0:2,2026-10-01,ch:1:sjyid:100626:plan:1d4b2069-b1fd-4274-b570-94741afad3a8,bus,Bus,8A,8A,77908,"Bern, Bahnhof",Saali,K2,,2026-10-01 14:51:42+00:00,2026-10-01 14:51:42+00:00,,True,0.0,2026-10-01 16:45:17.426000+02:00,2026-10-01 16:51:42+02:00,2026-10-01 16:51:42+02:00,2026-10-01,16,Thursday,False,6.409566666666667
20261001_144511,2026-10-01 14:45:17.426000+00:00,Bern,local,ch:1:sloid:76646,"Bern, Bahnhof",ch:1:sloid:76646:0:3,2026-10-01,ch:1:sjyid:100626:plan:01e95372-7cda-4b5f-8951-6583350d754b,tram,Tram,9,9,28720,"Bern Wankdorf, Bahnhof",Wabern,C,,2026-10-01 14:51:00+00:00,2026-10-01 14:53:00+00:00,,True,2.0,2026-10-01 16:45:17.426000+02:00,2026-10-01 16:51:00+02:00,2026-10-01 16:53:00+02:00,2026-10-01,16,Thursday,False,5.7095666666666665
20261001_144511,2026-10-01 14:45:17.426000+00:00,Bern,local,ch:1:sloid:76646,"Bern, Bahnhof",ch:1:sloid:76646:0:13,2026-10-01,ch:1:sjyid:100626:plan:32a4c302-d99b-41fe-a03b-3a3a34d667b4,bus,Bus,20,20,63739,"Bern, Länggasse",Wankdorf Bhf,E,,2026-10-01 14:51:48+00:00,2026-10-01 14:51:48+00:00,,True,0.0,2026-10-01 16:45:17.426000+02:00,2026-10-01 16:51:48+02:00,2026-10-01 16:51:48+02:00,2026-10-01,16,Thursday,False,6.509566666666667
20261001_144511,2026-10-01 14:45:17.426000+00:00,Bern,local,ch:1:sloid:76646,"Bern, Bahnhof",ch:1:sloid:76646:0:30,2026-10-01,ch:1:sjyid:100626:plan:126b3c68-b869-4206-928e-17508b1ffe53,bus,Bus,21,21,67843,"Bern, Bahnhof",Bremgarten,H,,2026-10-01 14:51:00+00:00,2026-10-01 14:51:00+00:00,,True,0.0,2026-10-01 16:45:17.426000+02:00,2026-10-01 16:51:00+02:00,2026-10-01 16:51:00+02:00,2026-10-01,16,Thursday,False,5.7095666666666665
20261001_144511,2026-10-01 14:45:17.426000+00:00,Bern,local,ch:1:sloid:76646,"Bern, Bahnhof",ch:1:sloid:76646:0:15,2026-10-01,ch:1:sjyid:100626:plan:591f4ea2-9940-4daf-939c-234fcfec4b17,bus,Bus,20,20,66323,"Bern Wankdorf, Bahnhof",Länggasse,F,,2026-10-01 14:52:48+00:00,2026-10-01 14:52:18+00:00,,True,-0.5,2026-10-01 16:45:17.426000+02:00,2026-10-01 16:52:48+02:00,2026-10-01 16:52:18+02:00,2026-10-01,16,Thursday,False,7.509566666666667
20261001_144511,2026-10-01 14:45:17.426000+00:00,Bern,local,ch:1:sloid:76646,"Bern, Bahnhof",ch:1:sloid:76646:0:5,2026-10-01,ch:1:sjyid:100626:plan:6caa5cd8-0a41-4547-a67d-1e070fcde963,bus,Bus,12,12,50567,"Bern, Holligen",Zentrum Paul Klee,A,,2026-10-01 14:52:00+00:00,2026-10-01 14:52:54+00:00,,True,0.9,2026-10-01 16:45:17.426000+02:00,2026-10-01 16:52:00+02:00,2026-10-01 16:52:54+02:00,2026-10-01,16,Thursday,False,6.7095666666666665
20261001_144511,2026-10-01 14:45:17.426000+00:00,Bern,local,ch:1:sloid:76646,"Bern, Bahnhof",ch:1:sloid:76646:0:39,2026-10-01,ch:1:sjyid:100626:plan:3c8d0256-c857-4926-9e5b-131182aa780f,tram,Tram,7,7,13113,"Bern, Bahnhof",Bümpliz,N,,2026-10-01 14:53:06+00:00,2026-10-01 14:53:06+00:00,,True,0.0,2026-10-01 16:45:17.426000+02:00,2026-10-01 16:53:06+02:00,2026-10-01 16:53:06+02:00,2026-10-01,16,Thursday,False,7.809566666666667
20261001_144511,2026-10-01 14:45:17.426000+00:00,Bern,local,ch:1:sloid:76646,"Bern, Bahnhof",ch:1:sloid:76646:0:20,2026-10-01,ch:1:sjyid:100626:plan:7d905fa8-59f4-4be2-bb15-beb24bed5da6,bus,Bus,17,17,57968,"Bern, Bahnhof",Köniz Weiermatt,M,,2026-10-01 14:53:00+00:00,2026-10-01 14:53:00+00:00,,True,0.0,2026-10-01 16:45:17.426000+02:00,2026-10-01 16:53:00+02:00,2026-10-01 16:53:00+02:00,2026-10-01,16,Thursday,False,7.7095666666666665
20261001_144511,2026-10-01 14:45:17.426000+00:00,Bern,local,ch:1:sloid:76646,"Bern, Bahnhof",ch:1:sloid:76646:0:11,2026-10-01,ch:1:sjyid:100626:plan:3147c5d6-1165-478b-b01b-37f561c5a1f2,bus,Bus,10,10,43749,"Ostermundigen, Rüti",Schliern,I,,2026-10-01 14:53:00+00:00,2026-10-01 14:52:48+00:00,,True,-0.2,2026-10-01 16:45:17.426000+02:00,2026-10-01 16:53:00+02:00,2026-10-01 16:52:48+02:00,2026-10-01,16,Thursday,False,7.7095666666666665
20261001_144511,2026-10-01 14:45:17.951000+00:00,Basel,local,ch:1:sloid:78143,"Basel, Bahnhof SBB",ch:1:sloid:78143:1:34,2026-10-01,ch:1:sjyid:100019:plan:0426ad4d-7914-4f31-8341-e9b3dfe77609,tram,Tram,11,11,38357,"Basel, St-Louis Grenze","Basel, Dreispitz",G,,2026-10-01 14:39:30+00:00,2026-10-01 14:46:42+00:00,,True,7.2,2026-10-01 16:45:17.951000+02:00,2026-10-01 16:39:30+02:00,2026-10-01 16:46:42+02:00,2026-10-01,16,Thursday,False,-5.799183333333334
20261001_144511,2026-10-01 14:45:17.951000+00:00,Basel,local,ch:1:sloid:78143,"Basel, Bahnhof SBB",ch:1:sloid:78143:1:32,2026-10-01,ch:1:sjyid:100622:plan:1b028e64-55a6-4411-b6e1-76c69f7fe591,tram,Tram,8,8,8190,"Weil am Rhein, Bahnhof/Zentrum","Basel, Neuweilerstrasse",E,,2026-10-01 14:43:30+00:00,2026-10-01 14:49:54+00:00,,True,6.4,2026-10-01 16:45:17.951000+02:00,2026-10-01 16:43:30+02:00,2026-10-01 16:49:54+02:00,2026-10-01,16,Thursday,False,-1.7991833333333331
20261001_144511,2026-10-01 14:45:17.951000+00:00,Basel,local,ch:1:sloid:78143,"Basel, Bahnhof SBB",ch:1:sloid:78143:1:31,2026-10-01,ch:1:sjyid:100622:plan:85a96853-71cc-470a-b40e-2ad8c0806aa7,tram,Tram,2,2,2194,"Basel, Eglisee","Binningen, Kronenplatz",D,,2026-10-01 14:45:48+00:00,2026-10-01 14:47:24+00:00,,True,1.6,2026-10-01 16:45:17.951000+02:00,2026-10-01 16:45:48+02:00,2026-10-01 16:47:24+02:00,2026-10-01,16,Thursday,False,0.5008166666666667
20261001_144511,2026-10-01 14:45:17.951000+00:00,Basel,local,ch:1:sloid:78143,"Basel, Bahnhof SBB",ch:1:sloid:78143:3:7,2026-10-01,ch:1:sjyid:100622:plan:4d600351-140f-404d-bd8c-96813ea76125,bus,Bus,42,42,42051,"Basel, Bahnhof SBB","Basel, Hoffmann La Roche",K,,2026-10-01 14:45:24+00:00,2026-10-01 14:45:24+00:00,,True,0.0,2026-10-01 16:45:17.951000+02:00,2026-10-01 16:45:24+02:00,2026-10-01 16:45:24+02:00,2026-10-01,16,Thursday,False,0.10081666666666668
20261001_144511,2026-10-01 14:45:17.951000+00:00,Basel,local,ch:1:sloid:78143,"Basel, Bahnhof SBB",ch:1:sloid:78143:1:33,2026-10-01,ch:1:sjyid:100622:plan:25df8bd5-fa4f-4eac-8e67-fcffe37d3bc4,tram,Tram,1,1,1193,"Basel, Dreirosenbrücke","Basel, Badischer Bahnhof",F,,2026-10-01 14:46:18+00:00,2026-10-01 14:48:48+00:00,,True,2.5,2026-10-01 16:45:17.951000+02:00,2026-10-01 16:46:18+02:00,2026-10-01 16:48:48+02:00,2026-10-01,16,Thursday,False,1.0008166666666667
20261001_144511,2026-10-01 14:45:17.951000+00:00,Basel,local,ch:1:sloid:78143,"Basel, Bahnhof SBB",ch:1:sloid:78143:1:34,2026-10-01,ch:1:sjyid:100019:plan:a9eaa2eb-d45c-4d7b-82c6-b5efdaafc7b3,tram,Tram,11,11,38361,"Basel, St-Louis Grenze","Basel, Dreispitz",G,,2026-10-01 14:47:00+00:00,2026-10-01 14:52:36+00:00,,True,5.6,2026-10-01 16:45:17.951000+02:00,2026-10-01 16:47:00+02:00,2026-10-01 16:52:36+02:00,2026-10-01,16,Thursday,False,1.7008166666666669
20261001_144511,2026-10-01 14:45:17.951000+00:00,Basel,local,ch:1:sloid:78143,"Basel, Bahnhof SBB",ch:1:sloid:78143:3:3,2026-10-01,ch:1:sjyid:100622:plan:54309081-658a-488b-804c-4ac237eba02a,bus,Bus,30,30,30279,"Basel, Bahnhof SBB","Basel, Badischer Bahnhof",B,,2026-10-01 14:47:18+00:00,2026-10-01 14:47:24+00:00,,True,0.1,2026-10-01 16:45:17.951000+02:00,2026-10-01 16:47:18+02:00,2026-10-01 16:47:24+02:00,2026-10-01,16,Thursday,False,2.0008166666666667
20261001_144511,2026-10-01 14:45:17.951000+00:00,Basel,local,ch:1:sloid:78143,"Basel, Bahnhof SBB",ch:1:sloid:78143:3:5,2026-10-01,ch:1:sjyid:100622:plan:059f353a-fda2-413b-aa57-d9f8005336da,bus,Bus,48,48,48107,"Basel, Bahnhof SBB","Basel, Bachgraben",A,,2026-10-01 14:47:00+00:00,2026-10-01 14:47:00+00:00,,True,0.0,2026-10-01 16:45:17.951000+02:00,2026-10-01 16:47:00+02:00,2026-10-01 16:47:00+02:00,2026-10-01,16,Thursday,False,1.7008166666666669
20261001_144511,2026-10-01 14:45:17.951000+00:00,Basel,local,ch:1:sloid:78143,"Basel, Bahnhof SBB",ch:1:sloid:78143:1:35,2026-10-01,ch:1:sjyid:100019:plan:26623d91-ed27-4691-b082-d5f4f1d2675f,tram,Tram,11,11,38364,"Basel, Dreispitz","Basel, Saint-Louis Grenze",H,,2026-10-01 14:48:12+00:00,2026-10-01 14:48:00+00:00,,True,-0.2,2026-10-01 16:45:17.951000+02:00,2026-10-01 16:48:12+02:00,2026-10-01 16:48:00+02:00,2026-10-01,16,Thursday,False,2.9008166666666666
20261001_144511,2026-10-01 14:45:17.951000+00:00,Basel,local,ch:1:sloid:78143,"Basel, Bahnhof SBB",ch:1:sloid:78143:1:31,2026-10-01,ch:1:sjyid:100622:plan:9f6d045f-d39c-4336-bb83-fa4675b1df84,tram,Tram,1,1,1192,"Basel, Badischer Bahnhof","Basel, Dreirosenbrücke",D,,2026-10-01 14:48:18+00:00,2026-10-01 14:48:54+00:00,,True,0.6,2026-10-01 16:45:17.951000+02:00,2026-10-01 16:48:18+02:00,2026-10-01 16:48:54+02:00,2026-10-01,16,Thursday,False,3.0008166666666667
20261001_144511,2026-10-01 14:45:17.951000+00:00,Basel,local,ch:1:sloid:78143,"Basel, Bahnhof SBB",ch:1:sloid:78143:1:33,2026-10-01,ch:1:sjyid:100622:plan:3e2ea3c1-9b5d-40cd-b8e8-54068c7636fc,tram,Tram,2,2,2197,"Binningen, Kronenplatz","Riehen, Fondation Beyeler",F,,2026-10-01 14:48:12+00:00,2026-10-01 14:48:18+00:00,,True,0.1,2026-10-01 16:45:17.951000+02:00,2026-10-01 16:48:12+02:00,2026-10-01 16:48:18+02:00,2026-10-01,16,Thursday,False,2.9008166666666666
20261001_144511,2026-10-01 14:45:17.951000+00:00,Basel,local,ch:1:sloid:78143,"Basel, Bahnhof SBB",ch:1:sloid:78143:1:35,2026-10-01,ch:1:sjyid:100019:plan:79e3432d-6dd0-457c-b117-69a21451edcc,tram,Tram,10,10,10346,"Dornach, Bahnhof","Rodersdorf, Station",H,,2026-10-01 14:49:00+00:00,2026-10-01 14:50:54+00:00,,True,1.9,2026-10-01 16:45:17.951000+02:00,2026-10-01 16:49:00+02:00,2026-10-01 16:50:54+02:00,2026-10-01,16,Thursday,False,3.700816666666667
20261001_144511,2026-10-01 14:45:17.951000+00:00,Basel,local,ch:1:sloid:78143,"Basel, Bahnhof SBB",ch:1:sloid:78143:1:32,2026-10-01,ch:1:sjyid:100622:plan:b6cfe233-2c99-4684-b8fb-18c8a8112d67,tram,Tram,8,8,8192,"Weil am Rhein, Bahnhof/Zentrum","Basel, Neuweilerstrasse",E,,2026-10-01 14:51:00+00:00,2026-10-01 14:54:24+00:00,,True,3.4,2026-10-01 16:45:17.951000+02:00,2026-10-01 16:51:00+02:00,2026-10-01 16:54:24+02:00,2026-10-01,16,Thursday,False,5.700816666666666
20261001_144511,2026-10-01 14:45:17.951000+00:00,Basel,local,ch:1:sloid:78143,"Basel, Bahnhof SBB",ch:1:sloid:78143:3:3,2026-10-01,ch:1:sjyid:100622:plan:2a8dbff6-6d4d-4c1d-be5a-829d70f6c5d3,bus,Bus,50,50,50189,"Basel, Bahnhof SBB","Basel, EuroAirport",B,,2026-10-01 14:51:06+00:00,2026-10-01 14:51:06+00:00,,True,0.0,2026-10-01 16:45:17.951000+02:00,2026-10-01 16:51:06+02:00,2026-10-01 16:51:06+02:00,2026-10-01,16,Thursday,False,5.800816666666666
20261001_144511,2026-10-01 14:45:17.951000+00:00,Basel,local,ch:1:sloid:78143,"Basel, Bahnhof SBB",ch:1:sloid:78143:1:34,2026-10-01,ch:1:sjyid:100019:plan:da455c96-5df6-453a-b4cb-3cc57f95daef,tram,Tram,10,10,10419,"Rodersdorf, Station",Dornach Bahnhof,G,,2026-10-01 14:51:00+00:00,2026-10-01 14:52:18+00:00,,True,1.3,2026-10-01 16:45:17.951000+02:00,2026-10-01 16:51:00+02:00,2026-10-01 16:52:18+02:00,2026-10-01,16,Thursday,False,5.700816666666666
20261001_144511,2026-10-01 14:45:17.951000+00:00,Basel,local,ch:1:sloid:78143,"Basel, Bahnhof SBB",ch:1:sloid:78143:3:3,2026-10-01,ch:1:sjyid:100622:plan:c52eefac-7461-4f04-8840-d573b45d5307,bus,Bus,30,30,30277,"Basel, Bahnhof SBB","Basel, Metzerstrasse",B,,2026-10-01 14:51:06+00:00,2026-10-01 14:51:06+00:00,,True,0.0,2026-10-01 16:45:17.951000+02:00,2026-10-01 16:51:06+02:00,2026-10-01 16:51:06+02:00,2026-10-01,16,Thursday,False,5.800816666666666
20261001_144511,2026-10-01 14:45:17.951000+00:00,Basel,local,ch:1:sloid:78143,"Basel, Bahnhof SBB",ch:1:sloid:78143:1:33,2026-10-01,ch:1:sjyid:100622:plan:2cf40b36-b48a-4451-b5fc-2524fc09ba9e,tram,Tram,8,8,8197,"Basel, Neuweilerstrasse",Weil am Rhein (D) Bahnhof / Zentrum,F,,2026-10-01 14:52:00+00:00,2026-10-01 14:52:00+00:00,,True,0.0,2026-10-01 16:45:17.951000+02:00,2026-10-01 16:52:00+02:00,2026-10-01 16:52:00+02:00,2026-10-01,16,Thursday,False,6.700816666666666
20261001_144511,2026-10-01 14:45:17.951000+00:00,Basel,local,ch:1:sloid:78143,"Basel, Bahnhof SBB",ch:1:sloid:78143:3:7,2026-10-01,ch:1:sjyid:100622:plan:f924cd34-1487-43ec-8996-4885ff22545e,bus,Bus,42,42,42053,"Basel, Bahnhof SBB","Bettingen, Dorf",K,,2026-10-01 14:52:54+00:00,2026-10-01 14:52:54+00:00,,True,0.0,2026-10-01 16:45:17.951000+02:00,2026-10-01 16:52:54+02:00,2026-10-01 16:52:54+02:00,2026-10-01,16,Thursday,False,7.600816666666666
20261001_144511,2026-10-01 14:45:17.951000+00:00,Basel,local,ch:1:sloid:78143,"Basel, Bahnhof SBB",ch:1:sloid:78143:1:31,2026-10-01,ch:1:sjyid:100622:plan:a21fbe01-1b4c-46b1-877d-d986b4ab49dc,tram,Tram,2,2,2192,"Riehen, Fondation Beyeler","Binningen, Kronenplatz",D,,2026-10-01 14:53:18+00:00,2026-10-01 14:53:12+00:00,,True,-0.1,2026-10-01 16:45:17.951000+02:00,2026-10-01 16:53:18+02:00,2026-10-01 16:53:12+02:00,2026-10-01,16,Thursday,False,8.000816666666667
20261001_144511,2026-10-01 14:45:17.951000+00:00,Basel,local,ch:1:sloid:78143,"Basel, Bahnhof SBB",ch:1:sloid:78143:1:33,2026-10-01,ch:1:sjyid:100622:plan:1c3e5200-1342-4adb-9795-62f2523b23f9,tram,Tram,1,1,1195,"Basel, Dreirosenbrücke","Basel, Badischer Bahnhof",F,,2026-10-01 14:53:06+00:00,2026-10-01 14:55:54+00:00,,True,2.8,2026-10-01 16:45:17.951000+02:00,2026-10-01 16:53:06+02:00,2026-10-01 16:55:54+02:00,2026-10-01,16,Thursday,False,7.800816666666666
20261001_144511,2026-10-01 14:45:17.951000+00:00,Basel,local,ch:1:sloid:78143,"Basel, Bahnhof SBB",ch:1:sloid:78143:1:34,2026-10-01,ch:1:sjyid:100019:plan:e63c014f-d8eb-4784-80f6-a9725cb1a79e,tram,Tram,11,11,38367,"Basel, St-Louis Grenze","Basel, Dreispitz",G,,2026-10-01 14:54:30+00:00,2026-10-01 14:56:24+00:00,,True,1.9,2026-10-01 16:45:17.951000+02:00,2026-10-01 16:54:30+02:00,2026-10-01 16:56:24+02:00,2026-10-01,16,Thursday,False,9.200816666666666
20261001_144511,2026-10-01 14:45:17.951000+00:00,Basel,local,ch:1:sloid:78143,"Basel, Bahnhof SBB",ch:1:sloid:78143:3:3,2026-10-01,ch:1:sjyid:100622:plan:94563645-a221-4674-9c87-b478efb746bf,bus,Bus,30,30,30283,"Basel, Bahnhof SBB","Basel, Badischer Bahnhof",B,,2026-10-01 14:54:48+00:00,2026-10-01 14:58:12+00:00,,True,3.4,2026-10-01 16:45:17.951000+02:00,2026-10-01 16:54:48+02:00,2026-10-01 16:58:12+02:00,2026-10-01,16,Thursday,False,9.500816666666667
20261001_144511,2026-10-01 14:45:17.951000+00:00,Basel,local,ch:1:sloid:78143,"Basel, Bahnhof SBB",ch:1:sloid:78143:3:5,2026-10-01,ch:1:sjyid:100622:plan:b20815cd-bd78-46f0-959d-150ecf87287b,bus,Bus,48,48,48109,"Basel, Bahnhof SBB","Basel, Bahnhof St.Johann",A,,2026-10-01 14:54:30+00:00,2026-10-01 14:54:30+00:00,,True,0.0,2026-10-01 16:45:17.951000+02:00,2026-10-01 16:54:30+02:00,2026-10-01 16:54:30+02:00,2026-10-01,16,Thursday,False,9.200816666666666
20261001_144511,2026-10-01 14:45:17.951000+00:00,Basel,local,ch:1:sloid:78143,"Basel, Bahnhof SBB",ch:1:sloid:78143:1:35,2026-10-01,ch:1:sjyid:100019:plan:1d8c4956-8bde-4592-a3b2-da2801bc8e5f,tram,Tram,11,11,38370,"Basel, Dreispitz","Basel, Saint-Louis Grenze",H,,2026-10-01 14:55:42+00:00,2026-10-01 14:55:42+00:00,,True,0.0,2026-10-01 16:45:17.951000+02:00,2026-10-01 16:55:42+02:00,2026-10-01 16:55:42+02:00,2026-10-01,16,Thursday,False,10.400816666666666
20261001_144511,2026-10-01 14:45:17.951000+00:00,Basel,local,ch:1:sloid:78143,"Basel, Bahnhof SBB",ch:1:sloid:78143:1:31,2026-10-01,ch:1:sjyid:100622:plan:97cc4d0a-01e3-4efc-9bd2-a7c594d1ac23,tram,Tram,1,1,1194,"Basel, Badischer Bahnhof","Basel, Dreirosenbrücke",D,,2026-10-01 14:55:48+00:00,2026-10-01 14:55:48+00:00,,True,0.0,2026-10-01 16:45:17.951000+02:00,2026-10-01 16:55:48+02:00,2026-10-01 16:55:48+02:00,2026-10-01,16,Thursday,False,10.500816666666667
20261001_144511,2026-10-01 14:45:17.951000+00:00,Basel,local,ch:1:sloid:78143,"Basel, Bahnhof SBB",ch:1:sloid:78143:1:33,2026-10-01,ch:1:sjyid:100622:plan:b0ed40cf-3ab9-4dda-9452-7bef35d4fd0b,tram,Tram,2,2,2199,"Binningen, Kronenplatz","Riehen, Fondation Beyeler",F,,2026-10-01 14:55:42+00:00,2026-10-01 14:55:42+00:00,,True,0.0,2026-10-01 16:45:17.951000+02:00,2026-10-01 16:55:42+02:00,2026-10-01 16:55:42+02:00,2026-10-01,16,Thursday,False,10.400816666666666
20261001_144511,2026-10-01 14:45:17.951000+00:00,Basel,local,ch:1:sloid:78143,"Basel, Bahnhof SBB",ch:1:sloid:78143:1:35,2026-10-01,ch:1:sjyid:100019:plan:f373c951-a534-4552-9124-f4c98e766d75,tram,Tram,10,10,10352,"Dornach, Bahnhof","Flüh, Station",H,,2026-10-01 14:57:00+00:00,2026-10-01 14:58:00+00:00,,True,1.0,2026-10-01 16:45:17.951000+02:00,2026-10-01 16:57:00+02:00,2026-10-01 16:58:00+02:00,2026-10-01,16,Thursday,False,11.700816666666666
20261001_144511,2026-10-01 14:45:17.951000+00:00,Basel,local,ch:1:sloid:78143,"Basel, Bahnhof SBB",ch:1:sloid:78143:3:7,2026-10-01,ch:1:sjyid:100019:plan:4ce7719d-fe6f-4e46-abaf-216447974767,bus,Bus,37,37,37740,"Basel, Bahnhof SBB",Münchenstein Bahnhof,K,,2026-10-01 14:57:00+00:00,2026-10-01 15:00:42+00:00,,True,3.7,2026-10-01 16:45:17.951000+02:00,2026-10-01 16:57:00+02:00,2026-10-01 17:00:42+02:00,2026-10-01,16,Thursday,False,11.700816666666666
20261001_144511,2026-10-01 14:45:17.951000+00:00,Basel,local,ch:1:sloid:78143,"Basel, Bahnhof SBB",ch:1:sloid:78143:1:32,2026-10-01,ch:1:sjyid:100622:plan:31b0f918-966d-4420-9721-eb11c226d0d4,tram,Tram,8,8,8194,"Weil am Rhein, Bahnhof/Zentrum","Basel, Neuweilerstrasse",E,,2026-10-01 14:58:30+00:00,2026-10-01 14:58:30+00:00,,True,0.0,2026-10-01 16:45:17.951000+02:00,2026-10-01 16:58:30+02:00,2026-10-01 16:58:30+02:00,2026-10-01,16,Thursday,False,13.200816666666666
20261001_144511,2026-10-01 14:45:17.951000+00:00,Basel,local,ch:1:sloid:78143,"Basel, Bahnhof SBB",ch:1:sloid:78143:3:3,2026-10-01,ch:1:sjyid:100622:plan:8cc4fee2-ecec-4e34-8ed5-dc9672eb0dc4,bus,Bus,50,50,50191,"Basel, Bahnhof SBB","Basel, EuroAirport",B,,2026-10-01 14:58:36+00:00,2026-10-01 14:58:36+00:00,,True,0.0,2026-10-01 16:45:17.951000+02:00,2026-10-01 16:58:36+02:00,2026-10-01 16:58:36+02:00,2026-10-01,16,Thursday,False,13.300816666666666
20261001_144511,2026-10-01 14:45:18.472000+00:00,Luzern,local,ch:1:sloid:8450,"Luzern, Bahnhof",ch:1:sloid:8450::1,2026-10-01,ch:1:sjyid:100619:plan:975215b2-b3f2-4590-9b00-aaffde460425,bus,Bus,7,7,25603,"Luzern, Unterlöchli",Horw Biregghof,A,,2026-10-01 14:38:00+00:00,2026-10-01 14:49:18+00:00,,True,11.3,2026-10-01 16:45:18.472000+02:00,2026-10-01 16:38:00+02:00,2026-10-01 16:49:18+02:00,2026-10-01,16,Thursday,False,-7.3078666666666665
20261001_144511,2026-10-01 14:45:18.472000+00:00,Luzern,local,ch:1:sloid:8450,"Luzern, Bahnhof",ch:1:sloid:8450::11,2026-10-01,ch:1:sjyid:100619:plan:c4175a4f-f710-4d5e-bbfa-173eb40eaa63,bus,Bus,19,19,45720,"Luzern, Bahnhof",Friedental,R,,2026-10-01 14:40:00+00:00,2026-10-01 14:45:48+00:00,,True,5.8,2026-10-01 16:45:18.472000+02:00,2026-10-01 16:40:00+02:00,2026-10-01 16:45:48+02:00,2026-10-01,16,Thursday,False,-5.3078666666666665
20261001_144511,2026-10-01 14:45:18.472000+00:00,Luzern,local,ch:1:sloid:8450,"Luzern, Bahnhof",ch:1:sloid:8450::2,2026-10-01,ch:1:sjyid:100619:plan:e60e4b1f-f91e-4611-b208-c06ec20b316c,bus,Bus,8,8,29180,"Luzern, Hirtenhof",Würzenbach,B,,2026-10-01 14:44:00+00:00,2026-10-01 14:46:06+00:00,,True,2.1,2026-10-01 16:45:18.472000+02:00,2026-10-01 16:44:00+02:00,2026-10-01 16:46:06+02:00,2026-10-01,16,Thursday,False,-1.3078666666666665
20261001_144511,2026-10-01 14:45:18.472000+00:00,Luzern,local,ch:1:sloid:8450,"Luzern, Bahnhof",ch:1:sloid:8450::2,2026-10-01,ch:1:sjyid:100619:plan:63c627c0-c3bc-4ea8-9817-fe3da507030d,bus,Bus,14,14,39204,"Horw, Zentrum",Brüelstrasse,B,,2026-10-01 14:45:06+00:00,2026-10-01 14:48:18+00:00,,True,3.2,2026-10-01 16:45:18.472000+02:00,2026-10-01 16:45:06+02:00,2026-10-01 16:48:18+02:00,2026-10-01,16,Thursday,False,-0.20786666666666667
20261001_144511,2026-10-01 14:45:18.472000+00:00,Luzern,local,ch:1:sloid:8450,"Luzern, Bahnhof",ch:1:sloid:8450::15,2026-10-01,ch:1:sjyid:100602:4c6b3000-c84d-403c-be3e-a9384e980701,bus,Bus,73,73,73845,"Luzern, Bahnhof",Adligenswil Dorf,U,,2026-10-01 14:45:00+00:00,2026-10-01 14:45:00+00:00,,True,0.0,2026-10-01 16:45:18.472000+02:00,2026-10-01 16:45:00+02:00,2026-10-01 16:45:00+02:00,2026-10-01,16,Thursday,False,-0.3078666666666667
20261001_144511,2026-10-01 14:45:18.472000+00:00,Luzern,local,ch:1:sloid:8450,"Luzern, Bahnhof",ch:1:sloid:8450::1,2026-10-01,ch:1:sjyid:100619:plan:46677dd9-4f2d-4851-b564-a0c30ccddd6c,bus,Bus,7,7,25625,"Luzern, Unterlöchli",Horw Biregghof,A,,2026-10-01 14:45:00+00:00,2026-10-01 14:49:42+00:00,,True,4.7,2026-10-01 16:45:18.472000+02:00,2026-10-01 16:45:00+02:00,2026-10-01 16:49:42+02:00,2026-10-01,16,Thursday,False,-0.3078666666666667
20261001_144511,2026-10-01 14:45:18.472000+00:00,Luzern,local,ch:1:sloid:8450,"Luzern, Bahnhof",ch:1:sloid:8450::9,2026-10-01,ch:1:sjyid:100619:plan:be9f089a-12cd-4cde-b863-f3d4410718ec,bus,Bus,1,1,4470,"Luzern, Bahnhof",Maihof,Z,,2026-10-01 14:46:00+00:00,2026-10-01 14:46:00+00:00,,True,0.0,2026-10-01 16:45:18.472000+02:00,2026-10-01 16:46:00+02:00,2026-10-01 16:46:00+02:00,2026-10-01,16,Thursday,False,0.6921333333333333
20261001_144511,2026-10-01 14:45:18.472000+00:00,Luzern,local,ch:1:sloid:8450,"Luzern, Bahnhof",ch:1:sloid:8450::1,2026-10-01,ch:1:sjyid:100619:plan:c2c8e206-ead7-45cd-b48a-7c109609ef12,bus,Bus,1,1,3655,"Ebikon, Fildern",Obernau Dorf,A,,2026-10-01 14:46:00+00:00,2026-10-01 14:46:00+00:00,,True,0.0,2026-10-01 16:45:18.472000+02:00,2026-10-01 16:46:00+02:00,2026-10-01 16:46:00+02:00,2026-10-01,16,Thursday,False,0.6921333333333333
20261001_144511,2026-10-01 14:45:18.472000+00:00,Luzern,local,ch:1:sloid:8450,"Luzern, Bahnhof",ch:1:sloid:8450::20,2026-10-01,ch:1:sjyid:100619:plan:42566a78-1e98-446a-9489-be91fdeb62bb,bus,Bus,12,12,85007,"Luzern, Bahnhof",Gasshof,M,,2026-10-01 14:46:00+00:00,2026-10-01 14:46:00+00:00,,True,0.0,2026-10-01 16:45:18.472000+02:00,2026-10-01 16:46:00+02:00,2026-10-01 16:46:00+02:00,2026-10-01,16,Thursday,False,0.6921333333333333
20261001_144511,2026-10-01 14:45:18.472000+00:00,Luzern,local,ch:1:sloid:8450,"Luzern, Bahnhof",ch:1:sloid:8450::2,2026-10-01,ch:1:sjyid:100619:plan:10efbdb2-0dc4-4900-9665-616c758c2c94,bus,Bus,1,1,4474,"Obernau, Dorf",Ebikon Fildern,B,,2026-10-01 14:47:48+00:00,2026-10-01 14:47:48+00:00,,True,0.0,2026-10-01 16:45:18.472000+02:00,2026-10-01 16:47:48+02:00,2026-10-01 16:47:48+02:00,2026-10-01,16,Thursday,False,2.4921333333333333
20261001_144511,2026-10-01 14:45:18.472000+00:00,Luzern,local,ch:1:sloid:8450,"Luzern, Bahnhof",ch:1:sloid:8450::2,2026-10-01,ch:1:sjyid:100619:plan:f84350f8-1d1e-40d2-bc92-dab43199a6c9,bus,Bus,7,7,25608,"Horw, Biregghof",Unterlöchli,B,,2026-10-01 14:47:00+00:00,2026-10-01 14:47:48+00:00,,True,0.8,2026-10-01 16:45:18.472000+02:00,2026-10-01 16:47:00+02:00,2026-10-01 16:47:48+02:00,2026-10-01,16,Thursday,False,1.6921333333333335
20261001_144511,2026-10-01 14:45:18.472000+00:00,Luzern,local,ch:1:sloid:8450,"Luzern, Bahnhof",ch:1:sloid:8450::23,2026-10-01,ch:1:sjyid:100619:plan:a9b757f8-f5cd-4c2c-ba2f-b53f859103c4,bus,Bus,2,2,10183,"Luzern, Bahnhof",E'brücke Sprengi,Y,,2026-10-01 14:47:00+00:00,2026-10-01 14:47:00+00:00,,True,0.0,2026-10-01 16:45:18.472000+02:00,2026-10-01 16:47:00+02:00,2026-10-01 16:47:00+02:00,2026-10-01,16,Thursday,False,1.6921333333333335
20261001_144511,2026-10-01 14:45:18.472000+00:00,Luzern,local,ch:1:sloid:8450,"Luzern, Bahnhof",ch:1:sloid:8450::11,2026-10-01,ch:1:sjyid:100619:plan:b4631d19-6761-4e13-b837-38f46e58278d,bus,Bus,19,19,45730,"Luzern, Bahnhof",Friedental,R,,2026-10-01 14:48:00+00:00,2026-10-01 14:48:12+00:00,,True,0.2,2026-10-01 16:45:18.472000+02:00,2026-10-01 16:48:00+02:00,2026-10-01 16:48:12+02:00,2026-10-01,16,Thursday,False,2.692133333333333
20261001_144511,2026-10-01 14:45:18.472000+00:00,Luzern,local,ch:1:sloid:8450,"Luzern, Bahnhof",ch:1:sloid:8450::2,2026-10-01,ch:1:sjyid:100619:plan:37b8f2f0-aaeb-47b4-9d6b-69593021f87c,bus,Bus,6,6,21982,"Luzern, Matthof",Büttenenhalde,B,,2026-10-01 14:49:00+00:00,2026-10-01 14:49:36+00:00,,True,0.6,2026-10-01 16:45:18.472000+02:00,2026-10-01 16:49:00+02:00,2026-10-01 16:49:36+02:00,2026-10-01,16,Thursday,False,3.692133333333333
20261001_144511,2026-10-01 14:45:18.472000+00:00,Luzern,local,ch:1:sloid:8450,"Luzern, Bahnhof",ch:1:sloid:8450::1,2026-10-01,ch:1:sjyid:100619:plan:3bc1f94a-0c7d-4af2-b991-f3f21204f55e,bus,Bus,6,6,21975,"Luzern, Büttenenhalde",Matthof,A,,2026-10-01 14:49:00+00:00,2026-10-01 14:49:00+00:00,,True,0.0,2026-10-01 16:45:18.472000+02:00,2026-10-01 16:49:00+02:00,2026-10-01 16:49:00+02:00,2026-10-01,16,Thursday,False,3.692133333333333
20261001_144511,2026-10-01 14:45:18.472000+00:00,Luzern,local,ch:1:sloid:8450,"Luzern, Bahnhof",ch:1:sloid:8450::1,2026-10-01,ch:1:sjyid:100619:plan:41d8b0e0-9f2b-49a0-833f-f95328144ef4,bus,Bus,14,14,38935,"Luzern, Brüelstrasse",Horw Zentrum,A,,2026-10-01 14:49:00+00:00,2026-10-01 14:50:00+00:00,,True,1.0,2026-10-01 16:45:18.472000+02:00,2026-10-01 16:49:00+02:00,2026-10-01 16:50:00+02:00,2026-10-01,16,Thursday,False,3.692133333333333
20261001_144511,2026-10-01 14:45:18.472000+00:00,Luzern,local,ch:1:sloid:8450,"Luzern, Bahnhof",ch:1:sloid:8450::18,2026-10-01,ch:1:sjyid:100611:plan:060600005207004,bus,Bus,52,52,52235,"Luzern, Bahnhof",Hildisrieden Post,K,,2026-10-01 14:50:00+00:00,,,False,,2026-10-01 16:45:18.472000+02:00,2026-10-01 16:50:00+02:00,,2026-10-01,16,Thursday,False,4.6921333333333335
20261001_144511,2026-10-01 14:45:18.472000+00:00,Luzern,local,ch:1:sloid:8450,"Luzern, Bahnhof",ch:1:sloid:8450::15,2026-10-01,ch:1:sjyid:100602:8b129b4d-7aff-4658-a130-22fde11e160c,bus,Bus,73,73,73145,"Luzern, Bahnhof",Rotkreuz,U,,2026-10-01 14:50:00+00:00,2026-10-01 14:50:00+00:00,,True,0.0,2026-10-01 16:45:18.472000+02:00,2026-10-01 16:50:00+02:00,2026-10-01 16:50:00+02:00,2026-10-01,16,Thursday,False,4.6921333333333335
20261001_144511,2026-10-01 14:45:18.472000+00:00,Luzern,local,ch:1:sloid:8450,"Luzern, Bahnhof",ch:1:sloid:8450::16,2026-10-01,ch:1:sjyid:100619:plan:20c9e799-94bc-4b34-9651-ae3040686ac6,bus,Bus,4,4,15211,"Luzern, Bahnhof",Hubelmatt,V,,2026-10-01 14:50:00+00:00,2026-10-01 14:50:00+00:00,,True,0.0,2026-10-01 16:45:18.472000+02:00,2026-10-01 16:50:00+02:00,2026-10-01 16:50:00+02:00,2026-10-01,16,Thursday,False,4.6921333333333335
20261001_144511,2026-10-01 14:45:18.472000+00:00,Luzern,local,ch:1:sloid:8450,"Luzern, Bahnhof",ch:1:sloid:8450::17,2026-10-01,ch:1:sjyid:100619:plan:f3ceb5ef-875e-417a-bd37-054e07b13f96,bus,Bus,10,10,32693,"Luzern, Bahnhof",Obergütsch,W,,2026-10-01 14:50:00+00:00,2026-10-01 14:50:00+00:00,,True,0.0,2026-10-01 16:45:18.472000+02:00,2026-10-01 16:50:00+02:00,2026-10-01 16:50:00+02:00,2026-10-01,16,Thursday,False,4.6921333333333335
20261001_144511,2026-10-01 14:45:18.472000+00:00,Luzern,local,ch:1:sloid:8450,"Luzern, Bahnhof",ch:1:sloid:8450::10,2026-10-01,ch:1:sjyid:100619:plan:cf40597a-5c9c-4fd2-91e7-6673a2099377,bus,Bus,20,20,48933,"Luzern, Bahnhof",Horw Ennethorw,J,,2026-10-01 14:50:00+00:00,2026-10-01 14:50:00+00:00,,True,0.0,2026-10-01 16:45:18.472000+02:00,2026-10-01 16:50:00+02:00,2026-10-01 16:50:00+02:00,2026-10-01,16,Thursday,False,4.6921333333333335
20261001_144511,2026-10-01 14:45:18.472000+00:00,Luzern,local,ch:1:sloid:8450,"Luzern, Bahnhof",ch:1:sloid:8450::12,2026-10-01,ch:1:sjyid:100619:plan:399a5108-390b-4154-89fe-69e8cf75437f,bus,Bus,24,24,60024,"Luzern, Bahnhof",Meggen Tschädigen,S,,2026-10-01 14:51:00+00:00,2026-10-01 14:51:00+00:00,,True,0.0,2026-10-01 16:45:18.472000+02:00,2026-10-01 16:51:00+02:00,2026-10-01 16:51:00+02:00,2026-10-01,16,Thursday,False,5.6921333333333335
20261001_144511,2026-10-01 14:45:18.472000+00:00,Luzern,local,ch:1:sloid:8450,"Luzern, Bahnhof",ch:1:sloid:8450::15,2026-10-01,ch:1:sjyid:100602:8df824c0-7cc5-4cc7-97c2-13c7635f6732,bus,Bus,73,73,73147,"Luzern, Bahnhof",Udligenswil,U,,2026-10-01 14:52:00+00:00,2026-10-01 14:52:00+00:00,,True,0.0,2026-10-01 16:45:18.472000+02:00,2026-10-01 16:52:00+02:00,2026-10-01 16:52:00+02:00,2026-10-01,16,Thursday,False,6.6921333333333335
20261001_144511,2026-10-01 14:45:18.472000+00:00,Luzern,local,ch:1:sloid:8450,"Luzern, Bahnhof",ch:1:sloid:8450::1,2026-10-01,ch:1:sjyid:100619:plan:26555cb0-3be0-43a3-8c8a-80a348c9551a,bus,Bus,7,7,25653,"Luzern, Unterlöchli",Horw Biregghof,A,,2026-10-01 14:53:00+00:00,2026-10-01 14:54:24+00:00,,True,1.4,2026-10-01 16:45:18.472000+02:00,2026-10-01 16:53:00+02:00,2026-10-01 16:54:24+02:00,2026-10-01,16,Thursday,False,7.6921333333333335
20261001_144511,2026-10-01 14:45:18.472000+00:00,Luzern,local,ch:1:sloid:8450,"Luzern, Bahnhof",ch:1:sloid:8450::20,2026-10-01,ch:1:sjyid:100619:plan:78683245-0d60-4b18-a173-25c88bcdbda3,bus,Bus,12,12,85027,"Luzern, Bahnhof",Gasshof,M,,2026-10-01 14:53:00+00:00,2026-10-01 14:54:06+00:00,,True,1.1,2026-10-01 16:45:18.472000+02:00,2026-10-01 16:53:00+02:00,2026-10-01 16:54:06+02:00,2026-10-01,16,Thursday,False,7.6921333333333335
20261001_144511,2026-10-01 14:45:18.472000+00:00,Luzern,local,ch:1:sloid:8450,"Luzern, Bahnhof",ch:1:sloid:8450::2,2026-10-01,ch:1:sjyid:100619:plan:d7235291-522c-4694-abeb-b0407af9a94a,bus,Bus,8,8,29204,"Luzern, Hirtenhof",Würzenbach,B,,2026-10-01 14:54:00+00:00,2026-10-01 14:54:36+00:00,,True,0.6,2026-10-01 16:45:18.472000+02:00,2026-10-01 16:54:00+02:00,2026-10-01 16:54:36+02:00,2026-10-01,16,Thursday,False,8.692133333333334
20261001_144511,2026-10-01 14:45:18.472000+00:00,Luzern,local,ch:1:sloid:8450,"Luzern, Bahnhof",ch:1:sloid:8450::2,2026-10-01,ch:1:sjyid:100619:plan:fbe2c1d5-c651-4c45-8e78-bc78af950b8a,bus,Bus,14,14,39228,"Horw, Zentrum",Brüelstrasse,B,,2026-10-01 14:54:18+00:00,2026-10-01 14:54:12+00:00,,True,-0.1,2026-10-01 16:45:18.472000+02:00,2026-10-01 16:54:18+02:00,2026-10-01 16:54:12+02:00,2026-10-01,16,Thursday,False,8.992133333333333
20261001_144511,2026-10-01 14:45:18.472000+00:00,Luzern,local,ch:1:sloid:8450,"Luzern, Bahnhof",ch:1:sloid:8450::1,2026-10-01,ch:1:sjyid:100619:plan:c900e06e-1f1f-4979-893b-96bdd460746a,bus,Bus,1,1,3691,"Ebikon, Fildern",Obernau Dorf,A,,2026-10-01 14:54:00+00:00,2026-10-01 14:55:24+00:00,,True,1.4,2026-10-01 16:45:18.472000+02:00,2026-10-01 16:54:00+02:00,2026-10-01 16:55:24+02:00,2026-10-01,16,Thursday,False,8.692133333333334
20261001_144511,2026-10-01 14:45:18.472000+00:00,Luzern,local,ch:1:sloid:8450,"Luzern, Bahnhof",ch:1:sloid:8450::23,2026-10-01,ch:1:sjyid:100619:plan:ab958cca-7523-416d-8cf7-572023d73e21,bus,Bus,2,2,10215,"Luzern, Bahnhof",E'brücke Sprengi,Y,,2026-10-01 14:54:00+00:00,2026-10-01 14:54:00+00:00,,True,0.0,2026-10-01 16:45:18.472000+02:00,2026-10-01 16:54:00+02:00,2026-10-01 16:54:00+02:00,2026-10-01,16,Thursday,False,8.692133333333334
20261001_144511,2026-10-01 14:45:18.472000+00:00,Luzern,local,ch:1:sloid:8450,"Luzern, Bahnhof",ch:1:sloid:8450::1,2026-10-01,ch:1:sjyid:100619:plan:730ad5cf-077e-4811-b4e2-28481ab242c4,bus,Bus,8,8,29399,"Luzern, Würzenbach",Hirtenhof,A,,2026-10-01 14:54:00+00:00,2026-10-01 14:54:06+00:00,,True,0.1,2026-10-01 16:45:18.472000+02:00,2026-10-01 16:54:00+02:00,2026-10-01 16:54:06+02:00,2026-10-01,16,Thursday,False,8.692133333333334
20261001_144511,2026-10-01 14:45:18.973000+00:00,St. Gallen,local,ch:1:sloid:74095,"St. Gallen, Bahnhof",ch:1:sloid:74095:0:541287,2026-10-01,ch:1:sjyid:100684:SKI-10143,bus,Bus,10,10,10143,"St. Gallen, Röteli",Oberhofstetten,H,,2026-10-01 14:44:00+00:00,2026-10-01 14:47:12+00:00,,True,3.2,2026-10-01 16:45:18.973000+02:00,2026-10-01 16:44:00+02:00,2026-10-01 16:47:12+02:00,2026-10-01,16,Thursday,False,-1.3162166666666666
20261001_144511,2026-10-01 14:45:18.973000+00:00,St. Gallen,local,ch:1:sloid:74095,"St. Gallen, Bahnhof",ch:1:sloid:74095:0:482413,2026-10-01,ch:1:sjyid:100602:f48daaa8-582b-4604-b877-1ebd017d8f25,bus,Bus,120,120,12086,"St. Gallen, Bahnhof",Heiden,D,,2026-10-01 14:44:00+00:00,2026-10-01 14:46:00+00:00,,True,2.0,2026-10-01 16:45:18.973000+02:00,2026-10-01 16:44:00+02:00,2026-10-01 16:46:00+02:00,2026-10-01,16,Thursday,False,-1.3162166666666666
20261001_144511,2026-10-01 14:45:18.973000+00:00,St. Gallen,local,ch:1:sloid:74095,"St. Gallen, Bahnhof",ch:1:sloid:74095:0:886128,2026-10-01,ch:1:sjyid:100602:5c0037d7-8e79-418c-bb13-561e19276f93,bus,Bus,211,211,21168,"St. Gallen, Bahnhof",Arbon,G,,2026-10-01 14:45:00+00:00,2026-10-01 14:45:00+00:00,,True,0.0,2026-10-01 16:45:18.973000+02:00,2026-10-01 16:45:00+02:00,2026-10-01 16:45:00+02:00,2026-10-01,16,Thursday,False,-0.31621666666666665
20261001_144511,2026-10-01 14:45:18.973000+00:00,St. Gallen,local,ch:1:sloid:74095,"St. Gallen, Bahnhof",ch:1:sloid:74095:0:541287,2026-10-01,ch:1:sjyid:100684:SKI-5381,bus,Bus,5,5,5381,"St. Gallen, Rotmonten",Riethüsli,H,,2026-10-01 14:46:00+00:00,2026-10-01 14:46:00+00:00,,True,0.0,2026-10-01 16:45:18.973000+02:00,2026-10-01 16:46:00+02:00,2026-10-01 16:46:00+02:00,2026-10-01,16,Thursday,False,0.6837833333333333
20261001_144511,2026-10-01 14:45:18.973000+00:00,St. Gallen,local,ch:1:sloid:74095,"St. Gallen, Bahnhof",ch:1:sloid:74095:0:181274,2026-10-01,ch:1:sjyid:100684:SKI-1374,bus,Bus,1,1,1374,"St. Gallen, Wolfganghof",Stephanshorn,B,,2026-10-01 14:46:00+00:00,2026-10-01 14:49:48+00:00,,True,3.8,2026-10-01 16:45:18.973000+02:00,2026-10-01 16:46:00+02:00,2026-10-01 16:49:48+02:00,2026-10-01,16,Thursday,False,0.6837833333333333
20261001_144511,2026-10-01 14:45:18.973000+00:00,St. Gallen,local,ch:1:sloid:74095,"St. Gallen, Bahnhof",ch:1:sloid:74095:0:894224,2026-10-01,ch:1:sjyid:100684:SKI-4228,bus,Bus,4,4,4228,"Abtwil SG, St. Josefen","Wittenbach, Bahnhof",E,,2026-10-01 14:46:00+00:00,2026-10-01 14:48:24+00:00,,True,2.4,2026-10-01 16:45:18.973000+02:00,2026-10-01 16:46:00+02:00,2026-10-01 16:48:24+02:00,2026-10-01,16,Thursday,False,0.6837833333333333
20261001_144511,2026-10-01 14:45:18.973000+00:00,St. Gallen,local,ch:1:sloid:74095,"St. Gallen, Bahnhof",ch:1:sloid:74095:0:606657,2026-10-01,ch:1:sjyid:100684:SKI-8234,bus,Bus,8,8,8234,"St. Gallen, Wendeplatz Stocken",Neudorf / R'str.,I,,2026-10-01 14:47:00+00:00,2026-10-01 14:47:00+00:00,,True,0.0,2026-10-01 16:45:18.973000+02:00,2026-10-01 16:47:00+02:00,2026-10-01 16:47:00+02:00,2026-10-01,16,Thursday,False,1.6837833333333334
20261001_144511,2026-10-01 14:45:18.973000+00:00,St. Gallen,local,ch:1:sloid:74095,"St. Gallen, Bahnhof",ch:1:sloid:74095:0:989159,2026-10-01,ch:1:sjyid:100684:SKI-1385,bus,Bus,1,1,1385,"St. Gallen, Stephanshorn",Winkeln,A,,2026-10-01 14:48:00+00:00,2026-10-01 14:48:36+00:00,,True,0.6,2026-10-01 16:45:18.973000+02:00,2026-10-01 16:48:00+02:00,2026-10-01 16:48:36+02:00,2026-10-01,16,Thursday,False,2.683783333333333
20261001_144511,2026-10-01 14:45:18.973000+00:00,St. Gallen,local,ch:1:sloid:74095,"St. Gallen, Bahnhof",ch:1:sloid:74095:0:174964,2026-10-01,ch:1:sjyid:100684:SKI-9235,bus,Bus,9,9,9235,"St. Gallen, Bahnhof",Hölzli,C,,2026-10-01 14:48:00+00:00,2026-10-01 14:48:00+00:00,,True,0.0,2026-10-01 16:45:18.973000+02:00,2026-10-01 16:48:00+02:00,2026-10-01 16:48:00+02:00,2026-10-01,16,Thursday,False,2.683783333333333
20261001_144511,2026-10-01 14:45:18.973000+00:00,St. Gallen,local,ch:1:sloid:74095,"St. Gallen, Bahnhof",ch:1:sloid:74095:0:174964,2026-10-01,ch:1:sjyid:100602:454578f3-78b2-472d-97ce-108edc573582,bus,Bus,121,121,12171,"Heiden, Post",Engelburg,C,,2026-10-01 14:48:00+00:00,2026-10-01 14:48:00+00:00,,True,0.0,2026-10-01 16:45:18.973000+02:00,2026-10-01 16:48:00+02:00,2026-10-01 16:48:00+02:00,2026-10-01,16,Thursday,False,2.683783333333333
20261001_144511,2026-10-01 14:45:18.973000+00:00,St. Gallen,local,ch:1:sloid:74095,"St. Gallen, Bahnhof",ch:1:sloid:74095:0:541287,2026-10-01,ch:1:sjyid:100684:SKI-6393,bus,Bus,6,6,6393,"St. Gallen, Heiligkreuz",Bach St.Georgen,H,,2026-10-01 14:48:00+00:00,2026-10-01 14:48:00+00:00,,True,0.0,2026-10-01 16:45:18.973000+02:00,2026-10-01 16:48:00+02:00,2026-10-01 16:48:00+02:00,2026-10-01,16,Thursday,False,2.683783333333333
20261001_144511,2026-10-01 14:45:18.973000+00:00,St. Gallen,local,ch:1:sloid:74095,"St. Gallen, Bahnhof",ch:1:sloid:74095:0:894224,2026-10-01,ch:1:sjyid:100695:423ad2d4-b6e5-4500-97cd-d7ffa56c81c6,bus,Bus,151,151,51175,"Gossau SG, Bahnhof",St.Gallen Spisertor,E,,2026-10-01 14:48:00+00:00,2026-10-01 14:51:24+00:00,,True,3.4,2026-10-01 16:45:18.973000+02:00,2026-10-01 16:48:00+02:00,2026-10-01 16:51:24+02:00,2026-10-01,16,Thursday,False,2.683783333333333
20261001_144511,2026-10-01 14:45:18.973000+00:00,St. Gallen,local,ch:1:sloid:74095,"St. Gallen, Bahnhof",ch:1:sloid:74095:0:482413,2026-10-01,ch:1:sjyid:100602:05889662-5c78-4f98-adb1-906603702232,bus,Bus,242,242,24268,"St. Gallen, Bahnhof",Rheineck,D,,2026-10-01 14:48:00+00:00,2026-10-01 14:48:00+00:00,,True,0.0,2026-10-01 16:45:18.973000+02:00,2026-10-01 16:48:00+02:00,2026-10-01 16:48:00+02:00,2026-10-01,16,Thursday,False,2.683783333333333
20261001_144511,2026-10-01 14:45:18.973000+00:00,St. Gallen,local,ch:1:sloid:74095,"St. Gallen, Bahnhof",ch:1:sloid:74095:0:606657,2026-10-01,ch:1:sjyid:100684:SKI-9226,bus,Bus,9,9,9226,"St. Gallen, Hölzli",Sonne,I,,2026-10-01 14:48:00+00:00,2026-10-01 14:48:00+00:00,,True,0.0,2026-10-01 16:45:18.973000+02:00,2026-10-01 16:48:00+02:00,2026-10-01 16:48:00+02:00,2026-10-01,16,Thursday,False,2.683783333333333
20261001_144511,2026-10-01 14:45:18.973000+00:00,St. Gallen,local,ch:1:sloid:74095,"St. Gallen, Bahnhof",ch:1:sloid:74095:0:894224,2026-10-01,ch:1:sjyid:100684:SKI-6376,bus,Bus,6,6,6376,"St. Gallen, Bach St. Georgen",Heiligkreuz,E,,2026-10-01 14:48:00+00:00,2026-10-01 14:48:18+00:00,,True,0.3,2026-10-01 16:45:18.973000+02:00,2026-10-01 16:48:00+02:00,2026-10-01 16:48:18+02:00,2026-10-01,16,Thursday,False,2.683783333333333
20261001_144511,2026-10-01 14:45:18.973000+00:00,St. Gallen,local,ch:1:sloid:74095,"St. Gallen, Bahnhof",ch:1:sloid:74095:0:541287,2026-10-01,ch:1:sjyid:100684:SKI-8253,bus,Bus,8,8,8253,"St. Gallen, Neudorf/R'str.",Wendeplatz Stocken,H,,2026-10-01 14:50:00+00:00,2026-10-01 14:50:18+00:00,,True,0.3,2026-10-01 16:45:18.973000+02:00,2026-10-01 16:50:00+02:00,2026-10-01 16:50:18+02:00,2026-10-01,16,Thursday,False,4.683783333333333
20261001_144511,2026-10-01 14:45:18.973000+00:00,St. Gallen,local,ch:1:sloid:74095,"St. Gallen, Bahnhof",ch:1:sloid:74095:0:886128,2026-10-01,ch:1:sjyid:100602:b37eee4c-1022-40cc-b458-311cef73cd63,bus,Expressbus,201,201,20152,"St. Gallen, Bahnhof",Arbon,G,,2026-10-01 14:51:00+00:00,,,False,,2026-10-01 16:45:18.973000+02:00,2026-10-01 16:51:00+02:00,,2026-10-01,16,Thursday,False,5.683783333333333
20261001_144511,2026-10-01 14:45:18.973000+00:00,St. Gallen,local,ch:1:sloid:74095,"St. Gallen, Bahnhof",ch:1:sloid:74095:0:606657,2026-10-01,ch:1:sjyid:100684:SKI-10208,bus,Bus,10,10,10208,"St. Gallen, Oberhofstetten",Röteli,I,,2026-10-01 14:51:00+00:00,2026-10-01 14:51:00+00:00,,True,0.0,2026-10-01 16:45:18.973000+02:00,2026-10-01 16:51:00+02:00,2026-10-01 16:51:00+02:00,2026-10-01,16,Thursday,False,5.683783333333333
20261001_144511,2026-10-01 14:45:18.973000+00:00,St. Gallen,local,ch:1:sloid:74095,"St. Gallen, Bahnhof",ch:1:sloid:74095:0:888081,2026-10-01,ch:1:sjyid:100684:SKI-3229,bus,Bus,3,3,3229,"Wittenbach, Bahnhof","Abtwil SG, St.Josefen",F,,2026-10-01 14:52:00+00:00,2026-10-01 14:52:00+00:00,,True,0.0,2026-10-01 16:45:18.973000+02:00,2026-10-01 16:52:00+02:00,2026-10-01 16:52:00+02:00,2026-10-01,16,Thursday,False,6.683783333333333
20261001_144511,2026-10-01 14:45:18.973000+00:00,St. Gallen,local,ch:1:sloid:74095,"St. Gallen, Bahnhof",ch:1:sloid:74095:0:181274,2026-10-01,ch:1:sjyid:100684:SKI-2380,bus,Bus,2,2,2380,"St. Gallen, Winkeln",Guggeien,B,,2026-10-01 14:52:00+00:00,2026-10-01 14:52:00+00:00,,True,0.0,2026-10-01 16:45:18.973000+02:00,2026-10-01 16:52:00+02:00,2026-10-01 16:52:00+02:00,2026-10-01,16,Thursday,False,6.683783333333333
20261001_144511,2026-10-01 14:45:18.973000+00:00,St. Gallen,local,ch:1:sloid:74095,"St. Gallen, Bahnhof",ch:1:sloid:74095:0:888081,2026-10-01,ch:1:sjyid:100695:5a1bca78-becc-4cc9-8160-1a63cc6bb64b,bus,Bus,151,151,51196,"St. Gallen, Spisertor (Bus)",Gossau Bhf,F,,2026-10-01 14:52:00+00:00,2026-10-01 14:54:54+00:00,,True,2.9,2026-10-01 16:45:18.973000+02:00,2026-10-01 16:52:00+02:00,2026-10-01 16:54:54+02:00,2026-10-01,16,Thursday,False,6.683783333333333
20261001_144511,2026-10-01 14:45:18.973000+00:00,St. Gallen,local,ch:1:sloid:74095,"St. Gallen, Bahnhof",ch:1:sloid:74095:0:606657,2026-10-01,ch:1:sjyid:100684:SKI-5374,bus,Bus,5,5,5374,"St. Gallen, Riethüsli",Rotmonten,I,,2026-10-01 14:53:00+00:00,2026-10-01 14:53:00+00:00,,True,0.0,2026-10-01 16:45:18.973000+02:00,2026-10-01 16:53:00+02:00,2026-10-01 16:53:00+02:00,2026-10-01,16,Thursday,False,7.683783333333333
20261001_144511,2026-10-01 14:45:18.973000+00:00,St. Gallen,local,ch:1:sloid:74095,"St. Gallen, Bahnhof",ch:1:sloid:74095:0:989159,2026-10-01,ch:1:sjyid:100684:SKI-2381,bus,Bus,2,2,2381,"St. Gallen, Guggeien",Wolfganghof,A,,2026-10-01 14:54:00+00:00,2026-10-01 14:54:30+00:00,,True,0.5,2026-10-01 16:45:18.973000+02:00,2026-10-01 16:54:00+02:00,2026-10-01 16:54:30+02:00,2026-10-01,16,Thursday,False,8.683783333333334
20261001_144511,2026-10-01 14:45:18.973000+00:00,St. Gallen,local,ch:1:sloid:74095,"St. Gallen, Bahnhof",ch:1:sloid:74095:0:894224,2026-10-01,ch:1:sjyid:100684:SKI-3222,bus,Bus,3,3,3222,"Abtwil SG, Säntispark","Wittenbach, Bahnhof",E,,2026-10-01 14:54:00+00:00,2026-10-01 14:55:12+00:00,,True,1.2,2026-10-01 16:45:18.973000+02:00,2026-10-01 16:54:00+02:00,2026-10-01 16:55:12+02:00,2026-10-01,16,Thursday,False,8.683783333333334
20261001_144511,2026-10-01 14:45:18.973000+00:00,St. Gallen,local,ch:1:sloid:74095,"St. Gallen, Bahnhof",ch:1:sloid:74095:0:606657,2026-10-01,ch:1:sjyid:100684:SKI-7242,bus,Bus,7,7,7242,"St. Gallen, Hinterberg",Neudorf / R'str.,I,,2026-10-01 14:54:00+00:00,2026-10-01 14:54:00+00:00,,True,0.0,2026-10-01 16:45:18.973000+02:00,2026-10-01 16:54:00+02:00,2026-10-01 16:54:00+02:00,2026-10-01,16,Thursday,False,8.683783333333334
20261001_144511,2026-10-01 14:45:18.973000+00:00,St. Gallen,local,ch:1:sloid:74095,"St. Gallen, Bahnhof",ch:1:sloid:74095:0:174964,2026-10-01,ch:1:sjyid:100684:SKI-9227,bus,Bus,9,9,9227,"St. Gallen, Schuppis Nord",Hölzli,C,,2026-10-01 14:56:00+00:00,2026-10-01 14:57:24+00:00,,True,1.4,2026-10-01 16:45:18.973000+02:00,2026-10-01 16:56:00+02:00,2026-10-01 16:57:24+02:00,2026-10-01,16,Thursday,False,10.683783333333334
20261001_144511,2026-10-01 14:45:18.973000+00:00,St. Gallen,local,ch:1:sloid:74095,"St. Gallen, Bahnhof",ch:1:sloid:74095:0:541287,2026-10-01,ch:1:sjyid:100684:SKI-5387,bus,Bus,5,5,5387,"St. Gallen, Rotmonten",Riethüsli,H,,2026-10-01 14:56:00+00:00,2026-10-01 14:56:00+00:00,,True,0.0,2026-10-01 16:45:18.973000+02:00,2026-10-01 16:56:00+02:00,2026-10-01 16:56:00+02:00,2026-10-01,16,Thursday,False,10.683783333333334
20261001_144511,2026-10-01 14:45:18.973000+00:00,St. Gallen,local,ch:1:sloid:74095,"St. Gallen, Bahnhof",ch:1:sloid:74095:0:943524,2026-10-01,ch:1:sjyid:100684:SKI-11120,bus,Bus,11,11,11120,"St. Gallen, Bahnhof","Wit., Abacus-Platz",J,,2026-10-01 14:57:00+00:00,2026-10-01 14:57:00+00:00,,True,0.0,2026-10-01 16:45:18.973000+02:00,2026-10-01 16:57:00+02:00,2026-10-01 16:57:00+02:00,2026-10-01,16,Thursday,False,11.683783333333334
20261001_144511,2026-10-01 14:45:18.973000+00:00,St. Gallen,local,ch:1:sloid:74095,"St. Gallen, Bahnhof",ch:1:sloid:74095:0:482413,2026-10-01,ch:1:sjyid:100602:6cdd2a97-87b7-4101-9df8-a472b17bf5df,bus,Bus,120,120,12084,"Engelburg, Dorfplatz",Heiden,D,,2026-10-01 14:57:00+00:00,2026-10-01 14:57:00+00:00,,True,0.0,2026-10-01 16:45:18.973000+02:00,2026-10-01 16:57:00+02:00,2026-10-01 16:57:00+02:00,2026-10-01,16,Thursday,False,11.683783333333334
20261001_144511,2026-10-01 14:45:18.973000+00:00,St. Gallen,local,ch:1:sloid:74095,"St. Gallen, Bahnhof",ch:1:sloid:74095:0:888081,2026-10-01,ch:1:sjyid:100684:SKI-12039,bus,Bus,12,12,12039,"St. Gallen, Bahnhof",Abtwil SG Sonnenberg,F,,2026-10-01 14:58:00+00:00,2026-10-01 14:58:00+00:00,,True,0.0,2026-10-01 16:45:18.973000+02:00,2026-10-01 16:58:00+02:00,2026-10-01 16:58:00+02:00,2026-10-01,16,Thursday,False,12.683783333333334
20261001_144511,2026-10-01 14:45:19.464000+00:00,Lausanne,local,ch:1:sloid:92050,"Lausanne, gare",ch:1:sloid:92050:0:2893,2026-10-01,ch:1:sjyid:100122:plan1:2026_ATT5-21-50-Semaine-21-9980493,bus,Bus,21,21,21235,"Lausanne, Blécherette",Verrière,A,,2026-10-01 14:26:00+00:00,2026-10-01 14:51:30+00:00,,True,25.5,2026-10-01 16:45:19.464000+02:00,2026-10-01 16:26:00+02:00,2026-10-01 16:51:30+02:00,2026-10-01,16,Thursday,False,-19.3244
20261001_144511,2026-10-01 14:45:19.464000+00:00,Lausanne,local,ch:1:sloid:92050,"Lausanne, gare",ch:1:sloid:92050:0:2892,2026-10-01,ch:1:sjyid:100122:plan1:2026_ATT5-01-50-Semaine-1-10019060,bus,Bus,1,1,1296,"Lausanne, Blécherette",EPFL/Colladon,B,,2026-10-01 14:35:00+00:00,2026-10-01 14:47:24+00:00,,True,12.4,2026-10-01 16:45:19.464000+02:00,2026-10-01 16:35:00+02:00,2026-10-01 16:47:24+02:00,2026-10-01,16,Thursday,False,-10.3244
20261001_144511,2026-10-01 14:45:19.464000+00:00,Lausanne,local,ch:1:sloid:92050,"Lausanne, gare",ch:1:sloid:92050:0:2893,2026-10-01,ch:1:sjyid:100122:plan1:2026_ATT5-21-50-Semaine-21-9980494,bus,Bus,21,21,21236,"Lausanne, Blécherette",Verrière,A,,2026-10-01 14:36:00+00:00,2026-10-01 14:49:54+00:00,,True,13.9,2026-10-01 16:45:19.464000+02:00,2026-10-01 16:36:00+02:00,2026-10-01 16:49:54+02:00,2026-10-01,16,Thursday,False,-9.3244
20261001_144511,2026-10-01 14:45:19.464000+00:00,Lausanne,local,ch:1:sloid:92050,"Lausanne, gare",ch:1:sloid:92050:0:2892,2026-10-01,ch:1:sjyid:100122:plan1:2026_ATT5-01-50-Semaine-1-10019061,bus,Bus,1,1,1297,"Lausanne, Blécherette",EPFL/Colladon,B,,2026-10-01 14:42:00+00:00,2026-10-01 14:47:48+00:00,,True,5.8,2026-10-01 16:45:19.464000+02:00,2026-10-01 16:42:00+02:00,2026-10-01 16:47:48+02:00,2026-10-01,16,Thursday,False,-3.3244
20261001_144511,2026-10-01 14:45:19.464000+00:00,Lausanne,local,ch:1:sloid:92050,"Lausanne, gare",ch:1:sloid:92050:0:2814,2026-10-01,ch:1:sjyid:100122:plan1:2026_ATT5-21-50-Semaine-21-9980471,bus,Bus,21,21,21106,"Paudex, Verrière",Blécherette,D,,2026-10-01 14:43:00+00:00,2026-10-01 14:45:18+00:00,,True,2.3,2026-10-01 16:45:19.464000+02:00,2026-10-01 16:43:00+02:00,2026-10-01 16:45:18+02:00,2026-10-01,16,Thursday,False,-2.3244
20261001_144511,2026-10-01 14:45:19.464000+00:00,Lausanne,local,ch:1:sloid:92050,"Lausanne, gare",ch:1:sloid:92050:0:2893,2026-10-01,ch:1:sjyid:100122:plan1:2026_ATT5-01-50-Semaine-1-10019170,bus,Bus,1,1,1135,"Ecublens VD, EPFL/Colladon",Blécherette,A,,2026-10-01 14:45:00+00:00,2026-10-01 14:49:06+00:00,,True,4.1,2026-10-01 16:45:19.464000+02:00,2026-10-01 16:45:00+02:00,2026-10-01 16:49:06+02:00,2026-10-01,16,Thursday,False,-0.32439999999999997
20261001_144511,2026-10-01 14:45:19.464000+00:00,Lausanne,local,ch:1:sloid:92050,"Lausanne, gare",ch:1:sloid:92050:0:1096,2026-10-01,ch:1:sjyid:100122:plan2:m2_3155,metro,Metro,m2,m2,723155,"Lausanne, gare","Lausanne, Sallaz",,,2026-10-01 14:46:00+00:00,,,False,,2026-10-01 16:45:19.464000+02:00,2026-10-01 16:46:00+02:00,,2026-10-01,16,Thursday,False,0.6756
20261001_144511,2026-10-01 14:45:19.464000+00:00,Lausanne,local,ch:1:sloid:92050,"Lausanne, gare",ch:1:sloid:92050:0:2893,2026-10-01,ch:1:sjyid:100122:plan1:2026_ATT5-21-50-Semaine-21-9980495,bus,Bus,21,21,21237,"Lausanne, Blécherette",Verrière,A,,2026-10-01 14:46:00+00:00,2026-10-01 14:48:30+00:00,,True,2.5,2026-10-01 16:45:19.464000+02:00,2026-10-01 16:46:00+02:00,2026-10-01 16:48:30+02:00,2026-10-01,16,Thursday,False,0.6756
20261001_144511,2026-10-01 14:45:19.464000+00:00,Lausanne,local,ch:1:sloid:92050,"Lausanne, gare",ch:1:sloid:92050:0:1096,2026-10-01,ch:1:sjyid:100122:plan2:m2_0347,metro,Metro,m2,m2,720347,"Lausanne, Ouchy-Olympique","Epalinges, Croisettes",,,2026-10-01 14:47:00+00:00,,,False,,2026-10-01 16:45:19.464000+02:00,2026-10-01 16:47:00+02:00,,2026-10-01,16,Thursday,False,1.6756
20261001_144511,2026-10-01 14:45:19.464000+00:00,Lausanne,local,ch:1:sloid:92050,"Lausanne, gare",ch:1:sloid:92050:0:1101,2026-10-01,ch:1:sjyid:100122:plan2:m2_0088,metro,Metro,m2,m2,720088,"Epalinges, Croisettes","Lausanne, Ouchy-Olympique",,,2026-10-01 14:48:00+00:00,,,False,,2026-10-01 16:45:19.464000+02:00,2026-10-01 16:48:00+02:00,,2026-10-01,16,Thursday,False,2.6756
20261001_144511,2026-10-01 14:45:19.464000+00:00,Lausanne,local,ch:1:sloid:92050,"Lausanne, gare",ch:1:sloid:92050:0:2892,2026-10-01,ch:1:sjyid:100122:plan1:2026_ATT5-01-50-Semaine-1-10019185,bus,Bus,1,1,1298,"Lausanne, Blécherette",EPFL/Colladon,B,,2026-10-01 14:49:00+00:00,2026-10-01 14:52:36+00:00,,True,3.6,2026-10-01 16:45:19.464000+02:00,2026-10-01 16:49:00+02:00,2026-10-01 16:52:36+02:00,2026-10-01,16,Thursday,False,3.6756
20261001_144511,2026-10-01 14:45:19.464000+00:00,Lausanne,local,ch:1:sloid:92050,"Lausanne, gare",ch:1:sloid:92050:0:2815,2026-10-01,ch:1:sjyid:100122:plan1:2026_ATT5-20-50-Semaine-20-9969543,bus,Bus,20,20,20062,"Lausanne, gare",Blécherette,C,,2026-10-01 14:49:00+00:00,2026-10-01 14:51:12+00:00,,True,2.2,2026-10-01 16:45:19.464000+02:00,2026-10-01 16:49:00+02:00,2026-10-01 16:51:12+02:00,2026-10-01,16,Thursday,False,3.6756
20261001_144511,2026-10-01 14:45:19.464000+00:00,Lausanne,local,ch:1:sloid:92050,"Lausanne, gare",ch:1:sloid:92050:0:1096,2026-10-01,ch:1:sjyid:100122:plan2:m2_3181,metro,Metro,m2,m2,723181,"Lausanne, gare","Lausanne, Sallaz",,,2026-10-01 14:50:00+00:00,,,False,,2026-10-01 16:45:19.464000+02:00,2026-10-01 16:50:00+02:00,,2026-10-01,16,Thursday,False,4.6756
20261001_144511,2026-10-01 14:45:19.464000+00:00,Lausanne,local,ch:1:sloid:92050,"Lausanne, gare",ch:1:sloid:92050:0:2814,2026-10-01,ch:1:sjyid:100122:plan1:2026_ATT2-03-20-Semaine-3-9715690,bus,Bus,3,3,3084,"Lausanne, gare",Maillefer,D,,2026-10-01 14:50:00+00:00,2026-10-01 14:52:18+00:00,,True,2.3,2026-10-01 16:45:19.464000+02:00,2026-10-01 16:50:00+02:00,2026-10-01 16:52:18+02:00,2026-10-01,16,Thursday,False,4.6756
20261001_144511,2026-10-01 14:45:19.464000+00:00,Lausanne,local,ch:1:sloid:92050,"Lausanne, gare",ch:1:sloid:92050:0:2893,2026-10-01,ch:1:sjyid:100122:plan1:2026_ATT5-01-50-Semaine-1-10019171,bus,Bus,1,1,1136,"Ecublens VD, EPFL/Colladon",Blécherette,A,,2026-10-01 14:51:00+00:00,2026-10-01 14:54:18+00:00,,True,3.3,2026-10-01 16:45:19.464000+02:00,2026-10-01 16:51:00+02:00,2026-10-01 16:54:18+02:00,2026-10-01,16,Thursday,False,5.6756
20261001_144511,2026-10-01 14:45:19.464000+00:00,Lausanne,local,ch:1:sloid:92050,"Lausanne, gare",ch:1:sloid:92050:0:1096,2026-10-01,ch:1:sjyid:100122:plan2:m2_0479,metro,Metro,m2,m2,720479,"Lausanne, Ouchy-Olympique","Epalinges, Croisettes",,,2026-10-01 14:52:00+00:00,,,False,,2026-10-01 16:45:19.464000+02:00,2026-10-01 16:52:00+02:00,,2026-10-01,16,Thursday,False,6.6756
20261001_144511,2026-10-01 14:45:19.464000+00:00,Lausanne,local,ch:1:sloid:92050,"Lausanne, gare",ch:1:sloid:92050:0:2814,2026-10-01,ch:1:sjyid:100122:plan1:2026_ATT5-21-50-Semaine-21-9980472,bus,Bus,21,21,21107,"Paudex, Verrière",Blécherette,D,,2026-10-01 14:52:00+00:00,2026-10-01 14:57:12+00:00,,True,5.2,2026-10-01 16:45:19.464000+02:00,2026-10-01 16:52:00+02:00,2026-10-01 16:57:12+02:00,2026-10-01,16,Thursday,False,6.6756
20261001_144511,2026-10-01 14:45:19.464000+00:00,Lausanne,local,ch:1:sloid:92050,"Lausanne, gare",ch:1:sloid:92050:0:1101,2026-10-01,ch:1:sjyid:100122:plan2:m2_0142,metro,Metro,m2,m2,720142,"Epalinges, Croisettes","Lausanne, Ouchy-Olympique",,,2026-10-01 14:52:00+00:00,,,False,,2026-10-01 16:45:19.464000+02:00,2026-10-01 16:52:00+02:00,,2026-10-01,16,Thursday,False,6.6756
20261001_144511,2026-10-01 14:45:19.464000+00:00,Lausanne,local,ch:1:sloid:92050,"Lausanne, gare",ch:1:sloid:92050:0:1096,2026-10-01,ch:1:sjyid:100122:plan2:m2_3011,metro,Metro,m2,m2,723011,"Lausanne, gare","Lausanne, Sallaz",,,2026-10-01 14:54:00+00:00,,,False,,2026-10-01 16:45:19.464000+02:00,2026-10-01 16:54:00+02:00,,2026-10-01,16,Thursday,False,8.6756
20261001_144511,2026-10-01 14:45:19.464000+00:00,Lausanne,local,ch:1:sloid:92050,"Lausanne, gare",ch:1:sloid:92050:0:1096,2026-10-01,ch:1:sjyid:100122:plan2:m2_0035,metro,Metro,m2,m2,720035,"Lausanne, Ouchy-Olympique","Epalinges, Croisettes",,,2026-10-01 14:56:00+00:00,,,False,,2026-10-01 16:45:19.464000+02:00,2026-10-01 16:56:00+02:00,,2026-10-01,16,Thursday,False,10.6756
20261001_144511,2026-10-01 14:45:19.464000+00:00,Lausanne,local,ch:1:sloid:92050,"Lausanne, gare",ch:1:sloid:92050:0:1101,2026-10-01,ch:1:sjyid:100122:plan2:m2_0250,metro,Metro,m2,m2,720250,"Epalinges, Croisettes","Lausanne, Ouchy-Olympique",,,2026-10-01 14:56:00+00:00,,,False,,2026-10-01 16:45:19.464000+02:00,2026-10-01 16:56:00+02:00,,2026-10-01,16,Thursday,False,10.6756
20261001_144511,2026-10-01 14:45:19.464000+00:00,Lausanne,local,ch:1:sloid:92050,"Lausanne, gare",ch:1:sloid:92050:0:2893,2026-10-01,ch:1:sjyid:100122:plan1:2026_ATT5-21-50-Semaine-21-9980496,bus,Bus,21,21,21238,"Lausanne, Blécherette",Verrière,A,,2026-10-01 14:56:00+00:00,2026-10-01 14:59:42+00:00,,True,3.7,2026-10-01 16:45:19.464000+02:00,2026-10-01 16:56:00+02:00,2026-10-01 16:59:42+02:00,2026-10-01,16,Thursday,False,10.6756
20261001_144511,2026-10-01 14:45:19.464000+00:00,Lausanne,local,ch:1:sloid:92050,"Lausanne, gare",ch:1:sloid:92050:0:2892,2026-10-01,ch:1:sjyid:100122:plan1:2026_ATT5-01-50-Semaine-1-10019186,bus,Bus,1,1,1299,"Lausanne, Blécherette",EPFL/Colladon,B,,2026-10-01 14:57:00+00:00,2026-10-01 15:01:12+00:00,,True,4.2,2026-10-01 16:45:19.464000+02:00,2026-10-01 16:57:00+02:00,2026-10-01 17:01:12+02:00,2026-10-01,16,Thursday,False,11.6756
20261001_144511,2026-10-01 14:45:19.464000+00:00,Lausanne,local,ch:1:sloid:92050,"Lausanne, gare",ch:1:sloid:92050:0:2893,2026-10-01,ch:1:sjyid:100122:plan1:2026_ATT5-01-50-Semaine-1-10019172,bus,Bus,1,1,1137,"Ecublens VD, EPFL/Colladon",Blécherette,A,,2026-10-01 14:58:00+00:00,2026-10-01 15:02:12+00:00,,True,4.2,2026-10-01 16:45:19.464000+02:00,2026-10-01 16:58:00+02:00,2026-10-01 17:02:12+02:00,2026-10-01,16,Thursday,False,12.6756
20261001_144511,2026-10-01 14:45:19.464000+00:00,Lausanne,local,ch:1:sloid:92050,"Lausanne, gare",ch:1:sloid:92050:0:1096,2026-10-01,ch:1:sjyid:100122:plan2:m2_3205,metro,Metro,m2,m2,723205,"Lausanne, gare","Lausanne, Sallaz",,,2026-10-01 14:59:00+00:00,,,False,,2026-10-01 16:45:19.464000+02:00,2026-10-01 16:59:00+02:00,,2026-10-01,16,Thursday,False,13.6756
20261001_144511,2026-10-01 14:45:19.464000+00:00,Lausanne,local,ch:1:sloid:92050,"Lausanne, gare",ch:1:sloid:92050:0:1096,2026-10-01,ch:1:sjyid:100122:plan2:m2_0089,metro,Metro,m2,m2,720089,"Lausanne, Ouchy-Olympique","Epalinges, Croisettes",,,2026-10-01 15:00:00+00:00,,,False,,2026-10-01 16:45:19.464000+02:00,2026-10-01 17:00:00+02:00,,2026-10-01,17,Thursday,False,14.6756
20261001_144511,2026-10-01 14:45:19.464000+00:00,Lausanne,local,ch:1:sloid:92050,"Lausanne, gare",ch:1:sloid:92050:0:2814,2026-10-01,ch:1:sjyid:100122:plan1:2026_ATT2-03-20-Semaine-3-9715691,bus,Bus,3,3,3085,"Lausanne, gare",Maillefer,D,,2026-10-01 15:00:00+00:00,2026-10-01 15:00:00+00:00,,True,0.0,2026-10-01 16:45:19.464000+02:00,2026-10-01 17:00:00+02:00,2026-10-01 17:00:00+02:00,2026-10-01,17,Thursday,False,14.6756
20261001_144511,2026-10-01 14:45:19.464000+00:00,Lausanne,local,ch:1:sloid:92050,"Lausanne, gare",ch:1:sloid:92050:0:2815,2026-10-01,ch:1:sjyid:100122:plan1:2026_ATT5-20-50-Semaine-20-9969544,bus,Bus,20,20,20063,"Lausanne, gare",Blécherette,C,,2026-10-01 15:01:00+00:00,2026-10-01 15:01:00+00:00,,True,0.0,2026-10-01 16:45:19.464000+02:00,2026-10-01 17:01:00+02:00,2026-10-01 17:01:00+02:00,2026-10-01,17,Thursday,False,15.6756
20261001_144511,2026-10-01 14:45:19.464000+00:00,Lausanne,local,ch:1:sloid:92050,"Lausanne, gare",ch:1:sloid:92050:0:1101,2026-10-01,ch:1:sjyid:100122:plan2:m2_0304,metro,Metro,m2,m2,720304,"Epalinges, Croisettes","Lausanne, Ouchy-Olympique",,,2026-10-01 15:01:00+00:00,,,False,,2026-10-01 16:45:19.464000+02:00,2026-10-01 17:01:00+02:00,,2026-10-01,17,Thursday,False,15.6756
20261001_144511,2026-10-01 14:45:19.464000+00:00,Lausanne,local,ch:1:sloid:92050,"Lausanne, gare",ch:1:sloid:92050:0:2814,2026-10-01,ch:1:sjyid:100122:plan1:2026_ATT5-21-50-Semaine-21-9980473,bus,Bus,21,21,21108,"Paudex, Verrière",Blécherette,D,,2026-10-01 15:02:00+00:00,2026-10-01 15:10:36+00:00,,True,8.6,2026-10-01 16:45:19.464000+02:00,2026-10-01 17:02:00+02:00,2026-10-01 17:10:36+02:00,2026-10-01,17,Thursday,False,16.6756
20261001_144511,2026-10-01 14:45:19.954000+00:00,Genève,local,ch:1:sloid:87057,"Genève, gare Cornavin",ch:1:sloid:87057:0:50679,2026-10-01,ch:1:sjyid:100680:HAS-26-08-20-13-Lun-Ven-35205839,bus,Bus,8,8,646216,"Veyrier, douane",Palexpo,J,,2026-10-01 14:17:00+00:00,2026-10-01 14:17:00+00:00,,True,0.0,2026-10-01 16:45:19.954000+02:00,2026-10-01 16:17:00+02:00,2026-10-01 16:17:00+02:00,2026-10-01,16,Thursday,False,-28.332566666666665
20261001_144511,2026-10-01 14:45:19.954000+00:00,Genève,local,ch:1:sloid:87057,"Genève, gare Cornavin",ch:1:sloid:87057:0:233278,2026-10-01,ch:1:sjyid:100680:HAS-26-18-10-Lun-Ven-35075138,tram,Tram,18,18,846271,"Meyrin, CERN",Palettes,I,,2026-10-01 14:40:00+00:00,2026-10-01 14:49:54+00:00,,True,9.9,2026-10-01 16:45:19.954000+02:00,2026-10-01 16:40:00+02:00,2026-10-01 16:49:54+02:00,2026-10-01,16,Thursday,False,-5.332566666666667
20261001_144511,2026-10-01 14:45:19.954000+00:00,Genève,local,ch:1:sloid:87057,"Genève, gare Cornavin",ch:1:sloid:87057:0:589555,2026-10-01,ch:1:sjyid:100680:HAS-26-10-0-Lun-Ven-33819168,bus,Bus,10,10,552152,"Genève-Aéroport, Terminal",Rive,L,,2026-10-01 14:40:00+00:00,2026-10-01 14:45:30+00:00,,True,5.5,2026-10-01 16:45:19.954000+02:00,2026-10-01 16:40:00+02:00,2026-10-01 16:45:30+02:00,2026-10-01,16,Thursday,False,-5.332566666666667
20261001_144511,2026-10-01 14:45:19.954000+00:00,Genève,local,ch:1:sloid:87057,"Genève, gare Cornavin",ch:1:sloid:87057:0:651350,2026-10-01,ch:1:sjyid:100680:HAS-26-08-20-13-Lun-Ven-35206032,bus,Bus,20,20,646344,"Bellevue GE, Valavran",Veyrier-Tournettes,B,,2026-10-01 14:43:00+00:00,2026-10-01 14:45:18+00:00,,True,2.3,2026-10-01 16:45:19.954000+02:00,2026-10-01 16:43:00+02:00,2026-10-01 16:45:18+02:00,2026-10-01,16,Thursday,False,-2.3325666666666667
20261001_144511,2026-10-01 14:45:19.954000+00:00,Genève,local,ch:1:sloid:87057,"Genève, gare Cornavin",ch:1:sloid:87057:0:783875,2026-10-01,ch:1:sjyid:100680:HAS-26-015925-70-Lun-Ven-35914475,bus,Bus,9,9,698702,"Thônex, Belle-Terre Pl. Araire",Lignon-Tours,K,,2026-10-01 14:44:00+00:00,2026-10-01 14:46:12+00:00,,True,2.2,2026-10-01 16:45:19.954000+02:00,2026-10-01 16:44:00+02:00,2026-10-01 16:46:12+02:00,2026-10-01,16,Thursday,False,-1.3325666666666665
20261001_144511,2026-10-01 14:45:19.954000+00:00,Genève,local,ch:1:sloid:87057,"Genève, gare Cornavin",ch:1:sloid:87057:0:589555,2026-10-01,ch:1:sjyid:100680:HAS-26-015925-70-Lun-Ven-35914561,bus,Bus,9,9,698788,"Vernier, Lignon Tours",Belle-Terre-Place-de-l'Araire,L,,2026-10-01 14:45:00+00:00,2026-10-01 14:46:54+00:00,,True,1.9,2026-10-01 16:45:19.954000+02:00,2026-10-01 16:45:00+02:00,2026-10-01 16:46:54+02:00,2026-10-01,16,Thursday,False,-0.3325666666666667
20261001_144511,2026-10-01 14:45:19.954000+00:00,Genève,local,ch:1:sloid:87057,"Genève, gare Cornavin",ch:1:sloid:87057:0:46188,2026-10-01,ch:1:sjyid:100680:HAS-26-015925-70-Lun-Ven-35914138,bus,Bus,1,1,698513,"Genève, Jardin Botanique",Hôpital Trois-Chêne,D,,2026-10-01 14:45:00+00:00,2026-10-01 14:45:36+00:00,,True,0.6,2026-10-01 16:45:19.954000+02:00,2026-10-01 16:45:00+02:00,2026-10-01 16:45:36+02:00,2026-10-01,16,Thursday,False,-0.3325666666666667
20261001_144511,2026-10-01 14:45:19.954000+00:00,Genève,local,ch:1:sloid:87057,"Genève, gare Cornavin",ch:1:sloid:87057:0:408265,2026-10-01,ch:1:sjyid:100680:HAS-26-015925-70-Lun-Ven-35913922,bus,Bus,25,25,698298,"Thônex, Vallard",Jardin Botanique,E,,2026-10-01 14:45:00+00:00,2026-10-01 14:47:54+00:00,,True,2.9,2026-10-01 16:45:19.954000+02:00,2026-10-01 16:45:00+02:00,2026-10-01 16:47:54+02:00,2026-10-01,16,Thursday,False,-0.3325666666666667
20261001_144511,2026-10-01 14:45:19.954000+00:00,Genève,local,ch:1:sloid:87057,"Genève, gare Cornavin",ch:1:sloid:87057:0:50679,2026-10-01,ch:1:sjyid:100680:HAS-26-08-20-13-Lun-Ven-35206067,bus,Bus,20,20,646379,"Veyrier, Tournettes",Valavran,J,,2026-10-01 14:45:00+00:00,2026-10-01 14:56:06+00:00,,True,11.1,2026-10-01 16:45:19.954000+02:00,2026-10-01 16:45:00+02:00,2026-10-01 16:56:06+02:00,2026-10-01,16,Thursday,False,-0.3325666666666667
20261001_144511,2026-10-01 14:45:19.954000+00:00,Genève,local,ch:1:sloid:87057,"Genève, gare Cornavin",ch:1:sloid:87057:0:783875,2026-10-01,ch:1:sjyid:100680:HAS-26-02-06-19-1-Lun-Ven-34651985,bus,Bus,19,19,616898,"Onex, cité",Vernier-Village,K,,2026-10-01 14:45:00+00:00,2026-10-01 14:46:06+00:00,,True,1.1,2026-10-01 16:45:19.954000+02:00,2026-10-01 16:45:00+02:00,2026-10-01 16:46:06+02:00,2026-10-01,16,Thursday,False,-0.3325666666666667
20261001_144511,2026-10-01 14:45:19.954000+00:00,Genève,local,ch:1:sloid:87057,"Genève, gare Cornavin",ch:1:sloid:87057:0:698638,2026-10-01,ch:1:sjyid:100680:HAS-26-03-0-Lun-Ven-33838425,bus,Bus,3,3,554721,"Genève, Crêts-de-Champel",Gardiol,F,,2026-10-01 14:46:00+00:00,2026-10-01 14:47:42+00:00,,True,1.7,2026-10-01 16:45:19.954000+02:00,2026-10-01 16:46:00+02:00,2026-10-01 16:47:42+02:00,2026-10-01,16,Thursday,False,0.6674333333333333
20261001_144511,2026-10-01 14:45:19.954000+00:00,Genève,local,ch:1:sloid:87057,"Genève, gare Cornavin",ch:1:sloid:87057:0:408265,2026-10-01,ch:1:sjyid:100680:HAS-26-15-10-Lun-Ven-35076325,tram,Tram,15,15,847456,"Plan-les-Ouates, ZIPLO",Nations,E,,2026-10-01 14:47:00+00:00,2026-10-01 14:46:48+00:00,,True,-0.2,2026-10-01 16:45:19.954000+02:00,2026-10-01 16:47:00+02:00,2026-10-01 16:46:48+02:00,2026-10-01,16,Thursday,False,1.6674333333333335
20261001_144511,2026-10-01 14:45:19.954000+00:00,Genève,local,ch:1:sloid:87057,"Genève, gare Cornavin",ch:1:sloid:87057:0:233278,2026-10-01,ch:1:sjyid:100680:HAS-26-14-10-Lun-Ven-35075351,tram,Tram,14,14,846482,"Meyrin, Gravière",Bernex-Vailly,I,,2026-10-01 14:47:00+00:00,2026-10-01 14:47:12+00:00,,True,0.2,2026-10-01 16:45:19.954000+02:00,2026-10-01 16:47:00+02:00,2026-10-01 16:47:12+02:00,2026-10-01,16,Thursday,False,1.6674333333333335
20261001_144511,2026-10-01 14:45:19.954000+00:00,Genève,local,ch:1:sloid:87057,"Genève, gare Cornavin",ch:1:sloid:87057:0:589555,2026-10-01,ch:1:sjyid:100680:HAS-26-02-06-19-1-Lun-Ven-34652023,bus,Bus,19,19,616936,"Vernier, village",Onex-Cité,L,,2026-10-01 14:47:00+00:00,2026-10-01 14:47:18+00:00,,True,0.3,2026-10-01 16:45:19.954000+02:00,2026-10-01 16:47:00+02:00,2026-10-01 16:47:18+02:00,2026-10-01,16,Thursday,False,1.6674333333333335
20261001_144511,2026-10-01 14:45:19.954000+00:00,Genève,local,ch:1:sloid:87057,"Genève, gare Cornavin",ch:1:sloid:87057:0:589555,2026-10-01,ch:1:sjyid:100680:HAS-26-10-0-Lun-Ven-33819167,bus,Bus,10,10,552151,"Genève-Aéroport, Terminal",Rive,L,,2026-10-01 14:48:00+00:00,2026-10-01 14:50:42+00:00,,True,2.7,2026-10-01 16:45:19.954000+02:00,2026-10-01 16:48:00+02:00,2026-10-01 16:50:42+02:00,2026-10-01,16,Thursday,False,2.6674333333333333
20261001_144511,2026-10-01 14:45:19.954000+00:00,Genève,local,ch:1:sloid:87057,"Genève, gare Cornavin",ch:1:sloid:87057:0:89811,2026-10-01,ch:1:sjyid:100680:HAS-26-14-10-Lun-Ven-35075316,tram,Tram,14,14,846447,"Bernex, Vailly",Meyrin-Gravière,H,,2026-10-01 14:48:00+00:00,2026-10-01 14:45:54+00:00,,True,-2.1,2026-10-01 16:45:19.954000+02:00,2026-10-01 16:48:00+02:00,2026-10-01 16:45:54+02:00,2026-10-01,16,Thursday,False,2.6674333333333333
20261001_144511,2026-10-01 14:45:19.954000+00:00,Genève,local,ch:1:sloid:87057,"Genève, gare Cornavin",ch:1:sloid:87057:0:50679,2026-10-01,ch:1:sjyid:100680:HAS-26-015925-70-Lun-Ven-35913683,bus,Bus,5,5,698098,"Thônex, Vallard",Genève-Aéroport-Terminal,J,,2026-10-01 14:48:00+00:00,2026-10-01 14:46:18+00:00,,True,-1.7,2026-10-01 16:45:19.954000+02:00,2026-10-01 16:48:00+02:00,2026-10-01 16:46:18+02:00,2026-10-01,16,Thursday,False,2.6674333333333333
20261001_144511,2026-10-01 14:45:19.954000+00:00,Genève,local,ch:1:sloid:87057,"Genève, gare Cornavin",ch:1:sloid:87057:0:50679,2026-10-01,ch:1:sjyid:100680:HAS-26-60-61-70-Lun-Ven-35376430,bus,Bus,61,61,693541,"Genève, gare Cornavin",Gex-L'Aiglette,J,,2026-10-01 14:48:00+00:00,2026-10-01 14:48:00+00:00,,True,0.0,2026-10-01 16:45:19.954000+02:00,2026-10-01 16:48:00+02:00,2026-10-01 16:48:00+02:00,2026-10-01,16,Thursday,False,2.6674333333333333
20261001_144511,2026-10-01 14:45:19.954000+00:00,Genève,local,ch:1:sloid:87057,"Genève, gare Cornavin",ch:1:sloid:87057:0:973093,2026-10-01,ch:1:sjyid:100680:HAS-26-08-20-13-Lun-Ven-35205767,bus,Bus,8,8,646144,"Grand-Saconnex, Palexpo",Veyrier-Douane,C,,2026-10-01 14:49:00+00:00,2026-10-01 14:53:54+00:00,,True,4.9,2026-10-01 16:45:19.954000+02:00,2026-10-01 16:49:00+02:00,2026-10-01 16:53:54+02:00,2026-10-01,16,Thursday,False,3.6674333333333333
20261001_144511,2026-10-01 14:45:19.954000+00:00,Genève,local,ch:1:sloid:87057,"Genève, gare Cornavin",ch:1:sloid:87057:0:46188,2026-10-01,ch:1:sjyid:100680:HAS-26-15-10-Lun-Ven-35076331,tram,Tram,15,15,847462,"Genève, Nations",ZIPLO,D,,2026-10-01 14:49:00+00:00,2026-10-01 14:49:12+00:00,,True,0.2,2026-10-01 16:45:19.954000+02:00,2026-10-01 16:49:00+02:00,2026-10-01 16:49:12+02:00,2026-10-01,16,Thursday,False,3.6674333333333333
20261001_144511,2026-10-01 14:45:19.954000+00:00,Genève,local,ch:1:sloid:87057,"Genève, gare Cornavin",ch:1:sloid:87057:0:408265,2026-10-01,ch:1:sjyid:100680:HAS-26-015925-70-Lun-Ven-35914196,bus,Bus,1,1,698571,"Thônex, Hôpital Trois-Chêne",Jardin Botanique,E,,2026-10-01 14:49:00+00:00,2026-10-01 14:48:42+00:00,,True,-0.3,2026-10-01 16:45:19.954000+02:00,2026-10-01 16:49:00+02:00,2026-10-01 16:48:42+02:00,2026-10-01,16,Thursday,False,3.6674333333333333
20261001_144511,2026-10-01 14:45:19.954000+00:00,Genève,local,ch:1:sloid:87057,"Genève, gare Cornavin",ch:1:sloid:87057:0:783875,2026-10-01,ch:1:sjyid:100680:HAS-26-10-0-Lun-Ven-33819158,bus,Bus,10,10,552142,"Genève, Rive",Genève-Aéroport-Terminal,K,,2026-10-01 14:49:00+00:00,2026-10-01 14:48:48+00:00,,True,-0.2,2026-10-01 16:45:19.954000+02:00,2026-10-01 16:49:00+02:00,2026-10-01 16:48:48+02:00,2026-10-01,16,Thursday,False,3.6674333333333333
20261001_144511,2026-10-01 14:45:19.954000+00:00,Genève,local,ch:1:sloid:87057,"Genève, gare Cornavin",ch:1:sloid:87057:0:233278,2026-10-01,ch:1:sjyid:100680:HAS-26-18-10-Lun-Ven-35075153,tram,Tram,18,18,846286,"Meyrin, CERN",Palettes,I,,2026-10-01 14:50:00+00:00,2026-10-01 14:56:00+00:00,,True,6.0,2026-10-01 16:45:19.954000+02:00,2026-10-01 16:50:00+02:00,2026-10-01 16:56:00+02:00,2026-10-01,16,Thursday,False,4.667433333333333
20261001_144511,2026-10-01 14:45:19.954000+00:00,Genève,local,ch:1:sloid:87057,"Genève, gare Cornavin",ch:1:sloid:87057:0:50679,2026-10-01,ch:1:sjyid:100680:HAS-26-08-20-13-Lun-Ven-35205836,bus,Bus,8,8,646213,"Veyrier, douane",Palexpo,J,,2026-10-01 14:50:00+00:00,2026-10-01 15:05:42+00:00,,True,15.7,2026-10-01 16:45:19.954000+02:00,2026-10-01 16:50:00+02:00,2026-10-01 17:05:42+02:00,2026-10-01,16,Thursday,False,4.667433333333333
20261001_144511,2026-10-01 14:45:19.954000+00:00,Genève,local,ch:1:sloid:87057,"Genève, gare Cornavin",ch:1:sloid:87057:0:89811,2026-10-01,ch:1:sjyid:100680:HAS-26-18-10-Lun-Ven-35075129,tram,Tram,18,18,846262,"Grand-Lancy, Palettes",CERN,H,,2026-10-01 14:50:00+00:00,2026-10-01 14:49:30+00:00,,True,-0.5,2026-10-01 16:45:19.954000+02:00,2026-10-01 16:50:00+02:00,2026-10-01 16:49:30+02:00,2026-10-01,16,Thursday,False,4.667433333333333
20261001_144511,2026-10-01 14:45:19.954000+00:00,Genève,local,ch:1:sloid:87057,"Genève, gare Cornavin",ch:1:sloid:87057:0:783875,2026-10-01,ch:1:sjyid:100680:HAS-26-02-06-19-1-Lun-Ven-34651983,bus,Bus,6,6,616896,"Genève, Plage",Vernier-Village,K,,2026-10-01 14:50:00+00:00,2026-10-01 14:47:54+00:00,,True,-2.1,2026-10-01 16:45:19.954000+02:00,2026-10-01 16:50:00+02:00,2026-10-01 16:47:54+02:00,2026-10-01,16,Thursday,False,4.667433333333333
20261001_144511,2026-10-01 14:45:19.954000+00:00,Genève,local,ch:1:sloid:87057,"Genève, gare Cornavin",ch:1:sloid:87057:0:783875,2026-10-01,ch:1:sjyid:100680:HAS-26-015925-70-Lun-Ven-35914469,bus,Bus,9,9,698696,"Thônex, Belle-Terre Pl. Araire",Lignon-Tours,K,,2026-10-01 14:51:00+00:00,2026-10-01 14:51:06+00:00,,True,0.1,2026-10-01 16:45:19.954000+02:00,2026-10-01 16:51:00+02:00,2026-10-01 16:51:06+02:00,2026-10-01,16,Thursday,False,5.667433333333333
20261001_144511,2026-10-01 14:45:19.954000+00:00,Genève,local,ch:1:sloid:87057,"Genève, gare Cornavin",ch:1:sloid:87057:0:408265,2026-10-01,ch:1:sjyid:100680:HAS-26-15-10-Lun-Ven-35076342,tram,Tram,15,15,847473,"Plan-les-Ouates, ZIPLO",Nations,E,,2026-10-01 14:52:00+00:00,2026-10-01 14:54:36+00:00,,True,2.6,2026-10-01 16:45:19.954000+02:00,2026-10-01 16:52:00+02:00,2026-10-01 16:54:36+02:00,2026-10-01,16,Thursday,False,6.667433333333333
20261001_144511,2026-10-01 14:45:19.954000+00:00,Genève,local,ch:1:sloid:87057,"Genève, gare Cornavin",ch:1:sloid:87057:0:589555,2026-10-01,ch:1:sjyid:100680:HAS-26-02-06-19-1-Lun-Ven-34652017,bus,Bus,6,6,616930,"Vernier, village",Genève-Plage,L,,2026-10-01 14:52:00+00:00,2026-10-01 14:54:48+00:00,,True,2.8,2026-10-01 16:45:19.954000+02:00,2026-10-01 16:52:00+02:00,2026-10-01 16:54:48+02:00,2026-10-01,16,Thursday,False,6.667433333333333
20261001_144511,2026-10-01 14:45:20.526000+00:00,Lugano,local,ch:1:sloid:5380,"Lugano, Stazione",ch:1:sloid:5380::407001,2026-10-01,ch:1:sjyid:100754:1be8543d-899e-464b-803c-68fec750e89a,bus,Bus,2,2,2194,"Castagnola, Capolinea","Paradiso, Carzo",A,,2026-10-01 14:35:00+00:00,2026-10-01 14:47:06+00:00,,True,12.1,2026-10-01 16:45:20.526000+02:00,2026-10-01 16:35:00+02:00,2026-10-01 16:47:06+02:00,2026-10-01,16,Thursday,False,-10.342099999999999
20261001_144511,2026-10-01 14:45:20.526000+00:00,Lugano,local,ch:1:sloid:5380,"Lugano, Stazione",ch:1:sloid:5380::407002,2026-10-01,ch:1:sjyid:100754:cf66f185-6814-4ab3-ac0b-53b58b3ff48a,bus,Bus,4,4,4173,"Lugano, Centro","Canobbio, Ganna",B,,2026-10-01 14:44:00+00:00,2026-10-01 14:46:18+00:00,,True,2.3,2026-10-01 16:45:20.526000+02:00,2026-10-01 16:44:00+02:00,2026-10-01 16:46:18+02:00,2026-10-01,16,Thursday,False,-1.3420999999999998
20261001_144511,2026-10-01 14:45:20.526000+00:00,Lugano,local,ch:1:sloid:5380,"Lugano, Stazione",ch:1:sloid:5380::407001,2026-10-01,ch:1:sjyid:100754:c6b2902e-b49f-4e8b-ab0e-4eefd553784b,bus,Bus,4,4,4178,"Canobbio, Ganna","Lugano, Centro",A,,2026-10-01 14:46:00+00:00,2026-10-01 14:51:24+00:00,,True,5.4,2026-10-01 16:45:20.526000+02:00,2026-10-01 16:46:00+02:00,2026-10-01 16:51:24+02:00,2026-10-01,16,Thursday,False,0.6578999999999999
20261001_144511,2026-10-01 14:45:20.526000+00:00,Lugano,local,ch:1:sloid:5380,"Lugano, Stazione",ch:1:sloid:5380::407001,2026-10-01,ch:1:sjyid:100754:34d14030-c1b0-4520-be4e-f6ad1b91e890,bus,Bus,6,6,6193,"Lugano, Stazione","Lugano, Cornaredo",A,,2026-10-01 14:50:00+00:00,2026-10-01 14:50:00+00:00,,True,0.0,2026-10-01 16:45:20.526000+02:00,2026-10-01 16:50:00+02:00,2026-10-01 16:50:00+02:00,2026-10-01,16,Thursday,False,4.6579
20261001_144511,2026-10-01 14:45:20.526000+00:00,Lugano,local,ch:1:sloid:5380,"Lugano, Stazione",ch:1:sloid:5380::407001,2026-10-01,ch:1:sjyid:100754:fa4a4232-53e7-4e37-b6b8-1b38d14a518a,bus,Bus,2,2,2200,"Castagnola, Capolinea","Paradiso, Carzo",A,,2026-10-01 14:50:00+00:00,2026-10-01 14:53:48+00:00,,True,3.8,2026-10-01 16:45:20.526000+02:00,2026-10-01 16:50:00+02:00,2026-10-01 16:53:48+02:00,2026-10-01,16,Thursday,False,4.6579
20261001_144511,2026-10-01 14:45:20.526000+00:00,Lugano,local,ch:1:sloid:5380,"Lugano, Stazione",ch:1:sloid:5380::407002,2026-10-01,ch:1:sjyid:100754:50a179a3-92c6-41ac-93dc-c6f2acbb5f61,bus,Bus,4,4,4177,"Lugano, Centro","Canobbio, Ganna",B,,2026-10-01 14:59:00+00:00,2026-10-01 15:01:18+00:00,,True,2.3,2026-10-01 16:45:20.526000+02:00,2026-10-01 16:59:00+02:00,2026-10-01 17:01:18+02:00,2026-10-01,16,Thursday,False,13.657900000000001
20261001_144511,2026-10-01 14:45:20.526000+00:00,Lugano,local,ch:1:sloid:5380,"Lugano, Stazione",ch:1:sloid:5380::407001,2026-10-01,ch:1:sjyid:100754:9c7125a6-c292-4d2b-b300-d7dc356bcd59,bus,Bus,6,6,6197,"Lugano, Stazione","Lugano, Cornaredo",A,,2026-10-01 15:00:00+00:00,2026-10-01 15:00:00+00:00,,True,0.0,2026-10-01 16:45:20.526000+02:00,2026-10-01 17:00:00+02:00,2026-10-01 17:00:00+02:00,2026-10-01,17,Thursday,False,14.657900000000001
20261001_144511,2026-10-01 14:45:20.526000+00:00,Lugano,local,ch:1:sloid:5380,"Lugano, Stazione",ch:1:sloid:5380::407001,2026-10-01,ch:1:sjyid:100754:85b577cd-01d9-49d8-8b8c-d7905745c45d,bus,Bus,4,4,4182,"Canobbio, Ganna","Lugano, Centro",A,,2026-10-01 15:01:00+00:00,2026-10-01 15:01:00+00:00,,True,0.0,2026-10-01 16:45:20.526000+02:00,2026-10-01 17:01:00+02:00,2026-10-01 17:01:00+02:00,2026-10-01,17,Thursday,False,15.657900000000001
20261001_144511,2026-10-01 14:45:20.526000+00:00,Lugano,local,ch:1:sloid:5380,"Lugano, Stazione",ch:1:sloid:5380::407001,2026-10-01,ch:1:sjyid:100754:ea274c3c-7191-4fd9-b814-4803d9456f3c,bus,Bus,2,2,2206,"Castagnola, Capolinea","Paradiso, Carzo",A,,2026-10-01 15:05:00+00:00,2026-10-01 15:05:00+00:00,,True,0.0,2026-10-01 16:45:20.526000+02:00,2026-10-01 17:05:00+02:00,2026-10-01 17:05:00+02:00,2026-10-01,17,Thursday,False,19.657899999999998
20261001_144511,2026-10-01 14:45:20.526000+00:00,Lugano,local,ch:1:sloid:5380,"Lugano, Stazione",ch:1:sloid:5380::407001,2026-10-01,ch:1:sjyid:100754:c29584b8-8e13-4c43-978f-b7d9f9cc7c75,bus,Bus,6,6,6201,"Lugano, Stazione","Lugano, Cornaredo",A,,2026-10-01 15:10:00+00:00,2026-10-01 15:10:00+00:00,,True,0.0,2026-10-01 16:45:20.526000+02:00,2026-10-01 17:10:00+02:00,2026-10-01 17:10:00+02:00,2026-10-01,17,Thursday,False,24.657899999999998
20261001_144511,2026-10-01 14:45:20.526000+00:00,Lugano,local,ch:1:sloid:5380,"Lugano, Stazione",ch:1:sloid:5380::407002,2026-10-01,ch:1:sjyid:100754:5494512c-2afe-4695-b98d-b25a88c82616,bus,Bus,4,4,4181,"Lugano, Centro","Canobbio, Ganna",B,,2026-10-01 15:14:00+00:00,2026-10-01 15:14:00+00:00,,True,0.0,2026-10-01 16:45:20.526000+02:00,2026-10-01 17:14:00+02:00,2026-10-01 17:14:00+02:00,2026-10-01,17,Thursday,False,28.657899999999998
20261001_144511,2026-10-01 14:45:20.526000+00:00,Lugano,local,ch:1:sloid:5380,"Lugano, Stazione",ch:1:sloid:5380::407001,2026-10-01,ch:1:sjyid:100754:3a3ad473-9928-48e7-a134-2b8e3fb8aa63,bus,Bus,4,4,4186,"Canobbio, Ganna","Lugano, Centro",A,,2026-10-01 15:16:00+00:00,2026-10-01 15:16:00+00:00,,True,0.0,2026-10-01 16:45:20.526000+02:00,2026-10-01 17:16:00+02:00,2026-10-01 17:16:00+02:00,2026-10-01,17,Thursday,False,30.657899999999998
20261001_144511,2026-10-01 14:45:20.526000+00:00,Lugano,local,ch:1:sloid:5380,"Lugano, Stazione",ch:1:sloid:5380::407001,2026-10-01,ch:1:sjyid:100754:6cc4bf0f-76fe-423d-b0f0-3a831796aedf,bus,Bus,6,6,6203,"Lugano, Stazione","Lugano, Cornaredo",A,,2026-10-01 15:20:00+00:00,,,False,,2026-10-01 16:45:20.526000+02:00,2026-10-01 17:20:00+02:00,,2026-10-01,17,Thursday,False,34.657900000000005
20261001_144511,2026-10-01 14:45:20.526000+00:00,Lugano,local,ch:1:sloid:5380,"Lugano, Stazione",ch:1:sloid:5380::407001,2026-10-01,ch:1:sjyid:100754:820fb550-92cf-4ded-852f-e3fdb6b62c6c,bus,Bus,2,2,2212,"Castagnola, Capolinea","Paradiso, Carzo",A,,2026-10-01 15:20:00+00:00,2026-10-01 15:20:00+00:00,,True,0.0,2026-10-01 16:45:20.526000+02:00,2026-10-01 17:20:00+02:00,2026-10-01 17:20:00+02:00,2026-10-01,17,Thursday,False,34.657900000000005
20261001_144511,2026-10-01 14:45:20.526000+00:00,Lugano,local,ch:1:sloid:5380,"Lugano, Stazione",ch:1:sloid:5380::407002,2026-10-01,ch:1:sjyid:100754:7529bf94-44bd-494a-b274-da004e315aa8,bus,Bus,4,4,4185,"Lugano, Centro","Canobbio, Ganna",B,,2026-10-01 15:29:00+00:00,2026-10-01 15:29:00+00:00,,True,0.0,2026-10-01 16:45:20.526000+02:00,2026-10-01 17:29:00+02:00,2026-10-01 17:29:00+02:00,2026-10-01,17,Thursday,False,43.657900000000005
20261001_144511,2026-10-01 14:45:20.526000+00:00,Lugano,local,ch:1:sloid:5380,"Lugano, Stazione",ch:1:sloid:5380::407001,2026-10-01,ch:1:sjyid:100754:494485ad-e124-43c2-a901-8c25a6b508a7,bus,Bus,6,6,6207,"Lugano, Stazione","Lugano, Cornaredo",A,,2026-10-01 15:30:00+00:00,,,False,,2026-10-01 16:45:20.526000+02:00,2026-10-01 17:30:00+02:00,,2026-10-01,17,Thursday,False,44.657900000000005
20261001_144511,2026-10-01 14:45:20.526000+00:00,Lugano,local,ch:1:sloid:5380,"Lugano, Stazione",ch:1:sloid:5380::407001,2026-10-01,ch:1:sjyid:100754:02224a94-1b1b-4d45-8599-5364e38d0d99,bus,Bus,4,4,4190,"Canobbio, Ganna","Lugano, Centro",A,,2026-10-01 15:31:00+00:00,2026-10-01 15:31:00+00:00,,True,0.0,2026-10-01 16:45:20.526000+02:00,2026-10-01 17:31:00+02:00,2026-10-01 17:31:00+02:00,2026-10-01,17,Thursday,False,45.657900000000005
20261001_144511,2026-10-01 14:45:20.526000+00:00,Lugano,local,ch:1:sloid:5380,"Lugano, Stazione",ch:1:sloid:5380::407001,2026-10-01,ch:1:sjyid:100754:7556a0be-29bf-4589-96d0-1be00f9189a4,bus,Bus,2,2,2218,"Castagnola, Capolinea","Paradiso, Carzo",A,,2026-10-01 15:35:00+00:00,2026-10-01 15:35:00+00:00,,True,0.0,2026-10-01 16:45:20.526000+02:00,2026-10-01 17:35:00+02:00,2026-10-01 17:35:00+02:00,2026-10-01,17,Thursday,False,49.657900000000005
20261001_144511,2026-10-01 14:45:20.526000+00:00,Lugano,local,ch:1:sloid:5380,"Lugano, Stazione",ch:1:sloid:5380::407001,2026-10-01,ch:1:sjyid:100754:d5096250-7e84-4d20-a1f0-ccb6d538879b,bus,Bus,6,6,6211,"Lugano, Stazione","Lugano, Cornaredo",A,,2026-10-01 15:40:00+00:00,,,False,,2026-10-01 16:45:20.526000+02:00,2026-10-01 17:40:00+02:00,,2026-10-01,17,Thursday,False,54.657900000000005
20261001_144511,2026-10-01 14:45:20.526000+00:00,Lugano,local,ch:1:sloid:5380,"Lugano, Stazione",ch:1:sloid:5380::407002,2026-10-01,ch:1:sjyid:100754:faf8727e-5ddc-4dfc-b196-8ab06401ac97,bus,Bus,4,4,4189,"Lugano, Centro","Canobbio, Ganna",B,,2026-10-01 15:44:00+00:00,2026-10-01 15:44:00+00:00,,True,0.0,2026-10-01 16:45:20.526000+02:00,2026-10-01 17:44:00+02:00,2026-10-01 17:44:00+02:00,2026-10-01,17,Thursday,False,58.657900000000005
20261001_144511,2026-10-01 14:45:20.526000+00:00,Lugano,local,ch:1:sloid:5380,"Lugano, Stazione",ch:1:sloid:5380::407001,2026-10-01,ch:1:sjyid:100754:1459b638-1682-4988-b5a2-c2a233bbd677,bus,Bus,4,4,4194,"Canobbio, Ganna","Lugano, Centro",A,,2026-10-01 15:46:00+00:00,2026-10-01 15:46:00+00:00,,True,0.0,2026-10-01 16:45:20.526000+02:00,2026-10-01 17:46:00+02:00,2026-10-01 17:46:00+02:00,2026-10-01,17,Thursday,False,60.657900000000005
20261001_144511,2026-10-01 14:45:20.526000+00:00,Lugano,local,ch:1:sloid:5380,"Lugano, Stazione",ch:1:sloid:5380::407001,2026-10-01,ch:1:sjyid:100754:87e09c25-d0f9-4cea-8763-d8c1d1ca1d17,bus,Bus,6,6,6213,"Lugano, Stazione","Lugano, Cornaredo",A,,2026-10-01 15:50:00+00:00,,,False,,2026-10-01 16:45:20.526000+02:00,2026-10-01 17:50:00+02:00,,2026-10-01,17,Thursday,False,64.6579
20261001_144511,2026-10-01 14:45:20.526000+00:00,Lugano,local,ch:1:sloid:5380,"Lugano, Stazione",ch:1:sloid:5380::407001,2026-10-01,ch:1:sjyid:100754:d8b15c23-d983-495e-847b-224c901af4b9,bus,Bus,2,2,2224,"Castagnola, Capolinea","Paradiso, Carzo",A,,2026-10-01 15:50:00+00:00,2026-10-01 15:50:00+00:00,,True,0.0,2026-10-01 16:45:20.526000+02:00,2026-10-01 17:50:00+02:00,2026-10-01 17:50:00+02:00,2026-10-01,17,Thursday,False,64.6579
20261001_144511,2026-10-01 14:45:20.526000+00:00,Lugano,local,ch:1:sloid:5380,"Lugano, Stazione",ch:1:sloid:5380::407002,2026-10-01,ch:1:sjyid:100754:beb3b80d-b166-4dc9-8934-fbd52614f474,bus,Bus,4,4,4193,"Lugano, Centro","Canobbio, Ganna",B,,2026-10-01 15:59:00+00:00,2026-10-01 15:59:00+00:00,,True,0.0,2026-10-01 16:45:20.526000+02:00,2026-10-01 17:59:00+02:00,2026-10-01 17:59:00+02:00,2026-10-01,17,Thursday,False,73.6579
20261001_144511,2026-10-01 14:45:20.526000+00:00,Lugano,local,ch:1:sloid:5380,"Lugano, Stazione",ch:1:sloid:5380::407001,2026-10-01,ch:1:sjyid:100754:97b20178-8e58-4163-af95-0c4cc690805d,bus,Bus,6,6,6217,"Lugano, Stazione","Lugano, Cornaredo",A,,2026-10-01 16:00:00+00:00,,,False,,2026-10-01 16:45:20.526000+02:00,2026-10-01 18:00:00+02:00,,2026-10-01,18,Thursday,False,74.6579
20261001_144511,2026-10-01 14:45:20.526000+00:00,Lugano,local,ch:1:sloid:5380,"Lugano, Stazione",ch:1:sloid:5380::407001,2026-10-01,ch:1:sjyid:100754:aa1a6a3c-7f0b-40c5-bfcb-8b01da24b5ee,bus,Bus,4,4,4198,"Canobbio, Ganna","Lugano, Centro",A,,2026-10-01 16:01:00+00:00,2026-10-01 16:01:00+00:00,,True,0.0,2026-10-01 16:45:20.526000+02:00,2026-10-01 18:01:00+02:00,2026-10-01 18:01:00+02:00,2026-10-01,18,Thursday,False,75.6579
20261001_144511,2026-10-01 14:45:20.526000+00:00,Lugano,local,ch:1:sloid:5380,"Lugano, Stazione",ch:1:sloid:5380::407001,2026-10-01,ch:1:sjyid:100754:7d78a947-a58c-4f04-80cd-c563e799ee03,bus,Bus,2,2,2230,"Castagnola, Capolinea","Paradiso, Carzo",A,,2026-10-01 16:05:00+00:00,2026-10-01 16:05:00+00:00,,True,0.0,2026-10-01 16:45:20.526000+02:00,2026-10-01 18:05:00+02:00,2026-10-01 18:05:00+02:00,2026-10-01,18,Thursday,False,79.6579
20261001_144511,2026-10-01 14:45:20.526000+00:00,Lugano,local,ch:1:sloid:5380,"Lugano, Stazione",ch:1:sloid:5380::407001,2026-10-01,ch:1:sjyid:100754:a4d7793f-15c7-43ef-b9aa-274a85ea20bf,bus,Bus,6,6,6221,"Lugano, Stazione","Lugano, Cornaredo",A,,2026-10-01 16:10:00+00:00,,,False,,2026-10-01 16:45:20.526000+02:00,2026-10-01 18:10:00+02:00,,2026-10-01,18,Thursday,False,84.6579
20261001_144511,2026-10-01 14:45:20.526000+00:00,Lugano,local,ch:1:sloid:5380,"Lugano, Stazione",ch:1:sloid:5380::407002,2026-10-01,ch:1:sjyid:100754:a3ea00a8-e915-4f36-b74c-6ed740d8b475,bus,Bus,4,4,4197,"Lugano, Centro","Canobbio, Ganna",B,,2026-10-01 16:14:00+00:00,,,False,,2026-10-01 16:45:20.526000+02:00,2026-10-01 18:14:00+02:00,,2026-10-01,18,Thursday,False,88.6579
20261001_144511,2026-10-01 14:45:20.526000+00:00,Lugano,local,ch:1:sloid:5380,"Lugano, Stazione",ch:1:sloid:5380::407001,2026-10-01,ch:1:sjyid:100754:0b741e1d-6d7e-4f73-8580-9130c288db0d,bus,Bus,4,4,4202,"Canobbio, Ganna","Lugano, Centro",A,,2026-10-01 16:16:00+00:00,2026-10-01 16:16:00+00:00,,True,0.0,2026-10-01 16:45:20.526000+02:00,2026-10-01 18:16:00+02:00,2026-10-01 18:16:00+02:00,2026-10-01,18,Thursday,False,90.6579
