batch_id,collection_timestamp,city,station_type,station_id,station_name,stop_point_ref,operating_day,journey_ref,transport_mode,product_category,public_code,line,train_number,origin,destination,planned_platform,estimated_platform,scheduled_departure,estimated_departure,cancelled,has_realtime,predicted_delay_minutes,collection_timestamp_local,scheduled_departure_local,estimated_departure_local,date,hour,weekday,weekend,minutes_until_departure
20261009_001707,2026-10-09 00:17:07.880000+00:00,Zürich,rail,ch:1:sloid:3000,Zürich HB,ch:1:sloid:3000:7:12,2026-10-09,ch:1:sjyid:100001:18011-001,rail,S-Bahn,S,S,18011,Zürich HB,Zürich Flughafen,12,,2026-10-09 02:33:00+00:00,2026-10-09 02:33:18+00:00,,True,0.3,2026-10-09 02:17:07.880000+02:00,2026-10-09 04:33:00+02:00,2026-10-09 04:33:18+02:00,2026-10-09,4,Friday,False,135.86866666666666
20261009_001707,2026-10-09 00:17:07.880000+00:00,Zürich,rail,ch:1:sloid:3000,Zürich HB,ch:1:sloid:3000:9:17,2026-10-09,ch:1:sjyid:100001:19214-001,rail,S-Bahn,S12,S12,19214,Zürich HB,Brugg AG,17,,2026-10-09 02:44:00+00:00,2026-10-09 02:44:18+00:00,,True,0.3,2026-10-09 02:17:07.880000+02:00,2026-10-09 04:44:00+02:00,2026-10-09 04:44:18+02:00,2026-10-09,4,Friday,False,146.86866666666668
20261009_001707,2026-10-09 00:17:07.880000+00:00,Zürich,rail,ch:1:sloid:3000,Zürich HB,ch:1:sloid:3000:7:12,2026-10-09,ch:1:sjyid:100001:19116-001,rail,S-Bahn,S11,S11,19116,Zürich HB,Aarau,12,,2026-10-09 02:59:00+00:00,2026-10-09 03:00:06+00:00,,True,1.1,2026-10-09 02:17:07.880000+02:00,2026-10-09 04:59:00+02:00,2026-10-09 05:00:06+02:00,2026-10-09,4,Friday,False,161.86866666666668
20261009_001707,2026-10-09 00:17:07.880000+00:00,Zürich,rail,ch:1:sloid:3000,Zürich HB,ch:1:sloid:3000:3:4,2026-10-09,ch:1:sjyid:100001:18017-001,rail,S-Bahn,S,S,18017,Zürich HB,Winterthur,4,,2026-10-09 03:02:00+00:00,,,False,,2026-10-09 02:17:07.880000+02:00,2026-10-09 05:02:00+02:00,,2026-10-09,5,Friday,False,164.86866666666668
20261009_001707,2026-10-09 00:17:07.880000+00:00,Zürich,rail,ch:1:sloid:3000,Zürich HB,ch:1:sloid:3000:502:42,2026-10-09,ch:1:sjyid:100001:19617-001,rail,S-Bahn,S16,S16,19617,Zürich HB,Rapperswil SG,41/42,41,2026-10-09 03:05:00+00:00,,,False,,2026-10-09 02:17:07.880000+02:00,2026-10-09 05:05:00+02:00,,2026-10-09,5,Friday,False,167.86866666666668
20261009_001707,2026-10-09 00:17:07.880000+00:00,Zürich,rail,ch:1:sloid:3000,Zürich HB,ch:1:sloid:3000:500:31,2026-10-09,ch:1:sjyid:100001:18817-002,rail,S-Bahn,S8,S8,18817,Zürich HB,Wädenswil,31,,2026-10-09 03:07:00+00:00,,,False,,2026-10-09 02:17:07.880000+02:00,2026-10-09 05:07:00+02:00,,2026-10-09,5,Friday,False,169.86866666666668
20261009_001707,2026-10-09 00:17:07.880000+00:00,Zürich,rail,ch:1:sloid:3000,Zürich HB,ch:1:sloid:3000:10:18,2026-10-09,ch:1:sjyid:100001:18916-001,rail,S-Bahn,S9,S9,18916,Zürich HB,Schaffhausen,18,,2026-10-09 03:07:00+00:00,,,False,,2026-10-09 02:17:07.880000+02:00,2026-10-09 05:07:00+02:00,,2026-10-09,5,Friday,False,169.86866666666668
20261009_001707,2026-10-09 00:17:07.880000+00:00,Zürich,rail,ch:1:sloid:3000,Zürich HB,ch:1:sloid:3000:6:10,2026-10-09,ch:1:sjyid:100001:2252-001,rail,InterRegio,IR37,IR37,2252,Zürich HB,Basel SBB,10,,2026-10-09 03:08:00+00:00,2026-10-09 03:08:30+00:00,,True,0.5,2026-10-09 02:17:07.880000+02:00,2026-10-09 05:08:00+02:00,2026-10-09 05:08:30+02:00,2026-10-09,5,Friday,False,170.86866666666668
20261009_001707,2026-10-09 00:17:07.880000+00:00,Zürich,rail,ch:1:sloid:3000,Zürich HB,ch:1:sloid:3000:501:33,2026-10-09,ch:1:sjyid:100001:19417-001,rail,S-Bahn,S14,S14,19417,Zürich HB,Hinwil,33,,2026-10-09 03:12:00+00:00,,,False,,2026-10-09 02:17:07.880000+02:00,2026-10-09 05:12:00+02:00,,2026-10-09,5,Friday,False,174.86866666666668
20261009_001707,2026-10-09 00:17:07.880000+00:00,Zürich,rail,ch:1:sloid:3000,Zürich HB,ch:1:sloid:3000:4:7,2026-10-09,ch:1:sjyid:100061:2351-001,rail,InterRegio,IR35,IR35,2351,Zürich HB,Chur,7,,2026-10-09 03:12:00+00:00,2026-10-09 03:13:00+00:00,,True,1.0,2026-10-09 02:17:07.880000+02:00,2026-10-09 05:12:00+02:00,2026-10-09 05:13:00+02:00,2026-10-09,5,Friday,False,174.86866666666668
20261009_001707,2026-10-09 00:17:07.880000+00:00,Zürich,rail,ch:1:sloid:3000,Zürich HB,ch:1:sloid:3000:501:34,2026-10-09,ch:1:sjyid:100001:19016-001,rail,S-Bahn,S,S,19016,Ziegelbrücke,Zürich Flughafen,34,,2026-10-09 03:14:00+00:00,2026-10-09 03:14:18+00:00,,True,0.3,2026-10-09 02:17:07.880000+02:00,2026-10-09 05:14:00+02:00,2026-10-09 05:14:18+02:00,2026-10-09,5,Friday,False,176.86866666666668
20261009_001707,2026-10-09 00:17:07.880000+00:00,Zürich,rail,ch:1:sloid:3000,Zürich HB,ch:1:sloid:3000:503:43,2026-10-09,ch:1:sjyid:100001:19217-001,rail,S-Bahn,S12,S12,19217,Brugg AG,Schaffhausen,43/44,,2026-10-09 03:16:00+00:00,2026-10-09 03:17:00+00:00,,True,1.0,2026-10-09 02:17:07.880000+02:00,2026-10-09 05:16:00+02:00,2026-10-09 05:17:00+02:00,2026-10-09,5,Friday,False,178.86866666666668
20261009_001707,2026-10-09 00:17:07.880000+00:00,Zürich,rail,ch:1:sloid:3000,Zürich HB,ch:1:sloid:3000:502:42,2026-10-09,ch:1:sjyid:100001:19616-001,rail,S-Bahn,S16,S16,19616,Rapperswil SG,Zürich Flughafen,41/42,,2026-10-09 03:16:00+00:00,2026-10-09 03:16:18+00:00,,True,0.3,2026-10-09 02:17:07.880000+02:00,2026-10-09 05:16:00+02:00,2026-10-09 05:16:18+02:00,2026-10-09,5,Friday,False,178.86866666666668
20261009_001707,2026-10-09 00:17:07.880000+00:00,Zürich,rail,ch:1:sloid:3000,Zürich HB,ch:1:sloid:3000:7:13,2026-10-09,ch:1:sjyid:100001:704-002,rail,InterCity,IC1,IC1,704,Zürich HB,Genève-Aéroport,13,,2026-10-09 03:19:00+00:00,,,False,,2026-10-09 02:17:07.880000+02:00,2026-10-09 05:19:00+02:00,,2026-10-09,5,Friday,False,181.86866666666668
20261009_001707,2026-10-09 00:17:07.880000+00:00,Zürich,rail,ch:1:sloid:3000,Zürich HB,ch:1:sloid:3000:500:32,2026-10-09,ch:1:sjyid:100001:19416-001,rail,S-Bahn,S14,S14,19416,Rüti ZH,Affoltern am Albis,32,,2026-10-09 03:19:00+00:00,2026-10-09 03:20:00+00:00,,True,1.0,2026-10-09 02:17:07.880000+02:00,2026-10-09 05:19:00+02:00,2026-10-09 05:20:00+02:00,2026-10-09,5,Friday,False,181.86866666666668
20261009_001707,2026-10-09 00:17:07.880000+00:00,Zürich,rail,ch:1:sloid:3000,Zürich HB,ch:1:sloid:3000:3:5,2026-10-09,ch:1:sjyid:100001:20417-001,rail,S-Bahn,S24,S24,20417,Zürich HB,Zug,5,,2026-10-09 03:21:00+00:00,,,False,,2026-10-09 02:17:07.880000+02:00,2026-10-09 05:21:00+02:00,,2026-10-09,5,Friday,False,183.86866666666668
20261009_001707,2026-10-09 00:17:07.880000+00:00,Zürich,rail,ch:1:sloid:3000,Zürich HB,ch:1:sloid:3000:503:43,2026-10-09,ch:1:sjyid:100001:18517-001,rail,S-Bahn,S5,S5,18517,Zürich HB,Rüti ZH,43/44,,2026-10-09 03:24:00+00:00,,,False,,2026-10-09 02:17:07.880000+02:00,2026-10-09 05:24:00+02:00,,2026-10-09,5,Friday,False,186.86866666666668
20261009_001707,2026-10-09 00:17:07.880000+00:00,Zürich,rail,ch:1:sloid:3000,Zürich HB,ch:1:sloid:3000:501:34,2026-10-09,ch:1:sjyid:100001:18816-001,rail,S-Bahn,S8,S8,18816,Zürich HB,Winterthur,34,,2026-10-09 03:25:00+00:00,,,False,,2026-10-09 02:17:07.880000+02:00,2026-10-09 05:25:00+02:00,,2026-10-09,5,Friday,False,187.86866666666668
20261009_001707,2026-10-09 00:17:07.880000+00:00,Zürich,rail,ch:1:sloid:3000,Zürich HB,ch:1:sloid:3000:503:43,2026-10-09,ch:1:sjyid:100001:18917-001,rail,S-Bahn,S9,S9,18917,Bülach,Uster,43/44,,2026-10-09 03:28:00+00:00,,,False,,2026-10-09 02:17:07.880000+02:00,2026-10-09 05:28:00+02:00,,2026-10-09,5,Friday,False,190.86866666666668
20261009_001707,2026-10-09 00:17:07.880000+00:00,Zürich,rail,ch:1:sloid:3000,Zürich HB,ch:1:sloid:3000:9:17,2026-10-09,ch:1:sjyid:100001:19118-001,rail,S-Bahn,S11,S11,19118,Zürich HB,Aarau,17,,2026-10-09 03:29:00+00:00,,,False,,2026-10-09 02:17:07.880000+02:00,2026-10-09 05:29:00+02:00,,2026-10-09,5,Friday,False,191.86866666666668
20261009_001707,2026-10-09 00:17:07.880000+00:00,Zürich,rail,ch:1:sloid:3000,Zürich HB,ch:1:sloid:3000:503:43,2026-10-09,ch:1:sjyid:100001:18615-001,rail,S-Bahn,S6,S6,18615,Regensdorf-Watt,Zürich Tiefenbrunnen,43/44,,2026-10-09 03:30:00+00:00,,,False,,2026-10-09 02:17:07.880000+02:00,2026-10-09 05:30:00+02:00,,2026-10-09,5,Friday,False,192.86866666666668
20261009_001707,2026-10-09 00:17:07.880000+00:00,Zürich,rail,ch:1:sloid:3000,Zürich HB,ch:1:sloid:3000:501:34,2026-10-09,ch:1:sjyid:100001:2155-001,rail,InterRegio,IR,IR,2155,Bern,Zürich Flughafen,34,,2026-10-09 03:30:00+00:00,2026-10-09 03:31:06+00:00,,True,1.1,2026-10-09 02:17:07.880000+02:00,2026-10-09 05:30:00+02:00,2026-10-09 05:31:06+02:00,2026-10-09,5,Friday,False,192.86866666666668
20261009_001707,2026-10-09 00:17:07.880000+00:00,Zürich,rail,ch:1:sloid:3000,Zürich HB,ch:1:sloid:3000:503:43,2026-10-09,ch:1:sjyid:100001:18319-001,rail,S-Bahn,S3,S3,18319,Zürich HB,Wetzikon ZH,43/44,,2026-10-09 03:34:00+00:00,,,False,,2026-10-09 02:17:07.880000+02:00,2026-10-09 05:34:00+02:00,,2026-10-09,5,Friday,False,196.86866666666668
20261009_001707,2026-10-09 00:17:07.880000+00:00,Zürich,rail,ch:1:sloid:3000,Zürich HB,ch:1:sloid:3000:5:8,2026-10-09,ch:1:sjyid:100001:2564-001,rail,InterRegio,IR75,IR75,2564,Zürich HB,Luzern,8,,2026-10-09 03:35:00+00:00,,,False,,2026-10-09 02:17:07.880000+02:00,2026-10-09 05:35:00+02:00,,2026-10-09,5,Friday,False,197.86866666666668
20261009_001707,2026-10-09 00:17:07.880000+00:00,Zürich,rail,ch:1:sloid:3000,Zürich HB,ch:1:sloid:3000:501:33,2026-10-09,ch:1:sjyid:100001:95-002,rail,EuroCity,EC,EC,95,Zürich HB,Bregenz,33,,2026-10-09 03:35:00+00:00,,,False,,2026-10-09 02:17:07.880000+02:00,2026-10-09 05:35:00+02:00,,2026-10-09,5,Friday,False,197.86866666666668
20261009_001707,2026-10-09 00:17:07.880000+00:00,Zürich,rail,ch:1:sloid:3000,Zürich HB,ch:1:sloid:3000:8:15,2026-10-09,ch:1:sjyid:100001:1956-001,rail,InterRegio,IR36,IR36,1956,Zürich HB,Basel SBB,15,,2026-10-09 03:36:00+00:00,,,False,,2026-10-09 02:17:07.880000+02:00,2026-10-09 05:36:00+02:00,,2026-10-09,5,Friday,False,198.86866666666668
20261009_001707,2026-10-09 00:17:07.880000+00:00,Zürich,rail,ch:1:sloid:3000,Zürich HB,ch:1:sloid:3000:501:34,2026-10-09,ch:1:sjyid:100001:701-001,rail,InterCity,IC1,IC1,701,Zürich HB,St. Gallen,34,,2026-10-09 03:37:00+00:00,,,False,,2026-10-09 02:17:07.880000+02:00,2026-10-09 05:37:00+02:00,,2026-10-09,5,Friday,False,199.86866666666668
20261009_001707,2026-10-09 00:17:07.880000+00:00,Zürich,rail,ch:1:sloid:3000,Zürich HB,ch:1:sloid:3000:500:32,2026-10-09,ch:1:sjyid:100001:18819-001,rail,S-Bahn,S8,S8,18819,Winterthur,Wädenswil,32,,2026-10-09 03:37:00+00:00,,,False,,2026-10-09 02:17:07.880000+02:00,2026-10-09 05:37:00+02:00,,2026-10-09,5,Friday,False,199.86866666666668
20261009_001707,2026-10-09 00:17:07.880000+00:00,Zürich,rail,ch:1:sloid:3000,Zürich HB,ch:1:sloid:3000:502:42,2026-10-09,ch:1:sjyid:100001:18518-001,rail,S-Bahn,S5,S5,18518,Zürich HB,Zug,41/42,,2026-10-09 03:39:00+00:00,,,False,,2026-10-09 02:17:07.880000+02:00,2026-10-09 05:39:00+02:00,,2026-10-09,5,Friday,False,201.86866666666668
20261009_001707,2026-10-09 00:17:07.880000+00:00,Zürich,rail,ch:1:sloid:3000,Zürich HB,ch:1:sloid:3000:10:18,2026-10-09,ch:1:sjyid:100001:19040-001,rail,S-Bahn,S42,S42,19040,Zürich HB,Muri AG,18,,2026-10-09 03:40:00+00:00,,,False,,2026-10-09 02:17:07.880000+02:00,2026-10-09 05:40:00+02:00,,2026-10-09,5,Friday,False,202.86866666666668
20261009_001707,2026-10-09 00:17:08.933000+00:00,Bern,rail,ch:1:sloid:7000,Bern,ch:1:sloid:7000:4:7,2026-10-09,ch:1:sjyid:100001:2155-001,rail,InterRegio,IR,IR,2155,Bern,Zürich Flughafen,7,,2026-10-09 02:18:00+00:00,2026-10-09 02:18:30+00:00,,True,0.5,2026-10-09 02:17:08.933000+02:00,2026-10-09 04:18:00+02:00,2026-10-09 04:18:30+02:00,2026-10-09,4,Friday,False,120.85111666666667
20261009_001707,2026-10-09 00:17:08.933000+00:00,Bern,rail,ch:1:sloid:7000,Bern,ch:1:sloid:7000:5:10,2026-10-09,ch:1:sjyid:100061:2353-003,rail,Aare Linth,IR35,IR35,2353,Bern,Chur,10,,2026-10-09 02:38:00+00:00,2026-10-09 02:38:00+00:00,,True,0.0,2026-10-09 02:17:08.933000+02:00,2026-10-09 04:38:00+02:00,2026-10-09 04:38:00+02:00,2026-10-09,4,Friday,False,140.85111666666666
20261009_001707,2026-10-09 00:17:08.933000+00:00,Bern,rail,ch:1:sloid:7000,Bern,ch:1:sloid:7000_gen:ch:1:sloid:7000:6:12_pf:12A-C,2026-10-09,ch:1:sjyid:100015:15317-001,rail,S-Bahn,S3,S3,15317,Bern,Biel/Bienne,12A-C,,2026-10-09 03:00:00+00:00,2026-10-09 03:00:30+00:00,,True,0.5,2026-10-09 02:17:08.933000+02:00,2026-10-09 05:00:00+02:00,2026-10-09 05:00:30+02:00,2026-10-09,5,Friday,False,162.85111666666666
20261009_001707,2026-10-09 00:17:08.933000+00:00,Bern,rail,ch:1:sloid:7000,Bern,ch:1:sloid:7000_gen:ch:1:sloid:7000:6:33_pf:13A-C,2026-10-09,ch:1:sjyid:100015:16412-001,rail,S-Bahn,S44,S44,16412,Bern,Thun,13A-C,,2026-10-09 03:02:00+00:00,2026-10-09 03:02:12+00:00,,True,0.2,2026-10-09 02:17:08.933000+02:00,2026-10-09 05:02:00+02:00,2026-10-09 05:02:12+02:00,2026-10-09,5,Friday,False,164.85111666666666
20261009_001707,2026-10-09 00:17:08.933000+00:00,Bern,rail,ch:1:sloid:7000,Bern,ch:1:sloid:7000:4:8,2026-10-09,ch:1:sjyid:100001:2504-002,rail,InterRegio,IR15,IR15,2504,Bern,Genève-Aéroport,8,,2026-10-09 03:04:00+00:00,2026-10-09 03:04:36+00:00,,True,0.6,2026-10-09 02:17:08.933000+02:00,2026-10-09 05:04:00+02:00,2026-10-09 05:04:36+02:00,2026-10-09,5,Friday,False,166.85111666666666
20261009_001707,2026-10-09 00:17:08.933000+00:00,Bern,rail,ch:1:sloid:7000,Bern,ch:1:sloid:7000:6:32,2026-10-09,ch:1:sjyid:100015:15514-001,rail,S-Bahn,S5,S5,15514,Bern,Neuchâtel,12D-F,,2026-10-09 03:04:00+00:00,,,False,,2026-10-09 02:17:08.933000+02:00,2026-10-09 05:04:00+02:00,,2026-10-09,5,Friday,False,166.85111666666666
20261009_001707,2026-10-09 00:17:08.933000+00:00,Bern,rail,ch:1:sloid:7000,Bern,ch:1:sloid:7000:55:49,2026-10-09,ch:1:sjyid:100015:15114-001,rail,S-Bahn,S1,S1,15114,Bern,Fribourg/Freiburg,49,,2026-10-09 03:10:00+00:00,,,False,,2026-10-09 02:17:08.933000+02:00,2026-10-09 05:10:00+02:00,,2026-10-09,5,Friday,False,172.85111666666666
20261009_001707,2026-10-09 00:17:08.933000+00:00,Bern,rail,ch:1:sloid:7000,Bern,ch:1:sloid:7000:500:21,2026-10-09,ch:1:sjyid:100066:SKI-8051,rail,S-Bahn,S8,S8,8051,Bern,Solothurn,21,,2026-10-09 03:11:00+00:00,2026-10-09 03:11:00+00:00,,True,0.0,2026-10-09 02:17:08.933000+02:00,2026-10-09 05:11:00+02:00,2026-10-09 05:11:00+02:00,2026-10-09,5,Friday,False,173.85111666666666
20261009_001707,2026-10-09 00:17:08.933000+00:00,Bern,rail,ch:1:sloid:7000,Bern,ch:1:sloid:7000:55:50,2026-10-09,ch:1:sjyid:100015:15415-001,rail,S-Bahn,S4,S4,15415,Bern,Langnau i.E.,50,,2026-10-09 03:20:00+00:00,,,False,,2026-10-09 02:17:08.933000+02:00,2026-10-09 05:20:00+02:00,,2026-10-09,5,Friday,False,182.85111666666666
20261009_001707,2026-10-09 00:17:08.933000+00:00,Bern,rail,ch:1:sloid:7000,Bern,ch:1:sloid:7000:4:7,2026-10-09,ch:1:sjyid:100001:703-001,rail,InterCity,IC1,IC1,703,Bern,St. Gallen,7,,2026-10-09 03:29:00+00:00,,,False,,2026-10-09 02:17:08.933000+02:00,2026-10-09 05:29:00+02:00,,2026-10-09,5,Friday,False,191.85111666666666
20261009_001707,2026-10-09 00:17:08.933000+00:00,Bern,rail,ch:1:sloid:7000,Bern,ch:1:sloid:7000_gen:ch:1:sloid:7000:6:12_pf:12A-C,2026-10-09,ch:1:sjyid:100015:15319-001,rail,S-Bahn,S3,S3,15319,Bern,Biel/Bienne,12A-C,,2026-10-09 03:30:00+00:00,,,False,,2026-10-09 02:17:08.933000+02:00,2026-10-09 05:30:00+02:00,,2026-10-09,5,Friday,False,192.85111666666666
20261009_001707,2026-10-09 00:17:08.933000+00:00,Bern,rail,ch:1:sloid:7000,Bern,ch:1:sloid:7000:4:8,2026-10-09,ch:1:sjyid:100015:15414-001,rail,S-Bahn,S4,S4,15414,Hasle-Rüegsau,Thun,8,,2026-10-09 03:32:00+00:00,,,False,,2026-10-09 02:17:08.933000+02:00,2026-10-09 05:32:00+02:00,,2026-10-09,5,Friday,False,194.85111666666666
20261009_001707,2026-10-09 00:17:08.933000+00:00,Bern,rail,ch:1:sloid:7000,Bern,ch:1:sloid:7000:3:6,2026-10-09,ch:1:sjyid:100001:702-001,rail,InterCity,IC1,IC1,702,Bern,Genève-Aéroport,6,,2026-10-09 03:34:00+00:00,,,False,,2026-10-09 02:17:08.933000+02:00,2026-10-09 05:34:00+02:00,,2026-10-09,5,Friday,False,196.85111666666666
20261009_001707,2026-10-09 00:17:08.933000+00:00,Bern,rail,ch:1:sloid:7000,Bern,ch:1:sloid:7000_gen:ch:1:sloid:7000:6:33_pf:13D-F,2026-10-09,ch:1:sjyid:100015:16218-001,rail,S-Bahn,S52,S52,16218,Bern,Ins | Payerne,13D-F,,2026-10-09 03:34:00+00:00,,,False,,2026-10-09 02:17:08.933000+02:00,2026-10-09 05:34:00+02:00,,2026-10-09,5,Friday,False,196.85111666666666
20261009_001707,2026-10-09 00:17:08.933000+00:00,Bern,rail,ch:1:sloid:7000,Bern,ch:1:sloid:7000:6:32,2026-10-09,ch:1:sjyid:100015:15618-001,rail,S-Bahn,S6,S6,15618,Bern,Schwarzenburg,12D-F,,2026-10-09 03:36:00+00:00,,,False,,2026-10-09 02:17:08.933000+02:00,2026-10-09 05:36:00+02:00,,2026-10-09,5,Friday,False,198.85111666666666
20261009_001707,2026-10-09 00:17:08.933000+00:00,Bern,rail,ch:1:sloid:7000,Bern,ch:1:sloid:7000:3:5,2026-10-09,ch:1:sjyid:100015:4357-001,rail,RegioExpress,RE7,RE7,4357,Bern,Luzern,5,,2026-10-09 03:36:00+00:00,,,False,,2026-10-09 02:17:08.933000+02:00,2026-10-09 05:36:00+02:00,,2026-10-09,5,Friday,False,198.85111666666666
20261009_001707,2026-10-09 00:17:08.933000+00:00,Bern,rail,ch:1:sloid:7000,Bern,ch:1:sloid:7000:5:9,2026-10-09,ch:1:sjyid:100001:2357-002,rail,InterRegio,IR35,IR35,2357,Bern,Zürich HB,9,,2026-10-09 03:38:00+00:00,,,False,,2026-10-09 02:17:08.933000+02:00,2026-10-09 05:38:00+02:00,,2026-10-09,5,Friday,False,200.85111666666666
20261009_001707,2026-10-09 00:17:08.933000+00:00,Bern,rail,ch:1:sloid:7000,Bern,ch:1:sloid:7000:500:22,2026-10-09,ch:1:sjyid:100066:SKI-8055,rail,S-Bahn,S8,S8,8055,Bern,Bätterkinden,22,,2026-10-09 03:39:00+00:00,,,False,,2026-10-09 02:17:08.933000+02:00,2026-10-09 05:39:00+02:00,,2026-10-09,5,Friday,False,201.85111666666666
20261009_001707,2026-10-09 00:17:08.933000+00:00,Bern,rail,ch:1:sloid:7000,Bern,ch:1:sloid:7000:55:50,2026-10-09,ch:1:sjyid:100015:15219-001,rail,S-Bahn,S2,S2,15219,Bern,Langnau i.E.,50,,2026-10-09 03:42:00+00:00,,,False,,2026-10-09 02:17:08.933000+02:00,2026-10-09 05:42:00+02:00,,2026-10-09,5,Friday,False,204.85111666666666
20261009_001707,2026-10-09 00:17:08.933000+00:00,Bern,rail,ch:1:sloid:7000,Bern,ch:1:sloid:7000_gen:ch:1:sloid:7000:0:1752_pf:5E-H,2026-10-09,ch:1:sjyid:100015:15116-001,rail,S-Bahn,S1,S1,15116,Thun,Fribourg/Freiburg,5E-H,,2026-10-09 03:45:00+00:00,2026-10-09 03:45:12+00:00,,True,0.2,2026-10-09 02:17:08.933000+02:00,2026-10-09 05:45:00+02:00,2026-10-09 05:45:12+02:00,2026-10-09,5,Friday,False,207.85111666666666
20261009_001707,2026-10-09 00:17:08.933000+00:00,Bern,rail,ch:1:sloid:7000,Bern,ch:1:sloid:7000:501:24,2026-10-09,ch:1:sjyid:100066:SKI-7057,rail,S-Bahn,S7,S7,7057,Bern,Worb Dorf,24,,2026-10-09 03:45:00+00:00,,,False,,2026-10-09 02:17:08.933000+02:00,2026-10-09 05:45:00+02:00,,2026-10-09,5,Friday,False,207.85111666666666
20261009_001707,2026-10-09 00:17:08.933000+00:00,Bern,rail,ch:1:sloid:7000,Bern,ch:1:sloid:7000:500:22,2026-10-09,ch:1:sjyid:100066:SKI-9057,rail,S-Bahn,S9,S9,9057,Bern,Unterzollikofen,22,,2026-10-09 03:46:00+00:00,,,False,,2026-10-09 02:17:08.933000+02:00,2026-10-09 05:46:00+02:00,,2026-10-09,5,Friday,False,208.85111666666666
20261009_001707,2026-10-09 00:17:08.933000+00:00,Bern,rail,ch:1:sloid:7000,Bern,ch:1:sloid:7000:5:9,2026-10-09,ch:1:sjyid:100015:15117-001,rail,S-Bahn,S1,S1,15117,Fribourg/Freiburg,Thun,9,,2026-10-09 03:47:00+00:00,,,False,,2026-10-09 02:17:08.933000+02:00,2026-10-09 05:47:00+02:00,,2026-10-09,5,Friday,False,209.85111666666666
20261009_001707,2026-10-09 00:17:08.933000+00:00,Bern,rail,ch:1:sloid:7000,Bern,ch:1:sloid:7000:3:6,2026-10-09,ch:1:sjyid:100015:15218-001,rail,S-Bahn,S2,S2,15218,Langnau i.E.,Laupen BE,6,,2026-10-09 03:50:00+00:00,,,False,,2026-10-09 02:17:08.933000+02:00,2026-10-09 05:50:00+02:00,,2026-10-09,5,Friday,False,212.85111666666666
20261009_001707,2026-10-09 00:17:08.933000+00:00,Bern,rail,ch:1:sloid:7000,Bern,ch:1:sloid:7000:500:21,2026-10-09,ch:1:sjyid:100066:SKI-1057,rail,RegioExpress,RE5,RE5,1057,Bern,Solothurn,21,,2026-10-09 03:50:00+00:00,,,False,,2026-10-09 02:17:08.933000+02:00,2026-10-09 05:50:00+02:00,,2026-10-09,5,Friday,False,212.85111666666666
20261009_001707,2026-10-09 00:17:08.933000+00:00,Bern,rail,ch:1:sloid:7000,Bern,ch:1:sloid:7000_gen:ch:1:sloid:7000:6:12_pf:12A-C,2026-10-09,ch:1:sjyid:100015:16417-001,rail,S-Bahn,S44,S44,16417,Thun,Solothurn,12A-C,,2026-10-09 03:50:00+00:00,2026-10-09 03:50:12+00:00,,True,0.2,2026-10-09 02:17:08.933000+02:00,2026-10-09 05:50:00+02:00,2026-10-09 05:50:12+02:00,2026-10-09,5,Friday,False,212.85111666666666
20261009_001707,2026-10-09 00:17:08.933000+00:00,Bern,rail,ch:1:sloid:7000,Bern,ch:1:sloid:7000:4:7,2026-10-09,ch:1:sjyid:100015:3208-001,rail,InterRegio,IR66,IR66,3208,Bern,La Chaux-de-Fonds,7,,2026-10-09 03:53:00+00:00,,,False,,2026-10-09 02:17:08.933000+02:00,2026-10-09 05:53:00+02:00,,2026-10-09,5,Friday,False,215.85111666666666
20261009_001707,2026-10-09 00:17:08.933000+00:00,Bern,rail,ch:1:sloid:7000,Bern,ch:1:sloid:7000:501:23,2026-10-09,ch:1:sjyid:100066:SKI-8057,rail,S-Bahn,S8,S8,8057,Bern,Jegenstorf,23,,2026-10-09 03:54:00+00:00,,,False,,2026-10-09 02:17:08.933000+02:00,2026-10-09 05:54:00+02:00,,2026-10-09,5,Friday,False,216.85111666666666
20261009_001707,2026-10-09 00:17:08.933000+00:00,Bern,rail,ch:1:sloid:7000,Bern,ch:1:sloid:7000:5:10,2026-10-09,ch:1:sjyid:100001:2505-001,rail,InterRegio,IR15,IR15,2505,Fribourg/Freiburg,Luzern,10,,2026-10-09 04:00:00+00:00,,,False,,2026-10-09 02:17:08.933000+02:00,2026-10-09 06:00:00+02:00,,2026-10-09,6,Friday,False,222.85111666666666
20261009_001707,2026-10-09 00:17:08.933000+00:00,Bern,rail,ch:1:sloid:7000,Bern,ch:1:sloid:7000:501:24,2026-10-09,ch:1:sjyid:100066:SKI-7061,rail,S-Bahn,S7,S7,7061,Bern,Worb Dorf,24,,2026-10-09 04:00:00+00:00,,,False,,2026-10-09 02:17:08.933000+02:00,2026-10-09 06:00:00+02:00,,2026-10-09,6,Friday,False,222.85111666666666
20261009_001707,2026-10-09 00:17:09.994000+00:00,Basel,rail,ch:1:sloid:10,Basel SBB,ch:1:sloid:10_gen:ch:1:sloid:10:6:11_pf:11AB,2026-10-09,ch:1:sjyid:100001:17113-001,rail,S-Bahn,S1,S1,17113,Basel SBB,Frick,12AB,11AB,2026-10-09 02:19:00+00:00,2026-10-09 02:19:12+00:00,,True,0.2,2026-10-09 02:17:09.994000+02:00,2026-10-09 04:19:00+02:00,2026-10-09 04:19:12+02:00,2026-10-09,4,Friday,False,121.83343333333333
20261009_001707,2026-10-09 00:17:09.994000+00:00,Basel,rail,ch:1:sloid:10,Basel SBB,ch:1:sloid:10:2:4,2026-10-09,ch:1:sjyid:100001:2055-001,rail,InterRegio,IR36,IR36,2055,Basel SBB,Zürich Flughafen,4,,2026-10-09 02:36:00+00:00,2026-10-09 02:36:42+00:00,,True,0.7,2026-10-09 02:17:09.994000+02:00,2026-10-09 04:36:00+02:00,2026-10-09 04:36:42+02:00,2026-10-09,4,Friday,False,138.83343333333332
20261009_001707,2026-10-09 00:17:09.994000+00:00,Basel,rail,ch:1:sloid:10,Basel SBB,ch:1:sloid:10_gen:ch:1:sloid:10:7:15_pf:15AB,2026-10-09,ch:1:sjyid:100001:17313-001,rail,S-Bahn,S3,S3,17313,Basel SBB,Olten,15AB,,2026-10-09 02:38:00+00:00,2026-10-09 02:38:12+00:00,,True,0.2,2026-10-09 02:17:09.994000+02:00,2026-10-09 04:38:00+02:00,2026-10-09 04:38:12+02:00,2026-10-09,4,Friday,False,140.83343333333332
20261009_001707,2026-10-09 00:17:09.994000+00:00,Basel,rail,ch:1:sloid:10,Basel SBB,ch:1:sloid:10:8:16,2026-10-09,ch:1:sjyid:100001:17312-001,rail,S-Bahn,S3,S3,17312,Basel SBB,Delémont,16,,2026-10-09 02:40:00+00:00,2026-10-09 02:40:12+00:00,,True,0.2,2026-10-09 02:17:09.994000+02:00,2026-10-09 04:40:00+02:00,2026-10-09 04:40:12+02:00,2026-10-09,4,Friday,False,142.83343333333332
20261009_001707,2026-10-09 00:17:09.994000+00:00,Basel,rail,ch:1:sloid:10,Basel SBB,ch:1:sloid:10:5:10,2026-10-09,ch:1:sjyid:100001:76-003,rail,InterCityExpress,ICE,ICE,76,Basel SBB,Hamburg Hbf,10,,2026-10-09 02:46:00+00:00,2026-10-09 02:46:42+00:00,,True,0.7,2026-10-09 02:17:09.994000+02:00,2026-10-09 04:46:00+02:00,2026-10-09 04:46:42+02:00,2026-10-09,4,Friday,False,148.83343333333332
20261009_001707,2026-10-09 00:17:09.994000+00:00,Basel,rail,ch:1:sloid:10,Basel SBB,ch:1:sloid:10:7:14,2026-10-09,ch:1:sjyid:100001:17215-001,rail,S-Bahn,S1,S1,17215,Basel SBB,Laufenburg,14,,2026-10-09 02:56:00+00:00,,,False,,2026-10-09 02:17:09.994000+02:00,2026-10-09 04:56:00+02:00,,2026-10-09,4,Friday,False,158.83343333333332
20261009_001707,2026-10-09 00:17:09.994000+00:00,Basel,rail,ch:1:sloid:10,Basel SBB,ch:1:sloid:10_gen:ch:1:sloid:10:1:2_pf:2A,2026-10-09,ch:1:sjyid:100308:87800-001,rail,S-Bahn,S6,S6,87800,Basel SBB,Zell (Wiesental),2A,,2026-10-09 03:01:00+00:00,2026-10-09 03:01:00+00:00,,True,0.0,2026-10-09 02:17:09.994000+02:00,2026-10-09 05:01:00+02:00,2026-10-09 05:01:00+02:00,2026-10-09,5,Friday,False,163.83343333333332
20261009_001707,2026-10-09 00:17:09.994000+00:00,Basel,rail,ch:1:sloid:10,Basel SBB,ch:1:sloid:10:3:5,2026-10-09,ch:1:sjyid:100001:659-002,rail,InterCity,IC21,IC21,659,Basel SBB,Lugano,5,,2026-10-09 03:02:00+00:00,2026-10-09 03:02:42+00:00,,True,0.7,2026-10-09 02:17:09.994000+02:00,2026-10-09 05:02:00+02:00,2026-10-09 05:02:42+02:00,2026-10-09,5,Friday,False,164.83343333333332
20261009_001707,2026-10-09 00:17:09.994000+00:00,Basel,rail,ch:1:sloid:10,Basel SBB,ch:1:sloid:10:6:11,2026-10-09,ch:1:sjyid:100001:1957-001,rail,InterRegio,IR36,IR36,1957,Basel SBB,Zürich HB,11,,2026-10-09 03:07:00+00:00,,,False,,2026-10-09 02:17:09.994000+02:00,2026-10-09 05:07:00+02:00,,2026-10-09,5,Friday,False,169.83343333333332
20261009_001707,2026-10-09 00:17:09.994000+00:00,Basel,rail,ch:1:sloid:10,Basel SBB,ch:1:sloid:10:5:9,2026-10-09,ch:1:sjyid:100001:204-001,rail,InterCityExpress,ICE,ICE,204,Basel SBB,Hamburg-Altona,9,,2026-10-09 03:16:00+00:00,2026-10-09 03:16:00+00:00,,True,0.0,2026-10-09 02:17:09.994000+02:00,2026-10-09 05:16:00+02:00,2026-10-09 05:16:00+02:00,2026-10-09,5,Friday,False,178.83343333333332
20261009_001707,2026-10-09 00:17:09.994000+00:00,Basel,rail,ch:1:sloid:10,Basel SBB,ch:1:sloid:10:6:12,2026-10-09,ch:1:sjyid:100001:17117-001,rail,S-Bahn,S1,S1,17117,Basel SBB,Frick,12,,2026-10-09 03:19:00+00:00,,,False,,2026-10-09 02:17:09.994000+02:00,2026-10-09 05:19:00+02:00,,2026-10-09,5,Friday,False,181.83343333333332
20261009_001707,2026-10-09 00:17:09.994000+00:00,Basel,rail,ch:1:sloid:10,Basel SBB,ch:1:sloid:10:22:33,2026-10-09,ch:1:sjyid:100001:96200-001,rail,Train Express Regional,TER,TER,96200,Basel SBB,Strasbourg,33,,2026-10-09 03:21:00+00:00,,,False,,2026-10-09 02:17:09.994000+02:00,2026-10-09 05:21:00+02:00,,2026-10-09,5,Friday,False,183.83343333333332
20261009_001707,2026-10-09 00:17:09.994000+00:00,Basel,rail,ch:1:sloid:10,Basel SBB,ch:1:sloid:10:4:8,2026-10-09,ch:1:sjyid:100001:607-002,rail,InterCity,IC61,IC61,607,Basel SBB,Interlaken Ost,8,,2026-10-09 03:24:00+00:00,,,False,,2026-10-09 02:17:09.994000+02:00,2026-10-09 05:24:00+02:00,,2026-10-09,5,Friday,False,186.83343333333332
20261009_001707,2026-10-09 00:17:09.994000+00:00,Basel,rail,ch:1:sloid:10,Basel SBB,ch:1:sloid:10:0:19,2026-10-09,ch:1:sjyid:100001:17315-001,rail,S-Bahn,S3,S3,17315,Delémont,Olten,19,,2026-10-09 03:30:00+00:00,2026-10-09 03:30:12+00:00,,True,0.2,2026-10-09 02:17:09.994000+02:00,2026-10-09 05:30:00+02:00,2026-10-09 05:30:12+02:00,2026-10-09,5,Friday,False,192.83343333333332
20261009_001707,2026-10-09 00:17:09.994000+00:00,Basel,rail,ch:1:sloid:10,Basel SBB,ch:1:sloid:10:5:10,2026-10-09,ch:1:sjyid:100001:551-001,rail,InterCity,IC3,IC3,551,Basel SBB,Zürich HB,10,,2026-10-09 03:33:00+00:00,,,False,,2026-10-09 02:17:09.994000+02:00,2026-10-09 05:33:00+02:00,,2026-10-09,5,Friday,False,195.83343333333332
20261009_001707,2026-10-09 00:17:09.994000+00:00,Basel,rail,ch:1:sloid:10,Basel SBB,ch:1:sloid:10:1:2,2026-10-09,ch:1:sjyid:100308:87802-001,rail,S-Bahn,S6,S6,87802,Basel SBB,Zell (Wiesental),2,,2026-10-09 03:35:00+00:00,,,False,,2026-10-09 02:17:09.994000+02:00,2026-10-09 05:35:00+02:00,,2026-10-09,5,Friday,False,197.83343333333332
20261009_001707,2026-10-09 00:17:09.994000+00:00,Basel,rail,ch:1:sloid:10,Basel SBB,ch:1:sloid:10:4:7,2026-10-09,ch:1:sjyid:100001:2057-001,rail,InterRegio,IR36,IR36,2057,Basel SBB,Zürich Flughafen,7,,2026-10-09 03:36:00+00:00,,,False,,2026-10-09 02:17:09.994000+02:00,2026-10-09 05:36:00+02:00,,2026-10-09,5,Friday,False,198.83343333333332
20261009_001707,2026-10-09 00:17:09.994000+00:00,Basel,rail,ch:1:sloid:10,Basel SBB,ch:1:sloid:10:21:30,2026-10-09,ch:1:sjyid:100001:96202-001,rail,Train Express Regional,TER,TER,96202,Basel SBB,Strasbourg,30,,2026-10-09 03:36:00+00:00,,,False,,2026-10-09 02:17:09.994000+02:00,2026-10-09 05:36:00+02:00,,2026-10-09,5,Friday,False,198.83343333333332
20261009_001707,2026-10-09 00:17:09.994000+00:00,Basel,rail,ch:1:sloid:10,Basel SBB,ch:1:sloid:10:8:16,2026-10-09,ch:1:sjyid:100001:17314-001,rail,S-Bahn,S3,S3,17314,Olten,Laufen,16,,2026-10-09 03:38:00+00:00,2026-10-09 03:38:12+00:00,,True,0.2,2026-10-09 02:17:09.994000+02:00,2026-10-09 05:38:00+02:00,2026-10-09 05:38:12+02:00,2026-10-09,5,Friday,False,200.83343333333332
20261009_001707,2026-10-09 00:17:09.994000+00:00,Basel,rail,ch:1:sloid:10,Basel SBB,ch:1:sloid:10:3:6,2026-10-09,ch:1:sjyid:100001:2257-001,rail,InterRegio,IR37,IR37,2257,Basel SBB,Zürich HB,6,,2026-10-09 03:43:00+00:00,,,False,,2026-10-09 02:17:09.994000+02:00,2026-10-09 05:43:00+02:00,,2026-10-09,5,Friday,False,205.83343333333332
20261009_001707,2026-10-09 00:17:09.994000+00:00,Basel,rail,ch:1:sloid:10,Basel SBB,ch:1:sloid:10:7:15,2026-10-09,ch:1:sjyid:100001:17517-002,rail,S-Bahn,S33,S33,17517,Basel SBB,Sissach,15,,2026-10-09 03:45:00+00:00,,,False,,2026-10-09 02:17:09.994000+02:00,2026-10-09 05:45:00+02:00,,2026-10-09,5,Friday,False,207.83343333333332
20261009_001707,2026-10-09 00:17:09.994000+00:00,Basel,rail,ch:1:sloid:10,Basel SBB,ch:1:sloid:10:6:12,2026-10-09,ch:1:sjyid:100001:17119-001,rail,S-Bahn,S1,S1,17119,Basel SBB,Frick,12,,2026-10-09 03:49:00+00:00,,,False,,2026-10-09 02:17:09.994000+02:00,2026-10-09 05:49:00+02:00,,2026-10-09,5,Friday,False,211.83343333333332
20261009_001707,2026-10-09 00:17:09.994000+00:00,Basel,rail,ch:1:sloid:10,Basel SBB,ch:1:sloid:10:2:4,2026-10-09,ch:1:sjyid:100001:267-001,rail,InterCityExpress,ICE,ICE,267,Basel SBB,Basel Bad Bf,4,,2026-10-09 03:50:00+00:00,,,False,,2026-10-09 02:17:09.994000+02:00,2026-10-09 05:50:00+02:00,,2026-10-09,5,Friday,False,212.83343333333332
20261009_001707,2026-10-09 00:17:09.994000+00:00,Basel,rail,ch:1:sloid:10,Basel SBB,ch:1:sloid:10:2:3,2026-10-09,ch:1:sjyid:100001:957-001,rail,InterCity,IC61,IC61,957,Basel SBB,Interlaken Ost,3,,2026-10-09 03:58:00+00:00,,,False,,2026-10-09 02:17:09.994000+02:00,2026-10-09 05:58:00+02:00,,2026-10-09,5,Friday,False,220.83343333333332
20261009_001707,2026-10-09 00:17:09.994000+00:00,Basel,rail,ch:1:sloid:10,Basel SBB,ch:1:sloid:10:0:19,2026-10-09,ch:1:sjyid:100001:17317-001,rail,S-Bahn,S3,S3,17317,Delémont,Olten,19A-D,,2026-10-09 04:00:00+00:00,2026-10-09 04:00:12+00:00,,True,0.2,2026-10-09 02:17:09.994000+02:00,2026-10-09 06:00:00+02:00,2026-10-09 06:00:12+02:00,2026-10-09,6,Friday,False,222.83343333333332
20261009_001707,2026-10-09 00:17:09.994000+00:00,Basel,rail,ch:1:sloid:10,Basel SBB,ch:1:sloid:10:0:20,2026-10-09,ch:1:sjyid:100015:1854-001,rail,InterRegio,IR56,IR56,1854,Basel SBB,Biel/Bienne,20,,2026-10-09 04:02:00+00:00,,,False,,2026-10-09 02:17:09.994000+02:00,2026-10-09 06:02:00+02:00,,2026-10-09,6,Friday,False,224.83343333333332
20261009_001707,2026-10-09 00:17:09.994000+00:00,Basel,rail,ch:1:sloid:10,Basel SBB,ch:1:sloid:10:3:6,2026-10-09,ch:1:sjyid:100061:2311-001,rail,Treno Gottardo,IR26,IR26,2311,Basel SBB,Locarno,6,,2026-10-09 04:04:00+00:00,,,False,,2026-10-09 02:17:09.994000+02:00,2026-10-09 06:04:00+02:00,,2026-10-09,6,Friday,False,226.83343333333332
20261009_001707,2026-10-09 00:17:09.994000+00:00,Basel,rail,ch:1:sloid:10,Basel SBB,ch:1:sloid:10:1:2,2026-10-09,ch:1:sjyid:100308:87804-001,rail,S-Bahn,S6,S6,87804,Basel SBB,Zell (Wiesental),2,,2026-10-09 04:06:00+00:00,,,False,,2026-10-09 02:17:09.994000+02:00,2026-10-09 06:06:00+02:00,,2026-10-09,6,Friday,False,228.83343333333332
20261009_001707,2026-10-09 00:17:09.994000+00:00,Basel,rail,ch:1:sloid:10,Basel SBB,ch:1:sloid:10:7:14,2026-10-09,ch:1:sjyid:100001:1959-001,rail,InterRegio,IR36,IR36,1959,Basel SBB,Zürich HB,14,,2026-10-09 04:07:00+00:00,,,False,,2026-10-09 02:17:09.994000+02:00,2026-10-09 06:07:00+02:00,,2026-10-09,6,Friday,False,229.83343333333332
20261009_001707,2026-10-09 00:17:09.994000+00:00,Basel,rail,ch:1:sloid:10,Basel SBB,ch:1:sloid:10:5:9,2026-10-09,ch:1:sjyid:100001:1057-001,rail,InterCity,IC3,IC3,1057,Basel SBB,Zürich HB,9,,2026-10-09 04:07:00+00:00,,,False,,2026-10-09 02:17:09.994000+02:00,2026-10-09 06:07:00+02:00,,2026-10-09,6,Friday,False,229.83343333333332
20261009_001707,2026-10-09 00:17:10.469000+00:00,Luzern,rail,ch:1:sloid:5000,Luzern,ch:1:sloid:5000_gen:ch:1:sloid:5000:3:6_pf:6CD,2026-10-09,ch:1:sjyid:100001:21107-001,rail,S-Bahn,S1,S1,21107,Luzern,Turgi,6CD,,2026-10-09 02:21:00+00:00,2026-10-09 02:21:12+00:00,,True,0.2,2026-10-09 02:17:10.469000+02:00,2026-10-09 04:21:00+02:00,2026-10-09 04:21:12+02:00,2026-10-09,4,Friday,False,123.82551666666667
20261009_001707,2026-10-09 00:17:10.469000+00:00,Luzern,rail,ch:1:sloid:5000,Luzern,ch:1:sloid:5000_gen:ch:1:sloid:5000:5:11_pf:11B-D,2026-10-09,ch:1:sjyid:100015:4356-001,rail,RegioExpress,RE7,RE7,4356,Luzern,Bern,11B-D,,2026-10-09 02:50:00+00:00,,,False,,2026-10-09 02:17:10.469000+02:00,2026-10-09 04:50:00+02:00,,2026-10-09,4,Friday,False,152.8255166666667
20261009_001707,2026-10-09 00:17:10.469000+00:00,Luzern,rail,ch:1:sloid:5000,Luzern,ch:1:sloid:5000_gen:ch:1:sloid:5000:5:10_pf:10B-D,2026-10-09,ch:1:sjyid:100001:2562-001,rail,InterRegio,IR,IR,2562,Luzern,Sargans,10B-D,,2026-10-09 02:52:00+00:00,2026-10-09 02:52:30+00:00,,True,0.5,2026-10-09 02:17:10.469000+02:00,2026-10-09 04:52:00+02:00,2026-10-09 04:52:30+02:00,2026-10-09,4,Friday,False,154.8255166666667
20261009_001707,2026-10-09 00:17:10.469000+00:00,Luzern,rail,ch:1:sloid:5000,Luzern,ch:1:sloid:5000:4:9,2026-10-09,ch:1:sjyid:100061:2304-001,rail,InterRegio,IR26,IR26,2304,Luzern,Basel SBB,9,,2026-10-09 02:54:00+00:00,2026-10-09 02:54:30+00:00,,True,0.5,2026-10-09 02:17:10.469000+02:00,2026-10-09 04:54:00+02:00,2026-10-09 04:54:30+02:00,2026-10-09,4,Friday,False,156.8255166666667
20261009_001707,2026-10-09 00:17:10.469000+00:00,Luzern,rail,ch:1:sloid:5000,Luzern,ch:1:sloid:5000:2:4,2026-10-09,ch:1:sjyid:100001:4706-001,rail,RegioExpress,RE24,RE24,4706,Luzern,Olten,4,,2026-10-09 02:58:00+00:00,2026-10-09 02:58:12+00:00,,True,0.2,2026-10-09 02:17:10.469000+02:00,2026-10-09 04:58:00+02:00,2026-10-09 04:58:12+02:00,2026-10-09,4,Friday,False,160.8255166666667
20261009_001707,2026-10-09 00:17:10.469000+00:00,Luzern,rail,ch:1:sloid:5000,Luzern,ch:1:sloid:5000:5:11,2026-10-09,ch:1:sjyid:100001:21914-001,rail,S-Bahn,S9,S9,21914,Luzern,Lenzburg,11,,2026-10-09 03:02:00+00:00,2026-10-09 03:02:30+00:00,,True,0.5,2026-10-09 02:17:10.469000+02:00,2026-10-09 05:02:00+02:00,2026-10-09 05:02:30+02:00,2026-10-09,5,Friday,False,164.8255166666667
20261009_001707,2026-10-09 00:17:10.469000+00:00,Luzern,rail,ch:1:sloid:5000,Luzern,ch:1:sloid:5000:7:15,2026-10-09,ch:1:sjyid:100064:2956-002,rail,InterRegio,IRLEX,IRLEX,2956,Luzern,Stansstad,15,,2026-10-09 03:04:00+00:00,2026-10-09 03:04:12+00:00,,True,0.2,2026-10-09 02:17:10.469000+02:00,2026-10-09 05:04:00+02:00,2026-10-09 05:04:12+02:00,2026-10-09,5,Friday,False,166.8255166666667
20261009_001707,2026-10-09 00:17:10.469000+00:00,Luzern,rail,ch:1:sloid:5000,Luzern,ch:1:sloid:5000_gen:ch:1:sloid:5000:3:6_pf:6CD,2026-10-09,ch:1:sjyid:100001:21109-001,rail,S-Bahn,S1,S1,21109,Luzern,Sursee,6CD,,2026-10-09 03:14:00+00:00,,,False,,2026-10-09 02:17:10.469000+02:00,2026-10-09 05:14:00+02:00,,2026-10-09,5,Friday,False,176.8255166666667
20261009_001707,2026-10-09 00:17:10.469000+00:00,Luzern,rail,ch:1:sloid:5000,Luzern,ch:1:sloid:5000_gen:ch:1:sloid:5000:5:10_pf:10B-D,2026-10-09,ch:1:sjyid:100015:21616-001,rail,S-Bahn,S6,S6,21616,Luzern,Langnau i.E./Langenthal,10B-D,,2026-10-09 03:16:00+00:00,,,False,,2026-10-09 02:17:10.469000+02:00,2026-10-09 05:16:00+02:00,,2026-10-09,5,Friday,False,178.8255166666667
20261009_001707,2026-10-09 00:17:10.469000+00:00,Luzern,rail,ch:1:sloid:5000,Luzern,ch:1:sloid:5000:4:9,2026-10-09,ch:1:sjyid:100001:21108-001,rail,S-Bahn,S1,S1,21108,Sursee,Baar,9,,2026-10-09 03:21:00+00:00,,,False,,2026-10-09 02:17:10.469000+02:00,2026-10-09 05:21:00+02:00,,2026-10-09,5,Friday,False,183.8255166666667
20261009_001707,2026-10-09 00:17:10.469000+00:00,Luzern,rail,ch:1:sloid:5000,Luzern,ch:1:sloid:5000_gen:ch:1:sloid:5000:6:13_pf:13B,2026-10-09,ch:1:sjyid:100064:22518-001,rail,S-Bahn,S55,S55,22518,Luzern,Sachseln,13B,,2026-10-09 03:24:00+00:00,,,False,,2026-10-09 02:17:10.469000+02:00,2026-10-09 05:24:00+02:00,,2026-10-09,5,Friday,False,186.8255166666667
20261009_001707,2026-10-09 00:17:10.469000+00:00,Luzern,rail,ch:1:sloid:5000,Luzern,ch:1:sloid:5000_gen:ch:1:sloid:5000:7:14_pf:14B,2026-10-09,ch:1:sjyid:100064:21418-001,rail,S-Bahn,S4,S4,21418,Luzern,Stansstad,14B,,2026-10-09 03:27:00+00:00,,,False,,2026-10-09 02:17:10.469000+02:00,2026-10-09 05:27:00+02:00,,2026-10-09,5,Friday,False,189.8255166666667
20261009_001707,2026-10-09 00:17:10.469000+00:00,Luzern,rail,ch:1:sloid:5000,Luzern,ch:1:sloid:5000:3:7,2026-10-09,ch:1:sjyid:100001:2456-001,rail,InterRegio,IR27,IR27,2456,Luzern,Basel SBB,7,,2026-10-09 03:30:00+00:00,,,False,,2026-10-09 02:17:10.469000+02:00,2026-10-09 05:30:00+02:00,,2026-10-09,5,Friday,False,192.8255166666667
20261009_001707,2026-10-09 00:17:10.469000+00:00,Luzern,rail,ch:1:sloid:5000,Luzern,ch:1:sloid:5000:5:11,2026-10-09,ch:1:sjyid:100001:21918-001,rail,S-Bahn,S9,S9,21918,Luzern,Lenzburg,11,,2026-10-09 03:32:00+00:00,,,False,,2026-10-09 02:17:10.469000+02:00,2026-10-09 05:32:00+02:00,,2026-10-09,5,Friday,False,194.8255166666667
20261009_001707,2026-10-09 00:17:10.469000+00:00,Luzern,rail,ch:1:sloid:5000,Luzern,ch:1:sloid:5000:2:5,2026-10-09,ch:1:sjyid:100001:2107-001,rail,InterRegio,IR75,IR75,2107,Luzern,Konstanz,5,,2026-10-09 03:35:00+00:00,,,False,,2026-10-09 02:17:10.469000+02:00,2026-10-09 05:35:00+02:00,,2026-10-09,5,Friday,False,197.8255166666667
20261009_001707,2026-10-09 00:17:10.469000+00:00,Luzern,rail,ch:1:sloid:5000,Luzern,ch:1:sloid:5000:1:2,2026-10-09,ch:1:sjyid:100001:21319-001,rail,S-Bahn,S3,S3,21319,Luzern,Brunnen,2,,2026-10-09 03:39:00+00:00,,,False,,2026-10-09 02:17:10.469000+02:00,2026-10-09 05:39:00+02:00,,2026-10-09,5,Friday,False,201.8255166666667
20261009_001707,2026-10-09 00:17:10.469000+00:00,Luzern,rail,ch:1:sloid:5000,Luzern,ch:1:sloid:5000:7:15,2026-10-09,ch:1:sjyid:100064:21518-001,rail,S-Bahn,S5,S5,21518,Luzern,Giswil,15,,2026-10-09 03:42:00+00:00,,,False,,2026-10-09 02:17:10.469000+02:00,2026-10-09 05:42:00+02:00,,2026-10-09,5,Friday,False,204.8255166666667
20261009_001707,2026-10-09 00:17:10.469000+00:00,Luzern,rail,ch:1:sloid:5000,Luzern,ch:1:sloid:5000:4:9,2026-10-09,ch:1:sjyid:100001:21111-001,rail,S-Bahn,S1,S1,21111,Zug,Sursee,9,,2026-10-09 03:44:00+00:00,2026-10-09 03:45:00+00:00,,True,1.0,2026-10-09 02:17:10.469000+02:00,2026-10-09 05:44:00+02:00,2026-10-09 05:45:00+02:00,2026-10-09,5,Friday,False,206.8255166666667
20261009_001707,2026-10-09 00:17:10.469000+00:00,Luzern,rail,ch:1:sloid:5000,Luzern,ch:1:sloid:5000:3:7,2026-10-09,ch:1:sjyid:100001:21112-001,rail,S-Bahn,S1,S1,21112,Sursee,Baar,7,,2026-10-09 03:51:00+00:00,,,False,,2026-10-09 02:17:10.469000+02:00,2026-10-09 05:51:00+02:00,,2026-10-09,5,Friday,False,213.8255166666667
20261009_001707,2026-10-09 00:17:10.469000+00:00,Luzern,rail,ch:1:sloid:5000,Luzern,ch:1:sloid:5000:2:4,2026-10-09,ch:1:sjyid:100001:2306-001,rail,InterRegio,IR26,IR26,2306,Luzern,Basel SBB,4,,2026-10-09 03:54:00+00:00,,,False,,2026-10-09 02:17:10.469000+02:00,2026-10-09 05:54:00+02:00,,2026-10-09,5,Friday,False,216.8255166666667
20261009_001707,2026-10-09 00:17:10.469000+00:00,Luzern,rail,ch:1:sloid:5000,Luzern,ch:1:sloid:5000:2:5,2026-10-09,ch:1:sjyid:100015:4458-001,rail,RegioExpress,RE7,RE7,4458,Luzern,Bern | Huttwil,5,,2026-10-09 03:57:00+00:00,,,False,,2026-10-09 02:17:10.469000+02:00,2026-10-09 05:57:00+02:00,,2026-10-09,5,Friday,False,219.8255166666667
20261009_001707,2026-10-09 00:17:10.469000+00:00,Luzern,rail,ch:1:sloid:5000,Luzern,ch:1:sloid:5000:7:14,2026-10-09,ch:1:sjyid:100064:21420-001,rail,S-Bahn,S4,S4,21420,Luzern,Stansstad,14,,2026-10-09 03:57:00+00:00,,,False,,2026-10-09 02:17:10.469000+02:00,2026-10-09 05:57:00+02:00,,2026-10-09,5,Friday,False,219.8255166666667
20261009_001707,2026-10-09 00:17:10.469000+00:00,Luzern,rail,ch:1:sloid:5000,Luzern,ch:1:sloid:5000:4:8,2026-10-09,ch:1:sjyid:100001:2508-002,rail,InterRegio,IR15,IR15,2508,Luzern,Genève-Aéroport,8,,2026-10-09 04:00:00+00:00,,,False,,2026-10-09 02:17:10.469000+02:00,2026-10-09 06:00:00+02:00,,2026-10-09,6,Friday,False,222.8255166666667
20261009_001707,2026-10-09 00:17:10.469000+00:00,Luzern,rail,ch:1:sloid:5000,Luzern,ch:1:sloid:5000:5:10,2026-10-09,ch:1:sjyid:100001:21920-002,rail,S-Bahn,S9,S9,21920,Luzern,Lenzburg,10,,2026-10-09 04:02:00+00:00,,,False,,2026-10-09 02:17:10.469000+02:00,2026-10-09 06:02:00+02:00,,2026-10-09,6,Friday,False,224.8255166666667
20261009_001707,2026-10-09 00:17:10.469000+00:00,Luzern,rail,ch:1:sloid:5000,Luzern,ch:1:sloid:5000:4:9,2026-10-09,ch:1:sjyid:100001:4708-001,rail,RegioExpress,RE24,RE24,4708,Luzern,Olten,9,,2026-10-09 04:05:00+00:00,,,False,,2026-10-09 02:17:10.469000+02:00,2026-10-09 06:05:00+02:00,,2026-10-09,6,Friday,False,227.8255166666667
20261009_001707,2026-10-09 00:17:10.469000+00:00,Luzern,rail,ch:1:sloid:5000,Luzern,ch:1:sloid:5000:6:12,2026-10-09,ch:1:sjyid:100064:2912-001,rail,Luzern-Interlaken Express,LIX,LIX,2912,Luzern,Interlaken Ost,12,,2026-10-09 04:06:00+00:00,,,False,,2026-10-09 02:17:10.469000+02:00,2026-10-09 06:06:00+02:00,,2026-10-09,6,Friday,False,228.8255166666667
20261009_001707,2026-10-09 00:17:10.469000+00:00,Luzern,rail,ch:1:sloid:5000,Luzern,ch:1:sloid:5000_gen:ch:1:sloid:5000:5:11_pf:11B-D,2026-10-09,ch:1:sjyid:100001:21321-001,rail,S-Bahn,S3,S3,21321,Luzern,Brunnen,11B-D,,2026-10-09 04:06:00+00:00,,,False,,2026-10-09 02:17:10.469000+02:00,2026-10-09 06:06:00+02:00,,2026-10-09,6,Friday,False,228.8255166666667
20261009_001707,2026-10-09 00:17:10.469000+00:00,Luzern,rail,ch:1:sloid:5000,Luzern,ch:1:sloid:5000:1:3,2026-10-09,ch:1:sjyid:100001:2610-001,rail,InterRegio,IR70,IR70,2610,Luzern,Zürich HB,3,,2026-10-09 04:09:00+00:00,,,False,,2026-10-09 02:17:10.469000+02:00,2026-10-09 06:09:00+02:00,,2026-10-09,6,Friday,False,231.8255166666667
20261009_001707,2026-10-09 00:17:10.469000+00:00,Luzern,rail,ch:1:sloid:5000,Luzern,ch:1:sloid:5000_gen:ch:1:sloid:5000:6:13_pf:13BC,2026-10-09,ch:1:sjyid:100064:2958-001,rail,Luzern-Engelberg Express,IRLEX,IRLEX,2958,Luzern,Stansstad,13BC,,2026-10-09 04:10:00+00:00,,,False,,2026-10-09 02:17:10.469000+02:00,2026-10-09 06:10:00+02:00,,2026-10-09,6,Friday,False,232.8255166666667
20261009_001707,2026-10-09 00:17:10.469000+00:00,Luzern,rail,ch:1:sloid:5000,Luzern,ch:1:sloid:5000:7:14,2026-10-09,ch:1:sjyid:100064:21520-001,rail,S-Bahn,S5,S5,21520,Luzern,Giswil,14,,2026-10-09 04:12:00+00:00,,,False,,2026-10-09 02:17:10.469000+02:00,2026-10-09 06:12:00+02:00,,2026-10-09,6,Friday,False,234.8255166666667
20261009_001707,2026-10-09 00:17:10.974000+00:00,St. Gallen,rail,ch:1:sloid:6302,St. Gallen,ch:1:sloid:6302:2:3,2026-10-09,ch:1:sjyid:100001:3252-001,rail,InterRegio,IR13,IR13,3252,St. Gallen,Luzern,3,,2026-10-09 02:37:00+00:00,,,False,,2026-10-09 02:17:10.974000+02:00,2026-10-09 04:37:00+02:00,,2026-10-09,4,Friday,False,139.8171
20261009_001707,2026-10-09 00:17:10.974000+00:00,St. Gallen,rail,ch:1:sloid:6302,St. Gallen,ch:1:sloid:6302:2:2,2026-10-09,ch:1:sjyid:100061:2006-001,rail,Voralpen-Express,VAE,VAE,2006,St. Gallen,Biberbrugg,2,,2026-10-09 03:05:00+00:00,,,False,,2026-10-09 02:17:10.974000+02:00,2026-10-09 05:05:00+02:00,,2026-10-09,5,Friday,False,167.8171
20261009_001707,2026-10-09 00:17:10.974000+00:00,St. Gallen,rail,ch:1:sloid:6302,St. Gallen,ch:1:sloid:6302:1:1,2026-10-09,ch:1:sjyid:100001:706-001,rail,InterCity,IC1,IC1,706,St. Gallen,Genève-Aéroport,1,,2026-10-09 03:07:00+00:00,,,False,,2026-10-09 02:17:10.974000+02:00,2026-10-09 05:07:00+02:00,,2026-10-09,5,Friday,False,169.8171
20261009_001707,2026-10-09 00:17:10.974000+00:00,St. Gallen,rail,ch:1:sloid:6302,St. Gallen,ch:1:sloid:6302:3:4,2026-10-09,ch:1:sjyid:100046:11215-001,rail,S-Bahn,S2,S2,11215,St. Gallen,Altstätten SG,4,,2026-10-09 03:08:00+00:00,2026-10-09 03:08:12+00:00,,True,0.2,2026-10-09 02:17:10.974000+02:00,2026-10-09 05:08:00+02:00,2026-10-09 05:08:12+02:00,2026-10-09,5,Friday,False,170.8171
20261009_001707,2026-10-09 00:17:10.974000+00:00,St. Gallen,rail,ch:1:sloid:6302,St. Gallen,ch:1:sloid:6302:4:7,2026-10-09,ch:1:sjyid:100046:11514-001,rail,S-Bahn,S5,S5,11514,St. Gallen,Weinfelden,7,,2026-10-09 03:10:00+00:00,2026-10-09 03:10:12+00:00,,True,0.2,2026-10-09 02:17:10.974000+02:00,2026-10-09 05:10:00+02:00,2026-10-09 05:10:12+02:00,2026-10-09,5,Friday,False,172.8171
20261009_001707,2026-10-09 00:17:10.974000+00:00,St. Gallen,rail,ch:1:sloid:6302,St. Gallen,ch:1:sloid:6302:4:6,2026-10-09,ch:1:sjyid:100046:11114-001,rail,S-Bahn,S1,S1,11114,St. Gallen,Wil SG,6,,2026-10-09 03:17:00+00:00,,,False,,2026-10-09 02:17:10.974000+02:00,2026-10-09 05:17:00+02:00,,2026-10-09,5,Friday,False,179.8171
20261009_001707,2026-10-09 00:17:10.974000+00:00,St. Gallen,rail,ch:1:sloid:6302,St. Gallen,ch:1:sloid:6302:3:4,2026-10-09,ch:1:sjyid:100046:11115-001,rail,S-Bahn,S1,S1,11115,St. Gallen,Schaffhausen,4,,2026-10-09 03:19:00+00:00,,,False,,2026-10-09 02:17:10.974000+02:00,2026-10-09 05:19:00+02:00,,2026-10-09,5,Friday,False,181.8171
20261009_001707,2026-10-09 00:17:10.974000+00:00,St. Gallen,rail,ch:1:sloid:6302,St. Gallen,ch:1:sloid:6302:500:11,2026-10-09,ch:1:sjyid:100007:plan:2049,rail,S-Bahn,S21,S21,2049,Trogen,Appenzell,11,,2026-10-09 03:21:00+00:00,2026-10-09 03:21:00+00:00,,True,0.0,2026-10-09 02:17:10.974000+02:00,2026-10-09 05:21:00+02:00,2026-10-09 05:21:00+02:00,2026-10-09,5,Friday,False,183.8171
20261009_001707,2026-10-09 00:17:10.974000+00:00,St. Gallen,rail,ch:1:sloid:6302,St. Gallen,ch:1:sloid:6302:2:3,2026-10-09,ch:1:sjyid:100001:3251-001,rail,InterRegio,IR13,IR13,3251,Wil SG,Sargans,3,,2026-10-09 03:25:00+00:00,2026-10-09 03:25:18+00:00,,True,0.3,2026-10-09 02:17:10.974000+02:00,2026-10-09 05:25:00+02:00,2026-10-09 05:25:18+02:00,2026-10-09,5,Friday,False,187.8171
20261009_001707,2026-10-09 00:17:10.974000+00:00,St. Gallen,rail,ch:1:sloid:6302,St. Gallen,ch:1:sloid:6302:3:5,2026-10-09,ch:1:sjyid:100061:11416-001,rail,S-Bahn,S4,S4,11416,St. Gallen,Rapperswil SG,5,,2026-10-09 03:27:00+00:00,,,False,,2026-10-09 02:17:10.974000+02:00,2026-10-09 05:27:00+02:00,,2026-10-09,5,Friday,False,189.8171
20261009_001707,2026-10-09 00:17:10.974000+00:00,St. Gallen,rail,ch:1:sloid:6302,St. Gallen,ch:1:sloid:6302:2:2,2026-10-09,ch:1:sjyid:100001:3254-001,rail,InterRegio,IR13,IR13,3254,St. Gallen,Zürich HB,2,,2026-10-09 03:37:00+00:00,,,False,,2026-10-09 02:17:10.974000+02:00,2026-10-09 05:37:00+02:00,,2026-10-09,5,Friday,False,199.8171
20261009_001707,2026-10-09 00:17:10.974000+00:00,St. Gallen,rail,ch:1:sloid:6302,St. Gallen,ch:1:sloid:6302:2:3,2026-10-09,ch:1:sjyid:100061:11415-001,rail,S-Bahn,S4,S4,11415,Wattwil,Sargans,3,,2026-10-09 03:38:00+00:00,,,False,,2026-10-09 02:17:10.974000+02:00,2026-10-09 05:38:00+02:00,,2026-10-09,5,Friday,False,200.8171
20261009_001707,2026-10-09 00:17:10.974000+00:00,St. Gallen,rail,ch:1:sloid:6302,St. Gallen,ch:1:sloid:6302:500:12,2026-10-09,ch:1:sjyid:100007:plan:4048,rail,S-Bahn,S22,S22,4048,Appenzell,Trogen,12,,2026-10-09 03:39:00+00:00,2026-10-09 03:39:00+00:00,,True,0.0,2026-10-09 02:17:10.974000+02:00,2026-10-09 05:39:00+02:00,2026-10-09 05:39:00+02:00,2026-10-09,5,Friday,False,201.8171
20261009_001707,2026-10-09 00:17:10.974000+00:00,St. Gallen,rail,ch:1:sloid:6302,St. Gallen,ch:1:sloid:6302:3:4,2026-10-09,ch:1:sjyid:100046:11516-001,rail,S-Bahn,S5,S5,11516,St. Gallen,Weinfelden,4,,2026-10-09 03:40:00+00:00,,,False,,2026-10-09 02:17:10.974000+02:00,2026-10-09 05:40:00+02:00,,2026-10-09,5,Friday,False,202.8171
20261009_001707,2026-10-09 00:17:10.974000+00:00,St. Gallen,rail,ch:1:sloid:6302,St. Gallen,ch:1:sloid:6302:4:6,2026-10-09,ch:1:sjyid:100046:5210-001,rail,RegioExpress,RE1,RE1,5210,St. Gallen,Herisau,6,,2026-10-09 03:44:00+00:00,,,False,,2026-10-09 02:17:10.974000+02:00,2026-10-09 05:44:00+02:00,,2026-10-09,5,Friday,False,206.8171
20261009_001707,2026-10-09 00:17:10.974000+00:00,St. Gallen,rail,ch:1:sloid:6302,St. Gallen,ch:1:sloid:6302:1:1,2026-10-09,ch:1:sjyid:100046:11116-001,rail,S-Bahn,S1,S1,11116,Kreuzlingen,Wil SG,1,,2026-10-09 03:47:00+00:00,2026-10-09 03:47:12+00:00,,True,0.2,2026-10-09 02:17:10.974000+02:00,2026-10-09 05:47:00+02:00,2026-10-09 05:47:12+02:00,2026-10-09,5,Friday,False,209.8171
20261009_001707,2026-10-09 00:17:10.974000+00:00,St. Gallen,rail,ch:1:sloid:6302,St. Gallen,ch:1:sloid:6302:2:3,2026-10-09,ch:1:sjyid:100046:11117-001,rail,S-Bahn,S1,S1,11117,Wil SG,Schaffhausen,3,,2026-10-09 03:49:00+00:00,,,False,,2026-10-09 02:17:10.974000+02:00,2026-10-09 05:49:00+02:00,,2026-10-09,5,Friday,False,211.8171
20261009_001707,2026-10-09 00:17:10.974000+00:00,St. Gallen,rail,ch:1:sloid:6302,St. Gallen,ch:1:sloid:6302:500:11,2026-10-09,ch:1:sjyid:100007:plan:2055,rail,S-Bahn,S21,S21,2055,Trogen,Appenzell,11,,2026-10-09 03:51:00+00:00,,,False,,2026-10-09 02:17:10.974000+02:00,2026-10-09 05:51:00+02:00,,2026-10-09,5,Friday,False,213.8171
20261009_001707,2026-10-09 00:17:10.974000+00:00,St. Gallen,rail,ch:1:sloid:6302,St. Gallen,ch:1:sloid:6302:500:12,2026-10-09,ch:1:sjyid:100007:plan:2050,rail,S-Bahn,S21,S21,2050,Appenzell,Trogen,12,,2026-10-09 03:54:00+00:00,2026-10-09 03:54:00+00:00,,True,0.0,2026-10-09 02:17:10.974000+02:00,2026-10-09 05:54:00+02:00,2026-10-09 05:54:00+02:00,2026-10-09,5,Friday,False,216.8171
20261009_001707,2026-10-09 00:17:10.974000+00:00,St. Gallen,rail,ch:1:sloid:6302,St. Gallen,ch:1:sloid:6302:3:4,2026-10-09,ch:1:sjyid:100061:2201-001,rail,Alpenrhein-Express,IR13,IR13,2201,St. Gallen,Chur,4,,2026-10-09 03:55:00+00:00,,,False,,2026-10-09 02:17:10.974000+02:00,2026-10-09 05:55:00+02:00,,2026-10-09,5,Friday,False,217.8171
20261009_001707,2026-10-09 00:17:10.974000+00:00,St. Gallen,rail,ch:1:sloid:6302,St. Gallen,ch:1:sloid:6302:4:6,2026-10-09,ch:1:sjyid:100046:11517-001,rail,S-Bahn,S5,S5,11517,Weinfelden,St. Margrethen SG,6,,2026-10-09 03:57:00+00:00,,,False,,2026-10-09 02:17:10.974000+02:00,2026-10-09 05:57:00+02:00,,2026-10-09,5,Friday,False,219.8171
20261009_001707,2026-10-09 00:17:10.974000+00:00,St. Gallen,rail,ch:1:sloid:6302,St. Gallen,ch:1:sloid:6302_gen:ch:1:sloid:6302:3:5_pf:5AB,2026-10-09,ch:1:sjyid:100046:11218-001,rail,S-Bahn,S2,S2,11218,Rorschach,Nesslau-Neu St. Johann,5AB,,2026-10-09 03:57:00+00:00,,,False,,2026-10-09 02:17:10.974000+02:00,2026-10-09 05:57:00+02:00,,2026-10-09,5,Friday,False,219.8171
20261009_001707,2026-10-09 00:17:10.974000+00:00,St. Gallen,rail,ch:1:sloid:6302,St. Gallen,ch:1:sloid:6302:2:2,2026-10-09,ch:1:sjyid:100001:510-001,rail,InterCity,IC5,IC5,510,Rorschach,Lausanne,2,,2026-10-09 03:58:00+00:00,,,False,,2026-10-09 02:17:10.974000+02:00,2026-10-09 05:58:00+02:00,,2026-10-09,5,Friday,False,220.8171
20261009_001707,2026-10-09 00:17:10.974000+00:00,St. Gallen,rail,ch:1:sloid:6302,St. Gallen,ch:1:sloid:6302:2:3,2026-10-09,ch:1:sjyid:100061:2008-001,rail,Voralpen-Express,VAE,VAE,2008,St. Gallen,Biberbrugg,3,,2026-10-09 04:05:00+00:00,,,False,,2026-10-09 02:17:10.974000+02:00,2026-10-09 06:05:00+02:00,,2026-10-09,6,Friday,False,227.8171
20261009_001707,2026-10-09 00:17:10.974000+00:00,St. Gallen,rail,ch:1:sloid:6302,St. Gallen,ch:1:sloid:6302:500:11,2026-10-09,ch:1:sjyid:100007:plan:4057,rail,S-Bahn,S22,S22,4057,Trogen,Teufen AR,11,,2026-10-09 04:06:00+00:00,,,False,,2026-10-09 02:17:10.974000+02:00,2026-10-09 06:06:00+02:00,,2026-10-09,6,Friday,False,228.8171
20261009_001707,2026-10-09 00:17:10.974000+00:00,St. Gallen,rail,ch:1:sloid:6302,St. Gallen,ch:1:sloid:6302:1:1,2026-10-09,ch:1:sjyid:100001:708-001,rail,InterCity,IC1,IC1,708,St. Gallen,Genève-Aéroport,1,,2026-10-09 04:07:00+00:00,,,False,,2026-10-09 02:17:10.974000+02:00,2026-10-09 06:07:00+02:00,,2026-10-09,6,Friday,False,229.8171
20261009_001707,2026-10-09 00:17:10.974000+00:00,St. Gallen,rail,ch:1:sloid:6302,St. Gallen,ch:1:sloid:6302:3:5,2026-10-09,ch:1:sjyid:100046:11219-001,rail,S-Bahn,S2,S2,11219,Nesslau-Neu St. Johann,Altstätten SG,5,,2026-10-09 04:08:00+00:00,,,False,,2026-10-09 02:17:10.974000+02:00,2026-10-09 06:08:00+02:00,,2026-10-09,6,Friday,False,230.8171
20261009_001707,2026-10-09 00:17:10.974000+00:00,St. Gallen,rail,ch:1:sloid:6302,St. Gallen,ch:1:sloid:6302:500:12,2026-10-09,ch:1:sjyid:100007:plan:4054,rail,S-Bahn,S22,S22,4054,Appenzell,Trogen,12,,2026-10-09 04:09:00+00:00,,,False,,2026-10-09 02:17:10.974000+02:00,2026-10-09 06:09:00+02:00,,2026-10-09,6,Friday,False,231.8171
20261009_001707,2026-10-09 00:17:10.974000+00:00,St. Gallen,rail,ch:1:sloid:6302,St. Gallen,ch:1:sloid:6302:3:4,2026-10-09,ch:1:sjyid:100046:11518-001,rail,S-Bahn,S5,S5,11518,St. Margrethen SG,Weinfelden,4,,2026-10-09 04:10:00+00:00,,,False,,2026-10-09 02:17:10.974000+02:00,2026-10-09 06:10:00+02:00,,2026-10-09,6,Friday,False,232.8171
20261009_001707,2026-10-09 00:17:10.974000+00:00,St. Gallen,rail,ch:1:sloid:6302,St. Gallen,ch:1:sloid:6302:2:2,2026-10-09,ch:1:sjyid:100061:12110-001,rail,S-Bahn,S81,S81,12110,St. Gallen,Herisau,2,,2026-10-09 04:14:00+00:00,,,False,,2026-10-09 02:17:10.974000+02:00,2026-10-09 06:14:00+02:00,,2026-10-09,6,Friday,False,236.8171
20261009_001707,2026-10-09 00:17:11.452000+00:00,Lausanne,rail,ch:1:sloid:1120,Lausanne,ch:1:sloid:1120:0:638488,2026-10-09,ch:1:sjyid:100001:18402-002,rail,RegioExpress,RE33,RE33,18402,Lausanne,Genève-Aéroport,8,,2026-10-09 01:45:00+00:00,2026-10-09 01:45:12+00:00,,True,0.2,2026-10-09 02:17:11.452000+02:00,2026-10-09 03:45:00+02:00,2026-10-09 03:45:12+02:00,2026-10-09,3,Friday,False,87.80913333333334
20261009_001707,2026-10-09 00:17:11.452000+00:00,Lausanne,rail,ch:1:sloid:1120,Lausanne,ch:1:sloid:1120:0:840061,2026-10-09,ch:1:sjyid:100001:24200-001,rail,Regio,R2,R2,24200,Lausanne,Grandson,7,,2026-10-09 02:38:00+00:00,,,False,,2026-10-09 02:17:11.452000+02:00,2026-10-09 04:38:00+02:00,,2026-10-09,4,Friday,False,140.80913333333334
20261009_001707,2026-10-09 00:17:11.452000+00:00,Lausanne,rail,ch:1:sloid:1120,Lausanne,ch:1:sloid:1120:0:638488,2026-10-09,ch:1:sjyid:100001:18404-003,rail,RegioExpress,RE33,RE33,18404,Lausanne,Genève-Aéroport,8,,2026-10-09 02:45:00+00:00,,,False,,2026-10-09 02:17:11.452000+02:00,2026-10-09 04:45:00+02:00,,2026-10-09,4,Friday,False,147.80913333333334
20261009_001707,2026-10-09 00:17:11.452000+00:00,Lausanne,rail,ch:1:sloid:1120,Lausanne,ch:1:sloid:1120:0:20298,2026-10-09,ch:1:sjyid:100001:24509-001,rail,S-Bahn,S41,S41,24509,Lausanne,Fribourg/Freiburg,70,,2026-10-09 02:49:00+00:00,,,False,,2026-10-09 02:17:11.452000+02:00,2026-10-09 04:49:00+02:00,,2026-10-09,4,Friday,False,151.80913333333334
20261009_001707,2026-10-09 00:17:11.452000+00:00,Lausanne,rail,ch:1:sloid:1120,Lausanne,ch:1:sloid:1120:0:42631,2026-10-09,ch:1:sjyid:100001:24109-001,rail,Regio,R1,R1,24109,Lausanne,Bex,5,,2026-10-09 02:55:00+00:00,,,False,,2026-10-09 02:17:11.452000+02:00,2026-10-09 04:55:00+02:00,,2026-10-09,4,Friday,False,157.80913333333334
20261009_001707,2026-10-09 00:17:11.452000+00:00,Lausanne,rail,ch:1:sloid:1120,Lausanne,ch:1:sloid:1120:0:668579,2026-10-09,ch:1:sjyid:100001:24902-001,rail,Regio,R9,R9,24902,Lausanne,Allaman,1,,2026-10-09 02:57:00+00:00,,,False,,2026-10-09 02:17:11.452000+02:00,2026-10-09 04:57:00+02:00,,2026-10-09,4,Friday,False,159.80913333333334
20261009_001707,2026-10-09 00:17:11.452000+00:00,Lausanne,rail,ch:1:sloid:1120,Lausanne,ch:1:sloid:1120:0:20298,2026-10-09,ch:1:sjyid:100001:24909-001,rail,Regio,R9,R9,24909,Lausanne,Murten/Morat,70,,2026-10-09 02:57:00+00:00,,,False,,2026-10-09 02:17:11.452000+02:00,2026-10-09 04:57:00+02:00,,2026-10-09,4,Friday,False,159.80913333333334
20261009_001707,2026-10-09 00:17:11.452000+00:00,Lausanne,rail,ch:1:sloid:1120,Lausanne,ch:1:sloid:1120:0:638488,2026-10-09,ch:1:sjyid:100001:24302-001,rail,Regio,R3,R3,24302,Lausanne,Vallorbe,8,,2026-10-09 02:57:00+00:00,,,False,,2026-10-09 02:17:11.452000+02:00,2026-10-09 04:57:00+02:00,,2026-10-09,4,Friday,False,159.80913333333334
20261009_001707,2026-10-09 00:17:11.452000+00:00,Lausanne,rail,ch:1:sloid:1120,Lausanne,ch:1:sloid:1120:0:860143,2026-10-09,ch:1:sjyid:100001:1705-002,rail,InterRegio,IR95,IR95,1705,Lausanne,Brig,4,,2026-10-09 03:04:00+00:00,,,False,,2026-10-09 02:17:11.452000+02:00,2026-10-09 05:04:00+02:00,,2026-10-09,5,Friday,False,166.80913333333334
20261009_001707,2026-10-09 00:17:11.452000+00:00,Lausanne,rail,ch:1:sloid:1120,Lausanne,ch:1:sloid:1120:0:840061,2026-10-09,ch:1:sjyid:100001:24102-001,rail,Regio,R1,R1,24102,Lausanne,Grandson,7,,2026-10-09 03:08:00+00:00,,,False,,2026-10-09 02:17:11.452000+02:00,2026-10-09 05:08:00+02:00,,2026-10-09,5,Friday,False,170.80913333333334
20261009_001707,2026-10-09 00:17:11.452000+00:00,Lausanne,rail,ch:1:sloid:1120,Lausanne,ch:1:sloid:1120:0:668579,2026-10-09,ch:1:sjyid:100001:24611-001,rail,S-Bahn,S40,S40,24611,Lausanne,Fribourg/Freiburg,1,,2026-10-09 03:21:00+00:00,,,False,,2026-10-09 02:17:11.452000+02:00,2026-10-09 05:21:00+02:00,,2026-10-09,5,Friday,False,183.80913333333334
20261009_001707,2026-10-09 00:17:11.452000+00:00,Lausanne,rail,ch:1:sloid:1120,Lausanne,ch:1:sloid:1120:0:276884,2026-10-09,ch:1:sjyid:100001:24211-001,rail,Regio,R2,R2,24211,Grandson,Bex,3,,2026-10-09 03:24:00+00:00,2026-10-09 03:24:30+00:00,,True,0.5,2026-10-09 02:17:11.452000+02:00,2026-10-09 05:24:00+02:00,2026-10-09 05:24:30+02:00,2026-10-09,5,Friday,False,186.80913333333334
20261009_001707,2026-10-09 00:17:11.452000+00:00,Lausanne,rail,ch:1:sloid:1120,Lausanne,ch:1:sloid:1120:0:638488,2026-10-09,ch:1:sjyid:100001:24402-002,rail,Regio,R4,R4,24402,Vevey,Vallorbe/Le Brassus,8,,2026-10-09 03:27:00+00:00,,,False,,2026-10-09 02:17:11.452000+02:00,2026-10-09 05:27:00+02:00,,2026-10-09,5,Friday,False,189.80913333333334
20261009_001707,2026-10-09 00:17:11.452000+00:00,Lausanne,rail,ch:1:sloid:1120,Lausanne,ch:1:sloid:1120:0:668579,2026-10-09,ch:1:sjyid:100001:24811-004,rail,Regio,R8,R8,24811,Allaman,Payerne,1,,2026-10-09 03:28:00+00:00,,,False,,2026-10-09 02:17:11.452000+02:00,2026-10-09 05:28:00+02:00,,2026-10-09,5,Friday,False,190.80913333333334
20261009_001707,2026-10-09 00:17:11.452000+00:00,Lausanne,rail,ch:1:sloid:1120,Lausanne,ch:1:sloid:1120:0:37997,2026-10-09,ch:1:sjyid:100001:18450-001,rail,RegioExpress,RE33,RE33,18450,Lausanne,Annemasse,6,,2026-10-09 03:30:00+00:00,,,False,,2026-10-09 02:17:11.452000+02:00,2026-10-09 05:30:00+02:00,,2026-10-09,5,Friday,False,192.80913333333334
20261009_001707,2026-10-09 00:17:11.452000+00:00,Lausanne,rail,ch:1:sloid:1120,Lausanne,ch:1:sloid:1120:0:42631,2026-10-09,ch:1:sjyid:100001:509-002,rail,InterCity,IC5,IC5,509,Lausanne,Rorschach,5,,2026-10-09 03:34:00+00:00,,,False,,2026-10-09 02:17:11.452000+02:00,2026-10-09 05:34:00+02:00,,2026-10-09,5,Friday,False,196.80913333333334
20261009_001707,2026-10-09 00:17:11.452000+00:00,Lausanne,rail,ch:1:sloid:1120,Lausanne,ch:1:sloid:1120:0:840061,2026-10-09,ch:1:sjyid:100001:24802-001,rail,Regio,R8,R8,24802,Payerne,Allaman,7,,2026-10-09 03:34:00+00:00,2026-10-09 03:34:12+00:00,,True,0.2,2026-10-09 02:17:11.452000+02:00,2026-10-09 05:34:00+02:00,2026-10-09 05:34:12+02:00,2026-10-09,5,Friday,False,196.80913333333334
20261009_001707,2026-10-09 00:17:11.452000+00:00,Lausanne,rail,ch:1:sloid:1120,Lausanne,ch:1:sloid:1120:0:276884,2026-10-09,ch:1:sjyid:100001:24411-001,rail,Regio,R4,R4,24411,Vallorbe,Vevey,3,,2026-10-09 03:34:00+00:00,2026-10-09 03:34:12+00:00,,True,0.2,2026-10-09 02:17:11.452000+02:00,2026-10-09 05:34:00+02:00,2026-10-09 05:34:12+02:00,2026-10-09,5,Friday,False,196.80913333333334
20261009_001707,2026-10-09 00:17:11.452000+00:00,Lausanne,rail,ch:1:sloid:1120,Lausanne,ch:1:sloid:1120:0:638488,2026-10-09,ch:1:sjyid:100001:24202-002,rail,Regio,R2,R2,24202,St-Maurice,Grandson,8,,2026-10-09 03:38:00+00:00,,,False,,2026-10-09 02:17:11.452000+02:00,2026-10-09 05:38:00+02:00,,2026-10-09,5,Friday,False,200.80913333333334
20261009_001707,2026-10-09 00:17:11.452000+00:00,Lausanne,rail,ch:1:sloid:1120,Lausanne,ch:1:sloid:1120:0:668579,2026-10-09,ch:1:sjyid:100001:2507-001,rail,InterRegio,IR15,IR15,2507,Lausanne,Luzern,1,,2026-10-09 03:40:00+00:00,,,False,,2026-10-09 02:17:11.452000+02:00,2026-10-09 05:40:00+02:00,,2026-10-09,5,Friday,False,202.80913333333334
20261009_001707,2026-10-09 00:17:11.452000+00:00,Lausanne,rail,ch:1:sloid:1120,Lausanne,ch:1:sloid:1120:0:276884,2026-10-09,ch:1:sjyid:100001:1805-003,rail,InterRegio,IR90,IR90,1805,Genève,Brig,3,,2026-10-09 03:42:00+00:00,,,False,,2026-10-09 02:17:11.452000+02:00,2026-10-09 05:42:00+02:00,,2026-10-09,5,Friday,False,204.80913333333334
20261009_001707,2026-10-09 00:17:11.452000+00:00,Lausanne,rail,ch:1:sloid:1120,Lausanne,ch:1:sloid:1120:0:638488,2026-10-09,ch:1:sjyid:100001:1702-001,rail,InterRegio,IR95,IR95,1702,Sion,Genève-Aéroport,8,7,2026-10-09 03:49:00+00:00,2026-10-09 03:49:48+00:00,,True,0.8,2026-10-09 02:17:11.452000+02:00,2026-10-09 05:49:00+02:00,2026-10-09 05:49:48+02:00,2026-10-09,5,Friday,False,211.80913333333334
20261009_001707,2026-10-09 00:17:11.452000+00:00,Lausanne,rail,ch:1:sloid:1120,Lausanne,ch:1:sloid:1120:0:20298,2026-10-09,ch:1:sjyid:100001:24513-001,rail,S-Bahn,S41,S41,24513,Lausanne,Fribourg/Freiburg,70,,2026-10-09 03:49:00+00:00,,,False,,2026-10-09 02:17:11.452000+02:00,2026-10-09 05:49:00+02:00,,2026-10-09,5,Friday,False,211.80913333333334
20261009_001707,2026-10-09 00:17:11.452000+00:00,Lausanne,rail,ch:1:sloid:1120,Lausanne,ch:1:sloid:1120:0:37997,2026-10-09,ch:1:sjyid:100001:24113-001,rail,Regio,R1,R1,24113,Grandson,Lausanne,6,,2026-10-09 03:55:00+00:00,,,False,,2026-10-09 02:17:11.452000+02:00,2026-10-09 05:55:00+02:00,,2026-10-09,5,Friday,False,217.80913333333334
20261009_001707,2026-10-09 00:17:11.452000+00:00,Lausanne,rail,ch:1:sloid:1120,Lausanne,ch:1:sloid:1120:0:37997,2026-10-09,ch:1:sjyid:100001:94113-900,rail,,R1,R1,94113,Lausanne,Bex,6,,2026-10-09 03:55:00+00:00,2026-10-09 03:55:12+00:00,,True,0.2,2026-10-09 02:17:11.452000+02:00,2026-10-09 05:55:00+02:00,2026-10-09 05:55:12+02:00,2026-10-09,5,Friday,False,217.80913333333334
20261009_001707,2026-10-09 00:17:11.452000+00:00,Lausanne,rail,ch:1:sloid:1120,Lausanne,ch:1:sloid:1120:0:668579,2026-10-09,ch:1:sjyid:100001:24913-001,rail,Regio,R9,R9,24913,Allaman,Murten/Morat,1,,2026-10-09 03:57:00+00:00,,,False,,2026-10-09 02:17:11.452000+02:00,2026-10-09 05:57:00+02:00,,2026-10-09,5,Friday,False,219.80913333333334
20261009_001707,2026-10-09 00:17:11.452000+00:00,Lausanne,rail,ch:1:sloid:1120,Lausanne,ch:1:sloid:1120:0:840061,2026-10-09,ch:1:sjyid:100001:24304-001,rail,Regio,R3,R3,24304,Vevey,Vallorbe,7,,2026-10-09 03:57:00+00:00,,,False,,2026-10-09 02:17:11.452000+02:00,2026-10-09 05:57:00+02:00,,2026-10-09,5,Friday,False,219.80913333333334
20261009_001707,2026-10-09 00:17:11.452000+00:00,Lausanne,rail,ch:1:sloid:1120,Lausanne,ch:1:sloid:1120:0:638488,2026-10-09,ch:1:sjyid:100001:18406-001,rail,RegioExpress,RE33,RE33,18406,Lausanne,Annemasse,8,,2026-10-09 04:00:00+00:00,,,False,,2026-10-09 02:17:11.452000+02:00,2026-10-09 06:00:00+02:00,,2026-10-09,6,Friday,False,222.80913333333334
20261009_001707,2026-10-09 00:17:11.452000+00:00,Lausanne,rail,ch:1:sloid:1120,Lausanne,ch:1:sloid:1120:0:860143,2026-10-09,ch:1:sjyid:100001:18403-003,rail,RegioExpress,RE33,RE33,18403,Genève-Aéroport,St-Maurice,4,,2026-10-09 04:01:00+00:00,,,False,,2026-10-09 02:17:11.452000+02:00,2026-10-09 06:01:00+02:00,,2026-10-09,6,Friday,False,223.80913333333334
20261009_001707,2026-10-09 00:17:11.452000+00:00,Lausanne,rail,ch:1:sloid:1120,Lausanne,ch:1:sloid:1120:0:638488,2026-10-09,ch:1:sjyid:100001:24904-001,rail,Regio,R9,R9,24904,Murten/Morat,Allaman,7,8,2026-10-09 04:04:00+00:00,,,False,,2026-10-09 02:17:11.452000+02:00,2026-10-09 06:04:00+02:00,,2026-10-09,6,Friday,False,226.80913333333334
20261009_001707,2026-10-09 00:17:11.942000+00:00,Genève,rail,ch:1:sloid:1008,Genève,ch:1:sloid:1008:3:5,2026-10-08,ch:1:sjyid:100001:23096-002,rail,Regio,RL5,RL5,23096,Genève,Satigny,10,,2026-10-09 00:18:00+00:00,2026-10-09 00:18:12+00:00,,True,0.2,2026-10-09 02:17:11.942000+02:00,2026-10-09 02:18:00+02:00,2026-10-09 02:18:12+02:00,2026-10-09,2,Friday,False,0.8009666666666667
20261009_001707,2026-10-09 00:17:11.942000+00:00,Genève,rail,ch:1:sloid:1008,Genève,ch:1:sloid:1008:2:2,2026-10-09,ch:1:sjyid:100001:23105-002,rail,Regio,RL4,RL4,23105,Genève,Coppet,2,,2026-10-09 01:00:00+00:00,2026-10-09 01:00:12+00:00,,True,0.2,2026-10-09 02:17:11.942000+02:00,2026-10-09 03:00:00+02:00,2026-10-09 03:00:12+02:00,2026-10-09,3,Friday,False,42.80096666666667
20261009_001707,2026-10-09 00:17:11.942000+00:00,Genève,rail,ch:1:sloid:1008,Genève,ch:1:sloid:1008:3:5,2026-10-09,ch:1:sjyid:100001:23000-002,rail,Regio,RL5,RL5,23000,Genève,Satigny,10,,2026-10-09 01:18:00+00:00,2026-10-09 01:18:12+00:00,,True,0.2,2026-10-09 02:17:11.942000+02:00,2026-10-09 03:18:00+02:00,2026-10-09 03:18:12+02:00,2026-10-09,3,Friday,False,60.80096666666667
20261009_001707,2026-10-09 00:17:11.942000+00:00,Genève,rail,ch:1:sloid:1008,Genève,ch:1:sloid:1008:2:2,2026-10-09,ch:1:sjyid:100001:23109-002,rail,Regio,RL4,RL4,23109,Genève,Coppet,2,,2026-10-09 02:00:00+00:00,2026-10-09 02:00:12+00:00,,True,0.2,2026-10-09 02:17:11.942000+02:00,2026-10-09 04:00:00+02:00,2026-10-09 04:00:12+02:00,2026-10-09,4,Friday,False,102.80096666666667
20261009_001707,2026-10-09 00:17:11.942000+00:00,Genève,rail,ch:1:sloid:1008,Genève,ch:1:sloid:1008:2:3,2026-10-09,ch:1:sjyid:100001:18401-004,rail,RegioExpress,RE33,RE33,18401,Genève,Lausanne,3,,2026-10-09 02:08:00+00:00,,,False,,2026-10-09 02:17:11.942000+02:00,2026-10-09 04:08:00+02:00,,2026-10-09,4,Friday,False,110.80096666666667
20261009_001707,2026-10-09 00:17:11.942000+00:00,Genève,rail,ch:1:sloid:1008,Genève,ch:1:sloid:1008:3:5,2026-10-09,ch:1:sjyid:100001:23008-002,rail,Regio,RL5,RL5,23008,Genève,Satigny,10,,2026-10-09 02:12:00+00:00,2026-10-09 02:12:12+00:00,,True,0.2,2026-10-09 02:17:11.942000+02:00,2026-10-09 04:12:00+02:00,2026-10-09 04:12:12+02:00,2026-10-09,4,Friday,False,114.80096666666667
20261009_001707,2026-10-09 00:17:11.942000+00:00,Genève,rail,ch:1:sloid:1008,Genève,ch:1:sloid:1008:2:2,2026-10-09,ch:1:sjyid:100001:18402-002,rail,RegioExpress,RE33,RE33,18402,Lausanne,Genève-Aéroport,2,,2026-10-09 02:46:00+00:00,2026-10-09 02:46:12+00:00,,True,0.2,2026-10-09 02:17:11.942000+02:00,2026-10-09 04:46:00+02:00,2026-10-09 04:46:12+02:00,2026-10-09,4,Friday,False,148.80096666666668
20261009_001707,2026-10-09 00:17:11.942000+00:00,Genève,rail,ch:1:sloid:1008,Genève,ch:1:sloid:1008:2:3,2026-10-09,ch:1:sjyid:100001:1805-003,rail,InterRegio,IR90,IR90,1805,Genève,Brig,3,,2026-10-09 02:46:00+00:00,,,False,,2026-10-09 02:17:11.942000+02:00,2026-10-09 04:46:00+02:00,,2026-10-09,4,Friday,False,148.80096666666668
20261009_001707,2026-10-09 00:17:11.942000+00:00,Genève,rail,ch:1:sloid:1008,Genève,ch:1:sloid:1008:4:7,2026-10-09,ch:1:sjyid:100001:96714-002,rail,Regio,RL6,RL6,96714,Genève,Bellegarde-sur-Valserine,6,,2026-10-09 03:00:00+00:00,2026-10-09 03:00:00+00:00,,True,0.0,2026-10-09 02:17:11.942000+02:00,2026-10-09 05:00:00+02:00,2026-10-09 05:00:00+02:00,2026-10-09,5,Friday,False,162.80096666666668
20261009_001707,2026-10-09 00:17:11.942000+00:00,Genève,rail,ch:1:sloid:1008,Genève,ch:1:sloid:1008:1:1,2026-10-09,ch:1:sjyid:100001:23113-001,rail,Regio,RL4,RL4,23113,Genève,Coppet,1,,2026-10-09 03:00:00+00:00,,,False,,2026-10-09 02:17:11.942000+02:00,2026-10-09 05:00:00+02:00,,2026-10-09,5,Friday,False,162.80096666666668
20261009_001707,2026-10-09 00:17:11.942000+00:00,Genève,rail,ch:1:sloid:1008,Genève,ch:1:sloid:1008:2:3,2026-10-09,ch:1:sjyid:100001:18403-003,rail,RegioExpress,RE33,RE33,18403,Genève-Aéroport,St-Maurice,3,,2026-10-09 03:06:00+00:00,,,False,,2026-10-09 02:17:11.942000+02:00,2026-10-09 05:06:00+02:00,,2026-10-09,5,Friday,False,168.80096666666668
20261009_001707,2026-10-09 00:17:11.942000+00:00,Genève,rail,ch:1:sloid:1008,Genève,ch:1:sloid:1008:4:8,2026-10-09,ch:1:sjyid:100001:96550-002,rail,Train Express Regional,TER,TER,96550,Genève,Lyon Part Dieu,7,,2026-10-09 03:14:00+00:00,2026-10-09 03:14:00+00:00,,True,0.0,2026-10-09 02:17:11.942000+02:00,2026-10-09 05:14:00+02:00,2026-10-09 05:14:00+02:00,2026-10-09,5,Friday,False,176.80096666666668
20261009_001707,2026-10-09 00:17:11.942000+00:00,Genève,rail,ch:1:sloid:1008,Genève,ch:1:sloid:1008:1:1,2026-10-09,ch:1:sjyid:100001:1900-001,rail,InterRegio,IR,IR,1900,Genève,Genève-Aéroport,1,,2026-10-09 03:16:00+00:00,,,False,,2026-10-09 02:17:11.942000+02:00,2026-10-09 05:16:00+02:00,,2026-10-09,5,Friday,False,178.80096666666668
20261009_001707,2026-10-09 00:17:11.942000+00:00,Genève,rail,ch:1:sloid:1008,Genève,ch:1:sloid:1008:3:6,2026-10-09,ch:1:sjyid:100001:23014-002,rail,Regio,RL5,RL5,23014,Genève,La Plaine,5,,2026-10-09 03:18:00+00:00,,,False,,2026-10-09 02:17:11.942000+02:00,2026-10-09 05:18:00+02:00,,2026-10-09,5,Friday,False,180.80096666666668
20261009_001707,2026-10-09 00:17:11.942000+00:00,Genève,rail,ch:1:sloid:1008,Genève,ch:1:sloid:1008:2:3,2026-10-09,ch:1:sjyid:100001:1707-002,rail,InterRegio,IR95,IR95,1707,Genève-Aéroport,Brig,3,,2026-10-09 03:23:00+00:00,2026-10-09 03:23:30+00:00,,True,0.5,2026-10-09 02:17:11.942000+02:00,2026-10-09 05:23:00+02:00,2026-10-09 05:23:30+02:00,2026-10-09,5,Friday,False,185.80096666666668
20261009_001707,2026-10-09 00:17:11.942000+00:00,Genève,rail,ch:1:sloid:1008,Genève,ch:1:sloid:1008:3:4,2026-10-09,ch:1:sjyid:100001:18448-001,rail,RegioExpress,RE33,RE33,18448,Genève,Annemasse,4,,2026-10-09 03:23:00+00:00,,,False,,2026-10-09 02:17:11.942000+02:00,2026-10-09 05:23:00+02:00,,2026-10-09,5,Friday,False,185.80096666666668
20261009_001707,2026-10-09 00:17:11.942000+00:00,Genève,rail,ch:1:sloid:1008,Genève,ch:1:sloid:1008:3:6,2026-10-09,ch:1:sjyid:100001:41-001,rail,EuroCity,EC,EC,41,Genève,Domodossola (I),5,,2026-10-09 03:27:00+00:00,,,False,,2026-10-09 02:17:11.942000+02:00,2026-10-09 05:27:00+02:00,,2026-10-09,5,Friday,False,189.80096666666668
20261009_001707,2026-10-09 00:17:11.942000+00:00,Genève,rail,ch:1:sloid:1008,Genève,ch:1:sloid:1008:1:1,2026-10-09,ch:1:sjyid:100001:23115-001,rail,Regio,RL4,RL4,23115,Annemasse,Coppet,1,,2026-10-09 03:30:00+00:00,,,False,,2026-10-09 02:17:11.942000+02:00,2026-10-09 05:30:00+02:00,,2026-10-09,5,Friday,False,192.80096666666668
20261009_001707,2026-10-09 00:17:11.942000+00:00,Genève,rail,ch:1:sloid:1008,Genève,ch:1:sloid:1008:2:2,2026-10-09,ch:1:sjyid:100001:23116-001,rail,Regio,RL4,RL4,23116,Coppet,Annemasse,2,,2026-10-09 03:31:00+00:00,2026-10-09 03:31:00+00:00,,True,0.0,2026-10-09 02:17:11.942000+02:00,2026-10-09 05:31:00+02:00,2026-10-09 05:31:00+02:00,2026-10-09,5,Friday,False,193.80096666666668
20261009_001707,2026-10-09 00:17:11.942000+00:00,Genève,rail,ch:1:sloid:1008,Genève,ch:1:sloid:1008:3:6,2026-10-09,ch:1:sjyid:100001:707-001,rail,InterCity,IC1,IC1,707,Genève-Aéroport,St. Gallen,5,,2026-10-09 03:33:00+00:00,,,False,,2026-10-09 02:17:11.942000+02:00,2026-10-09 05:33:00+02:00,,2026-10-09,5,Friday,False,195.80096666666668
20261009_001707,2026-10-09 00:17:11.942000+00:00,Genève,rail,ch:1:sloid:1008,Genève,ch:1:sloid:1008:3:4,2026-10-09,ch:1:sjyid:100001:18457-001,rail,RegioExpress,RE33,RE33,18457,Genève,Martigny,4,,2026-10-09 03:38:00+00:00,,,False,,2026-10-09 02:17:11.942000+02:00,2026-10-09 05:38:00+02:00,,2026-10-09,5,Friday,False,200.80096666666668
20261009_001707,2026-10-09 00:17:11.942000+00:00,Genève,rail,ch:1:sloid:1008,Genève,ch:1:sloid:1008:2:3,2026-10-09,ch:1:sjyid:100001:18404-003,rail,RegioExpress,RE33,RE33,18404,Lausanne,Genève-Aéroport,3,,2026-10-09 03:38:00+00:00,,,False,,2026-10-09 02:17:11.942000+02:00,2026-10-09 05:38:00+02:00,,2026-10-09,5,Friday,False,200.80096666666668
20261009_001707,2026-10-09 00:17:11.942000+00:00,Genève,rail,ch:1:sloid:1008,Genève,ch:1:sloid:1008:1:1,2026-10-09,ch:1:sjyid:100001:23215-001,rail,Regio,RL4,RL4,23215,Annemasse,Coppet,1,,2026-10-09 03:45:00+00:00,,,False,,2026-10-09 02:17:11.942000+02:00,2026-10-09 05:45:00+02:00,,2026-10-09,5,Friday,False,207.80096666666668
20261009_001707,2026-10-09 00:17:11.942000+00:00,Genève,rail,ch:1:sloid:1008,Genève,ch:1:sloid:1008:2:2,2026-10-09,ch:1:sjyid:100001:23410-001,rail,Regio,RL2,RL2,23410,Coppet,Annecy,2,,2026-10-09 03:46:00+00:00,,,False,,2026-10-09 02:17:11.942000+02:00,2026-10-09 05:46:00+02:00,,2026-10-09,5,Friday,False,208.80096666666668
20261009_001707,2026-10-09 00:17:11.942000+00:00,Genève,rail,ch:1:sloid:1008,Genève,ch:1:sloid:1008:4:8,2026-10-09,ch:1:sjyid:100001:96720-002,rail,Regio,RL6,RL6,96720,Genève,Bellegarde-sur-Valserine,7,,2026-10-09 03:53:00+00:00,,,False,,2026-10-09 02:17:11.942000+02:00,2026-10-09 05:53:00+02:00,,2026-10-09,5,Friday,False,215.80096666666668
20261009_001707,2026-10-09 00:17:11.942000+00:00,Genève,rail,ch:1:sloid:1008,Genève,ch:1:sloid:1008:3:6,2026-10-09,ch:1:sjyid:100001:2509-001,rail,InterRegio,IR15,IR15,2509,Genève-Aéroport,Luzern,5,,2026-10-09 03:54:00+00:00,,,False,,2026-10-09 02:17:11.942000+02:00,2026-10-09 05:54:00+02:00,,2026-10-09,5,Friday,False,216.80096666666668
20261009_001707,2026-10-09 00:17:11.942000+00:00,Genève,rail,ch:1:sloid:1008,Genève,ch:1:sloid:1008:1:1,2026-10-09,ch:1:sjyid:100001:23117-001,rail,Regio,RL4,RL4,23117,Annemasse,Coppet,1,,2026-10-09 04:00:00+00:00,,,False,,2026-10-09 02:17:11.942000+02:00,2026-10-09 06:00:00+02:00,,2026-10-09,6,Friday,False,222.80096666666668
20261009_001707,2026-10-09 00:17:11.942000+00:00,Genève,rail,ch:1:sloid:1008,Genève,ch:1:sloid:1008:2:2,2026-10-09,ch:1:sjyid:100001:23118-001,rail,Regio,RL4,RL4,23118,Coppet,Annemasse,2,,2026-10-09 04:01:00+00:00,,,False,,2026-10-09 02:17:11.942000+02:00,2026-10-09 06:01:00+02:00,,2026-10-09,6,Friday,False,223.80096666666668
20261009_001707,2026-10-09 00:17:11.942000+00:00,Genève,rail,ch:1:sloid:1008,Genève,ch:1:sloid:1008:2:3,2026-10-09,ch:1:sjyid:100001:1902-001,rail,InterRegio,IR,IR,1902,Genève,Genève-Aéroport,3,,2026-10-09 04:05:00+00:00,,,False,,2026-10-09 02:17:11.942000+02:00,2026-10-09 06:05:00+02:00,,2026-10-09,6,Friday,False,227.80096666666668
20261009_001707,2026-10-09 00:17:11.942000+00:00,Genève,rail,ch:1:sloid:1008,Genève,ch:1:sloid:1008:3:4,2026-10-09,ch:1:sjyid:100001:1807-001,rail,InterRegio,IR90,IR90,1807,Genève,Brig,4,,2026-10-09 04:05:00+00:00,,,False,,2026-10-09 02:17:11.942000+02:00,2026-10-09 06:05:00+02:00,,2026-10-09,6,Friday,False,227.80096666666668
20261009_001707,2026-10-09 00:17:12.478000+00:00,Lugano,rail,ch:1:sloid:5300,Lugano,ch:1:sloid:5300:2:3,2026-10-09,ch:1:sjyid:100001:25104-001,rail,S-Bahn,S10,S10,25104,Chiasso,Airolo,3,,2026-10-09 02:32:00+00:00,2026-10-09 02:32:30+00:00,,True,0.5,2026-10-09 02:17:12.478000+02:00,2026-10-09 04:32:00+02:00,2026-10-09 04:32:30+02:00,2026-10-09,4,Friday,False,134.79203333333334
20261009_001707,2026-10-09 00:17:12.478000+00:00,Lugano,rail,ch:1:sloid:5300,Lugano,ch:1:sloid:5300:2:2,2026-10-09,ch:1:sjyid:100001:25755-001,rail,S-Bahn,S10,S10,25755,Bellinzona,Como Camerlata/Malpensa Aeroporto T2,2,,2026-10-09 03:06:00+00:00,,,False,,2026-10-09 02:17:12.478000+02:00,2026-10-09 05:06:00+02:00,,2026-10-09,5,Friday,False,168.79203333333334
20261009_001707,2026-10-09 00:17:12.478000+00:00,Lugano,rail,ch:1:sloid:5300,Lugano,ch:1:sloid:5300:2:3,2026-10-09,ch:1:sjyid:100001:25106-001,rail,S-Bahn,S10,S10,25106,Chiasso,Biasca,3,,2026-10-09 03:22:00+00:00,,,False,,2026-10-09 02:17:12.478000+02:00,2026-10-09 05:22:00+02:00,,2026-10-09,5,Friday,False,184.79203333333334
20261009_001707,2026-10-09 00:17:12.478000+00:00,Lugano,rail,ch:1:sloid:5300,Lugano,ch:1:sloid:5300:2:2,2026-10-09,ch:1:sjyid:100001:25107-001,rail,S-Bahn,S10,S10,25107,Castione-Arbedo,Como Camerlata,2,,2026-10-09 03:36:00+00:00,,,False,,2026-10-09 02:17:12.478000+02:00,2026-10-09 05:36:00+02:00,,2026-10-09,5,Friday,False,198.79203333333334
20261009_001707,2026-10-09 00:17:12.478000+00:00,Lugano,rail,ch:1:sloid:5300,Lugano,ch:1:sloid:5300:2:3,2026-10-09,ch:1:sjyid:100001:664-001,rail,InterCity,IC21,IC21,664,Chiasso,Basel SBB,3,,2026-10-09 04:00:00+00:00,,,False,,2026-10-09 02:17:12.478000+02:00,2026-10-09 06:00:00+02:00,,2026-10-09,6,Friday,False,222.79203333333334
20261009_001707,2026-10-09 00:17:12.478000+00:00,Lugano,rail,ch:1:sloid:5300,Lugano,ch:1:sloid:5300:1:1,2026-10-09,ch:1:sjyid:100001:25507-001,rail,RegioExpress,RE80,RE80,25507,Lugano,Milano Centrale,1,,2026-10-09 04:02:00+00:00,,,False,,2026-10-09 02:17:12.478000+02:00,2026-10-09 06:02:00+02:00,,2026-10-09,6,Friday,False,224.79203333333334
20261009_001707,2026-10-09 00:17:12.478000+00:00,Lugano,rail,ch:1:sloid:5300,Lugano,ch:1:sloid:5300:3:4,2026-10-09,ch:1:sjyid:100001:25754-001,rail,S-Bahn,S10,S10,25754,Mendrisio,Biasca,4,,2026-10-09 04:03:00+00:00,,,False,,2026-10-09 02:17:12.478000+02:00,2026-10-09 06:03:00+02:00,,2026-10-09,6,Friday,False,225.79203333333334
20261009_001707,2026-10-09 00:17:12.478000+00:00,Lugano,rail,ch:1:sloid:5300,Lugano,ch:1:sloid:5300:2:3,2026-10-09,ch:1:sjyid:100001:25500-001,rail,RegioExpress,RE80,RE80,25500,Chiasso,Locarno,3,,2026-10-09 04:05:00+00:00,,,False,,2026-10-09 02:17:12.478000+02:00,2026-10-09 06:05:00+02:00,,2026-10-09,6,Friday,False,227.79203333333334
20261009_001707,2026-10-09 00:17:12.478000+00:00,Lugano,rail,ch:1:sloid:5300,Lugano,ch:1:sloid:5300:1:1,2026-10-09,ch:1:sjyid:100001:25757-001,rail,S-Bahn,S10,S10,25757,Biasca,Chiasso/Malpensa Aeroporto T2,1,,2026-10-09 04:06:00+00:00,,,False,,2026-10-09 02:17:12.478000+02:00,2026-10-09 06:06:00+02:00,,2026-10-09,6,Friday,False,228.79203333333334
20261009_001707,2026-10-09 00:17:12.478000+00:00,Lugano,rail,ch:1:sloid:5300,Lugano,ch:1:sloid:5300:3:4,2026-10-09,ch:1:sjyid:100001:25908-001,rail,S-Bahn,S90,S90,25908,Lugano,Bellinzona,4,,2026-10-09 04:08:00+00:00,,,False,,2026-10-09 02:17:12.478000+02:00,2026-10-09 06:08:00+02:00,,2026-10-09,6,Friday,False,230.79203333333334
20261009_001707,2026-10-09 00:17:12.478000+00:00,Lugano,rail,ch:1:sloid:5300,Lugano,ch:1:sloid:5300:2:3,2026-10-09,ch:1:sjyid:100001:25108-001,rail,S-Bahn,S10,S10,25108,Chiasso,Biasca,3,,2026-10-09 04:25:00+00:00,,,False,,2026-10-09 02:17:12.478000+02:00,2026-10-09 06:25:00+02:00,,2026-10-09,6,Friday,False,247.79203333333334
20261009_001707,2026-10-09 00:17:12.478000+00:00,Lugano,rail,ch:1:sloid:5300,Lugano,ch:1:sloid:5300:2:3,2026-10-09,ch:1:sjyid:100001:1462-001,rail,InterCity,IC2,IC2,1462,Chiasso,Zürich HB,3,,2026-10-09 04:30:00+00:00,,,False,,2026-10-09 02:17:12.478000+02:00,2026-10-09 06:30:00+02:00,,2026-10-09,6,Friday,False,252.79203333333334
20261009_001707,2026-10-09 00:17:12.478000+00:00,Lugano,rail,ch:1:sloid:5300,Lugano,ch:1:sloid:5300:3:4,2026-10-09,ch:1:sjyid:100001:25804-001,rail,RegioExpress,RE80,RE80,25804,Lugano,Locarno,4,,2026-10-09 04:35:00+00:00,,,False,,2026-10-09 02:17:12.478000+02:00,2026-10-09 06:35:00+02:00,,2026-10-09,6,Friday,False,257.79203333333334
20261009_001707,2026-10-09 00:17:12.478000+00:00,Lugano,rail,ch:1:sloid:5300,Lugano,ch:1:sloid:5300:2:2,2026-10-09,ch:1:sjyid:100001:25109-001,rail,S-Bahn,S10,S10,25109,Biasca,Como Camerlata,2,,2026-10-09 04:36:00+00:00,,,False,,2026-10-09 02:17:12.478000+02:00,2026-10-09 06:36:00+02:00,,2026-10-09,6,Friday,False,258.79203333333334
20261009_001707,2026-10-09 00:17:12.478000+00:00,Lugano,rail,ch:1:sloid:5300,Lugano,ch:1:sloid:5300:1:1,2026-10-09,ch:1:sjyid:100001:25956-001,rail,S-Bahn,S90,S90,25956,Lugano,Giubiasco,1,,2026-10-09 04:38:00+00:00,,,False,,2026-10-09 02:17:12.478000+02:00,2026-10-09 06:38:00+02:00,,2026-10-09,6,Friday,False,260.79203333333334
20261009_001707,2026-10-09 00:17:12.478000+00:00,Lugano,rail,ch:1:sloid:5300,Lugano,ch:1:sloid:5300:1:1,2026-10-09,ch:1:sjyid:100001:25907-001,rail,S-Bahn,S90,S90,25907,Bellinzona,Mendrisio,1,,2026-10-09 04:52:00+00:00,,,False,,2026-10-09 02:17:12.478000+02:00,2026-10-09 06:52:00+02:00,,2026-10-09,6,Friday,False,274.79203333333334
20261009_001707,2026-10-09 00:17:12.478000+00:00,Lugano,rail,ch:1:sloid:5300,Lugano,ch:1:sloid:5300:2:3,2026-10-09,ch:1:sjyid:100001:25756-001,rail,S-Bahn,S10,S10,25756,Mendrisio,Biasca,3,,2026-10-09 04:55:00+00:00,,,False,,2026-10-09 02:17:12.478000+02:00,2026-10-09 06:55:00+02:00,,2026-10-09,6,Friday,False,277.79203333333334
20261009_001707,2026-10-09 00:17:12.478000+00:00,Lugano,rail,ch:1:sloid:5300,Lugano,ch:1:sloid:5300:2:2,2026-10-09,ch:1:sjyid:100001:866-001,rail,InterCity,IC2,IC2,866,Lugano,Zürich HB,2,,2026-10-09 05:02:00+00:00,,,False,,2026-10-09 02:17:12.478000+02:00,2026-10-09 07:02:00+02:00,,2026-10-09,7,Friday,False,284.79203333333334
20261009_001707,2026-10-09 00:17:12.478000+00:00,Lugano,rail,ch:1:sloid:5300,Lugano,ch:1:sloid:5300:3:4,2026-10-09,ch:1:sjyid:100001:25509-001,rail,RegioExpress,RE80,RE80,25509,Locarno,Milano Centrale,4,,2026-10-09 05:02:00+00:00,,,False,,2026-10-09 02:17:12.478000+02:00,2026-10-09 07:02:00+02:00,,2026-10-09,7,Friday,False,284.79203333333334
20261009_001707,2026-10-09 00:17:12.478000+00:00,Lugano,rail,ch:1:sloid:5300,Lugano,ch:1:sloid:5300:2:3,2026-10-09,ch:1:sjyid:100001:25504-010,rail,RegioExpress,RE80,RE80,25504,Milano Greco Pirelli,Locarno,3,,2026-10-09 05:05:00+00:00,,,False,,2026-10-09 02:17:12.478000+02:00,2026-10-09 07:05:00+02:00,,2026-10-09,7,Friday,False,287.79203333333334
20261009_001707,2026-10-09 00:17:12.478000+00:00,Lugano,rail,ch:1:sloid:5300,Lugano,ch:1:sloid:5300:1:1,2026-10-09,ch:1:sjyid:100001:25759-001,rail,S-Bahn,S10,S10,25759,Biasca,Como S. Giovanni | Malpensa Aeroporto T2,1,,2026-10-09 05:06:00+00:00,,,False,,2026-10-09 02:17:12.478000+02:00,2026-10-09 07:06:00+02:00,,2026-10-09,7,Friday,False,288.79203333333334
20261009_001707,2026-10-09 00:17:12.478000+00:00,Lugano,rail,ch:1:sloid:5300,Lugano,ch:1:sloid:5300:2:3,2026-10-09,ch:1:sjyid:100001:25910-001,rail,S-Bahn,S90,S90,25910,Mendrisio,Bellinzona,3,,2026-10-09 05:08:00+00:00,,,False,,2026-10-09 02:17:12.478000+02:00,2026-10-09 07:08:00+02:00,,2026-10-09,7,Friday,False,290.79203333333334
20261009_001707,2026-10-09 00:17:12.478000+00:00,Lugano,rail,ch:1:sloid:5300,Lugano,ch:1:sloid:5300:2:3,2026-10-09,ch:1:sjyid:100001:25704-001,rail,RegioExpress,RE,RE,25704,Mendrisio,Giubiasco,3,,2026-10-09 05:18:00+00:00,,,False,,2026-10-09 02:17:12.478000+02:00,2026-10-09 07:18:00+02:00,,2026-10-09,7,Friday,False,300.79203333333334
20261009_001707,2026-10-09 00:17:12.478000+00:00,Lugano,rail,ch:1:sloid:5300,Lugano,ch:1:sloid:5300:3:4,2026-10-09,ch:1:sjyid:100001:25110-001,rail,S-Bahn,S10,S10,25110,Como Camerlata,Biasca,4,,2026-10-09 05:25:00+00:00,,,False,,2026-10-09 02:17:12.478000+02:00,2026-10-09 07:25:00+02:00,,2026-10-09,7,Friday,False,307.79203333333334
20261009_001707,2026-10-09 00:17:12.478000+00:00,Lugano,rail,ch:1:sloid:5300,Lugano,ch:1:sloid:5300:2:2,2026-10-09,ch:1:sjyid:100001:25811-001,rail,RegioExpress,RE80,RE80,25811,Locarno,Chiasso,2,,2026-10-09 05:25:00+00:00,,,False,,2026-10-09 02:17:12.478000+02:00,2026-10-09 07:25:00+02:00,,2026-10-09,7,Friday,False,307.79203333333334
20261009_001707,2026-10-09 00:17:12.478000+00:00,Lugano,rail,ch:1:sloid:5300,Lugano,ch:1:sloid:5300:2:3,2026-10-09,ch:1:sjyid:100001:1466-001,rail,InterCity,IC2,IC2,1466,Chiasso,Zürich HB,3,,2026-10-09 05:30:00+00:00,,,False,,2026-10-09 02:17:12.478000+02:00,2026-10-09 07:30:00+02:00,,2026-10-09,7,Friday,False,312.79203333333334
20261009_001707,2026-10-09 00:17:12.478000+00:00,Lugano,rail,ch:1:sloid:5300,Lugano,ch:1:sloid:5300:3:4,2026-10-09,ch:1:sjyid:100001:25806-001,rail,RegioExpress,RE80,RE80,25806,Chiasso,Locarno,4,,2026-10-09 05:35:00+00:00,,,False,,2026-10-09 02:17:12.478000+02:00,2026-10-09 07:35:00+02:00,,2026-10-09,7,Friday,False,317.79203333333334
20261009_001707,2026-10-09 00:17:12.478000+00:00,Lugano,rail,ch:1:sloid:5300,Lugano,ch:1:sloid:5300:2:2,2026-10-09,ch:1:sjyid:100001:25111-001,rail,S-Bahn,S10,S10,25111,Airolo,Como Camerlata,2,,2026-10-09 05:36:00+00:00,,,False,,2026-10-09 02:17:12.478000+02:00,2026-10-09 07:36:00+02:00,,2026-10-09,7,Friday,False,318.79203333333334
20261009_001707,2026-10-09 00:17:12.478000+00:00,Lugano,rail,ch:1:sloid:5300,Lugano,ch:1:sloid:5300:1:1,2026-10-09,ch:1:sjyid:100001:25958-001,rail,S-Bahn,S90,S90,25958,Lugano,Giubiasco,1,,2026-10-09 05:38:00+00:00,,,False,,2026-10-09 02:17:12.478000+02:00,2026-10-09 07:38:00+02:00,,2026-10-09,7,Friday,False,320.79203333333334
20261009_001707,2026-10-09 00:17:12.478000+00:00,Lugano,rail,ch:1:sloid:5300,Lugano,ch:1:sloid:5300_gen:ch:1:sloid:5300:3:4_pf:4A-C,2026-10-09,ch:1:sjyid:100001:25708-002,rail,RegioExpress,RE,RE,25708,Lugano,Bellinzona,4A-C,,2026-10-09 05:48:00+00:00,,,False,,2026-10-09 02:17:12.478000+02:00,2026-10-09 07:48:00+02:00,,2026-10-09,7,Friday,False,330.79203333333334
20261009_001707,2026-10-09 00:17:12.937000+00:00,Zürich,local,ch:1:sloid:87348,"Zürich, Bahnhofplatz/HB",ch:1:sloid:87348,2026-10-09,ch:1:sjyid:100648:plan:5251d897-5e86-4a23-8a2e-a4ce63880b77,bus,Bus,31,31,16,"Zürich, Herdernstrasse","Zürich, Kienastenwies",,,2026-10-09 02:43:00+00:00,,,False,,2026-10-09 02:17:12.937000+02:00,2026-10-09 04:43:00+02:00,,2026-10-09,4,Friday,False,145.78438333333332
20261009_001707,2026-10-09 00:17:12.937000+00:00,Zürich,local,ch:1:sloid:87348,"Zürich, Bahnhofplatz/HB",ch:1:sloid:87348,2026-10-09,ch:1:sjyid:100648:plan:cdfcd4f1-7cb9-472f-83d8-137d0421f0e5,bus,Bus,31,31,46,"Zürich, Herdernstrasse","Zürich, Kienastenwies",,,2026-10-09 02:58:00+00:00,,,False,,2026-10-09 02:17:12.937000+02:00,2026-10-09 04:58:00+02:00,,2026-10-09,4,Friday,False,160.78438333333332
20261009_001707,2026-10-09 00:17:12.937000+00:00,Zürich,local,ch:1:sloid:87348,"Zürich, Bahnhofplatz/HB",ch:1:sloid:87348::0,2026-10-09,ch:1:sjyid:100648:plan:23fc558c-1a4a-4b40-9c2b-89be4d582975,tram,Tram,6,6,480,"Zürich, Bahnhofplatz/HB","Zürich, Zoo",,,2026-10-09 02:59:00+00:00,,,False,,2026-10-09 02:17:12.937000+02:00,2026-10-09 04:59:00+02:00,,2026-10-09,4,Friday,False,161.78438333333332
20261009_001707,2026-10-09 00:17:12.937000+00:00,Zürich,local,ch:1:sloid:87348,"Zürich, Bahnhofplatz/HB",ch:1:sloid:87348::0,2026-10-09,ch:1:sjyid:100648:plan:7e1a7a33-3123-4564-8273-44fd988b002a,tram,Tram,3,3,542,"Zürich,Kalkbreite/Bhf.Wiedikon","Zürich, Klusplatz",,,2026-10-09 03:08:00+00:00,,,False,,2026-10-09 02:17:12.937000+02:00,2026-10-09 05:08:00+02:00,,2026-10-09,5,Friday,False,170.78438333333332
20261009_001707,2026-10-09 00:17:12.937000+00:00,Zürich,local,ch:1:sloid:87348,"Zürich, Bahnhofplatz/HB",ch:1:sloid:87348::1,2026-10-09,ch:1:sjyid:100648:plan:4cf127ce-6a2f-4736-bd6f-0e9954939980,tram,Tram,14,14,903,"Zürich, Bahnhofplatz/HB","Zürich, Triemli",,,2026-10-09 03:11:00+00:00,,,False,,2026-10-09 02:17:12.937000+02:00,2026-10-09 05:11:00+02:00,,2026-10-09,5,Friday,False,173.78438333333332
20261009_001707,2026-10-09 00:17:12.937000+00:00,Zürich,local,ch:1:sloid:87348,"Zürich, Bahnhofplatz/HB",ch:1:sloid:87348,2026-10-09,ch:1:sjyid:100648:plan:e2b3b155-66ec-44bd-b89d-a3a21e97a898,bus,Bus,31,31,221,"Zürich, Herdernstrasse","Zürich, Kienastenwies",,,2026-10-09 03:13:00+00:00,,,False,,2026-10-09 02:17:12.937000+02:00,2026-10-09 05:13:00+02:00,,2026-10-09,5,Friday,False,175.78438333333332
20261009_001707,2026-10-09 00:17:12.937000+00:00,Zürich,local,ch:1:sloid:87348,"Zürich, Bahnhofplatz/HB",ch:1:sloid:87348::0,2026-10-09,ch:1:sjyid:100648:plan:8b1498e2-afe2-4f3f-a6aa-29f5c39f9f78,tram,Tram,6,6,1023,"Zürich, Bahnhofplatz/HB","Zürich, Zoo",,,2026-10-09 03:14:00+00:00,,,False,,2026-10-09 02:17:12.937000+02:00,2026-10-09 05:14:00+02:00,,2026-10-09,5,Friday,False,176.78438333333332
20261009_001707,2026-10-09 00:17:12.937000+00:00,Zürich,local,ch:1:sloid:87348,"Zürich, Bahnhofplatz/HB",ch:1:sloid:87348::0,2026-10-09,ch:1:sjyid:100648:plan:0ffa35f0-7d5b-4157-a724-b1127ffa7929,tram,Tram,3,3,1081,"Zürich,Kalkbreite/Bhf.Wiedikon","Zürich, Klusplatz",,,2026-10-09 03:23:00+00:00,,,False,,2026-10-09 02:17:12.937000+02:00,2026-10-09 05:23:00+02:00,,2026-10-09,5,Friday,False,185.78438333333332
20261009_001707,2026-10-09 00:17:12.937000+00:00,Zürich,local,ch:1:sloid:87348,"Zürich, Bahnhofplatz/HB",ch:1:sloid:87348::1,2026-10-09,ch:1:sjyid:100648:plan:7f11bacd-c9b3-416b-8a73-4f259858a3cd,tram,Tram,14,14,1331,"Zürich, Bahnhofplatz/HB","Zürich, Triemli",,,2026-10-09 03:26:00+00:00,,,False,,2026-10-09 02:17:12.937000+02:00,2026-10-09 05:26:00+02:00,,2026-10-09,5,Friday,False,188.78438333333332
20261009_001707,2026-10-09 00:17:12.937000+00:00,Zürich,local,ch:1:sloid:87348,"Zürich, Bahnhofplatz/HB",ch:1:sloid:87348,2026-10-09,ch:1:sjyid:100648:plan:2e5612ab-bd4e-448c-bc1e-cf9674e58c55,bus,Bus,31,31,351,"Zürich, Hermetschloo","Zürich, Kienastenwies",,,2026-10-09 03:28:00+00:00,,,False,,2026-10-09 02:17:12.937000+02:00,2026-10-09 05:28:00+02:00,,2026-10-09,5,Friday,False,190.78438333333332
20261009_001707,2026-10-09 00:17:12.937000+00:00,Zürich,local,ch:1:sloid:87348,"Zürich, Bahnhofplatz/HB",ch:1:sloid:87348::11,2026-10-09,ch:1:sjyid:100648:plan:387f5ddf-ca1b-4d10-be46-fd29c4271e71,bus,Bus,31,31,362,"Zürich, Kienastenwies","Zürich, Hermetschloo",,,2026-10-09 03:28:00+00:00,,,False,,2026-10-09 02:17:12.937000+02:00,2026-10-09 05:28:00+02:00,,2026-10-09,5,Friday,False,190.78438333333332
20261009_001707,2026-10-09 00:17:12.937000+00:00,Zürich,local,ch:1:sloid:87348,"Zürich, Bahnhofplatz/HB",ch:1:sloid:87348::0,2026-10-09,ch:1:sjyid:100648:plan:1c07304f-2c13-450f-8b58-deffd84ca165,tram,Tram,6,6,1433,"Zürich, Bahnhofplatz/HB","Zürich, Zoo",,,2026-10-09 03:29:00+00:00,,,False,,2026-10-09 02:17:12.937000+02:00,2026-10-09 05:29:00+02:00,,2026-10-09,5,Friday,False,191.78438333333332
20261009_001707,2026-10-09 00:17:12.937000+00:00,Zürich,local,ch:1:sloid:87348,"Zürich, Bahnhofplatz/HB",ch:1:sloid:87348,2026-10-09,ch:1:sjyid:100648:plan:701f1d29-39c1-4b82-b47b-9fd62355c3ae,bus,Bus,33,33,694,"Zürich, Herdernstrasse","Zürich, Hegibachplatz",,,2026-10-09 03:32:00+00:00,,,False,,2026-10-09 02:17:12.937000+02:00,2026-10-09 05:32:00+02:00,,2026-10-09,5,Friday,False,194.78438333333332
20261009_001707,2026-10-09 00:17:12.937000+00:00,Zürich,local,ch:1:sloid:87348,"Zürich, Bahnhofplatz/HB",ch:1:sloid:87348::1,2026-10-09,ch:1:sjyid:100648:plan:1d736d09-3669-440e-a8b1-c355d6683199,tram,Tram,3,3,1258,"Zürich, Klusplatz","Zürich, Albisrieden",,,2026-10-09 03:34:00+00:00,,,False,,2026-10-09 02:17:12.937000+02:00,2026-10-09 05:34:00+02:00,,2026-10-09,5,Friday,False,196.78438333333332
20261009_001707,2026-10-09 00:17:12.937000+00:00,Zürich,local,ch:1:sloid:87348,"Zürich, Bahnhofplatz/HB",ch:1:sloid:87348,2026-10-09,ch:1:sjyid:100648:plan:c6cbe889-620b-4a81-b5cb-8b9ce942fca2,bus,Bus,31,31,817,"Zürich, Herdernstrasse","Zürich, Kienastenwies",,,2026-10-09 03:35:00+00:00,,,False,,2026-10-09 02:17:12.937000+02:00,2026-10-09 05:35:00+02:00,,2026-10-09,5,Friday,False,197.78438333333332
20261009_001707,2026-10-09 00:17:12.937000+00:00,Zürich,local,ch:1:sloid:87348,"Zürich, Bahnhofplatz/HB",ch:1:sloid:87348::0,2026-10-09,ch:1:sjyid:100648:plan:c93a984a-6bde-47b6-8c62-bea45ed7c1a4,tram,Tram,3,3,1113,"Zürich, Albisrieden","Zürich, Klusplatz",,,2026-10-09 03:36:00+00:00,,,False,,2026-10-09 02:17:12.937000+02:00,2026-10-09 05:36:00+02:00,,2026-10-09,5,Friday,False,198.78438333333332
20261009_001707,2026-10-09 00:17:12.937000+00:00,Zürich,local,ch:1:sloid:87348,"Zürich, Bahnhofplatz/HB",ch:1:sloid:87348::1,2026-10-09,ch:1:sjyid:100648:plan:e11577be-110a-4821-8cc1-fa37fa34e223,tram,Tram,14,14,1779,"Zürich, Bahnhofplatz/HB","Zürich, Triemli",,,2026-10-09 03:41:00+00:00,,,False,,2026-10-09 02:17:12.937000+02:00,2026-10-09 05:41:00+02:00,,2026-10-09,5,Friday,False,203.78438333333332
20261009_001707,2026-10-09 00:17:12.937000+00:00,Zürich,local,ch:1:sloid:87348,"Zürich, Bahnhofplatz/HB",ch:1:sloid:87348,2026-10-09,ch:1:sjyid:100648:plan:9f03763b-c550-42dc-814e-4f4ebf915324,bus,Bus,31,31,752,"Zürich, Hermetschloo","Zürich, Kienastenwies",,,2026-10-09 03:43:00+00:00,,,False,,2026-10-09 02:17:12.937000+02:00,2026-10-09 05:43:00+02:00,,2026-10-09,5,Friday,False,205.78438333333332
20261009_001707,2026-10-09 00:17:12.937000+00:00,Zürich,local,ch:1:sloid:87348,"Zürich, Bahnhofplatz/HB",ch:1:sloid:87348::11,2026-10-09,ch:1:sjyid:100648:plan:188e02f3-e7dc-48bf-b918-cf0a3eaa42da,bus,Bus,31,31,763,"Zürich, Kienastenwies","Zürich, Hermetschloo",,,2026-10-09 03:43:00+00:00,,,False,,2026-10-09 02:17:12.937000+02:00,2026-10-09 05:43:00+02:00,,2026-10-09,5,Friday,False,205.78438333333332
20261009_001707,2026-10-09 00:17:12.937000+00:00,Zürich,local,ch:1:sloid:87348,"Zürich, Bahnhofplatz/HB",ch:1:sloid:87348::0,2026-10-09,ch:1:sjyid:100648:plan:c47682d1-c3a4-484f-a54b-6bdc4b10aec0,tram,Tram,6,6,1872,"Zürich, Bahnhofplatz/HB","Zürich, Zoo",,,2026-10-09 03:44:00+00:00,,,False,,2026-10-09 02:17:12.937000+02:00,2026-10-09 05:44:00+02:00,,2026-10-09,5,Friday,False,206.78438333333332
20261009_001707,2026-10-09 00:17:12.937000+00:00,Zürich,local,ch:1:sloid:87348,"Zürich, Bahnhofplatz/HB",ch:1:sloid:87348,2026-10-09,ch:1:sjyid:100648:plan:7ed4f9e7-d86c-4177-85a3-1e1750e03a72,bus,Bus,33,33,1141,"Zürich, Herdernstrasse","Zürich, Hegibachplatz",,,2026-10-09 03:46:00+00:00,,,False,,2026-10-09 02:17:12.937000+02:00,2026-10-09 05:46:00+02:00,,2026-10-09,5,Friday,False,208.78438333333332
20261009_001707,2026-10-09 00:17:12.937000+00:00,Zürich,local,ch:1:sloid:87348,"Zürich, Bahnhofplatz/HB",ch:1:sloid:87348::0,2026-10-09,ch:1:sjyid:100648:plan:0a0d99a1-55c7-46a8-9c8b-224bf202d70f,tram,Tram,51,51,1545,"Zürich, Kappeli","Zürich, Seebach",,,2026-10-09 03:48:00+00:00,,,False,,2026-10-09 02:17:12.937000+02:00,2026-10-09 05:48:00+02:00,,2026-10-09,5,Friday,False,210.78438333333332
20261009_001707,2026-10-09 00:17:12.937000+00:00,Zürich,local,ch:1:sloid:87348,"Zürich, Bahnhofplatz/HB",ch:1:sloid:87348::1,2026-10-09,ch:1:sjyid:100648:plan:35ee1fda-febe-49d3-b8a0-1b260697df2e,tram,Tram,3,3,1692,"Zürich, Klusplatz","Zürich, Albisrieden",,,2026-10-09 03:49:00+00:00,,,False,,2026-10-09 02:17:12.937000+02:00,2026-10-09 05:49:00+02:00,,2026-10-09,5,Friday,False,211.78438333333332
20261009_001707,2026-10-09 00:17:12.937000+00:00,Zürich,local,ch:1:sloid:87348,"Zürich, Bahnhofplatz/HB",ch:1:sloid:87348,2026-10-09,ch:1:sjyid:100648:plan:76c2b13b-71e0-431c-ac8b-4d6bf6ba71e1,bus,Bus,31,31,1270,"Zürich, Herdernstrasse","Zürich, Kienastenwies",,,2026-10-09 03:50:00+00:00,,,False,,2026-10-09 02:17:12.937000+02:00,2026-10-09 05:50:00+02:00,,2026-10-09,5,Friday,False,212.78438333333332
20261009_001707,2026-10-09 00:17:12.937000+00:00,Zürich,local,ch:1:sloid:87348,"Zürich, Bahnhofplatz/HB",ch:1:sloid:87348::0,2026-10-09,ch:1:sjyid:100648:plan:6f45fd76-9fa6-4cb5-ac48-aa8feade413c,tram,Tram,3,3,1526,"Zürich, Albisrieden","Zürich, Klusplatz",,,2026-10-09 03:51:00+00:00,,,False,,2026-10-09 02:17:12.937000+02:00,2026-10-09 05:51:00+02:00,,2026-10-09,5,Friday,False,213.78438333333332
20261009_001707,2026-10-09 00:17:12.937000+00:00,Zürich,local,ch:1:sloid:87348,"Zürich, Bahnhofplatz/HB",ch:1:sloid:87348::0,2026-10-09,ch:1:sjyid:100648:plan:ca430bf7-ea6d-4072-b739-958269218ad5,tram,Tram,3,3,1737,"Zürich, Kappeli","Zürich, Klusplatz",,,2026-10-09 03:56:00+00:00,,,False,,2026-10-09 02:17:12.937000+02:00,2026-10-09 05:56:00+02:00,,2026-10-09,5,Friday,False,218.78438333333332
20261009_001707,2026-10-09 00:17:12.937000+00:00,Zürich,local,ch:1:sloid:87348,"Zürich, Bahnhofplatz/HB",ch:1:sloid:87348::1,2026-10-09,ch:1:sjyid:100648:plan:0faad90f-9e70-4a9a-9972-2f7467d528fa,tram,Tram,14,14,2246,"Zürich, Bahnhofplatz/HB","Zürich, Triemli",,,2026-10-09 03:56:00+00:00,,,False,,2026-10-09 02:17:12.937000+02:00,2026-10-09 05:56:00+02:00,,2026-10-09,5,Friday,False,218.78438333333332
20261009_001707,2026-10-09 00:17:12.937000+00:00,Zürich,local,ch:1:sloid:87348,"Zürich, Bahnhofplatz/HB",ch:1:sloid:87348,2026-10-09,ch:1:sjyid:100648:plan:797ddf12-76d5-4d97-bc07-a60f6d2e5265,bus,Bus,31,31,1211,"Zürich, Hermetschloo","Zürich, Kienastenwies",,,2026-10-09 03:58:00+00:00,,,False,,2026-10-09 02:17:12.937000+02:00,2026-10-09 05:58:00+02:00,,2026-10-09,5,Friday,False,220.78438333333332
20261009_001707,2026-10-09 00:17:12.937000+00:00,Zürich,local,ch:1:sloid:87348,"Zürich, Bahnhofplatz/HB",ch:1:sloid:87348::11,2026-10-09,ch:1:sjyid:100648:plan:7d3758a8-eefe-43e2-9656-4bccca0e8a6d,bus,Bus,31,31,1223,"Zürich, Kienastenwies","Zürich, Hermetschloo",,,2026-10-09 03:58:00+00:00,,,False,,2026-10-09 02:17:12.937000+02:00,2026-10-09 05:58:00+02:00,,2026-10-09,5,Friday,False,220.78438333333332
20261009_001707,2026-10-09 00:17:12.937000+00:00,Zürich,local,ch:1:sloid:87348,"Zürich, Bahnhofplatz/HB",ch:1:sloid:87348::0,2026-10-09,ch:1:sjyid:100648:plan:c243a60b-d758-4ef2-ad1b-b09da6f37468,tram,Tram,6,6,2351,"Zürich, Bahnhofplatz/HB","Zürich, Zoo",,,2026-10-09 03:59:00+00:00,,,False,,2026-10-09 02:17:12.937000+02:00,2026-10-09 05:59:00+02:00,,2026-10-09,5,Friday,False,221.78438333333332
20261009_001707,2026-10-09 00:17:13.430000+00:00,Bern,local,ch:1:sloid:76646,"Bern, Bahnhof",ch:1:sloid:76646:0:19,2026-10-09,ch:1:sjyid:100626:plan:698dece6-f0e3-4ae7-b292-de47357aa7b4,bus,Bus,10,10,32475,"Bern, Monbijou","Ostermundigen, Rüti",L,,2026-10-09 03:07:00+00:00,,,False,,2026-10-09 02:17:13.430000+02:00,2026-10-09 05:07:00+02:00,,2026-10-09,5,Friday,False,169.77616666666665
20261009_001707,2026-10-09 00:17:13.430000+00:00,Bern,local,ch:1:sloid:76646,"Bern, Bahnhof",ch:1:sloid:76646:0:7,2026-10-09,ch:1:sjyid:100626:plan:6017042c-8894-430a-8c87-047862ccf9ef,tram,Tram,7,7,10716,"Bern, Bärenplatz","Bern, Bümpliz",D,,2026-10-09 03:12:00+00:00,,,False,,2026-10-09 02:17:13.430000+02:00,2026-10-09 05:12:00+02:00,,2026-10-09,5,Friday,False,174.77616666666665
20261009_001707,2026-10-09 00:17:13.430000+00:00,Bern,local,ch:1:sloid:76646,"Bern, Bahnhof",ch:1:sloid:76646:0:19,2026-10-09,ch:1:sjyid:100626:plan:8c7f7e3f-d262-4365-9fb9-63ca859ecca3,bus,Bus,10,10,32704,"Bern, Hirschengraben","Ostermundigen, Rüti",L,,2026-10-09 03:14:00+00:00,,,False,,2026-10-09 02:17:13.430000+02:00,2026-10-09 05:14:00+02:00,,2026-10-09,5,Friday,False,176.77616666666665
20261009_001707,2026-10-09 00:17:13.430000+00:00,Bern,local,ch:1:sloid:76646,"Bern, Bahnhof",ch:1:sloid:76646:0:3,2026-10-09,ch:1:sjyid:100626:plan:3e9eed39-fec9-4454-8455-36451eaecc97,tram,Tram,8,8,16694,"Bern, Bärenplatz","Bern Brünnen Westside, Bahnhof",C,,2026-10-09 03:14:00+00:00,,,False,,2026-10-09 02:17:13.430000+02:00,2026-10-09 05:14:00+02:00,,2026-10-09,5,Friday,False,176.77616666666665
20261009_001707,2026-10-09 00:17:13.430000+00:00,Bern,local,ch:1:sloid:76646,"Bern, Bahnhof",ch:1:sloid:76646:0:3,2026-10-09,ch:1:sjyid:100626:plan:7fdebfd6-f8be-473c-849f-5951ecf8941b,tram,Tram,8,8,16696,"Bern, Bärenplatz","Bern Brünnen Westside, Bahnhof",C,,2026-10-09 03:21:00+00:00,,,False,,2026-10-09 02:17:13.430000+02:00,2026-10-09 05:21:00+02:00,,2026-10-09,5,Friday,False,183.77616666666665
20261009_001707,2026-10-09 00:17:13.430000+00:00,Bern,local,ch:1:sloid:76646,"Bern, Bahnhof",ch:1:sloid:76646:0:3,2026-10-09,ch:1:sjyid:100626:plan:8c996bb5-cc4f-4b5f-87e6-c88bf072e47f,tram,Tram,6,6,5861,"Bern, Bärenplatz","Bern, Fischermätteli",C,,2026-10-09 03:23:00+00:00,,,False,,2026-10-09 02:17:13.430000+02:00,2026-10-09 05:23:00+02:00,,2026-10-09,5,Friday,False,185.77616666666665
20261009_001707,2026-10-09 00:17:13.430000+00:00,Bern,local,ch:1:sloid:76646,"Bern, Bahnhof",ch:1:sloid:76646:0:19,2026-10-09,ch:1:sjyid:100626:plan:be1d67f2-eb40-4943-8d5f-ce3c95403d17,bus,Bus,10,10,32494,"Bern, Monbijou","Ostermundigen, Rüti",L,,2026-10-09 03:24:00+00:00,,,False,,2026-10-09 02:17:13.430000+02:00,2026-10-09 05:24:00+02:00,,2026-10-09,5,Friday,False,186.77616666666665
20261009_001707,2026-10-09 00:17:13.430000+00:00,Bern,local,ch:1:sloid:76646,"Bern, Bahnhof",ch:1:sloid:76646:0:7,2026-10-09,ch:1:sjyid:100626:plan:462a0718-22bb-4023-af46-289213233b8b,tram,Tram,7,7,10722,"Bern, Bärenplatz","Bern, Bümpliz",D,,2026-10-09 03:25:00+00:00,,,False,,2026-10-09 02:17:13.430000+02:00,2026-10-09 05:25:00+02:00,,2026-10-09,5,Friday,False,187.77616666666665
20261009_001707,2026-10-09 00:17:13.430000+00:00,Bern,local,ch:1:sloid:76646,"Bern, Bahnhof",ch:1:sloid:76646:0:3,2026-10-09,ch:1:sjyid:100626:plan:1e59c065-668a-4cd9-b44d-8323bf7f6b8e,tram,Tram,8,8,16700,"Bern, Bärenplatz","Bern Brünnen Westside, Bahnhof",C,,2026-10-09 03:31:00+00:00,,,False,,2026-10-09 02:17:13.430000+02:00,2026-10-09 05:31:00+02:00,,2026-10-09,5,Friday,False,193.77616666666665
20261009_001707,2026-10-09 00:17:13.430000+00:00,Bern,local,ch:1:sloid:76646,"Bern, Bahnhof",ch:1:sloid:76646:0:13,2026-10-09,ch:1:sjyid:100626:plan:3d22ff1f-4bae-41a3-9656-88cd38493bbe,bus,Bus,20,20,62235,"Bern, Bahnhof","Bern Wankdorf, Bahnhof",E,,2026-10-09 03:33:00+00:00,,,False,,2026-10-09 02:17:13.430000+02:00,2026-10-09 05:33:00+02:00,,2026-10-09,5,Friday,False,195.77616666666665
20261009_001707,2026-10-09 00:17:13.430000+00:00,Bern,local,ch:1:sloid:76646,"Bern, Bahnhof",ch:1:sloid:76646:0:19,2026-10-09,ch:1:sjyid:100626:plan:77ac7c69-2fc6-4eba-9db0-7840e36f1c77,bus,Bus,10,10,32708,"Bern, Hirschengraben","Ostermundigen, Rüti",L,,2026-10-09 03:34:00+00:00,,,False,,2026-10-09 02:17:13.430000+02:00,2026-10-09 05:34:00+02:00,,2026-10-09,5,Friday,False,196.77616666666665
20261009_001707,2026-10-09 00:17:13.430000+00:00,Bern,local,ch:1:sloid:76646,"Bern, Bahnhof",ch:1:sloid:76646:0:3,2026-10-09,ch:1:sjyid:100626:plan:ea702076-274f-460c-965f-585a69029365,tram,Tram,8,8,16702,"Bern, Bärenplatz","Bern Brünnen Westside, Bahnhof",C,,2026-10-09 03:37:00+00:00,,,False,,2026-10-09 02:17:13.430000+02:00,2026-10-09 05:37:00+02:00,,2026-10-09,5,Friday,False,199.77616666666665
20261009_001707,2026-10-09 00:17:13.430000+00:00,Bern,local,ch:1:sloid:76646,"Bern, Bahnhof",ch:1:sloid:76646:0:19,2026-10-09,ch:1:sjyid:100626:plan:b26b2c6b-e291-4936-b2cd-f206ad13bde3,bus,Bus,10,10,32514,"Bern, Monbijou","Ostermundigen, Rüti",L,,2026-10-09 03:42:00+00:00,,,False,,2026-10-09 02:17:13.430000+02:00,2026-10-09 05:42:00+02:00,,2026-10-09,5,Friday,False,204.77616666666665
20261009_001707,2026-10-09 00:17:13.430000+00:00,Bern,local,ch:1:sloid:76646,"Bern, Bahnhof",ch:1:sloid:76646:0:2,2026-10-09,ch:1:sjyid:100626:plan:d035692e-ed5e-4ff4-ab29-a0e08f90a5c7,bus,Bus,8A,8A,77499,"Bern, Bahnhof","Bern, Saali",K2,,2026-10-09 03:43:00+00:00,,,False,,2026-10-09 02:17:13.430000+02:00,2026-10-09 05:43:00+02:00,,2026-10-09,5,Friday,False,205.77616666666665
20261009_001707,2026-10-09 00:17:13.430000+00:00,Bern,local,ch:1:sloid:76646,"Bern, Bahnhof",ch:1:sloid:76646:0:3,2026-10-09,ch:1:sjyid:100626:plan:1312b054-93f1-4a9f-b3da-ccf30b34426b,tram,Tram,8,8,16705,"Bern, Bärenplatz","Bern Brünnen Westside, Bahnhof",C,,2026-10-09 03:43:00+00:00,,,False,,2026-10-09 02:17:13.430000+02:00,2026-10-09 05:43:00+02:00,,2026-10-09,5,Friday,False,205.77616666666665
20261009_001707,2026-10-09 00:17:13.430000+00:00,Bern,local,ch:1:sloid:76646,"Bern, Bahnhof",ch:1:sloid:76646:0:7,2026-10-09,ch:1:sjyid:100626:plan:abb0c5ba-74e2-4883-a8e8-1e2a80c937e7,tram,Tram,7,7,10728,"Bern, Bärenplatz","Bern, Bümpliz",D,,2026-10-09 03:45:00+00:00,,,False,,2026-10-09 02:17:13.430000+02:00,2026-10-09 05:45:00+02:00,,2026-10-09,5,Friday,False,207.77616666666665
20261009_001707,2026-10-09 00:17:13.430000+00:00,Bern,local,ch:1:sloid:76646,"Bern, Bahnhof",ch:1:sloid:76646:0:15,2026-10-09,ch:1:sjyid:100626:plan:7f872e70-19c0-48a7-82ed-64f34381d187,bus,Bus,20,20,65081,"Bern Wankdorf, Bahnhof","Bern, Länggasse",F,,2026-10-09 03:47:00+00:00,,,False,,2026-10-09 02:17:13.430000+02:00,2026-10-09 05:47:00+02:00,,2026-10-09,5,Friday,False,209.77616666666665
20261009_001707,2026-10-09 00:17:13.430000+00:00,Bern,local,ch:1:sloid:76646,"Bern, Bahnhof",ch:1:sloid:76646:0:19,2026-10-09,ch:1:sjyid:100626:plan:d3481e1e-240e-4852-af4c-c2c1f41b486c,bus,Bus,10,10,34450,"Schliern, Bus-Endstation","Ostermundigen, Rüti",L,,2026-10-09 03:48:00+00:00,,,False,,2026-10-09 02:17:13.430000+02:00,2026-10-09 05:48:00+02:00,,2026-10-09,5,Friday,False,210.77616666666665
20261009_001707,2026-10-09 00:17:13.430000+00:00,Bern,local,ch:1:sloid:76646,"Bern, Bahnhof",ch:1:sloid:76646:0:20,2026-10-09,ch:1:sjyid:100626:plan:75a6c531-1f1c-4141-99bc-34eaca2d013d,bus,Bus,19,19,58496,"Spiegel, Blinzern","Bern, Elfenau",M,,2026-10-09 03:48:00+00:00,,,False,,2026-10-09 02:17:13.430000+02:00,2026-10-09 05:48:00+02:00,,2026-10-09,5,Friday,False,210.77616666666665
20261009_001707,2026-10-09 00:17:13.430000+00:00,Bern,local,ch:1:sloid:76646,"Bern, Bahnhof",ch:1:sloid:76646:0:10,2026-10-09,ch:1:sjyid:100626:plan:d9656e8f-8786-48f9-9a26-f27c01b6861a,tram,Tram,3,3,1455,"Bern, Bahnhof","Bern, Weissenbühl (Tram)",J,,2026-10-09 03:48:00+00:00,,,False,,2026-10-09 02:17:13.430000+02:00,2026-10-09 05:48:00+02:00,,2026-10-09,5,Friday,False,210.77616666666665
20261009_001707,2026-10-09 00:17:13.430000+00:00,Bern,local,ch:1:sloid:76646,"Bern, Bahnhof",ch:1:sloid:76646:0:7,2026-10-09,ch:1:sjyid:100626:plan:b627cd68-1735-4b9f-ae57-aa034b5cab04,bus,Bus,12,12,52876,"Bern, Zentrum Paul Klee","Bern, Holligen",D,,2026-10-09 03:48:00+00:00,,,False,,2026-10-09 02:17:13.430000+02:00,2026-10-09 05:48:00+02:00,,2026-10-09,5,Friday,False,210.77616666666665
20261009_001707,2026-10-09 00:17:13.430000+00:00,Bern,local,ch:1:sloid:76646,"Bern, Bahnhof",ch:1:sloid:76646:0:20,2026-10-09,ch:1:sjyid:100626:plan:48a813d7-fb78-4ba6-875a-33a997427167,bus,Bus,17,17,57772,"Bern, Bahnhof","Köniz, Weiermatt",M,,2026-10-09 03:48:00+00:00,,,False,,2026-10-09 02:17:13.430000+02:00,2026-10-09 05:48:00+02:00,,2026-10-09,5,Friday,False,210.77616666666665
20261009_001707,2026-10-09 00:17:13.430000+00:00,Bern,local,ch:1:sloid:76646,"Bern, Bahnhof",ch:1:sloid:76646:0:5,2026-10-09,ch:1:sjyid:100626:plan:f90ce336-b0ef-4cb0-9a0c-159d1b07c3b8,bus,Bus,12,12,50168,"Bern, Holligen","Bern, Zentrum Paul Klee",A,,2026-10-09 03:48:00+00:00,,,False,,2026-10-09 02:17:13.430000+02:00,2026-10-09 05:48:00+02:00,,2026-10-09,5,Friday,False,210.77616666666665
20261009_001707,2026-10-09 00:17:13.430000+00:00,Bern,local,ch:1:sloid:76646,"Bern, Bahnhof",ch:1:sloid:76646:0:11,2026-10-09,ch:1:sjyid:100626:plan:60bd780a-47e6-425b-8ca8-dfcbae9f79bb,bus,Bus,10,10,42751,"Ostermundigen, Rüti","Schliern, Bus-Endstation",I,,2026-10-09 03:48:00+00:00,,,False,,2026-10-09 02:17:13.430000+02:00,2026-10-09 05:48:00+02:00,,2026-10-09,5,Friday,False,210.77616666666665
20261009_001707,2026-10-09 00:17:13.430000+00:00,Bern,local,ch:1:sloid:76646,"Bern, Bahnhof",ch:1:sloid:76646:0:25,2026-10-09,ch:1:sjyid:100626:plan:e0045763-164f-47af-babb-e27aae3365b6,bus,Bus,19,19,60554,"Bern, Elfenau","Spiegel, Blinzern",K1,,2026-10-09 03:48:00+00:00,,,False,,2026-10-09 02:17:13.430000+02:00,2026-10-09 05:48:00+02:00,,2026-10-09,5,Friday,False,210.77616666666665
20261009_001707,2026-10-09 00:17:13.430000+00:00,Bern,local,ch:1:sloid:76646,"Bern, Bahnhof",ch:1:sloid:76646:0:10,2026-10-09,ch:1:sjyid:100626:plan:1486577b-3aae-40bd-913d-e848a2084d47,tram,Tram,6,6,7000,"Bern, Bahnhof","Bern, Fischermätteli",J,,2026-10-09 03:49:00+00:00,,,False,,2026-10-09 02:17:13.430000+02:00,2026-10-09 05:49:00+02:00,,2026-10-09,5,Friday,False,211.77616666666665
20261009_001707,2026-10-09 00:17:13.430000+00:00,Bern,local,ch:1:sloid:76646,"Bern, Bahnhof",ch:1:sloid:76646:0:39,2026-10-09,ch:1:sjyid:100626:plan:462a2975-90db-4cde-ab5e-d7664832edc7,tram,Tram,8,8,17829,"Bern, Bahnhof","Bern Brünnen Westside, Bahnhof",N,,2026-10-09 03:49:00+00:00,,,False,,2026-10-09 02:17:13.430000+02:00,2026-10-09 05:49:00+02:00,,2026-10-09,5,Friday,False,211.77616666666665
20261009_001707,2026-10-09 00:17:13.430000+00:00,Bern,local,ch:1:sloid:76646,"Bern, Bahnhof",ch:1:sloid:76646:0:13,2026-10-09,ch:1:sjyid:100626:plan:aed788b1-e133-41ec-8553-f2a1c4e6c98e,bus,Bus,20,20,62330,"Bern, Länggasse","Bern Wankdorf, Bahnhof",E,,2026-10-09 03:49:00+00:00,,,False,,2026-10-09 02:17:13.430000+02:00,2026-10-09 05:49:00+02:00,,2026-10-09,5,Friday,False,211.77616666666665
20261009_001707,2026-10-09 00:17:13.430000+00:00,Bern,local,ch:1:sloid:76646,"Bern, Bahnhof",ch:1:sloid:76646:0:30,2026-10-09,ch:1:sjyid:100626:plan:f53ab730-19cd-4d64-9466-aa2d4eef2586,bus,Bus,21,21,67626,"Bern, Bahnhof","Bremgarten BE, Stuckishaus",H,,2026-10-09 03:49:00+00:00,,,False,,2026-10-09 02:17:13.430000+02:00,2026-10-09 05:49:00+02:00,,2026-10-09,5,Friday,False,211.77616666666665
20261009_001707,2026-10-09 00:17:13.430000+00:00,Bern,local,ch:1:sloid:76646,"Bern, Bahnhof",ch:1:sloid:76646:0:39,2026-10-09,ch:1:sjyid:100626:plan:0d7eb204-d5fe-4241-97ab-5a6ddac0352e,tram,Tram,7,7,12574,"Bern, Bahnhof","Bern, Bümpliz",N,,2026-10-09 03:50:00+00:00,,,False,,2026-10-09 02:17:13.430000+02:00,2026-10-09 05:50:00+02:00,,2026-10-09,5,Friday,False,212.77616666666665
20261009_001707,2026-10-09 00:17:13.939000+00:00,Basel,local,ch:1:sloid:78143,"Basel, Bahnhof SBB",ch:1:sloid:78143:3:3,2026-10-09,ch:1:sjyid:100622:plan:1e1ff6b9-3b7d-4311-a8f9-ed09d92167a3,bus,Bus,50,50,50001,"Basel, Bahnhof SBB","Basel, EuroAirport",B,,2026-10-09 02:10:00+00:00,,,False,,2026-10-09 02:17:13.939000+02:00,2026-10-09 04:10:00+02:00,,2026-10-09,4,Friday,False,112.76768333333332
20261009_001707,2026-10-09 00:17:13.939000+00:00,Basel,local,ch:1:sloid:78143,"Basel, Bahnhof SBB",ch:1:sloid:78143:3:3,2026-10-09,ch:1:sjyid:100622:plan:dfd86ea5-ad5e-4d03-94f1-fc9d05a23a69,bus,Bus,50,50,50003,"Basel, Bahnhof SBB","Basel EuroAirport, Verwaltung",B,,2026-10-09 02:35:00+00:00,,,False,,2026-10-09 02:17:13.939000+02:00,2026-10-09 04:35:00+02:00,,2026-10-09,4,Friday,False,137.76768333333334
20261009_001707,2026-10-09 00:17:13.939000+00:00,Basel,local,ch:1:sloid:78143,"Basel, Bahnhof SBB",ch:1:sloid:78143:1:34,2026-10-09,ch:1:sjyid:100622:plan:7a1153b4-d556-41e9-a93c-c83d9fd6fdd1,tram,Tram,15,15,15002,"Basel, Wiesenplatz","Basel, Bruderholz",G,,2026-10-09 02:47:48+00:00,,,False,,2026-10-09 02:17:13.939000+02:00,2026-10-09 04:47:48+02:00,,2026-10-09,4,Friday,False,150.56768333333332
20261009_001707,2026-10-09 00:17:13.939000+00:00,Basel,local,ch:1:sloid:78143,"Basel, Bahnhof SBB",ch:1:sloid:78143:1:32,2026-10-09,ch:1:sjyid:100622:plan:a8c1bbae-3a4f-4263-8073-66db6d019881,tram,Tram,8,8,8002,"Basel, Wiesenplatz","Basel, Neuweilerstrasse",E,,2026-10-09 02:48:18+00:00,,,False,,2026-10-09 02:17:13.939000+02:00,2026-10-09 04:48:18+02:00,,2026-10-09,4,Friday,False,151.06768333333332
20261009_001707,2026-10-09 00:17:13.939000+00:00,Basel,local,ch:1:sloid:78143,"Basel, Bahnhof SBB",ch:1:sloid:78143:3:3,2026-10-09,ch:1:sjyid:100622:plan:5387ccbf-2653-4f8b-8b60-1d726bc7c67d,bus,Bus,50,50,50005,"Basel, Bahnhof SBB","Basel EuroAirport, Verwaltung",B,,2026-10-09 02:55:00+00:00,,,False,,2026-10-09 02:17:13.939000+02:00,2026-10-09 04:55:00+02:00,,2026-10-09,4,Friday,False,157.76768333333334
20261009_001707,2026-10-09 00:17:13.939000+00:00,Basel,local,ch:1:sloid:78143,"Basel, Bahnhof SBB",ch:1:sloid:78143:1:34,2026-10-09,ch:1:sjyid:100019:plan:8dd6375b-5dd2-458a-ae9d-b6ca8af11e0d,tram,Tram,10,10,10003,"Oberwil BL, Zentrum","Dornach, Bahnhof",G,,2026-10-09 02:58:00+00:00,,,False,,2026-10-09 02:17:13.939000+02:00,2026-10-09 04:58:00+02:00,,2026-10-09,4,Friday,False,160.76768333333334
20261009_001707,2026-10-09 00:17:13.939000+00:00,Basel,local,ch:1:sloid:78143,"Basel, Bahnhof SBB",ch:1:sloid:78143:1:34,2026-10-09,ch:1:sjyid:100622:plan:74556207-c26d-4ad0-a0d1-e4ec1a38d542,tram,Tram,15,15,15004,"Basel, Wiesenplatz","Basel, Bruderholz",G,,2026-10-09 02:59:00+00:00,,,False,,2026-10-09 02:17:13.939000+02:00,2026-10-09 04:59:00+02:00,,2026-10-09,4,Friday,False,161.76768333333334
20261009_001707,2026-10-09 00:17:13.939000+00:00,Basel,local,ch:1:sloid:78143,"Basel, Bahnhof SBB",ch:1:sloid:78143:1:32,2026-10-09,ch:1:sjyid:100622:plan:1bec0973-a113-47b3-bde7-164f6142cb35,tram,Tram,8,8,8004,"Basel, Wiesenplatz","Basel, Neuweilerstrasse",E,,2026-10-09 03:03:00+00:00,,,False,,2026-10-09 02:17:13.939000+02:00,2026-10-09 05:03:00+02:00,,2026-10-09,5,Friday,False,165.76768333333334
20261009_001707,2026-10-09 00:17:13.939000+00:00,Basel,local,ch:1:sloid:78143,"Basel, Bahnhof SBB",ch:1:sloid:78143:1:34,2026-10-09,ch:1:sjyid:100622:plan:01e1bbb8-8aad-45cf-9d59-c0d614d63285,tram,Tram,16,16,16002,"Basel, Wiesenplatz","Basel, Bruderholz",G,,2026-10-09 03:04:00+00:00,,,False,,2026-10-09 02:17:13.939000+02:00,2026-10-09 05:04:00+02:00,,2026-10-09,5,Friday,False,166.76768333333334
20261009_001707,2026-10-09 00:17:13.939000+00:00,Basel,local,ch:1:sloid:78143,"Basel, Bahnhof SBB",ch:1:sloid:78143:3:3,2026-10-09,ch:1:sjyid:100622:plan:bbd953c9-e8ce-438e-9dfc-9abe60b15be0,bus,Bus,30,30,30001,"Basel, Bahnhof SBB","Basel, Badischer Bahnhof",B,,2026-10-09 03:05:00+00:00,,,False,,2026-10-09 02:17:13.939000+02:00,2026-10-09 05:05:00+02:00,,2026-10-09,5,Friday,False,167.76768333333334
20261009_001707,2026-10-09 00:17:13.939000+00:00,Basel,local,ch:1:sloid:78143,"Basel, Bahnhof SBB",ch:1:sloid:78143:1:32,2026-10-09,ch:1:sjyid:100622:plan:516f3320-cc79-46cc-9778-598a1d852083,tram,Tram,2,2,2002,"Basel, Wiesenplatz","Binningen, Kronenplatz",E,,2026-10-09 03:06:00+00:00,,,False,,2026-10-09 02:17:13.939000+02:00,2026-10-09 05:06:00+02:00,,2026-10-09,5,Friday,False,168.76768333333334
20261009_001707,2026-10-09 00:17:13.939000+00:00,Basel,local,ch:1:sloid:78143,"Basel, Bahnhof SBB",ch:1:sloid:78143:1:33,2026-10-09,ch:1:sjyid:100622:plan:3a1351d6-8aee-4e83-9e10-167f3eb7b60b,tram,Tram,6,6,6001,"Allschwil, Dorf","Riehen, Grenze",F,,2026-10-09 03:09:00+00:00,,,False,,2026-10-09 02:17:13.939000+02:00,2026-10-09 05:09:00+02:00,,2026-10-09,5,Friday,False,171.76768333333334
20261009_001707,2026-10-09 00:17:13.939000+00:00,Basel,local,ch:1:sloid:78143,"Basel, Bahnhof SBB",ch:1:sloid:78143:3:3,2026-10-09,ch:1:sjyid:100622:plan:3dc99762-bc01-4480-820c-67f32d5275c4,bus,Bus,50,50,50007,"Basel, Bahnhof SBB","Basel EuroAirport, Verwaltung",B,,2026-10-09 03:10:00+00:00,,,False,,2026-10-09 02:17:13.939000+02:00,2026-10-09 05:10:00+02:00,,2026-10-09,5,Friday,False,172.76768333333334
20261009_001707,2026-10-09 00:17:13.939000+00:00,Basel,local,ch:1:sloid:78143,"Basel, Bahnhof SBB",ch:1:sloid:78143:1:34,2026-10-09,ch:1:sjyid:100019:plan:f651a611-5436-460c-85ca-ed1290faeecc,tram,Tram,10,10,10005,"Ettingen, Dorf","Dornach, Bahnhof",G,,2026-10-09 03:13:00+00:00,,,False,,2026-10-09 02:17:13.939000+02:00,2026-10-09 05:13:00+02:00,,2026-10-09,5,Friday,False,175.76768333333334
20261009_001707,2026-10-09 00:17:13.939000+00:00,Basel,local,ch:1:sloid:78143,"Basel, Bahnhof SBB",ch:1:sloid:78143:1:33,2026-10-09,ch:1:sjyid:100622:plan:f639726e-23b7-4238-b49a-eda2f3ed0406,tram,Tram,8,8,8005,"Basel, Neuweilerstrasse","Weil am Rhein, Bahnhof/Zentrum",F,,2026-10-09 03:14:00+00:00,,,False,,2026-10-09 02:17:13.939000+02:00,2026-10-09 05:14:00+02:00,,2026-10-09,5,Friday,False,176.76768333333334
20261009_001707,2026-10-09 00:17:13.939000+00:00,Basel,local,ch:1:sloid:78143,"Basel, Bahnhof SBB",ch:1:sloid:78143:1:35,2026-10-09,ch:1:sjyid:100019:plan:ed260a1d-7ada-48ae-aef0-7d17fa3cf9c4,tram,Tram,11,11,38006,"Basel, Dreispitz","Basel, St-Louis Grenze",H,,2026-10-09 03:14:00+00:00,,,False,,2026-10-09 02:17:13.939000+02:00,2026-10-09 05:14:00+02:00,,2026-10-09,5,Friday,False,176.76768333333334
20261009_001707,2026-10-09 00:17:13.939000+00:00,Basel,local,ch:1:sloid:78143,"Basel, Bahnhof SBB",ch:1:sloid:78143:1:35,2026-10-09,ch:1:sjyid:100019:plan:9bf55e15-d369-4298-a228-92b82ea65825,tram,Tram,10,10,10014,"Dornach, Bahnhof","Rodersdorf, Station",H,,2026-10-09 03:16:00+00:00,,,False,,2026-10-09 02:17:13.939000+02:00,2026-10-09 05:16:00+02:00,,2026-10-09,5,Friday,False,178.76768333333334
20261009_001707,2026-10-09 00:17:13.939000+00:00,Basel,local,ch:1:sloid:78143,"Basel, Bahnhof SBB",ch:1:sloid:78143:1:32,2026-10-09,ch:1:sjyid:100622:plan:d418cd49-08eb-4e35-a5bf-6b9757678cbe,tram,Tram,8,8,8006,"Weil am Rhein, Bahnhof/Zentrum","Basel, Neuweilerstrasse",E,,2026-10-09 03:18:00+00:00,,,False,,2026-10-09 02:17:13.939000+02:00,2026-10-09 05:18:00+02:00,,2026-10-09,5,Friday,False,180.76768333333334
20261009_001707,2026-10-09 00:17:13.939000+00:00,Basel,local,ch:1:sloid:78143,"Basel, Bahnhof SBB",ch:1:sloid:78143:1:34,2026-10-09,ch:1:sjyid:100622:plan:614ae343-59d4-4339-87e7-0a8f94faffe1,tram,Tram,15,15,15006,"Basel, Wiesenplatz","Basel, Bruderholz",G,,2026-10-09 03:19:00+00:00,,,False,,2026-10-09 02:17:13.939000+02:00,2026-10-09 05:19:00+02:00,,2026-10-09,5,Friday,False,181.76768333333334
20261009_001707,2026-10-09 00:17:13.939000+00:00,Basel,local,ch:1:sloid:78143,"Basel, Bahnhof SBB",ch:1:sloid:78143:1:31,2026-10-09,ch:1:sjyid:100622:plan:289d3ad0-5bbd-4a65-a3e5-854fa4509e20,tram,Tram,1,1,1006,"Basel, Bahnhof SBB","Basel, Dreirosenbrücke",D,,2026-10-09 03:20:00+00:00,,,False,,2026-10-09 02:17:13.939000+02:00,2026-10-09 05:20:00+02:00,,2026-10-09,5,Friday,False,182.76768333333334
20261009_001707,2026-10-09 00:17:13.939000+00:00,Basel,local,ch:1:sloid:78143,"Basel, Bahnhof SBB",ch:1:sloid:78143:1:32,2026-10-09,ch:1:sjyid:100622:plan:d725d56d-2226-401f-b750-b0d19e505faa,tram,Tram,2,2,2006,"Basel, Wiesenplatz","Binningen, Kronenplatz",E,,2026-10-09 03:20:00+00:00,,,False,,2026-10-09 02:17:13.939000+02:00,2026-10-09 05:20:00+02:00,,2026-10-09,5,Friday,False,182.76768333333334
20261009_001707,2026-10-09 00:17:13.939000+00:00,Basel,local,ch:1:sloid:78143,"Basel, Bahnhof SBB",ch:1:sloid:78143:3:3,2026-10-09,ch:1:sjyid:100622:plan:5839988d-2434-403f-aa49-57f07be7c924,bus,Bus,30,30,30003,"Basel, Bahnhof SBB","Basel, Badischer Bahnhof",B,,2026-10-09 03:20:00+00:00,,,False,,2026-10-09 02:17:13.939000+02:00,2026-10-09 05:20:00+02:00,,2026-10-09,5,Friday,False,182.76768333333334
20261009_001707,2026-10-09 00:17:13.939000+00:00,Basel,local,ch:1:sloid:78143,"Basel, Bahnhof SBB",ch:1:sloid:78143:1:35,2026-10-09,ch:1:sjyid:100622:plan:458f1ce9-40d4-4522-af75-9f86dad3aab2,tram,Tram,3,3,3008,"Basel, Morgartenring","Birsfelden, Hard",H,,2026-10-09 03:21:00+00:00,,,False,,2026-10-09 02:17:13.939000+02:00,2026-10-09 05:21:00+02:00,,2026-10-09,5,Friday,False,183.76768333333334
20261009_001707,2026-10-09 00:17:13.939000+00:00,Basel,local,ch:1:sloid:78143,"Basel, Bahnhof SBB",ch:1:sloid:78143:1:34,2026-10-09,ch:1:sjyid:100019:plan:97f0ca5f-7265-4b5a-8f57-c06bd0e080ad,tram,Tram,11,11,38001,"Basel, Bankverein","Basel, Dreispitz",G,,2026-10-09 03:23:00+00:00,,,False,,2026-10-09 02:17:13.939000+02:00,2026-10-09 05:23:00+02:00,,2026-10-09,5,Friday,False,185.76768333333334
20261009_001707,2026-10-09 00:17:13.939000+00:00,Basel,local,ch:1:sloid:78143,"Basel, Bahnhof SBB",ch:1:sloid:78143:1:32,2026-10-09,ch:1:sjyid:100622:plan:5bf2e0b5-355f-4f7b-b294-2039d754b074,tram,Tram,2,2,2004,"Riehen, Grenze","Binningen, Kronenplatz",E,,2026-10-09 03:24:00+00:00,,,False,,2026-10-09 02:17:13.939000+02:00,2026-10-09 05:24:00+02:00,,2026-10-09,5,Friday,False,186.76768333333334
20261009_001707,2026-10-09 00:17:13.939000+00:00,Basel,local,ch:1:sloid:78143,"Basel, Bahnhof SBB",ch:1:sloid:78143:1:33,2026-10-09,ch:1:sjyid:100622:plan:c559fb03-167b-42d7-afe3-f721b4643cd0,tram,Tram,6,6,6005,"Allschwil, Dorf","Riehen, Grenze",F,,2026-10-09 03:24:00+00:00,,,False,,2026-10-09 02:17:13.939000+02:00,2026-10-09 05:24:00+02:00,,2026-10-09,5,Friday,False,186.76768333333334
20261009_001707,2026-10-09 00:17:13.939000+00:00,Basel,local,ch:1:sloid:78143,"Basel, Bahnhof SBB",ch:1:sloid:78143:1:35,2026-10-09,ch:1:sjyid:100019:plan:2b995458-c02c-4b73-b81d-3fd14c720b66,tram,Tram,11,11,38008,"Basel, Dreispitz","Basel, St-Louis Grenze",H,,2026-10-09 03:25:00+00:00,,,False,,2026-10-09 02:17:13.939000+02:00,2026-10-09 05:25:00+02:00,,2026-10-09,5,Friday,False,187.76768333333334
20261009_001707,2026-10-09 00:17:13.939000+00:00,Basel,local,ch:1:sloid:78143,"Basel, Bahnhof SBB",ch:1:sloid:78143:1:32,2026-10-09,ch:1:sjyid:100622:plan:332ee20a-83eb-4762-aefd-ec1a8a2b2f6f,tram,Tram,8,8,8008,"Basel, Wiesenplatz","Basel, Neuweilerstrasse",E,,2026-10-09 03:25:00+00:00,,,False,,2026-10-09 02:17:13.939000+02:00,2026-10-09 05:25:00+02:00,,2026-10-09,5,Friday,False,187.76768333333334
20261009_001707,2026-10-09 00:17:13.939000+00:00,Basel,local,ch:1:sloid:78143,"Basel, Bahnhof SBB",ch:1:sloid:78143:3:3,2026-10-09,ch:1:sjyid:100622:plan:37ede279-8180-46d0-a4ee-7cab54151958,bus,Bus,50,50,50009,"Basel, Bahnhof SBB","Basel EuroAirport, Verwaltung",B,,2026-10-09 03:25:00+00:00,,,False,,2026-10-09 02:17:13.939000+02:00,2026-10-09 05:25:00+02:00,,2026-10-09,5,Friday,False,187.76768333333334
20261009_001707,2026-10-09 00:17:13.939000+00:00,Basel,local,ch:1:sloid:78143,"Basel, Bahnhof SBB",ch:1:sloid:78143:1:33,2026-10-09,ch:1:sjyid:100622:plan:f87fdf17-6fd3-4a65-b83f-5872f13bbe31,tram,Tram,2,2,2007,"Binningen, Kronenplatz","Basel, Eglisee",F,,2026-10-09 03:26:00+00:00,,,False,,2026-10-09 02:17:13.939000+02:00,2026-10-09 05:26:00+02:00,,2026-10-09,5,Friday,False,188.76768333333334
20261009_001707,2026-10-09 00:17:14.443000+00:00,Luzern,local,ch:1:sloid:8450,"Luzern, Bahnhof",ch:1:sloid:8450::1,2026-10-09,ch:1:sjyid:100619:plan:e8342ef7-4842-41d0-b188-5ee2f5cac3f6,bus,Bus,1,1,1023,"Luzern, Bahnhof","Obernau, Dorf",A,,2026-10-09 02:39:00+00:00,,,False,,2026-10-09 02:17:14.443000+02:00,2026-10-09 04:39:00+02:00,,2026-10-09,4,Friday,False,141.75928333333334
20261009_001707,2026-10-09 00:17:14.443000+00:00,Luzern,local,ch:1:sloid:8450,"Luzern, Bahnhof",ch:1:sloid:8450::23,2026-10-09,ch:1:sjyid:100619:plan:2cd85c46-3363-4bc5-8249-869b88f848e9,bus,Bus,2,2,8005,"Luzern, Bahnhof","Emmenbrücke, Sprengi",Y,,2026-10-09 02:39:00+00:00,,,False,,2026-10-09 02:17:14.443000+02:00,2026-10-09 04:39:00+02:00,,2026-10-09,4,Friday,False,141.75928333333334
20261009_001707,2026-10-09 00:17:14.443000+00:00,Luzern,local,ch:1:sloid:8450,"Luzern, Bahnhof",ch:1:sloid:8450::2,2026-10-09,ch:1:sjyid:100619:plan:9503a9f2-a14a-4f6c-a015-5fab03b15ca1,bus,Bus,8,8,28014,"Luzern, Weinbergli","Luzern, Würzenbach",B,,2026-10-09 02:48:00+00:00,,,False,,2026-10-09 02:17:14.443000+02:00,2026-10-09 04:48:00+02:00,,2026-10-09,4,Friday,False,150.75928333333334
20261009_001707,2026-10-09 00:17:14.443000+00:00,Luzern,local,ch:1:sloid:8450,"Luzern, Bahnhof",ch:1:sloid:8450::20,2026-10-09,ch:1:sjyid:100619:plan:d67b0f63-d571-475f-be1a-b183211abed4,bus,Bus,12,12,83017,"Luzern, Bahnhof","Luzern, Gasshof",M,,2026-10-09 02:49:00+00:00,,,False,,2026-10-09 02:17:14.443000+02:00,2026-10-09 04:49:00+02:00,,2026-10-09,4,Friday,False,151.75928333333334
20261009_001707,2026-10-09 00:17:14.443000+00:00,Luzern,local,ch:1:sloid:8450,"Luzern, Bahnhof",ch:1:sloid:8450::2,2026-10-09,ch:1:sjyid:100619:plan:78f2d365-b434-47b5-963e-b21ec74b1725,bus,Bus,6,6,21014,"Luzern, Weinbergli","Luzern, Büttenenhalde",B,,2026-10-09 02:52:00+00:00,,,False,,2026-10-09 02:17:14.443000+02:00,2026-10-09 04:52:00+02:00,,2026-10-09,4,Friday,False,154.75928333333334
20261009_001707,2026-10-09 00:17:14.443000+00:00,Luzern,local,ch:1:sloid:8450,"Luzern, Bahnhof",ch:1:sloid:8450::1,2026-10-09,ch:1:sjyid:100619:plan:0f428294-07b8-4b46-a1d5-21b86fc0571a,bus,Bus,1,1,1047,"Luzern, Bahnhof","Obernau, Dorf",A,,2026-10-09 02:54:00+00:00,,,False,,2026-10-09 02:17:14.443000+02:00,2026-10-09 04:54:00+02:00,,2026-10-09,4,Friday,False,156.75928333333334
20261009_001707,2026-10-09 00:17:14.443000+00:00,Luzern,local,ch:1:sloid:8450,"Luzern, Bahnhof",ch:1:sloid:8450::23,2026-10-09,ch:1:sjyid:100619:plan:10593ddf-b13a-44ed-bbff-03545ed06b3a,bus,Bus,2,2,8019,"Luzern, Bahnhof","Emmenbrücke, Sprengi",Y,,2026-10-09 02:54:00+00:00,,,False,,2026-10-09 02:17:14.443000+02:00,2026-10-09 04:54:00+02:00,,2026-10-09,4,Friday,False,156.75928333333334
20261009_001707,2026-10-09 00:17:14.443000+00:00,Luzern,local,ch:1:sloid:8450,"Luzern, Bahnhof",ch:1:sloid:8450::2,2026-10-09,ch:1:sjyid:100619:plan:421f770d-b650-40bc-9c26-7e4b8a7a93d1,bus,Bus,1,1,1082,"Luzern, Bahnhof","Ebikon, Fildern",B,,2026-10-09 02:56:00+00:00,,,False,,2026-10-09 02:17:14.443000+02:00,2026-10-09 04:56:00+02:00,,2026-10-09,4,Friday,False,158.75928333333334
20261009_001707,2026-10-09 00:17:14.443000+00:00,Luzern,local,ch:1:sloid:8450,"Luzern, Bahnhof",ch:1:sloid:8450::2,2026-10-09,ch:1:sjyid:100619:plan:8521bfea-f7f4-4d29-91c5-f9e4e63fc24c,bus,Bus,25,25,61000,"Luzern, Weinbergli","Luzern, Brüelstrasse",B,,2026-10-09 02:56:00+00:00,,,False,,2026-10-09 02:17:14.443000+02:00,2026-10-09 04:56:00+02:00,,2026-10-09,4,Friday,False,158.75928333333334
20261009_001707,2026-10-09 00:17:14.443000+00:00,Luzern,local,ch:1:sloid:8450,"Luzern, Bahnhof",ch:1:sloid:8450::1,2026-10-09,ch:1:sjyid:100619:plan:31861421-fd51-41d2-b193-5d1f52186eae,bus,Bus,7,7,24015,"Luzern, Bahnhof","Horw, Biregghof",A,,2026-10-09 02:56:00+00:00,,,False,,2026-10-09 02:17:14.443000+02:00,2026-10-09 04:56:00+02:00,,2026-10-09,4,Friday,False,158.75928333333334
20261009_001707,2026-10-09 00:17:14.443000+00:00,Luzern,local,ch:1:sloid:8450,"Luzern, Bahnhof",ch:1:sloid:8450::15,2026-10-09,ch:1:sjyid:100602:c940fb95-82d1-4778-9f46-7cc31cf6dd73,bus,Bus,73,73,73003,"Luzern, Bahnhof","Udligenswil, alte Post",U,,2026-10-09 03:00:00+00:00,,,False,,2026-10-09 02:17:14.443000+02:00,2026-10-09 05:00:00+02:00,,2026-10-09,5,Friday,False,162.75928333333334
20261009_001707,2026-10-09 00:17:14.443000+00:00,Luzern,local,ch:1:sloid:8450,"Luzern, Bahnhof",ch:1:sloid:8450::2,2026-10-09,ch:1:sjyid:100619:plan:e72eaecb-a8c8-4a47-a2d8-f5bcfc1824c2,bus,Bus,7,7,24028,"Luzern, Weinbergli","Luzern, Unterlöchli",B,,2026-10-09 03:02:00+00:00,,,False,,2026-10-09 02:17:14.443000+02:00,2026-10-09 05:02:00+02:00,,2026-10-09,5,Friday,False,164.75928333333334
20261009_001707,2026-10-09 00:17:14.443000+00:00,Luzern,local,ch:1:sloid:8450,"Luzern, Bahnhof",ch:1:sloid:8450::15,2026-10-09,ch:1:sjyid:100602:8bb14610-8386-4e96-b401-1ef0ebfc2da5,bus,Bus,73,73,73005,"Luzern, Bahnhof","Rotkreuz, Bahnhof Süd",U,,2026-10-09 03:07:00+00:00,,,False,,2026-10-09 02:17:14.443000+02:00,2026-10-09 05:07:00+02:00,,2026-10-09,5,Friday,False,169.75928333333334
20261009_001707,2026-10-09 00:17:14.443000+00:00,Luzern,local,ch:1:sloid:8450,"Luzern, Bahnhof",ch:1:sloid:8450::2,2026-10-09,ch:1:sjyid:100619:plan:318c6bcb-5bd9-495b-baa5-9843133edf18,bus,Bus,8,8,28030,"Luzern, Weinbergli","Luzern, Würzenbach",B,,2026-10-09 03:08:00+00:00,,,False,,2026-10-09 02:17:14.443000+02:00,2026-10-09 05:08:00+02:00,,2026-10-09,5,Friday,False,170.75928333333334
20261009_001707,2026-10-09 00:17:14.443000+00:00,Luzern,local,ch:1:sloid:8450,"Luzern, Bahnhof",ch:1:sloid:8450::1,2026-10-09,ch:1:sjyid:100619:plan:2d1c1c42-6ece-489c-8b83-e281e6b44791,bus,Bus,1,1,1069,"Ebikon, Fildern","Obernau, Dorf",A,,2026-10-09 03:09:00+00:00,,,False,,2026-10-09 02:17:14.443000+02:00,2026-10-09 05:09:00+02:00,,2026-10-09,5,Friday,False,171.75928333333334
20261009_001707,2026-10-09 00:17:14.443000+00:00,Luzern,local,ch:1:sloid:8450,"Luzern, Bahnhof",ch:1:sloid:8450::23,2026-10-09,ch:1:sjyid:100619:plan:eae5e1d7-1fd9-4fb9-82f2-54d7861f61a9,bus,Bus,2,2,8041,"Luzern, Bahnhof","Emmenbrücke, Sprengi",Y,,2026-10-09 03:10:00+00:00,,,False,,2026-10-09 02:17:14.443000+02:00,2026-10-09 05:10:00+02:00,,2026-10-09,5,Friday,False,172.75928333333334
20261009_001707,2026-10-09 00:17:14.443000+00:00,Luzern,local,ch:1:sloid:8450,"Luzern, Bahnhof",ch:1:sloid:8450::1,2026-10-09,ch:1:sjyid:100619:plan:7d3c7b59-b10a-409d-ac44-f07b2db32592,bus,Bus,8,8,28031,"Luzern, Würzenbach","Luzern, Hirtenhof",A,,2026-10-09 03:10:00+00:00,,,False,,2026-10-09 02:17:14.443000+02:00,2026-10-09 05:10:00+02:00,,2026-10-09,5,Friday,False,172.75928333333334
20261009_001707,2026-10-09 00:17:14.443000+00:00,Luzern,local,ch:1:sloid:8450,"Luzern, Bahnhof",ch:1:sloid:8450::2,2026-10-09,ch:1:sjyid:100619:plan:efba0bb5-d4f6-4c1c-9933-d4f68beeb8cf,bus,Bus,6,6,21028,"Luzern, Weinbergli","Luzern, Büttenenhalde",B,,2026-10-09 03:12:00+00:00,,,False,,2026-10-09 02:17:14.443000+02:00,2026-10-09 05:12:00+02:00,,2026-10-09,5,Friday,False,174.75928333333334
20261009_001707,2026-10-09 00:17:14.443000+00:00,Luzern,local,ch:1:sloid:8450,"Luzern, Bahnhof",ch:1:sloid:8450::10,2026-10-09,ch:1:sjyid:100619:plan:5267b471-8446-4dea-991b-10e27e22efc6,bus,Bus,20,20,48019,"Luzern, Bahnhof","Horw, Ennethorw",J,,2026-10-09 03:13:00+00:00,,,False,,2026-10-09 02:17:14.443000+02:00,2026-10-09 05:13:00+02:00,,2026-10-09,5,Friday,False,175.75928333333334
20261009_001707,2026-10-09 00:17:14.443000+00:00,Luzern,local,ch:1:sloid:8450,"Luzern, Bahnhof",ch:1:sloid:8450::2,2026-10-09,ch:1:sjyid:100619:plan:6adc1c3e-cc7c-4379-aa64-89d87362db98,bus,Bus,1,1,1108,"Obernau, Dorf","Ebikon, Fildern",B,,2026-10-09 03:14:00+00:00,,,False,,2026-10-09 02:17:14.443000+02:00,2026-10-09 05:14:00+02:00,,2026-10-09,5,Friday,False,176.75928333333334
20261009_001707,2026-10-09 00:17:14.443000+00:00,Luzern,local,ch:1:sloid:8450,"Luzern, Bahnhof",ch:1:sloid:8450::20,2026-10-09,ch:1:sjyid:100619:plan:4295e3ca-1955-438e-b741-787a5f0d060c,bus,Bus,12,12,83037,"Luzern, Bahnhof","Luzern, Gasshof",M,,2026-10-09 03:16:00+00:00,,,False,,2026-10-09 02:17:14.443000+02:00,2026-10-09 05:16:00+02:00,,2026-10-09,5,Friday,False,178.75928333333334
20261009_001707,2026-10-09 00:17:14.443000+00:00,Luzern,local,ch:1:sloid:8450,"Luzern, Bahnhof",ch:1:sloid:8450::2,2026-10-09,ch:1:sjyid:100619:plan:886ecd2e-551c-4199-b675-97f07d3b4e0f,bus,Bus,7,7,24040,"Horw, Biregghof","Luzern, Unterlöchli",B,,2026-10-09 03:18:00+00:00,,,False,,2026-10-09 02:17:14.443000+02:00,2026-10-09 05:18:00+02:00,,2026-10-09,5,Friday,False,180.75928333333334
20261009_001707,2026-10-09 00:17:14.443000+00:00,Luzern,local,ch:1:sloid:8450,"Luzern, Bahnhof",ch:1:sloid:8450::2,2026-10-09,ch:1:sjyid:100619:plan:bf20eebe-1e45-45bc-b353-a2f7672fd42f,bus,Bus,14,14,38010,"Horw, Zentrum","Luzern, Brüelstrasse",B,,2026-10-09 03:18:00+00:00,,,False,,2026-10-09 02:17:14.443000+02:00,2026-10-09 05:18:00+02:00,,2026-10-09,5,Friday,False,180.75928333333334
20261009_001707,2026-10-09 00:17:14.443000+00:00,Luzern,local,ch:1:sloid:8450,"Luzern, Bahnhof",ch:1:sloid:8450::23,2026-10-09,ch:1:sjyid:100619:plan:a5a85e09-51eb-4ecc-a5c2-3f6df62d7391,bus,Bus,2,2,8055,"Luzern, Bahnhof","Emmenbrücke, Sprengi",Y,,2026-10-09 03:18:00+00:00,,,False,,2026-10-09 02:17:14.443000+02:00,2026-10-09 05:18:00+02:00,,2026-10-09,5,Friday,False,180.75928333333334
20261009_001707,2026-10-09 00:17:14.443000+00:00,Luzern,local,ch:1:sloid:8450,"Luzern, Bahnhof",ch:1:sloid:8450::2,2026-10-09,ch:1:sjyid:100619:plan:715138f1-e6b4-413f-bb64-a58d1cc745e3,bus,Bus,8,8,28038,"Luzern, Hirtenhof","Luzern, Würzenbach",B,,2026-10-09 03:20:00+00:00,,,False,,2026-10-09 02:17:14.443000+02:00,2026-10-09 05:20:00+02:00,,2026-10-09,5,Friday,False,182.75928333333334
20261009_001707,2026-10-09 00:17:14.443000+00:00,Luzern,local,ch:1:sloid:8450,"Luzern, Bahnhof",ch:1:sloid:8450::1,2026-10-09,ch:1:sjyid:100619:plan:028eb48f-9f78-4d31-ab5a-1ff9e483dcdc,bus,Bus,6,6,21021,"Luzern, Büttenenhalde","Luzern, Matthof",A,,2026-10-09 03:20:00+00:00,,,False,,2026-10-09 02:17:14.443000+02:00,2026-10-09 05:20:00+02:00,,2026-10-09,5,Friday,False,182.75928333333334
20261009_001707,2026-10-09 00:17:14.443000+00:00,Luzern,local,ch:1:sloid:8450,"Luzern, Bahnhof",ch:1:sloid:8450::1,2026-10-09,ch:1:sjyid:100619:plan:f2e72751-e598-4dee-9048-9e8f895ac054,bus,Bus,1,1,1105,"Ebikon, Fildern","Obernau, Dorf",A,,2026-10-09 03:23:00+00:00,,,False,,2026-10-09 02:17:14.443000+02:00,2026-10-09 05:23:00+02:00,,2026-10-09,5,Friday,False,185.75928333333334
20261009_001707,2026-10-09 00:17:14.443000+00:00,Luzern,local,ch:1:sloid:8450,"Luzern, Bahnhof",ch:1:sloid:8450::1,2026-10-09,ch:1:sjyid:100619:plan:e7d7437e-5364-491a-b325-c722e3382317,bus,Bus,7,7,24039,"Luzern, Unterlöchli","Horw, Biregghof",A,,2026-10-09 03:23:00+00:00,,,False,,2026-10-09 02:17:14.443000+02:00,2026-10-09 05:23:00+02:00,,2026-10-09,5,Friday,False,185.75928333333334
20261009_001707,2026-10-09 00:17:14.443000+00:00,Luzern,local,ch:1:sloid:8450,"Luzern, Bahnhof",ch:1:sloid:8450::17,2026-10-09,ch:1:sjyid:100619:plan:f7d5b728-82f9-4aee-b177-c18160e27d81,bus,Bus,10,10,32007,"Luzern, Bahnhof","Luzern, Obergütsch",W,,2026-10-09 03:23:00+00:00,,,False,,2026-10-09 02:17:14.443000+02:00,2026-10-09 05:23:00+02:00,,2026-10-09,5,Friday,False,185.75928333333334
20261009_001707,2026-10-09 00:17:14.443000+00:00,Luzern,local,ch:1:sloid:8450,"Luzern, Bahnhof",ch:1:sloid:8450::11,2026-10-09,ch:1:sjyid:100619:plan:0c259fc1-8da0-405c-a26a-2f3a0adc7695,bus,Bus,19,19,45006,"Luzern, Bahnhof","Luzern, Friedental",R,,2026-10-09 03:24:00+00:00,,,False,,2026-10-09 02:17:14.443000+02:00,2026-10-09 05:24:00+02:00,,2026-10-09,5,Friday,False,186.75928333333334
20261009_001707,2026-10-09 00:17:14.932000+00:00,St. Gallen,local,ch:1:sloid:74095,"St. Gallen, Bahnhof",ch:1:sloid:74095:0:894224,2026-10-09,ch:1:sjyid:100695:2c947a7a-6200-4246-9dd0-4a5788df4c4d,bus,Bus,151,151,51001,"Gossau SG, Mettendorf",Heiligkreuz,E,,2026-10-09 02:03:00+00:00,,,False,,2026-10-09 02:17:14.932000+02:00,2026-10-09 04:03:00+02:00,,2026-10-09,4,Friday,False,105.75113333333334
20261009_001707,2026-10-09 00:17:14.932000+00:00,St. Gallen,local,ch:1:sloid:74095,"St. Gallen, Bahnhof",ch:1:sloid:74095:0:888081,2026-10-09,ch:1:sjyid:100695:02eadf5b-8f40-4307-9406-bebac192f352,bus,Bus,151,151,51002,"St. Gallen, Marktplatz Bohl",Gossau Bhf,F,,2026-10-09 02:27:00+00:00,,,False,,2026-10-09 02:17:14.932000+02:00,2026-10-09 04:27:00+02:00,,2026-10-09,4,Friday,False,129.75113333333334
20261009_001707,2026-10-09 00:17:14.932000+00:00,St. Gallen,local,ch:1:sloid:74095,"St. Gallen, Bahnhof",ch:1:sloid:74095:0:989159,2026-10-09,ch:1:sjyid:100684:SKI-1001,bus,Bus,1,1,1001,"St. Gallen, Theater","St. Gallen, Winkeln",A,,2026-10-09 02:36:00+00:00,,,False,,2026-10-09 02:17:14.932000+02:00,2026-10-09 04:36:00+02:00,,2026-10-09,4,Friday,False,138.7511333333333
20261009_001707,2026-10-09 00:17:14.932000+00:00,St. Gallen,local,ch:1:sloid:74095,"St. Gallen, Bahnhof",ch:1:sloid:74095:0:888081,2026-10-09,ch:1:sjyid:100684:SKI-3001,bus,Bus,3,3,3001,"St. Gallen, Marktplatz Bohl","Abtwil SG, St. Josefen",F,,2026-10-09 02:37:00+00:00,,,False,,2026-10-09 02:17:14.932000+02:00,2026-10-09 04:37:00+02:00,,2026-10-09,4,Friday,False,139.7511333333333
20261009_001707,2026-10-09 00:17:14.932000+00:00,St. Gallen,local,ch:1:sloid:74095,"St. Gallen, Bahnhof",ch:1:sloid:74095:0:888081,2026-10-09,ch:1:sjyid:100684:SKI-4001,bus,Bus,4,4,4001,"St. Gallen, Marktplatz Bohl","Abtwil SG, Säntispark",F,,2026-10-09 02:44:00+00:00,,,False,,2026-10-09 02:17:14.932000+02:00,2026-10-09 04:44:00+02:00,,2026-10-09,4,Friday,False,146.7511333333333
20261009_001707,2026-10-09 00:17:14.932000+00:00,St. Gallen,local,ch:1:sloid:74095,"St. Gallen, Bahnhof",ch:1:sloid:74095:0:989159,2026-10-09,ch:1:sjyid:100684:SKI-1003,bus,Bus,1,1,1003,"St. Gallen, Theater","St. Gallen, Winkeln",A,,2026-10-09 02:48:00+00:00,,,False,,2026-10-09 02:17:14.932000+02:00,2026-10-09 04:48:00+02:00,,2026-10-09,4,Friday,False,150.7511333333333
20261009_001707,2026-10-09 00:17:14.932000+00:00,St. Gallen,local,ch:1:sloid:74095,"St. Gallen, Bahnhof",ch:1:sloid:74095:0:888081,2026-10-09,ch:1:sjyid:100684:SKI-3005,bus,Bus,3,3,3005,"St. Gallen, Marktplatz Bohl","Abtwil SG, St. Josefen",F,,2026-10-09 02:52:00+00:00,,,False,,2026-10-09 02:17:14.932000+02:00,2026-10-09 04:52:00+02:00,,2026-10-09,4,Friday,False,154.7511333333333
20261009_001707,2026-10-09 00:17:14.932000+00:00,St. Gallen,local,ch:1:sloid:74095,"St. Gallen, Bahnhof",ch:1:sloid:74095:0:989159,2026-10-09,ch:1:sjyid:100684:SKI-2001,bus,Bus,2,2,2001,"St. Gallen, Theater","St. Gallen, Wolfganghof",A,,2026-10-09 02:54:00+00:00,,,False,,2026-10-09 02:17:14.932000+02:00,2026-10-09 04:54:00+02:00,,2026-10-09,4,Friday,False,156.7511333333333
20261009_001707,2026-10-09 00:17:14.932000+00:00,St. Gallen,local,ch:1:sloid:74095,"St. Gallen, Bahnhof",ch:1:sloid:74095:0:541287,2026-10-09,ch:1:sjyid:100684:SKI-7001,bus,Bus,7,7,7001,"St. Gallen, Theater","St. Gallen, Hinterberg",H,,2026-10-09 02:57:00+00:00,,,False,,2026-10-09 02:17:14.932000+02:00,2026-10-09 04:57:00+02:00,,2026-10-09,4,Friday,False,159.7511333333333
20261009_001707,2026-10-09 00:17:14.932000+00:00,St. Gallen,local,ch:1:sloid:74095,"St. Gallen, Bahnhof",ch:1:sloid:74095:0:888081,2026-10-09,ch:1:sjyid:100684:SKI-4003,bus,Bus,4,4,4003,"St. Gallen, Marktplatz Bohl","Abtwil SG, Säntispark",F,,2026-10-09 02:59:00+00:00,,,False,,2026-10-09 02:17:14.932000+02:00,2026-10-09 04:59:00+02:00,,2026-10-09,4,Friday,False,161.7511333333333
20261009_001707,2026-10-09 00:17:14.932000+00:00,St. Gallen,local,ch:1:sloid:74095,"St. Gallen, Bahnhof",ch:1:sloid:74095:0:989159,2026-10-09,ch:1:sjyid:100684:SKI-1011,bus,Bus,1,1,1011,"St. Gallen, Theater","St. Gallen, Winkeln",A,,2026-10-09 03:00:00+00:00,,,False,,2026-10-09 02:17:14.932000+02:00,2026-10-09 05:00:00+02:00,,2026-10-09,5,Friday,False,162.7511333333333
20261009_001707,2026-10-09 00:17:14.932000+00:00,St. Gallen,local,ch:1:sloid:74095,"St. Gallen, Bahnhof",ch:1:sloid:74095:0:541287,2026-10-09,ch:1:sjyid:100684:SKI-6005,bus,Bus,6,6,6005,"St. Gallen, Marktplatz Bohl","St. Gallen, Bach St. Georgen",H,,2026-10-09 03:02:00+00:00,,,False,,2026-10-09 02:17:14.932000+02:00,2026-10-09 05:02:00+02:00,,2026-10-09,5,Friday,False,164.7511333333333
20261009_001707,2026-10-09 00:17:14.932000+00:00,St. Gallen,local,ch:1:sloid:74095,"St. Gallen, Bahnhof",ch:1:sloid:74095:0:989159,2026-10-09,ch:1:sjyid:100684:SKI-2007,bus,Bus,2,2,2007,"St. Gallen, Theater","St. Gallen, Wolfganghof",A,,2026-10-09 03:06:00+00:00,,,False,,2026-10-09 02:17:14.932000+02:00,2026-10-09 05:06:00+02:00,,2026-10-09,5,Friday,False,168.7511333333333
20261009_001707,2026-10-09 00:17:14.932000+00:00,St. Gallen,local,ch:1:sloid:74095,"St. Gallen, Bahnhof",ch:1:sloid:74095:0:888081,2026-10-09,ch:1:sjyid:100684:SKI-3007,bus,Bus,3,3,3007,"St. Gallen, Marktplatz Bohl","Abtwil SG, St. Josefen",F,,2026-10-09 03:07:00+00:00,,,False,,2026-10-09 02:17:14.932000+02:00,2026-10-09 05:07:00+02:00,,2026-10-09,5,Friday,False,169.7511333333333
20261009_001707,2026-10-09 00:17:14.932000+00:00,St. Gallen,local,ch:1:sloid:74095,"St. Gallen, Bahnhof",ch:1:sloid:74095:0:541287,2026-10-09,ch:1:sjyid:100684:SKI-8001,bus,Bus,8,8,8001,"St. Gallen, Theater","St. Gallen, Wendeplatz Stocken",H,,2026-10-09 03:10:00+00:00,,,False,,2026-10-09 02:17:14.932000+02:00,2026-10-09 05:10:00+02:00,,2026-10-09,5,Friday,False,172.7511333333333
20261009_001707,2026-10-09 00:17:14.932000+00:00,St. Gallen,local,ch:1:sloid:74095,"St. Gallen, Bahnhof",ch:1:sloid:74095:0:989159,2026-10-09,ch:1:sjyid:100684:SKI-1017,bus,Bus,1,1,1017,"St. Gallen, Theater","St. Gallen, Winkeln",A,,2026-10-09 03:12:00+00:00,,,False,,2026-10-09 02:17:14.932000+02:00,2026-10-09 05:12:00+02:00,,2026-10-09,5,Friday,False,174.7511333333333
20261009_001707,2026-10-09 00:17:14.932000+00:00,St. Gallen,local,ch:1:sloid:74095,"St. Gallen, Bahnhof",ch:1:sloid:74095:0:541287,2026-10-09,ch:1:sjyid:100684:SKI-6007,bus,Bus,6,6,6007,"St. Gallen, Marktplatz Bohl","St. Gallen, Bach St. Georgen",H,,2026-10-09 03:12:00+00:00,,,False,,2026-10-09 02:17:14.932000+02:00,2026-10-09 05:12:00+02:00,,2026-10-09,5,Friday,False,174.7511333333333
20261009_001707,2026-10-09 00:17:14.932000+00:00,St. Gallen,local,ch:1:sloid:74095,"St. Gallen, Bahnhof",ch:1:sloid:74095:0:482413,2026-10-09,ch:1:sjyid:100602:8bc48276-73de-4c4b-bb18-fe5f9b21066e,bus,Bus,121,121,12102,"Engelburg, Dorfplatz","Heiden, Post",D,,2026-10-09 03:12:00+00:00,,,False,,2026-10-09 02:17:14.932000+02:00,2026-10-09 05:12:00+02:00,,2026-10-09,5,Friday,False,174.7511333333333
20261009_001707,2026-10-09 00:17:14.932000+00:00,St. Gallen,local,ch:1:sloid:74095,"St. Gallen, Bahnhof",ch:1:sloid:74095:0:888081,2026-10-09,ch:1:sjyid:100684:SKI-4013,bus,Bus,4,4,4013,"St. Gallen, Marktplatz Bohl","Abtwil SG, Säntispark",F,,2026-10-09 03:14:00+00:00,,,False,,2026-10-09 02:17:14.932000+02:00,2026-10-09 05:14:00+02:00,,2026-10-09,5,Friday,False,176.7511333333333
20261009_001707,2026-10-09 00:17:14.932000+00:00,St. Gallen,local,ch:1:sloid:74095,"St. Gallen, Bahnhof",ch:1:sloid:74095:0:541287,2026-10-09,ch:1:sjyid:100684:SKI-5001,bus,Bus,5,5,5001,"St. Gallen, Bahnhof","St. Gallen, Riethüsli",H,,2026-10-09 03:16:00+00:00,,,False,,2026-10-09 02:17:14.932000+02:00,2026-10-09 05:16:00+02:00,,2026-10-09,5,Friday,False,178.7511333333333
20261009_001707,2026-10-09 00:17:14.932000+00:00,St. Gallen,local,ch:1:sloid:74095,"St. Gallen, Bahnhof",ch:1:sloid:74095:0:989159,2026-10-09,ch:1:sjyid:100684:SKI-2013,bus,Bus,2,2,2013,"St. Gallen, Theater","St. Gallen, Wolfganghof",A,,2026-10-09 03:18:00+00:00,,,False,,2026-10-09 02:17:14.932000+02:00,2026-10-09 05:18:00+02:00,,2026-10-09,5,Friday,False,180.7511333333333
20261009_001707,2026-10-09 00:17:14.932000+00:00,St. Gallen,local,ch:1:sloid:74095,"St. Gallen, Bahnhof",ch:1:sloid:74095:0:888081,2026-10-09,ch:1:sjyid:100684:SKI-12001,bus,Bus,12,12,12001,"St. Gallen, Theater","Abtwil SG, Sonnenberg",F,,2026-10-09 03:18:00+00:00,,,False,,2026-10-09 02:17:14.932000+02:00,2026-10-09 05:18:00+02:00,,2026-10-09,5,Friday,False,180.7511333333333
20261009_001707,2026-10-09 00:17:14.932000+00:00,St. Gallen,local,ch:1:sloid:74095,"St. Gallen, Bahnhof",ch:1:sloid:74095:0:541287,2026-10-09,ch:1:sjyid:100684:SKI-7013,bus,Bus,7,7,7013,"St. Gallen, Theater","St. Gallen, Hinterberg",H,,2026-10-09 03:20:00+00:00,,,False,,2026-10-09 02:17:14.932000+02:00,2026-10-09 05:20:00+02:00,,2026-10-09,5,Friday,False,182.7511333333333
20261009_001707,2026-10-09 00:17:14.932000+00:00,St. Gallen,local,ch:1:sloid:74095,"St. Gallen, Bahnhof",ch:1:sloid:74095:0:174964,2026-10-09,ch:1:sjyid:100602:335ee93b-4014-4289-8b5c-579fec056ceb,bus,Bus,120,120,13101,"St. Gallen, Bahnhof","Engelburg, Dorfplatz",C,,2026-10-09 03:21:00+00:00,,,False,,2026-10-09 02:17:14.932000+02:00,2026-10-09 05:21:00+02:00,,2026-10-09,5,Friday,False,183.7511333333333
20261009_001707,2026-10-09 00:17:14.932000+00:00,St. Gallen,local,ch:1:sloid:74095,"St. Gallen, Bahnhof",ch:1:sloid:74095:0:888081,2026-10-09,ch:1:sjyid:100684:SKI-3009,bus,Bus,3,3,3009,"Wittenbach, Bahnhof","Abtwil SG, St. Josefen",F,,2026-10-09 03:22:00+00:00,,,False,,2026-10-09 02:17:14.932000+02:00,2026-10-09 05:22:00+02:00,,2026-10-09,5,Friday,False,184.7511333333333
20261009_001707,2026-10-09 00:17:14.932000+00:00,St. Gallen,local,ch:1:sloid:74095,"St. Gallen, Bahnhof",ch:1:sloid:74095:0:541287,2026-10-09,ch:1:sjyid:100684:SKI-6015,bus,Bus,6,6,6015,"St. Gallen, Marktplatz Bohl","St. Gallen, Bach St. Georgen",H,,2026-10-09 03:22:00+00:00,,,False,,2026-10-09 02:17:14.932000+02:00,2026-10-09 05:22:00+02:00,,2026-10-09,5,Friday,False,184.7511333333333
20261009_001707,2026-10-09 00:17:14.932000+00:00,St. Gallen,local,ch:1:sloid:74095,"St. Gallen, Bahnhof",ch:1:sloid:74095:0:606657,2026-10-09,ch:1:sjyid:100684:SKI-5000,bus,Bus,5,5,5000,"St. Gallen, Riethüsli","St. Gallen, Rotmonten",I,,2026-10-09 03:23:00+00:00,,,False,,2026-10-09 02:17:14.932000+02:00,2026-10-09 05:23:00+02:00,,2026-10-09,5,Friday,False,185.7511333333333
20261009_001707,2026-10-09 00:17:14.932000+00:00,St. Gallen,local,ch:1:sloid:74095,"St. Gallen, Bahnhof",ch:1:sloid:74095:0:989159,2026-10-09,ch:1:sjyid:100684:SKI-1019,bus,Bus,1,1,1019,"St. Gallen, Stephanshorn","St. Gallen, Winkeln",A,,2026-10-09 03:24:00+00:00,,,False,,2026-10-09 02:17:14.932000+02:00,2026-10-09 05:24:00+02:00,,2026-10-09,5,Friday,False,186.7511333333333
20261009_001707,2026-10-09 00:17:14.932000+00:00,St. Gallen,local,ch:1:sloid:74095,"St. Gallen, Bahnhof",ch:1:sloid:74095:0:894224,2026-10-09,ch:1:sjyid:100684:SKI-3002,bus,Bus,3,3,3002,"Abtwil SG, Säntispark","Wittenbach, Bahnhof",E,,2026-10-09 03:24:00+00:00,,,False,,2026-10-09 02:17:14.932000+02:00,2026-10-09 05:24:00+02:00,,2026-10-09,5,Friday,False,186.7511333333333
20261009_001707,2026-10-09 00:17:14.932000+00:00,St. Gallen,local,ch:1:sloid:74095,"St. Gallen, Bahnhof",ch:1:sloid:74095:0:541287,2026-10-09,ch:1:sjyid:100684:SKI-5009,bus,Bus,5,5,5009,"St. Gallen, Bahnhof","St. Gallen, Riethüsli",H,,2026-10-09 03:26:00+00:00,,,False,,2026-10-09 02:17:14.932000+02:00,2026-10-09 05:26:00+02:00,,2026-10-09,5,Friday,False,188.7511333333333
20261009_001707,2026-10-09 00:17:15.409000+00:00,Lausanne,local,ch:1:sloid:92050,"Lausanne, gare",ch:1:sloid:92050:0:2893,2026-10-09,ch:1:sjyid:100122:plan1:2026_ATT5-21-50-Semaine-21-9980561,bus,Bus,21,21,21155,"Lausanne, Pont Chauderon","Paudex, Verrière",A,,2026-10-09 02:53:00+00:00,,,False,,2026-10-09 02:17:15.409000+02:00,2026-10-09 04:53:00+02:00,,2026-10-09,4,Friday,False,155.74318333333335
20261009_001707,2026-10-09 00:17:15.409000+00:00,Lausanne,local,ch:1:sloid:92050,"Lausanne, gare",ch:1:sloid:92050:0:2814,2026-10-09,ch:1:sjyid:100122:plan1:2026_ATT2-03-20-Semaine-3-9715556,bus,Bus,3,3,3015,"Lausanne, gare",Maillefer,D,,2026-10-09 03:00:00+00:00,,,False,,2026-10-09 02:17:15.409000+02:00,2026-10-09 05:00:00+02:00,,2026-10-09,5,Friday,False,162.74318333333335
20261009_001707,2026-10-09 00:17:15.409000+00:00,Lausanne,local,ch:1:sloid:92050,"Lausanne, gare",ch:1:sloid:92050:0:2893,2026-10-09,ch:1:sjyid:100122:plan1:2026_ATT5-21-50-Semaine-21-9980556,bus,Bus,21,21,21158,"Lausanne, Pont Chauderon","Paudex, Verrière",A,,2026-10-09 03:08:00+00:00,,,False,,2026-10-09 02:17:15.409000+02:00,2026-10-09 05:08:00+02:00,,2026-10-09,5,Friday,False,170.74318333333335
20261009_001707,2026-10-09 00:17:15.409000+00:00,Lausanne,local,ch:1:sloid:92050,"Lausanne, gare",ch:1:sloid:92050:0:2814,2026-10-09,ch:1:sjyid:100122:plan1:2026_ATT2-03-20-Semaine-3-9715557,bus,Bus,3,3,3016,"Lausanne, gare",Maillefer,D,,2026-10-09 03:15:00+00:00,,,False,,2026-10-09 02:17:15.409000+02:00,2026-10-09 05:15:00+02:00,,2026-10-09,5,Friday,False,177.74318333333335
20261009_001707,2026-10-09 00:17:15.409000+00:00,Lausanne,local,ch:1:sloid:92050,"Lausanne, gare",ch:1:sloid:92050:0:2893,2026-10-09,ch:1:sjyid:100122:plan1:2026_ATT5-21-50-Semaine-21-9980257,bus,Bus,21,21,21157,"Lausanne, Blécherette","Paudex, Verrière",A,,2026-10-09 03:18:00+00:00,,,False,,2026-10-09 02:17:15.409000+02:00,2026-10-09 05:18:00+02:00,,2026-10-09,5,Friday,False,180.74318333333335
20261009_001707,2026-10-09 00:17:15.409000+00:00,Lausanne,local,ch:1:sloid:92050,"Lausanne, gare",ch:1:sloid:92050:0:2893,2026-10-09,ch:1:sjyid:100122:plan1:2026_ATT5-01-50-Semaine-1-10018927,bus,Bus,1,1,1041,"Lausanne, Maladière",Blécherette,A,,2026-10-09 03:21:00+00:00,,,False,,2026-10-09 02:17:15.409000+02:00,2026-10-09 05:21:00+02:00,,2026-10-09,5,Friday,False,183.74318333333335
20261009_001707,2026-10-09 00:17:15.409000+00:00,Lausanne,local,ch:1:sloid:92050,"Lausanne, gare",ch:1:sloid:92050:0:2814,2026-10-09,ch:1:sjyid:100122:plan1:2026_ATT5-21-50-Semaine-21-9980560,bus,Bus,21,21,21028,"Paudex, Verrière",Blécherette,D,,2026-10-09 03:22:00+00:00,,,False,,2026-10-09 02:17:15.409000+02:00,2026-10-09 05:22:00+02:00,,2026-10-09,5,Friday,False,184.74318333333335
20261009_001707,2026-10-09 00:17:15.409000+00:00,Lausanne,local,ch:1:sloid:92050,"Lausanne, gare",ch:1:sloid:92050:0:2815,2026-10-09,ch:1:sjyid:100122:plan1:2026_ATT5-20-50-Semaine-20-9969571,bus,Bus,20,20,20011,"Lausanne, gare",Blécherette,C,,2026-10-09 03:27:00+00:00,,,False,,2026-10-09 02:17:15.409000+02:00,2026-10-09 05:27:00+02:00,,2026-10-09,5,Friday,False,189.74318333333335
20261009_001707,2026-10-09 00:17:15.409000+00:00,Lausanne,local,ch:1:sloid:92050,"Lausanne, gare",ch:1:sloid:92050:0:2892,2026-10-09,ch:1:sjyid:100122:plan1:2026_ATT5-01-50-Semaine-1-10018931,bus,Bus,1,1,1195,"Lausanne, Blécherette",Maladière,B,,2026-10-09 03:30:00+00:00,,,False,,2026-10-09 02:17:15.409000+02:00,2026-10-09 05:30:00+02:00,,2026-10-09,5,Friday,False,192.74318333333335
20261009_001707,2026-10-09 00:17:15.409000+00:00,Lausanne,local,ch:1:sloid:92050,"Lausanne, gare",ch:1:sloid:92050:0:2814,2026-10-09,ch:1:sjyid:100122:plan1:2026_ATT2-03-20-Semaine-3-9715558,bus,Bus,3,3,3017,"Lausanne, gare",Maillefer,D,,2026-10-09 03:30:00+00:00,,,False,,2026-10-09 02:17:15.409000+02:00,2026-10-09 05:30:00+02:00,,2026-10-09,5,Friday,False,192.74318333333335
20261009_001707,2026-10-09 00:17:15.409000+00:00,Lausanne,local,ch:1:sloid:92050,"Lausanne, gare",ch:1:sloid:92050:0:1096,2026-10-09,ch:1:sjyid:100122:plan2:m2_0167,metro,Metro,m2,m2,720167,"Lausanne, Ouchy-Olympique","Epalinges, Croisettes",,,2026-10-09 03:31:00+00:00,,,False,,2026-10-09 02:17:15.409000+02:00,2026-10-09 05:31:00+02:00,,2026-10-09,5,Friday,False,193.74318333333335
20261009_001707,2026-10-09 00:17:15.409000+00:00,Lausanne,local,ch:1:sloid:92050,"Lausanne, gare",ch:1:sloid:92050:0:1101,2026-10-09,ch:1:sjyid:100122:plan2:m2_0002,metro,Metro,m2,m2,720002,"Epalinges, Croisettes","Lausanne, Ouchy-Olympique",,,2026-10-09 03:31:00+00:00,,,False,,2026-10-09 02:17:15.409000+02:00,2026-10-09 05:31:00+02:00,,2026-10-09,5,Friday,False,193.74318333333335
20261009_001707,2026-10-09 00:17:15.409000+00:00,Lausanne,local,ch:1:sloid:92050,"Lausanne, gare",ch:1:sloid:92050:0:2893,2026-10-09,ch:1:sjyid:100122:plan1:2026_ATT5-21-50-Semaine-21-9980265,bus,Bus,21,21,21159,"Lausanne, Blécherette","Paudex, Verrière",A,,2026-10-09 03:32:00+00:00,,,False,,2026-10-09 02:17:15.409000+02:00,2026-10-09 05:32:00+02:00,,2026-10-09,5,Friday,False,194.74318333333335
20261009_001707,2026-10-09 00:17:15.409000+00:00,Lausanne,local,ch:1:sloid:92050,"Lausanne, gare",ch:1:sloid:92050:0:1101,2026-10-09,ch:1:sjyid:100122:plan2:m2_0058,metro,Metro,m2,m2,720058,"Epalinges, Croisettes","Lausanne, Ouchy-Olympique",,,2026-10-09 03:36:00+00:00,,,False,,2026-10-09 02:17:15.409000+02:00,2026-10-09 05:36:00+02:00,,2026-10-09,5,Friday,False,198.74318333333335
20261009_001707,2026-10-09 00:17:15.409000+00:00,Lausanne,local,ch:1:sloid:92050,"Lausanne, gare",ch:1:sloid:92050:0:2893,2026-10-09,ch:1:sjyid:100122:plan1:2026_ATT5-01-50-Semaine-1-10018928,bus,Bus,1,1,1042,"Lausanne, Maladière",Blécherette,A,,2026-10-09 03:36:00+00:00,,,False,,2026-10-09 02:17:15.409000+02:00,2026-10-09 05:36:00+02:00,,2026-10-09,5,Friday,False,198.74318333333335
20261009_001707,2026-10-09 00:17:15.409000+00:00,Lausanne,local,ch:1:sloid:92050,"Lausanne, gare",ch:1:sloid:92050:0:2814,2026-10-09,ch:1:sjyid:100122:plan1:2026_ATT5-21-50-Semaine-21-9980256,bus,Bus,21,21,21030,"Paudex, Verrière",Blécherette,D,,2026-10-09 03:38:00+00:00,,,False,,2026-10-09 02:17:15.409000+02:00,2026-10-09 05:38:00+02:00,,2026-10-09,5,Friday,False,200.74318333333335
20261009_001707,2026-10-09 00:17:15.409000+00:00,Lausanne,local,ch:1:sloid:92050,"Lausanne, gare",ch:1:sloid:92050:0:1096,2026-10-09,ch:1:sjyid:100122:plan2:m2_0319,metro,Metro,m2,m2,720319,"Lausanne, Ouchy-Olympique","Epalinges, Croisettes",,,2026-10-09 03:39:00+00:00,,,False,,2026-10-09 02:17:15.409000+02:00,2026-10-09 05:39:00+02:00,,2026-10-09,5,Friday,False,201.74318333333335
20261009_001707,2026-10-09 00:17:15.409000+00:00,Lausanne,local,ch:1:sloid:92050,"Lausanne, gare",ch:1:sloid:92050:0:1101,2026-10-09,ch:1:sjyid:100122:plan2:m2_0112,metro,Metro,m2,m2,720112,"Epalinges, Croisettes","Lausanne, Ouchy-Olympique",,,2026-10-09 03:40:00+00:00,,,False,,2026-10-09 02:17:15.409000+02:00,2026-10-09 05:40:00+02:00,,2026-10-09,5,Friday,False,202.74318333333335
20261009_001707,2026-10-09 00:17:15.409000+00:00,Lausanne,local,ch:1:sloid:92050,"Lausanne, gare",ch:1:sloid:92050:0:1096,2026-10-09,ch:1:sjyid:100122:plan2:m2_0003,metro,Metro,m2,m2,720003,"Lausanne, Ouchy-Olympique","Epalinges, Croisettes",,,2026-10-09 03:44:00+00:00,,,False,,2026-10-09 02:17:15.409000+02:00,2026-10-09 05:44:00+02:00,,2026-10-09,5,Friday,False,206.74318333333335
20261009_001707,2026-10-09 00:17:15.409000+00:00,Lausanne,local,ch:1:sloid:92050,"Lausanne, gare",ch:1:sloid:92050:0:2892,2026-10-09,ch:1:sjyid:100122:plan1:2026_ATT5-01-50-Semaine-1-10018932,bus,Bus,1,1,1196,"Lausanne, Blécherette",Maladière,B,,2026-10-09 03:45:00+00:00,,,False,,2026-10-09 02:17:15.409000+02:00,2026-10-09 05:45:00+02:00,,2026-10-09,5,Friday,False,207.74318333333335
20261009_001707,2026-10-09 00:17:15.409000+00:00,Lausanne,local,ch:1:sloid:92050,"Lausanne, gare",ch:1:sloid:92050:0:2814,2026-10-09,ch:1:sjyid:100122:plan1:2026_ATT2-03-20-Semaine-3-9715559,bus,Bus,3,3,3018,"Lausanne, gare",Maillefer,D,,2026-10-09 03:45:00+00:00,,,False,,2026-10-09 02:17:15.409000+02:00,2026-10-09 05:45:00+02:00,,2026-10-09,5,Friday,False,207.74318333333335
20261009_001707,2026-10-09 00:17:15.409000+00:00,Lausanne,local,ch:1:sloid:92050,"Lausanne, gare",ch:1:sloid:92050:0:1101,2026-10-09,ch:1:sjyid:100122:plan2:m2_0222,metro,Metro,m2,m2,720222,"Epalinges, Croisettes","Lausanne, Ouchy-Olympique",,,2026-10-09 03:45:00+00:00,,,False,,2026-10-09 02:17:15.409000+02:00,2026-10-09 05:45:00+02:00,,2026-10-09,5,Friday,False,207.74318333333335
20261009_001707,2026-10-09 00:17:15.409000+00:00,Lausanne,local,ch:1:sloid:92050,"Lausanne, gare",ch:1:sloid:92050:0:2815,2026-10-09,ch:1:sjyid:100122:plan1:2026_ATT5-20-50-Semaine-20-9969577,bus,Bus,20,20,20012,"Lausanne, gare",Blécherette,C,,2026-10-09 03:47:00+00:00,,,False,,2026-10-09 02:17:15.409000+02:00,2026-10-09 05:47:00+02:00,,2026-10-09,5,Friday,False,209.74318333333335
20261009_001707,2026-10-09 00:17:15.409000+00:00,Lausanne,local,ch:1:sloid:92050,"Lausanne, gare",ch:1:sloid:92050:0:2893,2026-10-09,ch:1:sjyid:100122:plan1:2026_ATT5-21-50-Semaine-21-9980266,bus,Bus,21,21,21160,"Lausanne, Blécherette","Paudex, Verrière",A,,2026-10-09 03:47:00+00:00,,,False,,2026-10-09 02:17:15.409000+02:00,2026-10-09 05:47:00+02:00,,2026-10-09,5,Friday,False,209.74318333333335
20261009_001707,2026-10-09 00:17:15.409000+00:00,Lausanne,local,ch:1:sloid:92050,"Lausanne, gare",ch:1:sloid:92050:0:1096,2026-10-09,ch:1:sjyid:100122:plan2:m2_0059,metro,Metro,m2,m2,720059,"Lausanne, Ouchy-Olympique","Epalinges, Croisettes",,,2026-10-09 03:49:00+00:00,,,False,,2026-10-09 02:17:15.409000+02:00,2026-10-09 05:49:00+02:00,,2026-10-09,5,Friday,False,211.74318333333335
20261009_001707,2026-10-09 00:17:15.409000+00:00,Lausanne,local,ch:1:sloid:92050,"Lausanne, gare",ch:1:sloid:92050:0:1101,2026-10-09,ch:1:sjyid:100122:plan2:m2_0276,metro,Metro,m2,m2,720276,"Epalinges, Croisettes","Lausanne, Ouchy-Olympique",,,2026-10-09 03:50:00+00:00,,,False,,2026-10-09 02:17:15.409000+02:00,2026-10-09 05:50:00+02:00,,2026-10-09,5,Friday,False,212.74318333333335
20261009_001707,2026-10-09 00:17:15.409000+00:00,Lausanne,local,ch:1:sloid:92050,"Lausanne, gare",ch:1:sloid:92050:0:2893,2026-10-09,ch:1:sjyid:100122:plan1:2026_ATT5-01-50-Semaine-1-10018929,bus,Bus,1,1,1043,"Lausanne, Maladière",Blécherette,A,,2026-10-09 03:51:00+00:00,,,False,,2026-10-09 02:17:15.409000+02:00,2026-10-09 05:51:00+02:00,,2026-10-09,5,Friday,False,213.74318333333335
20261009_001707,2026-10-09 00:17:15.409000+00:00,Lausanne,local,ch:1:sloid:92050,"Lausanne, gare",ch:1:sloid:92050:0:2814,2026-10-09,ch:1:sjyid:100122:plan1:2026_ATT5-21-50-Semaine-21-9980258,bus,Bus,21,21,21031,"Paudex, Verrière",Blécherette,D,,2026-10-09 03:52:00+00:00,,,False,,2026-10-09 02:17:15.409000+02:00,2026-10-09 05:52:00+02:00,,2026-10-09,5,Friday,False,214.74318333333335
20261009_001707,2026-10-09 00:17:15.409000+00:00,Lausanne,local,ch:1:sloid:92050,"Lausanne, gare",ch:1:sloid:92050:0:1096,2026-10-09,ch:1:sjyid:100122:plan2:m2_0113,metro,Metro,m2,m2,720113,"Lausanne, Ouchy-Olympique","Epalinges, Croisettes",,,2026-10-09 03:53:00+00:00,,,False,,2026-10-09 02:17:15.409000+02:00,2026-10-09 05:53:00+02:00,,2026-10-09,5,Friday,False,215.74318333333335
20261009_001707,2026-10-09 00:17:15.409000+00:00,Lausanne,local,ch:1:sloid:92050,"Lausanne, gare",ch:1:sloid:92050:0:1101,2026-10-09,ch:1:sjyid:100122:plan2:m2_0374,metro,Metro,m2,m2,720374,"Epalinges, Croisettes","Lausanne, Ouchy-Olympique",,,2026-10-09 03:55:00+00:00,,,False,,2026-10-09 02:17:15.409000+02:00,2026-10-09 05:55:00+02:00,,2026-10-09,5,Friday,False,217.74318333333335
20261009_001707,2026-10-09 00:17:15.882000+00:00,Genève,local,ch:1:sloid:87057,"Genève, gare Cornavin",ch:1:sloid:87057:0:672272,2026-10-08,ch:1:sjyid:100680:HAS-26-EV-8-Lun-Jeu-34837002,bus,Ersatzverkehr,EV,EV,622197,"Genève, gare Cornavin","Annemasse, gare",A,,2026-10-09 01:05:00+00:00,,,False,,2026-10-09 02:17:15.882000+02:00,2026-10-09 03:05:00+02:00,,2026-10-09,3,Friday,False,47.7353
20261009_001707,2026-10-09 00:17:15.882000+00:00,Genève,local,ch:1:sloid:87057,"Genève, gare Cornavin",ch:1:sloid:87057:0:46188,2026-10-09,ch:1:sjyid:100680:HAS-26-A2-19-7-jours-35420054,bus,Bus,A2,A2,666244,"Genève, Nations","Genève-Aéroport, Terminal",D,,2026-10-09 01:27:00+00:00,,,False,,2026-10-09 02:17:15.882000+02:00,2026-10-09 03:27:00+02:00,,2026-10-09,3,Friday,False,69.73530000000001
20261009_001707,2026-10-09 00:17:15.882000+00:00,Genève,local,ch:1:sloid:87057,"Genève, gare Cornavin",ch:1:sloid:87057:0:46188,2026-10-09,ch:1:sjyid:100680:HAS-26-A2-19-7-jours-35420055,bus,Bus,A2,A2,666245,"Genève, Nations","Genève-Aéroport, Terminal",D,,2026-10-09 01:59:00+00:00,,,False,,2026-10-09 02:17:15.882000+02:00,2026-10-09 03:59:00+02:00,,2026-10-09,3,Friday,False,101.73530000000001
20261009_001707,2026-10-09 00:17:15.882000+00:00,Genève,local,ch:1:sloid:87057,"Genève, gare Cornavin",ch:1:sloid:87057:0:672272,2026-10-09,ch:1:sjyid:100680:HAS-26-EV-60-Vendredi-35626504,bus,Ersatzverkehr,EV,EV,677763,"Genève, gare Cornavin","Annemasse, gare",A,,2026-10-09 02:05:00+00:00,,,False,,2026-10-09 02:17:15.882000+02:00,2026-10-09 04:05:00+02:00,,2026-10-09,4,Friday,False,107.73530000000001
20261009_001707,2026-10-09 00:17:15.882000+00:00,Genève,local,ch:1:sloid:87057,"Genève, gare Cornavin",ch:1:sloid:87057:0:233278,2026-10-09,ch:1:sjyid:100680:HAS-26-15-19-Lun-Ven-35443282,tram,Tram,15,15,852679,"Vernier, Blandonnet","Plan-les-Ouates, ZIPLO",I,,2026-10-09 02:16:00+00:00,,,False,,2026-10-09 02:17:15.882000+02:00,2026-10-09 04:16:00+02:00,,2026-10-09,4,Friday,False,118.73530000000001
20261009_001707,2026-10-09 00:17:15.882000+00:00,Genève,local,ch:1:sloid:87057,"Genève, gare Cornavin",ch:1:sloid:87057:0:233278,2026-10-09,ch:1:sjyid:100680:HAS-26-17-19-Lun-Ven-35444236,tram,Tram,17,17,853317,"Vernier, Blandonnet","Annemasse, Parc Montessuit",I,,2026-10-09 02:25:00+00:00,,,False,,2026-10-09 02:17:15.882000+02:00,2026-10-09 04:25:00+02:00,,2026-10-09,4,Friday,False,127.73530000000001
20261009_001707,2026-10-09 00:17:15.882000+00:00,Genève,local,ch:1:sloid:87057,"Genève, gare Cornavin",ch:1:sloid:87057:0:89811,2026-10-09,ch:1:sjyid:100680:HAS-26-18-19-Lun-Ven-35445149,tram,Tram,18,18,854204,"Grand-Lancy, De-Staël","Meyrin, CERN",H,,2026-10-09 02:26:00+00:00,,,False,,2026-10-09 02:17:15.882000+02:00,2026-10-09 04:26:00+02:00,,2026-10-09,4,Friday,False,128.7353
20261009_001707,2026-10-09 00:17:15.882000+00:00,Genève,local,ch:1:sloid:87057,"Genève, gare Cornavin",ch:1:sloid:87057:0:50679,2026-10-09,ch:1:sjyid:100680:HAS-26-015925-70-Lun-Ven-35913546,bus,Bus,5,5,697961,"Genève, Bel-Air","Genève-Aéroport, Terminal",J,,2026-10-09 02:26:00+00:00,,,False,,2026-10-09 02:17:15.882000+02:00,2026-10-09 04:26:00+02:00,,2026-10-09,4,Friday,False,128.7353
20261009_001707,2026-10-09 00:17:15.882000+00:00,Genève,local,ch:1:sloid:87057,"Genève, gare Cornavin",ch:1:sloid:87057:0:233278,2026-10-09,ch:1:sjyid:100680:HAS-26-14-19-Lun-Ven-35444694,tram,Tram,14,14,853757,"Vernier, Blandonnet","Bernex, Vailly",I,,2026-10-09 02:27:00+00:00,,,False,,2026-10-09 02:17:15.882000+02:00,2026-10-09 04:27:00+02:00,,2026-10-09,4,Friday,False,129.7353
20261009_001707,2026-10-09 00:17:15.882000+00:00,Genève,local,ch:1:sloid:87057,"Genève, gare Cornavin",ch:1:sloid:87057:0:46188,2026-10-09,ch:1:sjyid:100680:HAS-26-A2-19-7-jours-35420056,bus,Bus,A2,A2,666246,"Genève, Nations","Genève-Aéroport, Terminal",D,,2026-10-09 02:28:00+00:00,,,False,,2026-10-09 02:17:15.882000+02:00,2026-10-09 04:28:00+02:00,,2026-10-09,4,Friday,False,130.7353
20261009_001707,2026-10-09 00:17:15.882000+00:00,Genève,local,ch:1:sloid:87057,"Genève, gare Cornavin",ch:1:sloid:87057:0:233278,2026-10-09,ch:1:sjyid:100680:HAS-26-15-19-Lun-Ven-35443283,tram,Tram,15,15,852680,"Vernier, Blandonnet","Plan-les-Ouates, ZIPLO",I,,2026-10-09 02:29:00+00:00,,,False,,2026-10-09 02:17:15.882000+02:00,2026-10-09 04:29:00+02:00,,2026-10-09,4,Friday,False,131.7353
20261009_001707,2026-10-09 00:17:15.882000+00:00,Genève,local,ch:1:sloid:87057,"Genève, gare Cornavin",ch:1:sloid:87057:0:783875,2026-10-09,ch:1:sjyid:100680:HAS-26-02-06-19-1-Lun-Ven-34652794,bus,Bus,19,19,617422,"Genève, Jonction","Vernier, village",K,,2026-10-09 02:32:00+00:00,,,False,,2026-10-09 02:17:15.882000+02:00,2026-10-09 04:32:00+02:00,,2026-10-09,4,Friday,False,134.7353
20261009_001707,2026-10-09 00:17:15.882000+00:00,Genève,local,ch:1:sloid:87057,"Genève, gare Cornavin",ch:1:sloid:87057:0:698638,2026-10-09,ch:1:sjyid:100680:HAS-26-03-0-Lun-Ven-33833090,bus,Bus,3,3,554283,"Genève, Jonction","Grand-Saconnex, Gardiol",F,,2026-10-09 02:33:00+00:00,,,False,,2026-10-09 02:17:15.882000+02:00,2026-10-09 04:33:00+02:00,,2026-10-09,4,Friday,False,135.7353
20261009_001707,2026-10-09 00:17:15.882000+00:00,Genève,local,ch:1:sloid:87057,"Genève, gare Cornavin",ch:1:sloid:87057:0:233278,2026-10-09,ch:1:sjyid:100680:HAS-26-18-19-Lun-Ven-35445136,tram,Tram,18,18,854192,"Vernier, Blandonnet","Grand-Lancy, Palettes",I,,2026-10-09 02:35:00+00:00,,,False,,2026-10-09 02:17:15.882000+02:00,2026-10-09 04:35:00+02:00,,2026-10-09,4,Friday,False,137.7353
20261009_001707,2026-10-09 00:17:15.882000+00:00,Genève,local,ch:1:sloid:87057,"Genève, gare Cornavin",ch:1:sloid:87057:0:783875,2026-10-09,ch:1:sjyid:100680:HAS-26-10-0-Lun-Ven-33810366,bus,Bus,10,10,551567,"Genève, Jonction","Genève-Aéroport, Terminal",K,,2026-10-09 02:39:00+00:00,,,False,,2026-10-09 02:17:15.882000+02:00,2026-10-09 04:39:00+02:00,,2026-10-09,4,Friday,False,141.7353
20261009_001707,2026-10-09 00:17:15.882000+00:00,Genève,local,ch:1:sloid:87057,"Genève, gare Cornavin",ch:1:sloid:87057:0:408265,2026-10-09,ch:1:sjyid:100680:HAS-26-15-19-Lun-Ven-35443981,tram,Tram,15,15,853077,"Vernier, Blandonnet","Genève, Nations",I,,2026-10-09 02:40:00+00:00,,,False,,2026-10-09 02:17:15.882000+02:00,2026-10-09 04:40:00+02:00,,2026-10-09,4,Friday,False,142.7353
20261009_001707,2026-10-09 00:17:15.882000+00:00,Genève,local,ch:1:sloid:87057,"Genève, gare Cornavin",ch:1:sloid:87057:0:233278,2026-10-09,ch:1:sjyid:100680:HAS-26-14-19-Lun-Ven-35444695,tram,Tram,14,14,853758,"Vernier, Blandonnet","Bernex, Vailly",I,,2026-10-09 02:42:00+00:00,,,False,,2026-10-09 02:17:15.882000+02:00,2026-10-09 04:42:00+02:00,,2026-10-09,4,Friday,False,144.7353
20261009_001707,2026-10-09 00:17:15.882000+00:00,Genève,local,ch:1:sloid:87057,"Genève, gare Cornavin",ch:1:sloid:87057:0:783875,2026-10-09,ch:1:sjyid:100680:HAS-26-02-06-19-1-Lun-Ven-34652790,bus,Bus,19,19,617420,"Genève, Jonction","Vernier, village",K,,2026-10-09 02:42:00+00:00,,,False,,2026-10-09 02:17:15.882000+02:00,2026-10-09 04:42:00+02:00,,2026-10-09,4,Friday,False,144.7353
20261009_001707,2026-10-09 00:17:15.882000+00:00,Genève,local,ch:1:sloid:87057,"Genève, gare Cornavin",ch:1:sloid:87057:0:233278,2026-10-09,ch:1:sjyid:100680:HAS-26-15-19-Lun-Ven-35443284,tram,Tram,15,15,852681,"Vernier, Blandonnet","Plan-les-Ouates, ZIPLO",I,,2026-10-09 02:44:00+00:00,,,False,,2026-10-09 02:17:15.882000+02:00,2026-10-09 04:44:00+02:00,,2026-10-09,4,Friday,False,146.7353
20261009_001707,2026-10-09 00:17:15.882000+00:00,Genève,local,ch:1:sloid:87057,"Genève, gare Cornavin",ch:1:sloid:87057:0:46188,2026-10-09,ch:1:sjyid:100680:HAS-26-015925-70-Lun-Ven-35913601,bus,Bus,1,1,698016,"Genève, Jardin Botanique","Thônex, Hôpital Trois-Chêne",D,,2026-10-09 02:48:00+00:00,,,False,,2026-10-09 02:17:15.882000+02:00,2026-10-09 04:48:00+02:00,,2026-10-09,4,Friday,False,150.7353
20261009_001707,2026-10-09 00:17:15.882000+00:00,Genève,local,ch:1:sloid:87057,"Genève, gare Cornavin",ch:1:sloid:87057:0:698638,2026-10-09,ch:1:sjyid:100680:HAS-26-03-0-Lun-Ven-33833092,bus,Bus,3,3,554285,"Genève, Jonction","Grand-Saconnex, Gardiol",F,,2026-10-09 02:48:00+00:00,,,False,,2026-10-09 02:17:15.882000+02:00,2026-10-09 04:48:00+02:00,,2026-10-09,4,Friday,False,150.7353
20261009_001707,2026-10-09 00:17:15.882000+00:00,Genève,local,ch:1:sloid:87057,"Genève, gare Cornavin",ch:1:sloid:87057:0:408265,2026-10-09,ch:1:sjyid:100680:HAS-26-15-19-Lun-Ven-35443292,tram,Tram,15,15,852689,"Plan-les-Ouates, ZIPLO","Genève, Nations",E,,2026-10-09 02:51:00+00:00,,,False,,2026-10-09 02:17:15.882000+02:00,2026-10-09 04:51:00+02:00,,2026-10-09,4,Friday,False,153.7353
20261009_001707,2026-10-09 00:17:15.882000+00:00,Genève,local,ch:1:sloid:87057,"Genève, gare Cornavin",ch:1:sloid:87057:0:783875,2026-10-09,ch:1:sjyid:100680:HAS-26-02-06-19-1-Lun-Ven-34652792,bus,Bus,19,19,617421,"Genève, Jonction","Vernier, village",K,,2026-10-09 02:52:00+00:00,,,False,,2026-10-09 02:17:15.882000+02:00,2026-10-09 04:52:00+02:00,,2026-10-09,4,Friday,False,154.7353
20261009_001707,2026-10-09 00:17:15.882000+00:00,Genève,local,ch:1:sloid:87057,"Genève, gare Cornavin",ch:1:sloid:87057:0:46188,2026-10-09,ch:1:sjyid:100680:HAS-26-A2-19-7-jours-35420057,bus,Bus,A2,A2,666247,"Genève, Nations","Genève-Aéroport, Terminal",D,,2026-10-09 02:58:00+00:00,,,False,,2026-10-09 02:17:15.882000+02:00,2026-10-09 04:58:00+02:00,,2026-10-09,4,Friday,False,160.7353
20261009_001707,2026-10-09 00:17:15.882000+00:00,Genève,local,ch:1:sloid:87057,"Genève, gare Cornavin",ch:1:sloid:87057:0:783875,2026-10-09,ch:1:sjyid:100680:HAS-26-10-0-Lun-Ven-33810367,bus,Bus,10,10,551568,"Genève, Jonction","Genève-Aéroport, Terminal",K,,2026-10-09 02:59:00+00:00,,,False,,2026-10-09 02:17:15.882000+02:00,2026-10-09 04:59:00+02:00,,2026-10-09,4,Friday,False,161.7353
20261009_001707,2026-10-09 00:17:15.882000+00:00,Genève,local,ch:1:sloid:87057,"Genève, gare Cornavin",ch:1:sloid:87057:0:233278,2026-10-09,ch:1:sjyid:100680:HAS-26-14-19-Lun-Ven-35444693,tram,Tram,14,14,853756,"Vernier, Blandonnet","Bernex, Vailly",I,,2026-10-09 03:00:00+00:00,,,False,,2026-10-09 02:17:15.882000+02:00,2026-10-09 05:00:00+02:00,,2026-10-09,5,Friday,False,162.7353
20261009_001707,2026-10-09 00:17:15.882000+00:00,Genève,local,ch:1:sloid:87057,"Genève, gare Cornavin",ch:1:sloid:87057:0:46188,2026-10-09,ch:1:sjyid:100680:HAS-26-15-19-Lun-Ven-35443285,tram,Tram,15,15,852682,"Genève, Nations","Plan-les-Ouates, ZIPLO",D,,2026-10-09 03:01:00+00:00,,,False,,2026-10-09 02:17:15.882000+02:00,2026-10-09 05:01:00+02:00,,2026-10-09,5,Friday,False,163.7353
20261009_001707,2026-10-09 00:17:15.882000+00:00,Genève,local,ch:1:sloid:87057,"Genève, gare Cornavin",ch:1:sloid:87057:0:46188,2026-10-09,ch:1:sjyid:100680:HAS-26-015925-70-Lun-Ven-35913597,bus,Bus,25,25,698012,"Genève, Jardin Botanique","Thônex, Vallard",D,,2026-10-09 03:02:00+00:00,,,False,,2026-10-09 02:17:15.882000+02:00,2026-10-09 05:02:00+02:00,,2026-10-09,5,Friday,False,164.7353
20261009_001707,2026-10-09 00:17:15.882000+00:00,Genève,local,ch:1:sloid:87057,"Genève, gare Cornavin",ch:1:sloid:87057:0:233278,2026-10-09,ch:1:sjyid:100680:HAS-26-17-19-Lun-Ven-35444241,tram,Tram,17,17,853322,"Vernier, Blandonnet","Lancy-Pont-Rouge, gare",I,,2026-10-09 03:02:00+00:00,,,False,,2026-10-09 02:17:15.882000+02:00,2026-10-09 05:02:00+02:00,,2026-10-09,5,Friday,False,164.7353
20261009_001707,2026-10-09 00:17:15.882000+00:00,Genève,local,ch:1:sloid:87057,"Genève, gare Cornavin",ch:1:sloid:87057:0:50679,2026-10-09,ch:1:sjyid:100680:HAS-26-60-61-70-Lun-Ven-35376299,bus,Bus,60,60,693410,"Genève, gare Cornavin","Gex, L'Aiglette",J,,2026-10-09 03:02:00+00:00,,,False,,2026-10-09 02:17:15.882000+02:00,2026-10-09 05:02:00+02:00,,2026-10-09,5,Friday,False,164.7353
20261009_001707,2026-10-09 00:17:16.358000+00:00,Lugano,local,ch:1:sloid:5380,"Lugano, Stazione",ch:1:sloid:5380::407001,2026-10-09,ch:1:sjyid:100754:b01b3e90-ea65-4f3e-a719-4478822db7b5,bus,Bus,4,4,4004,"Canobbio, Ganna","Lugano, Centro",A,,2026-10-09 03:49:00+00:00,,,False,,2026-10-09 02:17:16.358000+02:00,2026-10-09 05:49:00+02:00,,2026-10-09,5,Friday,False,211.72736666666665
20261009_001707,2026-10-09 00:17:16.358000+00:00,Lugano,local,ch:1:sloid:5380,"Lugano, Stazione",ch:1:sloid:5380::407001,2026-10-09,ch:1:sjyid:100754:8e62b743-49bd-4b85-9c30-7747209785fc,bus,Bus,6,6,6001,"Lugano, Stazione","Lugano, Cornaredo",A,,2026-10-09 03:50:00+00:00,,,False,,2026-10-09 02:17:16.358000+02:00,2026-10-09 05:50:00+02:00,,2026-10-09,5,Friday,False,212.72736666666665
20261009_001707,2026-10-09 00:17:16.358000+00:00,Lugano,local,ch:1:sloid:5380,"Lugano, Stazione",ch:1:sloid:5380::407001,2026-10-09,ch:1:sjyid:100754:a8c874f7-f815-4e32-8a6d-49f6e5fdba0b,bus,Bus,2,2,2002,"Castagnola, Capolinea","Paradiso, Carzo",A,,2026-10-09 03:50:00+00:00,,,False,,2026-10-09 02:17:16.358000+02:00,2026-10-09 05:50:00+02:00,,2026-10-09,5,Friday,False,212.72736666666665
20261009_001707,2026-10-09 00:17:16.358000+00:00,Lugano,local,ch:1:sloid:5380,"Lugano, Stazione",ch:1:sloid:5380::407002,2026-10-09,ch:1:sjyid:100754:6d7776eb-a3c5-4094-91c3-9739a4e3955f,bus,Bus,4,4,4001,"Lugano, Centro","Canobbio, Ganna",B,,2026-10-09 03:59:00+00:00,,,False,,2026-10-09 02:17:16.358000+02:00,2026-10-09 05:59:00+02:00,,2026-10-09,5,Friday,False,221.72736666666665
20261009_001707,2026-10-09 00:17:16.358000+00:00,Lugano,local,ch:1:sloid:5380,"Lugano, Stazione",ch:1:sloid:5380::407001,2026-10-09,ch:1:sjyid:100754:4e3c3a20-5d81-4712-8fc7-58f6fdd465c3,bus,Bus,6,6,6005,"Lugano, Stazione","Lugano, Cornaredo",A,,2026-10-09 04:00:00+00:00,,,False,,2026-10-09 02:17:16.358000+02:00,2026-10-09 06:00:00+02:00,,2026-10-09,6,Friday,False,222.72736666666665
20261009_001707,2026-10-09 00:17:16.358000+00:00,Lugano,local,ch:1:sloid:5380,"Lugano, Stazione",ch:1:sloid:5380::407001,2026-10-09,ch:1:sjyid:100754:0418e13f-eab2-4c4a-98ca-113ffc7adccd,bus,Bus,4,4,4006,"Canobbio, Ganna","Lugano, Centro",A,,2026-10-09 04:01:00+00:00,,,False,,2026-10-09 02:17:16.358000+02:00,2026-10-09 06:01:00+02:00,,2026-10-09,6,Friday,False,223.72736666666665
20261009_001707,2026-10-09 00:17:16.358000+00:00,Lugano,local,ch:1:sloid:5380,"Lugano, Stazione",ch:1:sloid:5380::407001,2026-10-09,ch:1:sjyid:100754:5bb2b32b-69e8-4798-b4b7-24627e58baa8,bus,Bus,2,2,2006,"Castagnola, Capolinea","Paradiso, Carzo",A,,2026-10-09 04:05:00+00:00,,,False,,2026-10-09 02:17:16.358000+02:00,2026-10-09 06:05:00+02:00,,2026-10-09,6,Friday,False,227.72736666666665
20261009_001707,2026-10-09 00:17:16.358000+00:00,Lugano,local,ch:1:sloid:5380,"Lugano, Stazione",ch:1:sloid:5380::407001,2026-10-09,ch:1:sjyid:100754:0b0bdefe-1b63-404a-9f78-66d9b6baca42,bus,Bus,6,6,6009,"Lugano, Stazione","Lugano, Cornaredo",A,,2026-10-09 04:10:00+00:00,,,False,,2026-10-09 02:17:16.358000+02:00,2026-10-09 06:10:00+02:00,,2026-10-09,6,Friday,False,232.72736666666665
20261009_001707,2026-10-09 00:17:16.358000+00:00,Lugano,local,ch:1:sloid:5380,"Lugano, Stazione",ch:1:sloid:5380::407002,2026-10-09,ch:1:sjyid:100754:94f7840e-4332-4aab-9a93-b4e9484ea4be,bus,Bus,4,4,4005,"Lugano, Centro","Canobbio, Ganna",B,,2026-10-09 04:14:00+00:00,,,False,,2026-10-09 02:17:16.358000+02:00,2026-10-09 06:14:00+02:00,,2026-10-09,6,Friday,False,236.72736666666665
20261009_001707,2026-10-09 00:17:16.358000+00:00,Lugano,local,ch:1:sloid:5380,"Lugano, Stazione",ch:1:sloid:5380::407001,2026-10-09,ch:1:sjyid:100754:be2bfb56-6567-4926-aa21-dbf451068754,bus,Bus,4,4,4012,"Canobbio, Ganna","Lugano, Centro",A,,2026-10-09 04:16:00+00:00,,,False,,2026-10-09 02:17:16.358000+02:00,2026-10-09 06:16:00+02:00,,2026-10-09,6,Friday,False,238.72736666666665
20261009_001707,2026-10-09 00:17:16.358000+00:00,Lugano,local,ch:1:sloid:5380,"Lugano, Stazione",ch:1:sloid:5380::407001,2026-10-09,ch:1:sjyid:100754:35c6bfce-869b-4528-a586-b883208785d6,bus,Bus,6,6,6011,"Lugano, Stazione","Lugano, Cornaredo",A,,2026-10-09 04:20:00+00:00,,,False,,2026-10-09 02:17:16.358000+02:00,2026-10-09 06:20:00+02:00,,2026-10-09,6,Friday,False,242.72736666666665
20261009_001707,2026-10-09 00:17:16.358000+00:00,Lugano,local,ch:1:sloid:5380,"Lugano, Stazione",ch:1:sloid:5380::407001,2026-10-09,ch:1:sjyid:100754:9aa20418-42cc-4bf7-953a-2cfbf27e8961,bus,Bus,2,2,2010,"Castagnola, Capolinea","Paradiso, Carzo",A,,2026-10-09 04:20:00+00:00,,,False,,2026-10-09 02:17:16.358000+02:00,2026-10-09 06:20:00+02:00,,2026-10-09,6,Friday,False,242.72736666666665
20261009_001707,2026-10-09 00:17:16.358000+00:00,Lugano,local,ch:1:sloid:5380,"Lugano, Stazione",ch:1:sloid:5380::407002,2026-10-09,ch:1:sjyid:100754:ebcb4213-bec5-4b03-90dc-525730c4e76a,bus,Bus,4,4,4009,"Lugano, Centro","Canobbio, Ganna",B,,2026-10-09 04:29:00+00:00,,,False,,2026-10-09 02:17:16.358000+02:00,2026-10-09 06:29:00+02:00,,2026-10-09,6,Friday,False,251.72736666666665
20261009_001707,2026-10-09 00:17:16.358000+00:00,Lugano,local,ch:1:sloid:5380,"Lugano, Stazione",ch:1:sloid:5380::407001,2026-10-09,ch:1:sjyid:100754:3194475a-4e65-41ca-95e0-554f4f24283b,bus,Bus,6,6,6015,"Lugano, Stazione","Lugano, Cornaredo",A,,2026-10-09 04:30:00+00:00,,,False,,2026-10-09 02:17:16.358000+02:00,2026-10-09 06:30:00+02:00,,2026-10-09,6,Friday,False,252.72736666666665
20261009_001707,2026-10-09 00:17:16.358000+00:00,Lugano,local,ch:1:sloid:5380,"Lugano, Stazione",ch:1:sloid:5380::407001,2026-10-09,ch:1:sjyid:100754:0e2eb3a3-eb3c-4880-8c52-09ba73ab4604,bus,Bus,4,4,4014,"Canobbio, Ganna","Lugano, Centro",A,,2026-10-09 04:31:00+00:00,,,False,,2026-10-09 02:17:16.358000+02:00,2026-10-09 06:31:00+02:00,,2026-10-09,6,Friday,False,253.72736666666665
20261009_001707,2026-10-09 00:17:16.358000+00:00,Lugano,local,ch:1:sloid:5380,"Lugano, Stazione",ch:1:sloid:5380::407001,2026-10-09,ch:1:sjyid:100754:999654b9-24c8-4c78-9baa-712c504d81dc,bus,Bus,2,2,2014,"Castagnola, Capolinea","Paradiso, Carzo",A,,2026-10-09 04:35:00+00:00,,,False,,2026-10-09 02:17:16.358000+02:00,2026-10-09 06:35:00+02:00,,2026-10-09,6,Friday,False,257.7273666666667
20261009_001707,2026-10-09 00:17:16.358000+00:00,Lugano,local,ch:1:sloid:5380,"Lugano, Stazione",ch:1:sloid:5380::407001,2026-10-09,ch:1:sjyid:100754:7e6cb2f9-952f-47e6-a726-3ae11386653c,bus,Bus,6,6,6019,"Lugano, Stazione","Lugano, Cornaredo",A,,2026-10-09 04:40:00+00:00,,,False,,2026-10-09 02:17:16.358000+02:00,2026-10-09 06:40:00+02:00,,2026-10-09,6,Friday,False,262.7273666666667
20261009_001707,2026-10-09 00:17:16.358000+00:00,Lugano,local,ch:1:sloid:5380,"Lugano, Stazione",ch:1:sloid:5380::407002,2026-10-09,ch:1:sjyid:100754:d7cef50f-c9b6-457f-9ebe-9e8519465c27,bus,Bus,4,4,4013,"Lugano, Centro","Canobbio, Ganna",B,,2026-10-09 04:44:00+00:00,,,False,,2026-10-09 02:17:16.358000+02:00,2026-10-09 06:44:00+02:00,,2026-10-09,6,Friday,False,266.7273666666667
20261009_001707,2026-10-09 00:17:16.358000+00:00,Lugano,local,ch:1:sloid:5380,"Lugano, Stazione",ch:1:sloid:5380::407001,2026-10-09,ch:1:sjyid:100754:6ce95e1a-6cb4-4b1a-9669-6f509ed7f622,bus,Bus,4,4,4020,"Canobbio, Ganna","Lugano, Centro",A,,2026-10-09 04:46:00+00:00,,,False,,2026-10-09 02:17:16.358000+02:00,2026-10-09 06:46:00+02:00,,2026-10-09,6,Friday,False,268.7273666666667
20261009_001707,2026-10-09 00:17:16.358000+00:00,Lugano,local,ch:1:sloid:5380,"Lugano, Stazione",ch:1:sloid:5380::407001,2026-10-09,ch:1:sjyid:100754:f5791781-3360-4a5d-bae4-5e4d81f3ad57,bus,Bus,6,6,6021,"Lugano, Stazione","Lugano, Cornaredo",A,,2026-10-09 04:50:00+00:00,,,False,,2026-10-09 02:17:16.358000+02:00,2026-10-09 06:50:00+02:00,,2026-10-09,6,Friday,False,272.7273666666667
20261009_001707,2026-10-09 00:17:16.358000+00:00,Lugano,local,ch:1:sloid:5380,"Lugano, Stazione",ch:1:sloid:5380::407001,2026-10-09,ch:1:sjyid:100754:f4ee768a-9274-486d-b708-faf8aba8ad86,bus,Bus,2,2,2018,"Castagnola, Capolinea","Paradiso, Carzo",A,,2026-10-09 04:50:00+00:00,,,False,,2026-10-09 02:17:16.358000+02:00,2026-10-09 06:50:00+02:00,,2026-10-09,6,Friday,False,272.7273666666667
20261009_001707,2026-10-09 00:17:16.358000+00:00,Lugano,local,ch:1:sloid:5380,"Lugano, Stazione",ch:1:sloid:5380::407002,2026-10-09,ch:1:sjyid:100754:9805fe94-d624-49ad-a7ea-fe7aca1e3bc4,bus,Bus,4,4,4017,"Lugano, Centro","Canobbio, Ganna",B,,2026-10-09 04:59:00+00:00,,,False,,2026-10-09 02:17:16.358000+02:00,2026-10-09 06:59:00+02:00,,2026-10-09,6,Friday,False,281.7273666666667
20261009_001707,2026-10-09 00:17:16.358000+00:00,Lugano,local,ch:1:sloid:5380,"Lugano, Stazione",ch:1:sloid:5380::407001,2026-10-09,ch:1:sjyid:100754:3c111ef1-2777-4fb7-9b0c-1ee228939f35,bus,Bus,6,6,6025,"Lugano, Stazione","Lugano, Cornaredo",A,,2026-10-09 05:00:00+00:00,,,False,,2026-10-09 02:17:16.358000+02:00,2026-10-09 07:00:00+02:00,,2026-10-09,7,Friday,False,282.7273666666667
20261009_001707,2026-10-09 00:17:16.358000+00:00,Lugano,local,ch:1:sloid:5380,"Lugano, Stazione",ch:1:sloid:5380::407001,2026-10-09,ch:1:sjyid:100754:73706963-ef34-4db5-8584-ed1fbdbfd8d6,bus,Bus,4,4,4022,"Canobbio, Ganna","Lugano, Centro",A,,2026-10-09 05:01:00+00:00,,,False,,2026-10-09 02:17:16.358000+02:00,2026-10-09 07:01:00+02:00,,2026-10-09,7,Friday,False,283.7273666666667
20261009_001707,2026-10-09 00:17:16.358000+00:00,Lugano,local,ch:1:sloid:5380,"Lugano, Stazione",ch:1:sloid:5380::407001,2026-10-09,ch:1:sjyid:100754:a904a72a-2810-46c9-8f7c-3de97bfa195b,bus,Bus,2,2,2024,"Castagnola, Capolinea","Paradiso, Carzo",A,,2026-10-09 05:05:00+00:00,,,False,,2026-10-09 02:17:16.358000+02:00,2026-10-09 07:05:00+02:00,,2026-10-09,7,Friday,False,287.7273666666667
20261009_001707,2026-10-09 00:17:16.358000+00:00,Lugano,local,ch:1:sloid:5380,"Lugano, Stazione",ch:1:sloid:5380::407001,2026-10-09,ch:1:sjyid:100754:21cb7eb5-1c5d-47c9-9c98-22f9e810fc42,bus,Bus,6,6,6029,"Lugano, Stazione","Lugano, Cornaredo",A,,2026-10-09 05:10:00+00:00,,,False,,2026-10-09 02:17:16.358000+02:00,2026-10-09 07:10:00+02:00,,2026-10-09,7,Friday,False,292.7273666666667
20261009_001707,2026-10-09 00:17:16.358000+00:00,Lugano,local,ch:1:sloid:5380,"Lugano, Stazione",ch:1:sloid:5380::407002,2026-10-09,ch:1:sjyid:100754:0cf2b5b2-6c7e-44a9-a471-c8cec865acc6,bus,Bus,4,4,4021,"Lugano, Centro","Canobbio, Ganna",B,,2026-10-09 05:14:00+00:00,,,False,,2026-10-09 02:17:16.358000+02:00,2026-10-09 07:14:00+02:00,,2026-10-09,7,Friday,False,296.7273666666667
20261009_001707,2026-10-09 00:17:16.358000+00:00,Lugano,local,ch:1:sloid:5380,"Lugano, Stazione",ch:1:sloid:5380::407001,2026-10-09,ch:1:sjyid:100754:e9fd1726-ba74-4860-a24b-72d73528b760,bus,Bus,4,4,4026,"Canobbio, Ganna","Lugano, Centro",A,,2026-10-09 05:16:00+00:00,,,False,,2026-10-09 02:17:16.358000+02:00,2026-10-09 07:16:00+02:00,,2026-10-09,7,Friday,False,298.7273666666667
20261009_001707,2026-10-09 00:17:16.358000+00:00,Lugano,local,ch:1:sloid:5380,"Lugano, Stazione",ch:1:sloid:5380::407001,2026-10-09,ch:1:sjyid:100754:a02e6fda-892d-4a6b-a33e-cf1bb4f3e0c8,bus,Bus,6,6,6031,"Lugano, Stazione","Lugano, Cornaredo",A,,2026-10-09 05:20:00+00:00,,,False,,2026-10-09 02:17:16.358000+02:00,2026-10-09 07:20:00+02:00,,2026-10-09,7,Friday,False,302.7273666666667
20261009_001707,2026-10-09 00:17:16.358000+00:00,Lugano,local,ch:1:sloid:5380,"Lugano, Stazione",ch:1:sloid:5380::407001,2026-10-09,ch:1:sjyid:100754:a0749bf8-79ed-44f6-944e-0142754b30da,bus,Bus,2,2,2030,"Castagnola, Capolinea","Paradiso, Carzo",A,,2026-10-09 05:20:00+00:00,,,False,,2026-10-09 02:17:16.358000+02:00,2026-10-09 07:20:00+02:00,,2026-10-09,7,Friday,False,302.7273666666667
