batch_id,collection_timestamp,city,station_type,station_id,station_name,stop_point_ref,operating_day,journey_ref,transport_mode,product_category,public_code,line,train_number,origin,destination,planned_platform,estimated_platform,scheduled_departure,estimated_departure,cancelled,has_realtime,predicted_delay_minutes,collection_timestamp_local,scheduled_departure_local,estimated_departure_local,date,hour,weekday,weekend,minutes_until_departure
20261008_063620,2026-10-08 06:36:20.645000+00:00,Zürich,rail,ch:1:sloid:3000,Zürich HB,ch:1:sloid:3000:502:42,2026-10-08,ch:1:sjyid:100001:20030-001,rail,S-Bahn,S20,S20,20030,Uerikon,Zürich Hardbrücke,41/42,41,2026-10-08 06:34:00+00:00,2026-10-08 06:36:18+00:00,,True,2.3,2026-10-08 08:36:20.645000+02:00,2026-10-08 08:34:00+02:00,2026-10-08 08:36:18+02:00,2026-10-08,8,Thursday,False,-2.3440833333333333
20261008_063620,2026-10-08 06:36:20.645000+00:00,Zürich,rail,ch:1:sloid:3000,Zürich HB,ch:1:sloid:3000:3:4,2026-10-08,ch:1:sjyid:100001:2110-001,rail,InterRegio,IR75,IR75,2110,Konstanz,Luzern,4,,2026-10-08 06:35:00+00:00,2026-10-08 06:36:48+00:00,,True,1.8,2026-10-08 08:36:20.645000+02:00,2026-10-08 08:35:00+02:00,2026-10-08 08:36:48+02:00,2026-10-08,8,Thursday,False,-1.3440833333333333
20261008_063620,2026-10-08 06:36:20.645000+00:00,Zürich,rail,ch:1:sloid:3000,Zürich HB,ch:1:sloid:3000:10:18,2026-10-08,ch:1:sjyid:100001:1962-001,rail,InterRegio,IR36,IR36,1962,Zürich HB,Basel SBB,18,,2026-10-08 06:36:00+00:00,2026-10-08 06:36:30+00:00,,True,0.5,2026-10-08 08:36:20.645000+02:00,2026-10-08 08:36:00+02:00,2026-10-08 08:36:30+02:00,2026-10-08,8,Thursday,False,-0.34408333333333335
20261008_063620,2026-10-08 06:36:20.645000+00:00,Zürich,rail,ch:1:sloid:3000,Zürich HB,ch:1:sloid:3000:501:33,2026-10-08,ch:1:sjyid:100001:707-001,rail,InterCity,IC1,IC1,707,Genève-Aéroport,St. Gallen,33,,2026-10-08 06:37:00+00:00,2026-10-08 06:37:30+00:00,,True,0.5,2026-10-08 08:36:20.645000+02:00,2026-10-08 08:37:00+02:00,2026-10-08 08:37:30+02:00,2026-10-08,8,Thursday,False,0.6559166666666666
20261008_063620,2026-10-08 06:36:20.645000+00:00,Zürich,rail,ch:1:sloid:3000,Zürich HB,ch:1:sloid:3000:500:32,2026-10-08,ch:1:sjyid:100001:18831-001,rail,S-Bahn,S8,S8,18831,Winterthur,Wädenswil,32,,2026-10-08 06:37:00+00:00,2026-10-08 06:37:36+00:00,,True,0.6,2026-10-08 08:36:20.645000+02:00,2026-10-08 08:37:00+02:00,2026-10-08 08:37:36+02:00,2026-10-08,8,Thursday,False,0.6559166666666666
20261008_063620,2026-10-08 06:36:20.645000+00:00,Zürich,rail,ch:1:sloid:3000,Zürich HB,ch:1:sloid:3000:502:42,2026-10-08,ch:1:sjyid:100001:18930-001,rail,S-Bahn,S9,S9,18930,Uster,Rafz,41/42,42,2026-10-08 06:37:00+00:00,2026-10-08 06:37:18+00:00,,True,0.3,2026-10-08 08:36:20.645000+02:00,2026-10-08 08:37:00+02:00,2026-10-08 08:37:18+02:00,2026-10-08,8,Thursday,False,0.6559166666666666
20261008_063620,2026-10-08 06:36:20.645000+00:00,Zürich,rail,ch:1:sloid:3000,Zürich HB,ch:1:sloid:3000:8:14,2026-10-08,ch:1:sjyid:100001:282-001,rail,InterCity,IC,IC,282,Zürich HB,Stuttgart Hbf,14,,2026-10-08 06:37:00+00:00,2026-10-08 06:37:30+00:00,,True,0.5,2026-10-08 08:36:20.645000+02:00,2026-10-08 08:37:00+02:00,2026-10-08 08:37:30+02:00,2026-10-08,8,Thursday,False,0.6559166666666666
20261008_063620,2026-10-08 06:36:20.645000+00:00,Zürich,rail,ch:1:sloid:3000,Zürich HB,ch:1:sloid:3000:9:16,2026-10-08,ch:1:sjyid:100001:4812-001,rail,RegioExpress,RE37,RE37,4812,Zürich HB,Aarau,16,,2026-10-08 06:38:00+00:00,2026-10-08 06:39:00+00:00,,True,1.0,2026-10-08 08:36:20.645000+02:00,2026-10-08 08:38:00+02:00,2026-10-08 08:39:00+02:00,2026-10-08,8,Thursday,False,1.6559166666666667
20261008_063620,2026-10-08 06:36:20.645000+00:00,Zürich,rail,ch:1:sloid:3000,Zürich HB,ch:1:sloid:3000:7:12,2026-10-08,ch:1:sjyid:100001:561-001,rail,InterCity,IC3,IC3,561,Basel SBB,Chur,12,13,2026-10-08 06:38:00+00:00,2026-10-08 06:38:30+00:00,,True,0.5,2026-10-08 08:36:20.645000+02:00,2026-10-08 08:38:00+02:00,2026-10-08 08:38:30+02:00,2026-10-08,8,Thursday,False,1.6559166666666667
20261008_063620,2026-10-08 06:36:20.645000+00:00,Zürich,rail,ch:1:sloid:3000,Zürich HB,ch:1:sloid:3000:503:43,2026-10-08,ch:1:sjyid:100001:19531-001,rail,S-Bahn,S15,S15,19531,Niederweningen,Rüti ZH,43/44,,2026-10-08 06:39:00+00:00,2026-10-08 06:42:36+00:00,,True,3.6,2026-10-08 08:36:20.645000+02:00,2026-10-08 08:39:00+02:00,2026-10-08 08:42:36+02:00,2026-10-08,8,Thursday,False,2.6559166666666667
20261008_063620,2026-10-08 06:36:20.645000+00:00,Zürich,rail,ch:1:sloid:3000,Zürich HB,ch:1:sloid:3000:502:42,2026-10-08,ch:1:sjyid:100001:18530-001,rail,S-Bahn,S5,S5,18530,Rüti ZH,Zug,41/42,,2026-10-08 06:39:00+00:00,2026-10-08 06:39:18+00:00,,True,0.3,2026-10-08 08:36:20.645000+02:00,2026-10-08 08:39:00+02:00,2026-10-08 08:39:18+02:00,2026-10-08,8,Thursday,False,2.6559166666666667
20261008_063620,2026-10-08 06:36:20.645000+00:00,Zürich,rail,ch:1:sloid:3000,Zürich HB,ch:1:sloid:3000:500:31,2026-10-08,ch:1:sjyid:100001:19930-001,rail,S-Bahn,S19,S19,19930,Pfäffikon ZH,Dietikon,31,,2026-10-08 06:41:00+00:00,2026-10-08 06:41:48+00:00,,True,0.8,2026-10-08 08:36:20.645000+02:00,2026-10-08 08:41:00+02:00,2026-10-08 08:41:48+02:00,2026-10-08,8,Thursday,False,4.655916666666667
20261008_063620,2026-10-08 06:36:20.645000+00:00,Zürich,rail,ch:1:sloid:3000,Zürich HB,ch:1:sloid:3000:503:43,2026-10-08,ch:1:sjyid:100001:18731-001,rail,S-Bahn,S7,S7,18731,Winterthur,Rapperswil SG,43/44,,2026-10-08 06:41:00+00:00,2026-10-08 06:44:54+00:00,,True,3.9,2026-10-08 08:36:20.645000+02:00,2026-10-08 08:41:00+02:00,2026-10-08 08:44:54+02:00,2026-10-08,8,Thursday,False,4.655916666666667
20261008_063620,2026-10-08 06:36:20.645000+00:00,Zürich,rail,ch:1:sloid:3000,Zürich HB,ch:1:sloid:3000:501:34,2026-10-08,ch:1:sjyid:100001:19431-001,rail,S-Bahn,S14,S14,19431,Affoltern am Albis,Hinwil,34,,2026-10-08 06:42:00+00:00,2026-10-08 06:44:36+00:00,,True,2.6,2026-10-08 08:36:20.645000+02:00,2026-10-08 08:42:00+02:00,2026-10-08 08:44:36+02:00,2026-10-08,8,Thursday,False,5.655916666666667
20261008_063620,2026-10-08 06:36:20.645000+00:00,Zürich,rail,ch:1:sloid:3000,Zürich HB,ch:1:sloid:3000:501:33,2026-10-08,ch:1:sjyid:100001:18230-001,rail,S-Bahn,S2,S2,18230,Ziegelbrücke,Zürich Flughafen,33,,2026-10-08 06:44:00+00:00,2026-10-08 06:45:30+00:00,,True,1.5,2026-10-08 08:36:20.645000+02:00,2026-10-08 08:44:00+02:00,2026-10-08 08:45:30+02:00,2026-10-08,8,Thursday,False,7.655916666666667
20261008_063620,2026-10-08 06:36:20.645000+00:00,Zürich,rail,ch:1:sloid:3000,Zürich HB,ch:1:sloid:3000:2:3,2026-10-08,ch:1:sjyid:100001:20430-001,rail,S-Bahn,S24,S24,20430,Zug,Thayngen,3,,2026-10-08 06:44:00+00:00,2026-10-08 06:46:06+00:00,,True,2.1,2026-10-08 08:36:20.645000+02:00,2026-10-08 08:44:00+02:00,2026-10-08 08:46:06+02:00,2026-10-08,8,Thursday,False,7.655916666666667
20261008_063620,2026-10-08 06:36:20.645000+00:00,Zürich,rail,ch:1:sloid:3000,Zürich HB,ch:1:sloid:3000:502:42,2026-10-08,ch:1:sjyid:100001:19230-001,rail,S-Bahn,S12,S12,19230,Schaffhausen,Brugg AG,41/42,,2026-10-08 06:44:00+00:00,2026-10-08 06:45:30+00:00,,True,1.5,2026-10-08 08:36:20.645000+02:00,2026-10-08 08:44:00+02:00,2026-10-08 08:45:30+02:00,2026-10-08,8,Thursday,False,7.655916666666667
20261008_063620,2026-10-08 06:36:20.645000+00:00,Zürich,rail,ch:1:sloid:3000,Zürich HB,ch:1:sloid:3000:503:43,2026-10-08,ch:1:sjyid:100001:19631-001,rail,S-Bahn,S16,S16,19631,Zürich Flughafen,Herrliberg-Feldmeilen,43/44,,2026-10-08 06:45:00+00:00,2026-10-08 06:48:18+00:00,,True,3.3,2026-10-08 08:36:20.645000+02:00,2026-10-08 08:45:00+02:00,2026-10-08 08:48:18+02:00,2026-10-08,8,Thursday,False,8.655916666666666
20261008_063620,2026-10-08 06:36:20.645000+00:00,Zürich,rail,ch:1:sloid:3000,Zürich HB,ch:1:sloid:3000:503:43,2026-10-08,ch:1:sjyid:100001:19231-001,rail,S-Bahn,S12,S12,19231,Brugg AG,Wil SG,43/44,,2026-10-08 06:46:00+00:00,2026-10-08 06:47:00+00:00,,True,1.0,2026-10-08 08:36:20.645000+02:00,2026-10-08 08:46:00+02:00,2026-10-08 08:47:00+02:00,2026-10-08,8,Thursday,False,9.655916666666666
20261008_063620,2026-10-08 06:36:20.645000+00:00,Zürich,rail,ch:1:sloid:3000,Zürich HB,ch:1:sloid:3000:502:42,2026-10-08,ch:1:sjyid:100001:19630-001,rail,S-Bahn,S16,S16,19630,Herrliberg-Feldmeilen,Zürich Flughafen,41/42,,2026-10-08 06:46:00+00:00,2026-10-08 06:46:42+00:00,,True,0.7,2026-10-08 08:36:20.645000+02:00,2026-10-08 08:46:00+02:00,2026-10-08 08:46:42+02:00,2026-10-08,8,Thursday,False,9.655916666666666
20261008_063620,2026-10-08 06:36:20.645000+00:00,Zürich,rail,ch:1:sloid:3000,Zürich HB,ch:1:sloid:3000:500:32,2026-10-08,ch:1:sjyid:100001:18231-001,rail,S-Bahn,S2,S2,18231,Zürich Flughafen,Ziegelbrücke,32,,2026-10-08 06:47:00+00:00,2026-10-08 06:48:00+00:00,,True,1.0,2026-10-08 08:36:20.645000+02:00,2026-10-08 08:47:00+02:00,2026-10-08 08:48:00+02:00,2026-10-08,8,Thursday,False,10.655916666666666
20261008_063620,2026-10-08 06:36:20.645000+00:00,Zürich,rail,ch:1:sloid:3000,Zürich HB,ch:1:sloid:3000:500:31,2026-10-08,ch:1:sjyid:100001:19430-001,rail,S-Bahn,S14,S14,19430,Hinwil,Affoltern am Albis,31,,2026-10-08 06:49:00+00:00,2026-10-08 06:50:00+00:00,,True,1.0,2026-10-08 08:36:20.645000+02:00,2026-10-08 08:49:00+02:00,2026-10-08 08:50:00+02:00,2026-10-08,8,Thursday,False,12.655916666666666
20261008_063620,2026-10-08 06:36:20.645000+00:00,Zürich,rail,ch:1:sloid:3000,Zürich HB,ch:1:sloid:3000:501:34,2026-10-08,ch:1:sjyid:100001:19931-001,rail,S-Bahn,S19,S19,19931,Koblenz,Effretikon,34,,2026-10-08 06:49:00+00:00,2026-10-08 06:49:30+00:00,,True,0.5,2026-10-08 08:36:20.645000+02:00,2026-10-08 08:49:00+02:00,2026-10-08 08:49:30+02:00,2026-10-08,8,Thursday,False,12.655916666666666
20261008_063620,2026-10-08 06:36:20.645000+00:00,Zürich,rail,ch:1:sloid:3000,Zürich HB,ch:1:sloid:3000:502:42,2026-10-08,ch:1:sjyid:100001:18730-001,rail,S-Bahn,S7,S7,18730,Rapperswil SG,Winterthur,41/42,,2026-10-08 06:49:00+00:00,2026-10-08 06:49:42+00:00,,True,0.7,2026-10-08 08:36:20.645000+02:00,2026-10-08 08:49:00+02:00,2026-10-08 08:49:42+02:00,2026-10-08,8,Thursday,False,12.655916666666666
20261008_063620,2026-10-08 06:36:20.645000+00:00,Zürich,rail,ch:1:sloid:3000,Zürich HB,ch:1:sloid:3000:3:4,2026-10-08,ch:1:sjyid:100001:20431-001,rail,S-Bahn,S24,S24,20431,Weinfelden,Zug,4,,2026-10-08 06:51:00+00:00,2026-10-08 06:51:18+00:00,,True,0.3,2026-10-08 08:36:20.645000+02:00,2026-10-08 08:51:00+02:00,2026-10-08 08:51:18+02:00,2026-10-08,8,Thursday,False,14.655916666666666
20261008_063620,2026-10-08 06:36:20.645000+00:00,Zürich,rail,ch:1:sloid:3000,Zürich HB,ch:1:sloid:3000:501:33,2026-10-08,ch:1:sjyid:100001:2061-001,rail,InterRegio,IR36,IR36,2061,Basel SBB,Zürich Flughafen,33,,2026-10-08 06:52:00+00:00,2026-10-08 06:52:24+00:00,,True,0.4,2026-10-08 08:36:20.645000+02:00,2026-10-08 08:52:00+02:00,2026-10-08 08:52:24+02:00,2026-10-08,8,Thursday,False,15.655916666666666
20261008_063620,2026-10-08 06:36:20.645000+00:00,Zürich,rail,ch:1:sloid:3000,Zürich HB,ch:1:sloid:3000:502:42,2026-10-08,ch:1:sjyid:100001:19530-001,rail,S-Bahn,S15,S15,19530,Rüti ZH,Niederweningen,41/42,,2026-10-08 06:52:00+00:00,2026-10-08 06:52:24+00:00,,True,0.4,2026-10-08 08:36:20.645000+02:00,2026-10-08 08:52:00+02:00,2026-10-08 08:52:24+02:00,2026-10-08,8,Thursday,False,15.655916666666666
20261008_063620,2026-10-08 06:36:20.645000+00:00,Zürich,rail,ch:1:sloid:3000,Zürich HB,ch:1:sloid:3000:8:15,2026-10-08,ch:1:sjyid:100061:2360-001,rail,Aare Linth,IR35,IR35,2360,Chur,Bern,15,,2026-10-08 06:53:00+00:00,2026-10-08 06:53:30+00:00,,True,0.5,2026-10-08 08:36:20.645000+02:00,2026-10-08 08:53:00+02:00,2026-10-08 08:53:30+02:00,2026-10-08,8,Thursday,False,16.655916666666666
20261008_063620,2026-10-08 06:36:20.645000+00:00,Zürich,rail,ch:1:sloid:3000,Zürich HB,ch:1:sloid:3000:503:43,2026-10-08,ch:1:sjyid:100001:18531-001,rail,S-Bahn,S5,S5,18531,Zug,Rüti ZH,43/44,,2026-10-08 06:54:00+00:00,2026-10-08 06:54:18+00:00,,True,0.3,2026-10-08 08:36:20.645000+02:00,2026-10-08 08:54:00+02:00,2026-10-08 08:54:18+02:00,2026-10-08,8,Thursday,False,17.655916666666666
20261008_063620,2026-10-08 06:36:20.645000+00:00,Zürich,rail,ch:1:sloid:3000,Zürich HB,ch:1:sloid:3000:501:34,2026-10-08,ch:1:sjyid:100001:18830-001,rail,S-Bahn,S8,S8,18830,Wädenswil,Winterthur,34,,2026-10-08 06:55:00+00:00,2026-10-08 06:55:18+00:00,,True,0.3,2026-10-08 08:36:20.645000+02:00,2026-10-08 08:55:00+02:00,2026-10-08 08:55:18+02:00,2026-10-08,8,Thursday,False,18.655916666666666
20261008_063620,2026-10-08 06:36:21.514000+00:00,Bern,rail,ch:1:sloid:7000,Bern,ch:1:sloid:7000:3:6,2026-10-08,ch:1:sjyid:100001:708-001,rail,InterCity,IC1,IC1,708,St. Gallen,Genève-Aéroport,6,,2026-10-08 06:34:00+00:00,2026-10-08 06:36:06+00:00,,True,2.1,2026-10-08 08:36:21.514000+02:00,2026-10-08 08:34:00+02:00,2026-10-08 08:36:06+02:00,2026-10-08,8,Thursday,False,-2.358566666666667
20261008_063620,2026-10-08 06:36:21.514000+00:00,Bern,rail,ch:1:sloid:7000,Bern,ch:1:sloid:7000:6:12,2026-10-08,ch:1:sjyid:100001:2165-001,rail,InterRegio,IR16,IR16,2165,Bern,Zürich HB,12,,2026-10-08 06:36:00+00:00,2026-10-08 06:37:00+00:00,,True,1.0,2026-10-08 08:36:21.514000+02:00,2026-10-08 08:36:00+02:00,2026-10-08 08:37:00+02:00,2026-10-08,8,Thursday,False,-0.35856666666666664
20261008_063620,2026-10-08 06:36:21.514000+00:00,Bern,rail,ch:1:sloid:7000,Bern,ch:1:sloid:7000_gen:ch:1:sloid:7000:6:13_pf:13AB,2026-10-08,ch:1:sjyid:100015:15630-001,rail,S-Bahn,S6,S6,15630,Bern,Schwarzenburg,13AB,,2026-10-08 06:36:00+00:00,2026-10-08 06:36:12+00:00,,True,0.2,2026-10-08 08:36:21.514000+02:00,2026-10-08 08:36:00+02:00,2026-10-08 08:36:12+02:00,2026-10-08,8,Thursday,False,-0.35856666666666664
20261008_063620,2026-10-08 06:36:21.514000+00:00,Bern,rail,ch:1:sloid:7000,Bern,ch:1:sloid:7000:1:1,2026-10-08,ch:1:sjyid:100015:4363-001,rail,RegioExpress,RE7,RE7,4363,Bern,Luzern,2A-D,1A-D,2026-10-08 06:36:00+00:00,2026-10-08 06:37:00+00:00,,True,1.0,2026-10-08 08:36:21.514000+02:00,2026-10-08 08:36:00+02:00,2026-10-08 08:37:00+02:00,2026-10-08,8,Thursday,False,-0.35856666666666664
20261008_063620,2026-10-08 06:36:21.514000+00:00,Bern,rail,ch:1:sloid:7000,Bern,ch:1:sloid:7000:501:23,2026-10-08,ch:1:sjyid:100066:SKI-7625,rail,S-Bahn,S7,S7,7625,Bern,Bolligen,23,,2026-10-08 06:37:00+00:00,2026-10-08 06:37:00+00:00,,True,0.0,2026-10-08 08:36:21.514000+02:00,2026-10-08 08:37:00+02:00,2026-10-08 08:37:00+02:00,2026-10-08,8,Thursday,False,0.6414333333333333
20261008_063620,2026-10-08 06:36:21.514000+00:00,Bern,rail,ch:1:sloid:7000,Bern,ch:1:sloid:7000:55:50,2026-10-08,ch:1:sjyid:100001:2363-001,rail,InterRegio,IR35,IR35,2363,Bern,Chur,50,,2026-10-08 06:38:00+00:00,2026-10-08 06:38:00+00:00,,True,0.0,2026-10-08 08:36:21.514000+02:00,2026-10-08 08:38:00+02:00,2026-10-08 08:38:00+02:00,2026-10-08,8,Thursday,False,1.6414333333333333
20261008_063620,2026-10-08 06:36:21.514000+00:00,Bern,rail,ch:1:sloid:7000,Bern,ch:1:sloid:7000:5:9,2026-10-08,ch:1:sjyid:100015:4163-001,rail,RegioExpress,RE1,RE1,4163,Bern,Brig/Zweisimmen,9,,2026-10-08 06:39:00+00:00,2026-10-08 06:39:30+00:00,,True,0.5,2026-10-08 08:36:21.514000+02:00,2026-10-08 08:39:00+02:00,2026-10-08 08:39:30+02:00,2026-10-08,8,Thursday,False,2.641433333333333
20261008_063620,2026-10-08 06:36:21.514000+00:00,Bern,rail,ch:1:sloid:7000,Bern,ch:1:sloid:7000:501:24,2026-10-08,ch:1:sjyid:100066:SKI-8085,rail,S-Bahn,S8,S8,8085,Bern,Bätterkinden,24,,2026-10-08 06:39:00+00:00,2026-10-08 06:39:00+00:00,,True,0.0,2026-10-08 08:36:21.514000+02:00,2026-10-08 08:39:00+02:00,2026-10-08 08:39:00+02:00,2026-10-08,8,Thursday,False,2.641433333333333
20261008_063620,2026-10-08 06:36:21.514000+00:00,Bern,rail,ch:1:sloid:7000,Bern,ch:1:sloid:7000:55:49,2026-10-08,ch:1:sjyid:100015:3331-001,rail,InterRegio,IR65,IR65,3331,Bern,Biel/Bienne,49,,2026-10-08 06:42:00+00:00,2026-10-08 06:42:12+00:00,,True,0.2,2026-10-08 08:36:21.514000+02:00,2026-10-08 08:42:00+02:00,2026-10-08 08:42:12+02:00,2026-10-08,8,Thursday,False,5.6414333333333335
20261008_063620,2026-10-08 06:36:21.514000+00:00,Bern,rail,ch:1:sloid:7000,Bern,ch:1:sloid:7000_gen:ch:1:sloid:7000:0:1752_pf:5E-H,2026-10-08,ch:1:sjyid:100015:15426-002,rail,S-Bahn,S4,S4,15426,Langnau i.E.,Thun,5E-H,,2026-10-08 06:42:00+00:00,2026-10-08 06:42:42+00:00,,True,0.7,2026-10-08 08:36:21.514000+02:00,2026-10-08 08:42:00+02:00,2026-10-08 08:42:42+02:00,2026-10-08,8,Thursday,False,5.6414333333333335
20261008_063620,2026-10-08 06:36:21.514000+00:00,Bern,rail,ch:1:sloid:7000,Bern,ch:1:sloid:7000:6:12,2026-10-08,ch:1:sjyid:100015:15231-001,rail,S-Bahn,S2,S2,15231,Laupen BE,Langnau i.E.,7,12,2026-10-08 06:42:00+00:00,2026-10-08 06:42:12+00:00,,True,0.2,2026-10-08 08:36:21.514000+02:00,2026-10-08 08:42:00+02:00,2026-10-08 08:42:12+02:00,2026-10-08,8,Thursday,False,5.6414333333333335
20261008_063620,2026-10-08 06:36:21.514000+00:00,Bern,rail,ch:1:sloid:7000,Bern,ch:1:sloid:7000_gen:ch:1:sloid:7000:1:21_pf:1E-H,2026-10-08,ch:1:sjyid:100015:15128-001,rail,S-Bahn,S1,S1,15128,Thun,Fribourg/Freiburg,1E-H,,2026-10-08 06:45:00+00:00,2026-10-08 06:45:12+00:00,,True,0.2,2026-10-08 08:36:21.514000+02:00,2026-10-08 08:45:00+02:00,2026-10-08 08:45:12+02:00,2026-10-08,8,Thursday,False,8.641433333333334
20261008_063620,2026-10-08 06:36:21.514000+00:00,Bern,rail,ch:1:sloid:7000,Bern,ch:1:sloid:7000:501:23,2026-10-08,ch:1:sjyid:100066:SKI-7087,rail,S-Bahn,S7,S7,7087,Bern,Worb Dorf,23,,2026-10-08 06:45:00+00:00,2026-10-08 06:45:00+00:00,,True,0.0,2026-10-08 08:36:21.514000+02:00,2026-10-08 08:45:00+02:00,2026-10-08 08:45:00+02:00,2026-10-08,8,Thursday,False,8.641433333333334
20261008_063620,2026-10-08 06:36:21.514000+00:00,Bern,rail,ch:1:sloid:7000,Bern,ch:1:sloid:7000:500:22,2026-10-08,ch:1:sjyid:100066:SKI-9087,rail,S-Bahn,S9,S9,9087,Bern,Unterzollikofen,22,,2026-10-08 06:46:00+00:00,2026-10-08 06:46:00+00:00,,True,0.0,2026-10-08 08:36:21.514000+02:00,2026-10-08 08:46:00+02:00,2026-10-08 08:46:00+02:00,2026-10-08,8,Thursday,False,9.641433333333334
20261008_063620,2026-10-08 06:36:21.514000+00:00,Bern,rail,ch:1:sloid:7000,Bern,ch:1:sloid:7000_gen:ch:1:sloid:7000:6:13_pf:13AB,2026-10-08,ch:1:sjyid:100015:16331-002,rail,S-Bahn,S31,S31,16331,Wabern bei Bern,Münchenbuchsee,13AB,,2026-10-08 06:46:00+00:00,2026-10-08 06:46:12+00:00,,True,0.2,2026-10-08 08:36:21.514000+02:00,2026-10-08 08:46:00+02:00,2026-10-08 08:46:12+02:00,2026-10-08,8,Thursday,False,9.641433333333334
20261008_063620,2026-10-08 06:36:21.514000+00:00,Bern,rail,ch:1:sloid:7000,Bern,ch:1:sloid:7000_gen:ch:1:sloid:7000:3:5_pf:5A-C,2026-10-08,ch:1:sjyid:100015:16328-002,rail,S-Bahn,S31,S31,16328,Münchenbuchsee,Wabern bei Bern,5A-C,,2026-10-08 06:47:00+00:00,2026-10-08 06:47:12+00:00,,True,0.2,2026-10-08 08:36:21.514000+02:00,2026-10-08 08:47:00+02:00,2026-10-08 08:47:12+02:00,2026-10-08,8,Thursday,False,10.641433333333334
20261008_063620,2026-10-08 06:36:21.514000+00:00,Bern,rail,ch:1:sloid:7000,Bern,ch:1:sloid:7000:5:10,2026-10-08,ch:1:sjyid:100015:15129-001,rail,S-Bahn,S1,S1,15129,Fribourg/Freiburg,Thun,10,,2026-10-08 06:47:00+00:00,2026-10-08 06:47:30+00:00,,True,0.5,2026-10-08 08:36:21.514000+02:00,2026-10-08 08:47:00+02:00,2026-10-08 08:47:30+02:00,2026-10-08,8,Thursday,False,10.641433333333334
20261008_063620,2026-10-08 06:36:21.514000+00:00,Bern,rail,ch:1:sloid:7000,Bern,ch:1:sloid:7000:1:1,2026-10-08,ch:1:sjyid:100015:15230-001,rail,S-Bahn,S2,S2,15230,Langnau i.E.,Laupen BE,1A-D,,2026-10-08 06:50:00+00:00,2026-10-08 06:51:12+00:00,,True,1.2,2026-10-08 08:36:21.514000+02:00,2026-10-08 08:50:00+02:00,2026-10-08 08:51:12+02:00,2026-10-08,8,Thursday,False,13.641433333333334
20261008_063620,2026-10-08 06:36:21.514000+00:00,Bern,rail,ch:1:sloid:7000,Bern,ch:1:sloid:7000:500:21,2026-10-08,ch:1:sjyid:100066:SKI-1087,rail,RegioExpress,RE5,RE5,1087,Bern,Solothurn,21,,2026-10-08 06:50:00+00:00,2026-10-08 06:50:00+00:00,,True,0.0,2026-10-08 08:36:21.514000+02:00,2026-10-08 08:50:00+02:00,2026-10-08 08:50:00+02:00,2026-10-08,8,Thursday,False,13.641433333333334
20261008_063620,2026-10-08 06:36:21.514000+00:00,Bern,rail,ch:1:sloid:7000,Bern,ch:1:sloid:7000_gen:ch:1:sloid:7000:6:12_pf:12A-C,2026-10-08,ch:1:sjyid:100015:16429-001,rail,S-Bahn,S44,S44,16429,Thun,Solothurn/Sumiswald-Grünen,12A-C,,2026-10-08 06:50:00+00:00,2026-10-08 06:50:12+00:00,,True,0.2,2026-10-08 08:36:21.514000+02:00,2026-10-08 08:50:00+02:00,2026-10-08 08:50:12+02:00,2026-10-08,8,Thursday,False,13.641433333333334
20261008_063620,2026-10-08 06:36:21.514000+00:00,Bern,rail,ch:1:sloid:7000,Bern,ch:1:sloid:7000:3:6,2026-10-08,ch:1:sjyid:100015:3214-001,rail,InterRegio,IR66,IR66,3214,Bern,La Chaux-de-Fonds,6,,2026-10-08 06:53:00+00:00,2026-10-08 06:53:12+00:00,,True,0.2,2026-10-08 08:36:21.514000+02:00,2026-10-08 08:53:00+02:00,2026-10-08 08:53:12+02:00,2026-10-08,8,Thursday,False,16.64143333333333
20261008_063620,2026-10-08 06:36:21.514000+00:00,Bern,rail,ch:1:sloid:7000,Bern,ch:1:sloid:7000:501:23,2026-10-08,ch:1:sjyid:100066:SKI-8087,rail,S-Bahn,S8,S8,8087,Bern,Jegenstorf,23,,2026-10-08 06:54:00+00:00,2026-10-08 06:54:00+00:00,,True,0.0,2026-10-08 08:36:21.514000+02:00,2026-10-08 08:54:00+02:00,2026-10-08 08:54:00+02:00,2026-10-08,8,Thursday,False,17.641433333333335
20261008_063620,2026-10-08 06:36:21.514000+00:00,Bern,rail,ch:1:sloid:7000,Bern,ch:1:sloid:7000:5:10,2026-10-08,ch:1:sjyid:100001:2511-001,rail,InterRegio,IR15,IR15,2511,Genève-Aéroport,Luzern,10,,2026-10-08 07:00:00+00:00,2026-10-08 07:00:36+00:00,,True,0.6,2026-10-08 08:36:21.514000+02:00,2026-10-08 09:00:00+02:00,2026-10-08 09:00:36+02:00,2026-10-08,9,Thursday,False,23.641433333333335
20261008_063620,2026-10-08 06:36:21.514000+00:00,Bern,rail,ch:1:sloid:7000,Bern,ch:1:sloid:7000:501:24,2026-10-08,ch:1:sjyid:100066:SKI-7091,rail,S-Bahn,S7,S7,7091,Bern,Worb Dorf,24,,2026-10-08 07:00:00+00:00,2026-10-08 07:00:00+00:00,,True,0.0,2026-10-08 08:36:21.514000+02:00,2026-10-08 09:00:00+02:00,2026-10-08 09:00:00+02:00,2026-10-08,9,Thursday,False,23.641433333333335
20261008_063620,2026-10-08 06:36:21.514000+00:00,Bern,rail,ch:1:sloid:7000,Bern,ch:1:sloid:7000_gen:ch:1:sloid:7000:6:12_pf:12A-C,2026-10-08,ch:1:sjyid:100015:15333-001,rail,S-Bahn,S3,S3,15333,Belp,Biel/Bienne,12A-C,,2026-10-08 07:00:00+00:00,2026-10-08 07:00:30+00:00,,True,0.5,2026-10-08 08:36:21.514000+02:00,2026-10-08 09:00:00+02:00,2026-10-08 09:00:30+02:00,2026-10-08,9,Thursday,False,23.641433333333335
20261008_063620,2026-10-08 06:36:21.514000+00:00,Bern,rail,ch:1:sloid:7000,Bern,ch:1:sloid:7000:500:22,2026-10-08,ch:1:sjyid:100066:SKI-9091,rail,S-Bahn,S9,S9,9091,Bern,Unterzollikofen,22,,2026-10-08 07:01:00+00:00,2026-10-08 07:01:00+00:00,,True,0.0,2026-10-08 08:36:21.514000+02:00,2026-10-08 09:01:00+02:00,2026-10-08 09:01:00+02:00,2026-10-08,9,Thursday,False,24.641433333333335
20261008_063620,2026-10-08 06:36:21.514000+00:00,Bern,rail,ch:1:sloid:7000,Bern,ch:1:sloid:7000:1:2,2026-10-08,ch:1:sjyid:100001:811-002,rail,InterCity,IC81,IC81,811,Interlaken Ost,Romanshorn,2,,2026-10-08 07:02:00+00:00,2026-10-08 07:02:36+00:00,,True,0.6,2026-10-08 08:36:21.514000+02:00,2026-10-08 09:02:00+02:00,2026-10-08 09:02:36+02:00,2026-10-08,9,Thursday,False,25.641433333333335
20261008_063620,2026-10-08 06:36:21.514000+00:00,Bern,rail,ch:1:sloid:7000,Bern,ch:1:sloid:7000:1:1,2026-10-08,ch:1:sjyid:100015:15330-001,rail,S-Bahn,S3,S3,15330,Biel/Bienne,Belp,1A-D,,2026-10-08 07:02:00+00:00,2026-10-08 07:02:12+00:00,,True,0.2,2026-10-08 08:36:21.514000+02:00,2026-10-08 09:02:00+02:00,2026-10-08 09:02:12+02:00,2026-10-08,9,Thursday,False,25.641433333333335
20261008_063620,2026-10-08 06:36:21.514000+00:00,Bern,rail,ch:1:sloid:7000,Bern,ch:1:sloid:7000:3:5,2026-10-08,ch:1:sjyid:100001:372-002,rail,InterCityExpress,ICE,ICE,372,Brig,Berlin Hbf (Tief),5,,2026-10-08 07:04:00+00:00,2026-10-08 07:05:00+00:00,,True,1.0,2026-10-08 08:36:21.514000+02:00,2026-10-08 09:04:00+02:00,2026-10-08 09:05:00+02:00,2026-10-08,9,Thursday,False,27.641433333333335
20261008_063620,2026-10-08 06:36:21.514000+00:00,Bern,rail,ch:1:sloid:7000,Bern,ch:1:sloid:7000:4:7,2026-10-08,ch:1:sjyid:100001:2512-002,rail,InterRegio,IR15,IR15,2512,Luzern,Genève-Aéroport,7,,2026-10-08 07:04:00+00:00,2026-10-08 07:04:36+00:00,,True,0.6,2026-10-08 08:36:21.514000+02:00,2026-10-08 09:04:00+02:00,2026-10-08 09:04:36+02:00,2026-10-08,9,Thursday,False,27.641433333333335
20261008_063620,2026-10-08 06:36:22.029000+00:00,Basel,rail,ch:1:sloid:10,Basel SBB,ch:1:sloid:10:3:5,2026-10-08,ch:1:sjyid:100001:2063-001,rail,InterRegio,IR36,IR36,2063,Basel SBB,Zürich Flughafen,5,,2026-10-08 06:36:00+00:00,2026-10-08 06:36:42+00:00,,True,0.7,2026-10-08 08:36:22.029000+02:00,2026-10-08 08:36:00+02:00,2026-10-08 08:36:42+02:00,2026-10-08,8,Thursday,False,-0.36715
20261008_063620,2026-10-08 06:36:22.029000+00:00,Basel,rail,ch:1:sloid:10,Basel SBB,ch:1:sloid:10:22:33,2026-10-08,ch:1:sjyid:100001:96110-001,rail,Train Express Regional,TER,TER,96110,Basel SBB,Mulhouse,33,,2026-10-08 06:38:00+00:00,2026-10-08 06:42:06+00:00,,True,4.1,2026-10-08 08:36:22.029000+02:00,2026-10-08 08:38:00+02:00,2026-10-08 08:42:06+02:00,2026-10-08,8,Thursday,False,1.6328500000000001
20261008_063620,2026-10-08 06:36:22.029000+00:00,Basel,rail,ch:1:sloid:10,Basel SBB,ch:1:sloid:10:8:16,2026-10-08,ch:1:sjyid:100001:17326-001,rail,S-Bahn,S3,S3,17326,Olten,Laufen,16,,2026-10-08 06:38:00+00:00,2026-10-08 06:38:12+00:00,,True,0.2,2026-10-08 08:36:22.029000+02:00,2026-10-08 08:38:00+02:00,2026-10-08 08:38:12+02:00,2026-10-08,8,Thursday,False,1.6328500000000001
20261008_063620,2026-10-08 06:36:22.029000+00:00,Basel,rail,ch:1:sloid:10,Basel SBB,ch:1:sloid:10:5:9,2026-10-08,ch:1:sjyid:100001:2263-001,rail,InterRegio,IR37,IR37,2263,Basel SBB,Zürich HB,9,,2026-10-08 06:43:00+00:00,2026-10-08 06:43:48+00:00,,True,0.8,2026-10-08 08:36:22.029000+02:00,2026-10-08 08:43:00+02:00,2026-10-08 08:43:48+02:00,2026-10-08,8,Thursday,False,6.63285
20261008_063620,2026-10-08 06:36:22.029000+00:00,Basel,rail,ch:1:sloid:10,Basel SBB,ch:1:sloid:10:7:15,2026-10-08,ch:1:sjyid:100001:17529-001,rail,S-Bahn,S33,S33,17529,Basel SBB,Liestal,15,,2026-10-08 06:45:00+00:00,2026-10-08 06:45:30+00:00,,True,0.5,2026-10-08 08:36:22.029000+02:00,2026-10-08 08:45:00+02:00,2026-10-08 08:45:30+02:00,2026-10-08,8,Thursday,False,8.63285
20261008_063620,2026-10-08 06:36:22.029000+00:00,Basel,rail,ch:1:sloid:10,Basel SBB,ch:1:sloid:10:5:10,2026-10-08,ch:1:sjyid:100001:74-002,rail,InterCityExpress,ICE,ICE,74,Basel SBB,Hamburg Hbf,10,,2026-10-08 06:46:00+00:00,2026-10-08 06:46:42+00:00,,True,0.7,2026-10-08 08:36:22.029000+02:00,2026-10-08 08:46:00+02:00,2026-10-08 08:46:42+02:00,2026-10-08,8,Thursday,False,9.63285
20261008_063620,2026-10-08 06:36:22.029000+00:00,Basel,rail,ch:1:sloid:10,Basel SBB,ch:1:sloid:10:6:12,2026-10-08,ch:1:sjyid:100001:17231-001,rail,S-Bahn,S1,S1,17231,Basel SBB,Laufenburg,12,,2026-10-08 06:49:00+00:00,2026-10-08 06:49:12+00:00,,True,0.2,2026-10-08 08:36:22.029000+02:00,2026-10-08 08:49:00+02:00,2026-10-08 08:49:12+02:00,2026-10-08,8,Thursday,False,12.63285
20261008_063620,2026-10-08 06:36:22.029000+00:00,Basel,rail,ch:1:sloid:10,Basel SBB,ch:1:sloid:10:21:31,2026-10-08,ch:1:sjyid:100001:96216-001,rail,Train Express Regional,TER,TER,96216,Basel SBB,Strasbourg,31,,2026-10-08 06:51:00+00:00,2026-10-08 06:51:30+00:00,,True,0.5,2026-10-08 08:36:22.029000+02:00,2026-10-08 08:51:00+02:00,2026-10-08 08:51:30+02:00,2026-10-08,8,Thursday,False,14.63285
20261008_063620,2026-10-08 06:36:22.029000+00:00,Basel,rail,ch:1:sloid:10,Basel SBB,ch:1:sloid:10:4:8,2026-10-08,ch:1:sjyid:100001:963-001,rail,InterCity,IC6,IC6,963,Basel SBB,Brig,8,,2026-10-08 06:58:00+00:00,2026-10-08 06:58:42+00:00,,True,0.7,2026-10-08 08:36:22.029000+02:00,2026-10-08 08:58:00+02:00,2026-10-08 08:58:42+02:00,2026-10-08,8,Thursday,False,21.63285
20261008_063620,2026-10-08 06:36:22.029000+00:00,Basel,rail,ch:1:sloid:10,Basel SBB,ch:1:sloid:10:0:19,2026-10-08,ch:1:sjyid:100001:17329-001,rail,S-Bahn,S3,S3,17329,Laufen,Olten,19,,2026-10-08 07:00:00+00:00,2026-10-08 07:00:12+00:00,,True,0.2,2026-10-08 08:36:22.029000+02:00,2026-10-08 09:00:00+02:00,2026-10-08 09:00:12+02:00,2026-10-08,9,Thursday,False,23.63285
20261008_063620,2026-10-08 06:36:22.029000+00:00,Basel,rail,ch:1:sloid:10,Basel SBB,ch:1:sloid:10:0:20,2026-10-08,ch:1:sjyid:100015:1860-002,rail,InterRegio,IR56,IR56,1860,Basel SBB,Delémont,20,,2026-10-08 07:02:00+00:00,2026-10-08 07:02:12+00:00,,True,0.2,2026-10-08 08:36:22.029000+02:00,2026-10-08 09:02:00+02:00,2026-10-08 09:02:12+02:00,2026-10-08,9,Thursday,False,25.63285
20261008_063620,2026-10-08 06:36:22.029000+00:00,Basel,rail,ch:1:sloid:10,Basel SBB,ch:1:sloid:10:3:6,2026-10-08,ch:1:sjyid:100001:667-001,rail,InterCity,IC21,IC21,667,Basel SBB,Lugano,6,,2026-10-08 07:04:00+00:00,2026-10-08 07:04:42+00:00,,True,0.7,2026-10-08 08:36:22.029000+02:00,2026-10-08 09:04:00+02:00,2026-10-08 09:04:42+02:00,2026-10-08,9,Thursday,False,27.63285
20261008_063620,2026-10-08 06:36:22.029000+00:00,Basel,rail,ch:1:sloid:10,Basel SBB,ch:1:sloid:10:1:2,2026-10-08,ch:1:sjyid:100308:87816-001,rail,S-Bahn,S6,S6,87816,Basel SBB,Zell (Wiesental),2,,2026-10-08 07:06:00+00:00,2026-10-08 07:06:12+00:00,,True,0.2,2026-10-08 08:36:22.029000+02:00,2026-10-08 09:06:00+02:00,2026-10-08 09:06:12+02:00,2026-10-08,9,Thursday,False,29.63285
20261008_063620,2026-10-08 06:36:22.029000+00:00,Basel,rail,ch:1:sloid:10,Basel SBB,ch:1:sloid:10:6:11,2026-10-08,ch:1:sjyid:100001:1965-001,rail,InterRegio,IR36,IR36,1965,Basel SBB,Zürich HB,11,11CD,2026-10-08 07:07:00+00:00,2026-10-08 07:07:42+00:00,,True,0.7,2026-10-08 08:36:22.029000+02:00,2026-10-08 09:07:00+02:00,2026-10-08 09:07:42+02:00,2026-10-08,9,Thursday,False,30.63285
20261008_063620,2026-10-08 06:36:22.029000+00:00,Basel,rail,ch:1:sloid:10,Basel SBB,ch:1:sloid:10:3:5,2026-10-07,ch:1:sjyid:100001:273-001,rail,InterCityExpress,ICE,ICE,273,Basel Bad Bf,Zürich HB,5,,2026-10-08 07:07:00+00:00,,,False,,2026-10-08 08:36:22.029000+02:00,2026-10-08 09:07:00+02:00,,2026-10-08,9,Thursday,False,30.63285
20261008_063620,2026-10-08 06:36:22.029000+00:00,Basel,rail,ch:1:sloid:10,Basel SBB,ch:1:sloid:10:22:33,2026-10-08,ch:1:sjyid:100001:96146-001,rail,Train Express Regional,TER,TER,96146,Basel SBB,Mulhouse,33,,2026-10-08 07:08:00+00:00,2026-10-08 07:08:18+00:00,,True,0.3,2026-10-08 08:36:22.029000+02:00,2026-10-08 09:08:00+02:00,2026-10-08 09:08:18+02:00,2026-10-08,9,Thursday,False,31.63285
20261008_063620,2026-10-08 06:36:22.029000+00:00,Basel,rail,ch:1:sloid:10,Basel SBB,ch:1:sloid:10:8:16,2026-10-08,ch:1:sjyid:100001:17328-001,rail,S-Bahn,S3,S3,17328,Olten,Laufen,16,,2026-10-08 07:08:00+00:00,2026-10-08 07:08:12+00:00,,True,0.2,2026-10-08 08:36:22.029000+02:00,2026-10-08 09:08:00+02:00,2026-10-08 09:08:12+02:00,2026-10-08,9,Thursday,False,31.63285
20261008_063620,2026-10-08 06:36:22.029000+00:00,Basel,rail,ch:1:sloid:10,Basel SBB,ch:1:sloid:10:7:14,2026-10-08,ch:1:sjyid:100001:17531-001,rail,S-Bahn,S33,S33,17531,Basel SBB,Liestal,14,,2026-10-08 07:15:00+00:00,2026-10-08 07:15:30+00:00,,True,0.5,2026-10-08 08:36:22.029000+02:00,2026-10-08 09:15:00+02:00,2026-10-08 09:15:30+02:00,2026-10-08,9,Thursday,False,38.63285
20261008_063620,2026-10-08 06:36:22.029000+00:00,Basel,rail,ch:1:sloid:10,Basel SBB,ch:1:sloid:10:4:7,2026-10-08,ch:1:sjyid:100001:2465-001,rail,InterRegio,IR27,IR27,2465,Basel SBB,Luzern,7,,2026-10-08 07:16:00+00:00,2026-10-08 07:16:42+00:00,,True,0.7,2026-10-08 08:36:22.029000+02:00,2026-10-08 09:16:00+02:00,2026-10-08 09:16:42+02:00,2026-10-08,9,Thursday,False,39.63285
20261008_063620,2026-10-08 06:36:22.029000+00:00,Basel,rail,ch:1:sloid:10,Basel SBB,ch:1:sloid:10:5:9,2026-10-08,ch:1:sjyid:100001:200-001,rail,InterCityExpress,ICE,ICE,200,Zürich HB,Hamburg-Altona,9,,2026-10-08 07:16:00+00:00,2026-10-08 07:16:42+00:00,,True,0.7,2026-10-08 08:36:22.029000+02:00,2026-10-08 09:16:00+02:00,2026-10-08 09:16:42+02:00,2026-10-08,9,Thursday,False,39.63285
20261008_063620,2026-10-08 06:36:22.029000+00:00,Basel,rail,ch:1:sloid:10,Basel SBB,ch:1:sloid:10:6:12,2026-10-08,ch:1:sjyid:100001:17133-001,rail,S-Bahn,S1,S1,17133,Basel SBB,Frick,12,,2026-10-08 07:19:00+00:00,2026-10-08 07:19:12+00:00,,True,0.2,2026-10-08 08:36:22.029000+02:00,2026-10-08 09:19:00+02:00,2026-10-08 09:19:12+02:00,2026-10-08,9,Thursday,False,42.63285
20261008_063620,2026-10-08 06:36:22.029000+00:00,Basel,rail,ch:1:sloid:10,Basel SBB,ch:1:sloid:10:21:31,2026-10-08,ch:1:sjyid:100001:96218-001,rail,Train Express Regional,TER,TER,96218,Basel SBB,Strasbourg,31,,2026-10-08 07:21:00+00:00,2026-10-08 07:21:30+00:00,,True,0.5,2026-10-08 08:36:22.029000+02:00,2026-10-08 09:21:00+02:00,2026-10-08 09:21:30+02:00,2026-10-08,9,Thursday,False,44.63285
20261008_063620,2026-10-08 06:36:22.029000+00:00,Basel,rail,ch:1:sloid:10,Basel SBB,ch:1:sloid:10:0:19,2026-10-08,ch:1:sjyid:100001:17331-001,rail,S-Bahn,S3,S3,17331,Laufen,Olten,19,,2026-10-08 07:30:00+00:00,2026-10-08 07:30:12+00:00,,True,0.2,2026-10-08 08:36:22.029000+02:00,2026-10-08 09:30:00+02:00,2026-10-08 09:30:12+02:00,2026-10-08,9,Thursday,False,53.63285
20261008_063620,2026-10-08 06:36:22.029000+00:00,Basel,rail,ch:1:sloid:10,Basel SBB,ch:1:sloid:10:5:10,2026-10-08,ch:1:sjyid:100001:615-002,rail,InterCity,IC61,IC61,615,Basel SBB,Interlaken Ost,10,,2026-10-08 07:30:00+00:00,2026-10-08 07:30:42+00:00,,True,0.7,2026-10-08 08:36:22.029000+02:00,2026-10-08 09:30:00+02:00,2026-10-08 09:30:42+02:00,2026-10-08,9,Thursday,False,53.63285
20261008_063620,2026-10-08 06:36:22.029000+00:00,Basel,rail,ch:1:sloid:10,Basel SBB,ch:1:sloid:10:0:20,2026-10-08,ch:1:sjyid:100001:1616-001,rail,InterCity,IC51,IC51,1616,Basel SBB,Lausanne,20,,2026-10-08 07:32:00+00:00,2026-10-08 07:32:42+00:00,,True,0.7,2026-10-08 08:36:22.029000+02:00,2026-10-08 09:32:00+02:00,2026-10-08 09:32:42+02:00,2026-10-08,9,Thursday,False,55.63285
20261008_063620,2026-10-08 06:36:22.029000+00:00,Basel,rail,ch:1:sloid:10,Basel SBB,ch:1:sloid:10:2:4,2026-10-08,ch:1:sjyid:100001:553-001,rail,InterCity,IC3,IC3,553,Basel SBB,Zürich HB,4,,2026-10-08 07:33:00+00:00,2026-10-08 07:33:48+00:00,,True,0.8,2026-10-08 08:36:22.029000+02:00,2026-10-08 09:33:00+02:00,2026-10-08 09:33:48+02:00,2026-10-08,9,Thursday,False,56.63285
20261008_063620,2026-10-08 06:36:22.029000+00:00,Basel,rail,ch:1:sloid:10,Basel SBB,ch:1:sloid:10:1:2,2026-10-08,ch:1:sjyid:100308:87818-001,rail,S-Bahn,S6,S6,87818,Basel SBB,Zell (Wiesental),2,,2026-10-08 07:35:00+00:00,2026-10-08 07:35:12+00:00,,True,0.2,2026-10-08 08:36:22.029000+02:00,2026-10-08 09:35:00+02:00,2026-10-08 09:35:12+02:00,2026-10-08,9,Thursday,False,58.63285
20261008_063620,2026-10-08 06:36:22.029000+00:00,Basel,rail,ch:1:sloid:10,Basel SBB,ch:1:sloid:10:3:5,2026-10-08,ch:1:sjyid:100001:2065-001,rail,InterRegio,IR36,IR36,2065,Basel SBB,Zürich Flughafen,5,,2026-10-08 07:36:00+00:00,2026-10-08 07:36:42+00:00,,True,0.7,2026-10-08 08:36:22.029000+02:00,2026-10-08 09:36:00+02:00,2026-10-08 09:36:42+02:00,2026-10-08,9,Thursday,False,59.63285
20261008_063620,2026-10-08 06:36:22.029000+00:00,Basel,rail,ch:1:sloid:10,Basel SBB,ch:1:sloid:10:8:16,2026-10-08,ch:1:sjyid:100001:17330-001,rail,S-Bahn,S3,S3,17330,Olten,Laufen,16,,2026-10-08 07:38:00+00:00,2026-10-08 07:38:12+00:00,,True,0.2,2026-10-08 08:36:22.029000+02:00,2026-10-08 09:38:00+02:00,2026-10-08 09:38:12+02:00,2026-10-08,9,Thursday,False,61.63285
20261008_063620,2026-10-08 06:36:22.029000+00:00,Basel,rail,ch:1:sloid:10,Basel SBB,ch:1:sloid:10:4:8,2026-10-08,ch:1:sjyid:100001:2265-001,rail,InterRegio,IR37,IR37,2265,Basel SBB,Zürich HB,8,,2026-10-08 07:43:00+00:00,2026-10-08 07:43:48+00:00,,True,0.8,2026-10-08 08:36:22.029000+02:00,2026-10-08 09:43:00+02:00,2026-10-08 09:43:48+02:00,2026-10-08,9,Thursday,False,66.63285
20261008_063620,2026-10-08 06:36:23.227000+00:00,Luzern,rail,ch:1:sloid:5000,Luzern,ch:1:sloid:5000:2:4,2026-10-08,ch:1:sjyid:100061:2017-001,rail,Voralpen-Express,VAE,VAE,2017,Luzern,St. Gallen,4,,2026-10-08 06:39:00+00:00,2026-10-08 06:39:12+00:00,,True,0.2,2026-10-08 08:36:23.227000+02:00,2026-10-08 08:39:00+02:00,2026-10-08 08:39:12+02:00,2026-10-08,8,Thursday,False,2.6128833333333334
20261008_063620,2026-10-08 06:36:23.227000+00:00,Luzern,rail,ch:1:sloid:5000,Luzern,ch:1:sloid:5000:6:13,2026-10-08,ch:1:sjyid:100064:21530-001,rail,S-Bahn,S5,S5,21530,Luzern,Giswil,13,,2026-10-08 06:42:00+00:00,2026-10-08 06:43:18+00:00,,True,1.3,2026-10-08 08:36:23.227000+02:00,2026-10-08 08:42:00+02:00,2026-10-08 08:43:18+02:00,2026-10-08,8,Thursday,False,5.6128833333333334
20261008_063620,2026-10-08 06:36:23.227000+00:00,Luzern,rail,ch:1:sloid:5000,Luzern,ch:1:sloid:5000:5:10,2026-10-08,ch:1:sjyid:100001:21123-001,rail,S-Bahn,S1,S1,21123,Baar,Sursee,10,,2026-10-08 06:44:00+00:00,2026-10-08 06:45:00+00:00,,True,1.0,2026-10-08 08:36:23.227000+02:00,2026-10-08 08:44:00+02:00,2026-10-08 08:45:00+02:00,2026-10-08,8,Thursday,False,7.6128833333333334
20261008_063620,2026-10-08 06:36:23.227000+00:00,Luzern,rail,ch:1:sloid:5000,Luzern,ch:1:sloid:5000:1:3,2026-10-08,ch:1:sjyid:100001:21124-001,rail,S-Bahn,S1,S1,21124,Sursee,Baar,3,,2026-10-08 06:51:00+00:00,2026-10-08 06:51:12+00:00,,True,0.2,2026-10-08 08:36:23.227000+02:00,2026-10-08 08:51:00+02:00,2026-10-08 08:51:12+02:00,2026-10-08,8,Thursday,False,14.612883333333334
20261008_063620,2026-10-08 06:36:23.227000+00:00,Luzern,rail,ch:1:sloid:5000,Luzern,ch:1:sloid:5000:3:7,2026-10-08,ch:1:sjyid:100061:2312-001,rail,Treno Gottardo,IR26,IR26,2312,Bellinzona,Basel SBB,7,,2026-10-08 06:54:00+00:00,2026-10-08 06:54:30+00:00,,True,0.5,2026-10-08 08:36:23.227000+02:00,2026-10-08 08:54:00+02:00,2026-10-08 08:54:30+02:00,2026-10-08,8,Thursday,False,17.612883333333333
20261008_063620,2026-10-08 06:36:23.227000+00:00,Luzern,rail,ch:1:sloid:5000,Luzern,ch:1:sloid:5000:2:5,2026-10-08,ch:1:sjyid:100015:4464-001,rail,RegioExpress,RE7,RE7,4464,Luzern,Wolhusen,5,,2026-10-08 06:57:00+00:00,2026-10-08 06:57:12+00:00,,True,0.2,2026-10-08 08:36:23.227000+02:00,2026-10-08 08:57:00+02:00,2026-10-08 08:57:12+02:00,2026-10-08,8,Thursday,False,20.612883333333333
20261008_063620,2026-10-08 06:36:23.227000+00:00,Luzern,rail,ch:1:sloid:5000,Luzern,ch:1:sloid:5000:6:12,2026-10-08,ch:1:sjyid:100064:21432-001,rail,S-Bahn,S4,S4,21432,Luzern,Stansstad,12,,2026-10-08 06:57:00+00:00,2026-10-08 06:57:12+00:00,,True,0.2,2026-10-08 08:36:23.227000+02:00,2026-10-08 08:57:00+02:00,2026-10-08 08:57:12+02:00,2026-10-08,8,Thursday,False,20.612883333333333
20261008_063620,2026-10-08 06:36:23.227000+00:00,Luzern,rail,ch:1:sloid:5000,Luzern,ch:1:sloid:5000:4:8,2026-10-08,ch:1:sjyid:100001:2514-002,rail,InterRegio,IR15,IR15,2514,Luzern,Genève-Aéroport,8,,2026-10-08 07:00:00+00:00,2026-10-08 07:00:36+00:00,,True,0.6,2026-10-08 08:36:23.227000+02:00,2026-10-08 09:00:00+02:00,2026-10-08 09:00:36+02:00,2026-10-08,9,Thursday,False,23.612883333333333
20261008_063620,2026-10-08 06:36:23.227000+00:00,Luzern,rail,ch:1:sloid:5000,Luzern,ch:1:sloid:5000:4:9,2026-10-08,ch:1:sjyid:100001:4714-001,rail,RegioExpress,RE24,RE24,4714,Luzern,Olten,9,,2026-10-08 07:05:00+00:00,2026-10-08 07:05:12+00:00,,True,0.2,2026-10-08 08:36:23.227000+02:00,2026-10-08 09:05:00+02:00,2026-10-08 09:05:12+02:00,2026-10-08,9,Thursday,False,28.612883333333333
20261008_063620,2026-10-08 06:36:23.227000+00:00,Luzern,rail,ch:1:sloid:5000,Luzern,ch:1:sloid:5000:7:14,2026-10-08,ch:1:sjyid:100064:2918-001,rail,Luzern-Interlaken Express,LIX,LIX,2918,Luzern,Interlaken Ost,14,,2026-10-08 07:06:00+00:00,2026-10-08 07:06:06+00:00,,True,0.1,2026-10-08 08:36:23.227000+02:00,2026-10-08 09:06:00+02:00,2026-10-08 09:06:06+02:00,2026-10-08,9,Thursday,False,29.612883333333333
20261008_063620,2026-10-08 06:36:23.227000+00:00,Luzern,rail,ch:1:sloid:5000,Luzern,ch:1:sloid:5000:5:11,2026-10-08,ch:1:sjyid:100001:21333-001,rail,S-Bahn,S3,S3,21333,Luzern,Brunnen,11,,2026-10-08 07:06:00+00:00,2026-10-08 07:07:00+00:00,,True,1.0,2026-10-08 08:36:23.227000+02:00,2026-10-08 09:06:00+02:00,2026-10-08 09:07:00+02:00,2026-10-08,9,Thursday,False,29.612883333333333
20261008_063620,2026-10-08 06:36:23.227000+00:00,Luzern,rail,ch:1:sloid:5000,Luzern,ch:1:sloid:5000:3:6,2026-10-08,ch:1:sjyid:100001:2616-001,rail,InterRegio,IR70,IR70,2616,Luzern,Zürich HB,6,,2026-10-08 07:09:00+00:00,2026-10-08 07:10:00+00:00,,True,1.0,2026-10-08 08:36:23.227000+02:00,2026-10-08 09:09:00+02:00,2026-10-08 09:10:00+02:00,2026-10-08,9,Thursday,False,32.61288333333333
20261008_063620,2026-10-08 06:36:23.227000+00:00,Luzern,rail,ch:1:sloid:5000,Luzern,ch:1:sloid:5000:6:13,2026-10-08,ch:1:sjyid:100064:2964-001,rail,Luzern-Engelberg Express,IRLEX,IRLEX,2964,Luzern,Stansstad,13,,2026-10-08 07:10:00+00:00,2026-10-08 07:10:12+00:00,,True,0.2,2026-10-08 08:36:23.227000+02:00,2026-10-08 09:10:00+02:00,2026-10-08 09:10:12+02:00,2026-10-08,9,Thursday,False,33.61288333333333
20261008_063620,2026-10-08 06:36:23.227000+00:00,Luzern,rail,ch:1:sloid:5000,Luzern,ch:1:sloid:5000:6:12,2026-10-08,ch:1:sjyid:100064:21532-001,rail,S-Bahn,S5,S5,21532,Luzern,Giswil,12,,2026-10-08 07:12:00+00:00,2026-10-08 07:12:12+00:00,,True,0.2,2026-10-08 08:36:23.227000+02:00,2026-10-08 09:12:00+02:00,2026-10-08 09:12:12+02:00,2026-10-08,9,Thursday,False,35.612883333333336
20261008_063620,2026-10-08 06:36:23.227000+00:00,Luzern,rail,ch:1:sloid:5000,Luzern,ch:1:sloid:5000:1:3,2026-10-08,ch:1:sjyid:100001:21125-001,rail,S-Bahn,S1,S1,21125,Baar,Sursee,3,,2026-10-08 07:14:00+00:00,2026-10-08 07:15:00+00:00,,True,1.0,2026-10-08 08:36:23.227000+02:00,2026-10-08 09:14:00+02:00,2026-10-08 09:15:00+02:00,2026-10-08,9,Thursday,False,37.612883333333336
20261008_063620,2026-10-08 06:36:23.227000+00:00,Luzern,rail,ch:1:sloid:5000,Luzern,ch:1:sloid:5000:2:5,2026-10-08,ch:1:sjyid:100015:21632-001,rail,S-Bahn,S6,S6,21632,Luzern,Wolhusen,5,,2026-10-08 07:16:00+00:00,2026-10-08 07:17:00+00:00,,True,1.0,2026-10-08 08:36:23.227000+02:00,2026-10-08 09:16:00+02:00,2026-10-08 09:17:00+02:00,2026-10-08,9,Thursday,False,39.612883333333336
20261008_063620,2026-10-08 06:36:23.227000+00:00,Luzern,rail,ch:1:sloid:5000,Luzern,ch:1:sloid:5000:3:7,2026-10-08,ch:1:sjyid:100061:2315-001,rail,Treno Gottardo,IR26,IR26,2315,Basel SBB,Locarno,7,,2026-10-08 07:18:00+00:00,2026-10-08 07:19:00+00:00,,True,1.0,2026-10-08 08:36:23.227000+02:00,2026-10-08 09:18:00+02:00,2026-10-08 09:19:00+02:00,2026-10-08,9,Thursday,False,41.612883333333336
20261008_063620,2026-10-08 06:36:23.227000+00:00,Luzern,rail,ch:1:sloid:5000,Luzern,ch:1:sloid:5000_gen:ch:1:sloid:5000:5:11_pf:11B,2026-10-08,ch:1:sjyid:100001:21126-001,rail,S-Bahn,S1,S1,21126,Sursee,Baar,11,,2026-10-08 07:21:00+00:00,2026-10-08 07:22:00+00:00,,True,1.0,2026-10-08 08:36:23.227000+02:00,2026-10-08 09:21:00+02:00,2026-10-08 09:22:00+02:00,2026-10-08,9,Thursday,False,44.612883333333336
20261008_063620,2026-10-08 06:36:23.227000+00:00,Luzern,rail,ch:1:sloid:5000,Luzern,ch:1:sloid:5000:7:15,2026-10-08,ch:1:sjyid:100064:3084-002,rail,Luzern-Interlaken Express,IRLIX,IRLIX,3084,Luzern,Interlaken Ost,15,,2026-10-08 07:24:00+00:00,2026-10-08 07:24:12+00:00,,True,0.2,2026-10-08 08:36:23.227000+02:00,2026-10-08 09:24:00+02:00,2026-10-08 09:24:12+02:00,2026-10-08,9,Thursday,False,47.612883333333336
20261008_063620,2026-10-08 06:36:23.227000+00:00,Luzern,rail,ch:1:sloid:5000,Luzern,ch:1:sloid:5000:6:13,2026-10-08,ch:1:sjyid:100064:21434-001,rail,S-Bahn,S4,S4,21434,Luzern,Stansstad,13,,2026-10-08 07:27:00+00:00,2026-10-08 07:27:12+00:00,,True,0.2,2026-10-08 08:36:23.227000+02:00,2026-10-08 09:27:00+02:00,2026-10-08 09:27:12+02:00,2026-10-08,9,Thursday,False,50.612883333333336
20261008_063620,2026-10-08 06:36:23.227000+00:00,Luzern,rail,ch:1:sloid:5000,Luzern,ch:1:sloid:5000:2:4,2026-10-08,ch:1:sjyid:100001:2464-001,rail,InterRegio,IR27,IR27,2464,Luzern,Basel SBB,4,,2026-10-08 07:30:00+00:00,2026-10-08 07:30:36+00:00,,True,0.6,2026-10-08 08:36:23.227000+02:00,2026-10-08 09:30:00+02:00,2026-10-08 09:30:36+02:00,2026-10-08,9,Thursday,False,53.612883333333336
20261008_063620,2026-10-08 06:36:23.227000+00:00,Luzern,rail,ch:1:sloid:5000,Luzern,ch:1:sloid:5000:2:5,2026-10-08,ch:1:sjyid:100001:2115-001,rail,InterRegio,IR75,IR75,2115,Luzern,Konstanz,5,,2026-10-08 07:35:00+00:00,2026-10-08 07:35:00+00:00,,True,0.0,2026-10-08 08:36:23.227000+02:00,2026-10-08 09:35:00+02:00,2026-10-08 09:35:00+02:00,2026-10-08,9,Thursday,False,58.612883333333336
20261008_063620,2026-10-08 06:36:23.227000+00:00,Luzern,rail,ch:1:sloid:5000,Luzern,ch:1:sloid:5000:1:3,2026-10-08,ch:1:sjyid:100061:2019-001,rail,Voralpen-Express,VAE,VAE,2019,Luzern,St. Gallen,3,,2026-10-08 07:39:00+00:00,2026-10-08 07:39:12+00:00,,True,0.2,2026-10-08 08:36:23.227000+02:00,2026-10-08 09:39:00+02:00,2026-10-08 09:39:12+02:00,2026-10-08,9,Thursday,False,62.612883333333336
20261008_063620,2026-10-08 06:36:23.227000+00:00,Luzern,rail,ch:1:sloid:5000,Luzern,ch:1:sloid:5000:7:14,2026-10-08,ch:1:sjyid:100064:21534-001,rail,S-Bahn,S5,S5,21534,Luzern,Giswil,14,,2026-10-08 07:42:00+00:00,2026-10-08 07:42:12+00:00,,True,0.2,2026-10-08 08:36:23.227000+02:00,2026-10-08 09:42:00+02:00,2026-10-08 09:42:12+02:00,2026-10-08,9,Thursday,False,65.61288333333333
20261008_063620,2026-10-08 06:36:23.227000+00:00,Luzern,rail,ch:1:sloid:5000,Luzern,ch:1:sloid:5000_gen:ch:1:sloid:5000:5:11_pf:11B,2026-10-08,ch:1:sjyid:100001:21127-001,rail,S-Bahn,S1,S1,21127,Baar,Sursee,11,,2026-10-08 07:44:00+00:00,2026-10-08 07:45:00+00:00,,True,1.0,2026-10-08 08:36:23.227000+02:00,2026-10-08 09:44:00+02:00,2026-10-08 09:45:00+02:00,2026-10-08,9,Thursday,False,67.61288333333333
20261008_063620,2026-10-08 06:36:23.227000+00:00,Luzern,rail,ch:1:sloid:5000,Luzern,ch:1:sloid:5000:1:3,2026-10-08,ch:1:sjyid:100001:21128-001,rail,S-Bahn,S1,S1,21128,Sursee,Baar,3,,2026-10-08 07:51:00+00:00,2026-10-08 07:51:12+00:00,,True,0.2,2026-10-08 08:36:23.227000+02:00,2026-10-08 09:51:00+02:00,2026-10-08 09:51:12+02:00,2026-10-08,9,Thursday,False,74.61288333333333
20261008_063620,2026-10-08 06:36:23.227000+00:00,Luzern,rail,ch:1:sloid:5000,Luzern,ch:1:sloid:5000:3:7,2026-10-08,ch:1:sjyid:100001:668-001,rail,InterCity,IC21,IC21,668,Lugano,Basel SBB,7,,2026-10-08 07:54:00+00:00,2026-10-08 07:54:36+00:00,,True,0.6,2026-10-08 08:36:23.227000+02:00,2026-10-08 09:54:00+02:00,2026-10-08 09:54:36+02:00,2026-10-08,9,Thursday,False,77.61288333333333
20261008_063620,2026-10-08 06:36:23.227000+00:00,Luzern,rail,ch:1:sloid:5000,Luzern,ch:1:sloid:5000:2:4,2026-10-08,ch:1:sjyid:100015:4466-001,rail,RegioExpress,RE7,RE7,4466,Luzern,Wolhusen,4,,2026-10-08 07:57:00+00:00,2026-10-08 07:57:12+00:00,,True,0.2,2026-10-08 08:36:23.227000+02:00,2026-10-08 09:57:00+02:00,2026-10-08 09:57:12+02:00,2026-10-08,9,Thursday,False,80.61288333333333
20261008_063620,2026-10-08 06:36:23.227000+00:00,Luzern,rail,ch:1:sloid:5000,Luzern,ch:1:sloid:5000:7:14,2026-10-08,ch:1:sjyid:100064:21436-001,rail,S-Bahn,S4,S4,21436,Luzern,Stansstad,14,,2026-10-08 07:57:00+00:00,2026-10-08 07:57:12+00:00,,True,0.2,2026-10-08 08:36:23.227000+02:00,2026-10-08 09:57:00+02:00,2026-10-08 09:57:12+02:00,2026-10-08,9,Thursday,False,80.61288333333333
20261008_063620,2026-10-08 06:36:23.227000+00:00,Luzern,rail,ch:1:sloid:5000,Luzern,ch:1:sloid:5000:4:8,2026-10-08,ch:1:sjyid:100001:2516-002,rail,InterRegio,IR15,IR15,2516,Luzern,Genève-Aéroport,8,,2026-10-08 08:00:00+00:00,2026-10-08 08:00:36+00:00,,True,0.6,2026-10-08 08:36:23.227000+02:00,2026-10-08 10:00:00+02:00,2026-10-08 10:00:36+02:00,2026-10-08,10,Thursday,False,83.61288333333333
20261008_063620,2026-10-08 06:36:23.680000+00:00,St. Gallen,rail,ch:1:sloid:6302,St. Gallen,ch:1:sloid:6302:1:1,2026-10-08,ch:1:sjyid:100001:3260-001,rail,InterRegio,IR13,IR13,3260,Sargans,Zürich HB,1,,2026-10-08 06:37:00+00:00,2026-10-08 06:37:30+00:00,,True,0.5,2026-10-08 08:36:23.680000+02:00,2026-10-08 08:37:00+02:00,2026-10-08 08:37:30+02:00,2026-10-08,8,Thursday,False,0.6053333333333334
20261008_063620,2026-10-08 06:36:23.680000+00:00,St. Gallen,rail,ch:1:sloid:6302,St. Gallen,ch:1:sloid:6302:3:5,2026-10-08,ch:1:sjyid:100061:11427-001,rail,S-Bahn,S4,S4,11427,Rapperswil SG,Sargans,5,,2026-10-08 06:38:00+00:00,2026-10-08 06:39:06+00:00,,True,1.1,2026-10-08 08:36:23.680000+02:00,2026-10-08 08:38:00+02:00,2026-10-08 08:39:06+02:00,2026-10-08,8,Thursday,False,1.6053333333333333
20261008_063620,2026-10-08 06:36:23.680000+00:00,St. Gallen,rail,ch:1:sloid:6302,St. Gallen,ch:1:sloid:6302:4:7,2026-10-08,ch:1:sjyid:100046:11528-001,rail,S-Bahn,S5,S5,11528,St. Gallen,Weinfelden,7,,2026-10-08 06:40:00+00:00,2026-10-08 06:40:12+00:00,,True,0.2,2026-10-08 08:36:23.680000+02:00,2026-10-08 08:40:00+02:00,2026-10-08 08:40:12+02:00,2026-10-08,8,Thursday,False,3.6053333333333333
20261008_063620,2026-10-08 06:36:23.680000+00:00,St. Gallen,rail,ch:1:sloid:6302,St. Gallen,ch:1:sloid:6302:3:5,2026-10-08,ch:1:sjyid:100046:5216-001,rail,RegioExpress,RE1,RE1,5216,Konstanz,Herisau,5,,2026-10-08 06:44:00+00:00,2026-10-08 06:45:12+00:00,,True,1.2,2026-10-08 08:36:23.680000+02:00,2026-10-08 08:44:00+02:00,2026-10-08 08:45:12+02:00,2026-10-08,8,Thursday,False,7.605333333333333
20261008_063620,2026-10-08 06:36:23.680000+00:00,St. Gallen,rail,ch:1:sloid:6302,St. Gallen,ch:1:sloid:6302:2:2,2026-10-08,ch:1:sjyid:100046:11128-001,rail,S-Bahn,S1,S1,11128,Schaffhausen,Wil SG,2,,2026-10-08 06:47:00+00:00,2026-10-08 06:47:12+00:00,,True,0.2,2026-10-08 08:36:23.680000+02:00,2026-10-08 08:47:00+02:00,2026-10-08 08:47:12+02:00,2026-10-08,8,Thursday,False,10.605333333333334
20261008_063620,2026-10-08 06:36:23.680000+00:00,St. Gallen,rail,ch:1:sloid:6302,St. Gallen,ch:1:sloid:6302:2:3,2026-10-08,ch:1:sjyid:100046:11129-001,rail,S-Bahn,S1,S1,11129,Wil SG,Schaffhausen,3,,2026-10-08 06:49:00+00:00,2026-10-08 06:50:36+00:00,,True,1.6,2026-10-08 08:36:23.680000+02:00,2026-10-08 08:49:00+02:00,2026-10-08 08:50:36+02:00,2026-10-08,8,Thursday,False,12.605333333333334
20261008_063620,2026-10-08 06:36:23.680000+00:00,St. Gallen,rail,ch:1:sloid:6302,St. Gallen,ch:1:sloid:6302:500:11,2026-10-08,ch:1:sjyid:100007:plan:2085,rail,S-Bahn,S21,S21,2085,Trogen,Appenzell,11,,2026-10-08 06:52:00+00:00,2026-10-08 06:52:00+00:00,,True,0.0,2026-10-08 08:36:23.680000+02:00,2026-10-08 08:52:00+02:00,2026-10-08 08:52:00+02:00,2026-10-08,8,Thursday,False,15.605333333333334
20261008_063620,2026-10-08 06:36:23.680000+00:00,St. Gallen,rail,ch:1:sloid:6302,St. Gallen,ch:1:sloid:6302:3:4,2026-10-08,ch:1:sjyid:100061:2207-001,rail,Alpenrhein-Express,IR13,IR13,2207,St. Gallen,Chur,4,,2026-10-08 06:55:00+00:00,2026-10-08 06:55:12+00:00,,True,0.2,2026-10-08 08:36:23.680000+02:00,2026-10-08 08:55:00+02:00,2026-10-08 08:55:12+02:00,2026-10-08,8,Thursday,False,18.60533333333333
20261008_063620,2026-10-08 06:36:23.680000+00:00,St. Gallen,rail,ch:1:sloid:6302,St. Gallen,ch:1:sloid:6302:500:12,2026-10-08,ch:1:sjyid:100007:plan:2080,rail,S-Bahn,S21,S21,2080,Appenzell,Trogen,12,,2026-10-08 06:56:00+00:00,2026-10-08 06:56:00+00:00,,True,0.0,2026-10-08 08:36:23.680000+02:00,2026-10-08 08:56:00+02:00,2026-10-08 08:56:00+02:00,2026-10-08,8,Thursday,False,19.60533333333333
20261008_063620,2026-10-08 06:36:23.680000+00:00,St. Gallen,rail,ch:1:sloid:6302,St. Gallen,ch:1:sloid:6302:4:6,2026-10-08,ch:1:sjyid:100046:11529-001,rail,S-Bahn,S5,S5,11529,Weinfelden,St. Margrethen SG,6,,2026-10-08 06:57:00+00:00,2026-10-08 06:57:30+00:00,,True,0.5,2026-10-08 08:36:23.680000+02:00,2026-10-08 08:57:00+02:00,2026-10-08 08:57:30+02:00,2026-10-08,8,Thursday,False,20.60533333333333
20261008_063620,2026-10-08 06:36:23.680000+00:00,St. Gallen,rail,ch:1:sloid:6302,St. Gallen,ch:1:sloid:6302:3:5,2026-10-08,ch:1:sjyid:100046:11230-001,rail,S-Bahn,S2,S2,11230,Altstätten SG,Nesslau-Neu St. Johann,5,,2026-10-08 06:57:00+00:00,2026-10-08 06:57:12+00:00,,True,0.2,2026-10-08 08:36:23.680000+02:00,2026-10-08 08:57:00+02:00,2026-10-08 08:57:12+02:00,2026-10-08,8,Thursday,False,20.60533333333333
20261008_063620,2026-10-08 06:36:23.680000+00:00,St. Gallen,rail,ch:1:sloid:6302,St. Gallen,ch:1:sloid:6302:2:2,2026-10-08,ch:1:sjyid:100001:516-001,rail,InterCity,IC5,IC5,516,Rorschach,Lausanne,2,,2026-10-08 06:58:00+00:00,2026-10-08 06:58:30+00:00,,True,0.5,2026-10-08 08:36:23.680000+02:00,2026-10-08 08:58:00+02:00,2026-10-08 08:58:30+02:00,2026-10-08,8,Thursday,False,21.60533333333333
20261008_063620,2026-10-08 06:36:23.680000+00:00,St. Gallen,rail,ch:1:sloid:6302,St. Gallen,ch:1:sloid:6302:2:3,2026-10-08,ch:1:sjyid:100061:2014-001,rail,Voralpen-Express,VAE,VAE,2014,St. Gallen,Luzern,3,,2026-10-08 07:05:00+00:00,2026-10-08 07:05:12+00:00,,True,0.2,2026-10-08 08:36:23.680000+02:00,2026-10-08 09:05:00+02:00,2026-10-08 09:05:12+02:00,2026-10-08,9,Thursday,False,28.60533333333333
20261008_063620,2026-10-08 06:36:23.680000+00:00,St. Gallen,rail,ch:1:sloid:6302,St. Gallen,ch:1:sloid:6302:2:2,2026-10-08,ch:1:sjyid:100001:509-002,rail,InterCity,IC5,IC5,509,Lausanne,Rorschach,2,,2026-10-08 07:05:00+00:00,2026-10-08 07:05:30+00:00,,True,0.5,2026-10-08 08:36:23.680000+02:00,2026-10-08 09:05:00+02:00,2026-10-08 09:05:30+02:00,2026-10-08,9,Thursday,False,28.60533333333333
20261008_063620,2026-10-08 06:36:23.680000+00:00,St. Gallen,rail,ch:1:sloid:6302,St. Gallen,ch:1:sloid:6302:1:1,2026-10-08,ch:1:sjyid:100001:714-001,rail,InterCity,IC1,IC1,714,St. Gallen,Genève-Aéroport,1,,2026-10-08 07:07:00+00:00,2026-10-08 07:07:42+00:00,,True,0.7,2026-10-08 08:36:23.680000+02:00,2026-10-08 09:07:00+02:00,2026-10-08 09:07:42+02:00,2026-10-08,9,Thursday,False,30.60533333333333
20261008_063620,2026-10-08 06:36:23.680000+00:00,St. Gallen,rail,ch:1:sloid:6302,St. Gallen,ch:1:sloid:6302:4:6,2026-10-08,ch:1:sjyid:100046:11231-001,rail,S-Bahn,S2,S2,11231,Nesslau-Neu St. Johann,Altstätten SG,6,,2026-10-08 07:08:00+00:00,2026-10-08 07:08:12+00:00,,True,0.2,2026-10-08 08:36:23.680000+02:00,2026-10-08 09:08:00+02:00,2026-10-08 09:08:12+02:00,2026-10-08,9,Thursday,False,31.60533333333333
20261008_063620,2026-10-08 06:36:23.680000+00:00,St. Gallen,rail,ch:1:sloid:6302,St. Gallen,ch:1:sloid:6302:3:5,2026-10-08,ch:1:sjyid:100046:11530-001,rail,S-Bahn,S5,S5,11530,St. Margrethen SG,Weinfelden,5,,2026-10-08 07:10:00+00:00,2026-10-08 07:10:12+00:00,,True,0.2,2026-10-08 08:36:23.680000+02:00,2026-10-08 09:10:00+02:00,2026-10-08 09:10:12+02:00,2026-10-08,9,Thursday,False,33.605333333333334
20261008_063620,2026-10-08 06:36:23.680000+00:00,St. Gallen,rail,ch:1:sloid:6302,St. Gallen,ch:1:sloid:6302:3:4,2026-10-08,ch:1:sjyid:100061:12116-001,rail,S-Bahn,S81,S81,12116,St. Gallen,Herisau,4,,2026-10-08 07:14:00+00:00,2026-10-08 07:14:42+00:00,,True,0.7,2026-10-08 08:36:23.680000+02:00,2026-10-08 09:14:00+02:00,2026-10-08 09:14:42+02:00,2026-10-08,9,Thursday,False,37.605333333333334
20261008_063620,2026-10-08 06:36:23.680000+00:00,St. Gallen,rail,ch:1:sloid:6302,St. Gallen,ch:1:sloid:6302:3:5,2026-10-08,ch:1:sjyid:100046:5217-001,rail,RegioExpress,RE1,RE1,5217,Herisau,Konstanz,5,,2026-10-08 07:15:00+00:00,2026-10-08 07:15:48+00:00,,True,0.8,2026-10-08 08:36:23.680000+02:00,2026-10-08 09:15:00+02:00,2026-10-08 09:15:48+02:00,2026-10-08,9,Thursday,False,38.605333333333334
20261008_063620,2026-10-08 06:36:23.680000+00:00,St. Gallen,rail,ch:1:sloid:6302,St. Gallen,ch:1:sloid:6302:2:2,2026-10-08,ch:1:sjyid:100046:11130-001,rail,S-Bahn,S1,S1,11130,Schaffhausen,Wil SG,2,,2026-10-08 07:17:00+00:00,2026-10-08 07:17:12+00:00,,True,0.2,2026-10-08 08:36:23.680000+02:00,2026-10-08 09:17:00+02:00,2026-10-08 09:17:12+02:00,2026-10-08,9,Thursday,False,40.605333333333334
20261008_063620,2026-10-08 06:36:23.680000+00:00,St. Gallen,rail,ch:1:sloid:6302,St. Gallen,ch:1:sloid:6302:2:3,2026-10-08,ch:1:sjyid:100046:11131-001,rail,S-Bahn,S1,S1,11131,Wil SG,Schaffhausen,3,,2026-10-08 07:19:00+00:00,2026-10-08 07:20:42+00:00,,True,1.7,2026-10-08 08:36:23.680000+02:00,2026-10-08 09:19:00+02:00,2026-10-08 09:20:42+02:00,2026-10-08,9,Thursday,False,42.605333333333334
20261008_063620,2026-10-08 06:36:23.680000+00:00,St. Gallen,rail,ch:1:sloid:6302,St. Gallen,ch:1:sloid:6302:500:11,2026-10-08,ch:1:sjyid:100007:plan:2089,rail,S-Bahn,S21,S21,2089,Trogen,Appenzell,11,,2026-10-08 07:22:00+00:00,2026-10-08 07:22:00+00:00,,True,0.0,2026-10-08 08:36:23.680000+02:00,2026-10-08 09:22:00+02:00,2026-10-08 09:22:00+02:00,2026-10-08,9,Thursday,False,45.605333333333334
20261008_063620,2026-10-08 06:36:23.680000+00:00,St. Gallen,rail,ch:1:sloid:6302,St. Gallen,ch:1:sloid:6302:2:2,2026-10-08,ch:1:sjyid:100001:3259-001,rail,InterRegio,IR13,IR13,3259,Zürich HB,Sargans,2,,2026-10-08 07:25:00+00:00,2026-10-08 07:25:18+00:00,,True,0.3,2026-10-08 08:36:23.680000+02:00,2026-10-08 09:25:00+02:00,2026-10-08 09:25:18+02:00,2026-10-08,9,Thursday,False,48.605333333333334
20261008_063620,2026-10-08 06:36:23.680000+00:00,St. Gallen,rail,ch:1:sloid:6302,St. Gallen,ch:1:sloid:6302:500:12,2026-10-08,ch:1:sjyid:100007:plan:2086,rail,S-Bahn,S21,S21,2086,Appenzell,Trogen,12,,2026-10-08 07:26:00+00:00,2026-10-08 07:26:00+00:00,,True,0.0,2026-10-08 08:36:23.680000+02:00,2026-10-08 09:26:00+02:00,2026-10-08 09:26:00+02:00,2026-10-08,9,Thursday,False,49.605333333333334
20261008_063620,2026-10-08 06:36:23.680000+00:00,St. Gallen,rail,ch:1:sloid:6302,St. Gallen,ch:1:sloid:6302:3:5,2026-10-08,ch:1:sjyid:100061:11432-001,rail,S-Bahn,S4,S4,11432,Sargans,Rapperswil SG,5,,2026-10-08 07:27:00+00:00,2026-10-08 07:27:12+00:00,,True,0.2,2026-10-08 08:36:23.680000+02:00,2026-10-08 09:27:00+02:00,2026-10-08 09:27:12+02:00,2026-10-08,9,Thursday,False,50.605333333333334
20261008_063620,2026-10-08 06:36:23.680000+00:00,St. Gallen,rail,ch:1:sloid:6302,St. Gallen,ch:1:sloid:6302:1:1,2026-10-08,ch:1:sjyid:100001:198-001,rail,EuroCity,EC,EC,198,Bregenz,Zürich HB,1,,2026-10-08 07:29:00+00:00,2026-10-08 07:30:36+00:00,,True,1.6,2026-10-08 08:36:23.680000+02:00,2026-10-08 09:29:00+02:00,2026-10-08 09:30:36+02:00,2026-10-08,9,Thursday,False,52.605333333333334
20261008_063620,2026-10-08 06:36:23.680000+00:00,St. Gallen,rail,ch:1:sloid:6302,St. Gallen,ch:1:sloid:6302:4:6,2026-10-08,ch:1:sjyid:100046:12169-001,rail,S-Bahn,S82,S82,12169,St. Gallen,Wittenbach,6,,2026-10-08 07:36:00+00:00,2026-10-08 07:36:12+00:00,,True,0.2,2026-10-08 08:36:23.680000+02:00,2026-10-08 09:36:00+02:00,2026-10-08 09:36:12+02:00,2026-10-08,9,Thursday,False,59.605333333333334
20261008_063620,2026-10-08 06:36:23.680000+00:00,St. Gallen,rail,ch:1:sloid:6302,St. Gallen,ch:1:sloid:6302:1:1,2026-10-08,ch:1:sjyid:100001:3262-001,rail,InterRegio,IR13,IR13,3262,Sargans,Luzern,1,,2026-10-08 07:37:00+00:00,2026-10-08 07:37:30+00:00,,True,0.5,2026-10-08 08:36:23.680000+02:00,2026-10-08 09:37:00+02:00,2026-10-08 09:37:30+02:00,2026-10-08,9,Thursday,False,60.605333333333334
20261008_063620,2026-10-08 06:36:23.680000+00:00,St. Gallen,rail,ch:1:sloid:6302,St. Gallen,ch:1:sloid:6302:3:5,2026-10-08,ch:1:sjyid:100061:11431-001,rail,S-Bahn,S4,S4,11431,Rapperswil SG,Sargans,5,,2026-10-08 07:38:00+00:00,2026-10-08 07:39:06+00:00,,True,1.1,2026-10-08 08:36:23.680000+02:00,2026-10-08 09:38:00+02:00,2026-10-08 09:39:06+02:00,2026-10-08,9,Thursday,False,61.605333333333334
20261008_063620,2026-10-08 06:36:23.680000+00:00,St. Gallen,rail,ch:1:sloid:6302,St. Gallen,ch:1:sloid:6302:4:7,2026-10-08,ch:1:sjyid:100046:11532-001,rail,S-Bahn,S5,S5,11532,St. Gallen,Weinfelden,7,,2026-10-08 07:40:00+00:00,2026-10-08 07:40:12+00:00,,True,0.2,2026-10-08 08:36:23.680000+02:00,2026-10-08 09:40:00+02:00,2026-10-08 09:40:12+02:00,2026-10-08,9,Thursday,False,63.605333333333334
20261008_063620,2026-10-08 06:36:24.126000+00:00,Lausanne,rail,ch:1:sloid:1120,Lausanne,ch:1:sloid:1120:0:638488,2026-10-08,ch:1:sjyid:100001:24214-001,rail,Regio,R2,R2,24214,Bex,Grandson,8,,2026-10-08 06:38:00+00:00,2026-10-08 06:38:12+00:00,,True,0.2,2026-10-08 08:36:24.126000+02:00,2026-10-08 08:38:00+02:00,2026-10-08 08:38:12+02:00,2026-10-08,8,Thursday,False,1.5978999999999999
20261008_063620,2026-10-08 06:36:24.126000+00:00,Lausanne,rail,ch:1:sloid:1120,Lausanne,ch:1:sloid:1120:0:668579,2026-10-08,ch:1:sjyid:100001:2513-001,rail,InterRegio,IR15,IR15,2513,Genève-Aéroport,Luzern,1,,2026-10-08 06:40:00+00:00,2026-10-08 06:40:30+00:00,,True,0.5,2026-10-08 08:36:24.126000+02:00,2026-10-08 08:40:00+02:00,2026-10-08 08:40:30+02:00,2026-10-08,8,Thursday,False,3.5979
20261008_063620,2026-10-08 06:36:24.126000+00:00,Lausanne,rail,ch:1:sloid:1120,Lausanne,ch:1:sloid:1120:0:860143,2026-10-08,ch:1:sjyid:100001:706-001,rail,InterCity,IC1,IC1,706,St. Gallen,Genève-Aéroport,4,,2026-10-08 06:46:00+00:00,2026-10-08 06:46:30+00:00,,True,0.5,2026-10-08 08:36:24.126000+02:00,2026-10-08 08:46:00+02:00,2026-10-08 08:46:30+02:00,2026-10-08,8,Thursday,False,9.597900000000001
20261008_063620,2026-10-08 06:36:24.126000+00:00,Lausanne,rail,ch:1:sloid:1120,Lausanne,ch:1:sloid:1120:0:276884,2026-10-08,ch:1:sjyid:100001:1811-001,rail,InterRegio,IR90,IR90,1811,Genève-Aéroport,Brig,3,,2026-10-08 06:48:00+00:00,2026-10-08 06:48:30+00:00,,True,0.5,2026-10-08 08:36:24.126000+02:00,2026-10-08 08:48:00+02:00,2026-10-08 08:48:30+02:00,2026-10-08,8,Thursday,False,11.597900000000001
20261008_063620,2026-10-08 06:36:24.126000+00:00,Lausanne,rail,ch:1:sloid:1120,Lausanne,ch:1:sloid:1120:0:638488,2026-10-08,ch:1:sjyid:100001:1708-001,rail,InterRegio,IR95,IR95,1708,Brig,Genève-Aéroport,8,,2026-10-08 06:49:00+00:00,2026-10-08 06:49:30+00:00,,True,0.5,2026-10-08 08:36:24.126000+02:00,2026-10-08 08:49:00+02:00,2026-10-08 08:49:30+02:00,2026-10-08,8,Thursday,False,12.597900000000001
20261008_063620,2026-10-08 06:36:24.126000+00:00,Lausanne,rail,ch:1:sloid:1120,Lausanne,ch:1:sloid:1120:0:20298,2026-10-08,ch:1:sjyid:100001:24525-001,rail,S-Bahn,S41,S41,24525,Lausanne,Fribourg/Freiburg,70,,2026-10-08 06:49:00+00:00,2026-10-08 06:49:12+00:00,,True,0.2,2026-10-08 08:36:24.126000+02:00,2026-10-08 08:49:00+02:00,2026-10-08 08:49:12+02:00,2026-10-08,8,Thursday,False,12.597900000000001
20261008_063620,2026-10-08 06:36:24.126000+00:00,Lausanne,rail,ch:1:sloid:1120,Lausanne,ch:1:sloid:1120:0:37997,2026-10-08,ch:1:sjyid:100001:24125-001,rail,Regio,R1,R1,24125,Grandson,Bex,6,,2026-10-08 06:55:00+00:00,2026-10-08 06:55:12+00:00,,True,0.2,2026-10-08 08:36:24.126000+02:00,2026-10-08 08:55:00+02:00,2026-10-08 08:55:12+02:00,2026-10-08,8,Thursday,False,18.5979
20261008_063620,2026-10-08 06:36:24.126000+00:00,Lausanne,rail,ch:1:sloid:1120,Lausanne,ch:1:sloid:1120:0:668579,2026-10-08,ch:1:sjyid:100001:24925-001,rail,Regio,R9,R9,24925,Allaman,Murten/Morat,1,,2026-10-08 06:57:00+00:00,2026-10-08 06:58:00+00:00,,True,1.0,2026-10-08 08:36:24.126000+02:00,2026-10-08 08:57:00+02:00,2026-10-08 08:58:00+02:00,2026-10-08,8,Thursday,False,20.5979
20261008_063620,2026-10-08 06:36:24.126000+00:00,Lausanne,rail,ch:1:sloid:1120,Lausanne,ch:1:sloid:1120:0:840061,2026-10-08,ch:1:sjyid:100001:24316-001,rail,Regio,R3,R3,24316,Vevey,Vallorbe,7,,2026-10-08 06:57:00+00:00,2026-10-08 06:57:12+00:00,,True,0.2,2026-10-08 08:36:24.126000+02:00,2026-10-08 08:57:00+02:00,2026-10-08 08:57:12+02:00,2026-10-08,8,Thursday,False,20.5979
20261008_063620,2026-10-08 06:36:24.126000+00:00,Lausanne,rail,ch:1:sloid:1120,Lausanne,ch:1:sloid:1120:0:638488,2026-10-08,ch:1:sjyid:100001:18412-001,rail,RegioExpress,RE33,RE33,18412,St-Maurice,Annemasse,8,,2026-10-08 07:00:00+00:00,,,False,,2026-10-08 08:36:24.126000+02:00,2026-10-08 09:00:00+02:00,,2026-10-08,9,Thursday,False,23.5979
20261008_063620,2026-10-08 06:36:24.126000+00:00,Lausanne,rail,ch:1:sloid:1120,Lausanne,ch:1:sloid:1120:0:860143,2026-10-08,ch:1:sjyid:100001:18409-001,rail,RegioExpress,RE33,RE33,18409,Annemasse,St-Maurice,4,,2026-10-08 07:01:00+00:00,2026-10-08 07:01:54+00:00,,True,0.9,2026-10-08 08:36:24.126000+02:00,2026-10-08 09:01:00+02:00,2026-10-08 09:01:54+02:00,2026-10-08,9,Thursday,False,24.5979
20261008_063620,2026-10-08 06:36:24.126000+00:00,Lausanne,rail,ch:1:sloid:1120,Lausanne,ch:1:sloid:1120:0:840061,2026-10-08,ch:1:sjyid:100001:24916-001,rail,Regio,R9,R9,24916,Murten/Morat,Allaman,7,,2026-10-08 07:04:00+00:00,2026-10-08 07:04:12+00:00,,True,0.2,2026-10-08 08:36:24.126000+02:00,2026-10-08 09:04:00+02:00,2026-10-08 09:04:12+02:00,2026-10-08,9,Thursday,False,27.5979
20261008_063620,2026-10-08 06:36:24.126000+00:00,Lausanne,rail,ch:1:sloid:1120,Lausanne,ch:1:sloid:1120:0:276884,2026-10-08,ch:1:sjyid:100001:1615-001,rail,InterCity,IC51,IC51,1615,Lausanne,Basel SBB,3,,2026-10-08 07:04:00+00:00,2026-10-08 07:04:30+00:00,,True,0.5,2026-10-08 08:36:24.126000+02:00,2026-10-08 09:04:00+02:00,2026-10-08 09:04:30+02:00,2026-10-08,9,Thursday,False,27.5979
20261008_063620,2026-10-08 06:36:24.126000+00:00,Lausanne,rail,ch:1:sloid:1120,Lausanne,ch:1:sloid:1120:0:37997,2026-10-08,ch:1:sjyid:100001:24325-001,rail,Regio,R3,R3,24325,Vallorbe,Vevey,6,,2026-10-08 07:04:00+00:00,2026-10-08 07:04:18+00:00,,True,0.3,2026-10-08 08:36:24.126000+02:00,2026-10-08 09:04:00+02:00,2026-10-08 09:04:18+02:00,2026-10-08,9,Thursday,False,27.5979
20261008_063620,2026-10-08 06:36:24.126000+00:00,Lausanne,rail,ch:1:sloid:1120,Lausanne,ch:1:sloid:1120:0:42631,2026-10-08,ch:1:sjyid:100001:24116-001,rail,Regio,R1,R1,24116,Bex,Grandson,5,,2026-10-08 07:08:00+00:00,2026-10-08 07:08:12+00:00,,True,0.2,2026-10-08 08:36:24.126000+02:00,2026-10-08 09:08:00+02:00,2026-10-08 09:08:12+02:00,2026-10-08,9,Thursday,False,31.5979
20261008_063620,2026-10-08 06:36:24.126000+00:00,Lausanne,rail,ch:1:sloid:1120,Lausanne,ch:1:sloid:1120:0:276884,2026-10-08,ch:1:sjyid:100001:1713-001,rail,InterRegio,IR95,IR95,1713,Genève-Aéroport,Brig,3,,2026-10-08 07:14:00+00:00,2026-10-08 07:14:30+00:00,,True,0.5,2026-10-08 08:36:24.126000+02:00,2026-10-08 09:14:00+02:00,2026-10-08 09:14:30+02:00,2026-10-08,9,Thursday,False,37.597899999999996
20261008_063620,2026-10-08 06:36:24.126000+00:00,Lausanne,rail,ch:1:sloid:1120,Lausanne,ch:1:sloid:1120:0:638488,2026-10-08,ch:1:sjyid:100001:1810-001,rail,InterRegio,IR90,IR90,1810,Brig,Genève-Aéroport,8,,2026-10-08 07:16:00+00:00,2026-10-08 07:16:30+00:00,,True,0.5,2026-10-08 08:36:24.126000+02:00,2026-10-08 09:16:00+02:00,2026-10-08 09:16:30+02:00,2026-10-08,9,Thursday,False,39.597899999999996
20261008_063620,2026-10-08 06:36:24.126000+00:00,Lausanne,rail,ch:1:sloid:1120,Lausanne,ch:1:sloid:1120:0:668579,2026-10-08,ch:1:sjyid:100001:713-001,rail,InterCity,IC1,IC1,713,Genève-Aéroport,St. Gallen,1,,2026-10-08 07:17:00+00:00,2026-10-08 07:17:30+00:00,,True,0.5,2026-10-08 08:36:24.126000+02:00,2026-10-08 09:17:00+02:00,2026-10-08 09:17:30+02:00,2026-10-08,9,Thursday,False,40.597899999999996
20261008_063620,2026-10-08 06:36:24.126000+00:00,Lausanne,rail,ch:1:sloid:1120,Lausanne,ch:1:sloid:1120:0:20298,2026-10-08,ch:1:sjyid:100001:24627-001,rail,S-Bahn,S40,S40,24627,Lausanne,Fribourg/Freiburg,70,,2026-10-08 07:21:00+00:00,2026-10-08 07:21:12+00:00,,True,0.2,2026-10-08 08:36:24.126000+02:00,2026-10-08 09:21:00+02:00,2026-10-08 09:21:12+02:00,2026-10-08,9,Thursday,False,44.597899999999996
20261008_063620,2026-10-08 06:36:24.126000+00:00,Lausanne,rail,ch:1:sloid:1120,Lausanne,ch:1:sloid:1120:0:42631,2026-10-08,ch:1:sjyid:100001:2510-002,rail,InterRegio,IR15,IR15,2510,Luzern,Genève-Aéroport,5,,2026-10-08 07:23:00+00:00,2026-10-08 07:23:30+00:00,,True,0.5,2026-10-08 08:36:24.126000+02:00,2026-10-08 09:23:00+02:00,2026-10-08 09:23:30+02:00,2026-10-08,9,Thursday,False,46.597899999999996
20261008_063620,2026-10-08 06:36:24.126000+00:00,Lausanne,rail,ch:1:sloid:1120,Lausanne,ch:1:sloid:1120:0:276884,2026-10-08,ch:1:sjyid:100001:24227-001,rail,Regio,R2,R2,24227,Grandson,Bex,3,,2026-10-08 07:24:00+00:00,2026-10-08 07:24:30+00:00,,True,0.5,2026-10-08 08:36:24.126000+02:00,2026-10-08 09:24:00+02:00,2026-10-08 09:24:30+02:00,2026-10-08,9,Thursday,False,47.597899999999996
20261008_063620,2026-10-08 06:36:24.126000+00:00,Lausanne,rail,ch:1:sloid:1120,Lausanne,ch:1:sloid:1120:0:638488,2026-10-08,ch:1:sjyid:100001:24418-001,rail,Regio,R4,R4,24418,Vevey,Vallorbe/Le Brassus,8,,2026-10-08 07:27:00+00:00,2026-10-08 07:27:12+00:00,,True,0.2,2026-10-08 08:36:24.126000+02:00,2026-10-08 09:27:00+02:00,2026-10-08 09:27:12+02:00,2026-10-08,9,Thursday,False,50.597899999999996
20261008_063620,2026-10-08 06:36:24.126000+00:00,Lausanne,rail,ch:1:sloid:1120,Lausanne,ch:1:sloid:1120:0:668579,2026-10-08,ch:1:sjyid:100001:24827-001,rail,Regio,R8,R8,24827,Allaman,Payerne,1,,2026-10-08 07:28:00+00:00,2026-10-08 07:28:12+00:00,,True,0.2,2026-10-08 08:36:24.126000+02:00,2026-10-08 09:28:00+02:00,2026-10-08 09:28:12+02:00,2026-10-08,9,Thursday,False,51.597899999999996
20261008_063620,2026-10-08 06:36:24.126000+00:00,Lausanne,rail,ch:1:sloid:1120,Lausanne,ch:1:sloid:1120:0:840061,2026-10-08,ch:1:sjyid:100001:18458-001,rail,RegioExpress,RE33,RE33,18458,Martigny,Annemasse,7,,2026-10-08 07:30:00+00:00,,,False,,2026-10-08 08:36:24.126000+02:00,2026-10-08 09:30:00+02:00,,2026-10-08,9,Thursday,False,53.597899999999996
20261008_063620,2026-10-08 06:36:24.126000+00:00,Lausanne,rail,ch:1:sloid:1120,Lausanne,ch:1:sloid:1120:0:37997,2026-10-08,ch:1:sjyid:100001:18463-001,rail,RegioExpress,RE33,RE33,18463,Annemasse,Martigny,6,,2026-10-08 07:31:00+00:00,2026-10-08 07:31:54+00:00,,True,0.9,2026-10-08 08:36:24.126000+02:00,2026-10-08 09:31:00+02:00,2026-10-08 09:31:54+02:00,2026-10-08,9,Thursday,False,54.597899999999996
20261008_063620,2026-10-08 06:36:24.126000+00:00,Lausanne,rail,ch:1:sloid:1120,Lausanne,ch:1:sloid:1120:0:860143,2026-10-08,ch:1:sjyid:100001:517-001,rail,InterCity,IC5,IC5,517,Lausanne,Rorschach,4,,2026-10-08 07:34:00+00:00,2026-10-08 07:34:30+00:00,,True,0.5,2026-10-08 08:36:24.126000+02:00,2026-10-08 09:34:00+02:00,2026-10-08 09:34:30+02:00,2026-10-08,9,Thursday,False,57.597899999999996
20261008_063620,2026-10-08 06:36:24.126000+00:00,Lausanne,rail,ch:1:sloid:1120,Lausanne,ch:1:sloid:1120:0:42631,2026-10-08,ch:1:sjyid:100001:24818-001,rail,Regio,R8,R8,24818,Payerne,Allaman,5,,2026-10-08 07:34:00+00:00,2026-10-08 07:34:12+00:00,,True,0.2,2026-10-08 08:36:24.126000+02:00,2026-10-08 09:34:00+02:00,2026-10-08 09:34:12+02:00,2026-10-08,9,Thursday,False,57.597899999999996
20261008_063620,2026-10-08 06:36:24.126000+00:00,Lausanne,rail,ch:1:sloid:1120,Lausanne,ch:1:sloid:1120:0:276884,2026-10-08,ch:1:sjyid:100001:24427-001,rail,Regio,R4,R4,24427,Le Day,Vevey,3,,2026-10-08 07:34:00+00:00,2026-10-08 07:34:12+00:00,,True,0.2,2026-10-08 08:36:24.126000+02:00,2026-10-08 09:34:00+02:00,2026-10-08 09:34:12+02:00,2026-10-08,9,Thursday,False,57.597899999999996
20261008_063620,2026-10-08 06:36:24.126000+00:00,Lausanne,rail,ch:1:sloid:1120,Lausanne,ch:1:sloid:1120:0:638488,2026-10-08,ch:1:sjyid:100001:24218-002,rail,Regio,R2,R2,24218,St-Maurice,Grandson,8,,2026-10-08 07:38:00+00:00,2026-10-08 07:38:12+00:00,,True,0.2,2026-10-08 08:36:24.126000+02:00,2026-10-08 09:38:00+02:00,2026-10-08 09:38:12+02:00,2026-10-08,9,Thursday,False,61.597899999999996
20261008_063620,2026-10-08 06:36:24.126000+00:00,Lausanne,rail,ch:1:sloid:1120,Lausanne,ch:1:sloid:1120:0:668579,2026-10-08,ch:1:sjyid:100001:2515-001,rail,InterRegio,IR15,IR15,2515,Genève-Aéroport,Luzern,1,,2026-10-08 07:40:00+00:00,2026-10-08 07:40:30+00:00,,True,0.5,2026-10-08 08:36:24.126000+02:00,2026-10-08 09:40:00+02:00,2026-10-08 09:40:30+02:00,2026-10-08,9,Thursday,False,63.597899999999996
20261008_063620,2026-10-08 06:36:24.577000+00:00,Genève,rail,ch:1:sloid:1008,Genève,ch:1:sloid:1008:1:1,2026-10-08,ch:1:sjyid:100001:23357-001,rail,Regio,RL1,RL1,23357,Annemasse,Coppet,1,,2026-10-08 06:30:00+00:00,2026-10-08 06:37:06+00:00,,True,7.1,2026-10-08 08:36:24.577000+02:00,2026-10-08 08:30:00+02:00,2026-10-08 08:37:06+02:00,2026-10-08,8,Thursday,False,-6.4096166666666665
20261008_063620,2026-10-08 06:36:24.577000+00:00,Genève,rail,ch:1:sloid:1008,Genève,ch:1:sloid:1008:2:2,2026-10-08,ch:1:sjyid:100001:23458-001,rail,Regio,RL3,RL3,23458,Coppet,Annemasse,2,,2026-10-08 06:31:00+00:00,2026-10-08 06:39:18+00:00,,True,8.3,2026-10-08 08:36:24.577000+02:00,2026-10-08 08:31:00+02:00,2026-10-08 08:39:18+02:00,2026-10-08,8,Thursday,False,-5.4096166666666665
20261008_063620,2026-10-08 06:36:24.577000+00:00,Genève,rail,ch:1:sloid:1008,Genève,ch:1:sloid:1008:2:3,2026-10-08,ch:1:sjyid:100001:18463-001,rail,RegioExpress,RE33,RE33,18463,Annemasse,Martigny,3,,2026-10-08 06:38:00+00:00,2026-10-08 06:38:12+00:00,,True,0.2,2026-10-08 08:36:24.577000+02:00,2026-10-08 08:38:00+02:00,2026-10-08 08:38:12+02:00,2026-10-08,8,Thursday,False,1.5903833333333333
20261008_063620,2026-10-08 06:36:24.577000+00:00,Genève,rail,ch:1:sloid:1008,Genève,ch:1:sloid:1008:2:2,2026-10-08,ch:1:sjyid:100001:1706-001,rail,InterRegio,IR95,IR95,1706,Brig,Genève-Aéroport,2,,2026-10-08 06:38:00+00:00,2026-10-08 06:44:30+00:00,,True,6.5,2026-10-08 08:36:24.577000+02:00,2026-10-08 08:38:00+02:00,2026-10-08 08:44:30+02:00,2026-10-08,8,Thursday,False,1.5903833333333333
20261008_063620,2026-10-08 06:36:24.577000+00:00,Genève,rail,ch:1:sloid:1008,Genève,ch:1:sloid:1008:1:1,2026-10-08,ch:1:sjyid:100001:23227-001,rail,Regio,RL4,RL4,23227,Annemasse,Coppet,1,,2026-10-08 06:45:00+00:00,2026-10-08 06:47:48+00:00,,True,2.8,2026-10-08 08:36:24.577000+02:00,2026-10-08 08:45:00+02:00,2026-10-08 08:47:48+02:00,2026-10-08,8,Thursday,False,8.590383333333333
20261008_063620,2026-10-08 06:36:24.577000+00:00,Genève,rail,ch:1:sloid:1008,Genève,ch:1:sloid:1008:2:2,2026-10-08,ch:1:sjyid:100001:23416-001,rail,Regio,RL2,RL2,23416,Coppet,Annemasse,2,,2026-10-08 06:46:00+00:00,2026-10-08 06:47:36+00:00,,True,1.6,2026-10-08 08:36:24.577000+02:00,2026-10-08 08:46:00+02:00,2026-10-08 08:47:36+02:00,2026-10-08,8,Thursday,False,9.590383333333333
20261008_063620,2026-10-08 06:36:24.577000+00:00,Genève,rail,ch:1:sloid:1008,Genève,ch:1:sloid:1008:3:6,2026-10-08,ch:1:sjyid:100001:23028-002,rail,Regio,RL5,RL5,23028,Genève,La Plaine,5,,2026-10-08 06:48:00+00:00,2026-10-08 06:48:12+00:00,,True,0.2,2026-10-08 08:36:24.577000+02:00,2026-10-08 08:48:00+02:00,2026-10-08 08:48:12+02:00,2026-10-08,8,Thursday,False,11.590383333333333
20261008_063620,2026-10-08 06:36:24.577000+00:00,Genève,rail,ch:1:sloid:1008,Genève,ch:1:sloid:1008:2:3,2026-10-08,ch:1:sjyid:100001:1656-002,rail,InterRegio,IR57,IR57,1656,Neuchâtel,Genève-Aéroport,3,,2026-10-08 06:48:00+00:00,2026-10-08 06:49:06+00:00,,True,1.1,2026-10-08 08:36:24.577000+02:00,2026-10-08 08:48:00+02:00,2026-10-08 08:49:06+02:00,2026-10-08,8,Thursday,False,11.590383333333333
20261008_063620,2026-10-08 06:36:24.577000+00:00,Genève,rail,ch:1:sloid:1008,Genève,ch:1:sloid:1008:2:2,2026-10-08,ch:1:sjyid:100001:18410-001,rail,RegioExpress,RE33,RE33,18410,St-Maurice,Annemasse,2,,2026-10-08 06:53:00+00:00,,,False,,2026-10-08 08:36:24.577000+02:00,2026-10-08 08:53:00+02:00,,2026-10-08,8,Thursday,False,16.59038333333333
20261008_063620,2026-10-08 06:36:24.577000+00:00,Genève,rail,ch:1:sloid:1008,Genève,ch:1:sloid:1008:3:4,2026-10-08,ch:1:sjyid:100001:2515-001,rail,InterRegio,IR15,IR15,2515,Genève-Aéroport,Luzern,4,,2026-10-08 06:54:00+00:00,2026-10-08 06:54:30+00:00,,True,0.5,2026-10-08 08:36:24.577000+02:00,2026-10-08 08:54:00+02:00,2026-10-08 08:54:30+02:00,2026-10-08,8,Thursday,False,17.59038333333333
20261008_063620,2026-10-08 06:36:24.577000+00:00,Genève,rail,ch:1:sloid:1008,Genève,ch:1:sloid:1008:2:3,2026-10-08,ch:1:sjyid:100001:1808-001,rail,InterRegio,IR90,IR90,1808,Brig,Genève-Aéroport,3,,2026-10-08 06:58:00+00:00,2026-10-08 06:58:48+00:00,,True,0.8,2026-10-08 08:36:24.577000+02:00,2026-10-08 08:58:00+02:00,2026-10-08 08:58:48+02:00,2026-10-08,8,Thursday,False,21.59038333333333
20261008_063620,2026-10-08 06:36:24.577000+00:00,Genève,rail,ch:1:sloid:1008,Genève,ch:1:sloid:1008:1:1,2026-10-08,ch:1:sjyid:100001:23379-001,rail,Regio,RL1,RL1,23379,Annemasse,Coppet,1,,2026-10-08 07:00:00+00:00,2026-10-08 07:01:36+00:00,,True,1.6,2026-10-08 08:36:24.577000+02:00,2026-10-08 09:00:00+02:00,2026-10-08 09:01:36+02:00,2026-10-08,9,Thursday,False,23.59038333333333
20261008_063620,2026-10-08 06:36:24.577000+00:00,Genève,rail,ch:1:sloid:1008,Genève,ch:1:sloid:1008:2:2,2026-10-08,ch:1:sjyid:100001:23130-001,rail,Regio,RL4,RL4,23130,Coppet,Annemasse,2,,2026-10-08 07:01:00+00:00,2026-10-08 07:01:42+00:00,,True,0.7,2026-10-08 08:36:24.577000+02:00,2026-10-08 09:01:00+02:00,2026-10-08 09:01:42+02:00,2026-10-08,9,Thursday,False,24.59038333333333
20261008_063620,2026-10-08 06:36:24.577000+00:00,Genève,rail,ch:1:sloid:1008,Genève,ch:1:sloid:1008:3:6,2026-10-08,ch:1:sjyid:100001:1813-001,rail,InterRegio,IR90,IR90,1813,Genève-Aéroport,Brig,5,,2026-10-08 07:05:00+00:00,2026-10-08 07:05:30+00:00,,True,0.5,2026-10-08 08:36:24.577000+02:00,2026-10-08 09:05:00+02:00,2026-10-08 09:05:30+02:00,2026-10-08,9,Thursday,False,28.59038333333333
20261008_063620,2026-10-08 06:36:24.577000+00:00,Genève,rail,ch:1:sloid:1008,Genève,ch:1:sloid:1008:2:2,2026-10-08,ch:1:sjyid:100001:18411-001,rail,RegioExpress,RE33,RE33,18411,Annemasse,St-Maurice,2,,2026-10-08 07:08:00+00:00,2026-10-08 07:08:12+00:00,,True,0.2,2026-10-08 08:36:24.577000+02:00,2026-10-08 09:08:00+02:00,2026-10-08 09:08:12+02:00,2026-10-08,9,Thursday,False,31.59038333333333
20261008_063620,2026-10-08 06:36:24.577000+00:00,Genève,rail,ch:1:sloid:1008,Genève,ch:1:sloid:1008:2:3,2026-10-08,ch:1:sjyid:100001:2508-002,rail,InterRegio,IR15,IR15,2508,Luzern,Genève-Aéroport,3,,2026-10-08 07:08:00+00:00,2026-10-08 07:08:30+00:00,,True,0.5,2026-10-08 08:36:24.577000+02:00,2026-10-08 09:08:00+02:00,2026-10-08 09:08:30+02:00,2026-10-08,9,Thursday,False,31.59038333333333
20261008_063620,2026-10-08 06:36:24.577000+00:00,Genève,rail,ch:1:sloid:1008,Genève,ch:1:sloid:1008:1:1,2026-10-08,ch:1:sjyid:100001:23415-001,rail,Regio,RL2,RL2,23415,Annemasse,Coppet,1,,2026-10-08 07:15:00+00:00,2026-10-08 07:15:12+00:00,,True,0.2,2026-10-08 08:36:24.577000+02:00,2026-10-08 09:15:00+02:00,2026-10-08 09:15:12+02:00,2026-10-08,9,Thursday,False,38.59038333333333
20261008_063620,2026-10-08 06:36:24.577000+00:00,Genève,rail,ch:1:sloid:1008,Genève,ch:1:sloid:1008:2:2,2026-10-08,ch:1:sjyid:100001:23230-001,rail,Regio,RL4,RL4,23230,Coppet,Annemasse,2,,2026-10-08 07:16:00+00:00,2026-10-08 07:16:42+00:00,,True,0.7,2026-10-08 08:36:24.577000+02:00,2026-10-08 09:16:00+02:00,2026-10-08 09:16:42+02:00,2026-10-08,9,Thursday,False,39.59038333333333
20261008_063620,2026-10-08 06:36:24.577000+00:00,Genève,rail,ch:1:sloid:1008,Genève,ch:1:sloid:1008:3:5,2026-10-08,ch:1:sjyid:100001:23030-002,rail,Regio,RL5,RL5,23030,Genève,La Plaine,10,,2026-10-08 07:18:00+00:00,2026-10-08 07:18:12+00:00,,True,0.2,2026-10-08 08:36:24.577000+02:00,2026-10-08 09:18:00+02:00,2026-10-08 09:18:12+02:00,2026-10-08,9,Thursday,False,41.59038333333333
20261008_063620,2026-10-08 06:36:24.577000+00:00,Genève,rail,ch:1:sloid:1008,Genève,ch:1:sloid:1008:2:2,2026-10-08,ch:1:sjyid:100001:18456-001,rail,RegioExpress,RE33,RE33,18456,Martigny,Annemasse,2,,2026-10-08 07:23:00+00:00,,,False,,2026-10-08 08:36:24.577000+02:00,2026-10-08 09:23:00+02:00,,2026-10-08,9,Thursday,False,46.59038333333333
20261008_063620,2026-10-08 06:36:24.577000+00:00,Genève,rail,ch:1:sloid:1008,Genève,ch:1:sloid:1008:3:4,2026-10-08,ch:1:sjyid:100001:1715-001,rail,InterRegio,IR95,IR95,1715,Genève-Aéroport,Brig,4,,2026-10-08 07:24:00+00:00,2026-10-08 07:24:42+00:00,,True,0.7,2026-10-08 08:36:24.577000+02:00,2026-10-08 09:24:00+02:00,2026-10-08 09:24:42+02:00,2026-10-08,9,Thursday,False,47.59038333333333
20261008_063620,2026-10-08 06:36:24.577000+00:00,Genève,rail,ch:1:sloid:1008,Genève,ch:1:sloid:1008:4:7,2026-10-08,ch:1:sjyid:100001:96558-002,rail,Train Express Regional,TER,TER,96558,Genève,Lyon Part Dieu,6,,2026-10-08 07:24:00+00:00,2026-10-08 07:24:30+00:00,,True,0.5,2026-10-08 08:36:24.577000+02:00,2026-10-08 09:24:00+02:00,2026-10-08 09:24:30+02:00,2026-10-08,9,Thursday,False,47.59038333333333
20261008_063620,2026-10-08 06:36:24.577000+00:00,Genève,rail,ch:1:sloid:1008,Genève,ch:1:sloid:1008:2:3,2026-10-08,ch:1:sjyid:100001:706-001,rail,InterCity,IC1,IC1,706,St. Gallen,Genève-Aéroport,3,,2026-10-08 07:28:00+00:00,2026-10-08 07:29:12+00:00,,True,1.2,2026-10-08 08:36:24.577000+02:00,2026-10-08 09:28:00+02:00,2026-10-08 09:29:12+02:00,2026-10-08,9,Thursday,False,51.59038333333333
20261008_063620,2026-10-08 06:36:24.577000+00:00,Genève,rail,ch:1:sloid:1008,Genève,ch:1:sloid:1008:1:1,2026-10-08,ch:1:sjyid:100001:23479-001,rail,Regio,RL3,RL3,23479,Annemasse,Coppet,1,,2026-10-08 07:30:00+00:00,2026-10-08 07:30:12+00:00,,True,0.2,2026-10-08 08:36:24.577000+02:00,2026-10-08 09:30:00+02:00,2026-10-08 09:30:12+02:00,2026-10-08,9,Thursday,False,53.59038333333333
20261008_063620,2026-10-08 06:36:24.577000+00:00,Genève,rail,ch:1:sloid:1008,Genève,ch:1:sloid:1008:2:2,2026-10-08,ch:1:sjyid:100001:23314-001,rail,Regio,RL1,RL1,23314,Coppet,Thonon-les-Bains,2,,2026-10-08 07:31:00+00:00,2026-10-08 07:31:42+00:00,,True,0.7,2026-10-08 08:36:24.577000+02:00,2026-10-08 09:31:00+02:00,2026-10-08 09:31:42+02:00,2026-10-08,9,Thursday,False,54.59038333333333
20261008_063620,2026-10-08 06:36:24.577000+00:00,Genève,rail,ch:1:sloid:1008,Genève,ch:1:sloid:1008:3:4,2026-10-08,ch:1:sjyid:100001:715-001,rail,InterCity,IC1,IC1,715,Genève-Aéroport,St. Gallen,4,,2026-10-08 07:35:00+00:00,2026-10-08 07:35:30+00:00,,True,0.5,2026-10-08 08:36:24.577000+02:00,2026-10-08 09:35:00+02:00,2026-10-08 09:35:30+02:00,2026-10-08,9,Thursday,False,58.59038333333333
20261008_063620,2026-10-08 06:36:24.577000+00:00,Genève,rail,ch:1:sloid:1008,Genève,ch:1:sloid:1008:2:3,2026-10-08,ch:1:sjyid:100001:18465-001,rail,RegioExpress,RE33,RE33,18465,Annemasse,Martigny,3,,2026-10-08 07:38:00+00:00,2026-10-08 07:38:12+00:00,,True,0.2,2026-10-08 08:36:24.577000+02:00,2026-10-08 09:38:00+02:00,2026-10-08 09:38:12+02:00,2026-10-08,9,Thursday,False,61.59038333333333
20261008_063620,2026-10-08 06:36:24.577000+00:00,Genève,rail,ch:1:sloid:1008,Genève,ch:1:sloid:1008:2:2,2026-10-08,ch:1:sjyid:100001:1708-001,rail,InterRegio,IR95,IR95,1708,Brig,Genève-Aéroport,2,,2026-10-08 07:38:00+00:00,2026-10-08 07:38:30+00:00,,True,0.5,2026-10-08 08:36:24.577000+02:00,2026-10-08 09:38:00+02:00,2026-10-08 09:38:30+02:00,2026-10-08,9,Thursday,False,61.59038333333333
20261008_063620,2026-10-08 06:36:24.577000+00:00,Genève,rail,ch:1:sloid:1008,Genève,ch:1:sloid:1008:1:1,2026-10-08,ch:1:sjyid:100001:23231-001,rail,Regio,RL4,RL4,23231,Annemasse,Coppet,1,,2026-10-08 07:45:00+00:00,2026-10-08 07:45:12+00:00,,True,0.2,2026-10-08 08:36:24.577000+02:00,2026-10-08 09:45:00+02:00,2026-10-08 09:45:12+02:00,2026-10-08,9,Thursday,False,68.59038333333334
20261008_063620,2026-10-08 06:36:24.577000+00:00,Genève,rail,ch:1:sloid:1008,Genève,ch:1:sloid:1008:2:2,2026-10-08,ch:1:sjyid:100001:23418-001,rail,Regio,RL2,RL2,23418,Coppet,Annemasse,2,,2026-10-08 07:46:00+00:00,2026-10-08 07:46:42+00:00,,True,0.7,2026-10-08 08:36:24.577000+02:00,2026-10-08 09:46:00+02:00,2026-10-08 09:46:42+02:00,2026-10-08,9,Thursday,False,69.59038333333334
20261008_063620,2026-10-08 06:36:25.058000+00:00,Lugano,rail,ch:1:sloid:5300,Lugano,ch:1:sloid:5300:2:3,2026-10-08,ch:1:sjyid:100001:10-001,rail,EuroCity,EC,EC,10,Como S. Giovanni,Zürich HB,3,,2026-10-08 06:30:00+00:00,2026-10-08 06:39:24+00:00,,True,9.4,2026-10-08 08:36:25.058000+02:00,2026-10-08 08:30:00+02:00,2026-10-08 08:39:24+02:00,2026-10-08,8,Thursday,False,-6.417633333333333
20261008_063620,2026-10-08 06:36:25.058000+00:00,Lugano,rail,ch:1:sloid:5300,Lugano,ch:1:sloid:5300:2:2,2026-10-08,ch:1:sjyid:100001:25113-001,rail,S-Bahn,S10,S10,25113,Biasca,Como Camerlata,2,,2026-10-08 06:36:00+00:00,,,False,,2026-10-08 08:36:25.058000+02:00,2026-10-08 08:36:00+02:00,,2026-10-08,8,Thursday,False,-0.41763333333333336
20261008_063620,2026-10-08 06:36:25.058000+00:00,Lugano,rail,ch:1:sloid:5300,Lugano,ch:1:sloid:5300:1:1,2026-10-08,ch:1:sjyid:100001:25960-001,rail,S-Bahn,S90,S90,25960,Lugano,Giubiasco,1,,2026-10-08 06:38:00+00:00,2026-10-08 06:38:12+00:00,,True,0.2,2026-10-08 08:36:25.058000+02:00,2026-10-08 08:38:00+02:00,2026-10-08 08:38:12+02:00,2026-10-08,8,Thursday,False,1.5823666666666665
20261008_063620,2026-10-08 06:36:25.058000+00:00,Lugano,rail,ch:1:sloid:5300,Lugano,ch:1:sloid:5300:2:2,2026-10-08,ch:1:sjyid:100001:25913-001,rail,S-Bahn,S90,S90,25913,Giubiasco,Mendrisio,2,,2026-10-08 06:52:00+00:00,2026-10-08 06:52:12+00:00,,True,0.2,2026-10-08 08:36:25.058000+02:00,2026-10-08 08:52:00+02:00,2026-10-08 08:52:12+02:00,2026-10-08,8,Thursday,False,15.582366666666667
20261008_063620,2026-10-08 06:36:25.058000+00:00,Lugano,rail,ch:1:sloid:5300,Lugano,ch:1:sloid:5300:3:4,2026-10-08,ch:1:sjyid:100001:25760-001,rail,S-Bahn,S10,S10,25760,Mendrisio,Biasca,4,,2026-10-08 06:55:00+00:00,2026-10-08 06:55:36+00:00,,True,0.6,2026-10-08 08:36:25.058000+02:00,2026-10-08 08:55:00+02:00,2026-10-08 08:55:36+02:00,2026-10-08,8,Thursday,False,18.582366666666665
20261008_063620,2026-10-08 06:36:25.058000+00:00,Lugano,rail,ch:1:sloid:5300,Lugano,ch:1:sloid:5300:2:3,2026-10-08,ch:1:sjyid:100001:870-001,rail,InterCity,IC2,IC2,870,Lugano,Zürich HB,3,,2026-10-08 07:02:00+00:00,2026-10-08 07:02:30+00:00,,True,0.5,2026-10-08 08:36:25.058000+02:00,2026-10-08 09:02:00+02:00,2026-10-08 09:02:30+02:00,2026-10-08,9,Thursday,False,25.582366666666665
20261008_063620,2026-10-08 06:36:25.058000+00:00,Lugano,rail,ch:1:sloid:5300,Lugano,ch:1:sloid:5300:1:1,2026-10-08,ch:1:sjyid:100001:25513-001,rail,RegioExpress,RE80,RE80,25513,Locarno,Milano Centrale,1,,2026-10-08 07:02:00+00:00,,,False,,2026-10-08 08:36:25.058000+02:00,2026-10-08 09:02:00+02:00,,2026-10-08,9,Thursday,False,25.582366666666665
20261008_063620,2026-10-08 06:36:25.058000+00:00,Lugano,rail,ch:1:sloid:5300,Lugano,ch:1:sloid:5300:3:4,2026-10-08,ch:1:sjyid:100001:25508-001,rail,RegioExpress,RE80,RE80,25508,Milano Centrale,Locarno,4,,2026-10-08 07:05:00+00:00,2026-10-08 07:05:12+00:00,,True,0.2,2026-10-08 08:36:25.058000+02:00,2026-10-08 09:05:00+02:00,2026-10-08 09:05:12+02:00,2026-10-08,9,Thursday,False,28.582366666666665
20261008_063620,2026-10-08 06:36:25.058000+00:00,Lugano,rail,ch:1:sloid:5300,Lugano,ch:1:sloid:5300:1:1,2026-10-08,ch:1:sjyid:100001:25763-001,rail,S-Bahn,S10,S10,25763,Biasca,Como S. Giovanni/Malpensa Aeroporto T2,1,,2026-10-08 07:06:00+00:00,2026-10-08 07:06:12+00:00,,True,0.2,2026-10-08 08:36:25.058000+02:00,2026-10-08 09:06:00+02:00,2026-10-08 09:06:12+02:00,2026-10-08,9,Thursday,False,29.582366666666665
20261008_063620,2026-10-08 06:36:25.058000+00:00,Lugano,rail,ch:1:sloid:5300,Lugano,ch:1:sloid:5300:2:3,2026-10-08,ch:1:sjyid:100001:25914-001,rail,S-Bahn,S90,S90,25914,Mendrisio,Giubiasco,3,,2026-10-08 07:08:00+00:00,2026-10-08 07:08:12+00:00,,True,0.2,2026-10-08 08:36:25.058000+02:00,2026-10-08 09:08:00+02:00,2026-10-08 09:08:12+02:00,2026-10-08,9,Thursday,False,31.582366666666665
20261008_063620,2026-10-08 06:36:25.058000+00:00,Lugano,rail,ch:1:sloid:5300,Lugano,ch:1:sloid:5300:3:4,2026-10-08,ch:1:sjyid:100001:3092-002,rail,Gotthard Panorama Express,PE,PE,3092,Lugano,Arth-Goldau,4,,2026-10-08 07:18:00+00:00,2026-10-08 07:18:30+00:00,,True,0.5,2026-10-08 08:36:25.058000+02:00,2026-10-08 09:18:00+02:00,2026-10-08 09:18:30+02:00,2026-10-08,9,Thursday,False,41.582366666666665
20261008_063620,2026-10-08 06:36:25.058000+00:00,Lugano,rail,ch:1:sloid:5300,Lugano,ch:1:sloid:5300:3:4,2026-10-08,ch:1:sjyid:100001:25114-001,rail,S-Bahn,S10,S10,25114,Como Camerlata,Biasca,4,,2026-10-08 07:25:00+00:00,2026-10-08 07:25:24+00:00,,True,0.4,2026-10-08 08:36:25.058000+02:00,2026-10-08 09:25:00+02:00,2026-10-08 09:25:24+02:00,2026-10-08,9,Thursday,False,48.582366666666665
20261008_063620,2026-10-08 06:36:25.058000+00:00,Lugano,rail,ch:1:sloid:5300,Lugano,ch:1:sloid:5300:2:2,2026-10-08,ch:1:sjyid:100001:25815-001,rail,RegioExpress,RE80,RE80,25815,Locarno,Chiasso,2,,2026-10-08 07:25:00+00:00,2026-10-08 07:25:12+00:00,,True,0.2,2026-10-08 08:36:25.058000+02:00,2026-10-08 09:25:00+02:00,2026-10-08 09:25:12+02:00,2026-10-08,9,Thursday,False,48.582366666666665
20261008_063620,2026-10-08 06:36:25.058000+00:00,Lugano,rail,ch:1:sloid:5300,Lugano,ch:1:sloid:5300:2:3,2026-10-08,ch:1:sjyid:100001:12-001,rail,EuroCity,EC,EC,12,Como S. Giovanni,Zürich HB,3,,2026-10-08 07:30:00+00:00,2026-10-08 07:31:00+00:00,,True,1.0,2026-10-08 08:36:25.058000+02:00,2026-10-08 09:30:00+02:00,2026-10-08 09:31:00+02:00,2026-10-08,9,Thursday,False,53.582366666666665
20261008_063620,2026-10-08 06:36:25.058000+00:00,Lugano,rail,ch:1:sloid:5300,Lugano,ch:1:sloid:5300:2:2,2026-10-08,ch:1:sjyid:100001:13-002,rail,EuroCity,EC,EC,13,Zürich HB,Milano Centrale,2,,2026-10-08 07:30:00+00:00,,,False,,2026-10-08 08:36:25.058000+02:00,2026-10-08 09:30:00+02:00,,2026-10-08,9,Thursday,False,53.582366666666665
20261008_063620,2026-10-08 06:36:25.058000+00:00,Lugano,rail,ch:1:sloid:5300,Lugano,ch:1:sloid:5300:3:4,2026-10-08,ch:1:sjyid:100001:25810-001,rail,RegioExpress,RE80,RE80,25810,Chiasso,Locarno,4,,2026-10-08 07:35:00+00:00,2026-10-08 07:35:48+00:00,,True,0.8,2026-10-08 08:36:25.058000+02:00,2026-10-08 09:35:00+02:00,2026-10-08 09:35:48+02:00,2026-10-08,9,Thursday,False,58.582366666666665
20261008_063620,2026-10-08 06:36:25.058000+00:00,Lugano,rail,ch:1:sloid:5300,Lugano,ch:1:sloid:5300:2:2,2026-10-08,ch:1:sjyid:100001:25115-001,rail,S-Bahn,S10,S10,25115,Biasca,Como Camerlata,2,,2026-10-08 07:36:00+00:00,,,False,,2026-10-08 08:36:25.058000+02:00,2026-10-08 09:36:00+02:00,,2026-10-08,9,Thursday,False,59.582366666666665
20261008_063620,2026-10-08 06:36:25.058000+00:00,Lugano,rail,ch:1:sloid:5300,Lugano,ch:1:sloid:5300:1:1,2026-10-08,ch:1:sjyid:100001:25962-001,rail,S-Bahn,S90,S90,25962,Lugano,Giubiasco,1,,2026-10-08 07:38:00+00:00,2026-10-08 07:38:12+00:00,,True,0.2,2026-10-08 08:36:25.058000+02:00,2026-10-08 09:38:00+02:00,2026-10-08 09:38:12+02:00,2026-10-08,9,Thursday,False,61.582366666666665
20261008_063620,2026-10-08 06:36:25.058000+00:00,Lugano,rail,ch:1:sloid:5300,Lugano,ch:1:sloid:5300:2:2,2026-10-08,ch:1:sjyid:100001:25915-001,rail,S-Bahn,S90,S90,25915,Giubiasco,Mendrisio,2,,2026-10-08 07:52:00+00:00,2026-10-08 07:52:12+00:00,,True,0.2,2026-10-08 08:36:25.058000+02:00,2026-10-08 09:52:00+02:00,2026-10-08 09:52:12+02:00,2026-10-08,9,Thursday,False,75.58236666666667
20261008_063620,2026-10-08 06:36:25.058000+00:00,Lugano,rail,ch:1:sloid:5300,Lugano,ch:1:sloid:5300:3:4,2026-10-08,ch:1:sjyid:100001:25762-001,rail,S-Bahn,S10,S10,25762,Mendrisio,Biasca,4,,2026-10-08 07:55:00+00:00,2026-10-08 07:55:36+00:00,,True,0.6,2026-10-08 08:36:25.058000+02:00,2026-10-08 09:55:00+02:00,2026-10-08 09:55:36+02:00,2026-10-08,9,Thursday,False,78.58236666666667
20261008_063620,2026-10-08 06:36:25.058000+00:00,Lugano,rail,ch:1:sloid:5300,Lugano,ch:1:sloid:5300:2:3,2026-10-08,ch:1:sjyid:100001:672-001,rail,InterCity,IC21,IC21,672,Lugano,Basel SBB,3,,2026-10-08 08:02:00+00:00,2026-10-08 08:02:30+00:00,,True,0.5,2026-10-08 08:36:25.058000+02:00,2026-10-08 10:02:00+02:00,2026-10-08 10:02:30+02:00,2026-10-08,10,Thursday,False,85.58236666666667
20261008_063620,2026-10-08 06:36:25.058000+00:00,Lugano,rail,ch:1:sloid:5300,Lugano,ch:1:sloid:5300:1:1,2026-10-08,ch:1:sjyid:100001:25515-001,rail,RegioExpress,RE80,RE80,25515,Locarno,Milano Centrale,1,,2026-10-08 08:02:00+00:00,,,False,,2026-10-08 08:36:25.058000+02:00,2026-10-08 10:02:00+02:00,,2026-10-08,10,Thursday,False,85.58236666666667
20261008_063620,2026-10-08 06:36:25.058000+00:00,Lugano,rail,ch:1:sloid:5300,Lugano,ch:1:sloid:5300:3:4,2026-10-08,ch:1:sjyid:100001:25510-001,rail,RegioExpress,RE80,RE80,25510,Milano Centrale,Locarno,4,,2026-10-08 08:05:00+00:00,2026-10-08 08:05:12+00:00,,True,0.2,2026-10-08 08:36:25.058000+02:00,2026-10-08 10:05:00+02:00,2026-10-08 10:05:12+02:00,2026-10-08,10,Thursday,False,88.58236666666667
20261008_063620,2026-10-08 06:36:25.058000+00:00,Lugano,rail,ch:1:sloid:5300,Lugano,ch:1:sloid:5300:1:1,2026-10-08,ch:1:sjyid:100001:25765-001,rail,S-Bahn,S10,S10,25765,Biasca,Como S. Giovanni/Malpensa Aeroporto T2,1,,2026-10-08 08:06:00+00:00,2026-10-08 08:06:12+00:00,,True,0.2,2026-10-08 08:36:25.058000+02:00,2026-10-08 10:06:00+02:00,2026-10-08 10:06:12+02:00,2026-10-08,10,Thursday,False,89.58236666666667
20261008_063620,2026-10-08 06:36:25.058000+00:00,Lugano,rail,ch:1:sloid:5300,Lugano,ch:1:sloid:5300:2:3,2026-10-08,ch:1:sjyid:100001:25916-001,rail,S-Bahn,S90,S90,25916,Mendrisio,Giubiasco,3,,2026-10-08 08:08:00+00:00,2026-10-08 08:08:12+00:00,,True,0.2,2026-10-08 08:36:25.058000+02:00,2026-10-08 10:08:00+02:00,2026-10-08 10:08:12+02:00,2026-10-08,10,Thursday,False,91.58236666666667
20261008_063620,2026-10-08 06:36:25.058000+00:00,Lugano,rail,ch:1:sloid:5300,Lugano,ch:1:sloid:5300:3:4,2026-10-08,ch:1:sjyid:100001:25116-001,rail,S-Bahn,S10,S10,25116,Como Camerlata,Biasca,4,,2026-10-08 08:25:00+00:00,2026-10-08 08:25:24+00:00,,True,0.4,2026-10-08 08:36:25.058000+02:00,2026-10-08 10:25:00+02:00,2026-10-08 10:25:24+02:00,2026-10-08,10,Thursday,False,108.58236666666667
20261008_063620,2026-10-08 06:36:25.058000+00:00,Lugano,rail,ch:1:sloid:5300,Lugano,ch:1:sloid:5300:2:2,2026-10-08,ch:1:sjyid:100001:25817-001,rail,RegioExpress,RE80,RE80,25817,Locarno,Chiasso,2,,2026-10-08 08:25:00+00:00,2026-10-08 08:25:12+00:00,,True,0.2,2026-10-08 08:36:25.058000+02:00,2026-10-08 10:25:00+02:00,2026-10-08 10:25:12+02:00,2026-10-08,10,Thursday,False,108.58236666666667
20261008_063620,2026-10-08 06:36:25.058000+00:00,Lugano,rail,ch:1:sloid:5300,Lugano,ch:1:sloid:5300:2:3,2026-10-08,ch:1:sjyid:100001:14-001,rail,EuroCity,EC,EC,14,Como S. Giovanni,Zürich HB,3,,2026-10-08 08:30:00+00:00,2026-10-08 08:31:00+00:00,,True,1.0,2026-10-08 08:36:25.058000+02:00,2026-10-08 10:30:00+02:00,2026-10-08 10:31:00+02:00,2026-10-08,10,Thursday,False,113.58236666666667
20261008_063620,2026-10-08 06:36:25.058000+00:00,Lugano,rail,ch:1:sloid:5300,Lugano,ch:1:sloid:5300:2:2,2026-10-08,ch:1:sjyid:100001:31-002,rail,EuroCity,EC,EC,31,Zürich HB,Venezia S. Lucia,2,,2026-10-08 08:30:00+00:00,,,False,,2026-10-08 08:36:25.058000+02:00,2026-10-08 10:30:00+02:00,,2026-10-08,10,Thursday,False,113.58236666666667
20261008_063620,2026-10-08 06:36:25.058000+00:00,Lugano,rail,ch:1:sloid:5300,Lugano,ch:1:sloid:5300:3:4,2026-10-08,ch:1:sjyid:100001:25812-001,rail,RegioExpress,RE80,RE80,25812,Chiasso,Locarno,4,,2026-10-08 08:35:00+00:00,2026-10-08 08:35:48+00:00,,True,0.8,2026-10-08 08:36:25.058000+02:00,2026-10-08 10:35:00+02:00,2026-10-08 10:35:48+02:00,2026-10-08,10,Thursday,False,118.58236666666667
20261008_063620,2026-10-08 06:36:25.479000+00:00,Zürich,local,ch:1:sloid:87348,"Zürich, Bahnhofplatz/HB",ch:1:sloid:87348::1,2026-10-08,ch:1:sjyid:100648:plan:d2505e1d-021b-4006-9b9b-647fcb7c20b5,tram,Tram,14,14,8354,"Zürich, Bahnhofplatz/HB",Triemli,,,2026-10-08 06:36:24+00:00,2026-10-08 06:37:54+00:00,,True,1.5,2026-10-08 08:36:25.479000+02:00,2026-10-08 08:36:24+02:00,2026-10-08 08:37:54+02:00,2026-10-08,8,Thursday,False,-0.024650000000000002
20261008_063620,2026-10-08 06:36:25.479000+00:00,Zürich,local,ch:1:sloid:87348,"Zürich, Bahnhofplatz/HB",ch:1:sloid:87348::0,2026-10-08,ch:1:sjyid:100648:plan:3e4707b0-b673-4e16-a6a8-bb57a5b271f9,tram,Tram,6,6,8411,"Zürich, Bahnhofplatz/HB",Zoo,,,2026-10-08 06:37:42+00:00,2026-10-08 06:37:42+00:00,,True,0.0,2026-10-08 08:36:25.479000+02:00,2026-10-08 08:37:42+02:00,2026-10-08 08:37:42+02:00,2026-10-08,8,Thursday,False,1.27535
20261008_063620,2026-10-08 06:36:25.479000+00:00,Zürich,local,ch:1:sloid:87348,"Zürich, Bahnhofplatz/HB",ch:1:sloid:87348::1,2026-10-08,ch:1:sjyid:100648:plan:77ac18a1-d578-4d61-b1a7-2b5f2bc433e7,tram,Tram,3,3,8018,"Zürich, Klusplatz",Albisrieden,,,2026-10-08 06:39:30+00:00,2026-10-08 06:40:18+00:00,,True,0.8,2026-10-08 08:36:25.479000+02:00,2026-10-08 08:39:30+02:00,2026-10-08 08:40:18+02:00,2026-10-08,8,Thursday,False,3.07535
20261008_063620,2026-10-08 06:36:25.479000+00:00,Zürich,local,ch:1:sloid:87348,"Zürich, Bahnhofplatz/HB",ch:1:sloid:87348::0,2026-10-08,ch:1:sjyid:100648:plan:262ad790-31f9-4602-9e78-32e3ba73a8e5,tram,Tram,3,3,7733,"Zürich, Albisrieden",Klusplatz,,,2026-10-08 06:40:00+00:00,2026-10-08 06:41:00+00:00,,True,1.0,2026-10-08 08:36:25.479000+02:00,2026-10-08 08:40:00+02:00,2026-10-08 08:41:00+02:00,2026-10-08,8,Thursday,False,3.57535
20261008_063620,2026-10-08 06:36:25.479000+00:00,Zürich,local,ch:1:sloid:87348,"Zürich, Bahnhofplatz/HB",ch:1:sloid:87348,2026-10-08,ch:1:sjyid:100648:plan:5ade5862-b08b-4aec-b9af-84e8404bd7dd,bus,Bus,31,31,9332,"Zürich, Hermetschloo",Kienastenwies,,,2026-10-08 06:41:54+00:00,2026-10-08 06:41:24+00:00,,True,-0.5,2026-10-08 08:36:25.479000+02:00,2026-10-08 08:41:54+02:00,2026-10-08 08:41:24+02:00,2026-10-08,8,Thursday,False,5.475350000000001
20261008_063620,2026-10-08 06:36:25.479000+00:00,Zürich,local,ch:1:sloid:87348,"Zürich, Bahnhofplatz/HB",ch:1:sloid:87348::1,2026-10-08,ch:1:sjyid:100648:plan:d4e4c31b-4c0e-40d3-95f4-c883d99fda41,tram,Tram,14,14,8634,"Zürich, Bahnhofplatz/HB",Triemli,,,2026-10-08 06:43:54+00:00,2026-10-08 06:43:54+00:00,,True,0.0,2026-10-08 08:36:25.479000+02:00,2026-10-08 08:43:54+02:00,2026-10-08 08:43:54+02:00,2026-10-08,8,Thursday,False,7.475350000000001
20261008_063620,2026-10-08 06:36:25.479000+00:00,Zürich,local,ch:1:sloid:87348,"Zürich, Bahnhofplatz/HB",ch:1:sloid:87348::11,2026-10-08,ch:1:sjyid:100648:plan:b605ecac-4df6-4868-9416-45e04b7757f5,bus,Bus,31,31,9318,"Zürich, Kienastenwies",Hermetschloo,,,2026-10-08 06:43:00+00:00,2026-10-08 06:43:00+00:00,,True,0.0,2026-10-08 08:36:25.479000+02:00,2026-10-08 08:43:00+02:00,2026-10-08 08:43:00+02:00,2026-10-08,8,Thursday,False,6.57535
20261008_063620,2026-10-08 06:36:25.479000+00:00,Zürich,local,ch:1:sloid:87348,"Zürich, Bahnhofplatz/HB",ch:1:sloid:87348::0,2026-10-08,ch:1:sjyid:100648:plan:d5e352cc-a120-47cd-b5a4-d0204555a51f,tram,Tram,6,6,8691,"Zürich, Bahnhofplatz/HB",Zoo,,,2026-10-08 06:45:12+00:00,2026-10-08 06:45:12+00:00,,True,0.0,2026-10-08 08:36:25.479000+02:00,2026-10-08 08:45:12+02:00,2026-10-08 08:45:12+02:00,2026-10-08,8,Thursday,False,8.77535
20261008_063620,2026-10-08 06:36:25.479000+00:00,Zürich,local,ch:1:sloid:87348,"Zürich, Bahnhofplatz/HB",ch:1:sloid:87348::1,2026-10-08,ch:1:sjyid:100648:plan:c63f392b-747e-42ea-ac2d-37f12a7c5c8c,tram,Tram,3,3,8311,"Zürich, Klusplatz",Albisrieden,,,2026-10-08 06:46:54+00:00,2026-10-08 06:46:54+00:00,,True,0.0,2026-10-08 08:36:25.479000+02:00,2026-10-08 08:46:54+02:00,2026-10-08 08:46:54+02:00,2026-10-08,8,Thursday,False,10.475349999999999
20261008_063620,2026-10-08 06:36:25.479000+00:00,Zürich,local,ch:1:sloid:87348,"Zürich, Bahnhofplatz/HB",ch:1:sloid:87348::0,2026-10-08,ch:1:sjyid:100648:plan:d2193c4f-2965-40e6-94c2-eee89b8addfe,tram,Tram,3,3,8021,"Zürich, Albisrieden",Klusplatz,,,2026-10-08 06:47:30+00:00,2026-10-08 06:47:42+00:00,,True,0.2,2026-10-08 08:36:25.479000+02:00,2026-10-08 08:47:30+02:00,2026-10-08 08:47:42+02:00,2026-10-08,8,Thursday,False,11.075349999999998
20261008_063620,2026-10-08 06:36:25.479000+00:00,Zürich,local,ch:1:sloid:87348,"Zürich, Bahnhofplatz/HB",ch:1:sloid:87348,2026-10-08,ch:1:sjyid:100648:plan:c56b8340-2450-48cc-bd0b-200a6a297b8c,bus,Bus,31,31,9759,"Zürich, Hermetschloo",Kienastenwies,,,2026-10-08 06:49:24+00:00,2026-10-08 06:49:24+00:00,,True,0.0,2026-10-08 08:36:25.479000+02:00,2026-10-08 08:49:24+02:00,2026-10-08 08:49:24+02:00,2026-10-08,8,Thursday,False,12.975349999999999
20261008_063620,2026-10-08 06:36:25.479000+00:00,Zürich,local,ch:1:sloid:87348,"Zürich, Bahnhofplatz/HB",ch:1:sloid:87348::1,2026-10-08,ch:1:sjyid:100648:plan:38f31dd9-9eb1-4d67-9bc2-c89c8849de24,tram,Tram,14,14,8965,"Zürich, Bahnhofplatz/HB",Triemli,,,2026-10-08 06:51:36+00:00,2026-10-08 06:51:36+00:00,,True,0.0,2026-10-08 08:36:25.479000+02:00,2026-10-08 08:51:36+02:00,2026-10-08 08:51:36+02:00,2026-10-08,8,Thursday,False,15.17535
20261008_063620,2026-10-08 06:36:25.479000+00:00,Zürich,local,ch:1:sloid:87348,"Zürich, Bahnhofplatz/HB",ch:1:sloid:87348::11,2026-10-08,ch:1:sjyid:100648:plan:0e143499-86e3-4b83-b33c-3b9f8fb67b9e,bus,Bus,31,31,9766,"Zürich, Kienastenwies",Hermetschloo,,,2026-10-08 06:51:00+00:00,2026-10-08 06:51:00+00:00,,True,0.0,2026-10-08 08:36:25.479000+02:00,2026-10-08 08:51:00+02:00,2026-10-08 08:51:00+02:00,2026-10-08,8,Thursday,False,14.575349999999998
20261008_063620,2026-10-08 06:36:25.479000+00:00,Zürich,local,ch:1:sloid:87348,"Zürich, Bahnhofplatz/HB",ch:1:sloid:87348::0,2026-10-08,ch:1:sjyid:100648:plan:7aa21172-f7a8-4a38-a7a1-b37bc3a5eb23,tram,Tram,6,6,8999,"Zürich, Bahnhofplatz/HB",Zoo,,,2026-10-08 06:52:30+00:00,2026-10-08 06:52:30+00:00,,True,0.0,2026-10-08 08:36:25.479000+02:00,2026-10-08 08:52:30+02:00,2026-10-08 08:52:30+02:00,2026-10-08,8,Thursday,False,16.07535
20261008_063620,2026-10-08 06:36:25.479000+00:00,Zürich,local,ch:1:sloid:87348,"Zürich, Bahnhofplatz/HB",ch:1:sloid:87348::0,2026-10-08,ch:1:sjyid:100648:plan:ee3b095f-75a8-47a0-8be6-9d0e0c149a29,tram,Tram,3,3,8317,"Zürich, Albisrieden",Klusplatz,,,2026-10-08 06:54:54+00:00,2026-10-08 06:54:36+00:00,,True,-0.3,2026-10-08 08:36:25.479000+02:00,2026-10-08 08:54:54+02:00,2026-10-08 08:54:36+02:00,2026-10-08,8,Thursday,False,18.47535
20261008_063620,2026-10-08 06:36:25.479000+00:00,Zürich,local,ch:1:sloid:87348,"Zürich, Bahnhofplatz/HB",ch:1:sloid:87348::1,2026-10-08,ch:1:sjyid:100648:plan:975cda7b-e3cc-498a-b330-ddbaa14c856c,tram,Tram,3,3,8603,"Zürich, Klusplatz",Albisrieden,,,2026-10-08 06:54:24+00:00,2026-10-08 06:54:24+00:00,,True,0.0,2026-10-08 08:36:25.479000+02:00,2026-10-08 08:54:24+02:00,2026-10-08 08:54:24+02:00,2026-10-08,8,Thursday,False,17.97535
20261008_063620,2026-10-08 06:36:25.479000+00:00,Zürich,local,ch:1:sloid:87348,"Zürich, Bahnhofplatz/HB",ch:1:sloid:87348,2026-10-08,ch:1:sjyid:100648:plan:8a67403a-45cb-4fa8-bcc4-e9d8af7c9b93,bus,Bus,31,31,10210,"Zürich, Hermetschloo",Kienastenwies,,,2026-10-08 06:57:12+00:00,2026-10-08 06:57:18+00:00,,True,0.1,2026-10-08 08:36:25.479000+02:00,2026-10-08 08:57:12+02:00,2026-10-08 08:57:18+02:00,2026-10-08,8,Thursday,False,20.77535
20261008_063620,2026-10-08 06:36:25.479000+00:00,Zürich,local,ch:1:sloid:87348,"Zürich, Bahnhofplatz/HB",ch:1:sloid:87348::1,2026-10-08,ch:1:sjyid:100648:plan:0e71fa1e-dc75-42ca-9916-14d144344809,tram,Tram,14,14,9272,"Zürich, Bahnhofplatz/HB",Triemli,,,2026-10-08 06:59:06+00:00,2026-10-08 06:59:06+00:00,,True,0.0,2026-10-08 08:36:25.479000+02:00,2026-10-08 08:59:06+02:00,2026-10-08 08:59:06+02:00,2026-10-08,8,Thursday,False,22.675349999999998
20261008_063620,2026-10-08 06:36:25.479000+00:00,Zürich,local,ch:1:sloid:87348,"Zürich, Bahnhofplatz/HB",ch:1:sloid:87348::0,2026-10-08,ch:1:sjyid:100648:plan:8b859f81-214f-458a-bbf6-bd905529eb80,tram,Tram,6,6,9302,"Zürich, Bahnhofplatz/HB",Zoo,,,2026-10-08 07:00:00+00:00,2026-10-08 07:00:00+00:00,,True,0.0,2026-10-08 08:36:25.479000+02:00,2026-10-08 09:00:00+02:00,2026-10-08 09:00:00+02:00,2026-10-08,9,Thursday,False,23.57535
20261008_063620,2026-10-08 06:36:25.479000+00:00,Zürich,local,ch:1:sloid:87348,"Zürich, Bahnhofplatz/HB",ch:1:sloid:87348::1,2026-10-08,ch:1:sjyid:100648:plan:bbbac44a-e5c4-497c-add7-102baddbb632,tram,Tram,3,3,8913,"Zürich, Klusplatz",Albisrieden,,,2026-10-08 07:01:54+00:00,2026-10-08 07:01:54+00:00,,True,0.0,2026-10-08 08:36:25.479000+02:00,2026-10-08 09:01:54+02:00,2026-10-08 09:01:54+02:00,2026-10-08,9,Thursday,False,25.47535
20261008_063620,2026-10-08 06:36:25.479000+00:00,Zürich,local,ch:1:sloid:87348,"Zürich, Bahnhofplatz/HB",ch:1:sloid:87348::0,2026-10-08,ch:1:sjyid:100648:plan:d5bce7c1-0cae-45b1-9b44-638bf8727d91,tram,Tram,3,3,8608,"Zürich, Albisrieden",Klusplatz,,,2026-10-08 07:02:24+00:00,2026-10-08 07:02:24+00:00,,True,0.0,2026-10-08 08:36:25.479000+02:00,2026-10-08 09:02:24+02:00,2026-10-08 09:02:24+02:00,2026-10-08,9,Thursday,False,25.97535
20261008_063620,2026-10-08 06:36:25.479000+00:00,Zürich,local,ch:1:sloid:87348,"Zürich, Bahnhofplatz/HB",ch:1:sloid:87348,2026-10-08,ch:1:sjyid:100648:plan:8177032a-d238-45a3-828a-d8485ad00fa2,bus,Bus,31,31,10661,"Zürich, Hermetschloo",Kienastenwies,,,2026-10-08 07:05:12+00:00,2026-10-08 07:05:12+00:00,,True,0.0,2026-10-08 08:36:25.479000+02:00,2026-10-08 09:05:12+02:00,2026-10-08 09:05:12+02:00,2026-10-08,9,Thursday,False,28.77535
20261008_063620,2026-10-08 06:36:25.479000+00:00,Zürich,local,ch:1:sloid:87348,"Zürich, Bahnhofplatz/HB",ch:1:sloid:87348::1,2026-10-08,ch:1:sjyid:100648:plan:769179c8-15c5-48eb-ab95-8601a432c0dd,tram,Tram,4,4,8702,"Zürich, Rehalp",Bahnhof Wiedikon,,,2026-10-08 07:06:30+00:00,2026-10-08 07:06:30+00:00,,True,0.0,2026-10-08 08:36:25.479000+02:00,2026-10-08 09:06:30+02:00,2026-10-08 09:06:30+02:00,2026-10-08,9,Thursday,False,30.07535
20261008_063620,2026-10-08 06:36:25.479000+00:00,Zürich,local,ch:1:sloid:87348,"Zürich, Bahnhofplatz/HB",ch:1:sloid:87348::1,2026-10-08,ch:1:sjyid:100648:plan:8a97eb20-280a-45ec-90cc-dd6d0f0c60cd,tram,Tram,14,14,9571,"Zürich, Bahnhofplatz/HB",Triemli,,,2026-10-08 07:06:36+00:00,2026-10-08 07:06:36+00:00,,True,0.0,2026-10-08 08:36:25.479000+02:00,2026-10-08 09:06:36+02:00,2026-10-08 09:06:36+02:00,2026-10-08,9,Thursday,False,30.175349999999998
20261008_063620,2026-10-08 06:36:25.479000+00:00,Zürich,local,ch:1:sloid:87348,"Zürich, Bahnhofplatz/HB",ch:1:sloid:87348::11,2026-10-08,ch:1:sjyid:100648:plan:6d3df935-1d2c-4cf1-aa02-620080840574,bus,Bus,31,31,10670,"Zürich, Kienastenwies",Hermetschloo,,,2026-10-08 07:06:00+00:00,2026-10-08 07:06:00+00:00,,True,0.0,2026-10-08 08:36:25.479000+02:00,2026-10-08 09:06:00+02:00,2026-10-08 09:06:00+02:00,2026-10-08,9,Thursday,False,29.57535
20261008_063620,2026-10-08 06:36:25.479000+00:00,Zürich,local,ch:1:sloid:87348,"Zürich, Bahnhofplatz/HB",ch:1:sloid:87348::0,2026-10-08,ch:1:sjyid:100648:plan:ce262b86-ef15-437d-97f0-d8cfa8e28bd5,tram,Tram,6,6,9607,"Zürich, Bahnhofplatz/HB",Zoo,,,2026-10-08 07:07:30+00:00,2026-10-08 07:07:30+00:00,,True,0.0,2026-10-08 08:36:25.479000+02:00,2026-10-08 09:07:30+02:00,2026-10-08 09:07:30+02:00,2026-10-08,9,Thursday,False,31.07535
20261008_063620,2026-10-08 06:36:25.479000+00:00,Zürich,local,ch:1:sloid:87348,"Zürich, Bahnhofplatz/HB",ch:1:sloid:87348::0,2026-10-08,ch:1:sjyid:100648:plan:037a3cbc-309e-460c-a841-7a1d44538fed,tram,Tram,3,3,8916,"Zürich, Albisrieden",Klusplatz,,,2026-10-08 07:09:54+00:00,2026-10-08 07:09:54+00:00,,True,0.0,2026-10-08 08:36:25.479000+02:00,2026-10-08 09:09:54+02:00,2026-10-08 09:09:54+02:00,2026-10-08,9,Thursday,False,33.47535
20261008_063620,2026-10-08 06:36:25.479000+00:00,Zürich,local,ch:1:sloid:87348,"Zürich, Bahnhofplatz/HB",ch:1:sloid:87348::1,2026-10-08,ch:1:sjyid:100648:plan:ee4e0fcb-554e-4833-b496-4c2a54590969,tram,Tram,3,3,9202,"Zürich, Klusplatz",Albisrieden,,,2026-10-08 07:09:24+00:00,2026-10-08 07:09:24+00:00,,True,0.0,2026-10-08 08:36:25.479000+02:00,2026-10-08 09:09:24+02:00,2026-10-08 09:09:24+02:00,2026-10-08,9,Thursday,False,32.97535
20261008_063620,2026-10-08 06:36:25.479000+00:00,Zürich,local,ch:1:sloid:87348,"Zürich, Bahnhofplatz/HB",ch:1:sloid:87348,2026-10-08,ch:1:sjyid:100648:plan:04f33537-2179-490f-8a0d-ddaaa842834d,bus,Bus,31,31,11037,"Zürich, Hermetschloo",Kienastenwies,,,2026-10-08 07:12:42+00:00,2026-10-08 07:12:42+00:00,,True,0.0,2026-10-08 08:36:25.479000+02:00,2026-10-08 09:12:42+02:00,2026-10-08 09:12:42+02:00,2026-10-08,9,Thursday,False,36.27535
20261008_063620,2026-10-08 06:36:25.914000+00:00,Bern,local,ch:1:sloid:76646,"Bern, Bahnhof",ch:1:sloid:76646:0:7,2026-10-08,ch:1:sjyid:100626:plan:32652d2a-830e-47e4-b699-1b5306ac1436,bus,Bus,12,12,53021,"Bern, Zentrum Paul Klee",Holligen,D,,2026-10-08 06:36:00+00:00,2026-10-08 06:36:36+00:00,,True,0.6,2026-10-08 08:36:25.914000+02:00,2026-10-08 08:36:00+02:00,2026-10-08 08:36:36+02:00,2026-10-08,8,Thursday,False,-0.4319
20261008_063620,2026-10-08 06:36:25.914000+00:00,Bern,local,ch:1:sloid:76646,"Bern, Bahnhof",ch:1:sloid:76646:0:15,2026-10-08,ch:1:sjyid:100626:plan:f7c1d168-80c5-4bba-8287-bdc9636505f8,bus,Bus,20,20,65397,"Bern Wankdorf, Bahnhof",Länggasse,F,,2026-10-08 06:36:48+00:00,2026-10-08 06:36:36+00:00,,True,-0.2,2026-10-08 08:36:25.914000+02:00,2026-10-08 08:36:48+02:00,2026-10-08 08:36:36+02:00,2026-10-08,8,Thursday,False,0.3681
20261008_063620,2026-10-08 06:36:25.914000+00:00,Bern,local,ch:1:sloid:76646,"Bern, Bahnhof",ch:1:sloid:76646:0:11,2026-10-08,ch:1:sjyid:100626:plan:c3615f2f-6c87-4be0-9a21-14f867c5b676,bus,Bus,10,10,42946,"Ostermundigen, Rüti",Schliern,I,,2026-10-08 06:36:00+00:00,2026-10-08 06:36:00+00:00,,True,0.0,2026-10-08 08:36:25.914000+02:00,2026-10-08 08:36:00+02:00,2026-10-08 08:36:00+02:00,2026-10-08,8,Thursday,False,-0.4319
20261008_063620,2026-10-08 06:36:25.914000+00:00,Bern,local,ch:1:sloid:76646,"Bern, Bahnhof",ch:1:sloid:76646:0:1,2026-10-08,ch:1:sjyid:100626:plan:04b84fa3-48e3-4bcb-acf6-dcc4a2eb47ae,tram,Tram,9,9,21782,"Wabern, Tram-Endstation",Wankdorf Bhf,B,,2026-10-08 06:37:00+00:00,2026-10-08 06:37:48+00:00,,True,0.8,2026-10-08 08:36:25.914000+02:00,2026-10-08 08:37:00+02:00,2026-10-08 08:37:48+02:00,2026-10-08,8,Thursday,False,0.5680999999999999
20261008_063620,2026-10-08 06:36:25.914000+00:00,Bern,local,ch:1:sloid:76646,"Bern, Bahnhof",ch:1:sloid:76646:0:5,2026-10-08,ch:1:sjyid:100626:plan:682d4438-8cd8-4cd8-a9a0-a9e58325692e,bus,Bus,12,12,50261,"Bern, Holligen",Zentrum Paul Klee,A,,2026-10-08 06:37:00+00:00,2026-10-08 06:37:42+00:00,,True,0.7,2026-10-08 08:36:25.914000+02:00,2026-10-08 08:37:00+02:00,2026-10-08 08:37:42+02:00,2026-10-08,8,Thursday,False,0.5680999999999999
20261008_063620,2026-10-08 06:36:25.914000+00:00,Bern,local,ch:1:sloid:76646,"Bern, Bahnhof",ch:1:sloid:76646:0:25,2026-10-08,ch:1:sjyid:100626:plan:c130a8f4-29ed-4c1b-9ae0-a637e078bb66,bus,Bus,19,19,60606,"Bern, Elfenau",Blinzern,K1,,2026-10-08 06:37:00+00:00,2026-10-08 06:37:18+00:00,,True,0.3,2026-10-08 08:36:25.914000+02:00,2026-10-08 08:37:00+02:00,2026-10-08 08:37:18+02:00,2026-10-08,8,Thursday,False,0.5680999999999999
20261008_063620,2026-10-08 06:36:25.914000+00:00,Bern,local,ch:1:sloid:76646,"Bern, Bahnhof",ch:1:sloid:76646:0:2,2026-10-08,ch:1:sjyid:100626:plan:204229a4-92f1-4820-8ce2-49e2a3fb2e61,bus,Bus,8A,8A,77601,"Bern, Bahnhof",Saali,K2,,2026-10-08 06:38:00+00:00,2026-10-08 06:38:00+00:00,,True,0.0,2026-10-08 08:36:25.914000+02:00,2026-10-08 08:38:00+02:00,2026-10-08 08:38:00+02:00,2026-10-08,8,Thursday,False,1.5681
20261008_063620,2026-10-08 06:36:25.914000+00:00,Bern,local,ch:1:sloid:76646,"Bern, Bahnhof",ch:1:sloid:76646:0:39,2026-10-08,ch:1:sjyid:100626:plan:b3089c97-0321-4075-898e-120ff3f5dbe6,tram,Tram,7,7,12692,"Bern, Bahnhof",Bümpliz,N,,2026-10-08 06:38:18+00:00,2026-10-08 06:38:18+00:00,,True,0.0,2026-10-08 08:36:25.914000+02:00,2026-10-08 08:38:18+02:00,2026-10-08 08:38:18+02:00,2026-10-08,8,Thursday,False,1.8680999999999999
20261008_063620,2026-10-08 06:36:25.914000+00:00,Bern,local,ch:1:sloid:76646,"Bern, Bahnhof",ch:1:sloid:76646:0:19,2026-10-08,ch:1:sjyid:100626:plan:a0373984-b1f0-408a-be65-2d9254fb09b0,bus,Bus,10,10,34528,"Schliern, Bus-Endstation",Ostermundigen Rüti,L,,2026-10-08 06:39:00+00:00,2026-10-08 06:39:00+00:00,,True,0.0,2026-10-08 08:36:25.914000+02:00,2026-10-08 08:39:00+02:00,2026-10-08 08:39:00+02:00,2026-10-08,8,Thursday,False,2.5681000000000003
20261008_063620,2026-10-08 06:36:25.914000+00:00,Bern,local,ch:1:sloid:76646,"Bern, Bahnhof",ch:1:sloid:76646:0:10,2026-10-08,ch:1:sjyid:100626:plan:48119422-42b7-4495-8928-d7ac612308c8,tram,Tram,6,6,7059,"Bern, Bahnhof",Fischermätteli,J,,2026-10-08 06:39:00+00:00,2026-10-08 06:39:00+00:00,,True,0.0,2026-10-08 08:36:25.914000+02:00,2026-10-08 08:39:00+02:00,2026-10-08 08:39:00+02:00,2026-10-08,8,Thursday,False,2.5681000000000003
20261008_063620,2026-10-08 06:36:25.914000+00:00,Bern,local,ch:1:sloid:76646,"Bern, Bahnhof",ch:1:sloid:76646:0:3,2026-10-08,ch:1:sjyid:100626:plan:dedf8f7f-ceae-4082-aed1-7fe759ffd409,tram,Tram,9,9,28176,"Bern Wankdorf, Bahnhof",Wabern,C,,2026-10-08 06:39:00+00:00,2026-10-08 06:40:54+00:00,,True,1.9,2026-10-08 08:36:25.914000+02:00,2026-10-08 08:39:00+02:00,2026-10-08 08:40:54+02:00,2026-10-08,8,Thursday,False,2.5681000000000003
20261008_063620,2026-10-08 06:36:25.914000+00:00,Bern,local,ch:1:sloid:76646,"Bern, Bahnhof",ch:1:sloid:76646:0:28,2026-10-08,ch:1:sjyid:100626:plan:8273f6ba-e945-4afc-b401-3900e3df563b,bus,Bus,11,11,49068,"Bern, Bahnhof",Neufeld P+R,G,,2026-10-08 06:39:00+00:00,2026-10-08 06:39:36+00:00,,True,0.6,2026-10-08 08:36:25.914000+02:00,2026-10-08 08:39:00+02:00,2026-10-08 08:39:36+02:00,2026-10-08,8,Thursday,False,2.5681000000000003
20261008_063620,2026-10-08 06:36:25.914000+00:00,Bern,local,ch:1:sloid:76646,"Bern, Bahnhof",ch:1:sloid:76646:0:13,2026-10-08,ch:1:sjyid:100626:plan:fb889898-c488-4ffa-aac7-ff18a3ab6e71,bus,Bus,20,20,62671,"Bern, Länggasse",Wankdorf Bhf,E,,2026-10-08 06:39:48+00:00,2026-10-08 06:40:00+00:00,,True,0.2,2026-10-08 08:36:25.914000+02:00,2026-10-08 08:39:48+02:00,2026-10-08 08:40:00+02:00,2026-10-08,8,Thursday,False,3.3681
20261008_063620,2026-10-08 06:36:25.914000+00:00,Bern,local,ch:1:sloid:76646,"Bern, Bahnhof",ch:1:sloid:76646:0:20,2026-10-08,ch:1:sjyid:100626:plan:fa2fc49c-17d1-4f97-ba4a-bdf84612259f,bus,Bus,17,17,57820,"Bern, Bahnhof",Köniz Weiermatt,M,,2026-10-08 06:40:00+00:00,2026-10-08 06:40:00+00:00,,True,0.0,2026-10-08 08:36:25.914000+02:00,2026-10-08 08:40:00+02:00,2026-10-08 08:40:00+02:00,2026-10-08,8,Thursday,False,3.5681000000000003
20261008_063620,2026-10-08 06:36:25.914000+00:00,Bern,local,ch:1:sloid:76646,"Bern, Bahnhof",ch:1:sloid:76646:0:15,2026-10-08,ch:1:sjyid:100626:plan:831415dd-38ef-49a6-946d-e08424332350,bus,Bus,20,20,65408,"Bern Wankdorf, Bahnhof",Länggasse,F,,2026-10-08 06:40:48+00:00,2026-10-08 06:41:06+00:00,,True,0.3,2026-10-08 08:36:25.914000+02:00,2026-10-08 08:40:48+02:00,2026-10-08 08:41:06+02:00,2026-10-08,8,Thursday,False,4.3681
20261008_063620,2026-10-08 06:36:25.914000+00:00,Bern,local,ch:1:sloid:76646,"Bern, Bahnhof",ch:1:sloid:76646:0:20,2026-10-08,ch:1:sjyid:100626:plan:f7866125-39e1-451e-9322-544e07622a88,bus,Bus,19,19,58530,"Spiegel, Blinzern",Elfenau,M,,2026-10-08 06:41:00+00:00,2026-10-08 06:42:00+00:00,,True,1.0,2026-10-08 08:36:25.914000+02:00,2026-10-08 08:41:00+02:00,2026-10-08 08:42:00+02:00,2026-10-08,8,Thursday,False,4.5681
20261008_063620,2026-10-08 06:36:25.914000+00:00,Bern,local,ch:1:sloid:76646,"Bern, Bahnhof",ch:1:sloid:76646:0:25,2026-10-08,ch:1:sjyid:100626:plan:ea44d688-a0d7-41f7-ac38-d175d578018f,bus,Bus,7A,7A,76409,"Bern, Bahnhof",Ostring,K1,,2026-10-08 06:41:00+00:00,2026-10-08 06:41:00+00:00,,True,0.0,2026-10-08 08:36:25.914000+02:00,2026-10-08 08:41:00+02:00,2026-10-08 08:41:00+02:00,2026-10-08,8,Thursday,False,4.5681
20261008_063620,2026-10-08 06:36:25.914000+00:00,Bern,local,ch:1:sloid:76646,"Bern, Bahnhof",ch:1:sloid:76646:0:39,2026-10-08,ch:1:sjyid:100626:plan:1f1d7f9a-9d0f-4e17-95a9-67d3e2172b9c,tram,Tram,8,8,17998,"Bern, Bahnhof",Brünnen Bhf,N,,2026-10-08 06:41:48+00:00,2026-10-08 06:41:48+00:00,,True,0.0,2026-10-08 08:36:25.914000+02:00,2026-10-08 08:41:48+02:00,2026-10-08 08:41:48+02:00,2026-10-08,8,Thursday,False,5.3681
20261008_063620,2026-10-08 06:36:25.914000+00:00,Bern,local,ch:1:sloid:76646,"Bern, Bahnhof",ch:1:sloid:76646:0:2,2026-10-08,ch:1:sjyid:100626:plan:9438b0df-8573-4303-9d64-330f6af926b6,bus,Bus,8A,8A,77603,"Bern, Bahnhof",Saali,K2,,2026-10-08 06:42:48+00:00,2026-10-08 06:42:48+00:00,,True,0.0,2026-10-08 08:36:25.914000+02:00,2026-10-08 08:42:48+02:00,2026-10-08 08:42:48+02:00,2026-10-08,8,Thursday,False,6.3681
20261008_063620,2026-10-08 06:36:25.914000+00:00,Bern,local,ch:1:sloid:76646,"Bern, Bahnhof",ch:1:sloid:76646:0:7,2026-10-08,ch:1:sjyid:100626:plan:2c8173c1-6919-47f7-aca7-ec8cd411016b,bus,Bus,12,12,53024,"Bern, Zentrum Paul Klee",Holligen,D,,2026-10-08 06:42:00+00:00,2026-10-08 06:41:54+00:00,,True,-0.1,2026-10-08 08:36:25.914000+02:00,2026-10-08 08:42:00+02:00,2026-10-08 08:41:54+02:00,2026-10-08,8,Thursday,False,5.5681
20261008_063620,2026-10-08 06:36:25.914000+00:00,Bern,local,ch:1:sloid:76646,"Bern, Bahnhof",ch:1:sloid:76646:0:5,2026-10-08,ch:1:sjyid:100626:plan:f039b5f9-f4ae-42a4-9018-ae74dcb0fdf8,bus,Bus,12,12,50265,"Bern, Holligen",Zentrum Paul Klee,A,,2026-10-08 06:42:00+00:00,2026-10-08 06:42:36+00:00,,True,0.6,2026-10-08 08:36:25.914000+02:00,2026-10-08 08:42:00+02:00,2026-10-08 08:42:36+02:00,2026-10-08,8,Thursday,False,5.5681
20261008_063620,2026-10-08 06:36:25.914000+00:00,Bern,local,ch:1:sloid:76646,"Bern, Bahnhof",ch:1:sloid:76646:0:11,2026-10-08,ch:1:sjyid:100626:plan:30844d30-c65a-4b07-b34a-90c32ae180bc,bus,Bus,10,10,42959,"Ostermundigen, Rüti",Schliern,I,,2026-10-08 06:42:00+00:00,2026-10-08 06:42:00+00:00,,True,0.0,2026-10-08 08:36:25.914000+02:00,2026-10-08 08:42:00+02:00,2026-10-08 08:42:00+02:00,2026-10-08,8,Thursday,False,5.5681
20261008_063620,2026-10-08 06:36:25.914000+00:00,Bern,local,ch:1:sloid:76646,"Bern, Bahnhof",ch:1:sloid:76646:0:1,2026-10-08,ch:1:sjyid:100626:plan:9da42ac3-74db-4542-8f9d-c52b0147c6ce,tram,Tram,9,9,21791,"Wabern, Tram-Endstation",Wankdorf Bhf,B,,2026-10-08 06:43:00+00:00,2026-10-08 06:44:24+00:00,,True,1.4,2026-10-08 08:36:25.914000+02:00,2026-10-08 08:43:00+02:00,2026-10-08 08:44:24+02:00,2026-10-08,8,Thursday,False,6.5681
20261008_063620,2026-10-08 06:36:25.914000+00:00,Bern,local,ch:1:sloid:76646,"Bern, Bahnhof",ch:1:sloid:76646:0:10,2026-10-08,ch:1:sjyid:100626:plan:d58309ab-c518-4934-a64a-d5f28e148c4b,tram,Tram,3,3,1539,"Bern, Bahnhof",Weissenbühl,J,,2026-10-08 06:44:00+00:00,2026-10-08 06:44:00+00:00,,True,0.0,2026-10-08 08:36:25.914000+02:00,2026-10-08 08:44:00+02:00,2026-10-08 08:44:00+02:00,2026-10-08,8,Thursday,False,7.5681
20261008_063620,2026-10-08 06:36:25.914000+00:00,Bern,local,ch:1:sloid:76646,"Bern, Bahnhof",ch:1:sloid:76646:0:15,2026-10-08,ch:1:sjyid:100626:plan:c997eed8-3db1-440e-a3b2-ca85e45b6337,bus,Bus,20,20,65416,"Bern Wankdorf, Bahnhof",Länggasse,F,,2026-10-08 06:44:48+00:00,2026-10-08 06:45:00+00:00,,True,0.2,2026-10-08 08:36:25.914000+02:00,2026-10-08 08:44:48+02:00,2026-10-08 08:45:00+02:00,2026-10-08,8,Thursday,False,8.3681
20261008_063620,2026-10-08 06:36:25.914000+00:00,Bern,local,ch:1:sloid:76646,"Bern, Bahnhof",ch:1:sloid:76646:0:30,2026-10-08,ch:1:sjyid:100626:plan:f33154d3-ee95-491f-ae2d-409e01fca67c,bus,Bus,21,21,67693,"Bern, Bahnhof",Bremgarten,H,,2026-10-08 06:44:00+00:00,2026-10-08 06:44:00+00:00,,True,0.0,2026-10-08 08:36:25.914000+02:00,2026-10-08 08:44:00+02:00,2026-10-08 08:44:00+02:00,2026-10-08,8,Thursday,False,7.5681
20261008_063620,2026-10-08 06:36:25.914000+00:00,Bern,local,ch:1:sloid:76646,"Bern, Bahnhof",ch:1:sloid:76646:0:19,2026-10-08,ch:1:sjyid:100626:plan:c91cb413-0f5b-4772-a108-c6ad4585cb3b,bus,Bus,10,10,34531,"Schliern, Bus-Endstation",Ostermundigen Rüti,L,,2026-10-08 06:45:00+00:00,2026-10-08 06:45:00+00:00,,True,0.0,2026-10-08 08:36:25.914000+02:00,2026-10-08 08:45:00+02:00,2026-10-08 08:45:00+02:00,2026-10-08,8,Thursday,False,8.5681
20261008_063620,2026-10-08 06:36:25.914000+00:00,Bern,local,ch:1:sloid:76646,"Bern, Bahnhof",ch:1:sloid:76646:0:39,2026-10-08,ch:1:sjyid:100626:plan:97fb0603-326b-4154-999f-9703958683ae,tram,Tram,7,7,12696,"Bern, Bahnhof",Bümpliz,N,,2026-10-08 06:45:42+00:00,2026-10-08 06:45:42+00:00,,True,0.0,2026-10-08 08:36:25.914000+02:00,2026-10-08 08:45:42+02:00,2026-10-08 08:45:42+02:00,2026-10-08,8,Thursday,False,9.2681
20261008_063620,2026-10-08 06:36:25.914000+00:00,Bern,local,ch:1:sloid:76646,"Bern, Bahnhof",ch:1:sloid:76646:0:3,2026-10-08,ch:1:sjyid:100626:plan:34351982-4678-4c5c-b244-094e05e6d0e5,tram,Tram,9,9,28178,"Bern Wankdorf, Bahnhof",Wabern,C,,2026-10-08 06:45:00+00:00,2026-10-08 06:45:36+00:00,,True,0.6,2026-10-08 08:36:25.914000+02:00,2026-10-08 08:45:00+02:00,2026-10-08 08:45:36+02:00,2026-10-08,8,Thursday,False,8.5681
20261008_063620,2026-10-08 06:36:25.914000+00:00,Bern,local,ch:1:sloid:76646,"Bern, Bahnhof",ch:1:sloid:76646:0:13,2026-10-08,ch:1:sjyid:100626:plan:7d547f9e-d412-441c-8827-b93cfc513eb9,bus,Bus,20,20,62685,"Bern, Länggasse",Wankdorf Bhf,E,,2026-10-08 06:45:48+00:00,2026-10-08 06:46:30+00:00,,True,0.7,2026-10-08 08:36:25.914000+02:00,2026-10-08 08:45:48+02:00,2026-10-08 08:46:30+02:00,2026-10-08,8,Thursday,False,9.3681
20261008_063620,2026-10-08 06:36:26.396000+00:00,Basel,local,ch:1:sloid:78143,"Basel, Bahnhof SBB",ch:1:sloid:78143:1:32,2026-10-08,ch:1:sjyid:100622:plan:714fc040-1b1a-4845-af37-824921c33d27,tram,Tram,8,8,8056,"Weil am Rhein, Bahnhof/Zentrum","Basel, Neuweilerstrasse",E,,2026-10-08 06:33:48+00:00,2026-10-08 06:37:36+00:00,,True,3.8,2026-10-08 08:36:26.396000+02:00,2026-10-08 08:33:48+02:00,2026-10-08 08:37:36+02:00,2026-10-08,8,Thursday,False,-2.639933333333333
20261008_063620,2026-10-08 06:36:26.396000+00:00,Basel,local,ch:1:sloid:78143,"Basel, Bahnhof SBB",ch:1:sloid:78143:1:35,2026-10-08,ch:1:sjyid:100019:plan:e80749eb-3e4a-458f-b5cc-4bd82a44e1d3,tram,Tram,10,10,10096,"Dornach, Bahnhof","Rodersdorf, Station",H,,2026-10-08 06:35:00+00:00,2026-10-08 06:36:12+00:00,,True,1.2,2026-10-08 08:36:26.396000+02:00,2026-10-08 08:35:00+02:00,2026-10-08 08:36:12+02:00,2026-10-08,8,Thursday,False,-1.4399333333333333
20261008_063620,2026-10-08 06:36:26.396000+00:00,Basel,local,ch:1:sloid:78143,"Basel, Bahnhof SBB",ch:1:sloid:78143:1:31,2026-10-08,ch:1:sjyid:100622:plan:c79bee48-272b-489d-9046-243cdfa6197c,tram,Tram,1,1,1058,"Basel, Badischer Bahnhof","Basel, Dreirosenbrücke",D,,2026-10-08 06:35:18+00:00,2026-10-08 06:36:36+00:00,,True,1.3,2026-10-08 08:36:26.396000+02:00,2026-10-08 08:35:18+02:00,2026-10-08 08:36:36+02:00,2026-10-08,8,Thursday,False,-1.1399333333333332
20261008_063620,2026-10-08 06:36:26.396000+00:00,Basel,local,ch:1:sloid:78143,"Basel, Bahnhof SBB",ch:1:sloid:78143:3:3,2026-10-08,ch:1:sjyid:100622:plan:db607e12-c199-49fb-931f-8e9fff49e859,bus,Bus,30,30,30083,"Basel, Bahnhof SBB","Basel, Badischer Bahnhof",B,,2026-10-08 06:36:06+00:00,2026-10-08 06:36:06+00:00,,True,0.0,2026-10-08 08:36:26.396000+02:00,2026-10-08 08:36:06+02:00,2026-10-08 08:36:06+02:00,2026-10-08,8,Thursday,False,-0.33993333333333337
20261008_063620,2026-10-08 06:36:26.396000+00:00,Basel,local,ch:1:sloid:78143,"Basel, Bahnhof SBB",ch:1:sloid:78143:1:33,2026-10-08,ch:1:sjyid:100622:plan:6a72e58f-23fd-47f9-adc4-97a74c1c7378,tram,Tram,8,8,8065,"Basel, Neuweilerstrasse",Weil am Rhein (D) Bahnhof / Zentrum,F,,2026-10-08 06:37:48+00:00,2026-10-08 06:39:48+00:00,,True,2.0,2026-10-08 08:36:26.396000+02:00,2026-10-08 08:37:48+02:00,2026-10-08 08:39:48+02:00,2026-10-08,8,Thursday,False,1.3600666666666668
20261008_063620,2026-10-08 06:36:26.396000+00:00,Basel,local,ch:1:sloid:78143,"Basel, Bahnhof SBB",ch:1:sloid:78143:1:34,2026-10-08,ch:1:sjyid:100019:plan:75cb0b18-1bef-42c9-8d6e-f64492419414,tram,Tram,11,11,38083,"Basel, St-Louis Grenze","Basel, Dreispitz",G,,2026-10-08 06:38:12+00:00,2026-10-08 06:38:24+00:00,,True,0.2,2026-10-08 08:36:26.396000+02:00,2026-10-08 08:38:12+02:00,2026-10-08 08:38:24+02:00,2026-10-08,8,Thursday,False,1.7600666666666667
20261008_063620,2026-10-08 06:36:26.396000+00:00,Basel,local,ch:1:sloid:78143,"Basel, Bahnhof SBB",ch:1:sloid:78143:3:3,2026-10-08,ch:1:sjyid:100622:plan:c7c68444-aead-400a-82f3-0cb229791cdc,bus,Bus,50,50,50057,"Basel, Bahnhof SBB","Basel, EuroAirport",B,,2026-10-08 06:38:06+00:00,2026-10-08 06:38:06+00:00,,True,0.0,2026-10-08 08:36:26.396000+02:00,2026-10-08 08:38:06+02:00,2026-10-08 08:38:06+02:00,2026-10-08,8,Thursday,False,1.6600666666666666
20261008_063620,2026-10-08 06:36:26.396000+00:00,Basel,local,ch:1:sloid:78143,"Basel, Bahnhof SBB",ch:1:sloid:78143:1:32,2026-10-08,ch:1:sjyid:100622:plan:10cef98f-db29-46df-982c-a4841d91afb2,tram,Tram,2,2,2060,"Basel, Eglisee","Binningen, Kronenplatz",E,,2026-10-08 06:39:36+00:00,2026-10-08 06:40:54+00:00,,True,1.3,2026-10-08 08:36:26.396000+02:00,2026-10-08 08:39:36+02:00,2026-10-08 08:40:54+02:00,2026-10-08,8,Thursday,False,3.160066666666667
20261008_063620,2026-10-08 06:36:26.396000+00:00,Basel,local,ch:1:sloid:78143,"Basel, Bahnhof SBB",ch:1:sloid:78143:3:3,2026-10-08,ch:1:sjyid:100622:plan:7fd00cdb-2ac0-4d3c-8e37-e9dc726ec2a2,bus,Bus,30,30,30087,"Basel, Bahnhof SBB","Basel, Badischer Bahnhof",B,,2026-10-08 06:39:48+00:00,2026-10-08 06:39:48+00:00,,True,0.0,2026-10-08 08:36:26.396000+02:00,2026-10-08 08:39:48+02:00,2026-10-08 08:39:48+02:00,2026-10-08,8,Thursday,False,3.360066666666667
20261008_063620,2026-10-08 06:36:26.396000+00:00,Basel,local,ch:1:sloid:78143,"Basel, Bahnhof SBB",ch:1:sloid:78143:3:5,2026-10-08,ch:1:sjyid:100622:plan:27fce23c-7204-4936-a79d-d8c57293390c,bus,Bus,48,48,48037,"Basel, Bahnhof SBB","Basel, Bachgraben",A,,2026-10-08 06:39:30+00:00,2026-10-08 06:39:30+00:00,,True,0.0,2026-10-08 08:36:26.396000+02:00,2026-10-08 08:39:30+02:00,2026-10-08 08:39:30+02:00,2026-10-08,8,Thursday,False,3.0600666666666667
20261008_063620,2026-10-08 06:36:26.396000+00:00,Basel,local,ch:1:sloid:78143,"Basel, Bahnhof SBB",ch:1:sloid:78143:1:35,2026-10-08,ch:1:sjyid:100019:plan:f8189432-17d0-4fb3-8cb8-87bb31465cf5,tram,Tram,11,11,38098,"Basel, Dreispitz","Basel, Saint-Louis Grenze",H,,2026-10-08 06:40:30+00:00,2026-10-08 06:41:54+00:00,,True,1.4,2026-10-08 08:36:26.396000+02:00,2026-10-08 08:40:30+02:00,2026-10-08 08:41:54+02:00,2026-10-08,8,Thursday,False,4.060066666666667
20261008_063620,2026-10-08 06:36:26.396000+00:00,Basel,local,ch:1:sloid:78143,"Basel, Bahnhof SBB",ch:1:sloid:78143:1:33,2026-10-08,ch:1:sjyid:100622:plan:46d96b69-d188-40e6-88e7-e5ecb47c03a4,tram,Tram,2,2,2063,"Binningen, Kronenplatz","Basel, Eglisee",F,,2026-10-08 06:40:30+00:00,2026-10-08 06:40:30+00:00,,True,0.0,2026-10-08 08:36:26.396000+02:00,2026-10-08 08:40:30+02:00,2026-10-08 08:40:30+02:00,2026-10-08,8,Thursday,False,4.060066666666667
20261008_063620,2026-10-08 06:36:26.396000+00:00,Basel,local,ch:1:sloid:78143,"Basel, Bahnhof SBB",ch:1:sloid:78143:1:32,2026-10-08,ch:1:sjyid:100622:plan:af795847-4bcf-41aa-b2d4-7207c1221e98,tram,Tram,8,8,8062,"Basel, Kleinhüningen","Basel, Neuweilerstrasse",E,,2026-10-08 06:41:18+00:00,2026-10-08 06:41:42+00:00,,True,0.4,2026-10-08 08:36:26.396000+02:00,2026-10-08 08:41:18+02:00,2026-10-08 08:41:42+02:00,2026-10-08,8,Thursday,False,4.8600666666666665
20261008_063620,2026-10-08 06:36:26.396000+00:00,Basel,local,ch:1:sloid:78143,"Basel, Bahnhof SBB",ch:1:sloid:78143:1:35,2026-10-08,ch:1:sjyid:100019:plan:1858050c-ac7d-4bc1-b9a7-09f1a05dda03,tram,Tram,10,10,10098,"Dornach, Bahnhof","Ettingen, Dorf",H,,2026-10-08 06:42:00+00:00,2026-10-08 06:45:42+00:00,,True,3.7,2026-10-08 08:36:26.396000+02:00,2026-10-08 08:42:00+02:00,2026-10-08 08:45:42+02:00,2026-10-08,8,Thursday,False,5.560066666666667
20261008_063620,2026-10-08 06:36:26.396000+00:00,Basel,local,ch:1:sloid:78143,"Basel, Bahnhof SBB",ch:1:sloid:78143:1:31,2026-10-08,ch:1:sjyid:100622:plan:1cfe64bf-098f-4c47-a9dc-f1d9c6967e68,tram,Tram,1,1,1062,"Basel, Bahnhof SBB","Basel, Dreirosenbrücke",D,,2026-10-08 06:42:48+00:00,2026-10-08 06:42:48+00:00,,True,0.0,2026-10-08 08:36:26.396000+02:00,2026-10-08 08:42:48+02:00,2026-10-08 08:42:48+02:00,2026-10-08,8,Thursday,False,6.3600666666666665
20261008_063620,2026-10-08 06:36:26.396000+00:00,Basel,local,ch:1:sloid:78143,"Basel, Bahnhof SBB",ch:1:sloid:78143:3:7,2026-10-08,ch:1:sjyid:100622:plan:bb64fad4-6a63-4d60-9997-2b66ac2bfcb1,bus,Bus,42,42,42035,"Basel, Bahnhof SBB","Basel, Badischer Bahnhof",K,,2026-10-08 06:42:54+00:00,2026-10-08 06:42:54+00:00,,True,0.0,2026-10-08 08:36:26.396000+02:00,2026-10-08 08:42:54+02:00,2026-10-08 08:42:54+02:00,2026-10-08,8,Thursday,False,6.460066666666666
20261008_063620,2026-10-08 06:36:26.396000+00:00,Basel,local,ch:1:sloid:78143,"Basel, Bahnhof SBB",ch:1:sloid:78143:3:7,2026-10-08,ch:1:sjyid:100019:plan:b2b43cd7-c950-4a7d-9409-655868a46e71,bus,Bus,37,37,37674,"Basel, Bahnhof SBB",Münchenstein Bahnhof,K,,2026-10-08 06:42:00+00:00,2026-10-08 06:42:48+00:00,,True,0.8,2026-10-08 08:36:26.396000+02:00,2026-10-08 08:42:00+02:00,2026-10-08 08:42:48+02:00,2026-10-08,8,Thursday,False,5.560066666666667
20261008_063620,2026-10-08 06:36:26.396000+00:00,Basel,local,ch:1:sloid:78143,"Basel, Bahnhof SBB",ch:1:sloid:78143:1:34,2026-10-08,ch:1:sjyid:100019:plan:ca99e87a-9699-4159-b8f8-b5c48a9ccaec,tram,Tram,10,10,10107,"Flüh, Station",Dornach Bahnhof,G,,2026-10-08 06:43:00+00:00,2026-10-08 06:43:54+00:00,,True,0.9,2026-10-08 08:36:26.396000+02:00,2026-10-08 08:43:00+02:00,2026-10-08 08:43:54+02:00,2026-10-08,8,Thursday,False,6.560066666666667
20261008_063620,2026-10-08 06:36:26.396000+00:00,Basel,local,ch:1:sloid:78143,"Basel, Bahnhof SBB",ch:1:sloid:78143:3:3,2026-10-08,ch:1:sjyid:100622:plan:64a66e8b-1e00-49c1-bb69-a4bd55331258,bus,Bus,30,30,30089,"Basel, Bahnhof SBB","Basel, Badischer Bahnhof",B,,2026-10-08 06:43:36+00:00,2026-10-08 06:43:36+00:00,,True,0.0,2026-10-08 08:36:26.396000+02:00,2026-10-08 08:43:36+02:00,2026-10-08 08:43:36+02:00,2026-10-08,8,Thursday,False,7.160066666666666
20261008_063620,2026-10-08 06:36:26.396000+00:00,Basel,local,ch:1:sloid:78143,"Basel, Bahnhof SBB",ch:1:sloid:78143:1:33,2026-10-08,ch:1:sjyid:100622:plan:e6f0d6dc-1745-401e-b74a-e68c257b942f,tram,Tram,8,8,8067,"Basel, Neuweilerstrasse","Basel, Kleinhüningen",F,,2026-10-08 06:45:18+00:00,2026-10-08 06:45:48+00:00,,True,0.5,2026-10-08 08:36:26.396000+02:00,2026-10-08 08:45:18+02:00,2026-10-08 08:45:48+02:00,2026-10-08,8,Thursday,False,8.860066666666667
20261008_063620,2026-10-08 06:36:26.396000+00:00,Basel,local,ch:1:sloid:78143,"Basel, Bahnhof SBB",ch:1:sloid:78143:3:3,2026-10-08,ch:1:sjyid:100622:plan:669cfb1f-4c4b-4dc5-9067-4dbcf2f45db5,bus,Bus,50,50,50059,"Basel, Bahnhof SBB","Basel, EuroAirport",B,,2026-10-08 06:45:36+00:00,2026-10-08 06:45:36+00:00,,True,0.0,2026-10-08 08:36:26.396000+02:00,2026-10-08 08:45:36+02:00,2026-10-08 08:45:36+02:00,2026-10-08,8,Thursday,False,9.160066666666667
20261008_063620,2026-10-08 06:36:26.396000+00:00,Basel,local,ch:1:sloid:78143,"Basel, Bahnhof SBB",ch:1:sloid:78143:1:34,2026-10-08,ch:1:sjyid:100019:plan:935fd7c0-3328-4914-b643-426e545d480b,tram,Tram,11,11,38089,"Basel, St-Louis Grenze","Basel, Dreispitz",G,,2026-10-08 06:45:42+00:00,2026-10-08 06:45:54+00:00,,True,0.2,2026-10-08 08:36:26.396000+02:00,2026-10-08 08:45:42+02:00,2026-10-08 08:45:54+02:00,2026-10-08,8,Thursday,False,9.260066666666667
20261008_063620,2026-10-08 06:36:26.396000+00:00,Basel,local,ch:1:sloid:78143,"Basel, Bahnhof SBB",ch:1:sloid:78143:1:32,2026-10-08,ch:1:sjyid:100622:plan:f534833a-8269-4162-a1e4-2d55b1f63ce0,tram,Tram,2,2,2062,"Basel, Eglisee","Binningen, Kronenplatz",E,,2026-10-08 06:47:06+00:00,2026-10-08 06:47:06+00:00,,True,0.0,2026-10-08 08:36:26.396000+02:00,2026-10-08 08:47:06+02:00,2026-10-08 08:47:06+02:00,2026-10-08,8,Thursday,False,10.660066666666667
20261008_063620,2026-10-08 06:36:26.396000+00:00,Basel,local,ch:1:sloid:78143,"Basel, Bahnhof SBB",ch:1:sloid:78143:1:33,2026-10-08,ch:1:sjyid:100622:plan:9340b42c-8cfe-4bd0-9daf-c633f6eb22d8,tram,Tram,2,2,2065,"Binningen, Kronenplatz","Basel, Eglisee",F,,2026-10-08 06:48:00+00:00,2026-10-08 06:48:00+00:00,,True,0.0,2026-10-08 08:36:26.396000+02:00,2026-10-08 08:48:00+02:00,2026-10-08 08:48:00+02:00,2026-10-08,8,Thursday,False,11.560066666666668
20261008_063620,2026-10-08 06:36:26.396000+00:00,Basel,local,ch:1:sloid:78143,"Basel, Bahnhof SBB",ch:1:sloid:78143:3:3,2026-10-08,ch:1:sjyid:100622:plan:a0888f46-a0fe-47a7-a7b8-2c000d20765e,bus,Bus,30,30,30093,"Basel, Bahnhof SBB","Basel, Metzerstrasse",B,,2026-10-08 06:47:18+00:00,2026-10-08 06:47:18+00:00,,True,0.0,2026-10-08 08:36:26.396000+02:00,2026-10-08 08:47:18+02:00,2026-10-08 08:47:18+02:00,2026-10-08,8,Thursday,False,10.860066666666667
20261008_063620,2026-10-08 06:36:26.396000+00:00,Basel,local,ch:1:sloid:78143,"Basel, Bahnhof SBB",ch:1:sloid:78143:3:5,2026-10-08,ch:1:sjyid:100622:plan:b8b27af5-6001-41f7-9835-4fa4936f130a,bus,Bus,48,48,48039,"Basel, Bahnhof SBB","Basel, Bahnhof St.Johann",A,,2026-10-08 06:47:00+00:00,2026-10-08 06:47:00+00:00,,True,0.0,2026-10-08 08:36:26.396000+02:00,2026-10-08 08:47:00+02:00,2026-10-08 08:47:00+02:00,2026-10-08,8,Thursday,False,10.560066666666668
20261008_063620,2026-10-08 06:36:26.396000+00:00,Basel,local,ch:1:sloid:78143,"Basel, Bahnhof SBB",ch:1:sloid:78143:1:35,2026-10-08,ch:1:sjyid:100019:plan:0307f83b-c47a-4edc-b2ba-09ba007bebcb,tram,Tram,11,11,38104,"Basel, Dreispitz","Basel, Saint-Louis Grenze",H,,2026-10-08 06:48:00+00:00,2026-10-08 06:48:00+00:00,,True,0.0,2026-10-08 08:36:26.396000+02:00,2026-10-08 08:48:00+02:00,2026-10-08 08:48:00+02:00,2026-10-08,8,Thursday,False,11.560066666666668
20261008_063620,2026-10-08 06:36:26.396000+00:00,Basel,local,ch:1:sloid:78143,"Basel, Bahnhof SBB",ch:1:sloid:78143:1:32,2026-10-08,ch:1:sjyid:100622:plan:00fec1c9-2a60-4b4b-8f46-af767162153c,tram,Tram,8,8,8060,"Weil am Rhein, Bahnhof/Zentrum","Basel, Neuweilerstrasse",E,,2026-10-08 06:48:48+00:00,2026-10-08 06:48:48+00:00,,True,0.0,2026-10-08 08:36:26.396000+02:00,2026-10-08 08:48:48+02:00,2026-10-08 08:48:48+02:00,2026-10-08,8,Thursday,False,12.360066666666667
20261008_063620,2026-10-08 06:36:26.396000+00:00,Basel,local,ch:1:sloid:78143,"Basel, Bahnhof SBB",ch:1:sloid:78143:1:35,2026-10-08,ch:1:sjyid:100019:plan:ec1fd666-7f23-4d52-a251-3d6abf4042c7,tram,Tram,10,10,10102,"Dornach, Bahnhof","Flüh, Station",H,,2026-10-08 06:50:00+00:00,2026-10-08 06:52:30+00:00,,True,2.5,2026-10-08 08:36:26.396000+02:00,2026-10-08 08:50:00+02:00,2026-10-08 08:52:30+02:00,2026-10-08,8,Thursday,False,13.560066666666668
20261008_063620,2026-10-08 06:36:26.396000+00:00,Basel,local,ch:1:sloid:78143,"Basel, Bahnhof SBB",ch:1:sloid:78143:1:31,2026-10-08,ch:1:sjyid:100622:plan:ada4674d-7808-43d3-a847-bd4d85db80a6,tram,Tram,1,1,1064,"Basel, Bahnhof SBB","Basel, Dreirosenbrücke",D,,2026-10-08 06:50:18+00:00,2026-10-08 06:50:18+00:00,,True,0.0,2026-10-08 08:36:26.396000+02:00,2026-10-08 08:50:18+02:00,2026-10-08 08:50:18+02:00,2026-10-08,8,Thursday,False,13.860066666666667
20261008_063620,2026-10-08 06:36:26.860000+00:00,Luzern,local,ch:1:sloid:8450,"Luzern, Bahnhof",ch:1:sloid:8450::2,2026-10-08,ch:1:sjyid:100619:plan:022e60c5-3783-4ff8-9da6-ade836456108,bus,Bus,6,6,21272,"Luzern, Matthof",Büttenenhalde,B,,2026-10-08 06:36:00+00:00,2026-10-08 06:38:00+00:00,,True,2.0,2026-10-08 08:36:26.860000+02:00,2026-10-08 08:36:00+02:00,2026-10-08 08:38:00+02:00,2026-10-08,8,Thursday,False,-0.44766666666666666
20261008_063620,2026-10-08 06:36:26.860000+00:00,Luzern,local,ch:1:sloid:8450,"Luzern, Bahnhof",ch:1:sloid:8450::15,2026-10-08,ch:1:sjyid:100602:e875336f-6ded-4616-baaa-40cec4c9bcb3,bus,Bus,73,73,73049,"Luzern, Bahnhof",Rotkreuz,U,,2026-10-08 06:37:00+00:00,2026-10-08 06:37:00+00:00,,True,0.0,2026-10-08 08:36:26.860000+02:00,2026-10-08 08:37:00+02:00,2026-10-08 08:37:00+02:00,2026-10-08,8,Thursday,False,0.5523333333333333
20261008_063620,2026-10-08 06:36:26.860000+00:00,Luzern,local,ch:1:sloid:8450,"Luzern, Bahnhof",ch:1:sloid:8450::1,2026-10-08,ch:1:sjyid:100619:plan:5fb3b0f5-e4a0-4af4-a0e3-45b30b6b1cfd,bus,Bus,14,14,38245,"Luzern, Brüelstrasse",Horw Zentrum,A,,2026-10-08 06:37:12+00:00,2026-10-08 06:37:12+00:00,,True,0.0,2026-10-08 08:36:26.860000+02:00,2026-10-08 08:37:12+02:00,2026-10-08 08:37:12+02:00,2026-10-08,8,Thursday,False,0.7523333333333333
20261008_063620,2026-10-08 06:36:26.860000+00:00,Luzern,local,ch:1:sloid:8450,"Luzern, Bahnhof",ch:1:sloid:8450::1,2026-10-08,ch:1:sjyid:100619:plan:8c4e8643-9fc5-43b9-8c6d-8dbe5e4e6c20,bus,Bus,1,1,1683,"Ebikon, Fildern",Obernau Dorf,A,,2026-10-08 06:38:00+00:00,2026-10-08 06:43:48+00:00,,True,5.8,2026-10-08 08:36:26.860000+02:00,2026-10-08 08:38:00+02:00,2026-10-08 08:43:48+02:00,2026-10-08,8,Thursday,False,1.5523333333333333
20261008_063620,2026-10-08 06:36:26.860000+00:00,Luzern,local,ch:1:sloid:8450,"Luzern, Bahnhof",ch:1:sloid:8450::20,2026-10-08,ch:1:sjyid:100619:plan:486f4fb6-1ca9-4e4a-8df0-94bbe68ee5de,bus,Bus,12,12,83561,"Luzern, Bahnhof",Gasshof,M,,2026-10-08 06:38:00+00:00,2026-10-08 06:38:00+00:00,,True,0.0,2026-10-08 08:36:26.860000+02:00,2026-10-08 08:38:00+02:00,2026-10-08 08:38:00+02:00,2026-10-08,8,Thursday,False,1.5523333333333333
20261008_063620,2026-10-08 06:36:26.860000+00:00,Luzern,local,ch:1:sloid:8450,"Luzern, Bahnhof",ch:1:sloid:8450::2,2026-10-08,ch:1:sjyid:100619:plan:7d5f9481-f811-445f-9fe8-5adc848bda99,bus,Bus,1,1,1952,"Obernau, Dorf",Ebikon Fildern,B,,2026-10-08 06:39:48+00:00,2026-10-08 06:40:42+00:00,,True,0.9,2026-10-08 08:36:26.860000+02:00,2026-10-08 08:39:48+02:00,2026-10-08 08:40:42+02:00,2026-10-08,8,Thursday,False,3.352333333333333
20261008_063620,2026-10-08 06:36:26.860000+00:00,Luzern,local,ch:1:sloid:8450,"Luzern, Bahnhof",ch:1:sloid:8450::1,2026-10-08,ch:1:sjyid:100619:plan:ea9223b9-172b-4665-89f0-115bbaf3f6a4,bus,Bus,7,7,24433,"Luzern, Unterlöchli",Horw Biregghof,A,,2026-10-08 06:39:00+00:00,2026-10-08 06:40:18+00:00,,True,1.3,2026-10-08 08:36:26.860000+02:00,2026-10-08 08:39:00+02:00,2026-10-08 08:40:18+02:00,2026-10-08,8,Thursday,False,2.552333333333333
20261008_063620,2026-10-08 06:36:26.860000+00:00,Luzern,local,ch:1:sloid:8450,"Luzern, Bahnhof",ch:1:sloid:8450::2,2026-10-08,ch:1:sjyid:100619:plan:2d2ee034-aa2f-4487-b12e-5ae80a8b3097,bus,Bus,7,7,24454,"Horw, Biregghof",Unterlöchli,B,,2026-10-08 06:40:00+00:00,2026-10-08 06:40:48+00:00,,True,0.8,2026-10-08 08:36:26.860000+02:00,2026-10-08 08:40:00+02:00,2026-10-08 08:40:48+02:00,2026-10-08,8,Thursday,False,3.552333333333333
20261008_063620,2026-10-08 06:36:26.860000+00:00,Luzern,local,ch:1:sloid:8450,"Luzern, Bahnhof",ch:1:sloid:8450::11,2026-10-08,ch:1:sjyid:100619:plan:5cc28b4d-dcaa-4d89-8854-08194dd6da6e,bus,Bus,19,19,45216,"Luzern, Bahnhof",Friedental,R,,2026-10-08 06:40:00+00:00,2026-10-08 06:40:00+00:00,,True,0.0,2026-10-08 08:36:26.860000+02:00,2026-10-08 08:40:00+02:00,2026-10-08 08:40:00+02:00,2026-10-08,8,Thursday,False,3.552333333333333
20261008_063620,2026-10-08 06:36:26.860000+00:00,Luzern,local,ch:1:sloid:8450,"Luzern, Bahnhof",ch:1:sloid:8450::23,2026-10-08,ch:1:sjyid:100619:plan:71b18022-f0d6-4d8f-be54-acfb5424d71a,bus,Bus,2,2,8585,"Luzern, Bahnhof",E'brücke Sprengi,Y,,2026-10-08 06:40:00+00:00,2026-10-08 06:40:00+00:00,,True,0.0,2026-10-08 08:36:26.860000+02:00,2026-10-08 08:40:00+02:00,2026-10-08 08:40:00+02:00,2026-10-08,8,Thursday,False,3.552333333333333
20261008_063620,2026-10-08 06:36:26.860000+00:00,Luzern,local,ch:1:sloid:8450,"Luzern, Bahnhof",ch:1:sloid:8450::16,2026-10-08,ch:1:sjyid:100619:plan:c345b54a-f786-4f85-a04d-8de62ebbcd6f,bus,Bus,4,4,14331,"Luzern, Bahnhof",Hubelmatt,V,,2026-10-08 06:40:00+00:00,2026-10-08 06:40:00+00:00,,True,0.0,2026-10-08 08:36:26.860000+02:00,2026-10-08 08:40:00+02:00,2026-10-08 08:40:00+02:00,2026-10-08,8,Thursday,False,3.552333333333333
20261008_063620,2026-10-08 06:36:26.860000+00:00,Luzern,local,ch:1:sloid:8450,"Luzern, Bahnhof",ch:1:sloid:8450::1,2026-10-08,ch:1:sjyid:100619:plan:2590e693-a1f2-40d9-a166-ca6cc25ea67c,bus,Bus,6,6,21263,"Luzern, Büttenenhalde",Matthof,A,,2026-10-08 06:42:00+00:00,2026-10-08 06:43:42+00:00,,True,1.7,2026-10-08 08:36:26.860000+02:00,2026-10-08 08:42:00+02:00,2026-10-08 08:43:42+02:00,2026-10-08,8,Thursday,False,5.552333333333333
20261008_063620,2026-10-08 06:36:26.860000+00:00,Luzern,local,ch:1:sloid:8450,"Luzern, Bahnhof",ch:1:sloid:8450::2,2026-10-08,ch:1:sjyid:100619:plan:abef5b60-edbc-47f1-afc4-2b9e2319e149,bus,Bus,8,8,28372,"Luzern, Hirtenhof",Würzenbach,B,,2026-10-08 06:43:00+00:00,2026-10-08 06:43:00+00:00,,True,0.0,2026-10-08 08:36:26.860000+02:00,2026-10-08 08:43:00+02:00,2026-10-08 08:43:00+02:00,2026-10-08,8,Thursday,False,6.552333333333333
20261008_063620,2026-10-08 06:36:26.860000+00:00,Luzern,local,ch:1:sloid:8450,"Luzern, Bahnhof",ch:1:sloid:8450::2,2026-10-08,ch:1:sjyid:100619:plan:a470b719-f3e5-473b-a60e-cc7faf39bb47,bus,Bus,14,14,38386,"Horw, Zentrum",Brüelstrasse,B,,2026-10-08 06:44:42+00:00,2026-10-08 06:46:48+00:00,,True,2.1,2026-10-08 08:36:26.860000+02:00,2026-10-08 08:44:42+02:00,2026-10-08 08:46:48+02:00,2026-10-08,8,Thursday,False,8.252333333333333
20261008_063620,2026-10-08 06:36:26.860000+00:00,Luzern,local,ch:1:sloid:8450,"Luzern, Bahnhof",ch:1:sloid:8450::1,2026-10-08,ch:1:sjyid:100619:plan:b8739a94-84f9-4dab-bb77-a42fea1117e7,bus,Bus,1,1,1705,"Ebikon, Fildern",Obernau Dorf,A,,2026-10-08 06:45:00+00:00,2026-10-08 06:45:00+00:00,,True,0.0,2026-10-08 08:36:26.860000+02:00,2026-10-08 08:45:00+02:00,2026-10-08 08:45:00+02:00,2026-10-08,8,Thursday,False,8.552333333333333
20261008_063620,2026-10-08 06:36:26.860000+00:00,Luzern,local,ch:1:sloid:8450,"Luzern, Bahnhof",ch:1:sloid:8450::17,2026-10-08,ch:1:sjyid:100619:plan:f7f272db-bc08-4f29-8000-f5726ffa61d4,bus,Bus,10,10,32179,"Luzern, Bahnhof",Obergütsch,W,,2026-10-08 06:45:00+00:00,2026-10-08 06:45:00+00:00,,True,0.0,2026-10-08 08:36:26.860000+02:00,2026-10-08 08:45:00+02:00,2026-10-08 08:45:00+02:00,2026-10-08,8,Thursday,False,8.552333333333333
20261008_063620,2026-10-08 06:36:26.860000+00:00,Luzern,local,ch:1:sloid:8450,"Luzern, Bahnhof",ch:1:sloid:8450::10,2026-10-08,ch:1:sjyid:100619:plan:0e9e2673-5dd5-4308-8e87-c7e32b8d7efc,bus,Bus,20,20,48269,"Luzern, Bahnhof",Horw Ennethorw,J,,2026-10-08 06:45:00+00:00,2026-10-08 06:45:00+00:00,,True,0.0,2026-10-08 08:36:26.860000+02:00,2026-10-08 08:45:00+02:00,2026-10-08 08:45:00+02:00,2026-10-08,8,Thursday,False,8.552333333333333
20261008_063620,2026-10-08 06:36:26.860000+00:00,Luzern,local,ch:1:sloid:8450,"Luzern, Bahnhof",ch:1:sloid:8450::2,2026-10-08,ch:1:sjyid:100619:plan:6e3cac90-e7d4-4ab4-8980-27b71e74727b,bus,Bus,1,1,1982,"Obernau, Dorf",Ebikon Fildern,B,,2026-10-08 06:46:48+00:00,2026-10-08 06:47:12+00:00,,True,0.4,2026-10-08 08:36:26.860000+02:00,2026-10-08 08:46:48+02:00,2026-10-08 08:47:12+02:00,2026-10-08,8,Thursday,False,10.352333333333332
20261008_063620,2026-10-08 06:36:26.860000+00:00,Luzern,local,ch:1:sloid:8450,"Luzern, Bahnhof",ch:1:sloid:8450::12,2026-10-08,ch:1:sjyid:100619:plan:68bc8cb1-2a1c-4ee7-8f01-ed2a3b3a1beb,bus,Bus,24,24,59330,"Luzern, Bahnhof",Meggen Tschädigen,S,,2026-10-08 06:46:00+00:00,2026-10-08 06:46:00+00:00,,True,0.0,2026-10-08 08:36:26.860000+02:00,2026-10-08 08:46:00+02:00,2026-10-08 08:46:00+02:00,2026-10-08,8,Thursday,False,9.552333333333333
20261008_063620,2026-10-08 06:36:26.860000+00:00,Luzern,local,ch:1:sloid:8450,"Luzern, Bahnhof",ch:1:sloid:8450::20,2026-10-08,ch:1:sjyid:100619:plan:7ae1fbcf-7d2c-411d-8df3-052987a3afb5,bus,Bus,12,12,83587,"Luzern, Bahnhof",Gasshof,M,,2026-10-08 06:46:00+00:00,2026-10-08 06:46:00+00:00,,True,0.0,2026-10-08 08:36:26.860000+02:00,2026-10-08 08:46:00+02:00,2026-10-08 08:46:00+02:00,2026-10-08,8,Thursday,False,9.552333333333333
20261008_063620,2026-10-08 06:36:26.860000+00:00,Luzern,local,ch:1:sloid:8450,"Luzern, Bahnhof",ch:1:sloid:8450::1,2026-10-08,ch:1:sjyid:100619:plan:4d9eb4f6-15c5-402d-a906-57d1e6314122,bus,Bus,14,14,38255,"Luzern, Brüelstrasse",Horw Zentrum,A,,2026-10-08 06:47:00+00:00,2026-10-08 06:47:42+00:00,,True,0.7,2026-10-08 08:36:26.860000+02:00,2026-10-08 08:47:00+02:00,2026-10-08 08:47:42+02:00,2026-10-08,8,Thursday,False,10.552333333333333
20261008_063620,2026-10-08 06:36:26.860000+00:00,Luzern,local,ch:1:sloid:8450,"Luzern, Bahnhof",ch:1:sloid:8450::11,2026-10-08,ch:1:sjyid:100619:plan:b60559e2-a0ce-45e4-b7a4-246089813d96,bus,Bus,19,19,45224,"Luzern, Bahnhof",Friedental,R,,2026-10-08 06:48:00+00:00,2026-10-08 06:48:00+00:00,,True,0.0,2026-10-08 08:36:26.860000+02:00,2026-10-08 08:48:00+02:00,2026-10-08 08:48:00+02:00,2026-10-08,8,Thursday,False,11.552333333333333
20261008_063620,2026-10-08 06:36:26.860000+00:00,Luzern,local,ch:1:sloid:8450,"Luzern, Bahnhof",ch:1:sloid:8450::23,2026-10-08,ch:1:sjyid:100619:plan:76bdbaff-0248-4c03-938e-0adfaf7f95e7,bus,Bus,2,2,8605,"Luzern, Bahnhof",E'brücke Sprengi,Y,,2026-10-08 06:48:00+00:00,2026-10-08 06:48:00+00:00,,True,0.0,2026-10-08 08:36:26.860000+02:00,2026-10-08 08:48:00+02:00,2026-10-08 08:48:00+02:00,2026-10-08,8,Thursday,False,11.552333333333333
20261008_063620,2026-10-08 06:36:26.860000+00:00,Luzern,local,ch:1:sloid:8450,"Luzern, Bahnhof",ch:1:sloid:8450::1,2026-10-08,ch:1:sjyid:100619:plan:32786aa9-d984-4b64-a7cb-c4412d1ad63a,bus,Bus,7,7,24457,"Luzern, Unterlöchli",Horw Biregghof,A,,2026-10-08 06:49:00+00:00,2026-10-08 06:49:00+00:00,,True,0.0,2026-10-08 08:36:26.860000+02:00,2026-10-08 08:49:00+02:00,2026-10-08 08:49:00+02:00,2026-10-08,8,Thursday,False,12.552333333333333
20261008_063620,2026-10-08 06:36:26.860000+00:00,Luzern,local,ch:1:sloid:8450,"Luzern, Bahnhof",ch:1:sloid:8450::1,2026-10-08,ch:1:sjyid:100619:plan:5b0195da-7238-48fd-af07-ee03190d50f1,bus,Bus,8,8,28439,"Luzern, Würzenbach",Hirtenhof,A,,2026-10-08 06:49:00+00:00,2026-10-08 06:49:00+00:00,,True,0.0,2026-10-08 08:36:26.860000+02:00,2026-10-08 08:49:00+02:00,2026-10-08 08:49:00+02:00,2026-10-08,8,Thursday,False,12.552333333333333
20261008_063620,2026-10-08 06:36:26.860000+00:00,Luzern,local,ch:1:sloid:8450,"Luzern, Bahnhof",ch:1:sloid:8450::2,2026-10-08,ch:1:sjyid:100619:plan:9206021b-3b10-4819-b30d-d1cee516e38a,bus,Bus,7,7,24478,"Horw, Biregghof",Unterlöchli,B,,2026-10-08 06:50:00+00:00,2026-10-08 06:50:00+00:00,,True,0.0,2026-10-08 08:36:26.860000+02:00,2026-10-08 08:50:00+02:00,2026-10-08 08:50:00+02:00,2026-10-08,8,Thursday,False,13.552333333333333
20261008_063620,2026-10-08 06:36:26.860000+00:00,Luzern,local,ch:1:sloid:8450,"Luzern, Bahnhof",ch:1:sloid:8450::16,2026-10-08,ch:1:sjyid:100619:plan:98fc3138-c108-4804-a687-9ab4a494b3f2,bus,Bus,4,4,14351,"Luzern, Bahnhof",Hubelmatt,V,,2026-10-08 06:50:00+00:00,2026-10-08 06:50:00+00:00,,True,0.0,2026-10-08 08:36:26.860000+02:00,2026-10-08 08:50:00+02:00,2026-10-08 08:50:00+02:00,2026-10-08,8,Thursday,False,13.552333333333333
20261008_063620,2026-10-08 06:36:26.860000+00:00,Luzern,local,ch:1:sloid:8450,"Luzern, Bahnhof",ch:1:sloid:8450::2,2026-10-08,ch:1:sjyid:100619:plan:96c18ff5-5112-4846-83df-bf1af22626a4,bus,Bus,6,6,21290,"Luzern, Matthof",Büttenenhalde,B,,2026-10-08 06:51:00+00:00,2026-10-08 06:51:00+00:00,,True,0.0,2026-10-08 08:36:26.860000+02:00,2026-10-08 08:51:00+02:00,2026-10-08 08:51:00+02:00,2026-10-08,8,Thursday,False,14.552333333333333
20261008_063620,2026-10-08 06:36:26.860000+00:00,Luzern,local,ch:1:sloid:8450,"Luzern, Bahnhof",ch:1:sloid:8450::1,2026-10-08,ch:1:sjyid:100619:plan:c1fe9e1a-fd78-4b27-86e6-beadc383874b,bus,Bus,1,1,1739,"Ebikon, Fildern",Obernau Dorf,A,,2026-10-08 06:53:00+00:00,2026-10-08 06:53:06+00:00,,True,0.1,2026-10-08 08:36:26.860000+02:00,2026-10-08 08:53:00+02:00,2026-10-08 08:53:06+02:00,2026-10-08,8,Thursday,False,16.552333333333333
20261008_063620,2026-10-08 06:36:26.860000+00:00,Luzern,local,ch:1:sloid:8450,"Luzern, Bahnhof",ch:1:sloid:8450::20,2026-10-08,ch:1:sjyid:100619:plan:d791cbf4-d2ec-4c8d-87e6-2830e5362c52,bus,Bus,12,12,83605,"Luzern, Bahnhof",Gasshof,M,,2026-10-08 06:53:00+00:00,2026-10-08 06:53:00+00:00,,True,0.0,2026-10-08 08:36:26.860000+02:00,2026-10-08 08:53:00+02:00,2026-10-08 08:53:00+02:00,2026-10-08,8,Thursday,False,16.552333333333333
20261008_063620,2026-10-08 06:36:27.316000+00:00,St. Gallen,local,ch:1:sloid:74095,"St. Gallen, Bahnhof",ch:1:sloid:74095:0:989159,2026-10-08,ch:1:sjyid:100684:SKI-1111,bus,Bus,1,1,1111,"St. Gallen, Stephanshorn",Winkeln,A,,2026-10-08 06:36:00+00:00,2026-10-08 06:36:00+00:00,,True,0.0,2026-10-08 08:36:27.316000+02:00,2026-10-08 08:36:00+02:00,2026-10-08 08:36:00+02:00,2026-10-08,8,Thursday,False,-0.45526666666666665
20261008_063620,2026-10-08 06:36:27.316000+00:00,St. Gallen,local,ch:1:sloid:74095,"St. Gallen, Bahnhof",ch:1:sloid:74095:0:174964,2026-10-08,ch:1:sjyid:100684:SKI-9075,bus,Bus,9,9,9075,"St. Gallen, Rotmonten",Hölzli,C,,2026-10-08 06:36:00+00:00,2026-10-08 06:36:00+00:00,,True,0.0,2026-10-08 08:36:27.316000+02:00,2026-10-08 08:36:00+02:00,2026-10-08 08:36:00+02:00,2026-10-08,8,Thursday,False,-0.45526666666666665
20261008_063620,2026-10-08 06:36:27.316000+00:00,St. Gallen,local,ch:1:sloid:74095,"St. Gallen, Bahnhof",ch:1:sloid:74095:0:541287,2026-10-08,ch:1:sjyid:100684:SKI-5101,bus,Bus,5,5,5101,"St. Gallen, Rotmonten",Riethüsli,H,,2026-10-08 06:36:00+00:00,2026-10-08 06:36:00+00:00,,True,0.0,2026-10-08 08:36:27.316000+02:00,2026-10-08 08:36:00+02:00,2026-10-08 08:36:00+02:00,2026-10-08,8,Thursday,False,-0.45526666666666665
20261008_063620,2026-10-08 06:36:27.316000+00:00,St. Gallen,local,ch:1:sloid:74095,"St. Gallen, Bahnhof",ch:1:sloid:74095:0:888081,2026-10-08,ch:1:sjyid:100684:SKI-3063,bus,Bus,3,3,3063,"Wittenbach, Bahnhof","Abtwil SG, St.Josefen",F,,2026-10-08 06:37:00+00:00,2026-10-08 06:37:00+00:00,,True,0.0,2026-10-08 08:36:27.316000+02:00,2026-10-08 08:37:00+02:00,2026-10-08 08:37:00+02:00,2026-10-08,8,Thursday,False,0.5447333333333333
20261008_063620,2026-10-08 06:36:27.316000+00:00,St. Gallen,local,ch:1:sloid:74095,"St. Gallen, Bahnhof",ch:1:sloid:74095:0:886128,2026-10-08,ch:1:sjyid:100602:a336a72b-a6b2-475f-a3f8-719f3931ade7,bus,Expressbus,201,201,20116,"St. Gallen, Bahnhof",Arbon,G,,2026-10-08 06:37:00+00:00,2026-10-08 06:37:00+00:00,,True,0.0,2026-10-08 08:36:27.316000+02:00,2026-10-08 08:37:00+02:00,2026-10-08 08:37:00+02:00,2026-10-08,8,Thursday,False,0.5447333333333333
20261008_063620,2026-10-08 06:36:27.316000+00:00,St. Gallen,local,ch:1:sloid:74095,"St. Gallen, Bahnhof",ch:1:sloid:74095:0:541287,2026-10-08,ch:1:sjyid:100684:SKI-6115,bus,Bus,6,6,6115,"St. Gallen, Heiligkreuz",Bach St.Georgen,H,,2026-10-08 06:38:00+00:00,2026-10-08 06:38:00+00:00,,True,0.0,2026-10-08 08:36:27.316000+02:00,2026-10-08 08:38:00+02:00,2026-10-08 08:38:00+02:00,2026-10-08,8,Thursday,False,1.5447333333333333
20261008_063620,2026-10-08 06:36:27.316000+00:00,St. Gallen,local,ch:1:sloid:74095,"St. Gallen, Bahnhof",ch:1:sloid:74095:0:894224,2026-10-08,ch:1:sjyid:100695:50bfe2f7-473f-457e-86dc-11c0a7cc16e3,bus,Bus,151,151,51045,"Gossau SG, Bahnhof",St.Gallen Spisertor,E,,2026-10-08 06:38:00+00:00,2026-10-08 06:38:00+00:00,,True,0.0,2026-10-08 08:36:27.316000+02:00,2026-10-08 08:38:00+02:00,2026-10-08 08:38:00+02:00,2026-10-08,8,Thursday,False,1.5447333333333333
20261008_063620,2026-10-08 06:36:27.316000+00:00,St. Gallen,local,ch:1:sloid:74095,"St. Gallen, Bahnhof",ch:1:sloid:74095:0:606657,2026-10-08,ch:1:sjyid:100684:SKI-9072,bus,Bus,9,9,9072,"St. Gallen, Hölzli",Schuppis Nord,I,,2026-10-08 06:38:00+00:00,2026-10-08 06:38:24+00:00,,True,0.4,2026-10-08 08:36:27.316000+02:00,2026-10-08 08:38:00+02:00,2026-10-08 08:38:24+02:00,2026-10-08,8,Thursday,False,1.5447333333333333
20261008_063620,2026-10-08 06:36:27.316000+00:00,St. Gallen,local,ch:1:sloid:74095,"St. Gallen, Bahnhof",ch:1:sloid:74095:0:894224,2026-10-08,ch:1:sjyid:100684:SKI-6098,bus,Bus,6,6,6098,"St. Gallen, Bach St. Georgen",Heiligkreuz,E,,2026-10-08 06:38:00+00:00,2026-10-08 06:38:48+00:00,,True,0.8,2026-10-08 08:36:27.316000+02:00,2026-10-08 08:38:00+02:00,2026-10-08 08:38:48+02:00,2026-10-08,8,Thursday,False,1.5447333333333333
20261008_063620,2026-10-08 06:36:27.316000+00:00,St. Gallen,local,ch:1:sloid:74095,"St. Gallen, Bahnhof",ch:1:sloid:74095:0:894224,2026-10-08,ch:1:sjyid:100684:SKI-3058,bus,Bus,3,3,3058,"Abtwil SG, Säntispark","Wittenbach, Bahnhof",E,,2026-10-08 06:39:00+00:00,2026-10-08 06:39:00+00:00,,True,0.0,2026-10-08 08:36:27.316000+02:00,2026-10-08 08:39:00+02:00,2026-10-08 08:39:00+02:00,2026-10-08,8,Thursday,False,2.5447333333333333
20261008_063620,2026-10-08 06:36:27.316000+00:00,St. Gallen,local,ch:1:sloid:74095,"St. Gallen, Bahnhof",ch:1:sloid:74095:0:541287,2026-10-08,ch:1:sjyid:100684:SKI-7075,bus,Bus,7,7,7075,"St. Gallen, Neudorf/R'str.",Hinterberg,H,,2026-10-08 06:40:00+00:00,2026-10-08 06:41:24+00:00,,True,1.4,2026-10-08 08:36:27.316000+02:00,2026-10-08 08:40:00+02:00,2026-10-08 08:41:24+02:00,2026-10-08,8,Thursday,False,3.5447333333333333
20261008_063620,2026-10-08 06:36:27.316000+00:00,St. Gallen,local,ch:1:sloid:74095,"St. Gallen, Bahnhof",ch:1:sloid:74095:0:181274,2026-10-08,ch:1:sjyid:100684:SKI-2108,bus,Bus,2,2,2108,"St. Gallen, Winkeln",Guggeien,B,,2026-10-08 06:40:00+00:00,2026-10-08 06:40:00+00:00,,True,0.0,2026-10-08 08:36:27.316000+02:00,2026-10-08 08:40:00+02:00,2026-10-08 08:40:00+02:00,2026-10-08,8,Thursday,False,3.5447333333333333
20261008_063620,2026-10-08 06:36:27.316000+00:00,St. Gallen,local,ch:1:sloid:74095,"St. Gallen, Bahnhof",ch:1:sloid:74095:0:606657,2026-10-08,ch:1:sjyid:100684:SKI-7058,bus,Bus,7,7,7058,"St. Gallen, Hinterberg",Neudorf / R'str.,I,,2026-10-08 06:40:00+00:00,2026-10-08 06:40:00+00:00,,True,0.0,2026-10-08 08:36:27.316000+02:00,2026-10-08 08:40:00+02:00,2026-10-08 08:40:00+02:00,2026-10-08,8,Thursday,False,3.5447333333333333
20261008_063620,2026-10-08 06:36:27.316000+00:00,St. Gallen,local,ch:1:sloid:74095,"St. Gallen, Bahnhof",ch:1:sloid:74095:0:989159,2026-10-08,ch:1:sjyid:100684:SKI-2103,bus,Bus,2,2,2103,"St. Gallen, Guggeien",Wolfganghof,A,,2026-10-08 06:42:00+00:00,2026-10-08 06:42:12+00:00,,True,0.2,2026-10-08 08:36:27.316000+02:00,2026-10-08 08:42:00+02:00,2026-10-08 08:42:12+02:00,2026-10-08,8,Thursday,False,5.544733333333334
20261008_063620,2026-10-08 06:36:27.316000+00:00,St. Gallen,local,ch:1:sloid:74095,"St. Gallen, Bahnhof",ch:1:sloid:74095:0:482413,2026-10-08,ch:1:sjyid:100602:b6af174d-a744-4374-9795-2bcb867e4014,bus,Bus,121,121,12122,"Engelburg, Dorfplatz",Heiden,D,,2026-10-08 06:42:00+00:00,2026-10-08 06:42:00+00:00,,True,0.0,2026-10-08 08:36:27.316000+02:00,2026-10-08 08:42:00+02:00,2026-10-08 08:42:00+02:00,2026-10-08,8,Thursday,False,5.544733333333334
20261008_063620,2026-10-08 06:36:27.316000+00:00,St. Gallen,local,ch:1:sloid:74095,"St. Gallen, Bahnhof",ch:1:sloid:74095:0:888081,2026-10-08,ch:1:sjyid:100695:8d53c56a-0c96-4a62-9f6a-02504b505167,bus,Bus,151,151,51064,"St. Gallen, Spisertor (Bus)",Gossau Bhf,F,,2026-10-08 06:42:00+00:00,2026-10-08 06:42:00+00:00,,True,0.0,2026-10-08 08:36:27.316000+02:00,2026-10-08 08:42:00+02:00,2026-10-08 08:42:00+02:00,2026-10-08,8,Thursday,False,5.544733333333334
20261008_063620,2026-10-08 06:36:27.316000+00:00,St. Gallen,local,ch:1:sloid:74095,"St. Gallen, Bahnhof",ch:1:sloid:74095:0:606657,2026-10-08,ch:1:sjyid:100684:SKI-5100,bus,Bus,5,5,5100,"St. Gallen, Riethüsli",Rotmonten,I,,2026-10-08 06:43:00+00:00,2026-10-08 06:43:00+00:00,,True,0.0,2026-10-08 08:36:27.316000+02:00,2026-10-08 08:43:00+02:00,2026-10-08 08:43:00+02:00,2026-10-08,8,Thursday,False,6.544733333333334
20261008_063620,2026-10-08 06:36:27.316000+00:00,St. Gallen,local,ch:1:sloid:74095,"St. Gallen, Bahnhof",ch:1:sloid:74095:0:888081,2026-10-08,ch:1:sjyid:100684:SKI-4065,bus,Bus,4,4,4065,"Wittenbach, Bahnhof","Abtwil SG, Säntispark",F,,2026-10-08 06:44:00+00:00,2026-10-08 06:44:00+00:00,,True,0.0,2026-10-08 08:36:27.316000+02:00,2026-10-08 08:44:00+02:00,2026-10-08 08:44:00+02:00,2026-10-08,8,Thursday,False,7.544733333333334
20261008_063620,2026-10-08 06:36:27.316000+00:00,St. Gallen,local,ch:1:sloid:74095,"St. Gallen, Bahnhof",ch:1:sloid:74095:0:541287,2026-10-08,ch:1:sjyid:100684:SKI-10031,bus,Bus,10,10,10031,"St. Gallen, Röteli",Oberhofstetten,H,,2026-10-08 06:44:00+00:00,2026-10-08 06:44:00+00:00,,True,0.0,2026-10-08 08:36:27.316000+02:00,2026-10-08 08:44:00+02:00,2026-10-08 08:44:00+02:00,2026-10-08,8,Thursday,False,7.544733333333334
20261008_063620,2026-10-08 06:36:27.316000+00:00,St. Gallen,local,ch:1:sloid:74095,"St. Gallen, Bahnhof",ch:1:sloid:74095:0:886128,2026-10-08,ch:1:sjyid:100602:f9c4ce40-6a54-497d-ab1b-f718b186653b,bus,Bus,211,211,21120,"St. Gallen, Bahnhof",Arbon,G,,2026-10-08 06:45:00+00:00,2026-10-08 06:48:00+00:00,,True,3.0,2026-10-08 08:36:27.316000+02:00,2026-10-08 08:45:00+02:00,2026-10-08 08:48:00+02:00,2026-10-08,8,Thursday,False,8.544733333333333
20261008_063620,2026-10-08 06:36:27.316000+00:00,St. Gallen,local,ch:1:sloid:74095,"St. Gallen, Bahnhof",ch:1:sloid:74095:0:174964,2026-10-08,ch:1:sjyid:100684:SKI-9073,bus,Bus,9,9,9073,"St. Gallen, Schuppis Nord",Hölzli,C,,2026-10-08 06:46:00+00:00,2026-10-08 06:46:06+00:00,,True,0.1,2026-10-08 08:36:27.316000+02:00,2026-10-08 08:46:00+02:00,2026-10-08 08:46:06+02:00,2026-10-08,8,Thursday,False,9.544733333333333
20261008_063620,2026-10-08 06:36:27.316000+00:00,St. Gallen,local,ch:1:sloid:74095,"St. Gallen, Bahnhof",ch:1:sloid:74095:0:541287,2026-10-08,ch:1:sjyid:100684:SKI-5109,bus,Bus,5,5,5109,"St. Gallen, Rotmonten",Riethüsli,H,,2026-10-08 06:46:00+00:00,2026-10-08 06:46:00+00:00,,True,0.0,2026-10-08 08:36:27.316000+02:00,2026-10-08 08:46:00+02:00,2026-10-08 08:46:00+02:00,2026-10-08,8,Thursday,False,9.544733333333333
20261008_063620,2026-10-08 06:36:27.316000+00:00,St. Gallen,local,ch:1:sloid:74095,"St. Gallen, Bahnhof",ch:1:sloid:74095:0:181274,2026-10-08,ch:1:sjyid:100684:SKI-1110,bus,Bus,1,1,1110,"St. Gallen, Wolfganghof",Stephanshorn,B,,2026-10-08 06:46:00+00:00,2026-10-08 06:46:00+00:00,,True,0.0,2026-10-08 08:36:27.316000+02:00,2026-10-08 08:46:00+02:00,2026-10-08 08:46:00+02:00,2026-10-08,8,Thursday,False,9.544733333333333
20261008_063620,2026-10-08 06:36:27.316000+00:00,St. Gallen,local,ch:1:sloid:74095,"St. Gallen, Bahnhof",ch:1:sloid:74095:0:894224,2026-10-08,ch:1:sjyid:100684:SKI-4068,bus,Bus,4,4,4068,"Abtwil SG, St. Josefen","Wittenbach, Bahnhof",E,,2026-10-08 06:46:00+00:00,2026-10-08 06:46:00+00:00,,True,0.0,2026-10-08 08:36:27.316000+02:00,2026-10-08 08:46:00+02:00,2026-10-08 08:46:00+02:00,2026-10-08,8,Thursday,False,9.544733333333333
20261008_063620,2026-10-08 06:36:27.316000+00:00,St. Gallen,local,ch:1:sloid:74095,"St. Gallen, Bahnhof",ch:1:sloid:74095:0:989159,2026-10-08,ch:1:sjyid:100684:SKI-1119,bus,Bus,1,1,1119,"St. Gallen, Stephanshorn",Winkeln,A,,2026-10-08 06:48:00+00:00,2026-10-08 06:48:00+00:00,,True,0.0,2026-10-08 08:36:27.316000+02:00,2026-10-08 08:48:00+02:00,2026-10-08 08:48:00+02:00,2026-10-08,8,Thursday,False,11.544733333333333
20261008_063620,2026-10-08 06:36:27.316000+00:00,St. Gallen,local,ch:1:sloid:74095,"St. Gallen, Bahnhof",ch:1:sloid:74095:0:174964,2026-10-08,ch:1:sjyid:100602:5a73e23f-541d-48e4-839d-ee881afec096,bus,Bus,121,121,12121,"Heiden, Post",Engelburg,C,,2026-10-08 06:48:00+00:00,2026-10-08 06:48:42+00:00,,True,0.7,2026-10-08 08:36:27.316000+02:00,2026-10-08 08:48:00+02:00,2026-10-08 08:48:42+02:00,2026-10-08,8,Thursday,False,11.544733333333333
20261008_063620,2026-10-08 06:36:27.316000+00:00,St. Gallen,local,ch:1:sloid:74095,"St. Gallen, Bahnhof",ch:1:sloid:74095:0:541287,2026-10-08,ch:1:sjyid:100684:SKI-6123,bus,Bus,6,6,6123,"St. Gallen, Heiligkreuz",Bach St.Georgen,H,,2026-10-08 06:48:00+00:00,2026-10-08 06:48:00+00:00,,True,0.0,2026-10-08 08:36:27.316000+02:00,2026-10-08 08:48:00+02:00,2026-10-08 08:48:00+02:00,2026-10-08,8,Thursday,False,11.544733333333333
20261008_063620,2026-10-08 06:36:27.316000+00:00,St. Gallen,local,ch:1:sloid:74095,"St. Gallen, Bahnhof",ch:1:sloid:74095:0:894224,2026-10-08,ch:1:sjyid:100695:359c365a-41e6-4338-9401-a82211afc2e7,bus,Bus,151,151,51047,"Gossau SG, Bahnhof",St.Gallen Spisertor,E,,2026-10-08 06:48:00+00:00,2026-10-08 06:49:30+00:00,,True,1.5,2026-10-08 08:36:27.316000+02:00,2026-10-08 08:48:00+02:00,2026-10-08 08:49:30+02:00,2026-10-08,8,Thursday,False,11.544733333333333
20261008_063620,2026-10-08 06:36:27.316000+00:00,St. Gallen,local,ch:1:sloid:74095,"St. Gallen, Bahnhof",ch:1:sloid:74095:0:482413,2026-10-08,ch:1:sjyid:100602:c0b3f9ea-cfd0-4e33-b100-9db285b79534,bus,Bus,242,242,24224,"St. Gallen, Bahnhof",Rheineck,D,,2026-10-08 06:48:00+00:00,2026-10-08 06:48:00+00:00,,True,0.0,2026-10-08 08:36:27.316000+02:00,2026-10-08 08:48:00+02:00,2026-10-08 08:48:00+02:00,2026-10-08,8,Thursday,False,11.544733333333333
20261008_063620,2026-10-08 06:36:27.316000+00:00,St. Gallen,local,ch:1:sloid:74095,"St. Gallen, Bahnhof",ch:1:sloid:74095:0:606657,2026-10-08,ch:1:sjyid:100684:SKI-9076,bus,Bus,9,9,9076,"St. Gallen, Hölzli",Sonne,I,,2026-10-08 06:48:00+00:00,2026-10-08 06:48:00+00:00,,True,0.0,2026-10-08 08:36:27.316000+02:00,2026-10-08 08:48:00+02:00,2026-10-08 08:48:00+02:00,2026-10-08,8,Thursday,False,11.544733333333333
20261008_063620,2026-10-08 06:36:27.770000+00:00,Lausanne,local,ch:1:sloid:92050,"Lausanne, gare",ch:1:sloid:92050:0:2892,2026-10-08,ch:1:sjyid:100122:plan1:2026_ATT5-01-50-Semaine-1-10018954,bus,Bus,1,1,1226,"Lausanne, Blécherette",EPFL/Colladon,B,,2026-10-08 06:31:00+00:00,2026-10-08 06:38:06+00:00,,True,7.1,2026-10-08 08:36:27.770000+02:00,2026-10-08 08:31:00+02:00,2026-10-08 08:38:06+02:00,2026-10-08,8,Thursday,False,-5.462833333333333
20261008_063620,2026-10-08 06:36:27.770000+00:00,Lausanne,local,ch:1:sloid:92050,"Lausanne, gare",ch:1:sloid:92050:0:2814,2026-10-08,ch:1:sjyid:100122:plan1:2026_ATT5-21-50-Semaine-21-9980277,bus,Bus,21,21,21053,"Paudex, Verrière",Blécherette,D,,2026-10-08 06:35:00+00:00,2026-10-08 06:36:48+00:00,,True,1.8,2026-10-08 08:36:27.770000+02:00,2026-10-08 08:35:00+02:00,2026-10-08 08:36:48+02:00,2026-10-08,8,Thursday,False,-1.4628333333333332
20261008_063620,2026-10-08 06:36:27.770000+00:00,Lausanne,local,ch:1:sloid:92050,"Lausanne, gare",ch:1:sloid:92050:0:2893,2026-10-08,ch:1:sjyid:100122:plan1:2026_ATT5-01-50-Semaine-1-10018980,bus,Bus,1,1,1066,"Ecublens VD, EPFL/Colladon",Blécherette,A,,2026-10-08 06:35:00+00:00,2026-10-08 06:36:48+00:00,,True,1.8,2026-10-08 08:36:27.770000+02:00,2026-10-08 08:35:00+02:00,2026-10-08 08:36:48+02:00,2026-10-08,8,Thursday,False,-1.4628333333333332
20261008_063620,2026-10-08 06:36:27.770000+00:00,Lausanne,local,ch:1:sloid:92050,"Lausanne, gare",ch:1:sloid:92050:0:1096,2026-10-08,ch:1:sjyid:100122:plan2:m2_3095,metro,Metro,m2,m2,723095,"Lausanne, gare","Lausanne, Sallaz",,,2026-10-08 06:36:00+00:00,,,False,,2026-10-08 08:36:27.770000+02:00,2026-10-08 08:36:00+02:00,,2026-10-08,8,Thursday,False,-0.4628333333333333
20261008_063620,2026-10-08 06:36:27.770000+00:00,Lausanne,local,ch:1:sloid:92050,"Lausanne, gare",ch:1:sloid:92050:0:2893,2026-10-08,ch:1:sjyid:100122:plan1:2026_ATT5-21-50-Semaine-21-9980453,bus,Bus,21,21,21181,"Lausanne, Blécherette",Verrière,A,,2026-10-08 06:36:00+00:00,2026-10-08 06:40:24+00:00,,True,4.4,2026-10-08 08:36:27.770000+02:00,2026-10-08 08:36:00+02:00,2026-10-08 08:40:24+02:00,2026-10-08,8,Thursday,False,-0.4628333333333333
20261008_063620,2026-10-08 06:36:27.770000+00:00,Lausanne,local,ch:1:sloid:92050,"Lausanne, gare",ch:1:sloid:92050:0:2892,2026-10-08,ch:1:sjyid:100122:plan1:2026_ATT5-01-50-Semaine-1-10018955,bus,Bus,1,1,1227,"Lausanne, Blécherette",EPFL/Colladon,B,,2026-10-08 06:37:00+00:00,2026-10-08 06:41:18+00:00,,True,4.3,2026-10-08 08:36:27.770000+02:00,2026-10-08 08:37:00+02:00,2026-10-08 08:41:18+02:00,2026-10-08,8,Thursday,False,0.5371666666666666
20261008_063620,2026-10-08 06:36:27.770000+00:00,Lausanne,local,ch:1:sloid:92050,"Lausanne, gare",ch:1:sloid:92050:0:1096,2026-10-08,ch:1:sjyid:100122:plan2:m2_0011,metro,Metro,m2,m2,720011,"Lausanne, Ouchy-Olympique","Epalinges, Croisettes",,,2026-10-08 06:38:00+00:00,,,False,,2026-10-08 08:36:27.770000+02:00,2026-10-08 08:38:00+02:00,,2026-10-08,8,Thursday,False,1.5371666666666668
20261008_063620,2026-10-08 06:36:27.770000+00:00,Lausanne,local,ch:1:sloid:92050,"Lausanne, gare",ch:1:sloid:92050:0:1101,2026-10-08,ch:1:sjyid:100122:plan2:m2_0226,metro,Metro,m2,m2,720226,"Epalinges, Croisettes","Lausanne, Ouchy-Olympique",,,2026-10-08 06:38:00+00:00,,,False,,2026-10-08 08:36:27.770000+02:00,2026-10-08 08:38:00+02:00,,2026-10-08,8,Thursday,False,1.5371666666666668
20261008_063620,2026-10-08 06:36:27.770000+00:00,Lausanne,local,ch:1:sloid:92050,"Lausanne, gare",ch:1:sloid:92050:0:1096,2026-10-08,ch:1:sjyid:100122:plan2:m2_3113,metro,Metro,m2,m2,723113,"Lausanne, gare","Lausanne, Sallaz",,,2026-10-08 06:40:00+00:00,,,False,,2026-10-08 08:36:27.770000+02:00,2026-10-08 08:40:00+02:00,,2026-10-08,8,Thursday,False,3.5371666666666663
20261008_063620,2026-10-08 06:36:27.770000+00:00,Lausanne,local,ch:1:sloid:92050,"Lausanne, gare",ch:1:sloid:92050:0:2814,2026-10-08,ch:1:sjyid:100122:plan1:2026_ATT2-03-20-Semaine-3-9715592,bus,Bus,3,3,3035,"Lausanne, gare",Maillefer,D,,2026-10-08 06:40:00+00:00,2026-10-08 06:42:00+00:00,,True,2.0,2026-10-08 08:36:27.770000+02:00,2026-10-08 08:40:00+02:00,2026-10-08 08:42:00+02:00,2026-10-08,8,Thursday,False,3.5371666666666663
20261008_063620,2026-10-08 06:36:27.770000+00:00,Lausanne,local,ch:1:sloid:92050,"Lausanne, gare",ch:1:sloid:92050:0:1096,2026-10-08,ch:1:sjyid:100122:plan2:m2_0065,metro,Metro,m2,m2,720065,"Lausanne, Ouchy-Olympique","Epalinges, Croisettes",,,2026-10-08 06:42:00+00:00,,,False,,2026-10-08 08:36:27.770000+02:00,2026-10-08 08:42:00+02:00,,2026-10-08,8,Thursday,False,5.537166666666667
20261008_063620,2026-10-08 06:36:27.770000+00:00,Lausanne,local,ch:1:sloid:92050,"Lausanne, gare",ch:1:sloid:92050:0:1101,2026-10-08,ch:1:sjyid:100122:plan2:m2_0280,metro,Metro,m2,m2,720280,"Epalinges, Croisettes","Lausanne, Ouchy-Olympique",,,2026-10-08 06:42:00+00:00,,,False,,2026-10-08 08:36:27.770000+02:00,2026-10-08 08:42:00+02:00,,2026-10-08,8,Thursday,False,5.537166666666667
20261008_063620,2026-10-08 06:36:27.770000+00:00,Lausanne,local,ch:1:sloid:92050,"Lausanne, gare",ch:1:sloid:92050:0:2893,2026-10-08,ch:1:sjyid:100122:plan1:2026_ATT5-01-50-Semaine-1-10018981,bus,Bus,1,1,1067,"Ecublens VD, EPFL/Colladon",Blécherette,A,,2026-10-08 06:42:00+00:00,2026-10-08 06:47:18+00:00,,True,5.3,2026-10-08 08:36:27.770000+02:00,2026-10-08 08:42:00+02:00,2026-10-08 08:47:18+02:00,2026-10-08,8,Thursday,False,5.537166666666667
20261008_063620,2026-10-08 06:36:27.770000+00:00,Lausanne,local,ch:1:sloid:92050,"Lausanne, gare",ch:1:sloid:92050:0:2815,2026-10-08,ch:1:sjyid:100122:plan1:2026_ATT5-20-50-Semaine-20-9969494,bus,Bus,20,20,20027,"Lausanne, gare",Blécherette,C,,2026-10-08 06:43:00+00:00,2026-10-08 06:43:00+00:00,,True,0.0,2026-10-08 08:36:27.770000+02:00,2026-10-08 08:43:00+02:00,2026-10-08 08:43:00+02:00,2026-10-08,8,Thursday,False,6.537166666666667
20261008_063620,2026-10-08 06:36:27.770000+00:00,Lausanne,local,ch:1:sloid:92050,"Lausanne, gare",ch:1:sloid:92050:0:2892,2026-10-08,ch:1:sjyid:100122:plan1:2026_ATT5-01-50-Semaine-1-10018956,bus,Bus,1,1,1228,"Lausanne, Blécherette",EPFL/Colladon,B,,2026-10-08 06:44:00+00:00,2026-10-08 06:48:36+00:00,,True,4.6,2026-10-08 08:36:27.770000+02:00,2026-10-08 08:44:00+02:00,2026-10-08 08:48:36+02:00,2026-10-08,8,Thursday,False,7.537166666666667
20261008_063620,2026-10-08 06:36:27.770000+00:00,Lausanne,local,ch:1:sloid:92050,"Lausanne, gare",ch:1:sloid:92050:0:2893,2026-10-08,ch:1:sjyid:100122:plan1:2026_ATT5-21-50-Semaine-21-9980454,bus,Bus,21,21,21182,"Lausanne, Blécherette",Verrière,A,,2026-10-08 06:44:00+00:00,2026-10-08 06:46:42+00:00,,True,2.7,2026-10-08 08:36:27.770000+02:00,2026-10-08 08:44:00+02:00,2026-10-08 08:46:42+02:00,2026-10-08,8,Thursday,False,7.537166666666667
20261008_063620,2026-10-08 06:36:27.770000+00:00,Lausanne,local,ch:1:sloid:92050,"Lausanne, gare",ch:1:sloid:92050:0:1096,2026-10-08,ch:1:sjyid:100122:plan2:m2_3041,metro,Metro,m2,m2,723041,"Lausanne, gare","Lausanne, Sallaz",,,2026-10-08 06:45:00+00:00,,,False,,2026-10-08 08:36:27.770000+02:00,2026-10-08 08:45:00+02:00,,2026-10-08,8,Thursday,False,8.537166666666668
20261008_063620,2026-10-08 06:36:27.770000+00:00,Lausanne,local,ch:1:sloid:92050,"Lausanne, gare",ch:1:sloid:92050:0:2814,2026-10-08,ch:1:sjyid:100122:plan1:2026_ATT5-21-50-Semaine-21-9980278,bus,Bus,21,21,21054,"Paudex, Verrière",Blécherette,D,,2026-10-08 06:45:00+00:00,2026-10-08 06:47:30+00:00,,True,2.5,2026-10-08 08:36:27.770000+02:00,2026-10-08 08:45:00+02:00,2026-10-08 08:47:30+02:00,2026-10-08,8,Thursday,False,8.537166666666668
20261008_063620,2026-10-08 06:36:27.770000+00:00,Lausanne,local,ch:1:sloid:92050,"Lausanne, gare",ch:1:sloid:92050:0:1096,2026-10-08,ch:1:sjyid:100122:plan2:m2_0119,metro,Metro,m2,m2,720119,"Lausanne, Ouchy-Olympique","Epalinges, Croisettes",,,2026-10-08 06:46:00+00:00,,,False,,2026-10-08 08:36:27.770000+02:00,2026-10-08 08:46:00+02:00,,2026-10-08,8,Thursday,False,9.537166666666668
20261008_063620,2026-10-08 06:36:27.770000+00:00,Lausanne,local,ch:1:sloid:92050,"Lausanne, gare",ch:1:sloid:92050:0:1101,2026-10-08,ch:1:sjyid:100122:plan2:m2_0376,metro,Metro,m2,m2,720376,"Epalinges, Croisettes","Lausanne, Ouchy-Olympique",,,2026-10-08 06:47:00+00:00,,,False,,2026-10-08 08:36:27.770000+02:00,2026-10-08 08:47:00+02:00,,2026-10-08,8,Thursday,False,10.537166666666668
20261008_063620,2026-10-08 06:36:27.770000+00:00,Lausanne,local,ch:1:sloid:92050,"Lausanne, gare",ch:1:sloid:92050:0:1096,2026-10-08,ch:1:sjyid:100122:plan2:m2_3061,metro,Metro,m2,m2,723061,"Lausanne, gare","Lausanne, Sallaz",,,2026-10-08 06:49:00+00:00,,,False,,2026-10-08 08:36:27.770000+02:00,2026-10-08 08:49:00+02:00,,2026-10-08,8,Thursday,False,12.537166666666668
20261008_063620,2026-10-08 06:36:27.770000+00:00,Lausanne,local,ch:1:sloid:92050,"Lausanne, gare",ch:1:sloid:92050:0:2892,2026-10-08,ch:1:sjyid:100122:plan1:2026_ATT5-01-50-Semaine-1-10018957,bus,Bus,1,1,1229,"Lausanne, Blécherette",EPFL/Colladon,B,,2026-10-08 06:50:00+00:00,2026-10-08 06:55:36+00:00,,True,5.6,2026-10-08 08:36:27.770000+02:00,2026-10-08 08:50:00+02:00,2026-10-08 08:55:36+02:00,2026-10-08,8,Thursday,False,13.537166666666668
20261008_063620,2026-10-08 06:36:27.770000+00:00,Lausanne,local,ch:1:sloid:92050,"Lausanne, gare",ch:1:sloid:92050:0:2814,2026-10-08,ch:1:sjyid:100122:plan1:2026_ATT2-03-20-Semaine-3-9715593,bus,Bus,3,3,3036,"Lausanne, gare",Maillefer,D,,2026-10-08 06:50:00+00:00,2026-10-08 06:50:00+00:00,,True,0.0,2026-10-08 08:36:27.770000+02:00,2026-10-08 08:50:00+02:00,2026-10-08 08:50:00+02:00,2026-10-08,8,Thursday,False,13.537166666666668
20261008_063620,2026-10-08 06:36:27.770000+00:00,Lausanne,local,ch:1:sloid:92050,"Lausanne, gare",ch:1:sloid:92050:0:2893,2026-10-08,ch:1:sjyid:100122:plan1:2026_ATT5-01-50-Semaine-1-10018982,bus,Bus,1,1,1068,"Ecublens VD, EPFL/Colladon",Blécherette,A,,2026-10-08 06:50:00+00:00,2026-10-08 06:52:48+00:00,,True,2.8,2026-10-08 08:36:27.770000+02:00,2026-10-08 08:50:00+02:00,2026-10-08 08:52:48+02:00,2026-10-08,8,Thursday,False,13.537166666666668
20261008_063620,2026-10-08 06:36:27.770000+00:00,Lausanne,local,ch:1:sloid:92050,"Lausanne, gare",ch:1:sloid:92050:0:1096,2026-10-08,ch:1:sjyid:100122:plan2:m2_0227,metro,Metro,m2,m2,720227,"Lausanne, Ouchy-Olympique","Epalinges, Croisettes",,,2026-10-08 06:51:00+00:00,,,False,,2026-10-08 08:36:27.770000+02:00,2026-10-08 08:51:00+02:00,,2026-10-08,8,Thursday,False,14.537166666666668
20261008_063620,2026-10-08 06:36:27.770000+00:00,Lausanne,local,ch:1:sloid:92050,"Lausanne, gare",ch:1:sloid:92050:0:1101,2026-10-08,ch:1:sjyid:100122:plan2:m2_0174,metro,Metro,m2,m2,720174,"Epalinges, Croisettes","Lausanne, Ouchy-Olympique",,,2026-10-08 06:51:00+00:00,,,False,,2026-10-08 08:36:27.770000+02:00,2026-10-08 08:51:00+02:00,,2026-10-08,8,Thursday,False,14.537166666666668
20261008_063620,2026-10-08 06:36:27.770000+00:00,Lausanne,local,ch:1:sloid:92050,"Lausanne, gare",ch:1:sloid:92050:0:2893,2026-10-08,ch:1:sjyid:100122:plan1:2026_ATT5-21-50-Semaine-21-9980452,bus,Bus,21,21,21183,"Lausanne, Blécherette",Verrière,A,,2026-10-08 06:52:00+00:00,2026-10-08 06:54:36+00:00,,True,2.6,2026-10-08 08:36:27.770000+02:00,2026-10-08 08:52:00+02:00,2026-10-08 08:54:36+02:00,2026-10-08,8,Thursday,False,15.537166666666668
20261008_063620,2026-10-08 06:36:27.770000+00:00,Lausanne,local,ch:1:sloid:92050,"Lausanne, gare",ch:1:sloid:92050:0:1096,2026-10-08,ch:1:sjyid:100122:plan2:m2_3079,metro,Metro,m2,m2,723079,"Lausanne, gare","Lausanne, Sallaz",,,2026-10-08 06:53:00+00:00,,,False,,2026-10-08 08:36:27.770000+02:00,2026-10-08 08:53:00+02:00,,2026-10-08,8,Thursday,False,16.537166666666668
20261008_063620,2026-10-08 06:36:27.770000+00:00,Lausanne,local,ch:1:sloid:92050,"Lausanne, gare",ch:1:sloid:92050:0:2814,2026-10-08,ch:1:sjyid:100122:plan1:2026_ATT5-21-50-Semaine-21-9980575,bus,Bus,21,21,21055,"Paudex, Verrière",Blécherette,D,,2026-10-08 06:54:00+00:00,2026-10-08 06:54:00+00:00,,True,0.0,2026-10-08 08:36:27.770000+02:00,2026-10-08 08:54:00+02:00,2026-10-08 08:54:00+02:00,2026-10-08,8,Thursday,False,17.537166666666668
20261008_063620,2026-10-08 06:36:27.770000+00:00,Lausanne,local,ch:1:sloid:92050,"Lausanne, gare",ch:1:sloid:92050:0:1096,2026-10-08,ch:1:sjyid:100122:plan2:m2_0281,metro,Metro,m2,m2,720281,"Lausanne, Ouchy-Olympique","Epalinges, Croisettes",,,2026-10-08 06:55:00+00:00,,,False,,2026-10-08 08:36:27.770000+02:00,2026-10-08 08:55:00+02:00,,2026-10-08,8,Thursday,False,18.537166666666668
20261008_063620,2026-10-08 06:36:28.246000+00:00,Genève,local,ch:1:sloid:87057,"Genève, gare Cornavin",ch:1:sloid:87057:0:408265,2026-10-08,ch:1:sjyid:100680:HAS-26-015925-70-Lun-Ven-35914246,bus,Bus,1,1,698621,"Thônex, Hôpital Trois-Chêne",Jardin Botanique,E,,2026-10-08 06:24:00+00:00,2026-10-08 06:37:42+00:00,,True,13.7,2026-10-08 08:36:28.246000+02:00,2026-10-08 08:24:00+02:00,2026-10-08 08:37:42+02:00,2026-10-08,8,Thursday,False,-12.470766666666666
20261008_063620,2026-10-08 06:36:28.246000+00:00,Genève,local,ch:1:sloid:87057,"Genève, gare Cornavin",ch:1:sloid:87057:0:783875,2026-10-08,ch:1:sjyid:100680:HAS-26-015925-70-Lun-Ven-35914423,bus,Bus,9,9,698650,"Thônex, Belle-Terre Pl. Araire",Lignon-Tours,K,,2026-10-08 06:26:00+00:00,2026-10-08 06:39:12+00:00,,True,13.2,2026-10-08 08:36:28.246000+02:00,2026-10-08 08:26:00+02:00,2026-10-08 08:39:12+02:00,2026-10-08,8,Thursday,False,-10.470766666666666
20261008_063620,2026-10-08 06:36:28.246000+00:00,Genève,local,ch:1:sloid:87057,"Genève, gare Cornavin",ch:1:sloid:87057:0:589555,2026-10-08,ch:1:sjyid:100680:HAS-26-015925-70-Lun-Ven-35914515,bus,Bus,9,9,698742,"Vernier, Lignon Tours",Belle-Terre-Place-de-l'Araire,L,,2026-10-08 06:27:00+00:00,2026-10-08 06:38:12+00:00,,True,11.2,2026-10-08 08:36:28.246000+02:00,2026-10-08 08:27:00+02:00,2026-10-08 08:38:12+02:00,2026-10-08,8,Thursday,False,-9.470766666666666
20261008_063620,2026-10-08 06:36:28.246000+00:00,Genève,local,ch:1:sloid:87057,"Genève, gare Cornavin",ch:1:sloid:87057:0:408265,2026-10-08,ch:1:sjyid:100680:HAS-26-015925-70-Lun-Ven-35913900,bus,Bus,25,25,698276,"Thônex, Vallard",Jardin Botanique,E,,2026-10-08 06:28:00+00:00,2026-10-08 06:36:00+00:00,,True,8.0,2026-10-08 08:36:28.246000+02:00,2026-10-08 08:28:00+02:00,2026-10-08 08:36:00+02:00,2026-10-08,8,Thursday,False,-8.470766666666666
20261008_063620,2026-10-08 06:36:28.246000+00:00,Genève,local,ch:1:sloid:87057,"Genève, gare Cornavin",ch:1:sloid:87057:0:408265,2026-10-08,ch:1:sjyid:100680:HAS-26-015925-70-Lun-Ven-35914243,bus,Bus,1,1,698618,"Thônex, Hôpital Trois-Chêne",Jardin Botanique,E,,2026-10-08 06:32:00+00:00,2026-10-08 06:46:48+00:00,,True,14.8,2026-10-08 08:36:28.246000+02:00,2026-10-08 08:32:00+02:00,2026-10-08 08:46:48+02:00,2026-10-08,8,Thursday,False,-4.470766666666666
20261008_063620,2026-10-08 06:36:28.246000+00:00,Genève,local,ch:1:sloid:87057,"Genève, gare Cornavin",ch:1:sloid:87057:0:589555,2026-10-08,ch:1:sjyid:100680:HAS-26-02-06-19-1-Lun-Ven-34652498,bus,Bus,6,6,617293,"Vernier, village",Genève-Plage,L,,2026-10-08 06:33:00+00:00,2026-10-08 06:37:48+00:00,,True,4.8,2026-10-08 08:36:28.246000+02:00,2026-10-08 08:33:00+02:00,2026-10-08 08:37:48+02:00,2026-10-08,8,Thursday,False,-3.470766666666667
20261008_063620,2026-10-08 06:36:28.246000+00:00,Genève,local,ch:1:sloid:87057,"Genève, gare Cornavin",ch:1:sloid:87057:0:973093,2026-10-08,ch:1:sjyid:100680:HAS-26-08-20-13-Lun-Ven-35205803,bus,Bus,8,8,646180,"Grand-Saconnex, Palexpo",Veyrier-Douane,C,,2026-10-08 06:34:00+00:00,2026-10-08 06:41:12+00:00,,True,7.2,2026-10-08 08:36:28.246000+02:00,2026-10-08 08:34:00+02:00,2026-10-08 08:41:12+02:00,2026-10-08,8,Thursday,False,-2.470766666666667
20261008_063620,2026-10-08 06:36:28.246000+00:00,Genève,local,ch:1:sloid:87057,"Genève, gare Cornavin",ch:1:sloid:87057:0:651350,2026-10-08,ch:1:sjyid:100680:HAS-26-015925-70-Lun-Ven-35913829,bus,Bus,5,5,698244,"Genève-Aéroport, Terminal",Thônex-Vallard,B,,2026-10-08 06:34:00+00:00,2026-10-08 06:43:06+00:00,,True,9.1,2026-10-08 08:36:28.246000+02:00,2026-10-08 08:34:00+02:00,2026-10-08 08:43:06+02:00,2026-10-08,8,Thursday,False,-2.470766666666667
20261008_063620,2026-10-08 06:36:28.246000+00:00,Genève,local,ch:1:sloid:87057,"Genève, gare Cornavin",ch:1:sloid:87057:0:46188,2026-10-08,ch:1:sjyid:100680:HAS-26-15-10-Lun-Ven-35076641,tram,Tram,15,15,847772,"Genève, Nations",ZIPLO,D,,2026-10-08 06:34:00+00:00,2026-10-08 06:41:12+00:00,,True,7.2,2026-10-08 08:36:28.246000+02:00,2026-10-08 08:34:00+02:00,2026-10-08 08:41:12+02:00,2026-10-08,8,Thursday,False,-2.470766666666667
20261008_063620,2026-10-08 06:36:28.246000+00:00,Genève,local,ch:1:sloid:87057,"Genève, gare Cornavin",ch:1:sloid:87057:0:783875,2026-10-08,ch:1:sjyid:100680:HAS-26-015925-70-Lun-Ven-35914425,bus,Bus,9,9,698652,"Thônex, Belle-Terre Pl. Araire",Lignon-Tours,K,,2026-10-08 06:34:00+00:00,2026-10-08 06:52:54+00:00,,True,18.9,2026-10-08 08:36:28.246000+02:00,2026-10-08 08:34:00+02:00,2026-10-08 08:52:54+02:00,2026-10-08,8,Thursday,False,-2.470766666666667
20261008_063620,2026-10-08 06:36:28.246000+00:00,Genève,local,ch:1:sloid:87057,"Genève, gare Cornavin",ch:1:sloid:87057:0:589555,2026-10-08,ch:1:sjyid:100680:HAS-26-015925-70-Lun-Ven-35914516,bus,Bus,9,9,698743,"Vernier, Lignon Tours",Belle-Terre-Place-de-l'Araire,L,,2026-10-08 06:35:00+00:00,2026-10-08 06:40:12+00:00,,True,5.2,2026-10-08 08:36:28.246000+02:00,2026-10-08 08:35:00+02:00,2026-10-08 08:40:12+02:00,2026-10-08,8,Thursday,False,-1.4707666666666666
20261008_063620,2026-10-08 06:36:28.246000+00:00,Genève,local,ch:1:sloid:87057,"Genève, gare Cornavin",ch:1:sloid:87057:0:50679,2026-10-08,ch:1:sjyid:100680:HAS-26-08-20-13-Lun-Ven-35205872,bus,Bus,8,8,646249,"Veyrier, douane",Palexpo,J,,2026-10-08 06:35:00+00:00,2026-10-08 06:48:30+00:00,,True,13.5,2026-10-08 08:36:28.246000+02:00,2026-10-08 08:35:00+02:00,2026-10-08 08:48:30+02:00,2026-10-08,8,Thursday,False,-1.4707666666666666
20261008_063620,2026-10-08 06:36:28.246000+00:00,Genève,local,ch:1:sloid:87057,"Genève, gare Cornavin",ch:1:sloid:87057:0:698638,2026-10-08,ch:1:sjyid:100680:HAS-26-03-0-Lun-Ven-33842305,bus,Bus,3,3,555689,"Genève, Crêts-de-Champel",Gardiol,F,,2026-10-08 06:35:00+00:00,2026-10-08 06:37:06+00:00,,True,2.1,2026-10-08 08:36:28.246000+02:00,2026-10-08 08:35:00+02:00,2026-10-08 08:37:06+02:00,2026-10-08,8,Thursday,False,-1.4707666666666666
20261008_063620,2026-10-08 06:36:28.246000+00:00,Genève,local,ch:1:sloid:87057,"Genève, gare Cornavin",ch:1:sloid:87057:0:408265,2026-10-08,ch:1:sjyid:100680:HAS-26-15-10-Lun-Ven-35076618,tram,Tram,15,15,847749,"Plan-les-Ouates, ZIPLO",Nations,E,,2026-10-08 06:36:00+00:00,2026-10-08 06:37:06+00:00,,True,1.1,2026-10-08 08:36:28.246000+02:00,2026-10-08 08:36:00+02:00,2026-10-08 08:37:06+02:00,2026-10-08,8,Thursday,False,-0.47076666666666667
20261008_063620,2026-10-08 06:36:28.246000+00:00,Genève,local,ch:1:sloid:87057,"Genève, gare Cornavin",ch:1:sloid:87057:0:408265,2026-10-08,ch:1:sjyid:100680:HAS-26-015925-70-Lun-Ven-35913899,bus,Bus,25,25,698275,"Thônex, Vallard",Jardin Botanique,E,,2026-10-08 06:36:00+00:00,2026-10-08 06:39:06+00:00,,True,3.1,2026-10-08 08:36:28.246000+02:00,2026-10-08 08:36:00+02:00,2026-10-08 08:39:06+02:00,2026-10-08,8,Thursday,False,-0.47076666666666667
20261008_063620,2026-10-08 06:36:28.246000+00:00,Genève,local,ch:1:sloid:87057,"Genève, gare Cornavin",ch:1:sloid:87057:0:50679,2026-10-08,ch:1:sjyid:100680:HAS-26-015925-70-Lun-Ven-35913733,bus,Bus,5,5,698148,"Thônex, Vallard",Genève-Aéroport-Terminal,J,,2026-10-08 06:36:00+00:00,2026-10-08 06:38:30+00:00,,True,2.5,2026-10-08 08:36:28.246000+02:00,2026-10-08 08:36:00+02:00,2026-10-08 08:38:30+02:00,2026-10-08,8,Thursday,False,-0.47076666666666667
20261008_063620,2026-10-08 06:36:28.246000+00:00,Genève,local,ch:1:sloid:87057,"Genève, gare Cornavin",ch:1:sloid:87057:0:783875,2026-10-08,ch:1:sjyid:100680:HAS-26-02-06-19-1-Lun-Ven-34652449,bus,Bus,6,6,617245,"Genève, Plage",Vernier-Village,K,,2026-10-08 06:36:00+00:00,2026-10-08 06:37:06+00:00,,True,1.1,2026-10-08 08:36:28.246000+02:00,2026-10-08 08:36:00+02:00,2026-10-08 08:37:06+02:00,2026-10-08,8,Thursday,False,-0.47076666666666667
20261008_063620,2026-10-08 06:36:28.246000+00:00,Genève,local,ch:1:sloid:87057,"Genève, gare Cornavin",ch:1:sloid:87057:0:46188,2026-10-08,ch:1:sjyid:100680:HAS-26-015925-70-Lun-Ven-35914053,bus,Bus,25,25,698429,"Genève, Jardin Botanique",Thônex-Vallard,D,,2026-10-08 06:37:00+00:00,2026-10-08 06:36:18+00:00,,True,-0.7,2026-10-08 08:36:28.246000+02:00,2026-10-08 08:37:00+02:00,2026-10-08 08:36:18+02:00,2026-10-08,8,Thursday,False,0.5292333333333333
20261008_063620,2026-10-08 06:36:28.246000+00:00,Genève,local,ch:1:sloid:87057,"Genève, gare Cornavin",ch:1:sloid:87057:0:233278,2026-10-08,ch:1:sjyid:100680:HAS-26-14-10-Lun-Ven-35075529,tram,Tram,14,14,846660,"Meyrin, Gravière",Bernex-Vailly,I,,2026-10-08 06:37:00+00:00,2026-10-08 06:40:18+00:00,,True,3.3,2026-10-08 08:36:28.246000+02:00,2026-10-08 08:37:00+02:00,2026-10-08 08:40:18+02:00,2026-10-08,8,Thursday,False,0.5292333333333333
20261008_063620,2026-10-08 06:36:28.246000+00:00,Genève,local,ch:1:sloid:87057,"Genève, gare Cornavin",ch:1:sloid:87057:0:589555,2026-10-08,ch:1:sjyid:100680:HAS-26-10-0-Lun-Ven-33810299,bus,Bus,10,10,551528,"Genève-Aéroport, Terminal",Rive,L,,2026-10-08 06:38:00+00:00,2026-10-08 06:42:54+00:00,,True,4.9,2026-10-08 08:36:28.246000+02:00,2026-10-08 08:38:00+02:00,2026-10-08 08:42:54+02:00,2026-10-08,8,Thursday,False,1.5292333333333334
20261008_063620,2026-10-08 06:36:28.246000+00:00,Genève,local,ch:1:sloid:87057,"Genève, gare Cornavin",ch:1:sloid:87057:0:651350,2026-10-08,ch:1:sjyid:100680:HAS-26-08-20-13-Lun-Ven-35205996,bus,Bus,20,20,646308,"Bellevue GE, Valavran",Veyrier-Tournettes,B,,2026-10-08 06:38:00+00:00,2026-10-08 06:38:30+00:00,,True,0.5,2026-10-08 08:36:28.246000+02:00,2026-10-08 08:38:00+02:00,2026-10-08 08:38:30+02:00,2026-10-08,8,Thursday,False,1.5292333333333334
20261008_063620,2026-10-08 06:36:28.246000+00:00,Genève,local,ch:1:sloid:87057,"Genève, gare Cornavin",ch:1:sloid:87057:0:46188,2026-10-08,ch:1:sjyid:100680:HAS-26-15-10-Lun-Ven-35076640,tram,Tram,15,15,847771,"Genève, Nations",ZIPLO,D,,2026-10-08 06:38:00+00:00,2026-10-08 06:41:30+00:00,,True,3.5,2026-10-08 08:36:28.246000+02:00,2026-10-08 08:38:00+02:00,2026-10-08 08:41:30+02:00,2026-10-08,8,Thursday,False,1.5292333333333334
20261008_063620,2026-10-08 06:36:28.246000+00:00,Genève,local,ch:1:sloid:87057,"Genève, gare Cornavin",ch:1:sloid:87057:0:89811,2026-10-08,ch:1:sjyid:100680:HAS-26-14-10-Lun-Ven-35075552,tram,Tram,14,14,846683,"Bernex, Vailly",Meyrin-Gravière,H,,2026-10-08 06:38:00+00:00,2026-10-08 06:39:18+00:00,,True,1.3,2026-10-08 08:36:28.246000+02:00,2026-10-08 08:38:00+02:00,2026-10-08 08:39:18+02:00,2026-10-08,8,Thursday,False,1.5292333333333334
20261008_063620,2026-10-08 06:36:28.246000+00:00,Genève,local,ch:1:sloid:87057,"Genève, gare Cornavin",ch:1:sloid:87057:0:50679,2026-10-08,ch:1:sjyid:100680:HAS-26-60-61-70-Lun-Ven-35376367,bus,Bus,60,60,693478,"Genève, gare Cornavin",Ferney-Mairie,J,,2026-10-08 06:39:00+00:00,2026-10-08 06:39:00+00:00,,True,0.0,2026-10-08 08:36:28.246000+02:00,2026-10-08 08:39:00+02:00,2026-10-08 08:39:00+02:00,2026-10-08,8,Thursday,False,2.529233333333333
20261008_063620,2026-10-08 06:36:28.246000+00:00,Genève,local,ch:1:sloid:87057,"Genève, gare Cornavin",ch:1:sloid:87057:0:233278,2026-10-08,ch:1:sjyid:100680:HAS-26-18-10-Lun-Ven-35075096,tram,Tram,18,18,846229,"Meyrin, CERN",Palettes,I,,2026-10-08 06:40:00+00:00,2026-10-08 06:40:06+00:00,,True,0.1,2026-10-08 08:36:28.246000+02:00,2026-10-08 08:40:00+02:00,2026-10-08 08:40:06+02:00,2026-10-08,8,Thursday,False,3.529233333333333
20261008_063620,2026-10-08 06:36:28.246000+00:00,Genève,local,ch:1:sloid:87057,"Genève, gare Cornavin",ch:1:sloid:87057:0:46188,2026-10-08,ch:1:sjyid:100680:HAS-26-015925-70-Lun-Ven-35914084,bus,Bus,1,1,698459,"Genève, Jardin Botanique",Hôpital Trois-Chêne,D,,2026-10-08 06:40:00+00:00,2026-10-08 06:39:12+00:00,,True,-0.8,2026-10-08 08:36:28.246000+02:00,2026-10-08 08:40:00+02:00,2026-10-08 08:39:12+02:00,2026-10-08,8,Thursday,False,3.529233333333333
20261008_063620,2026-10-08 06:36:28.246000+00:00,Genève,local,ch:1:sloid:87057,"Genève, gare Cornavin",ch:1:sloid:87057:0:89811,2026-10-08,ch:1:sjyid:100680:HAS-26-18-10-Lun-Ven-35075084,tram,Tram,18,18,846217,"Grand-Lancy, Palettes",CERN,H,,2026-10-08 06:40:00+00:00,2026-10-08 06:43:00+00:00,,True,3.0,2026-10-08 08:36:28.246000+02:00,2026-10-08 08:40:00+02:00,2026-10-08 08:43:00+02:00,2026-10-08,8,Thursday,False,3.529233333333333
20261008_063620,2026-10-08 06:36:28.246000+00:00,Genève,local,ch:1:sloid:87057,"Genève, gare Cornavin",ch:1:sloid:87057:0:408265,2026-10-08,ch:1:sjyid:100680:HAS-26-015925-70-Lun-Ven-35914247,bus,Bus,1,1,698622,"Thônex, Hôpital Trois-Chêne",Jardin Botanique,E,,2026-10-08 06:40:00+00:00,2026-10-08 06:55:30+00:00,,True,15.5,2026-10-08 08:36:28.246000+02:00,2026-10-08 08:40:00+02:00,2026-10-08 08:55:30+02:00,2026-10-08,8,Thursday,False,3.529233333333333
20261008_063620,2026-10-08 06:36:28.246000+00:00,Genève,local,ch:1:sloid:87057,"Genève, gare Cornavin",ch:1:sloid:87057:0:50679,2026-10-08,ch:1:sjyid:100680:HAS-26-08-20-13-Lun-Ven-35205980,bus,Bus,20,20,646292,"Veyrier, Tournettes",Valavran,J,,2026-10-08 06:40:00+00:00,2026-10-08 06:48:18+00:00,,True,8.3,2026-10-08 08:36:28.246000+02:00,2026-10-08 08:40:00+02:00,2026-10-08 08:48:18+02:00,2026-10-08,8,Thursday,False,3.529233333333333
20261008_063620,2026-10-08 06:36:28.733000+00:00,Lugano,local,ch:1:sloid:5380,"Lugano, Stazione",ch:1:sloid:5380::407001,2026-10-08,ch:1:sjyid:100754:0c6221d6-9c02-4e7b-a073-243811bad283,bus,Bus,2,2,2060,"Castagnola, Capolinea","Paradiso, Carzo",A,,2026-10-08 06:35:00+00:00,2026-10-08 06:38:18+00:00,,True,3.3,2026-10-08 08:36:28.733000+02:00,2026-10-08 08:35:00+02:00,2026-10-08 08:38:18+02:00,2026-10-08,8,Thursday,False,-1.4788833333333333
20261008_063620,2026-10-08 06:36:28.733000+00:00,Lugano,local,ch:1:sloid:5380,"Lugano, Stazione",ch:1:sloid:5380::407001,2026-10-08,ch:1:sjyid:100754:9bec0ece-96d4-4de4-a1ca-f1bca4526390,bus,Bus,6,6,6059,"Lugano, Stazione","Lugano, Cornaredo",A,,2026-10-08 06:40:00+00:00,2026-10-08 06:40:00+00:00,,True,0.0,2026-10-08 08:36:28.733000+02:00,2026-10-08 08:40:00+02:00,2026-10-08 08:40:00+02:00,2026-10-08,8,Thursday,False,3.5211166666666665
20261008_063620,2026-10-08 06:36:28.733000+00:00,Lugano,local,ch:1:sloid:5380,"Lugano, Stazione",ch:1:sloid:5380::407002,2026-10-08,ch:1:sjyid:100754:f3618bce-f0a8-4de8-b090-bd4bfbe7831b,bus,Bus,4,4,4045,"Lugano, Centro","Canobbio, Ganna",B,,2026-10-08 06:44:00+00:00,2026-10-08 06:44:00+00:00,,True,0.0,2026-10-08 08:36:28.733000+02:00,2026-10-08 08:44:00+02:00,2026-10-08 08:44:00+02:00,2026-10-08,8,Thursday,False,7.521116666666667
20261008_063620,2026-10-08 06:36:28.733000+00:00,Lugano,local,ch:1:sloid:5380,"Lugano, Stazione",ch:1:sloid:5380::407001,2026-10-08,ch:1:sjyid:100754:0e693d63-2c51-497a-9bcd-c4006a33bc30,bus,Bus,4,4,4050,"Canobbio, Ganna","Lugano, Centro",A,,2026-10-08 06:46:00+00:00,2026-10-08 06:46:00+00:00,,True,0.0,2026-10-08 08:36:28.733000+02:00,2026-10-08 08:46:00+02:00,2026-10-08 08:46:00+02:00,2026-10-08,8,Thursday,False,9.521116666666668
20261008_063620,2026-10-08 06:36:28.733000+00:00,Lugano,local,ch:1:sloid:5380,"Lugano, Stazione",ch:1:sloid:5380::407001,2026-10-08,ch:1:sjyid:100754:79880729-0698-443a-ae36-0bc4a5f59bf8,bus,Bus,6,6,6061,"Lugano, Stazione","Lugano, Cornaredo",A,,2026-10-08 06:50:00+00:00,2026-10-08 06:50:00+00:00,,True,0.0,2026-10-08 08:36:28.733000+02:00,2026-10-08 08:50:00+02:00,2026-10-08 08:50:00+02:00,2026-10-08,8,Thursday,False,13.521116666666668
20261008_063620,2026-10-08 06:36:28.733000+00:00,Lugano,local,ch:1:sloid:5380,"Lugano, Stazione",ch:1:sloid:5380::407001,2026-10-08,ch:1:sjyid:100754:2c2b2f20-a3da-4440-9e9b-cde3599587cf,bus,Bus,2,2,2066,"Castagnola, Capolinea","Paradiso, Carzo",A,,2026-10-08 06:50:00+00:00,2026-10-08 06:50:18+00:00,,True,0.3,2026-10-08 08:36:28.733000+02:00,2026-10-08 08:50:00+02:00,2026-10-08 08:50:18+02:00,2026-10-08,8,Thursday,False,13.521116666666668
20261008_063620,2026-10-08 06:36:28.733000+00:00,Lugano,local,ch:1:sloid:5380,"Lugano, Stazione",ch:1:sloid:5380::407002,2026-10-08,ch:1:sjyid:100754:dd1f61db-a4e8-48ed-9cba-0ada0bcb19bb,bus,Bus,4,4,4049,"Lugano, Centro","Canobbio, Ganna",B,,2026-10-08 06:59:00+00:00,2026-10-08 06:59:00+00:00,,True,0.0,2026-10-08 08:36:28.733000+02:00,2026-10-08 08:59:00+02:00,2026-10-08 08:59:00+02:00,2026-10-08,8,Thursday,False,22.521116666666668
20261008_063620,2026-10-08 06:36:28.733000+00:00,Lugano,local,ch:1:sloid:5380,"Lugano, Stazione",ch:1:sloid:5380::407001,2026-10-08,ch:1:sjyid:100754:7a2f8256-70fc-48ee-9e9f-601619c42b56,bus,Bus,6,6,6065,"Lugano, Stazione","Lugano, Cornaredo",A,,2026-10-08 07:00:00+00:00,2026-10-08 07:00:00+00:00,,True,0.0,2026-10-08 08:36:28.733000+02:00,2026-10-08 09:00:00+02:00,2026-10-08 09:00:00+02:00,2026-10-08,9,Thursday,False,23.521116666666668
20261008_063620,2026-10-08 06:36:28.733000+00:00,Lugano,local,ch:1:sloid:5380,"Lugano, Stazione",ch:1:sloid:5380::407001,2026-10-08,ch:1:sjyid:100754:55a835f0-bd6e-4562-85db-6bc2146fe35d,bus,Bus,4,4,4054,"Canobbio, Ganna","Lugano, Centro",A,,2026-10-08 07:01:00+00:00,2026-10-08 07:01:00+00:00,,True,0.0,2026-10-08 08:36:28.733000+02:00,2026-10-08 09:01:00+02:00,2026-10-08 09:01:00+02:00,2026-10-08,9,Thursday,False,24.521116666666668
20261008_063620,2026-10-08 06:36:28.733000+00:00,Lugano,local,ch:1:sloid:5380,"Lugano, Stazione",ch:1:sloid:5380::407001,2026-10-08,ch:1:sjyid:100754:338fb6af-8751-457d-89c4-57a22b85e85e,bus,Bus,2,2,2072,"Castagnola, Capolinea","Paradiso, Carzo",A,,2026-10-08 07:05:00+00:00,2026-10-08 07:05:00+00:00,,True,0.0,2026-10-08 08:36:28.733000+02:00,2026-10-08 09:05:00+02:00,2026-10-08 09:05:00+02:00,2026-10-08,9,Thursday,False,28.521116666666668
20261008_063620,2026-10-08 06:36:28.733000+00:00,Lugano,local,ch:1:sloid:5380,"Lugano, Stazione",ch:1:sloid:5380::407001,2026-10-08,ch:1:sjyid:100754:d1d877b5-5763-4b28-82c9-9f48605091cb,bus,Bus,6,6,6069,"Lugano, Stazione","Lugano, Cornaredo",A,,2026-10-08 07:10:00+00:00,2026-10-08 07:10:00+00:00,,True,0.0,2026-10-08 08:36:28.733000+02:00,2026-10-08 09:10:00+02:00,2026-10-08 09:10:00+02:00,2026-10-08,9,Thursday,False,33.521116666666664
20261008_063620,2026-10-08 06:36:28.733000+00:00,Lugano,local,ch:1:sloid:5380,"Lugano, Stazione",ch:1:sloid:5380::407002,2026-10-08,ch:1:sjyid:100754:640c05dc-f9c4-484d-9e46-5f6a82f64408,bus,Bus,4,4,4053,"Lugano, Centro","Canobbio, Ganna",B,,2026-10-08 07:14:00+00:00,2026-10-08 07:14:00+00:00,,True,0.0,2026-10-08 08:36:28.733000+02:00,2026-10-08 09:14:00+02:00,2026-10-08 09:14:00+02:00,2026-10-08,9,Thursday,False,37.521116666666664
20261008_063620,2026-10-08 06:36:28.733000+00:00,Lugano,local,ch:1:sloid:5380,"Lugano, Stazione",ch:1:sloid:5380::407001,2026-10-08,ch:1:sjyid:100754:565ae0ed-300b-4165-b7de-7e8ba5776d27,bus,Bus,4,4,4060,"Canobbio, Ganna","Lugano, Centro",A,,2026-10-08 07:16:00+00:00,2026-10-08 07:16:00+00:00,,True,0.0,2026-10-08 08:36:28.733000+02:00,2026-10-08 09:16:00+02:00,2026-10-08 09:16:00+02:00,2026-10-08,9,Thursday,False,39.521116666666664
20261008_063620,2026-10-08 06:36:28.733000+00:00,Lugano,local,ch:1:sloid:5380,"Lugano, Stazione",ch:1:sloid:5380::407001,2026-10-08,ch:1:sjyid:100754:1fa0f3f1-9dfd-4b6f-906a-83913560064b,bus,Bus,2,2,2076,"Castagnola, Capolinea","Paradiso, Carzo",A,,2026-10-08 07:20:00+00:00,,,False,,2026-10-08 08:36:28.733000+02:00,2026-10-08 09:20:00+02:00,,2026-10-08,9,Thursday,False,43.521116666666664
20261008_063620,2026-10-08 06:36:28.733000+00:00,Lugano,local,ch:1:sloid:5380,"Lugano, Stazione",ch:1:sloid:5380::407001,2026-10-08,ch:1:sjyid:100754:fd00695f-3f3d-4472-ba5a-5e4887a2a562,bus,Bus,6,6,6071,"Lugano, Stazione","Lugano, Cornaredo",A,,2026-10-08 07:24:00+00:00,,,False,,2026-10-08 08:36:28.733000+02:00,2026-10-08 09:24:00+02:00,,2026-10-08,9,Thursday,False,47.521116666666664
20261008_063620,2026-10-08 06:36:28.733000+00:00,Lugano,local,ch:1:sloid:5380,"Lugano, Stazione",ch:1:sloid:5380::407002,2026-10-08,ch:1:sjyid:100754:599d826a-0db1-444e-9ecc-583e105f295f,bus,Bus,4,4,4057,"Lugano, Centro","Canobbio, Ganna",B,,2026-10-08 07:29:00+00:00,2026-10-08 07:29:00+00:00,,True,0.0,2026-10-08 08:36:28.733000+02:00,2026-10-08 09:29:00+02:00,2026-10-08 09:29:00+02:00,2026-10-08,9,Thursday,False,52.521116666666664
20261008_063620,2026-10-08 06:36:28.733000+00:00,Lugano,local,ch:1:sloid:5380,"Lugano, Stazione",ch:1:sloid:5380::407001,2026-10-08,ch:1:sjyid:100754:6451c312-3048-4390-9a34-19de46297e00,bus,Bus,4,4,4062,"Canobbio, Ganna","Lugano, Centro",A,,2026-10-08 07:31:00+00:00,2026-10-08 07:31:00+00:00,,True,0.0,2026-10-08 08:36:28.733000+02:00,2026-10-08 09:31:00+02:00,2026-10-08 09:31:00+02:00,2026-10-08,9,Thursday,False,54.521116666666664
20261008_063620,2026-10-08 06:36:28.733000+00:00,Lugano,local,ch:1:sloid:5380,"Lugano, Stazione",ch:1:sloid:5380::407001,2026-10-08,ch:1:sjyid:100754:543b8e58-15df-40ee-9274-42b85de03d60,bus,Bus,2,2,2080,"Castagnola, Capolinea","Paradiso, Carzo",A,,2026-10-08 07:35:00+00:00,2026-10-08 07:35:00+00:00,,True,0.0,2026-10-08 08:36:28.733000+02:00,2026-10-08 09:35:00+02:00,2026-10-08 09:35:00+02:00,2026-10-08,9,Thursday,False,58.521116666666664
20261008_063620,2026-10-08 06:36:28.733000+00:00,Lugano,local,ch:1:sloid:5380,"Lugano, Stazione",ch:1:sloid:5380::407001,2026-10-08,ch:1:sjyid:100754:eeb546ee-ba06-48f6-9591-6e7ce3fbb8b3,bus,Bus,6,6,6077,"Lugano, Stazione","Lugano, Cornaredo",A,,2026-10-08 07:39:00+00:00,,,False,,2026-10-08 08:36:28.733000+02:00,2026-10-08 09:39:00+02:00,,2026-10-08,9,Thursday,False,62.521116666666664
20261008_063620,2026-10-08 06:36:28.733000+00:00,Lugano,local,ch:1:sloid:5380,"Lugano, Stazione",ch:1:sloid:5380::407002,2026-10-08,ch:1:sjyid:100754:4531e026-478d-4f09-b37f-ff7fd8b56085,bus,Bus,4,4,4061,"Lugano, Centro","Canobbio, Ganna",B,,2026-10-08 07:44:00+00:00,2026-10-08 07:44:00+00:00,,True,0.0,2026-10-08 08:36:28.733000+02:00,2026-10-08 09:44:00+02:00,2026-10-08 09:44:00+02:00,2026-10-08,9,Thursday,False,67.52111666666666
20261008_063620,2026-10-08 06:36:28.733000+00:00,Lugano,local,ch:1:sloid:5380,"Lugano, Stazione",ch:1:sloid:5380::407001,2026-10-08,ch:1:sjyid:100754:31ad750d-cc04-4a69-8f39-37ca2bc9102d,bus,Bus,4,4,4068,"Canobbio, Ganna","Lugano, Centro",A,,2026-10-08 07:46:00+00:00,2026-10-08 07:46:00+00:00,,True,0.0,2026-10-08 08:36:28.733000+02:00,2026-10-08 09:46:00+02:00,2026-10-08 09:46:00+02:00,2026-10-08,9,Thursday,False,69.52111666666666
20261008_063620,2026-10-08 06:36:28.733000+00:00,Lugano,local,ch:1:sloid:5380,"Lugano, Stazione",ch:1:sloid:5380::407001,2026-10-08,ch:1:sjyid:100754:0778e0c0-62e2-4d4a-8737-e3c161a5c714,bus,Bus,2,2,2084,"Castagnola, Capolinea","Paradiso, Carzo",A,,2026-10-08 07:50:00+00:00,2026-10-08 07:50:00+00:00,,True,0.0,2026-10-08 08:36:28.733000+02:00,2026-10-08 09:50:00+02:00,2026-10-08 09:50:00+02:00,2026-10-08,9,Thursday,False,73.52111666666666
20261008_063620,2026-10-08 06:36:28.733000+00:00,Lugano,local,ch:1:sloid:5380,"Lugano, Stazione",ch:1:sloid:5380::407001,2026-10-08,ch:1:sjyid:100754:30c77022-0191-4dec-81ae-72c6574df3b1,bus,Bus,6,6,6079,"Lugano, Stazione","Lugano, Cornaredo",A,,2026-10-08 07:54:00+00:00,,,False,,2026-10-08 08:36:28.733000+02:00,2026-10-08 09:54:00+02:00,,2026-10-08,9,Thursday,False,77.52111666666666
20261008_063620,2026-10-08 06:36:28.733000+00:00,Lugano,local,ch:1:sloid:5380,"Lugano, Stazione",ch:1:sloid:5380::407002,2026-10-08,ch:1:sjyid:100754:ac858973-0726-4c1a-9e18-a8e1f91159e3,bus,Bus,4,4,4065,"Lugano, Centro","Canobbio, Ganna",B,,2026-10-08 07:59:00+00:00,2026-10-08 07:59:00+00:00,,True,0.0,2026-10-08 08:36:28.733000+02:00,2026-10-08 09:59:00+02:00,2026-10-08 09:59:00+02:00,2026-10-08,9,Thursday,False,82.52111666666666
20261008_063620,2026-10-08 06:36:28.733000+00:00,Lugano,local,ch:1:sloid:5380,"Lugano, Stazione",ch:1:sloid:5380::407001,2026-10-08,ch:1:sjyid:100754:a02cfb9d-20c0-42d3-89a3-f8e9af88def4,bus,Bus,4,4,4070,"Canobbio, Ganna","Lugano, Centro",A,,2026-10-08 08:01:00+00:00,2026-10-08 08:01:00+00:00,,True,0.0,2026-10-08 08:36:28.733000+02:00,2026-10-08 10:01:00+02:00,2026-10-08 10:01:00+02:00,2026-10-08,10,Thursday,False,84.52111666666666
20261008_063620,2026-10-08 06:36:28.733000+00:00,Lugano,local,ch:1:sloid:5380,"Lugano, Stazione",ch:1:sloid:5380::407001,2026-10-08,ch:1:sjyid:100754:a51ffa56-7e47-4160-9bcd-f76c8c490815,bus,Bus,2,2,2088,"Castagnola, Capolinea","Paradiso, Carzo",A,,2026-10-08 08:05:00+00:00,2026-10-08 08:05:00+00:00,,True,0.0,2026-10-08 08:36:28.733000+02:00,2026-10-08 10:05:00+02:00,2026-10-08 10:05:00+02:00,2026-10-08,10,Thursday,False,88.52111666666666
20261008_063620,2026-10-08 06:36:28.733000+00:00,Lugano,local,ch:1:sloid:5380,"Lugano, Stazione",ch:1:sloid:5380::407001,2026-10-08,ch:1:sjyid:100754:e2d8ae4a-c1a7-41f0-a8c5-2264c2ad36bf,bus,Bus,6,6,6083,"Lugano, Stazione","Lugano, Cornaredo",A,,2026-10-08 08:09:00+00:00,,,False,,2026-10-08 08:36:28.733000+02:00,2026-10-08 10:09:00+02:00,,2026-10-08,10,Thursday,False,92.52111666666666
20261008_063620,2026-10-08 06:36:28.733000+00:00,Lugano,local,ch:1:sloid:5380,"Lugano, Stazione",ch:1:sloid:5380::407002,2026-10-08,ch:1:sjyid:100754:2914c58f-e737-467d-9e59-16869ddd1d83,bus,Bus,4,4,4069,"Lugano, Centro","Canobbio, Ganna",B,,2026-10-08 08:14:00+00:00,,,False,,2026-10-08 08:36:28.733000+02:00,2026-10-08 10:14:00+02:00,,2026-10-08,10,Thursday,False,97.52111666666666
20261008_063620,2026-10-08 06:36:28.733000+00:00,Lugano,local,ch:1:sloid:5380,"Lugano, Stazione",ch:1:sloid:5380::407001,2026-10-08,ch:1:sjyid:100754:d277156b-2edb-4e02-95b9-21a46101a7f6,bus,Bus,4,4,4076,"Canobbio, Ganna","Lugano, Centro",A,,2026-10-08 08:16:00+00:00,,,False,,2026-10-08 08:36:28.733000+02:00,2026-10-08 10:16:00+02:00,,2026-10-08,10,Thursday,False,99.52111666666666
20261008_063620,2026-10-08 06:36:28.733000+00:00,Lugano,local,ch:1:sloid:5380,"Lugano, Stazione",ch:1:sloid:5380::407001,2026-10-08,ch:1:sjyid:100754:dfad57ce-c210-4808-aa5d-4b983e0fad33,bus,Bus,2,2,2092,"Castagnola, Capolinea","Paradiso, Carzo",A,,2026-10-08 08:20:00+00:00,2026-10-08 08:20:00+00:00,,True,0.0,2026-10-08 08:36:28.733000+02:00,2026-10-08 10:20:00+02:00,2026-10-08 10:20:00+02:00,2026-10-08,10,Thursday,False,103.52111666666666
