batch_id,collection_timestamp,city,station_type,station_id,station_name,stop_point_ref,operating_day,journey_ref,transport_mode,product_category,public_code,line,train_number,origin,destination,planned_platform,estimated_platform,scheduled_departure,estimated_departure,cancelled,has_realtime,predicted_delay_minutes,collection_timestamp_local,scheduled_departure_local,estimated_departure_local,date,hour,weekday,weekend,minutes_until_departure
20261007_010018,2026-10-07 01:00:18.295000+00:00,Zürich,rail,ch:1:sloid:3000,Zürich HB,ch:1:sloid:3000:6:10,2026-10-07,ch:1:sjyid:100001:18011-001,rail,S-Bahn,S,S,18011,Zürich HB,Zürich Flughafen,10,,2026-10-07 02:33:00+00:00,2026-10-07 02:33:18+00:00,,True,0.3,2026-10-07 03:00:18.295000+02:00,2026-10-07 04:33:00+02:00,2026-10-07 04:33:18+02:00,2026-10-07,4,Wednesday,False,92.69508333333333
20261007_010018,2026-10-07 01:00:18.295000+00:00,Zürich,rail,ch:1:sloid:3000,Zürich HB,ch:1:sloid:3000:9:17,2026-10-07,ch:1:sjyid:100001:19214-001,rail,S-Bahn,S12,S12,19214,Zürich HB,Brugg AG,17,,2026-10-07 02:44:00+00:00,2026-10-07 02:44:18+00:00,,True,0.3,2026-10-07 03:00:18.295000+02:00,2026-10-07 04:44:00+02:00,2026-10-07 04:44:18+02:00,2026-10-07,4,Wednesday,False,103.69508333333333
20261007_010018,2026-10-07 01:00:18.295000+00:00,Zürich,rail,ch:1:sloid:3000,Zürich HB,ch:1:sloid:3000:6:10,2026-10-07,ch:1:sjyid:100001:19116-001,rail,S-Bahn,S11,S11,19116,Zürich HB,Aarau,10,,2026-10-07 02:59:00+00:00,2026-10-07 03:00:06+00:00,,True,1.1,2026-10-07 03:00:18.295000+02:00,2026-10-07 04:59:00+02:00,2026-10-07 05:00:06+02:00,2026-10-07,4,Wednesday,False,118.69508333333333
20261007_010018,2026-10-07 01:00:18.295000+00:00,Zürich,rail,ch:1:sloid:3000,Zürich HB,ch:1:sloid:3000:3:4,2026-10-07,ch:1:sjyid:100001:18017-001,rail,S-Bahn,S,S,18017,Zürich HB,Winterthur,4,,2026-10-07 03:02:00+00:00,,,False,,2026-10-07 03:00:18.295000+02:00,2026-10-07 05:02:00+02:00,,2026-10-07,5,Wednesday,False,121.69508333333333
20261007_010018,2026-10-07 01:00:18.295000+00:00,Zürich,rail,ch:1:sloid:3000,Zürich HB,ch:1:sloid:3000:502:42,2026-10-07,ch:1:sjyid:100001:19617-001,rail,S-Bahn,S16,S16,19617,Zürich HB,Rapperswil SG,41/42,41,2026-10-07 03:05:00+00:00,,,False,,2026-10-07 03:00:18.295000+02:00,2026-10-07 05:05:00+02:00,,2026-10-07,5,Wednesday,False,124.69508333333333
20261007_010018,2026-10-07 01:00:18.295000+00:00,Zürich,rail,ch:1:sloid:3000,Zürich HB,ch:1:sloid:3000:500:31,2026-10-07,ch:1:sjyid:100001:18817-002,rail,S-Bahn,S8,S8,18817,Zürich HB,Wädenswil,31,,2026-10-07 03:07:00+00:00,,,False,,2026-10-07 03:00:18.295000+02:00,2026-10-07 05:07:00+02:00,,2026-10-07,5,Wednesday,False,126.69508333333333
20261007_010018,2026-10-07 01:00:18.295000+00:00,Zürich,rail,ch:1:sloid:3000,Zürich HB,ch:1:sloid:3000:10:18,2026-10-07,ch:1:sjyid:100001:18916-001,rail,S-Bahn,S9,S9,18916,Zürich HB,Schaffhausen,18,,2026-10-07 03:07:00+00:00,,,False,,2026-10-07 03:00:18.295000+02:00,2026-10-07 05:07:00+02:00,,2026-10-07,5,Wednesday,False,126.69508333333333
20261007_010018,2026-10-07 01:00:18.295000+00:00,Zürich,rail,ch:1:sloid:3000,Zürich HB,ch:1:sloid:3000:5:9,2026-10-07,ch:1:sjyid:100001:2252-001,rail,InterRegio,IR37,IR37,2252,Zürich HB,Basel SBB,9,,2026-10-07 03:08:00+00:00,2026-10-07 03:08:30+00:00,,True,0.5,2026-10-07 03:00:18.295000+02:00,2026-10-07 05:08:00+02:00,2026-10-07 05:08:30+02:00,2026-10-07,5,Wednesday,False,127.69508333333333
20261007_010018,2026-10-07 01:00:18.295000+00:00,Zürich,rail,ch:1:sloid:3000,Zürich HB,ch:1:sloid:3000:501:33,2026-10-07,ch:1:sjyid:100001:19417-001,rail,S-Bahn,S14,S14,19417,Zürich HB,Hinwil,33,,2026-10-07 03:12:00+00:00,,,False,,2026-10-07 03:00:18.295000+02:00,2026-10-07 05:12:00+02:00,,2026-10-07,5,Wednesday,False,131.69508333333334
20261007_010018,2026-10-07 01:00:18.295000+00:00,Zürich,rail,ch:1:sloid:3000,Zürich HB,ch:1:sloid:3000:4:7,2026-10-07,ch:1:sjyid:100061:2351-001,rail,InterRegio,IR35,IR35,2351,Zürich HB,Chur,7,,2026-10-07 03:12:00+00:00,2026-10-07 03:13:00+00:00,,True,1.0,2026-10-07 03:00:18.295000+02:00,2026-10-07 05:12:00+02:00,2026-10-07 05:13:00+02:00,2026-10-07,5,Wednesday,False,131.69508333333334
20261007_010018,2026-10-07 01:00:18.295000+00:00,Zürich,rail,ch:1:sloid:3000,Zürich HB,ch:1:sloid:3000:501:34,2026-10-07,ch:1:sjyid:100001:19016-001,rail,S-Bahn,S,S,19016,Ziegelbrücke,Zürich Flughafen,34,,2026-10-07 03:14:00+00:00,2026-10-07 03:14:18+00:00,,True,0.3,2026-10-07 03:00:18.295000+02:00,2026-10-07 05:14:00+02:00,2026-10-07 05:14:18+02:00,2026-10-07,5,Wednesday,False,133.69508333333334
20261007_010018,2026-10-07 01:00:18.295000+00:00,Zürich,rail,ch:1:sloid:3000,Zürich HB,ch:1:sloid:3000:503:43,2026-10-07,ch:1:sjyid:100001:19217-001,rail,S-Bahn,S12,S12,19217,Brugg AG,Schaffhausen,43/44,,2026-10-07 03:16:00+00:00,2026-10-07 03:17:00+00:00,,True,1.0,2026-10-07 03:00:18.295000+02:00,2026-10-07 05:16:00+02:00,2026-10-07 05:17:00+02:00,2026-10-07,5,Wednesday,False,135.69508333333334
20261007_010018,2026-10-07 01:00:18.295000+00:00,Zürich,rail,ch:1:sloid:3000,Zürich HB,ch:1:sloid:3000:502:42,2026-10-07,ch:1:sjyid:100001:19616-001,rail,S-Bahn,S16,S16,19616,Rapperswil SG,Zürich Flughafen,41/42,,2026-10-07 03:16:00+00:00,2026-10-07 03:16:18+00:00,,True,0.3,2026-10-07 03:00:18.295000+02:00,2026-10-07 05:16:00+02:00,2026-10-07 05:16:18+02:00,2026-10-07,5,Wednesday,False,135.69508333333334
20261007_010018,2026-10-07 01:00:18.295000+00:00,Zürich,rail,ch:1:sloid:3000,Zürich HB,ch:1:sloid:3000:7:13,2026-10-07,ch:1:sjyid:100001:704-001,rail,InterCity,IC1,IC1,704,Zürich HB,Genève-Aéroport,13,,2026-10-07 03:19:00+00:00,,,False,,2026-10-07 03:00:18.295000+02:00,2026-10-07 05:19:00+02:00,,2026-10-07,5,Wednesday,False,138.69508333333334
20261007_010018,2026-10-07 01:00:18.295000+00:00,Zürich,rail,ch:1:sloid:3000,Zürich HB,ch:1:sloid:3000:500:32,2026-10-07,ch:1:sjyid:100001:19416-001,rail,S-Bahn,S14,S14,19416,Rüti ZH,Affoltern am Albis,32,,2026-10-07 03:19:00+00:00,2026-10-07 03:20:00+00:00,,True,1.0,2026-10-07 03:00:18.295000+02:00,2026-10-07 05:19:00+02:00,2026-10-07 05:20:00+02:00,2026-10-07,5,Wednesday,False,138.69508333333334
20261007_010018,2026-10-07 01:00:18.295000+00:00,Zürich,rail,ch:1:sloid:3000,Zürich HB,ch:1:sloid:3000:3:5,2026-10-07,ch:1:sjyid:100001:20417-001,rail,S-Bahn,S24,S24,20417,Zürich HB,Zug,5,,2026-10-07 03:21:00+00:00,2026-10-07 03:21:18+00:00,,True,0.3,2026-10-07 03:00:18.295000+02:00,2026-10-07 05:21:00+02:00,2026-10-07 05:21:18+02:00,2026-10-07,5,Wednesday,False,140.69508333333334
20261007_010018,2026-10-07 01:00:18.295000+00:00,Zürich,rail,ch:1:sloid:3000,Zürich HB,ch:1:sloid:3000:503:43,2026-10-07,ch:1:sjyid:100001:18517-001,rail,S-Bahn,S5,S5,18517,Zürich HB,Rüti ZH,43/44,,2026-10-07 03:24:00+00:00,,,False,,2026-10-07 03:00:18.295000+02:00,2026-10-07 05:24:00+02:00,,2026-10-07,5,Wednesday,False,143.69508333333334
20261007_010018,2026-10-07 01:00:18.295000+00:00,Zürich,rail,ch:1:sloid:3000,Zürich HB,ch:1:sloid:3000:501:34,2026-10-07,ch:1:sjyid:100001:18816-001,rail,S-Bahn,S8,S8,18816,Zürich HB,Winterthur,34,,2026-10-07 03:25:00+00:00,,,False,,2026-10-07 03:00:18.295000+02:00,2026-10-07 05:25:00+02:00,,2026-10-07,5,Wednesday,False,144.69508333333334
20261007_010018,2026-10-07 01:00:18.295000+00:00,Zürich,rail,ch:1:sloid:3000,Zürich HB,ch:1:sloid:3000:503:43,2026-10-07,ch:1:sjyid:100001:18917-001,rail,S-Bahn,S9,S9,18917,Bülach,Uster,43/44,,2026-10-07 03:28:00+00:00,,,False,,2026-10-07 03:00:18.295000+02:00,2026-10-07 05:28:00+02:00,,2026-10-07,5,Wednesday,False,147.69508333333334
20261007_010018,2026-10-07 01:00:18.295000+00:00,Zürich,rail,ch:1:sloid:3000,Zürich HB,ch:1:sloid:3000:9:17,2026-10-07,ch:1:sjyid:100001:19118-001,rail,S-Bahn,S11,S11,19118,Zürich HB,Aarau,17,,2026-10-07 03:29:00+00:00,,,False,,2026-10-07 03:00:18.295000+02:00,2026-10-07 05:29:00+02:00,,2026-10-07,5,Wednesday,False,148.69508333333334
20261007_010018,2026-10-07 01:00:18.295000+00:00,Zürich,rail,ch:1:sloid:3000,Zürich HB,ch:1:sloid:3000:503:43,2026-10-07,ch:1:sjyid:100001:18615-001,rail,S-Bahn,S6,S6,18615,Regensdorf-Watt,Zürich Tiefenbrunnen,43/44,,2026-10-07 03:30:00+00:00,,,False,,2026-10-07 03:00:18.295000+02:00,2026-10-07 05:30:00+02:00,,2026-10-07,5,Wednesday,False,149.69508333333334
20261007_010018,2026-10-07 01:00:18.295000+00:00,Zürich,rail,ch:1:sloid:3000,Zürich HB,ch:1:sloid:3000:501:34,2026-10-07,ch:1:sjyid:100001:2155-001,rail,InterRegio,IR,IR,2155,Bern,Zürich Flughafen,34,,2026-10-07 03:30:00+00:00,2026-10-07 03:31:06+00:00,,True,1.1,2026-10-07 03:00:18.295000+02:00,2026-10-07 05:30:00+02:00,2026-10-07 05:31:06+02:00,2026-10-07,5,Wednesday,False,149.69508333333334
20261007_010018,2026-10-07 01:00:18.295000+00:00,Zürich,rail,ch:1:sloid:3000,Zürich HB,ch:1:sloid:3000:503:43,2026-10-07,ch:1:sjyid:100001:18319-001,rail,S-Bahn,S3,S3,18319,Zürich HB,Wetzikon ZH,43/44,,2026-10-07 03:34:00+00:00,,,False,,2026-10-07 03:00:18.295000+02:00,2026-10-07 05:34:00+02:00,,2026-10-07,5,Wednesday,False,153.69508333333334
20261007_010018,2026-10-07 01:00:18.295000+00:00,Zürich,rail,ch:1:sloid:3000,Zürich HB,ch:1:sloid:3000:5:8,2026-10-07,ch:1:sjyid:100001:2564-001,rail,InterRegio,IR75,IR75,2564,Zürich HB,Luzern,8,,2026-10-07 03:35:00+00:00,2026-10-07 03:36:00+00:00,,True,1.0,2026-10-07 03:00:18.295000+02:00,2026-10-07 05:35:00+02:00,2026-10-07 05:36:00+02:00,2026-10-07,5,Wednesday,False,154.69508333333334
20261007_010018,2026-10-07 01:00:18.295000+00:00,Zürich,rail,ch:1:sloid:3000,Zürich HB,ch:1:sloid:3000:501:33,2026-10-07,ch:1:sjyid:100001:95-002,rail,EuroCity,EC,EC,95,Zürich HB,Lindau-Reutin,33,,2026-10-07 03:35:00+00:00,2026-10-07 03:35:00+00:00,,True,0.0,2026-10-07 03:00:18.295000+02:00,2026-10-07 05:35:00+02:00,2026-10-07 05:35:00+02:00,2026-10-07,5,Wednesday,False,154.69508333333334
20261007_010018,2026-10-07 01:00:18.295000+00:00,Zürich,rail,ch:1:sloid:3000,Zürich HB,ch:1:sloid:3000:7:12,2026-10-07,ch:1:sjyid:100001:1956-001,rail,InterRegio,IR36,IR36,1956,Zürich HB,Basel SBB,12,,2026-10-07 03:36:00+00:00,2026-10-07 03:36:30+00:00,,True,0.5,2026-10-07 03:00:18.295000+02:00,2026-10-07 05:36:00+02:00,2026-10-07 05:36:30+02:00,2026-10-07,5,Wednesday,False,155.69508333333334
20261007_010018,2026-10-07 01:00:18.295000+00:00,Zürich,rail,ch:1:sloid:3000,Zürich HB,ch:1:sloid:3000:501:34,2026-10-07,ch:1:sjyid:100001:701-001,rail,InterCity,IC1,IC1,701,Zürich HB,St. Gallen,34,,2026-10-07 03:37:00+00:00,,,False,,2026-10-07 03:00:18.295000+02:00,2026-10-07 05:37:00+02:00,,2026-10-07,5,Wednesday,False,156.69508333333334
20261007_010018,2026-10-07 01:00:18.295000+00:00,Zürich,rail,ch:1:sloid:3000,Zürich HB,ch:1:sloid:3000:500:32,2026-10-07,ch:1:sjyid:100001:18819-001,rail,S-Bahn,S8,S8,18819,Winterthur,Wädenswil,32,,2026-10-07 03:37:00+00:00,,,False,,2026-10-07 03:00:18.295000+02:00,2026-10-07 05:37:00+02:00,,2026-10-07,5,Wednesday,False,156.69508333333334
20261007_010018,2026-10-07 01:00:18.295000+00:00,Zürich,rail,ch:1:sloid:3000,Zürich HB,ch:1:sloid:3000:502:42,2026-10-07,ch:1:sjyid:100001:18518-001,rail,S-Bahn,S5,S5,18518,Zürich HB,Zug,41/42,,2026-10-07 03:39:00+00:00,,,False,,2026-10-07 03:00:18.295000+02:00,2026-10-07 05:39:00+02:00,,2026-10-07,5,Wednesday,False,158.69508333333334
20261007_010018,2026-10-07 01:00:18.295000+00:00,Zürich,rail,ch:1:sloid:3000,Zürich HB,ch:1:sloid:3000:10:18,2026-10-07,ch:1:sjyid:100001:19040-001,rail,S-Bahn,S42,S42,19040,Zürich HB,Muri AG,18,,2026-10-07 03:40:00+00:00,,,False,,2026-10-07 03:00:18.295000+02:00,2026-10-07 05:40:00+02:00,,2026-10-07,5,Wednesday,False,159.69508333333334
20261007_010018,2026-10-07 01:00:19.282000+00:00,Bern,rail,ch:1:sloid:7000,Bern,ch:1:sloid:7000:3:6,2026-10-07,ch:1:sjyid:100001:2155-001,rail,InterRegio,IR,IR,2155,Bern,Zürich Flughafen,6,,2026-10-07 02:18:00+00:00,2026-10-07 02:18:30+00:00,,True,0.5,2026-10-07 03:00:19.282000+02:00,2026-10-07 04:18:00+02:00,2026-10-07 04:18:30+02:00,2026-10-07,4,Wednesday,False,77.67863333333334
20261007_010018,2026-10-07 01:00:19.282000+00:00,Bern,rail,ch:1:sloid:7000,Bern,ch:1:sloid:7000:5:10,2026-10-07,ch:1:sjyid:100061:2353-003,rail,Aare Linth,IR35,IR35,2353,Bern,Chur,10,,2026-10-07 02:38:00+00:00,2026-10-07 02:38:00+00:00,,True,0.0,2026-10-07 03:00:19.282000+02:00,2026-10-07 04:38:00+02:00,2026-10-07 04:38:00+02:00,2026-10-07,4,Wednesday,False,97.67863333333334
20261007_010018,2026-10-07 01:00:19.282000+00:00,Bern,rail,ch:1:sloid:7000,Bern,ch:1:sloid:7000_gen:ch:1:sloid:7000:6:12_pf:12A-C,2026-10-07,ch:1:sjyid:100015:15317-001,rail,S-Bahn,S3,S3,15317,Bern,Biel/Bienne,12A-C,,2026-10-07 03:00:00+00:00,2026-10-07 03:00:30+00:00,,True,0.5,2026-10-07 03:00:19.282000+02:00,2026-10-07 05:00:00+02:00,2026-10-07 05:00:30+02:00,2026-10-07,5,Wednesday,False,119.67863333333334
20261007_010018,2026-10-07 01:00:19.282000+00:00,Bern,rail,ch:1:sloid:7000,Bern,ch:1:sloid:7000_gen:ch:1:sloid:7000:6:33_pf:13A-C,2026-10-07,ch:1:sjyid:100015:16412-001,rail,S-Bahn,S44,S44,16412,Bern,Thun,13A-C,,2026-10-07 03:02:00+00:00,2026-10-07 03:02:12+00:00,,True,0.2,2026-10-07 03:00:19.282000+02:00,2026-10-07 05:02:00+02:00,2026-10-07 05:02:12+02:00,2026-10-07,5,Wednesday,False,121.67863333333334
20261007_010018,2026-10-07 01:00:19.282000+00:00,Bern,rail,ch:1:sloid:7000,Bern,ch:1:sloid:7000:4:8,2026-10-07,ch:1:sjyid:100001:2504-002,rail,InterRegio,IR15,IR15,2504,Bern,Genève-Aéroport,8,,2026-10-07 03:04:00+00:00,2026-10-07 03:04:36+00:00,,True,0.6,2026-10-07 03:00:19.282000+02:00,2026-10-07 05:04:00+02:00,2026-10-07 05:04:36+02:00,2026-10-07,5,Wednesday,False,123.67863333333334
20261007_010018,2026-10-07 01:00:19.282000+00:00,Bern,rail,ch:1:sloid:7000,Bern,ch:1:sloid:7000:6:32,2026-10-07,ch:1:sjyid:100015:15514-001,rail,S-Bahn,S5,S5,15514,Bern,Neuchâtel,12D-F,,2026-10-07 03:04:00+00:00,,,False,,2026-10-07 03:00:19.282000+02:00,2026-10-07 05:04:00+02:00,,2026-10-07,5,Wednesday,False,123.67863333333334
20261007_010018,2026-10-07 01:00:19.282000+00:00,Bern,rail,ch:1:sloid:7000,Bern,ch:1:sloid:7000:55:49,2026-10-07,ch:1:sjyid:100015:15114-001,rail,S-Bahn,S1,S1,15114,Bern,Fribourg/Freiburg,49,,2026-10-07 03:10:00+00:00,,,False,,2026-10-07 03:00:19.282000+02:00,2026-10-07 05:10:00+02:00,,2026-10-07,5,Wednesday,False,129.67863333333332
20261007_010018,2026-10-07 01:00:19.282000+00:00,Bern,rail,ch:1:sloid:7000,Bern,ch:1:sloid:7000:500:21,2026-10-07,ch:1:sjyid:100066:SKI-8051,rail,S-Bahn,S8,S8,8051,Bern,Solothurn,21,,2026-10-07 03:11:00+00:00,2026-10-07 03:11:00+00:00,,True,0.0,2026-10-07 03:00:19.282000+02:00,2026-10-07 05:11:00+02:00,2026-10-07 05:11:00+02:00,2026-10-07,5,Wednesday,False,130.67863333333332
20261007_010018,2026-10-07 01:00:19.282000+00:00,Bern,rail,ch:1:sloid:7000,Bern,ch:1:sloid:7000:55:50,2026-10-07,ch:1:sjyid:100015:15415-001,rail,S-Bahn,S4,S4,15415,Bern,Langnau i.E.,50,,2026-10-07 03:20:00+00:00,2026-10-07 03:20:12+00:00,,True,0.2,2026-10-07 03:00:19.282000+02:00,2026-10-07 05:20:00+02:00,2026-10-07 05:20:12+02:00,2026-10-07,5,Wednesday,False,139.67863333333335
20261007_010018,2026-10-07 01:00:19.282000+00:00,Bern,rail,ch:1:sloid:7000,Bern,ch:1:sloid:7000:4:7,2026-10-07,ch:1:sjyid:100001:703-001,rail,InterCity,IC1,IC1,703,Bern,St. Gallen,7,,2026-10-07 03:29:00+00:00,2026-10-07 03:29:30+00:00,,True,0.5,2026-10-07 03:00:19.282000+02:00,2026-10-07 05:29:00+02:00,2026-10-07 05:29:30+02:00,2026-10-07,5,Wednesday,False,148.67863333333335
20261007_010018,2026-10-07 01:00:19.282000+00:00,Bern,rail,ch:1:sloid:7000,Bern,ch:1:sloid:7000_gen:ch:1:sloid:7000:6:12_pf:12A-C,2026-10-07,ch:1:sjyid:100015:15319-001,rail,S-Bahn,S3,S3,15319,Bern,Biel/Bienne,12A-C,,2026-10-07 03:30:00+00:00,,,False,,2026-10-07 03:00:19.282000+02:00,2026-10-07 05:30:00+02:00,,2026-10-07,5,Wednesday,False,149.67863333333335
20261007_010018,2026-10-07 01:00:19.282000+00:00,Bern,rail,ch:1:sloid:7000,Bern,ch:1:sloid:7000:4:8,2026-10-07,ch:1:sjyid:100015:15414-001,rail,S-Bahn,S4,S4,15414,Hasle-Rüegsau,Thun,8,,2026-10-07 03:32:00+00:00,,,False,,2026-10-07 03:00:19.282000+02:00,2026-10-07 05:32:00+02:00,,2026-10-07,5,Wednesday,False,151.67863333333335
20261007_010018,2026-10-07 01:00:19.282000+00:00,Bern,rail,ch:1:sloid:7000,Bern,ch:1:sloid:7000:3:6,2026-10-07,ch:1:sjyid:100001:702-001,rail,InterCity,IC1,IC1,702,Bern,Genève-Aéroport,6,,2026-10-07 03:34:00+00:00,,,False,,2026-10-07 03:00:19.282000+02:00,2026-10-07 05:34:00+02:00,,2026-10-07,5,Wednesday,False,153.67863333333335
20261007_010018,2026-10-07 01:00:19.282000+00:00,Bern,rail,ch:1:sloid:7000,Bern,ch:1:sloid:7000_gen:ch:1:sloid:7000:6:33_pf:13D-F,2026-10-07,ch:1:sjyid:100015:16218-001,rail,S-Bahn,S52,S52,16218,Bern,Ins,13D-F,,2026-10-07 03:34:00+00:00,,,False,,2026-10-07 03:00:19.282000+02:00,2026-10-07 05:34:00+02:00,,2026-10-07,5,Wednesday,False,153.67863333333335
20261007_010018,2026-10-07 01:00:19.282000+00:00,Bern,rail,ch:1:sloid:7000,Bern,ch:1:sloid:7000:6:32,2026-10-07,ch:1:sjyid:100015:15618-001,rail,S-Bahn,S6,S6,15618,Bern,Schwarzenburg,12D-F,,2026-10-07 03:36:00+00:00,,,False,,2026-10-07 03:00:19.282000+02:00,2026-10-07 05:36:00+02:00,,2026-10-07,5,Wednesday,False,155.67863333333335
20261007_010018,2026-10-07 01:00:19.282000+00:00,Bern,rail,ch:1:sloid:7000,Bern,ch:1:sloid:7000:3:5,2026-10-07,ch:1:sjyid:100015:4357-001,rail,RegioExpress,RE7,RE7,4357,Bern,Luzern,5,,2026-10-07 03:36:00+00:00,,,False,,2026-10-07 03:00:19.282000+02:00,2026-10-07 05:36:00+02:00,,2026-10-07,5,Wednesday,False,155.67863333333335
20261007_010018,2026-10-07 01:00:19.282000+00:00,Bern,rail,ch:1:sloid:7000,Bern,ch:1:sloid:7000:5:9,2026-10-07,ch:1:sjyid:100001:2357-002,rail,InterRegio,IR35,IR35,2357,Bern,Zürich HB,9,,2026-10-07 03:38:00+00:00,2026-10-07 03:38:30+00:00,,True,0.5,2026-10-07 03:00:19.282000+02:00,2026-10-07 05:38:00+02:00,2026-10-07 05:38:30+02:00,2026-10-07,5,Wednesday,False,157.67863333333335
20261007_010018,2026-10-07 01:00:19.282000+00:00,Bern,rail,ch:1:sloid:7000,Bern,ch:1:sloid:7000:500:22,2026-10-07,ch:1:sjyid:100066:SKI-8055,rail,S-Bahn,S8,S8,8055,Bern,Bätterkinden,22,,2026-10-07 03:39:00+00:00,2026-10-07 03:39:00+00:00,,True,0.0,2026-10-07 03:00:19.282000+02:00,2026-10-07 05:39:00+02:00,2026-10-07 05:39:00+02:00,2026-10-07,5,Wednesday,False,158.67863333333335
20261007_010018,2026-10-07 01:00:19.282000+00:00,Bern,rail,ch:1:sloid:7000,Bern,ch:1:sloid:7000:55:50,2026-10-07,ch:1:sjyid:100015:15219-001,rail,S-Bahn,S2,S2,15219,Bern,Langnau i.E.,50,,2026-10-07 03:42:00+00:00,,,False,,2026-10-07 03:00:19.282000+02:00,2026-10-07 05:42:00+02:00,,2026-10-07,5,Wednesday,False,161.67863333333335
20261007_010018,2026-10-07 01:00:19.282000+00:00,Bern,rail,ch:1:sloid:7000,Bern,ch:1:sloid:7000_gen:ch:1:sloid:7000:0:1752_pf:5E-H,2026-10-07,ch:1:sjyid:100015:15116-001,rail,S-Bahn,S1,S1,15116,Thun,Fribourg/Freiburg,5E-H,,2026-10-07 03:45:00+00:00,2026-10-07 03:45:12+00:00,,True,0.2,2026-10-07 03:00:19.282000+02:00,2026-10-07 05:45:00+02:00,2026-10-07 05:45:12+02:00,2026-10-07,5,Wednesday,False,164.67863333333335
20261007_010018,2026-10-07 01:00:19.282000+00:00,Bern,rail,ch:1:sloid:7000,Bern,ch:1:sloid:7000:501:24,2026-10-07,ch:1:sjyid:100066:SKI-7057,rail,S-Bahn,S7,S7,7057,Bern,Worb Dorf,24,,2026-10-07 03:45:00+00:00,2026-10-07 03:45:00+00:00,,True,0.0,2026-10-07 03:00:19.282000+02:00,2026-10-07 05:45:00+02:00,2026-10-07 05:45:00+02:00,2026-10-07,5,Wednesday,False,164.67863333333335
20261007_010018,2026-10-07 01:00:19.282000+00:00,Bern,rail,ch:1:sloid:7000,Bern,ch:1:sloid:7000:500:22,2026-10-07,ch:1:sjyid:100066:SKI-9057,rail,S-Bahn,S9,S9,9057,Bern,Unterzollikofen,22,,2026-10-07 03:46:00+00:00,2026-10-07 03:46:00+00:00,,True,0.0,2026-10-07 03:00:19.282000+02:00,2026-10-07 05:46:00+02:00,2026-10-07 05:46:00+02:00,2026-10-07,5,Wednesday,False,165.67863333333335
20261007_010018,2026-10-07 01:00:19.282000+00:00,Bern,rail,ch:1:sloid:7000,Bern,ch:1:sloid:7000:5:9,2026-10-07,ch:1:sjyid:100015:15117-001,rail,S-Bahn,S1,S1,15117,Fribourg/Freiburg,Thun,9,,2026-10-07 03:47:00+00:00,,,False,,2026-10-07 03:00:19.282000+02:00,2026-10-07 05:47:00+02:00,,2026-10-07,5,Wednesday,False,166.67863333333335
20261007_010018,2026-10-07 01:00:19.282000+00:00,Bern,rail,ch:1:sloid:7000,Bern,ch:1:sloid:7000:3:6,2026-10-07,ch:1:sjyid:100015:15218-001,rail,S-Bahn,S2,S2,15218,Langnau i.E.,Laupen BE,6,,2026-10-07 03:50:00+00:00,,,False,,2026-10-07 03:00:19.282000+02:00,2026-10-07 05:50:00+02:00,,2026-10-07,5,Wednesday,False,169.67863333333335
20261007_010018,2026-10-07 01:00:19.282000+00:00,Bern,rail,ch:1:sloid:7000,Bern,ch:1:sloid:7000:500:21,2026-10-07,ch:1:sjyid:100066:SKI-1057,rail,RegioExpress,RE5,RE5,1057,Bern,Solothurn,21,,2026-10-07 03:50:00+00:00,2026-10-07 03:50:00+00:00,,True,0.0,2026-10-07 03:00:19.282000+02:00,2026-10-07 05:50:00+02:00,2026-10-07 05:50:00+02:00,2026-10-07,5,Wednesday,False,169.67863333333335
20261007_010018,2026-10-07 01:00:19.282000+00:00,Bern,rail,ch:1:sloid:7000,Bern,ch:1:sloid:7000_gen:ch:1:sloid:7000:6:12_pf:12A-C,2026-10-07,ch:1:sjyid:100015:16417-001,rail,S-Bahn,S44,S44,16417,Thun,Solothurn,12A-C,,2026-10-07 03:50:00+00:00,2026-10-07 03:50:12+00:00,,True,0.2,2026-10-07 03:00:19.282000+02:00,2026-10-07 05:50:00+02:00,2026-10-07 05:50:12+02:00,2026-10-07,5,Wednesday,False,169.67863333333335
20261007_010018,2026-10-07 01:00:19.282000+00:00,Bern,rail,ch:1:sloid:7000,Bern,ch:1:sloid:7000:4:7,2026-10-07,ch:1:sjyid:100015:3208-001,rail,InterRegio,IR66,IR66,3208,Bern,La Chaux-de-Fonds,7,,2026-10-07 03:53:00+00:00,,,False,,2026-10-07 03:00:19.282000+02:00,2026-10-07 05:53:00+02:00,,2026-10-07,5,Wednesday,False,172.67863333333335
20261007_010018,2026-10-07 01:00:19.282000+00:00,Bern,rail,ch:1:sloid:7000,Bern,ch:1:sloid:7000:501:23,2026-10-07,ch:1:sjyid:100066:SKI-8057,rail,S-Bahn,S8,S8,8057,Bern,Jegenstorf,23,,2026-10-07 03:54:00+00:00,2026-10-07 03:54:00+00:00,,True,0.0,2026-10-07 03:00:19.282000+02:00,2026-10-07 05:54:00+02:00,2026-10-07 05:54:00+02:00,2026-10-07,5,Wednesday,False,173.67863333333335
20261007_010018,2026-10-07 01:00:19.282000+00:00,Bern,rail,ch:1:sloid:7000,Bern,ch:1:sloid:7000:5:10,2026-10-07,ch:1:sjyid:100001:2505-001,rail,InterRegio,IR15,IR15,2505,Fribourg/Freiburg,Luzern,10,,2026-10-07 04:00:00+00:00,,,False,,2026-10-07 03:00:19.282000+02:00,2026-10-07 06:00:00+02:00,,2026-10-07,6,Wednesday,False,179.67863333333335
20261007_010018,2026-10-07 01:00:19.282000+00:00,Bern,rail,ch:1:sloid:7000,Bern,ch:1:sloid:7000:501:24,2026-10-07,ch:1:sjyid:100066:SKI-7061,rail,S-Bahn,S7,S7,7061,Bern,Worb Dorf,24,,2026-10-07 04:00:00+00:00,,,False,,2026-10-07 03:00:19.282000+02:00,2026-10-07 06:00:00+02:00,,2026-10-07,6,Wednesday,False,179.67863333333335
20261007_010018,2026-10-07 01:00:19.797000+00:00,Basel,rail,ch:1:sloid:10,Basel SBB,ch:1:sloid:10_gen:ch:1:sloid:10:6:11_pf:11AB,2026-10-07,ch:1:sjyid:100001:17113-001,rail,S-Bahn,S1,S1,17113,Basel SBB,Frick,12AB,11AB,2026-10-07 02:19:00+00:00,2026-10-07 02:19:12+00:00,,True,0.2,2026-10-07 03:00:19.797000+02:00,2026-10-07 04:19:00+02:00,2026-10-07 04:19:12+02:00,2026-10-07,4,Wednesday,False,78.67005
20261007_010018,2026-10-07 01:00:19.797000+00:00,Basel,rail,ch:1:sloid:10,Basel SBB,ch:1:sloid:10:3:5,2026-10-07,ch:1:sjyid:100001:2055-001,rail,InterRegio,IR36,IR36,2055,Basel SBB,Zürich Flughafen,5,,2026-10-07 02:36:00+00:00,2026-10-07 02:36:42+00:00,,True,0.7,2026-10-07 03:00:19.797000+02:00,2026-10-07 04:36:00+02:00,2026-10-07 04:36:42+02:00,2026-10-07,4,Wednesday,False,95.67005
20261007_010018,2026-10-07 01:00:19.797000+00:00,Basel,rail,ch:1:sloid:10,Basel SBB,ch:1:sloid:10_gen:ch:1:sloid:10:7:15_pf:15AB,2026-10-07,ch:1:sjyid:100001:17313-001,rail,S-Bahn,S3,S3,17313,Basel SBB,Olten,15AB,,2026-10-07 02:38:00+00:00,2026-10-07 02:38:12+00:00,,True,0.2,2026-10-07 03:00:19.797000+02:00,2026-10-07 04:38:00+02:00,2026-10-07 04:38:12+02:00,2026-10-07,4,Wednesday,False,97.67005
20261007_010018,2026-10-07 01:00:19.797000+00:00,Basel,rail,ch:1:sloid:10,Basel SBB,ch:1:sloid:10:8:16,2026-10-07,ch:1:sjyid:100001:17312-001,rail,S-Bahn,S3,S3,17312,Basel SBB,Delémont,16,,2026-10-07 02:40:00+00:00,2026-10-07 02:40:12+00:00,,True,0.2,2026-10-07 03:00:19.797000+02:00,2026-10-07 04:40:00+02:00,2026-10-07 04:40:12+02:00,2026-10-07,4,Wednesday,False,99.67005
20261007_010018,2026-10-07 01:00:19.797000+00:00,Basel,rail,ch:1:sloid:10,Basel SBB,ch:1:sloid:10:5:10,2026-10-07,ch:1:sjyid:100001:76-003,rail,InterCityExpress,ICE,ICE,76,Basel SBB,Hamburg Hbf,10,,2026-10-07 02:46:00+00:00,2026-10-07 02:46:42+00:00,,True,0.7,2026-10-07 03:00:19.797000+02:00,2026-10-07 04:46:00+02:00,2026-10-07 04:46:42+02:00,2026-10-07,4,Wednesday,False,105.67005
20261007_010018,2026-10-07 01:00:19.797000+00:00,Basel,rail,ch:1:sloid:10,Basel SBB,ch:1:sloid:10:7:14,2026-10-07,ch:1:sjyid:100001:17215-001,rail,S-Bahn,S1,S1,17215,Basel SBB,Laufenburg,14,,2026-10-07 02:56:00+00:00,2026-10-07 02:56:30+00:00,,True,0.5,2026-10-07 03:00:19.797000+02:00,2026-10-07 04:56:00+02:00,2026-10-07 04:56:30+02:00,2026-10-07,4,Wednesday,False,115.67005
20261007_010018,2026-10-07 01:00:19.797000+00:00,Basel,rail,ch:1:sloid:10,Basel SBB,ch:1:sloid:10_gen:ch:1:sloid:10:1:2_pf:2A,2026-10-07,ch:1:sjyid:100308:87800-001,rail,S-Bahn,S6,S6,87800,Basel SBB,Zell (Wiesental),2A,,2026-10-07 03:01:00+00:00,2026-10-07 03:01:00+00:00,,True,0.0,2026-10-07 03:00:19.797000+02:00,2026-10-07 05:01:00+02:00,2026-10-07 05:01:00+02:00,2026-10-07,5,Wednesday,False,120.67005
20261007_010018,2026-10-07 01:00:19.797000+00:00,Basel,rail,ch:1:sloid:10,Basel SBB,ch:1:sloid:10:2:4,2026-10-07,ch:1:sjyid:100001:659-002,rail,InterCity,IC21,IC21,659,Basel SBB,Lugano,4,,2026-10-07 03:02:00+00:00,2026-10-07 03:02:42+00:00,,True,0.7,2026-10-07 03:00:19.797000+02:00,2026-10-07 05:02:00+02:00,2026-10-07 05:02:42+02:00,2026-10-07,5,Wednesday,False,121.67005
20261007_010018,2026-10-07 01:00:19.797000+00:00,Basel,rail,ch:1:sloid:10,Basel SBB,ch:1:sloid:10:6:11,2026-10-07,ch:1:sjyid:100001:1957-001,rail,InterRegio,IR36,IR36,1957,Basel SBB,Zürich HB,11,,2026-10-07 03:07:00+00:00,2026-10-07 03:07:42+00:00,,True,0.7,2026-10-07 03:00:19.797000+02:00,2026-10-07 05:07:00+02:00,2026-10-07 05:07:42+02:00,2026-10-07,5,Wednesday,False,126.67005
20261007_010018,2026-10-07 01:00:19.797000+00:00,Basel,rail,ch:1:sloid:10,Basel SBB,ch:1:sloid:10:5:9,2026-10-07,ch:1:sjyid:100001:204-001,rail,InterCityExpress,ICE,ICE,204,Basel SBB,Hamburg-Altona,9,,2026-10-07 03:16:00+00:00,2026-10-07 03:16:00+00:00,,True,0.0,2026-10-07 03:00:19.797000+02:00,2026-10-07 05:16:00+02:00,2026-10-07 05:16:00+02:00,2026-10-07,5,Wednesday,False,135.67005
20261007_010018,2026-10-07 01:00:19.797000+00:00,Basel,rail,ch:1:sloid:10,Basel SBB,ch:1:sloid:10:6:12,2026-10-07,ch:1:sjyid:100001:17117-001,rail,S-Bahn,S1,S1,17117,Basel SBB,Frick,12,,2026-10-07 03:19:00+00:00,2026-10-07 03:19:12+00:00,,True,0.2,2026-10-07 03:00:19.797000+02:00,2026-10-07 05:19:00+02:00,2026-10-07 05:19:12+02:00,2026-10-07,5,Wednesday,False,138.67005
20261007_010018,2026-10-07 01:00:19.797000+00:00,Basel,rail,ch:1:sloid:10,Basel SBB,ch:1:sloid:10:22:33,2026-10-07,ch:1:sjyid:100001:96200-001,rail,Train Express Regional,TER,TER,96200,Basel SBB,Strasbourg,33,,2026-10-07 03:21:00+00:00,2026-10-07 03:21:30+00:00,,True,0.5,2026-10-07 03:00:19.797000+02:00,2026-10-07 05:21:00+02:00,2026-10-07 05:21:30+02:00,2026-10-07,5,Wednesday,False,140.67005
20261007_010018,2026-10-07 01:00:19.797000+00:00,Basel,rail,ch:1:sloid:10,Basel SBB,ch:1:sloid:10:4:8,2026-10-07,ch:1:sjyid:100001:607-002,rail,InterCity,IC61,IC61,607,Basel SBB,Interlaken Ost,8,,2026-10-07 03:24:00+00:00,2026-10-07 03:24:42+00:00,,True,0.7,2026-10-07 03:00:19.797000+02:00,2026-10-07 05:24:00+02:00,2026-10-07 05:24:42+02:00,2026-10-07,5,Wednesday,False,143.67005
20261007_010018,2026-10-07 01:00:19.797000+00:00,Basel,rail,ch:1:sloid:10,Basel SBB,ch:1:sloid:10:0:19,2026-10-07,ch:1:sjyid:100001:17315-001,rail,S-Bahn,S3,S3,17315,Delémont,Olten,19,,2026-10-07 03:30:00+00:00,2026-10-07 03:30:12+00:00,,True,0.2,2026-10-07 03:00:19.797000+02:00,2026-10-07 05:30:00+02:00,2026-10-07 05:30:12+02:00,2026-10-07,5,Wednesday,False,149.67005
20261007_010018,2026-10-07 01:00:19.797000+00:00,Basel,rail,ch:1:sloid:10,Basel SBB,ch:1:sloid:10:5:10,2026-10-07,ch:1:sjyid:100001:551-001,rail,InterCity,IC3,IC3,551,Basel SBB,Zürich HB,10,,2026-10-07 03:33:00+00:00,,,False,,2026-10-07 03:00:19.797000+02:00,2026-10-07 05:33:00+02:00,,2026-10-07,5,Wednesday,False,152.67005
20261007_010018,2026-10-07 01:00:19.797000+00:00,Basel,rail,ch:1:sloid:10,Basel SBB,ch:1:sloid:10:1:2,2026-10-07,ch:1:sjyid:100308:87802-001,rail,S-Bahn,S6,S6,87802,Basel SBB,Zell (Wiesental),2,,2026-10-07 03:35:00+00:00,2026-10-07 03:35:12+00:00,,True,0.2,2026-10-07 03:00:19.797000+02:00,2026-10-07 05:35:00+02:00,2026-10-07 05:35:12+02:00,2026-10-07,5,Wednesday,False,154.67005
20261007_010018,2026-10-07 01:00:19.797000+00:00,Basel,rail,ch:1:sloid:10,Basel SBB,ch:1:sloid:10:3:5,2026-10-07,ch:1:sjyid:100001:2057-001,rail,InterRegio,IR36,IR36,2057,Basel SBB,Zürich Flughafen,5,,2026-10-07 03:36:00+00:00,,,False,,2026-10-07 03:00:19.797000+02:00,2026-10-07 05:36:00+02:00,,2026-10-07,5,Wednesday,False,155.67005
20261007_010018,2026-10-07 01:00:19.797000+00:00,Basel,rail,ch:1:sloid:10,Basel SBB,ch:1:sloid:10:21:30,2026-10-07,ch:1:sjyid:100001:96202-001,rail,Train Express Regional,TER,TER,96202,Basel SBB,Strasbourg,30,,2026-10-07 03:36:00+00:00,2026-10-07 03:36:30+00:00,,True,0.5,2026-10-07 03:00:19.797000+02:00,2026-10-07 05:36:00+02:00,2026-10-07 05:36:30+02:00,2026-10-07,5,Wednesday,False,155.67005
20261007_010018,2026-10-07 01:00:19.797000+00:00,Basel,rail,ch:1:sloid:10,Basel SBB,ch:1:sloid:10:8:16,2026-10-07,ch:1:sjyid:100001:17314-001,rail,S-Bahn,S3,S3,17314,Olten,Laufen,16,,2026-10-07 03:38:00+00:00,2026-10-07 03:38:12+00:00,,True,0.2,2026-10-07 03:00:19.797000+02:00,2026-10-07 05:38:00+02:00,2026-10-07 05:38:12+02:00,2026-10-07,5,Wednesday,False,157.67005
20261007_010018,2026-10-07 01:00:19.797000+00:00,Basel,rail,ch:1:sloid:10,Basel SBB,ch:1:sloid:10:3:6,2026-10-07,ch:1:sjyid:100001:2257-001,rail,InterRegio,IR37,IR37,2257,Basel SBB,Zürich HB,6,,2026-10-07 03:43:00+00:00,,,False,,2026-10-07 03:00:19.797000+02:00,2026-10-07 05:43:00+02:00,,2026-10-07,5,Wednesday,False,162.67005
20261007_010018,2026-10-07 01:00:19.797000+00:00,Basel,rail,ch:1:sloid:10,Basel SBB,ch:1:sloid:10:7:15,2026-10-07,ch:1:sjyid:100001:17517-002,rail,S-Bahn,S33,S33,17517,Basel SBB,Sissach,15,,2026-10-07 03:45:00+00:00,2026-10-07 03:45:30+00:00,,True,0.5,2026-10-07 03:00:19.797000+02:00,2026-10-07 05:45:00+02:00,2026-10-07 05:45:30+02:00,2026-10-07,5,Wednesday,False,164.67005
20261007_010018,2026-10-07 01:00:19.797000+00:00,Basel,rail,ch:1:sloid:10,Basel SBB,ch:1:sloid:10:6:12,2026-10-07,ch:1:sjyid:100001:17119-001,rail,S-Bahn,S1,S1,17119,Basel SBB,Frick,12,,2026-10-07 03:49:00+00:00,,,False,,2026-10-07 03:00:19.797000+02:00,2026-10-07 05:49:00+02:00,,2026-10-07,5,Wednesday,False,168.67005
20261007_010018,2026-10-07 01:00:19.797000+00:00,Basel,rail,ch:1:sloid:10,Basel SBB,ch:1:sloid:10:2:4,2026-10-07,ch:1:sjyid:100001:267-001,rail,InterCityExpress,ICE,ICE,267,Basel SBB,Stuttgart Hbf,4,,2026-10-07 03:50:00+00:00,2026-10-07 03:50:00+00:00,,True,0.0,2026-10-07 03:00:19.797000+02:00,2026-10-07 05:50:00+02:00,2026-10-07 05:50:00+02:00,2026-10-07,5,Wednesday,False,169.67005
20261007_010018,2026-10-07 01:00:19.797000+00:00,Basel,rail,ch:1:sloid:10,Basel SBB,ch:1:sloid:10:2:3,2026-10-07,ch:1:sjyid:100001:957-001,rail,InterCity,IC61,IC61,957,Basel SBB,Interlaken Ost,3,,2026-10-07 03:58:00+00:00,2026-10-07 03:58:42+00:00,,True,0.7,2026-10-07 03:00:19.797000+02:00,2026-10-07 05:58:00+02:00,2026-10-07 05:58:42+02:00,2026-10-07,5,Wednesday,False,177.67005
20261007_010018,2026-10-07 01:00:19.797000+00:00,Basel,rail,ch:1:sloid:10,Basel SBB,ch:1:sloid:10:0:19,2026-10-07,ch:1:sjyid:100001:17317-001,rail,S-Bahn,S3,S3,17317,Delémont,Olten,19A-D,,2026-10-07 04:00:00+00:00,2026-10-07 04:00:12+00:00,,True,0.2,2026-10-07 03:00:19.797000+02:00,2026-10-07 06:00:00+02:00,2026-10-07 06:00:12+02:00,2026-10-07,6,Wednesday,False,179.67005
20261007_010018,2026-10-07 01:00:19.797000+00:00,Basel,rail,ch:1:sloid:10,Basel SBB,ch:1:sloid:10:0:20,2026-10-07,ch:1:sjyid:100015:1854-001,rail,InterRegio,IR56,IR56,1854,Basel SBB,Biel/Bienne,20,,2026-10-07 04:02:00+00:00,,,False,,2026-10-07 03:00:19.797000+02:00,2026-10-07 06:02:00+02:00,,2026-10-07,6,Wednesday,False,181.67005
20261007_010018,2026-10-07 01:00:19.797000+00:00,Basel,rail,ch:1:sloid:10,Basel SBB,ch:1:sloid:10:3:6,2026-10-07,ch:1:sjyid:100061:2311-001,rail,Treno Gottardo,IR26,IR26,2311,Basel SBB,Locarno,6,,2026-10-07 04:04:00+00:00,,,False,,2026-10-07 03:00:19.797000+02:00,2026-10-07 06:04:00+02:00,,2026-10-07,6,Wednesday,False,183.67005
20261007_010018,2026-10-07 01:00:19.797000+00:00,Basel,rail,ch:1:sloid:10,Basel SBB,ch:1:sloid:10:1:2,2026-10-07,ch:1:sjyid:100308:87804-001,rail,S-Bahn,S6,S6,87804,Basel SBB,Zell (Wiesental),2,,2026-10-07 04:06:00+00:00,,,False,,2026-10-07 03:00:19.797000+02:00,2026-10-07 06:06:00+02:00,,2026-10-07,6,Wednesday,False,185.67005
20261007_010018,2026-10-07 01:00:19.797000+00:00,Basel,rail,ch:1:sloid:10,Basel SBB,ch:1:sloid:10:7:14,2026-10-07,ch:1:sjyid:100001:1959-001,rail,InterRegio,IR36,IR36,1959,Basel SBB,Zürich HB,14,,2026-10-07 04:07:00+00:00,,,False,,2026-10-07 03:00:19.797000+02:00,2026-10-07 06:07:00+02:00,,2026-10-07,6,Wednesday,False,186.67005
20261007_010018,2026-10-07 01:00:19.797000+00:00,Basel,rail,ch:1:sloid:10,Basel SBB,ch:1:sloid:10:5:9,2026-10-07,ch:1:sjyid:100001:1057-001,rail,InterCity,IC3,IC3,1057,Basel SBB,Zürich HB,9,,2026-10-07 04:07:00+00:00,,,False,,2026-10-07 03:00:19.797000+02:00,2026-10-07 06:07:00+02:00,,2026-10-07,6,Wednesday,False,186.67005
20261007_010018,2026-10-07 01:00:20.253000+00:00,Luzern,rail,ch:1:sloid:5000,Luzern,ch:1:sloid:5000_gen:ch:1:sloid:5000:3:6_pf:6CD,2026-10-07,ch:1:sjyid:100001:21107-001,rail,S-Bahn,S1,S1,21107,Luzern,Turgi,6CD,,2026-10-07 02:21:00+00:00,2026-10-07 02:21:12+00:00,,True,0.2,2026-10-07 03:00:20.253000+02:00,2026-10-07 04:21:00+02:00,2026-10-07 04:21:12+02:00,2026-10-07,4,Wednesday,False,80.66245
20261007_010018,2026-10-07 01:00:20.253000+00:00,Luzern,rail,ch:1:sloid:5000,Luzern,ch:1:sloid:5000_gen:ch:1:sloid:5000:5:11_pf:11B-D,2026-10-07,ch:1:sjyid:100015:4356-001,rail,RegioExpress,RE7,RE7,4356,Luzern,Bern,11B-D,,2026-10-07 02:50:00+00:00,2026-10-07 02:50:24+00:00,,True,0.4,2026-10-07 03:00:20.253000+02:00,2026-10-07 04:50:00+02:00,2026-10-07 04:50:24+02:00,2026-10-07,4,Wednesday,False,109.66245
20261007_010018,2026-10-07 01:00:20.253000+00:00,Luzern,rail,ch:1:sloid:5000,Luzern,ch:1:sloid:5000:5:10,2026-10-07,ch:1:sjyid:100001:2562-001,rail,InterRegio,IR,IR,2562,Luzern,Sargans,10,,2026-10-07 02:52:00+00:00,2026-10-07 02:52:30+00:00,,True,0.5,2026-10-07 03:00:20.253000+02:00,2026-10-07 04:52:00+02:00,2026-10-07 04:52:30+02:00,2026-10-07,4,Wednesday,False,111.66245
20261007_010018,2026-10-07 01:00:20.253000+00:00,Luzern,rail,ch:1:sloid:5000,Luzern,ch:1:sloid:5000:4:9,2026-10-07,ch:1:sjyid:100061:2304-001,rail,InterRegio,IR26,IR26,2304,Luzern,Basel SBB,9,,2026-10-07 02:54:00+00:00,2026-10-07 02:54:30+00:00,,True,0.5,2026-10-07 03:00:20.253000+02:00,2026-10-07 04:54:00+02:00,2026-10-07 04:54:30+02:00,2026-10-07,4,Wednesday,False,113.66245
20261007_010018,2026-10-07 01:00:20.253000+00:00,Luzern,rail,ch:1:sloid:5000,Luzern,ch:1:sloid:5000:2:4,2026-10-07,ch:1:sjyid:100001:4706-001,rail,RegioExpress,RE24,RE24,4706,Luzern,Olten,4,,2026-10-07 02:58:00+00:00,2026-10-07 02:58:12+00:00,,True,0.2,2026-10-07 03:00:20.253000+02:00,2026-10-07 04:58:00+02:00,2026-10-07 04:58:12+02:00,2026-10-07,4,Wednesday,False,117.66245
20261007_010018,2026-10-07 01:00:20.253000+00:00,Luzern,rail,ch:1:sloid:5000,Luzern,ch:1:sloid:5000:5:11,2026-10-07,ch:1:sjyid:100001:21914-001,rail,S-Bahn,S9,S9,21914,Luzern,Lenzburg,11,,2026-10-07 03:02:00+00:00,2026-10-07 03:02:30+00:00,,True,0.5,2026-10-07 03:00:20.253000+02:00,2026-10-07 05:02:00+02:00,2026-10-07 05:02:30+02:00,2026-10-07,5,Wednesday,False,121.66245
20261007_010018,2026-10-07 01:00:20.253000+00:00,Luzern,rail,ch:1:sloid:5000,Luzern,ch:1:sloid:5000:7:15,2026-10-07,ch:1:sjyid:100064:2956-002,rail,InterRegio,IRLEX,IRLEX,2956,Luzern,Stansstad,15,,2026-10-07 03:04:00+00:00,2026-10-07 03:04:12+00:00,,True,0.2,2026-10-07 03:00:20.253000+02:00,2026-10-07 05:04:00+02:00,2026-10-07 05:04:12+02:00,2026-10-07,5,Wednesday,False,123.66245
20261007_010018,2026-10-07 01:00:20.253000+00:00,Luzern,rail,ch:1:sloid:5000,Luzern,ch:1:sloid:5000:2:4,2026-10-07,ch:1:sjyid:100001:21109-001,rail,S-Bahn,S1,S1,21109,Luzern,Sursee,4,,2026-10-07 03:14:00+00:00,,,False,,2026-10-07 03:00:20.253000+02:00,2026-10-07 05:14:00+02:00,,2026-10-07,5,Wednesday,False,133.66245
20261007_010018,2026-10-07 01:00:20.253000+00:00,Luzern,rail,ch:1:sloid:5000,Luzern,ch:1:sloid:5000:5:10,2026-10-07,ch:1:sjyid:100015:21616-001,rail,S-Bahn,S6,S6,21616,Luzern,Langnau i.E./Langenthal,10,,2026-10-07 03:16:00+00:00,,,False,,2026-10-07 03:00:20.253000+02:00,2026-10-07 05:16:00+02:00,,2026-10-07,5,Wednesday,False,135.66245
20261007_010018,2026-10-07 01:00:20.253000+00:00,Luzern,rail,ch:1:sloid:5000,Luzern,ch:1:sloid:5000:4:9,2026-10-07,ch:1:sjyid:100001:21108-001,rail,S-Bahn,S1,S1,21108,Sursee,Baar,9,,2026-10-07 03:21:00+00:00,,,False,,2026-10-07 03:00:20.253000+02:00,2026-10-07 05:21:00+02:00,,2026-10-07,5,Wednesday,False,140.66244999999998
20261007_010018,2026-10-07 01:00:20.253000+00:00,Luzern,rail,ch:1:sloid:5000,Luzern,ch:1:sloid:5000_gen:ch:1:sloid:5000:6:13_pf:13B,2026-10-07,ch:1:sjyid:100064:22518-001,rail,S-Bahn,S55,S55,22518,Luzern,Sachseln,13B,,2026-10-07 03:24:00+00:00,2026-10-07 03:24:06+00:00,,True,0.1,2026-10-07 03:00:20.253000+02:00,2026-10-07 05:24:00+02:00,2026-10-07 05:24:06+02:00,2026-10-07,5,Wednesday,False,143.66244999999998
20261007_010018,2026-10-07 01:00:20.253000+00:00,Luzern,rail,ch:1:sloid:5000,Luzern,ch:1:sloid:5000_gen:ch:1:sloid:5000:7:14_pf:14B,2026-10-07,ch:1:sjyid:100064:21418-001,rail,S-Bahn,S4,S4,21418,Luzern,Stansstad,14B,,2026-10-07 03:27:00+00:00,2026-10-07 03:27:12+00:00,,True,0.2,2026-10-07 03:00:20.253000+02:00,2026-10-07 05:27:00+02:00,2026-10-07 05:27:12+02:00,2026-10-07,5,Wednesday,False,146.66244999999998
20261007_010018,2026-10-07 01:00:20.253000+00:00,Luzern,rail,ch:1:sloid:5000,Luzern,ch:1:sloid:5000:3:7,2026-10-07,ch:1:sjyid:100001:2456-001,rail,InterRegio,IR27,IR27,2456,Luzern,Basel SBB,7,,2026-10-07 03:30:00+00:00,2026-10-07 03:30:36+00:00,,True,0.6,2026-10-07 03:00:20.253000+02:00,2026-10-07 05:30:00+02:00,2026-10-07 05:30:36+02:00,2026-10-07,5,Wednesday,False,149.66244999999998
20261007_010018,2026-10-07 01:00:20.253000+00:00,Luzern,rail,ch:1:sloid:5000,Luzern,ch:1:sloid:5000:5:11,2026-10-07,ch:1:sjyid:100001:21918-001,rail,S-Bahn,S9,S9,21918,Luzern,Lenzburg,11,,2026-10-07 03:32:00+00:00,,,False,,2026-10-07 03:00:20.253000+02:00,2026-10-07 05:32:00+02:00,,2026-10-07,5,Wednesday,False,151.66244999999998
20261007_010018,2026-10-07 01:00:20.253000+00:00,Luzern,rail,ch:1:sloid:5000,Luzern,ch:1:sloid:5000:2:5,2026-10-07,ch:1:sjyid:100001:2107-001,rail,InterRegio,IR75,IR75,2107,Luzern,Konstanz,5,,2026-10-07 03:35:00+00:00,2026-10-07 03:35:30+00:00,,True,0.5,2026-10-07 03:00:20.253000+02:00,2026-10-07 05:35:00+02:00,2026-10-07 05:35:30+02:00,2026-10-07,5,Wednesday,False,154.66244999999998
20261007_010018,2026-10-07 01:00:20.253000+00:00,Luzern,rail,ch:1:sloid:5000,Luzern,ch:1:sloid:5000:1:2,2026-10-07,ch:1:sjyid:100001:21319-001,rail,S-Bahn,S3,S3,21319,Luzern,Brunnen,2,,2026-10-07 03:39:00+00:00,,,False,,2026-10-07 03:00:20.253000+02:00,2026-10-07 05:39:00+02:00,,2026-10-07,5,Wednesday,False,158.66244999999998
20261007_010018,2026-10-07 01:00:20.253000+00:00,Luzern,rail,ch:1:sloid:5000,Luzern,ch:1:sloid:5000:7:15,2026-10-07,ch:1:sjyid:100064:21518-001,rail,S-Bahn,S5,S5,21518,Luzern,Giswil,15,,2026-10-07 03:42:00+00:00,2026-10-07 03:42:00+00:00,,True,0.0,2026-10-07 03:00:20.253000+02:00,2026-10-07 05:42:00+02:00,2026-10-07 05:42:00+02:00,2026-10-07,5,Wednesday,False,161.66244999999998
20261007_010018,2026-10-07 01:00:20.253000+00:00,Luzern,rail,ch:1:sloid:5000,Luzern,ch:1:sloid:5000:4:9,2026-10-07,ch:1:sjyid:100001:21111-001,rail,S-Bahn,S1,S1,21111,Zug,Sursee,9,,2026-10-07 03:44:00+00:00,2026-10-07 03:45:00+00:00,,True,1.0,2026-10-07 03:00:20.253000+02:00,2026-10-07 05:44:00+02:00,2026-10-07 05:45:00+02:00,2026-10-07,5,Wednesday,False,163.66244999999998
20261007_010018,2026-10-07 01:00:20.253000+00:00,Luzern,rail,ch:1:sloid:5000,Luzern,ch:1:sloid:5000:3:7,2026-10-07,ch:1:sjyid:100001:21112-001,rail,S-Bahn,S1,S1,21112,Sursee,Baar,7,,2026-10-07 03:51:00+00:00,,,False,,2026-10-07 03:00:20.253000+02:00,2026-10-07 05:51:00+02:00,,2026-10-07,5,Wednesday,False,170.66244999999998
20261007_010018,2026-10-07 01:00:20.253000+00:00,Luzern,rail,ch:1:sloid:5000,Luzern,ch:1:sloid:5000:2:4,2026-10-07,ch:1:sjyid:100001:2306-001,rail,InterRegio,IR26,IR26,2306,Luzern,Basel SBB,4,,2026-10-07 03:54:00+00:00,,,False,,2026-10-07 03:00:20.253000+02:00,2026-10-07 05:54:00+02:00,,2026-10-07,5,Wednesday,False,173.66244999999998
20261007_010018,2026-10-07 01:00:20.253000+00:00,Luzern,rail,ch:1:sloid:5000,Luzern,ch:1:sloid:5000:2:5,2026-10-07,ch:1:sjyid:100015:4458-001,rail,RegioExpress,RE7,RE7,4458,Luzern,Wolhusen,5,,2026-10-07 03:57:00+00:00,,,False,,2026-10-07 03:00:20.253000+02:00,2026-10-07 05:57:00+02:00,,2026-10-07,5,Wednesday,False,176.66244999999998
20261007_010018,2026-10-07 01:00:20.253000+00:00,Luzern,rail,ch:1:sloid:5000,Luzern,ch:1:sloid:5000:7:14,2026-10-07,ch:1:sjyid:100064:21420-001,rail,S-Bahn,S4,S4,21420,Luzern,Stansstad,14,,2026-10-07 03:57:00+00:00,2026-10-07 03:57:00+00:00,,True,0.0,2026-10-07 03:00:20.253000+02:00,2026-10-07 05:57:00+02:00,2026-10-07 05:57:00+02:00,2026-10-07,5,Wednesday,False,176.66244999999998
20261007_010018,2026-10-07 01:00:20.253000+00:00,Luzern,rail,ch:1:sloid:5000,Luzern,ch:1:sloid:5000:4:8,2026-10-07,ch:1:sjyid:100001:2508-002,rail,InterRegio,IR15,IR15,2508,Luzern,Genève-Aéroport,8,,2026-10-07 04:00:00+00:00,,,False,,2026-10-07 03:00:20.253000+02:00,2026-10-07 06:00:00+02:00,,2026-10-07,6,Wednesday,False,179.66244999999998
20261007_010018,2026-10-07 01:00:20.253000+00:00,Luzern,rail,ch:1:sloid:5000,Luzern,ch:1:sloid:5000:5:10,2026-10-07,ch:1:sjyid:100001:21920-002,rail,S-Bahn,S9,S9,21920,Luzern,Lenzburg,10,,2026-10-07 04:02:00+00:00,,,False,,2026-10-07 03:00:20.253000+02:00,2026-10-07 06:02:00+02:00,,2026-10-07,6,Wednesday,False,181.66244999999998
20261007_010018,2026-10-07 01:00:20.253000+00:00,Luzern,rail,ch:1:sloid:5000,Luzern,ch:1:sloid:5000:4:9,2026-10-07,ch:1:sjyid:100001:4708-001,rail,RegioExpress,RE24,RE24,4708,Luzern,Olten,9,,2026-10-07 04:05:00+00:00,,,False,,2026-10-07 03:00:20.253000+02:00,2026-10-07 06:05:00+02:00,,2026-10-07,6,Wednesday,False,184.66244999999998
20261007_010018,2026-10-07 01:00:20.253000+00:00,Luzern,rail,ch:1:sloid:5000,Luzern,ch:1:sloid:5000:6:12,2026-10-07,ch:1:sjyid:100064:2912-001,rail,Luzern-Interlaken Express,LIX,LIX,2912,Luzern,Interlaken Ost,12,,2026-10-07 04:06:00+00:00,,,False,,2026-10-07 03:00:20.253000+02:00,2026-10-07 06:06:00+02:00,,2026-10-07,6,Wednesday,False,185.66244999999998
20261007_010018,2026-10-07 01:00:20.253000+00:00,Luzern,rail,ch:1:sloid:5000,Luzern,ch:1:sloid:5000_gen:ch:1:sloid:5000:5:11_pf:11B-D,2026-10-07,ch:1:sjyid:100001:21321-001,rail,S-Bahn,S3,S3,21321,Luzern,Brunnen,11B-D,,2026-10-07 04:06:00+00:00,,,False,,2026-10-07 03:00:20.253000+02:00,2026-10-07 06:06:00+02:00,,2026-10-07,6,Wednesday,False,185.66244999999998
20261007_010018,2026-10-07 01:00:20.253000+00:00,Luzern,rail,ch:1:sloid:5000,Luzern,ch:1:sloid:5000:1:3,2026-10-07,ch:1:sjyid:100001:2610-001,rail,InterRegio,IR70,IR70,2610,Luzern,Zürich HB,3,,2026-10-07 04:09:00+00:00,,,False,,2026-10-07 03:00:20.253000+02:00,2026-10-07 06:09:00+02:00,,2026-10-07,6,Wednesday,False,188.66244999999998
20261007_010018,2026-10-07 01:00:20.253000+00:00,Luzern,rail,ch:1:sloid:5000,Luzern,ch:1:sloid:5000_gen:ch:1:sloid:5000:6:13_pf:13BC,2026-10-07,ch:1:sjyid:100064:2958-001,rail,Luzern-Engelberg Express,IRLEX,IRLEX,2958,Luzern,Stansstad,13BC,,2026-10-07 04:10:00+00:00,,,False,,2026-10-07 03:00:20.253000+02:00,2026-10-07 06:10:00+02:00,,2026-10-07,6,Wednesday,False,189.66244999999998
20261007_010018,2026-10-07 01:00:20.253000+00:00,Luzern,rail,ch:1:sloid:5000,Luzern,ch:1:sloid:5000:7:14,2026-10-07,ch:1:sjyid:100064:21520-001,rail,S-Bahn,S5,S5,21520,Luzern,Giswil,14,,2026-10-07 04:12:00+00:00,,,False,,2026-10-07 03:00:20.253000+02:00,2026-10-07 06:12:00+02:00,,2026-10-07,6,Wednesday,False,191.66244999999998
20261007_010018,2026-10-07 01:00:20.716000+00:00,St. Gallen,rail,ch:1:sloid:6302,St. Gallen,ch:1:sloid:6302:2:2,2026-10-07,ch:1:sjyid:100001:3252-001,rail,InterRegio,IR13,IR13,3252,St. Gallen,Luzern,2,,2026-10-07 02:37:00+00:00,2026-10-07 02:37:30+00:00,,True,0.5,2026-10-07 03:00:20.716000+02:00,2026-10-07 04:37:00+02:00,2026-10-07 04:37:30+02:00,2026-10-07,4,Wednesday,False,96.65473333333333
20261007_010018,2026-10-07 01:00:20.716000+00:00,St. Gallen,rail,ch:1:sloid:6302,St. Gallen,ch:1:sloid:6302:2:2,2026-10-07,ch:1:sjyid:100061:2006-001,rail,Voralpen-Express,VAE,VAE,2006,St. Gallen,Biberbrugg,2,,2026-10-07 03:05:00+00:00,,,False,,2026-10-07 03:00:20.716000+02:00,2026-10-07 05:05:00+02:00,,2026-10-07,5,Wednesday,False,124.65473333333333
20261007_010018,2026-10-07 01:00:20.716000+00:00,St. Gallen,rail,ch:1:sloid:6302,St. Gallen,ch:1:sloid:6302:1:1,2026-10-07,ch:1:sjyid:100001:706-001,rail,InterCity,IC1,IC1,706,St. Gallen,Genève-Aéroport,1,,2026-10-07 03:07:00+00:00,,,False,,2026-10-07 03:00:20.716000+02:00,2026-10-07 05:07:00+02:00,,2026-10-07,5,Wednesday,False,126.65473333333333
20261007_010018,2026-10-07 01:00:20.716000+00:00,St. Gallen,rail,ch:1:sloid:6302,St. Gallen,ch:1:sloid:6302:3:4,2026-10-07,ch:1:sjyid:100046:11215-001,rail,S-Bahn,S2,S2,11215,St. Gallen,Altstätten SG,4,,2026-10-07 03:08:00+00:00,,,False,,2026-10-07 03:00:20.716000+02:00,2026-10-07 05:08:00+02:00,,2026-10-07,5,Wednesday,False,127.65473333333333
20261007_010018,2026-10-07 01:00:20.716000+00:00,St. Gallen,rail,ch:1:sloid:6302,St. Gallen,ch:1:sloid:6302:4:7,2026-10-07,ch:1:sjyid:100046:11514-001,rail,S-Bahn,S5,S5,11514,St. Gallen,Weinfelden,7,,2026-10-07 03:10:00+00:00,2026-10-07 03:10:12+00:00,,True,0.2,2026-10-07 03:00:20.716000+02:00,2026-10-07 05:10:00+02:00,2026-10-07 05:10:12+02:00,2026-10-07,5,Wednesday,False,129.65473333333333
20261007_010018,2026-10-07 01:00:20.716000+00:00,St. Gallen,rail,ch:1:sloid:6302,St. Gallen,ch:1:sloid:6302:4:6,2026-10-07,ch:1:sjyid:100046:11114-001,rail,S-Bahn,S1,S1,11114,St. Gallen,Wil SG,6,,2026-10-07 03:17:00+00:00,,,False,,2026-10-07 03:00:20.716000+02:00,2026-10-07 05:17:00+02:00,,2026-10-07,5,Wednesday,False,136.65473333333333
20261007_010018,2026-10-07 01:00:20.716000+00:00,St. Gallen,rail,ch:1:sloid:6302,St. Gallen,ch:1:sloid:6302:3:4,2026-10-07,ch:1:sjyid:100046:11115-001,rail,S-Bahn,S1,S1,11115,St. Gallen,Schaffhausen,4,,2026-10-07 03:19:00+00:00,,,False,,2026-10-07 03:00:20.716000+02:00,2026-10-07 05:19:00+02:00,,2026-10-07,5,Wednesday,False,138.65473333333333
20261007_010018,2026-10-07 01:00:20.716000+00:00,St. Gallen,rail,ch:1:sloid:6302,St. Gallen,ch:1:sloid:6302:500:11,2026-10-07,ch:1:sjyid:100007:plan:2049,rail,S-Bahn,S21,S21,2049,Trogen,Appenzell,11,,2026-10-07 03:21:00+00:00,2026-10-07 03:21:00+00:00,,True,0.0,2026-10-07 03:00:20.716000+02:00,2026-10-07 05:21:00+02:00,2026-10-07 05:21:00+02:00,2026-10-07,5,Wednesday,False,140.65473333333333
20261007_010018,2026-10-07 01:00:20.716000+00:00,St. Gallen,rail,ch:1:sloid:6302,St. Gallen,ch:1:sloid:6302:2:3,2026-10-07,ch:1:sjyid:100001:3251-001,rail,InterRegio,IR13,IR13,3251,Wil SG,Sargans,3,,2026-10-07 03:25:00+00:00,2026-10-07 03:25:18+00:00,,True,0.3,2026-10-07 03:00:20.716000+02:00,2026-10-07 05:25:00+02:00,2026-10-07 05:25:18+02:00,2026-10-07,5,Wednesday,False,144.65473333333333
20261007_010018,2026-10-07 01:00:20.716000+00:00,St. Gallen,rail,ch:1:sloid:6302,St. Gallen,ch:1:sloid:6302:3:5,2026-10-07,ch:1:sjyid:100061:11416-001,rail,S-Bahn,S4,S4,11416,St. Gallen,Rapperswil SG,5,,2026-10-07 03:27:00+00:00,,,False,,2026-10-07 03:00:20.716000+02:00,2026-10-07 05:27:00+02:00,,2026-10-07,5,Wednesday,False,146.65473333333333
20261007_010018,2026-10-07 01:00:20.716000+00:00,St. Gallen,rail,ch:1:sloid:6302,St. Gallen,ch:1:sloid:6302:2:2,2026-10-07,ch:1:sjyid:100001:3254-001,rail,InterRegio,IR13,IR13,3254,St. Gallen,Zürich HB,2,,2026-10-07 03:37:00+00:00,,,False,,2026-10-07 03:00:20.716000+02:00,2026-10-07 05:37:00+02:00,,2026-10-07,5,Wednesday,False,156.65473333333333
20261007_010018,2026-10-07 01:00:20.716000+00:00,St. Gallen,rail,ch:1:sloid:6302,St. Gallen,ch:1:sloid:6302:2:3,2026-10-07,ch:1:sjyid:100061:11415-001,rail,S-Bahn,S4,S4,11415,Wattwil,Sargans,3,,2026-10-07 03:38:00+00:00,,,False,,2026-10-07 03:00:20.716000+02:00,2026-10-07 05:38:00+02:00,,2026-10-07,5,Wednesday,False,157.65473333333333
20261007_010018,2026-10-07 01:00:20.716000+00:00,St. Gallen,rail,ch:1:sloid:6302,St. Gallen,ch:1:sloid:6302:500:12,2026-10-07,ch:1:sjyid:100007:plan:4048,rail,S-Bahn,S22,S22,4048,Appenzell,Trogen,12,,2026-10-07 03:39:00+00:00,2026-10-07 03:39:00+00:00,,True,0.0,2026-10-07 03:00:20.716000+02:00,2026-10-07 05:39:00+02:00,2026-10-07 05:39:00+02:00,2026-10-07,5,Wednesday,False,158.65473333333333
20261007_010018,2026-10-07 01:00:20.716000+00:00,St. Gallen,rail,ch:1:sloid:6302,St. Gallen,ch:1:sloid:6302:3:4,2026-10-07,ch:1:sjyid:100046:11516-001,rail,S-Bahn,S5,S5,11516,St. Gallen,Weinfelden,4,,2026-10-07 03:40:00+00:00,,,False,,2026-10-07 03:00:20.716000+02:00,2026-10-07 05:40:00+02:00,,2026-10-07,5,Wednesday,False,159.65473333333333
20261007_010018,2026-10-07 01:00:20.716000+00:00,St. Gallen,rail,ch:1:sloid:6302,St. Gallen,ch:1:sloid:6302:4:6,2026-10-07,ch:1:sjyid:100046:5210-001,rail,RegioExpress,RE1,RE1,5210,St. Gallen,Herisau,6,,2026-10-07 03:44:00+00:00,,,False,,2026-10-07 03:00:20.716000+02:00,2026-10-07 05:44:00+02:00,,2026-10-07,5,Wednesday,False,163.65473333333333
20261007_010018,2026-10-07 01:00:20.716000+00:00,St. Gallen,rail,ch:1:sloid:6302,St. Gallen,ch:1:sloid:6302:1:1,2026-10-07,ch:1:sjyid:100046:11116-001,rail,S-Bahn,S1,S1,11116,Kreuzlingen,Wil SG,1,,2026-10-07 03:47:00+00:00,2026-10-07 03:47:12+00:00,,True,0.2,2026-10-07 03:00:20.716000+02:00,2026-10-07 05:47:00+02:00,2026-10-07 05:47:12+02:00,2026-10-07,5,Wednesday,False,166.65473333333333
20261007_010018,2026-10-07 01:00:20.716000+00:00,St. Gallen,rail,ch:1:sloid:6302,St. Gallen,ch:1:sloid:6302:2:3,2026-10-07,ch:1:sjyid:100046:11117-001,rail,S-Bahn,S1,S1,11117,Wil SG,Schaffhausen,3,,2026-10-07 03:49:00+00:00,,,False,,2026-10-07 03:00:20.716000+02:00,2026-10-07 05:49:00+02:00,,2026-10-07,5,Wednesday,False,168.65473333333333
20261007_010018,2026-10-07 01:00:20.716000+00:00,St. Gallen,rail,ch:1:sloid:6302,St. Gallen,ch:1:sloid:6302:500:11,2026-10-07,ch:1:sjyid:100007:plan:2055,rail,S-Bahn,S21,S21,2055,Trogen,Appenzell,11,,2026-10-07 03:51:00+00:00,2026-10-07 03:51:00+00:00,,True,0.0,2026-10-07 03:00:20.716000+02:00,2026-10-07 05:51:00+02:00,2026-10-07 05:51:00+02:00,2026-10-07,5,Wednesday,False,170.65473333333333
20261007_010018,2026-10-07 01:00:20.716000+00:00,St. Gallen,rail,ch:1:sloid:6302,St. Gallen,ch:1:sloid:6302:500:12,2026-10-07,ch:1:sjyid:100007:plan:2050,rail,S-Bahn,S21,S21,2050,Appenzell,Trogen,12,,2026-10-07 03:54:00+00:00,2026-10-07 03:54:00+00:00,,True,0.0,2026-10-07 03:00:20.716000+02:00,2026-10-07 05:54:00+02:00,2026-10-07 05:54:00+02:00,2026-10-07,5,Wednesday,False,173.65473333333333
20261007_010018,2026-10-07 01:00:20.716000+00:00,St. Gallen,rail,ch:1:sloid:6302,St. Gallen,ch:1:sloid:6302:3:4,2026-10-07,ch:1:sjyid:100061:2201-001,rail,Alpenrhein-Express,IR13,IR13,2201,St. Gallen,Chur,4,,2026-10-07 03:55:00+00:00,,,False,,2026-10-07 03:00:20.716000+02:00,2026-10-07 05:55:00+02:00,,2026-10-07,5,Wednesday,False,174.65473333333333
20261007_010018,2026-10-07 01:00:20.716000+00:00,St. Gallen,rail,ch:1:sloid:6302,St. Gallen,ch:1:sloid:6302:4:6,2026-10-07,ch:1:sjyid:100046:11517-001,rail,S-Bahn,S5,S5,11517,Weinfelden,St. Margrethen SG,6,,2026-10-07 03:57:00+00:00,,,False,,2026-10-07 03:00:20.716000+02:00,2026-10-07 05:57:00+02:00,,2026-10-07,5,Wednesday,False,176.65473333333333
20261007_010018,2026-10-07 01:00:20.716000+00:00,St. Gallen,rail,ch:1:sloid:6302,St. Gallen,ch:1:sloid:6302_gen:ch:1:sloid:6302:3:5_pf:5AB,2026-10-07,ch:1:sjyid:100046:11218-001,rail,S-Bahn,S2,S2,11218,Rorschach,Nesslau-Neu St. Johann,5AB,,2026-10-07 03:57:00+00:00,2026-10-07 03:57:12+00:00,,True,0.2,2026-10-07 03:00:20.716000+02:00,2026-10-07 05:57:00+02:00,2026-10-07 05:57:12+02:00,2026-10-07,5,Wednesday,False,176.65473333333333
20261007_010018,2026-10-07 01:00:20.716000+00:00,St. Gallen,rail,ch:1:sloid:6302,St. Gallen,ch:1:sloid:6302:2:2,2026-10-07,ch:1:sjyid:100001:510-001,rail,InterCity,IC5,IC5,510,Rorschach,Lausanne,2,,2026-10-07 03:58:00+00:00,,,False,,2026-10-07 03:00:20.716000+02:00,2026-10-07 05:58:00+02:00,,2026-10-07,5,Wednesday,False,177.65473333333333
20261007_010018,2026-10-07 01:00:20.716000+00:00,St. Gallen,rail,ch:1:sloid:6302,St. Gallen,ch:1:sloid:6302:2:3,2026-10-07,ch:1:sjyid:100061:2008-001,rail,Voralpen-Express,VAE,VAE,2008,St. Gallen,Biberbrugg,3,,2026-10-07 04:05:00+00:00,,,False,,2026-10-07 03:00:20.716000+02:00,2026-10-07 06:05:00+02:00,,2026-10-07,6,Wednesday,False,184.65473333333333
20261007_010018,2026-10-07 01:00:20.716000+00:00,St. Gallen,rail,ch:1:sloid:6302,St. Gallen,ch:1:sloid:6302:500:11,2026-10-07,ch:1:sjyid:100007:plan:4057,rail,S-Bahn,S22,S22,4057,Trogen,Teufen AR,11,,2026-10-07 04:06:00+00:00,2026-10-07 04:06:00+00:00,,True,0.0,2026-10-07 03:00:20.716000+02:00,2026-10-07 06:06:00+02:00,2026-10-07 06:06:00+02:00,2026-10-07,6,Wednesday,False,185.65473333333333
20261007_010018,2026-10-07 01:00:20.716000+00:00,St. Gallen,rail,ch:1:sloid:6302,St. Gallen,ch:1:sloid:6302:1:1,2026-10-07,ch:1:sjyid:100001:708-001,rail,InterCity,IC1,IC1,708,St. Gallen,Genève-Aéroport,1,,2026-10-07 04:07:00+00:00,,,False,,2026-10-07 03:00:20.716000+02:00,2026-10-07 06:07:00+02:00,,2026-10-07,6,Wednesday,False,186.65473333333333
20261007_010018,2026-10-07 01:00:20.716000+00:00,St. Gallen,rail,ch:1:sloid:6302,St. Gallen,ch:1:sloid:6302:3:5,2026-10-07,ch:1:sjyid:100046:11219-001,rail,S-Bahn,S2,S2,11219,Nesslau-Neu St. Johann,Altstätten SG,5,,2026-10-07 04:08:00+00:00,,,False,,2026-10-07 03:00:20.716000+02:00,2026-10-07 06:08:00+02:00,,2026-10-07,6,Wednesday,False,187.65473333333333
20261007_010018,2026-10-07 01:00:20.716000+00:00,St. Gallen,rail,ch:1:sloid:6302,St. Gallen,ch:1:sloid:6302:500:12,2026-10-07,ch:1:sjyid:100007:plan:4054,rail,S-Bahn,S22,S22,4054,Appenzell,Trogen,12,,2026-10-07 04:09:00+00:00,2026-10-07 04:09:00+00:00,,True,0.0,2026-10-07 03:00:20.716000+02:00,2026-10-07 06:09:00+02:00,2026-10-07 06:09:00+02:00,2026-10-07,6,Wednesday,False,188.65473333333333
20261007_010018,2026-10-07 01:00:20.716000+00:00,St. Gallen,rail,ch:1:sloid:6302,St. Gallen,ch:1:sloid:6302:3:4,2026-10-07,ch:1:sjyid:100046:11518-001,rail,S-Bahn,S5,S5,11518,St. Margrethen SG,Weinfelden,4,,2026-10-07 04:10:00+00:00,,,False,,2026-10-07 03:00:20.716000+02:00,2026-10-07 06:10:00+02:00,,2026-10-07,6,Wednesday,False,189.65473333333333
20261007_010018,2026-10-07 01:00:20.716000+00:00,St. Gallen,rail,ch:1:sloid:6302,St. Gallen,ch:1:sloid:6302:2:2,2026-10-07,ch:1:sjyid:100061:12110-001,rail,S-Bahn,S81,S81,12110,St. Gallen,Herisau,2,,2026-10-07 04:14:00+00:00,,,False,,2026-10-07 03:00:20.716000+02:00,2026-10-07 06:14:00+02:00,,2026-10-07,6,Wednesday,False,193.65473333333333
20261007_010018,2026-10-07 01:00:21.168000+00:00,Lausanne,rail,ch:1:sloid:1120,Lausanne,ch:1:sloid:1120:0:276884,2026-10-07,ch:1:sjyid:100001:18402-002,rail,RegioExpress,RE33,RE33,18402,Lausanne,Genève-Aéroport,3,,2026-10-07 01:45:00+00:00,2026-10-07 01:45:12+00:00,,True,0.2,2026-10-07 03:00:21.168000+02:00,2026-10-07 03:45:00+02:00,2026-10-07 03:45:12+02:00,2026-10-07,3,Wednesday,False,44.6472
20261007_010018,2026-10-07 01:00:21.168000+00:00,Lausanne,rail,ch:1:sloid:1120,Lausanne,ch:1:sloid:1120:0:668579,2026-10-07,ch:1:sjyid:100001:24200-001,rail,Regio,R2,R2,24200,Lausanne,Grandson,1,,2026-10-07 02:38:00+00:00,2026-10-07 02:38:12+00:00,,True,0.2,2026-10-07 03:00:21.168000+02:00,2026-10-07 04:38:00+02:00,2026-10-07 04:38:12+02:00,2026-10-07,4,Wednesday,False,97.64720000000001
20261007_010018,2026-10-07 01:00:21.168000+00:00,Lausanne,rail,ch:1:sloid:1120,Lausanne,ch:1:sloid:1120:0:860143,2026-10-07,ch:1:sjyid:100001:18404-003,rail,RegioExpress,RE33,RE33,18404,Lausanne,Genève-Aéroport,4,,2026-10-07 02:45:00+00:00,2026-10-07 02:45:12+00:00,,True,0.2,2026-10-07 03:00:21.168000+02:00,2026-10-07 04:45:00+02:00,2026-10-07 04:45:12+02:00,2026-10-07,4,Wednesday,False,104.64720000000001
20261007_010018,2026-10-07 01:00:21.168000+00:00,Lausanne,rail,ch:1:sloid:1120,Lausanne,ch:1:sloid:1120:0:20298,2026-10-07,ch:1:sjyid:100001:24509-001,rail,S-Bahn,S41,S41,24509,Lausanne,Fribourg/Freiburg,70,,2026-10-07 02:49:00+00:00,2026-10-07 02:49:12+00:00,,True,0.2,2026-10-07 03:00:21.168000+02:00,2026-10-07 04:49:00+02:00,2026-10-07 04:49:12+02:00,2026-10-07,4,Wednesday,False,108.64720000000001
20261007_010018,2026-10-07 01:00:21.168000+00:00,Lausanne,rail,ch:1:sloid:1120,Lausanne,ch:1:sloid:1120:0:276884,2026-10-07,ch:1:sjyid:100001:24109-001,rail,Regio,R1,R1,24109,Lausanne,Bex,3,,2026-10-07 02:55:00+00:00,2026-10-07 02:55:12+00:00,,True,0.2,2026-10-07 03:00:21.168000+02:00,2026-10-07 04:55:00+02:00,2026-10-07 04:55:12+02:00,2026-10-07,4,Wednesday,False,114.64720000000001
20261007_010018,2026-10-07 01:00:21.168000+00:00,Lausanne,rail,ch:1:sloid:1120,Lausanne,ch:1:sloid:1120:0:668579,2026-10-07,ch:1:sjyid:100001:24902-001,rail,Regio,R9,R9,24902,Lausanne,Allaman,1,,2026-10-07 02:57:00+00:00,,,False,,2026-10-07 03:00:21.168000+02:00,2026-10-07 04:57:00+02:00,,2026-10-07,4,Wednesday,False,116.64720000000001
20261007_010018,2026-10-07 01:00:21.168000+00:00,Lausanne,rail,ch:1:sloid:1120,Lausanne,ch:1:sloid:1120:0:20298,2026-10-07,ch:1:sjyid:100001:24909-001,rail,Regio,R9,R9,24909,Lausanne,Murten/Morat,70,,2026-10-07 02:57:00+00:00,,,False,,2026-10-07 03:00:21.168000+02:00,2026-10-07 04:57:00+02:00,,2026-10-07,4,Wednesday,False,116.64720000000001
20261007_010018,2026-10-07 01:00:21.168000+00:00,Lausanne,rail,ch:1:sloid:1120,Lausanne,ch:1:sloid:1120:0:42631,2026-10-07,ch:1:sjyid:100001:24302-001,rail,Regio,R3,R3,24302,Lausanne,Vallorbe,5,,2026-10-07 02:57:00+00:00,,,False,,2026-10-07 03:00:21.168000+02:00,2026-10-07 04:57:00+02:00,,2026-10-07,4,Wednesday,False,116.64720000000001
20261007_010018,2026-10-07 01:00:21.168000+00:00,Lausanne,rail,ch:1:sloid:1120,Lausanne,ch:1:sloid:1120:0:860143,2026-10-07,ch:1:sjyid:100001:1705-002,rail,InterRegio,IR95,IR95,1705,Lausanne,Brig,4,,2026-10-07 03:04:00+00:00,,,False,,2026-10-07 03:00:21.168000+02:00,2026-10-07 05:04:00+02:00,,2026-10-07,5,Wednesday,False,123.64720000000001
20261007_010018,2026-10-07 01:00:21.168000+00:00,Lausanne,rail,ch:1:sloid:1120,Lausanne,ch:1:sloid:1120:0:638488,2026-10-07,ch:1:sjyid:100001:24102-001,rail,Regio,R1,R1,24102,Lausanne,Grandson,8,,2026-10-07 03:08:00+00:00,,,False,,2026-10-07 03:00:21.168000+02:00,2026-10-07 05:08:00+02:00,,2026-10-07,5,Wednesday,False,127.64720000000001
20261007_010018,2026-10-07 01:00:21.168000+00:00,Lausanne,rail,ch:1:sloid:1120,Lausanne,ch:1:sloid:1120:0:668579,2026-10-07,ch:1:sjyid:100001:24611-001,rail,S-Bahn,S40,S40,24611,Lausanne,Fribourg/Freiburg,1,,2026-10-07 03:21:00+00:00,,,False,,2026-10-07 03:00:21.168000+02:00,2026-10-07 05:21:00+02:00,,2026-10-07,5,Wednesday,False,140.6472
20261007_010018,2026-10-07 01:00:21.168000+00:00,Lausanne,rail,ch:1:sloid:1120,Lausanne,ch:1:sloid:1120:0:276884,2026-10-07,ch:1:sjyid:100001:24211-001,rail,Regio,R2,R2,24211,Grandson,Bex,3,,2026-10-07 03:24:00+00:00,2026-10-07 03:24:30+00:00,,True,0.5,2026-10-07 03:00:21.168000+02:00,2026-10-07 05:24:00+02:00,2026-10-07 05:24:30+02:00,2026-10-07,5,Wednesday,False,143.6472
20261007_010018,2026-10-07 01:00:21.168000+00:00,Lausanne,rail,ch:1:sloid:1120,Lausanne,ch:1:sloid:1120:0:638488,2026-10-07,ch:1:sjyid:100001:24402-002,rail,Regio,R4,R4,24402,Vevey,Vallorbe/Le Brassus,8,,2026-10-07 03:27:00+00:00,,,False,,2026-10-07 03:00:21.168000+02:00,2026-10-07 05:27:00+02:00,,2026-10-07,5,Wednesday,False,146.6472
20261007_010018,2026-10-07 01:00:21.168000+00:00,Lausanne,rail,ch:1:sloid:1120,Lausanne,ch:1:sloid:1120:0:668579,2026-10-07,ch:1:sjyid:100001:24811-004,rail,Regio,R8,R8,24811,Allaman,Payerne,1,,2026-10-07 03:28:00+00:00,,,False,,2026-10-07 03:00:21.168000+02:00,2026-10-07 05:28:00+02:00,,2026-10-07,5,Wednesday,False,147.6472
20261007_010018,2026-10-07 01:00:21.168000+00:00,Lausanne,rail,ch:1:sloid:1120,Lausanne,ch:1:sloid:1120:0:37997,2026-10-07,ch:1:sjyid:100001:18450-001,rail,RegioExpress,RE33,RE33,18450,Lausanne,Annemasse,6,,2026-10-07 03:30:00+00:00,,,False,,2026-10-07 03:00:21.168000+02:00,2026-10-07 05:30:00+02:00,,2026-10-07,5,Wednesday,False,149.6472
20261007_010018,2026-10-07 01:00:21.168000+00:00,Lausanne,rail,ch:1:sloid:1120,Lausanne,ch:1:sloid:1120:0:42631,2026-10-07,ch:1:sjyid:100001:509-002,rail,InterCity,IC5,IC5,509,Lausanne,Rorschach,5,,2026-10-07 03:34:00+00:00,,,False,,2026-10-07 03:00:21.168000+02:00,2026-10-07 05:34:00+02:00,,2026-10-07,5,Wednesday,False,153.6472
20261007_010018,2026-10-07 01:00:21.168000+00:00,Lausanne,rail,ch:1:sloid:1120,Lausanne,ch:1:sloid:1120:0:840061,2026-10-07,ch:1:sjyid:100001:24802-001,rail,Regio,R8,R8,24802,Payerne,Allaman,7,,2026-10-07 03:34:00+00:00,2026-10-07 03:34:12+00:00,,True,0.2,2026-10-07 03:00:21.168000+02:00,2026-10-07 05:34:00+02:00,2026-10-07 05:34:12+02:00,2026-10-07,5,Wednesday,False,153.6472
20261007_010018,2026-10-07 01:00:21.168000+00:00,Lausanne,rail,ch:1:sloid:1120,Lausanne,ch:1:sloid:1120:0:860143,2026-10-07,ch:1:sjyid:100001:24411-001,rail,Regio,R4,R4,24411,Vallorbe,Vevey,4,,2026-10-07 03:34:00+00:00,2026-10-07 03:34:12+00:00,,True,0.2,2026-10-07 03:00:21.168000+02:00,2026-10-07 05:34:00+02:00,2026-10-07 05:34:12+02:00,2026-10-07,5,Wednesday,False,153.6472
20261007_010018,2026-10-07 01:00:21.168000+00:00,Lausanne,rail,ch:1:sloid:1120,Lausanne,ch:1:sloid:1120:0:638488,2026-10-07,ch:1:sjyid:100001:24202-002,rail,Regio,R2,R2,24202,St-Maurice,Grandson,8,,2026-10-07 03:38:00+00:00,2026-10-07 03:38:12+00:00,,True,0.2,2026-10-07 03:00:21.168000+02:00,2026-10-07 05:38:00+02:00,2026-10-07 05:38:12+02:00,2026-10-07,5,Wednesday,False,157.6472
20261007_010018,2026-10-07 01:00:21.168000+00:00,Lausanne,rail,ch:1:sloid:1120,Lausanne,ch:1:sloid:1120:0:668579,2026-10-07,ch:1:sjyid:100001:2507-001,rail,InterRegio,IR15,IR15,2507,Lausanne,Luzern,1,,2026-10-07 03:40:00+00:00,,,False,,2026-10-07 03:00:21.168000+02:00,2026-10-07 05:40:00+02:00,,2026-10-07,5,Wednesday,False,159.6472
20261007_010018,2026-10-07 01:00:21.168000+00:00,Lausanne,rail,ch:1:sloid:1120,Lausanne,ch:1:sloid:1120:0:276884,2026-10-07,ch:1:sjyid:100001:1805-003,rail,InterRegio,IR90,IR90,1805,Genève,Brig,3,,2026-10-07 03:42:00+00:00,2026-10-07 03:42:30+00:00,,True,0.5,2026-10-07 03:00:21.168000+02:00,2026-10-07 05:42:00+02:00,2026-10-07 05:42:30+02:00,2026-10-07,5,Wednesday,False,161.6472
20261007_010018,2026-10-07 01:00:21.168000+00:00,Lausanne,rail,ch:1:sloid:1120,Lausanne,ch:1:sloid:1120:0:638488,2026-10-07,ch:1:sjyid:100001:1702-001,rail,InterRegio,IR95,IR95,1702,Sion,Genève-Aéroport,8,,2026-10-07 03:49:00+00:00,2026-10-07 03:49:48+00:00,,True,0.8,2026-10-07 03:00:21.168000+02:00,2026-10-07 05:49:00+02:00,2026-10-07 05:49:48+02:00,2026-10-07,5,Wednesday,False,168.6472
20261007_010018,2026-10-07 01:00:21.168000+00:00,Lausanne,rail,ch:1:sloid:1120,Lausanne,ch:1:sloid:1120:0:20298,2026-10-07,ch:1:sjyid:100001:24513-001,rail,S-Bahn,S41,S41,24513,Lausanne,Fribourg/Freiburg,70,,2026-10-07 03:49:00+00:00,,,False,,2026-10-07 03:00:21.168000+02:00,2026-10-07 05:49:00+02:00,,2026-10-07,5,Wednesday,False,168.6472
20261007_010018,2026-10-07 01:00:21.168000+00:00,Lausanne,rail,ch:1:sloid:1120,Lausanne,ch:1:sloid:1120:0:37997,2026-10-07,ch:1:sjyid:100001:24113-001,rail,Regio,R1,R1,24113,Grandson,Bex,6,,2026-10-07 03:55:00+00:00,,,False,,2026-10-07 03:00:21.168000+02:00,2026-10-07 05:55:00+02:00,,2026-10-07,5,Wednesday,False,174.6472
20261007_010018,2026-10-07 01:00:21.168000+00:00,Lausanne,rail,ch:1:sloid:1120,Lausanne,ch:1:sloid:1120:0:668579,2026-10-07,ch:1:sjyid:100001:24913-001,rail,Regio,R9,R9,24913,Allaman,Murten/Morat,1,,2026-10-07 03:57:00+00:00,,,False,,2026-10-07 03:00:21.168000+02:00,2026-10-07 05:57:00+02:00,,2026-10-07,5,Wednesday,False,176.6472
20261007_010018,2026-10-07 01:00:21.168000+00:00,Lausanne,rail,ch:1:sloid:1120,Lausanne,ch:1:sloid:1120:0:840061,2026-10-07,ch:1:sjyid:100001:24304-001,rail,Regio,R3,R3,24304,Vevey,Vallorbe,7,,2026-10-07 03:57:00+00:00,,,False,,2026-10-07 03:00:21.168000+02:00,2026-10-07 05:57:00+02:00,,2026-10-07,5,Wednesday,False,176.6472
20261007_010018,2026-10-07 01:00:21.168000+00:00,Lausanne,rail,ch:1:sloid:1120,Lausanne,ch:1:sloid:1120:0:638488,2026-10-07,ch:1:sjyid:100001:18406-001,rail,RegioExpress,RE33,RE33,18406,Lausanne,Annemasse,8,,2026-10-07 04:00:00+00:00,,,False,,2026-10-07 03:00:21.168000+02:00,2026-10-07 06:00:00+02:00,,2026-10-07,6,Wednesday,False,179.6472
20261007_010018,2026-10-07 01:00:21.168000+00:00,Lausanne,rail,ch:1:sloid:1120,Lausanne,ch:1:sloid:1120:0:860143,2026-10-07,ch:1:sjyid:100001:18403-003,rail,RegioExpress,RE33,RE33,18403,Genève-Aéroport,St-Maurice,4,,2026-10-07 04:01:00+00:00,,,False,,2026-10-07 03:00:21.168000+02:00,2026-10-07 06:01:00+02:00,,2026-10-07,6,Wednesday,False,180.6472
20261007_010018,2026-10-07 01:00:21.168000+00:00,Lausanne,rail,ch:1:sloid:1120,Lausanne,ch:1:sloid:1120:0:840061,2026-10-07,ch:1:sjyid:100001:24904-001,rail,Regio,R9,R9,24904,Murten/Morat,Allaman,7,,2026-10-07 04:04:00+00:00,2026-10-07 04:04:12+00:00,,True,0.2,2026-10-07 03:00:21.168000+02:00,2026-10-07 06:04:00+02:00,2026-10-07 06:04:12+02:00,2026-10-07,6,Wednesday,False,183.6472
20261007_010018,2026-10-07 01:00:21.168000+00:00,Lausanne,rail,ch:1:sloid:1120,Lausanne,ch:1:sloid:1120:0:276884,2026-10-07,ch:1:sjyid:100001:1609-001,rail,InterCity,IC51,IC51,1609,Lausanne,Basel SBB,3,,2026-10-07 04:04:00+00:00,,,False,,2026-10-07 03:00:21.168000+02:00,2026-10-07 06:04:00+02:00,,2026-10-07,6,Wednesday,False,183.6472
20261007_010018,2026-10-07 01:00:21.628000+00:00,Genève,rail,ch:1:sloid:1008,Genève,ch:1:sloid:1008:2:2,2026-10-07,ch:1:sjyid:100001:23105-002,rail,Regio,RL4,RL4,23105,Genève,Coppet,2,,2026-10-07 01:00:00+00:00,2026-10-07 01:00:12+00:00,,True,0.2,2026-10-07 03:00:21.628000+02:00,2026-10-07 03:00:00+02:00,2026-10-07 03:00:12+02:00,2026-10-07,3,Wednesday,False,-0.36046666666666666
20261007_010018,2026-10-07 01:00:21.628000+00:00,Genève,rail,ch:1:sloid:1008,Genève,ch:1:sloid:1008:3:5,2026-10-07,ch:1:sjyid:100001:23000-002,rail,Regio,RL5,RL5,23000,Genève,Satigny,10,,2026-10-07 01:18:00+00:00,2026-10-07 01:18:12+00:00,,True,0.2,2026-10-07 03:00:21.628000+02:00,2026-10-07 03:18:00+02:00,2026-10-07 03:18:12+02:00,2026-10-07,3,Wednesday,False,17.639533333333336
20261007_010018,2026-10-07 01:00:21.628000+00:00,Genève,rail,ch:1:sloid:1008,Genève,ch:1:sloid:1008:2:2,2026-10-07,ch:1:sjyid:100001:23109-002,rail,Regio,RL4,RL4,23109,Genève,Coppet,2,,2026-10-07 02:00:00+00:00,2026-10-07 02:00:12+00:00,,True,0.2,2026-10-07 03:00:21.628000+02:00,2026-10-07 04:00:00+02:00,2026-10-07 04:00:12+02:00,2026-10-07,4,Wednesday,False,59.63953333333333
20261007_010018,2026-10-07 01:00:21.628000+00:00,Genève,rail,ch:1:sloid:1008,Genève,ch:1:sloid:1008:2:3,2026-10-07,ch:1:sjyid:100001:18401-004,rail,RegioExpress,RE33,RE33,18401,Genève,Lausanne,3,,2026-10-07 02:08:00+00:00,2026-10-07 02:08:12+00:00,,True,0.2,2026-10-07 03:00:21.628000+02:00,2026-10-07 04:08:00+02:00,2026-10-07 04:08:12+02:00,2026-10-07,4,Wednesday,False,67.63953333333333
20261007_010018,2026-10-07 01:00:21.628000+00:00,Genève,rail,ch:1:sloid:1008,Genève,ch:1:sloid:1008:3:5,2026-10-07,ch:1:sjyid:100001:23008-002,rail,Regio,RL5,RL5,23008,Genève,Satigny,10,,2026-10-07 02:12:00+00:00,2026-10-07 02:12:12+00:00,,True,0.2,2026-10-07 03:00:21.628000+02:00,2026-10-07 04:12:00+02:00,2026-10-07 04:12:12+02:00,2026-10-07,4,Wednesday,False,71.63953333333333
20261007_010018,2026-10-07 01:00:21.628000+00:00,Genève,rail,ch:1:sloid:1008,Genève,ch:1:sloid:1008:2:2,2026-10-07,ch:1:sjyid:100001:18402-002,rail,RegioExpress,RE33,RE33,18402,Lausanne,Genève-Aéroport,2,,2026-10-07 02:46:00+00:00,2026-10-07 02:46:12+00:00,,True,0.2,2026-10-07 03:00:21.628000+02:00,2026-10-07 04:46:00+02:00,2026-10-07 04:46:12+02:00,2026-10-07,4,Wednesday,False,105.63953333333333
20261007_010018,2026-10-07 01:00:21.628000+00:00,Genève,rail,ch:1:sloid:1008,Genève,ch:1:sloid:1008:2:3,2026-10-07,ch:1:sjyid:100001:1805-003,rail,InterRegio,IR90,IR90,1805,Genève,Brig,3,,2026-10-07 02:46:00+00:00,2026-10-07 02:47:30+00:00,,True,1.5,2026-10-07 03:00:21.628000+02:00,2026-10-07 04:46:00+02:00,2026-10-07 04:47:30+02:00,2026-10-07,4,Wednesday,False,105.63953333333333
20261007_010018,2026-10-07 01:00:21.628000+00:00,Genève,rail,ch:1:sloid:1008,Genève,ch:1:sloid:1008:4:7,2026-10-07,ch:1:sjyid:100001:96714-002,rail,Regio,RL6,RL6,96714,Genève,Bellegarde-sur-Valserine,6,,2026-10-07 03:00:00+00:00,2026-10-07 03:00:00+00:00,,True,0.0,2026-10-07 03:00:21.628000+02:00,2026-10-07 05:00:00+02:00,2026-10-07 05:00:00+02:00,2026-10-07,5,Wednesday,False,119.63953333333333
20261007_010018,2026-10-07 01:00:21.628000+00:00,Genève,rail,ch:1:sloid:1008,Genève,ch:1:sloid:1008:1:1,2026-10-07,ch:1:sjyid:100001:23113-001,rail,Regio,RL4,RL4,23113,Genève,Coppet,1,,2026-10-07 03:00:00+00:00,2026-10-07 03:00:12+00:00,,True,0.2,2026-10-07 03:00:21.628000+02:00,2026-10-07 05:00:00+02:00,2026-10-07 05:00:12+02:00,2026-10-07,5,Wednesday,False,119.63953333333333
20261007_010018,2026-10-07 01:00:21.628000+00:00,Genève,rail,ch:1:sloid:1008,Genève,ch:1:sloid:1008:2:3,2026-10-07,ch:1:sjyid:100001:18403-003,rail,RegioExpress,RE33,RE33,18403,Genève-Aéroport,St-Maurice,3,,2026-10-07 03:06:00+00:00,,,False,,2026-10-07 03:00:21.628000+02:00,2026-10-07 05:06:00+02:00,,2026-10-07,5,Wednesday,False,125.63953333333333
20261007_010018,2026-10-07 01:00:21.628000+00:00,Genève,rail,ch:1:sloid:1008,Genève,ch:1:sloid:1008:4:8,2026-10-07,ch:1:sjyid:100001:96550-002,rail,Train Express Regional,TER,TER,96550,Genève,Lyon Part Dieu,7,,2026-10-07 03:14:00+00:00,2026-10-07 03:14:00+00:00,,True,0.0,2026-10-07 03:00:21.628000+02:00,2026-10-07 05:14:00+02:00,2026-10-07 05:14:00+02:00,2026-10-07,5,Wednesday,False,133.63953333333333
20261007_010018,2026-10-07 01:00:21.628000+00:00,Genève,rail,ch:1:sloid:1008,Genève,ch:1:sloid:1008:1:1,2026-10-07,ch:1:sjyid:100001:1900-001,rail,InterRegio,IR,IR,1900,Genève,Genève-Aéroport,1,,2026-10-07 03:16:00+00:00,,,False,,2026-10-07 03:00:21.628000+02:00,2026-10-07 05:16:00+02:00,,2026-10-07,5,Wednesday,False,135.63953333333333
20261007_010018,2026-10-07 01:00:21.628000+00:00,Genève,rail,ch:1:sloid:1008,Genève,ch:1:sloid:1008:3:6,2026-10-07,ch:1:sjyid:100001:23014-002,rail,Regio,RL5,RL5,23014,Genève,La Plaine,5,,2026-10-07 03:18:00+00:00,,,False,,2026-10-07 03:00:21.628000+02:00,2026-10-07 05:18:00+02:00,,2026-10-07,5,Wednesday,False,137.63953333333333
20261007_010018,2026-10-07 01:00:21.628000+00:00,Genève,rail,ch:1:sloid:1008,Genève,ch:1:sloid:1008:2:3,2026-10-07,ch:1:sjyid:100001:1707-002,rail,InterRegio,IR95,IR95,1707,Genève-Aéroport,Brig,3,,2026-10-07 03:23:00+00:00,2026-10-07 03:23:30+00:00,,True,0.5,2026-10-07 03:00:21.628000+02:00,2026-10-07 05:23:00+02:00,2026-10-07 05:23:30+02:00,2026-10-07,5,Wednesday,False,142.63953333333333
20261007_010018,2026-10-07 01:00:21.628000+00:00,Genève,rail,ch:1:sloid:1008,Genève,ch:1:sloid:1008:3:4,2026-10-07,ch:1:sjyid:100001:18448-001,rail,RegioExpress,RE33,RE33,18448,Genève,Annemasse,4,,2026-10-07 03:23:00+00:00,,,False,,2026-10-07 03:00:21.628000+02:00,2026-10-07 05:23:00+02:00,,2026-10-07,5,Wednesday,False,142.63953333333333
20261007_010018,2026-10-07 01:00:21.628000+00:00,Genève,rail,ch:1:sloid:1008,Genève,ch:1:sloid:1008:3:6,2026-10-07,ch:1:sjyid:100001:41-001,rail,EuroCity,EC,EC,41,Genève,Venezia S. Lucia,5,,2026-10-07 03:27:00+00:00,,,False,,2026-10-07 03:00:21.628000+02:00,2026-10-07 05:27:00+02:00,,2026-10-07,5,Wednesday,False,146.63953333333333
20261007_010018,2026-10-07 01:00:21.628000+00:00,Genève,rail,ch:1:sloid:1008,Genève,ch:1:sloid:1008:1:1,2026-10-07,ch:1:sjyid:100001:23115-001,rail,Regio,RL4,RL4,23115,Annemasse,Coppet,1,,2026-10-07 03:30:00+00:00,,,False,,2026-10-07 03:00:21.628000+02:00,2026-10-07 05:30:00+02:00,,2026-10-07,5,Wednesday,False,149.63953333333333
20261007_010018,2026-10-07 01:00:21.628000+00:00,Genève,rail,ch:1:sloid:1008,Genève,ch:1:sloid:1008:2:2,2026-10-07,ch:1:sjyid:100001:23116-001,rail,Regio,RL4,RL4,23116,Coppet,Annemasse,2,,2026-10-07 03:31:00+00:00,2026-10-07 03:31:00+00:00,,True,0.0,2026-10-07 03:00:21.628000+02:00,2026-10-07 05:31:00+02:00,2026-10-07 05:31:00+02:00,2026-10-07,5,Wednesday,False,150.63953333333333
20261007_010018,2026-10-07 01:00:21.628000+00:00,Genève,rail,ch:1:sloid:1008,Genève,ch:1:sloid:1008:3:6,2026-10-07,ch:1:sjyid:100001:707-001,rail,InterCity,IC1,IC1,707,Genève-Aéroport,St. Gallen,5,,2026-10-07 03:33:00+00:00,,,False,,2026-10-07 03:00:21.628000+02:00,2026-10-07 05:33:00+02:00,,2026-10-07,5,Wednesday,False,152.63953333333333
20261007_010018,2026-10-07 01:00:21.628000+00:00,Genève,rail,ch:1:sloid:1008,Genève,ch:1:sloid:1008:3:4,2026-10-07,ch:1:sjyid:100001:18457-001,rail,RegioExpress,RE33,RE33,18457,Genève,Martigny,4,,2026-10-07 03:38:00+00:00,,,False,,2026-10-07 03:00:21.628000+02:00,2026-10-07 05:38:00+02:00,,2026-10-07,5,Wednesday,False,157.63953333333333
20261007_010018,2026-10-07 01:00:21.628000+00:00,Genève,rail,ch:1:sloid:1008,Genève,ch:1:sloid:1008:2:3,2026-10-07,ch:1:sjyid:100001:18404-003,rail,RegioExpress,RE33,RE33,18404,Lausanne,Genève-Aéroport,3,,2026-10-07 03:38:00+00:00,2026-10-07 03:38:24+00:00,,True,0.4,2026-10-07 03:00:21.628000+02:00,2026-10-07 05:38:00+02:00,2026-10-07 05:38:24+02:00,2026-10-07,5,Wednesday,False,157.63953333333333
20261007_010018,2026-10-07 01:00:21.628000+00:00,Genève,rail,ch:1:sloid:1008,Genève,ch:1:sloid:1008:1:1,2026-10-07,ch:1:sjyid:100001:23215-001,rail,Regio,RL4,RL4,23215,Annemasse,Coppet,1,,2026-10-07 03:45:00+00:00,,,False,,2026-10-07 03:00:21.628000+02:00,2026-10-07 05:45:00+02:00,,2026-10-07,5,Wednesday,False,164.63953333333333
20261007_010018,2026-10-07 01:00:21.628000+00:00,Genève,rail,ch:1:sloid:1008,Genève,ch:1:sloid:1008:2:2,2026-10-07,ch:1:sjyid:100001:23410-001,rail,Regio,RL2,RL2,23410,Coppet,Annecy,2,,2026-10-07 03:46:00+00:00,2026-10-07 03:46:00+00:00,,True,0.0,2026-10-07 03:00:21.628000+02:00,2026-10-07 05:46:00+02:00,2026-10-07 05:46:00+02:00,2026-10-07,5,Wednesday,False,165.63953333333333
20261007_010018,2026-10-07 01:00:21.628000+00:00,Genève,rail,ch:1:sloid:1008,Genève,ch:1:sloid:1008:4:8,2026-10-07,ch:1:sjyid:100001:96720-002,rail,Regio,RL6,RL6,96720,Genève,Bellegarde-sur-Valserine,7,,2026-10-07 03:53:00+00:00,2026-10-07 03:53:00+00:00,,True,0.0,2026-10-07 03:00:21.628000+02:00,2026-10-07 05:53:00+02:00,2026-10-07 05:53:00+02:00,2026-10-07,5,Wednesday,False,172.63953333333333
20261007_010018,2026-10-07 01:00:21.628000+00:00,Genève,rail,ch:1:sloid:1008,Genève,ch:1:sloid:1008:3:6,2026-10-07,ch:1:sjyid:100001:2509-001,rail,InterRegio,IR15,IR15,2509,Genève-Aéroport,Luzern,5,,2026-10-07 03:54:00+00:00,,,False,,2026-10-07 03:00:21.628000+02:00,2026-10-07 05:54:00+02:00,,2026-10-07,5,Wednesday,False,173.63953333333333
20261007_010018,2026-10-07 01:00:21.628000+00:00,Genève,rail,ch:1:sloid:1008,Genève,ch:1:sloid:1008:1:1,2026-10-07,ch:1:sjyid:100001:23117-001,rail,Regio,RL4,RL4,23117,Annemasse,Coppet,1,,2026-10-07 04:00:00+00:00,,,False,,2026-10-07 03:00:21.628000+02:00,2026-10-07 06:00:00+02:00,,2026-10-07,6,Wednesday,False,179.63953333333333
20261007_010018,2026-10-07 01:00:21.628000+00:00,Genève,rail,ch:1:sloid:1008,Genève,ch:1:sloid:1008:2:2,2026-10-07,ch:1:sjyid:100001:23118-001,rail,Regio,RL4,RL4,23118,Coppet,Annemasse,2,,2026-10-07 04:01:00+00:00,2026-10-07 04:01:00+00:00,,True,0.0,2026-10-07 03:00:21.628000+02:00,2026-10-07 06:01:00+02:00,2026-10-07 06:01:00+02:00,2026-10-07,6,Wednesday,False,180.63953333333333
20261007_010018,2026-10-07 01:00:21.628000+00:00,Genève,rail,ch:1:sloid:1008,Genève,ch:1:sloid:1008:2:3,2026-10-07,ch:1:sjyid:100001:1902-001,rail,InterRegio,IR,IR,1902,Genève,Genève-Aéroport,3,,2026-10-07 04:05:00+00:00,,,False,,2026-10-07 03:00:21.628000+02:00,2026-10-07 06:05:00+02:00,,2026-10-07,6,Wednesday,False,184.63953333333333
20261007_010018,2026-10-07 01:00:21.628000+00:00,Genève,rail,ch:1:sloid:1008,Genève,ch:1:sloid:1008:3:4,2026-10-07,ch:1:sjyid:100001:1807-001,rail,InterRegio,IR90,IR90,1807,Genève,Brig,4,,2026-10-07 04:05:00+00:00,,,False,,2026-10-07 03:00:21.628000+02:00,2026-10-07 06:05:00+02:00,,2026-10-07,6,Wednesday,False,184.63953333333333
20261007_010018,2026-10-07 01:00:21.628000+00:00,Genève,rail,ch:1:sloid:1008,Genève,ch:1:sloid:1008:2:2,2026-10-07,ch:1:sjyid:100001:18405-001,rail,RegioExpress,RE33,RE33,18405,Genève-Aéroport,St-Maurice,2,,2026-10-07 04:08:00+00:00,,,False,,2026-10-07 03:00:21.628000+02:00,2026-10-07 06:08:00+02:00,,2026-10-07,6,Wednesday,False,187.63953333333333
20261007_010018,2026-10-07 01:00:22.096000+00:00,Lugano,rail,ch:1:sloid:5300,Lugano,ch:1:sloid:5300:2:3,2026-10-07,ch:1:sjyid:100001:25104-001,rail,S-Bahn,S10,S10,25104,Chiasso,Airolo,3,,2026-10-07 02:32:00+00:00,2026-10-07 02:32:30+00:00,,True,0.5,2026-10-07 03:00:22.096000+02:00,2026-10-07 04:32:00+02:00,2026-10-07 04:32:30+02:00,2026-10-07,4,Wednesday,False,91.63173333333334
20261007_010018,2026-10-07 01:00:22.096000+00:00,Lugano,rail,ch:1:sloid:5300,Lugano,ch:1:sloid:5300:2:2,2026-10-07,ch:1:sjyid:100001:25755-001,rail,S-Bahn,S10,S10,25755,Bellinzona,Malpensa Aeroporto T2/Como Camerlata,2,,2026-10-07 03:06:00+00:00,2026-10-07 03:06:12+00:00,,True,0.2,2026-10-07 03:00:22.096000+02:00,2026-10-07 05:06:00+02:00,2026-10-07 05:06:12+02:00,2026-10-07,5,Wednesday,False,125.63173333333334
20261007_010018,2026-10-07 01:00:22.096000+00:00,Lugano,rail,ch:1:sloid:5300,Lugano,ch:1:sloid:5300:2:3,2026-10-07,ch:1:sjyid:100001:25106-001,rail,S-Bahn,S10,S10,25106,Chiasso,Biasca,3,,2026-10-07 03:22:00+00:00,,,False,,2026-10-07 03:00:22.096000+02:00,2026-10-07 05:22:00+02:00,,2026-10-07,5,Wednesday,False,141.63173333333333
20261007_010018,2026-10-07 01:00:22.096000+00:00,Lugano,rail,ch:1:sloid:5300,Lugano,ch:1:sloid:5300:2:2,2026-10-07,ch:1:sjyid:100001:25107-001,rail,S-Bahn,S10,S10,25107,Castione-Arbedo,Como Camerlata,2,,2026-10-07 03:36:00+00:00,,,False,,2026-10-07 03:00:22.096000+02:00,2026-10-07 05:36:00+02:00,,2026-10-07,5,Wednesday,False,155.63173333333333
20261007_010018,2026-10-07 01:00:22.096000+00:00,Lugano,rail,ch:1:sloid:5300,Lugano,ch:1:sloid:5300:2:3,2026-10-07,ch:1:sjyid:100001:664-001,rail,InterCity,IC21,IC21,664,Chiasso,Basel SBB,3,,2026-10-07 04:00:00+00:00,,,False,,2026-10-07 03:00:22.096000+02:00,2026-10-07 06:00:00+02:00,,2026-10-07,6,Wednesday,False,179.63173333333333
20261007_010018,2026-10-07 01:00:22.096000+00:00,Lugano,rail,ch:1:sloid:5300,Lugano,ch:1:sloid:5300:1:1,2026-10-07,ch:1:sjyid:100001:25507-001,rail,RegioExpress,RE80,RE80,25507,Lugano,Milano Centrale,1,,2026-10-07 04:02:00+00:00,,,False,,2026-10-07 03:00:22.096000+02:00,2026-10-07 06:02:00+02:00,,2026-10-07,6,Wednesday,False,181.63173333333333
20261007_010018,2026-10-07 01:00:22.096000+00:00,Lugano,rail,ch:1:sloid:5300,Lugano,ch:1:sloid:5300:3:4,2026-10-07,ch:1:sjyid:100001:25754-001,rail,S-Bahn,S10,S10,25754,Mendrisio,Biasca,4,,2026-10-07 04:03:00+00:00,,,False,,2026-10-07 03:00:22.096000+02:00,2026-10-07 06:03:00+02:00,,2026-10-07,6,Wednesday,False,182.63173333333333
20261007_010018,2026-10-07 01:00:22.096000+00:00,Lugano,rail,ch:1:sloid:5300,Lugano,ch:1:sloid:5300:2:3,2026-10-07,ch:1:sjyid:100001:25500-001,rail,RegioExpress,RE80,RE80,25500,Chiasso,Locarno,3,,2026-10-07 04:05:00+00:00,,,False,,2026-10-07 03:00:22.096000+02:00,2026-10-07 06:05:00+02:00,,2026-10-07,6,Wednesday,False,184.63173333333333
20261007_010018,2026-10-07 01:00:22.096000+00:00,Lugano,rail,ch:1:sloid:5300,Lugano,ch:1:sloid:5300:1:1,2026-10-07,ch:1:sjyid:100001:25757-001,rail,S-Bahn,S10,S10,25757,Biasca,Chiasso/Malpensa Aeroporto T2,1,,2026-10-07 04:06:00+00:00,,,False,,2026-10-07 03:00:22.096000+02:00,2026-10-07 06:06:00+02:00,,2026-10-07,6,Wednesday,False,185.63173333333333
20261007_010018,2026-10-07 01:00:22.096000+00:00,Lugano,rail,ch:1:sloid:5300,Lugano,ch:1:sloid:5300:3:4,2026-10-07,ch:1:sjyid:100001:25908-001,rail,S-Bahn,S90,S90,25908,Lugano,Bellinzona,4,,2026-10-07 04:08:00+00:00,,,False,,2026-10-07 03:00:22.096000+02:00,2026-10-07 06:08:00+02:00,,2026-10-07,6,Wednesday,False,187.63173333333333
20261007_010018,2026-10-07 01:00:22.096000+00:00,Lugano,rail,ch:1:sloid:5300,Lugano,ch:1:sloid:5300:2:3,2026-10-07,ch:1:sjyid:100001:25108-001,rail,S-Bahn,S10,S10,25108,Chiasso,Biasca,3,,2026-10-07 04:25:00+00:00,,,False,,2026-10-07 03:00:22.096000+02:00,2026-10-07 06:25:00+02:00,,2026-10-07,6,Wednesday,False,204.63173333333333
20261007_010018,2026-10-07 01:00:22.096000+00:00,Lugano,rail,ch:1:sloid:5300,Lugano,ch:1:sloid:5300:2:3,2026-10-07,ch:1:sjyid:100001:1462-001,rail,InterCity,IC2,IC2,1462,Chiasso,Zürich HB,3,,2026-10-07 04:30:00+00:00,,,False,,2026-10-07 03:00:22.096000+02:00,2026-10-07 06:30:00+02:00,,2026-10-07,6,Wednesday,False,209.63173333333333
20261007_010018,2026-10-07 01:00:22.096000+00:00,Lugano,rail,ch:1:sloid:5300,Lugano,ch:1:sloid:5300:3:4,2026-10-07,ch:1:sjyid:100001:25804-001,rail,RegioExpress,RE80,RE80,25804,Lugano,Locarno,4,,2026-10-07 04:35:00+00:00,,,False,,2026-10-07 03:00:22.096000+02:00,2026-10-07 06:35:00+02:00,,2026-10-07,6,Wednesday,False,214.63173333333333
20261007_010018,2026-10-07 01:00:22.096000+00:00,Lugano,rail,ch:1:sloid:5300,Lugano,ch:1:sloid:5300:2:2,2026-10-07,ch:1:sjyid:100001:25109-001,rail,S-Bahn,S10,S10,25109,Biasca,Como Camerlata,2,,2026-10-07 04:36:00+00:00,,,False,,2026-10-07 03:00:22.096000+02:00,2026-10-07 06:36:00+02:00,,2026-10-07,6,Wednesday,False,215.63173333333333
20261007_010018,2026-10-07 01:00:22.096000+00:00,Lugano,rail,ch:1:sloid:5300,Lugano,ch:1:sloid:5300:1:1,2026-10-07,ch:1:sjyid:100001:25956-001,rail,S-Bahn,S90,S90,25956,Lugano,Giubiasco,1,,2026-10-07 04:38:00+00:00,,,False,,2026-10-07 03:00:22.096000+02:00,2026-10-07 06:38:00+02:00,,2026-10-07,6,Wednesday,False,217.63173333333333
20261007_010018,2026-10-07 01:00:22.096000+00:00,Lugano,rail,ch:1:sloid:5300,Lugano,ch:1:sloid:5300:1:1,2026-10-07,ch:1:sjyid:100001:25907-001,rail,S-Bahn,S90,S90,25907,Bellinzona,Mendrisio,1,,2026-10-07 04:52:00+00:00,,,False,,2026-10-07 03:00:22.096000+02:00,2026-10-07 06:52:00+02:00,,2026-10-07,6,Wednesday,False,231.63173333333333
20261007_010018,2026-10-07 01:00:22.096000+00:00,Lugano,rail,ch:1:sloid:5300,Lugano,ch:1:sloid:5300:2:3,2026-10-07,ch:1:sjyid:100001:25756-001,rail,S-Bahn,S10,S10,25756,Mendrisio,Biasca,3,,2026-10-07 04:55:00+00:00,,,False,,2026-10-07 03:00:22.096000+02:00,2026-10-07 06:55:00+02:00,,2026-10-07,6,Wednesday,False,234.63173333333333
20261007_010018,2026-10-07 01:00:22.096000+00:00,Lugano,rail,ch:1:sloid:5300,Lugano,ch:1:sloid:5300:2:2,2026-10-07,ch:1:sjyid:100001:866-001,rail,InterCity,IC2,IC2,866,Lugano,Zürich HB,2,,2026-10-07 05:02:00+00:00,,,False,,2026-10-07 03:00:22.096000+02:00,2026-10-07 07:02:00+02:00,,2026-10-07,7,Wednesday,False,241.63173333333333
20261007_010018,2026-10-07 01:00:22.096000+00:00,Lugano,rail,ch:1:sloid:5300,Lugano,ch:1:sloid:5300:3:4,2026-10-07,ch:1:sjyid:100001:25509-001,rail,RegioExpress,RE80,RE80,25509,Locarno,Milano Centrale,4,,2026-10-07 05:02:00+00:00,,,False,,2026-10-07 03:00:22.096000+02:00,2026-10-07 07:02:00+02:00,,2026-10-07,7,Wednesday,False,241.63173333333333
20261007_010018,2026-10-07 01:00:22.096000+00:00,Lugano,rail,ch:1:sloid:5300,Lugano,ch:1:sloid:5300:2:3,2026-10-07,ch:1:sjyid:100001:25504-010,rail,RegioExpress,RE80,RE80,25504,Milano Greco Pirelli,Locarno,3,,2026-10-07 05:05:00+00:00,,,False,,2026-10-07 03:00:22.096000+02:00,2026-10-07 07:05:00+02:00,,2026-10-07,7,Wednesday,False,244.63173333333333
20261007_010018,2026-10-07 01:00:22.096000+00:00,Lugano,rail,ch:1:sloid:5300,Lugano,ch:1:sloid:5300:1:1,2026-10-07,ch:1:sjyid:100001:25759-001,rail,S-Bahn,S10,S10,25759,Biasca,Como S. Giovanni | Malpensa Aeroporto T2,1,,2026-10-07 05:06:00+00:00,,,False,,2026-10-07 03:00:22.096000+02:00,2026-10-07 07:06:00+02:00,,2026-10-07,7,Wednesday,False,245.63173333333333
20261007_010018,2026-10-07 01:00:22.096000+00:00,Lugano,rail,ch:1:sloid:5300,Lugano,ch:1:sloid:5300:2:3,2026-10-07,ch:1:sjyid:100001:25910-001,rail,S-Bahn,S90,S90,25910,Mendrisio,Bellinzona,3,,2026-10-07 05:08:00+00:00,,,False,,2026-10-07 03:00:22.096000+02:00,2026-10-07 07:08:00+02:00,,2026-10-07,7,Wednesday,False,247.63173333333333
20261007_010018,2026-10-07 01:00:22.096000+00:00,Lugano,rail,ch:1:sloid:5300,Lugano,ch:1:sloid:5300:2:3,2026-10-07,ch:1:sjyid:100001:25704-001,rail,RegioExpress,RE,RE,25704,Mendrisio,Giubiasco,3,,2026-10-07 05:18:00+00:00,,,False,,2026-10-07 03:00:22.096000+02:00,2026-10-07 07:18:00+02:00,,2026-10-07,7,Wednesday,False,257.63173333333333
20261007_010018,2026-10-07 01:00:22.096000+00:00,Lugano,rail,ch:1:sloid:5300,Lugano,ch:1:sloid:5300:3:4,2026-10-07,ch:1:sjyid:100001:25110-001,rail,S-Bahn,S10,S10,25110,Como Camerlata,Biasca,4,,2026-10-07 05:25:00+00:00,,,False,,2026-10-07 03:00:22.096000+02:00,2026-10-07 07:25:00+02:00,,2026-10-07,7,Wednesday,False,264.63173333333333
20261007_010018,2026-10-07 01:00:22.096000+00:00,Lugano,rail,ch:1:sloid:5300,Lugano,ch:1:sloid:5300:2:2,2026-10-07,ch:1:sjyid:100001:25811-001,rail,RegioExpress,RE80,RE80,25811,Locarno,Chiasso,2,,2026-10-07 05:25:00+00:00,,,False,,2026-10-07 03:00:22.096000+02:00,2026-10-07 07:25:00+02:00,,2026-10-07,7,Wednesday,False,264.63173333333333
20261007_010018,2026-10-07 01:00:22.096000+00:00,Lugano,rail,ch:1:sloid:5300,Lugano,ch:1:sloid:5300:2:3,2026-10-07,ch:1:sjyid:100001:1466-001,rail,InterCity,IC2,IC2,1466,Chiasso,Zürich HB,3,,2026-10-07 05:30:00+00:00,,,False,,2026-10-07 03:00:22.096000+02:00,2026-10-07 07:30:00+02:00,,2026-10-07,7,Wednesday,False,269.63173333333333
20261007_010018,2026-10-07 01:00:22.096000+00:00,Lugano,rail,ch:1:sloid:5300,Lugano,ch:1:sloid:5300:3:4,2026-10-07,ch:1:sjyid:100001:25806-001,rail,RegioExpress,RE80,RE80,25806,Chiasso,Locarno,4,,2026-10-07 05:35:00+00:00,,,False,,2026-10-07 03:00:22.096000+02:00,2026-10-07 07:35:00+02:00,,2026-10-07,7,Wednesday,False,274.63173333333333
20261007_010018,2026-10-07 01:00:22.096000+00:00,Lugano,rail,ch:1:sloid:5300,Lugano,ch:1:sloid:5300:2:2,2026-10-07,ch:1:sjyid:100001:25111-001,rail,S-Bahn,S10,S10,25111,Airolo,Como Camerlata,2,,2026-10-07 05:36:00+00:00,,,False,,2026-10-07 03:00:22.096000+02:00,2026-10-07 07:36:00+02:00,,2026-10-07,7,Wednesday,False,275.63173333333333
20261007_010018,2026-10-07 01:00:22.096000+00:00,Lugano,rail,ch:1:sloid:5300,Lugano,ch:1:sloid:5300:1:1,2026-10-07,ch:1:sjyid:100001:25958-001,rail,S-Bahn,S90,S90,25958,Lugano,Giubiasco,1,,2026-10-07 05:38:00+00:00,,,False,,2026-10-07 03:00:22.096000+02:00,2026-10-07 07:38:00+02:00,,2026-10-07,7,Wednesday,False,277.63173333333333
20261007_010018,2026-10-07 01:00:22.096000+00:00,Lugano,rail,ch:1:sloid:5300,Lugano,ch:1:sloid:5300_gen:ch:1:sloid:5300:3:4_pf:4A-C,2026-10-07,ch:1:sjyid:100001:25708-002,rail,RegioExpress,RE,RE,25708,Lugano,Bellinzona,4A-C,,2026-10-07 05:48:00+00:00,,,False,,2026-10-07 03:00:22.096000+02:00,2026-10-07 07:48:00+02:00,,2026-10-07,7,Wednesday,False,287.63173333333333
20261007_010018,2026-10-07 01:00:22.681000+00:00,Zürich,local,ch:1:sloid:87348,"Zürich, Bahnhofplatz/HB",ch:1:sloid:87348,2026-10-07,ch:1:sjyid:100648:plan:e6345605-e58b-4b1d-b701-68b61f6e0e20,bus,Bus,31,31,19,"Zürich, Herdernstrasse","Zürich, Kienastenwies",,,2026-10-07 02:43:00+00:00,,,False,,2026-10-07 03:00:22.681000+02:00,2026-10-07 04:43:00+02:00,,2026-10-07,4,Wednesday,False,102.62198333333335
20261007_010018,2026-10-07 01:00:22.681000+00:00,Zürich,local,ch:1:sloid:87348,"Zürich, Bahnhofplatz/HB",ch:1:sloid:87348,2026-10-07,ch:1:sjyid:100648:plan:cdfcd4f1-7cb9-472f-83d8-137d0421f0e5,bus,Bus,31,31,46,"Zürich, Herdernstrasse","Zürich, Kienastenwies",,,2026-10-07 02:58:00+00:00,,,False,,2026-10-07 03:00:22.681000+02:00,2026-10-07 04:58:00+02:00,,2026-10-07,4,Wednesday,False,117.62198333333335
20261007_010018,2026-10-07 01:00:22.681000+00:00,Zürich,local,ch:1:sloid:87348,"Zürich, Bahnhofplatz/HB",ch:1:sloid:87348::0,2026-10-07,ch:1:sjyid:100648:plan:23fc558c-1a4a-4b40-9c2b-89be4d582975,tram,Tram,6,6,488,"Zürich, Bahnhofplatz/HB","Zürich, Zoo",,,2026-10-07 02:59:00+00:00,,,False,,2026-10-07 03:00:22.681000+02:00,2026-10-07 04:59:00+02:00,,2026-10-07,4,Wednesday,False,118.62198333333335
20261007_010018,2026-10-07 01:00:22.681000+00:00,Zürich,local,ch:1:sloid:87348,"Zürich, Bahnhofplatz/HB",ch:1:sloid:87348::0,2026-10-07,ch:1:sjyid:100648:plan:7e1a7a33-3123-4564-8273-44fd988b002a,tram,Tram,3,3,542,"Zürich,Kalkbreite/Bhf.Wiedikon","Zürich, Klusplatz",,,2026-10-07 03:08:00+00:00,,,False,,2026-10-07 03:00:22.681000+02:00,2026-10-07 05:08:00+02:00,,2026-10-07,5,Wednesday,False,127.62198333333335
20261007_010018,2026-10-07 01:00:22.681000+00:00,Zürich,local,ch:1:sloid:87348,"Zürich, Bahnhofplatz/HB",ch:1:sloid:87348::1,2026-10-07,ch:1:sjyid:100648:plan:4cf127ce-6a2f-4736-bd6f-0e9954939980,tram,Tram,14,14,912,"Zürich, Bahnhofplatz/HB","Zürich, Triemli",,,2026-10-07 03:11:00+00:00,,,False,,2026-10-07 03:00:22.681000+02:00,2026-10-07 05:11:00+02:00,,2026-10-07,5,Wednesday,False,130.62198333333333
20261007_010018,2026-10-07 01:00:22.681000+00:00,Zürich,local,ch:1:sloid:87348,"Zürich, Bahnhofplatz/HB",ch:1:sloid:87348,2026-10-07,ch:1:sjyid:100648:plan:e2b3b155-66ec-44bd-b89d-a3a21e97a898,bus,Bus,31,31,221,"Zürich, Herdernstrasse","Zürich, Kienastenwies",,,2026-10-07 03:13:00+00:00,,,False,,2026-10-07 03:00:22.681000+02:00,2026-10-07 05:13:00+02:00,,2026-10-07,5,Wednesday,False,132.62198333333333
20261007_010018,2026-10-07 01:00:22.681000+00:00,Zürich,local,ch:1:sloid:87348,"Zürich, Bahnhofplatz/HB",ch:1:sloid:87348::0,2026-10-07,ch:1:sjyid:100648:plan:8b1498e2-afe2-4f3f-a6aa-29f5c39f9f78,tram,Tram,6,6,1031,"Zürich, Bahnhofplatz/HB","Zürich, Zoo",,,2026-10-07 03:14:00+00:00,,,False,,2026-10-07 03:00:22.681000+02:00,2026-10-07 05:14:00+02:00,,2026-10-07,5,Wednesday,False,133.62198333333333
20261007_010018,2026-10-07 01:00:22.681000+00:00,Zürich,local,ch:1:sloid:87348,"Zürich, Bahnhofplatz/HB",ch:1:sloid:87348::0,2026-10-07,ch:1:sjyid:100648:plan:0ffa35f0-7d5b-4157-a724-b1127ffa7929,tram,Tram,3,3,1081,"Zürich,Kalkbreite/Bhf.Wiedikon","Zürich, Klusplatz",,,2026-10-07 03:23:00+00:00,,,False,,2026-10-07 03:00:22.681000+02:00,2026-10-07 05:23:00+02:00,,2026-10-07,5,Wednesday,False,142.62198333333333
20261007_010018,2026-10-07 01:00:22.681000+00:00,Zürich,local,ch:1:sloid:87348,"Zürich, Bahnhofplatz/HB",ch:1:sloid:87348::1,2026-10-07,ch:1:sjyid:100648:plan:7f11bacd-c9b3-416b-8a73-4f259858a3cd,tram,Tram,14,14,1340,"Zürich, Bahnhofplatz/HB","Zürich, Triemli",,,2026-10-07 03:26:00+00:00,,,False,,2026-10-07 03:00:22.681000+02:00,2026-10-07 05:26:00+02:00,,2026-10-07,5,Wednesday,False,145.62198333333333
20261007_010018,2026-10-07 01:00:22.681000+00:00,Zürich,local,ch:1:sloid:87348,"Zürich, Bahnhofplatz/HB",ch:1:sloid:87348,2026-10-07,ch:1:sjyid:100648:plan:2e5612ab-bd4e-448c-bc1e-cf9674e58c55,bus,Bus,31,31,351,"Zürich, Hermetschloo","Zürich, Kienastenwies",,,2026-10-07 03:28:00+00:00,,,False,,2026-10-07 03:00:22.681000+02:00,2026-10-07 05:28:00+02:00,,2026-10-07,5,Wednesday,False,147.62198333333333
20261007_010018,2026-10-07 01:00:22.681000+00:00,Zürich,local,ch:1:sloid:87348,"Zürich, Bahnhofplatz/HB",ch:1:sloid:87348::11,2026-10-07,ch:1:sjyid:100648:plan:387f5ddf-ca1b-4d10-be46-fd29c4271e71,bus,Bus,31,31,362,"Zürich, Kienastenwies","Zürich, Hermetschloo",,,2026-10-07 03:28:00+00:00,,,False,,2026-10-07 03:00:22.681000+02:00,2026-10-07 05:28:00+02:00,,2026-10-07,5,Wednesday,False,147.62198333333333
20261007_010018,2026-10-07 01:00:22.681000+00:00,Zürich,local,ch:1:sloid:87348,"Zürich, Bahnhofplatz/HB",ch:1:sloid:87348::0,2026-10-07,ch:1:sjyid:100648:plan:1c07304f-2c13-450f-8b58-deffd84ca165,tram,Tram,6,6,1441,"Zürich, Bahnhofplatz/HB","Zürich, Zoo",,,2026-10-07 03:29:00+00:00,,,False,,2026-10-07 03:00:22.681000+02:00,2026-10-07 05:29:00+02:00,,2026-10-07,5,Wednesday,False,148.62198333333333
20261007_010018,2026-10-07 01:00:22.681000+00:00,Zürich,local,ch:1:sloid:87348,"Zürich, Bahnhofplatz/HB",ch:1:sloid:87348,2026-10-07,ch:1:sjyid:100648:plan:e950f2ba-1b14-4613-ba3a-3a6de41874e3,bus,Bus,33,33,697,"Zürich, Herdernstrasse","Zürich, Hegibachplatz",,,2026-10-07 03:32:00+00:00,,,False,,2026-10-07 03:00:22.681000+02:00,2026-10-07 05:32:00+02:00,,2026-10-07,5,Wednesday,False,151.62198333333333
20261007_010018,2026-10-07 01:00:22.681000+00:00,Zürich,local,ch:1:sloid:87348,"Zürich, Bahnhofplatz/HB",ch:1:sloid:87348::1,2026-10-07,ch:1:sjyid:100648:plan:1d736d09-3669-440e-a8b1-c355d6683199,tram,Tram,3,3,1258,"Zürich, Klusplatz","Zürich, Albisrieden",,,2026-10-07 03:34:00+00:00,,,False,,2026-10-07 03:00:22.681000+02:00,2026-10-07 05:34:00+02:00,,2026-10-07,5,Wednesday,False,153.62198333333333
20261007_010018,2026-10-07 01:00:22.681000+00:00,Zürich,local,ch:1:sloid:87348,"Zürich, Bahnhofplatz/HB",ch:1:sloid:87348,2026-10-07,ch:1:sjyid:100648:plan:c6cbe889-620b-4a81-b5cb-8b9ce942fca2,bus,Bus,31,31,817,"Zürich, Herdernstrasse","Zürich, Kienastenwies",,,2026-10-07 03:35:00+00:00,,,False,,2026-10-07 03:00:22.681000+02:00,2026-10-07 05:35:00+02:00,,2026-10-07,5,Wednesday,False,154.62198333333333
20261007_010018,2026-10-07 01:00:22.681000+00:00,Zürich,local,ch:1:sloid:87348,"Zürich, Bahnhofplatz/HB",ch:1:sloid:87348::0,2026-10-07,ch:1:sjyid:100648:plan:c93a984a-6bde-47b6-8c62-bea45ed7c1a4,tram,Tram,3,3,1113,"Zürich, Albisrieden","Zürich, Klusplatz",,,2026-10-07 03:36:00+00:00,,,False,,2026-10-07 03:00:22.681000+02:00,2026-10-07 05:36:00+02:00,,2026-10-07,5,Wednesday,False,155.62198333333333
20261007_010018,2026-10-07 01:00:22.681000+00:00,Zürich,local,ch:1:sloid:87348,"Zürich, Bahnhofplatz/HB",ch:1:sloid:87348::1,2026-10-07,ch:1:sjyid:100648:plan:e11577be-110a-4821-8cc1-fa37fa34e223,tram,Tram,14,14,1788,"Zürich, Bahnhofplatz/HB","Zürich, Triemli",,,2026-10-07 03:41:00+00:00,,,False,,2026-10-07 03:00:22.681000+02:00,2026-10-07 05:41:00+02:00,,2026-10-07,5,Wednesday,False,160.62198333333333
20261007_010018,2026-10-07 01:00:22.681000+00:00,Zürich,local,ch:1:sloid:87348,"Zürich, Bahnhofplatz/HB",ch:1:sloid:87348,2026-10-07,ch:1:sjyid:100648:plan:9f03763b-c550-42dc-814e-4f4ebf915324,bus,Bus,31,31,752,"Zürich, Hermetschloo","Zürich, Kienastenwies",,,2026-10-07 03:43:00+00:00,,,False,,2026-10-07 03:00:22.681000+02:00,2026-10-07 05:43:00+02:00,,2026-10-07,5,Wednesday,False,162.62198333333333
20261007_010018,2026-10-07 01:00:22.681000+00:00,Zürich,local,ch:1:sloid:87348,"Zürich, Bahnhofplatz/HB",ch:1:sloid:87348::11,2026-10-07,ch:1:sjyid:100648:plan:188e02f3-e7dc-48bf-b918-cf0a3eaa42da,bus,Bus,31,31,763,"Zürich, Kienastenwies","Zürich, Hermetschloo",,,2026-10-07 03:43:00+00:00,,,False,,2026-10-07 03:00:22.681000+02:00,2026-10-07 05:43:00+02:00,,2026-10-07,5,Wednesday,False,162.62198333333333
20261007_010018,2026-10-07 01:00:22.681000+00:00,Zürich,local,ch:1:sloid:87348,"Zürich, Bahnhofplatz/HB",ch:1:sloid:87348,2026-10-07,ch:1:sjyid:100648:plan:c47682d1-c3a4-484f-a54b-6bdc4b10aec0,tram,Tram,6,6,1880,"Zürich, Bahnhofplatz/HB","Zürich, Zoo",,,2026-10-07 03:44:00+00:00,,,False,,2026-10-07 03:00:22.681000+02:00,2026-10-07 05:44:00+02:00,,2026-10-07,5,Wednesday,False,163.62198333333333
20261007_010018,2026-10-07 01:00:22.681000+00:00,Zürich,local,ch:1:sloid:87348,"Zürich, Bahnhofplatz/HB",ch:1:sloid:87348,2026-10-07,ch:1:sjyid:100648:plan:2dd9999d-0cd1-4993-8a64-1cc89630cbfc,bus,Bus,33,33,1144,"Zürich, Herdernstrasse","Zürich, Hegibachplatz",,,2026-10-07 03:46:00+00:00,,,False,,2026-10-07 03:00:22.681000+02:00,2026-10-07 05:46:00+02:00,,2026-10-07,5,Wednesday,False,165.62198333333333
20261007_010018,2026-10-07 01:00:22.681000+00:00,Zürich,local,ch:1:sloid:87348,"Zürich, Bahnhofplatz/HB",ch:1:sloid:87348::0,2026-10-07,ch:1:sjyid:100648:plan:fc46eb28-dac2-47fe-9c37-96b768734b9b,tram,Tram,51,51,1546,"Zürich, Kappeli","Zürich, Seebach",,,2026-10-07 03:48:00+00:00,,,False,,2026-10-07 03:00:22.681000+02:00,2026-10-07 05:48:00+02:00,,2026-10-07,5,Wednesday,False,167.62198333333333
20261007_010018,2026-10-07 01:00:22.681000+00:00,Zürich,local,ch:1:sloid:87348,"Zürich, Bahnhofplatz/HB",ch:1:sloid:87348::1,2026-10-07,ch:1:sjyid:100648:plan:35ee1fda-febe-49d3-b8a0-1b260697df2e,tram,Tram,3,3,1692,"Zürich, Klusplatz","Zürich, Albisrieden",,,2026-10-07 03:49:00+00:00,,,False,,2026-10-07 03:00:22.681000+02:00,2026-10-07 05:49:00+02:00,,2026-10-07,5,Wednesday,False,168.62198333333333
20261007_010018,2026-10-07 01:00:22.681000+00:00,Zürich,local,ch:1:sloid:87348,"Zürich, Bahnhofplatz/HB",ch:1:sloid:87348,2026-10-07,ch:1:sjyid:100648:plan:76c2b13b-71e0-431c-ac8b-4d6bf6ba71e1,bus,Bus,31,31,1270,"Zürich, Herdernstrasse","Zürich, Kienastenwies",,,2026-10-07 03:50:00+00:00,,,False,,2026-10-07 03:00:22.681000+02:00,2026-10-07 05:50:00+02:00,,2026-10-07,5,Wednesday,False,169.62198333333333
20261007_010018,2026-10-07 01:00:22.681000+00:00,Zürich,local,ch:1:sloid:87348,"Zürich, Bahnhofplatz/HB",ch:1:sloid:87348::0,2026-10-07,ch:1:sjyid:100648:plan:6f45fd76-9fa6-4cb5-ac48-aa8feade413c,tram,Tram,3,3,1526,"Zürich, Albisrieden","Zürich, Klusplatz",,,2026-10-07 03:51:00+00:00,,,False,,2026-10-07 03:00:22.681000+02:00,2026-10-07 05:51:00+02:00,,2026-10-07,5,Wednesday,False,170.62198333333333
20261007_010018,2026-10-07 01:00:22.681000+00:00,Zürich,local,ch:1:sloid:87348,"Zürich, Bahnhofplatz/HB",ch:1:sloid:87348::0,2026-10-07,ch:1:sjyid:100648:plan:ca430bf7-ea6d-4072-b739-958269218ad5,tram,Tram,3,3,1737,"Zürich, Kappeli","Zürich, Klusplatz",,,2026-10-07 03:56:00+00:00,,,False,,2026-10-07 03:00:22.681000+02:00,2026-10-07 05:56:00+02:00,,2026-10-07,5,Wednesday,False,175.62198333333333
20261007_010018,2026-10-07 01:00:22.681000+00:00,Zürich,local,ch:1:sloid:87348,"Zürich, Bahnhofplatz/HB",ch:1:sloid:87348::1,2026-10-07,ch:1:sjyid:100648:plan:0faad90f-9e70-4a9a-9972-2f7467d528fa,tram,Tram,14,14,2255,"Zürich, Bahnhofplatz/HB","Zürich, Triemli",,,2026-10-07 03:56:00+00:00,,,False,,2026-10-07 03:00:22.681000+02:00,2026-10-07 05:56:00+02:00,,2026-10-07,5,Wednesday,False,175.62198333333333
20261007_010018,2026-10-07 01:00:22.681000+00:00,Zürich,local,ch:1:sloid:87348,"Zürich, Bahnhofplatz/HB",ch:1:sloid:87348,2026-10-07,ch:1:sjyid:100648:plan:797ddf12-76d5-4d97-bc07-a60f6d2e5265,bus,Bus,31,31,1211,"Zürich, Hermetschloo","Zürich, Kienastenwies",,,2026-10-07 03:58:00+00:00,,,False,,2026-10-07 03:00:22.681000+02:00,2026-10-07 05:58:00+02:00,,2026-10-07,5,Wednesday,False,177.62198333333333
20261007_010018,2026-10-07 01:00:22.681000+00:00,Zürich,local,ch:1:sloid:87348,"Zürich, Bahnhofplatz/HB",ch:1:sloid:87348::11,2026-10-07,ch:1:sjyid:100648:plan:7d3758a8-eefe-43e2-9656-4bccca0e8a6d,bus,Bus,31,31,1223,"Zürich, Kienastenwies","Zürich, Hermetschloo",,,2026-10-07 03:58:00+00:00,,,False,,2026-10-07 03:00:22.681000+02:00,2026-10-07 05:58:00+02:00,,2026-10-07,5,Wednesday,False,177.62198333333333
20261007_010018,2026-10-07 01:00:22.681000+00:00,Zürich,local,ch:1:sloid:87348,"Zürich, Bahnhofplatz/HB",ch:1:sloid:87348::0,2026-10-07,ch:1:sjyid:100648:plan:c243a60b-d758-4ef2-ad1b-b09da6f37468,tram,Tram,6,6,2359,"Zürich, Bahnhofplatz/HB","Zürich, Zoo",,,2026-10-07 03:59:00+00:00,,,False,,2026-10-07 03:00:22.681000+02:00,2026-10-07 05:59:00+02:00,,2026-10-07,5,Wednesday,False,178.62198333333333
20261007_010018,2026-10-07 01:00:23.140000+00:00,Bern,local,ch:1:sloid:76646,"Bern, Bahnhof",ch:1:sloid:76646:0:19,2026-10-07,ch:1:sjyid:100626:plan:698dece6-f0e3-4ae7-b292-de47357aa7b4,bus,Bus,10,10,32475,"Bern, Monbijou","Ostermundigen, Rüti",L,,2026-10-07 03:07:00+00:00,,,False,,2026-10-07 03:00:23.140000+02:00,2026-10-07 05:07:00+02:00,,2026-10-07,5,Wednesday,False,126.61433333333333
20261007_010018,2026-10-07 01:00:23.140000+00:00,Bern,local,ch:1:sloid:76646,"Bern, Bahnhof",ch:1:sloid:76646:0:7,2026-10-07,ch:1:sjyid:100626:plan:f913677e-3c8c-4d39-bddc-6dc84f41d430,tram,Tram,7,7,10717,"Bern, Bärenplatz","Bern, Bümpliz",D,,2026-10-07 03:12:00+00:00,,,False,,2026-10-07 03:00:23.140000+02:00,2026-10-07 05:12:00+02:00,,2026-10-07,5,Wednesday,False,131.61433333333332
20261007_010018,2026-10-07 01:00:23.140000+00:00,Bern,local,ch:1:sloid:76646,"Bern, Bahnhof",ch:1:sloid:76646:0:19,2026-10-07,ch:1:sjyid:100626:plan:8c7f7e3f-d262-4365-9fb9-63ca859ecca3,bus,Bus,10,10,32704,"Bern, Hirschengraben","Ostermundigen, Rüti",L,,2026-10-07 03:14:00+00:00,,,False,,2026-10-07 03:00:23.140000+02:00,2026-10-07 05:14:00+02:00,,2026-10-07,5,Wednesday,False,133.61433333333332
20261007_010018,2026-10-07 01:00:23.140000+00:00,Bern,local,ch:1:sloid:76646,"Bern, Bahnhof",ch:1:sloid:76646:0:3,2026-10-07,ch:1:sjyid:100626:plan:3e9eed39-fec9-4454-8455-36451eaecc97,tram,Tram,8,8,16694,"Bern, Bärenplatz","Bern Brünnen Westside, Bahnhof",C,,2026-10-07 03:14:00+00:00,,,False,,2026-10-07 03:00:23.140000+02:00,2026-10-07 05:14:00+02:00,,2026-10-07,5,Wednesday,False,133.61433333333332
20261007_010018,2026-10-07 01:00:23.140000+00:00,Bern,local,ch:1:sloid:76646,"Bern, Bahnhof",ch:1:sloid:76646:0:3,2026-10-07,ch:1:sjyid:100626:plan:7fdebfd6-f8be-473c-849f-5951ecf8941b,tram,Tram,8,8,16696,"Bern, Bärenplatz","Bern Brünnen Westside, Bahnhof",C,,2026-10-07 03:21:00+00:00,,,False,,2026-10-07 03:00:23.140000+02:00,2026-10-07 05:21:00+02:00,,2026-10-07,5,Wednesday,False,140.61433333333335
20261007_010018,2026-10-07 01:00:23.140000+00:00,Bern,local,ch:1:sloid:76646,"Bern, Bahnhof",ch:1:sloid:76646:0:3,2026-10-07,ch:1:sjyid:100626:plan:8c996bb5-cc4f-4b5f-87e6-c88bf072e47f,tram,Tram,6,6,5861,"Bern, Bärenplatz","Bern, Fischermätteli",C,,2026-10-07 03:23:00+00:00,,,False,,2026-10-07 03:00:23.140000+02:00,2026-10-07 05:23:00+02:00,,2026-10-07,5,Wednesday,False,142.61433333333335
20261007_010018,2026-10-07 01:00:23.140000+00:00,Bern,local,ch:1:sloid:76646,"Bern, Bahnhof",ch:1:sloid:76646:0:19,2026-10-07,ch:1:sjyid:100626:plan:be1d67f2-eb40-4943-8d5f-ce3c95403d17,bus,Bus,10,10,32494,"Bern, Monbijou","Ostermundigen, Rüti",L,,2026-10-07 03:24:00+00:00,,,False,,2026-10-07 03:00:23.140000+02:00,2026-10-07 05:24:00+02:00,,2026-10-07,5,Wednesday,False,143.61433333333335
20261007_010018,2026-10-07 01:00:23.140000+00:00,Bern,local,ch:1:sloid:76646,"Bern, Bahnhof",ch:1:sloid:76646:0:7,2026-10-07,ch:1:sjyid:100626:plan:462a0718-22bb-4023-af46-289213233b8b,tram,Tram,7,7,10722,"Bern, Bärenplatz","Bern, Bümpliz",D,,2026-10-07 03:25:00+00:00,,,False,,2026-10-07 03:00:23.140000+02:00,2026-10-07 05:25:00+02:00,,2026-10-07,5,Wednesday,False,144.61433333333335
20261007_010018,2026-10-07 01:00:23.140000+00:00,Bern,local,ch:1:sloid:76646,"Bern, Bahnhof",ch:1:sloid:76646:0:3,2026-10-07,ch:1:sjyid:100626:plan:1e59c065-668a-4cd9-b44d-8323bf7f6b8e,tram,Tram,8,8,16700,"Bern, Bärenplatz","Bern Brünnen Westside, Bahnhof",C,,2026-10-07 03:31:00+00:00,,,False,,2026-10-07 03:00:23.140000+02:00,2026-10-07 05:31:00+02:00,,2026-10-07,5,Wednesday,False,150.61433333333335
20261007_010018,2026-10-07 01:00:23.140000+00:00,Bern,local,ch:1:sloid:76646,"Bern, Bahnhof",ch:1:sloid:76646:0:13,2026-10-07,ch:1:sjyid:100626:plan:3d22ff1f-4bae-41a3-9656-88cd38493bbe,bus,Bus,20,20,62235,"Bern, Bahnhof","Bern Wankdorf, Bahnhof",E,,2026-10-07 03:33:00+00:00,,,False,,2026-10-07 03:00:23.140000+02:00,2026-10-07 05:33:00+02:00,,2026-10-07,5,Wednesday,False,152.61433333333335
20261007_010018,2026-10-07 01:00:23.140000+00:00,Bern,local,ch:1:sloid:76646,"Bern, Bahnhof",ch:1:sloid:76646:0:19,2026-10-07,ch:1:sjyid:100626:plan:77ac7c69-2fc6-4eba-9db0-7840e36f1c77,bus,Bus,10,10,32708,"Bern, Hirschengraben","Ostermundigen, Rüti",L,,2026-10-07 03:34:00+00:00,,,False,,2026-10-07 03:00:23.140000+02:00,2026-10-07 05:34:00+02:00,,2026-10-07,5,Wednesday,False,153.61433333333335
20261007_010018,2026-10-07 01:00:23.140000+00:00,Bern,local,ch:1:sloid:76646,"Bern, Bahnhof",ch:1:sloid:76646:0:3,2026-10-07,ch:1:sjyid:100626:plan:ea702076-274f-460c-965f-585a69029365,tram,Tram,8,8,16702,"Bern, Bärenplatz","Bern Brünnen Westside, Bahnhof",C,,2026-10-07 03:37:00+00:00,,,False,,2026-10-07 03:00:23.140000+02:00,2026-10-07 05:37:00+02:00,,2026-10-07,5,Wednesday,False,156.61433333333335
20261007_010018,2026-10-07 01:00:23.140000+00:00,Bern,local,ch:1:sloid:76646,"Bern, Bahnhof",ch:1:sloid:76646:0:19,2026-10-07,ch:1:sjyid:100626:plan:b26b2c6b-e291-4936-b2cd-f206ad13bde3,bus,Bus,10,10,32514,"Bern, Monbijou","Ostermundigen, Rüti",L,,2026-10-07 03:42:00+00:00,,,False,,2026-10-07 03:00:23.140000+02:00,2026-10-07 05:42:00+02:00,,2026-10-07,5,Wednesday,False,161.61433333333335
20261007_010018,2026-10-07 01:00:23.140000+00:00,Bern,local,ch:1:sloid:76646,"Bern, Bahnhof",ch:1:sloid:76646:0:2,2026-10-07,ch:1:sjyid:100626:plan:d035692e-ed5e-4ff4-ab29-a0e08f90a5c7,bus,Bus,8A,8A,77499,"Bern, Bahnhof","Bern, Saali",K2,,2026-10-07 03:43:00+00:00,,,False,,2026-10-07 03:00:23.140000+02:00,2026-10-07 05:43:00+02:00,,2026-10-07,5,Wednesday,False,162.61433333333335
20261007_010018,2026-10-07 01:00:23.140000+00:00,Bern,local,ch:1:sloid:76646,"Bern, Bahnhof",ch:1:sloid:76646:0:3,2026-10-07,ch:1:sjyid:100626:plan:1312b054-93f1-4a9f-b3da-ccf30b34426b,tram,Tram,8,8,16705,"Bern, Bärenplatz","Bern Brünnen Westside, Bahnhof",C,,2026-10-07 03:43:00+00:00,,,False,,2026-10-07 03:00:23.140000+02:00,2026-10-07 05:43:00+02:00,,2026-10-07,5,Wednesday,False,162.61433333333335
20261007_010018,2026-10-07 01:00:23.140000+00:00,Bern,local,ch:1:sloid:76646,"Bern, Bahnhof",ch:1:sloid:76646:0:7,2026-10-07,ch:1:sjyid:100626:plan:abb0c5ba-74e2-4883-a8e8-1e2a80c937e7,tram,Tram,7,7,10728,"Bern, Bärenplatz","Bern, Bümpliz",D,,2026-10-07 03:45:00+00:00,,,False,,2026-10-07 03:00:23.140000+02:00,2026-10-07 05:45:00+02:00,,2026-10-07,5,Wednesday,False,164.61433333333335
20261007_010018,2026-10-07 01:00:23.140000+00:00,Bern,local,ch:1:sloid:76646,"Bern, Bahnhof",ch:1:sloid:76646:0:15,2026-10-07,ch:1:sjyid:100626:plan:7f872e70-19c0-48a7-82ed-64f34381d187,bus,Bus,20,20,65081,"Bern Wankdorf, Bahnhof","Bern, Länggasse",F,,2026-10-07 03:47:00+00:00,,,False,,2026-10-07 03:00:23.140000+02:00,2026-10-07 05:47:00+02:00,,2026-10-07,5,Wednesday,False,166.61433333333335
20261007_010018,2026-10-07 01:00:23.140000+00:00,Bern,local,ch:1:sloid:76646,"Bern, Bahnhof",ch:1:sloid:76646:0:19,2026-10-07,ch:1:sjyid:100626:plan:d3481e1e-240e-4852-af4c-c2c1f41b486c,bus,Bus,10,10,34450,"Schliern, Bus-Endstation","Ostermundigen, Rüti",L,,2026-10-07 03:48:00+00:00,,,False,,2026-10-07 03:00:23.140000+02:00,2026-10-07 05:48:00+02:00,,2026-10-07,5,Wednesday,False,167.61433333333335
20261007_010018,2026-10-07 01:00:23.140000+00:00,Bern,local,ch:1:sloid:76646,"Bern, Bahnhof",ch:1:sloid:76646:0:20,2026-10-07,ch:1:sjyid:100626:plan:75a6c531-1f1c-4141-99bc-34eaca2d013d,bus,Bus,19,19,58496,"Spiegel, Blinzern","Bern, Elfenau",M,,2026-10-07 03:48:00+00:00,,,False,,2026-10-07 03:00:23.140000+02:00,2026-10-07 05:48:00+02:00,,2026-10-07,5,Wednesday,False,167.61433333333335
20261007_010018,2026-10-07 01:00:23.140000+00:00,Bern,local,ch:1:sloid:76646,"Bern, Bahnhof",ch:1:sloid:76646:0:10,2026-10-07,ch:1:sjyid:100626:plan:95af5ab9-9b16-4d24-90bf-7b64eef1e983,tram,Tram,3,3,1456,"Bern, Bahnhof","Bern, Weissenbühl (Tram)",J,,2026-10-07 03:48:00+00:00,,,False,,2026-10-07 03:00:23.140000+02:00,2026-10-07 05:48:00+02:00,,2026-10-07,5,Wednesday,False,167.61433333333335
20261007_010018,2026-10-07 01:00:23.140000+00:00,Bern,local,ch:1:sloid:76646,"Bern, Bahnhof",ch:1:sloid:76646:0:7,2026-10-07,ch:1:sjyid:100626:plan:b627cd68-1735-4b9f-ae57-aa034b5cab04,bus,Bus,12,12,52876,"Bern, Zentrum Paul Klee","Bern, Holligen",D,,2026-10-07 03:48:00+00:00,,,False,,2026-10-07 03:00:23.140000+02:00,2026-10-07 05:48:00+02:00,,2026-10-07,5,Wednesday,False,167.61433333333335
20261007_010018,2026-10-07 01:00:23.140000+00:00,Bern,local,ch:1:sloid:76646,"Bern, Bahnhof",ch:1:sloid:76646:0:20,2026-10-07,ch:1:sjyid:100626:plan:48a813d7-fb78-4ba6-875a-33a997427167,bus,Bus,17,17,57772,"Bern, Bahnhof","Köniz, Weiermatt",M,,2026-10-07 03:48:00+00:00,,,False,,2026-10-07 03:00:23.140000+02:00,2026-10-07 05:48:00+02:00,,2026-10-07,5,Wednesday,False,167.61433333333335
20261007_010018,2026-10-07 01:00:23.140000+00:00,Bern,local,ch:1:sloid:76646,"Bern, Bahnhof",ch:1:sloid:76646:0:5,2026-10-07,ch:1:sjyid:100626:plan:f90ce336-b0ef-4cb0-9a0c-159d1b07c3b8,bus,Bus,12,12,50168,"Bern, Holligen","Bern, Zentrum Paul Klee",A,,2026-10-07 03:48:00+00:00,,,False,,2026-10-07 03:00:23.140000+02:00,2026-10-07 05:48:00+02:00,,2026-10-07,5,Wednesday,False,167.61433333333335
20261007_010018,2026-10-07 01:00:23.140000+00:00,Bern,local,ch:1:sloid:76646,"Bern, Bahnhof",ch:1:sloid:76646:0:11,2026-10-07,ch:1:sjyid:100626:plan:60bd780a-47e6-425b-8ca8-dfcbae9f79bb,bus,Bus,10,10,42751,"Ostermundigen, Rüti","Schliern, Bus-Endstation",I,,2026-10-07 03:48:00+00:00,,,False,,2026-10-07 03:00:23.140000+02:00,2026-10-07 05:48:00+02:00,,2026-10-07,5,Wednesday,False,167.61433333333335
20261007_010018,2026-10-07 01:00:23.140000+00:00,Bern,local,ch:1:sloid:76646,"Bern, Bahnhof",ch:1:sloid:76646:0:25,2026-10-07,ch:1:sjyid:100626:plan:e0045763-164f-47af-babb-e27aae3365b6,bus,Bus,19,19,60554,"Bern, Elfenau","Spiegel, Blinzern",K1,,2026-10-07 03:48:00+00:00,,,False,,2026-10-07 03:00:23.140000+02:00,2026-10-07 05:48:00+02:00,,2026-10-07,5,Wednesday,False,167.61433333333335
20261007_010018,2026-10-07 01:00:23.140000+00:00,Bern,local,ch:1:sloid:76646,"Bern, Bahnhof",ch:1:sloid:76646:0:10,2026-10-07,ch:1:sjyid:100626:plan:1486577b-3aae-40bd-913d-e848a2084d47,tram,Tram,6,6,7000,"Bern, Bahnhof","Bern, Fischermätteli",J,,2026-10-07 03:49:00+00:00,,,False,,2026-10-07 03:00:23.140000+02:00,2026-10-07 05:49:00+02:00,,2026-10-07,5,Wednesday,False,168.61433333333335
20261007_010018,2026-10-07 01:00:23.140000+00:00,Bern,local,ch:1:sloid:76646,"Bern, Bahnhof",ch:1:sloid:76646:0:39,2026-10-07,ch:1:sjyid:100626:plan:462a2975-90db-4cde-ab5e-d7664832edc7,tram,Tram,8,8,17829,"Bern, Bahnhof","Bern Brünnen Westside, Bahnhof",N,,2026-10-07 03:49:00+00:00,,,False,,2026-10-07 03:00:23.140000+02:00,2026-10-07 05:49:00+02:00,,2026-10-07,5,Wednesday,False,168.61433333333335
20261007_010018,2026-10-07 01:00:23.140000+00:00,Bern,local,ch:1:sloid:76646,"Bern, Bahnhof",ch:1:sloid:76646:0:13,2026-10-07,ch:1:sjyid:100626:plan:aed788b1-e133-41ec-8553-f2a1c4e6c98e,bus,Bus,20,20,62330,"Bern, Länggasse","Bern Wankdorf, Bahnhof",E,,2026-10-07 03:49:00+00:00,,,False,,2026-10-07 03:00:23.140000+02:00,2026-10-07 05:49:00+02:00,,2026-10-07,5,Wednesday,False,168.61433333333335
20261007_010018,2026-10-07 01:00:23.140000+00:00,Bern,local,ch:1:sloid:76646,"Bern, Bahnhof",ch:1:sloid:76646:0:30,2026-10-07,ch:1:sjyid:100626:plan:f53ab730-19cd-4d64-9466-aa2d4eef2586,bus,Bus,21,21,67626,"Bern, Bahnhof","Bremgarten BE, Stuckishaus",H,,2026-10-07 03:49:00+00:00,,,False,,2026-10-07 03:00:23.140000+02:00,2026-10-07 05:49:00+02:00,,2026-10-07,5,Wednesday,False,168.61433333333335
20261007_010018,2026-10-07 01:00:23.140000+00:00,Bern,local,ch:1:sloid:76646,"Bern, Bahnhof",ch:1:sloid:76646:0:39,2026-10-07,ch:1:sjyid:100626:plan:0d7eb204-d5fe-4241-97ab-5a6ddac0352e,tram,Tram,7,7,12574,"Bern, Bahnhof","Bern, Bümpliz",N,,2026-10-07 03:50:00+00:00,,,False,,2026-10-07 03:00:23.140000+02:00,2026-10-07 05:50:00+02:00,,2026-10-07,5,Wednesday,False,169.61433333333335
20261007_010018,2026-10-07 01:00:23.631000+00:00,Basel,local,ch:1:sloid:78143,"Basel, Bahnhof SBB",ch:1:sloid:78143:3:3,2026-10-07,ch:1:sjyid:100622:plan:afe520bc-b0f8-462f-8604-929b4c77ac5d,bus,Bus,50,50,50001,"Basel, Bahnhof SBB","Basel, EuroAirport",B,,2026-10-07 02:10:00+00:00,,,False,,2026-10-07 03:00:23.631000+02:00,2026-10-07 04:10:00+02:00,,2026-10-07,4,Wednesday,False,69.60615
20261007_010018,2026-10-07 01:00:23.631000+00:00,Basel,local,ch:1:sloid:78143,"Basel, Bahnhof SBB",ch:1:sloid:78143:3:3,2026-10-07,ch:1:sjyid:100622:plan:81c8eba2-8c9c-48a9-85b8-e9992adc2c0d,bus,Bus,50,50,50003,"Basel, Bahnhof SBB","Basel EuroAirport, Verwaltung",B,,2026-10-07 02:35:00+00:00,,,False,,2026-10-07 03:00:23.631000+02:00,2026-10-07 04:35:00+02:00,,2026-10-07,4,Wednesday,False,94.60615
20261007_010018,2026-10-07 01:00:23.631000+00:00,Basel,local,ch:1:sloid:78143,"Basel, Bahnhof SBB",ch:1:sloid:78143:1:34,2026-10-07,ch:1:sjyid:100622:plan:a695af96-afd5-41bc-8d8e-b8c4adf400db,tram,Tram,15,15,15002,"Basel, Wiesenplatz","Basel, Bruderholz",G,,2026-10-07 02:47:48+00:00,,,False,,2026-10-07 03:00:23.631000+02:00,2026-10-07 04:47:48+02:00,,2026-10-07,4,Wednesday,False,107.40615
20261007_010018,2026-10-07 01:00:23.631000+00:00,Basel,local,ch:1:sloid:78143,"Basel, Bahnhof SBB",ch:1:sloid:78143:1:32,2026-10-07,ch:1:sjyid:100622:plan:a8c1bbae-3a4f-4263-8073-66db6d019881,tram,Tram,8,8,8002,"Basel, Wiesenplatz","Basel, Neuweilerstrasse",E,,2026-10-07 02:48:18+00:00,,,False,,2026-10-07 03:00:23.631000+02:00,2026-10-07 04:48:18+02:00,,2026-10-07,4,Wednesday,False,107.90615
20261007_010018,2026-10-07 01:00:23.631000+00:00,Basel,local,ch:1:sloid:78143,"Basel, Bahnhof SBB",ch:1:sloid:78143:3:3,2026-10-07,ch:1:sjyid:100622:plan:39fae0f1-d336-4040-9b6e-024d9b357f5e,bus,Bus,50,50,50005,"Basel, Bahnhof SBB","Basel EuroAirport, Verwaltung",B,,2026-10-07 02:55:00+00:00,,,False,,2026-10-07 03:00:23.631000+02:00,2026-10-07 04:55:00+02:00,,2026-10-07,4,Wednesday,False,114.60615
20261007_010018,2026-10-07 01:00:23.631000+00:00,Basel,local,ch:1:sloid:78143,"Basel, Bahnhof SBB",ch:1:sloid:78143:1:34,2026-10-07,ch:1:sjyid:100019:plan:8dd6375b-5dd2-458a-ae9d-b6ca8af11e0d,tram,Tram,10,10,10003,"Oberwil BL, Zentrum","Dornach, Bahnhof",G,,2026-10-07 02:58:00+00:00,,,False,,2026-10-07 03:00:23.631000+02:00,2026-10-07 04:58:00+02:00,,2026-10-07,4,Wednesday,False,117.60615
20261007_010018,2026-10-07 01:00:23.631000+00:00,Basel,local,ch:1:sloid:78143,"Basel, Bahnhof SBB",ch:1:sloid:78143:1:34,2026-10-07,ch:1:sjyid:100622:plan:c2137aba-2879-4f83-86ea-92b0ca282f85,tram,Tram,15,15,15004,"Basel, Wiesenplatz","Basel, Bruderholz",G,,2026-10-07 02:59:00+00:00,,,False,,2026-10-07 03:00:23.631000+02:00,2026-10-07 04:59:00+02:00,,2026-10-07,4,Wednesday,False,118.60615
20261007_010018,2026-10-07 01:00:23.631000+00:00,Basel,local,ch:1:sloid:78143,"Basel, Bahnhof SBB",ch:1:sloid:78143:1:32,2026-10-07,ch:1:sjyid:100622:plan:1bec0973-a113-47b3-bde7-164f6142cb35,tram,Tram,8,8,8004,"Basel, Wiesenplatz","Basel, Neuweilerstrasse",E,,2026-10-07 03:03:00+00:00,,,False,,2026-10-07 03:00:23.631000+02:00,2026-10-07 05:03:00+02:00,,2026-10-07,5,Wednesday,False,122.60615
20261007_010018,2026-10-07 01:00:23.631000+00:00,Basel,local,ch:1:sloid:78143,"Basel, Bahnhof SBB",ch:1:sloid:78143:1:34,2026-10-07,ch:1:sjyid:100622:plan:48d77b7b-9ba9-4270-b1f5-fb29cb1ec186,tram,Tram,16,16,16002,"Basel, Wiesenplatz","Basel, Bruderholz",G,,2026-10-07 03:04:00+00:00,,,False,,2026-10-07 03:00:23.631000+02:00,2026-10-07 05:04:00+02:00,,2026-10-07,5,Wednesday,False,123.60615
20261007_010018,2026-10-07 01:00:23.631000+00:00,Basel,local,ch:1:sloid:78143,"Basel, Bahnhof SBB",ch:1:sloid:78143:3:3,2026-10-07,ch:1:sjyid:100622:plan:f7201e22-534e-43d8-bf91-cc521a9e3646,bus,Bus,30,30,30001,"Basel, Bahnhof SBB","Basel, Badischer Bahnhof",B,,2026-10-07 03:05:00+00:00,,,False,,2026-10-07 03:00:23.631000+02:00,2026-10-07 05:05:00+02:00,,2026-10-07,5,Wednesday,False,124.60615
20261007_010018,2026-10-07 01:00:23.631000+00:00,Basel,local,ch:1:sloid:78143,"Basel, Bahnhof SBB",ch:1:sloid:78143:1:32,2026-10-07,ch:1:sjyid:100622:plan:3a6935f2-0ddc-4b5b-8954-541f5e8f1672,tram,Tram,2,2,2002,"Basel, Wiesenplatz","Binningen, Kronenplatz",E,,2026-10-07 03:06:00+00:00,,,False,,2026-10-07 03:00:23.631000+02:00,2026-10-07 05:06:00+02:00,,2026-10-07,5,Wednesday,False,125.60615
20261007_010018,2026-10-07 01:00:23.631000+00:00,Basel,local,ch:1:sloid:78143,"Basel, Bahnhof SBB",ch:1:sloid:78143:1:33,2026-10-07,ch:1:sjyid:100622:plan:4ce366a1-1f81-4619-8ebe-8ec245c61c5f,tram,Tram,6,6,6001,"Allschwil, Dorf","Riehen, Grenze",F,,2026-10-07 03:09:00+00:00,,,False,,2026-10-07 03:00:23.631000+02:00,2026-10-07 05:09:00+02:00,,2026-10-07,5,Wednesday,False,128.60614999999999
20261007_010018,2026-10-07 01:00:23.631000+00:00,Basel,local,ch:1:sloid:78143,"Basel, Bahnhof SBB",ch:1:sloid:78143:3:3,2026-10-07,ch:1:sjyid:100622:plan:a36b409a-a8e9-4d06-9178-e0278341ee36,bus,Bus,50,50,50007,"Basel, Bahnhof SBB","Basel EuroAirport, Verwaltung",B,,2026-10-07 03:10:00+00:00,,,False,,2026-10-07 03:00:23.631000+02:00,2026-10-07 05:10:00+02:00,,2026-10-07,5,Wednesday,False,129.60614999999999
20261007_010018,2026-10-07 01:00:23.631000+00:00,Basel,local,ch:1:sloid:78143,"Basel, Bahnhof SBB",ch:1:sloid:78143:1:34,2026-10-07,ch:1:sjyid:100019:plan:f651a611-5436-460c-85ca-ed1290faeecc,tram,Tram,10,10,10005,"Ettingen, Dorf","Dornach, Bahnhof",G,,2026-10-07 03:13:00+00:00,,,False,,2026-10-07 03:00:23.631000+02:00,2026-10-07 05:13:00+02:00,,2026-10-07,5,Wednesday,False,132.60614999999999
20261007_010018,2026-10-07 01:00:23.631000+00:00,Basel,local,ch:1:sloid:78143,"Basel, Bahnhof SBB",ch:1:sloid:78143:1:33,2026-10-07,ch:1:sjyid:100622:plan:19f17c78-29ef-4470-bf7f-43878af4c15e,tram,Tram,8,8,8005,"Basel, Neuweilerstrasse","Weil am Rhein, Bahnhof/Zentrum",F,,2026-10-07 03:14:00+00:00,,,False,,2026-10-07 03:00:23.631000+02:00,2026-10-07 05:14:00+02:00,,2026-10-07,5,Wednesday,False,133.60614999999999
20261007_010018,2026-10-07 01:00:23.631000+00:00,Basel,local,ch:1:sloid:78143,"Basel, Bahnhof SBB",ch:1:sloid:78143:1:35,2026-10-07,ch:1:sjyid:100019:plan:ed260a1d-7ada-48ae-aef0-7d17fa3cf9c4,tram,Tram,11,11,38006,"Basel, Dreispitz","Basel, St-Louis Grenze",H,,2026-10-07 03:14:00+00:00,,,False,,2026-10-07 03:00:23.631000+02:00,2026-10-07 05:14:00+02:00,,2026-10-07,5,Wednesday,False,133.60614999999999
20261007_010018,2026-10-07 01:00:23.631000+00:00,Basel,local,ch:1:sloid:78143,"Basel, Bahnhof SBB",ch:1:sloid:78143:1:35,2026-10-07,ch:1:sjyid:100019:plan:9bf55e15-d369-4298-a228-92b82ea65825,tram,Tram,10,10,10014,"Dornach, Bahnhof","Rodersdorf, Station",H,,2026-10-07 03:16:00+00:00,,,False,,2026-10-07 03:00:23.631000+02:00,2026-10-07 05:16:00+02:00,,2026-10-07,5,Wednesday,False,135.60614999999999
20261007_010018,2026-10-07 01:00:23.631000+00:00,Basel,local,ch:1:sloid:78143,"Basel, Bahnhof SBB",ch:1:sloid:78143:1:32,2026-10-07,ch:1:sjyid:100622:plan:d418cd49-08eb-4e35-a5bf-6b9757678cbe,tram,Tram,8,8,8006,"Weil am Rhein, Bahnhof/Zentrum","Basel, Neuweilerstrasse",E,,2026-10-07 03:18:00+00:00,,,False,,2026-10-07 03:00:23.631000+02:00,2026-10-07 05:18:00+02:00,,2026-10-07,5,Wednesday,False,137.60615
20261007_010018,2026-10-07 01:00:23.631000+00:00,Basel,local,ch:1:sloid:78143,"Basel, Bahnhof SBB",ch:1:sloid:78143:1:34,2026-10-07,ch:1:sjyid:100622:plan:a57abd69-44cb-4873-bf3d-3db1b7623c6b,tram,Tram,15,15,15006,"Basel, Wiesenplatz","Basel, Bruderholz",G,,2026-10-07 03:19:00+00:00,,,False,,2026-10-07 03:00:23.631000+02:00,2026-10-07 05:19:00+02:00,,2026-10-07,5,Wednesday,False,138.60615
20261007_010018,2026-10-07 01:00:23.631000+00:00,Basel,local,ch:1:sloid:78143,"Basel, Bahnhof SBB",ch:1:sloid:78143:1:31,2026-10-07,ch:1:sjyid:100622:plan:9ce29118-f520-4789-ba54-72e66f4a6c63,tram,Tram,1,1,1006,"Basel, Bahnhof SBB","Basel, Dreirosenbrücke",D,,2026-10-07 03:20:00+00:00,,,False,,2026-10-07 03:00:23.631000+02:00,2026-10-07 05:20:00+02:00,,2026-10-07,5,Wednesday,False,139.60615
20261007_010018,2026-10-07 01:00:23.631000+00:00,Basel,local,ch:1:sloid:78143,"Basel, Bahnhof SBB",ch:1:sloid:78143:1:32,2026-10-07,ch:1:sjyid:100622:plan:82be8c7c-dd01-4945-8f8e-3cb2cc0d59fe,tram,Tram,2,2,2006,"Basel, Wiesenplatz","Binningen, Kronenplatz",E,,2026-10-07 03:20:00+00:00,,,False,,2026-10-07 03:00:23.631000+02:00,2026-10-07 05:20:00+02:00,,2026-10-07,5,Wednesday,False,139.60615
20261007_010018,2026-10-07 01:00:23.631000+00:00,Basel,local,ch:1:sloid:78143,"Basel, Bahnhof SBB",ch:1:sloid:78143:3:3,2026-10-07,ch:1:sjyid:100622:plan:9f9939dc-4931-403a-aec4-b9225d8872f0,bus,Bus,30,30,30003,"Basel, Bahnhof SBB","Basel, Badischer Bahnhof",B,,2026-10-07 03:20:00+00:00,,,False,,2026-10-07 03:00:23.631000+02:00,2026-10-07 05:20:00+02:00,,2026-10-07,5,Wednesday,False,139.60615
20261007_010018,2026-10-07 01:00:23.631000+00:00,Basel,local,ch:1:sloid:78143,"Basel, Bahnhof SBB",ch:1:sloid:78143:1:35,2026-10-07,ch:1:sjyid:100622:plan:c7acae1f-2747-4d29-aa68-41d0d130c3eb,tram,Tram,3,3,3008,"Basel, Morgartenring","Birsfelden, Hard",H,,2026-10-07 03:21:00+00:00,,,False,,2026-10-07 03:00:23.631000+02:00,2026-10-07 05:21:00+02:00,,2026-10-07,5,Wednesday,False,140.60615
20261007_010018,2026-10-07 01:00:23.631000+00:00,Basel,local,ch:1:sloid:78143,"Basel, Bahnhof SBB",ch:1:sloid:78143:1:34,2026-10-07,ch:1:sjyid:100019:plan:97f0ca5f-7265-4b5a-8f57-c06bd0e080ad,tram,Tram,11,11,38001,"Basel, Bankverein","Basel, Dreispitz",G,,2026-10-07 03:23:00+00:00,,,False,,2026-10-07 03:00:23.631000+02:00,2026-10-07 05:23:00+02:00,,2026-10-07,5,Wednesday,False,142.60615
20261007_010018,2026-10-07 01:00:23.631000+00:00,Basel,local,ch:1:sloid:78143,"Basel, Bahnhof SBB",ch:1:sloid:78143:1:32,2026-10-07,ch:1:sjyid:100622:plan:dd844132-b005-4cc4-9edb-c7e800b5cc86,tram,Tram,2,2,2004,"Riehen, Grenze","Binningen, Kronenplatz",E,,2026-10-07 03:24:00+00:00,,,False,,2026-10-07 03:00:23.631000+02:00,2026-10-07 05:24:00+02:00,,2026-10-07,5,Wednesday,False,143.60615
20261007_010018,2026-10-07 01:00:23.631000+00:00,Basel,local,ch:1:sloid:78143,"Basel, Bahnhof SBB",ch:1:sloid:78143:1:33,2026-10-07,ch:1:sjyid:100622:plan:b240383f-d853-4f72-9226-4d4dce27842e,tram,Tram,6,6,6005,"Allschwil, Dorf","Riehen, Grenze",F,,2026-10-07 03:24:00+00:00,,,False,,2026-10-07 03:00:23.631000+02:00,2026-10-07 05:24:00+02:00,,2026-10-07,5,Wednesday,False,143.60615
20261007_010018,2026-10-07 01:00:23.631000+00:00,Basel,local,ch:1:sloid:78143,"Basel, Bahnhof SBB",ch:1:sloid:78143:1:35,2026-10-07,ch:1:sjyid:100019:plan:2b995458-c02c-4b73-b81d-3fd14c720b66,tram,Tram,11,11,38008,"Basel, Dreispitz","Basel, St-Louis Grenze",H,,2026-10-07 03:25:00+00:00,,,False,,2026-10-07 03:00:23.631000+02:00,2026-10-07 05:25:00+02:00,,2026-10-07,5,Wednesday,False,144.60615
20261007_010018,2026-10-07 01:00:23.631000+00:00,Basel,local,ch:1:sloid:78143,"Basel, Bahnhof SBB",ch:1:sloid:78143:1:32,2026-10-07,ch:1:sjyid:100622:plan:332ee20a-83eb-4762-aefd-ec1a8a2b2f6f,tram,Tram,8,8,8008,"Basel, Wiesenplatz","Basel, Neuweilerstrasse",E,,2026-10-07 03:25:00+00:00,,,False,,2026-10-07 03:00:23.631000+02:00,2026-10-07 05:25:00+02:00,,2026-10-07,5,Wednesday,False,144.60615
20261007_010018,2026-10-07 01:00:23.631000+00:00,Basel,local,ch:1:sloid:78143,"Basel, Bahnhof SBB",ch:1:sloid:78143:3:3,2026-10-07,ch:1:sjyid:100622:plan:e2e0b327-2a73-494e-863f-1459db2a446f,bus,Bus,50,50,50009,"Basel, Bahnhof SBB","Basel EuroAirport, Verwaltung",B,,2026-10-07 03:25:00+00:00,,,False,,2026-10-07 03:00:23.631000+02:00,2026-10-07 05:25:00+02:00,,2026-10-07,5,Wednesday,False,144.60615
20261007_010018,2026-10-07 01:00:23.631000+00:00,Basel,local,ch:1:sloid:78143,"Basel, Bahnhof SBB",ch:1:sloid:78143:1:33,2026-10-07,ch:1:sjyid:100622:plan:c38262ac-3dc5-408a-af07-cb2a31ace6d1,tram,Tram,2,2,2007,"Binningen, Kronenplatz","Basel, Eglisee",F,,2026-10-07 03:26:00+00:00,,,False,,2026-10-07 03:00:23.631000+02:00,2026-10-07 05:26:00+02:00,,2026-10-07,5,Wednesday,False,145.60615
20261007_010018,2026-10-07 01:00:24.113000+00:00,Luzern,local,ch:1:sloid:8450,"Luzern, Bahnhof",ch:1:sloid:8450::1,2026-10-07,ch:1:sjyid:100619:plan:e8342ef7-4842-41d0-b188-5ee2f5cac3f6,bus,Bus,1,1,1023,"Luzern, Bahnhof","Obernau, Dorf",A,,2026-10-07 02:39:00+00:00,,,False,,2026-10-07 03:00:24.113000+02:00,2026-10-07 04:39:00+02:00,,2026-10-07,4,Wednesday,False,98.59811666666666
20261007_010018,2026-10-07 01:00:24.113000+00:00,Luzern,local,ch:1:sloid:8450,"Luzern, Bahnhof",ch:1:sloid:8450::23,2026-10-07,ch:1:sjyid:100619:plan:2cd85c46-3363-4bc5-8249-869b88f848e9,bus,Bus,2,2,8005,"Luzern, Bahnhof","Emmenbrücke, Sprengi",Y,,2026-10-07 02:39:00+00:00,,,False,,2026-10-07 03:00:24.113000+02:00,2026-10-07 04:39:00+02:00,,2026-10-07,4,Wednesday,False,98.59811666666666
20261007_010018,2026-10-07 01:00:24.113000+00:00,Luzern,local,ch:1:sloid:8450,"Luzern, Bahnhof",ch:1:sloid:8450::2,2026-10-07,ch:1:sjyid:100619:plan:9503a9f2-a14a-4f6c-a015-5fab03b15ca1,bus,Bus,8,8,28014,"Luzern, Weinbergli","Luzern, Würzenbach",B,,2026-10-07 02:48:00+00:00,,,False,,2026-10-07 03:00:24.113000+02:00,2026-10-07 04:48:00+02:00,,2026-10-07,4,Wednesday,False,107.59811666666666
20261007_010018,2026-10-07 01:00:24.113000+00:00,Luzern,local,ch:1:sloid:8450,"Luzern, Bahnhof",ch:1:sloid:8450::20,2026-10-07,ch:1:sjyid:100619:plan:d67b0f63-d571-475f-be1a-b183211abed4,bus,Bus,12,12,83017,"Luzern, Bahnhof","Luzern, Gasshof",M,,2026-10-07 02:49:00+00:00,,,False,,2026-10-07 03:00:24.113000+02:00,2026-10-07 04:49:00+02:00,,2026-10-07,4,Wednesday,False,108.59811666666666
20261007_010018,2026-10-07 01:00:24.113000+00:00,Luzern,local,ch:1:sloid:8450,"Luzern, Bahnhof",ch:1:sloid:8450::2,2026-10-07,ch:1:sjyid:100619:plan:78f2d365-b434-47b5-963e-b21ec74b1725,bus,Bus,6,6,21014,"Luzern, Weinbergli","Luzern, Büttenenhalde",B,,2026-10-07 02:52:00+00:00,,,False,,2026-10-07 03:00:24.113000+02:00,2026-10-07 04:52:00+02:00,,2026-10-07,4,Wednesday,False,111.59811666666666
20261007_010018,2026-10-07 01:00:24.113000+00:00,Luzern,local,ch:1:sloid:8450,"Luzern, Bahnhof",ch:1:sloid:8450::1,2026-10-07,ch:1:sjyid:100619:plan:0f428294-07b8-4b46-a1d5-21b86fc0571a,bus,Bus,1,1,1047,"Luzern, Bahnhof","Obernau, Dorf",A,,2026-10-07 02:54:00+00:00,,,False,,2026-10-07 03:00:24.113000+02:00,2026-10-07 04:54:00+02:00,,2026-10-07,4,Wednesday,False,113.59811666666666
20261007_010018,2026-10-07 01:00:24.113000+00:00,Luzern,local,ch:1:sloid:8450,"Luzern, Bahnhof",ch:1:sloid:8450::23,2026-10-07,ch:1:sjyid:100619:plan:10593ddf-b13a-44ed-bbff-03545ed06b3a,bus,Bus,2,2,8019,"Luzern, Bahnhof","Emmenbrücke, Sprengi",Y,,2026-10-07 02:54:00+00:00,,,False,,2026-10-07 03:00:24.113000+02:00,2026-10-07 04:54:00+02:00,,2026-10-07,4,Wednesday,False,113.59811666666666
20261007_010018,2026-10-07 01:00:24.113000+00:00,Luzern,local,ch:1:sloid:8450,"Luzern, Bahnhof",ch:1:sloid:8450::2,2026-10-07,ch:1:sjyid:100619:plan:421f770d-b650-40bc-9c26-7e4b8a7a93d1,bus,Bus,1,1,1082,"Luzern, Bahnhof","Ebikon, Fildern",B,,2026-10-07 02:56:00+00:00,,,False,,2026-10-07 03:00:24.113000+02:00,2026-10-07 04:56:00+02:00,,2026-10-07,4,Wednesday,False,115.59811666666666
20261007_010018,2026-10-07 01:00:24.113000+00:00,Luzern,local,ch:1:sloid:8450,"Luzern, Bahnhof",ch:1:sloid:8450::2,2026-10-07,ch:1:sjyid:100619:plan:8521bfea-f7f4-4d29-91c5-f9e4e63fc24c,bus,Bus,25,25,61000,"Luzern, Weinbergli","Luzern, Brüelstrasse",B,,2026-10-07 02:56:00+00:00,,,False,,2026-10-07 03:00:24.113000+02:00,2026-10-07 04:56:00+02:00,,2026-10-07,4,Wednesday,False,115.59811666666666
20261007_010018,2026-10-07 01:00:24.113000+00:00,Luzern,local,ch:1:sloid:8450,"Luzern, Bahnhof",ch:1:sloid:8450::1,2026-10-07,ch:1:sjyid:100619:plan:31861421-fd51-41d2-b193-5d1f52186eae,bus,Bus,7,7,24015,"Luzern, Bahnhof","Horw, Biregghof",A,,2026-10-07 02:56:00+00:00,,,False,,2026-10-07 03:00:24.113000+02:00,2026-10-07 04:56:00+02:00,,2026-10-07,4,Wednesday,False,115.59811666666666
20261007_010018,2026-10-07 01:00:24.113000+00:00,Luzern,local,ch:1:sloid:8450,"Luzern, Bahnhof",ch:1:sloid:8450::15,2026-10-07,ch:1:sjyid:100602:62557313-776e-495d-ad9a-2c71e90cba92,bus,Bus,73,73,73003,"Luzern, Bahnhof","Udligenswil, alte Post",U,,2026-10-07 03:00:00+00:00,,,False,,2026-10-07 03:00:24.113000+02:00,2026-10-07 05:00:00+02:00,,2026-10-07,5,Wednesday,False,119.59811666666666
20261007_010018,2026-10-07 01:00:24.113000+00:00,Luzern,local,ch:1:sloid:8450,"Luzern, Bahnhof",ch:1:sloid:8450::2,2026-10-07,ch:1:sjyid:100619:plan:e72eaecb-a8c8-4a47-a2d8-f5bcfc1824c2,bus,Bus,7,7,24028,"Luzern, Weinbergli","Luzern, Unterlöchli",B,,2026-10-07 03:02:00+00:00,,,False,,2026-10-07 03:00:24.113000+02:00,2026-10-07 05:02:00+02:00,,2026-10-07,5,Wednesday,False,121.59811666666666
20261007_010018,2026-10-07 01:00:24.113000+00:00,Luzern,local,ch:1:sloid:8450,"Luzern, Bahnhof",ch:1:sloid:8450::15,2026-10-07,ch:1:sjyid:100602:9028274f-eb6f-45e6-a57c-ff0f7adfd064,bus,Bus,73,73,73005,"Luzern, Bahnhof","Rotkreuz, Bahnhof Süd",U,,2026-10-07 03:07:00+00:00,,,False,,2026-10-07 03:00:24.113000+02:00,2026-10-07 05:07:00+02:00,,2026-10-07,5,Wednesday,False,126.59811666666666
20261007_010018,2026-10-07 01:00:24.113000+00:00,Luzern,local,ch:1:sloid:8450,"Luzern, Bahnhof",ch:1:sloid:8450::2,2026-10-07,ch:1:sjyid:100619:plan:318c6bcb-5bd9-495b-baa5-9843133edf18,bus,Bus,8,8,28030,"Luzern, Weinbergli","Luzern, Würzenbach",B,,2026-10-07 03:08:00+00:00,,,False,,2026-10-07 03:00:24.113000+02:00,2026-10-07 05:08:00+02:00,,2026-10-07,5,Wednesday,False,127.59811666666666
20261007_010018,2026-10-07 01:00:24.113000+00:00,Luzern,local,ch:1:sloid:8450,"Luzern, Bahnhof",ch:1:sloid:8450::1,2026-10-07,ch:1:sjyid:100619:plan:2d1c1c42-6ece-489c-8b83-e281e6b44791,bus,Bus,1,1,1069,"Ebikon, Fildern","Obernau, Dorf",A,,2026-10-07 03:09:00+00:00,,,False,,2026-10-07 03:00:24.113000+02:00,2026-10-07 05:09:00+02:00,,2026-10-07,5,Wednesday,False,128.59811666666667
20261007_010018,2026-10-07 01:00:24.113000+00:00,Luzern,local,ch:1:sloid:8450,"Luzern, Bahnhof",ch:1:sloid:8450::23,2026-10-07,ch:1:sjyid:100619:plan:eae5e1d7-1fd9-4fb9-82f2-54d7861f61a9,bus,Bus,2,2,8041,"Luzern, Bahnhof","Emmenbrücke, Sprengi",Y,,2026-10-07 03:10:00+00:00,,,False,,2026-10-07 03:00:24.113000+02:00,2026-10-07 05:10:00+02:00,,2026-10-07,5,Wednesday,False,129.59811666666667
20261007_010018,2026-10-07 01:00:24.113000+00:00,Luzern,local,ch:1:sloid:8450,"Luzern, Bahnhof",ch:1:sloid:8450::1,2026-10-07,ch:1:sjyid:100619:plan:7d3c7b59-b10a-409d-ac44-f07b2db32592,bus,Bus,8,8,28031,"Luzern, Würzenbach","Luzern, Hirtenhof",A,,2026-10-07 03:10:00+00:00,,,False,,2026-10-07 03:00:24.113000+02:00,2026-10-07 05:10:00+02:00,,2026-10-07,5,Wednesday,False,129.59811666666667
20261007_010018,2026-10-07 01:00:24.113000+00:00,Luzern,local,ch:1:sloid:8450,"Luzern, Bahnhof",ch:1:sloid:8450::2,2026-10-07,ch:1:sjyid:100619:plan:efba0bb5-d4f6-4c1c-9933-d4f68beeb8cf,bus,Bus,6,6,21028,"Luzern, Weinbergli","Luzern, Büttenenhalde",B,,2026-10-07 03:12:00+00:00,,,False,,2026-10-07 03:00:24.113000+02:00,2026-10-07 05:12:00+02:00,,2026-10-07,5,Wednesday,False,131.59811666666667
20261007_010018,2026-10-07 01:00:24.113000+00:00,Luzern,local,ch:1:sloid:8450,"Luzern, Bahnhof",ch:1:sloid:8450::10,2026-10-07,ch:1:sjyid:100619:plan:5267b471-8446-4dea-991b-10e27e22efc6,bus,Bus,20,20,48019,"Luzern, Bahnhof","Horw, Ennethorw",J,,2026-10-07 03:13:00+00:00,,,False,,2026-10-07 03:00:24.113000+02:00,2026-10-07 05:13:00+02:00,,2026-10-07,5,Wednesday,False,132.59811666666667
20261007_010018,2026-10-07 01:00:24.113000+00:00,Luzern,local,ch:1:sloid:8450,"Luzern, Bahnhof",ch:1:sloid:8450::2,2026-10-07,ch:1:sjyid:100619:plan:6adc1c3e-cc7c-4379-aa64-89d87362db98,bus,Bus,1,1,1108,"Obernau, Dorf","Ebikon, Fildern",B,,2026-10-07 03:14:00+00:00,,,False,,2026-10-07 03:00:24.113000+02:00,2026-10-07 05:14:00+02:00,,2026-10-07,5,Wednesday,False,133.59811666666667
20261007_010018,2026-10-07 01:00:24.113000+00:00,Luzern,local,ch:1:sloid:8450,"Luzern, Bahnhof",ch:1:sloid:8450::20,2026-10-07,ch:1:sjyid:100619:plan:4295e3ca-1955-438e-b741-787a5f0d060c,bus,Bus,12,12,83037,"Luzern, Bahnhof","Luzern, Gasshof",M,,2026-10-07 03:16:00+00:00,,,False,,2026-10-07 03:00:24.113000+02:00,2026-10-07 05:16:00+02:00,,2026-10-07,5,Wednesday,False,135.59811666666667
20261007_010018,2026-10-07 01:00:24.113000+00:00,Luzern,local,ch:1:sloid:8450,"Luzern, Bahnhof",ch:1:sloid:8450::2,2026-10-07,ch:1:sjyid:100619:plan:886ecd2e-551c-4199-b675-97f07d3b4e0f,bus,Bus,7,7,24040,"Horw, Biregghof","Luzern, Unterlöchli",B,,2026-10-07 03:18:00+00:00,,,False,,2026-10-07 03:00:24.113000+02:00,2026-10-07 05:18:00+02:00,,2026-10-07,5,Wednesday,False,137.59811666666667
20261007_010018,2026-10-07 01:00:24.113000+00:00,Luzern,local,ch:1:sloid:8450,"Luzern, Bahnhof",ch:1:sloid:8450::2,2026-10-07,ch:1:sjyid:100619:plan:bf20eebe-1e45-45bc-b353-a2f7672fd42f,bus,Bus,14,14,38010,"Horw, Zentrum","Luzern, Brüelstrasse",B,,2026-10-07 03:18:00+00:00,,,False,,2026-10-07 03:00:24.113000+02:00,2026-10-07 05:18:00+02:00,,2026-10-07,5,Wednesday,False,137.59811666666667
20261007_010018,2026-10-07 01:00:24.113000+00:00,Luzern,local,ch:1:sloid:8450,"Luzern, Bahnhof",ch:1:sloid:8450::23,2026-10-07,ch:1:sjyid:100619:plan:a5a85e09-51eb-4ecc-a5c2-3f6df62d7391,bus,Bus,2,2,8055,"Luzern, Bahnhof","Emmenbrücke, Sprengi",Y,,2026-10-07 03:18:00+00:00,,,False,,2026-10-07 03:00:24.113000+02:00,2026-10-07 05:18:00+02:00,,2026-10-07,5,Wednesday,False,137.59811666666667
20261007_010018,2026-10-07 01:00:24.113000+00:00,Luzern,local,ch:1:sloid:8450,"Luzern, Bahnhof",ch:1:sloid:8450::2,2026-10-07,ch:1:sjyid:100619:plan:715138f1-e6b4-413f-bb64-a58d1cc745e3,bus,Bus,8,8,28038,"Luzern, Hirtenhof","Luzern, Würzenbach",B,,2026-10-07 03:20:00+00:00,,,False,,2026-10-07 03:00:24.113000+02:00,2026-10-07 05:20:00+02:00,,2026-10-07,5,Wednesday,False,139.59811666666667
20261007_010018,2026-10-07 01:00:24.113000+00:00,Luzern,local,ch:1:sloid:8450,"Luzern, Bahnhof",ch:1:sloid:8450::1,2026-10-07,ch:1:sjyid:100619:plan:028eb48f-9f78-4d31-ab5a-1ff9e483dcdc,bus,Bus,6,6,21021,"Luzern, Büttenenhalde","Luzern, Matthof",A,,2026-10-07 03:20:00+00:00,,,False,,2026-10-07 03:00:24.113000+02:00,2026-10-07 05:20:00+02:00,,2026-10-07,5,Wednesday,False,139.59811666666667
20261007_010018,2026-10-07 01:00:24.113000+00:00,Luzern,local,ch:1:sloid:8450,"Luzern, Bahnhof",ch:1:sloid:8450::1,2026-10-07,ch:1:sjyid:100619:plan:f2e72751-e598-4dee-9048-9e8f895ac054,bus,Bus,1,1,1105,"Ebikon, Fildern","Obernau, Dorf",A,,2026-10-07 03:23:00+00:00,,,False,,2026-10-07 03:00:24.113000+02:00,2026-10-07 05:23:00+02:00,,2026-10-07,5,Wednesday,False,142.59811666666667
20261007_010018,2026-10-07 01:00:24.113000+00:00,Luzern,local,ch:1:sloid:8450,"Luzern, Bahnhof",ch:1:sloid:8450::1,2026-10-07,ch:1:sjyid:100619:plan:e7d7437e-5364-491a-b325-c722e3382317,bus,Bus,7,7,24039,"Luzern, Unterlöchli","Horw, Biregghof",A,,2026-10-07 03:23:00+00:00,,,False,,2026-10-07 03:00:24.113000+02:00,2026-10-07 05:23:00+02:00,,2026-10-07,5,Wednesday,False,142.59811666666667
20261007_010018,2026-10-07 01:00:24.113000+00:00,Luzern,local,ch:1:sloid:8450,"Luzern, Bahnhof",ch:1:sloid:8450::17,2026-10-07,ch:1:sjyid:100619:plan:f7d5b728-82f9-4aee-b177-c18160e27d81,bus,Bus,10,10,32007,"Luzern, Bahnhof","Luzern, Obergütsch",W,,2026-10-07 03:23:00+00:00,,,False,,2026-10-07 03:00:24.113000+02:00,2026-10-07 05:23:00+02:00,,2026-10-07,5,Wednesday,False,142.59811666666667
20261007_010018,2026-10-07 01:00:24.113000+00:00,Luzern,local,ch:1:sloid:8450,"Luzern, Bahnhof",ch:1:sloid:8450::11,2026-10-07,ch:1:sjyid:100619:plan:0c259fc1-8da0-405c-a26a-2f3a0adc7695,bus,Bus,19,19,45006,"Luzern, Bahnhof","Luzern, Friedental",R,,2026-10-07 03:24:00+00:00,,,False,,2026-10-07 03:00:24.113000+02:00,2026-10-07 05:24:00+02:00,,2026-10-07,5,Wednesday,False,143.59811666666667
20261007_010018,2026-10-07 01:00:24.572000+00:00,St. Gallen,local,ch:1:sloid:74095,"St. Gallen, Bahnhof",ch:1:sloid:74095:0:894224,2026-10-07,ch:1:sjyid:100695:789391e4-8658-4edc-b0da-79319163e7b4,bus,Bus,151,151,51001,"Gossau SG, Mettendorf",Heiligkreuz,E,,2026-10-07 02:03:00+00:00,,,False,,2026-10-07 03:00:24.572000+02:00,2026-10-07 04:03:00+02:00,,2026-10-07,4,Wednesday,False,62.590466666666664
20261007_010018,2026-10-07 01:00:24.572000+00:00,St. Gallen,local,ch:1:sloid:74095,"St. Gallen, Bahnhof",ch:1:sloid:74095:0:888081,2026-10-07,ch:1:sjyid:100695:4d8dfae5-1199-49eb-8326-01b978630f36,bus,Bus,151,151,51002,"St. Gallen, Marktplatz Bohl",Gossau Bhf,F,,2026-10-07 02:27:00+00:00,,,False,,2026-10-07 03:00:24.572000+02:00,2026-10-07 04:27:00+02:00,,2026-10-07,4,Wednesday,False,86.59046666666667
20261007_010018,2026-10-07 01:00:24.572000+00:00,St. Gallen,local,ch:1:sloid:74095,"St. Gallen, Bahnhof",ch:1:sloid:74095:0:989159,2026-10-07,ch:1:sjyid:100684:SKI-1001,bus,Bus,1,1,1001,"St. Gallen, Theater","St. Gallen, Winkeln",A,,2026-10-07 02:36:00+00:00,,,False,,2026-10-07 03:00:24.572000+02:00,2026-10-07 04:36:00+02:00,,2026-10-07,4,Wednesday,False,95.59046666666667
20261007_010018,2026-10-07 01:00:24.572000+00:00,St. Gallen,local,ch:1:sloid:74095,"St. Gallen, Bahnhof",ch:1:sloid:74095:0:888081,2026-10-07,ch:1:sjyid:100684:SKI-3001,bus,Bus,3,3,3001,"St. Gallen, Marktplatz Bohl","Abtwil SG, St. Josefen",F,,2026-10-07 02:37:00+00:00,,,False,,2026-10-07 03:00:24.572000+02:00,2026-10-07 04:37:00+02:00,,2026-10-07,4,Wednesday,False,96.59046666666667
20261007_010018,2026-10-07 01:00:24.572000+00:00,St. Gallen,local,ch:1:sloid:74095,"St. Gallen, Bahnhof",ch:1:sloid:74095:0:888081,2026-10-07,ch:1:sjyid:100684:SKI-4001,bus,Bus,4,4,4001,"St. Gallen, Marktplatz Bohl","Abtwil SG, Säntispark",F,,2026-10-07 02:44:00+00:00,,,False,,2026-10-07 03:00:24.572000+02:00,2026-10-07 04:44:00+02:00,,2026-10-07,4,Wednesday,False,103.59046666666667
20261007_010018,2026-10-07 01:00:24.572000+00:00,St. Gallen,local,ch:1:sloid:74095,"St. Gallen, Bahnhof",ch:1:sloid:74095:0:989159,2026-10-07,ch:1:sjyid:100684:SKI-1003,bus,Bus,1,1,1003,"St. Gallen, Theater","St. Gallen, Winkeln",A,,2026-10-07 02:48:00+00:00,,,False,,2026-10-07 03:00:24.572000+02:00,2026-10-07 04:48:00+02:00,,2026-10-07,4,Wednesday,False,107.59046666666667
20261007_010018,2026-10-07 01:00:24.572000+00:00,St. Gallen,local,ch:1:sloid:74095,"St. Gallen, Bahnhof",ch:1:sloid:74095:0:888081,2026-10-07,ch:1:sjyid:100684:SKI-3005,bus,Bus,3,3,3005,"St. Gallen, Marktplatz Bohl","Abtwil SG, St. Josefen",F,,2026-10-07 02:52:00+00:00,,,False,,2026-10-07 03:00:24.572000+02:00,2026-10-07 04:52:00+02:00,,2026-10-07,4,Wednesday,False,111.59046666666667
20261007_010018,2026-10-07 01:00:24.572000+00:00,St. Gallen,local,ch:1:sloid:74095,"St. Gallen, Bahnhof",ch:1:sloid:74095:0:989159,2026-10-07,ch:1:sjyid:100684:SKI-2001,bus,Bus,2,2,2001,"St. Gallen, Theater","St. Gallen, Wolfganghof",A,,2026-10-07 02:54:00+00:00,,,False,,2026-10-07 03:00:24.572000+02:00,2026-10-07 04:54:00+02:00,,2026-10-07,4,Wednesday,False,113.59046666666667
20261007_010018,2026-10-07 01:00:24.572000+00:00,St. Gallen,local,ch:1:sloid:74095,"St. Gallen, Bahnhof",ch:1:sloid:74095:0:541287,2026-10-07,ch:1:sjyid:100684:SKI-7001,bus,Bus,7,7,7001,"St. Gallen, Theater","St. Gallen, Hinterberg",H,,2026-10-07 02:57:00+00:00,,,False,,2026-10-07 03:00:24.572000+02:00,2026-10-07 04:57:00+02:00,,2026-10-07,4,Wednesday,False,116.59046666666667
20261007_010018,2026-10-07 01:00:24.572000+00:00,St. Gallen,local,ch:1:sloid:74095,"St. Gallen, Bahnhof",ch:1:sloid:74095:0:888081,2026-10-07,ch:1:sjyid:100684:SKI-4003,bus,Bus,4,4,4003,"St. Gallen, Marktplatz Bohl","Abtwil SG, Säntispark",F,,2026-10-07 02:59:00+00:00,,,False,,2026-10-07 03:00:24.572000+02:00,2026-10-07 04:59:00+02:00,,2026-10-07,4,Wednesday,False,118.59046666666667
20261007_010018,2026-10-07 01:00:24.572000+00:00,St. Gallen,local,ch:1:sloid:74095,"St. Gallen, Bahnhof",ch:1:sloid:74095:0:989159,2026-10-07,ch:1:sjyid:100684:SKI-1011,bus,Bus,1,1,1011,"St. Gallen, Theater","St. Gallen, Winkeln",A,,2026-10-07 03:00:00+00:00,,,False,,2026-10-07 03:00:24.572000+02:00,2026-10-07 05:00:00+02:00,,2026-10-07,5,Wednesday,False,119.59046666666667
20261007_010018,2026-10-07 01:00:24.572000+00:00,St. Gallen,local,ch:1:sloid:74095,"St. Gallen, Bahnhof",ch:1:sloid:74095:0:541287,2026-10-07,ch:1:sjyid:100684:SKI-6005,bus,Bus,6,6,6005,"St. Gallen, Marktplatz Bohl","St. Gallen, Bach St. Georgen",H,,2026-10-07 03:02:00+00:00,,,False,,2026-10-07 03:00:24.572000+02:00,2026-10-07 05:02:00+02:00,,2026-10-07,5,Wednesday,False,121.59046666666667
20261007_010018,2026-10-07 01:00:24.572000+00:00,St. Gallen,local,ch:1:sloid:74095,"St. Gallen, Bahnhof",ch:1:sloid:74095:0:989159,2026-10-07,ch:1:sjyid:100684:SKI-2007,bus,Bus,2,2,2007,"St. Gallen, Theater","St. Gallen, Wolfganghof",A,,2026-10-07 03:06:00+00:00,,,False,,2026-10-07 03:00:24.572000+02:00,2026-10-07 05:06:00+02:00,,2026-10-07,5,Wednesday,False,125.59046666666667
20261007_010018,2026-10-07 01:00:24.572000+00:00,St. Gallen,local,ch:1:sloid:74095,"St. Gallen, Bahnhof",ch:1:sloid:74095:0:888081,2026-10-07,ch:1:sjyid:100684:SKI-3007,bus,Bus,3,3,3007,"St. Gallen, Marktplatz Bohl","Abtwil SG, St. Josefen",F,,2026-10-07 03:07:00+00:00,,,False,,2026-10-07 03:00:24.572000+02:00,2026-10-07 05:07:00+02:00,,2026-10-07,5,Wednesday,False,126.59046666666667
20261007_010018,2026-10-07 01:00:24.572000+00:00,St. Gallen,local,ch:1:sloid:74095,"St. Gallen, Bahnhof",ch:1:sloid:74095:0:541287,2026-10-07,ch:1:sjyid:100684:SKI-8001,bus,Bus,8,8,8001,"St. Gallen, Theater","St. Gallen, Wendeplatz Stocken",H,,2026-10-07 03:10:00+00:00,,,False,,2026-10-07 03:00:24.572000+02:00,2026-10-07 05:10:00+02:00,,2026-10-07,5,Wednesday,False,129.59046666666666
20261007_010018,2026-10-07 01:00:24.572000+00:00,St. Gallen,local,ch:1:sloid:74095,"St. Gallen, Bahnhof",ch:1:sloid:74095:0:989159,2026-10-07,ch:1:sjyid:100684:SKI-1017,bus,Bus,1,1,1017,"St. Gallen, Theater","St. Gallen, Winkeln",A,,2026-10-07 03:12:00+00:00,,,False,,2026-10-07 03:00:24.572000+02:00,2026-10-07 05:12:00+02:00,,2026-10-07,5,Wednesday,False,131.59046666666666
20261007_010018,2026-10-07 01:00:24.572000+00:00,St. Gallen,local,ch:1:sloid:74095,"St. Gallen, Bahnhof",ch:1:sloid:74095:0:541287,2026-10-07,ch:1:sjyid:100684:SKI-6007,bus,Bus,6,6,6007,"St. Gallen, Marktplatz Bohl","St. Gallen, Bach St. Georgen",H,,2026-10-07 03:12:00+00:00,,,False,,2026-10-07 03:00:24.572000+02:00,2026-10-07 05:12:00+02:00,,2026-10-07,5,Wednesday,False,131.59046666666666
20261007_010018,2026-10-07 01:00:24.572000+00:00,St. Gallen,local,ch:1:sloid:74095,"St. Gallen, Bahnhof",ch:1:sloid:74095:0:482413,2026-10-07,ch:1:sjyid:100602:b1a9d0de-6e05-4648-97c9-6dff94357297,bus,Bus,121,121,12102,"Engelburg, Dorfplatz","Heiden, Post",D,,2026-10-07 03:12:00+00:00,,,False,,2026-10-07 03:00:24.572000+02:00,2026-10-07 05:12:00+02:00,,2026-10-07,5,Wednesday,False,131.59046666666666
20261007_010018,2026-10-07 01:00:24.572000+00:00,St. Gallen,local,ch:1:sloid:74095,"St. Gallen, Bahnhof",ch:1:sloid:74095:0:888081,2026-10-07,ch:1:sjyid:100684:SKI-4013,bus,Bus,4,4,4013,"St. Gallen, Marktplatz Bohl","Abtwil SG, Säntispark",F,,2026-10-07 03:14:00+00:00,,,False,,2026-10-07 03:00:24.572000+02:00,2026-10-07 05:14:00+02:00,,2026-10-07,5,Wednesday,False,133.59046666666666
20261007_010018,2026-10-07 01:00:24.572000+00:00,St. Gallen,local,ch:1:sloid:74095,"St. Gallen, Bahnhof",ch:1:sloid:74095:0:541287,2026-10-07,ch:1:sjyid:100684:SKI-5001,bus,Bus,5,5,5001,"St. Gallen, Bahnhof","St. Gallen, Riethüsli",H,,2026-10-07 03:16:00+00:00,,,False,,2026-10-07 03:00:24.572000+02:00,2026-10-07 05:16:00+02:00,,2026-10-07,5,Wednesday,False,135.59046666666666
20261007_010018,2026-10-07 01:00:24.572000+00:00,St. Gallen,local,ch:1:sloid:74095,"St. Gallen, Bahnhof",ch:1:sloid:74095:0:989159,2026-10-07,ch:1:sjyid:100684:SKI-2013,bus,Bus,2,2,2013,"St. Gallen, Theater","St. Gallen, Wolfganghof",A,,2026-10-07 03:18:00+00:00,,,False,,2026-10-07 03:00:24.572000+02:00,2026-10-07 05:18:00+02:00,,2026-10-07,5,Wednesday,False,137.59046666666666
20261007_010018,2026-10-07 01:00:24.572000+00:00,St. Gallen,local,ch:1:sloid:74095,"St. Gallen, Bahnhof",ch:1:sloid:74095:0:888081,2026-10-07,ch:1:sjyid:100684:SKI-12001,bus,Bus,12,12,12001,"St. Gallen, Theater","Abtwil SG, Sonnenberg",F,,2026-10-07 03:18:00+00:00,,,False,,2026-10-07 03:00:24.572000+02:00,2026-10-07 05:18:00+02:00,,2026-10-07,5,Wednesday,False,137.59046666666666
20261007_010018,2026-10-07 01:00:24.572000+00:00,St. Gallen,local,ch:1:sloid:74095,"St. Gallen, Bahnhof",ch:1:sloid:74095:0:541287,2026-10-07,ch:1:sjyid:100684:SKI-7013,bus,Bus,7,7,7013,"St. Gallen, Theater","St. Gallen, Hinterberg",H,,2026-10-07 03:20:00+00:00,,,False,,2026-10-07 03:00:24.572000+02:00,2026-10-07 05:20:00+02:00,,2026-10-07,5,Wednesday,False,139.59046666666666
20261007_010018,2026-10-07 01:00:24.572000+00:00,St. Gallen,local,ch:1:sloid:74095,"St. Gallen, Bahnhof",ch:1:sloid:74095:0:174964,2026-10-07,ch:1:sjyid:100602:ec934a0d-8c8e-4fb0-aa59-06a88a7ee9cd,bus,Bus,120,120,13101,"St. Gallen, Bahnhof","Engelburg, Dorfplatz",C,,2026-10-07 03:21:00+00:00,,,False,,2026-10-07 03:00:24.572000+02:00,2026-10-07 05:21:00+02:00,,2026-10-07,5,Wednesday,False,140.59046666666666
20261007_010018,2026-10-07 01:00:24.572000+00:00,St. Gallen,local,ch:1:sloid:74095,"St. Gallen, Bahnhof",ch:1:sloid:74095:0:888081,2026-10-07,ch:1:sjyid:100684:SKI-3009,bus,Bus,3,3,3009,"Wittenbach, Bahnhof","Abtwil SG, St. Josefen",F,,2026-10-07 03:22:00+00:00,,,False,,2026-10-07 03:00:24.572000+02:00,2026-10-07 05:22:00+02:00,,2026-10-07,5,Wednesday,False,141.59046666666666
20261007_010018,2026-10-07 01:00:24.572000+00:00,St. Gallen,local,ch:1:sloid:74095,"St. Gallen, Bahnhof",ch:1:sloid:74095:0:541287,2026-10-07,ch:1:sjyid:100684:SKI-6015,bus,Bus,6,6,6015,"St. Gallen, Marktplatz Bohl","St. Gallen, Bach St. Georgen",H,,2026-10-07 03:22:00+00:00,,,False,,2026-10-07 03:00:24.572000+02:00,2026-10-07 05:22:00+02:00,,2026-10-07,5,Wednesday,False,141.59046666666666
20261007_010018,2026-10-07 01:00:24.572000+00:00,St. Gallen,local,ch:1:sloid:74095,"St. Gallen, Bahnhof",ch:1:sloid:74095:0:606657,2026-10-07,ch:1:sjyid:100684:SKI-5000,bus,Bus,5,5,5000,"St. Gallen, Riethüsli","St. Gallen, Rotmonten",I,,2026-10-07 03:23:00+00:00,,,False,,2026-10-07 03:00:24.572000+02:00,2026-10-07 05:23:00+02:00,,2026-10-07,5,Wednesday,False,142.59046666666666
20261007_010018,2026-10-07 01:00:24.572000+00:00,St. Gallen,local,ch:1:sloid:74095,"St. Gallen, Bahnhof",ch:1:sloid:74095:0:989159,2026-10-07,ch:1:sjyid:100684:SKI-1019,bus,Bus,1,1,1019,"St. Gallen, Stephanshorn","St. Gallen, Winkeln",A,,2026-10-07 03:24:00+00:00,,,False,,2026-10-07 03:00:24.572000+02:00,2026-10-07 05:24:00+02:00,,2026-10-07,5,Wednesday,False,143.59046666666666
20261007_010018,2026-10-07 01:00:24.572000+00:00,St. Gallen,local,ch:1:sloid:74095,"St. Gallen, Bahnhof",ch:1:sloid:74095:0:894224,2026-10-07,ch:1:sjyid:100684:SKI-3002,bus,Bus,3,3,3002,"Abtwil SG, Säntispark","Wittenbach, Bahnhof",E,,2026-10-07 03:24:00+00:00,,,False,,2026-10-07 03:00:24.572000+02:00,2026-10-07 05:24:00+02:00,,2026-10-07,5,Wednesday,False,143.59046666666666
20261007_010018,2026-10-07 01:00:24.572000+00:00,St. Gallen,local,ch:1:sloid:74095,"St. Gallen, Bahnhof",ch:1:sloid:74095:0:541287,2026-10-07,ch:1:sjyid:100684:SKI-5009,bus,Bus,5,5,5009,"St. Gallen, Bahnhof","St. Gallen, Riethüsli",H,,2026-10-07 03:26:00+00:00,,,False,,2026-10-07 03:00:24.572000+02:00,2026-10-07 05:26:00+02:00,,2026-10-07,5,Wednesday,False,145.59046666666666
20261007_010018,2026-10-07 01:00:25.022000+00:00,Lausanne,local,ch:1:sloid:92050,"Lausanne, gare",ch:1:sloid:92050:0:2893,2026-10-07,ch:1:sjyid:100122:plan1:2026_ATT5-21-50-Semaine-21-9980561,bus,Bus,21,21,21155,"Lausanne, Pont Chauderon","Paudex, Verrière",A,,2026-10-07 02:53:00+00:00,,,False,,2026-10-07 03:00:25.022000+02:00,2026-10-07 04:53:00+02:00,,2026-10-07,4,Wednesday,False,112.58296666666666
20261007_010018,2026-10-07 01:00:25.022000+00:00,Lausanne,local,ch:1:sloid:92050,"Lausanne, gare",ch:1:sloid:92050:0:2814,2026-10-07,ch:1:sjyid:100122:plan1:2026_ATT2-03-20-Semaine-3-9715556,bus,Bus,3,3,3015,"Lausanne, gare",Maillefer,D,,2026-10-07 03:00:00+00:00,,,False,,2026-10-07 03:00:25.022000+02:00,2026-10-07 05:00:00+02:00,,2026-10-07,5,Wednesday,False,119.58296666666666
20261007_010018,2026-10-07 01:00:25.022000+00:00,Lausanne,local,ch:1:sloid:92050,"Lausanne, gare",ch:1:sloid:92050:0:2893,2026-10-07,ch:1:sjyid:100122:plan1:2026_ATT5-21-50-Semaine-21-9980556,bus,Bus,21,21,21158,"Lausanne, Pont Chauderon","Paudex, Verrière",A,,2026-10-07 03:08:00+00:00,,,False,,2026-10-07 03:00:25.022000+02:00,2026-10-07 05:08:00+02:00,,2026-10-07,5,Wednesday,False,127.58296666666666
20261007_010018,2026-10-07 01:00:25.022000+00:00,Lausanne,local,ch:1:sloid:92050,"Lausanne, gare",ch:1:sloid:92050:0:2814,2026-10-07,ch:1:sjyid:100122:plan1:2026_ATT2-03-20-Semaine-3-9715557,bus,Bus,3,3,3016,"Lausanne, gare",Maillefer,D,,2026-10-07 03:15:00+00:00,,,False,,2026-10-07 03:00:25.022000+02:00,2026-10-07 05:15:00+02:00,,2026-10-07,5,Wednesday,False,134.58296666666666
20261007_010018,2026-10-07 01:00:25.022000+00:00,Lausanne,local,ch:1:sloid:92050,"Lausanne, gare",ch:1:sloid:92050:0:2893,2026-10-07,ch:1:sjyid:100122:plan1:2026_ATT5-21-50-Semaine-21-9980257,bus,Bus,21,21,21157,"Lausanne, Blécherette","Paudex, Verrière",A,,2026-10-07 03:18:00+00:00,,,False,,2026-10-07 03:00:25.022000+02:00,2026-10-07 05:18:00+02:00,,2026-10-07,5,Wednesday,False,137.58296666666666
20261007_010018,2026-10-07 01:00:25.022000+00:00,Lausanne,local,ch:1:sloid:92050,"Lausanne, gare",ch:1:sloid:92050:0:2893,2026-10-07,ch:1:sjyid:100122:plan1:2026_ATT5-01-50-Semaine-1-10018927,bus,Bus,1,1,1041,"Lausanne, Maladière",Blécherette,A,,2026-10-07 03:21:00+00:00,,,False,,2026-10-07 03:00:25.022000+02:00,2026-10-07 05:21:00+02:00,,2026-10-07,5,Wednesday,False,140.58296666666666
20261007_010018,2026-10-07 01:00:25.022000+00:00,Lausanne,local,ch:1:sloid:92050,"Lausanne, gare",ch:1:sloid:92050:0:2814,2026-10-07,ch:1:sjyid:100122:plan1:2026_ATT5-21-50-Semaine-21-9980560,bus,Bus,21,21,21028,"Paudex, Verrière",Blécherette,D,,2026-10-07 03:22:00+00:00,,,False,,2026-10-07 03:00:25.022000+02:00,2026-10-07 05:22:00+02:00,,2026-10-07,5,Wednesday,False,141.58296666666666
20261007_010018,2026-10-07 01:00:25.022000+00:00,Lausanne,local,ch:1:sloid:92050,"Lausanne, gare",ch:1:sloid:92050:0:2815,2026-10-07,ch:1:sjyid:100122:plan1:2026_ATT5-20-50-Semaine-20-9969571,bus,Bus,20,20,20011,"Lausanne, gare",Blécherette,C,,2026-10-07 03:27:00+00:00,,,False,,2026-10-07 03:00:25.022000+02:00,2026-10-07 05:27:00+02:00,,2026-10-07,5,Wednesday,False,146.58296666666666
20261007_010018,2026-10-07 01:00:25.022000+00:00,Lausanne,local,ch:1:sloid:92050,"Lausanne, gare",ch:1:sloid:92050:0:2892,2026-10-07,ch:1:sjyid:100122:plan1:2026_ATT5-01-50-Semaine-1-10018931,bus,Bus,1,1,1195,"Lausanne, Blécherette",Maladière,B,,2026-10-07 03:30:00+00:00,,,False,,2026-10-07 03:00:25.022000+02:00,2026-10-07 05:30:00+02:00,,2026-10-07,5,Wednesday,False,149.58296666666666
20261007_010018,2026-10-07 01:00:25.022000+00:00,Lausanne,local,ch:1:sloid:92050,"Lausanne, gare",ch:1:sloid:92050:0:2814,2026-10-07,ch:1:sjyid:100122:plan1:2026_ATT2-03-20-Semaine-3-9715558,bus,Bus,3,3,3017,"Lausanne, gare",Maillefer,D,,2026-10-07 03:30:00+00:00,,,False,,2026-10-07 03:00:25.022000+02:00,2026-10-07 05:30:00+02:00,,2026-10-07,5,Wednesday,False,149.58296666666666
20261007_010018,2026-10-07 01:00:25.022000+00:00,Lausanne,local,ch:1:sloid:92050,"Lausanne, gare",ch:1:sloid:92050:0:1096,2026-10-07,ch:1:sjyid:100122:plan2:m2_0165,metro,Metro,m2,m2,720165,"Lausanne, Ouchy-Olympique","Epalinges, Croisettes",,,2026-10-07 03:31:00+00:00,,,False,,2026-10-07 03:00:25.022000+02:00,2026-10-07 05:31:00+02:00,,2026-10-07,5,Wednesday,False,150.58296666666666
20261007_010018,2026-10-07 01:00:25.022000+00:00,Lausanne,local,ch:1:sloid:92050,"Lausanne, gare",ch:1:sloid:92050:0:1101,2026-10-07,ch:1:sjyid:100122:plan2:m2_0002,metro,Metro,m2,m2,720002,"Epalinges, Croisettes","Lausanne, Ouchy-Olympique",,,2026-10-07 03:31:00+00:00,,,False,,2026-10-07 03:00:25.022000+02:00,2026-10-07 05:31:00+02:00,,2026-10-07,5,Wednesday,False,150.58296666666666
20261007_010018,2026-10-07 01:00:25.022000+00:00,Lausanne,local,ch:1:sloid:92050,"Lausanne, gare",ch:1:sloid:92050:0:2893,2026-10-07,ch:1:sjyid:100122:plan1:2026_ATT5-21-50-Semaine-21-9980265,bus,Bus,21,21,21159,"Lausanne, Blécherette","Paudex, Verrière",A,,2026-10-07 03:32:00+00:00,,,False,,2026-10-07 03:00:25.022000+02:00,2026-10-07 05:32:00+02:00,,2026-10-07,5,Wednesday,False,151.58296666666666
20261007_010018,2026-10-07 01:00:25.022000+00:00,Lausanne,local,ch:1:sloid:92050,"Lausanne, gare",ch:1:sloid:92050:0:1101,2026-10-07,ch:1:sjyid:100122:plan2:m2_0056,metro,Metro,m2,m2,720056,"Epalinges, Croisettes","Lausanne, Ouchy-Olympique",,,2026-10-07 03:36:00+00:00,,,False,,2026-10-07 03:00:25.022000+02:00,2026-10-07 05:36:00+02:00,,2026-10-07,5,Wednesday,False,155.58296666666666
20261007_010018,2026-10-07 01:00:25.022000+00:00,Lausanne,local,ch:1:sloid:92050,"Lausanne, gare",ch:1:sloid:92050:0:2893,2026-10-07,ch:1:sjyid:100122:plan1:2026_ATT5-01-50-Semaine-1-10018928,bus,Bus,1,1,1042,"Lausanne, Maladière",Blécherette,A,,2026-10-07 03:36:00+00:00,,,False,,2026-10-07 03:00:25.022000+02:00,2026-10-07 05:36:00+02:00,,2026-10-07,5,Wednesday,False,155.58296666666666
20261007_010018,2026-10-07 01:00:25.022000+00:00,Lausanne,local,ch:1:sloid:92050,"Lausanne, gare",ch:1:sloid:92050:0:2814,2026-10-07,ch:1:sjyid:100122:plan1:2026_ATT5-21-50-Semaine-21-9980256,bus,Bus,21,21,21030,"Paudex, Verrière",Blécherette,D,,2026-10-07 03:38:00+00:00,,,False,,2026-10-07 03:00:25.022000+02:00,2026-10-07 05:38:00+02:00,,2026-10-07,5,Wednesday,False,157.58296666666666
20261007_010018,2026-10-07 01:00:25.022000+00:00,Lausanne,local,ch:1:sloid:92050,"Lausanne, gare",ch:1:sloid:92050:0:1096,2026-10-07,ch:1:sjyid:100122:plan2:m2_0315,metro,Metro,m2,m2,720315,"Lausanne, Ouchy-Olympique","Epalinges, Croisettes",,,2026-10-07 03:39:00+00:00,,,False,,2026-10-07 03:00:25.022000+02:00,2026-10-07 05:39:00+02:00,,2026-10-07,5,Wednesday,False,158.58296666666666
20261007_010018,2026-10-07 01:00:25.022000+00:00,Lausanne,local,ch:1:sloid:92050,"Lausanne, gare",ch:1:sloid:92050:0:1101,2026-10-07,ch:1:sjyid:100122:plan2:m2_0110,metro,Metro,m2,m2,720110,"Epalinges, Croisettes","Lausanne, Ouchy-Olympique",,,2026-10-07 03:40:00+00:00,,,False,,2026-10-07 03:00:25.022000+02:00,2026-10-07 05:40:00+02:00,,2026-10-07,5,Wednesday,False,159.58296666666666
20261007_010018,2026-10-07 01:00:25.022000+00:00,Lausanne,local,ch:1:sloid:92050,"Lausanne, gare",ch:1:sloid:92050:0:1096,2026-10-07,ch:1:sjyid:100122:plan2:m2_0003,metro,Metro,m2,m2,720003,"Lausanne, Ouchy-Olympique","Epalinges, Croisettes",,,2026-10-07 03:44:00+00:00,,,False,,2026-10-07 03:00:25.022000+02:00,2026-10-07 05:44:00+02:00,,2026-10-07,5,Wednesday,False,163.58296666666666
20261007_010018,2026-10-07 01:00:25.022000+00:00,Lausanne,local,ch:1:sloid:92050,"Lausanne, gare",ch:1:sloid:92050:0:2892,2026-10-07,ch:1:sjyid:100122:plan1:2026_ATT5-01-50-Semaine-1-10018932,bus,Bus,1,1,1196,"Lausanne, Blécherette",Maladière,B,,2026-10-07 03:45:00+00:00,,,False,,2026-10-07 03:00:25.022000+02:00,2026-10-07 05:45:00+02:00,,2026-10-07,5,Wednesday,False,164.58296666666666
20261007_010018,2026-10-07 01:00:25.022000+00:00,Lausanne,local,ch:1:sloid:92050,"Lausanne, gare",ch:1:sloid:92050:0:2814,2026-10-07,ch:1:sjyid:100122:plan1:2026_ATT2-03-20-Semaine-3-9715559,bus,Bus,3,3,3018,"Lausanne, gare",Maillefer,D,,2026-10-07 03:45:00+00:00,,,False,,2026-10-07 03:00:25.022000+02:00,2026-10-07 05:45:00+02:00,,2026-10-07,5,Wednesday,False,164.58296666666666
20261007_010018,2026-10-07 01:00:25.022000+00:00,Lausanne,local,ch:1:sloid:92050,"Lausanne, gare",ch:1:sloid:92050:0:1101,2026-10-07,ch:1:sjyid:100122:plan2:m2_0218,metro,Metro,m2,m2,720218,"Epalinges, Croisettes","Lausanne, Ouchy-Olympique",,,2026-10-07 03:45:00+00:00,,,False,,2026-10-07 03:00:25.022000+02:00,2026-10-07 05:45:00+02:00,,2026-10-07,5,Wednesday,False,164.58296666666666
20261007_010018,2026-10-07 01:00:25.022000+00:00,Lausanne,local,ch:1:sloid:92050,"Lausanne, gare",ch:1:sloid:92050:0:2815,2026-10-07,ch:1:sjyid:100122:plan1:2026_ATT5-20-50-Semaine-20-9969577,bus,Bus,20,20,20012,"Lausanne, gare",Blécherette,C,,2026-10-07 03:47:00+00:00,,,False,,2026-10-07 03:00:25.022000+02:00,2026-10-07 05:47:00+02:00,,2026-10-07,5,Wednesday,False,166.58296666666666
20261007_010018,2026-10-07 01:00:25.022000+00:00,Lausanne,local,ch:1:sloid:92050,"Lausanne, gare",ch:1:sloid:92050:0:2893,2026-10-07,ch:1:sjyid:100122:plan1:2026_ATT5-21-50-Semaine-21-9980266,bus,Bus,21,21,21160,"Lausanne, Blécherette","Paudex, Verrière",A,,2026-10-07 03:47:00+00:00,,,False,,2026-10-07 03:00:25.022000+02:00,2026-10-07 05:47:00+02:00,,2026-10-07,5,Wednesday,False,166.58296666666666
20261007_010018,2026-10-07 01:00:25.022000+00:00,Lausanne,local,ch:1:sloid:92050,"Lausanne, gare",ch:1:sloid:92050:0:1096,2026-10-07,ch:1:sjyid:100122:plan2:m2_0057,metro,Metro,m2,m2,720057,"Lausanne, Ouchy-Olympique","Epalinges, Croisettes",,,2026-10-07 03:49:00+00:00,,,False,,2026-10-07 03:00:25.022000+02:00,2026-10-07 05:49:00+02:00,,2026-10-07,5,Wednesday,False,168.58296666666666
20261007_010018,2026-10-07 01:00:25.022000+00:00,Lausanne,local,ch:1:sloid:92050,"Lausanne, gare",ch:1:sloid:92050:0:1101,2026-10-07,ch:1:sjyid:100122:plan2:m2_0272,metro,Metro,m2,m2,720272,"Epalinges, Croisettes","Lausanne, Ouchy-Olympique",,,2026-10-07 03:50:00+00:00,,,False,,2026-10-07 03:00:25.022000+02:00,2026-10-07 05:50:00+02:00,,2026-10-07,5,Wednesday,False,169.58296666666666
20261007_010018,2026-10-07 01:00:25.022000+00:00,Lausanne,local,ch:1:sloid:92050,"Lausanne, gare",ch:1:sloid:92050:0:2893,2026-10-07,ch:1:sjyid:100122:plan1:2026_ATT5-01-50-Semaine-1-10018929,bus,Bus,1,1,1043,"Lausanne, Maladière",Blécherette,A,,2026-10-07 03:51:00+00:00,,,False,,2026-10-07 03:00:25.022000+02:00,2026-10-07 05:51:00+02:00,,2026-10-07,5,Wednesday,False,170.58296666666666
20261007_010018,2026-10-07 01:00:25.022000+00:00,Lausanne,local,ch:1:sloid:92050,"Lausanne, gare",ch:1:sloid:92050:0:2814,2026-10-07,ch:1:sjyid:100122:plan1:2026_ATT5-21-50-Semaine-21-9980258,bus,Bus,21,21,21031,"Paudex, Verrière",Blécherette,D,,2026-10-07 03:52:00+00:00,,,False,,2026-10-07 03:00:25.022000+02:00,2026-10-07 05:52:00+02:00,,2026-10-07,5,Wednesday,False,171.58296666666666
20261007_010018,2026-10-07 01:00:25.022000+00:00,Lausanne,local,ch:1:sloid:92050,"Lausanne, gare",ch:1:sloid:92050:0:1096,2026-10-07,ch:1:sjyid:100122:plan2:m2_0111,metro,Metro,m2,m2,720111,"Lausanne, Ouchy-Olympique","Epalinges, Croisettes",,,2026-10-07 03:53:00+00:00,,,False,,2026-10-07 03:00:25.022000+02:00,2026-10-07 05:53:00+02:00,,2026-10-07,5,Wednesday,False,172.58296666666666
20261007_010018,2026-10-07 01:00:25.022000+00:00,Lausanne,local,ch:1:sloid:92050,"Lausanne, gare",ch:1:sloid:92050:0:1101,2026-10-07,ch:1:sjyid:100122:plan2:m2_0368,metro,Metro,m2,m2,720368,"Epalinges, Croisettes","Lausanne, Ouchy-Olympique",,,2026-10-07 03:55:00+00:00,,,False,,2026-10-07 03:00:25.022000+02:00,2026-10-07 05:55:00+02:00,,2026-10-07,5,Wednesday,False,174.58296666666666
20261007_010018,2026-10-07 01:00:25.462000+00:00,Genève,local,ch:1:sloid:87057,"Genève, gare Cornavin",ch:1:sloid:87057:0:672272,2026-10-06,ch:1:sjyid:100680:HAS-26-EV-8-Lun-Jeu-34837002,bus,Ersatzverkehr,EV,EV,622197,"Genève, gare Cornavin","Annemasse, gare",A,,2026-10-07 01:05:00+00:00,,,False,,2026-10-07 03:00:25.462000+02:00,2026-10-07 03:05:00+02:00,,2026-10-07,3,Wednesday,False,4.575633333333333
20261007_010018,2026-10-07 01:00:25.462000+00:00,Genève,local,ch:1:sloid:87057,"Genève, gare Cornavin",ch:1:sloid:87057:0:46188,2026-10-07,ch:1:sjyid:100680:HAS-26-A2-19-7-jours-35420054,bus,Bus,A2,A2,666244,"Genève, Nations","Genève-Aéroport, Terminal",D,,2026-10-07 01:27:00+00:00,,,False,,2026-10-07 03:00:25.462000+02:00,2026-10-07 03:27:00+02:00,,2026-10-07,3,Wednesday,False,26.575633333333332
20261007_010018,2026-10-07 01:00:25.462000+00:00,Genève,local,ch:1:sloid:87057,"Genève, gare Cornavin",ch:1:sloid:87057:0:46188,2026-10-07,ch:1:sjyid:100680:HAS-26-A2-19-7-jours-35420055,bus,Bus,A2,A2,666245,"Genève, Nations","Genève-Aéroport, Terminal",D,,2026-10-07 01:59:00+00:00,,,False,,2026-10-07 03:00:25.462000+02:00,2026-10-07 03:59:00+02:00,,2026-10-07,3,Wednesday,False,58.575633333333336
20261007_010018,2026-10-07 01:00:25.462000+00:00,Genève,local,ch:1:sloid:87057,"Genève, gare Cornavin",ch:1:sloid:87057:0:672272,2026-10-07,ch:1:sjyid:100680:HAS-26-EV-8-Lun-Jeu-35011455,bus,Ersatzverkehr,EV,EV,628673,"Genève, gare Cornavin","Annemasse, gare",A,,2026-10-07 02:05:00+00:00,,,False,,2026-10-07 03:00:25.462000+02:00,2026-10-07 04:05:00+02:00,,2026-10-07,4,Wednesday,False,64.57563333333333
20261007_010018,2026-10-07 01:00:25.462000+00:00,Genève,local,ch:1:sloid:87057,"Genève, gare Cornavin",ch:1:sloid:87057:0:233278,2026-10-07,ch:1:sjyid:100680:HAS-26-15-10-Lun-Ven-35076291,tram,Tram,15,15,847422,"Vernier, Blandonnet","Plan-les-Ouates, ZIPLO",I,,2026-10-07 02:16:00+00:00,,,False,,2026-10-07 03:00:25.462000+02:00,2026-10-07 04:16:00+02:00,,2026-10-07,4,Wednesday,False,75.57563333333333
20261007_010018,2026-10-07 01:00:25.462000+00:00,Genève,local,ch:1:sloid:87057,"Genève, gare Cornavin",ch:1:sloid:87057:0:233278,2026-10-07,ch:1:sjyid:100680:HAS-26-17-10-Lun-Ven-35076253,tram,Tram,17,17,847384,"Vernier, Blandonnet","Annemasse, Parc Montessuit",I,,2026-10-07 02:25:00+00:00,,,False,,2026-10-07 03:00:25.462000+02:00,2026-10-07 04:25:00+02:00,,2026-10-07,4,Wednesday,False,84.57563333333333
20261007_010018,2026-10-07 01:00:25.462000+00:00,Genève,local,ch:1:sloid:87057,"Genève, gare Cornavin",ch:1:sloid:87057:0:89811,2026-10-07,ch:1:sjyid:100680:HAS-26-18-10-Lun-Ven-35074969,tram,Tram,18,18,846102,"Grand-Lancy, De-Staël","Meyrin, CERN",H,,2026-10-07 02:26:00+00:00,,,False,,2026-10-07 03:00:25.462000+02:00,2026-10-07 04:26:00+02:00,,2026-10-07,4,Wednesday,False,85.57563333333333
20261007_010018,2026-10-07 01:00:25.462000+00:00,Genève,local,ch:1:sloid:87057,"Genève, gare Cornavin",ch:1:sloid:87057:0:50679,2026-10-07,ch:1:sjyid:100680:HAS-26-015925-70-Lun-Ven-35913546,bus,Bus,5,5,697961,"Genève, Bel-Air","Genève-Aéroport, Terminal",J,,2026-10-07 02:26:00+00:00,,,False,,2026-10-07 03:00:25.462000+02:00,2026-10-07 04:26:00+02:00,,2026-10-07,4,Wednesday,False,85.57563333333333
20261007_010018,2026-10-07 01:00:25.462000+00:00,Genève,local,ch:1:sloid:87057,"Genève, gare Cornavin",ch:1:sloid:87057:0:233278,2026-10-07,ch:1:sjyid:100680:HAS-26-14-10-Lun-Ven-35075195,tram,Tram,14,14,846326,"Vernier, Blandonnet","Bernex, Vailly",I,,2026-10-07 02:27:00+00:00,,,False,,2026-10-07 03:00:25.462000+02:00,2026-10-07 04:27:00+02:00,,2026-10-07,4,Wednesday,False,86.57563333333333
20261007_010018,2026-10-07 01:00:25.462000+00:00,Genève,local,ch:1:sloid:87057,"Genève, gare Cornavin",ch:1:sloid:87057:0:46188,2026-10-07,ch:1:sjyid:100680:HAS-26-A2-19-7-jours-35420056,bus,Bus,A2,A2,666246,"Genève, Nations","Genève-Aéroport, Terminal",D,,2026-10-07 02:28:00+00:00,,,False,,2026-10-07 03:00:25.462000+02:00,2026-10-07 04:28:00+02:00,,2026-10-07,4,Wednesday,False,87.57563333333333
20261007_010018,2026-10-07 01:00:25.462000+00:00,Genève,local,ch:1:sloid:87057,"Genève, gare Cornavin",ch:1:sloid:87057:0:233278,2026-10-07,ch:1:sjyid:100680:HAS-26-15-10-Lun-Ven-35076292,tram,Tram,15,15,847423,"Vernier, Blandonnet","Plan-les-Ouates, ZIPLO",I,,2026-10-07 02:29:00+00:00,,,False,,2026-10-07 03:00:25.462000+02:00,2026-10-07 04:29:00+02:00,,2026-10-07,4,Wednesday,False,88.57563333333333
20261007_010018,2026-10-07 01:00:25.462000+00:00,Genève,local,ch:1:sloid:87057,"Genève, gare Cornavin",ch:1:sloid:87057:0:783875,2026-10-07,ch:1:sjyid:100680:HAS-26-02-06-19-1-Lun-Ven-34652794,bus,Bus,19,19,617422,"Genève, Jonction","Vernier, village",K,,2026-10-07 02:32:00+00:00,,,False,,2026-10-07 03:00:25.462000+02:00,2026-10-07 04:32:00+02:00,,2026-10-07,4,Wednesday,False,91.57563333333333
20261007_010018,2026-10-07 01:00:25.462000+00:00,Genève,local,ch:1:sloid:87057,"Genève, gare Cornavin",ch:1:sloid:87057:0:698638,2026-10-07,ch:1:sjyid:100680:HAS-26-03-0-Lun-Ven-33833090,bus,Bus,3,3,554283,"Genève, Jonction","Grand-Saconnex, Gardiol",F,,2026-10-07 02:33:00+00:00,,,False,,2026-10-07 03:00:25.462000+02:00,2026-10-07 04:33:00+02:00,,2026-10-07,4,Wednesday,False,92.57563333333333
20261007_010018,2026-10-07 01:00:25.462000+00:00,Genève,local,ch:1:sloid:87057,"Genève, gare Cornavin",ch:1:sloid:87057:0:233278,2026-10-07,ch:1:sjyid:100680:HAS-26-18-10-Lun-Ven-35074956,tram,Tram,18,18,846089,"Vernier, Blandonnet","Grand-Lancy, Palettes",I,,2026-10-07 02:35:00+00:00,,,False,,2026-10-07 03:00:25.462000+02:00,2026-10-07 04:35:00+02:00,,2026-10-07,4,Wednesday,False,94.57563333333333
20261007_010018,2026-10-07 01:00:25.462000+00:00,Genève,local,ch:1:sloid:87057,"Genève, gare Cornavin",ch:1:sloid:87057:0:783875,2026-10-07,ch:1:sjyid:100680:HAS-26-10-0-Lun-Ven-33810366,bus,Bus,10,10,551567,"Genève, Jonction","Genève-Aéroport, Terminal",K,,2026-10-07 02:39:00+00:00,,,False,,2026-10-07 03:00:25.462000+02:00,2026-10-07 04:39:00+02:00,,2026-10-07,4,Wednesday,False,98.57563333333333
20261007_010018,2026-10-07 01:00:25.462000+00:00,Genève,local,ch:1:sloid:87057,"Genève, gare Cornavin",ch:1:sloid:87057:0:408265,2026-10-07,ch:1:sjyid:100680:HAS-26-15-10-Lun-Ven-35076690,tram,Tram,15,15,847821,"Vernier, Blandonnet","Genève, Nations",I,,2026-10-07 02:40:00+00:00,,,False,,2026-10-07 03:00:25.462000+02:00,2026-10-07 04:40:00+02:00,,2026-10-07,4,Wednesday,False,99.57563333333333
20261007_010018,2026-10-07 01:00:25.462000+00:00,Genève,local,ch:1:sloid:87057,"Genève, gare Cornavin",ch:1:sloid:87057:0:233278,2026-10-07,ch:1:sjyid:100680:HAS-26-14-10-Lun-Ven-35075196,tram,Tram,14,14,846327,"Vernier, Blandonnet","Bernex, Vailly",I,,2026-10-07 02:42:00+00:00,,,False,,2026-10-07 03:00:25.462000+02:00,2026-10-07 04:42:00+02:00,,2026-10-07,4,Wednesday,False,101.57563333333333
20261007_010018,2026-10-07 01:00:25.462000+00:00,Genève,local,ch:1:sloid:87057,"Genève, gare Cornavin",ch:1:sloid:87057:0:783875,2026-10-07,ch:1:sjyid:100680:HAS-26-02-06-19-1-Lun-Ven-34652790,bus,Bus,19,19,617420,"Genève, Jonction","Vernier, village",K,,2026-10-07 02:42:00+00:00,,,False,,2026-10-07 03:00:25.462000+02:00,2026-10-07 04:42:00+02:00,,2026-10-07,4,Wednesday,False,101.57563333333333
20261007_010018,2026-10-07 01:00:25.462000+00:00,Genève,local,ch:1:sloid:87057,"Genève, gare Cornavin",ch:1:sloid:87057:0:233278,2026-10-07,ch:1:sjyid:100680:HAS-26-15-10-Lun-Ven-35076293,tram,Tram,15,15,847424,"Vernier, Blandonnet","Plan-les-Ouates, ZIPLO",I,,2026-10-07 02:44:00+00:00,,,False,,2026-10-07 03:00:25.462000+02:00,2026-10-07 04:44:00+02:00,,2026-10-07,4,Wednesday,False,103.57563333333333
20261007_010018,2026-10-07 01:00:25.462000+00:00,Genève,local,ch:1:sloid:87057,"Genève, gare Cornavin",ch:1:sloid:87057:0:46188,2026-10-07,ch:1:sjyid:100680:HAS-26-015925-70-Lun-Ven-35913601,bus,Bus,1,1,698016,"Genève, Jardin Botanique","Thônex, Hôpital Trois-Chêne",D,,2026-10-07 02:48:00+00:00,,,False,,2026-10-07 03:00:25.462000+02:00,2026-10-07 04:48:00+02:00,,2026-10-07,4,Wednesday,False,107.57563333333333
20261007_010018,2026-10-07 01:00:25.462000+00:00,Genève,local,ch:1:sloid:87057,"Genève, gare Cornavin",ch:1:sloid:87057:0:698638,2026-10-07,ch:1:sjyid:100680:HAS-26-03-0-Lun-Ven-33833092,bus,Bus,3,3,554285,"Genève, Jonction","Grand-Saconnex, Gardiol",F,,2026-10-07 02:48:00+00:00,,,False,,2026-10-07 03:00:25.462000+02:00,2026-10-07 04:48:00+02:00,,2026-10-07,4,Wednesday,False,107.57563333333333
20261007_010018,2026-10-07 01:00:25.462000+00:00,Genève,local,ch:1:sloid:87057,"Genève, gare Cornavin",ch:1:sloid:87057:0:408265,2026-10-07,ch:1:sjyid:100680:HAS-26-15-10-Lun-Ven-35076301,tram,Tram,15,15,847432,"Plan-les-Ouates, ZIPLO","Genève, Nations",E,,2026-10-07 02:51:00+00:00,,,False,,2026-10-07 03:00:25.462000+02:00,2026-10-07 04:51:00+02:00,,2026-10-07,4,Wednesday,False,110.57563333333333
20261007_010018,2026-10-07 01:00:25.462000+00:00,Genève,local,ch:1:sloid:87057,"Genève, gare Cornavin",ch:1:sloid:87057:0:783875,2026-10-07,ch:1:sjyid:100680:HAS-26-02-06-19-1-Lun-Ven-34652792,bus,Bus,19,19,617421,"Genève, Jonction","Vernier, village",K,,2026-10-07 02:52:00+00:00,,,False,,2026-10-07 03:00:25.462000+02:00,2026-10-07 04:52:00+02:00,,2026-10-07,4,Wednesday,False,111.57563333333333
20261007_010018,2026-10-07 01:00:25.462000+00:00,Genève,local,ch:1:sloid:87057,"Genève, gare Cornavin",ch:1:sloid:87057:0:46188,2026-10-07,ch:1:sjyid:100680:HAS-26-A2-19-7-jours-35420057,bus,Bus,A2,A2,666247,"Genève, Nations","Genève-Aéroport, Terminal",D,,2026-10-07 02:58:00+00:00,,,False,,2026-10-07 03:00:25.462000+02:00,2026-10-07 04:58:00+02:00,,2026-10-07,4,Wednesday,False,117.57563333333333
20261007_010018,2026-10-07 01:00:25.462000+00:00,Genève,local,ch:1:sloid:87057,"Genève, gare Cornavin",ch:1:sloid:87057:0:783875,2026-10-07,ch:1:sjyid:100680:HAS-26-10-0-Lun-Ven-33810367,bus,Bus,10,10,551568,"Genève, Jonction","Genève-Aéroport, Terminal",K,,2026-10-07 02:59:00+00:00,,,False,,2026-10-07 03:00:25.462000+02:00,2026-10-07 04:59:00+02:00,,2026-10-07,4,Wednesday,False,118.57563333333333
20261007_010018,2026-10-07 01:00:25.462000+00:00,Genève,local,ch:1:sloid:87057,"Genève, gare Cornavin",ch:1:sloid:87057:0:233278,2026-10-07,ch:1:sjyid:100680:HAS-26-14-10-Lun-Ven-35075194,tram,Tram,14,14,846325,"Vernier, Blandonnet","Bernex, Vailly",I,,2026-10-07 03:00:00+00:00,,,False,,2026-10-07 03:00:25.462000+02:00,2026-10-07 05:00:00+02:00,,2026-10-07,5,Wednesday,False,119.57563333333333
20261007_010018,2026-10-07 01:00:25.462000+00:00,Genève,local,ch:1:sloid:87057,"Genève, gare Cornavin",ch:1:sloid:87057:0:46188,2026-10-07,ch:1:sjyid:100680:HAS-26-15-10-Lun-Ven-35076294,tram,Tram,15,15,847425,"Genève, Nations","Plan-les-Ouates, ZIPLO",D,,2026-10-07 03:01:00+00:00,,,False,,2026-10-07 03:00:25.462000+02:00,2026-10-07 05:01:00+02:00,,2026-10-07,5,Wednesday,False,120.57563333333333
20261007_010018,2026-10-07 01:00:25.462000+00:00,Genève,local,ch:1:sloid:87057,"Genève, gare Cornavin",ch:1:sloid:87057:0:46188,2026-10-07,ch:1:sjyid:100680:HAS-26-015925-70-Lun-Ven-35913597,bus,Bus,25,25,698012,"Genève, Jardin Botanique","Thônex, Vallard",D,,2026-10-07 03:02:00+00:00,,,False,,2026-10-07 03:00:25.462000+02:00,2026-10-07 05:02:00+02:00,,2026-10-07,5,Wednesday,False,121.57563333333333
20261007_010018,2026-10-07 01:00:25.462000+00:00,Genève,local,ch:1:sloid:87057,"Genève, gare Cornavin",ch:1:sloid:87057:0:233278,2026-10-07,ch:1:sjyid:100680:HAS-26-17-10-Lun-Ven-35076258,tram,Tram,17,17,847389,"Vernier, Blandonnet","Lancy-Pont-Rouge, gare",I,,2026-10-07 03:02:00+00:00,,,False,,2026-10-07 03:00:25.462000+02:00,2026-10-07 05:02:00+02:00,,2026-10-07,5,Wednesday,False,121.57563333333333
20261007_010018,2026-10-07 01:00:25.462000+00:00,Genève,local,ch:1:sloid:87057,"Genève, gare Cornavin",ch:1:sloid:87057:0:50679,2026-10-07,ch:1:sjyid:100680:HAS-26-60-61-70-Lun-Ven-35376299,bus,Bus,60,60,693410,"Genève, gare Cornavin","Gex, L'Aiglette",J,,2026-10-07 03:02:00+00:00,,,False,,2026-10-07 03:00:25.462000+02:00,2026-10-07 05:02:00+02:00,,2026-10-07,5,Wednesday,False,121.57563333333333
20261007_010018,2026-10-07 01:00:25.930000+00:00,Lugano,local,ch:1:sloid:5380,"Lugano, Stazione",ch:1:sloid:5380::407001,2026-10-07,ch:1:sjyid:100754:123f1ea4-6904-46b2-a9be-6e13d43eea13,bus,Bus,4,4,4004,"Canobbio, Ganna","Lugano, Centro",A,,2026-10-07 03:49:00+00:00,,,False,,2026-10-07 03:00:25.930000+02:00,2026-10-07 05:49:00+02:00,,2026-10-07,5,Wednesday,False,168.56783333333334
20261007_010018,2026-10-07 01:00:25.930000+00:00,Lugano,local,ch:1:sloid:5380,"Lugano, Stazione",ch:1:sloid:5380::407001,2026-10-07,ch:1:sjyid:100754:9b210ae2-30ef-43aa-9ae2-8a0a80a2e748,bus,Bus,6,6,6001,"Lugano, Stazione","Lugano, Cornaredo",A,,2026-10-07 03:50:00+00:00,,,False,,2026-10-07 03:00:25.930000+02:00,2026-10-07 05:50:00+02:00,,2026-10-07,5,Wednesday,False,169.56783333333334
20261007_010018,2026-10-07 01:00:25.930000+00:00,Lugano,local,ch:1:sloid:5380,"Lugano, Stazione",ch:1:sloid:5380::407001,2026-10-07,ch:1:sjyid:100754:dd48eaee-d5e4-4839-acff-4a2b6f421ff5,bus,Bus,2,2,2002,"Castagnola, Capolinea","Paradiso, Carzo",A,,2026-10-07 03:50:00+00:00,,,False,,2026-10-07 03:00:25.930000+02:00,2026-10-07 05:50:00+02:00,,2026-10-07,5,Wednesday,False,169.56783333333334
20261007_010018,2026-10-07 01:00:25.930000+00:00,Lugano,local,ch:1:sloid:5380,"Lugano, Stazione",ch:1:sloid:5380::407002,2026-10-07,ch:1:sjyid:100754:5bb7cdfe-2e1d-4834-b9b0-b5f82c031f31,bus,Bus,4,4,4001,"Lugano, Centro","Canobbio, Ganna",B,,2026-10-07 03:59:00+00:00,,,False,,2026-10-07 03:00:25.930000+02:00,2026-10-07 05:59:00+02:00,,2026-10-07,5,Wednesday,False,178.56783333333334
20261007_010018,2026-10-07 01:00:25.930000+00:00,Lugano,local,ch:1:sloid:5380,"Lugano, Stazione",ch:1:sloid:5380::407001,2026-10-07,ch:1:sjyid:100754:98e2a08c-af98-40bf-b4d6-69957b786a7e,bus,Bus,6,6,6005,"Lugano, Stazione","Lugano, Cornaredo",A,,2026-10-07 04:00:00+00:00,,,False,,2026-10-07 03:00:25.930000+02:00,2026-10-07 06:00:00+02:00,,2026-10-07,6,Wednesday,False,179.56783333333334
20261007_010018,2026-10-07 01:00:25.930000+00:00,Lugano,local,ch:1:sloid:5380,"Lugano, Stazione",ch:1:sloid:5380::407001,2026-10-07,ch:1:sjyid:100754:8aa5800e-d10a-4d80-ab71-92a669cd3425,bus,Bus,4,4,4006,"Canobbio, Ganna","Lugano, Centro",A,,2026-10-07 04:01:00+00:00,,,False,,2026-10-07 03:00:25.930000+02:00,2026-10-07 06:01:00+02:00,,2026-10-07,6,Wednesday,False,180.56783333333334
20261007_010018,2026-10-07 01:00:25.930000+00:00,Lugano,local,ch:1:sloid:5380,"Lugano, Stazione",ch:1:sloid:5380::407001,2026-10-07,ch:1:sjyid:100754:9fd6934e-2a16-472b-acf1-166e430e90bb,bus,Bus,2,2,2006,"Castagnola, Capolinea","Paradiso, Carzo",A,,2026-10-07 04:05:00+00:00,,,False,,2026-10-07 03:00:25.930000+02:00,2026-10-07 06:05:00+02:00,,2026-10-07,6,Wednesday,False,184.56783333333334
20261007_010018,2026-10-07 01:00:25.930000+00:00,Lugano,local,ch:1:sloid:5380,"Lugano, Stazione",ch:1:sloid:5380::407001,2026-10-07,ch:1:sjyid:100754:9d2aedc5-edd8-49a5-96be-5f502cf229e6,bus,Bus,6,6,6009,"Lugano, Stazione","Lugano, Cornaredo",A,,2026-10-07 04:10:00+00:00,,,False,,2026-10-07 03:00:25.930000+02:00,2026-10-07 06:10:00+02:00,,2026-10-07,6,Wednesday,False,189.56783333333334
20261007_010018,2026-10-07 01:00:25.930000+00:00,Lugano,local,ch:1:sloid:5380,"Lugano, Stazione",ch:1:sloid:5380::407002,2026-10-07,ch:1:sjyid:100754:a5067aef-a44e-4bf6-b559-abf235048508,bus,Bus,4,4,4005,"Lugano, Centro","Canobbio, Ganna",B,,2026-10-07 04:14:00+00:00,,,False,,2026-10-07 03:00:25.930000+02:00,2026-10-07 06:14:00+02:00,,2026-10-07,6,Wednesday,False,193.56783333333334
20261007_010018,2026-10-07 01:00:25.930000+00:00,Lugano,local,ch:1:sloid:5380,"Lugano, Stazione",ch:1:sloid:5380::407001,2026-10-07,ch:1:sjyid:100754:3dc3d26c-99e4-4bad-ba09-62113f1b83a0,bus,Bus,4,4,4012,"Canobbio, Ganna","Lugano, Centro",A,,2026-10-07 04:16:00+00:00,,,False,,2026-10-07 03:00:25.930000+02:00,2026-10-07 06:16:00+02:00,,2026-10-07,6,Wednesday,False,195.56783333333334
20261007_010018,2026-10-07 01:00:25.930000+00:00,Lugano,local,ch:1:sloid:5380,"Lugano, Stazione",ch:1:sloid:5380::407001,2026-10-07,ch:1:sjyid:100754:cb00c557-5328-41ac-a6cd-de824306a0eb,bus,Bus,6,6,6011,"Lugano, Stazione","Lugano, Cornaredo",A,,2026-10-07 04:20:00+00:00,,,False,,2026-10-07 03:00:25.930000+02:00,2026-10-07 06:20:00+02:00,,2026-10-07,6,Wednesday,False,199.56783333333334
20261007_010018,2026-10-07 01:00:25.930000+00:00,Lugano,local,ch:1:sloid:5380,"Lugano, Stazione",ch:1:sloid:5380::407001,2026-10-07,ch:1:sjyid:100754:49c66916-1b3a-46b4-b6f1-bc18cc2f9a08,bus,Bus,2,2,2010,"Castagnola, Capolinea","Paradiso, Carzo",A,,2026-10-07 04:20:00+00:00,,,False,,2026-10-07 03:00:25.930000+02:00,2026-10-07 06:20:00+02:00,,2026-10-07,6,Wednesday,False,199.56783333333334
20261007_010018,2026-10-07 01:00:25.930000+00:00,Lugano,local,ch:1:sloid:5380,"Lugano, Stazione",ch:1:sloid:5380::407002,2026-10-07,ch:1:sjyid:100754:d39595f4-2903-4a77-8b6c-668b0e8d0b09,bus,Bus,4,4,4009,"Lugano, Centro","Canobbio, Ganna",B,,2026-10-07 04:29:00+00:00,,,False,,2026-10-07 03:00:25.930000+02:00,2026-10-07 06:29:00+02:00,,2026-10-07,6,Wednesday,False,208.56783333333334
20261007_010018,2026-10-07 01:00:25.930000+00:00,Lugano,local,ch:1:sloid:5380,"Lugano, Stazione",ch:1:sloid:5380::407001,2026-10-07,ch:1:sjyid:100754:195a109b-bfb2-45c7-b189-ed01309ee30e,bus,Bus,6,6,6015,"Lugano, Stazione","Lugano, Cornaredo",A,,2026-10-07 04:30:00+00:00,,,False,,2026-10-07 03:00:25.930000+02:00,2026-10-07 06:30:00+02:00,,2026-10-07,6,Wednesday,False,209.56783333333334
20261007_010018,2026-10-07 01:00:25.930000+00:00,Lugano,local,ch:1:sloid:5380,"Lugano, Stazione",ch:1:sloid:5380::407001,2026-10-07,ch:1:sjyid:100754:71a24be7-abeb-4945-a917-936a376e9a5e,bus,Bus,4,4,4014,"Canobbio, Ganna","Lugano, Centro",A,,2026-10-07 04:31:00+00:00,,,False,,2026-10-07 03:00:25.930000+02:00,2026-10-07 06:31:00+02:00,,2026-10-07,6,Wednesday,False,210.56783333333334
20261007_010018,2026-10-07 01:00:25.930000+00:00,Lugano,local,ch:1:sloid:5380,"Lugano, Stazione",ch:1:sloid:5380::407001,2026-10-07,ch:1:sjyid:100754:5c931896-8ab2-4790-984e-7b54c143a55d,bus,Bus,2,2,2014,"Castagnola, Capolinea","Paradiso, Carzo",A,,2026-10-07 04:35:00+00:00,,,False,,2026-10-07 03:00:25.930000+02:00,2026-10-07 06:35:00+02:00,,2026-10-07,6,Wednesday,False,214.56783333333334
20261007_010018,2026-10-07 01:00:25.930000+00:00,Lugano,local,ch:1:sloid:5380,"Lugano, Stazione",ch:1:sloid:5380::407001,2026-10-07,ch:1:sjyid:100754:8108ffc6-4f91-4cf4-b6cb-f79be066f8aa,bus,Bus,6,6,6019,"Lugano, Stazione","Lugano, Cornaredo",A,,2026-10-07 04:40:00+00:00,,,False,,2026-10-07 03:00:25.930000+02:00,2026-10-07 06:40:00+02:00,,2026-10-07,6,Wednesday,False,219.56783333333334
20261007_010018,2026-10-07 01:00:25.930000+00:00,Lugano,local,ch:1:sloid:5380,"Lugano, Stazione",ch:1:sloid:5380::407002,2026-10-07,ch:1:sjyid:100754:83c77628-2c36-441f-b7e2-6cf468d3c509,bus,Bus,4,4,4013,"Lugano, Centro","Canobbio, Ganna",B,,2026-10-07 04:44:00+00:00,,,False,,2026-10-07 03:00:25.930000+02:00,2026-10-07 06:44:00+02:00,,2026-10-07,6,Wednesday,False,223.56783333333334
20261007_010018,2026-10-07 01:00:25.930000+00:00,Lugano,local,ch:1:sloid:5380,"Lugano, Stazione",ch:1:sloid:5380::407001,2026-10-07,ch:1:sjyid:100754:2c1ff2d1-62e0-4e9d-9a8b-d13262d52c16,bus,Bus,4,4,4020,"Canobbio, Ganna","Lugano, Centro",A,,2026-10-07 04:46:00+00:00,,,False,,2026-10-07 03:00:25.930000+02:00,2026-10-07 06:46:00+02:00,,2026-10-07,6,Wednesday,False,225.56783333333334
20261007_010018,2026-10-07 01:00:25.930000+00:00,Lugano,local,ch:1:sloid:5380,"Lugano, Stazione",ch:1:sloid:5380::407001,2026-10-07,ch:1:sjyid:100754:53069f4e-585c-491b-92f8-06ec4cb7f5a8,bus,Bus,6,6,6021,"Lugano, Stazione","Lugano, Cornaredo",A,,2026-10-07 04:50:00+00:00,,,False,,2026-10-07 03:00:25.930000+02:00,2026-10-07 06:50:00+02:00,,2026-10-07,6,Wednesday,False,229.56783333333334
20261007_010018,2026-10-07 01:00:25.930000+00:00,Lugano,local,ch:1:sloid:5380,"Lugano, Stazione",ch:1:sloid:5380::407001,2026-10-07,ch:1:sjyid:100754:106b1cb0-94de-4cf5-b843-9db1bc20a924,bus,Bus,2,2,2018,"Castagnola, Capolinea","Paradiso, Carzo",A,,2026-10-07 04:50:00+00:00,,,False,,2026-10-07 03:00:25.930000+02:00,2026-10-07 06:50:00+02:00,,2026-10-07,6,Wednesday,False,229.56783333333334
20261007_010018,2026-10-07 01:00:25.930000+00:00,Lugano,local,ch:1:sloid:5380,"Lugano, Stazione",ch:1:sloid:5380::407002,2026-10-07,ch:1:sjyid:100754:f4214383-41fe-41e9-835a-f39955ca2d0a,bus,Bus,4,4,4017,"Lugano, Centro","Canobbio, Ganna",B,,2026-10-07 04:59:00+00:00,,,False,,2026-10-07 03:00:25.930000+02:00,2026-10-07 06:59:00+02:00,,2026-10-07,6,Wednesday,False,238.56783333333334
20261007_010018,2026-10-07 01:00:25.930000+00:00,Lugano,local,ch:1:sloid:5380,"Lugano, Stazione",ch:1:sloid:5380::407001,2026-10-07,ch:1:sjyid:100754:6d4b668d-41e6-46ff-a5c7-b94f42bc3dd1,bus,Bus,6,6,6025,"Lugano, Stazione","Lugano, Cornaredo",A,,2026-10-07 05:00:00+00:00,,,False,,2026-10-07 03:00:25.930000+02:00,2026-10-07 07:00:00+02:00,,2026-10-07,7,Wednesday,False,239.56783333333334
20261007_010018,2026-10-07 01:00:25.930000+00:00,Lugano,local,ch:1:sloid:5380,"Lugano, Stazione",ch:1:sloid:5380::407001,2026-10-07,ch:1:sjyid:100754:9df83877-6bcf-43ba-9471-522f0f25c002,bus,Bus,4,4,4022,"Canobbio, Ganna","Lugano, Centro",A,,2026-10-07 05:01:00+00:00,,,False,,2026-10-07 03:00:25.930000+02:00,2026-10-07 07:01:00+02:00,,2026-10-07,7,Wednesday,False,240.56783333333334
20261007_010018,2026-10-07 01:00:25.930000+00:00,Lugano,local,ch:1:sloid:5380,"Lugano, Stazione",ch:1:sloid:5380::407001,2026-10-07,ch:1:sjyid:100754:d98e5ddc-75dc-44a4-be05-5ef0460e6f3f,bus,Bus,2,2,2024,"Castagnola, Capolinea","Paradiso, Carzo",A,,2026-10-07 05:05:00+00:00,,,False,,2026-10-07 03:00:25.930000+02:00,2026-10-07 07:05:00+02:00,,2026-10-07,7,Wednesday,False,244.56783333333334
20261007_010018,2026-10-07 01:00:25.930000+00:00,Lugano,local,ch:1:sloid:5380,"Lugano, Stazione",ch:1:sloid:5380::407001,2026-10-07,ch:1:sjyid:100754:b9f70f36-3d48-46dc-bfef-b06b62bc3e1f,bus,Bus,6,6,6029,"Lugano, Stazione","Lugano, Cornaredo",A,,2026-10-07 05:10:00+00:00,,,False,,2026-10-07 03:00:25.930000+02:00,2026-10-07 07:10:00+02:00,,2026-10-07,7,Wednesday,False,249.56783333333334
20261007_010018,2026-10-07 01:00:25.930000+00:00,Lugano,local,ch:1:sloid:5380,"Lugano, Stazione",ch:1:sloid:5380::407002,2026-10-07,ch:1:sjyid:100754:f1f1011e-6388-4bd0-8010-befa091ac429,bus,Bus,4,4,4021,"Lugano, Centro","Canobbio, Ganna",B,,2026-10-07 05:14:00+00:00,,,False,,2026-10-07 03:00:25.930000+02:00,2026-10-07 07:14:00+02:00,,2026-10-07,7,Wednesday,False,253.56783333333334
20261007_010018,2026-10-07 01:00:25.930000+00:00,Lugano,local,ch:1:sloid:5380,"Lugano, Stazione",ch:1:sloid:5380::407001,2026-10-07,ch:1:sjyid:100754:2f0bec7d-054a-41aa-83f7-45550178b9d1,bus,Bus,4,4,4026,"Canobbio, Ganna","Lugano, Centro",A,,2026-10-07 05:16:00+00:00,,,False,,2026-10-07 03:00:25.930000+02:00,2026-10-07 07:16:00+02:00,,2026-10-07,7,Wednesday,False,255.56783333333334
20261007_010018,2026-10-07 01:00:25.930000+00:00,Lugano,local,ch:1:sloid:5380,"Lugano, Stazione",ch:1:sloid:5380::407001,2026-10-07,ch:1:sjyid:100754:b5f4b796-0d74-4982-ae55-4a5052913902,bus,Bus,6,6,6031,"Lugano, Stazione","Lugano, Cornaredo",A,,2026-10-07 05:20:00+00:00,,,False,,2026-10-07 03:00:25.930000+02:00,2026-10-07 07:20:00+02:00,,2026-10-07,7,Wednesday,False,259.56783333333334
20261007_010018,2026-10-07 01:00:25.930000+00:00,Lugano,local,ch:1:sloid:5380,"Lugano, Stazione",ch:1:sloid:5380::407001,2026-10-07,ch:1:sjyid:100754:33a42ece-c860-454d-95ae-57dde688892d,bus,Bus,2,2,2030,"Castagnola, Capolinea","Paradiso, Carzo",A,,2026-10-07 05:20:00+00:00,,,False,,2026-10-07 03:00:25.930000+02:00,2026-10-07 07:20:00+02:00,,2026-10-07,7,Wednesday,False,259.56783333333334
