batch_id,collection_timestamp,city,station_type,station_id,station_name,stop_point_ref,operating_day,journey_ref,transport_mode,product_category,public_code,line,train_number,origin,destination,planned_platform,estimated_platform,scheduled_departure,estimated_departure,cancelled,has_realtime,predicted_delay_minutes,collection_timestamp_local,scheduled_departure_local,estimated_departure_local,date,hour,weekday,weekend,minutes_until_departure
20261007_203422,2026-10-07 20:34:22.944000+00:00,Zürich,rail,ch:1:sloid:3000,Zürich HB,ch:1:sloid:3000:503:43,2026-10-07,ch:1:sjyid:100001:18387-001,rail,S-Bahn,S3,S3,18387,Zürich Hardbrücke,Wetzikon ZH,43/44,43,2026-10-07 20:34:00+00:00,2026-10-07 20:34:54+00:00,,True,0.9,2026-10-07 22:34:22.944000+02:00,2026-10-07 22:34:00+02:00,2026-10-07 22:34:54+02:00,2026-10-07,22,Wednesday,False,-0.38239999999999996
20261007_203422,2026-10-07 20:34:22.944000+00:00,Zürich,rail,ch:1:sloid:3000,Zürich HB,ch:1:sloid:3000:501:33,2026-10-07,ch:1:sjyid:100001:2139-001,rail,InterRegio,IR75,IR75,2139,Zürich HB,Kreuzlingen,33,,2026-10-07 20:34:00+00:00,2026-10-07 20:34:30+00:00,,True,0.5,2026-10-07 22:34:22.944000+02:00,2026-10-07 22:34:00+02:00,2026-10-07 22:34:30+02:00,2026-10-07,22,Wednesday,False,-0.38239999999999996
20261007_203422,2026-10-07 20:34:22.944000+00:00,Zürich,rail,ch:1:sloid:3000,Zürich HB,ch:1:sloid:3000:4:6,2026-10-07,ch:1:sjyid:100001:2590-001,rail,InterRegio,IR75,IR75,2590,Zürich HB,Luzern,6,,2026-10-07 20:35:00+00:00,2026-10-07 20:36:00+00:00,,True,1.0,2026-10-07 22:34:22.944000+02:00,2026-10-07 22:35:00+02:00,2026-10-07 22:36:00+02:00,2026-10-07,22,Wednesday,False,0.6175999999999999
20261007_203422,2026-10-07 20:34:22.944000+00:00,Zürich,rail,ch:1:sloid:3000,Zürich HB,ch:1:sloid:3000:9:17,2026-10-07,ch:1:sjyid:100001:1990-001,rail,InterRegio,IR36,IR36,1990,Zürich HB,Basel SBB,17,,2026-10-07 20:36:00+00:00,2026-10-07 20:36:30+00:00,,True,0.5,2026-10-07 22:34:22.944000+02:00,2026-10-07 22:36:00+02:00,2026-10-07 22:36:30+02:00,2026-10-07,22,Wednesday,False,1.6176
20261007_203422,2026-10-07 20:34:22.944000+00:00,Zürich,rail,ch:1:sloid:3000,Zürich HB,ch:1:sloid:3000:501:34,2026-10-07,ch:1:sjyid:100001:735-002,rail,InterCity,IC1,IC1,735,Genève-Aéroport,St. Gallen,34,,2026-10-07 20:37:00+00:00,2026-10-07 20:37:30+00:00,,True,0.5,2026-10-07 22:34:22.944000+02:00,2026-10-07 22:37:00+02:00,2026-10-07 22:37:30+02:00,2026-10-07,22,Wednesday,False,2.6176000000000004
20261007_203422,2026-10-07 20:34:22.944000+00:00,Zürich,rail,ch:1:sloid:3000,Zürich HB,ch:1:sloid:3000:500:32,2026-10-07,ch:1:sjyid:100001:18887-001,rail,S-Bahn,S8,S8,18887,Winterthur,Wädenswil,32,,2026-10-07 20:37:00+00:00,2026-10-07 20:37:36+00:00,,True,0.6,2026-10-07 22:34:22.944000+02:00,2026-10-07 22:37:00+02:00,2026-10-07 22:37:36+02:00,2026-10-07,22,Wednesday,False,2.6176000000000004
20261007_203422,2026-10-07 20:34:22.944000+00:00,Zürich,rail,ch:1:sloid:3000,Zürich HB,ch:1:sloid:3000:502:42,2026-10-07,ch:1:sjyid:100001:18986-001,rail,S-Bahn,S9,S9,18986,Uster,Schaffhausen,41/42,41,2026-10-07 20:37:00+00:00,2026-10-07 20:37:18+00:00,,True,0.3,2026-10-07 22:34:22.944000+02:00,2026-10-07 22:37:00+02:00,2026-10-07 22:37:18+02:00,2026-10-07,22,Wednesday,False,2.6176000000000004
20261007_203422,2026-10-07 20:34:22.944000+00:00,Zürich,rail,ch:1:sloid:3000,Zürich HB,ch:1:sloid:3000:9:16,2026-10-07,ch:1:sjyid:100001:4840-001,rail,RegioExpress,RE37,RE37,4840,Zürich HB,Aarau,15,16,2026-10-07 20:38:00+00:00,2026-10-07 20:38:30+00:00,,True,0.5,2026-10-07 22:34:22.944000+02:00,2026-10-07 22:38:00+02:00,2026-10-07 22:38:30+02:00,2026-10-07,22,Wednesday,False,3.6176000000000004
20261007_203422,2026-10-07 20:34:22.944000+00:00,Zürich,rail,ch:1:sloid:3000,Zürich HB,ch:1:sloid:3000:5:9,2026-10-07,ch:1:sjyid:100001:589-001,rail,InterCity,IC3,IC3,589,Zürich HB,Chur,9,,2026-10-07 20:38:00+00:00,2026-10-07 20:38:30+00:00,,True,0.5,2026-10-07 22:34:22.944000+02:00,2026-10-07 22:38:00+02:00,2026-10-07 22:38:30+02:00,2026-10-07,22,Wednesday,False,3.6176000000000004
20261007_203422,2026-10-07 20:34:22.944000+00:00,Zürich,rail,ch:1:sloid:3000,Zürich HB,ch:1:sloid:3000:503:43,2026-10-07,ch:1:sjyid:100001:19587-001,rail,S-Bahn,S15,S15,19587,Niederweningen,Rüti ZH,43/44,,2026-10-07 20:39:00+00:00,2026-10-07 20:40:12+00:00,,True,1.2,2026-10-07 22:34:22.944000+02:00,2026-10-07 22:39:00+02:00,2026-10-07 22:40:12+02:00,2026-10-07,22,Wednesday,False,4.6175999999999995
20261007_203422,2026-10-07 20:34:22.944000+00:00,Zürich,rail,ch:1:sloid:3000,Zürich HB,ch:1:sloid:3000:502:42,2026-10-07,ch:1:sjyid:100001:18586-001,rail,S-Bahn,S5,S5,18586,Rüti ZH,Zug,41/42,42,2026-10-07 20:39:00+00:00,2026-10-07 20:39:18+00:00,,True,0.3,2026-10-07 22:34:22.944000+02:00,2026-10-07 22:39:00+02:00,2026-10-07 22:39:18+02:00,2026-10-07,22,Wednesday,False,4.6175999999999995
20261007_203422,2026-10-07 20:34:22.944000+00:00,Zürich,rail,ch:1:sloid:3000,Zürich HB,ch:1:sloid:3000:503:43,2026-10-07,ch:1:sjyid:100001:18787-001,rail,S-Bahn,S7,S7,18787,Winterthur,Rapperswil SG,43/44,,2026-10-07 20:41:00+00:00,2026-10-07 20:42:30+00:00,,True,1.5,2026-10-07 22:34:22.944000+02:00,2026-10-07 22:41:00+02:00,2026-10-07 22:42:30+02:00,2026-10-07,22,Wednesday,False,6.6175999999999995
20261007_203422,2026-10-07 20:34:22.944000+00:00,Zürich,rail,ch:1:sloid:3000,Zürich HB,ch:1:sloid:3000:501:33,2026-10-07,ch:1:sjyid:100001:19487-001,rail,S-Bahn,S14,S14,19487,Zürich Altstetten,Hinwil,33,,2026-10-07 20:42:00+00:00,2026-10-07 20:42:30+00:00,,True,0.5,2026-10-07 22:34:22.944000+02:00,2026-10-07 22:42:00+02:00,2026-10-07 22:42:30+02:00,2026-10-07,22,Wednesday,False,7.6175999999999995
20261007_203422,2026-10-07 20:34:22.944000+00:00,Zürich,rail,ch:1:sloid:3000,Zürich HB,ch:1:sloid:3000:501:34,2026-10-07,ch:1:sjyid:100001:18286-001,rail,S-Bahn,S2,S2,18286,Ziegelbrücke,Zürich Flughafen,34,,2026-10-07 20:44:00+00:00,2026-10-07 20:44:18+00:00,,True,0.3,2026-10-07 22:34:22.944000+02:00,2026-10-07 22:44:00+02:00,2026-10-07 22:44:18+02:00,2026-10-07,22,Wednesday,False,9.617600000000001
20261007_203422,2026-10-07 20:34:22.944000+00:00,Zürich,rail,ch:1:sloid:3000,Zürich HB,ch:1:sloid:3000:2:3,2026-10-07,ch:1:sjyid:100001:20486-001,rail,S-Bahn,S24,S24,20486,Zug,Effretikon,3,,2026-10-07 20:44:00+00:00,2026-10-07 20:44:18+00:00,,True,0.3,2026-10-07 22:34:22.944000+02:00,2026-10-07 22:44:00+02:00,2026-10-07 22:44:18+02:00,2026-10-07,22,Wednesday,False,9.617600000000001
20261007_203422,2026-10-07 20:34:22.944000+00:00,Zürich,rail,ch:1:sloid:3000,Zürich HB,ch:1:sloid:3000:502:42,2026-10-07,ch:1:sjyid:100001:19286-001,rail,S-Bahn,S12,S12,19286,Schaffhausen,Brugg AG,41/42,,2026-10-07 20:44:00+00:00,2026-10-07 20:44:18+00:00,,True,0.3,2026-10-07 22:34:22.944000+02:00,2026-10-07 22:44:00+02:00,2026-10-07 22:44:18+02:00,2026-10-07,22,Wednesday,False,9.617600000000001
20261007_203422,2026-10-07 20:34:22.944000+00:00,Zürich,rail,ch:1:sloid:3000,Zürich HB,ch:1:sloid:3000:503:43,2026-10-07,ch:1:sjyid:100001:19687-001,rail,S-Bahn,S16,S16,19687,Zürich Flughafen,Meilen,43/44,,2026-10-07 20:45:00+00:00,2026-10-07 20:45:36+00:00,,True,0.6,2026-10-07 22:34:22.944000+02:00,2026-10-07 22:45:00+02:00,2026-10-07 22:45:36+02:00,2026-10-07,22,Wednesday,False,10.617600000000001
20261007_203422,2026-10-07 20:34:22.944000+00:00,Zürich,rail,ch:1:sloid:3000,Zürich HB,ch:1:sloid:3000:503:43,2026-10-07,ch:1:sjyid:100001:19287-001,rail,S-Bahn,S12,S12,19287,Brugg AG,Winterthur,43/44,,2026-10-07 20:46:00+00:00,2026-10-07 20:47:00+00:00,,True,1.0,2026-10-07 22:34:22.944000+02:00,2026-10-07 22:46:00+02:00,2026-10-07 22:47:00+02:00,2026-10-07,22,Wednesday,False,11.617600000000001
20261007_203422,2026-10-07 20:34:22.944000+00:00,Zürich,rail,ch:1:sloid:3000,Zürich HB,ch:1:sloid:3000:502:42,2026-10-07,ch:1:sjyid:100001:19686-001,rail,S-Bahn,S16,S16,19686,Meilen,Zürich Flughafen,41/42,,2026-10-07 20:46:00+00:00,2026-10-07 20:46:18+00:00,,True,0.3,2026-10-07 22:34:22.944000+02:00,2026-10-07 22:46:00+02:00,2026-10-07 22:46:18+02:00,2026-10-07,22,Wednesday,False,11.617600000000001
20261007_203422,2026-10-07 20:34:22.944000+00:00,Zürich,rail,ch:1:sloid:3000,Zürich HB,ch:1:sloid:3000:500:32,2026-10-07,ch:1:sjyid:100001:18287-001,rail,S-Bahn,S2,S2,18287,Zürich Flughafen,Ziegelbrücke,32,,2026-10-07 20:47:00+00:00,2026-10-07 20:48:00+00:00,,True,1.0,2026-10-07 22:34:22.944000+02:00,2026-10-07 22:47:00+02:00,2026-10-07 22:48:00+02:00,2026-10-07,22,Wednesday,False,12.617600000000001
20261007_203422,2026-10-07 20:34:22.944000+00:00,Zürich,rail,ch:1:sloid:3000,Zürich HB,ch:1:sloid:3000:500:31,2026-10-07,ch:1:sjyid:100001:19486-001,rail,S-Bahn,S14,S14,19486,Hinwil,Zürich Altstetten,31,,2026-10-07 20:49:00+00:00,2026-10-07 20:50:00+00:00,,True,1.0,2026-10-07 22:34:22.944000+02:00,2026-10-07 22:49:00+02:00,2026-10-07 22:50:00+02:00,2026-10-07,22,Wednesday,False,14.617600000000001
20261007_203422,2026-10-07 20:34:22.944000+00:00,Zürich,rail,ch:1:sloid:3000,Zürich HB,ch:1:sloid:3000:502:42,2026-10-07,ch:1:sjyid:100001:18786-001,rail,S-Bahn,S7,S7,18786,Rapperswil SG,Winterthur,41/42,,2026-10-07 20:49:00+00:00,2026-10-07 20:49:42+00:00,,True,0.7,2026-10-07 22:34:22.944000+02:00,2026-10-07 22:49:00+02:00,2026-10-07 22:49:42+02:00,2026-10-07,22,Wednesday,False,14.617600000000001
20261007_203422,2026-10-07 20:34:22.944000+00:00,Zürich,rail,ch:1:sloid:3000,Zürich HB,ch:1:sloid:3000:3:4,2026-10-07,ch:1:sjyid:100001:20487-001,rail,S-Bahn,S24,S24,20487,Effretikon,Zug,4,,2026-10-07 20:51:00+00:00,2026-10-07 20:51:18+00:00,,True,0.3,2026-10-07 22:34:22.944000+02:00,2026-10-07 22:51:00+02:00,2026-10-07 22:51:18+02:00,2026-10-07,22,Wednesday,False,16.6176
20261007_203422,2026-10-07 20:34:22.944000+00:00,Zürich,rail,ch:1:sloid:3000,Zürich HB,ch:1:sloid:3000:502:42,2026-10-07,ch:1:sjyid:100001:19586-001,rail,S-Bahn,S15,S15,19586,Rüti ZH,Niederweningen,41/42,,2026-10-07 20:52:00+00:00,2026-10-07 20:52:24+00:00,,True,0.4,2026-10-07 22:34:22.944000+02:00,2026-10-07 22:52:00+02:00,2026-10-07 22:52:24+02:00,2026-10-07,22,Wednesday,False,17.6176
20261007_203422,2026-10-07 20:34:22.944000+00:00,Zürich,rail,ch:1:sloid:3000,Zürich HB,ch:1:sloid:3000:503:43,2026-10-07,ch:1:sjyid:100001:18587-001,rail,S-Bahn,S5,S5,18587,Zug,Rüti ZH,43/44,,2026-10-07 20:54:00+00:00,2026-10-07 20:54:18+00:00,,True,0.3,2026-10-07 22:34:22.944000+02:00,2026-10-07 22:54:00+02:00,2026-10-07 22:54:18+02:00,2026-10-07,22,Wednesday,False,19.6176
20261007_203422,2026-10-07 20:34:22.944000+00:00,Zürich,rail,ch:1:sloid:3000,Zürich HB,ch:1:sloid:3000:501:33,2026-10-07,ch:1:sjyid:100001:18886-001,rail,S-Bahn,S8,S8,18886,Wädenswil,Winterthur,33,,2026-10-07 20:55:00+00:00,2026-10-07 20:55:18+00:00,,True,0.3,2026-10-07 22:34:22.944000+02:00,2026-10-07 22:55:00+02:00,2026-10-07 22:55:18+02:00,2026-10-07,22,Wednesday,False,20.6176
20261007_203422,2026-10-07 20:34:22.944000+00:00,Zürich,rail,ch:1:sloid:3000,Zürich HB,ch:1:sloid:3000:502:42,2026-10-07,ch:1:sjyid:100001:18386-001,rail,S-Bahn,S3,S3,18386,Wetzikon ZH,Zürich Hardbrücke,41/42,,2026-10-07 20:56:00+00:00,2026-10-07 20:57:18+00:00,,True,1.3,2026-10-07 22:34:22.944000+02:00,2026-10-07 22:56:00+02:00,2026-10-07 22:57:18+02:00,2026-10-07,22,Wednesday,False,21.6176
20261007_203422,2026-10-07 20:34:22.944000+00:00,Zürich,rail,ch:1:sloid:3000,Zürich HB,ch:1:sloid:3000:503:43,2026-10-07,ch:1:sjyid:100001:18987-001,rail,S-Bahn,S9,S9,18987,Schaffhausen,Uster,43/44,,2026-10-07 20:58:00+00:00,2026-10-07 20:58:18+00:00,,True,0.3,2026-10-07 22:34:22.944000+02:00,2026-10-07 22:58:00+02:00,2026-10-07 22:58:18+02:00,2026-10-07,22,Wednesday,False,23.6176
20261007_203422,2026-10-07 20:34:22.944000+00:00,Zürich,rail,ch:1:sloid:3000,Zürich HB,ch:1:sloid:3000:502:42,2026-10-07,ch:1:sjyid:100001:19188-001,rail,S-Bahn,S11,S11,19188,Seuzach,Aarau,41/42,,2026-10-07 20:59:00+00:00,2026-10-07 21:00:06+00:00,,True,1.1,2026-10-07 22:34:22.944000+02:00,2026-10-07 22:59:00+02:00,2026-10-07 23:00:06+02:00,2026-10-07,22,Wednesday,False,24.6176
20261007_203422,2026-10-07 20:34:22.944000+00:00,Zürich,rail,ch:1:sloid:3000,Zürich HB,ch:1:sloid:3000:503:43,2026-10-07,ch:1:sjyid:100001:18687-001,rail,S-Bahn,S6,S6,18687,Baden,Küsnacht ZH,43/44,,2026-10-07 21:00:00+00:00,2026-10-07 21:00:30+00:00,,True,0.5,2026-10-07 22:34:22.944000+02:00,2026-10-07 23:00:00+02:00,2026-10-07 23:00:30+02:00,2026-10-07,23,Wednesday,False,25.6176
20261007_203422,2026-10-07 20:34:24.004000+00:00,Bern,rail,ch:1:sloid:7000,Bern,ch:1:sloid:7000:5:9,2026-10-07,ch:1:sjyid:100001:2599-001,rail,InterRegio,IR35,IR35,2599,Bern,Olten,9,,2026-10-07 20:33:00+00:00,2026-10-07 20:34:00+00:00,,True,1.0,2026-10-07 22:34:24.004000+02:00,2026-10-07 22:33:00+02:00,2026-10-07 22:34:00+02:00,2026-10-07,22,Wednesday,False,-1.4000666666666668
20261007_203422,2026-10-07 20:34:24.004000+00:00,Bern,rail,ch:1:sloid:7000,Bern,ch:1:sloid:7000:4:8,2026-10-07,ch:1:sjyid:100001:736-001,rail,InterCity,IC1,IC1,736,St. Gallen,Fribourg/Freiburg,8,,2026-10-07 20:34:00+00:00,2026-10-07 20:34:36+00:00,,True,0.6,2026-10-07 22:34:24.004000+02:00,2026-10-07 22:34:00+02:00,2026-10-07 22:34:36+02:00,2026-10-07,22,Wednesday,False,-0.4000666666666667
20261007_203422,2026-10-07 20:34:24.004000+00:00,Bern,rail,ch:1:sloid:7000,Bern,ch:1:sloid:7000_gen:ch:1:sloid:7000:6:33_pf:13D-F,2026-10-07,ch:1:sjyid:100015:16286-001,rail,S-Bahn,S52,S52,16286,Bern,Murten/Morat,13D-F,,2026-10-07 20:34:00+00:00,2026-10-07 20:34:12+00:00,,True,0.2,2026-10-07 22:34:24.004000+02:00,2026-10-07 22:34:00+02:00,2026-10-07 22:34:12+02:00,2026-10-07,22,Wednesday,False,-0.4000666666666667
20261007_203422,2026-10-07 20:34:24.004000+00:00,Bern,rail,ch:1:sloid:7000,Bern,ch:1:sloid:7000:1:21,2026-10-07,ch:1:sjyid:100001:643-001,rail,InterCity,IC6,IC6,643,Bern,Brig,1,,2026-10-07 20:34:00+00:00,2026-10-07 20:34:42+00:00,,True,0.7,2026-10-07 22:34:24.004000+02:00,2026-10-07 22:34:00+02:00,2026-10-07 22:34:42+02:00,2026-10-07,22,Wednesday,False,-0.4000666666666667
20261007_203422,2026-10-07 20:34:24.004000+00:00,Bern,rail,ch:1:sloid:7000,Bern,ch:1:sloid:7000:500:21,2026-10-07,ch:1:sjyid:100066:SKI-1225,rail,RegioExpress,RE5,RE5,1225,Bern,Solothurn,21,,2026-10-07 20:35:00+00:00,2026-10-07 20:35:00+00:00,,True,0.0,2026-10-07 22:34:24.004000+02:00,2026-10-07 22:35:00+02:00,2026-10-07 22:35:00+02:00,2026-10-07,22,Wednesday,False,0.5999333333333333
20261007_203422,2026-10-07 20:34:24.004000+00:00,Bern,rail,ch:1:sloid:7000,Bern,ch:1:sloid:7000:4:7,2026-10-07,ch:1:sjyid:100001:648-002,rail,InterCity,IC6,IC6,648,Bern,Basel SBB,7,,2026-10-07 20:36:00+00:00,2026-10-07 20:37:00+00:00,,True,1.0,2026-10-07 22:34:24.004000+02:00,2026-10-07 22:36:00+02:00,2026-10-07 22:37:00+02:00,2026-10-07,22,Wednesday,False,1.5999333333333332
20261007_203422,2026-10-07 20:34:24.004000+00:00,Bern,rail,ch:1:sloid:7000,Bern,ch:1:sloid:7000_gen:ch:1:sloid:7000:6:13_pf:13AB,2026-10-07,ch:1:sjyid:100015:15686-001,rail,S-Bahn,S6,S6,15686,Bern,Schwarzenburg,13AB,,2026-10-07 20:36:00+00:00,2026-10-07 20:36:12+00:00,,True,0.2,2026-10-07 22:34:24.004000+02:00,2026-10-07 22:36:00+02:00,2026-10-07 22:36:12+02:00,2026-10-07,22,Wednesday,False,1.5999333333333332
20261007_203422,2026-10-07 20:34:24.004000+00:00,Bern,rail,ch:1:sloid:7000,Bern,ch:1:sloid:7000:0:349752,2026-10-07,ch:1:sjyid:100015:4391-002,rail,RegioExpress,RE7,RE7,4391,Bern,Luzern,2A-D,,2026-10-07 20:36:00+00:00,2026-10-07 20:37:00+00:00,,True,1.0,2026-10-07 22:34:24.004000+02:00,2026-10-07 22:36:00+02:00,2026-10-07 22:37:00+02:00,2026-10-07,22,Wednesday,False,1.5999333333333332
20261007_203422,2026-10-07 20:34:24.004000+00:00,Bern,rail,ch:1:sloid:7000,Bern,ch:1:sloid:7000:501:23,2026-10-07,ch:1:sjyid:100066:SKI-8225,rail,S-Bahn,S8,S8,8225,Bern,Bätterkinden,23,,2026-10-07 20:39:00+00:00,2026-10-07 20:39:00+00:00,,True,0.0,2026-10-07 22:34:24.004000+02:00,2026-10-07 22:39:00+02:00,2026-10-07 22:39:00+02:00,2026-10-07,22,Wednesday,False,4.599933333333333
20261007_203422,2026-10-07 20:34:24.004000+00:00,Bern,rail,ch:1:sloid:7000,Bern,ch:1:sloid:7000_gen:ch:1:sloid:7000:3:5_pf:5A-C,2026-10-07,ch:1:sjyid:100015:15482-001,rail,S-Bahn,S4,S4,15482,Langnau i.E.,Belp,5E-H,5A-C,2026-10-07 20:42:00+00:00,2026-10-07 20:42:42+00:00,,True,0.7,2026-10-07 22:34:24.004000+02:00,2026-10-07 22:42:00+02:00,2026-10-07 22:42:42+02:00,2026-10-07,22,Wednesday,False,7.599933333333333
20261007_203422,2026-10-07 20:34:24.004000+00:00,Bern,rail,ch:1:sloid:7000,Bern,ch:1:sloid:7000:4:8,2026-10-07,ch:1:sjyid:100015:15287-001,rail,S-Bahn,S2,S2,15287,Laupen BE,Langnau i.E.,8,,2026-10-07 20:42:00+00:00,2026-10-07 20:42:12+00:00,,True,0.2,2026-10-07 22:34:24.004000+02:00,2026-10-07 22:42:00+02:00,2026-10-07 22:42:12+02:00,2026-10-07,22,Wednesday,False,7.599933333333333
20261007_203422,2026-10-07 20:34:24.004000+00:00,Bern,rail,ch:1:sloid:7000,Bern,ch:1:sloid:7000_gen:ch:1:sloid:7000:1:21_pf:1E-H,2026-10-07,ch:1:sjyid:100015:15184-001,rail,S-Bahn,S1,S1,15184,Thun,Fribourg/Freiburg,1E-H,,2026-10-07 20:45:00+00:00,2026-10-07 20:45:12+00:00,,True,0.2,2026-10-07 22:34:24.004000+02:00,2026-10-07 22:45:00+02:00,2026-10-07 22:45:12+02:00,2026-10-07,22,Wednesday,False,10.599933333333333
20261007_203422,2026-10-07 20:34:24.004000+00:00,Bern,rail,ch:1:sloid:7000,Bern,ch:1:sloid:7000:501:24,2026-10-07,ch:1:sjyid:100066:SKI-7227,rail,S-Bahn,S7,S7,7227,Bern,Worb Dorf,24,,2026-10-07 20:45:00+00:00,2026-10-07 20:45:00+00:00,,True,0.0,2026-10-07 22:34:24.004000+02:00,2026-10-07 22:45:00+02:00,2026-10-07 22:45:00+02:00,2026-10-07,22,Wednesday,False,10.599933333333333
20261007_203422,2026-10-07 20:34:24.004000+00:00,Bern,rail,ch:1:sloid:7000,Bern,ch:1:sloid:7000_gen:ch:1:sloid:7000:6:13_pf:13AB,2026-10-07,ch:1:sjyid:100015:15185-001,rail,S-Bahn,S1,S1,15185,Fribourg/Freiburg,Münsingen,13AB,,2026-10-07 20:47:00+00:00,2026-10-07 20:47:30+00:00,,True,0.5,2026-10-07 22:34:24.004000+02:00,2026-10-07 22:47:00+02:00,2026-10-07 22:47:30+02:00,2026-10-07,22,Wednesday,False,12.599933333333333
20261007_203422,2026-10-07 20:34:24.004000+00:00,Bern,rail,ch:1:sloid:7000,Bern,ch:1:sloid:7000:1:1,2026-10-07,ch:1:sjyid:100015:15286-001,rail,S-Bahn,S2,S2,15286,Langnau i.E.,Laupen BE,1,1A-D,2026-10-07 20:50:00+00:00,2026-10-07 20:50:18+00:00,,True,0.3,2026-10-07 22:34:24.004000+02:00,2026-10-07 22:50:00+02:00,2026-10-07 22:50:18+02:00,2026-10-07,22,Wednesday,False,15.599933333333333
20261007_203422,2026-10-07 20:34:24.004000+00:00,Bern,rail,ch:1:sloid:7000,Bern,ch:1:sloid:7000_gen:ch:1:sloid:7000:6:12_pf:12A-C,2026-10-07,ch:1:sjyid:100015:16485-001,rail,S-Bahn,S44,S44,16485,Belp,Solothurn,12A-C,,2026-10-07 20:50:00+00:00,2026-10-07 20:50:12+00:00,,True,0.2,2026-10-07 22:34:24.004000+02:00,2026-10-07 22:50:00+02:00,2026-10-07 22:50:12+02:00,2026-10-07,22,Wednesday,False,15.599933333333333
20261007_203422,2026-10-07 20:34:24.004000+00:00,Bern,rail,ch:1:sloid:7000,Bern,ch:1:sloid:7000:4:7,2026-10-07,ch:1:sjyid:100015:3244-001,rail,InterRegio,IR66,IR66,3244,Bern,Chambrelien,7,,2026-10-07 20:53:00+00:00,2026-10-07 20:53:12+00:00,,True,0.2,2026-10-07 22:34:24.004000+02:00,2026-10-07 22:53:00+02:00,2026-10-07 22:53:12+02:00,2026-10-07,22,Wednesday,False,18.599933333333336
20261007_203422,2026-10-07 20:34:24.004000+00:00,Bern,rail,ch:1:sloid:7000,Bern,ch:1:sloid:7000:4:8,2026-10-07,ch:1:sjyid:100001:2539-002,rail,InterRegio,IR15,IR15,2539,Lausanne,Luzern,8,,2026-10-07 21:00:00+00:00,2026-10-07 21:00:36+00:00,,True,0.6,2026-10-07 22:34:24.004000+02:00,2026-10-07 23:00:00+02:00,2026-10-07 23:00:36+02:00,2026-10-07,23,Wednesday,False,25.599933333333336
20261007_203422,2026-10-07 20:34:24.004000+00:00,Bern,rail,ch:1:sloid:7000,Bern,ch:1:sloid:7000:501:24,2026-10-07,ch:1:sjyid:100066:SKI-7231,rail,S-Bahn,S7,S7,7231,Bern,Bolligen,24,,2026-10-07 21:00:00+00:00,2026-10-07 21:00:00+00:00,,True,0.0,2026-10-07 22:34:24.004000+02:00,2026-10-07 23:00:00+02:00,2026-10-07 23:00:00+02:00,2026-10-07,23,Wednesday,False,25.599933333333336
20261007_203422,2026-10-07 20:34:24.004000+00:00,Bern,rail,ch:1:sloid:7000,Bern,ch:1:sloid:7000_gen:ch:1:sloid:7000:6:12_pf:12A-C,2026-10-07,ch:1:sjyid:100015:15389-001,rail,S-Bahn,S3,S3,15389,Belp,Biel/Bienne,12A-C,,2026-10-07 21:00:00+00:00,2026-10-07 21:00:30+00:00,,True,0.5,2026-10-07 22:34:24.004000+02:00,2026-10-07 23:00:00+02:00,2026-10-07 23:00:30+02:00,2026-10-07,23,Wednesday,False,25.599933333333336
20261007_203422,2026-10-07 20:34:24.004000+00:00,Bern,rail,ch:1:sloid:7000,Bern,ch:1:sloid:7000:3:6,2026-10-07,ch:1:sjyid:100001:839-001,rail,InterCity,IC8,IC8,839,Bern,Zürich HB,6,,2026-10-07 21:02:00+00:00,2026-10-07 21:02:36+00:00,,True,0.6,2026-10-07 22:34:24.004000+02:00,2026-10-07 23:02:00+02:00,2026-10-07 23:02:36+02:00,2026-10-07,23,Wednesday,False,27.599933333333336
20261007_203422,2026-10-07 20:34:24.004000+00:00,Bern,rail,ch:1:sloid:7000,Bern,ch:1:sloid:7000:1:1,2026-10-07,ch:1:sjyid:100015:15386-001,rail,S-Bahn,S3,S3,15386,Biel/Bienne,Belp,1A-D,,2026-10-07 21:02:00+00:00,2026-10-07 21:02:12+00:00,,True,0.2,2026-10-07 22:34:24.004000+02:00,2026-10-07 23:02:00+02:00,2026-10-07 23:02:12+02:00,2026-10-07,23,Wednesday,False,27.599933333333336
20261007_203422,2026-10-07 20:34:24.004000+00:00,Bern,rail,ch:1:sloid:7000,Bern,ch:1:sloid:7000:500:21,2026-10-07,ch:1:sjyid:100066:SKI-1231,rail,RegioExpress,RE5,RE5,1231,Bern,Solothurn,21,,2026-10-07 21:05:00+00:00,2026-10-07 21:05:00+00:00,,True,0.0,2026-10-07 22:34:24.004000+02:00,2026-10-07 23:05:00+02:00,2026-10-07 23:05:00+02:00,2026-10-07,23,Wednesday,False,30.599933333333336
20261007_203422,2026-10-07 20:34:24.004000+00:00,Bern,rail,ch:1:sloid:7000,Bern,ch:1:sloid:7000_gen:ch:1:sloid:7000:6:33_pf:13D-F,2026-10-07,ch:1:sjyid:100015:15688-001,rail,S-Bahn,S6,S6,15688,Bern,Schwarzenburg,13D-F,,2026-10-07 21:06:00+00:00,2026-10-07 21:06:12+00:00,,True,0.2,2026-10-07 22:34:24.004000+02:00,2026-10-07 23:06:00+02:00,2026-10-07 23:06:12+02:00,2026-10-07,23,Wednesday,False,31.599933333333336
20261007_203422,2026-10-07 20:34:24.004000+00:00,Bern,rail,ch:1:sloid:7000,Bern,ch:1:sloid:7000:5:10,2026-10-07,ch:1:sjyid:100015:2845-001,rail,InterRegio,IR17,IR17,2845,Bern,Olten,10,,2026-10-07 21:06:00+00:00,2026-10-07 21:06:12+00:00,,True,0.2,2026-10-07 22:34:24.004000+02:00,2026-10-07 23:06:00+02:00,2026-10-07 23:06:12+02:00,2026-10-07,23,Wednesday,False,31.599933333333336
20261007_203422,2026-10-07 20:34:24.004000+00:00,Bern,rail,ch:1:sloid:7000,Bern,ch:1:sloid:7000:4:7,2026-10-07,ch:1:sjyid:100001:2540-001,rail,InterRegio,IR15,IR15,2540,Luzern,Lausanne,7,,2026-10-07 21:08:00+00:00,2026-10-07 21:08:30+00:00,,True,0.5,2026-10-07 22:34:24.004000+02:00,2026-10-07 23:08:00+02:00,2026-10-07 23:08:30+02:00,2026-10-07,23,Wednesday,False,33.59993333333333
20261007_203422,2026-10-07 20:34:24.004000+00:00,Bern,rail,ch:1:sloid:7000,Bern,ch:1:sloid:7000_gen:ch:1:sloid:7000:6:13_pf:13AB,2026-10-07,ch:1:sjyid:100015:15588-001,rail,S-Bahn,S5,S5,15588,Bern,Neuchâtel/Avenches,13AB,,2026-10-07 21:08:00+00:00,2026-10-07 21:08:12+00:00,,True,0.2,2026-10-07 22:34:24.004000+02:00,2026-10-07 23:08:00+02:00,2026-10-07 23:08:12+02:00,2026-10-07,23,Wednesday,False,33.59993333333333
20261007_203422,2026-10-07 20:34:24.004000+00:00,Bern,rail,ch:1:sloid:7000,Bern,ch:1:sloid:7000:5:9,2026-10-07,ch:1:sjyid:100001:989-001,rail,InterCity,IC61,IC61,989,Basel SBB,Spiez,9,,2026-10-07 21:08:00+00:00,2026-10-07 21:08:42+00:00,,True,0.7,2026-10-07 22:34:24.004000+02:00,2026-10-07 23:08:00+02:00,2026-10-07 23:08:42+02:00,2026-10-07,23,Wednesday,False,33.59993333333333
20261007_203422,2026-10-07 20:34:24.004000+00:00,Bern,rail,ch:1:sloid:7000,Bern,ch:1:sloid:7000:501:23,2026-10-07,ch:1:sjyid:100066:SKI-8231,rail,S-Bahn,S8,S8,8231,Bern,Bätterkinden,23,,2026-10-07 21:09:00+00:00,2026-10-07 21:09:00+00:00,,True,0.0,2026-10-07 22:34:24.004000+02:00,2026-10-07 23:09:00+02:00,2026-10-07 23:09:00+02:00,2026-10-07,23,Wednesday,False,34.59993333333333
20261007_203422,2026-10-07 20:34:24.004000+00:00,Bern,rail,ch:1:sloid:7000,Bern,ch:1:sloid:7000:55:50,2026-10-07,ch:1:sjyid:100015:3389-001,rail,InterRegio,IR65,IR65,3389,Bern,Biel/Bienne,50,,2026-10-07 21:12:00+00:00,2026-10-07 21:12:12+00:00,,True,0.2,2026-10-07 22:34:24.004000+02:00,2026-10-07 23:12:00+02:00,2026-10-07 23:12:12+02:00,2026-10-07,23,Wednesday,False,37.59993333333333
20261007_203422,2026-10-07 20:34:24.548000+00:00,Basel,rail,ch:1:sloid:10,Basel SBB,ch:1:sloid:10:2:4,2026-10-07,ch:1:sjyid:100001:377-001,rail,InterCityExpress,ICE,ICE,377,Basel Bad Bf,Brig,4,5,2026-10-07 20:28:00+00:00,2026-10-07 20:29:00+00:00,,True,1.0,2026-10-07 22:34:24.548000+02:00,2026-10-07 22:28:00+02:00,2026-10-07 22:29:00+02:00,2026-10-07,22,Wednesday,False,-6.409133333333333
20261007_203422,2026-10-07 20:34:24.548000+00:00,Basel,rail,ch:1:sloid:10,Basel SBB,ch:1:sloid:10:22:35,2026-10-07,ch:1:sjyid:100001:96144-001,rail,Train Express Regional,TER,TER,96144,Basel SBB,Mulhouse,35,,2026-10-07 20:38:00+00:00,2026-10-07 20:38:18+00:00,,True,0.3,2026-10-07 22:34:24.548000+02:00,2026-10-07 22:38:00+02:00,2026-10-07 22:38:18+02:00,2026-10-07,22,Wednesday,False,3.5908666666666664
20261007_203422,2026-10-07 20:34:24.548000+00:00,Basel,rail,ch:1:sloid:10,Basel SBB,ch:1:sloid:10:8:16,2026-10-07,ch:1:sjyid:100001:17382-001,rail,S-Bahn,S3,S3,17382,Olten,Laufen,16,,2026-10-07 20:38:00+00:00,2026-10-07 20:38:12+00:00,,True,0.2,2026-10-07 22:34:24.548000+02:00,2026-10-07 22:38:00+02:00,2026-10-07 22:38:12+02:00,2026-10-07,22,Wednesday,False,3.5908666666666664
20261007_203422,2026-10-07 20:34:24.548000+00:00,Basel,rail,ch:1:sloid:10,Basel SBB,ch:1:sloid:10:2:4,2026-10-07,ch:1:sjyid:100001:2291-001,rail,InterRegio,IR37,IR37,2291,Basel SBB,Zürich HB,5,4,2026-10-07 20:43:00+00:00,2026-10-07 20:43:48+00:00,,True,0.8,2026-10-07 22:34:24.548000+02:00,2026-10-07 22:43:00+02:00,2026-10-07 22:43:48+02:00,2026-10-07,22,Wednesday,False,8.590866666666667
20261007_203422,2026-10-07 20:34:24.548000+00:00,Basel,rail,ch:1:sloid:10,Basel SBB,ch:1:sloid:10:6:12,2026-10-07,ch:1:sjyid:100001:17287-001,rail,S-Bahn,S1,S1,17287,Basel SBB,Laufenburg,12,,2026-10-07 20:49:00+00:00,2026-10-07 20:49:12+00:00,,True,0.2,2026-10-07 22:34:24.548000+02:00,2026-10-07 22:49:00+02:00,2026-10-07 22:49:12+02:00,2026-10-07,22,Wednesday,False,14.590866666666667
20261007_203422,2026-10-07 20:34:24.548000+00:00,Basel,rail,ch:1:sloid:10,Basel SBB,ch:1:sloid:10:1:1,2026-10-07,ch:1:sjyid:100001:5338-001,rail,RegioExpress,RE7,RE7,5338,Basel SBB,Offenburg,1,,2026-10-07 20:57:00+00:00,2026-10-07 20:57:18+00:00,,True,0.3,2026-10-07 22:34:24.548000+02:00,2026-10-07 22:57:00+02:00,2026-10-07 22:57:18+02:00,2026-10-07,22,Wednesday,False,22.590866666666667
20261007_203422,2026-10-07 20:34:24.548000+00:00,Basel,rail,ch:1:sloid:10,Basel SBB,ch:1:sloid:10:3:6,2026-10-07,ch:1:sjyid:100001:2345-001,rail,InterCity,IC,IC,2345,Basel SBB,Luzern,6,,2026-10-07 20:58:00+00:00,2026-10-07 20:58:42+00:00,,True,0.7,2026-10-07 22:34:24.548000+02:00,2026-10-07 22:58:00+02:00,2026-10-07 22:58:42+02:00,2026-10-07,22,Wednesday,False,23.590866666666667
20261007_203422,2026-10-07 20:34:24.548000+00:00,Basel,rail,ch:1:sloid:10,Basel SBB,ch:1:sloid:10:0:19,2026-10-07,ch:1:sjyid:100001:17385-002,rail,S-Bahn,S3,S3,17385,Laufen,Olten,19,,2026-10-07 21:00:00+00:00,2026-10-07 21:00:12+00:00,,True,0.2,2026-10-07 22:34:24.548000+02:00,2026-10-07 23:00:00+02:00,2026-10-07 23:00:12+02:00,2026-10-07,23,Wednesday,False,25.590866666666667
20261007_203422,2026-10-07 20:34:24.548000+00:00,Basel,rail,ch:1:sloid:10,Basel SBB,ch:1:sloid:10:0:20,2026-10-07,ch:1:sjyid:100015:1888-001,rail,InterRegio,IR56,IR56,1888,Basel SBB,Biel/Bienne,20,,2026-10-07 21:02:00+00:00,2026-10-07 21:02:12+00:00,,True,0.2,2026-10-07 22:34:24.548000+02:00,2026-10-07 23:02:00+02:00,2026-10-07 23:02:12+02:00,2026-10-07,23,Wednesday,False,27.590866666666667
20261007_203422,2026-10-07 20:34:24.548000+00:00,Basel,rail,ch:1:sloid:10,Basel SBB,ch:1:sloid:10:6:11,2026-10-07,ch:1:sjyid:100001:1993-001,rail,InterRegio,IR36,IR36,1993,Basel SBB,Zürich HB,11,,2026-10-07 21:07:00+00:00,2026-10-07 21:07:42+00:00,,True,0.7,2026-10-07 22:34:24.548000+02:00,2026-10-07 23:07:00+02:00,2026-10-07 23:07:42+02:00,2026-10-07,23,Wednesday,False,32.59086666666666
20261007_203422,2026-10-07 20:34:24.548000+00:00,Basel,rail,ch:1:sloid:10,Basel SBB,ch:1:sloid:10:8:16,2026-10-07,ch:1:sjyid:100001:17384-001,rail,S-Bahn,S3,S3,17384,Olten,Laufen,16,,2026-10-07 21:08:00+00:00,2026-10-07 21:08:12+00:00,,True,0.2,2026-10-07 22:34:24.548000+02:00,2026-10-07 23:08:00+02:00,2026-10-07 23:08:12+02:00,2026-10-07,23,Wednesday,False,33.59086666666666
20261007_203422,2026-10-07 20:34:24.548000+00:00,Basel,rail,ch:1:sloid:10,Basel SBB,ch:1:sloid:10:6:12,2026-10-07,ch:1:sjyid:100001:17189-001,rail,S-Bahn,S1,S1,17189,Basel SBB,Frick,12,,2026-10-07 21:19:00+00:00,2026-10-07 21:19:12+00:00,,True,0.2,2026-10-07 22:34:24.548000+02:00,2026-10-07 23:19:00+02:00,2026-10-07 23:19:12+02:00,2026-10-07,23,Wednesday,False,44.59086666666667
20261007_203422,2026-10-07 20:34:24.548000+00:00,Basel,rail,ch:1:sloid:10,Basel SBB,ch:1:sloid:10:0:20,2026-10-07,ch:1:sjyid:100001:17387-002,rail,S-Bahn,S3,S3,17387,Laufen,Olten,20,,2026-10-07 21:30:00+00:00,2026-10-07 21:30:12+00:00,,True,0.2,2026-10-07 22:34:24.548000+02:00,2026-10-07 23:30:00+02:00,2026-10-07 23:30:12+02:00,2026-10-07,23,Wednesday,False,55.59086666666667
20261007_203422,2026-10-07 20:34:24.548000+00:00,Basel,rail,ch:1:sloid:10,Basel SBB,ch:1:sloid:10,2026-10-07,ojp:92C12:A:H:j26:1,bus,Bus,C12,C12,44102,Basel SBB,Mulhouse,,,2026-10-07 21:38:00+00:00,,,False,,2026-10-07 22:34:24.548000+02:00,2026-10-07 23:38:00+02:00,,2026-10-07,23,Wednesday,False,63.59086666666667
20261007_203422,2026-10-07 20:34:24.548000+00:00,Basel,rail,ch:1:sloid:10,Basel SBB,ch:1:sloid:10:8:16,2026-10-07,ch:1:sjyid:100001:17386-001,rail,S-Bahn,S3,S3,17386,Olten,Laufen,16,,2026-10-07 21:42:00+00:00,2026-10-07 21:42:12+00:00,,True,0.2,2026-10-07 22:34:24.548000+02:00,2026-10-07 23:42:00+02:00,2026-10-07 23:42:12+02:00,2026-10-07,23,Wednesday,False,67.59086666666667
20261007_203422,2026-10-07 20:34:24.548000+00:00,Basel,rail,ch:1:sloid:10,Basel SBB,ch:1:sloid:10:6:12,2026-10-07,ch:1:sjyid:100001:17291-001,rail,S-Bahn,S1,S1,17291,Basel SBB,Laufenburg,12,,2026-10-07 21:49:00+00:00,2026-10-07 21:49:12+00:00,,True,0.2,2026-10-07 22:34:24.548000+02:00,2026-10-07 23:49:00+02:00,2026-10-07 23:49:12+02:00,2026-10-07,23,Wednesday,False,74.59086666666667
20261007_203422,2026-10-07 20:34:24.548000+00:00,Basel,rail,ch:1:sloid:10,Basel SBB,ch:1:sloid:10:0:19,2026-10-07,ch:1:sjyid:100001:17389-002,rail,S-Bahn,S3,S3,17389,Laufen,Olten,19,,2026-10-07 22:00:00+00:00,2026-10-07 22:00:12+00:00,,True,0.2,2026-10-07 22:34:24.548000+02:00,2026-10-08 00:00:00+02:00,2026-10-08 00:00:12+02:00,2026-10-08,0,Thursday,False,85.59086666666667
20261007_203422,2026-10-07 20:34:24.548000+00:00,Basel,rail,ch:1:sloid:10,Basel SBB,ch:1:sloid:10:3:6,2026-10-07,ch:1:sjyid:100061:2347-002,rail,InterRegio,IR26,IR26,2347,Basel SBB,Luzern,6,,2026-10-07 22:04:00+00:00,2026-10-07 22:04:30+00:00,,True,0.5,2026-10-07 22:34:24.548000+02:00,2026-10-08 00:04:00+02:00,2026-10-08 00:04:30+02:00,2026-10-08,0,Thursday,False,89.59086666666667
20261007_203422,2026-10-07 20:34:24.548000+00:00,Basel,rail,ch:1:sloid:10,Basel SBB,ch:1:sloid:10:6:11,2026-10-07,ch:1:sjyid:100001:1995-001,rail,InterRegio,IR36,IR36,1995,Basel SBB,Zürich HB,11,,2026-10-07 22:07:00+00:00,2026-10-07 22:07:42+00:00,,True,0.7,2026-10-07 22:34:24.548000+02:00,2026-10-08 00:07:00+02:00,2026-10-08 00:07:42+02:00,2026-10-08,0,Thursday,False,92.59086666666667
20261007_203422,2026-10-07 20:34:24.548000+00:00,Basel,rail,ch:1:sloid:10,Basel SBB,ch:1:sloid:10:8:16,2026-10-07,ch:1:sjyid:100001:17388-001,rail,S-Bahn,S3,S3,17388,Olten,Delémont,16,,2026-10-07 22:08:00+00:00,2026-10-07 22:08:12+00:00,,True,0.2,2026-10-07 22:34:24.548000+02:00,2026-10-08 00:08:00+02:00,2026-10-08 00:08:12+02:00,2026-10-08,0,Thursday,False,93.59086666666667
20261007_203422,2026-10-07 20:34:24.548000+00:00,Basel,rail,ch:1:sloid:10,Basel SBB,ch:1:sloid:10:6:12,2026-10-07,ch:1:sjyid:100001:17193-002,rail,S-Bahn,S1,S1,17193,Basel SBB,Brugg AG,12,,2026-10-07 22:20:00+00:00,2026-10-07 22:20:12+00:00,,True,0.2,2026-10-07 22:34:24.548000+02:00,2026-10-08 00:20:00+02:00,2026-10-08 00:20:12+02:00,2026-10-08,0,Thursday,False,105.59086666666667
20261007_203422,2026-10-07 20:34:24.548000+00:00,Basel,rail,ch:1:sloid:10,Basel SBB,ch:1:sloid:10:0:20,2026-10-07,ch:1:sjyid:100001:17391-002,rail,S-Bahn,S3,S3,17391,Laufen,Olten,20,,2026-10-07 22:30:00+00:00,2026-10-07 22:30:12+00:00,,True,0.2,2026-10-07 22:34:24.548000+02:00,2026-10-08 00:30:00+02:00,2026-10-08 00:30:12+02:00,2026-10-08,0,Thursday,False,115.59086666666667
20261007_203422,2026-10-07 20:34:24.548000+00:00,Basel,rail,ch:1:sloid:10,Basel SBB,ch:1:sloid:10:6:11,2026-10-07,ch:1:sjyid:100001:17390-003,rail,S-Bahn,S3,S3,17390,Olten,Delémont,14,,2026-10-07 22:46:00+00:00,2026-10-07 22:46:12+00:00,,True,0.2,2026-10-07 22:34:24.548000+02:00,2026-10-08 00:46:00+02:00,2026-10-08 00:46:12+02:00,2026-10-08,0,Thursday,False,131.59086666666667
20261007_203422,2026-10-07 20:34:24.548000+00:00,Basel,rail,ch:1:sloid:10,Basel SBB,ch:1:sloid:10_gen:ch:1:sloid:10:6:12_pf:12AB,2026-10-08,ch:1:sjyid:100001:17113-001,rail,S-Bahn,S1,S1,17113,Basel SBB,Frick,12AB,,2026-10-08 02:19:00+00:00,,,False,,2026-10-07 22:34:24.548000+02:00,2026-10-08 04:19:00+02:00,,2026-10-08,4,Thursday,False,344.59086666666667
20261007_203422,2026-10-07 20:34:24.548000+00:00,Basel,rail,ch:1:sloid:10,Basel SBB,ch:1:sloid:10:3:5,2026-10-08,ch:1:sjyid:100001:2055-001,rail,InterRegio,IR36,IR36,2055,Basel SBB,Zürich Flughafen,5,,2026-10-08 02:36:00+00:00,,,False,,2026-10-07 22:34:24.548000+02:00,2026-10-08 04:36:00+02:00,,2026-10-08,4,Thursday,False,361.59086666666667
20261007_203422,2026-10-07 20:34:24.548000+00:00,Basel,rail,ch:1:sloid:10,Basel SBB,ch:1:sloid:10_gen:ch:1:sloid:10:7:15_pf:15AB,2026-10-08,ch:1:sjyid:100001:17313-001,rail,S-Bahn,S3,S3,17313,Basel SBB,Olten,15AB,,2026-10-08 02:38:00+00:00,,,False,,2026-10-07 22:34:24.548000+02:00,2026-10-08 04:38:00+02:00,,2026-10-08,4,Thursday,False,363.59086666666667
20261007_203422,2026-10-07 20:34:24.548000+00:00,Basel,rail,ch:1:sloid:10,Basel SBB,ch:1:sloid:10:8:16,2026-10-08,ch:1:sjyid:100001:17312-001,rail,S-Bahn,S3,S3,17312,Basel SBB,Delémont,16,,2026-10-08 02:40:00+00:00,,,False,,2026-10-07 22:34:24.548000+02:00,2026-10-08 04:40:00+02:00,,2026-10-08,4,Thursday,False,365.59086666666667
20261007_203422,2026-10-07 20:34:24.548000+00:00,Basel,rail,ch:1:sloid:10,Basel SBB,ch:1:sloid:10:5:10,2026-10-08,ch:1:sjyid:100001:76-003,rail,InterCityExpress,ICE,ICE,76,Basel SBB,Basel Bad Bf,10,,2026-10-08 02:46:00+00:00,,,False,,2026-10-07 22:34:24.548000+02:00,2026-10-08 04:46:00+02:00,,2026-10-08,4,Thursday,False,371.59086666666667
20261007_203422,2026-10-07 20:34:25.031000+00:00,Luzern,rail,ch:1:sloid:5000,Luzern,ch:1:sloid:5000_gen:ch:1:sloid:5000:2:5_pf:5B-D,2026-10-07,ch:1:sjyid:100001:2591-001,rail,InterRegio,IR75,IR75,2591,Luzern,Zürich HB,5B-D,,2026-10-07 20:35:00+00:00,2026-10-07 20:35:30+00:00,,True,0.5,2026-10-07 22:34:25.031000+02:00,2026-10-07 22:35:00+02:00,2026-10-07 22:35:30+02:00,2026-10-07,22,Wednesday,False,0.5828166666666666
20261007_203422,2026-10-07 20:34:25.031000+00:00,Luzern,rail,ch:1:sloid:5000,Luzern,ch:1:sloid:5000:1:2,2026-10-07,ch:1:sjyid:100001:21387-001,rail,S-Bahn,S3,S3,21387,Luzern,Küssnacht am Rigi,2,,2026-10-07 20:39:00+00:00,2026-10-07 20:39:12+00:00,,True,0.2,2026-10-07 22:34:25.031000+02:00,2026-10-07 22:39:00+02:00,2026-10-07 22:39:12+02:00,2026-10-07,22,Wednesday,False,4.582816666666667
20261007_203422,2026-10-07 20:34:25.031000+00:00,Luzern,rail,ch:1:sloid:5000,Luzern,ch:1:sloid:5000:7:14,2026-10-07,ch:1:sjyid:100064:21586-001,rail,S-Bahn,S5,S5,21586,Luzern,Giswil,14,,2026-10-07 20:42:00+00:00,2026-10-07 20:42:12+00:00,,True,0.2,2026-10-07 22:34:25.031000+02:00,2026-10-07 22:42:00+02:00,2026-10-07 22:42:12+02:00,2026-10-07,22,Wednesday,False,7.582816666666667
20261007_203422,2026-10-07 20:34:25.031000+00:00,Luzern,rail,ch:1:sloid:5000,Luzern,ch:1:sloid:5000:4:9,2026-10-07,ch:1:sjyid:100001:21179-001,rail,S-Bahn,S1,S1,21179,Baar,Sursee,9,,2026-10-07 20:44:00+00:00,2026-10-07 20:45:00+00:00,,True,1.0,2026-10-07 22:34:25.031000+02:00,2026-10-07 22:44:00+02:00,2026-10-07 22:45:00+02:00,2026-10-07,22,Wednesday,False,9.582816666666668
20261007_203422,2026-10-07 20:34:25.031000+00:00,Luzern,rail,ch:1:sloid:5000,Luzern,ch:1:sloid:5000:1:2,2026-10-07,ch:1:sjyid:100001:21180-001,rail,S-Bahn,S1,S1,21180,Sursee,Baar,2,,2026-10-07 20:51:00+00:00,2026-10-07 20:51:12+00:00,,True,0.2,2026-10-07 22:34:25.031000+02:00,2026-10-07 22:51:00+02:00,2026-10-07 22:51:12+02:00,2026-10-07,22,Wednesday,False,16.582816666666666
20261007_203422,2026-10-07 20:34:25.031000+00:00,Luzern,rail,ch:1:sloid:5000,Luzern,ch:1:sloid:5000:2:4,2026-10-07,ch:1:sjyid:100061:2340-002,rail,Treno Gottardo,IR26,IR26,2340,Locarno,Basel SBB,4,,2026-10-07 20:54:00+00:00,2026-10-07 20:54:30+00:00,,True,0.5,2026-10-07 22:34:25.031000+02:00,2026-10-07 22:54:00+02:00,2026-10-07 22:54:30+02:00,2026-10-07,22,Wednesday,False,19.582816666666666
20261007_203422,2026-10-07 20:34:25.031000+00:00,Luzern,rail,ch:1:sloid:5000,Luzern,ch:1:sloid:5000:3:6,2026-10-07,ch:1:sjyid:100015:4392-001,rail,RegioExpress,RE7,RE7,4392,Luzern,Langnau i.E.,6,,2026-10-07 20:57:00+00:00,2026-10-07 20:57:12+00:00,,True,0.2,2026-10-07 22:34:25.031000+02:00,2026-10-07 22:57:00+02:00,2026-10-07 22:57:12+02:00,2026-10-07,22,Wednesday,False,22.582816666666666
20261007_203422,2026-10-07 20:34:25.031000+00:00,Luzern,rail,ch:1:sloid:5000,Luzern,ch:1:sloid:5000:7:14,2026-10-07,ch:1:sjyid:100064:21488-001,rail,S-Bahn,S4,S4,21488,Luzern,Stansstad,14,,2026-10-07 20:57:00+00:00,2026-10-07 20:57:12+00:00,,True,0.2,2026-10-07 22:34:25.031000+02:00,2026-10-07 22:57:00+02:00,2026-10-07 22:57:12+02:00,2026-10-07,22,Wednesday,False,22.582816666666666
20261007_203422,2026-10-07 20:34:25.031000+00:00,Luzern,rail,ch:1:sloid:5000,Luzern,ch:1:sloid:5000:4:8,2026-10-07,ch:1:sjyid:100001:2542-001,rail,InterRegio,IR15,IR15,2542,Luzern,Fribourg/Freiburg,8,,2026-10-07 21:00:00+00:00,2026-10-07 21:00:36+00:00,,True,0.6,2026-10-07 22:34:25.031000+02:00,2026-10-07 23:00:00+02:00,2026-10-07 23:00:36+02:00,2026-10-07,23,Wednesday,False,25.582816666666666
20261007_203422,2026-10-07 20:34:25.031000+00:00,Luzern,rail,ch:1:sloid:5000,Luzern,ch:1:sloid:5000:5:10,2026-10-07,ch:1:sjyid:100001:21988-001,rail,S-Bahn,S9,S9,21988,Luzern,Lenzburg,10,,2026-10-07 21:02:00+00:00,2026-10-07 21:02:30+00:00,,True,0.5,2026-10-07 22:34:25.031000+02:00,2026-10-07 23:02:00+02:00,2026-10-07 23:02:30+02:00,2026-10-07,23,Wednesday,False,27.582816666666666
20261007_203422,2026-10-07 20:34:25.031000+00:00,Luzern,rail,ch:1:sloid:5000,Luzern,ch:1:sloid:5000:4:9,2026-10-07,ch:1:sjyid:100001:4742-001,rail,RegioExpress,RE24,RE24,4742,Luzern,Olten,9,,2026-10-07 21:05:00+00:00,2026-10-07 21:05:12+00:00,,True,0.2,2026-10-07 22:34:25.031000+02:00,2026-10-07 23:05:00+02:00,2026-10-07 23:05:12+02:00,2026-10-07,23,Wednesday,False,30.582816666666666
20261007_203422,2026-10-07 20:34:25.031000+00:00,Luzern,rail,ch:1:sloid:5000,Luzern,ch:1:sloid:5000:5:11,2026-10-07,ch:1:sjyid:100001:21389-001,rail,S-Bahn,S3,S3,21389,Luzern,Brunnen,11,,2026-10-07 21:06:00+00:00,2026-10-07 21:07:00+00:00,,True,1.0,2026-10-07 22:34:25.031000+02:00,2026-10-07 23:06:00+02:00,2026-10-07 23:07:00+02:00,2026-10-07,23,Wednesday,False,31.582816666666666
20261007_203422,2026-10-07 20:34:25.031000+00:00,Luzern,rail,ch:1:sloid:5000,Luzern,ch:1:sloid:5000:1:3,2026-10-07,ch:1:sjyid:100001:2644-001,rail,InterRegio,IR70,IR70,2644,Luzern,Zürich HB,3,,2026-10-07 21:09:00+00:00,2026-10-07 21:10:00+00:00,,True,1.0,2026-10-07 22:34:25.031000+02:00,2026-10-07 23:09:00+02:00,2026-10-07 23:10:00+02:00,2026-10-07,23,Wednesday,False,34.582816666666666
20261007_203422,2026-10-07 20:34:25.031000+00:00,Luzern,rail,ch:1:sloid:5000,Luzern,ch:1:sloid:5000:6:13,2026-10-07,ch:1:sjyid:100064:22418-001,rail,S-Bahn,S44,S44,22418,Luzern,Stansstad,13,,2026-10-07 21:10:00+00:00,2026-10-07 21:10:12+00:00,,True,0.2,2026-10-07 22:34:25.031000+02:00,2026-10-07 23:10:00+02:00,2026-10-07 23:10:12+02:00,2026-10-07,23,Wednesday,False,35.582816666666666
20261007_203422,2026-10-07 20:34:25.031000+00:00,Luzern,rail,ch:1:sloid:5000,Luzern,ch:1:sloid:5000:7:14,2026-10-07,ch:1:sjyid:100064:21588-001,rail,S-Bahn,S5,S5,21588,Luzern,Giswil,14,,2026-10-07 21:12:00+00:00,2026-10-07 21:12:12+00:00,,True,0.2,2026-10-07 22:34:25.031000+02:00,2026-10-07 23:12:00+02:00,2026-10-07 23:12:12+02:00,2026-10-07,23,Wednesday,False,37.582816666666666
20261007_203422,2026-10-07 20:34:25.031000+00:00,Luzern,rail,ch:1:sloid:5000,Luzern,ch:1:sloid:5000:1:2,2026-10-07,ch:1:sjyid:100001:21181-001,rail,S-Bahn,S1,S1,21181,Baar,Sursee,2,,2026-10-07 21:14:00+00:00,2026-10-07 21:15:00+00:00,,True,1.0,2026-10-07 22:34:25.031000+02:00,2026-10-07 23:14:00+02:00,2026-10-07 23:15:00+02:00,2026-10-07,23,Wednesday,False,39.582816666666666
20261007_203422,2026-10-07 20:34:25.031000+00:00,Luzern,rail,ch:1:sloid:5000,Luzern,ch:1:sloid:5000:2:5,2026-10-07,ch:1:sjyid:100015:21688-001,rail,S-Bahn,S6,S6,21688,Luzern,Langnau i.E./Huttwil,5B-D,5,2026-10-07 21:16:00+00:00,2026-10-07 21:17:00+00:00,,True,1.0,2026-10-07 22:34:25.031000+02:00,2026-10-07 23:16:00+02:00,2026-10-07 23:17:00+02:00,2026-10-07,23,Wednesday,False,41.582816666666666
20261007_203422,2026-10-07 20:34:25.031000+00:00,Luzern,rail,ch:1:sloid:5000,Luzern,ch:1:sloid:5000:3:6,2026-10-07,ch:1:sjyid:100061:2343-002,rail,InterRegio,IR26,IR26,2343,Olten,Arth-Goldau,6,,2026-10-07 21:18:00+00:00,2026-10-07 21:19:00+00:00,,True,1.0,2026-10-07 22:34:25.031000+02:00,2026-10-07 23:18:00+02:00,2026-10-07 23:19:00+02:00,2026-10-07,23,Wednesday,False,43.582816666666666
20261007_203422,2026-10-07 20:34:25.031000+00:00,Luzern,rail,ch:1:sloid:5000,Luzern,ch:1:sloid:5000:4:8,2026-10-07,ch:1:sjyid:100001:21182-001,rail,S-Bahn,S1,S1,21182,Sursee,Baar,8,,2026-10-07 21:21:00+00:00,2026-10-07 21:21:12+00:00,,True,0.2,2026-10-07 22:34:25.031000+02:00,2026-10-07 23:21:00+02:00,2026-10-07 23:21:12+02:00,2026-10-07,23,Wednesday,False,46.582816666666666
20261007_203422,2026-10-07 20:34:25.031000+00:00,Luzern,rail,ch:1:sloid:5000,Luzern,ch:1:sloid:5000:7:14,2026-10-07,ch:1:sjyid:100064:21490-001,rail,S-Bahn,S4,S4,21490,Luzern,Stansstad,14,,2026-10-07 21:27:00+00:00,2026-10-07 21:27:12+00:00,,True,0.2,2026-10-07 22:34:25.031000+02:00,2026-10-07 23:27:00+02:00,2026-10-07 23:27:12+02:00,2026-10-07,23,Wednesday,False,52.582816666666666
20261007_203422,2026-10-07 20:34:25.031000+00:00,Luzern,rail,ch:1:sloid:5000,Luzern,ch:1:sloid:5000:1:3,2026-10-07,ch:1:sjyid:100001:21990-001,rail,S-Bahn,S9,S9,21990,Luzern,Hochdorf,3,,2026-10-07 21:32:00+00:00,2026-10-07 21:32:30+00:00,,True,0.5,2026-10-07 22:34:25.031000+02:00,2026-10-07 23:32:00+02:00,2026-10-07 23:32:30+02:00,2026-10-07,23,Wednesday,False,57.582816666666666
20261007_203422,2026-10-07 20:34:25.031000+00:00,Luzern,rail,ch:1:sloid:5000,Luzern,ch:1:sloid:5000:3:6,2026-10-07,ch:1:sjyid:100001:2593-001,rail,InterRegio,IR75,IR75,2593,Luzern,Zürich HB,6,,2026-10-07 21:35:00+00:00,2026-10-07 21:35:30+00:00,,True,0.5,2026-10-07 22:34:25.031000+02:00,2026-10-07 23:35:00+02:00,2026-10-07 23:35:30+02:00,2026-10-07,23,Wednesday,False,60.582816666666666
20261007_203422,2026-10-07 20:34:25.031000+00:00,Luzern,rail,ch:1:sloid:5000,Luzern,ch:1:sloid:5000:1:2,2026-10-07,ch:1:sjyid:100001:21391-001,rail,S-Bahn,S3,S3,21391,Luzern,Küssnacht am Rigi,2,,2026-10-07 21:39:00+00:00,2026-10-07 21:39:12+00:00,,True,0.2,2026-10-07 22:34:25.031000+02:00,2026-10-07 23:39:00+02:00,2026-10-07 23:39:12+02:00,2026-10-07,23,Wednesday,False,64.58281666666667
20261007_203422,2026-10-07 20:34:25.031000+00:00,Luzern,rail,ch:1:sloid:5000,Luzern,ch:1:sloid:5000:7:14,2026-10-07,ch:1:sjyid:100064:21590-001,rail,S-Bahn,S5,S5,21590,Luzern,Giswil,14,,2026-10-07 21:42:00+00:00,2026-10-07 21:42:12+00:00,,True,0.2,2026-10-07 22:34:25.031000+02:00,2026-10-07 23:42:00+02:00,2026-10-07 23:42:12+02:00,2026-10-07,23,Wednesday,False,67.58281666666667
20261007_203422,2026-10-07 20:34:25.031000+00:00,Luzern,rail,ch:1:sloid:5000,Luzern,ch:1:sloid:5000:4:9,2026-10-07,ch:1:sjyid:100001:21183-001,rail,S-Bahn,S1,S1,21183,Baar,Sursee,9,,2026-10-07 21:44:00+00:00,2026-10-07 21:45:00+00:00,,True,1.0,2026-10-07 22:34:25.031000+02:00,2026-10-07 23:44:00+02:00,2026-10-07 23:45:00+02:00,2026-10-07,23,Wednesday,False,69.58281666666667
20261007_203422,2026-10-07 20:34:25.031000+00:00,Luzern,rail,ch:1:sloid:5000,Luzern,ch:1:sloid:5000:2:4,2026-10-07,ch:1:sjyid:100001:21184-001,rail,S-Bahn,S1,S1,21184,Sursee,Baar,4,,2026-10-07 21:51:00+00:00,2026-10-07 21:51:12+00:00,,True,0.2,2026-10-07 22:34:25.031000+02:00,2026-10-07 23:51:00+02:00,2026-10-07 23:51:12+02:00,2026-10-07,23,Wednesday,False,76.58281666666667
20261007_203422,2026-10-07 20:34:25.031000+00:00,Luzern,rail,ch:1:sloid:5000,Luzern,ch:1:sloid:5000:3:6,2026-10-07,ch:1:sjyid:100001:696-001,rail,InterCity,IC21,IC21,696,Lugano,Basel SBB,6,,2026-10-07 21:54:00+00:00,2026-10-07 21:54:36+00:00,,True,0.6,2026-10-07 22:34:25.031000+02:00,2026-10-07 23:54:00+02:00,2026-10-07 23:54:36+02:00,2026-10-07,23,Wednesday,False,79.58281666666667
20261007_203422,2026-10-07 20:34:25.031000+00:00,Luzern,rail,ch:1:sloid:5000,Luzern,ch:1:sloid:5000:7:14,2026-10-07,ch:1:sjyid:100064:21492-001,rail,S-Bahn,S4,S4,21492,Luzern,Stansstad,14,,2026-10-07 21:57:00+00:00,2026-10-07 21:57:12+00:00,,True,0.2,2026-10-07 22:34:25.031000+02:00,2026-10-07 23:57:00+02:00,2026-10-07 23:57:12+02:00,2026-10-07,23,Wednesday,False,82.58281666666667
20261007_203422,2026-10-07 20:34:25.031000+00:00,Luzern,rail,ch:1:sloid:5000,Luzern,ch:1:sloid:5000:4:9,2026-10-07,ch:1:sjyid:100001:4744-001,rail,RegioExpress,RE24,RE24,4744,Luzern,Olten,9,,2026-10-07 22:05:00+00:00,2026-10-07 22:05:12+00:00,,True,0.2,2026-10-07 22:34:25.031000+02:00,2026-10-08 00:05:00+02:00,2026-10-08 00:05:12+02:00,2026-10-08,0,Thursday,False,90.58281666666667
20261007_203422,2026-10-07 20:34:25.031000+00:00,Luzern,rail,ch:1:sloid:5000,Luzern,ch:1:sloid:5000:5:10,2026-10-07,ch:1:sjyid:100001:21393-001,rail,S-Bahn,S3,S3,21393,Luzern,Brunnen,10,,2026-10-07 22:06:00+00:00,2026-10-07 22:07:00+00:00,,True,1.0,2026-10-07 22:34:25.031000+02:00,2026-10-08 00:06:00+02:00,2026-10-08 00:07:00+02:00,2026-10-08,0,Thursday,False,91.58281666666667
20261007_203422,2026-10-07 20:34:25.517000+00:00,St. Gallen,rail,ch:1:sloid:6302,St. Gallen,ch:1:sloid:6302:2:2,2026-10-07,ch:1:sjyid:100001:13485-003,rail,nightjet,NJ,NJ,13485,Zürich HB,Graz Hbf,2,,2026-10-07 20:35:00+00:00,,,False,,2026-10-07 22:34:25.517000+02:00,2026-10-07 22:35:00+02:00,,2026-10-07,22,Wednesday,False,0.5747166666666667
20261007_203422,2026-10-07 20:34:25.517000+00:00,St. Gallen,rail,ch:1:sloid:6302,St. Gallen,ch:1:sloid:6302:1:1,2026-10-07,ch:1:sjyid:100001:3288-001,rail,InterRegio,IR13,IR13,3288,Sargans,Zürich HB,1,,2026-10-07 20:37:00+00:00,2026-10-07 20:37:30+00:00,,True,0.5,2026-10-07 22:34:25.517000+02:00,2026-10-07 22:37:00+02:00,2026-10-07 22:37:30+02:00,2026-10-07,22,Wednesday,False,2.5747166666666668
20261007_203422,2026-10-07 20:34:25.517000+00:00,St. Gallen,rail,ch:1:sloid:6302,St. Gallen,ch:1:sloid:6302:3:5,2026-10-07,ch:1:sjyid:100061:11483-001,rail,S-Bahn,S4,S4,11483,Rapperswil SG,Sargans,5,,2026-10-07 20:38:00+00:00,2026-10-07 20:39:06+00:00,,True,1.1,2026-10-07 22:34:25.517000+02:00,2026-10-07 22:38:00+02:00,2026-10-07 22:39:06+02:00,2026-10-07,22,Wednesday,False,3.5747166666666668
20261007_203422,2026-10-07 20:34:25.517000+00:00,St. Gallen,rail,ch:1:sloid:6302,St. Gallen,ch:1:sloid:6302:4:7,2026-10-07,ch:1:sjyid:100046:11584-002,rail,S-Bahn,S5,S5,11584,St. Gallen,Weinfelden,7,,2026-10-07 20:40:00+00:00,2026-10-07 20:40:12+00:00,,True,0.2,2026-10-07 22:34:25.517000+02:00,2026-10-07 22:40:00+02:00,2026-10-07 22:40:12+02:00,2026-10-07,22,Wednesday,False,5.574716666666666
20261007_203422,2026-10-07 20:34:25.517000+00:00,St. Gallen,rail,ch:1:sloid:6302,St. Gallen,ch:1:sloid:6302:4:6,2026-10-07,ch:1:sjyid:100046:5244-001,rail,RegioExpress,RE1,RE1,5244,St. Gallen,Herisau,6,,2026-10-07 20:44:00+00:00,2026-10-07 20:44:12+00:00,,True,0.2,2026-10-07 22:34:25.517000+02:00,2026-10-07 22:44:00+02:00,2026-10-07 22:44:12+02:00,2026-10-07,22,Wednesday,False,9.574716666666665
20261007_203422,2026-10-07 20:34:25.517000+00:00,St. Gallen,rail,ch:1:sloid:6302,St. Gallen,ch:1:sloid:6302:1:1,2026-10-07,ch:1:sjyid:100046:11184-001,rail,S-Bahn,S1,S1,11184,Schaffhausen,Wil SG,1,,2026-10-07 20:47:00+00:00,2026-10-07 20:47:12+00:00,,True,0.2,2026-10-07 22:34:25.517000+02:00,2026-10-07 22:47:00+02:00,2026-10-07 22:47:12+02:00,2026-10-07,22,Wednesday,False,12.574716666666665
20261007_203422,2026-10-07 20:34:25.517000+00:00,St. Gallen,rail,ch:1:sloid:6302,St. Gallen,ch:1:sloid:6302:2:3,2026-10-07,ch:1:sjyid:100046:11185-001,rail,S-Bahn,S1,S1,11185,Wil SG,Schaffhausen,3,,2026-10-07 20:49:00+00:00,2026-10-07 20:50:36+00:00,,True,1.6,2026-10-07 22:34:25.517000+02:00,2026-10-07 22:49:00+02:00,2026-10-07 22:50:36+02:00,2026-10-07,22,Wednesday,False,14.574716666666665
20261007_203422,2026-10-07 20:34:25.517000+00:00,St. Gallen,rail,ch:1:sloid:6302,St. Gallen,ch:1:sloid:6302:500:12,2026-10-07,ch:1:sjyid:100007:plan:2222,rail,S-Bahn,S21,S21,2222,Appenzell,Trogen,12,,2026-10-07 20:56:00+00:00,2026-10-07 20:56:00+00:00,,True,0.0,2026-10-07 22:34:25.517000+02:00,2026-10-07 22:56:00+02:00,2026-10-07 22:56:00+02:00,2026-10-07,22,Wednesday,False,21.574716666666667
20261007_203422,2026-10-07 20:34:25.517000+00:00,St. Gallen,rail,ch:1:sloid:6302,St. Gallen,ch:1:sloid:6302:500:11,2026-10-07,ch:1:sjyid:100007:plan:2225,rail,S-Bahn,S21,S21,2225,Trogen,Appenzell,11,,2026-10-07 20:56:00+00:00,2026-10-07 20:56:00+00:00,,True,0.0,2026-10-07 22:34:25.517000+02:00,2026-10-07 22:56:00+02:00,2026-10-07 22:56:00+02:00,2026-10-07,22,Wednesday,False,21.574716666666667
20261007_203422,2026-10-07 20:34:25.517000+00:00,St. Gallen,rail,ch:1:sloid:6302,St. Gallen,ch:1:sloid:6302:4:6,2026-10-07,ch:1:sjyid:100046:11585-001,rail,S-Bahn,S5,S5,11585,Weinfelden,Rorschach,6,,2026-10-07 20:57:00+00:00,2026-10-07 20:57:30+00:00,,True,0.5,2026-10-07 22:34:25.517000+02:00,2026-10-07 22:57:00+02:00,2026-10-07 22:57:30+02:00,2026-10-07,22,Wednesday,False,22.574716666666667
20261007_203422,2026-10-07 20:34:25.517000+00:00,St. Gallen,rail,ch:1:sloid:6302,St. Gallen,ch:1:sloid:6302:3:4,2026-10-07,ch:1:sjyid:100061:2042-001,rail,Voralpen-Express,VAE,VAE,2042,St. Gallen,Rapperswil SG,4,,2026-10-07 21:05:00+00:00,2026-10-07 21:05:12+00:00,,True,0.2,2026-10-07 22:34:25.517000+02:00,2026-10-07 23:05:00+02:00,2026-10-07 23:05:12+02:00,2026-10-07,23,Wednesday,False,30.574716666666667
20261007_203422,2026-10-07 20:34:25.517000+00:00,St. Gallen,rail,ch:1:sloid:6302,St. Gallen,ch:1:sloid:6302:3:5,2026-10-07,ch:1:sjyid:100046:11287-001,rail,S-Bahn,S2,S2,11287,Nesslau-Neu St. Johann,Altstätten SG,5,,2026-10-07 21:08:00+00:00,2026-10-07 21:08:12+00:00,,True,0.2,2026-10-07 22:34:25.517000+02:00,2026-10-07 23:08:00+02:00,2026-10-07 23:08:12+02:00,2026-10-07,23,Wednesday,False,33.57471666666667
20261007_203422,2026-10-07 20:34:25.517000+00:00,St. Gallen,rail,ch:1:sloid:6302,St. Gallen,ch:1:sloid:6302:4:6,2026-10-07,ch:1:sjyid:100046:11586-001,rail,S-Bahn,S5,S5,11586,St. Margrethen SG,Weinfelden,6,,2026-10-07 21:10:00+00:00,2026-10-07 21:10:12+00:00,,True,0.2,2026-10-07 22:34:25.517000+02:00,2026-10-07 23:10:00+02:00,2026-10-07 23:10:12+02:00,2026-10-07,23,Wednesday,False,35.57471666666667
20261007_203422,2026-10-07 20:34:25.517000+00:00,St. Gallen,rail,ch:1:sloid:6302,St. Gallen,ch:1:sloid:6302:1:1,2026-10-07,ch:1:sjyid:100046:11186-001,rail,S-Bahn,S1,S1,11186,Schaffhausen,Wil SG,1,,2026-10-07 21:13:00+00:00,2026-10-07 21:13:12+00:00,,True,0.2,2026-10-07 22:34:25.517000+02:00,2026-10-07 23:13:00+02:00,2026-10-07 23:13:12+02:00,2026-10-07,23,Wednesday,False,38.57471666666667
20261007_203422,2026-10-07 20:34:25.517000+00:00,St. Gallen,rail,ch:1:sloid:6302,St. Gallen,ch:1:sloid:6302:3:4,2026-10-07,ch:1:sjyid:100046:11187-001,rail,S-Bahn,S1,S1,11187,Wil SG,Schaffhausen,4,,2026-10-07 21:19:00+00:00,2026-10-07 21:20:42+00:00,,True,1.7,2026-10-07 22:34:25.517000+02:00,2026-10-07 23:19:00+02:00,2026-10-07 23:20:42+02:00,2026-10-07,23,Wednesday,False,44.57471666666667
20261007_203422,2026-10-07 20:34:25.517000+00:00,St. Gallen,rail,ch:1:sloid:6302,St. Gallen,ch:1:sloid:6302:2:3,2026-10-07,ch:1:sjyid:100046:3507-002,rail,RegioExpress,RE13,RE13,3507,St. Gallen,Sargans,3,,2026-10-07 21:25:00+00:00,2026-10-07 21:25:12+00:00,,True,0.2,2026-10-07 22:34:25.517000+02:00,2026-10-07 23:25:00+02:00,2026-10-07 23:25:12+02:00,2026-10-07,23,Wednesday,False,50.57471666666667
20261007_203422,2026-10-07 20:34:25.517000+00:00,St. Gallen,rail,ch:1:sloid:6302,St. Gallen,ch:1:sloid:6302:500:12,2026-10-07,ch:1:sjyid:100007:plan:2226,rail,S-Bahn,S21,S21,2226,Appenzell,Trogen,12,,2026-10-07 21:26:00+00:00,2026-10-07 21:26:00+00:00,,True,0.0,2026-10-07 22:34:25.517000+02:00,2026-10-07 23:26:00+02:00,2026-10-07 23:26:00+02:00,2026-10-07,23,Wednesday,False,51.57471666666667
20261007_203422,2026-10-07 20:34:25.517000+00:00,St. Gallen,rail,ch:1:sloid:6302,St. Gallen,ch:1:sloid:6302:500:11,2026-10-07,ch:1:sjyid:100007:plan:2229,rail,S-Bahn,S21,S21,2229,Trogen,Appenzell,11,,2026-10-07 21:26:00+00:00,2026-10-07 21:26:00+00:00,,True,0.0,2026-10-07 22:34:25.517000+02:00,2026-10-07 23:26:00+02:00,2026-10-07 23:26:00+02:00,2026-10-07,23,Wednesday,False,51.57471666666667
20261007_203422,2026-10-07 20:34:25.517000+00:00,St. Gallen,rail,ch:1:sloid:6302,St. Gallen,ch:1:sloid:6302:3:5,2026-10-07,ch:1:sjyid:100061:11488-002,rail,S-Bahn,S4,S4,11488,Sargans,Rapperswil SG,5,,2026-10-07 21:27:00+00:00,2026-10-07 21:27:12+00:00,,True,0.2,2026-10-07 22:34:25.517000+02:00,2026-10-07 23:27:00+02:00,2026-10-07 23:27:12+02:00,2026-10-07,23,Wednesday,False,52.57471666666667
20261007_203422,2026-10-07 20:34:25.517000+00:00,St. Gallen,rail,ch:1:sloid:6302,St. Gallen,ch:1:sloid:6302:1:1,2026-10-07,ch:1:sjyid:100001:94-001,rail,EuroCity,EC,EC,94,Bregenz,Zürich HB,1,,2026-10-07 21:29:00+00:00,2026-10-07 21:30:36+00:00,,True,1.6,2026-10-07 22:34:25.517000+02:00,2026-10-07 23:29:00+02:00,2026-10-07 23:30:36+02:00,2026-10-07,23,Wednesday,False,54.57471666666667
20261007_203422,2026-10-07 20:34:25.517000+00:00,St. Gallen,rail,ch:1:sloid:6302,St. Gallen,ch:1:sloid:6302:2:2,2026-10-07,ch:1:sjyid:100001:3290-001,rail,InterRegio,IR13,IR13,3290,St. Gallen,Zürich HB,2,,2026-10-07 21:37:00+00:00,2026-10-07 21:37:30+00:00,,True,0.5,2026-10-07 22:34:25.517000+02:00,2026-10-07 23:37:00+02:00,2026-10-07 23:37:30+02:00,2026-10-07,23,Wednesday,False,62.57471666666667
20261007_203422,2026-10-07 20:34:25.517000+00:00,St. Gallen,rail,ch:1:sloid:6302,St. Gallen,ch:1:sloid:6302:3:5,2026-10-07,ch:1:sjyid:100061:11487-001,rail,S-Bahn,S4,S4,11487,Rapperswil SG,Sargans,5,,2026-10-07 21:38:00+00:00,2026-10-07 21:39:06+00:00,,True,1.1,2026-10-07 22:34:25.517000+02:00,2026-10-07 23:38:00+02:00,2026-10-07 23:39:06+02:00,2026-10-07,23,Wednesday,False,63.57471666666667
20261007_203422,2026-10-07 20:34:25.517000+00:00,St. Gallen,rail,ch:1:sloid:6302,St. Gallen,ch:1:sloid:6302:4:7,2026-10-07,ch:1:sjyid:100046:11588-002,rail,S-Bahn,S5,S5,11588,St. Gallen,Weinfelden,7,,2026-10-07 21:40:00+00:00,2026-10-07 21:40:12+00:00,,True,0.2,2026-10-07 22:34:25.517000+02:00,2026-10-07 23:40:00+02:00,2026-10-07 23:40:12+02:00,2026-10-07,23,Wednesday,False,65.57471666666667
20261007_203422,2026-10-07 20:34:25.517000+00:00,St. Gallen,rail,ch:1:sloid:6302,St. Gallen,ch:1:sloid:6302:4:6,2026-10-07,ch:1:sjyid:100046:5246-001,rail,RegioExpress,RE1,RE1,5246,St. Gallen,Herisau,6,,2026-10-07 21:45:00+00:00,2026-10-07 21:45:12+00:00,,True,0.2,2026-10-07 22:34:25.517000+02:00,2026-10-07 23:45:00+02:00,2026-10-07 23:45:12+02:00,2026-10-07,23,Wednesday,False,70.57471666666667
20261007_203422,2026-10-07 20:34:25.517000+00:00,St. Gallen,rail,ch:1:sloid:6302,St. Gallen,ch:1:sloid:6302:1:1,2026-10-07,ch:1:sjyid:100046:11188-001,rail,S-Bahn,S1,S1,11188,Schaffhausen,Wil SG,1,,2026-10-07 21:47:00+00:00,2026-10-07 21:47:12+00:00,,True,0.2,2026-10-07 22:34:25.517000+02:00,2026-10-07 23:47:00+02:00,2026-10-07 23:47:12+02:00,2026-10-07,23,Wednesday,False,72.57471666666667
20261007_203422,2026-10-07 20:34:25.517000+00:00,St. Gallen,rail,ch:1:sloid:6302,St. Gallen,ch:1:sloid:6302:2:2,2026-10-07,ch:1:sjyid:100046:11189-001,rail,S-Bahn,S1,S1,11189,Wil SG,Kreuzlingen,2,,2026-10-07 21:49:00+00:00,2026-10-07 21:50:36+00:00,,True,1.6,2026-10-07 22:34:25.517000+02:00,2026-10-07 23:49:00+02:00,2026-10-07 23:50:36+02:00,2026-10-07,23,Wednesday,False,74.57471666666667
20261007_203422,2026-10-07 20:34:25.517000+00:00,St. Gallen,rail,ch:1:sloid:6302,St. Gallen,ch:1:sloid:6302:500:12,2026-10-07,ch:1:sjyid:100007:plan:2232,rail,S-Bahn,S21,S21,2232,Appenzell,Trogen,12,,2026-10-07 22:00:00+00:00,2026-10-07 22:00:00+00:00,,True,0.0,2026-10-07 22:34:25.517000+02:00,2026-10-08 00:00:00+02:00,2026-10-08 00:00:00+02:00,2026-10-08,0,Thursday,False,85.57471666666667
20261007_203422,2026-10-07 20:34:25.517000+00:00,St. Gallen,rail,ch:1:sloid:6302,St. Gallen,ch:1:sloid:6302:2:2,2026-10-07,ch:1:sjyid:100061:2044-001,rail,Voralpen-Express,VAE,VAE,2044,St. Gallen,Rapperswil SG,2,,2026-10-07 22:05:00+00:00,2026-10-07 22:05:12+00:00,,True,0.2,2026-10-07 22:34:25.517000+02:00,2026-10-08 00:05:00+02:00,2026-10-08 00:05:12+02:00,2026-10-08,0,Thursday,False,90.57471666666667
20261007_203422,2026-10-07 20:34:25.517000+00:00,St. Gallen,rail,ch:1:sloid:6302,St. Gallen,ch:1:sloid:6302:4:7,2026-10-08,ch:1:sjyid:100046:11500-001,rail,S-Bahn,S5,S5,11500,St. Gallen,Weinfelden,7,,2026-10-07 22:10:00+00:00,2026-10-07 22:10:12+00:00,,True,0.2,2026-10-07 22:34:25.517000+02:00,2026-10-08 00:10:00+02:00,2026-10-08 00:10:12+02:00,2026-10-08,0,Thursday,False,95.57471666666667
20261007_203422,2026-10-07 20:34:25.517000+00:00,St. Gallen,rail,ch:1:sloid:6302,St. Gallen,ch:1:sloid:6302:1:1,2026-10-07,ch:1:sjyid:100046:11190-001,rail,S-Bahn,S1,S1,11190,Schaffhausen,Wil SG,1,,2026-10-07 22:13:00+00:00,2026-10-07 22:13:12+00:00,,True,0.2,2026-10-07 22:34:25.517000+02:00,2026-10-08 00:13:00+02:00,2026-10-08 00:13:12+02:00,2026-10-08,0,Thursday,False,98.57471666666667
20261007_203422,2026-10-07 20:34:26.015000+00:00,Lausanne,rail,ch:1:sloid:1120,Lausanne,ch:1:sloid:1120:0:840061,2026-10-07,ch:1:sjyid:100001:18484-006,rail,RegioExpress,RE33,RE33,18484,Lausanne,Genève-Aéroport,7,,2026-10-07 20:30:00+00:00,2026-10-07 20:34:00+00:00,,True,4.0,2026-10-07 22:34:26.015000+02:00,2026-10-07 22:30:00+02:00,2026-10-07 22:34:00+02:00,2026-10-07,22,Wednesday,False,-4.433583333333333
20261007_203422,2026-10-07 20:34:26.015000+00:00,Lausanne,rail,ch:1:sloid:1120,Lausanne,ch:1:sloid:1120:0:42631,2026-10-07,ch:1:sjyid:100001:543-001,rail,InterCity,IC5,IC5,543,Lausanne,Zürich HB,5,,2026-10-07 20:34:00+00:00,2026-10-07 20:36:12+00:00,,True,2.2,2026-10-07 22:34:26.015000+02:00,2026-10-07 22:34:00+02:00,2026-10-07 22:36:12+02:00,2026-10-07,22,Wednesday,False,-0.4335833333333333
20261007_203422,2026-10-07 20:34:26.015000+00:00,Lausanne,rail,ch:1:sloid:1120,Lausanne,ch:1:sloid:1120:0:276884,2026-10-07,ch:1:sjyid:100001:24489-001,rail,Regio,R4,R4,24489,Le Day,Vevey,3,,2026-10-07 20:34:00+00:00,2026-10-07 20:37:24+00:00,,True,3.4,2026-10-07 22:34:26.015000+02:00,2026-10-07 22:34:00+02:00,2026-10-07 22:37:24+02:00,2026-10-07,22,Wednesday,False,-0.4335833333333333
20261007_203422,2026-10-07 20:34:26.015000+00:00,Lausanne,rail,ch:1:sloid:1120,Lausanne,ch:1:sloid:1120:0:860143,2026-10-07,ch:1:sjyid:100001:24880-002,rail,Regio,R8,R8,24880,Lausanne,Morges,4,,2026-10-07 20:34:00+00:00,2026-10-07 20:34:12+00:00,,True,0.2,2026-10-07 22:34:26.015000+02:00,2026-10-07 22:34:00+02:00,2026-10-07 22:34:12+02:00,2026-10-07,22,Wednesday,False,-0.4335833333333333
20261007_203422,2026-10-07 20:34:26.015000+00:00,Lausanne,rail,ch:1:sloid:1120,Lausanne,ch:1:sloid:1120:0:638488,2026-10-07,ch:1:sjyid:100001:24280-003,rail,Regio,R2,R2,24280,Villeneuve VD,Grandson,8,,2026-10-07 20:38:00+00:00,2026-10-07 20:39:54+00:00,,True,1.9,2026-10-07 22:34:26.015000+02:00,2026-10-07 22:38:00+02:00,2026-10-07 22:39:54+02:00,2026-10-07,22,Wednesday,False,3.566416666666667
20261007_203422,2026-10-07 20:34:26.015000+00:00,Lausanne,rail,ch:1:sloid:1120,Lausanne,ch:1:sloid:1120:0:668579,2026-10-07,ch:1:sjyid:100001:2541-001,rail,InterRegio,IR15,IR15,2541,Lausanne,Bern,1,,2026-10-07 20:40:00+00:00,2026-10-07 20:40:30+00:00,,True,0.5,2026-10-07 22:34:26.015000+02:00,2026-10-07 22:40:00+02:00,2026-10-07 22:40:30+02:00,2026-10-07,22,Wednesday,False,5.566416666666667
20261007_203422,2026-10-07 20:34:26.015000+00:00,Lausanne,rail,ch:1:sloid:1120,Lausanne,ch:1:sloid:1120:0:638488,2026-10-07,ch:1:sjyid:100001:1736-004,rail,InterRegio,IR95,IR95,1736,Brig,Genève-Aéroport,8,,2026-10-07 20:47:00+00:00,2026-10-07 20:48:18+00:00,,True,1.3,2026-10-07 22:34:26.015000+02:00,2026-10-07 22:47:00+02:00,2026-10-07 22:48:18+02:00,2026-10-07,22,Wednesday,False,12.566416666666667
20261007_203422,2026-10-07 20:34:26.015000+00:00,Lausanne,rail,ch:1:sloid:1120,Lausanne,ch:1:sloid:1120:0:276884,2026-10-07,ch:1:sjyid:100001:1839-002,rail,InterRegio,IR90,IR90,1839,Lausanne,Brig,3,,2026-10-07 20:48:00+00:00,2026-10-07 20:48:30+00:00,,True,0.5,2026-10-07 22:34:26.015000+02:00,2026-10-07 22:48:00+02:00,2026-10-07 22:48:30+02:00,2026-10-07,22,Wednesday,False,13.566416666666667
20261007_203422,2026-10-07 20:34:26.015000+00:00,Lausanne,rail,ch:1:sloid:1120,Lausanne,ch:1:sloid:1120:0:20298,2026-10-07,ch:1:sjyid:100001:24591-001,rail,S-Bahn,S41,S41,24591,Lausanne,Romont FR,70,,2026-10-07 20:49:00+00:00,2026-10-07 20:49:12+00:00,,True,0.2,2026-10-07 22:34:26.015000+02:00,2026-10-07 22:49:00+02:00,2026-10-07 22:49:12+02:00,2026-10-07,22,Wednesday,False,14.566416666666667
20261007_203422,2026-10-07 20:34:26.015000+00:00,Lausanne,rail,ch:1:sloid:1120,Lausanne,ch:1:sloid:1120:0:37997,2026-10-07,ch:1:sjyid:100001:24191-003,rail,Regio,R1,R1,24191,Grandson,St-Maurice,6,,2026-10-07 20:55:00+00:00,2026-10-07 20:55:12+00:00,,True,0.2,2026-10-07 22:34:26.015000+02:00,2026-10-07 22:55:00+02:00,2026-10-07 22:55:12+02:00,2026-10-07,22,Wednesday,False,20.566416666666665
20261007_203422,2026-10-07 20:34:26.015000+00:00,Lausanne,rail,ch:1:sloid:1120,Lausanne,ch:1:sloid:1120:0:668579,2026-10-07,ch:1:sjyid:100001:24991-005,rail,Regio,R9,R9,24991,Allaman,Murten/Morat,1,,2026-10-07 20:57:00+00:00,2026-10-07 20:58:00+00:00,,True,1.0,2026-10-07 22:34:26.015000+02:00,2026-10-07 22:57:00+02:00,2026-10-07 22:58:00+02:00,2026-10-07,22,Wednesday,False,22.566416666666665
20261007_203422,2026-10-07 20:34:26.015000+00:00,Lausanne,rail,ch:1:sloid:1120,Lausanne,ch:1:sloid:1120:0:840061,2026-10-07,ch:1:sjyid:100001:24382-001,rail,Regio,R3,R3,24382,Vevey,Vallorbe,7,,2026-10-07 20:57:00+00:00,2026-10-07 20:57:12+00:00,,True,0.2,2026-10-07 22:34:26.015000+02:00,2026-10-07 22:57:00+02:00,2026-10-07 22:57:12+02:00,2026-10-07,22,Wednesday,False,22.566416666666665
20261007_203422,2026-10-07 20:34:26.015000+00:00,Lausanne,rail,ch:1:sloid:1120,Lausanne,ch:1:sloid:1120:0:638488,2026-10-07,ch:1:sjyid:100001:18440-008,rail,RegioExpress,RE33,RE33,18440,Lausanne,Genève,8,,2026-10-07 21:00:00+00:00,2026-10-07 21:00:24+00:00,,True,0.4,2026-10-07 22:34:26.015000+02:00,2026-10-07 23:00:00+02:00,2026-10-07 23:00:24+02:00,2026-10-07,23,Wednesday,False,25.566416666666665
20261007_203422,2026-10-07 20:34:26.015000+00:00,Lausanne,rail,ch:1:sloid:1120,Lausanne,ch:1:sloid:1120:0:276884,2026-10-07,ch:1:sjyid:100001:1643-001,rail,InterCity,IC51,IC51,1643,Lausanne,Delémont,3,,2026-10-07 21:04:00+00:00,2026-10-07 21:04:30+00:00,,True,0.5,2026-10-07 22:34:26.015000+02:00,2026-10-07 23:04:00+02:00,2026-10-07 23:04:30+02:00,2026-10-07,23,Wednesday,False,29.566416666666665
20261007_203422,2026-10-07 20:34:26.015000+00:00,Lausanne,rail,ch:1:sloid:1120,Lausanne,ch:1:sloid:1120:0:37997,2026-10-07,ch:1:sjyid:100001:24391-001,rail,Regio,R3,R3,24391,Vallorbe,Vevey,6,,2026-10-07 21:04:00+00:00,2026-10-07 21:04:18+00:00,,True,0.3,2026-10-07 22:34:26.015000+02:00,2026-10-07 23:04:00+02:00,2026-10-07 23:04:18+02:00,2026-10-07,23,Wednesday,False,29.566416666666665
20261007_203422,2026-10-07 20:34:26.015000+00:00,Lausanne,rail,ch:1:sloid:1120,Lausanne,ch:1:sloid:1120:0:840061,2026-10-07,ch:1:sjyid:100001:24982-005,rail,Regio,R9,R9,24982,Murten/Morat,Allaman,7,,2026-10-07 21:04:00+00:00,2026-10-07 21:04:12+00:00,,True,0.2,2026-10-07 22:34:26.015000+02:00,2026-10-07 23:04:00+02:00,2026-10-07 23:04:12+02:00,2026-10-07,23,Wednesday,False,29.566416666666665
20261007_203422,2026-10-07 20:34:26.015000+00:00,Lausanne,rail,ch:1:sloid:1120,Lausanne,ch:1:sloid:1120:0:638488,2026-10-07,ch:1:sjyid:100001:24182-003,rail,Regio,R1,R1,24182,St-Maurice,Grandson,8,,2026-10-07 21:08:00+00:00,2026-10-07 21:10:06+00:00,,True,2.1,2026-10-07 22:34:26.015000+02:00,2026-10-07 23:08:00+02:00,2026-10-07 23:10:06+02:00,2026-10-07,23,Wednesday,False,33.56641666666666
20261007_203422,2026-10-07 20:34:26.015000+00:00,Lausanne,rail,ch:1:sloid:1120,Lausanne,ch:1:sloid:1120:0:860143,2026-10-07,ch:1:sjyid:100001:1741-003,rail,InterRegio,IR95,IR95,1741,Genève-Aéroport,Brig,4,,2026-10-07 21:14:00+00:00,2026-10-07 21:14:30+00:00,,True,0.5,2026-10-07 22:34:26.015000+02:00,2026-10-07 23:14:00+02:00,2026-10-07 23:14:30+02:00,2026-10-07,23,Wednesday,False,39.56641666666667
20261007_203422,2026-10-07 20:34:26.015000+00:00,Lausanne,rail,ch:1:sloid:1120,Lausanne,ch:1:sloid:1120:0:840061,2026-10-07,ch:1:sjyid:100001:46-003,rail,EuroCity,EC,EC,46,Domodossola (I),Genève,7,,2026-10-07 21:16:00+00:00,2026-10-07 21:17:30+00:00,,True,1.5,2026-10-07 22:34:26.015000+02:00,2026-10-07 23:16:00+02:00,2026-10-07 23:17:30+02:00,2026-10-07,23,Wednesday,False,41.56641666666667
20261007_203422,2026-10-07 20:34:26.015000+00:00,Lausanne,rail,ch:1:sloid:1120,Lausanne,ch:1:sloid:1120:0:20298,2026-10-07,ch:1:sjyid:100001:24693-001,rail,S-Bahn,S40,S40,24693,Lausanne,Romont FR,70,,2026-10-07 21:21:00+00:00,2026-10-07 21:21:12+00:00,,True,0.2,2026-10-07 22:34:26.015000+02:00,2026-10-07 23:21:00+02:00,2026-10-07 23:21:12+02:00,2026-10-07,23,Wednesday,False,46.56641666666667
20261007_203422,2026-10-07 20:34:26.015000+00:00,Lausanne,rail,ch:1:sloid:1120,Lausanne,ch:1:sloid:1120:0:860143,2026-10-07,ch:1:sjyid:100001:24293-003,rail,Regio,R2,R2,24293,Grandson,Villeneuve VD,4,,2026-10-07 21:24:00+00:00,2026-10-07 21:24:18+00:00,,True,0.3,2026-10-07 22:34:26.015000+02:00,2026-10-07 23:24:00+02:00,2026-10-07 23:24:18+02:00,2026-10-07,23,Wednesday,False,49.56641666666667
20261007_203422,2026-10-07 20:34:26.015000+00:00,Lausanne,rail,ch:1:sloid:1120,Lausanne,ch:1:sloid:1120:0:638488,2026-10-07,ch:1:sjyid:100001:24484-001,rail,Regio,R4,R4,24484,Vevey,Cossonay-Penthalaz,8,,2026-10-07 21:27:00+00:00,2026-10-07 21:27:12+00:00,,True,0.2,2026-10-07 22:34:26.015000+02:00,2026-10-07 23:27:00+02:00,2026-10-07 23:27:12+02:00,2026-10-07,23,Wednesday,False,52.56641666666667
20261007_203422,2026-10-07 20:34:26.015000+00:00,Lausanne,rail,ch:1:sloid:1120,Lausanne,ch:1:sloid:1120:0:840061,2026-10-07,ch:1:sjyid:100001:18486-006,rail,RegioExpress,RE33,RE33,18486,Lausanne,Genève-Aéroport,7,,2026-10-07 21:30:00+00:00,2026-10-07 21:30:12+00:00,,True,0.2,2026-10-07 22:34:26.015000+02:00,2026-10-07 23:30:00+02:00,2026-10-07 23:30:12+02:00,2026-10-07,23,Wednesday,False,55.56641666666667
20261007_203422,2026-10-07 20:34:26.015000+00:00,Lausanne,rail,ch:1:sloid:1120,Lausanne,ch:1:sloid:1120:0:276884,2026-10-07,ch:1:sjyid:100001:24884-002,rail,Regio,R8,R8,24884,Lausanne,Morges,3,,2026-10-07 21:34:00+00:00,2026-10-07 21:34:12+00:00,,True,0.2,2026-10-07 22:34:26.015000+02:00,2026-10-07 23:34:00+02:00,2026-10-07 23:34:12+02:00,2026-10-07,23,Wednesday,False,59.56641666666667
20261007_203422,2026-10-07 20:34:26.015000+00:00,Lausanne,rail,ch:1:sloid:1120,Lausanne,ch:1:sloid:1120:0:860143,2026-10-07,ch:1:sjyid:100001:24493-002,rail,Regio,R4,R4,24493,Le Day,Cully,4,,2026-10-07 21:34:00+00:00,2026-10-07 21:34:18+00:00,,True,0.3,2026-10-07 22:34:26.015000+02:00,2026-10-07 23:34:00+02:00,2026-10-07 23:34:18+02:00,2026-10-07,23,Wednesday,False,59.56641666666667
20261007_203422,2026-10-07 20:34:26.015000+00:00,Lausanne,rail,ch:1:sloid:1120,Lausanne,ch:1:sloid:1120:0:638488,2026-10-07,ch:1:sjyid:100001:24284-003,rail,Regio,R2,R2,24284,Villeneuve VD,Grandson,8,,2026-10-07 21:38:00+00:00,2026-10-07 21:42:54+00:00,,True,4.9,2026-10-07 22:34:26.015000+02:00,2026-10-07 23:38:00+02:00,2026-10-07 23:42:54+02:00,2026-10-07,23,Wednesday,False,63.56641666666667
20261007_203422,2026-10-07 20:34:26.015000+00:00,Lausanne,rail,ch:1:sloid:1120,Lausanne,ch:1:sloid:1120:0:37997,2026-10-07,ch:1:sjyid:100001:1841-002,rail,InterRegio,IR90,IR90,1841,Lausanne,Villeneuve VD,6,,2026-10-07 21:44:00+00:00,2026-10-07 21:44:30+00:00,,True,0.5,2026-10-07 22:34:26.015000+02:00,2026-10-07 23:44:00+02:00,2026-10-07 23:44:30+02:00,2026-10-07,23,Wednesday,False,69.56641666666665
20261007_203422,2026-10-07 20:34:26.015000+00:00,Lausanne,rail,ch:1:sloid:1120,Lausanne,ch:1:sloid:1120:0:668579,2026-10-07,ch:1:sjyid:100001:2543-001,rail,InterRegio,IR15,IR15,2543,Lausanne,Bern,1,,2026-10-07 21:44:00+00:00,2026-10-07 21:44:30+00:00,,True,0.5,2026-10-07 22:34:26.015000+02:00,2026-10-07 23:44:00+02:00,2026-10-07 23:44:30+02:00,2026-10-07,23,Wednesday,False,69.56641666666665
20261007_203422,2026-10-07 20:34:26.015000+00:00,Lausanne,rail,ch:1:sloid:1120,Lausanne,ch:1:sloid:1120:0:20298,2026-10-07,ch:1:sjyid:100001:24595-001,rail,S-Bahn,S41,S41,24595,Lausanne,Romont FR,70,,2026-10-07 21:49:00+00:00,2026-10-07 21:49:12+00:00,,True,0.2,2026-10-07 22:34:26.015000+02:00,2026-10-07 23:49:00+02:00,2026-10-07 23:49:12+02:00,2026-10-07,23,Wednesday,False,74.56641666666665
20261007_203422,2026-10-07 20:34:26.015000+00:00,Lausanne,rail,ch:1:sloid:1120,Lausanne,ch:1:sloid:1120:0:638488,2026-10-07,ch:1:sjyid:100001:1738-005,rail,InterRegio,IR95,IR95,1738,Brig,Genève,8,,2026-10-07 21:50:00+00:00,2026-10-07 21:50:48+00:00,,True,0.8,2026-10-07 22:34:26.015000+02:00,2026-10-07 23:50:00+02:00,2026-10-07 23:50:48+02:00,2026-10-07,23,Wednesday,False,75.56641666666665
20261007_203422,2026-10-07 20:34:26.498000+00:00,Genève,rail,ch:1:sloid:1008,Genève,ch:1:sloid:1008:1:1,2026-10-07,ch:1:sjyid:100001:23183-003,rail,Regio,RL4,RL4,23183,Genève,Coppet,1,,2026-10-07 20:32:00+00:00,2026-10-07 20:34:36+00:00,,True,2.6,2026-10-07 22:34:26.498000+02:00,2026-10-07 22:32:00+02:00,2026-10-07 22:34:36+02:00,2026-10-07,22,Wednesday,False,-2.4416333333333333
20261007_203422,2026-10-07 20:34:26.498000+00:00,Genève,rail,ch:1:sloid:1008,Genève,ch:1:sloid:1008:2:3,2026-10-07,ch:1:sjyid:100001:18491-005,rail,RegioExpress,RE33,RE33,18491,Genève-Aéroport,Villeneuve VD,3,,2026-10-07 20:39:00+00:00,2026-10-07 20:39:18+00:00,,True,0.3,2026-10-07 22:34:26.498000+02:00,2026-10-07 22:39:00+02:00,2026-10-07 22:39:18+02:00,2026-10-07,22,Wednesday,False,4.558366666666667
20261007_203422,2026-10-07 20:34:26.498000+00:00,Genève,rail,ch:1:sloid:1008,Genève,ch:1:sloid:1008:2:3,2026-10-07,ch:1:sjyid:100001:1734-007,rail,InterRegio,IR95,IR95,1734,Brig,Genève-Aéroport,3,,2026-10-07 20:50:00+00:00,2026-10-07 20:51:24+00:00,,True,1.4,2026-10-07 22:34:26.498000+02:00,2026-10-07 22:50:00+02:00,2026-10-07 22:51:24+02:00,2026-10-07,22,Wednesday,False,15.558366666666666
20261007_203422,2026-10-07 20:34:26.498000+00:00,Genève,rail,ch:1:sloid:1008,Genève,ch:1:sloid:1008:4:7,2026-10-07,ch:1:sjyid:100001:23084-002,rail,Regio,RL5,RL5,23084,Genève,La Plaine,6,,2026-10-07 20:55:00+00:00,2026-10-07 20:55:12+00:00,,True,0.2,2026-10-07 22:34:26.498000+02:00,2026-10-07 22:55:00+02:00,2026-10-07 22:55:12+02:00,2026-10-07,22,Wednesday,False,20.558366666666664
20261007_203422,2026-10-07 20:34:26.498000+00:00,Genève,rail,ch:1:sloid:1008,Genève,ch:1:sloid:1008:1:1,2026-10-07,ch:1:sjyid:100001:23185-003,rail,Regio,RL4,RL4,23185,Genève,Coppet,1,,2026-10-07 21:02:00+00:00,2026-10-07 21:02:36+00:00,,True,0.6,2026-10-07 22:34:26.498000+02:00,2026-10-07 23:02:00+02:00,2026-10-07 23:02:36+02:00,2026-10-07,23,Wednesday,False,27.558366666666664
20261007_203422,2026-10-07 20:34:26.498000+00:00,Genève,rail,ch:1:sloid:1008,Genève,ch:1:sloid:1008:3:4,2026-10-07,ch:1:sjyid:100001:18439-006,rail,RegioExpress,RE33,RE33,18439,Genève-Aéroport,Lausanne,4,,2026-10-07 21:08:00+00:00,2026-10-07 21:08:12+00:00,,True,0.2,2026-10-07 22:34:26.498000+02:00,2026-10-07 23:08:00+02:00,2026-10-07 23:08:12+02:00,2026-10-07,23,Wednesday,False,33.558366666666664
20261007_203422,2026-10-07 20:34:26.498000+00:00,Genève,rail,ch:1:sloid:1008,Genève,ch:1:sloid:1008:1:1,2026-10-07,ch:1:sjyid:100001:18438-005,rail,RegioExpress,RE33,RE33,18438,Lausanne,Genève-Aéroport,1,,2026-10-07 21:09:00+00:00,2026-10-07 21:09:12+00:00,,True,0.2,2026-10-07 22:34:26.498000+02:00,2026-10-07 23:09:00+02:00,2026-10-07 23:09:12+02:00,2026-10-07,23,Wednesday,False,34.558366666666664
20261007_203422,2026-10-07 20:34:26.498000+00:00,Genève,rail,ch:1:sloid:1008,Genève,ch:1:sloid:1008:2:3,2026-10-07,ch:1:sjyid:100001:1743-005,rail,InterRegio,IR95,IR95,1743,Genève-Aéroport,Villeneuve VD,3,,2026-10-07 21:15:00+00:00,2026-10-07 21:15:54+00:00,,True,0.9,2026-10-07 22:34:26.498000+02:00,2026-10-07 23:15:00+02:00,2026-10-07 23:15:54+02:00,2026-10-07,23,Wednesday,False,40.558366666666664
20261007_203422,2026-10-07 20:34:26.498000+00:00,Genève,rail,ch:1:sloid:1008,Genève,ch:1:sloid:1008:3:5,2026-10-07,ch:1:sjyid:100001:23086-001,rail,Regio,RL5,RL5,23086,Genève,La Plaine,10,,2026-10-07 21:18:00+00:00,2026-10-07 21:18:12+00:00,,True,0.2,2026-10-07 22:34:26.498000+02:00,2026-10-07 23:18:00+02:00,2026-10-07 23:18:12+02:00,2026-10-07,23,Wednesday,False,43.558366666666664
20261007_203422,2026-10-07 20:34:26.498000+00:00,Genève,rail,ch:1:sloid:1008,Genève,ch:1:sloid:1008:2:3,2026-10-07,ch:1:sjyid:100001:18484-006,rail,RegioExpress,RE33,RE33,18484,Lausanne,Genève-Aéroport,3,,2026-10-07 21:30:00+00:00,2026-10-07 21:30:12+00:00,,True,0.2,2026-10-07 22:34:26.498000+02:00,2026-10-07 23:30:00+02:00,2026-10-07 23:30:12+02:00,2026-10-07,23,Wednesday,False,55.558366666666664
20261007_203422,2026-10-07 20:34:26.498000+00:00,Genève,rail,ch:1:sloid:1008,Genève,ch:1:sloid:1008:1:1,2026-10-07,ch:1:sjyid:100001:23187-003,rail,Regio,RL4,RL4,23187,Genève,Coppet,1,,2026-10-07 21:32:00+00:00,2026-10-07 21:32:36+00:00,,True,0.6,2026-10-07 22:34:26.498000+02:00,2026-10-07 23:32:00+02:00,2026-10-07 23:32:36+02:00,2026-10-07,23,Wednesday,False,57.558366666666664
20261007_203422,2026-10-07 20:34:26.498000+00:00,Genève,rail,ch:1:sloid:1008,Genève,ch:1:sloid:1008:2:2,2026-10-07,ch:1:sjyid:100001:1736-004,rail,InterRegio,IR95,IR95,1736,Brig,Genève-Aéroport,2,,2026-10-07 21:37:00+00:00,2026-10-07 21:38:24+00:00,,True,1.4,2026-10-07 22:34:26.498000+02:00,2026-10-07 23:37:00+02:00,2026-10-07 23:38:24+02:00,2026-10-07,23,Wednesday,False,62.558366666666664
20261007_203422,2026-10-07 20:34:26.498000+00:00,Genève,rail,ch:1:sloid:1008,Genève,ch:1:sloid:1008:2:3,2026-10-07,ch:1:sjyid:100001:18493-005,rail,RegioExpress,RE33,RE33,18493,Genève-Aéroport,Lausanne,3,,2026-10-07 21:41:00+00:00,2026-10-07 21:41:12+00:00,,True,0.2,2026-10-07 22:34:26.498000+02:00,2026-10-07 23:41:00+02:00,2026-10-07 23:41:12+02:00,2026-10-07,23,Wednesday,False,66.55836666666667
20261007_203422,2026-10-07 20:34:26.498000+00:00,Genève,rail,ch:1:sloid:1008,Genève,ch:1:sloid:1008:2:2,2026-10-07,ch:1:sjyid:100001:23189-004,rail,Regio,RL4,RL4,23189,Genève,Coppet,2,,2026-10-07 22:02:00+00:00,,,False,,2026-10-07 22:34:26.498000+02:00,2026-10-08 00:02:00+02:00,,2026-10-08,0,Thursday,False,87.55836666666667
20261007_203422,2026-10-07 20:34:26.498000+00:00,Genève,rail,ch:1:sloid:1008,Genève,ch:1:sloid:1008:3:5,2026-10-07,ch:1:sjyid:100001:23090-002,rail,Regio,RL5,RL5,23090,Genève,Satigny,10,,2026-10-07 22:18:00+00:00,2026-10-07 22:18:12+00:00,,True,0.2,2026-10-07 22:34:26.498000+02:00,2026-10-08 00:18:00+02:00,2026-10-08 00:18:12+02:00,2026-10-08,0,Thursday,False,103.55836666666667
20261007_203422,2026-10-07 20:34:26.498000+00:00,Genève,rail,ch:1:sloid:1008,Genève,ch:1:sloid:1008:2:3,2026-10-07,ch:1:sjyid:100001:18441-007,rail,RegioExpress,RE33,RE33,18441,Genève-Aéroport,Lausanne,3,,2026-10-07 22:27:00+00:00,2026-10-07 22:27:54+00:00,,True,0.9,2026-10-07 22:34:26.498000+02:00,2026-10-08 00:27:00+02:00,2026-10-08 00:27:54+02:00,2026-10-08,0,Thursday,False,112.55836666666667
20261007_203422,2026-10-07 20:34:26.498000+00:00,Genève,rail,ch:1:sloid:1008,Genève,ch:1:sloid:1008:2:3,2026-10-07,ch:1:sjyid:100001:18486-006,rail,RegioExpress,RE33,RE33,18486,Lausanne,Genève-Aéroport,3,,2026-10-07 22:32:00+00:00,2026-10-07 22:33:06+00:00,,True,1.1,2026-10-07 22:34:26.498000+02:00,2026-10-08 00:32:00+02:00,2026-10-08 00:33:06+02:00,2026-10-08,0,Thursday,False,117.55836666666667
20261007_203422,2026-10-07 20:34:26.498000+00:00,Genève,rail,ch:1:sloid:1008,Genève,ch:1:sloid:1008:1:1,2026-10-07,ch:1:sjyid:100001:23191-003,rail,Regio,RL4,RL4,23191,Genève,Coppet,1,,2026-10-07 22:32:00+00:00,2026-10-07 22:32:36+00:00,,True,0.6,2026-10-07 22:34:26.498000+02:00,2026-10-08 00:32:00+02:00,2026-10-08 00:32:36+02:00,2026-10-08,0,Thursday,False,117.55836666666667
20261007_203422,2026-10-07 20:34:26.498000+00:00,Genève,rail,ch:1:sloid:1008,Genève,ch:1:sloid:1008:2:2,2026-10-07,ch:1:sjyid:100001:23193-004,rail,Regio,RL4,RL4,23193,Genève,Coppet,2,,2026-10-07 23:02:00+00:00,,,False,,2026-10-07 22:34:26.498000+02:00,2026-10-08 01:02:00+02:00,,2026-10-08,1,Thursday,False,147.55836666666667
20261007_203422,2026-10-07 20:34:26.498000+00:00,Genève,rail,ch:1:sloid:1008,Genève,ch:1:sloid:1008:3:5,2026-10-07,ch:1:sjyid:100001:23092-003,rail,Regio,RL5,RL5,23092,Genève,Satigny,10,,2026-10-07 23:18:00+00:00,,,False,,2026-10-07 22:34:26.498000+02:00,2026-10-08 01:18:00+02:00,,2026-10-08,1,Thursday,False,163.55836666666667
20261007_203422,2026-10-07 20:34:26.498000+00:00,Genève,rail,ch:1:sloid:1008,Genève,ch:1:sloid:1008:1:1,2026-10-08,ch:1:sjyid:100001:23101-002,rail,Regio,RL4,RL4,23101,Genève,Coppet,1,,2026-10-08 00:00:00+00:00,,,False,,2026-10-07 22:34:26.498000+02:00,2026-10-08 02:00:00+02:00,,2026-10-08,2,Thursday,False,205.55836666666667
20261007_203422,2026-10-07 20:34:26.498000+00:00,Genève,rail,ch:1:sloid:1008,Genève,ch:1:sloid:1008:3:5,2026-10-07,ch:1:sjyid:100001:23096-002,rail,Regio,RL5,RL5,23096,Genève,Satigny,10,,2026-10-08 00:18:00+00:00,,,False,,2026-10-07 22:34:26.498000+02:00,2026-10-08 02:18:00+02:00,,2026-10-08,2,Thursday,False,223.55836666666667
20261007_203422,2026-10-07 20:34:26.498000+00:00,Genève,rail,ch:1:sloid:1008,Genève,ch:1:sloid:1008:2:2,2026-10-08,ch:1:sjyid:100001:23105-002,rail,Regio,RL4,RL4,23105,Genève,Coppet,2,,2026-10-08 01:00:00+00:00,,,False,,2026-10-07 22:34:26.498000+02:00,2026-10-08 03:00:00+02:00,,2026-10-08,3,Thursday,False,265.5583666666667
20261007_203422,2026-10-07 20:34:26.498000+00:00,Genève,rail,ch:1:sloid:1008,Genève,ch:1:sloid:1008:3:5,2026-10-08,ch:1:sjyid:100001:23000-002,rail,Regio,RL5,RL5,23000,Genève,Satigny,10,,2026-10-08 01:18:00+00:00,,,False,,2026-10-07 22:34:26.498000+02:00,2026-10-08 03:18:00+02:00,,2026-10-08,3,Thursday,False,283.5583666666667
20261007_203422,2026-10-07 20:34:26.498000+00:00,Genève,rail,ch:1:sloid:1008,Genève,ch:1:sloid:1008:2:2,2026-10-08,ch:1:sjyid:100001:23109-002,rail,Regio,RL4,RL4,23109,Genève,Coppet,2,,2026-10-08 02:00:00+00:00,,,False,,2026-10-07 22:34:26.498000+02:00,2026-10-08 04:00:00+02:00,,2026-10-08,4,Thursday,False,325.5583666666667
20261007_203422,2026-10-07 20:34:26.498000+00:00,Genève,rail,ch:1:sloid:1008,Genève,ch:1:sloid:1008:2:3,2026-10-08,ch:1:sjyid:100001:18401-004,rail,RegioExpress,RE33,RE33,18401,Genève,Lausanne,3,,2026-10-08 02:08:00+00:00,,,False,,2026-10-07 22:34:26.498000+02:00,2026-10-08 04:08:00+02:00,,2026-10-08,4,Thursday,False,333.5583666666667
20261007_203422,2026-10-07 20:34:26.498000+00:00,Genève,rail,ch:1:sloid:1008,Genève,ch:1:sloid:1008:3:5,2026-10-08,ch:1:sjyid:100001:23008-002,rail,Regio,RL5,RL5,23008,Genève,Satigny,10,,2026-10-08 02:12:00+00:00,,,False,,2026-10-07 22:34:26.498000+02:00,2026-10-08 04:12:00+02:00,,2026-10-08,4,Thursday,False,337.5583666666667
20261007_203422,2026-10-07 20:34:26.498000+00:00,Genève,rail,ch:1:sloid:1008,Genève,ch:1:sloid:1008:2:2,2026-10-08,ch:1:sjyid:100001:18402-002,rail,RegioExpress,RE33,RE33,18402,Lausanne,Genève-Aéroport,2,,2026-10-08 02:46:00+00:00,,,False,,2026-10-07 22:34:26.498000+02:00,2026-10-08 04:46:00+02:00,,2026-10-08,4,Thursday,False,371.5583666666667
20261007_203422,2026-10-07 20:34:26.498000+00:00,Genève,rail,ch:1:sloid:1008,Genève,ch:1:sloid:1008:2:3,2026-10-08,ch:1:sjyid:100001:1805-003,rail,InterRegio,IR90,IR90,1805,Genève,Brig,3,,2026-10-08 02:46:00+00:00,,,False,,2026-10-07 22:34:26.498000+02:00,2026-10-08 04:46:00+02:00,,2026-10-08,4,Thursday,False,371.5583666666667
20261007_203422,2026-10-07 20:34:26.498000+00:00,Genève,rail,ch:1:sloid:1008,Genève,ch:1:sloid:1008:4:7,2026-10-08,ch:1:sjyid:100001:96714-002,rail,Regio,RL6,RL6,96714,Genève,Bellegarde-sur-Valserine,6,,2026-10-08 03:00:00+00:00,,,False,,2026-10-07 22:34:26.498000+02:00,2026-10-08 05:00:00+02:00,,2026-10-08,5,Thursday,False,385.5583666666667
20261007_203422,2026-10-07 20:34:26.988000+00:00,Lugano,rail,ch:1:sloid:5300,Lugano,ch:1:sloid:5300:3:4,2026-10-07,ch:1:sjyid:100001:25836-002,rail,RegioExpress,RE80,RE80,25836,Lugano,Cadenazzo,4,,2026-10-07 20:35:00+00:00,2026-10-07 20:35:48+00:00,,True,0.8,2026-10-07 22:34:26.988000+02:00,2026-10-07 22:35:00+02:00,2026-10-07 22:35:48+02:00,2026-10-07,22,Wednesday,False,0.5502
20261007_203422,2026-10-07 20:34:26.988000+00:00,Lugano,rail,ch:1:sloid:5300,Lugano,ch:1:sloid:5300:2:2,2026-10-07,ch:1:sjyid:100001:25141-001,rail,S-Bahn,S10,S10,25141,Biasca,Chiasso,2,,2026-10-07 20:36:00+00:00,2026-10-07 20:36:12+00:00,,True,0.2,2026-10-07 22:34:26.988000+02:00,2026-10-07 22:36:00+02:00,2026-10-07 22:36:12+02:00,2026-10-07,22,Wednesday,False,1.5502
20261007_203422,2026-10-07 20:34:26.988000+00:00,Lugano,rail,ch:1:sloid:5300,Lugano,ch:1:sloid:5300:1:1,2026-10-07,ch:1:sjyid:100001:25988-001,rail,S-Bahn,S90,S90,25988,Lugano,Giubiasco,1,,2026-10-07 20:38:00+00:00,2026-10-07 20:38:12+00:00,,True,0.2,2026-10-07 22:34:26.988000+02:00,2026-10-07 22:38:00+02:00,2026-10-07 22:38:12+02:00,2026-10-07,22,Wednesday,False,3.5502
20261007_203422,2026-10-07 20:34:26.988000+00:00,Lugano,rail,ch:1:sloid:5300,Lugano,ch:1:sloid:5300:3:4,2026-10-07,ch:1:sjyid:100001:25788-001,rail,S-Bahn,S10,S10,25788,Mendrisio,Biasca,4,,2026-10-07 20:55:00+00:00,2026-10-07 20:57:12+00:00,,True,2.2,2026-10-07 22:34:26.988000+02:00,2026-10-07 22:55:00+02:00,2026-10-07 22:57:12+02:00,2026-10-07,22,Wednesday,False,20.5502
20261007_203422,2026-10-07 20:34:26.988000+00:00,Lugano,rail,ch:1:sloid:5300,Lugano,ch:1:sloid:5300:2:2,2026-10-07,ch:1:sjyid:100001:25541-001,rail,RegioExpress,RE80,RE80,25541,Locarno,Chiasso,2,,2026-10-07 20:55:00+00:00,2026-10-07 20:55:18+00:00,,True,0.3,2026-10-07 22:34:26.988000+02:00,2026-10-07 22:55:00+02:00,2026-10-07 22:55:18+02:00,2026-10-07,22,Wednesday,False,20.5502
20261007_203422,2026-10-07 20:34:26.988000+00:00,Lugano,rail,ch:1:sloid:5300,Lugano,ch:1:sloid:5300:2:2,2026-10-07,ch:1:sjyid:100001:889-001,rail,InterCity,IC2,IC2,889,Zürich HB,Chiasso,2,,2026-10-07 21:00:00+00:00,2026-10-07 21:00:36+00:00,,True,0.6,2026-10-07 22:34:26.988000+02:00,2026-10-07 23:00:00+02:00,2026-10-07 23:00:36+02:00,2026-10-07,23,Wednesday,False,25.5502
20261007_203422,2026-10-07 20:34:26.988000+00:00,Lugano,rail,ch:1:sloid:5300,Lugano,ch:1:sloid:5300:3:4,2026-10-07,ch:1:sjyid:100001:25536-002,rail,RegioExpress,RE80,RE80,25536,Milano Centrale,Cadenazzo,4,,2026-10-07 21:05:00+00:00,2026-10-07 21:05:12+00:00,,True,0.2,2026-10-07 22:34:26.988000+02:00,2026-10-07 23:05:00+02:00,2026-10-07 23:05:12+02:00,2026-10-07,23,Wednesday,False,30.5502
20261007_203422,2026-10-07 20:34:26.988000+00:00,Lugano,rail,ch:1:sloid:5300,Lugano,ch:1:sloid:5300:2:2,2026-10-07,ch:1:sjyid:100001:25791-001,rail,S-Bahn,S10,S10,25791,Biasca,Chiasso/Varese,2,,2026-10-07 21:06:00+00:00,2026-10-07 21:06:12+00:00,,True,0.2,2026-10-07 22:34:26.988000+02:00,2026-10-07 23:06:00+02:00,2026-10-07 23:06:12+02:00,2026-10-07,23,Wednesday,False,31.5502
20261007_203422,2026-10-07 20:34:26.988000+00:00,Lugano,rail,ch:1:sloid:5300,Lugano,ch:1:sloid:5300:1:1,2026-10-07,ch:1:sjyid:100001:25942-001,rail,S-Bahn,S90,S90,25942,Lugano,Giubiasco,1,,2026-10-07 21:08:00+00:00,2026-10-07 21:08:12+00:00,,True,0.2,2026-10-07 22:34:26.988000+02:00,2026-10-07 23:08:00+02:00,2026-10-07 23:08:12+02:00,2026-10-07,23,Wednesday,False,33.5502
20261007_203422,2026-10-07 20:34:26.988000+00:00,Lugano,rail,ch:1:sloid:5300,Lugano,ch:1:sloid:5300:2:3,2026-10-07,ch:1:sjyid:100001:25142-001,rail,S-Bahn,S10,S10,25142,Como Camerlata,Biasca,3,,2026-10-07 21:25:00+00:00,2026-10-07 21:25:24+00:00,,True,0.4,2026-10-07 22:34:26.988000+02:00,2026-10-07 23:25:00+02:00,2026-10-07 23:25:24+02:00,2026-10-07,23,Wednesday,False,50.550200000000004
20261007_203422,2026-10-07 20:34:26.988000+00:00,Lugano,rail,ch:1:sloid:5300,Lugano,ch:1:sloid:5300:3:4,2026-10-07,ch:1:sjyid:100001:25838-002,rail,RegioExpress,RE80,RE80,25838,Lugano,Cadenazzo,4,,2026-10-07 21:35:00+00:00,2026-10-07 21:35:48+00:00,,True,0.8,2026-10-07 22:34:26.988000+02:00,2026-10-07 23:35:00+02:00,2026-10-07 23:35:48+02:00,2026-10-07,23,Wednesday,False,60.550200000000004
20261007_203422,2026-10-07 20:34:26.988000+00:00,Lugano,rail,ch:1:sloid:5300,Lugano,ch:1:sloid:5300:2:2,2026-10-07,ch:1:sjyid:100001:25143-001,rail,S-Bahn,S10,S10,25143,Biasca,Chiasso,2,,2026-10-07 21:36:00+00:00,2026-10-07 21:36:12+00:00,,True,0.2,2026-10-07 22:34:26.988000+02:00,2026-10-07 23:36:00+02:00,2026-10-07 23:36:12+02:00,2026-10-07,23,Wednesday,False,61.550200000000004
20261007_203422,2026-10-07 20:34:26.988000+00:00,Lugano,rail,ch:1:sloid:5300,Lugano,ch:1:sloid:5300:1:1,2026-10-07,ch:1:sjyid:100001:25990-001,rail,S-Bahn,S90,S90,25990,Lugano,Bellinzona,1,,2026-10-07 21:38:00+00:00,2026-10-07 21:38:12+00:00,,True,0.2,2026-10-07 22:34:26.988000+02:00,2026-10-07 23:38:00+02:00,2026-10-07 23:38:12+02:00,2026-10-07,23,Wednesday,False,63.550200000000004
20261007_203422,2026-10-07 20:34:26.988000+00:00,Lugano,rail,ch:1:sloid:5300,Lugano,ch:1:sloid:5300:2:3,2026-10-07,ch:1:sjyid:100001:25790-001,rail,S-Bahn,S10,S10,25790,Mendrisio,Bellinzona,3,,2026-10-07 21:55:00+00:00,2026-10-07 21:55:24+00:00,,True,0.4,2026-10-07 22:34:26.988000+02:00,2026-10-07 23:55:00+02:00,2026-10-07 23:55:24+02:00,2026-10-07,23,Wednesday,False,80.55019999999999
20261007_203422,2026-10-07 20:34:26.988000+00:00,Lugano,rail,ch:1:sloid:5300,Lugano,ch:1:sloid:5300:2:2,2026-10-07,ch:1:sjyid:100001:25543-002,rail,RegioExpress,RE80,RE80,25543,Cadenazzo,Chiasso,2,,2026-10-07 21:55:00+00:00,2026-10-07 21:55:18+00:00,,True,0.3,2026-10-07 22:34:26.988000+02:00,2026-10-07 23:55:00+02:00,2026-10-07 23:55:18+02:00,2026-10-07,23,Wednesday,False,80.55019999999999
20261007_203422,2026-10-07 20:34:26.988000+00:00,Lugano,rail,ch:1:sloid:5300,Lugano,ch:1:sloid:5300:2:2,2026-10-07,ch:1:sjyid:100001:691-002,rail,InterCity,IC21,IC21,691,Basel SBB,Chiasso,2,,2026-10-07 22:00:00+00:00,2026-10-07 22:00:36+00:00,,True,0.6,2026-10-07 22:34:26.988000+02:00,2026-10-08 00:00:00+02:00,2026-10-08 00:00:36+02:00,2026-10-08,0,Thursday,False,85.55019999999999
20261007_203422,2026-10-07 20:34:26.988000+00:00,Lugano,rail,ch:1:sloid:5300,Lugano,ch:1:sloid:5300:3:4,2026-10-07,ch:1:sjyid:100001:25538-002,rail,RegioExpress,RE80,RE80,25538,Milano Centrale,Cadenazzo,4,,2026-10-07 22:05:00+00:00,2026-10-07 22:05:12+00:00,,True,0.2,2026-10-07 22:34:26.988000+02:00,2026-10-08 00:05:00+02:00,2026-10-08 00:05:12+02:00,2026-10-08,0,Thursday,False,90.55019999999999
20261007_203422,2026-10-07 20:34:26.988000+00:00,Lugano,rail,ch:1:sloid:5300,Lugano,ch:1:sloid:5300:2:2,2026-10-07,ch:1:sjyid:100001:25145-001,rail,S-Bahn,S10,S10,25145,Biasca,Chiasso,2,,2026-10-07 22:06:00+00:00,2026-10-07 22:06:12+00:00,,True,0.2,2026-10-07 22:34:26.988000+02:00,2026-10-08 00:06:00+02:00,2026-10-08 00:06:12+02:00,2026-10-08,0,Thursday,False,91.55019999999999
20261007_203422,2026-10-07 20:34:26.988000+00:00,Lugano,rail,ch:1:sloid:5300,Lugano,ch:1:sloid:5300:2:3,2026-10-07,ch:1:sjyid:100001:25144-001,rail,S-Bahn,S10,S10,25144,Chiasso,Bellinzona,3,,2026-10-07 22:25:00+00:00,2026-10-07 22:25:18+00:00,,True,0.3,2026-10-07 22:34:26.988000+02:00,2026-10-08 00:25:00+02:00,2026-10-08 00:25:18+02:00,2026-10-08,0,Thursday,False,110.55019999999999
20261007_203422,2026-10-07 20:34:26.988000+00:00,Lugano,rail,ch:1:sloid:5300,Lugano,ch:1:sloid:5300:2:2,2026-10-07,ch:1:sjyid:100001:25147-001,rail,S-Bahn,S10,S10,25147,Biasca,Chiasso,2,,2026-10-07 22:38:00+00:00,2026-10-07 22:39:00+00:00,,True,1.0,2026-10-07 22:34:26.988000+02:00,2026-10-08 00:38:00+02:00,2026-10-08 00:39:00+02:00,2026-10-08,0,Thursday,False,123.55019999999999
20261007_203422,2026-10-07 20:34:26.988000+00:00,Lugano,rail,ch:1:sloid:5300,Lugano,ch:1:sloid:5300:2:3,2026-10-08,ch:1:sjyid:100001:25792-001,rail,S-Bahn,S10,S10,25792,Mendrisio,Bellinzona,3,,2026-10-07 22:55:00+00:00,,,False,,2026-10-07 22:34:26.988000+02:00,2026-10-08 00:55:00+02:00,,2026-10-08,0,Thursday,False,140.55020000000002
20261007_203422,2026-10-07 20:34:26.988000+00:00,Lugano,rail,ch:1:sloid:5300,Lugano,ch:1:sloid:5300:2:2,2026-10-07,ch:1:sjyid:100001:25545-002,rail,RegioExpress,RE80,RE80,25545,Cadenazzo,Chiasso,2,,2026-10-07 22:55:00+00:00,,,False,,2026-10-07 22:34:26.988000+02:00,2026-10-08 00:55:00+02:00,,2026-10-08,0,Thursday,False,140.55020000000002
20261007_203422,2026-10-07 20:34:26.988000+00:00,Lugano,rail,ch:1:sloid:5300,Lugano,ch:1:sloid:5300:1:1,2026-10-07,ch:1:sjyid:100001:25542-002,rail,RegioExpress,RE80,RE80,25542,Lugano,Cadenazzo,1,,2026-10-07 23:05:00+00:00,,,False,,2026-10-07 22:34:26.988000+02:00,2026-10-08 01:05:00+02:00,,2026-10-08,1,Thursday,False,150.55020000000002
20261007_203422,2026-10-07 20:34:26.988000+00:00,Lugano,rail,ch:1:sloid:5300,Lugano,ch:1:sloid:5300:2:2,2026-10-07,ch:1:sjyid:100001:25149-001,rail,S-Bahn,S10,S10,25149,Biasca,Chiasso,2,,2026-10-07 23:26:00+00:00,,,False,,2026-10-07 22:34:26.988000+02:00,2026-10-08 01:26:00+02:00,,2026-10-08,1,Thursday,False,171.55020000000002
20261007_203422,2026-10-07 20:34:26.988000+00:00,Lugano,rail,ch:1:sloid:5300,Lugano,ch:1:sloid:5300:2:3,2026-10-08,ch:1:sjyid:100001:25104-001,rail,S-Bahn,S10,S10,25104,Chiasso,Airolo,3,,2026-10-08 02:32:00+00:00,,,False,,2026-10-07 22:34:26.988000+02:00,2026-10-08 04:32:00+02:00,,2026-10-08,4,Thursday,False,357.55019999999996
20261007_203422,2026-10-07 20:34:26.988000+00:00,Lugano,rail,ch:1:sloid:5300,Lugano,ch:1:sloid:5300:2:2,2026-10-08,ch:1:sjyid:100001:25755-001,rail,S-Bahn,S10,S10,25755,Bellinzona,Como Camerlata | Malpensa Aeroporto T2,2,,2026-10-08 03:06:00+00:00,,,False,,2026-10-07 22:34:26.988000+02:00,2026-10-08 05:06:00+02:00,,2026-10-08,5,Thursday,False,391.55019999999996
20261007_203422,2026-10-07 20:34:26.988000+00:00,Lugano,rail,ch:1:sloid:5300,Lugano,ch:1:sloid:5300:2:3,2026-10-08,ch:1:sjyid:100001:25106-001,rail,S-Bahn,S10,S10,25106,Chiasso,Biasca,3,,2026-10-08 03:22:00+00:00,,,False,,2026-10-07 22:34:26.988000+02:00,2026-10-08 05:22:00+02:00,,2026-10-08,5,Thursday,False,407.55019999999996
20261007_203422,2026-10-07 20:34:26.988000+00:00,Lugano,rail,ch:1:sloid:5300,Lugano,ch:1:sloid:5300:2:2,2026-10-08,ch:1:sjyid:100001:25107-001,rail,S-Bahn,S10,S10,25107,Castione-Arbedo,Como Camerlata,2,,2026-10-08 03:36:00+00:00,,,False,,2026-10-07 22:34:26.988000+02:00,2026-10-08 05:36:00+02:00,,2026-10-08,5,Thursday,False,421.55019999999996
20261007_203422,2026-10-07 20:34:26.988000+00:00,Lugano,rail,ch:1:sloid:5300,Lugano,ch:1:sloid:5300:2:3,2026-10-08,ch:1:sjyid:100001:664-001,rail,InterCity,IC21,IC21,664,Chiasso,Basel SBB,3,,2026-10-08 04:00:00+00:00,,,False,,2026-10-07 22:34:26.988000+02:00,2026-10-08 06:00:00+02:00,,2026-10-08,6,Thursday,False,445.55019999999996
20261007_203422,2026-10-07 20:34:26.988000+00:00,Lugano,rail,ch:1:sloid:5300,Lugano,ch:1:sloid:5300:1:1,2026-10-08,ch:1:sjyid:100001:25507-001,rail,RegioExpress,RE80,RE80,25507,Lugano,Milano Centrale,1,,2026-10-08 04:02:00+00:00,,,False,,2026-10-07 22:34:26.988000+02:00,2026-10-08 06:02:00+02:00,,2026-10-08,6,Thursday,False,447.55019999999996
20261007_203422,2026-10-07 20:34:27.459000+00:00,Zürich,local,ch:1:sloid:87348,"Zürich, Bahnhofplatz/HB",ch:1:sloid:87348,2026-10-07,ch:1:sjyid:100648:plan:c6f83745-d567-449e-81d0-040365f1e0b6,bus,Bus,31,31,57858,"Zürich, Hermetschloo",Kienastenwies,,,2026-10-07 20:34:24+00:00,2026-10-07 20:35:36+00:00,,True,1.2,2026-10-07 22:34:27.459000+02:00,2026-10-07 22:34:24+02:00,2026-10-07 22:35:36+02:00,2026-10-07,22,Wednesday,False,-0.05765
20261007_203422,2026-10-07 20:34:27.459000+00:00,Zürich,local,ch:1:sloid:87348,"Zürich, Bahnhofplatz/HB",ch:1:sloid:87348::1,2026-10-07,ch:1:sjyid:100648:plan:784c1a69-6f87-4c60-965c-d61926891d2e,tram,Tram,3,3,49930,"Zürich, Klusplatz",Albisrieden,,,2026-10-07 20:34:06+00:00,2026-10-07 20:34:12+00:00,,True,0.1,2026-10-07 22:34:27.459000+02:00,2026-10-07 22:34:06+02:00,2026-10-07 22:34:12+02:00,2026-10-07,22,Wednesday,False,-0.35764999999999997
20261007_203422,2026-10-07 20:34:27.459000+00:00,Zürich,local,ch:1:sloid:87348,"Zürich, Bahnhofplatz/HB",ch:1:sloid:87348::0,2026-10-07,ch:1:sjyid:100648:plan:e2a89f30-fa69-432e-80ab-b8e0f6033175,tram,Tram,6,6,50446,"Zürich, Bahnhofplatz/HB",Zoo,,,2026-10-07 20:35:24+00:00,2026-10-07 20:36:36+00:00,,True,1.2,2026-10-07 22:34:27.459000+02:00,2026-10-07 22:35:24+02:00,2026-10-07 22:36:36+02:00,2026-10-07,22,Wednesday,False,0.9423499999999999
20261007_203422,2026-10-07 20:34:27.459000+00:00,Zürich,local,ch:1:sloid:87348,"Zürich, Bahnhofplatz/HB",ch:1:sloid:87348::11,2026-10-07,ch:1:sjyid:100648:plan:ea543264-b454-4ada-b593-7c47a4b88282,bus,Bus,31,31,58103,"Zürich, Kienastenwies",Hermetschloo,,,2026-10-07 20:38:42+00:00,2026-10-07 20:37:54+00:00,,True,-0.8,2026-10-07 22:34:27.459000+02:00,2026-10-07 22:38:42+02:00,2026-10-07 22:37:54+02:00,2026-10-07,22,Wednesday,False,4.24235
20261007_203422,2026-10-07 20:34:27.459000+00:00,Zürich,local,ch:1:sloid:87348,"Zürich, Bahnhofplatz/HB",ch:1:sloid:87348::0,2026-10-07,ch:1:sjyid:100648:plan:7f20f707-3635-4e5c-a2c8-1f1b1ace9cc4,tram,Tram,3,3,49837,"Zürich, Albisrieden",Klusplatz,,,2026-10-07 20:40:18+00:00,2026-10-07 20:39:54+00:00,,True,-0.4,2026-10-07 22:34:27.459000+02:00,2026-10-07 22:40:18+02:00,2026-10-07 22:39:54+02:00,2026-10-07,22,Wednesday,False,5.84235
20261007_203422,2026-10-07 20:34:27.459000+00:00,Zürich,local,ch:1:sloid:87348,"Zürich, Bahnhofplatz/HB",ch:1:sloid:87348::1,2026-10-07,ch:1:sjyid:100648:plan:a6401578-3917-4805-948a-c9ece6da68de,tram,Tram,14,14,50722,"Zürich, Bahnhofplatz/HB",Triemli,,,2026-10-07 20:41:48+00:00,2026-10-07 20:42:18+00:00,,True,0.5,2026-10-07 22:34:27.459000+02:00,2026-10-07 22:41:48+02:00,2026-10-07 22:42:18+02:00,2026-10-07,22,Wednesday,False,7.34235
20261007_203422,2026-10-07 20:34:27.459000+00:00,Zürich,local,ch:1:sloid:87348,"Zürich, Bahnhofplatz/HB",ch:1:sloid:87348,2026-10-07,ch:1:sjyid:100648:plan:1a2ffba5-6f89-4eef-b236-80b27a689c3b,bus,Bus,31,31,58315,"Zürich, Hermetschloo",Kienastenwies,,,2026-10-07 20:43:54+00:00,2026-10-07 20:44:30+00:00,,True,0.6,2026-10-07 22:34:27.459000+02:00,2026-10-07 22:43:54+02:00,2026-10-07 22:44:30+02:00,2026-10-07,22,Wednesday,False,9.442350000000001
20261007_203422,2026-10-07 20:34:27.459000+00:00,Zürich,local,ch:1:sloid:87348,"Zürich, Bahnhofplatz/HB",ch:1:sloid:87348::1,2026-10-07,ch:1:sjyid:100648:plan:3db0ef43-bb9d-4685-a150-f90f84fc358e,tram,Tram,3,3,50374,"Zürich, Klusplatz",Albisrieden,,,2026-10-07 20:44:06+00:00,2026-10-07 20:44:36+00:00,,True,0.5,2026-10-07 22:34:27.459000+02:00,2026-10-07 22:44:06+02:00,2026-10-07 22:44:36+02:00,2026-10-07,22,Wednesday,False,9.64235
20261007_203422,2026-10-07 20:34:27.459000+00:00,Zürich,local,ch:1:sloid:87348,"Zürich, Bahnhofplatz/HB",ch:1:sloid:87348::0,2026-10-07,ch:1:sjyid:100648:plan:ef040ff2-c48c-4fc0-9044-2bab3c4fc725,tram,Tram,6,6,50870,"Zürich, Bahnhofplatz/HB",Zoo,,,2026-10-07 20:45:24+00:00,2026-10-07 20:45:24+00:00,,True,0.0,2026-10-07 22:34:27.459000+02:00,2026-10-07 22:45:24+02:00,2026-10-07 22:45:24+02:00,2026-10-07,22,Wednesday,False,10.942350000000001
20261007_203422,2026-10-07 20:34:27.459000+00:00,Zürich,local,ch:1:sloid:87348,"Zürich, Bahnhofplatz/HB",ch:1:sloid:87348::11,2026-10-07,ch:1:sjyid:100648:plan:15c993e7-03aa-4991-b1de-4a5dfbd2bb51,bus,Bus,31,31,58576,"Zürich, Kienastenwies",Hermetschloo,,,2026-10-07 20:48:42+00:00,2026-10-07 20:49:00+00:00,,True,0.3,2026-10-07 22:34:27.459000+02:00,2026-10-07 22:48:42+02:00,2026-10-07 22:49:00+02:00,2026-10-07,22,Wednesday,False,14.24235
20261007_203422,2026-10-07 20:34:27.459000+00:00,Zürich,local,ch:1:sloid:87348,"Zürich, Bahnhofplatz/HB",ch:1:sloid:87348::11,2026-10-07,ch:1:sjyid:100648:plan:d8726a57-9006-47d9-af55-9ccbab659f84,bus,Bus,33,33,58832,"Zürich Tiefenbrunnen, Bahnhof",Herdernstrasse,,,2026-10-07 20:48:12+00:00,2026-10-07 20:48:12+00:00,,True,0.0,2026-10-07 22:34:27.459000+02:00,2026-10-07 22:48:12+02:00,2026-10-07 22:48:12+02:00,2026-10-07,22,Wednesday,False,13.74235
20261007_203422,2026-10-07 20:34:27.459000+00:00,Zürich,local,ch:1:sloid:87348,"Zürich, Bahnhofplatz/HB",ch:1:sloid:87348::0,2026-10-07,ch:1:sjyid:100648:plan:4f995666-3b71-4716-bdc4-e33d18d05e4e,tram,Tram,3,3,50337,"Zürich, Albisrieden",Klusplatz,,,2026-10-07 20:51:48+00:00,2026-10-07 20:51:30+00:00,,True,-0.3,2026-10-07 22:34:27.459000+02:00,2026-10-07 22:51:48+02:00,2026-10-07 22:51:30+02:00,2026-10-07,22,Wednesday,False,17.34235
20261007_203422,2026-10-07 20:34:27.459000+00:00,Zürich,local,ch:1:sloid:87348,"Zürich, Bahnhofplatz/HB",ch:1:sloid:87348::1,2026-10-07,ch:1:sjyid:100648:plan:7834b988-d90e-4844-b2d2-a40bb95f7d29,tram,Tram,3,3,50810,"Zürich, Klusplatz",Albisrieden,,,2026-10-07 20:54:06+00:00,2026-10-07 20:54:06+00:00,,True,0.0,2026-10-07 22:34:27.459000+02:00,2026-10-07 22:54:06+02:00,2026-10-07 22:54:06+02:00,2026-10-07,22,Wednesday,False,19.64235
20261007_203422,2026-10-07 20:34:27.459000+00:00,Zürich,local,ch:1:sloid:87348,"Zürich, Bahnhofplatz/HB",ch:1:sloid:87348::1,2026-10-07,ch:1:sjyid:100648:plan:3e48c8a2-3af8-467b-8074-e1046bc00b22,tram,Tram,14,14,51354,"Zürich, Bahnhofplatz/HB",Triemli,,,2026-10-07 20:56:48+00:00,2026-10-07 20:56:48+00:00,,True,0.0,2026-10-07 22:34:27.459000+02:00,2026-10-07 22:56:48+02:00,2026-10-07 22:56:48+02:00,2026-10-07,22,Wednesday,False,22.34235
20261007_203422,2026-10-07 20:34:27.459000+00:00,Zürich,local,ch:1:sloid:87348,"Zürich, Bahnhofplatz/HB",ch:1:sloid:87348::1,2026-10-07,ch:1:sjyid:100648:plan:b2a7179c-cf37-493d-92f4-4c2688e288a5,tram,Tram,15,15,50661,"Zürich Tiefenbrunnen, Bahnhof",Bahnhof Wiedikon,,,2026-10-07 20:56:00+00:00,2026-10-07 20:56:00+00:00,,True,0.0,2026-10-07 22:34:27.459000+02:00,2026-10-07 22:56:00+02:00,2026-10-07 22:56:00+02:00,2026-10-07,22,Wednesday,False,21.54235
20261007_203422,2026-10-07 20:34:27.459000+00:00,Zürich,local,ch:1:sloid:87348,"Zürich, Bahnhofplatz/HB",ch:1:sloid:87348,2026-10-07,ch:1:sjyid:100648:plan:21a8d114-b959-4450-997f-c5928154e6dc,bus,Bus,31,31,59045,"Zürich, Hermetschloo",Kienastenwies,,,2026-10-07 20:58:54+00:00,2026-10-07 20:58:54+00:00,,True,0.0,2026-10-07 22:34:27.459000+02:00,2026-10-07 22:58:54+02:00,2026-10-07 22:58:54+02:00,2026-10-07,22,Wednesday,False,24.442349999999998
20261007_203422,2026-10-07 20:34:27.459000+00:00,Zürich,local,ch:1:sloid:87348,"Zürich, Bahnhofplatz/HB",ch:1:sloid:87348::11,2026-10-07,ch:1:sjyid:100648:plan:1e663b68-c6e5-42ba-a21e-ac7f4f8ec409,bus,Bus,31,31,59087,"Zürich, Kienastenwies",Hermetschloo,,,2026-10-07 20:58:42+00:00,2026-10-07 20:58:42+00:00,,True,0.0,2026-10-07 22:34:27.459000+02:00,2026-10-07 22:58:42+02:00,2026-10-07 22:58:42+02:00,2026-10-07,22,Wednesday,False,24.24235
20261007_203422,2026-10-07 20:34:27.459000+00:00,Zürich,local,ch:1:sloid:87348,"Zürich, Bahnhofplatz/HB",ch:1:sloid:87348::0,2026-10-07,ch:1:sjyid:100648:plan:1b406781-c5cc-49a0-9d91-192dc3af108c,tram,Tram,6,6,51493,"Zürich, Bahnhofplatz/HB",Zoo,,,2026-10-07 20:59:24+00:00,2026-10-07 20:59:24+00:00,,True,0.0,2026-10-07 22:34:27.459000+02:00,2026-10-07 22:59:24+02:00,2026-10-07 22:59:24+02:00,2026-10-07,22,Wednesday,False,24.942349999999998
20261007_203422,2026-10-07 20:34:27.459000+00:00,Zürich,local,ch:1:sloid:87348,"Zürich, Bahnhofplatz/HB",ch:1:sloid:87348::1,2026-10-07,ch:1:sjyid:100648:plan:86481fec-d2ad-4600-af9b-e57883ed54db,tram,Tram,3,3,51247,"Zürich, Klusplatz",Albisrieden,,,2026-10-07 21:04:36+00:00,2026-10-07 21:04:36+00:00,,True,0.0,2026-10-07 22:34:27.459000+02:00,2026-10-07 23:04:36+02:00,2026-10-07 23:04:36+02:00,2026-10-07,23,Wednesday,False,30.14235
20261007_203422,2026-10-07 20:34:27.459000+00:00,Zürich,local,ch:1:sloid:87348,"Zürich, Bahnhofplatz/HB",ch:1:sloid:87348::11,2026-10-07,ch:1:sjyid:100648:plan:85477003-7936-4359-be66-32e235070b42,bus,Bus,31,31,59436,"Zürich, Kienastenwies",Herdernstrasse,,,2026-10-07 21:05:42+00:00,2026-10-07 21:05:42+00:00,,True,0.0,2026-10-07 22:34:27.459000+02:00,2026-10-07 23:05:42+02:00,2026-10-07 23:05:42+02:00,2026-10-07,23,Wednesday,False,31.24235
20261007_203422,2026-10-07 20:34:27.459000+00:00,Zürich,local,ch:1:sloid:87348,"Zürich, Bahnhofplatz/HB",ch:1:sloid:87348::0,2026-10-07,ch:1:sjyid:100648:plan:84001547-e692-43a6-bf7a-3dfedab995c3,tram,Tram,3,3,50987,"Zürich, Albisrieden",Klusplatz,,,2026-10-07 21:06:48+00:00,2026-10-07 21:06:48+00:00,,True,0.0,2026-10-07 22:34:27.459000+02:00,2026-10-07 23:06:48+02:00,2026-10-07 23:06:48+02:00,2026-10-07,23,Wednesday,False,32.342349999999996
20261007_203422,2026-10-07 20:34:27.459000+00:00,Zürich,local,ch:1:sloid:87348,"Zürich, Bahnhofplatz/HB",ch:1:sloid:87348::1,2026-10-07,ch:1:sjyid:100648:plan:3e1dc5a6-0219-455e-8c3e-e226838e632c,tram,Tram,15,15,51284,"Zürich Tiefenbrunnen, Bahnhof",Bahnhof Wiedikon,,,2026-10-07 21:10:30+00:00,2026-10-07 21:10:30+00:00,,True,0.0,2026-10-07 22:34:27.459000+02:00,2026-10-07 23:10:30+02:00,2026-10-07 23:10:30+02:00,2026-10-07,23,Wednesday,False,36.042350000000006
20261007_203422,2026-10-07 20:34:27.459000+00:00,Zürich,local,ch:1:sloid:87348,"Zürich, Bahnhofplatz/HB",ch:1:sloid:87348,2026-10-07,ch:1:sjyid:100648:plan:ff26c5ec-b8c5-4f5d-9c5d-7abde0b782cb,bus,Bus,31,31,59783,"Zürich, Hermetschloo",Kienastenwies,,,2026-10-07 21:13:54+00:00,2026-10-07 21:13:54+00:00,,True,0.0,2026-10-07 22:34:27.459000+02:00,2026-10-07 23:13:54+02:00,2026-10-07 23:13:54+02:00,2026-10-07,23,Wednesday,False,39.442350000000005
20261007_203422,2026-10-07 20:34:27.459000+00:00,Zürich,local,ch:1:sloid:87348,"Zürich, Bahnhofplatz/HB",ch:1:sloid:87348::11,2026-10-07,ch:1:sjyid:100648:plan:c79862a9-3a28-4b20-b9bb-9154c42a12fc,bus,Bus,31,31,59805,"Zürich, Kienastenwies",Hermetschloo,,,2026-10-07 21:13:12+00:00,2026-10-07 21:13:12+00:00,,True,0.0,2026-10-07 22:34:27.459000+02:00,2026-10-07 23:13:12+02:00,2026-10-07 23:13:12+02:00,2026-10-07,23,Wednesday,False,38.74235
20261007_203422,2026-10-07 20:34:27.459000+00:00,Zürich,local,ch:1:sloid:87348,"Zürich, Bahnhofplatz/HB",ch:1:sloid:87348::0,2026-10-07,ch:1:sjyid:100648:plan:d2ce7524-7cda-4f45-9f14-72f6a809a571,tram,Tram,6,6,52084,"Zürich, Bahnhofplatz/HB",Zoo,,,2026-10-07 21:14:24+00:00,2026-10-07 21:14:24+00:00,,True,0.0,2026-10-07 22:34:27.459000+02:00,2026-10-07 23:14:24+02:00,2026-10-07 23:14:24+02:00,2026-10-07,23,Wednesday,False,39.942350000000005
20261007_203422,2026-10-07 20:34:27.459000+00:00,Zürich,local,ch:1:sloid:87348,"Zürich, Bahnhofplatz/HB",ch:1:sloid:87348::11,2026-10-07,ch:1:sjyid:100648:plan:95495be9-dba3-4a26-974d-2c2fff3cea0b,bus,Bus,33,33,60281,"Zürich Tiefenbrunnen, Bahnhof",Herdernstrasse,,,2026-10-07 21:18:12+00:00,2026-10-07 21:18:12+00:00,,True,0.0,2026-10-07 22:34:27.459000+02:00,2026-10-07 23:18:12+02:00,2026-10-07 23:18:12+02:00,2026-10-07,23,Wednesday,False,43.74235
20261007_203422,2026-10-07 20:34:27.459000+00:00,Zürich,local,ch:1:sloid:87348,"Zürich, Bahnhofplatz/HB",ch:1:sloid:87348::1,2026-10-07,ch:1:sjyid:100648:plan:705e8b13-b1a3-47a0-8c71-a7655ec7139f,tram,Tram,3,3,51856,"Zürich, Klusplatz",Albisrieden,,,2026-10-07 21:19:36+00:00,2026-10-07 21:19:36+00:00,,True,0.0,2026-10-07 22:34:27.459000+02:00,2026-10-07 23:19:36+02:00,2026-10-07 23:19:36+02:00,2026-10-07,23,Wednesday,False,45.14235
20261007_203422,2026-10-07 20:34:27.459000+00:00,Zürich,local,ch:1:sloid:87348,"Zürich, Bahnhofplatz/HB",ch:1:sloid:87348::11,2026-10-07,ch:1:sjyid:100648:plan:8136f4e0-01c8-4dad-b1b9-1f8992fe0ef8,bus,Bus,31,31,60127,"Zürich, Kienastenwies",Herdernstrasse,,,2026-10-07 21:20:42+00:00,2026-10-07 21:20:42+00:00,,True,0.0,2026-10-07 22:34:27.459000+02:00,2026-10-07 23:20:42+02:00,2026-10-07 23:20:42+02:00,2026-10-07,23,Wednesday,False,46.24235
20261007_203422,2026-10-07 20:34:27.459000+00:00,Zürich,local,ch:1:sloid:87348,"Zürich, Bahnhofplatz/HB",ch:1:sloid:87348::0,2026-10-07,ch:1:sjyid:100648:plan:496693b7-2992-446e-8a45-2a56c32dfe31,tram,Tram,3,3,51615,"Zürich, Albisrieden",Klusplatz,,,2026-10-07 21:21:48+00:00,2026-10-07 21:21:48+00:00,,True,0.0,2026-10-07 22:34:27.459000+02:00,2026-10-07 23:21:48+02:00,2026-10-07 23:21:48+02:00,2026-10-07,23,Wednesday,False,47.34235
20261007_203422,2026-10-07 20:34:27.947000+00:00,Bern,local,ch:1:sloid:76646,"Bern, Bahnhof",ch:1:sloid:76646:0:39,2026-10-07,ch:1:sjyid:100626:plan:d7987f42-1520-4596-b455-a631a56f4069,tram,Tram,7,7,13373,"Bern, Bahnhof",Bümpliz,N,,2026-10-07 20:33:00+00:00,2026-10-07 20:34:00+00:00,,True,1.0,2026-10-07 22:34:27.947000+02:00,2026-10-07 22:33:00+02:00,2026-10-07 22:34:00+02:00,2026-10-07,22,Wednesday,False,-1.4657833333333334
20261007_203422,2026-10-07 20:34:27.947000+00:00,Bern,local,ch:1:sloid:76646,"Bern, Bahnhof",ch:1:sloid:76646:0:11,2026-10-07,ch:1:sjyid:100626:plan:dc172cec-9e35-4da1-aa83-d1a386a5af1a,bus,Bus,10,10,45968,"Ostermundigen, Rüti",Schliern,I,,2026-10-07 20:34:00+00:00,2026-10-07 20:34:00+00:00,,True,0.0,2026-10-07 22:34:27.947000+02:00,2026-10-07 22:34:00+02:00,2026-10-07 22:34:00+02:00,2026-10-07,22,Wednesday,False,-0.4657833333333333
20261007_203422,2026-10-07 20:34:27.947000+00:00,Bern,local,ch:1:sloid:76646,"Bern, Bahnhof",ch:1:sloid:76646:0:20,2026-10-07,ch:1:sjyid:100626:plan:52ef4554-7916-4f16-b6a5-760a456216ae,bus,Bus,19,19,58724,"Spiegel, Blinzern",Elfenau,M,,2026-10-07 20:35:00+00:00,2026-10-07 20:35:24+00:00,,True,0.4,2026-10-07 22:34:27.947000+02:00,2026-10-07 22:35:00+02:00,2026-10-07 22:35:24+02:00,2026-10-07,22,Wednesday,False,0.5342166666666667
20261007_203422,2026-10-07 20:34:27.947000+00:00,Bern,local,ch:1:sloid:76646,"Bern, Bahnhof",ch:1:sloid:76646:0:10,2026-10-07,ch:1:sjyid:100626:plan:87831851-a222-4ac8-8b09-0884b9951b22,tram,Tram,3,3,1873,"Bern, Bahnhof",Weissenbühl,J,,2026-10-07 20:35:00+00:00,2026-10-07 20:35:00+00:00,,True,0.0,2026-10-07 22:34:27.947000+02:00,2026-10-07 22:35:00+02:00,2026-10-07 22:35:00+02:00,2026-10-07,22,Wednesday,False,0.5342166666666667
20261007_203422,2026-10-07 20:34:27.947000+00:00,Bern,local,ch:1:sloid:76646,"Bern, Bahnhof",ch:1:sloid:76646:0:5,2026-10-07,ch:1:sjyid:100626:plan:1b49f2ff-76e3-4ebb-83eb-d2741a8b1653,bus,Bus,30,30,71569,"Bern, Bahnhof",Marzili,A,,2026-10-07 20:35:00+00:00,2026-10-07 20:35:00+00:00,,True,0.0,2026-10-07 22:34:27.947000+02:00,2026-10-07 22:35:00+02:00,2026-10-07 22:35:00+02:00,2026-10-07,22,Wednesday,False,0.5342166666666667
20261007_203422,2026-10-07 20:34:27.947000+00:00,Bern,local,ch:1:sloid:76646,"Bern, Bahnhof",ch:1:sloid:76646:0:28,2026-10-07,ch:1:sjyid:100626:plan:f0d45fbb-8397-46a1-a716-444b45e43b80,bus,Bus,11,11,49457,"Bern, Bahnhof",Neufeld P+R,G,,2026-10-07 20:35:00+00:00,2026-10-07 20:35:00+00:00,,True,0.0,2026-10-07 22:34:27.947000+02:00,2026-10-07 22:35:00+02:00,2026-10-07 22:35:00+02:00,2026-10-07,22,Wednesday,False,0.5342166666666667
20261007_203422,2026-10-07 20:34:27.947000+00:00,Bern,local,ch:1:sloid:76646,"Bern, Bahnhof",ch:1:sloid:76646:0:25,2026-10-07,ch:1:sjyid:100626:plan:b3ba2113-6b9d-49e2-bb04-28a9e5423aee,bus,Bus,7A,7A,76642,"Bern, Bahnhof",Ostring,K1,,2026-10-07 20:36:00+00:00,2026-10-07 20:36:00+00:00,,True,0.0,2026-10-07 22:34:27.947000+02:00,2026-10-07 22:36:00+02:00,2026-10-07 22:36:00+02:00,2026-10-07,22,Wednesday,False,1.5342166666666666
20261007_203422,2026-10-07 20:34:27.947000+00:00,Bern,local,ch:1:sloid:76646,"Bern, Bahnhof",ch:1:sloid:76646:0:7,2026-10-07,ch:1:sjyid:100626:plan:fa610c56-aedb-406f-b440-9ff5e4754990,bus,Bus,12,12,53493,"Bern, Zentrum Paul Klee",Holligen,D,,2026-10-07 20:36:00+00:00,2026-10-07 20:37:00+00:00,,True,1.0,2026-10-07 22:34:27.947000+02:00,2026-10-07 22:36:00+02:00,2026-10-07 22:37:00+02:00,2026-10-07,22,Wednesday,False,1.5342166666666666
20261007_203422,2026-10-07 20:34:27.947000+00:00,Bern,local,ch:1:sloid:76646,"Bern, Bahnhof",ch:1:sloid:76646:0:3,2026-10-07,ch:1:sjyid:100626:plan:0e060d8e-b756-4514-b844-f1d94214c228,tram,Tram,9,9,29093,"Bern Wankdorf, Bahnhof",Wabern,C,,2026-10-07 20:37:00+00:00,2026-10-07 20:39:06+00:00,,True,2.1,2026-10-07 22:34:27.947000+02:00,2026-10-07 22:37:00+02:00,2026-10-07 22:39:06+02:00,2026-10-07,22,Wednesday,False,2.5342166666666666
20261007_203422,2026-10-07 20:34:27.947000+00:00,Bern,local,ch:1:sloid:76646,"Bern, Bahnhof",ch:1:sloid:76646:0:15,2026-10-07,ch:1:sjyid:100626:plan:97ea604c-0891-46a2-abeb-e92abae714e2,bus,Bus,20,20,66837,"Bern Wankdorf, Bahnhof",Länggasse,F,,2026-10-07 20:37:48+00:00,2026-10-07 20:37:24+00:00,,True,-0.4,2026-10-07 22:34:27.947000+02:00,2026-10-07 22:37:48+02:00,2026-10-07 22:37:24+02:00,2026-10-07,22,Wednesday,False,3.334216666666667
20261007_203422,2026-10-07 20:34:27.947000+00:00,Bern,local,ch:1:sloid:76646,"Bern, Bahnhof",ch:1:sloid:76646:0:1,2026-10-07,ch:1:sjyid:100626:plan:a603965c-451d-4022-a594-1a25b0c7abaf,tram,Tram,9,9,22789,"Wabern, Tram-Endstation",Wankdorf Bhf,B,,2026-10-07 20:37:00+00:00,2026-10-07 20:36:48+00:00,,True,-0.2,2026-10-07 22:34:27.947000+02:00,2026-10-07 22:37:00+02:00,2026-10-07 22:36:48+02:00,2026-10-07,22,Wednesday,False,2.5342166666666666
20261007_203422,2026-10-07 20:34:27.947000+00:00,Bern,local,ch:1:sloid:76646,"Bern, Bahnhof",ch:1:sloid:76646:0:25,2026-10-07,ch:1:sjyid:100626:plan:49c4e749-617c-45ba-a640-4ab330990242,bus,Bus,19,19,60896,"Bern, Elfenau",Blinzern,K1,,2026-10-07 20:38:00+00:00,2026-10-07 20:38:48+00:00,,True,0.8,2026-10-07 22:34:27.947000+02:00,2026-10-07 22:38:00+02:00,2026-10-07 22:38:48+02:00,2026-10-07,22,Wednesday,False,3.5342166666666666
20261007_203422,2026-10-07 20:34:27.947000+00:00,Bern,local,ch:1:sloid:76646,"Bern, Bahnhof",ch:1:sloid:76646:0:5,2026-10-07,ch:1:sjyid:100626:plan:a5f288a5-45e1-4337-8551-30627e08b88d,bus,Bus,12,12,50764,"Bern, Holligen",Zentrum Paul Klee,A,,2026-10-07 20:39:00+00:00,2026-10-07 20:39:18+00:00,,True,0.3,2026-10-07 22:34:27.947000+02:00,2026-10-07 22:39:00+02:00,2026-10-07 22:39:18+02:00,2026-10-07,22,Wednesday,False,4.534216666666667
20261007_203422,2026-10-07 20:34:27.947000+00:00,Bern,local,ch:1:sloid:76646,"Bern, Bahnhof",ch:1:sloid:76646:0:2,2026-10-07,ch:1:sjyid:100626:plan:a3742126-02b6-4a50-8624-b67fa791a649,bus,Bus,8A,8A,78088,"Bern, Bahnhof",Saali,K2,,2026-10-07 20:40:42+00:00,2026-10-07 20:40:42+00:00,,True,0.0,2026-10-07 22:34:27.947000+02:00,2026-10-07 22:40:42+02:00,2026-10-07 22:40:42+02:00,2026-10-07,22,Wednesday,False,6.234216666666667
20261007_203422,2026-10-07 20:34:27.947000+00:00,Bern,local,ch:1:sloid:76646,"Bern, Bahnhof",ch:1:sloid:76646:0:10,2026-10-07,ch:1:sjyid:100626:plan:9b25c88e-2b57-48a6-a1ae-ea7fa47f45e4,tram,Tram,6,6,7338,"Bern, Bahnhof",Fischermätteli,J,,2026-10-07 20:40:00+00:00,2026-10-07 20:40:00+00:00,,True,0.0,2026-10-07 22:34:27.947000+02:00,2026-10-07 22:40:00+02:00,2026-10-07 22:40:00+02:00,2026-10-07,22,Wednesday,False,5.534216666666667
20261007_203422,2026-10-07 20:34:27.947000+00:00,Bern,local,ch:1:sloid:76646,"Bern, Bahnhof",ch:1:sloid:76646:0:13,2026-10-07,ch:1:sjyid:100626:plan:dfa9faa1-0f71-4056-a092-30c11d338c53,bus,Bus,20,20,64346,"Bern, Länggasse",Wankdorf Bhf,E,,2026-10-07 20:40:48+00:00,2026-10-07 20:40:48+00:00,,True,0.0,2026-10-07 22:34:27.947000+02:00,2026-10-07 22:40:48+02:00,2026-10-07 22:40:48+02:00,2026-10-07,22,Wednesday,False,6.334216666666666
20261007_203422,2026-10-07 20:34:27.947000+00:00,Bern,local,ch:1:sloid:76646,"Bern, Bahnhof",ch:1:sloid:76646:0:19,2026-10-07,ch:1:sjyid:100626:plan:57ca14c2-a037-4491-896e-5913affaefa1,bus,Bus,10,10,36626,"Schliern, Bus-Endstation",Ostermundigen Rüti,L,,2026-10-07 20:41:00+00:00,2026-10-07 20:41:12+00:00,,True,0.2,2026-10-07 22:34:27.947000+02:00,2026-10-07 22:41:00+02:00,2026-10-07 22:41:12+02:00,2026-10-07,22,Wednesday,False,6.534216666666667
20261007_203422,2026-10-07 20:34:27.947000+00:00,Bern,local,ch:1:sloid:76646,"Bern, Bahnhof",ch:1:sloid:76646:0:30,2026-10-07,ch:1:sjyid:100626:plan:0477b4e1-9f02-4679-9768-df7bf92c694a,bus,Bus,21,21,67962,"Bern, Bahnhof",Bremgarten,H,,2026-10-07 20:41:00+00:00,2026-10-07 20:41:00+00:00,,True,0.0,2026-10-07 22:34:27.947000+02:00,2026-10-07 22:41:00+02:00,2026-10-07 22:41:00+02:00,2026-10-07,22,Wednesday,False,6.534216666666667
20261007_203422,2026-10-07 20:34:27.947000+00:00,Bern,local,ch:1:sloid:76646,"Bern, Bahnhof",ch:1:sloid:76646:0:20,2026-10-07,ch:1:sjyid:100626:plan:427528d1-bbc5-432b-84e6-543ee7fa72ee,bus,Bus,17,17,58062,"Bern, Bahnhof",Köniz Weiermatt,M,,2026-10-07 20:42:00+00:00,2026-10-07 20:42:00+00:00,,True,0.0,2026-10-07 22:34:27.947000+02:00,2026-10-07 22:42:00+02:00,2026-10-07 22:42:00+02:00,2026-10-07,22,Wednesday,False,7.534216666666667
20261007_203422,2026-10-07 20:34:27.947000+00:00,Bern,local,ch:1:sloid:76646,"Bern, Bahnhof",ch:1:sloid:76646:0:39,2026-10-07,ch:1:sjyid:100626:plan:316cf57e-2f32-420d-9b4e-a272e5a840cc,tram,Tram,8,8,18989,"Bern, Bahnhof",Brünnen Bhf,N,,2026-10-07 20:43:06+00:00,2026-10-07 20:43:06+00:00,,True,0.0,2026-10-07 22:34:27.947000+02:00,2026-10-07 22:43:06+02:00,2026-10-07 22:43:06+02:00,2026-10-07,22,Wednesday,False,8.634216666666667
20261007_203422,2026-10-07 20:34:27.947000+00:00,Bern,local,ch:1:sloid:76646,"Bern, Bahnhof",ch:1:sloid:76646:0:11,2026-10-07,ch:1:sjyid:100626:plan:bc95eb6a-e101-4d20-9955-bb4106e5aa53,bus,Bus,10,10,45977,"Ostermundigen, Rüti",Schliern,I,,2026-10-07 20:44:00+00:00,2026-10-07 20:44:00+00:00,,True,0.0,2026-10-07 22:34:27.947000+02:00,2026-10-07 22:44:00+02:00,2026-10-07 22:44:00+02:00,2026-10-07,22,Wednesday,False,9.534216666666667
20261007_203422,2026-10-07 20:34:27.947000+00:00,Bern,local,ch:1:sloid:76646,"Bern, Bahnhof",ch:1:sloid:76646:0:28,2026-10-07,ch:1:sjyid:100649:SKI-34141,bus,Bus,34,34,34141,"Bern, Bahnhof",Hirzenfeld,G,,2026-10-07 20:45:00+00:00,2026-10-07 20:45:00+00:00,,True,0.0,2026-10-07 22:34:27.947000+02:00,2026-10-07 22:45:00+02:00,2026-10-07 22:45:00+02:00,2026-10-07,22,Wednesday,False,10.534216666666667
20261007_203422,2026-10-07 20:34:27.947000+00:00,Bern,local,ch:1:sloid:76646,"Bern, Bahnhof",ch:1:sloid:76646:0:2,2026-10-07,ch:1:sjyid:100626:plan:d752eaa7-0d5d-4e10-978b-929db246bfbf,bus,Bus,8A,8A,78091,"Bern, Bahnhof",Saali,K2,,2026-10-07 20:48:12+00:00,2026-10-07 20:48:12+00:00,,True,0.0,2026-10-07 22:34:27.947000+02:00,2026-10-07 22:48:12+02:00,2026-10-07 22:48:12+02:00,2026-10-07,22,Wednesday,False,13.734216666666667
20261007_203422,2026-10-07 20:34:27.947000+00:00,Bern,local,ch:1:sloid:76646,"Bern, Bahnhof",ch:1:sloid:76646:0:39,2026-10-07,ch:1:sjyid:100626:plan:6d8699dd-a738-4e44-90d0-7aa8b56b75be,tram,Tram,7,7,13378,"Bern, Bahnhof",Bümpliz,N,,2026-10-07 20:48:06+00:00,2026-10-07 20:48:06+00:00,,True,0.0,2026-10-07 22:34:27.947000+02:00,2026-10-07 22:48:06+02:00,2026-10-07 22:48:06+02:00,2026-10-07,22,Wednesday,False,13.634216666666667
20261007_203422,2026-10-07 20:34:27.947000+00:00,Bern,local,ch:1:sloid:76646,"Bern, Bahnhof",ch:1:sloid:76646:0:20,2026-10-07,ch:1:sjyid:100626:plan:bf677c9e-fdaf-4ea5-9e55-b19e5f0f7046,bus,Bus,19,19,58732,"Spiegel, Blinzern",Elfenau,M,,2026-10-07 20:50:00+00:00,2026-10-07 20:50:00+00:00,,True,0.0,2026-10-07 22:34:27.947000+02:00,2026-10-07 22:50:00+02:00,2026-10-07 22:50:00+02:00,2026-10-07,22,Wednesday,False,15.534216666666667
20261007_203422,2026-10-07 20:34:27.947000+00:00,Bern,local,ch:1:sloid:76646,"Bern, Bahnhof",ch:1:sloid:76646:0:10,2026-10-07,ch:1:sjyid:100626:plan:cf7bb7bd-76e9-4d7e-b4f1-b0c5ef4a4774,tram,Tram,3,3,1876,"Bern, Bahnhof",Weissenbühl,J,,2026-10-07 20:50:00+00:00,2026-10-07 20:50:00+00:00,,True,0.0,2026-10-07 22:34:27.947000+02:00,2026-10-07 22:50:00+02:00,2026-10-07 22:50:00+02:00,2026-10-07,22,Wednesday,False,15.534216666666667
20261007_203422,2026-10-07 20:34:27.947000+00:00,Bern,local,ch:1:sloid:76646,"Bern, Bahnhof",ch:1:sloid:76646:0:28,2026-10-07,ch:1:sjyid:100626:plan:05af6926-0605-4b1f-8466-f7f562e198aa,bus,Bus,11,11,49461,"Bern, Bahnhof",Neufeld P+R,G,,2026-10-07 20:50:00+00:00,2026-10-07 20:50:00+00:00,,True,0.0,2026-10-07 22:34:27.947000+02:00,2026-10-07 22:50:00+02:00,2026-10-07 22:50:00+02:00,2026-10-07,22,Wednesday,False,15.534216666666667
20261007_203422,2026-10-07 20:34:27.947000+00:00,Bern,local,ch:1:sloid:76646,"Bern, Bahnhof",ch:1:sloid:76646:0:25,2026-10-07,ch:1:sjyid:100626:plan:2dfbf405-876a-4239-8d11-878aa54609ff,bus,Bus,7A,7A,76645,"Bern, Bahnhof",Ostring,K1,,2026-10-07 20:51:00+00:00,2026-10-07 20:51:00+00:00,,True,0.0,2026-10-07 22:34:27.947000+02:00,2026-10-07 22:51:00+02:00,2026-10-07 22:51:00+02:00,2026-10-07,22,Wednesday,False,16.534216666666666
20261007_203422,2026-10-07 20:34:27.947000+00:00,Bern,local,ch:1:sloid:76646,"Bern, Bahnhof",ch:1:sloid:76646:0:7,2026-10-07,ch:1:sjyid:100626:plan:b1f2d8e1-e84b-4057-9577-9412f52b632b,bus,Bus,12,12,53502,"Bern, Zentrum Paul Klee",Holligen,D,,2026-10-07 20:51:00+00:00,2026-10-07 20:51:00+00:00,,True,0.0,2026-10-07 22:34:27.947000+02:00,2026-10-07 22:51:00+02:00,2026-10-07 22:51:00+02:00,2026-10-07,22,Wednesday,False,16.534216666666666
20261007_203422,2026-10-07 20:34:27.947000+00:00,Bern,local,ch:1:sloid:76646,"Bern, Bahnhof",ch:1:sloid:76646:0:3,2026-10-07,ch:1:sjyid:100626:plan:49215cc0-3c15-4e75-83c6-69bd4aa0ad23,tram,Tram,9,9,29105,"Bern Wankdorf, Bahnhof",Wabern,C,,2026-10-07 20:52:00+00:00,2026-10-07 20:52:00+00:00,,True,0.0,2026-10-07 22:34:27.947000+02:00,2026-10-07 22:52:00+02:00,2026-10-07 22:52:00+02:00,2026-10-07,22,Wednesday,False,17.53421666666667
20261007_203422,2026-10-07 20:34:28.455000+00:00,Basel,local,ch:1:sloid:78143,"Basel, Bahnhof SBB",ch:1:sloid:78143:1:33,2026-10-07,ch:1:sjyid:100622:plan:56752c61-f90e-4436-82ef-3cdc1f0a8b12,tram,Tram,8,8,8289,"Basel, Neuweilerstrasse",Weil am Rhein (D) Bahnhof / Zentrum,F,,2026-10-07 20:29:30+00:00,2026-10-07 20:34:18+00:00,,True,4.8,2026-10-07 22:34:28.455000+02:00,2026-10-07 22:29:30+02:00,2026-10-07 22:34:18+02:00,2026-10-07,22,Wednesday,False,-4.97425
20261007_203422,2026-10-07 20:34:28.455000+00:00,Basel,local,ch:1:sloid:78143,"Basel, Bahnhof SBB",ch:1:sloid:78143:1:32,2026-10-07,ch:1:sjyid:100622:plan:4d8406eb-27f5-4f7e-9db5-08158cc8fced,tram,Tram,8,8,8282,"Weil am Rhein, Bahnhof/Zentrum","Basel, Neuweilerstrasse",E,,2026-10-07 20:33:48+00:00,2026-10-07 20:34:48+00:00,,True,1.0,2026-10-07 22:34:28.455000+02:00,2026-10-07 22:33:48+02:00,2026-10-07 22:34:48+02:00,2026-10-07,22,Wednesday,False,-0.67425
20261007_203422,2026-10-07 20:34:28.455000+00:00,Basel,local,ch:1:sloid:78143,"Basel, Bahnhof SBB",ch:1:sloid:78143:1:33,2026-10-07,ch:1:sjyid:100622:plan:cd77d9ae-40d4-48e3-a740-c8d113bfd701,tram,Tram,2,2,2275,"Binningen, Kronenplatz","Basel, Badischer Bahnhof",F,,2026-10-07 20:33:48+00:00,2026-10-07 20:36:12+00:00,,True,2.4,2026-10-07 22:34:28.455000+02:00,2026-10-07 22:33:48+02:00,2026-10-07 22:36:12+02:00,2026-10-07,22,Wednesday,False,-0.67425
20261007_203422,2026-10-07 20:34:28.455000+00:00,Basel,local,ch:1:sloid:78143,"Basel, Bahnhof SBB",ch:1:sloid:78143:3:3,2026-10-07,ch:1:sjyid:100622:plan:d0b00e80-2395-42fd-98f4-a6b698d28efb,bus,Bus,30,30,30403,"Basel, Bahnhof SBB","Basel, Badischer Bahnhof",B,,2026-10-07 20:34:30+00:00,2026-10-07 20:34:30+00:00,,True,0.0,2026-10-07 22:34:28.455000+02:00,2026-10-07 22:34:30+02:00,2026-10-07 22:34:30+02:00,2026-10-07,22,Wednesday,False,0.02575
20261007_203422,2026-10-07 20:34:28.455000+00:00,Basel,local,ch:1:sloid:78143,"Basel, Bahnhof SBB",ch:1:sloid:78143:3:5,2026-10-07,ch:1:sjyid:100622:plan:658309eb-a39f-4520-a330-d6ae27d880f8,bus,Bus,48,48,48163,"Basel, Bahnhof SBB","Basel, Bachgraben",A,,2026-10-07 20:34:48+00:00,2026-10-07 20:34:48+00:00,,True,0.0,2026-10-07 22:34:28.455000+02:00,2026-10-07 22:34:48+02:00,2026-10-07 22:34:48+02:00,2026-10-07,22,Wednesday,False,0.32575000000000004
20261007_203422,2026-10-07 20:34:28.455000+00:00,Basel,local,ch:1:sloid:78143,"Basel, Bahnhof SBB",ch:1:sloid:78143:1:35,2026-10-07,ch:1:sjyid:100019:plan:4baa9207-94ad-4c0d-8d3c-79f7f6cbc21f,tram,Tram,10,10,10514,"Dornach, Bahnhof","Rodersdorf, Station",H,,2026-10-07 20:35:00+00:00,2026-10-07 20:35:12+00:00,,True,0.2,2026-10-07 22:34:28.455000+02:00,2026-10-07 22:35:00+02:00,2026-10-07 22:35:12+02:00,2026-10-07,22,Wednesday,False,0.52575
20261007_203422,2026-10-07 20:34:28.455000+00:00,Basel,local,ch:1:sloid:78143,"Basel, Bahnhof SBB",ch:1:sloid:78143:1:34,2026-10-07,ch:1:sjyid:100019:plan:41df7e41-d372-4537-a9c2-a664b0cdcffc,tram,Tram,10,10,10605,"Flüh, Station",Dornach Bahnhof,G,,2026-10-07 20:35:00+00:00,2026-10-07 20:35:42+00:00,,True,0.7,2026-10-07 22:34:28.455000+02:00,2026-10-07 22:35:00+02:00,2026-10-07 22:35:42+02:00,2026-10-07,22,Wednesday,False,0.52575
20261007_203422,2026-10-07 20:34:28.455000+00:00,Basel,local,ch:1:sloid:78143,"Basel, Bahnhof SBB",ch:1:sloid:78143:1:33,2026-10-07,ch:1:sjyid:100622:plan:dbbcb916-bfdd-4b39-9c11-ab9dba4284d8,tram,Tram,8,8,8291,"Basel, Neuweilerstrasse","Basel, Wiesenplatz",F,,2026-10-07 20:37:00+00:00,2026-10-07 20:40:12+00:00,,True,3.2,2026-10-07 22:34:28.455000+02:00,2026-10-07 22:37:00+02:00,2026-10-07 22:40:12+02:00,2026-10-07,22,Wednesday,False,2.52575
20261007_203422,2026-10-07 20:34:28.455000+00:00,Basel,local,ch:1:sloid:78143,"Basel, Bahnhof SBB",ch:1:sloid:78143:1:33,2026-10-07,ch:1:sjyid:100622:plan:6f27d779-714b-451b-929b-2dce8cde3277,tram,Tram,2,2,2277,"Binningen, Kronenplatz","Basel, Messeplatz",F,,2026-10-07 20:39:54+00:00,2026-10-07 20:41:30+00:00,,True,1.6,2026-10-07 22:34:28.455000+02:00,2026-10-07 22:39:54+02:00,2026-10-07 22:41:30+02:00,2026-10-07,22,Wednesday,False,5.42575
20261007_203422,2026-10-07 20:34:28.455000+00:00,Basel,local,ch:1:sloid:78143,"Basel, Bahnhof SBB",ch:1:sloid:78143:1:34,2026-10-07,ch:1:sjyid:100019:plan:0a88936f-634c-48b8-b94e-6880a2e705ac,tram,Tram,11,11,38557,"Basel, St-Louis Grenze","Basel, Dreispitz",G,,2026-10-07 20:40:24+00:00,2026-10-07 20:41:06+00:00,,True,0.7,2026-10-07 22:34:28.455000+02:00,2026-10-07 22:40:24+02:00,2026-10-07 22:41:06+02:00,2026-10-07,22,Wednesday,False,5.92575
20261007_203422,2026-10-07 20:34:28.455000+00:00,Basel,local,ch:1:sloid:78143,"Basel, Bahnhof SBB",ch:1:sloid:78143:3:3,2026-10-07,ch:1:sjyid:100622:plan:e79357f9-119d-4831-a2de-39e37de058c2,bus,Bus,50,50,50259,"Basel, Bahnhof SBB","Basel, EuroAirport",B,,2026-10-07 20:42:00+00:00,2026-10-07 20:47:24+00:00,,True,5.4,2026-10-07 22:34:28.455000+02:00,2026-10-07 22:42:00+02:00,2026-10-07 22:47:24+02:00,2026-10-07,22,Wednesday,False,7.52575
20261007_203422,2026-10-07 20:34:28.455000+00:00,Basel,local,ch:1:sloid:78143,"Basel, Bahnhof SBB",ch:1:sloid:78143:1:31,2026-10-07,ch:1:sjyid:100622:plan:7f6082ca-58a1-414e-a00b-35e5a26a6611,tram,Tram,1,1,1270,"Basel, Bahnhof SBB","Basel, Dreirosenbrücke",D,,2026-10-07 20:43:36+00:00,2026-10-07 20:43:36+00:00,,True,0.0,2026-10-07 22:34:28.455000+02:00,2026-10-07 22:43:36+02:00,2026-10-07 22:43:36+02:00,2026-10-07,22,Wednesday,False,9.12575
20261007_203422,2026-10-07 20:34:28.455000+00:00,Basel,local,ch:1:sloid:78143,"Basel, Bahnhof SBB",ch:1:sloid:78143:1:33,2026-10-07,ch:1:sjyid:100622:plan:839c363a-e6ca-4513-8a4e-2f53a3caee3a,tram,Tram,8,8,8293,"Basel, Neuweilerstrasse",Weil am Rhein (D) Bahnhof / Zentrum,F,,2026-10-07 20:44:30+00:00,2026-10-07 20:44:30+00:00,,True,0.0,2026-10-07 22:34:28.455000+02:00,2026-10-07 22:44:30+02:00,2026-10-07 22:44:30+02:00,2026-10-07,22,Wednesday,False,10.025749999999999
20261007_203422,2026-10-07 20:34:28.455000+00:00,Basel,local,ch:1:sloid:78143,"Basel, Bahnhof SBB",ch:1:sloid:78143:1:35,2026-10-07,ch:1:sjyid:100019:plan:2c45ecc8-b331-4376-ac7a-0f847945c351,tram,Tram,11,11,38548,"Basel, Dreispitz","Basel, Saint-Louis Grenze",H,,2026-10-07 20:47:24+00:00,2026-10-07 20:47:24+00:00,,True,0.0,2026-10-07 22:34:28.455000+02:00,2026-10-07 22:47:24+02:00,2026-10-07 22:47:24+02:00,2026-10-07,22,Wednesday,False,12.925749999999999
20261007_203422,2026-10-07 20:34:28.455000+00:00,Basel,local,ch:1:sloid:78143,"Basel, Bahnhof SBB",ch:1:sloid:78143:1:32,2026-10-07,ch:1:sjyid:100622:plan:431a25ea-98c5-4b49-b93c-86e1d5a1b494,tram,Tram,2,2,2278,"Basel, Badischer Bahnhof","Binningen, Kronenplatz",E,,2026-10-07 20:47:18+00:00,2026-10-07 20:47:18+00:00,,True,0.0,2026-10-07 22:34:28.455000+02:00,2026-10-07 22:47:18+02:00,2026-10-07 22:47:18+02:00,2026-10-07,22,Wednesday,False,12.82575
20261007_203422,2026-10-07 20:34:28.455000+00:00,Basel,local,ch:1:sloid:78143,"Basel, Bahnhof SBB",ch:1:sloid:78143:1:32,2026-10-07,ch:1:sjyid:100622:plan:f0c3aee5-425a-4636-955b-e01baa2c6d34,tram,Tram,8,8,8284,"Weil am Rhein, Bahnhof/Zentrum",Markthalle,E,,2026-10-07 20:48:48+00:00,2026-10-07 20:49:12+00:00,,True,0.4,2026-10-07 22:34:28.455000+02:00,2026-10-07 22:48:48+02:00,2026-10-07 22:49:12+02:00,2026-10-07,22,Wednesday,False,14.32575
20261007_203422,2026-10-07 20:34:28.455000+00:00,Basel,local,ch:1:sloid:78143,"Basel, Bahnhof SBB",ch:1:sloid:78143:1:33,2026-10-07,ch:1:sjyid:100622:plan:8a210309-3dff-453d-bfb4-2b69f0865f4d,tram,Tram,2,2,2279,"Binningen, Kronenplatz","Basel, Badischer Bahnhof",F,,2026-10-07 20:48:48+00:00,2026-10-07 20:49:30+00:00,,True,0.7,2026-10-07 22:34:28.455000+02:00,2026-10-07 22:48:48+02:00,2026-10-07 22:49:30+02:00,2026-10-07,22,Wednesday,False,14.32575
20261007_203422,2026-10-07 20:34:28.455000+00:00,Basel,local,ch:1:sloid:78143,"Basel, Bahnhof SBB",ch:1:sloid:78143:3:3,2026-10-07,ch:1:sjyid:100622:plan:1ce4d556-4468-4268-b5e1-b3ba45cedc38,bus,Bus,30,30,30405,"Basel, Bahnhof SBB","Basel, Badischer Bahnhof",B,,2026-10-07 20:49:30+00:00,2026-10-07 20:49:30+00:00,,True,0.0,2026-10-07 22:34:28.455000+02:00,2026-10-07 22:49:30+02:00,2026-10-07 22:49:30+02:00,2026-10-07,22,Wednesday,False,15.025749999999999
20261007_203422,2026-10-07 20:34:28.455000+00:00,Basel,local,ch:1:sloid:78143,"Basel, Bahnhof SBB",ch:1:sloid:78143:1:35,2026-10-07,ch:1:sjyid:100019:plan:28a8f8ac-2afa-4ea0-87f2-ab776d5d6e38,tram,Tram,10,10,10516,"Dornach, Bahnhof","Flüh, Station",H,,2026-10-07 20:50:00+00:00,2026-10-07 20:51:12+00:00,,True,1.2,2026-10-07 22:34:28.455000+02:00,2026-10-07 22:50:00+02:00,2026-10-07 22:51:12+02:00,2026-10-07,22,Wednesday,False,15.525749999999999
20261007_203422,2026-10-07 20:34:28.455000+00:00,Basel,local,ch:1:sloid:78143,"Basel, Bahnhof SBB",ch:1:sloid:78143:1:34,2026-10-07,ch:1:sjyid:100019:plan:162f6477-6ddf-44e4-9e93-330d9eecf5df,tram,Tram,10,10,10607,"Rodersdorf, Station",Dornach Bahnhof,G,,2026-10-07 20:50:00+00:00,2026-10-07 20:52:12+00:00,,True,2.2,2026-10-07 22:34:28.455000+02:00,2026-10-07 22:50:00+02:00,2026-10-07 22:52:12+02:00,2026-10-07,22,Wednesday,False,15.525749999999999
20261007_203422,2026-10-07 20:34:28.455000+00:00,Basel,local,ch:1:sloid:78143,"Basel, Bahnhof SBB",ch:1:sloid:78143:1:34,2026-10-07,ch:1:sjyid:100019:plan:3c2b8435-8e00-4ba2-a729-ec3ada037d3b,tram,Tram,11,11,38559,"Basel, St-Louis Grenze","Basel, Dreispitz",G,,2026-10-07 20:55:24+00:00,2026-10-07 20:55:24+00:00,,True,0.0,2026-10-07 22:34:28.455000+02:00,2026-10-07 22:55:24+02:00,2026-10-07 22:55:24+02:00,2026-10-07,22,Wednesday,False,20.92575
20261007_203422,2026-10-07 20:34:28.455000+00:00,Basel,local,ch:1:sloid:78143,"Basel, Bahnhof SBB",ch:1:sloid:78143:3:3,2026-10-07,ch:1:sjyid:100622:plan:4a6380bd-da63-456b-9bdb-2743a38fedf2,bus,Bus,50,50,50261,"Basel, Bahnhof SBB","Basel, EuroAirport",B,,2026-10-07 20:57:00+00:00,2026-10-07 20:57:00+00:00,,True,0.0,2026-10-07 22:34:28.455000+02:00,2026-10-07 22:57:00+02:00,2026-10-07 22:57:00+02:00,2026-10-07,22,Wednesday,False,22.525750000000002
20261007_203422,2026-10-07 20:34:28.455000+00:00,Basel,local,ch:1:sloid:78143,"Basel, Bahnhof SBB",ch:1:sloid:78143:3:7,2026-10-07,ch:1:sjyid:100019:plan:1836e131-2015-4f54-98f3-beaeffbcad82,bus,Bus,37,37,37780,"Basel, Bahnhof SBB","Basel, Dreispitz",K,,2026-10-07 20:57:00+00:00,2026-10-07 20:57:00+00:00,,True,0.0,2026-10-07 22:34:28.455000+02:00,2026-10-07 22:57:00+02:00,2026-10-07 22:57:00+02:00,2026-10-07,22,Wednesday,False,22.525750000000002
20261007_203422,2026-10-07 20:34:28.455000+00:00,Basel,local,ch:1:sloid:78143,"Basel, Bahnhof SBB",ch:1:sloid:78143:1:31,2026-10-07,ch:1:sjyid:100622:plan:71704e49-7098-436f-873b-1b866703056a,tram,Tram,1,1,1272,"Basel, Bahnhof SBB","Basel, Dreirosenbrücke",D,,2026-10-07 20:58:36+00:00,2026-10-07 20:58:36+00:00,,True,0.0,2026-10-07 22:34:28.455000+02:00,2026-10-07 22:58:36+02:00,2026-10-07 22:58:36+02:00,2026-10-07,22,Wednesday,False,24.12575
20261007_203422,2026-10-07 20:34:28.455000+00:00,Basel,local,ch:1:sloid:78143,"Basel, Bahnhof SBB",ch:1:sloid:78143:1:33,2026-10-07,ch:1:sjyid:100622:plan:8c3b35c8-5174-4132-84f8-67206d809771,tram,Tram,8,8,8295,"Basel, Neuweilerstrasse",Weil am Rhein (D) Bahnhof / Zentrum,F,,2026-10-07 20:59:30+00:00,2026-10-07 20:59:30+00:00,,True,0.0,2026-10-07 22:34:28.455000+02:00,2026-10-07 22:59:30+02:00,2026-10-07 22:59:30+02:00,2026-10-07,22,Wednesday,False,25.025750000000002
20261007_203422,2026-10-07 20:34:28.455000+00:00,Basel,local,ch:1:sloid:78143,"Basel, Bahnhof SBB",ch:1:sloid:78143:1:35,2026-10-07,ch:1:sjyid:100019:plan:e7e91303-117b-4674-b8a1-3ea2ebea119c,tram,Tram,11,11,38550,"Basel, Dreispitz","Basel, Saint-Louis Grenze",H,,2026-10-07 21:02:24+00:00,2026-10-07 21:02:24+00:00,,True,0.0,2026-10-07 22:34:28.455000+02:00,2026-10-07 23:02:24+02:00,2026-10-07 23:02:24+02:00,2026-10-07,23,Wednesday,False,27.92575
20261007_203422,2026-10-07 20:34:28.455000+00:00,Basel,local,ch:1:sloid:78143,"Basel, Bahnhof SBB",ch:1:sloid:78143:1:32,2026-10-07,ch:1:sjyid:100622:plan:6449f659-565b-4fc9-935a-6b99c93aef36,tram,Tram,2,2,2280,"Basel, Badischer Bahnhof","Binningen, Kronenplatz",E,,2026-10-07 21:02:18+00:00,2026-10-07 21:02:18+00:00,,True,0.0,2026-10-07 22:34:28.455000+02:00,2026-10-07 23:02:18+02:00,2026-10-07 23:02:18+02:00,2026-10-07,23,Wednesday,False,27.825750000000003
20261007_203422,2026-10-07 20:34:28.455000+00:00,Basel,local,ch:1:sloid:78143,"Basel, Bahnhof SBB",ch:1:sloid:78143:1:32,2026-10-07,ch:1:sjyid:100622:plan:93ee3d96-a624-4642-9e50-9e8043f79b9d,tram,Tram,8,8,8286,"Weil am Rhein, Bahnhof/Zentrum","Basel, Neuweilerstrasse",E,,2026-10-07 21:03:48+00:00,2026-10-07 21:04:00+00:00,,True,0.2,2026-10-07 22:34:28.455000+02:00,2026-10-07 23:03:48+02:00,2026-10-07 23:04:00+02:00,2026-10-07,23,Wednesday,False,29.325750000000003
20261007_203422,2026-10-07 20:34:28.455000+00:00,Basel,local,ch:1:sloid:78143,"Basel, Bahnhof SBB",ch:1:sloid:78143:1:33,2026-10-07,ch:1:sjyid:100622:plan:57f46024-a208-43ee-8bec-aa47656719f2,tram,Tram,2,2,2281,"Binningen, Kronenplatz","Basel, Badischer Bahnhof",F,,2026-10-07 21:03:48+00:00,2026-10-07 21:03:48+00:00,,True,0.0,2026-10-07 22:34:28.455000+02:00,2026-10-07 23:03:48+02:00,2026-10-07 23:03:48+02:00,2026-10-07,23,Wednesday,False,29.325750000000003
20261007_203422,2026-10-07 20:34:28.455000+00:00,Basel,local,ch:1:sloid:78143,"Basel, Bahnhof SBB",ch:1:sloid:78143:3:3,2026-10-07,ch:1:sjyid:100622:plan:ab59532b-0d82-41de-aa56-cbe9f2b2ac2c,bus,Bus,30,30,30407,"Basel, Bahnhof SBB","Basel, Badischer Bahnhof",B,,2026-10-07 21:04:30+00:00,2026-10-07 21:04:30+00:00,,True,0.0,2026-10-07 22:34:28.455000+02:00,2026-10-07 23:04:30+02:00,2026-10-07 23:04:30+02:00,2026-10-07,23,Wednesday,False,30.025750000000002
20261007_203422,2026-10-07 20:34:28.991000+00:00,Luzern,local,ch:1:sloid:8450,"Luzern, Bahnhof",ch:1:sloid:8450::10,2026-10-07,ch:1:sjyid:100619:plan:bce7c1f7-9b05-41fe-834e-a5ca230b284d,bus,Bus,20,20,49367,"Luzern, Bahnhof",Horw Technikumstrasse,J,,2026-10-07 20:34:00+00:00,2026-10-07 20:34:00+00:00,,True,0.0,2026-10-07 22:34:28.991000+02:00,2026-10-07 22:34:00+02:00,2026-10-07 22:34:00+02:00,2026-10-07,22,Wednesday,False,-0.48318333333333335
20261007_203422,2026-10-07 20:34:28.991000+00:00,Luzern,local,ch:1:sloid:8450,"Luzern, Bahnhof",ch:1:sloid:8450::19,2026-10-07,ch:1:sjyid:100611:plan:081300005262015,bus,Bus,52,52,52054,"Luzern, Bahnhof",Rickenbach LU Dorf,L,,2026-10-07 20:35:00+00:00,2026-10-07 20:35:00+00:00,,True,0.0,2026-10-07 22:34:28.991000+02:00,2026-10-07 22:35:00+02:00,2026-10-07 22:35:00+02:00,2026-10-07,22,Wednesday,False,0.5168166666666667
20261007_203422,2026-10-07 20:34:28.991000+00:00,Luzern,local,ch:1:sloid:8450,"Luzern, Bahnhof",ch:1:sloid:8450::17,2026-10-07,ch:1:sjyid:100619:plan:d04d90cc-cf31-4a93-a907-02f4a5b5007a,bus,Bus,10,10,32935,"Luzern, Bahnhof",Dattenberg,W,,2026-10-07 20:35:00+00:00,2026-10-07 20:35:00+00:00,,True,0.0,2026-10-07 22:34:28.991000+02:00,2026-10-07 22:35:00+02:00,2026-10-07 22:35:00+02:00,2026-10-07,22,Wednesday,False,0.5168166666666667
20261007_203422,2026-10-07 20:34:28.991000+00:00,Luzern,local,ch:1:sloid:8450,"Luzern, Bahnhof",ch:1:sloid:8450::12,2026-10-07,ch:1:sjyid:100619:plan:28a9eebb-127a-418d-8f35-f3ac02abdddf,bus,Bus,24,24,60524,"Luzern, Bahnhof",Meggen Tschädigen,S,,2026-10-07 20:36:00+00:00,2026-10-07 20:36:00+00:00,,True,0.0,2026-10-07 22:34:28.991000+02:00,2026-10-07 22:36:00+02:00,2026-10-07 22:36:00+02:00,2026-10-07,22,Wednesday,False,1.5168166666666667
20261007_203422,2026-10-07 20:34:28.991000+00:00,Luzern,local,ch:1:sloid:8450,"Luzern, Bahnhof",ch:1:sloid:8450::1,2026-10-07,ch:1:sjyid:100619:plan:f6b612af-40a8-4d1b-b21e-393db444a687,bus,Bus,1,1,4737,"Ebikon, Fildern",Obernau Dorf,A,,2026-10-07 20:36:00+00:00,2026-10-07 20:38:30+00:00,,True,2.5,2026-10-07 22:34:28.991000+02:00,2026-10-07 22:36:00+02:00,2026-10-07 22:38:30+02:00,2026-10-07,22,Wednesday,False,1.5168166666666667
20261007_203422,2026-10-07 20:34:28.991000+00:00,Luzern,local,ch:1:sloid:8450,"Luzern, Bahnhof",ch:1:sloid:8450::15,2026-10-07,ch:1:sjyid:100602:b89ce925-da81-45d9-9bba-b74f4ebbf5da,bus,Bus,73,73,73203,"Luzern, Bahnhof",Udligenswil,U,,2026-10-07 20:37:00+00:00,2026-10-07 20:37:00+00:00,,True,0.0,2026-10-07 22:34:28.991000+02:00,2026-10-07 22:37:00+02:00,2026-10-07 22:37:00+02:00,2026-10-07,22,Wednesday,False,2.5168166666666663
20261007_203422,2026-10-07 20:34:28.991000+00:00,Luzern,local,ch:1:sloid:8450,"Luzern, Bahnhof",ch:1:sloid:8450::2,2026-10-07,ch:1:sjyid:100619:plan:c1b75e35-8cf6-4583-b7a9-fcf02c375aca,bus,Bus,6,6,22362,"Luzern, Matthof",Büttenenhalde,B,,2026-10-07 20:38:00+00:00,2026-10-07 20:38:42+00:00,,True,0.7,2026-10-07 22:34:28.991000+02:00,2026-10-07 22:38:00+02:00,2026-10-07 22:38:42+02:00,2026-10-07,22,Wednesday,False,3.5168166666666663
20261007_203422,2026-10-07 20:34:28.991000+00:00,Luzern,local,ch:1:sloid:8450,"Luzern, Bahnhof",ch:1:sloid:8450::1,2026-10-07,ch:1:sjyid:100619:plan:515e2de2-4268-4bcd-af5b-d5ddf0d261b6,bus,Bus,6,6,22377,"Luzern, Büttenenhalde",Matthof,A,,2026-10-07 20:38:00+00:00,2026-10-07 20:43:30+00:00,,True,5.5,2026-10-07 22:34:28.991000+02:00,2026-10-07 22:38:00+02:00,2026-10-07 22:43:30+02:00,2026-10-07,22,Wednesday,False,3.5168166666666663
20261007_203422,2026-10-07 20:34:28.991000+00:00,Luzern,local,ch:1:sloid:8450,"Luzern, Bahnhof",ch:1:sloid:8450::11,2026-10-07,ch:1:sjyid:100619:plan:69ac729f-764a-4fc0-9a83-a23686b80d3d,bus,Bus,19,19,46086,"Luzern, Bahnhof",Friedental,R,,2026-10-07 20:40:00+00:00,2026-10-07 20:40:00+00:00,,True,0.0,2026-10-07 22:34:28.991000+02:00,2026-10-07 22:40:00+02:00,2026-10-07 22:40:00+02:00,2026-10-07,22,Wednesday,False,5.516816666666667
20261007_203422,2026-10-07 20:34:28.991000+00:00,Luzern,local,ch:1:sloid:8450,"Luzern, Bahnhof",ch:1:sloid:8450::23,2026-10-07,ch:1:sjyid:100619:plan:c959f254-d110-45f9-857b-bd57ca941632,bus,Bus,2,2,11175,"Luzern, Bahnhof",E'brücke Sprengi,Y,,2026-10-07 20:43:00+00:00,2026-10-07 20:43:00+00:00,,True,0.0,2026-10-07 22:34:28.991000+02:00,2026-10-07 22:43:00+02:00,2026-10-07 22:43:00+02:00,2026-10-07,22,Wednesday,False,8.516816666666667
20261007_203422,2026-10-07 20:34:28.991000+00:00,Luzern,local,ch:1:sloid:8450,"Luzern, Bahnhof",ch:1:sloid:8450::2,2026-10-07,ch:1:sjyid:100619:plan:ddf91566-0232-4a58-be82-e9f89ac07882,bus,Bus,7,7,26396,"Horw, Biregghof",Unterlöchli,B,,2026-10-07 20:45:00+00:00,2026-10-07 20:45:00+00:00,,True,0.0,2026-10-07 22:34:28.991000+02:00,2026-10-07 22:45:00+02:00,2026-10-07 22:45:00+02:00,2026-10-07,22,Wednesday,False,10.516816666666667
20261007_203422,2026-10-07 20:34:28.991000+00:00,Luzern,local,ch:1:sloid:8450,"Luzern, Bahnhof",ch:1:sloid:8450::2,2026-10-07,ch:1:sjyid:100619:plan:9434b9d5-b968-47a4-b354-332e57cac31d,bus,Bus,14,14,39840,"Luzern, Pilatusplatz",Brüelstrasse,B,,2026-10-07 20:45:00+00:00,2026-10-07 20:45:00+00:00,,True,0.0,2026-10-07 22:34:28.991000+02:00,2026-10-07 22:45:00+02:00,2026-10-07 22:45:00+02:00,2026-10-07,22,Wednesday,False,10.516816666666667
20261007_203422,2026-10-07 20:34:28.991000+00:00,Luzern,local,ch:1:sloid:8450,"Luzern, Bahnhof",ch:1:sloid:8450::16,2026-10-07,ch:1:sjyid:100619:plan:3900c876-aa89-401d-8213-8e6419bdea41,bus,Bus,4,4,15797,"Luzern, Bahnhof",Hubelmatt,V,,2026-10-07 20:45:00+00:00,2026-10-07 20:45:00+00:00,,True,0.0,2026-10-07 22:34:28.991000+02:00,2026-10-07 22:45:00+02:00,2026-10-07 22:45:00+02:00,2026-10-07,22,Wednesday,False,10.516816666666667
20261007_203422,2026-10-07 20:34:28.991000+00:00,Luzern,local,ch:1:sloid:8450,"Luzern, Bahnhof",ch:1:sloid:8450::1,2026-10-07,ch:1:sjyid:100619:plan:13b83eed-3703-4e7a-be6e-f9f372df640c,bus,Bus,7,7,26411,"Luzern, Unterlöchli",Horw Biregghof,A,,2026-10-07 20:45:00+00:00,2026-10-07 20:45:36+00:00,,True,0.6,2026-10-07 22:34:28.991000+02:00,2026-10-07 22:45:00+02:00,2026-10-07 22:45:36+02:00,2026-10-07,22,Wednesday,False,10.516816666666667
20261007_203422,2026-10-07 20:34:28.991000+00:00,Luzern,local,ch:1:sloid:8450,"Luzern, Bahnhof",ch:1:sloid:8450::2,2026-10-07,ch:1:sjyid:100619:plan:21ee7508-5e9a-4e7f-8d7e-a7f1493f6e4c,bus,Bus,1,1,6002,"Obernau, Dorf",Ebikon Fildern,B,,2026-10-07 20:46:00+00:00,2026-10-07 20:46:00+00:00,,True,0.0,2026-10-07 22:34:28.991000+02:00,2026-10-07 22:46:00+02:00,2026-10-07 22:46:00+02:00,2026-10-07,22,Wednesday,False,11.516816666666667
20261007_203422,2026-10-07 20:34:28.991000+00:00,Luzern,local,ch:1:sloid:8450,"Luzern, Bahnhof",ch:1:sloid:8450::20,2026-10-07,ch:1:sjyid:100619:plan:c056dc3c-a55a-43d1-b29e-d54fd693091a,bus,Bus,12,12,85671,"Luzern, Bahnhof",Gasshof,M,,2026-10-07 20:46:00+00:00,2026-10-07 20:46:00+00:00,,True,0.0,2026-10-07 22:34:28.991000+02:00,2026-10-07 22:46:00+02:00,2026-10-07 22:46:00+02:00,2026-10-07,22,Wednesday,False,11.516816666666667
20261007_203422,2026-10-07 20:34:28.991000+00:00,Luzern,local,ch:1:sloid:8450,"Luzern, Bahnhof",ch:1:sloid:8450::1,2026-10-07,ch:1:sjyid:100619:plan:be69ee95-8761-4a3d-8240-f6110148c9c4,bus,Bus,14,14,39491,"Luzern, Brüelstrasse",Horw Zentrum,A,,2026-10-07 20:48:00+00:00,2026-10-07 20:48:00+00:00,,True,0.0,2026-10-07 22:34:28.991000+02:00,2026-10-07 22:48:00+02:00,2026-10-07 22:48:00+02:00,2026-10-07,22,Wednesday,False,13.516816666666667
20261007_203422,2026-10-07 20:34:28.991000+00:00,Luzern,local,ch:1:sloid:8450,"Luzern, Bahnhof",ch:1:sloid:8450::10,2026-10-07,ch:1:sjyid:100619:plan:dccbd10d-905a-4643-a00b-e4ee26626ece,bus,Bus,20,20,49383,"Luzern, Bahnhof",Horw Ennethorw,J,,2026-10-07 20:49:00+00:00,2026-10-07 20:49:00+00:00,,True,0.0,2026-10-07 22:34:28.991000+02:00,2026-10-07 22:49:00+02:00,2026-10-07 22:49:00+02:00,2026-10-07,22,Wednesday,False,14.516816666666667
20261007_203422,2026-10-07 20:34:28.991000+00:00,Luzern,local,ch:1:sloid:8450,"Luzern, Bahnhof",ch:1:sloid:8450::1,2026-10-07,ch:1:sjyid:100619:plan:af9bd015-c0ac-48b7-96c9-c1f8d581fec2,bus,Bus,1,1,4765,"Ebikon, Fildern",Obernau Dorf,A,,2026-10-07 20:51:00+00:00,2026-10-07 20:51:42+00:00,,True,0.7,2026-10-07 22:34:28.991000+02:00,2026-10-07 22:51:00+02:00,2026-10-07 22:51:42+02:00,2026-10-07,22,Wednesday,False,16.516816666666667
20261007_203422,2026-10-07 20:34:28.991000+00:00,Luzern,local,ch:1:sloid:8450,"Luzern, Bahnhof",ch:1:sloid:8450::2,2026-10-07,ch:1:sjyid:100619:plan:0c9ef261-0b46-4330-8b51-221af466a394,bus,Bus,8,8,29616,"Luzern, Hirtenhof",Würzenbach,B,,2026-10-07 20:53:00+00:00,2026-10-07 20:53:00+00:00,,True,0.0,2026-10-07 22:34:28.991000+02:00,2026-10-07 22:53:00+02:00,2026-10-07 22:53:00+02:00,2026-10-07,22,Wednesday,False,18.516816666666667
20261007_203422,2026-10-07 20:34:28.991000+00:00,Luzern,local,ch:1:sloid:8450,"Luzern, Bahnhof",ch:1:sloid:8450::1,2026-10-07,ch:1:sjyid:100619:plan:7c5adb82-ea6f-44de-9965-3c21203119fd,bus,Bus,8,8,29947,"Luzern, Würzenbach",Hirtenhof,A,,2026-10-07 20:53:00+00:00,2026-10-07 20:53:00+00:00,,True,0.0,2026-10-07 22:34:28.991000+02:00,2026-10-07 22:53:00+02:00,2026-10-07 22:53:00+02:00,2026-10-07,22,Wednesday,False,18.516816666666667
20261007_203422,2026-10-07 20:34:28.991000+00:00,Luzern,local,ch:1:sloid:8450,"Luzern, Bahnhof",ch:1:sloid:8450::11,2026-10-07,ch:1:sjyid:100619:plan:dd63495d-f696-4191-a314-809e0830aa19,bus,Bus,19,19,46096,"Luzern, Bahnhof",Friedental,R,,2026-10-07 20:55:00+00:00,2026-10-07 20:55:00+00:00,,True,0.0,2026-10-07 22:34:28.991000+02:00,2026-10-07 22:55:00+02:00,2026-10-07 22:55:00+02:00,2026-10-07,22,Wednesday,False,20.516816666666667
20261007_203422,2026-10-07 20:34:28.991000+00:00,Luzern,local,ch:1:sloid:8450,"Luzern, Bahnhof",ch:1:sloid:8450::23,2026-10-07,ch:1:sjyid:100619:plan:f529ccda-c75a-4706-994e-8cd4b36e0142,bus,Bus,2,2,11201,"Luzern, Bahnhof",E'brücke Sprengi,Y,,2026-10-07 20:58:00+00:00,2026-10-07 20:58:00+00:00,,True,0.0,2026-10-07 22:34:28.991000+02:00,2026-10-07 22:58:00+02:00,2026-10-07 22:58:00+02:00,2026-10-07,22,Wednesday,False,23.516816666666667
20261007_203422,2026-10-07 20:34:28.991000+00:00,Luzern,local,ch:1:sloid:8450,"Luzern, Bahnhof",ch:1:sloid:8450::2,2026-10-07,ch:1:sjyid:100619:plan:488697d0-befc-4470-83e2-430aee68cffe,bus,Bus,14,14,39864,"Horw, Zentrum",Brüelstrasse,B,,2026-10-07 20:59:36+00:00,2026-10-07 20:59:36+00:00,,True,0.0,2026-10-07 22:34:28.991000+02:00,2026-10-07 22:59:36+02:00,2026-10-07 22:59:36+02:00,2026-10-07,22,Wednesday,False,25.11681666666667
20261007_203422,2026-10-07 20:34:28.991000+00:00,Luzern,local,ch:1:sloid:8450,"Luzern, Bahnhof",ch:1:sloid:8450::2,2026-10-07,ch:1:sjyid:100619:plan:222bb093-7417-4d95-b6d5-4bd8220912c1,bus,Bus,7,7,26412,"Horw, Biregghof",Unterlöchli,B,,2026-10-07 21:00:00+00:00,2026-10-07 21:00:00+00:00,,True,0.0,2026-10-07 22:34:28.991000+02:00,2026-10-07 23:00:00+02:00,2026-10-07 23:00:00+02:00,2026-10-07,23,Wednesday,False,25.516816666666667
20261007_203422,2026-10-07 20:34:28.991000+00:00,Luzern,local,ch:1:sloid:8450,"Luzern, Bahnhof",ch:1:sloid:8450::16,2026-10-07,ch:1:sjyid:100619:plan:b20be765-a6f6-445a-a6f9-9ad13eda03ee,bus,Bus,4,4,15815,"Luzern, Bahnhof",Hubelmatt,V,,2026-10-07 21:00:00+00:00,2026-10-07 21:00:00+00:00,,True,0.0,2026-10-07 22:34:28.991000+02:00,2026-10-07 23:00:00+02:00,2026-10-07 23:00:00+02:00,2026-10-07,23,Wednesday,False,25.516816666666667
20261007_203422,2026-10-07 20:34:28.991000+00:00,Luzern,local,ch:1:sloid:8450,"Luzern, Bahnhof",ch:1:sloid:8450::1,2026-10-07,ch:1:sjyid:100619:plan:f1318afc-29e5-40c4-8451-510bf96ba852,bus,Bus,7,7,26435,"Luzern, Unterlöchli",Horw Biregghof,A,,2026-10-07 21:00:00+00:00,2026-10-07 21:00:00+00:00,,True,0.0,2026-10-07 22:34:28.991000+02:00,2026-10-07 23:00:00+02:00,2026-10-07 23:00:00+02:00,2026-10-07,23,Wednesday,False,25.516816666666667
20261007_203422,2026-10-07 20:34:28.991000+00:00,Luzern,local,ch:1:sloid:8450,"Luzern, Bahnhof",ch:1:sloid:8450::2,2026-10-07,ch:1:sjyid:100619:plan:8ec346e9-3806-4460-9836-64720e1963d2,bus,Bus,1,1,6036,"Obernau, Dorf",Ebikon Fildern,B,,2026-10-07 21:01:00+00:00,2026-10-07 21:01:00+00:00,,True,0.0,2026-10-07 22:34:28.991000+02:00,2026-10-07 23:01:00+02:00,2026-10-07 23:01:00+02:00,2026-10-07,23,Wednesday,False,26.516816666666667
20261007_203422,2026-10-07 20:34:28.991000+00:00,Luzern,local,ch:1:sloid:8450,"Luzern, Bahnhof",ch:1:sloid:8450::20,2026-10-07,ch:1:sjyid:100619:plan:3c29daef-93e5-4f27-869f-f0b34ba416b1,bus,Bus,12,12,85691,"Luzern, Bahnhof",Gasshof,M,,2026-10-07 21:01:00+00:00,2026-10-07 21:01:00+00:00,,True,0.0,2026-10-07 22:34:28.991000+02:00,2026-10-07 23:01:00+02:00,2026-10-07 23:01:00+02:00,2026-10-07,23,Wednesday,False,26.516816666666667
20261007_203422,2026-10-07 20:34:28.991000+00:00,Luzern,local,ch:1:sloid:8450,"Luzern, Bahnhof",ch:1:sloid:8450::14,2026-10-07,ch:1:sjyid:100619:plan:d27c8655-1292-4824-8264-f27569b69e30,bus,Bus,21,21,53405,"Luzern, Bahnhof",Horw Zentrum,Q,,2026-10-07 21:03:00+00:00,2026-10-07 21:03:00+00:00,,True,0.0,2026-10-07 22:34:28.991000+02:00,2026-10-07 23:03:00+02:00,2026-10-07 23:03:00+02:00,2026-10-07,23,Wednesday,False,28.516816666666667
20261007_203422,2026-10-07 20:34:29.487000+00:00,St. Gallen,local,ch:1:sloid:74095,"St. Gallen, Bahnhof",ch:1:sloid:74095:0:541287,2026-10-07,ch:1:sjyid:100684:SKI-10215,bus,Bus,10,10,10215,"St. Gallen, Röteli",Oberhofstetten,H,,2026-10-07 20:34:00+00:00,2026-10-07 20:34:00+00:00,,True,0.0,2026-10-07 22:34:29.487000+02:00,2026-10-07 22:34:00+02:00,2026-10-07 22:34:00+02:00,2026-10-07,22,Wednesday,False,-0.49145
20261007_203422,2026-10-07 20:34:29.487000+00:00,St. Gallen,local,ch:1:sloid:74095,"St. Gallen, Bahnhof",ch:1:sloid:74095:0:541287,2026-10-07,ch:1:sjyid:100684:SKI-5547,bus,Bus,5,5,5547,"St. Gallen, Rotmonten",Riethüsli,H,,2026-10-07 20:36:00+00:00,2026-10-07 20:36:12+00:00,,True,0.2,2026-10-07 22:34:29.487000+02:00,2026-10-07 22:36:00+02:00,2026-10-07 22:36:12+02:00,2026-10-07,22,Wednesday,False,1.50855
20261007_203422,2026-10-07 20:34:29.487000+00:00,St. Gallen,local,ch:1:sloid:74095,"St. Gallen, Bahnhof",ch:1:sloid:74095:0:989159,2026-10-07,ch:1:sjyid:100684:SKI-1559,bus,Bus,1,1,1559,"St. Gallen, Stephanshorn",Winkeln,A,,2026-10-07 20:37:00+00:00,2026-10-07 20:37:00+00:00,,True,0.0,2026-10-07 22:34:29.487000+02:00,2026-10-07 22:37:00+02:00,2026-10-07 22:37:00+02:00,2026-10-07,22,Wednesday,False,2.50855
20261007_203422,2026-10-07 20:34:29.487000+00:00,St. Gallen,local,ch:1:sloid:74095,"St. Gallen, Bahnhof",ch:1:sloid:74095:0:606657,2026-10-07,ch:1:sjyid:100684:SKI-9352,bus,Bus,9,9,9352,"St. Gallen, Hölzli",Sonne,I,,2026-10-07 20:38:00+00:00,2026-10-07 20:38:00+00:00,,True,0.0,2026-10-07 22:34:29.487000+02:00,2026-10-07 22:38:00+02:00,2026-10-07 22:38:00+02:00,2026-10-07,22,Wednesday,False,3.50855
20261007_203422,2026-10-07 20:34:29.487000+00:00,St. Gallen,local,ch:1:sloid:74095,"St. Gallen, Bahnhof",ch:1:sloid:74095:0:894224,2026-10-07,ch:1:sjyid:100684:SKI-6542,bus,Bus,6,6,6542,"St. Gallen, Bach St. Georgen",Heiligkreuz,E,,2026-10-07 20:38:00+00:00,2026-10-07 20:38:00+00:00,,True,0.0,2026-10-07 22:34:29.487000+02:00,2026-10-07 22:38:00+02:00,2026-10-07 22:38:00+02:00,2026-10-07,22,Wednesday,False,3.50855
20261007_203422,2026-10-07 20:34:29.487000+00:00,St. Gallen,local,ch:1:sloid:74095,"St. Gallen, Bahnhof",ch:1:sloid:74095:0:174964,2026-10-07,ch:1:sjyid:100684:SKI-9353,bus,Bus,9,9,9353,"St. Gallen, Rotmonten",Hölzli,C,,2026-10-07 20:40:00+00:00,2026-10-07 20:40:00+00:00,,True,0.0,2026-10-07 22:34:29.487000+02:00,2026-10-07 22:40:00+02:00,2026-10-07 22:40:00+02:00,2026-10-07,22,Wednesday,False,5.50855
20261007_203422,2026-10-07 20:34:29.487000+00:00,St. Gallen,local,ch:1:sloid:74095,"St. Gallen, Bahnhof",ch:1:sloid:74095:0:181274,2026-10-07,ch:1:sjyid:100684:SKI-1558,bus,Bus,1,1,1558,"St. Gallen, Wolfganghof",Stephanshorn,B,,2026-10-07 20:40:00+00:00,2026-10-07 20:40:00+00:00,,True,0.0,2026-10-07 22:34:29.487000+02:00,2026-10-07 22:40:00+02:00,2026-10-07 22:40:00+02:00,2026-10-07,22,Wednesday,False,5.50855
20261007_203422,2026-10-07 20:34:29.487000+00:00,St. Gallen,local,ch:1:sloid:74095,"St. Gallen, Bahnhof",ch:1:sloid:74095:0:606657,2026-10-07,ch:1:sjyid:100684:SKI-7358,bus,Bus,7,7,7358,"St. Gallen, Hinterberg",Neudorf / R'str.,I,,2026-10-07 20:42:00+00:00,2026-10-07 20:42:00+00:00,,True,0.0,2026-10-07 22:34:29.487000+02:00,2026-10-07 22:42:00+02:00,2026-10-07 22:42:00+02:00,2026-10-07,22,Wednesday,False,7.50855
20261007_203422,2026-10-07 20:34:29.487000+00:00,St. Gallen,local,ch:1:sloid:74095,"St. Gallen, Bahnhof",ch:1:sloid:74095:0:888081,2026-10-07,ch:1:sjyid:100684:SKI-3315,bus,Bus,3,3,3315,"St. Gallen, Heiligkreuz","Abtwil SG, St.Josefen",F,,2026-10-07 20:44:00+00:00,2026-10-07 20:44:42+00:00,,True,0.7,2026-10-07 22:34:29.487000+02:00,2026-10-07 22:44:00+02:00,2026-10-07 22:44:42+02:00,2026-10-07,22,Wednesday,False,9.508550000000001
20261007_203422,2026-10-07 20:34:29.487000+00:00,St. Gallen,local,ch:1:sloid:74095,"St. Gallen, Bahnhof",ch:1:sloid:74095:0:894224,2026-10-07,ch:1:sjyid:100684:SKI-3314,bus,Bus,3,3,3314,"Abtwil SG, St. Josefen",Heiligkreuz,E,,2026-10-07 20:44:00+00:00,2026-10-07 20:44:00+00:00,,True,0.0,2026-10-07 22:34:29.487000+02:00,2026-10-07 22:44:00+02:00,2026-10-07 22:44:00+02:00,2026-10-07,22,Wednesday,False,9.508550000000001
20261007_203422,2026-10-07 20:34:29.487000+00:00,St. Gallen,local,ch:1:sloid:74095,"St. Gallen, Bahnhof",ch:1:sloid:74095:0:541287,2026-10-07,ch:1:sjyid:100684:SKI-8365,bus,Bus,8,8,8365,"St. Gallen, Neudorf/R'str.",Wendeplatz Stocken,H,,2026-10-07 20:45:00+00:00,2026-10-07 20:45:00+00:00,,True,0.0,2026-10-07 22:34:29.487000+02:00,2026-10-07 22:45:00+02:00,2026-10-07 22:45:00+02:00,2026-10-07,22,Wednesday,False,10.508550000000001
20261007_203422,2026-10-07 20:34:29.487000+00:00,St. Gallen,local,ch:1:sloid:74095,"St. Gallen, Bahnhof",ch:1:sloid:74095:0:886128,2026-10-07,ch:1:sjyid:100602:56e1d6db-a774-4853-9269-c38e7113d16d,bus,Bus,200,200,30032,"St. Gallen, Bahnhof",Wittenbach  Arbon,G,,2026-10-07 20:45:00+00:00,2026-10-07 20:45:00+00:00,,True,0.0,2026-10-07 22:34:29.487000+02:00,2026-10-07 22:45:00+02:00,2026-10-07 22:45:00+02:00,2026-10-07,22,Wednesday,False,10.508550000000001
20261007_203422,2026-10-07 20:34:29.487000+00:00,St. Gallen,local,ch:1:sloid:74095,"St. Gallen, Bahnhof",ch:1:sloid:74095:0:888081,2026-10-07,ch:1:sjyid:100695:4582b364-95e2-4a85-9ac4-196bec94212c,bus,Bus,151,151,51290,"St. Gallen, Bahnhof",Gossau Bhf,F,,2026-10-07 20:45:00+00:00,2026-10-07 20:46:06+00:00,,True,1.1,2026-10-07 22:34:29.487000+02:00,2026-10-07 22:45:00+02:00,2026-10-07 22:46:06+02:00,2026-10-07,22,Wednesday,False,10.508550000000001
20261007_203422,2026-10-07 20:34:29.487000+00:00,St. Gallen,local,ch:1:sloid:74095,"St. Gallen, Bahnhof",ch:1:sloid:74095:0:989159,2026-10-07,ch:1:sjyid:100684:SKI-2557,bus,Bus,2,2,2557,"St. Gallen, Guggeien",Wolfganghof,A,,2026-10-07 20:47:00+00:00,2026-10-07 20:47:00+00:00,,True,0.0,2026-10-07 22:34:29.487000+02:00,2026-10-07 22:47:00+02:00,2026-10-07 22:47:00+02:00,2026-10-07,22,Wednesday,False,12.508550000000001
20261007_203422,2026-10-07 20:34:29.487000+00:00,St. Gallen,local,ch:1:sloid:74095,"St. Gallen, Bahnhof",ch:1:sloid:74095:0:541287,2026-10-07,ch:1:sjyid:100684:SKI-6561,bus,Bus,6,6,6561,"St. Gallen, Heiligkreuz",Bach St.Georgen,H,,2026-10-07 20:48:00+00:00,2026-10-07 20:48:00+00:00,,True,0.0,2026-10-07 22:34:29.487000+02:00,2026-10-07 22:48:00+02:00,2026-10-07 22:48:00+02:00,2026-10-07,22,Wednesday,False,13.508550000000001
20261007_203422,2026-10-07 20:34:29.487000+00:00,St. Gallen,local,ch:1:sloid:74095,"St. Gallen, Bahnhof",ch:1:sloid:74095:0:181274,2026-10-07,ch:1:sjyid:100684:SKI-2564,bus,Bus,2,2,2564,"St. Gallen, Winkeln",Guggeien,B,,2026-10-07 20:50:00+00:00,2026-10-07 20:50:00+00:00,,True,0.0,2026-10-07 22:34:29.487000+02:00,2026-10-07 22:50:00+02:00,2026-10-07 22:50:00+02:00,2026-10-07,22,Wednesday,False,15.508550000000001
20261007_203422,2026-10-07 20:34:29.487000+00:00,St. Gallen,local,ch:1:sloid:74095,"St. Gallen, Bahnhof",ch:1:sloid:74095:0:606657,2026-10-07,ch:1:sjyid:100684:SKI-10354,bus,Bus,10,10,10354,"St. Gallen, Bahnhof",Röteli,I,,2026-10-07 20:51:00+00:00,2026-10-07 20:51:00+00:00,,True,0.0,2026-10-07 22:34:29.487000+02:00,2026-10-07 22:51:00+02:00,2026-10-07 22:51:00+02:00,2026-10-07,22,Wednesday,False,16.50855
20261007_203422,2026-10-07 20:34:29.487000+00:00,St. Gallen,local,ch:1:sloid:74095,"St. Gallen, Bahnhof",ch:1:sloid:74095:0:606657,2026-10-07,ch:1:sjyid:100684:SKI-5540,bus,Bus,5,5,5540,"St. Gallen, Riethüsli",Rotmonten,I,,2026-10-07 20:53:00+00:00,2026-10-07 20:53:00+00:00,,True,0.0,2026-10-07 22:34:29.487000+02:00,2026-10-07 22:53:00+02:00,2026-10-07 22:53:00+02:00,2026-10-07,22,Wednesday,False,18.50855
20261007_203422,2026-10-07 20:34:29.487000+00:00,St. Gallen,local,ch:1:sloid:74095,"St. Gallen, Bahnhof",ch:1:sloid:74095:0:541287,2026-10-07,ch:1:sjyid:100684:SKI-5557,bus,Bus,5,5,5557,"St. Gallen, Rotmonten",Riethüsli,H,,2026-10-07 20:56:00+00:00,2026-10-07 20:56:00+00:00,,True,0.0,2026-10-07 22:34:29.487000+02:00,2026-10-07 22:56:00+02:00,2026-10-07 22:56:00+02:00,2026-10-07,22,Wednesday,False,21.50855
20261007_203422,2026-10-07 20:34:29.487000+00:00,St. Gallen,local,ch:1:sloid:74095,"St. Gallen, Bahnhof",ch:1:sloid:74095:0:989159,2026-10-07,ch:1:sjyid:100684:SKI-1567,bus,Bus,1,1,1567,"St. Gallen, Stephanshorn",Winkeln,A,,2026-10-07 20:57:00+00:00,2026-10-07 20:57:00+00:00,,True,0.0,2026-10-07 22:34:29.487000+02:00,2026-10-07 22:57:00+02:00,2026-10-07 22:57:00+02:00,2026-10-07,22,Wednesday,False,22.50855
20261007_203422,2026-10-07 20:34:29.487000+00:00,St. Gallen,local,ch:1:sloid:74095,"St. Gallen, Bahnhof",ch:1:sloid:74095:0:943524,2026-10-07,ch:1:sjyid:100684:SKI-11190,bus,Bus,11,11,11190,"St. Gallen, Bahnhof","Wit., Abacus-Platz",J,,2026-10-07 20:57:00+00:00,2026-10-07 20:57:00+00:00,,True,0.0,2026-10-07 22:34:29.487000+02:00,2026-10-07 22:57:00+02:00,2026-10-07 22:57:00+02:00,2026-10-07,22,Wednesday,False,22.50855
20261007_203422,2026-10-07 20:34:29.487000+00:00,St. Gallen,local,ch:1:sloid:74095,"St. Gallen, Bahnhof",ch:1:sloid:74095:0:606657,2026-10-07,ch:1:sjyid:100684:SKI-8356,bus,Bus,8,8,8356,"St. Gallen, Wendeplatz Stocken",Neudorf / R'str.,I,,2026-10-07 20:57:00+00:00,2026-10-07 20:57:00+00:00,,True,0.0,2026-10-07 22:34:29.487000+02:00,2026-10-07 22:57:00+02:00,2026-10-07 22:57:00+02:00,2026-10-07,22,Wednesday,False,22.50855
20261007_203422,2026-10-07 20:34:29.487000+00:00,St. Gallen,local,ch:1:sloid:74095,"St. Gallen, Bahnhof",ch:1:sloid:74095:0:606657,2026-10-07,ch:1:sjyid:100684:SKI-9358,bus,Bus,9,9,9358,"St. Gallen, Hölzli",Sonne,I,,2026-10-07 20:58:00+00:00,2026-10-07 20:58:00+00:00,,True,0.0,2026-10-07 22:34:29.487000+02:00,2026-10-07 22:58:00+02:00,2026-10-07 22:58:00+02:00,2026-10-07,22,Wednesday,False,23.50855
20261007_203422,2026-10-07 20:34:29.487000+00:00,St. Gallen,local,ch:1:sloid:74095,"St. Gallen, Bahnhof",ch:1:sloid:74095:0:894224,2026-10-07,ch:1:sjyid:100684:SKI-6550,bus,Bus,6,6,6550,"St. Gallen, Bach St. Georgen",Heiligkreuz,E,,2026-10-07 20:58:00+00:00,2026-10-07 20:58:00+00:00,,True,0.0,2026-10-07 22:34:29.487000+02:00,2026-10-07 22:58:00+02:00,2026-10-07 22:58:00+02:00,2026-10-07,22,Wednesday,False,23.50855
20261007_203422,2026-10-07 20:34:29.487000+00:00,St. Gallen,local,ch:1:sloid:74095,"St. Gallen, Bahnhof",ch:1:sloid:74095:0:888081,2026-10-07,ch:1:sjyid:100684:SKI-4317,bus,Bus,4,4,4317,"Wittenbach, Bahnhof","Abtwil SG, St.Josefen",F,,2026-10-07 20:59:00+00:00,2026-10-07 20:59:00+00:00,,True,0.0,2026-10-07 22:34:29.487000+02:00,2026-10-07 22:59:00+02:00,2026-10-07 22:59:00+02:00,2026-10-07,22,Wednesday,False,24.50855
20261007_203422,2026-10-07 20:34:29.487000+00:00,St. Gallen,local,ch:1:sloid:74095,"St. Gallen, Bahnhof",ch:1:sloid:74095:0:482413,2026-10-07,ch:1:sjyid:100602:eb42df7d-7948-47cd-8732-af632858e757,bus,Bus,120,120,13020,"Engelburg, Dorfplatz",Heiden,D,,2026-10-07 20:59:00+00:00,2026-10-07 20:59:00+00:00,,True,0.0,2026-10-07 22:34:29.487000+02:00,2026-10-07 22:59:00+02:00,2026-10-07 22:59:00+02:00,2026-10-07,22,Wednesday,False,24.50855
20261007_203422,2026-10-07 20:34:29.487000+00:00,St. Gallen,local,ch:1:sloid:74095,"St. Gallen, Bahnhof",ch:1:sloid:74095:0:894224,2026-10-07,ch:1:sjyid:100684:SKI-4322,bus,Bus,4,4,4322,"Abtwil SG, St. Josefen","Wittenbach, Bahnhof",E,,2026-10-07 20:59:00+00:00,2026-10-07 20:59:06+00:00,,True,0.1,2026-10-07 22:34:29.487000+02:00,2026-10-07 22:59:00+02:00,2026-10-07 22:59:06+02:00,2026-10-07,22,Wednesday,False,24.50855
20261007_203422,2026-10-07 20:34:29.487000+00:00,St. Gallen,local,ch:1:sloid:74095,"St. Gallen, Bahnhof",ch:1:sloid:74095:0:174964,2026-10-07,ch:1:sjyid:100684:SKI-9361,bus,Bus,9,9,9361,"St. Gallen, Rotmonten",Hölzli,C,,2026-10-07 21:00:00+00:00,2026-10-07 21:00:00+00:00,,True,0.0,2026-10-07 22:34:29.487000+02:00,2026-10-07 23:00:00+02:00,2026-10-07 23:00:00+02:00,2026-10-07,23,Wednesday,False,25.50855
20261007_203422,2026-10-07 20:34:29.487000+00:00,St. Gallen,local,ch:1:sloid:74095,"St. Gallen, Bahnhof",ch:1:sloid:74095:0:541287,2026-10-07,ch:1:sjyid:100684:SKI-7375,bus,Bus,7,7,7375,"St. Gallen, Neudorf/R'str.",Hinterberg,H,,2026-10-07 21:00:00+00:00,2026-10-07 21:00:00+00:00,,True,0.0,2026-10-07 22:34:29.487000+02:00,2026-10-07 23:00:00+02:00,2026-10-07 23:00:00+02:00,2026-10-07,23,Wednesday,False,25.50855
20261007_203422,2026-10-07 20:34:29.487000+00:00,St. Gallen,local,ch:1:sloid:74095,"St. Gallen, Bahnhof",ch:1:sloid:74095:0:886128,2026-10-07,ch:1:sjyid:100602:2ffc3179-cd0b-4419-92e0-70e7f2e3c557,bus,Bus,210,210,21070,"St. Gallen, Bahnhof",Arbon,G,,2026-10-07 21:00:00+00:00,2026-10-07 21:00:00+00:00,,True,0.0,2026-10-07 22:34:29.487000+02:00,2026-10-07 23:00:00+02:00,2026-10-07 23:00:00+02:00,2026-10-07,23,Wednesday,False,25.50855
20261007_203422,2026-10-07 20:34:30.008000+00:00,Lausanne,local,ch:1:sloid:92050,"Lausanne, gare",ch:1:sloid:92050:0:1096,2026-10-07,ch:1:sjyid:100122:plan2:m2_0363,metro,Metro,m2,m2,720363,"Lausanne, Ouchy-Olympique","Epalinges, Croisettes",,,2026-10-07 20:37:00+00:00,,,False,,2026-10-07 22:34:30.008000+02:00,2026-10-07 22:37:00+02:00,,2026-10-07,22,Wednesday,False,2.4998666666666667
20261007_203422,2026-10-07 20:34:30.008000+00:00,Lausanne,local,ch:1:sloid:92050,"Lausanne, gare",ch:1:sloid:92050:0:2814,2026-10-07,ch:1:sjyid:100122:plan1:2026_ATT5-21-50-Semaine-21-9980542,bus,Bus,21,21,21143,"Paudex, Verrière",Blécherette,D,,2026-10-07 20:37:00+00:00,2026-10-07 20:35:30+00:00,,True,-1.5,2026-10-07 22:34:30.008000+02:00,2026-10-07 22:37:00+02:00,2026-10-07 22:35:30+02:00,2026-10-07,22,Wednesday,False,2.4998666666666667
20261007_203422,2026-10-07 20:34:30.008000+00:00,Lausanne,local,ch:1:sloid:92050,"Lausanne, gare",ch:1:sloid:92050:0:1101,2026-10-07,ch:1:sjyid:100122:plan2:m2_0104,metro,Metro,m2,m2,720104,"Epalinges, Croisettes","Lausanne, Ouchy-Olympique",,,2026-10-07 20:38:00+00:00,,,False,,2026-10-07 22:34:30.008000+02:00,2026-10-07 22:38:00+02:00,,2026-10-07,22,Wednesday,False,3.4998666666666667
20261007_203422,2026-10-07 20:34:30.008000+00:00,Lausanne,local,ch:1:sloid:92050,"Lausanne, gare",ch:1:sloid:92050:0:2892,2026-10-07,ch:1:sjyid:100122:plan1:2026_ATT5-01-50-Semaine-1-10019108,bus,Bus,1,1,1338,"Lausanne, Blécherette",Maladière,B,,2026-10-07 20:39:00+00:00,2026-10-07 20:39:42+00:00,,True,0.7,2026-10-07 22:34:30.008000+02:00,2026-10-07 22:39:00+02:00,2026-10-07 22:39:42+02:00,2026-10-07,22,Wednesday,False,4.499866666666667
20261007_203422,2026-10-07 20:34:30.008000+00:00,Lausanne,local,ch:1:sloid:92050,"Lausanne, gare",ch:1:sloid:92050:0:2893,2026-10-07,ch:1:sjyid:100122:plan1:2026_ATT5-01-50-Semaine-1-10019093,bus,Bus,1,1,1186,"Lausanne, Maladière",Blécherette,A,,2026-10-07 20:41:00+00:00,2026-10-07 20:41:30+00:00,,True,0.5,2026-10-07 22:34:30.008000+02:00,2026-10-07 22:41:00+02:00,2026-10-07 22:41:30+02:00,2026-10-07,22,Wednesday,False,6.499866666666667
20261007_203422,2026-10-07 20:34:30.008000+00:00,Lausanne,local,ch:1:sloid:92050,"Lausanne, gare",ch:1:sloid:92050:0:1096,2026-10-07,ch:1:sjyid:100122:plan2:m2_0495,metro,Metro,m2,m2,720495,"Lausanne, Ouchy-Olympique","Epalinges, Croisettes",,,2026-10-07 20:42:00+00:00,,,False,,2026-10-07 22:34:30.008000+02:00,2026-10-07 22:42:00+02:00,,2026-10-07,22,Wednesday,False,7.499866666666667
20261007_203422,2026-10-07 20:34:30.008000+00:00,Lausanne,local,ch:1:sloid:92050,"Lausanne, gare",ch:1:sloid:92050:0:1101,2026-10-07,ch:1:sjyid:100122:plan2:m2_0158,metro,Metro,m2,m2,720158,"Epalinges, Croisettes","Lausanne, Ouchy-Olympique",,,2026-10-07 20:43:00+00:00,,,False,,2026-10-07 22:34:30.008000+02:00,2026-10-07 22:43:00+02:00,,2026-10-07,22,Wednesday,False,8.499866666666668
20261007_203422,2026-10-07 20:34:30.008000+00:00,Lausanne,local,ch:1:sloid:92050,"Lausanne, gare",ch:1:sloid:92050:0:2814,2026-10-07,ch:1:sjyid:100122:plan1:2026_ATT2-03-20-Semaine-3-9715750,bus,Bus,3,3,3117,"Lausanne, gare",Maillefer,D,,2026-10-07 20:45:00+00:00,2026-10-07 20:45:00+00:00,,True,0.0,2026-10-07 22:34:30.008000+02:00,2026-10-07 22:45:00+02:00,2026-10-07 22:45:00+02:00,2026-10-07,22,Wednesday,False,10.499866666666666
20261007_203422,2026-10-07 20:34:30.008000+00:00,Lausanne,local,ch:1:sloid:92050,"Lausanne, gare",ch:1:sloid:92050:0:2890,2026-10-07,ch:1:sjyid:100122:plan1:2026_ATT5-78-54-Semaine-78-10023274,bus,Bus,Bus-LEB,Bus-LEB,78023,"Lausanne, gare",Cheseaux,E,,2026-10-07 20:45:00+00:00,,,False,,2026-10-07 22:34:30.008000+02:00,2026-10-07 22:45:00+02:00,,2026-10-07,22,Wednesday,False,10.499866666666666
20261007_203422,2026-10-07 20:34:30.008000+00:00,Lausanne,local,ch:1:sloid:92050,"Lausanne, gare",ch:1:sloid:92050:0:1096,2026-10-07,ch:1:sjyid:100122:plan2:m2_0051,metro,Metro,m2,m2,720051,"Lausanne, Ouchy-Olympique","Epalinges, Croisettes",,,2026-10-07 20:47:00+00:00,,,False,,2026-10-07 22:34:30.008000+02:00,2026-10-07 22:47:00+02:00,,2026-10-07,22,Wednesday,False,12.499866666666666
20261007_203422,2026-10-07 20:34:30.008000+00:00,Lausanne,local,ch:1:sloid:92050,"Lausanne, gare",ch:1:sloid:92050:0:2815,2026-10-07,ch:1:sjyid:100122:plan1:2026_ATT5-20-50-Semaine-20-9969600,bus,Bus,20,20,20088,"Lausanne, gare",Blécherette,C,,2026-10-07 20:47:00+00:00,2026-10-07 20:47:00+00:00,,True,0.0,2026-10-07 22:34:30.008000+02:00,2026-10-07 22:47:00+02:00,2026-10-07 22:47:00+02:00,2026-10-07,22,Wednesday,False,12.499866666666666
20261007_203422,2026-10-07 20:34:30.008000+00:00,Lausanne,local,ch:1:sloid:92050,"Lausanne, gare",ch:1:sloid:92050:0:2893,2026-10-07,ch:1:sjyid:100122:plan1:2026_ATT5-21-50-Semaine-21-9980532,bus,Bus,21,21,21280,"Lausanne, Blécherette",Verrière,A,,2026-10-07 20:47:00+00:00,2026-10-07 20:47:00+00:00,,True,0.0,2026-10-07 22:34:30.008000+02:00,2026-10-07 22:47:00+02:00,2026-10-07 22:47:00+02:00,2026-10-07,22,Wednesday,False,12.499866666666666
20261007_203422,2026-10-07 20:34:30.008000+00:00,Lausanne,local,ch:1:sloid:92050,"Lausanne, gare",ch:1:sloid:92050:0:1101,2026-10-07,ch:1:sjyid:100122:plan2:m2_0266,metro,Metro,m2,m2,720266,"Epalinges, Croisettes","Lausanne, Ouchy-Olympique",,,2026-10-07 20:48:00+00:00,,,False,,2026-10-07 22:34:30.008000+02:00,2026-10-07 22:48:00+02:00,,2026-10-07,22,Wednesday,False,13.499866666666666
20261007_203422,2026-10-07 20:34:30.008000+00:00,Lausanne,local,ch:1:sloid:92050,"Lausanne, gare",ch:1:sloid:92050:0:1096,2026-10-07,ch:1:sjyid:100122:plan2:m2_0105,metro,Metro,m2,m2,720105,"Lausanne, Ouchy-Olympique","Epalinges, Croisettes",,,2026-10-07 20:52:00+00:00,,,False,,2026-10-07 22:34:30.008000+02:00,2026-10-07 22:52:00+02:00,,2026-10-07,22,Wednesday,False,17.499866666666666
20261007_203422,2026-10-07 20:34:30.008000+00:00,Lausanne,local,ch:1:sloid:92050,"Lausanne, gare",ch:1:sloid:92050:0:2814,2026-10-07,ch:1:sjyid:100122:plan1:2026_ATT5-21-50-Semaine-21-9980543,bus,Bus,21,21,21144,"Paudex, Verrière",Blécherette,D,,2026-10-07 20:52:00+00:00,2026-10-07 20:52:00+00:00,,True,0.0,2026-10-07 22:34:30.008000+02:00,2026-10-07 22:52:00+02:00,2026-10-07 22:52:00+02:00,2026-10-07,22,Wednesday,False,17.499866666666666
20261007_203422,2026-10-07 20:34:30.008000+00:00,Lausanne,local,ch:1:sloid:92050,"Lausanne, gare",ch:1:sloid:92050:0:1101,2026-10-07,ch:1:sjyid:100122:plan2:m2_0416,metro,Metro,m2,m2,720416,"Epalinges, Croisettes","Lausanne, Ouchy-Olympique",,,2026-10-07 20:53:00+00:00,,,False,,2026-10-07 22:34:30.008000+02:00,2026-10-07 22:53:00+02:00,,2026-10-07,22,Wednesday,False,18.499866666666666
20261007_203422,2026-10-07 20:34:30.008000+00:00,Lausanne,local,ch:1:sloid:92050,"Lausanne, gare",ch:1:sloid:92050:0:2892,2026-10-07,ch:1:sjyid:100122:plan1:2026_ATT5-01-50-Semaine-1-10019109,bus,Bus,1,1,1339,"Lausanne, Blécherette",Maladière,B,,2026-10-07 20:54:00+00:00,2026-10-07 20:54:00+00:00,,True,0.0,2026-10-07 22:34:30.008000+02:00,2026-10-07 22:54:00+02:00,2026-10-07 22:54:00+02:00,2026-10-07,22,Wednesday,False,19.499866666666666
20261007_203422,2026-10-07 20:34:30.008000+00:00,Lausanne,local,ch:1:sloid:92050,"Lausanne, gare",ch:1:sloid:92050:0:2893,2026-10-07,ch:1:sjyid:100122:plan1:2026_ATT5-01-50-Semaine-1-10019094,bus,Bus,1,1,1187,"Lausanne, Maladière",Blécherette,A,,2026-10-07 20:56:00+00:00,2026-10-07 20:56:00+00:00,,True,0.0,2026-10-07 22:34:30.008000+02:00,2026-10-07 22:56:00+02:00,2026-10-07 22:56:00+02:00,2026-10-07,22,Wednesday,False,21.499866666666666
20261007_203422,2026-10-07 20:34:30.008000+00:00,Lausanne,local,ch:1:sloid:92050,"Lausanne, gare",ch:1:sloid:92050:0:1096,2026-10-07,ch:1:sjyid:100122:plan2:m2_0159,metro,Metro,m2,m2,720159,"Lausanne, Ouchy-Olympique","Epalinges, Croisettes",,,2026-10-07 20:57:00+00:00,,,False,,2026-10-07 22:34:30.008000+02:00,2026-10-07 22:57:00+02:00,,2026-10-07,22,Wednesday,False,22.499866666666666
20261007_203422,2026-10-07 20:34:30.008000+00:00,Lausanne,local,ch:1:sloid:92050,"Lausanne, gare",ch:1:sloid:92050:0:1101,2026-10-07,ch:1:sjyid:100122:plan2:m2_0214,metro,Metro,m2,m2,720214,"Epalinges, Croisettes","Lausanne, Ouchy-Olympique",,,2026-10-07 20:58:00+00:00,,,False,,2026-10-07 22:34:30.008000+02:00,2026-10-07 22:58:00+02:00,,2026-10-07,22,Wednesday,False,23.499866666666666
20261007_203422,2026-10-07 20:34:30.008000+00:00,Lausanne,local,ch:1:sloid:92050,"Lausanne, gare",ch:1:sloid:92050:0:2814,2026-10-07,ch:1:sjyid:100122:plan1:2026_ATT2-03-20-Semaine-3-9715751,bus,Bus,3,3,3118,"Lausanne, gare",Maillefer,D,,2026-10-07 21:00:00+00:00,2026-10-07 21:00:00+00:00,,True,0.0,2026-10-07 22:34:30.008000+02:00,2026-10-07 23:00:00+02:00,2026-10-07 23:00:00+02:00,2026-10-07,23,Wednesday,False,25.499866666666666
20261007_203422,2026-10-07 20:34:30.008000+00:00,Lausanne,local,ch:1:sloid:92050,"Lausanne, gare",ch:1:sloid:92050:0:2815,2026-10-07,ch:1:sjyid:100122:plan1:2026_ATT5-20-50-Semaine-20-9969601,bus,Bus,20,20,20089,"Lausanne, gare",Blécherette,C,,2026-10-07 21:00:00+00:00,2026-10-07 21:00:00+00:00,,True,0.0,2026-10-07 22:34:30.008000+02:00,2026-10-07 23:00:00+02:00,2026-10-07 23:00:00+02:00,2026-10-07,23,Wednesday,False,25.499866666666666
20261007_203422,2026-10-07 20:34:30.008000+00:00,Lausanne,local,ch:1:sloid:92050,"Lausanne, gare",ch:1:sloid:92050:0:1096,2026-10-07,ch:1:sjyid:100122:plan2:m2_0267,metro,Metro,m2,m2,720267,"Lausanne, Ouchy-Olympique","Epalinges, Croisettes",,,2026-10-07 21:02:00+00:00,,,False,,2026-10-07 22:34:30.008000+02:00,2026-10-07 23:02:00+02:00,,2026-10-07,23,Wednesday,False,27.499866666666666
20261007_203422,2026-10-07 20:34:30.008000+00:00,Lausanne,local,ch:1:sloid:92050,"Lausanne, gare",ch:1:sloid:92050:0:2893,2026-10-07,ch:1:sjyid:100122:plan1:2026_ATT5-21-50-Semaine-21-9980533,bus,Bus,21,21,21281,"Lausanne, Blécherette",Verrière,A,,2026-10-07 21:02:00+00:00,2026-10-07 21:02:00+00:00,,True,0.0,2026-10-07 22:34:30.008000+02:00,2026-10-07 23:02:00+02:00,2026-10-07 23:02:00+02:00,2026-10-07,23,Wednesday,False,27.499866666666666
20261007_203422,2026-10-07 20:34:30.008000+00:00,Lausanne,local,ch:1:sloid:92050,"Lausanne, gare",ch:1:sloid:92050:0:1101,2026-10-07,ch:1:sjyid:100122:plan2:m2_0538,metro,Metro,m2,m2,720538,"Epalinges, Croisettes","Lausanne, Ouchy-Olympique",,,2026-10-07 21:03:00+00:00,,,False,,2026-10-07 22:34:30.008000+02:00,2026-10-07 23:03:00+02:00,,2026-10-07,23,Wednesday,False,28.499866666666666
20261007_203422,2026-10-07 20:34:30.008000+00:00,Lausanne,local,ch:1:sloid:92050,"Lausanne, gare",ch:1:sloid:92050:0:1096,2026-10-07,ch:1:sjyid:100122:plan2:m2_0417,metro,Metro,m2,m2,720417,"Lausanne, Ouchy-Olympique","Epalinges, Croisettes",,,2026-10-07 21:07:00+00:00,,,False,,2026-10-07 22:34:30.008000+02:00,2026-10-07 23:07:00+02:00,,2026-10-07,23,Wednesday,False,32.49986666666667
20261007_203422,2026-10-07 20:34:30.008000+00:00,Lausanne,local,ch:1:sloid:92050,"Lausanne, gare",ch:1:sloid:92050:0:2814,2026-10-07,ch:1:sjyid:100122:plan1:2026_ATT5-21-50-Semaine-21-9980544,bus,Bus,21,21,21145,"Paudex, Verrière",Blécherette,D,,2026-10-07 21:07:00+00:00,,,False,,2026-10-07 22:34:30.008000+02:00,2026-10-07 23:07:00+02:00,,2026-10-07,23,Wednesday,False,32.49986666666667
20261007_203422,2026-10-07 20:34:30.008000+00:00,Lausanne,local,ch:1:sloid:92050,"Lausanne, gare",ch:1:sloid:92050:0:2892,2026-10-07,ch:1:sjyid:100122:plan1:2026_ATT5-01-50-Semaine-1-10019110,bus,Bus,1,1,1340,"Lausanne, Blécherette",Maladière,B,,2026-10-07 21:08:00+00:00,2026-10-07 21:08:00+00:00,,True,0.0,2026-10-07 22:34:30.008000+02:00,2026-10-07 23:08:00+02:00,2026-10-07 23:08:00+02:00,2026-10-07,23,Wednesday,False,33.49986666666667
20261007_203422,2026-10-07 20:34:30.008000+00:00,Lausanne,local,ch:1:sloid:92050,"Lausanne, gare",ch:1:sloid:92050:0:2815,2026-10-07,ch:1:sjyid:100122:plan1:2026_ATT5-20-50-Semaine-20-9969602,bus,Bus,20,20,20090,"Lausanne, gare",Blécherette,C,,2026-10-07 21:08:00+00:00,2026-10-07 21:08:00+00:00,,True,0.0,2026-10-07 22:34:30.008000+02:00,2026-10-07 23:08:00+02:00,2026-10-07 23:08:00+02:00,2026-10-07,23,Wednesday,False,33.49986666666667
20261007_203422,2026-10-07 20:34:30.008000+00:00,Lausanne,local,ch:1:sloid:92050,"Lausanne, gare",ch:1:sloid:92050:0:1101,2026-10-07,ch:1:sjyid:100122:plan2:m2_0364,metro,Metro,m2,m2,720364,"Epalinges, Croisettes","Lausanne, Ouchy-Olympique",,,2026-10-07 21:08:00+00:00,,,False,,2026-10-07 22:34:30.008000+02:00,2026-10-07 23:08:00+02:00,,2026-10-07,23,Wednesday,False,33.49986666666667
20261007_203422,2026-10-07 20:34:30.486000+00:00,Genève,local,ch:1:sloid:87057,"Genève, gare Cornavin",ch:1:sloid:87057:0:783875,2026-10-07,ch:1:sjyid:100680:HAS-26-015925-70-Lun-Ven-35913638,bus,Bus,9,9,698053,"Thônex, Belle-Terre Pl. Araire",Lignon-Tours,K,,2026-10-07 20:31:00+00:00,2026-10-07 20:35:00+00:00,,True,4.0,2026-10-07 22:34:30.486000+02:00,2026-10-07 22:31:00+02:00,2026-10-07 22:35:00+02:00,2026-10-07,22,Wednesday,False,-3.5080999999999998
20261007_203422,2026-10-07 20:34:30.486000+00:00,Genève,local,ch:1:sloid:87057,"Genève, gare Cornavin",ch:1:sloid:87057:0:233278,2026-10-07,ch:1:sjyid:100680:HAS-26-14-10-Lun-Ven-35075243,tram,Tram,14,14,846374,"Meyrin, Gravière",Bernex-Vailly,I,,2026-10-07 20:34:00+00:00,2026-10-07 20:34:24+00:00,,True,0.4,2026-10-07 22:34:30.486000+02:00,2026-10-07 22:34:00+02:00,2026-10-07 22:34:24+02:00,2026-10-07,22,Wednesday,False,-0.5081
20261007_203422,2026-10-07 20:34:30.486000+00:00,Genève,local,ch:1:sloid:87057,"Genève, gare Cornavin",ch:1:sloid:87057:0:89811,2026-10-07,ch:1:sjyid:100680:HAS-26-14-10-Lun-Ven-35075226,tram,Tram,14,14,846357,"Bernex, Vailly",Meyrin-Gravière,H,,2026-10-07 20:35:00+00:00,2026-10-07 20:34:12+00:00,,True,-0.8,2026-10-07 22:34:30.486000+02:00,2026-10-07 22:35:00+02:00,2026-10-07 22:34:12+02:00,2026-10-07,22,Wednesday,False,0.4919
20261007_203422,2026-10-07 20:34:30.486000+00:00,Genève,local,ch:1:sloid:87057,"Genève, gare Cornavin",ch:1:sloid:87057:0:46188,2026-10-07,ch:1:sjyid:100680:HAS-26-15-10-Lun-Ven-35076375,tram,Tram,15,15,847506,"Genève, Nations",ZIPLO,D,,2026-10-07 20:36:00+00:00,2026-10-07 20:35:42+00:00,,True,-0.3,2026-10-07 22:34:30.486000+02:00,2026-10-07 22:36:00+02:00,2026-10-07 22:35:42+02:00,2026-10-07,22,Wednesday,False,1.4919
20261007_203422,2026-10-07 20:34:30.486000+00:00,Genève,local,ch:1:sloid:87057,"Genève, gare Cornavin",ch:1:sloid:87057:0:783875,2026-10-07,ch:1:sjyid:100680:HAS-26-02-06-19-1-Lun-Ven-34651796,bus,Bus,6,6,616724,"Genève, Plage",Vernier-Village,K,,2026-10-07 20:36:00+00:00,2026-10-07 20:36:54+00:00,,True,0.9,2026-10-07 22:34:30.486000+02:00,2026-10-07 22:36:00+02:00,2026-10-07 22:36:54+02:00,2026-10-07,22,Wednesday,False,1.4919
20261007_203422,2026-10-07 20:34:30.486000+00:00,Genève,local,ch:1:sloid:87057,"Genève, gare Cornavin",ch:1:sloid:87057:0:589555,2026-10-07,ch:1:sjyid:100680:HAS-26-015925-70-Lun-Ven-35913639,bus,Bus,9,9,698054,"Vernier, Lignon Tours",Belle-Terre-Place-de-l'Araire,L,,2026-10-07 20:37:00+00:00,2026-10-07 20:38:12+00:00,,True,1.2,2026-10-07 22:34:30.486000+02:00,2026-10-07 22:37:00+02:00,2026-10-07 22:38:12+02:00,2026-10-07,22,Wednesday,False,2.4919000000000002
20261007_203422,2026-10-07 20:34:30.486000+00:00,Genève,local,ch:1:sloid:87057,"Genève, gare Cornavin",ch:1:sloid:87057:0:46188,2026-10-07,ch:1:sjyid:100680:HAS-26-015925-70-Lun-Ven-35913616,bus,Bus,1,1,698031,"Genève, Jardin Botanique",Hôpital Trois-Chêne,D,,2026-10-07 20:37:00+00:00,2026-10-07 20:35:48+00:00,,True,-1.2,2026-10-07 22:34:30.486000+02:00,2026-10-07 22:37:00+02:00,2026-10-07 22:35:48+02:00,2026-10-07,22,Wednesday,False,2.4919000000000002
20261007_203422,2026-10-07 20:34:30.486000+00:00,Genève,local,ch:1:sloid:87057,"Genève, gare Cornavin",ch:1:sloid:87057:0:698638,2026-10-07,ch:1:sjyid:100680:HAS-26-03-0-Lun-Ven-33832942,bus,Bus,3,3,554259,"Genève, Crêts-de-Champel",Gardiol,F,,2026-10-07 20:37:00+00:00,2026-10-07 20:38:30+00:00,,True,1.5,2026-10-07 22:34:30.486000+02:00,2026-10-07 22:37:00+02:00,2026-10-07 22:38:30+02:00,2026-10-07,22,Wednesday,False,2.4919000000000002
20261007_203422,2026-10-07 20:34:30.486000+00:00,Genève,local,ch:1:sloid:87057,"Genève, gare Cornavin",ch:1:sloid:87057:0:783875,2026-10-07,ch:1:sjyid:100680:HAS-26-10-0-Lun-Ven-33810484,bus,Bus,10,10,551598,"Genève, Rive",Genève-Aéroport-Terminal,K,,2026-10-07 20:37:00+00:00,2026-10-07 20:37:06+00:00,,True,0.1,2026-10-07 22:34:30.486000+02:00,2026-10-07 22:37:00+02:00,2026-10-07 22:37:06+02:00,2026-10-07,22,Wednesday,False,2.4919000000000002
20261007_203422,2026-10-07 20:34:30.486000+00:00,Genève,local,ch:1:sloid:87057,"Genève, gare Cornavin",ch:1:sloid:87057:0:233278,2026-10-07,ch:1:sjyid:100680:HAS-26-18-10-Lun-Ven-35074983,tram,Tram,18,18,846116,"Meyrin, CERN",Palettes,I,,2026-10-07 20:39:00+00:00,2026-10-07 20:40:48+00:00,,True,1.8,2026-10-07 22:34:30.486000+02:00,2026-10-07 22:39:00+02:00,2026-10-07 22:40:48+02:00,2026-10-07,22,Wednesday,False,4.4919
20261007_203422,2026-10-07 20:34:30.486000+00:00,Genève,local,ch:1:sloid:87057,"Genève, gare Cornavin",ch:1:sloid:87057:0:589555,2026-10-07,ch:1:sjyid:100680:HAS-26-02-06-19-1-Lun-Ven-34651821,bus,Bus,6,6,616749,"Vernier, village",Genève-Plage,L,,2026-10-07 20:40:00+00:00,2026-10-07 20:38:24+00:00,,True,-1.6,2026-10-07 22:34:30.486000+02:00,2026-10-07 22:40:00+02:00,2026-10-07 22:38:24+02:00,2026-10-07,22,Wednesday,False,5.4919
20261007_203422,2026-10-07 20:34:30.486000+00:00,Genève,local,ch:1:sloid:87057,"Genève, gare Cornavin",ch:1:sloid:87057:0:408265,2026-10-07,ch:1:sjyid:100680:HAS-26-015925-70-Lun-Ven-35913587,bus,Bus,25,25,698002,"Thônex, Vallard",Jardin Botanique,E,,2026-10-07 20:40:00+00:00,2026-10-07 20:42:18+00:00,,True,2.3,2026-10-07 22:34:30.486000+02:00,2026-10-07 22:40:00+02:00,2026-10-07 22:42:18+02:00,2026-10-07,22,Wednesday,False,5.4919
20261007_203422,2026-10-07 20:34:30.486000+00:00,Genève,local,ch:1:sloid:87057,"Genève, gare Cornavin",ch:1:sloid:87057:0:50679,2026-10-07,ch:1:sjyid:100680:HAS-26-60-61-70-Lun-Ven-35376286,bus,Bus,60,60,693397,"Genève, gare Cornavin",Gex-L'Aiglette,J,,2026-10-07 20:42:00+00:00,2026-10-07 20:42:00+00:00,,True,0.0,2026-10-07 22:34:30.486000+02:00,2026-10-07 22:42:00+02:00,2026-10-07 22:42:00+02:00,2026-10-07,22,Wednesday,False,7.4919
20261007_203422,2026-10-07 20:34:30.486000+00:00,Genève,local,ch:1:sloid:87057,"Genève, gare Cornavin",ch:1:sloid:87057:0:408265,2026-10-07,ch:1:sjyid:100680:HAS-26-15-10-Lun-Ven-35076393,tram,Tram,15,15,847524,"Plan-les-Ouates, ZIPLO",Nations,E,,2026-10-07 20:43:00+00:00,2026-10-07 20:43:24+00:00,,True,0.4,2026-10-07 22:34:30.486000+02:00,2026-10-07 22:43:00+02:00,2026-10-07 22:43:24+02:00,2026-10-07,22,Wednesday,False,8.4919
20261007_203422,2026-10-07 20:34:30.486000+00:00,Genève,local,ch:1:sloid:87057,"Genève, gare Cornavin",ch:1:sloid:87057:0:973093,2026-10-07,ch:1:sjyid:100680:HAS-26-08-20-13-Lun-Ven-35205736,bus,Bus,8,8,646113,"Grand-Saconnex, Palexpo",Veyrier-Douane,C,,2026-10-07 20:43:00+00:00,2026-10-07 20:43:48+00:00,,True,0.8,2026-10-07 22:34:30.486000+02:00,2026-10-07 22:43:00+02:00,2026-10-07 22:43:48+02:00,2026-10-07,22,Wednesday,False,8.4919
20261007_203422,2026-10-07 20:34:30.486000+00:00,Genève,local,ch:1:sloid:87057,"Genève, gare Cornavin",ch:1:sloid:87057:0:50679,2026-10-07,ch:1:sjyid:100680:HAS-26-08-20-13-Lun-Ven-35205737,bus,Bus,8,8,646114,"Veyrier, douane",Palexpo,J,,2026-10-07 20:43:00+00:00,2026-10-07 20:42:42+00:00,,True,-0.3,2026-10-07 22:34:30.486000+02:00,2026-10-07 22:43:00+02:00,2026-10-07 22:42:42+02:00,2026-10-07,22,Wednesday,False,8.4919
20261007_203422,2026-10-07 20:34:30.486000+00:00,Genève,local,ch:1:sloid:87057,"Genève, gare Cornavin",ch:1:sloid:87057:0:233278,2026-10-07,ch:1:sjyid:100680:HAS-26-14-10-Lun-Ven-35075242,tram,Tram,14,14,846373,"Meyrin, Gravière",Bernex-Vailly,I,,2026-10-07 20:44:00+00:00,2026-10-07 20:43:30+00:00,,True,-0.5,2026-10-07 22:34:30.486000+02:00,2026-10-07 22:44:00+02:00,2026-10-07 22:43:30+02:00,2026-10-07,22,Wednesday,False,9.4919
20261007_203422,2026-10-07 20:34:30.486000+00:00,Genève,local,ch:1:sloid:87057,"Genève, gare Cornavin",ch:1:sloid:87057:0:89811,2026-10-07,ch:1:sjyid:100680:HAS-26-14-10-Lun-Ven-35075225,tram,Tram,14,14,846356,"Bernex, Vailly",Meyrin-Gravière,H,,2026-10-07 20:45:00+00:00,2026-10-07 20:43:54+00:00,,True,-1.1,2026-10-07 22:34:30.486000+02:00,2026-10-07 22:45:00+02:00,2026-10-07 22:43:54+02:00,2026-10-07,22,Wednesday,False,10.4919
20261007_203422,2026-10-07 20:34:30.486000+00:00,Genève,local,ch:1:sloid:87057,"Genève, gare Cornavin",ch:1:sloid:87057:0:46188,2026-10-07,ch:1:sjyid:100680:HAS-26-15-10-Lun-Ven-35076374,tram,Tram,15,15,847505,"Genève, Nations",ZIPLO,D,,2026-10-07 20:46:00+00:00,2026-10-07 20:46:00+00:00,,True,0.0,2026-10-07 22:34:30.486000+02:00,2026-10-07 22:46:00+02:00,2026-10-07 22:46:00+02:00,2026-10-07,22,Wednesday,False,11.4919
20261007_203422,2026-10-07 20:34:30.486000+00:00,Genève,local,ch:1:sloid:87057,"Genève, gare Cornavin",ch:1:sloid:87057:0:783875,2026-10-07,ch:1:sjyid:100680:HAS-26-02-06-19-1-Lun-Ven-34651777,bus,Bus,19,19,616705,"Onex, cité",Vernier-Village,K,,2026-10-07 20:46:00+00:00,2026-10-07 20:46:18+00:00,,True,0.3,2026-10-07 22:34:30.486000+02:00,2026-10-07 22:46:00+02:00,2026-10-07 22:46:18+02:00,2026-10-07,22,Wednesday,False,11.4919
20261007_203422,2026-10-07 20:34:30.486000+00:00,Genève,local,ch:1:sloid:87057,"Genève, gare Cornavin",ch:1:sloid:87057:0:46188,2026-10-07,ch:1:sjyid:100680:HAS-26-015925-70-Lun-Ven-35913586,bus,Bus,25,25,698001,"Genève, Jardin Botanique",Thônex-Vallard,D,,2026-10-07 20:47:00+00:00,2026-10-07 20:47:00+00:00,,True,0.0,2026-10-07 22:34:30.486000+02:00,2026-10-07 22:47:00+02:00,2026-10-07 22:47:00+02:00,2026-10-07,22,Wednesday,False,12.4919
20261007_203422,2026-10-07 20:34:30.486000+00:00,Genève,local,ch:1:sloid:87057,"Genève, gare Cornavin",ch:1:sloid:87057:0:589555,2026-10-07,ch:1:sjyid:100680:HAS-26-02-06-19-1-Lun-Ven-34651822,bus,Bus,19,19,616750,"Vernier, village",Onex-Cité,L,,2026-10-07 20:49:00+00:00,2026-10-07 20:49:00+00:00,,True,0.0,2026-10-07 22:34:30.486000+02:00,2026-10-07 22:49:00+02:00,2026-10-07 22:49:00+02:00,2026-10-07,22,Wednesday,False,14.4919
20261007_203422,2026-10-07 20:34:30.486000+00:00,Genève,local,ch:1:sloid:87057,"Genève, gare Cornavin",ch:1:sloid:87057:0:89811,2026-10-07,ch:1:sjyid:100680:HAS-26-18-10-Lun-Ven-35074974,tram,Tram,18,18,846107,"Grand-Lancy, Palettes",CERN,H,,2026-10-07 20:49:00+00:00,2026-10-07 20:50:00+00:00,,True,1.0,2026-10-07 22:34:30.486000+02:00,2026-10-07 22:49:00+02:00,2026-10-07 22:50:00+02:00,2026-10-07,22,Wednesday,False,14.4919
20261007_203422,2026-10-07 20:34:30.486000+00:00,Genève,local,ch:1:sloid:87057,"Genève, gare Cornavin",ch:1:sloid:87057:0:589555,2026-10-07,ch:1:sjyid:100680:HAS-26-10-0-Lun-Ven-33810536,bus,Bus,10,10,551631,"Genève-Aéroport, Terminal",Rive,L,,2026-10-07 20:50:00+00:00,2026-10-07 20:50:00+00:00,,True,0.0,2026-10-07 22:34:30.486000+02:00,2026-10-07 22:50:00+02:00,2026-10-07 22:50:00+02:00,2026-10-07,22,Wednesday,False,15.4919
20261007_203422,2026-10-07 20:34:30.486000+00:00,Genève,local,ch:1:sloid:87057,"Genève, gare Cornavin",ch:1:sloid:87057:0:408265,2026-10-07,ch:1:sjyid:100680:HAS-26-015925-70-Lun-Ven-35913610,bus,Bus,1,1,698025,"Thônex, Hôpital Trois-Chêne",Jardin Botanique,E,,2026-10-07 20:50:00+00:00,2026-10-07 20:54:18+00:00,,True,4.3,2026-10-07 22:34:30.486000+02:00,2026-10-07 22:50:00+02:00,2026-10-07 22:54:18+02:00,2026-10-07,22,Wednesday,False,15.4919
20261007_203422,2026-10-07 20:34:30.486000+00:00,Genève,local,ch:1:sloid:87057,"Genève, gare Cornavin",ch:1:sloid:87057:0:783875,2026-10-07,ch:1:sjyid:100680:HAS-26-015925-70-Lun-Ven-35913640,bus,Bus,9,9,698055,"Thônex, Belle-Terre Pl. Araire",Lignon-Tours,K,,2026-10-07 20:50:00+00:00,2026-10-07 20:49:48+00:00,,True,-0.2,2026-10-07 22:34:30.486000+02:00,2026-10-07 22:50:00+02:00,2026-10-07 22:49:48+02:00,2026-10-07,22,Wednesday,False,15.4919
20261007_203422,2026-10-07 20:34:30.486000+00:00,Genève,local,ch:1:sloid:87057,"Genève, gare Cornavin",ch:1:sloid:87057:0:651350,2026-10-07,ch:1:sjyid:100680:HAS-26-015925-70-Lun-Ven-35913561,bus,Bus,5,5,697976,"Genève-Aéroport, Terminal",Thônex-Vallard,B,,2026-10-07 20:52:00+00:00,2026-10-07 20:52:36+00:00,,True,0.6,2026-10-07 22:34:30.486000+02:00,2026-10-07 22:52:00+02:00,2026-10-07 22:52:36+02:00,2026-10-07,22,Wednesday,False,17.491899999999998
20261007_203422,2026-10-07 20:34:30.486000+00:00,Genève,local,ch:1:sloid:87057,"Genève, gare Cornavin",ch:1:sloid:87057:0:408265,2026-10-07,ch:1:sjyid:100680:HAS-26-15-10-Lun-Ven-35076392,tram,Tram,15,15,847523,"Plan-les-Ouates, ZIPLO",Nations,E,,2026-10-07 20:53:00+00:00,2026-10-07 20:53:06+00:00,,True,0.1,2026-10-07 22:34:30.486000+02:00,2026-10-07 22:53:00+02:00,2026-10-07 22:53:06+02:00,2026-10-07,22,Wednesday,False,18.491899999999998
20261007_203422,2026-10-07 20:34:30.486000+00:00,Genève,local,ch:1:sloid:87057,"Genève, gare Cornavin",ch:1:sloid:87057:0:698638,2026-10-07,ch:1:sjyid:100680:HAS-26-03-0-Lun-Ven-33832943,bus,Bus,3,3,554260,"Genève, Crêts-de-Champel",Gardiol,F,,2026-10-07 20:53:00+00:00,2026-10-07 20:53:00+00:00,,True,0.0,2026-10-07 22:34:30.486000+02:00,2026-10-07 22:53:00+02:00,2026-10-07 22:53:00+02:00,2026-10-07,22,Wednesday,False,18.491899999999998
20261007_203422,2026-10-07 20:34:30.486000+00:00,Genève,local,ch:1:sloid:87057,"Genève, gare Cornavin",ch:1:sloid:87057:0:50679,2026-10-07,ch:1:sjyid:100680:HAS-26-015925-70-Lun-Ven-35913560,bus,Bus,5,5,697975,"Thônex, Vallard",Genève-Aéroport-Terminal,J,,2026-10-07 20:53:00+00:00,2026-10-07 20:53:36+00:00,,True,0.6,2026-10-07 22:34:30.486000+02:00,2026-10-07 22:53:00+02:00,2026-10-07 22:53:36+02:00,2026-10-07,22,Wednesday,False,18.491899999999998
20261007_203422,2026-10-07 20:34:31.011000+00:00,Lugano,local,ch:1:sloid:5380,"Lugano, Stazione",ch:1:sloid:5380::407001,2026-10-07,ch:1:sjyid:100754:9edd8e4d-4667-4447-b85b-8a98e456876c,bus,Bus,6,6,6275,"Lugano, Stazione","Lugano, Cornaredo",A,,2026-10-07 20:39:00+00:00,2026-10-07 20:39:00+00:00,,True,0.0,2026-10-07 22:34:31.011000+02:00,2026-10-07 22:39:00+02:00,2026-10-07 22:39:00+02:00,2026-10-07,22,Wednesday,False,4.483149999999999
20261007_203422,2026-10-07 20:34:31.011000+00:00,Lugano,local,ch:1:sloid:5380,"Lugano, Stazione",ch:1:sloid:5380::407001,2026-10-07,ch:1:sjyid:100754:6ba06f6a-638b-41a5-88d4-a7c8a5384c19,bus,Bus,2,2,2292,"Castagnola, Capolinea","Paradiso, Carzo",A,,2026-10-07 20:39:30+00:00,2026-10-07 20:41:30+00:00,,True,2.0,2026-10-07 22:34:31.011000+02:00,2026-10-07 22:39:30+02:00,2026-10-07 22:41:30+02:00,2026-10-07,22,Wednesday,False,4.983149999999999
20261007_203422,2026-10-07 20:34:31.011000+00:00,Lugano,local,ch:1:sloid:5380,"Lugano, Stazione",ch:1:sloid:5380::407002,2026-10-07,ch:1:sjyid:100754:a9ba7a61-2ae6-42e3-a1f8-54ea656ba1dc,bus,Bus,4,4,4251,"Lugano, Centro","Comano, Studio TV",B,,2026-10-07 20:44:00+00:00,2026-10-07 20:44:00+00:00,,True,0.0,2026-10-07 22:34:31.011000+02:00,2026-10-07 22:44:00+02:00,2026-10-07 22:44:00+02:00,2026-10-07,22,Wednesday,False,9.48315
20261007_203422,2026-10-07 20:34:31.011000+00:00,Lugano,local,ch:1:sloid:5380,"Lugano, Stazione",ch:1:sloid:5380::407001,2026-10-07,ch:1:sjyid:100754:23cf6789-0171-4436-a52c-d8b2f06c0ded,bus,Bus,4,4,4260,"Comano, Studio TV","Lugano, Centro",A,,2026-10-07 20:46:00+00:00,2026-10-07 20:46:00+00:00,,True,0.0,2026-10-07 22:34:31.011000+02:00,2026-10-07 22:46:00+02:00,2026-10-07 22:46:00+02:00,2026-10-07,22,Wednesday,False,11.48315
20261007_203422,2026-10-07 20:34:31.011000+00:00,Lugano,local,ch:1:sloid:5380,"Lugano, Stazione",ch:1:sloid:5380::407001,2026-10-07,ch:1:sjyid:100754:69f6a9bf-f450-4771-aff0-f32f1c5a2db4,bus,Bus,6,6,6277,"Lugano, Stazione","Lugano, Cornaredo",A,,2026-10-07 20:54:00+00:00,,,False,,2026-10-07 22:34:31.011000+02:00,2026-10-07 22:54:00+02:00,,2026-10-07,22,Wednesday,False,19.483150000000002
20261007_203422,2026-10-07 20:34:31.011000+00:00,Lugano,local,ch:1:sloid:5380,"Lugano, Stazione",ch:1:sloid:5380::407001,2026-10-07,ch:1:sjyid:100754:33863111-ce06-4101-98b0-b447262f38aa,bus,Bus,2,2,2294,"Castagnola, Capolinea","Paradiso, Carzo",A,,2026-10-07 20:54:30+00:00,2026-10-07 20:54:30+00:00,,True,0.0,2026-10-07 22:34:31.011000+02:00,2026-10-07 22:54:30+02:00,2026-10-07 22:54:30+02:00,2026-10-07,22,Wednesday,False,19.983150000000002
20261007_203422,2026-10-07 20:34:31.011000+00:00,Lugano,local,ch:1:sloid:5380,"Lugano, Stazione",ch:1:sloid:5380::407002,2026-10-07,ch:1:sjyid:100754:b6697423-fce1-4e99-a3a4-772f4df0d071,bus,Bus,4,4,4253,"Lugano, Centro","Canobbio, Ganna",B,,2026-10-07 20:59:00+00:00,2026-10-07 20:59:00+00:00,,True,0.0,2026-10-07 22:34:31.011000+02:00,2026-10-07 22:59:00+02:00,2026-10-07 22:59:00+02:00,2026-10-07,22,Wednesday,False,24.483150000000002
20261007_203422,2026-10-07 20:34:31.011000+00:00,Lugano,local,ch:1:sloid:5380,"Lugano, Stazione",ch:1:sloid:5380::407001,2026-10-07,ch:1:sjyid:100754:446de122-8bd4-40d5-a4af-5b90561dd5d9,bus,Bus,4,4,4262,"Canobbio, Ganna","Lugano, Centro",A,,2026-10-07 21:01:00+00:00,2026-10-07 21:01:00+00:00,,True,0.0,2026-10-07 22:34:31.011000+02:00,2026-10-07 23:01:00+02:00,2026-10-07 23:01:00+02:00,2026-10-07,23,Wednesday,False,26.483150000000002
20261007_203422,2026-10-07 20:34:31.011000+00:00,Lugano,local,ch:1:sloid:5380,"Lugano, Stazione",ch:1:sloid:5380::407001,2026-10-07,ch:1:sjyid:100754:12b1ed39-a13f-4607-a834-6522cbae918a,bus,Bus,6,6,6279,"Lugano, Stazione","Lugano, Cornaredo",A,,2026-10-07 21:09:00+00:00,2026-10-07 21:09:00+00:00,,True,0.0,2026-10-07 22:34:31.011000+02:00,2026-10-07 23:09:00+02:00,2026-10-07 23:09:00+02:00,2026-10-07,23,Wednesday,False,34.48315
20261007_203422,2026-10-07 20:34:31.011000+00:00,Lugano,local,ch:1:sloid:5380,"Lugano, Stazione",ch:1:sloid:5380::407001,2026-10-07,ch:1:sjyid:100754:fe4ab01a-c8ce-44ea-9b7d-49c6ce697d26,bus,Bus,2,2,2296,"Castagnola, Capolinea","Paradiso, Carzo",A,,2026-10-07 21:09:30+00:00,,,False,,2026-10-07 22:34:31.011000+02:00,2026-10-07 23:09:30+02:00,,2026-10-07,23,Wednesday,False,34.98315
20261007_203422,2026-10-07 20:34:31.011000+00:00,Lugano,local,ch:1:sloid:5380,"Lugano, Stazione",ch:1:sloid:5380::407002,2026-10-07,ch:1:sjyid:100754:cee81362-f0a6-4845-9737-f9359093655f,bus,Bus,4,4,4255,"Lugano, Centro","Comano, Studio TV",B,,2026-10-07 21:14:00+00:00,2026-10-07 21:14:00+00:00,,True,0.0,2026-10-07 22:34:31.011000+02:00,2026-10-07 23:14:00+02:00,2026-10-07 23:14:00+02:00,2026-10-07,23,Wednesday,False,39.48315
20261007_203422,2026-10-07 20:34:31.011000+00:00,Lugano,local,ch:1:sloid:5380,"Lugano, Stazione",ch:1:sloid:5380::407001,2026-10-07,ch:1:sjyid:100754:5b2f60bd-eccd-4b98-9235-194c26603383,bus,Bus,4,4,4264,"Comano, Studio TV","Lugano, Centro",A,,2026-10-07 21:16:00+00:00,2026-10-07 21:16:00+00:00,,True,0.0,2026-10-07 22:34:31.011000+02:00,2026-10-07 23:16:00+02:00,2026-10-07 23:16:00+02:00,2026-10-07,23,Wednesday,False,41.48315
20261007_203422,2026-10-07 20:34:31.011000+00:00,Lugano,local,ch:1:sloid:5380,"Lugano, Stazione",ch:1:sloid:5380::407001,2026-10-07,ch:1:sjyid:100754:e576190f-b36c-4ebe-ac07-4ecca99274f2,bus,Bus,6,6,6281,"Lugano, Stazione","Lugano, Cornaredo",A,,2026-10-07 21:24:00+00:00,,,False,,2026-10-07 22:34:31.011000+02:00,2026-10-07 23:24:00+02:00,,2026-10-07,23,Wednesday,False,49.48315
20261007_203422,2026-10-07 20:34:31.011000+00:00,Lugano,local,ch:1:sloid:5380,"Lugano, Stazione",ch:1:sloid:5380::407001,2026-10-07,ch:1:sjyid:100754:3aee2615-b8b7-4a73-9ea0-e0eac1610a3e,bus,Bus,2,2,2298,"Castagnola, Capolinea","Paradiso, Carzo",A,,2026-10-07 21:24:30+00:00,2026-10-07 21:24:30+00:00,,True,0.0,2026-10-07 22:34:31.011000+02:00,2026-10-07 23:24:30+02:00,2026-10-07 23:24:30+02:00,2026-10-07,23,Wednesday,False,49.98315
20261007_203422,2026-10-07 20:34:31.011000+00:00,Lugano,local,ch:1:sloid:5380,"Lugano, Stazione",ch:1:sloid:5380::407002,2026-10-07,ch:1:sjyid:100754:423de7b0-f31c-404d-be25-c0b79492d2bf,bus,Bus,4,4,4257,"Lugano, Centro","Canobbio, Ganna",B,,2026-10-07 21:29:00+00:00,2026-10-07 21:29:00+00:00,,True,0.0,2026-10-07 22:34:31.011000+02:00,2026-10-07 23:29:00+02:00,2026-10-07 23:29:00+02:00,2026-10-07,23,Wednesday,False,54.48315
20261007_203422,2026-10-07 20:34:31.011000+00:00,Lugano,local,ch:1:sloid:5380,"Lugano, Stazione",ch:1:sloid:5380::407001,2026-10-07,ch:1:sjyid:100754:a9101bbf-0ee5-43bc-9c47-f0abbc880859,bus,Bus,4,4,4266,"Canobbio, Ganna","Lugano, Centro",A,,2026-10-07 21:31:00+00:00,2026-10-07 21:31:00+00:00,,True,0.0,2026-10-07 22:34:31.011000+02:00,2026-10-07 23:31:00+02:00,2026-10-07 23:31:00+02:00,2026-10-07,23,Wednesday,False,56.48315
20261007_203422,2026-10-07 20:34:31.011000+00:00,Lugano,local,ch:1:sloid:5380,"Lugano, Stazione",ch:1:sloid:5380::407001,2026-10-07,ch:1:sjyid:100754:a3634403-8c5d-448e-9328-f1bd5a6b920d,bus,Bus,6,6,6283,"Lugano, Stazione","Lugano, Cornaredo",A,,2026-10-07 21:39:00+00:00,,,False,,2026-10-07 22:34:31.011000+02:00,2026-10-07 23:39:00+02:00,,2026-10-07,23,Wednesday,False,64.48315
20261007_203422,2026-10-07 20:34:31.011000+00:00,Lugano,local,ch:1:sloid:5380,"Lugano, Stazione",ch:1:sloid:5380::407001,2026-10-07,ch:1:sjyid:100754:f92f42b5-1e3c-442b-adb7-0bcec2706f54,bus,Bus,2,2,2300,"Castagnola, Capolinea","Paradiso, Carzo",A,,2026-10-07 21:39:30+00:00,2026-10-07 21:39:30+00:00,,True,0.0,2026-10-07 22:34:31.011000+02:00,2026-10-07 23:39:30+02:00,2026-10-07 23:39:30+02:00,2026-10-07,23,Wednesday,False,64.98315
20261007_203422,2026-10-07 20:34:31.011000+00:00,Lugano,local,ch:1:sloid:5380,"Lugano, Stazione",ch:1:sloid:5380::407002,2026-10-07,ch:1:sjyid:100754:56107ed0-bbae-481f-9836-3d546b341ff1,bus,Bus,4,4,4259,"Lugano, Centro","Comano, Studio TV",B,,2026-10-07 21:44:00+00:00,2026-10-07 21:44:00+00:00,,True,0.0,2026-10-07 22:34:31.011000+02:00,2026-10-07 23:44:00+02:00,2026-10-07 23:44:00+02:00,2026-10-07,23,Wednesday,False,69.48315
20261007_203422,2026-10-07 20:34:31.011000+00:00,Lugano,local,ch:1:sloid:5380,"Lugano, Stazione",ch:1:sloid:5380::407001,2026-10-07,ch:1:sjyid:100754:65f49873-73b8-4306-bf59-37ce6cd55820,bus,Bus,4,4,4268,"Comano, Studio TV","Lugano, Centro",A,,2026-10-07 21:46:00+00:00,2026-10-07 21:46:00+00:00,,True,0.0,2026-10-07 22:34:31.011000+02:00,2026-10-07 23:46:00+02:00,2026-10-07 23:46:00+02:00,2026-10-07,23,Wednesday,False,71.48315
20261007_203422,2026-10-07 20:34:31.011000+00:00,Lugano,local,ch:1:sloid:5380,"Lugano, Stazione",ch:1:sloid:5380::407001,2026-10-07,ch:1:sjyid:100754:701fc3d6-f097-45f9-ba74-21a175220bdb,bus,Bus,6,6,6285,"Lugano, Stazione","Lugano, Cornaredo",A,,2026-10-07 21:54:00+00:00,,,False,,2026-10-07 22:34:31.011000+02:00,2026-10-07 23:54:00+02:00,,2026-10-07,23,Wednesday,False,79.48315
20261007_203422,2026-10-07 20:34:31.011000+00:00,Lugano,local,ch:1:sloid:5380,"Lugano, Stazione",ch:1:sloid:5380::407001,2026-10-07,ch:1:sjyid:100754:52b8eebe-e9d5-4256-a6d7-9574c9c9049d,bus,Bus,2,2,2302,"Castagnola, Capolinea","Paradiso, Carzo",A,,2026-10-07 21:54:30+00:00,,,False,,2026-10-07 22:34:31.011000+02:00,2026-10-07 23:54:30+02:00,,2026-10-07,23,Wednesday,False,79.98315
20261007_203422,2026-10-07 20:34:31.011000+00:00,Lugano,local,ch:1:sloid:5380,"Lugano, Stazione",ch:1:sloid:5380::407002,2026-10-07,ch:1:sjyid:100754:30bbc4f4-53a5-489c-a66c-eb42ed05709c,bus,Bus,4,4,4261,"Lugano, Centro","Canobbio, Ganna",B,,2026-10-07 21:59:00+00:00,,,False,,2026-10-07 22:34:31.011000+02:00,2026-10-07 23:59:00+02:00,,2026-10-07,23,Wednesday,False,84.48315
20261007_203422,2026-10-07 20:34:31.011000+00:00,Lugano,local,ch:1:sloid:5380,"Lugano, Stazione",ch:1:sloid:5380::407001,2026-10-07,ch:1:sjyid:100754:c50a77dc-eb19-40fb-a61d-1eb56a2aa5b4,bus,Bus,4,4,4270,"Canobbio, Ganna","Lugano, Centro",A,,2026-10-07 22:01:00+00:00,,,False,,2026-10-07 22:34:31.011000+02:00,2026-10-08 00:01:00+02:00,,2026-10-08,0,Thursday,False,86.48315
20261007_203422,2026-10-07 20:34:31.011000+00:00,Lugano,local,ch:1:sloid:5380,"Lugano, Stazione",ch:1:sloid:5380::407001,2026-10-07,ch:1:sjyid:100754:15a1ae86-70a2-4d0e-bbaf-7e34cba50221,bus,Bus,6,6,6287,"Lugano, Stazione","Lugano, Cornaredo",A,,2026-10-07 22:09:00+00:00,,,False,,2026-10-07 22:34:31.011000+02:00,2026-10-08 00:09:00+02:00,,2026-10-08,0,Thursday,False,94.48315
20261007_203422,2026-10-07 20:34:31.011000+00:00,Lugano,local,ch:1:sloid:5380,"Lugano, Stazione",ch:1:sloid:5380::407001,2026-10-07,ch:1:sjyid:100754:88604d1a-834d-4148-8017-1a665324d1aa,bus,Bus,2,2,2304,"Castagnola, Capolinea","Paradiso, Carzo",A,,2026-10-07 22:09:30+00:00,,,False,,2026-10-07 22:34:31.011000+02:00,2026-10-08 00:09:30+02:00,,2026-10-08,0,Thursday,False,94.98315
20261007_203422,2026-10-07 20:34:31.011000+00:00,Lugano,local,ch:1:sloid:5380,"Lugano, Stazione",ch:1:sloid:5380::407002,2026-10-07,ch:1:sjyid:100754:06ea5af1-c84a-493d-9978-2c9137bffd65,bus,Bus,4,4,4263,"Lugano, Centro","Comano, Studio TV",B,,2026-10-07 22:14:00+00:00,,,False,,2026-10-07 22:34:31.011000+02:00,2026-10-08 00:14:00+02:00,,2026-10-08,0,Thursday,False,99.48315
20261007_203422,2026-10-07 20:34:31.011000+00:00,Lugano,local,ch:1:sloid:5380,"Lugano, Stazione",ch:1:sloid:5380::407001,2026-10-08,ch:1:sjyid:100754:b0b7078f-2c4e-4674-9031-44f8e983a298,bus,Bus,4,4,4004,"Canobbio, Ganna","Lugano, Centro",A,,2026-10-08 03:49:00+00:00,,,False,,2026-10-07 22:34:31.011000+02:00,2026-10-08 05:49:00+02:00,,2026-10-08,5,Thursday,False,434.48315
20261007_203422,2026-10-07 20:34:31.011000+00:00,Lugano,local,ch:1:sloid:5380,"Lugano, Stazione",ch:1:sloid:5380::407001,2026-10-08,ch:1:sjyid:100754:37705a76-b638-4148-a4ea-7824b4b71ec0,bus,Bus,6,6,6001,"Lugano, Stazione","Lugano, Cornaredo",A,,2026-10-08 03:50:00+00:00,,,False,,2026-10-07 22:34:31.011000+02:00,2026-10-08 05:50:00+02:00,,2026-10-08,5,Thursday,False,435.48315
20261007_203422,2026-10-07 20:34:31.011000+00:00,Lugano,local,ch:1:sloid:5380,"Lugano, Stazione",ch:1:sloid:5380::407001,2026-10-08,ch:1:sjyid:100754:db9ad31d-0061-41c6-9129-0ef9d8732a12,bus,Bus,2,2,2002,"Castagnola, Capolinea","Paradiso, Carzo",A,,2026-10-08 03:50:00+00:00,,,False,,2026-10-07 22:34:31.011000+02:00,2026-10-08 05:50:00+02:00,,2026-10-08,5,Thursday,False,435.48315
