batch_id,collection_timestamp,city,station_type,station_id,station_name,stop_point_ref,operating_day,journey_ref,transport_mode,product_category,public_code,line,train_number,origin,destination,planned_platform,estimated_platform,scheduled_departure,estimated_departure,cancelled,has_realtime,predicted_delay_minutes,collection_timestamp_local,scheduled_departure_local,estimated_departure_local,date,hour,weekday,weekend,minutes_until_departure
20261002_180042,2026-10-02 18:00:42.925000+00:00,Zürich,rail,ch:1:sloid:3000,Zürich HB,ch:1:sloid:3000:502:42,2026-10-02,ch:1:sjyid:100001:19176-001,rail,S-Bahn,S11,S11,19176,Seuzach,Aarau,41/42,42,2026-10-02 17:59:00+00:00,2026-10-02 18:00:06+00:00,,True,1.1,2026-10-02 20:00:42.925000+02:00,2026-10-02 19:59:00+02:00,2026-10-02 20:00:06+02:00,2026-10-02,19,Friday,False,-1.7154166666666666
20261002_180042,2026-10-02 18:00:42.925000+00:00,Zürich,rail,ch:1:sloid:3000,Zürich HB,ch:1:sloid:3000:503:43,2026-10-02,ch:1:sjyid:100001:18675-001,rail,S-Bahn,S6,S6,18675,Baden,Uetikon,43/44,44,2026-10-02 18:00:00+00:00,2026-10-02 18:00:30+00:00,,True,0.5,2026-10-02 20:00:42.925000+02:00,2026-10-02 20:00:00+02:00,2026-10-02 20:00:30+02:00,2026-10-02,20,Friday,False,-0.7154166666666666
20261002_180042,2026-10-02 18:00:42.925000+00:00,Zürich,rail,ch:1:sloid:3000,Zürich HB,ch:1:sloid:3000:503:43,2026-10-02,ch:1:sjyid:100001:19177-001,rail,S-Bahn,S11,S11,19177,Aarau,Seuzach,43/44,43,2026-10-02 18:01:00+00:00,2026-10-02 18:02:00+00:00,,True,1.0,2026-10-02 20:00:42.925000+02:00,2026-10-02 20:01:00+02:00,2026-10-02 20:02:00+02:00,2026-10-02,20,Friday,False,0.2845833333333333
20261002_180042,2026-10-02 18:00:42.925000+00:00,Zürich,rail,ch:1:sloid:3000,Zürich HB,ch:1:sloid:3000:502:42,2026-10-02,ch:1:sjyid:100001:18676-001,rail,S-Bahn,S6,S6,18676,Uetikon,Baden,41/42,41,2026-10-02 18:01:00+00:00,2026-10-02 18:01:42+00:00,,True,0.7,2026-10-02 20:00:42.925000+02:00,2026-10-02 20:01:00+02:00,2026-10-02 20:01:42+02:00,2026-10-02,20,Friday,False,0.2845833333333333
20261002_180042,2026-10-02 18:00:42.925000+00:00,Zürich,rail,ch:1:sloid:3000,Zürich HB,ch:1:sloid:3000:501:34,2026-10-02,ch:1:sjyid:100001:533-001,rail,InterCity,IC5,IC5,533,Lausanne,St. Gallen,33,34,2026-10-02 18:02:00+00:00,2026-10-02 18:02:30+00:00,,True,0.5,2026-10-02 20:00:42.925000+02:00,2026-10-02 20:02:00+02:00,2026-10-02 20:02:30+02:00,2026-10-02,20,Friday,False,1.2845833333333334
20261002_180042,2026-10-02 18:00:42.925000+00:00,Zürich,rail,ch:1:sloid:3000,Zürich HB,ch:1:sloid:3000:500:31,2026-10-02,ch:1:sjyid:100001:832-001,rail,InterCity,IC8,IC8,832,Romanshorn,Bern,31,,2026-10-02 18:02:00+00:00,2026-10-02 18:02:30+00:00,,True,0.5,2026-10-02 20:00:42.925000+02:00,2026-10-02 20:02:00+02:00,2026-10-02 20:02:30+02:00,2026-10-02,20,Friday,False,1.2845833333333334
20261002_180042,2026-10-02 18:00:42.925000+00:00,Zürich,rail,ch:1:sloid:3000,Zürich HB,ch:1:sloid:3000:500:32,2026-10-02,ch:1:sjyid:100001:536-001,rail,InterCity,IC5,IC5,536,Rorschach,Lausanne,32,,2026-10-02 18:04:00+00:00,2026-10-02 18:04:30+00:00,,True,0.5,2026-10-02 20:00:42.925000+02:00,2026-10-02 20:04:00+02:00,2026-10-02 20:04:30+02:00,2026-10-02,20,Friday,False,3.284583333333333
20261002_180042,2026-10-02 18:00:42.925000+00:00,Zürich,rail,ch:1:sloid:3000,Zürich HB,ch:1:sloid:3000:503:43,2026-10-02,ch:1:sjyid:100001:18377-001,rail,S-Bahn,S3,S3,18377,Zürich Hardbrücke,Wetzikon ZH,43/44,,2026-10-02 18:04:00+00:00,2026-10-02 18:04:54+00:00,,True,0.9,2026-10-02 20:00:42.925000+02:00,2026-10-02 20:04:00+02:00,2026-10-02 20:04:54+02:00,2026-10-02,20,Friday,False,3.284583333333333
20261002_180042,2026-10-02 18:00:42.925000+00:00,Zürich,rail,ch:1:sloid:3000,Zürich HB,ch:1:sloid:3000:501:33,2026-10-02,ch:1:sjyid:100001:831-002,rail,InterCity,IC81,IC81,831,Interlaken Ost,Romanshorn,34,33,2026-10-02 18:04:00+00:00,2026-10-02 18:04:30+00:00,,True,0.5,2026-10-02 20:00:42.925000+02:00,2026-10-02 20:04:00+02:00,2026-10-02 20:04:30+02:00,2026-10-02,20,Friday,False,3.284583333333333
20261002_180042,2026-10-02 18:00:42.925000+00:00,Zürich,rail,ch:1:sloid:3000,Zürich HB,ch:1:sloid:3000:4:7,2026-10-02,ch:1:sjyid:100061:2437-001,rail,Treno Gottardo,IR46,IR46,2437,Zürich HB,Bellinzona,7,,2026-10-02 18:05:00+00:00,2026-10-02 18:05:30+00:00,,True,0.5,2026-10-02 20:00:42.925000+02:00,2026-10-02 20:05:00+02:00,2026-10-02 20:05:30+02:00,2026-10-02,20,Friday,False,4.284583333333333
20261002_180042,2026-10-02 18:00:42.925000+00:00,Zürich,rail,ch:1:sloid:3000,Zürich HB,ch:1:sloid:3000:3:5,2026-10-02,ch:1:sjyid:100001:4936-001,rail,RegioExpress,RE48,RE48,4936,Zürich HB,Schaffhausen,4,5,2026-10-02 18:05:00+00:00,2026-10-02 18:05:12+00:00,,True,0.2,2026-10-02 20:00:42.925000+02:00,2026-10-02 20:05:00+02:00,2026-10-02 20:05:12+02:00,2026-10-02,20,Friday,False,4.284583333333333
20261002_180042,2026-10-02 18:00:42.925000+00:00,Zürich,rail,ch:1:sloid:3000,Zürich HB,ch:1:sloid:3000:8:15,2026-10-02,ch:1:sjyid:100001:2186-001,rail,InterRegio,IR16,IR16,2186,Zürich HB,Olten,15,,2026-10-02 18:06:00+00:00,2026-10-02 18:06:30+00:00,,True,0.5,2026-10-02 20:00:42.925000+02:00,2026-10-02 20:06:00+02:00,2026-10-02 20:06:30+02:00,2026-10-02,20,Friday,False,5.284583333333333
20261002_180042,2026-10-02 18:00:42.925000+00:00,Zürich,rail,ch:1:sloid:3000,Zürich HB,ch:1:sloid:3000:500:31,2026-10-02,ch:1:sjyid:100001:18877-001,rail,S-Bahn,S8,S8,18877,Winterthur,Pfäffikon SZ,31,,2026-10-02 18:07:00+00:00,2026-10-02 18:07:36+00:00,,True,0.6,2026-10-02 20:00:42.925000+02:00,2026-10-02 20:07:00+02:00,2026-10-02 20:07:36+02:00,2026-10-02,20,Friday,False,6.284583333333333
20261002_180042,2026-10-02 18:00:42.925000+00:00,Zürich,rail,ch:1:sloid:3000,Zürich HB,ch:1:sloid:3000:502:42,2026-10-02,ch:1:sjyid:100001:18976-001,rail,S-Bahn,S9,S9,18976,Uster,Schaffhausen,41/42,,2026-10-02 18:07:00+00:00,2026-10-02 18:07:18+00:00,,True,0.3,2026-10-02 20:00:42.925000+02:00,2026-10-02 20:07:00+02:00,2026-10-02 20:07:18+02:00,2026-10-02,20,Friday,False,6.284583333333333
20261002_180042,2026-10-02 18:00:42.925000+00:00,Zürich,rail,ch:1:sloid:3000,Zürich HB,ch:1:sloid:3000:7:13,2026-10-02,ch:1:sjyid:100001:2282-001,rail,InterRegio,IR37,IR37,2282,Zürich HB,Basel SBB,13,,2026-10-02 18:08:00+00:00,2026-10-02 18:08:30+00:00,,True,0.5,2026-10-02 20:00:42.925000+02:00,2026-10-02 20:08:00+02:00,2026-10-02 20:08:30+02:00,2026-10-02,20,Friday,False,7.284583333333333
20261002_180042,2026-10-02 18:00:42.925000+00:00,Zürich,rail,ch:1:sloid:3000,Zürich HB,ch:1:sloid:3000:7:12,2026-10-02,ch:1:sjyid:100001:3283-001,rail,InterRegio,IR13,IR13,3283,Zürich HB,St. Gallen,12,,2026-10-02 18:08:00+00:00,2026-10-02 18:08:30+00:00,,True,0.5,2026-10-02 20:00:42.925000+02:00,2026-10-02 20:08:00+02:00,2026-10-02 20:08:30+02:00,2026-10-02,20,Friday,False,7.284583333333333
20261002_180042,2026-10-02 18:00:42.925000+00:00,Zürich,rail,ch:1:sloid:3000,Zürich HB,ch:1:sloid:3000:503:43,2026-10-02,ch:1:sjyid:100001:19577-001,rail,S-Bahn,S15,S15,19577,Niederweningen,Rapperswil SG,43/44,,2026-10-02 18:09:00+00:00,2026-10-02 18:10:12+00:00,,True,1.2,2026-10-02 20:00:42.925000+02:00,2026-10-02 20:09:00+02:00,2026-10-02 20:10:12+02:00,2026-10-02,20,Friday,False,8.284583333333334
20261002_180042,2026-10-02 18:00:42.925000+00:00,Zürich,rail,ch:1:sloid:3000,Zürich HB,ch:1:sloid:3000:502:42,2026-10-02,ch:1:sjyid:100001:18576-001,rail,S-Bahn,S5,S5,18576,Pfäffikon SZ,Zug,41/42,,2026-10-02 18:09:00+00:00,2026-10-02 18:09:18+00:00,,True,0.3,2026-10-02 20:00:42.925000+02:00,2026-10-02 20:09:00+02:00,2026-10-02 20:09:18+02:00,2026-10-02,20,Friday,False,8.284583333333334
20261002_180042,2026-10-02 18:00:42.925000+00:00,Zürich,rail,ch:1:sloid:3000,Zürich HB,ch:1:sloid:3000:500:32,2026-10-02,ch:1:sjyid:100001:2086-001,rail,InterRegio,IR36,IR36,2086,Zürich Flughafen,Basel SBB,32,,2026-10-02 18:10:00+00:00,2026-10-02 18:10:30+00:00,,True,0.5,2026-10-02 20:00:42.925000+02:00,2026-10-02 20:10:00+02:00,2026-10-02 20:10:30+02:00,2026-10-02,20,Friday,False,9.284583333333334
20261002_180042,2026-10-02 18:00:42.925000+00:00,Zürich,rail,ch:1:sloid:3000,Zürich HB,ch:1:sloid:3000:3:4,2026-10-02,ch:1:sjyid:100001:30639-893,rail,,IR70,IR70,30639,Zürich HB,Luzern,4,,2026-10-02 18:10:00+00:00,2026-10-02 18:10:30+00:00,,True,0.5,2026-10-02 20:00:42.925000+02:00,2026-10-02 20:10:00+02:00,2026-10-02 20:10:30+02:00,2026-10-02,20,Friday,False,9.284583333333334
20261002_180042,2026-10-02 18:00:42.925000+00:00,Zürich,rail,ch:1:sloid:3000,Zürich HB,ch:1:sloid:3000:500:31,2026-10-02,ch:1:sjyid:100001:19976-001,rail,S-Bahn,S19,S19,19976,Pfäffikon ZH,Dietikon,31,,2026-10-02 18:11:00+00:00,2026-10-02 18:11:48+00:00,,True,0.8,2026-10-02 20:00:42.925000+02:00,2026-10-02 20:11:00+02:00,2026-10-02 20:11:48+02:00,2026-10-02,20,Friday,False,10.284583333333334
20261002_180042,2026-10-02 18:00:42.925000+00:00,Zürich,rail,ch:1:sloid:3000,Zürich HB,ch:1:sloid:3000:503:43,2026-10-02,ch:1:sjyid:100001:18777-001,rail,S-Bahn,S7,S7,18777,Winterthur,Rapperswil SG,43/44,,2026-10-02 18:11:00+00:00,2026-10-02 18:12:30+00:00,,True,1.5,2026-10-02 20:00:42.925000+02:00,2026-10-02 20:11:00+02:00,2026-10-02 20:12:30+02:00,2026-10-02,20,Friday,False,10.284583333333334
20261002_180042,2026-10-02 18:00:42.925000+00:00,Zürich,rail,ch:1:sloid:3000,Zürich HB,ch:1:sloid:3000:501:33,2026-10-02,ch:1:sjyid:100001:19477-001,rail,S-Bahn,S14,S14,19477,Affoltern am Albis,Hinwil,33,,2026-10-02 18:12:00+00:00,2026-10-02 18:12:30+00:00,,True,0.5,2026-10-02 20:00:42.925000+02:00,2026-10-02 20:12:00+02:00,2026-10-02 20:12:30+02:00,2026-10-02,20,Friday,False,11.284583333333334
20261002_180042,2026-10-02 18:00:42.925000+00:00,Zürich,rail,ch:1:sloid:3000,Zürich HB,ch:1:sloid:3000:5:8,2026-10-02,ch:1:sjyid:100061:2383-002,rail,Aare Linth,IR35,IR35,2383,Bern,Chur,8,,2026-10-02 18:12:00+00:00,2026-10-02 18:13:00+00:00,,True,1.0,2026-10-02 20:00:42.925000+02:00,2026-10-02 20:12:00+02:00,2026-10-02 20:13:00+02:00,2026-10-02,20,Friday,False,11.284583333333334
20261002_180042,2026-10-02 18:00:42.925000+00:00,Zürich,rail,ch:1:sloid:3000,Zürich HB,ch:1:sloid:3000:501:34,2026-10-02,ch:1:sjyid:100001:18276-001,rail,S-Bahn,S2,S2,18276,Ziegelbrücke,Zürich Flughafen,34,,2026-10-02 18:14:00+00:00,2026-10-02 18:14:18+00:00,,True,0.3,2026-10-02 20:00:42.925000+02:00,2026-10-02 20:14:00+02:00,2026-10-02 20:14:18+02:00,2026-10-02,20,Friday,False,13.284583333333334
20261002_180042,2026-10-02 18:00:42.925000+00:00,Zürich,rail,ch:1:sloid:3000,Zürich HB,ch:1:sloid:3000:2:3,2026-10-02,ch:1:sjyid:100001:20476-001,rail,S-Bahn,S24,S24,20476,Zug,Weinfelden,3,,2026-10-02 18:14:00+00:00,2026-10-02 18:14:18+00:00,,True,0.3,2026-10-02 20:00:42.925000+02:00,2026-10-02 20:14:00+02:00,2026-10-02 20:14:18+02:00,2026-10-02,20,Friday,False,13.284583333333334
20261002_180042,2026-10-02 18:00:42.925000+00:00,Zürich,rail,ch:1:sloid:3000,Zürich HB,ch:1:sloid:3000:502:42,2026-10-02,ch:1:sjyid:100001:19276-001,rail,S-Bahn,S12,S12,19276,Wil SG,Brugg AG,41/42,,2026-10-02 18:14:00+00:00,2026-10-02 18:14:18+00:00,,True,0.3,2026-10-02 20:00:42.925000+02:00,2026-10-02 20:14:00+02:00,2026-10-02 20:14:18+02:00,2026-10-02,20,Friday,False,13.284583333333334
20261002_180042,2026-10-02 18:00:42.925000+00:00,Zürich,rail,ch:1:sloid:3000,Zürich HB,ch:1:sloid:3000:503:43,2026-10-02,ch:1:sjyid:100001:19677-001,rail,S-Bahn,S16,S16,19677,Zürich Flughafen,Herrliberg-Feldmeilen,43/44,,2026-10-02 18:15:00+00:00,2026-10-02 18:15:36+00:00,,True,0.6,2026-10-02 20:00:42.925000+02:00,2026-10-02 20:15:00+02:00,2026-10-02 20:15:36+02:00,2026-10-02,20,Friday,False,14.284583333333334
20261002_180042,2026-10-02 18:00:42.925000+00:00,Zürich,rail,ch:1:sloid:3000,Zürich HB,ch:1:sloid:3000:503:43,2026-10-02,ch:1:sjyid:100001:19277-001,rail,S-Bahn,S12,S12,19277,Brugg AG,Schaffhausen,43/44,,2026-10-02 18:16:00+00:00,2026-10-02 18:17:00+00:00,,True,1.0,2026-10-02 20:00:42.925000+02:00,2026-10-02 20:16:00+02:00,2026-10-02 20:17:00+02:00,2026-10-02,20,Friday,False,15.284583333333334
20261002_180042,2026-10-02 18:00:43.807000+00:00,Bern,rail,ch:1:sloid:7000,Bern,ch:1:sloid:7000:5:10,2026-10-02,ch:1:sjyid:100001:2533-001,rail,InterRegio,IR15,IR15,2533,Genève-Aéroport,Luzern,10,,2026-10-02 18:00:00+00:00,2026-10-02 18:00:36+00:00,,True,0.6,2026-10-02 20:00:43.807000+02:00,2026-10-02 20:00:00+02:00,2026-10-02 20:00:36+02:00,2026-10-02,20,Friday,False,-0.7301166666666667
20261002_180042,2026-10-02 18:00:43.807000+00:00,Bern,rail,ch:1:sloid:7000,Bern,ch:1:sloid:7000_gen:ch:1:sloid:7000:6:12_pf:12A-C,2026-10-02,ch:1:sjyid:100015:15377-001,rail,S-Bahn,S3,S3,15377,Belp,Biel/Bienne,12A-C,,2026-10-02 18:00:00+00:00,2026-10-02 18:00:30+00:00,,True,0.5,2026-10-02 20:00:43.807000+02:00,2026-10-02 20:00:00+02:00,2026-10-02 20:00:30+02:00,2026-10-02,20,Friday,False,-0.7301166666666667
20261002_180042,2026-10-02 18:00:43.807000+00:00,Bern,rail,ch:1:sloid:7000,Bern,ch:1:sloid:7000:1:2,2026-10-02,ch:1:sjyid:100001:833-001,rail,InterCity,IC8,IC8,833,Brig,Zürich HB,2,,2026-10-02 18:02:00+00:00,2026-10-02 18:02:36+00:00,,True,0.6,2026-10-02 20:00:43.807000+02:00,2026-10-02 20:02:00+02:00,2026-10-02 20:02:36+02:00,2026-10-02,20,Friday,False,1.2698833333333333
20261002_180042,2026-10-02 18:00:43.807000+00:00,Bern,rail,ch:1:sloid:7000,Bern,ch:1:sloid:7000:1:1,2026-10-02,ch:1:sjyid:100015:15374-001,rail,S-Bahn,S3,S3,15374,Biel/Bienne,Belp,1A-D,,2026-10-02 18:02:00+00:00,2026-10-02 18:02:12+00:00,,True,0.2,2026-10-02 20:00:43.807000+02:00,2026-10-02 20:02:00+02:00,2026-10-02 20:02:12+02:00,2026-10-02,20,Friday,False,1.2698833333333333
20261002_180042,2026-10-02 18:00:43.807000+00:00,Bern,rail,ch:1:sloid:7000,Bern,ch:1:sloid:7000:3:5,2026-10-02,ch:1:sjyid:100001:984-002,rail,InterCity,IC61,IC61,984,Interlaken Ost,Basel SBB,5,,2026-10-02 18:04:00+00:00,2026-10-02 18:05:00+00:00,,True,1.0,2026-10-02 20:00:43.807000+02:00,2026-10-02 20:04:00+02:00,2026-10-02 20:05:00+02:00,2026-10-02,20,Friday,False,3.2698833333333335
20261002_180042,2026-10-02 18:00:43.807000+00:00,Bern,rail,ch:1:sloid:7000,Bern,ch:1:sloid:7000:4:7,2026-10-02,ch:1:sjyid:100001:2534-001,rail,InterRegio,IR15,IR15,2534,Luzern,Genève-Aéroport,7,,2026-10-02 18:04:00+00:00,2026-10-02 18:04:36+00:00,,True,0.6,2026-10-02 20:00:43.807000+02:00,2026-10-02 20:04:00+02:00,2026-10-02 20:04:36+02:00,2026-10-02,20,Friday,False,3.2698833333333335
20261002_180042,2026-10-02 18:00:43.807000+00:00,Bern,rail,ch:1:sloid:7000,Bern,ch:1:sloid:7000:4:8,2026-10-02,ch:1:sjyid:100001:830-001,rail,InterCity,IC81,IC81,830,Romanshorn,Interlaken Ost,8,,2026-10-02 18:04:00+00:00,2026-10-02 18:04:42+00:00,,True,0.7,2026-10-02 20:00:43.807000+02:00,2026-10-02 20:04:00+02:00,2026-10-02 20:04:42+02:00,2026-10-02,20,Friday,False,3.2698833333333335
20261002_180042,2026-10-02 18:00:43.807000+00:00,Bern,rail,ch:1:sloid:7000,Bern,ch:1:sloid:7000_gen:ch:1:sloid:7000:6:33_pf:13D-F,2026-10-02,ch:1:sjyid:100015:15676-001,rail,S-Bahn,S6,S6,15676,Bern,Schwarzenburg,13D-F,,2026-10-02 18:06:00+00:00,2026-10-02 18:06:12+00:00,,True,0.2,2026-10-02 20:00:43.807000+02:00,2026-10-02 20:06:00+02:00,2026-10-02 20:06:12+02:00,2026-10-02,20,Friday,False,5.2698833333333335
20261002_180042,2026-10-02 18:00:43.807000+00:00,Bern,rail,ch:1:sloid:7000,Bern,ch:1:sloid:7000:3:6,2026-10-02,ch:1:sjyid:100001:983-001,rail,InterCity,IC6,IC6,983,Basel SBB,Brig,6,,2026-10-02 18:07:00+00:00,2026-10-02 18:07:42+00:00,,True,0.7,2026-10-02 20:00:43.807000+02:00,2026-10-02 20:07:00+02:00,2026-10-02 20:07:42+02:00,2026-10-02,20,Friday,False,6.2698833333333335
20261002_180042,2026-10-02 18:00:43.807000+00:00,Bern,rail,ch:1:sloid:7000,Bern,ch:1:sloid:7000:5:9,2026-10-02,ch:1:sjyid:100015:2837-001,rail,InterRegio,IR17,IR17,2837,Bern,Olten,9,,2026-10-02 18:07:00+00:00,2026-10-02 18:07:30+00:00,,True,0.5,2026-10-02 20:00:43.807000+02:00,2026-10-02 20:07:00+02:00,2026-10-02 20:07:30+02:00,2026-10-02,20,Friday,False,6.2698833333333335
20261002_180042,2026-10-02 18:00:43.807000+00:00,Bern,rail,ch:1:sloid:7000,Bern,ch:1:sloid:7000_gen:ch:1:sloid:7000:6:13_pf:13AB,2026-10-02,ch:1:sjyid:100015:15576-001,rail,S-Bahn,S5,S5,15576,Bern,Neuchâtel/Avenches,13AB,,2026-10-02 18:08:00+00:00,2026-10-02 18:08:12+00:00,,True,0.2,2026-10-02 20:00:43.807000+02:00,2026-10-02 20:08:00+02:00,2026-10-02 20:08:12+02:00,2026-10-02,20,Friday,False,7.2698833333333335
20261002_180042,2026-10-02 18:00:43.807000+00:00,Bern,rail,ch:1:sloid:7000,Bern,ch:1:sloid:7000_gen:ch:1:sloid:7000:2:4_pf:4F-H,2026-10-02,ch:1:sjyid:100034:3834-001,rail,RegioExpress,RE2,RE2,3834,Bern,Broc-Chocolaterie,4F-H,,2026-10-02 18:09:00+00:00,2026-10-02 18:09:12+00:00,,True,0.2,2026-10-02 20:00:43.807000+02:00,2026-10-02 20:09:00+02:00,2026-10-02 20:09:12+02:00,2026-10-02,20,Friday,False,8.269883333333333
20261002_180042,2026-10-02 18:00:43.807000+00:00,Bern,rail,ch:1:sloid:7000,Bern,ch:1:sloid:7000:55:49,2026-10-02,ch:1:sjyid:100015:3377-001,rail,InterRegio,IR65,IR65,3377,Bern,Biel/Bienne,49,,2026-10-02 18:12:00+00:00,2026-10-02 18:12:12+00:00,,True,0.2,2026-10-02 20:00:43.807000+02:00,2026-10-02 20:12:00+02:00,2026-10-02 20:12:12+02:00,2026-10-02,20,Friday,False,11.269883333333333
20261002_180042,2026-10-02 18:00:43.807000+00:00,Bern,rail,ch:1:sloid:7000,Bern,ch:1:sloid:7000_gen:ch:1:sloid:7000:0:1752_pf:5E-H,2026-10-02,ch:1:sjyid:100015:16472-001,rail,S-Bahn,S44,S44,16472,Burgdorf,Thun,5E-H,,2026-10-02 18:12:00+00:00,2026-10-02 18:12:42+00:00,,True,0.7,2026-10-02 20:00:43.807000+02:00,2026-10-02 20:12:00+02:00,2026-10-02 20:12:42+02:00,2026-10-02,20,Friday,False,11.269883333333333
20261002_180042,2026-10-02 18:00:43.807000+00:00,Bern,rail,ch:1:sloid:7000,Bern,ch:1:sloid:7000:4:7,2026-10-02,ch:1:sjyid:100015:15277-001,rail,S-Bahn,S2,S2,15277,Laupen BE,Langnau i.E.,7,,2026-10-02 18:12:00+00:00,2026-10-02 18:12:12+00:00,,True,0.2,2026-10-02 20:00:43.807000+02:00,2026-10-02 20:12:00+02:00,2026-10-02 20:12:12+02:00,2026-10-02,20,Friday,False,11.269883333333333
20261002_180042,2026-10-02 18:00:43.807000+00:00,Bern,rail,ch:1:sloid:7000,Bern,ch:1:sloid:7000:1:1,2026-10-02,ch:1:sjyid:100015:15174-001,rail,S-Bahn,S1,S1,15174,Thun,Fribourg/Freiburg,1A-D,,2026-10-02 18:15:00+00:00,2026-10-02 18:15:12+00:00,,True,0.2,2026-10-02 20:00:43.807000+02:00,2026-10-02 20:15:00+02:00,2026-10-02 20:15:12+02:00,2026-10-02,20,Friday,False,14.269883333333333
20261002_180042,2026-10-02 18:00:43.807000+00:00,Bern,rail,ch:1:sloid:7000,Bern,ch:1:sloid:7000:5:10,2026-10-02,ch:1:sjyid:100015:15175-001,rail,S-Bahn,S1,S1,15175,Fribourg/Freiburg,Thun,10,,2026-10-02 18:16:00+00:00,2026-10-02 18:16:12+00:00,,True,0.2,2026-10-02 20:00:43.807000+02:00,2026-10-02 20:16:00+02:00,2026-10-02 20:16:12+02:00,2026-10-02,20,Friday,False,15.269883333333333
20261002_180042,2026-10-02 18:00:43.807000+00:00,Bern,rail,ch:1:sloid:7000,Bern,ch:1:sloid:7000_gen:ch:1:sloid:7000:6:12_pf:12A-C,2026-10-02,ch:1:sjyid:100015:16377-002,rail,S-Bahn,S31,S31,16377,Wabern bei Bern,Münchenbuchsee,12A-C,,2026-10-02 18:16:00+00:00,2026-10-02 18:16:12+00:00,,True,0.2,2026-10-02 20:00:43.807000+02:00,2026-10-02 20:16:00+02:00,2026-10-02 20:16:12+02:00,2026-10-02,20,Friday,False,15.269883333333333
20261002_180042,2026-10-02 18:00:43.807000+00:00,Bern,rail,ch:1:sloid:7000,Bern,ch:1:sloid:7000_gen:ch:1:sloid:7000:3:5_pf:5A-C,2026-10-02,ch:1:sjyid:100015:16374-002,rail,S-Bahn,S31,S31,16374,Münchenbuchsee,Wabern bei Bern,5A-C,,2026-10-02 18:17:00+00:00,2026-10-02 18:17:12+00:00,,True,0.2,2026-10-02 20:00:43.807000+02:00,2026-10-02 20:17:00+02:00,2026-10-02 20:17:12+02:00,2026-10-02,20,Friday,False,16.269883333333333
20261002_180042,2026-10-02 18:00:43.807000+00:00,Bern,rail,ch:1:sloid:7000,Bern,ch:1:sloid:7000_gen:ch:1:sloid:7000:6:13_pf:13AB,2026-10-02,ch:1:sjyid:100015:15475-001,rail,S-Bahn,S4,S4,15475,Thun,Langnau i.E.,13AB,,2026-10-02 18:20:00+00:00,2026-10-02 18:20:12+00:00,,True,0.2,2026-10-02 20:00:43.807000+02:00,2026-10-02 20:20:00+02:00,2026-10-02 20:20:12+02:00,2026-10-02,20,Friday,False,19.269883333333333
20261002_180042,2026-10-02 18:00:43.807000+00:00,Bern,rail,ch:1:sloid:7000,Bern,ch:1:sloid:7000:0:349752,2026-10-02,ch:1:sjyid:100015:15276-001,rail,S-Bahn,S2,S2,15276,Langnau i.E.,Laupen BE,2A-D,,2026-10-02 18:21:00+00:00,2026-10-02 18:21:24+00:00,,True,0.4,2026-10-02 20:00:43.807000+02:00,2026-10-02 20:21:00+02:00,2026-10-02 20:21:24+02:00,2026-10-02,20,Friday,False,20.269883333333333
20261002_180042,2026-10-02 18:00:43.807000+00:00,Bern,rail,ch:1:sloid:7000,Bern,ch:1:sloid:7000:5:10,2026-10-02,ch:1:sjyid:100015:15379-001,rail,S-Bahn,S3,S3,15379,Belp,Biel/Bienne,10,,2026-10-02 18:30:00+00:00,2026-10-02 18:30:30+00:00,,True,0.5,2026-10-02 20:00:43.807000+02:00,2026-10-02 20:30:00+02:00,2026-10-02 20:30:30+02:00,2026-10-02,20,Friday,False,29.269883333333333
20261002_180042,2026-10-02 18:00:43.807000+00:00,Bern,rail,ch:1:sloid:7000,Bern,ch:1:sloid:7000:4:8,2026-10-02,ch:1:sjyid:100001:733-001,rail,InterCity,IC1,IC1,733,Genève-Aéroport,Zürich HB,8,,2026-10-02 18:31:00+00:00,2026-10-02 18:31:36+00:00,,True,0.6,2026-10-02 20:00:43.807000+02:00,2026-10-02 20:31:00+02:00,2026-10-02 20:31:36+02:00,2026-10-02,20,Friday,False,30.269883333333333
20261002_180042,2026-10-02 18:00:43.807000+00:00,Bern,rail,ch:1:sloid:7000,Bern,ch:1:sloid:7000:1:1,2026-10-02,ch:1:sjyid:100015:15376-001,rail,S-Bahn,S3,S3,15376,Biel/Bienne,Belp,1A-D,,2026-10-02 18:32:00+00:00,2026-10-02 18:32:12+00:00,,True,0.2,2026-10-02 20:00:43.807000+02:00,2026-10-02 20:32:00+02:00,2026-10-02 20:32:12+02:00,2026-10-02,20,Friday,False,31.269883333333333
20261002_180042,2026-10-02 18:00:43.807000+00:00,Bern,rail,ch:1:sloid:7000,Bern,ch:1:sloid:7000:3:6,2026-10-02,ch:1:sjyid:100001:634-001,rail,InterCity,IC6,IC6,634,Brig,Basel SBB,6,,2026-10-02 18:33:00+00:00,2026-10-02 18:34:00+00:00,,True,1.0,2026-10-02 20:00:43.807000+02:00,2026-10-02 20:33:00+02:00,2026-10-02 20:34:00+02:00,2026-10-02,20,Friday,False,32.26988333333333
20261002_180042,2026-10-02 18:00:43.807000+00:00,Bern,rail,ch:1:sloid:7000,Bern,ch:1:sloid:7000:3:5,2026-10-02,ch:1:sjyid:100001:732-001,rail,InterCity,IC1,IC1,732,St. Gallen,Lausanne,5,,2026-10-02 18:34:00+00:00,2026-10-02 18:34:36+00:00,,True,0.6,2026-10-02 20:00:43.807000+02:00,2026-10-02 20:34:00+02:00,2026-10-02 20:34:36+02:00,2026-10-02,20,Friday,False,33.26988333333333
20261002_180042,2026-10-02 18:00:43.807000+00:00,Bern,rail,ch:1:sloid:7000,Bern,ch:1:sloid:7000_gen:ch:1:sloid:7000:6:33_pf:13D-F,2026-10-02,ch:1:sjyid:100015:16278-001,rail,S-Bahn,S52,S52,16278,Bern,Murten/Morat,13D-F,,2026-10-02 18:34:00+00:00,2026-10-02 18:34:12+00:00,,True,0.2,2026-10-02 20:00:43.807000+02:00,2026-10-02 20:34:00+02:00,2026-10-02 20:34:12+02:00,2026-10-02,20,Friday,False,33.26988333333333
20261002_180042,2026-10-02 18:00:43.807000+00:00,Bern,rail,ch:1:sloid:7000,Bern,ch:1:sloid:7000:4:7,2026-10-02,ch:1:sjyid:100001:635-001,rail,InterCity,IC6,IC6,635,Basel SBB,Brig,7,,2026-10-02 18:34:00+00:00,2026-10-02 18:34:42+00:00,,True,0.7,2026-10-02 20:00:43.807000+02:00,2026-10-02 20:34:00+02:00,2026-10-02 20:34:42+02:00,2026-10-02,20,Friday,False,33.26988333333333
20261002_180042,2026-10-02 18:00:43.807000+00:00,Bern,rail,ch:1:sloid:7000,Bern,ch:1:sloid:7000_gen:ch:1:sloid:7000:6:13_pf:13AB,2026-10-02,ch:1:sjyid:100015:15678-001,rail,S-Bahn,S6,S6,15678,Bern,Schwarzenburg,13AB,,2026-10-02 18:36:00+00:00,2026-10-02 18:36:12+00:00,,True,0.2,2026-10-02 20:00:43.807000+02:00,2026-10-02 20:36:00+02:00,2026-10-02 20:36:12+02:00,2026-10-02,20,Friday,False,35.26988333333334
20261002_180042,2026-10-02 18:00:43.807000+00:00,Bern,rail,ch:1:sloid:7000,Bern,ch:1:sloid:7000:0:349752,2026-10-02,ch:1:sjyid:100015:4387-001,rail,RegioExpress,RE7,RE7,4387,Bern,Luzern,2A-D,,2026-10-02 18:36:00+00:00,2026-10-02 18:37:00+00:00,,True,1.0,2026-10-02 20:00:43.807000+02:00,2026-10-02 20:36:00+02:00,2026-10-02 20:37:00+02:00,2026-10-02,20,Friday,False,35.26988333333334
20261002_180042,2026-10-02 18:00:44.353000+00:00,Basel,rail,ch:1:sloid:10,Basel SBB,ch:1:sloid:10:6:11,2026-10-02,ch:1:sjyid:100001:9219-001,rail,Train à grande vit.,TGV,TGV,9219,Mulhouse,Zürich HB,11,7,2026-10-02 17:33:00+00:00,2026-10-02 18:12:18+00:00,,True,39.3,2026-10-02 20:00:44.353000+02:00,2026-10-02 19:33:00+02:00,2026-10-02 20:12:18+02:00,2026-10-02,19,Friday,False,-27.739216666666668
20261002_180042,2026-10-02 18:00:44.353000+00:00,Basel,rail,ch:1:sloid:10,Basel SBB,ch:1:sloid:10:2:4,2026-10-02,ch:1:sjyid:100001:375-001,rail,InterCityExpress,ICE,ICE,375,Basel Bad Bf,Interlaken Ost,4,,2026-10-02 17:58:00+00:00,2026-10-02 17:58:00+00:00,,True,0.0,2026-10-02 20:00:44.353000+02:00,2026-10-02 19:58:00+02:00,2026-10-02 19:58:00+02:00,2026-10-02,19,Friday,False,-2.7392166666666666
20261002_180042,2026-10-02 18:00:44.353000+00:00,Basel,rail,ch:1:sloid:10,Basel SBB,ch:1:sloid:10:0:19,2026-10-02,ch:1:sjyid:100001:17373-001,rail,S-Bahn,S3,S3,17373,Laufen,Olten,19,,2026-10-02 18:00:00+00:00,2026-10-02 18:00:12+00:00,,True,0.2,2026-10-02 20:00:44.353000+02:00,2026-10-02 20:00:00+02:00,2026-10-02 20:00:12+02:00,2026-10-02,20,Friday,False,-0.7392166666666667
20261002_180042,2026-10-02 18:00:44.353000+00:00,Basel,rail,ch:1:sloid:10,Basel SBB,ch:1:sloid:10:0:20,2026-10-02,ch:1:sjyid:100015:1882-001,rail,InterRegio,IR56,IR56,1882,Basel SBB,Biel/Bienne,20,,2026-10-02 18:02:00+00:00,2026-10-02 18:03:24+00:00,,True,1.4,2026-10-02 20:00:44.353000+02:00,2026-10-02 20:02:00+02:00,2026-10-02 20:03:24+02:00,2026-10-02,20,Friday,False,1.2607833333333334
20261002_180042,2026-10-02 18:00:44.353000+00:00,Basel,rail,ch:1:sloid:10,Basel SBB,ch:1:sloid:10:2:3,2026-10-02,ch:1:sjyid:100061:2339-001,rail,InterRegio,IR26,IR26,2339,Basel SBB,Erstfeld,3,,2026-10-02 18:04:00+00:00,2026-10-02 18:04:30+00:00,,True,0.5,2026-10-02 20:00:44.353000+02:00,2026-10-02 20:04:00+02:00,2026-10-02 20:04:30+02:00,2026-10-02,20,Friday,False,3.2607833333333334
20261002_180042,2026-10-02 18:00:44.353000+00:00,Basel,rail,ch:1:sloid:10,Basel SBB,ch:1:sloid:10:1:2,2026-10-02,ch:1:sjyid:100308:87860-001,rail,S-Bahn,S6,S6,87860,Basel SBB,Lörrach Hbf,2,,2026-10-02 18:06:00+00:00,2026-10-02 18:07:18+00:00,,True,1.3,2026-10-02 20:00:44.353000+02:00,2026-10-02 20:06:00+02:00,2026-10-02 20:07:18+02:00,2026-10-02,20,Friday,False,5.260783333333333
20261002_180042,2026-10-02 18:00:44.353000+00:00,Basel,rail,ch:1:sloid:10,Basel SBB,ch:1:sloid:10:6:11,2026-10-02,ch:1:sjyid:100001:1987-001,rail,InterRegio,IR36,IR36,1987,Basel SBB,Zürich HB,11,,2026-10-02 18:07:00+00:00,2026-10-02 18:09:00+00:00,,True,2.0,2026-10-02 20:00:44.353000+02:00,2026-10-02 20:07:00+02:00,2026-10-02 20:09:00+02:00,2026-10-02,20,Friday,False,6.260783333333333
20261002_180042,2026-10-02 18:00:44.353000+00:00,Basel,rail,ch:1:sloid:10,Basel SBB,ch:1:sloid:10:3:6,2026-10-02,ch:1:sjyid:100001:787-001,rail,InterCity,IC3,IC3,787,Basel SBB,Zürich HB,9,6,2026-10-02 18:07:00+00:00,2026-10-02 18:07:48+00:00,,True,0.8,2026-10-02 20:00:44.353000+02:00,2026-10-02 20:07:00+02:00,2026-10-02 20:07:48+02:00,2026-10-02,20,Friday,False,6.260783333333333
20261002_180042,2026-10-02 18:00:44.353000+00:00,Basel,rail,ch:1:sloid:10,Basel SBB,ch:1:sloid:10:8:16,2026-10-02,ch:1:sjyid:100001:17372-001,rail,S-Bahn,S3,S3,17372,Olten,Laufen,16,,2026-10-02 18:08:00+00:00,2026-10-02 18:08:12+00:00,,True,0.2,2026-10-02 20:00:44.353000+02:00,2026-10-02 20:08:00+02:00,2026-10-02 20:08:12+02:00,2026-10-02,20,Friday,False,7.260783333333333
20261002_180042,2026-10-02 18:00:44.353000+00:00,Basel,rail,ch:1:sloid:10,Basel SBB,ch:1:sloid:10:7:14,2026-10-02,ch:1:sjyid:100001:17575-001,rail,S-Bahn,S33,S33,17575,Basel SBB,Liestal,14,,2026-10-02 18:15:00+00:00,2026-10-02 18:15:30+00:00,,True,0.5,2026-10-02 20:00:44.353000+02:00,2026-10-02 20:15:00+02:00,2026-10-02 20:15:30+02:00,2026-10-02,20,Friday,False,14.260783333333334
20261002_180042,2026-10-02 18:00:44.353000+00:00,Basel,rail,ch:1:sloid:10,Basel SBB,ch:1:sloid:10:5:9,2026-10-02,ch:1:sjyid:100001:2487-001,rail,InterRegio,IR27,IR27,2487,Basel SBB,Luzern,6,9,2026-10-02 18:16:00+00:00,2026-10-02 18:16:42+00:00,,True,0.7,2026-10-02 20:00:44.353000+02:00,2026-10-02 20:16:00+02:00,2026-10-02 20:16:42+02:00,2026-10-02,20,Friday,False,15.260783333333334
20261002_180042,2026-10-02 18:00:44.353000+00:00,Basel,rail,ch:1:sloid:10,Basel SBB,ch:1:sloid:10:4:7,2026-10-02,ch:1:sjyid:100001:272-001,rail,InterCityExpress,ICE,ICE,272,Chur,Frankfurt (Main) Hbf,7,8,2026-10-02 18:16:00+00:00,2026-10-02 18:16:42+00:00,,True,0.7,2026-10-02 20:00:44.353000+02:00,2026-10-02 20:16:00+02:00,2026-10-02 20:16:42+02:00,2026-10-02,20,Friday,False,15.260783333333334
20261002_180042,2026-10-02 18:00:44.353000+00:00,Basel,rail,ch:1:sloid:10,Basel SBB,ch:1:sloid:10:6:11,2026-10-02,ch:1:sjyid:100001:17177-001,rail,S-Bahn,S1,S1,17177,Basel SBB,Frick,11,,2026-10-02 18:19:00+00:00,2026-10-02 18:19:12+00:00,,True,0.2,2026-10-02 20:00:44.353000+02:00,2026-10-02 20:19:00+02:00,2026-10-02 20:19:12+02:00,2026-10-02,20,Friday,False,18.260783333333332
20261002_180042,2026-10-02 18:00:44.353000+00:00,Basel,rail,ch:1:sloid:10,Basel SBB,ch:1:sloid:10:21:30,2026-10-02,ch:1:sjyid:100001:96244-001,rail,Train Express Regional,TER,TER,96244,Basel SBB,Strasbourg,31,30,2026-10-02 18:21:00+00:00,2026-10-02 18:28:36+00:00,,True,7.6,2026-10-02 20:00:44.353000+02:00,2026-10-02 20:21:00+02:00,2026-10-02 20:28:36+02:00,2026-10-02,20,Friday,False,20.260783333333332
20261002_180042,2026-10-02 18:00:44.353000+00:00,Basel,rail,ch:1:sloid:10,Basel SBB,ch:1:sloid:10:0:19,2026-10-02,ch:1:sjyid:100001:17375-001,rail,S-Bahn,S3,S3,17375,Laufen,Olten,19,,2026-10-02 18:30:00+00:00,2026-10-02 18:30:12+00:00,,True,0.2,2026-10-02 20:00:44.353000+02:00,2026-10-02 20:30:00+02:00,2026-10-02 20:30:12+02:00,2026-10-02,20,Friday,False,29.260783333333332
20261002_180042,2026-10-02 18:00:44.353000+00:00,Basel,rail,ch:1:sloid:10,Basel SBB,ch:1:sloid:10:5:10,2026-10-02,ch:1:sjyid:100001:987-001,rail,InterCity,IC61,IC61,987,Basel SBB,Interlaken Ost,10,,2026-10-02 18:30:00+00:00,2026-10-02 18:30:00+00:00,,True,0.0,2026-10-02 20:00:44.353000+02:00,2026-10-02 20:30:00+02:00,2026-10-02 20:30:00+02:00,2026-10-02,20,Friday,False,29.260783333333332
20261002_180042,2026-10-02 18:00:44.353000+00:00,Basel,rail,ch:1:sloid:10,Basel SBB,ch:1:sloid:10:0:20,2026-10-02,ch:1:sjyid:100001:1638-001,rail,InterCity,IC51,IC51,1638,Basel SBB,Lausanne,20,,2026-10-02 18:32:00+00:00,2026-10-02 18:32:42+00:00,,True,0.7,2026-10-02 20:00:44.353000+02:00,2026-10-02 20:32:00+02:00,2026-10-02 20:32:42+02:00,2026-10-02,20,Friday,False,31.260783333333332
20261002_180042,2026-10-02 18:00:44.353000+00:00,Basel,rail,ch:1:sloid:10,Basel SBB,ch:1:sloid:10:5:9,2026-10-02,ch:1:sjyid:100001:587-001,rail,InterCity,IC3,IC3,587,Basel SBB,Chur,9,,2026-10-02 18:33:00+00:00,2026-10-02 18:33:48+00:00,,True,0.8,2026-10-02 20:00:44.353000+02:00,2026-10-02 20:33:00+02:00,2026-10-02 20:33:48+02:00,2026-10-02,20,Friday,False,32.26078333333333
20261002_180042,2026-10-02 18:00:44.353000+00:00,Basel,rail,ch:1:sloid:10,Basel SBB,ch:1:sloid:10:1:2,2026-10-02,ch:1:sjyid:100308:87862-001,rail,S-Bahn,S6,S6,87862,Basel SBB,Zell (Wiesental),2,,2026-10-02 18:35:00+00:00,2026-10-02 18:35:12+00:00,,True,0.2,2026-10-02 20:00:44.353000+02:00,2026-10-02 20:35:00+02:00,2026-10-02 20:35:12+02:00,2026-10-02,20,Friday,False,34.26078333333333
20261002_180042,2026-10-02 18:00:44.353000+00:00,Basel,rail,ch:1:sloid:10,Basel SBB,ch:1:sloid:10:2:4,2026-10-02,ch:1:sjyid:100001:2087-001,rail,RegioExpress,RE36,RE36,2087,Basel SBB,Zürich HB,4,,2026-10-02 18:36:00+00:00,2026-10-02 18:36:24+00:00,,True,0.4,2026-10-02 20:00:44.353000+02:00,2026-10-02 20:36:00+02:00,2026-10-02 20:36:24+02:00,2026-10-02,20,Friday,False,35.26078333333333
20261002_180042,2026-10-02 18:00:44.353000+00:00,Basel,rail,ch:1:sloid:10,Basel SBB,ch:1:sloid:10:22:33,2026-10-02,ch:1:sjyid:100001:96152-002,rail,Train Express Regional,TER,TER,96152,Basel SBB,Strasbourg,33,,2026-10-02 18:38:00+00:00,2026-10-02 18:38:18+00:00,,True,0.3,2026-10-02 20:00:44.353000+02:00,2026-10-02 20:38:00+02:00,2026-10-02 20:38:18+02:00,2026-10-02,20,Friday,False,37.26078333333333
20261002_180042,2026-10-02 18:00:44.353000+00:00,Basel,rail,ch:1:sloid:10,Basel SBB,ch:1:sloid:10:8:16,2026-10-02,ch:1:sjyid:100001:17374-001,rail,S-Bahn,S3,S3,17374,Olten,Laufen,16,,2026-10-02 18:38:00+00:00,2026-10-02 18:38:12+00:00,,True,0.2,2026-10-02 20:00:44.353000+02:00,2026-10-02 20:38:00+02:00,2026-10-02 20:38:12+02:00,2026-10-02,20,Friday,False,37.26078333333333
20261002_180042,2026-10-02 18:00:44.353000+00:00,Basel,rail,ch:1:sloid:10,Basel SBB,ch:1:sloid:10:2:3,2026-10-02,ch:1:sjyid:100001:2287-001,rail,InterRegio,IR37,IR37,2287,Basel SBB,Zürich HB,3,,2026-10-02 18:43:00+00:00,2026-10-02 18:43:48+00:00,,True,0.8,2026-10-02 20:00:44.353000+02:00,2026-10-02 20:43:00+02:00,2026-10-02 20:43:48+02:00,2026-10-02,20,Friday,False,42.26078333333333
20261002_180042,2026-10-02 18:00:44.353000+00:00,Basel,rail,ch:1:sloid:10,Basel SBB,ch:1:sloid:10:7:14,2026-10-02,ch:1:sjyid:100001:17279-001,rail,S-Bahn,S1,S1,17279,Basel SBB,Laufenburg,14,,2026-10-02 18:49:00+00:00,2026-10-02 18:49:12+00:00,,True,0.2,2026-10-02 20:00:44.353000+02:00,2026-10-02 20:49:00+02:00,2026-10-02 20:49:12+02:00,2026-10-02,20,Friday,False,48.26078333333333
20261002_180042,2026-10-02 18:00:44.353000+00:00,Basel,rail,ch:1:sloid:10,Basel SBB,ch:1:sloid:10:4:8,2026-10-02,ch:1:sjyid:100001:641-001,rail,InterCity,IC6,IC6,641,Basel SBB,Bern,8,,2026-10-02 18:58:00+00:00,2026-10-02 18:58:42+00:00,,True,0.7,2026-10-02 20:00:44.353000+02:00,2026-10-02 20:58:00+02:00,2026-10-02 20:58:42+02:00,2026-10-02,20,Friday,False,57.26078333333333
20261002_180042,2026-10-02 18:00:44.353000+00:00,Basel,rail,ch:1:sloid:10,Basel SBB,ch:1:sloid:10:0:19,2026-10-02,ch:1:sjyid:100001:17377-001,rail,S-Bahn,S3,S3,17377,Laufen,Olten,19,,2026-10-02 19:00:00+00:00,2026-10-02 19:00:12+00:00,,True,0.2,2026-10-02 20:00:44.353000+02:00,2026-10-02 21:00:00+02:00,2026-10-02 21:00:12+02:00,2026-10-02,21,Friday,False,59.26078333333333
20261002_180042,2026-10-02 18:00:44.353000+00:00,Basel,rail,ch:1:sloid:10,Basel SBB,ch:1:sloid:10:0:20,2026-10-02,ch:1:sjyid:100015:1884-001,rail,InterRegio,IR56,IR56,1884,Basel SBB,Biel/Bienne,20,,2026-10-02 19:02:00+00:00,2026-10-02 19:02:12+00:00,,True,0.2,2026-10-02 20:00:44.353000+02:00,2026-10-02 21:02:00+02:00,2026-10-02 21:02:12+02:00,2026-10-02,21,Friday,False,61.26078333333333
20261002_180042,2026-10-02 18:00:44.353000+00:00,Basel,rail,ch:1:sloid:10,Basel SBB,ch:1:sloid:10:6:12,2026-10-02,ch:1:sjyid:100001:691-002,rail,InterCity,IC21,IC21,691,Basel SBB,Chiasso,12,,2026-10-02 19:04:00+00:00,2026-10-02 19:04:42+00:00,,True,0.7,2026-10-02 20:00:44.353000+02:00,2026-10-02 21:04:00+02:00,2026-10-02 21:04:42+02:00,2026-10-02,21,Friday,False,63.26078333333333
20261002_180042,2026-10-02 18:00:44.353000+00:00,Basel,rail,ch:1:sloid:10,Basel SBB,ch:1:sloid:10:1:2,2026-10-02,ch:1:sjyid:100308:87864-001,rail,S-Bahn,S6,S6,87864,Basel SBB,Lörrach Hbf,2,,2026-10-02 19:06:00+00:00,2026-10-02 19:06:12+00:00,,True,0.2,2026-10-02 20:00:44.353000+02:00,2026-10-02 21:06:00+02:00,2026-10-02 21:06:12+02:00,2026-10-02,21,Friday,False,65.26078333333334
20261002_180042,2026-10-02 18:00:44.353000+00:00,Basel,rail,ch:1:sloid:10,Basel SBB,ch:1:sloid:10:5:10,2026-10-02,ch:1:sjyid:100001:1989-001,rail,InterRegio,IR36,IR36,1989,Basel SBB,Zürich HB,10,,2026-10-02 19:07:00+00:00,2026-10-02 19:07:42+00:00,,True,0.7,2026-10-02 20:00:44.353000+02:00,2026-10-02 21:07:00+02:00,2026-10-02 21:07:42+02:00,2026-10-02,21,Friday,False,66.26078333333334
20261002_180042,2026-10-02 18:00:44.835000+00:00,Luzern,rail,ch:1:sloid:5000,Luzern,ch:1:sloid:5000:4:8,2026-10-02,ch:1:sjyid:100001:2536-001,rail,InterRegio,IR15,IR15,2536,Luzern,Lausanne,8,,2026-10-02 18:00:00+00:00,2026-10-02 18:00:36+00:00,,True,0.6,2026-10-02 20:00:44.835000+02:00,2026-10-02 20:00:00+02:00,2026-10-02 20:00:36+02:00,2026-10-02,20,Friday,False,-0.74725
20261002_180042,2026-10-02 18:00:44.835000+00:00,Luzern,rail,ch:1:sloid:5000,Luzern,ch:1:sloid:5000_gen:ch:1:sloid:5000:5:10_pf:10B,2026-10-02,ch:1:sjyid:100001:21976-001,rail,S-Bahn,S9,S9,21976,Luzern,Lenzburg,10B,,2026-10-02 18:02:00+00:00,2026-10-02 18:02:30+00:00,,True,0.5,2026-10-02 20:00:44.835000+02:00,2026-10-02 20:02:00+02:00,2026-10-02 20:02:30+02:00,2026-10-02,20,Friday,False,1.25275
20261002_180042,2026-10-02 18:00:44.835000+00:00,Luzern,rail,ch:1:sloid:5000,Luzern,ch:1:sloid:5000:4:9,2026-10-02,ch:1:sjyid:100001:4736-001,rail,RegioExpress,RE24,RE24,4736,Luzern,Olten,9,,2026-10-02 18:05:00+00:00,2026-10-02 18:05:12+00:00,,True,0.2,2026-10-02 20:00:44.835000+02:00,2026-10-02 20:05:00+02:00,2026-10-02 20:05:12+02:00,2026-10-02,20,Friday,False,4.25275
20261002_180042,2026-10-02 18:00:44.835000+00:00,Luzern,rail,ch:1:sloid:5000,Luzern,ch:1:sloid:5000:6:13,2026-10-02,ch:1:sjyid:100064:2940-001,rail,Luzern-Interlaken Express,LIX,LIX,2940,Luzern,Interlaken Ost,13,,2026-10-02 18:06:00+00:00,2026-10-02 18:06:36+00:00,,True,0.6,2026-10-02 20:00:44.835000+02:00,2026-10-02 20:06:00+02:00,2026-10-02 20:06:36+02:00,2026-10-02,20,Friday,False,5.252750000000001
20261002_180042,2026-10-02 18:00:44.835000+00:00,Luzern,rail,ch:1:sloid:5000,Luzern,ch:1:sloid:5000:5:11,2026-10-02,ch:1:sjyid:100001:21377-001,rail,S-Bahn,S3,S3,21377,Luzern,Brunnen,11,,2026-10-02 18:06:00+00:00,2026-10-02 18:07:00+00:00,,True,1.0,2026-10-02 20:00:44.835000+02:00,2026-10-02 20:06:00+02:00,2026-10-02 20:07:00+02:00,2026-10-02,20,Friday,False,5.252750000000001
20261002_180042,2026-10-02 18:00:44.835000+00:00,Luzern,rail,ch:1:sloid:5000,Luzern,ch:1:sloid:5000:3:6,2026-10-02,ch:1:sjyid:100001:2638-001,rail,InterRegio,IR70,IR70,2638,Luzern,St. Gallen,6,,2026-10-02 18:09:00+00:00,2026-10-02 18:10:00+00:00,,True,1.0,2026-10-02 20:00:44.835000+02:00,2026-10-02 20:09:00+02:00,2026-10-02 20:10:00+02:00,2026-10-02,20,Friday,False,8.25275
20261002_180042,2026-10-02 18:00:44.835000+00:00,Luzern,rail,ch:1:sloid:5000,Luzern,ch:1:sloid:5000_gen:ch:1:sloid:5000:6:12_pf:12B,2026-10-02,ch:1:sjyid:100064:2986-001,rail,Luzern-Engelberg Express,IRLEX,IRLEX,2986,Luzern,Stansstad,12B,,2026-10-02 18:10:00+00:00,2026-10-02 18:10:12+00:00,,True,0.2,2026-10-02 20:00:44.835000+02:00,2026-10-02 20:10:00+02:00,2026-10-02 20:10:12+02:00,2026-10-02,20,Friday,False,9.252749999999999
20261002_180042,2026-10-02 18:00:44.835000+00:00,Luzern,rail,ch:1:sloid:5000,Luzern,ch:1:sloid:5000:7:14,2026-10-02,ch:1:sjyid:100064:21576-001,rail,S-Bahn,S5,S5,21576,Luzern,Giswil,14,,2026-10-02 18:12:00+00:00,2026-10-02 18:12:12+00:00,,True,0.2,2026-10-02 20:00:44.835000+02:00,2026-10-02 20:12:00+02:00,2026-10-02 20:12:12+02:00,2026-10-02,20,Friday,False,11.252749999999999
20261002_180042,2026-10-02 18:00:44.835000+00:00,Luzern,rail,ch:1:sloid:5000,Luzern,ch:1:sloid:5000_gen:ch:1:sloid:5000:2:4_pf:4B,2026-10-02,ch:1:sjyid:100001:21169-001,rail,S-Bahn,S1,S1,21169,Baar,Sursee,4,,2026-10-02 18:14:00+00:00,2026-10-02 18:15:00+00:00,,True,1.0,2026-10-02 20:00:44.835000+02:00,2026-10-02 20:14:00+02:00,2026-10-02 20:15:00+02:00,2026-10-02,20,Friday,False,13.252749999999999
20261002_180042,2026-10-02 18:00:44.835000+00:00,Luzern,rail,ch:1:sloid:5000,Luzern,ch:1:sloid:5000_gen:ch:1:sloid:5000:2:5_pf:5B-D,2026-10-02,ch:1:sjyid:100015:21676-001,rail,S-Bahn,S6,S6,21676,Luzern,Wolhusen,5B-D,,2026-10-02 18:16:00+00:00,2026-10-02 18:17:00+00:00,,True,1.0,2026-10-02 20:00:44.835000+02:00,2026-10-02 20:16:00+02:00,2026-10-02 20:17:00+02:00,2026-10-02,20,Friday,False,15.252749999999999
20261002_180042,2026-10-02 18:00:44.835000+00:00,Luzern,rail,ch:1:sloid:5000,Luzern,ch:1:sloid:5000:3:7,2026-10-02,ch:1:sjyid:100001:687-001,rail,InterCity,IC21,IC21,687,Basel SBB,Chiasso,7,,2026-10-02 18:18:00+00:00,2026-10-02 18:19:00+00:00,,True,1.0,2026-10-02 20:00:44.835000+02:00,2026-10-02 20:18:00+02:00,2026-10-02 20:19:00+02:00,2026-10-02,20,Friday,False,17.25275
20261002_180042,2026-10-02 18:00:44.835000+00:00,Luzern,rail,ch:1:sloid:5000,Luzern,ch:1:sloid:5000:4:8,2026-10-02,ch:1:sjyid:100001:21170-002,rail,S-Bahn,S1,S1,21170,Sursee,Zug,8,,2026-10-02 18:21:00+00:00,2026-10-02 18:22:00+00:00,,True,1.0,2026-10-02 20:00:44.835000+02:00,2026-10-02 20:21:00+02:00,2026-10-02 20:22:00+02:00,2026-10-02,20,Friday,False,20.25275
20261002_180042,2026-10-02 18:00:44.835000+00:00,Luzern,rail,ch:1:sloid:5000,Luzern,ch:1:sloid:5000:7:14,2026-10-02,ch:1:sjyid:100064:21478-001,rail,S-Bahn,S4,S4,21478,Luzern,Stansstad,14,,2026-10-02 18:27:00+00:00,2026-10-02 18:27:12+00:00,,True,0.2,2026-10-02 20:00:44.835000+02:00,2026-10-02 20:27:00+02:00,2026-10-02 20:27:12+02:00,2026-10-02,20,Friday,False,26.25275
20261002_180042,2026-10-02 18:00:44.835000+00:00,Luzern,rail,ch:1:sloid:5000,Luzern,ch:1:sloid:5000:1:3,2026-10-02,ch:1:sjyid:100001:2486-001,rail,InterRegio,IR27,IR27,2486,Luzern,Basel SBB,3,,2026-10-02 18:30:00+00:00,2026-10-02 18:30:36+00:00,,True,0.6,2026-10-02 20:00:44.835000+02:00,2026-10-02 20:30:00+02:00,2026-10-02 20:30:36+02:00,2026-10-02,20,Friday,False,29.25275
20261002_180042,2026-10-02 18:00:44.835000+00:00,Luzern,rail,ch:1:sloid:5000,Luzern,ch:1:sloid:5000_gen:ch:1:sloid:5000:3:7_pf:7B,2026-10-02,ch:1:sjyid:100001:21978-001,rail,S-Bahn,S9,S9,21978,Luzern,Lenzburg,7B,,2026-10-02 18:32:00+00:00,2026-10-02 18:32:30+00:00,,True,0.5,2026-10-02 20:00:44.835000+02:00,2026-10-02 20:32:00+02:00,2026-10-02 20:32:30+02:00,2026-10-02,20,Friday,False,31.25275
20261002_180042,2026-10-02 18:00:44.835000+00:00,Luzern,rail,ch:1:sloid:5000,Luzern,ch:1:sloid:5000:3:6,2026-10-02,ch:1:sjyid:100001:2587-001,rail,InterRegio,IR75,IR75,2587,Luzern,Zürich HB,6,,2026-10-02 18:35:00+00:00,2026-10-02 18:35:30+00:00,,True,0.5,2026-10-02 20:00:44.835000+02:00,2026-10-02 20:35:00+02:00,2026-10-02 20:35:30+02:00,2026-10-02,20,Friday,False,34.25275
20261002_180042,2026-10-02 18:00:44.835000+00:00,Luzern,rail,ch:1:sloid:5000,Luzern,ch:1:sloid:5000:2:4,2026-10-02,ch:1:sjyid:100001:21379-001,rail,S-Bahn,S3,S3,21379,Luzern,Arth-Goldau,4,,2026-10-02 18:39:00+00:00,2026-10-02 18:39:12+00:00,,True,0.2,2026-10-02 20:00:44.835000+02:00,2026-10-02 20:39:00+02:00,2026-10-02 20:39:12+02:00,2026-10-02,20,Friday,False,38.25275
20261002_180042,2026-10-02 18:00:44.835000+00:00,Luzern,rail,ch:1:sloid:5000,Luzern,ch:1:sloid:5000:4:8,2026-10-02,ch:1:sjyid:100001:2538-001,rail,InterRegio,IR15,IR15,2538,Luzern,Lausanne,8,,2026-10-02 18:42:00+00:00,2026-10-02 18:43:36+00:00,,True,1.6,2026-10-02 20:00:44.835000+02:00,2026-10-02 20:42:00+02:00,2026-10-02 20:43:36+02:00,2026-10-02,20,Friday,False,41.25275
20261002_180042,2026-10-02 18:00:44.835000+00:00,Luzern,rail,ch:1:sloid:5000,Luzern,ch:1:sloid:5000:7:14,2026-10-02,ch:1:sjyid:100064:21578-001,rail,S-Bahn,S5,S5,21578,Luzern,Giswil,14,,2026-10-02 18:42:00+00:00,2026-10-02 18:42:12+00:00,,True,0.2,2026-10-02 20:00:44.835000+02:00,2026-10-02 20:42:00+02:00,2026-10-02 20:42:12+02:00,2026-10-02,20,Friday,False,41.25275
20261002_180042,2026-10-02 18:00:44.835000+00:00,Luzern,rail,ch:1:sloid:5000,Luzern,ch:1:sloid:5000_gen:ch:1:sloid:5000:5:10_pf:10B,2026-10-02,ch:1:sjyid:100001:21171-001,rail,S-Bahn,S1,S1,21171,Baar,Sursee,10,,2026-10-02 18:44:00+00:00,2026-10-02 18:45:00+00:00,,True,1.0,2026-10-02 20:00:44.835000+02:00,2026-10-02 20:44:00+02:00,2026-10-02 20:45:00+02:00,2026-10-02,20,Friday,False,43.25275
20261002_180042,2026-10-02 18:00:44.835000+00:00,Luzern,rail,ch:1:sloid:5000,Luzern,ch:1:sloid:5000:2:4,2026-10-02,ch:1:sjyid:100001:21172-001,rail,S-Bahn,S1,S1,21172,Sursee,Baar,4,,2026-10-02 18:51:00+00:00,2026-10-02 18:51:12+00:00,,True,0.2,2026-10-02 20:00:44.835000+02:00,2026-10-02 20:51:00+02:00,2026-10-02 20:51:12+02:00,2026-10-02,20,Friday,False,50.25275
20261002_180042,2026-10-02 18:00:44.835000+00:00,Luzern,rail,ch:1:sloid:5000,Luzern,ch:1:sloid:5000:3:7,2026-10-02,ch:1:sjyid:100061:2336-001,rail,Treno Gottardo,IR26,IR26,2336,Locarno,Basel SBB,7,,2026-10-02 18:54:00+00:00,2026-10-02 18:54:30+00:00,,True,0.5,2026-10-02 20:00:44.835000+02:00,2026-10-02 20:54:00+02:00,2026-10-02 20:54:30+02:00,2026-10-02,20,Friday,False,53.25275
20261002_180042,2026-10-02 18:00:44.835000+00:00,Luzern,rail,ch:1:sloid:5000,Luzern,ch:1:sloid:5000_gen:ch:1:sloid:5000:2:5_pf:5B-D,2026-10-02,ch:1:sjyid:100015:4388-001,rail,RegioExpress,RE7,RE7,4388,Luzern,Bern,5B-D,,2026-10-02 18:57:00+00:00,2026-10-02 18:57:12+00:00,,True,0.2,2026-10-02 20:00:44.835000+02:00,2026-10-02 20:57:00+02:00,2026-10-02 20:57:12+02:00,2026-10-02,20,Friday,False,56.25275
20261002_180042,2026-10-02 18:00:44.835000+00:00,Luzern,rail,ch:1:sloid:5000,Luzern,ch:1:sloid:5000:7:14,2026-10-02,ch:1:sjyid:100064:21480-001,rail,S-Bahn,S4,S4,21480,Luzern,Stansstad,14,,2026-10-02 18:57:00+00:00,2026-10-02 18:57:12+00:00,,True,0.2,2026-10-02 20:00:44.835000+02:00,2026-10-02 20:57:00+02:00,2026-10-02 20:57:12+02:00,2026-10-02,20,Friday,False,56.25275
20261002_180042,2026-10-02 18:00:44.835000+00:00,Luzern,rail,ch:1:sloid:5000,Luzern,ch:1:sloid:5000_gen:ch:1:sloid:5000:5:10_pf:10B,2026-10-02,ch:1:sjyid:100001:21980-001,rail,S-Bahn,S9,S9,21980,Luzern,Lenzburg,10B,,2026-10-02 19:02:00+00:00,2026-10-02 19:02:30+00:00,,True,0.5,2026-10-02 20:00:44.835000+02:00,2026-10-02 21:02:00+02:00,2026-10-02 21:02:30+02:00,2026-10-02,21,Friday,False,61.25275
20261002_180042,2026-10-02 18:00:44.835000+00:00,Luzern,rail,ch:1:sloid:5000,Luzern,ch:1:sloid:5000:4:9,2026-10-02,ch:1:sjyid:100001:4738-001,rail,RegioExpress,RE24,RE24,4738,Luzern,Olten,9,,2026-10-02 19:05:00+00:00,2026-10-02 19:05:12+00:00,,True,0.2,2026-10-02 20:00:44.835000+02:00,2026-10-02 21:05:00+02:00,2026-10-02 21:05:12+02:00,2026-10-02,21,Friday,False,64.25275
20261002_180042,2026-10-02 18:00:44.835000+00:00,Luzern,rail,ch:1:sloid:5000,Luzern,ch:1:sloid:5000:6:13,2026-10-02,ch:1:sjyid:100064:2942-001,rail,Luzern-Interlaken Express,LIX,LIX,2942,Luzern,Interlaken Ost,13,,2026-10-02 19:06:00+00:00,2026-10-02 19:06:06+00:00,,True,0.1,2026-10-02 20:00:44.835000+02:00,2026-10-02 21:06:00+02:00,2026-10-02 21:06:06+02:00,2026-10-02,21,Friday,False,65.25275
20261002_180042,2026-10-02 18:00:44.835000+00:00,Luzern,rail,ch:1:sloid:5000,Luzern,ch:1:sloid:5000:5:11,2026-10-02,ch:1:sjyid:100001:21381-001,rail,S-Bahn,S3,S3,21381,Luzern,Brunnen,11,,2026-10-02 19:06:00+00:00,2026-10-02 19:07:00+00:00,,True,1.0,2026-10-02 20:00:44.835000+02:00,2026-10-02 21:06:00+02:00,2026-10-02 21:07:00+02:00,2026-10-02,21,Friday,False,65.25275
20261002_180042,2026-10-02 18:00:44.835000+00:00,Luzern,rail,ch:1:sloid:5000,Luzern,ch:1:sloid:5000:1:3,2026-10-02,ch:1:sjyid:100001:2640-001,rail,InterRegio,IR70,IR70,2640,Luzern,St. Gallen,3,,2026-10-02 19:09:00+00:00,2026-10-02 19:10:00+00:00,,True,1.0,2026-10-02 20:00:44.835000+02:00,2026-10-02 21:09:00+02:00,2026-10-02 21:10:00+02:00,2026-10-02,21,Friday,False,68.25275
20261002_180042,2026-10-02 18:00:44.835000+00:00,Luzern,rail,ch:1:sloid:5000,Luzern,ch:1:sloid:5000:6:12,2026-10-02,ch:1:sjyid:100064:2988-001,rail,Luzern-Engelberg Express,IRLEX,IRLEX,2988,Luzern,Stansstad,12,,2026-10-02 19:10:00+00:00,2026-10-02 19:10:12+00:00,,True,0.2,2026-10-02 20:00:44.835000+02:00,2026-10-02 21:10:00+02:00,2026-10-02 21:10:12+02:00,2026-10-02,21,Friday,False,69.25275
20261002_180042,2026-10-02 18:00:45.336000+00:00,St. Gallen,rail,ch:1:sloid:6302,St. Gallen,ch:1:sloid:6302:2:3,2026-10-02,ch:1:sjyid:100061:2036-001,rail,Voralpen-Express,VAE,VAE,2036,St. Gallen,Arth-Goldau,3,,2026-10-02 18:05:00+00:00,2026-10-02 18:05:12+00:00,,True,0.2,2026-10-02 20:00:45.336000+02:00,2026-10-02 20:05:00+02:00,2026-10-02 20:05:12+02:00,2026-10-02,20,Friday,False,4.2444
20261002_180042,2026-10-02 18:00:45.336000+00:00,St. Gallen,rail,ch:1:sloid:6302,St. Gallen,ch:1:sloid:6302:2:2,2026-10-02,ch:1:sjyid:100001:531-001,rail,InterCity,IC5,IC5,531,Lausanne,Rorschach,2,,2026-10-02 18:05:00+00:00,2026-10-02 18:05:30+00:00,,True,0.5,2026-10-02 20:00:45.336000+02:00,2026-10-02 20:05:00+02:00,2026-10-02 20:05:30+02:00,2026-10-02,20,Friday,False,4.2444
20261002_180042,2026-10-02 18:00:45.336000+00:00,St. Gallen,rail,ch:1:sloid:6302,St. Gallen,ch:1:sloid:6302:1:1,2026-10-02,ch:1:sjyid:100001:10736-013,rail,InterCity,IC,IC,10736,St. Gallen,Biel/Bienne,1,,2026-10-02 18:06:18+00:00,2026-10-02 18:06:18+00:00,,True,0.0,2026-10-02 20:00:45.336000+02:00,2026-10-02 20:06:18+02:00,2026-10-02 20:06:18+02:00,2026-10-02,20,Friday,False,5.5443999999999996
20261002_180042,2026-10-02 18:00:45.336000+00:00,St. Gallen,rail,ch:1:sloid:6302,St. Gallen,ch:1:sloid:6302:1:1,2026-10-02,ch:1:sjyid:100001:10736-013,rail,InterCity,IC,IC,10736,St. Gallen,Biel/Bienne,1,,2026-10-02 18:07:00+00:00,2026-10-02 18:07:42+00:00,,True,0.7,2026-10-02 20:00:45.336000+02:00,2026-10-02 20:07:00+02:00,2026-10-02 20:07:42+02:00,2026-10-02,20,Friday,False,6.2444
20261002_180042,2026-10-02 18:00:45.336000+00:00,St. Gallen,rail,ch:1:sloid:6302,St. Gallen,ch:1:sloid:6302:4:6,2026-10-02,ch:1:sjyid:100046:11275-001,rail,S-Bahn,S2,S2,11275,Nesslau-Neu St. Johann,Altstätten SG,6,,2026-10-02 18:08:00+00:00,2026-10-02 18:08:12+00:00,,True,0.2,2026-10-02 20:00:45.336000+02:00,2026-10-02 20:08:00+02:00,2026-10-02 20:08:12+02:00,2026-10-02,20,Friday,False,7.2444
20261002_180042,2026-10-02 18:00:45.336000+00:00,St. Gallen,rail,ch:1:sloid:6302,St. Gallen,ch:1:sloid:6302:3:5,2026-10-02,ch:1:sjyid:100046:11574-001,rail,S-Bahn,S5,S5,11574,St. Margrethen SG,Weinfelden,5,,2026-10-02 18:10:00+00:00,2026-10-02 18:10:12+00:00,,True,0.2,2026-10-02 20:00:45.336000+02:00,2026-10-02 20:10:00+02:00,2026-10-02 20:10:12+02:00,2026-10-02,20,Friday,False,9.2444
20261002_180042,2026-10-02 18:00:45.336000+00:00,St. Gallen,rail,ch:1:sloid:6302,St. Gallen,ch:1:sloid:6302:3:4,2026-10-02,ch:1:sjyid:100061:12138-001,rail,S-Bahn,S81,S81,12138,St. Gallen,Herisau,4,,2026-10-02 18:14:00+00:00,2026-10-02 18:14:42+00:00,,True,0.7,2026-10-02 20:00:45.336000+02:00,2026-10-02 20:14:00+02:00,2026-10-02 20:14:42+02:00,2026-10-02,20,Friday,False,13.2444
20261002_180042,2026-10-02 18:00:45.336000+00:00,St. Gallen,rail,ch:1:sloid:6302,St. Gallen,ch:1:sloid:6302:3:5,2026-10-02,ch:1:sjyid:100046:5239-001,rail,RegioExpress,RE1,RE1,5239,Herisau,Konstanz,5,,2026-10-02 18:15:00+00:00,2026-10-02 18:15:48+00:00,,True,0.8,2026-10-02 20:00:45.336000+02:00,2026-10-02 20:15:00+02:00,2026-10-02 20:15:48+02:00,2026-10-02,20,Friday,False,14.2444
20261002_180042,2026-10-02 18:00:45.336000+00:00,St. Gallen,rail,ch:1:sloid:6302,St. Gallen,ch:1:sloid:6302:2:2,2026-10-02,ch:1:sjyid:100046:11174-001,rail,S-Bahn,S1,S1,11174,Schaffhausen,Wil SG,2,,2026-10-02 18:17:00+00:00,2026-10-02 18:17:00+00:00,,True,0.0,2026-10-02 20:00:45.336000+02:00,2026-10-02 20:17:00+02:00,2026-10-02 20:17:00+02:00,2026-10-02,20,Friday,False,16.2444
20261002_180042,2026-10-02 18:00:45.336000+00:00,St. Gallen,rail,ch:1:sloid:6302,St. Gallen,ch:1:sloid:6302:2:3,2026-10-02,ch:1:sjyid:100046:11175-001,rail,S-Bahn,S1,S1,11175,Wil SG,Schaffhausen,3,,2026-10-02 18:19:00+00:00,2026-10-02 18:20:42+00:00,,True,1.7,2026-10-02 20:00:45.336000+02:00,2026-10-02 20:19:00+02:00,2026-10-02 20:20:42+02:00,2026-10-02,20,Friday,False,18.2444
20261002_180042,2026-10-02 18:00:45.336000+00:00,St. Gallen,rail,ch:1:sloid:6302,St. Gallen,ch:1:sloid:6302:2:2,2026-10-02,ch:1:sjyid:100001:3281-001,rail,InterRegio,IR13,IR13,3281,Zürich HB,Sargans,2,,2026-10-02 18:25:00+00:00,2026-10-02 18:25:18+00:00,,True,0.3,2026-10-02 20:00:45.336000+02:00,2026-10-02 20:25:00+02:00,2026-10-02 20:25:18+02:00,2026-10-02,20,Friday,False,24.2444
20261002_180042,2026-10-02 18:00:45.336000+00:00,St. Gallen,rail,ch:1:sloid:6302,St. Gallen,ch:1:sloid:6302:500:12,2026-10-02,ch:1:sjyid:100007:plan:2196,rail,S-Bahn,S21,S21,2196,Appenzell,Trogen,12,,2026-10-02 18:26:00+00:00,2026-10-02 18:26:00+00:00,,True,0.0,2026-10-02 20:00:45.336000+02:00,2026-10-02 20:26:00+02:00,2026-10-02 20:26:00+02:00,2026-10-02,20,Friday,False,25.2444
20261002_180042,2026-10-02 18:00:45.336000+00:00,St. Gallen,rail,ch:1:sloid:6302,St. Gallen,ch:1:sloid:6302:500:11,2026-10-02,ch:1:sjyid:100007:plan:2199,rail,S-Bahn,S21,S21,2199,Trogen,Appenzell,11,,2026-10-02 18:26:00+00:00,2026-10-02 18:26:00+00:00,,True,0.0,2026-10-02 20:00:45.336000+02:00,2026-10-02 20:26:00+02:00,2026-10-02 20:26:00+02:00,2026-10-02,20,Friday,False,25.2444
20261002_180042,2026-10-02 18:00:45.336000+00:00,St. Gallen,rail,ch:1:sloid:6302,St. Gallen,ch:1:sloid:6302:1:1,2026-10-02,ch:1:sjyid:100001:13472-001,rail,Transalpin,EC,EC,13472,Feldkirch,Zürich HB,1,,2026-10-02 18:27:00+00:00,2026-10-02 18:27:00+00:00,,True,0.0,2026-10-02 20:00:45.336000+02:00,2026-10-02 20:27:00+02:00,2026-10-02 20:27:00+02:00,2026-10-02,20,Friday,False,26.2444
20261002_180042,2026-10-02 18:00:45.336000+00:00,St. Gallen,rail,ch:1:sloid:6302,St. Gallen,ch:1:sloid:6302:3:5,2026-10-02,ch:1:sjyid:100061:11476-001,rail,S-Bahn,S4,S4,11476,Sargans,Rapperswil SG,5,,2026-10-02 18:27:00+00:00,2026-10-02 18:27:12+00:00,,True,0.2,2026-10-02 20:00:45.336000+02:00,2026-10-02 20:27:00+02:00,2026-10-02 20:27:12+02:00,2026-10-02,20,Friday,False,26.2444
20261002_180042,2026-10-02 18:00:45.336000+00:00,St. Gallen,rail,ch:1:sloid:6302,St. Gallen,ch:1:sloid:6302:2:3,2026-10-02,ch:1:sjyid:100001:199-001,rail,EuroCity,EC,EC,199,Zürich HB,München Hbf,3,,2026-10-02 18:32:00+00:00,2026-10-02 18:32:00+00:00,,True,0.0,2026-10-02 20:00:45.336000+02:00,2026-10-02 20:32:00+02:00,2026-10-02 20:32:00+02:00,2026-10-02,20,Friday,False,31.2444
20261002_180042,2026-10-02 18:00:45.336000+00:00,St. Gallen,rail,ch:1:sloid:6302,St. Gallen,ch:1:sloid:6302:1:1,2026-10-02,ch:1:sjyid:100001:3284-001,rail,InterRegio,IR13,IR13,3284,Sargans,Zürich HB,1,,2026-10-02 18:37:00+00:00,2026-10-02 18:37:30+00:00,,True,0.5,2026-10-02 20:00:45.336000+02:00,2026-10-02 20:37:00+02:00,2026-10-02 20:37:30+02:00,2026-10-02,20,Friday,False,36.244400000000006
20261002_180042,2026-10-02 18:00:45.336000+00:00,St. Gallen,rail,ch:1:sloid:6302,St. Gallen,ch:1:sloid:6302:3:5,2026-10-02,ch:1:sjyid:100061:11475-001,rail,S-Bahn,S4,S4,11475,Rapperswil SG,Sargans,5,,2026-10-02 18:38:00+00:00,2026-10-02 18:39:06+00:00,,True,1.1,2026-10-02 20:00:45.336000+02:00,2026-10-02 20:38:00+02:00,2026-10-02 20:39:06+02:00,2026-10-02,20,Friday,False,37.244400000000006
20261002_180042,2026-10-02 18:00:45.336000+00:00,St. Gallen,rail,ch:1:sloid:6302,St. Gallen,ch:1:sloid:6302:4:7,2026-10-02,ch:1:sjyid:100046:11576-002,rail,S-Bahn,S5,S5,11576,St. Gallen,Weinfelden,7,,2026-10-02 18:40:00+00:00,2026-10-02 18:40:12+00:00,,True,0.2,2026-10-02 20:00:45.336000+02:00,2026-10-02 20:40:00+02:00,2026-10-02 20:40:12+02:00,2026-10-02,20,Friday,False,39.244400000000006
20261002_180042,2026-10-02 18:00:45.336000+00:00,St. Gallen,rail,ch:1:sloid:6302,St. Gallen,ch:1:sloid:6302:3:5,2026-10-02,ch:1:sjyid:100046:5240-001,rail,RegioExpress,RE1,RE1,5240,Konstanz,Herisau,5,,2026-10-02 18:44:00+00:00,2026-10-02 18:45:12+00:00,,True,1.2,2026-10-02 20:00:45.336000+02:00,2026-10-02 20:44:00+02:00,2026-10-02 20:45:12+02:00,2026-10-02,20,Friday,False,43.244400000000006
20261002_180042,2026-10-02 18:00:45.336000+00:00,St. Gallen,rail,ch:1:sloid:6302,St. Gallen,ch:1:sloid:6302:1:1,2026-10-02,ch:1:sjyid:100046:11176-001,rail,S-Bahn,S1,S1,11176,Schaffhausen,Wil SG,1,,2026-10-02 18:47:00+00:00,2026-10-02 18:47:12+00:00,,True,0.2,2026-10-02 20:00:45.336000+02:00,2026-10-02 20:47:00+02:00,2026-10-02 20:47:12+02:00,2026-10-02,20,Friday,False,46.244400000000006
20261002_180042,2026-10-02 18:00:45.336000+00:00,St. Gallen,rail,ch:1:sloid:6302,St. Gallen,ch:1:sloid:6302:2:2,2026-10-02,ch:1:sjyid:100046:11177-001,rail,S-Bahn,S1,S1,11177,Wil SG,Schaffhausen,2,,2026-10-02 18:49:00+00:00,2026-10-02 18:50:36+00:00,,True,1.6,2026-10-02 20:00:45.336000+02:00,2026-10-02 20:49:00+02:00,2026-10-02 20:50:36+02:00,2026-10-02,20,Friday,False,48.244400000000006
20261002_180042,2026-10-02 18:00:45.336000+00:00,St. Gallen,rail,ch:1:sloid:6302,St. Gallen,ch:1:sloid:6302:3:4,2026-10-02,ch:1:sjyid:100061:2231-001,rail,Alpenrhein-Express,IR13,IR13,2231,St. Gallen,Chur,4,,2026-10-02 18:55:00+00:00,2026-10-02 18:55:12+00:00,,True,0.2,2026-10-02 20:00:45.336000+02:00,2026-10-02 20:55:00+02:00,2026-10-02 20:55:12+02:00,2026-10-02,20,Friday,False,54.244400000000006
20261002_180042,2026-10-02 18:00:45.336000+00:00,St. Gallen,rail,ch:1:sloid:6302,St. Gallen,ch:1:sloid:6302:500:12,2026-10-02,ch:1:sjyid:100007:plan:2202,rail,S-Bahn,S21,S21,2202,Appenzell,Trogen,12,,2026-10-02 18:56:00+00:00,2026-10-02 18:56:00+00:00,,True,0.0,2026-10-02 20:00:45.336000+02:00,2026-10-02 20:56:00+02:00,2026-10-02 20:56:00+02:00,2026-10-02,20,Friday,False,55.244400000000006
20261002_180042,2026-10-02 18:00:45.336000+00:00,St. Gallen,rail,ch:1:sloid:6302,St. Gallen,ch:1:sloid:6302:500:11,2026-10-02,ch:1:sjyid:100007:plan:2205,rail,S-Bahn,S21,S21,2205,Trogen,Appenzell,11,,2026-10-02 18:56:00+00:00,2026-10-02 18:56:00+00:00,,True,0.0,2026-10-02 20:00:45.336000+02:00,2026-10-02 20:56:00+02:00,2026-10-02 20:56:00+02:00,2026-10-02,20,Friday,False,55.244400000000006
20261002_180042,2026-10-02 18:00:45.336000+00:00,St. Gallen,rail,ch:1:sloid:6302,St. Gallen,ch:1:sloid:6302:4:6,2026-10-02,ch:1:sjyid:100046:11577-001,rail,S-Bahn,S5,S5,11577,Weinfelden,St. Margrethen SG,6,,2026-10-02 18:57:00+00:00,2026-10-02 18:57:30+00:00,,True,0.5,2026-10-02 20:00:45.336000+02:00,2026-10-02 20:57:00+02:00,2026-10-02 20:57:30+02:00,2026-10-02,20,Friday,False,56.244400000000006
20261002_180042,2026-10-02 18:00:45.336000+00:00,St. Gallen,rail,ch:1:sloid:6302,St. Gallen,ch:1:sloid:6302:3:5,2026-10-02,ch:1:sjyid:100046:11278-001,rail,S-Bahn,S2,S2,11278,Altstätten SG,Nesslau-Neu St. Johann,5,,2026-10-02 18:57:00+00:00,2026-10-02 18:57:12+00:00,,True,0.2,2026-10-02 20:00:45.336000+02:00,2026-10-02 20:57:00+02:00,2026-10-02 20:57:12+02:00,2026-10-02,20,Friday,False,56.244400000000006
20261002_180042,2026-10-02 18:00:45.336000+00:00,St. Gallen,rail,ch:1:sloid:6302,St. Gallen,ch:1:sloid:6302:2:3,2026-10-02,ch:1:sjyid:100061:2038-002,rail,Voralpen-Express,VAE,VAE,2038,St. Gallen,Arth-Goldau,3,,2026-10-02 19:05:00+00:00,2026-10-02 19:05:12+00:00,,True,0.2,2026-10-02 20:00:45.336000+02:00,2026-10-02 21:05:00+02:00,2026-10-02 21:05:12+02:00,2026-10-02,21,Friday,False,64.2444
20261002_180042,2026-10-02 18:00:45.336000+00:00,St. Gallen,rail,ch:1:sloid:6302,St. Gallen,ch:1:sloid:6302:1:1,2026-10-02,ch:1:sjyid:100001:10738-013,rail,InterCity,IC1,IC1,10738,St. Gallen,Zürich HB,1,,2026-10-02 19:06:18+00:00,2026-10-02 19:06:18+00:00,,True,0.0,2026-10-02 20:00:45.336000+02:00,2026-10-02 21:06:18+02:00,2026-10-02 21:06:18+02:00,2026-10-02,21,Friday,False,65.54440000000001
20261002_180042,2026-10-02 18:00:45.336000+00:00,St. Gallen,rail,ch:1:sloid:6302,St. Gallen,ch:1:sloid:6302:1:1,2026-10-02,ch:1:sjyid:100001:10738-013,rail,InterCity,IC1,IC1,10738,St. Gallen,Zürich HB,1,,2026-10-02 19:07:00+00:00,2026-10-02 19:07:42+00:00,,True,0.7,2026-10-02 20:00:45.336000+02:00,2026-10-02 21:07:00+02:00,2026-10-02 21:07:42+02:00,2026-10-02,21,Friday,False,66.2444
20261002_180042,2026-10-02 18:00:45.812000+00:00,Lausanne,rail,ch:1:sloid:1120,Lausanne,ch:1:sloid:1120:0:638488,2026-10-02,ch:1:sjyid:100001:18434-001,rail,RegioExpress,RE33,RE33,18434,St-Maurice,Annemasse,8,,2026-10-02 18:00:00+00:00,,,False,,2026-10-02 20:00:45.812000+02:00,2026-10-02 20:00:00+02:00,,2026-10-02,20,Friday,False,-0.7635333333333333
20261002_180042,2026-10-02 18:00:45.812000+00:00,Lausanne,rail,ch:1:sloid:1120,Lausanne,ch:1:sloid:1120:0:860143,2026-10-02,ch:1:sjyid:100001:18431-001,rail,RegioExpress,RE33,RE33,18431,Annemasse,St-Maurice,4,,2026-10-02 18:01:00+00:00,2026-10-02 18:01:54+00:00,,True,0.9,2026-10-02 20:00:45.812000+02:00,2026-10-02 20:01:00+02:00,2026-10-02 20:01:54+02:00,2026-10-02,20,Friday,False,0.23646666666666669
20261002_180042,2026-10-02 18:00:45.812000+00:00,Lausanne,rail,ch:1:sloid:1120,Lausanne,ch:1:sloid:1120:0:840061,2026-10-02,ch:1:sjyid:100001:24968-001,rail,Regio,R9,R9,24968,Murten/Morat,Allaman,7,,2026-10-02 18:04:00+00:00,2026-10-02 18:04:12+00:00,,True,0.2,2026-10-02 20:00:45.812000+02:00,2026-10-02 20:04:00+02:00,2026-10-02 20:04:12+02:00,2026-10-02,20,Friday,False,3.2364666666666664
20261002_180042,2026-10-02 18:00:45.812000+00:00,Lausanne,rail,ch:1:sloid:1120,Lausanne,ch:1:sloid:1120:0:276884,2026-10-02,ch:1:sjyid:100001:1637-001,rail,InterCity,IC51,IC51,1637,Lausanne,Basel SBB,3,,2026-10-02 18:04:00+00:00,2026-10-02 18:04:30+00:00,,True,0.5,2026-10-02 20:00:45.812000+02:00,2026-10-02 20:04:00+02:00,2026-10-02 20:04:30+02:00,2026-10-02,20,Friday,False,3.2364666666666664
20261002_180042,2026-10-02 18:00:45.812000+00:00,Lausanne,rail,ch:1:sloid:1120,Lausanne,ch:1:sloid:1120:0:37997,2026-10-02,ch:1:sjyid:100001:24379-001,rail,Regio,R3,R3,24379,Vallorbe,Vevey,6,,2026-10-02 18:04:00+00:00,2026-10-02 18:04:18+00:00,,True,0.3,2026-10-02 20:00:45.812000+02:00,2026-10-02 20:04:00+02:00,2026-10-02 20:04:18+02:00,2026-10-02,20,Friday,False,3.2364666666666664
20261002_180042,2026-10-02 18:00:45.812000+00:00,Lausanne,rail,ch:1:sloid:1120,Lausanne,ch:1:sloid:1120:0:42631,2026-10-02,ch:1:sjyid:100001:24168-001,rail,Regio,R1,R1,24168,Bex,Grandson,5,,2026-10-02 18:08:00+00:00,2026-10-02 18:08:12+00:00,,True,0.2,2026-10-02 20:00:45.812000+02:00,2026-10-02 20:08:00+02:00,2026-10-02 20:08:12+02:00,2026-10-02,20,Friday,False,7.236466666666667
20261002_180042,2026-10-02 18:00:45.812000+00:00,Lausanne,rail,ch:1:sloid:1120,Lausanne,ch:1:sloid:1120:0:276884,2026-10-02,ch:1:sjyid:100001:1735-001,rail,InterRegio,IR95,IR95,1735,Genève-Aéroport,Brig,3,,2026-10-02 18:14:00+00:00,2026-10-02 18:14:30+00:00,,True,0.5,2026-10-02 20:00:45.812000+02:00,2026-10-02 20:14:00+02:00,2026-10-02 20:14:30+02:00,2026-10-02,20,Friday,False,13.236466666666667
20261002_180042,2026-10-02 18:00:45.812000+00:00,Lausanne,rail,ch:1:sloid:1120,Lausanne,ch:1:sloid:1120:0:638488,2026-10-02,ch:1:sjyid:100001:1832-001,rail,InterRegio,IR90,IR90,1832,Brig,Genève-Aéroport,8,,2026-10-02 18:16:00+00:00,2026-10-02 18:16:30+00:00,,True,0.5,2026-10-02 20:00:45.812000+02:00,2026-10-02 20:16:00+02:00,2026-10-02 20:16:30+02:00,2026-10-02,20,Friday,False,15.236466666666667
20261002_180042,2026-10-02 18:00:45.812000+00:00,Lausanne,rail,ch:1:sloid:1120,Lausanne,ch:1:sloid:1120:0:668579,2026-10-02,ch:1:sjyid:100001:735-001,rail,InterCity,IC1,IC1,735,Genève-Aéroport,Zürich HB,1,,2026-10-02 18:17:00+00:00,2026-10-02 18:17:30+00:00,,True,0.5,2026-10-02 20:00:45.812000+02:00,2026-10-02 20:17:00+02:00,2026-10-02 20:17:30+02:00,2026-10-02,20,Friday,False,16.236466666666665
20261002_180042,2026-10-02 18:00:45.812000+00:00,Lausanne,rail,ch:1:sloid:1120,Lausanne,ch:1:sloid:1120:0:20298,2026-10-02,ch:1:sjyid:100001:24681-001,rail,S-Bahn,S40,S40,24681,Lausanne,Fribourg/Freiburg,70,,2026-10-02 18:21:00+00:00,2026-10-02 18:21:12+00:00,,True,0.2,2026-10-02 20:00:45.812000+02:00,2026-10-02 20:21:00+02:00,2026-10-02 20:21:12+02:00,2026-10-02,20,Friday,False,20.23646666666667
20261002_180042,2026-10-02 18:00:45.812000+00:00,Lausanne,rail,ch:1:sloid:1120,Lausanne,ch:1:sloid:1120:0:42631,2026-10-02,ch:1:sjyid:100001:2532-001,rail,InterRegio,IR15,IR15,2532,Luzern,Genève-Aéroport,5,,2026-10-02 18:23:00+00:00,2026-10-02 18:23:30+00:00,,True,0.5,2026-10-02 20:00:45.812000+02:00,2026-10-02 20:23:00+02:00,2026-10-02 20:23:30+02:00,2026-10-02,20,Friday,False,22.23646666666667
20261002_180042,2026-10-02 18:00:45.812000+00:00,Lausanne,rail,ch:1:sloid:1120,Lausanne,ch:1:sloid:1120:0:276884,2026-10-02,ch:1:sjyid:100001:24281-001,rail,Regio,R2,R2,24281,Grandson,Bex,3,,2026-10-02 18:24:00+00:00,2026-10-02 18:24:12+00:00,,True,0.2,2026-10-02 20:00:45.812000+02:00,2026-10-02 20:24:00+02:00,2026-10-02 20:24:12+02:00,2026-10-02,20,Friday,False,23.23646666666667
20261002_180042,2026-10-02 18:00:45.812000+00:00,Lausanne,rail,ch:1:sloid:1120,Lausanne,ch:1:sloid:1120:0:638488,2026-10-02,ch:1:sjyid:100001:24472-001,rail,Regio,R4,R4,24472,Vevey,Vallorbe/Le Brassus,8,,2026-10-02 18:27:00+00:00,2026-10-02 18:27:12+00:00,,True,0.2,2026-10-02 20:00:45.812000+02:00,2026-10-02 20:27:00+02:00,2026-10-02 20:27:12+02:00,2026-10-02,20,Friday,False,26.23646666666667
20261002_180042,2026-10-02 18:00:45.812000+00:00,Lausanne,rail,ch:1:sloid:1120,Lausanne,ch:1:sloid:1120:0:668579,2026-10-02,ch:1:sjyid:100001:24881-001,rail,Regio,R8,R8,24881,Allaman,Payerne,1,,2026-10-02 18:28:00+00:00,2026-10-02 18:28:12+00:00,,True,0.2,2026-10-02 20:00:45.812000+02:00,2026-10-02 20:28:00+02:00,2026-10-02 20:28:12+02:00,2026-10-02,20,Friday,False,27.23646666666667
20261002_180042,2026-10-02 18:00:45.812000+00:00,Lausanne,rail,ch:1:sloid:1120,Lausanne,ch:1:sloid:1120:0:840061,2026-10-02,ch:1:sjyid:100001:18480-001,rail,RegioExpress,RE33,RE33,18480,Martigny,Genève-Aéroport,7,,2026-10-02 18:30:00+00:00,2026-10-02 18:30:12+00:00,,True,0.2,2026-10-02 20:00:45.812000+02:00,2026-10-02 20:30:00+02:00,2026-10-02 20:30:12+02:00,2026-10-02,20,Friday,False,29.23646666666667
20261002_180042,2026-10-02 18:00:45.812000+00:00,Lausanne,rail,ch:1:sloid:1120,Lausanne,ch:1:sloid:1120:0:37997,2026-10-02,ch:1:sjyid:100001:18485-001,rail,RegioExpress,RE33,RE33,18485,Annemasse,Martigny,6,,2026-10-02 18:31:00+00:00,2026-10-02 18:31:54+00:00,,True,0.9,2026-10-02 20:00:45.812000+02:00,2026-10-02 20:31:00+02:00,2026-10-02 20:31:54+02:00,2026-10-02,20,Friday,False,30.23646666666667
20261002_180042,2026-10-02 18:00:45.812000+00:00,Lausanne,rail,ch:1:sloid:1120,Lausanne,ch:1:sloid:1120:0:860143,2026-10-02,ch:1:sjyid:100001:539-001,rail,InterCity,IC5,IC5,539,Lausanne,Zürich HB,4,,2026-10-02 18:34:00+00:00,2026-10-02 18:34:00+00:00,,True,0.0,2026-10-02 20:00:45.812000+02:00,2026-10-02 20:34:00+02:00,2026-10-02 20:34:00+02:00,2026-10-02,20,Friday,False,33.236466666666665
20261002_180042,2026-10-02 18:00:45.812000+00:00,Lausanne,rail,ch:1:sloid:1120,Lausanne,ch:1:sloid:1120:0:42631,2026-10-02,ch:1:sjyid:100001:24872-001,rail,Regio,R8,R8,24872,Payerne,Allaman,5,,2026-10-02 18:34:00+00:00,2026-10-02 18:34:12+00:00,,True,0.2,2026-10-02 20:00:45.812000+02:00,2026-10-02 20:34:00+02:00,2026-10-02 20:34:12+02:00,2026-10-02,20,Friday,False,33.236466666666665
20261002_180042,2026-10-02 18:00:45.812000+00:00,Lausanne,rail,ch:1:sloid:1120,Lausanne,ch:1:sloid:1120:0:276884,2026-10-02,ch:1:sjyid:100001:24481-001,rail,Regio,R4,R4,24481,Le Day,Vevey,3,,2026-10-02 18:34:00+00:00,2026-10-02 18:34:12+00:00,,True,0.2,2026-10-02 20:00:45.812000+02:00,2026-10-02 20:34:00+02:00,2026-10-02 20:34:12+02:00,2026-10-02,20,Friday,False,33.236466666666665
20261002_180042,2026-10-02 18:00:45.812000+00:00,Lausanne,rail,ch:1:sloid:1120,Lausanne,ch:1:sloid:1120:0:638488,2026-10-02,ch:1:sjyid:100001:24272-001,rail,Regio,R2,R2,24272,Bex,Grandson,8,,2026-10-02 18:38:00+00:00,2026-10-02 18:38:12+00:00,,True,0.2,2026-10-02 20:00:45.812000+02:00,2026-10-02 20:38:00+02:00,2026-10-02 20:38:12+02:00,2026-10-02,20,Friday,False,37.236466666666665
20261002_180042,2026-10-02 18:00:45.812000+00:00,Lausanne,rail,ch:1:sloid:1120,Lausanne,ch:1:sloid:1120:0:668579,2026-10-02,ch:1:sjyid:100001:2537-001,rail,InterRegio,IR15,IR15,2537,Genève-Aéroport,Luzern,1,,2026-10-02 18:40:00+00:00,2026-10-02 18:40:30+00:00,,True,0.5,2026-10-02 20:00:45.812000+02:00,2026-10-02 20:40:00+02:00,2026-10-02 20:40:30+02:00,2026-10-02,20,Friday,False,39.236466666666665
20261002_180042,2026-10-02 18:00:45.812000+00:00,Lausanne,rail,ch:1:sloid:1120,Lausanne,ch:1:sloid:1120:0:840061,2026-10-02,ch:1:sjyid:100001:1732-001,rail,InterRegio,IR95,IR95,1732,Brig,Genève-Aéroport,7,,2026-10-02 18:45:00+00:00,2026-10-02 18:45:30+00:00,,True,0.5,2026-10-02 20:00:45.812000+02:00,2026-10-02 20:45:00+02:00,2026-10-02 20:45:30+02:00,2026-10-02,20,Friday,False,44.236466666666665
20261002_180042,2026-10-02 18:00:45.812000+00:00,Lausanne,rail,ch:1:sloid:1120,Lausanne,ch:1:sloid:1120:0:860143,2026-10-02,ch:1:sjyid:100001:730-001,rail,InterCity,IC1,IC1,730,St. Gallen,Genève-Aéroport,4,,2026-10-02 18:46:00+00:00,2026-10-02 18:46:30+00:00,,True,0.5,2026-10-02 20:00:45.812000+02:00,2026-10-02 20:46:00+02:00,2026-10-02 20:46:30+02:00,2026-10-02,20,Friday,False,45.236466666666665
20261002_180042,2026-10-02 18:00:45.812000+00:00,Lausanne,rail,ch:1:sloid:1120,Lausanne,ch:1:sloid:1120:0:276884,2026-10-02,ch:1:sjyid:100001:1835-001,rail,InterRegio,IR90,IR90,1835,Genève-Aéroport,Brig,3,,2026-10-02 18:48:00+00:00,2026-10-02 18:48:24+00:00,,True,0.4,2026-10-02 20:00:45.812000+02:00,2026-10-02 20:48:00+02:00,2026-10-02 20:48:24+02:00,2026-10-02,20,Friday,False,47.236466666666665
20261002_180042,2026-10-02 18:00:45.812000+00:00,Lausanne,rail,ch:1:sloid:1120,Lausanne,ch:1:sloid:1120:0:20298,2026-10-02,ch:1:sjyid:100001:24583-001,rail,S-Bahn,S41,S41,24583,Lausanne,Fribourg/Freiburg,70,,2026-10-02 18:49:00+00:00,2026-10-02 18:49:12+00:00,,True,0.2,2026-10-02 20:00:45.812000+02:00,2026-10-02 20:49:00+02:00,2026-10-02 20:49:12+02:00,2026-10-02,20,Friday,False,48.236466666666665
20261002_180042,2026-10-02 18:00:45.812000+00:00,Lausanne,rail,ch:1:sloid:1120,Lausanne,ch:1:sloid:1120:0:37997,2026-10-02,ch:1:sjyid:100001:24183-003,rail,Regio,R1,R1,24183,Grandson,Bex,6,,2026-10-02 18:55:00+00:00,2026-10-02 18:55:12+00:00,,True,0.2,2026-10-02 20:00:45.812000+02:00,2026-10-02 20:55:00+02:00,2026-10-02 20:55:12+02:00,2026-10-02,20,Friday,False,54.236466666666665
20261002_180042,2026-10-02 18:00:45.812000+00:00,Lausanne,rail,ch:1:sloid:1120,Lausanne,ch:1:sloid:1120:0:668579,2026-10-02,ch:1:sjyid:100001:24983-001,rail,Regio,R9,R9,24983,Allaman,Murten/Morat,1,,2026-10-02 18:57:00+00:00,2026-10-02 18:58:00+00:00,,True,1.0,2026-10-02 20:00:45.812000+02:00,2026-10-02 20:57:00+02:00,2026-10-02 20:58:00+02:00,2026-10-02,20,Friday,False,56.236466666666665
20261002_180042,2026-10-02 18:00:45.812000+00:00,Lausanne,rail,ch:1:sloid:1120,Lausanne,ch:1:sloid:1120:0:840061,2026-10-02,ch:1:sjyid:100001:24374-001,rail,Regio,R3,R3,24374,Vevey,Vallorbe,7,,2026-10-02 18:57:00+00:00,2026-10-02 18:57:12+00:00,,True,0.2,2026-10-02 20:00:45.812000+02:00,2026-10-02 20:57:00+02:00,2026-10-02 20:57:12+02:00,2026-10-02,20,Friday,False,56.236466666666665
20261002_180042,2026-10-02 18:00:45.812000+00:00,Lausanne,rail,ch:1:sloid:1120,Lausanne,ch:1:sloid:1120:0:638488,2026-10-02,ch:1:sjyid:100001:18436-002,rail,RegioExpress,RE33,RE33,18436,St-Maurice,Genève-Aéroport,8,,2026-10-02 19:00:00+00:00,2026-10-02 19:01:00+00:00,,True,1.0,2026-10-02 20:00:45.812000+02:00,2026-10-02 21:00:00+02:00,2026-10-02 21:01:00+02:00,2026-10-02,21,Friday,False,59.236466666666665
20261002_180042,2026-10-02 18:00:45.812000+00:00,Lausanne,rail,ch:1:sloid:1120,Lausanne,ch:1:sloid:1120:0:860143,2026-10-02,ch:1:sjyid:100001:18433-002,rail,RegioExpress,RE33,RE33,18433,Annemasse,St-Maurice,4,,2026-10-02 19:01:00+00:00,2026-10-02 19:01:54+00:00,,True,0.9,2026-10-02 20:00:45.812000+02:00,2026-10-02 21:01:00+02:00,2026-10-02 21:01:54+02:00,2026-10-02,21,Friday,False,60.236466666666665
20261002_180042,2026-10-02 18:00:46.291000+00:00,Genève,rail,ch:1:sloid:1008,Genève,ch:1:sloid:1008:1:1,2026-10-02,ch:1:sjyid:100001:23173-001,rail,Regio,RL4,RL4,23173,Annemasse,Coppet,1,,2026-10-02 18:00:00+00:00,2026-10-02 18:00:18+00:00,,True,0.3,2026-10-02 20:00:46.291000+02:00,2026-10-02 20:00:00+02:00,2026-10-02 20:00:18+02:00,2026-10-02,20,Friday,False,-0.7715166666666666
20261002_180042,2026-10-02 18:00:46.291000+00:00,Genève,rail,ch:1:sloid:1008,Genève,ch:1:sloid:1008:2:2,2026-10-02,ch:1:sjyid:100001:23174-001,rail,Regio,RL4,RL4,23174,Coppet,Annemasse,2,,2026-10-02 18:01:00+00:00,2026-10-02 18:01:42+00:00,,True,0.7,2026-10-02 20:00:46.291000+02:00,2026-10-02 20:01:00+02:00,2026-10-02 20:01:42+02:00,2026-10-02,20,Friday,False,0.22848333333333332
20261002_180042,2026-10-02 18:00:46.291000+00:00,Genève,rail,ch:1:sloid:1008,Genève,ch:1:sloid:1008:3:4,2026-10-02,ch:1:sjyid:100001:1835-001,rail,InterRegio,IR90,IR90,1835,Genève-Aéroport,Brig,5,4,2026-10-02 18:05:00+00:00,2026-10-02 18:05:30+00:00,,True,0.5,2026-10-02 20:00:46.291000+02:00,2026-10-02 20:05:00+02:00,2026-10-02 20:05:30+02:00,2026-10-02,20,Friday,False,4.228483333333333
20261002_180042,2026-10-02 18:00:46.291000+00:00,Genève,rail,ch:1:sloid:1008,Genève,ch:1:sloid:1008:3:4,2026-10-02,ch:1:sjyid:100001:18433-002,rail,RegioExpress,RE33,RE33,18433,Annemasse,St-Maurice,4,1,2026-10-02 18:08:00+00:00,2026-10-02 18:08:12+00:00,,True,0.2,2026-10-02 20:00:46.291000+02:00,2026-10-02 20:08:00+02:00,2026-10-02 20:08:12+02:00,2026-10-02,20,Friday,False,7.228483333333333
20261002_180042,2026-10-02 18:00:46.291000+00:00,Genève,rail,ch:1:sloid:1008,Genève,ch:1:sloid:1008:2:3,2026-10-02,ch:1:sjyid:100001:2530-001,rail,InterRegio,IR15,IR15,2530,Luzern,Genève-Aéroport,3,,2026-10-02 18:08:00+00:00,2026-10-02 18:08:30+00:00,,True,0.5,2026-10-02 20:00:46.291000+02:00,2026-10-02 20:08:00+02:00,2026-10-02 20:08:30+02:00,2026-10-02,20,Friday,False,7.228483333333333
20261002_180042,2026-10-02 18:00:46.291000+00:00,Genève,rail,ch:1:sloid:1008,Genève,ch:1:sloid:1008:1:1,2026-10-02,ch:1:sjyid:100001:23437-001,rail,Regio,RL2,RL2,23437,Annemasse,Coppet,1,,2026-10-02 18:15:00+00:00,2026-10-02 18:15:12+00:00,,True,0.2,2026-10-02 20:00:46.291000+02:00,2026-10-02 20:15:00+02:00,2026-10-02 20:15:12+02:00,2026-10-02,20,Friday,False,14.228483333333333
20261002_180042,2026-10-02 18:00:46.291000+00:00,Genève,rail,ch:1:sloid:1008,Genève,ch:1:sloid:1008:2:2,2026-10-02,ch:1:sjyid:100001:23274-001,rail,Regio,RL4,RL4,23274,Coppet,Annemasse,2,,2026-10-02 18:16:00+00:00,2026-10-02 18:16:42+00:00,,True,0.7,2026-10-02 20:00:46.291000+02:00,2026-10-02 20:16:00+02:00,2026-10-02 20:16:42+02:00,2026-10-02,20,Friday,False,15.228483333333333
20261002_180042,2026-10-02 18:00:46.291000+00:00,Genève,rail,ch:1:sloid:1008,Genève,ch:1:sloid:1008:4:7,2026-10-02,ch:1:sjyid:100001:96760-002,rail,Regio,RL6,RL6,96760,Genève,Bellegarde-sur-Valserine,6,,2026-10-02 18:18:00+00:00,2026-10-02 18:18:12+00:00,,True,0.2,2026-10-02 20:00:46.291000+02:00,2026-10-02 20:18:00+02:00,2026-10-02 20:18:12+02:00,2026-10-02,20,Friday,False,17.228483333333333
20261002_180042,2026-10-02 18:00:46.291000+00:00,Genève,rail,ch:1:sloid:1008,Genève,ch:1:sloid:1008:2:2,2026-10-02,ch:1:sjyid:100001:18478-001,rail,RegioExpress,RE33,RE33,18478,Martigny,Annemasse,2,,2026-10-02 18:23:00+00:00,,,False,,2026-10-02 20:00:46.291000+02:00,2026-10-02 20:23:00+02:00,,2026-10-02,20,Friday,False,22.228483333333333
20261002_180042,2026-10-02 18:00:46.291000+00:00,Genève,rail,ch:1:sloid:1008,Genève,ch:1:sloid:1008:3:4,2026-10-02,ch:1:sjyid:100001:1737-001,rail,InterRegio,IR95,IR95,1737,Genève-Aéroport,Brig,4,,2026-10-02 18:24:00+00:00,2026-10-02 18:24:42+00:00,,True,0.7,2026-10-02 20:00:46.291000+02:00,2026-10-02 20:24:00+02:00,2026-10-02 20:24:42+02:00,2026-10-02,20,Friday,False,23.228483333333333
20261002_180042,2026-10-02 18:00:46.291000+00:00,Genève,rail,ch:1:sloid:1008,Genève,ch:1:sloid:1008:4:8,2026-10-02,ch:1:sjyid:100001:9784-002,rail,Train à grande vit.,TGV,TGV,9784,Genève,Paris Gare de Lyon,7,,2026-10-02 18:26:00+00:00,2026-10-02 18:27:00+00:00,,True,1.0,2026-10-02 20:00:46.291000+02:00,2026-10-02 20:26:00+02:00,2026-10-02 20:27:00+02:00,2026-10-02,20,Friday,False,25.228483333333333
20261002_180042,2026-10-02 18:00:46.291000+00:00,Genève,rail,ch:1:sloid:1008,Genève,ch:1:sloid:1008:2:3,2026-10-02,ch:1:sjyid:100001:728-001,rail,InterCity,IC1,IC1,728,St. Gallen,Genève-Aéroport,3,,2026-10-02 18:28:00+00:00,2026-10-02 18:29:12+00:00,,True,1.2,2026-10-02 20:00:46.291000+02:00,2026-10-02 20:28:00+02:00,2026-10-02 20:29:12+02:00,2026-10-02,20,Friday,False,27.228483333333333
20261002_180042,2026-10-02 18:00:46.291000+00:00,Genève,rail,ch:1:sloid:1008,Genève,ch:1:sloid:1008:1:1,2026-10-02,ch:1:sjyid:100001:23369-001,rail,Regio,RL1,RL1,23369,Annemasse,Coppet,1,,2026-10-02 18:30:00+00:00,2026-10-02 18:32:30+00:00,,True,2.5,2026-10-02 20:00:46.291000+02:00,2026-10-02 20:30:00+02:00,2026-10-02 20:32:30+02:00,2026-10-02,20,Friday,False,29.228483333333333
20261002_180042,2026-10-02 18:00:46.291000+00:00,Genève,rail,ch:1:sloid:1008,Genève,ch:1:sloid:1008:2:2,2026-10-02,ch:1:sjyid:100001:23176-001,rail,Regio,RL4,RL4,23176,Coppet,Annemasse,2,,2026-10-02 18:31:00+00:00,2026-10-02 18:31:42+00:00,,True,0.7,2026-10-02 20:00:46.291000+02:00,2026-10-02 20:31:00+02:00,2026-10-02 20:31:42+02:00,2026-10-02,20,Friday,False,30.228483333333333
20261002_180042,2026-10-02 18:00:46.291000+00:00,Genève,rail,ch:1:sloid:1008,Genève,ch:1:sloid:1008:3:4,2026-10-02,ch:1:sjyid:100001:737-001,rail,InterCity,IC1,IC1,737,Genève-Aéroport,Zürich HB,4,,2026-10-02 18:35:00+00:00,2026-10-02 18:35:00+00:00,,True,0.0,2026-10-02 20:00:46.291000+02:00,2026-10-02 20:35:00+02:00,2026-10-02 20:35:00+02:00,2026-10-02,20,Friday,False,34.22848333333333
20261002_180042,2026-10-02 18:00:46.291000+00:00,Genève,rail,ch:1:sloid:1008,Genève,ch:1:sloid:1008:2:2,2026-10-02,ch:1:sjyid:100001:18487-001,rail,RegioExpress,RE33,RE33,18487,Annemasse,Martigny,2,,2026-10-02 18:38:00+00:00,2026-10-02 18:38:12+00:00,,True,0.2,2026-10-02 20:00:46.291000+02:00,2026-10-02 20:38:00+02:00,2026-10-02 20:38:12+02:00,2026-10-02,20,Friday,False,37.22848333333333
20261002_180042,2026-10-02 18:00:46.291000+00:00,Genève,rail,ch:1:sloid:1008,Genève,ch:1:sloid:1008:2:3,2026-10-02,ch:1:sjyid:100001:1730-001,rail,InterRegio,IR95,IR95,1730,Brig,Genève-Aéroport,3,,2026-10-02 18:38:00+00:00,2026-10-02 18:38:30+00:00,,True,0.5,2026-10-02 20:00:46.291000+02:00,2026-10-02 20:38:00+02:00,2026-10-02 20:38:30+02:00,2026-10-02,20,Friday,False,37.22848333333333
20261002_180042,2026-10-02 18:00:46.291000+00:00,Genève,rail,ch:1:sloid:1008,Genève,ch:1:sloid:1008:1:1,2026-10-02,ch:1:sjyid:100001:23275-001,rail,Regio,RL4,RL4,23275,Annemasse,Coppet,1,,2026-10-02 18:45:00+00:00,2026-10-02 18:45:12+00:00,,True,0.2,2026-10-02 20:00:46.291000+02:00,2026-10-02 20:45:00+02:00,2026-10-02 20:45:12+02:00,2026-10-02,20,Friday,False,44.22848333333333
20261002_180042,2026-10-02 18:00:46.291000+00:00,Genève,rail,ch:1:sloid:1008,Genève,ch:1:sloid:1008:2:2,2026-10-02,ch:1:sjyid:100001:23440-001,rail,Regio,RL2,RL2,23440,Coppet,Annecy,2,,2026-10-02 18:46:00+00:00,2026-10-02 18:46:42+00:00,,True,0.7,2026-10-02 20:00:46.291000+02:00,2026-10-02 20:46:00+02:00,2026-10-02 20:46:42+02:00,2026-10-02,20,Friday,False,45.22848333333333
20261002_180042,2026-10-02 18:00:46.291000+00:00,Genève,rail,ch:1:sloid:1008,Genève,ch:1:sloid:1008:3:5,2026-10-02,ch:1:sjyid:100001:23076-002,rail,Regio,RL5,RL5,23076,Genève,La Plaine,10,,2026-10-02 18:48:00+00:00,2026-10-02 18:48:12+00:00,,True,0.2,2026-10-02 20:00:46.291000+02:00,2026-10-02 20:48:00+02:00,2026-10-02 20:48:12+02:00,2026-10-02,20,Friday,False,47.22848333333333
20261002_180042,2026-10-02 18:00:46.291000+00:00,Genève,rail,ch:1:sloid:1008,Genève,ch:1:sloid:1008:2:2,2026-10-02,ch:1:sjyid:100001:18434-001,rail,RegioExpress,RE33,RE33,18434,St-Maurice,Annemasse,2,,2026-10-02 18:53:00+00:00,,,False,,2026-10-02 20:00:46.291000+02:00,2026-10-02 20:53:00+02:00,,2026-10-02,20,Friday,False,52.22848333333333
20261002_180042,2026-10-02 18:00:46.291000+00:00,Genève,rail,ch:1:sloid:1008,Genève,ch:1:sloid:1008:3:4,2026-10-02,ch:1:sjyid:100001:2539-001,rail,InterRegio,IR15,IR15,2539,Genève-Aéroport,Luzern,4,,2026-10-02 18:54:00+00:00,2026-10-02 18:54:30+00:00,,True,0.5,2026-10-02 20:00:46.291000+02:00,2026-10-02 20:54:00+02:00,2026-10-02 20:54:30+02:00,2026-10-02,20,Friday,False,53.22848333333333
20261002_180042,2026-10-02 18:00:46.291000+00:00,Genève,rail,ch:1:sloid:1008,Genève,ch:1:sloid:1008:2:3,2026-10-02,ch:1:sjyid:100001:1832-001,rail,InterRegio,IR90,IR90,1832,Brig,Genève-Aéroport,3,,2026-10-02 18:58:00+00:00,2026-10-02 18:58:30+00:00,,True,0.5,2026-10-02 20:00:46.291000+02:00,2026-10-02 20:58:00+02:00,2026-10-02 20:58:30+02:00,2026-10-02,20,Friday,False,57.22848333333333
20261002_180042,2026-10-02 18:00:46.291000+00:00,Genève,rail,ch:1:sloid:1008,Genève,ch:1:sloid:1008:1:1,2026-10-02,ch:1:sjyid:100001:23177-001,rail,Regio,RL4,RL4,23177,Annemasse,Coppet,1,,2026-10-02 19:00:00+00:00,2026-10-02 19:00:12+00:00,,True,0.2,2026-10-02 20:00:46.291000+02:00,2026-10-02 21:00:00+02:00,2026-10-02 21:00:12+02:00,2026-10-02,21,Friday,False,59.22848333333333
20261002_180042,2026-10-02 18:00:46.291000+00:00,Genève,rail,ch:1:sloid:1008,Genève,ch:1:sloid:1008:2:2,2026-10-02,ch:1:sjyid:100001:23178-001,rail,Regio,RL4,RL4,23178,Coppet,Annemasse,2,,2026-10-02 19:01:00+00:00,2026-10-02 19:01:42+00:00,,True,0.7,2026-10-02 20:00:46.291000+02:00,2026-10-02 21:01:00+02:00,2026-10-02 21:01:42+02:00,2026-10-02,21,Friday,False,60.22848333333333
20261002_180042,2026-10-02 18:00:46.291000+00:00,Genève,rail,ch:1:sloid:1008,Genève,ch:1:sloid:1008:3:6,2026-10-02,ch:1:sjyid:100001:1837-001,rail,InterRegio,IR90,IR90,1837,Genève-Aéroport,Brig,5,,2026-10-02 19:05:00+00:00,2026-10-02 19:05:30+00:00,,True,0.5,2026-10-02 20:00:46.291000+02:00,2026-10-02 21:05:00+02:00,2026-10-02 21:05:30+02:00,2026-10-02,21,Friday,False,64.22848333333333
20261002_180042,2026-10-02 18:00:46.291000+00:00,Genève,rail,ch:1:sloid:1008,Genève,ch:1:sloid:1008:3:4,2026-10-02,ch:1:sjyid:100001:18435-002,rail,RegioExpress,RE33,RE33,18435,Annemasse,St-Maurice,4,,2026-10-02 19:08:00+00:00,2026-10-02 19:08:12+00:00,,True,0.2,2026-10-02 20:00:46.291000+02:00,2026-10-02 21:08:00+02:00,2026-10-02 21:08:12+02:00,2026-10-02,21,Friday,False,67.22848333333333
20261002_180042,2026-10-02 18:00:46.291000+00:00,Genève,rail,ch:1:sloid:1008,Genève,ch:1:sloid:1008:2:3,2026-10-02,ch:1:sjyid:100001:2532-001,rail,InterRegio,IR15,IR15,2532,Luzern,Genève-Aéroport,3,,2026-10-02 19:08:00+00:00,2026-10-02 19:08:30+00:00,,True,0.5,2026-10-02 20:00:46.291000+02:00,2026-10-02 21:08:00+02:00,2026-10-02 21:08:30+02:00,2026-10-02,21,Friday,False,67.22848333333333
20261002_180042,2026-10-02 18:00:46.291000+00:00,Genève,rail,ch:1:sloid:1008,Genève,ch:1:sloid:1008:1:1,2026-10-02,ch:1:sjyid:100001:23439-001,rail,Regio,RL2,RL2,23439,Annemasse,Coppet,1,,2026-10-02 19:15:00+00:00,2026-10-02 19:15:12+00:00,,True,0.2,2026-10-02 20:00:46.291000+02:00,2026-10-02 21:15:00+02:00,2026-10-02 21:15:12+02:00,2026-10-02,21,Friday,False,74.22848333333333
20261002_180042,2026-10-02 18:00:46.291000+00:00,Genève,rail,ch:1:sloid:1008,Genève,ch:1:sloid:1008:2:2,2026-10-02,ch:1:sjyid:100001:23278-001,rail,Regio,RL4,RL4,23278,Coppet,Annemasse,2,,2026-10-02 19:16:00+00:00,2026-10-02 19:16:42+00:00,,True,0.7,2026-10-02 20:00:46.291000+02:00,2026-10-02 21:16:00+02:00,2026-10-02 21:16:42+02:00,2026-10-02,21,Friday,False,75.22848333333333
20261002_180042,2026-10-02 18:00:46.774000+00:00,Lugano,rail,ch:1:sloid:5300,Lugano,ch:1:sloid:5300:2:3,2026-10-02,ch:1:sjyid:100001:692-001,rail,InterCity,IC21,IC21,692,Lugano,Basel SBB,3,,2026-10-02 18:02:00+00:00,2026-10-02 18:02:30+00:00,,True,0.5,2026-10-02 20:00:46.774000+02:00,2026-10-02 20:02:00+02:00,2026-10-02 20:02:30+02:00,2026-10-02,20,Friday,False,1.2204333333333333
20261002_180042,2026-10-02 18:00:46.774000+00:00,Lugano,rail,ch:1:sloid:5300,Lugano,ch:1:sloid:5300:1:1,2026-10-02,ch:1:sjyid:100001:25535-001,rail,RegioExpress,RE80,RE80,25535,Locarno,Milano Centrale,1,,2026-10-02 18:02:00+00:00,,,False,,2026-10-02 20:00:46.774000+02:00,2026-10-02 20:02:00+02:00,,2026-10-02,20,Friday,False,1.2204333333333333
20261002_180042,2026-10-02 18:00:46.774000+00:00,Lugano,rail,ch:1:sloid:5300,Lugano,ch:1:sloid:5300:3:4,2026-10-02,ch:1:sjyid:100001:25530-001,rail,RegioExpress,RE80,RE80,25530,Milano Centrale,Locarno,4,,2026-10-02 18:05:00+00:00,2026-10-02 18:10:12+00:00,,True,5.2,2026-10-02 20:00:46.774000+02:00,2026-10-02 20:05:00+02:00,2026-10-02 20:10:12+02:00,2026-10-02,20,Friday,False,4.220433333333333
20261002_180042,2026-10-02 18:00:46.774000+00:00,Lugano,rail,ch:1:sloid:5300,Lugano,ch:1:sloid:5300:1:1,2026-10-02,ch:1:sjyid:100001:25785-001,rail,S-Bahn,S10,S10,25785,Biasca,Como S. Giovanni/Malpensa Aeroporto T2,1,,2026-10-02 18:06:00+00:00,2026-10-02 18:06:12+00:00,,True,0.2,2026-10-02 20:00:46.774000+02:00,2026-10-02 20:06:00+02:00,2026-10-02 20:06:12+02:00,2026-10-02,20,Friday,False,5.220433333333333
20261002_180042,2026-10-02 18:00:46.774000+00:00,Lugano,rail,ch:1:sloid:5300,Lugano,ch:1:sloid:5300:2:3,2026-10-02,ch:1:sjyid:100001:25936-001,rail,S-Bahn,S90,S90,25936,Mendrisio,Giubiasco,3,,2026-10-02 18:08:00+00:00,2026-10-02 18:08:12+00:00,,True,0.2,2026-10-02 20:00:46.774000+02:00,2026-10-02 20:08:00+02:00,2026-10-02 20:08:12+02:00,2026-10-02,20,Friday,False,7.220433333333333
20261002_180042,2026-10-02 18:00:46.774000+00:00,Lugano,rail,ch:1:sloid:5300,Lugano,ch:1:sloid:5300:3:4,2026-10-02,ch:1:sjyid:100001:25136-001,rail,S-Bahn,S10,S10,25136,Como Camerlata,Biasca,4,,2026-10-02 18:25:00+00:00,2026-10-02 18:25:24+00:00,,True,0.4,2026-10-02 20:00:46.774000+02:00,2026-10-02 20:25:00+02:00,2026-10-02 20:25:24+02:00,2026-10-02,20,Friday,False,24.220433333333336
20261002_180042,2026-10-02 18:00:46.774000+00:00,Lugano,rail,ch:1:sloid:5300,Lugano,ch:1:sloid:5300:2:2,2026-10-02,ch:1:sjyid:100001:25837-001,rail,RegioExpress,RE80,RE80,25837,Locarno,Chiasso,2,,2026-10-02 18:25:00+00:00,2026-10-02 18:25:12+00:00,,True,0.2,2026-10-02 20:00:46.774000+02:00,2026-10-02 20:25:00+02:00,2026-10-02 20:25:12+02:00,2026-10-02,20,Friday,False,24.220433333333336
20261002_180042,2026-10-02 18:00:46.774000+00:00,Lugano,rail,ch:1:sloid:5300,Lugano,ch:1:sloid:5300:2:3,2026-10-02,ch:1:sjyid:100001:126-002,rail,EuroCity,EC,EC,126,Como S. Giovanni,Zürich HB,3,,2026-10-02 18:30:00+00:00,2026-10-02 18:48:24+00:00,,True,18.4,2026-10-02 20:00:46.774000+02:00,2026-10-02 20:30:00+02:00,2026-10-02 20:48:24+02:00,2026-10-02,20,Friday,False,29.220433333333336
20261002_180042,2026-10-02 18:00:46.774000+00:00,Lugano,rail,ch:1:sloid:5300,Lugano,ch:1:sloid:5300:2:2,2026-10-02,ch:1:sjyid:100001:27-003,rail,EuroCity,EC,EC,27,Zürich HB,Milano Centrale,2,,2026-10-02 18:30:00+00:00,,,False,,2026-10-02 20:00:46.774000+02:00,2026-10-02 20:30:00+02:00,,2026-10-02,20,Friday,False,29.220433333333336
20261002_180042,2026-10-02 18:00:46.774000+00:00,Lugano,rail,ch:1:sloid:5300,Lugano,ch:1:sloid:5300:3:4,2026-10-02,ch:1:sjyid:100001:25832-001,rail,RegioExpress,RE80,RE80,25832,Chiasso,Locarno,4,,2026-10-02 18:35:00+00:00,2026-10-02 18:35:48+00:00,,True,0.8,2026-10-02 20:00:46.774000+02:00,2026-10-02 20:35:00+02:00,2026-10-02 20:35:48+02:00,2026-10-02,20,Friday,False,34.22043333333333
20261002_180042,2026-10-02 18:00:46.774000+00:00,Lugano,rail,ch:1:sloid:5300,Lugano,ch:1:sloid:5300:2:2,2026-10-02,ch:1:sjyid:100001:25137-001,rail,S-Bahn,S10,S10,25137,Biasca,Como Camerlata,2,,2026-10-02 18:36:00+00:00,,,False,,2026-10-02 20:00:46.774000+02:00,2026-10-02 20:36:00+02:00,,2026-10-02,20,Friday,False,35.22043333333333
20261002_180042,2026-10-02 18:00:46.774000+00:00,Lugano,rail,ch:1:sloid:5300,Lugano,ch:1:sloid:5300:1:1,2026-10-02,ch:1:sjyid:100001:25984-001,rail,S-Bahn,S90,S90,25984,Lugano,Giubiasco,1,,2026-10-02 18:38:00+00:00,2026-10-02 18:38:12+00:00,,True,0.2,2026-10-02 20:00:46.774000+02:00,2026-10-02 20:38:00+02:00,2026-10-02 20:38:12+02:00,2026-10-02,20,Friday,False,37.22043333333333
20261002_180042,2026-10-02 18:00:46.774000+00:00,Lugano,rail,ch:1:sloid:5300,Lugano,ch:1:sloid:5300:2:2,2026-10-02,ch:1:sjyid:100001:25937-001,rail,S-Bahn,S90,S90,25937,Giubiasco,Mendrisio,2,,2026-10-02 18:52:00+00:00,2026-10-02 18:52:12+00:00,,True,0.2,2026-10-02 20:00:46.774000+02:00,2026-10-02 20:52:00+02:00,2026-10-02 20:52:12+02:00,2026-10-02,20,Friday,False,51.22043333333333
20261002_180042,2026-10-02 18:00:46.774000+00:00,Lugano,rail,ch:1:sloid:5300,Lugano,ch:1:sloid:5300:3:4,2026-10-02,ch:1:sjyid:100001:25784-001,rail,S-Bahn,S10,S10,25784,Mendrisio,Biasca,4,,2026-10-02 18:55:00+00:00,2026-10-02 18:55:36+00:00,,True,0.6,2026-10-02 20:00:46.774000+02:00,2026-10-02 20:55:00+02:00,2026-10-02 20:55:36+02:00,2026-10-02,20,Friday,False,54.22043333333333
20261002_180042,2026-10-02 18:00:46.774000+00:00,Lugano,rail,ch:1:sloid:5300,Lugano,ch:1:sloid:5300:2:3,2026-10-02,ch:1:sjyid:100001:894-001,rail,InterCity,IC2,IC2,894,Lugano,Zürich HB,3,,2026-10-02 19:02:00+00:00,2026-10-02 19:02:30+00:00,,True,0.5,2026-10-02 20:00:46.774000+02:00,2026-10-02 21:02:00+02:00,2026-10-02 21:02:30+02:00,2026-10-02,21,Friday,False,61.22043333333333
20261002_180042,2026-10-02 18:00:46.774000+00:00,Lugano,rail,ch:1:sloid:5300,Lugano,ch:1:sloid:5300:1:1,2026-10-02,ch:1:sjyid:100001:25537-001,rail,RegioExpress,RE80,RE80,25537,Locarno,Milano Centrale,1,,2026-10-02 19:02:00+00:00,,,False,,2026-10-02 20:00:46.774000+02:00,2026-10-02 21:02:00+02:00,,2026-10-02,21,Friday,False,61.22043333333333
20261002_180042,2026-10-02 18:00:46.774000+00:00,Lugano,rail,ch:1:sloid:5300,Lugano,ch:1:sloid:5300:3:4,2026-10-02,ch:1:sjyid:100001:25532-001,rail,RegioExpress,RE80,RE80,25532,Milano Centrale,Locarno,4,,2026-10-02 19:05:00+00:00,2026-10-02 19:05:12+00:00,,True,0.2,2026-10-02 20:00:46.774000+02:00,2026-10-02 21:05:00+02:00,2026-10-02 21:05:12+02:00,2026-10-02,21,Friday,False,64.22043333333333
20261002_180042,2026-10-02 18:00:46.774000+00:00,Lugano,rail,ch:1:sloid:5300,Lugano,ch:1:sloid:5300:1:1,2026-10-02,ch:1:sjyid:100001:25787-001,rail,S-Bahn,S10,S10,25787,Biasca,Milano Porta Garibaldi/Busto Arsizio,1,,2026-10-02 19:06:00+00:00,2026-10-02 19:06:12+00:00,,True,0.2,2026-10-02 20:00:46.774000+02:00,2026-10-02 21:06:00+02:00,2026-10-02 21:06:12+02:00,2026-10-02,21,Friday,False,65.22043333333333
20261002_180042,2026-10-02 18:00:46.774000+00:00,Lugano,rail,ch:1:sloid:5300,Lugano,ch:1:sloid:5300:2:3,2026-10-02,ch:1:sjyid:100001:25938-001,rail,S-Bahn,S90,S90,25938,Mendrisio,Giubiasco,3,,2026-10-02 19:08:00+00:00,2026-10-02 19:08:12+00:00,,True,0.2,2026-10-02 20:00:46.774000+02:00,2026-10-02 21:08:00+02:00,2026-10-02 21:08:12+02:00,2026-10-02,21,Friday,False,67.22043333333333
20261002_180042,2026-10-02 18:00:46.774000+00:00,Lugano,rail,ch:1:sloid:5300,Lugano,ch:1:sloid:5300:2:2,2026-10-02,ch:1:sjyid:100001:25138-001,rail,S-Bahn,S10,S10,25138,Como Camerlata,Biasca,2,,2026-10-02 19:25:00+00:00,2026-10-02 19:25:24+00:00,,True,0.4,2026-10-02 20:00:46.774000+02:00,2026-10-02 21:25:00+02:00,2026-10-02 21:25:24+02:00,2026-10-02,21,Friday,False,84.22043333333333
20261002_180042,2026-10-02 18:00:46.774000+00:00,Lugano,rail,ch:1:sloid:5300,Lugano,ch:1:sloid:5300:2:3,2026-10-02,ch:1:sjyid:100001:28-003,rail,EuroCity,EC,EC,28,Como S. Giovanni,Zürich HB,3,,2026-10-02 19:30:00+00:00,2026-10-02 19:31:12+00:00,,True,1.2,2026-10-02 20:00:46.774000+02:00,2026-10-02 21:30:00+02:00,2026-10-02 21:31:12+02:00,2026-10-02,21,Friday,False,89.22043333333333
20261002_180042,2026-10-02 18:00:46.774000+00:00,Lugano,rail,ch:1:sloid:5300,Lugano,ch:1:sloid:5300:2:2,2026-10-02,ch:1:sjyid:100001:29-002,rail,EuroCity,EC,EC,29,Zürich HB,Milano Centrale,2,,2026-10-02 19:30:00+00:00,,,False,,2026-10-02 20:00:46.774000+02:00,2026-10-02 21:30:00+02:00,,2026-10-02,21,Friday,False,89.22043333333333
20261002_180042,2026-10-02 18:00:46.774000+00:00,Lugano,rail,ch:1:sloid:5300,Lugano,ch:1:sloid:5300:3:4,2026-10-02,ch:1:sjyid:100001:25834-001,rail,RegioExpress,RE80,RE80,25834,Lugano,Locarno,4,,2026-10-02 19:35:00+00:00,2026-10-02 19:35:30+00:00,,True,0.5,2026-10-02 20:00:46.774000+02:00,2026-10-02 21:35:00+02:00,2026-10-02 21:35:30+02:00,2026-10-02,21,Friday,False,94.22043333333333
20261002_180042,2026-10-02 18:00:46.774000+00:00,Lugano,rail,ch:1:sloid:5300,Lugano,ch:1:sloid:5300:2:2,2026-10-02,ch:1:sjyid:100001:25139-001,rail,S-Bahn,S10,S10,25139,Biasca,Como Camerlata,2,,2026-10-02 19:36:00+00:00,,,False,,2026-10-02 20:00:46.774000+02:00,2026-10-02 21:36:00+02:00,,2026-10-02,21,Friday,False,95.22043333333333
20261002_180042,2026-10-02 18:00:46.774000+00:00,Lugano,rail,ch:1:sloid:5300,Lugano,ch:1:sloid:5300:1:1,2026-10-02,ch:1:sjyid:100001:25986-001,rail,S-Bahn,S90,S90,25986,Lugano,Giubiasco,1,,2026-10-02 19:38:00+00:00,2026-10-02 19:38:12+00:00,,True,0.2,2026-10-02 20:00:46.774000+02:00,2026-10-02 21:38:00+02:00,2026-10-02 21:38:12+02:00,2026-10-02,21,Friday,False,97.22043333333333
20261002_180042,2026-10-02 18:00:46.774000+00:00,Lugano,rail,ch:1:sloid:5300,Lugano,ch:1:sloid:5300:3:4,2026-10-02,ch:1:sjyid:100001:25786-001,rail,S-Bahn,S10,S10,25786,Mendrisio,Biasca,4,,2026-10-02 19:55:00+00:00,2026-10-02 19:55:36+00:00,,True,0.6,2026-10-02 20:00:46.774000+02:00,2026-10-02 21:55:00+02:00,2026-10-02 21:55:36+02:00,2026-10-02,21,Friday,False,114.22043333333333
20261002_180042,2026-10-02 18:00:46.774000+00:00,Lugano,rail,ch:1:sloid:5300,Lugano,ch:1:sloid:5300:2:2,2026-10-02,ch:1:sjyid:100001:25539-002,rail,RegioExpress,RE80,RE80,25539,Locarno,Como S. Giovanni,2,,2026-10-02 19:55:00+00:00,,,False,,2026-10-02 20:00:46.774000+02:00,2026-10-02 21:55:00+02:00,,2026-10-02,21,Friday,False,114.22043333333333
20261002_180042,2026-10-02 18:00:46.774000+00:00,Lugano,rail,ch:1:sloid:5300,Lugano,ch:1:sloid:5300:2:2,2026-10-02,ch:1:sjyid:100001:687-001,rail,InterCity,IC21,IC21,687,Basel SBB,Chiasso,2,,2026-10-02 20:00:00+00:00,2026-10-02 20:00:36+00:00,,True,0.6,2026-10-02 20:00:46.774000+02:00,2026-10-02 22:00:00+02:00,2026-10-02 22:00:36+02:00,2026-10-02,22,Friday,False,119.22043333333333
20261002_180042,2026-10-02 18:00:46.774000+00:00,Lugano,rail,ch:1:sloid:5300,Lugano,ch:1:sloid:5300:2:3,2026-10-02,ch:1:sjyid:100001:696-001,rail,InterCity,IC21,IC21,696,Lugano,Basel SBB,3,,2026-10-02 20:02:00+00:00,,,False,,2026-10-02 20:00:46.774000+02:00,2026-10-02 22:02:00+02:00,,2026-10-02,22,Friday,False,121.22043333333333
20261002_180042,2026-10-02 18:00:46.774000+00:00,Lugano,rail,ch:1:sloid:5300,Lugano,ch:1:sloid:5300:3:4,2026-10-02,ch:1:sjyid:100001:25534-001,rail,RegioExpress,RE80,RE80,25534,Milano Centrale,Locarno,4,,2026-10-02 20:05:00+00:00,2026-10-02 20:05:12+00:00,,True,0.2,2026-10-02 20:00:46.774000+02:00,2026-10-02 22:05:00+02:00,2026-10-02 22:05:12+02:00,2026-10-02,22,Friday,False,124.22043333333333
20261002_180042,2026-10-02 18:00:47.216000+00:00,Zürich,local,ch:1:sloid:87348,"Zürich, Bahnhofplatz/HB",ch:1:sloid:87348::0,2026-10-02,ch:1:sjyid:100648:plan:93174041-e8d6-46d0-ab76-bfddfc43e977,tram,Tram,6,6,43433,"Zürich, Bahnhofplatz/HB",Zoo,,,2026-10-02 18:00:00+00:00,2026-10-02 18:00:30+00:00,,True,0.5,2026-10-02 20:00:47.216000+02:00,2026-10-02 20:00:00+02:00,2026-10-02 20:00:30+02:00,2026-10-02,20,Friday,False,-0.7869333333333334
20261002_180042,2026-10-02 18:00:47.216000+00:00,Zürich,local,ch:1:sloid:87348,"Zürich, Bahnhofplatz/HB",ch:1:sloid:87348::11,2026-10-02,ch:1:sjyid:100648:plan:706b8278-f8c4-4175-a41b-eb6c798298f3,bus,Bus,31,31,49886,"Zürich, Kienastenwies",Herdernstrasse,,,2026-10-02 18:00:30+00:00,,,False,,2026-10-02 20:00:47.216000+02:00,2026-10-02 20:00:30+02:00,,2026-10-02,20,Friday,False,-0.2869333333333334
20261002_180042,2026-10-02 18:00:47.216000+00:00,Zürich,local,ch:1:sloid:87348,"Zürich, Bahnhofplatz/HB",ch:1:sloid:87348::1,2026-10-02,ch:1:sjyid:100648:plan:68d34959-8018-428c-966b-d31613475273,tram,Tram,3,3,42931,"Zürich, Klusplatz",Albisrieden,,,2026-10-02 18:01:54+00:00,2026-10-02 18:02:12+00:00,,True,0.3,2026-10-02 20:00:47.216000+02:00,2026-10-02 20:01:54+02:00,2026-10-02 20:02:12+02:00,2026-10-02,20,Friday,False,1.1130666666666669
20261002_180042,2026-10-02 18:00:47.216000+00:00,Zürich,local,ch:1:sloid:87348,"Zürich, Bahnhofplatz/HB",ch:1:sloid:87348::0,2026-10-02,ch:1:sjyid:100648:plan:5811f353-0b47-4d24-a6ae-8bc1b2347e59,tram,Tram,3,3,42533,"Zürich, Albisrieden",Klusplatz,,,2026-10-02 18:02:24+00:00,2026-10-02 18:01:48+00:00,,True,-0.6,2026-10-02 20:00:47.216000+02:00,2026-10-02 20:02:24+02:00,2026-10-02 20:01:48+02:00,2026-10-02,20,Friday,False,1.6130666666666669
20261002_180042,2026-10-02 18:00:47.216000+00:00,Zürich,local,ch:1:sloid:87348,"Zürich, Bahnhofplatz/HB",ch:1:sloid:87348,2026-10-02,ch:1:sjyid:100648:plan:2b4fc6fa-a551-4697-83c1-e40783755511,bus,Bus,31,31,50142,"Zürich, Hermetschloo",Kienastenwies,,,2026-10-02 18:05:12+00:00,2026-10-02 18:04:30+00:00,,True,-0.7,2026-10-02 20:00:47.216000+02:00,2026-10-02 20:05:12+02:00,2026-10-02 20:04:30+02:00,2026-10-02,20,Friday,False,4.4130666666666665
20261002_180042,2026-10-02 18:00:47.216000+00:00,Zürich,local,ch:1:sloid:87348,"Zürich, Bahnhofplatz/HB",ch:1:sloid:87348::1,2026-10-02,ch:1:sjyid:100648:plan:3730ad1d-7278-4abc-bf22-c76bd101d4dd,tram,Tram,15,15,42887,"Zürich Tiefenbrunnen, Bahnhof",Bahnhof Wiedikon,,,2026-10-02 18:05:54+00:00,2026-10-02 18:06:42+00:00,,True,0.8,2026-10-02 20:00:47.216000+02:00,2026-10-02 20:05:54+02:00,2026-10-02 20:06:42+02:00,2026-10-02,20,Friday,False,5.113066666666667
20261002_180042,2026-10-02 18:00:47.216000+00:00,Zürich,local,ch:1:sloid:87348,"Zürich, Bahnhofplatz/HB",ch:1:sloid:87348::1,2026-10-02,ch:1:sjyid:100648:plan:d0d4b153-76fb-4b91-91a1-c82a6c4982e5,tram,Tram,14,14,43758,"Zürich, Bahnhofplatz/HB",Triemli,,,2026-10-02 18:06:30+00:00,2026-10-02 18:06:30+00:00,,True,0.0,2026-10-02 20:00:47.216000+02:00,2026-10-02 20:06:30+02:00,2026-10-02 20:06:30+02:00,2026-10-02,20,Friday,False,5.713066666666666
20261002_180042,2026-10-02 18:00:47.216000+00:00,Zürich,local,ch:1:sloid:87348,"Zürich, Bahnhofplatz/HB",ch:1:sloid:87348::11,2026-10-02,ch:1:sjyid:100648:plan:93d85c7c-0359-4193-bbb6-cb36b289cbdd,bus,Bus,31,31,50148,"Zürich, Kienastenwies",Hermetschloo,,,2026-10-02 18:06:00+00:00,2026-10-02 18:06:06+00:00,,True,0.1,2026-10-02 20:00:47.216000+02:00,2026-10-02 20:06:00+02:00,2026-10-02 20:06:06+02:00,2026-10-02,20,Friday,False,5.213066666666666
20261002_180042,2026-10-02 18:00:47.216000+00:00,Zürich,local,ch:1:sloid:87348,"Zürich, Bahnhofplatz/HB",ch:1:sloid:87348::0,2026-10-02,ch:1:sjyid:100648:plan:95eb9cf7-dd00-462a-9dbb-0908e9c53eb5,tram,Tram,6,6,43810,"Zürich, Bahnhofplatz/HB",Zoo,,,2026-10-02 18:07:24+00:00,2026-10-02 18:08:06+00:00,,True,0.7,2026-10-02 20:00:47.216000+02:00,2026-10-02 20:07:24+02:00,2026-10-02 20:08:06+02:00,2026-10-02,20,Friday,False,6.613066666666667
20261002_180042,2026-10-02 18:00:47.216000+00:00,Zürich,local,ch:1:sloid:87348,"Zürich, Bahnhofplatz/HB",ch:1:sloid:87348::0,2026-10-02,ch:1:sjyid:100648:plan:68e1c93f-5e71-4f30-b97e-6e2b2a426cd5,tram,Tram,3,3,42937,"Zürich, Albisrieden",Klusplatz,,,2026-10-02 18:09:54+00:00,2026-10-02 18:09:48+00:00,,True,-0.1,2026-10-02 20:00:47.216000+02:00,2026-10-02 20:09:54+02:00,2026-10-02 20:09:48+02:00,2026-10-02,20,Friday,False,9.113066666666667
20261002_180042,2026-10-02 18:00:47.216000+00:00,Zürich,local,ch:1:sloid:87348,"Zürich, Bahnhofplatz/HB",ch:1:sloid:87348::1,2026-10-02,ch:1:sjyid:100648:plan:7b81f669-81ef-469f-93d5-f50499d8f42b,tram,Tram,3,3,43324,"Zürich, Klusplatz",Albisrieden,,,2026-10-02 18:09:24+00:00,2026-10-02 18:09:12+00:00,,True,-0.2,2026-10-02 20:00:47.216000+02:00,2026-10-02 20:09:24+02:00,2026-10-02 20:09:12+02:00,2026-10-02,20,Friday,False,8.613066666666667
20261002_180042,2026-10-02 18:00:47.216000+00:00,Zürich,local,ch:1:sloid:87348,"Zürich, Bahnhofplatz/HB",ch:1:sloid:87348,2026-10-02,ch:1:sjyid:100648:plan:a9b70b12-085b-47c4-9224-814fb2860a8e,bus,Bus,31,31,50570,"Zürich, Hermetschloo",Kienastenwies,,,2026-10-02 18:12:42+00:00,2026-10-02 18:13:36+00:00,,True,0.9,2026-10-02 20:00:47.216000+02:00,2026-10-02 20:12:42+02:00,2026-10-02 20:13:36+02:00,2026-10-02,20,Friday,False,11.913066666666667
20261002_180042,2026-10-02 18:00:47.216000+00:00,Zürich,local,ch:1:sloid:87348,"Zürich, Bahnhofplatz/HB",ch:1:sloid:87348::1,2026-10-02,ch:1:sjyid:100648:plan:febd33a6-0075-49c0-ad02-d9dd429bb0b4,tram,Tram,3,3,43527,"Zürich, Klusplatz",Kalkbreite/Bhf. Wiedikon,,,2026-10-02 18:12:36+00:00,2026-10-02 18:12:36+00:00,,True,0.0,2026-10-02 20:00:47.216000+02:00,2026-10-02 20:12:36+02:00,2026-10-02 20:12:36+02:00,2026-10-02,20,Friday,False,11.813066666666666
20261002_180042,2026-10-02 18:00:47.216000+00:00,Zürich,local,ch:1:sloid:87348,"Zürich, Bahnhofplatz/HB",ch:1:sloid:87348::11,2026-10-02,ch:1:sjyid:100648:plan:c25c8e20-3eac-4be7-bbd6-81460b20e4d8,bus,Bus,31,31,50585,"Zürich, Kienastenwies",Hermetschloo,,,2026-10-02 18:13:30+00:00,2026-10-02 18:15:54+00:00,,True,2.4,2026-10-02 20:00:47.216000+02:00,2026-10-02 20:13:30+02:00,2026-10-02 20:15:54+02:00,2026-10-02,20,Friday,False,12.713066666666666
20261002_180042,2026-10-02 18:00:47.216000+00:00,Zürich,local,ch:1:sloid:87348,"Zürich, Bahnhofplatz/HB",ch:1:sloid:87348::0,2026-10-02,ch:1:sjyid:100648:plan:3015cf57-76e8-40fc-ab79-9207af3a1443,tram,Tram,6,6,44194,"Zürich, Bahnhofplatz/HB",Zoo,,,2026-10-02 18:14:54+00:00,,,False,,2026-10-02 20:00:47.216000+02:00,2026-10-02 20:14:54+02:00,,2026-10-02,20,Friday,False,14.113066666666667
20261002_180042,2026-10-02 18:00:47.216000+00:00,Zürich,local,ch:1:sloid:87348,"Zürich, Bahnhofplatz/HB",ch:1:sloid:87348::1,2026-10-02,ch:1:sjyid:100648:plan:db255d72-7053-435d-b116-ac85de365d67,tram,Tram,14,14,44157,"Zürich, Bahnhofplatz/HB",Triemli,,,2026-10-02 18:14:00+00:00,,,False,,2026-10-02 20:00:47.216000+02:00,2026-10-02 20:14:00+02:00,,2026-10-02,20,Friday,False,13.213066666666666
20261002_180042,2026-10-02 18:00:47.216000+00:00,Zürich,local,ch:1:sloid:87348,"Zürich, Bahnhofplatz/HB",ch:1:sloid:87348::11,2026-10-02,ch:1:sjyid:100648:plan:8500ce84-6e0c-4320-ac1f-145de9a755d3,bus,Bus,33,33,51116,"Zürich Tiefenbrunnen, Bahnhof",Herdernstrasse,,,2026-10-02 18:15:12+00:00,2026-10-02 18:15:42+00:00,,True,0.5,2026-10-02 20:00:47.216000+02:00,2026-10-02 20:15:12+02:00,2026-10-02 20:15:42+02:00,2026-10-02,20,Friday,False,14.413066666666667
20261002_180042,2026-10-02 18:00:47.216000+00:00,Zürich,local,ch:1:sloid:87348,"Zürich, Bahnhofplatz/HB",ch:1:sloid:87348::0,2026-10-02,ch:1:sjyid:100648:plan:c43652a9-3abf-4aa1-a1c7-65b873c27bf4,tram,Tram,3,3,43329,"Zürich, Albisrieden",Klusplatz,,,2026-10-02 18:17:24+00:00,2026-10-02 18:17:30+00:00,,True,0.1,2026-10-02 20:00:47.216000+02:00,2026-10-02 20:17:24+02:00,2026-10-02 20:17:30+02:00,2026-10-02,20,Friday,False,16.613066666666665
20261002_180042,2026-10-02 18:00:47.216000+00:00,Zürich,local,ch:1:sloid:87348,"Zürich, Bahnhofplatz/HB",ch:1:sloid:87348::1,2026-10-02,ch:1:sjyid:100648:plan:24a362ee-4917-444e-9bfa-b3c956ffeffa,tram,Tram,3,3,43847,"Zürich, Klusplatz",Albisrieden,,,2026-10-02 18:18:06+00:00,2026-10-02 18:18:06+00:00,,True,0.0,2026-10-02 20:00:47.216000+02:00,2026-10-02 20:18:06+02:00,2026-10-02 20:18:06+02:00,2026-10-02,20,Friday,False,17.313066666666668
20261002_180042,2026-10-02 18:00:47.216000+00:00,Zürich,local,ch:1:sloid:87348,"Zürich, Bahnhofplatz/HB",ch:1:sloid:87348,2026-10-02,ch:1:sjyid:100648:plan:45608dfe-7bd8-4955-bde0-a5a92aaf2bc4,bus,Bus,31,31,50968,"Zürich, Hermetschloo",Kienastenwies,,,2026-10-02 18:20:12+00:00,2026-10-02 18:20:12+00:00,,True,0.0,2026-10-02 20:00:47.216000+02:00,2026-10-02 20:20:12+02:00,2026-10-02 20:20:12+02:00,2026-10-02,20,Friday,False,19.41306666666667
20261002_180042,2026-10-02 18:00:47.216000+00:00,Zürich,local,ch:1:sloid:87348,"Zürich, Bahnhofplatz/HB",ch:1:sloid:87348::0,2026-10-02,ch:1:sjyid:100648:plan:3ac578da-0a0f-4101-8ea3-3154eb1bf415,tram,Tram,6,6,44554,"Zürich, Bahnhofplatz/HB",Zoo,,,2026-10-02 18:21:54+00:00,2026-10-02 18:21:54+00:00,,True,0.0,2026-10-02 20:00:47.216000+02:00,2026-10-02 20:21:54+02:00,2026-10-02 20:21:54+02:00,2026-10-02,20,Friday,False,21.11306666666667
20261002_180042,2026-10-02 18:00:47.216000+00:00,Zürich,local,ch:1:sloid:87348,"Zürich, Bahnhofplatz/HB",ch:1:sloid:87348::1,2026-10-02,ch:1:sjyid:100648:plan:4d26acac-0696-447c-a41c-97e37bba1a15,tram,Tram,14,14,44512,"Zürich, Bahnhofplatz/HB",Triemli,,,2026-10-02 18:21:24+00:00,2026-10-02 18:21:24+00:00,,True,0.0,2026-10-02 20:00:47.216000+02:00,2026-10-02 20:21:24+02:00,2026-10-02 20:21:24+02:00,2026-10-02,20,Friday,False,20.61306666666667
20261002_180042,2026-10-02 18:00:47.216000+00:00,Zürich,local,ch:1:sloid:87348,"Zürich, Bahnhofplatz/HB",ch:1:sloid:87348::11,2026-10-02,ch:1:sjyid:100648:plan:306323ce-9a45-4430-a32e-5272dd051d5b,bus,Bus,31,31,51009,"Zürich, Kienastenwies",Hermetschloo,,,2026-10-02 18:22:00+00:00,,,False,,2026-10-02 20:00:47.216000+02:00,2026-10-02 20:22:00+02:00,,2026-10-02,20,Friday,False,21.21306666666667
20261002_180042,2026-10-02 18:00:47.216000+00:00,Zürich,local,ch:1:sloid:87348,"Zürich, Bahnhofplatz/HB",ch:1:sloid:87348::0,2026-10-02,ch:1:sjyid:100648:plan:888c2027-4e46-4436-a60d-1bc5d77dc0db,tram,Tram,3,3,43771,"Zürich, Albisrieden",Klusplatz,,,2026-10-02 18:24:48+00:00,2026-10-02 18:24:48+00:00,,True,0.0,2026-10-02 20:00:47.216000+02:00,2026-10-02 20:24:48+02:00,2026-10-02 20:24:48+02:00,2026-10-02,20,Friday,False,24.013066666666667
20261002_180042,2026-10-02 18:00:47.216000+00:00,Zürich,local,ch:1:sloid:87348,"Zürich, Bahnhofplatz/HB",ch:1:sloid:87348::1,2026-10-02,ch:1:sjyid:100648:plan:f8bf9ba3-801f-44cb-a38f-1fc91e762aa4,tram,Tram,3,3,44214,"Zürich, Klusplatz",Albisrieden,,,2026-10-02 18:25:36+00:00,2026-10-02 18:25:36+00:00,,True,0.0,2026-10-02 20:00:47.216000+02:00,2026-10-02 20:25:36+02:00,2026-10-02 20:25:36+02:00,2026-10-02,20,Friday,False,24.813066666666668
20261002_180042,2026-10-02 18:00:47.216000+00:00,Zürich,local,ch:1:sloid:87348,"Zürich, Bahnhofplatz/HB",ch:1:sloid:87348,2026-10-02,ch:1:sjyid:100648:plan:2a63e8c3-e82e-40c9-9374-7f99e8db9021,bus,Bus,31,31,51483,"Zürich, Hermetschloo",Kienastenwies,,,2026-10-02 18:26:54+00:00,2026-10-02 18:26:54+00:00,,True,0.0,2026-10-02 20:00:47.216000+02:00,2026-10-02 20:26:54+02:00,2026-10-02 20:26:54+02:00,2026-10-02,20,Friday,False,26.11306666666667
20261002_180042,2026-10-02 18:00:47.216000+00:00,Zürich,local,ch:1:sloid:87348,"Zürich, Bahnhofplatz/HB",ch:1:sloid:87348::1,2026-10-02,ch:1:sjyid:100648:plan:c39af722-0337-45e3-8119-d16cdbb09fdf,tram,Tram,14,14,44877,"Zürich, Bahnhofplatz/HB",Triemli,,,2026-10-02 18:28:54+00:00,2026-10-02 18:28:54+00:00,,True,0.0,2026-10-02 20:00:47.216000+02:00,2026-10-02 20:28:54+02:00,2026-10-02 20:28:54+02:00,2026-10-02,20,Friday,False,28.11306666666667
20261002_180042,2026-10-02 18:00:47.216000+00:00,Zürich,local,ch:1:sloid:87348,"Zürich, Bahnhofplatz/HB",ch:1:sloid:87348::11,2026-10-02,ch:1:sjyid:100648:plan:30e90d83-1af2-4ea3-9713-6c23ebf81010,bus,Bus,31,31,51624,"Zürich, Kienastenwies",Hermetschloo,,,2026-10-02 18:28:42+00:00,2026-10-02 18:28:42+00:00,,True,0.0,2026-10-02 20:00:47.216000+02:00,2026-10-02 20:28:42+02:00,2026-10-02 20:28:42+02:00,2026-10-02,20,Friday,False,27.91306666666667
20261002_180042,2026-10-02 18:00:47.216000+00:00,Zürich,local,ch:1:sloid:87348,"Zürich, Bahnhofplatz/HB",ch:1:sloid:87348::0,2026-10-02,ch:1:sjyid:100648:plan:c5f2c513-fdef-4982-9f11-1ef3483ae442,tram,Tram,6,6,44922,"Zürich, Bahnhofplatz/HB",Zoo,,,2026-10-02 18:29:24+00:00,2026-10-02 18:29:24+00:00,,True,0.0,2026-10-02 20:00:47.216000+02:00,2026-10-02 20:29:24+02:00,2026-10-02 20:29:24+02:00,2026-10-02,20,Friday,False,28.61306666666667
20261002_180042,2026-10-02 18:00:47.216000+00:00,Zürich,local,ch:1:sloid:87348,"Zürich, Bahnhofplatz/HB",ch:1:sloid:87348::0,2026-10-02,ch:1:sjyid:100648:plan:3e79bbce-bac1-45d5-a083-ec816ab8e794,tram,Tram,3,3,44170,"Zürich, Albisrieden",Klusplatz,,,2026-10-02 18:32:18+00:00,2026-10-02 18:32:18+00:00,,True,0.0,2026-10-02 20:00:47.216000+02:00,2026-10-02 20:32:18+02:00,2026-10-02 20:32:18+02:00,2026-10-02,20,Friday,False,31.513066666666667
20261002_180042,2026-10-02 18:00:47.722000+00:00,Bern,local,ch:1:sloid:76646,"Bern, Bahnhof",ch:1:sloid:76646:0:64,2026-10-02,ch:1:sjyid:1100062:SKI-359,bus,Ersatzverkehr,EV,EV,359,"Bern, Bahnhof","Worblaufen, Bahnhofplatz",Z,,2026-10-02 18:00:00+00:00,,,False,,2026-10-02 20:00:47.722000+02:00,2026-10-02 20:00:00+02:00,,2026-10-02,20,Friday,False,-0.7953666666666667
20261002_180042,2026-10-02 18:00:47.722000+00:00,Bern,local,ch:1:sloid:76646,"Bern, Bahnhof",ch:1:sloid:76646:0:25,2026-10-02,ch:1:sjyid:100626:plan:5c26bfa1-6179-4cca-a701-b4420b7a6480,bus,Bus,7A,7A,76604,"Bern, Bahnhof",Ostring,K1,,2026-10-02 18:01:00+00:00,2026-10-02 18:01:00+00:00,,True,0.0,2026-10-02 20:00:47.722000+02:00,2026-10-02 20:01:00+02:00,2026-10-02 20:01:00+02:00,2026-10-02,20,Friday,False,0.20463333333333333
20261002_180042,2026-10-02 18:00:47.722000+00:00,Bern,local,ch:1:sloid:76646,"Bern, Bahnhof",ch:1:sloid:76646:0:39,2026-10-02,ch:1:sjyid:100626:plan:7e035140-11d5-47d0-8518-88d77f8cd2b8,tram,Tram,8,8,18852,"Bern, Bahnhof",Brünnen Bhf,N,,2026-10-02 18:01:00+00:00,2026-10-02 18:01:00+00:00,,True,0.0,2026-10-02 20:00:47.722000+02:00,2026-10-02 20:01:00+02:00,2026-10-02 20:01:00+02:00,2026-10-02,20,Friday,False,0.20463333333333333
20261002_180042,2026-10-02 18:00:47.722000+00:00,Bern,local,ch:1:sloid:76646,"Bern, Bahnhof",ch:1:sloid:76646:0:20,2026-10-02,ch:1:sjyid:100626:plan:3e0caf21-3647-4310-8fbe-64844688ee67,bus,Bus,19,19,58666,"Spiegel, Blinzern",Elfenau,M,,2026-10-02 18:02:00+00:00,2026-10-02 18:02:18+00:00,,True,0.3,2026-10-02 20:00:47.722000+02:00,2026-10-02 20:02:00+02:00,2026-10-02 20:02:18+02:00,2026-10-02,20,Friday,False,1.2046333333333334
20261002_180042,2026-10-02 18:00:47.722000+00:00,Bern,local,ch:1:sloid:76646,"Bern, Bahnhof",ch:1:sloid:76646:0:7,2026-10-02,ch:1:sjyid:100626:plan:66145e9f-cd5a-44a4-80be-c93c1ee37e78,bus,Bus,12,12,53407,"Bern, Zentrum Paul Klee",Holligen,D,,2026-10-02 18:02:00+00:00,,,False,,2026-10-02 20:00:47.722000+02:00,2026-10-02 20:02:00+02:00,,2026-10-02,20,Friday,False,1.2046333333333334
20261002_180042,2026-10-02 18:00:47.722000+00:00,Bern,local,ch:1:sloid:76646,"Bern, Bahnhof",ch:1:sloid:76646:0:5,2026-10-02,ch:1:sjyid:100626:plan:01651a5c-efda-4580-8c14-7b48b14efca5,bus,Bus,12,12,50680,"Bern, Holligen",Zentrum Paul Klee,A,,2026-10-02 18:02:00+00:00,2026-10-02 18:02:00+00:00,,True,0.0,2026-10-02 20:00:47.722000+02:00,2026-10-02 20:02:00+02:00,2026-10-02 20:02:00+02:00,2026-10-02,20,Friday,False,1.2046333333333334
20261002_180042,2026-10-02 18:00:47.722000+00:00,Bern,local,ch:1:sloid:76646,"Bern, Bahnhof",ch:1:sloid:76646:0:19,2026-10-02,ch:1:sjyid:100626:plan:3f23545b-d9da-40f7-8ae1-75e241388b4e,bus,Bus,10,10,36557,"Schliern, Bus-Endstation",Ostermundigen Rüti,L,,2026-10-02 18:03:00+00:00,2026-10-02 18:03:00+00:00,,True,0.0,2026-10-02 20:00:47.722000+02:00,2026-10-02 20:03:00+02:00,2026-10-02 20:03:00+02:00,2026-10-02,20,Friday,False,2.2046333333333332
20261002_180042,2026-10-02 18:00:47.722000+00:00,Bern,local,ch:1:sloid:76646,"Bern, Bahnhof",ch:1:sloid:76646:0:2,2026-10-02,ch:1:sjyid:100626:plan:1391b1d8-ada1-45d0-9617-834b51b55964,bus,Bus,8A,8A,78018,"Bern, Bahnhof",Saali,K2,,2026-10-02 18:03:30+00:00,2026-10-02 18:03:30+00:00,,True,0.0,2026-10-02 20:00:47.722000+02:00,2026-10-02 20:03:30+02:00,2026-10-02 20:03:30+02:00,2026-10-02,20,Friday,False,2.7046333333333332
20261002_180042,2026-10-02 18:00:47.722000+00:00,Bern,local,ch:1:sloid:76646,"Bern, Bahnhof",ch:1:sloid:76646:0:10,2026-10-02,ch:1:sjyid:100626:plan:d6ad972a-2af8-4b56-aaef-89a103375076,tram,Tram,3,3,1825,"Bern, Bahnhof",Weissenbühl,J,,2026-10-02 18:04:00+00:00,2026-10-02 18:04:00+00:00,,True,0.0,2026-10-02 20:00:47.722000+02:00,2026-10-02 20:04:00+02:00,2026-10-02 20:04:00+02:00,2026-10-02,20,Friday,False,3.2046333333333332
20261002_180042,2026-10-02 18:00:47.722000+00:00,Bern,local,ch:1:sloid:76646,"Bern, Bahnhof",ch:1:sloid:76646:0:15,2026-10-02,ch:1:sjyid:100626:plan:29df56bf-94bc-4054-896f-6db22b4efc8e,bus,Bus,20,20,66676,"Bern Wankdorf, Bahnhof",Länggasse,F,,2026-10-02 18:04:48+00:00,2026-10-02 18:04:54+00:00,,True,0.1,2026-10-02 20:00:47.722000+02:00,2026-10-02 20:04:48+02:00,2026-10-02 20:04:54+02:00,2026-10-02,20,Friday,False,4.0046333333333335
20261002_180042,2026-10-02 18:00:47.722000+00:00,Bern,local,ch:1:sloid:76646,"Bern, Bahnhof",ch:1:sloid:76646:0:13,2026-10-02,ch:1:sjyid:100626:plan:adde5620-c03a-4943-8fbc-7cc03dd969a8,bus,Bus,20,20,64158,"Bern, Länggasse",Wankdorf Bhf,E,,2026-10-02 18:04:48+00:00,2026-10-02 18:04:48+00:00,,True,0.0,2026-10-02 20:00:47.722000+02:00,2026-10-02 20:04:48+02:00,2026-10-02 20:04:48+02:00,2026-10-02,20,Friday,False,4.0046333333333335
20261002_180042,2026-10-02 18:00:47.722000+00:00,Bern,local,ch:1:sloid:76646,"Bern, Bahnhof",ch:1:sloid:76646:0:30,2026-10-02,ch:1:sjyid:100626:plan:a925945a-2073-4985-8c87-78999505c413,bus,Bus,21,21,67906,"Bern, Bahnhof",Bremgarten,H,,2026-10-02 18:04:00+00:00,2026-10-02 18:04:00+00:00,,True,0.0,2026-10-02 20:00:47.722000+02:00,2026-10-02 20:04:00+02:00,2026-10-02 20:04:00+02:00,2026-10-02,20,Friday,False,3.2046333333333332
20261002_180042,2026-10-02 18:00:47.722000+00:00,Bern,local,ch:1:sloid:76646,"Bern, Bahnhof",ch:1:sloid:76646:0:11,2026-10-02,ch:1:sjyid:100626:plan:f959d0d5-2d57-4cdb-88b2-925fe9a969f9,bus,Bus,10,10,44017,"Ostermundigen, Rüti",Schliern,I,,2026-10-02 18:04:00+00:00,2026-10-02 18:04:00+00:00,,True,0.0,2026-10-02 20:00:47.722000+02:00,2026-10-02 20:04:00+02:00,2026-10-02 20:04:00+02:00,2026-10-02,20,Friday,False,3.2046333333333332
20261002_180042,2026-10-02 18:00:47.722000+00:00,Bern,local,ch:1:sloid:76646,"Bern, Bahnhof",ch:1:sloid:76646:0:64,2026-10-02,ch:1:sjyid:1100062:SKI-361,bus,Ersatzverkehr,EV,EV,361,"Bern, Bahnhof","Worblaufen, Bahnhofplatz",Z,,2026-10-02 18:05:00+00:00,,,False,,2026-10-02 20:00:47.722000+02:00,2026-10-02 20:05:00+02:00,,2026-10-02,20,Friday,False,4.204633333333333
20261002_180042,2026-10-02 18:00:47.722000+00:00,Bern,local,ch:1:sloid:76646,"Bern, Bahnhof",ch:1:sloid:76646:0:39,2026-10-02,ch:1:sjyid:100626:plan:dd867773-56f7-4700-9847-7d6c1918b61a,tram,Tram,7,7,13282,"Bern, Bahnhof",Bümpliz,N,,2026-10-02 18:06:00+00:00,2026-10-02 18:06:00+00:00,,True,0.0,2026-10-02 20:00:47.722000+02:00,2026-10-02 20:06:00+02:00,2026-10-02 20:06:00+02:00,2026-10-02,20,Friday,False,5.204633333333334
20261002_180042,2026-10-02 18:00:47.722000+00:00,Bern,local,ch:1:sloid:76646,"Bern, Bahnhof",ch:1:sloid:76646:0:3,2026-10-02,ch:1:sjyid:100626:plan:97e4db9b-9776-4f19-abfe-af933e7fabda,tram,Tram,9,9,28945,"Bern Wankdorf, Bahnhof",Wabern,C,,2026-10-02 18:06:00+00:00,2026-10-02 18:06:00+00:00,,True,0.0,2026-10-02 20:00:47.722000+02:00,2026-10-02 20:06:00+02:00,2026-10-02 20:06:00+02:00,2026-10-02,20,Friday,False,5.204633333333334
20261002_180042,2026-10-02 18:00:47.722000+00:00,Bern,local,ch:1:sloid:76646,"Bern, Bahnhof",ch:1:sloid:76646:0:1,2026-10-02,ch:1:sjyid:100626:plan:c3869cda-a073-43d1-9981-76e791df8a68,tram,Tram,9,9,22608,"Wabern, Tram-Endstation",Wankdorf Bhf,B,,2026-10-02 18:06:00+00:00,2026-10-02 18:06:30+00:00,,True,0.5,2026-10-02 20:00:47.722000+02:00,2026-10-02 20:06:00+02:00,2026-10-02 20:06:30+02:00,2026-10-02,20,Friday,False,5.204633333333334
20261002_180042,2026-10-02 18:00:47.722000+00:00,Bern,local,ch:1:sloid:76646,"Bern, Bahnhof",ch:1:sloid:76646:0:20,2026-10-02,ch:1:sjyid:100626:plan:9c698f3d-e9dc-4e71-a8a1-dd955762cc8e,bus,Bus,17,17,58028,"Bern, Bahnhof",Köniz Weiermatt,M,,2026-10-02 18:07:00+00:00,2026-10-02 18:07:00+00:00,,True,0.0,2026-10-02 20:00:47.722000+02:00,2026-10-02 20:07:00+02:00,2026-10-02 20:07:00+02:00,2026-10-02,20,Friday,False,6.204633333333334
20261002_180042,2026-10-02 18:00:47.722000+00:00,Bern,local,ch:1:sloid:76646,"Bern, Bahnhof",ch:1:sloid:76646:0:25,2026-10-02,ch:1:sjyid:100626:plan:cf64e6a0-67a1-4bce-ad7a-340a3360f890,bus,Bus,19,19,60823,"Bern, Elfenau",Blinzern,K1,,2026-10-02 18:07:00+00:00,2026-10-02 18:07:12+00:00,,True,0.2,2026-10-02 20:00:47.722000+02:00,2026-10-02 20:07:00+02:00,2026-10-02 20:07:12+02:00,2026-10-02,20,Friday,False,6.204633333333334
20261002_180042,2026-10-02 18:00:47.722000+00:00,Bern,local,ch:1:sloid:76646,"Bern, Bahnhof",ch:1:sloid:76646:0:2,2026-10-02,ch:1:sjyid:100626:plan:40a5b0bb-35d1-4d20-8a52-bec8aa6e6d00,bus,Bus,8A,8A,78021,"Bern, Bahnhof",Saali,K2,,2026-10-02 18:08:30+00:00,2026-10-02 18:08:30+00:00,,True,0.0,2026-10-02 20:00:47.722000+02:00,2026-10-02 20:08:30+02:00,2026-10-02 20:08:30+02:00,2026-10-02,20,Friday,False,7.704633333333334
20261002_180042,2026-10-02 18:00:47.722000+00:00,Bern,local,ch:1:sloid:76646,"Bern, Bahnhof",ch:1:sloid:76646:0:10,2026-10-02,ch:1:sjyid:100626:plan:bb383c6b-c90c-4dec-bdb6-8c36dfd08624,tram,Tram,6,6,7299,"Bern, Bahnhof",Fischermätteli,J,,2026-10-02 18:09:00+00:00,2026-10-02 18:09:00+00:00,,True,0.0,2026-10-02 20:00:47.722000+02:00,2026-10-02 20:09:00+02:00,2026-10-02 20:09:00+02:00,2026-10-02,20,Friday,False,8.204633333333334
20261002_180042,2026-10-02 18:00:47.722000+00:00,Bern,local,ch:1:sloid:76646,"Bern, Bahnhof",ch:1:sloid:76646:0:28,2026-10-02,ch:1:sjyid:100626:plan:719a764c-b8e1-4d21-85f0-c485f55fdeca,bus,Bus,11,11,49404,"Bern, Bahnhof",Neufeld P+R,G,,2026-10-02 18:09:00+00:00,2026-10-02 18:09:00+00:00,,True,0.0,2026-10-02 20:00:47.722000+02:00,2026-10-02 20:09:00+02:00,2026-10-02 20:09:00+02:00,2026-10-02,20,Friday,False,8.204633333333334
20261002_180042,2026-10-02 18:00:47.722000+00:00,Bern,local,ch:1:sloid:76646,"Bern, Bahnhof",ch:1:sloid:76646:0:64,2026-10-02,ch:1:sjyid:1100062:SKI-363,bus,Ersatzverkehr,EV,EV,363,"Bern, Bahnhof","Worblaufen, Bahnhofplatz",Z,,2026-10-02 18:10:00+00:00,,,False,,2026-10-02 20:00:47.722000+02:00,2026-10-02 20:10:00+02:00,,2026-10-02,20,Friday,False,9.204633333333334
20261002_180042,2026-10-02 18:00:47.722000+00:00,Bern,local,ch:1:sloid:76646,"Bern, Bahnhof",ch:1:sloid:76646:0:19,2026-10-02,ch:1:sjyid:100626:plan:726e6d62-350e-4c32-a7f8-6b8ccfa8c45a,bus,Bus,10,10,36561,"Schliern, Bus-Endstation",Ostermundigen Rüti,L,,2026-10-02 18:11:00+00:00,2026-10-02 18:11:00+00:00,,True,0.0,2026-10-02 20:00:47.722000+02:00,2026-10-02 20:11:00+02:00,2026-10-02 20:11:00+02:00,2026-10-02,20,Friday,False,10.204633333333334
20261002_180042,2026-10-02 18:00:47.722000+00:00,Bern,local,ch:1:sloid:76646,"Bern, Bahnhof",ch:1:sloid:76646:0:25,2026-10-02,ch:1:sjyid:100626:plan:f3d63765-c99b-4a03-8b11-474a9646226b,bus,Bus,7A,7A,76607,"Bern, Bahnhof",Ostring,K1,,2026-10-02 18:11:00+00:00,2026-10-02 18:11:00+00:00,,True,0.0,2026-10-02 20:00:47.722000+02:00,2026-10-02 20:11:00+02:00,2026-10-02 20:11:00+02:00,2026-10-02,20,Friday,False,10.204633333333334
20261002_180042,2026-10-02 18:00:47.722000+00:00,Bern,local,ch:1:sloid:76646,"Bern, Bahnhof",ch:1:sloid:76646:0:39,2026-10-02,ch:1:sjyid:100626:plan:3ebc29dc-6e01-4e8b-b088-3f04cbe460c6,tram,Tram,8,8,18862,"Bern, Bahnhof",Brünnen Bhf,N,,2026-10-02 18:11:00+00:00,2026-10-02 18:11:30+00:00,,True,0.5,2026-10-02 20:00:47.722000+02:00,2026-10-02 20:11:00+02:00,2026-10-02 20:11:30+02:00,2026-10-02,20,Friday,False,10.204633333333334
20261002_180042,2026-10-02 18:00:47.722000+00:00,Bern,local,ch:1:sloid:76646,"Bern, Bahnhof",ch:1:sloid:76646:0:20,2026-10-02,ch:1:sjyid:100626:plan:19cef047-2079-48b3-ba42-56115758eb46,bus,Bus,19,19,58669,"Spiegel, Blinzern",Elfenau,M,,2026-10-02 18:12:00+00:00,2026-10-02 18:12:48+00:00,,True,0.8,2026-10-02 20:00:47.722000+02:00,2026-10-02 20:12:00+02:00,2026-10-02 20:12:48+02:00,2026-10-02,20,Friday,False,11.204633333333334
20261002_180042,2026-10-02 18:00:47.722000+00:00,Bern,local,ch:1:sloid:76646,"Bern, Bahnhof",ch:1:sloid:76646:0:7,2026-10-02,ch:1:sjyid:100626:plan:f8db557a-097e-421a-b8e0-8afdc6fe6e57,bus,Bus,12,12,53414,"Bern, Zentrum Paul Klee",Holligen,D,,2026-10-02 18:12:00+00:00,2026-10-02 18:12:18+00:00,,True,0.3,2026-10-02 20:00:47.722000+02:00,2026-10-02 20:12:00+02:00,2026-10-02 20:12:18+02:00,2026-10-02,20,Friday,False,11.204633333333334
20261002_180042,2026-10-02 18:00:47.722000+00:00,Bern,local,ch:1:sloid:76646,"Bern, Bahnhof",ch:1:sloid:76646:0:5,2026-10-02,ch:1:sjyid:100626:plan:9ea4a9af-ff7e-4250-93ac-b4acfb136441,bus,Bus,12,12,50685,"Bern, Holligen",Zentrum Paul Klee,A,,2026-10-02 18:12:00+00:00,2026-10-02 18:12:00+00:00,,True,0.0,2026-10-02 20:00:47.722000+02:00,2026-10-02 20:12:00+02:00,2026-10-02 20:12:00+02:00,2026-10-02,20,Friday,False,11.204633333333334
20261002_180042,2026-10-02 18:00:47.722000+00:00,Bern,local,ch:1:sloid:76646,"Bern, Bahnhof",ch:1:sloid:76646:0:2,2026-10-02,ch:1:sjyid:100626:plan:7d25f673-3e1f-4465-ad90-8fc9fd6c3ce9,bus,Bus,8A,8A,78024,"Bern, Bahnhof",Saali,K2,,2026-10-02 18:13:30+00:00,2026-10-02 18:13:30+00:00,,True,0.0,2026-10-02 20:00:47.722000+02:00,2026-10-02 20:13:30+02:00,2026-10-02 20:13:30+02:00,2026-10-02,20,Friday,False,12.704633333333334
20261002_180042,2026-10-02 18:00:48.281000+00:00,Basel,local,ch:1:sloid:78143,"Basel, Bahnhof SBB",ch:1:sloid:78143:1:32,2026-10-02,ch:1:sjyid:100622:plan:fed7bf79-c673-4de6-b8be-cd26608ec1f6,tram,Tram,2,2,2248,"Basel, Eglisee","Binningen, Kronenplatz",E,,2026-10-02 17:58:24+00:00,2026-10-02 18:00:18+00:00,,True,1.9,2026-10-02 20:00:48.281000+02:00,2026-10-02 19:58:24+02:00,2026-10-02 20:00:18+02:00,2026-10-02,19,Friday,False,-2.4046833333333333
20261002_180042,2026-10-02 18:00:48.281000+00:00,Basel,local,ch:1:sloid:78143,"Basel, Bahnhof SBB",ch:1:sloid:78143:1:33,2026-10-02,ch:1:sjyid:100622:plan:2b2b0b2d-9c4c-4088-9d5a-f339f7bff995,tram,Tram,8,8,8249,"Basel, Neuweilerstrasse",Weil am Rhein (D) Bahnhof / Zentrum,F,,2026-10-02 17:59:00+00:00,2026-10-02 18:02:12+00:00,,True,3.2,2026-10-02 20:00:48.281000+02:00,2026-10-02 19:59:00+02:00,2026-10-02 20:02:12+02:00,2026-10-02,19,Friday,False,-1.8046833333333334
20261002_180042,2026-10-02 18:00:48.281000+00:00,Basel,local,ch:1:sloid:78143,"Basel, Bahnhof SBB",ch:1:sloid:78143:1:34,2026-10-02,ch:1:sjyid:100019:plan:7616a7e4-f0a5-41ab-8eaf-b924d063d194,tram,Tram,11,11,38491,"Basel, St-Louis Grenze","Basel, Dreispitz",G,,2026-10-02 18:00:36+00:00,2026-10-02 18:01:48+00:00,,True,1.2,2026-10-02 20:00:48.281000+02:00,2026-10-02 20:00:36+02:00,2026-10-02 20:01:48+02:00,2026-10-02,20,Friday,False,-0.20468333333333336
20261002_180042,2026-10-02 18:00:48.281000+00:00,Basel,local,ch:1:sloid:78143,"Basel, Bahnhof SBB",ch:1:sloid:78143:1:33,2026-10-02,ch:1:sjyid:100622:plan:3de60843-a897-4864-9aa6-7635711a3685,tram,Tram,1,1,1245,"Basel, Dreirosenbrücke","Basel, Badischer Bahnhof",F,,2026-10-02 18:02:00+00:00,2026-10-02 18:02:00+00:00,,True,0.0,2026-10-02 20:00:48.281000+02:00,2026-10-02 20:02:00+02:00,2026-10-02 20:02:00+02:00,2026-10-02,20,Friday,False,1.1953166666666666
20261002_180042,2026-10-02 18:00:48.281000+00:00,Basel,local,ch:1:sloid:78143,"Basel, Bahnhof SBB",ch:1:sloid:78143:1:35,2026-10-02,ch:1:sjyid:100019:plan:ac17bc16-6bfc-4ba2-8ba3-79d95eacfc8d,tram,Tram,11,11,38490,"Basel, Dreispitz","Basel, Saint-Louis Grenze",H,,2026-10-02 18:02:36+00:00,2026-10-02 18:03:12+00:00,,True,0.6,2026-10-02 20:00:48.281000+02:00,2026-10-02 20:02:36+02:00,2026-10-02 20:03:12+02:00,2026-10-02,20,Friday,False,1.7953166666666667
20261002_180042,2026-10-02 18:00:48.281000+00:00,Basel,local,ch:1:sloid:78143,"Basel, Bahnhof SBB",ch:1:sloid:78143:1:33,2026-10-02,ch:1:sjyid:100622:plan:4021aee1-cc42-4f78-8fde-90b7907c8ccb,tram,Tram,2,2,2251,"Binningen, Kronenplatz","Basel, Messeplatz",F,,2026-10-02 18:02:18+00:00,2026-10-02 18:03:00+00:00,,True,0.7,2026-10-02 20:00:48.281000+02:00,2026-10-02 20:02:18+02:00,2026-10-02 20:03:00+02:00,2026-10-02,20,Friday,False,1.4953166666666666
20261002_180042,2026-10-02 18:00:48.281000+00:00,Basel,local,ch:1:sloid:78143,"Basel, Bahnhof SBB",ch:1:sloid:78143:1:32,2026-10-02,ch:1:sjyid:100622:plan:508534fb-6c22-45b0-b7d0-ff7f0d46e42f,tram,Tram,8,8,8244,"Weil am Rhein, Bahnhof/Zentrum","Basel, Neuweilerstrasse",E,,2026-10-02 18:03:18+00:00,2026-10-02 18:05:36+00:00,,True,2.3,2026-10-02 20:00:48.281000+02:00,2026-10-02 20:03:18+02:00,2026-10-02 20:05:36+02:00,2026-10-02,20,Friday,False,2.4953166666666666
20261002_180042,2026-10-02 18:00:48.281000+00:00,Basel,local,ch:1:sloid:78143,"Basel, Bahnhof SBB",ch:1:sloid:78143:3:3,2026-10-02,ch:1:sjyid:100622:plan:36b80069-ce4e-40ac-9fed-fc6bed5fda55,bus,Bus,30,30,30365,"Basel, Bahnhof SBB","Basel, Badischer Bahnhof",B,,2026-10-02 18:04:30+00:00,2026-10-02 18:04:30+00:00,,True,0.0,2026-10-02 20:00:48.281000+02:00,2026-10-02 20:04:30+02:00,2026-10-02 20:04:30+02:00,2026-10-02,20,Friday,False,3.6953166666666664
20261002_180042,2026-10-02 18:00:48.281000+00:00,Basel,local,ch:1:sloid:78143,"Basel, Bahnhof SBB",ch:1:sloid:78143:3:5,2026-10-02,ch:1:sjyid:100622:plan:777b7e73-f4c4-4d71-8572-f14d06135bb9,bus,Bus,48,48,48151,"Basel, Bahnhof SBB","Basel, Bachgraben",A,,2026-10-02 18:04:48+00:00,2026-10-02 18:04:48+00:00,,True,0.0,2026-10-02 20:00:48.281000+02:00,2026-10-02 20:04:48+02:00,2026-10-02 20:04:48+02:00,2026-10-02,20,Friday,False,3.9953166666666666
20261002_180042,2026-10-02 18:00:48.281000+00:00,Basel,local,ch:1:sloid:78143,"Basel, Bahnhof SBB",ch:1:sloid:78143:1:35,2026-10-02,ch:1:sjyid:100019:plan:6cf57519-c7df-4090-a40c-250b93d2410a,tram,Tram,10,10,10488,"Dornach, Bahnhof","Rodersdorf, Station",H,,2026-10-02 18:05:00+00:00,2026-10-02 18:05:36+00:00,,True,0.6,2026-10-02 20:00:48.281000+02:00,2026-10-02 20:05:00+02:00,2026-10-02 20:05:36+02:00,2026-10-02,20,Friday,False,4.195316666666667
20261002_180042,2026-10-02 18:00:48.281000+00:00,Basel,local,ch:1:sloid:78143,"Basel, Bahnhof SBB",ch:1:sloid:78143:1:32,2026-10-02,ch:1:sjyid:100622:plan:3cb75eec-89df-43f9-adfd-5f549a7fe20e,tram,Tram,2,2,2250,"Basel, Eglisee","Binningen, Kronenplatz",E,,2026-10-02 18:05:54+00:00,2026-10-02 18:06:54+00:00,,True,1.0,2026-10-02 20:00:48.281000+02:00,2026-10-02 20:05:54+02:00,2026-10-02 20:06:54+02:00,2026-10-02,20,Friday,False,5.095316666666666
20261002_180042,2026-10-02 18:00:48.281000+00:00,Basel,local,ch:1:sloid:78143,"Basel, Bahnhof SBB",ch:1:sloid:78143:1:34,2026-10-02,ch:1:sjyid:100019:plan:795cf7e9-3fe6-4eb7-a721-785898cb668a,tram,Tram,10,10,10557,"Rodersdorf, Station",Dornach Bahnhof,G,,2026-10-02 18:05:00+00:00,2026-10-02 18:06:48+00:00,,True,1.8,2026-10-02 20:00:48.281000+02:00,2026-10-02 20:05:00+02:00,2026-10-02 20:06:48+02:00,2026-10-02,20,Friday,False,4.195316666666667
20261002_180042,2026-10-02 18:00:48.281000+00:00,Basel,local,ch:1:sloid:78143,"Basel, Bahnhof SBB",ch:1:sloid:78143:1:33,2026-10-02,ch:1:sjyid:100622:plan:0a595444-2ca1-4cb2-b182-5f2fa3aecadb,tram,Tram,8,8,8251,"Basel, Neuweilerstrasse","Basel, Kleinhüningen",F,,2026-10-02 18:06:30+00:00,2026-10-02 18:06:48+00:00,,True,0.3,2026-10-02 20:00:48.281000+02:00,2026-10-02 20:06:30+02:00,2026-10-02 20:06:48+02:00,2026-10-02,20,Friday,False,5.695316666666667
20261002_180042,2026-10-02 18:00:48.281000+00:00,Basel,local,ch:1:sloid:78143,"Basel, Bahnhof SBB",ch:1:sloid:78143:1:34,2026-10-02,ch:1:sjyid:100019:plan:5a198c9c-db63-49af-b000-43e6c53ea2f0,tram,Tram,11,11,38493,"Basel, St-Louis Grenze","Basel, Dreispitz",G,,2026-10-02 18:08:06+00:00,2026-10-02 18:08:36+00:00,,True,0.5,2026-10-02 20:00:48.281000+02:00,2026-10-02 20:08:06+02:00,2026-10-02 20:08:36+02:00,2026-10-02,20,Friday,False,7.2953166666666664
20261002_180042,2026-10-02 18:00:48.281000+00:00,Basel,local,ch:1:sloid:78143,"Basel, Bahnhof SBB",ch:1:sloid:78143:1:33,2026-10-02,ch:1:sjyid:100622:plan:10039db5-ca4c-45cf-9b86-82ba32d776ca,tram,Tram,2,2,2253,"Binningen, Kronenplatz","Basel, Badischer Bahnhof",F,,2026-10-02 18:09:48+00:00,2026-10-02 18:09:48+00:00,,True,0.0,2026-10-02 20:00:48.281000+02:00,2026-10-02 20:09:48+02:00,2026-10-02 20:09:48+02:00,2026-10-02,20,Friday,False,8.995316666666668
20261002_180042,2026-10-02 18:00:48.281000+00:00,Basel,local,ch:1:sloid:78143,"Basel, Bahnhof SBB",ch:1:sloid:78143:1:35,2026-10-02,ch:1:sjyid:100019:plan:61b07473-138e-4676-97f6-13bd9e7409e7,tram,Tram,11,11,38494,"Basel, Dreispitz","Basel, Saint-Louis Grenze",H,,2026-10-02 18:10:06+00:00,2026-10-02 18:10:06+00:00,,True,0.0,2026-10-02 20:00:48.281000+02:00,2026-10-02 20:10:06+02:00,2026-10-02 20:10:06+02:00,2026-10-02,20,Friday,False,9.295316666666668
20261002_180042,2026-10-02 18:00:48.281000+00:00,Basel,local,ch:1:sloid:78143,"Basel, Bahnhof SBB",ch:1:sloid:78143:1:32,2026-10-02,ch:1:sjyid:100622:plan:afff88ec-d333-4cee-acde-d5980a065e3c,tram,Tram,8,8,8248,"Basel, Kleinhüningen","Basel, Neuweilerstrasse",E,,2026-10-02 18:10:48+00:00,2026-10-02 18:11:30+00:00,,True,0.7,2026-10-02 20:00:48.281000+02:00,2026-10-02 20:10:48+02:00,2026-10-02 20:11:30+02:00,2026-10-02,20,Friday,False,9.995316666666668
20261002_180042,2026-10-02 18:00:48.281000+00:00,Basel,local,ch:1:sloid:78143,"Basel, Bahnhof SBB",ch:1:sloid:78143:1:33,2026-10-02,ch:1:sjyid:100622:plan:006d652f-da9e-402c-81e0-02b9024d392c,tram,Tram,2,2,2255,"Binningen, Kronenplatz","Basel, Messeplatz",F,,2026-10-02 18:11:48+00:00,2026-10-02 18:11:48+00:00,,True,0.0,2026-10-02 20:00:48.281000+02:00,2026-10-02 20:11:48+02:00,2026-10-02 20:11:48+02:00,2026-10-02,20,Friday,False,10.995316666666668
20261002_180042,2026-10-02 18:00:48.281000+00:00,Basel,local,ch:1:sloid:78143,"Basel, Bahnhof SBB",ch:1:sloid:78143:3:3,2026-10-02,ch:1:sjyid:100622:plan:c0586922-9bbc-4c95-bb3e-f9ae06da6e3c,bus,Bus,50,50,50239,"Basel, Bahnhof SBB","Basel, EuroAirport",B,,2026-10-02 18:12:00+00:00,2026-10-02 18:12:00+00:00,,True,0.0,2026-10-02 20:00:48.281000+02:00,2026-10-02 20:12:00+02:00,2026-10-02 20:12:00+02:00,2026-10-02,20,Friday,False,11.195316666666667
20261002_180042,2026-10-02 18:00:48.281000+00:00,Basel,local,ch:1:sloid:78143,"Basel, Bahnhof SBB",ch:1:sloid:78143:3:3,2026-10-02,ch:1:sjyid:100622:plan:dc594858-933f-431d-8cdd-b0ba2db054b8,bus,Bus,30,30,30367,"Basel, Bahnhof SBB","Basel, Badischer Bahnhof",B,,2026-10-02 18:12:00+00:00,2026-10-02 18:12:00+00:00,,True,0.0,2026-10-02 20:00:48.281000+02:00,2026-10-02 20:12:00+02:00,2026-10-02 20:12:00+02:00,2026-10-02,20,Friday,False,11.195316666666667
20261002_180042,2026-10-02 18:00:48.281000+00:00,Basel,local,ch:1:sloid:78143,"Basel, Bahnhof SBB",ch:1:sloid:78143:3:7,2026-10-02,ch:1:sjyid:100019:plan:76a0a928-7003-4760-b2f7-13a98f64c412,bus,Bus,37,37,37766,"Basel, Bahnhof SBB",Limmeren,K,,2026-10-02 18:12:00+00:00,2026-10-02 18:12:00+00:00,,True,0.0,2026-10-02 20:00:48.281000+02:00,2026-10-02 20:12:00+02:00,2026-10-02 20:12:00+02:00,2026-10-02,20,Friday,False,11.195316666666667
20261002_180042,2026-10-02 18:00:48.281000+00:00,Basel,local,ch:1:sloid:78143,"Basel, Bahnhof SBB",ch:1:sloid:78143:1:35,2026-10-02,ch:1:sjyid:100019:plan:3fda8da2-c731-4238-adfa-f709b0fa8bec,tram,Tram,10,10,10490,"Dornach, Bahnhof","Ettingen, Dorf",H,,2026-10-02 18:13:00+00:00,2026-10-02 18:13:30+00:00,,True,0.5,2026-10-02 20:00:48.281000+02:00,2026-10-02 20:13:00+02:00,2026-10-02 20:13:30+02:00,2026-10-02,20,Friday,False,12.195316666666667
20261002_180042,2026-10-02 18:00:48.281000+00:00,Basel,local,ch:1:sloid:78143,"Basel, Bahnhof SBB",ch:1:sloid:78143:1:33,2026-10-02,ch:1:sjyid:100622:plan:26dbe4fd-2caa-4190-ba62-97d3c829d8b6,tram,Tram,8,8,8253,"Basel, Neuweilerstrasse",Weil am Rhein (D) Bahnhof / Zentrum,F,,2026-10-02 18:14:00+00:00,2026-10-02 18:14:00+00:00,,True,0.0,2026-10-02 20:00:48.281000+02:00,2026-10-02 20:14:00+02:00,2026-10-02 20:14:00+02:00,2026-10-02,20,Friday,False,13.195316666666667
20261002_180042,2026-10-02 18:00:48.281000+00:00,Basel,local,ch:1:sloid:78143,"Basel, Bahnhof SBB",ch:1:sloid:78143:1:31,2026-10-02,ch:1:sjyid:100622:plan:05fb5605-ce71-430d-951d-0b4707ea952e,tram,Tram,1,1,1244,"Basel, Bahnhof SBB","Basel, Dreirosenbrücke",D,,2026-10-02 18:14:12+00:00,2026-10-02 18:14:12+00:00,,True,0.0,2026-10-02 20:00:48.281000+02:00,2026-10-02 20:14:12+02:00,2026-10-02 20:14:12+02:00,2026-10-02,20,Friday,False,13.395316666666668
20261002_180042,2026-10-02 18:00:48.281000+00:00,Basel,local,ch:1:sloid:78143,"Basel, Bahnhof SBB",ch:1:sloid:78143:1:34,2026-10-02,ch:1:sjyid:100019:plan:f942d71b-4f18-4f3b-a75f-2dcf88280b47,tram,Tram,11,11,38499,"Basel, St-Louis Grenze","Basel, Dreispitz",G,,2026-10-02 18:15:36+00:00,2026-10-02 18:15:36+00:00,,True,0.0,2026-10-02 20:00:48.281000+02:00,2026-10-02 20:15:36+02:00,2026-10-02 20:15:36+02:00,2026-10-02,20,Friday,False,14.795316666666668
20261002_180042,2026-10-02 18:00:48.281000+00:00,Basel,local,ch:1:sloid:78143,"Basel, Bahnhof SBB",ch:1:sloid:78143:1:33,2026-10-02,ch:1:sjyid:100622:plan:499dd508-1be2-4419-b4b7-1e7ccc8a9d41,tram,Tram,1,1,1249,"Basel, Dreirosenbrücke","Basel, Badischer Bahnhof",F,,2026-10-02 18:17:00+00:00,2026-10-02 18:17:00+00:00,,True,0.0,2026-10-02 20:00:48.281000+02:00,2026-10-02 20:17:00+02:00,2026-10-02 20:17:00+02:00,2026-10-02,20,Friday,False,16.195316666666667
20261002_180042,2026-10-02 18:00:48.281000+00:00,Basel,local,ch:1:sloid:78143,"Basel, Bahnhof SBB",ch:1:sloid:78143:1:35,2026-10-02,ch:1:sjyid:100019:plan:0e32abb4-89a4-4f5b-8772-002cf017436e,tram,Tram,11,11,38496,"Basel, Dreispitz","Basel, Saint-Louis Grenze",H,,2026-10-02 18:17:36+00:00,2026-10-02 18:17:36+00:00,,True,0.0,2026-10-02 20:00:48.281000+02:00,2026-10-02 20:17:36+02:00,2026-10-02 20:17:36+02:00,2026-10-02,20,Friday,False,16.79531666666667
20261002_180042,2026-10-02 18:00:48.281000+00:00,Basel,local,ch:1:sloid:78143,"Basel, Bahnhof SBB",ch:1:sloid:78143:1:32,2026-10-02,ch:1:sjyid:100622:plan:de91e6b2-b730-4f41-8b3f-3bacf9b61cf7,tram,Tram,8,8,8246,"Weil am Rhein, Bahnhof/Zentrum","Basel, Neuweilerstrasse",E,,2026-10-02 18:18:18+00:00,2026-10-02 18:21:12+00:00,,True,2.9,2026-10-02 20:00:48.281000+02:00,2026-10-02 20:18:18+02:00,2026-10-02 20:21:12+02:00,2026-10-02,20,Friday,False,17.495316666666668
20261002_180042,2026-10-02 18:00:48.281000+00:00,Basel,local,ch:1:sloid:78143,"Basel, Bahnhof SBB",ch:1:sloid:78143:3:3,2026-10-02,ch:1:sjyid:100622:plan:e6716ea8-ff06-481d-8d56-0c311923445e,bus,Bus,30,30,30369,"Basel, Bahnhof SBB","Basel, Badischer Bahnhof",B,,2026-10-02 18:19:30+00:00,2026-10-02 18:19:30+00:00,,True,0.0,2026-10-02 20:00:48.281000+02:00,2026-10-02 20:19:30+02:00,2026-10-02 20:19:30+02:00,2026-10-02,20,Friday,False,18.695316666666667
20261002_180042,2026-10-02 18:00:48.281000+00:00,Basel,local,ch:1:sloid:78143,"Basel, Bahnhof SBB",ch:1:sloid:78143:3:5,2026-10-02,ch:1:sjyid:100622:plan:25b063a4-f9ec-4e05-b46a-6cb3fb74ce32,bus,Bus,48,48,48153,"Basel, Bahnhof SBB","Basel, Bachgraben",A,,2026-10-02 18:19:48+00:00,2026-10-02 18:19:48+00:00,,True,0.0,2026-10-02 20:00:48.281000+02:00,2026-10-02 20:19:48+02:00,2026-10-02 20:19:48+02:00,2026-10-02,20,Friday,False,18.995316666666668
20261002_180042,2026-10-02 18:00:49.087000+00:00,Luzern,local,ch:1:sloid:8450,"Luzern, Bahnhof",ch:1:sloid:8450::2,2026-10-02,ch:1:sjyid:100619:plan:5f375359-30a6-448c-8931-9db5e144d6c4,bus,Bus,1,1,5426,"Obernau, Dorf",Ebikon Fildern,B,,2026-10-02 18:00:48+00:00,2026-10-02 18:01:36+00:00,,True,0.8,2026-10-02 20:00:49.087000+02:00,2026-10-02 20:00:48+02:00,2026-10-02 20:01:36+02:00,2026-10-02,20,Friday,False,-0.018116666666666666
20261002_180042,2026-10-02 18:00:49.087000+00:00,Luzern,local,ch:1:sloid:8450,"Luzern, Bahnhof",ch:1:sloid:8450::2,2026-10-02,ch:1:sjyid:100619:plan:e9e7480a-866e-41f7-822c-e74e9266b135,bus,Bus,7,7,26104,"Horw, Biregghof",Unterlöchli,B,,2026-10-02 18:00:00+00:00,2026-10-02 18:01:18+00:00,,True,1.3,2026-10-02 20:00:49.087000+02:00,2026-10-02 20:00:00+02:00,2026-10-02 20:01:18+02:00,2026-10-02,20,Friday,False,-0.8181166666666667
20261002_180042,2026-10-02 18:00:49.087000+00:00,Luzern,local,ch:1:sloid:8450,"Luzern, Bahnhof",ch:1:sloid:8450::16,2026-10-02,ch:1:sjyid:100619:plan:8ed8d872-d0c0-4139-96fd-f140949afecd,bus,Bus,4,4,15583,"Luzern, Bahnhof",Hubelmatt,V,,2026-10-02 18:00:00+00:00,2026-10-02 18:00:00+00:00,,True,0.0,2026-10-02 20:00:49.087000+02:00,2026-10-02 20:00:00+02:00,2026-10-02 20:00:00+02:00,2026-10-02,20,Friday,False,-0.8181166666666667
20261002_180042,2026-10-02 18:00:49.087000+00:00,Luzern,local,ch:1:sloid:8450,"Luzern, Bahnhof",ch:1:sloid:8450::1,2026-10-02,ch:1:sjyid:100619:plan:dc6d5c27-f332-4906-b62f-b12337478ac7,bus,Bus,7,7,26119,"Luzern, Unterlöchli",Horw Biregghof,A,,2026-10-02 18:00:00+00:00,2026-10-02 18:00:00+00:00,,True,0.0,2026-10-02 20:00:49.087000+02:00,2026-10-02 20:00:00+02:00,2026-10-02 20:00:00+02:00,2026-10-02,20,Friday,False,-0.8181166666666667
20261002_180042,2026-10-02 18:00:49.087000+00:00,Luzern,local,ch:1:sloid:8450,"Luzern, Bahnhof",ch:1:sloid:8450::13,2026-10-02,ch:1:sjyid:100618:plan:0879858c-7637-4ad0-b3bc-8b5b2e075f45,bus,Bus,61,61,170,"Luzern, Bahnhof",Ettiswil,T,,2026-10-02 18:01:00+00:00,2026-10-02 18:01:00+00:00,,True,0.0,2026-10-02 20:00:49.087000+02:00,2026-10-02 20:01:00+02:00,2026-10-02 20:01:00+02:00,2026-10-02,20,Friday,False,0.18188333333333334
20261002_180042,2026-10-02 18:00:49.087000+00:00,Luzern,local,ch:1:sloid:8450,"Luzern, Bahnhof",ch:1:sloid:8450::12,2026-10-02,ch:1:sjyid:100619:plan:f37cc2c0-cd94-4288-8e48-20f5c7e568a7,bus,Bus,24,24,60334,"Luzern, Bahnhof",Meggen Tschädigen,S,,2026-10-02 18:01:00+00:00,2026-10-02 18:01:00+00:00,,True,0.0,2026-10-02 20:00:49.087000+02:00,2026-10-02 20:01:00+02:00,2026-10-02 20:01:00+02:00,2026-10-02,20,Friday,False,0.18188333333333334
20261002_180042,2026-10-02 18:00:49.087000+00:00,Luzern,local,ch:1:sloid:8450,"Luzern, Bahnhof",ch:1:sloid:8450::1,2026-10-02,ch:1:sjyid:100619:plan:e8b29ac0-ba7c-490e-907e-712ea286c539,bus,Bus,1,1,4407,"Ebikon, Fildern",Obernau Dorf,A,,2026-10-02 18:01:00+00:00,2026-10-02 18:01:54+00:00,,True,0.9,2026-10-02 20:00:49.087000+02:00,2026-10-02 20:01:00+02:00,2026-10-02 20:01:54+02:00,2026-10-02,20,Friday,False,0.18188333333333334
20261002_180042,2026-10-02 18:00:49.087000+00:00,Luzern,local,ch:1:sloid:8450,"Luzern, Bahnhof",ch:1:sloid:8450::20,2026-10-02,ch:1:sjyid:100619:plan:eabfe6ff-1733-4c75-a6ce-dd327ead23f5,bus,Bus,12,12,85443,"Luzern, Bahnhof",Gasshof,M,,2026-10-02 18:01:00+00:00,2026-10-02 18:01:00+00:00,,True,0.0,2026-10-02 20:00:49.087000+02:00,2026-10-02 20:01:00+02:00,2026-10-02 20:01:00+02:00,2026-10-02,20,Friday,False,0.18188333333333334
20261002_180042,2026-10-02 18:00:49.087000+00:00,Luzern,local,ch:1:sloid:8450,"Luzern, Bahnhof",ch:1:sloid:8450::23,2026-10-02,ch:1:sjyid:100619:plan:fe3e4624-9629-44cf-982c-66450e2a58f7,bus,Bus,2,2,10875,"Luzern, Bahnhof",E'brücke Sprengi,Y,,2026-10-02 18:03:00+00:00,2026-10-02 18:03:00+00:00,,True,0.0,2026-10-02 20:00:49.087000+02:00,2026-10-02 20:03:00+02:00,2026-10-02 20:03:00+02:00,2026-10-02,20,Friday,False,2.1818833333333334
20261002_180042,2026-10-02 18:00:49.087000+00:00,Luzern,local,ch:1:sloid:8450,"Luzern, Bahnhof",ch:1:sloid:8450::14,2026-10-02,ch:1:sjyid:100619:plan:7eaf4d3d-4dc7-4d01-83be-a61fafe67d38,bus,Bus,21,21,53371,"Luzern, Bahnhof",Horw Zentrum,Q,,2026-10-02 18:03:00+00:00,2026-10-02 18:03:00+00:00,,True,0.0,2026-10-02 20:00:49.087000+02:00,2026-10-02 20:03:00+02:00,2026-10-02 20:03:00+02:00,2026-10-02,20,Friday,False,2.1818833333333334
20261002_180042,2026-10-02 18:00:49.087000+00:00,Luzern,local,ch:1:sloid:8450,"Luzern, Bahnhof",ch:1:sloid:8450::1,2026-10-02,ch:1:sjyid:100619:plan:a00026a5-d81d-4a81-8782-326720859161,bus,Bus,8,8,29797,"Luzern, Würzenbach",Hirtenhof,A,,2026-10-02 18:04:00+00:00,2026-10-02 18:04:00+00:00,,True,0.0,2026-10-02 20:00:49.087000+02:00,2026-10-02 20:04:00+02:00,2026-10-02 20:04:00+02:00,2026-10-02,20,Friday,False,3.1818833333333334
20261002_180042,2026-10-02 18:00:49.087000+00:00,Luzern,local,ch:1:sloid:8450,"Luzern, Bahnhof",ch:1:sloid:8450::1,2026-10-02,ch:1:sjyid:100619:plan:786150d7-424d-46c9-8d14-99c6a7da05a1,bus,Bus,14,14,39255,"Luzern, Brüelstrasse",Horw Zentrum,A,,2026-10-02 18:04:00+00:00,2026-10-02 18:04:00+00:00,,True,0.0,2026-10-02 20:00:49.087000+02:00,2026-10-02 20:04:00+02:00,2026-10-02 20:04:00+02:00,2026-10-02,20,Friday,False,3.1818833333333334
20261002_180042,2026-10-02 18:00:49.087000+00:00,Luzern,local,ch:1:sloid:8450,"Luzern, Bahnhof",ch:1:sloid:8450::10,2026-10-02,ch:1:sjyid:100619:plan:a92e3915-8729-468a-bce3-7e0e9b29e98d,bus,Bus,20,20,49199,"Luzern, Bahnhof",Horw Technikumstrasse,J,,2026-10-02 18:04:00+00:00,2026-10-02 18:04:00+00:00,,True,0.0,2026-10-02 20:00:49.087000+02:00,2026-10-02 20:04:00+02:00,2026-10-02 20:04:00+02:00,2026-10-02,20,Friday,False,3.1818833333333334
20261002_180042,2026-10-02 18:00:49.087000+00:00,Luzern,local,ch:1:sloid:8450,"Luzern, Bahnhof",ch:1:sloid:8450::19,2026-10-02,ch:1:sjyid:100611:plan:072300005071001,bus,Bus,50,50,50015,"Luzern, Bahnhof",Menziken Bahnhof,L,,2026-10-02 18:05:00+00:00,2026-10-02 18:05:00+00:00,,True,0.0,2026-10-02 20:00:49.087000+02:00,2026-10-02 20:05:00+02:00,2026-10-02 20:05:00+02:00,2026-10-02,20,Friday,False,4.181883333333333
20261002_180042,2026-10-02 18:00:49.087000+00:00,Luzern,local,ch:1:sloid:8450,"Luzern, Bahnhof",ch:1:sloid:8450::17,2026-10-02,ch:1:sjyid:100619:plan:41302140-a48a-4eb6-abac-4fa9b626c3dc,bus,Bus,10,10,32885,"Luzern, Bahnhof",Dattenberg,W,,2026-10-02 18:05:00+00:00,2026-10-02 18:05:00+00:00,,True,0.0,2026-10-02 20:00:49.087000+02:00,2026-10-02 20:05:00+02:00,2026-10-02 20:05:00+02:00,2026-10-02,20,Friday,False,4.181883333333333
20261002_180042,2026-10-02 18:00:49.087000+00:00,Luzern,local,ch:1:sloid:8450,"Luzern, Bahnhof",ch:1:sloid:8450::19,2026-10-02,ch:1:sjyid:100611:itcs-dispo:3e36d4cf-726b-3974-a4a7-84ef95e57832,bus,,50,50,,"Luzern, Bahnhof",Menziken Bahnhof,L,,2026-10-02 18:05:00+00:00,2026-10-02 18:05:00+00:00,,True,0.0,2026-10-02 20:00:49.087000+02:00,2026-10-02 20:05:00+02:00,2026-10-02 20:05:00+02:00,2026-10-02,20,Friday,False,4.181883333333333
20261002_180042,2026-10-02 18:00:49.087000+00:00,Luzern,local,ch:1:sloid:8450,"Luzern, Bahnhof",ch:1:sloid:8450::1,2026-10-02,ch:1:sjyid:100619:plan:e0aa9147-08c0-4b35-b8de-1843a458b844,bus,Bus,1,1,4427,"Ebikon, Fildern",Obernau Dorf,A,,2026-10-02 18:06:00+00:00,2026-10-02 18:07:00+00:00,,True,1.0,2026-10-02 20:00:49.087000+02:00,2026-10-02 20:06:00+02:00,2026-10-02 20:07:00+02:00,2026-10-02,20,Friday,False,5.181883333333333
20261002_180042,2026-10-02 18:00:49.087000+00:00,Luzern,local,ch:1:sloid:8450,"Luzern, Bahnhof",ch:1:sloid:8450::2,2026-10-02,ch:1:sjyid:100619:plan:25d6bbb3-710d-48aa-8ccb-2b196cd46b79,bus,Bus,1,1,5466,"Obernau, Dorf",Ebikon Fildern,B,,2026-10-02 18:07:48+00:00,2026-10-02 18:07:30+00:00,,True,-0.3,2026-10-02 20:00:49.087000+02:00,2026-10-02 20:07:48+02:00,2026-10-02 20:07:30+02:00,2026-10-02,20,Friday,False,6.981883333333333
20261002_180042,2026-10-02 18:00:49.087000+00:00,Luzern,local,ch:1:sloid:8450,"Luzern, Bahnhof",ch:1:sloid:8450::15,2026-10-02,ch:1:sjyid:100602:6264c45d-1f09-416a-979f-73d23aee0c2d,bus,Bus,73,73,73183,"Luzern, Bahnhof",Rotkreuz,U,,2026-10-02 18:07:00+00:00,,,False,,2026-10-02 20:00:49.087000+02:00,2026-10-02 20:07:00+02:00,,2026-10-02,20,Friday,False,6.181883333333333
20261002_180042,2026-10-02 18:00:49.087000+00:00,Luzern,local,ch:1:sloid:8450,"Luzern, Bahnhof",ch:1:sloid:8450::2,2026-10-02,ch:1:sjyid:100619:plan:3929e932-3670-4b9c-884a-293d42098d6a,bus,Bus,6,6,22254,"Luzern, Matthof",Büttenenhalde,B,,2026-10-02 18:08:00+00:00,2026-10-02 18:08:00+00:00,,True,0.0,2026-10-02 20:00:49.087000+02:00,2026-10-02 20:08:00+02:00,2026-10-02 20:08:00+02:00,2026-10-02,20,Friday,False,7.181883333333333
20261002_180042,2026-10-02 18:00:49.087000+00:00,Luzern,local,ch:1:sloid:8450,"Luzern, Bahnhof",ch:1:sloid:8450::1,2026-10-02,ch:1:sjyid:100619:plan:0655326a-8fac-484b-b69b-5eee438cabd6,bus,Bus,6,6,22251,"Luzern, Büttenenhalde",Matthof,A,,2026-10-02 18:08:00+00:00,2026-10-02 18:07:54+00:00,,True,-0.1,2026-10-02 20:00:49.087000+02:00,2026-10-02 20:08:00+02:00,2026-10-02 20:07:54+02:00,2026-10-02,20,Friday,False,7.181883333333333
20261002_180042,2026-10-02 18:00:49.087000+00:00,Luzern,local,ch:1:sloid:8450,"Luzern, Bahnhof",ch:1:sloid:8450::1,2026-10-02,ch:1:sjyid:100619:plan:3476da5e-e97e-499e-876d-3e039da5fe6f,bus,Bus,7,7,26145,"Luzern, Unterlöchli",Werkhofstrasse,A,,2026-10-02 18:08:00+00:00,2026-10-02 18:08:00+00:00,,True,0.0,2026-10-02 20:00:49.087000+02:00,2026-10-02 20:08:00+02:00,2026-10-02 20:08:00+02:00,2026-10-02,20,Friday,False,7.181883333333333
20261002_180042,2026-10-02 18:00:49.087000+00:00,Luzern,local,ch:1:sloid:8450,"Luzern, Bahnhof",ch:1:sloid:8450::11,2026-10-02,ch:1:sjyid:100619:plan:74d0a962-1b85-4097-8ec6-e248dc9e1aca,bus,Bus,19,19,45966,"Luzern, Bahnhof",Friedental,R,,2026-10-02 18:10:00+00:00,2026-10-02 18:10:00+00:00,,True,0.0,2026-10-02 20:00:49.087000+02:00,2026-10-02 20:10:00+02:00,2026-10-02 20:10:00+02:00,2026-10-02,20,Friday,False,9.181883333333333
20261002_180042,2026-10-02 18:00:49.087000+00:00,Luzern,local,ch:1:sloid:8450,"Luzern, Bahnhof",ch:1:sloid:8450::16,2026-10-02,ch:1:sjyid:100619:plan:e6ac378b-738a-49b3-8524-611b56cd3674,bus,Bus,4,4,15595,"Luzern, Bahnhof",Hubelmatt,V,,2026-10-02 18:10:00+00:00,2026-10-02 18:10:00+00:00,,True,0.0,2026-10-02 20:00:49.087000+02:00,2026-10-02 20:10:00+02:00,2026-10-02 20:10:00+02:00,2026-10-02,20,Friday,False,9.181883333333333
20261002_180042,2026-10-02 18:00:49.087000+00:00,Luzern,local,ch:1:sloid:8450,"Luzern, Bahnhof",ch:1:sloid:8450::1,2026-10-02,ch:1:sjyid:100619:plan:afd20b53-9f66-4da3-938d-2670e0333c75,bus,Bus,1,1,4449,"Ebikon, Fildern",Obernau Dorf,A,,2026-10-02 18:13:00+00:00,2026-10-02 18:13:24+00:00,,True,0.4,2026-10-02 20:00:49.087000+02:00,2026-10-02 20:13:00+02:00,2026-10-02 20:13:24+02:00,2026-10-02,20,Friday,False,12.181883333333333
20261002_180042,2026-10-02 18:00:49.087000+00:00,Luzern,local,ch:1:sloid:8450,"Luzern, Bahnhof",ch:1:sloid:8450::1,2026-10-02,ch:1:sjyid:100619:plan:e7f708ee-59c5-4b25-b601-9f56dd743a91,bus,Bus,6,6,22275,"Luzern, Büttenenhalde",Werkhofstrasse,A,,2026-10-02 18:13:00+00:00,2026-10-02 18:13:06+00:00,,True,0.1,2026-10-02 20:00:49.087000+02:00,2026-10-02 20:13:00+02:00,2026-10-02 20:13:06+02:00,2026-10-02,20,Friday,False,12.181883333333333
20261002_180042,2026-10-02 18:00:49.087000+00:00,Luzern,local,ch:1:sloid:8450,"Luzern, Bahnhof",ch:1:sloid:8450::2,2026-10-02,ch:1:sjyid:100619:plan:4fc635ae-c349-439b-89ff-9aec93002c67,bus,Bus,7,7,26160,"Horw, Biregghof",Unterlöchli,B,,2026-10-02 18:15:00+00:00,2026-10-02 18:15:00+00:00,,True,0.0,2026-10-02 20:00:49.087000+02:00,2026-10-02 20:15:00+02:00,2026-10-02 20:15:00+02:00,2026-10-02,20,Friday,False,14.181883333333333
20261002_180042,2026-10-02 18:00:49.087000+00:00,Luzern,local,ch:1:sloid:8450,"Luzern, Bahnhof",ch:1:sloid:8450::2,2026-10-02,ch:1:sjyid:100619:plan:7350cd9d-0543-4996-b213-83251cb6931f,bus,Bus,14,14,39592,"Horw, Zentrum",Brüelstrasse,B,,2026-10-02 18:15:06+00:00,2026-10-02 18:17:18+00:00,,True,2.2,2026-10-02 20:00:49.087000+02:00,2026-10-02 20:15:06+02:00,2026-10-02 20:17:18+02:00,2026-10-02,20,Friday,False,14.281883333333333
20261002_180042,2026-10-02 18:00:49.087000+00:00,Luzern,local,ch:1:sloid:8450,"Luzern, Bahnhof",ch:1:sloid:8450::23,2026-10-02,ch:1:sjyid:100619:plan:9638aa98-4bbc-4857-9690-75a453149ec3,bus,Bus,2,2,10905,"Luzern, Bahnhof",E'brücke Sprengi,Y,,2026-10-02 18:15:00+00:00,2026-10-02 18:15:00+00:00,,True,0.0,2026-10-02 20:00:49.087000+02:00,2026-10-02 20:15:00+02:00,2026-10-02 20:15:00+02:00,2026-10-02,20,Friday,False,14.181883333333333
20261002_180042,2026-10-02 18:00:49.087000+00:00,Luzern,local,ch:1:sloid:8450,"Luzern, Bahnhof",ch:1:sloid:8450::1,2026-10-02,ch:1:sjyid:100619:plan:1e0a1872-d6f3-4964-9b1d-102c435736a2,bus,Bus,7,7,26165,"Luzern, Unterlöchli",Horw Biregghof,A,,2026-10-02 18:15:00+00:00,2026-10-02 18:15:00+00:00,,True,0.0,2026-10-02 20:00:49.087000+02:00,2026-10-02 20:15:00+02:00,2026-10-02 20:15:00+02:00,2026-10-02,20,Friday,False,14.181883333333333
20261002_180042,2026-10-02 18:00:49.577000+00:00,St. Gallen,local,ch:1:sloid:74095,"St. Gallen, Bahnhof",ch:1:sloid:74095:0:894224,2026-10-02,ch:1:sjyid:100684:SKI-6476,bus,Bus,6,6,6476,"St. Gallen, Bach St. Georgen",Heiligkreuz,E,,2026-10-02 17:58:00+00:00,2026-10-02 18:00:00+00:00,,True,2.0,2026-10-02 20:00:49.577000+02:00,2026-10-02 19:58:00+02:00,2026-10-02 20:00:00+02:00,2026-10-02,19,Friday,False,-2.8262833333333335
20261002_180042,2026-10-02 18:00:49.577000+00:00,St. Gallen,local,ch:1:sloid:74095,"St. Gallen, Bahnhof",ch:1:sloid:74095:0:888081,2026-10-02,ch:1:sjyid:100684:SKI-4279,bus,Bus,4,4,4279,"Wittenbach, Bahnhof","Abtwil SG, Säntispark",F,,2026-10-02 17:59:00+00:00,2026-10-02 18:00:00+00:00,,True,1.0,2026-10-02 20:00:49.577000+02:00,2026-10-02 19:59:00+02:00,2026-10-02 20:00:00+02:00,2026-10-02,19,Friday,False,-1.8262833333333333
20261002_180042,2026-10-02 18:00:49.577000+00:00,St. Gallen,local,ch:1:sloid:74095,"St. Gallen, Bahnhof",ch:1:sloid:74095:0:541287,2026-10-02,ch:1:sjyid:100684:SKI-7323,bus,Bus,7,7,7323,"St. Gallen, Neudorf/R'str.",Hinterberg,H,,2026-10-02 18:00:00+00:00,2026-10-02 18:00:42+00:00,,True,0.7,2026-10-02 20:00:49.577000+02:00,2026-10-02 20:00:00+02:00,2026-10-02 20:00:42+02:00,2026-10-02,20,Friday,False,-0.8262833333333333
20261002_180042,2026-10-02 18:00:49.577000+00:00,St. Gallen,local,ch:1:sloid:74095,"St. Gallen, Bahnhof",ch:1:sloid:74095:0:886128,2026-10-02,ch:1:sjyid:100602:d7bd8e84-ed22-4e4b-b692-0ad7829819d1,bus,Bus,210,210,21062,"St. Gallen, Bahnhof",Arbon,G,,2026-10-02 18:00:00+00:00,2026-10-02 18:00:00+00:00,,True,0.0,2026-10-02 20:00:49.577000+02:00,2026-10-02 20:00:00+02:00,2026-10-02 20:00:00+02:00,2026-10-02,20,Friday,False,-0.8262833333333333
20261002_180042,2026-10-02 18:00:49.577000+00:00,St. Gallen,local,ch:1:sloid:74095,"St. Gallen, Bahnhof",ch:1:sloid:74095:0:606657,2026-10-02,ch:1:sjyid:100684:SKI-7312,bus,Bus,7,7,7312,"St. Gallen, Hinterberg",Neudorf / R'str.,I,,2026-10-02 18:00:00+00:00,2026-10-02 18:00:00+00:00,,True,0.0,2026-10-02 20:00:49.577000+02:00,2026-10-02 20:00:00+02:00,2026-10-02 20:00:00+02:00,2026-10-02,20,Friday,False,-0.8262833333333333
20261002_180042,2026-10-02 18:00:49.577000+00:00,St. Gallen,local,ch:1:sloid:74095,"St. Gallen, Bahnhof",ch:1:sloid:74095:0:181274,2026-10-02,ch:1:sjyid:100684:SKI-1492,bus,Bus,1,1,1492,"St. Gallen, Wolfganghof",Stephanshorn,B,,2026-10-02 18:01:00+00:00,2026-10-02 18:01:36+00:00,,True,0.6,2026-10-02 20:00:49.577000+02:00,2026-10-02 20:01:00+02:00,2026-10-02 20:01:36+02:00,2026-10-02,20,Friday,False,0.17371666666666666
20261002_180042,2026-10-02 18:00:49.577000+00:00,St. Gallen,local,ch:1:sloid:74095,"St. Gallen, Bahnhof",ch:1:sloid:74095:0:894224,2026-10-02,ch:1:sjyid:100684:SKI-4284,bus,Bus,4,4,4284,"Abtwil SG, St. Josefen","Wittenbach, Bahnhof",E,,2026-10-02 18:01:00+00:00,2026-10-02 18:01:00+00:00,,True,0.0,2026-10-02 20:00:49.577000+02:00,2026-10-02 20:01:00+02:00,2026-10-02 20:01:00+02:00,2026-10-02,20,Friday,False,0.17371666666666666
20261002_180042,2026-10-02 18:00:49.577000+00:00,St. Gallen,local,ch:1:sloid:74095,"St. Gallen, Bahnhof",ch:1:sloid:74095:0:174964,2026-10-02,ch:1:sjyid:100602:62f33c87-71d2-4e3c-afcd-bf189e064761,bus,Bus,120,120,13017,"Heiden, Post",Engelburg,C,,2026-10-02 18:02:00+00:00,2026-10-02 18:02:00+00:00,,True,0.0,2026-10-02 20:00:49.577000+02:00,2026-10-02 20:02:00+02:00,2026-10-02 20:02:00+02:00,2026-10-02,20,Friday,False,1.1737166666666667
20261002_180042,2026-10-02 18:00:49.577000+00:00,St. Gallen,local,ch:1:sloid:74095,"St. Gallen, Bahnhof",ch:1:sloid:74095:0:888081,2026-10-02,ch:1:sjyid:100695:3244b80d-a105-48cc-9988-92c07906bbfc,bus,Bus,151,151,51254,"St. Gallen, Spisertor (Bus)",Gossau Bhf,F,,2026-10-02 18:02:00+00:00,2026-10-02 18:02:54+00:00,,True,0.9,2026-10-02 20:00:49.577000+02:00,2026-10-02 20:02:00+02:00,2026-10-02 20:02:54+02:00,2026-10-02,20,Friday,False,1.1737166666666667
20261002_180042,2026-10-02 18:00:49.577000+00:00,St. Gallen,local,ch:1:sloid:74095,"St. Gallen, Bahnhof",ch:1:sloid:74095:0:541287,2026-10-02,ch:1:sjyid:100684:SKI-10189,bus,Bus,10,10,10189,"St. Gallen, Röteli",Oberhofstetten,H,,2026-10-02 18:04:00+00:00,2026-10-02 18:04:00+00:00,,True,0.0,2026-10-02 20:00:49.577000+02:00,2026-10-02 20:04:00+02:00,2026-10-02 20:04:00+02:00,2026-10-02,20,Friday,False,3.1737166666666665
20261002_180042,2026-10-02 18:00:49.577000+00:00,St. Gallen,local,ch:1:sloid:74095,"St. Gallen, Bahnhof",ch:1:sloid:74095:0:174964,2026-10-02,ch:1:sjyid:100684:SKI-9303,bus,Bus,9,9,9303,"St. Gallen, Schuppis Nord",Hölzli,C,,2026-10-02 18:06:00+00:00,2026-10-02 18:06:00+00:00,,True,0.0,2026-10-02 20:00:49.577000+02:00,2026-10-02 20:06:00+02:00,2026-10-02 20:06:00+02:00,2026-10-02,20,Friday,False,5.1737166666666665
20261002_180042,2026-10-02 18:00:49.577000+00:00,St. Gallen,local,ch:1:sloid:74095,"St. Gallen, Bahnhof",ch:1:sloid:74095:0:989159,2026-10-02,ch:1:sjyid:100684:SKI-2487,bus,Bus,2,2,2487,"St. Gallen, Guggeien",Wolfganghof,A,,2026-10-02 18:07:00+00:00,2026-10-02 18:07:00+00:00,,True,0.0,2026-10-02 20:00:49.577000+02:00,2026-10-02 20:07:00+02:00,2026-10-02 20:07:00+02:00,2026-10-02,20,Friday,False,6.1737166666666665
20261002_180042,2026-10-02 18:00:49.577000+00:00,St. Gallen,local,ch:1:sloid:74095,"St. Gallen, Bahnhof",ch:1:sloid:74095:0:886128,2026-10-02,ch:1:sjyid:100602:ce7cd848-8500-4942-9a7e-9d63b32fc042,bus,Expressbus,201,201,20170,"St. Gallen, Bahnhof",Arbon,G,,2026-10-02 18:07:00+00:00,2026-10-02 18:07:00+00:00,,True,0.0,2026-10-02 20:00:49.577000+02:00,2026-10-02 20:07:00+02:00,2026-10-02 20:07:00+02:00,2026-10-02,20,Friday,False,6.1737166666666665
20261002_180042,2026-10-02 18:00:49.577000+00:00,St. Gallen,local,ch:1:sloid:74095,"St. Gallen, Bahnhof",ch:1:sloid:74095:0:541287,2026-10-02,ch:1:sjyid:100684:SKI-6499,bus,Bus,6,6,6499,"St. Gallen, Heiligkreuz",Bach St.Georgen,H,,2026-10-02 18:08:00+00:00,2026-10-02 18:08:00+00:00,,True,0.0,2026-10-02 20:00:49.577000+02:00,2026-10-02 20:08:00+02:00,2026-10-02 20:08:00+02:00,2026-10-02,20,Friday,False,7.1737166666666665
20261002_180042,2026-10-02 18:00:49.577000+00:00,St. Gallen,local,ch:1:sloid:74095,"St. Gallen, Bahnhof",ch:1:sloid:74095:0:894224,2026-10-02,ch:1:sjyid:100695:05ef6b0f-d0f3-42b2-93d2-be1fd434af07,bus,Bus,151,151,51245,"Gossau SG, Bahnhof",St.Gallen Spisertor,E,,2026-10-02 18:08:00+00:00,2026-10-02 18:09:24+00:00,,True,1.4,2026-10-02 20:00:49.577000+02:00,2026-10-02 20:08:00+02:00,2026-10-02 20:09:24+02:00,2026-10-02,20,Friday,False,7.1737166666666665
20261002_180042,2026-10-02 18:00:49.577000+00:00,St. Gallen,local,ch:1:sloid:74095,"St. Gallen, Bahnhof",ch:1:sloid:74095:0:894224,2026-10-02,ch:1:sjyid:100684:SKI-6484,bus,Bus,6,6,6484,"St. Gallen, Bach St. Georgen",Marktplatz / Bohl,E,,2026-10-02 18:08:00+00:00,2026-10-02 18:08:00+00:00,,True,0.0,2026-10-02 20:00:49.577000+02:00,2026-10-02 20:08:00+02:00,2026-10-02 20:08:00+02:00,2026-10-02,20,Friday,False,7.1737166666666665
20261002_180042,2026-10-02 18:00:49.577000+00:00,St. Gallen,local,ch:1:sloid:74095,"St. Gallen, Bahnhof",ch:1:sloid:74095:0:894224,2026-10-02,ch:1:sjyid:100684:SKI-3280,bus,Bus,3,3,3280,"Abtwil SG, Säntispark","Wittenbach, Bahnhof",E,,2026-10-02 18:09:00+00:00,2026-10-02 18:09:00+00:00,,True,0.0,2026-10-02 20:00:49.577000+02:00,2026-10-02 20:09:00+02:00,2026-10-02 20:09:00+02:00,2026-10-02,20,Friday,False,8.173716666666667
20261002_180042,2026-10-02 18:00:49.577000+00:00,St. Gallen,local,ch:1:sloid:74095,"St. Gallen, Bahnhof",ch:1:sloid:74095:0:181274,2026-10-02,ch:1:sjyid:100684:SKI-2492,bus,Bus,2,2,2492,"St. Gallen, Winkeln",Guggeien,B,,2026-10-02 18:10:00+00:00,2026-10-02 18:10:30+00:00,,True,0.5,2026-10-02 20:00:49.577000+02:00,2026-10-02 20:10:00+02:00,2026-10-02 20:10:30+02:00,2026-10-02,20,Friday,False,9.173716666666667
20261002_180042,2026-10-02 18:00:49.577000+00:00,St. Gallen,local,ch:1:sloid:74095,"St. Gallen, Bahnhof",ch:1:sloid:74095:0:606657,2026-10-02,ch:1:sjyid:100684:SKI-8312,bus,Bus,8,8,8312,"St. Gallen, Wendeplatz Stocken",Neudorf / R'str.,I,,2026-10-02 18:10:00+00:00,2026-10-02 18:10:00+00:00,,True,0.0,2026-10-02 20:00:49.577000+02:00,2026-10-02 20:10:00+02:00,2026-10-02 20:10:00+02:00,2026-10-02,20,Friday,False,9.173716666666667
20261002_180042,2026-10-02 18:00:49.577000+00:00,St. Gallen,local,ch:1:sloid:74095,"St. Gallen, Bahnhof",ch:1:sloid:74095:0:482413,2026-10-02,ch:1:sjyid:100602:fce63944-1912-49ab-8ffc-9e685e90e28f,bus,Bus,121,121,12198,"Engelburg, Dorfplatz",Heiden,D,,2026-10-02 18:12:00+00:00,2026-10-02 18:12:06+00:00,,True,0.1,2026-10-02 20:00:49.577000+02:00,2026-10-02 20:12:00+02:00,2026-10-02 20:12:06+02:00,2026-10-02,20,Friday,False,11.173716666666667
20261002_180042,2026-10-02 18:00:49.577000+00:00,St. Gallen,local,ch:1:sloid:74095,"St. Gallen, Bahnhof",ch:1:sloid:74095:0:888081,2026-10-02,ch:1:sjyid:100695:abdafc6b-9215-4284-a68c-689d883e8e0d,bus,Bus,151,151,51256,"St. Gallen, Spisertor (Bus)",Gossau Bhf,F,,2026-10-02 18:12:00+00:00,2026-10-02 18:12:00+00:00,,True,0.0,2026-10-02 20:00:49.577000+02:00,2026-10-02 20:12:00+02:00,2026-10-02 20:12:00+02:00,2026-10-02,20,Friday,False,11.173716666666667
20261002_180042,2026-10-02 18:00:49.577000+00:00,St. Gallen,local,ch:1:sloid:74095,"St. Gallen, Bahnhof",ch:1:sloid:74095:0:606657,2026-10-02,ch:1:sjyid:100684:SKI-5476,bus,Bus,5,5,5476,"St. Gallen, Riethüsli",Rotmonten,I,,2026-10-02 18:13:00+00:00,2026-10-02 18:13:00+00:00,,True,0.0,2026-10-02 20:00:49.577000+02:00,2026-10-02 20:13:00+02:00,2026-10-02 20:13:00+02:00,2026-10-02,20,Friday,False,12.173716666666667
20261002_180042,2026-10-02 18:00:49.577000+00:00,St. Gallen,local,ch:1:sloid:74095,"St. Gallen, Bahnhof",ch:1:sloid:74095:0:888081,2026-10-02,ch:1:sjyid:100684:SKI-3285,bus,Bus,3,3,3285,"Wittenbach, Bahnhof","Abtwil SG, St.Josefen",F,,2026-10-02 18:15:00+00:00,2026-10-02 18:15:00+00:00,,True,0.0,2026-10-02 20:00:49.577000+02:00,2026-10-02 20:15:00+02:00,2026-10-02 20:15:00+02:00,2026-10-02,20,Friday,False,14.173716666666667
20261002_180042,2026-10-02 18:00:49.577000+00:00,St. Gallen,local,ch:1:sloid:74095,"St. Gallen, Bahnhof",ch:1:sloid:74095:0:541287,2026-10-02,ch:1:sjyid:100684:SKI-8323,bus,Bus,8,8,8323,"St. Gallen, Neudorf/R'str.",Wendeplatz Stocken,H,,2026-10-02 18:15:00+00:00,2026-10-02 18:15:00+00:00,,True,0.0,2026-10-02 20:00:49.577000+02:00,2026-10-02 20:15:00+02:00,2026-10-02 20:15:00+02:00,2026-10-02,20,Friday,False,14.173716666666667
20261002_180042,2026-10-02 18:00:49.577000+00:00,St. Gallen,local,ch:1:sloid:74095,"St. Gallen, Bahnhof",ch:1:sloid:74095:0:541287,2026-10-02,ch:1:sjyid:100684:SKI-5489,bus,Bus,5,5,5489,"St. Gallen, Rotmonten",Riethüsli,H,,2026-10-02 18:16:00+00:00,2026-10-02 18:16:00+00:00,,True,0.0,2026-10-02 20:00:49.577000+02:00,2026-10-02 20:16:00+02:00,2026-10-02 20:16:00+02:00,2026-10-02,20,Friday,False,15.173716666666667
20261002_180042,2026-10-02 18:00:49.577000+00:00,St. Gallen,local,ch:1:sloid:74095,"St. Gallen, Bahnhof",ch:1:sloid:74095:0:181274,2026-10-02,ch:1:sjyid:100684:SKI-2500,bus,Bus,2,2,2500,"St. Gallen, Winkeln",Theater,B,,2026-10-02 18:16:00+00:00,2026-10-02 18:16:00+00:00,,True,0.0,2026-10-02 20:00:49.577000+02:00,2026-10-02 20:16:00+02:00,2026-10-02 20:16:00+02:00,2026-10-02,20,Friday,False,15.173716666666667
20261002_180042,2026-10-02 18:00:49.577000+00:00,St. Gallen,local,ch:1:sloid:74095,"St. Gallen, Bahnhof",ch:1:sloid:74095:0:894224,2026-10-02,ch:1:sjyid:100684:SKI-4290,bus,Bus,4,4,4290,"Abtwil SG, St. Josefen","Wittenbach, Bahnhof",E,,2026-10-02 18:16:00+00:00,2026-10-02 18:16:42+00:00,,True,0.7,2026-10-02 20:00:49.577000+02:00,2026-10-02 20:16:00+02:00,2026-10-02 20:16:42+02:00,2026-10-02,20,Friday,False,15.173716666666667
20261002_180042,2026-10-02 18:00:49.577000+00:00,St. Gallen,local,ch:1:sloid:74095,"St. Gallen, Bahnhof",ch:1:sloid:74095:0:989159,2026-10-02,ch:1:sjyid:100684:SKI-1509,bus,Bus,1,1,1509,"St. Gallen, Stephanshorn",Winkeln,A,,2026-10-02 18:18:00+00:00,2026-10-02 18:19:54+00:00,,True,1.9,2026-10-02 20:00:49.577000+02:00,2026-10-02 20:18:00+02:00,2026-10-02 20:19:54+02:00,2026-10-02,20,Friday,False,17.173716666666667
20261002_180042,2026-10-02 18:00:49.577000+00:00,St. Gallen,local,ch:1:sloid:74095,"St. Gallen, Bahnhof",ch:1:sloid:74095:0:174964,2026-10-02,ch:1:sjyid:100602:0d074f80-1f00-4e10-8893-84b730c6bf2b,bus,Bus,121,121,12195,"Heiden, Post",Engelburg,C,,2026-10-02 18:18:00+00:00,2026-10-02 18:18:00+00:00,,True,0.0,2026-10-02 20:00:49.577000+02:00,2026-10-02 20:18:00+02:00,2026-10-02 20:18:00+02:00,2026-10-02,20,Friday,False,17.173716666666667
20261002_180042,2026-10-02 18:00:49.577000+00:00,St. Gallen,local,ch:1:sloid:74095,"St. Gallen, Bahnhof",ch:1:sloid:74095:0:482413,2026-10-02,ch:1:sjyid:100602:1a837836-94c0-438a-a91a-d1af8555afb0,bus,Bus,242,242,24282,"St. Gallen, Bahnhof",Rheineck,D,,2026-10-02 18:18:00+00:00,2026-10-02 18:18:00+00:00,,True,0.0,2026-10-02 20:00:49.577000+02:00,2026-10-02 20:18:00+02:00,2026-10-02 20:18:00+02:00,2026-10-02,20,Friday,False,17.173716666666667
20261002_180042,2026-10-02 18:00:50.062000+00:00,Lausanne,local,ch:1:sloid:92050,"Lausanne, gare",ch:1:sloid:92050:0:2814,2026-10-02,ch:1:sjyid:100122:plan1:2026_ATT5-21-50-Semaine-21-9980512,bus,Bus,21,21,21128,"Paudex, Verrière",Blécherette,D,,2026-10-02 17:58:00+00:00,2026-10-02 18:01:30+00:00,,True,3.5,2026-10-02 20:00:50.062000+02:00,2026-10-02 19:58:00+02:00,2026-10-02 20:01:30+02:00,2026-10-02,19,Friday,False,-2.834366666666667
20261002_180042,2026-10-02 18:00:50.062000+00:00,Lausanne,local,ch:1:sloid:92050,"Lausanne, gare",ch:1:sloid:92050:0:2893,2026-10-02,ch:1:sjyid:100122:plan1:2026_ATT5-01-50-Semaine-1-10019081,bus,Bus,1,1,1171,"Lausanne, Maladière",Blécherette,A,,2026-10-02 17:59:00+00:00,2026-10-02 18:00:48+00:00,,True,1.8,2026-10-02 20:00:50.062000+02:00,2026-10-02 19:59:00+02:00,2026-10-02 20:00:48+02:00,2026-10-02,19,Friday,False,-1.8343666666666667
20261002_180042,2026-10-02 18:00:50.062000+00:00,Lausanne,local,ch:1:sloid:92050,"Lausanne, gare",ch:1:sloid:92050:0:2814,2026-10-02,ch:1:sjyid:100122:plan1:2026_ATT2-03-20-Semaine-3-9715727,bus,Bus,3,3,3103,"Lausanne, gare",Maillefer,D,,2026-10-02 18:00:00+00:00,2026-10-02 18:00:00+00:00,,True,0.0,2026-10-02 20:00:50.062000+02:00,2026-10-02 20:00:00+02:00,2026-10-02 20:00:00+02:00,2026-10-02,20,Friday,False,-0.8343666666666666
20261002_180042,2026-10-02 18:00:50.062000+00:00,Lausanne,local,ch:1:sloid:92050,"Lausanne, gare",ch:1:sloid:92050:0:2892,2026-10-02,ch:1:sjyid:100122:plan1:2026_ATT5-01-50-Semaine-1-10019073,bus,Bus,1,1,1325,"Lausanne, Blécherette",Maladière,B,,2026-10-02 18:01:00+00:00,2026-10-02 18:01:48+00:00,,True,0.8,2026-10-02 20:00:50.062000+02:00,2026-10-02 20:01:00+02:00,2026-10-02 20:01:48+02:00,2026-10-02,20,Friday,False,0.16563333333333335
20261002_180042,2026-10-02 18:00:50.062000+00:00,Lausanne,local,ch:1:sloid:92050,"Lausanne, gare",ch:1:sloid:92050:0:1096,2026-10-02,ch:1:sjyid:100122:plan2:m2_0263,metro,Metro,m2,m2,720263,"Lausanne, Ouchy-Olympique","Epalinges, Croisettes",,,2026-10-02 18:02:00+00:00,,,False,,2026-10-02 20:00:50.062000+02:00,2026-10-02 20:02:00+02:00,,2026-10-02,20,Friday,False,1.1656333333333333
20261002_180042,2026-10-02 18:00:50.062000+00:00,Lausanne,local,ch:1:sloid:92050,"Lausanne, gare",ch:1:sloid:92050:0:2815,2026-10-02,ch:1:sjyid:100122:plan1:2026_ATT5-20-50-Semaine-20-9969528,bus,Bus,20,20,20077,"Lausanne, gare",Blécherette,C,,2026-10-02 18:02:00+00:00,2026-10-02 18:02:00+00:00,,True,0.0,2026-10-02 20:00:50.062000+02:00,2026-10-02 20:02:00+02:00,2026-10-02 20:02:00+02:00,2026-10-02,20,Friday,False,1.1656333333333333
20261002_180042,2026-10-02 18:00:50.062000+00:00,Lausanne,local,ch:1:sloid:92050,"Lausanne, gare",ch:1:sloid:92050:0:1101,2026-10-02,ch:1:sjyid:100122:plan2:m2_0208,metro,Metro,m2,m2,720208,"Epalinges, Croisettes","Lausanne, Ouchy-Olympique",,,2026-10-02 18:03:00+00:00,,,False,,2026-10-02 20:00:50.062000+02:00,2026-10-02 20:03:00+02:00,,2026-10-02,20,Friday,False,2.165633333333333
20261002_180042,2026-10-02 18:00:50.062000+00:00,Lausanne,local,ch:1:sloid:92050,"Lausanne, gare",ch:1:sloid:92050:0:1096,2026-10-02,ch:1:sjyid:100122:plan2:m2_0317,metro,Metro,m2,m2,720317,"Lausanne, Ouchy-Olympique","Epalinges, Croisettes",,,2026-10-02 18:07:00+00:00,,,False,,2026-10-02 20:00:50.062000+02:00,2026-10-02 20:07:00+02:00,,2026-10-02,20,Friday,False,6.165633333333333
20261002_180042,2026-10-02 18:00:50.062000+00:00,Lausanne,local,ch:1:sloid:92050,"Lausanne, gare",ch:1:sloid:92050:0:2814,2026-10-02,ch:1:sjyid:100122:plan1:2026_ATT5-21-50-Semaine-21-9980513,bus,Bus,21,21,21129,"Paudex, Verrière",Blécherette,D,,2026-10-02 18:07:00+00:00,,,False,,2026-10-02 20:00:50.062000+02:00,2026-10-02 20:07:00+02:00,,2026-10-02,20,Friday,False,6.165633333333333
20261002_180042,2026-10-02 18:00:50.062000+00:00,Lausanne,local,ch:1:sloid:92050,"Lausanne, gare",ch:1:sloid:92050:0:1101,2026-10-02,ch:1:sjyid:100122:plan2:m2_0536,metro,Metro,m2,m2,720536,"Epalinges, Croisettes","Lausanne, Ouchy-Olympique",,,2026-10-02 18:07:00+00:00,,,False,,2026-10-02 20:00:50.062000+02:00,2026-10-02 20:07:00+02:00,,2026-10-02,20,Friday,False,6.165633333333333
20261002_180042,2026-10-02 18:00:50.062000+00:00,Lausanne,local,ch:1:sloid:92050,"Lausanne, gare",ch:1:sloid:92050:0:2893,2026-10-02,ch:1:sjyid:100122:plan1:2026_ATT5-21-50-Semaine-21-9980529,bus,Bus,21,21,21260,"Lausanne, Blécherette",Verrière,A,,2026-10-02 18:07:00+00:00,2026-10-02 18:12:42+00:00,,True,5.7,2026-10-02 20:00:50.062000+02:00,2026-10-02 20:07:00+02:00,2026-10-02 20:12:42+02:00,2026-10-02,20,Friday,False,6.165633333333333
20261002_180042,2026-10-02 18:00:50.062000+00:00,Lausanne,local,ch:1:sloid:92050,"Lausanne, gare",ch:1:sloid:92050:0:2893,2026-10-02,ch:1:sjyid:100122:plan1:2026_ATT5-01-50-Semaine-1-10019082,bus,Bus,1,1,1172,"Lausanne, Maladière",Blécherette,A,,2026-10-02 18:09:00+00:00,2026-10-02 18:08:42+00:00,,True,-0.3,2026-10-02 20:00:50.062000+02:00,2026-10-02 20:09:00+02:00,2026-10-02 20:08:42+02:00,2026-10-02,20,Friday,False,8.165633333333334
20261002_180042,2026-10-02 18:00:50.062000+00:00,Lausanne,local,ch:1:sloid:92050,"Lausanne, gare",ch:1:sloid:92050:0:2814,2026-10-02,ch:1:sjyid:100122:plan1:2026_ATT2-03-20-Semaine-3-9715728,bus,Bus,3,3,3104,"Lausanne, gare",Maillefer,D,,2026-10-02 18:10:00+00:00,2026-10-02 18:10:00+00:00,,True,0.0,2026-10-02 20:00:50.062000+02:00,2026-10-02 20:10:00+02:00,2026-10-02 20:10:00+02:00,2026-10-02,20,Friday,False,9.165633333333334
20261002_180042,2026-10-02 18:00:50.062000+00:00,Lausanne,local,ch:1:sloid:92050,"Lausanne, gare",ch:1:sloid:92050:0:1096,2026-10-02,ch:1:sjyid:100122:plan2:m2_0415,metro,Metro,m2,m2,720415,"Lausanne, Ouchy-Olympique","Epalinges, Croisettes",,,2026-10-02 18:11:00+00:00,,,False,,2026-10-02 20:00:50.062000+02:00,2026-10-02 20:11:00+02:00,,2026-10-02,20,Friday,False,10.165633333333334
20261002_180042,2026-10-02 18:00:50.062000+00:00,Lausanne,local,ch:1:sloid:92050,"Lausanne, gare",ch:1:sloid:92050:0:2892,2026-10-02,ch:1:sjyid:100122:plan1:2026_ATT5-01-50-Semaine-1-10019074,bus,Bus,1,1,1326,"Lausanne, Blécherette",Maladière,B,,2026-10-02 18:11:00+00:00,2026-10-02 18:11:24+00:00,,True,0.4,2026-10-02 20:00:50.062000+02:00,2026-10-02 20:11:00+02:00,2026-10-02 20:11:24+02:00,2026-10-02,20,Friday,False,10.165633333333334
20261002_180042,2026-10-02 18:00:50.062000+00:00,Lausanne,local,ch:1:sloid:92050,"Lausanne, gare",ch:1:sloid:92050:0:1101,2026-10-02,ch:1:sjyid:100122:plan2:m2_0360,metro,Metro,m2,m2,720360,"Epalinges, Croisettes","Lausanne, Ouchy-Olympique",,,2026-10-02 18:11:00+00:00,,,False,,2026-10-02 20:00:50.062000+02:00,2026-10-02 20:11:00+02:00,,2026-10-02,20,Friday,False,10.165633333333334
20261002_180042,2026-10-02 18:00:50.062000+00:00,Lausanne,local,ch:1:sloid:92050,"Lausanne, gare",ch:1:sloid:92050:0:1096,2026-10-02,ch:1:sjyid:100122:plan2:m2_0209,metro,Metro,m2,m2,720209,"Lausanne, Ouchy-Olympique","Epalinges, Croisettes",,,2026-10-02 18:15:00+00:00,,,False,,2026-10-02 20:00:50.062000+02:00,2026-10-02 20:15:00+02:00,,2026-10-02,20,Friday,False,14.165633333333334
20261002_180042,2026-10-02 18:00:50.062000+00:00,Lausanne,local,ch:1:sloid:92050,"Lausanne, gare",ch:1:sloid:92050:0:2814,2026-10-02,ch:1:sjyid:100122:plan1:2026_ATT5-21-50-Semaine-21-9980514,bus,Bus,21,21,21130,"Paudex, Verrière",Blécherette,D,,2026-10-02 18:16:00+00:00,2026-10-02 18:16:54+00:00,,True,0.9,2026-10-02 20:00:50.062000+02:00,2026-10-02 20:16:00+02:00,2026-10-02 20:16:54+02:00,2026-10-02,20,Friday,False,15.165633333333334
20261002_180042,2026-10-02 18:00:50.062000+00:00,Lausanne,local,ch:1:sloid:92050,"Lausanne, gare",ch:1:sloid:92050:0:1101,2026-10-02,ch:1:sjyid:100122:plan2:m2_0494,metro,Metro,m2,m2,720494,"Epalinges, Croisettes","Lausanne, Ouchy-Olympique",,,2026-10-02 18:16:00+00:00,,,False,,2026-10-02 20:00:50.062000+02:00,2026-10-02 20:16:00+02:00,,2026-10-02,20,Friday,False,15.165633333333334
20261002_180042,2026-10-02 18:00:50.062000+00:00,Lausanne,local,ch:1:sloid:92050,"Lausanne, gare",ch:1:sloid:92050:0:2893,2026-10-02,ch:1:sjyid:100122:plan1:2026_ATT5-21-50-Semaine-21-9980588,bus,Bus,21,21,21262,"Lausanne, Blécherette",Verrière,A,,2026-10-02 18:16:00+00:00,2026-10-02 18:16:00+00:00,,True,0.0,2026-10-02 20:00:50.062000+02:00,2026-10-02 20:16:00+02:00,2026-10-02 20:16:00+02:00,2026-10-02,20,Friday,False,15.165633333333334
20261002_180042,2026-10-02 18:00:50.062000+00:00,Lausanne,local,ch:1:sloid:92050,"Lausanne, gare",ch:1:sloid:92050:0:2815,2026-10-02,ch:1:sjyid:100122:plan1:2026_ATT5-20-50-Semaine-20-9969529,bus,Bus,20,20,20078,"Lausanne, gare",Blécherette,C,,2026-10-02 18:17:00+00:00,2026-10-02 18:17:00+00:00,,True,0.0,2026-10-02 20:00:50.062000+02:00,2026-10-02 20:17:00+02:00,2026-10-02 20:17:00+02:00,2026-10-02,20,Friday,False,16.165633333333332
20261002_180042,2026-10-02 18:00:50.062000+00:00,Lausanne,local,ch:1:sloid:92050,"Lausanne, gare",ch:1:sloid:92050:0:2893,2026-10-02,ch:1:sjyid:100122:plan1:2026_ATT5-01-50-Semaine-1-10019083,bus,Bus,1,1,1173,"Lausanne, Maladière",Blécherette,A,,2026-10-02 18:19:00+00:00,2026-10-02 18:19:00+00:00,,True,0.0,2026-10-02 20:00:50.062000+02:00,2026-10-02 20:19:00+02:00,2026-10-02 20:19:00+02:00,2026-10-02,20,Friday,False,18.165633333333336
20261002_180042,2026-10-02 18:00:50.062000+00:00,Lausanne,local,ch:1:sloid:92050,"Lausanne, gare",ch:1:sloid:92050:0:1096,2026-10-02,ch:1:sjyid:100122:plan2:m2_0537,metro,Metro,m2,m2,720537,"Lausanne, Ouchy-Olympique","Epalinges, Croisettes",,,2026-10-02 18:20:00+00:00,,,False,,2026-10-02 20:00:50.062000+02:00,2026-10-02 20:20:00+02:00,,2026-10-02,20,Friday,False,19.165633333333336
20261002_180042,2026-10-02 18:00:50.062000+00:00,Lausanne,local,ch:1:sloid:92050,"Lausanne, gare",ch:1:sloid:92050:0:2814,2026-10-02,ch:1:sjyid:100122:plan1:2026_ATT2-03-20-Semaine-3-9715729,bus,Bus,3,3,3105,"Lausanne, gare",Maillefer,D,,2026-10-02 18:20:00+00:00,2026-10-02 18:20:00+00:00,,True,0.0,2026-10-02 20:00:50.062000+02:00,2026-10-02 20:20:00+02:00,2026-10-02 20:20:00+02:00,2026-10-02,20,Friday,False,19.165633333333336
20261002_180042,2026-10-02 18:00:50.062000+00:00,Lausanne,local,ch:1:sloid:92050,"Lausanne, gare",ch:1:sloid:92050:0:1101,2026-10-02,ch:1:sjyid:100122:plan2:m2_0044,metro,Metro,m2,m2,720044,"Epalinges, Croisettes","Lausanne, Ouchy-Olympique",,,2026-10-02 18:20:00+00:00,,,False,,2026-10-02 20:00:50.062000+02:00,2026-10-02 20:20:00+02:00,,2026-10-02,20,Friday,False,19.165633333333336
20261002_180042,2026-10-02 18:00:50.062000+00:00,Lausanne,local,ch:1:sloid:92050,"Lausanne, gare",ch:1:sloid:92050:0:2892,2026-10-02,ch:1:sjyid:100122:plan1:2026_ATT5-01-50-Semaine-1-10019075,bus,Bus,1,1,1327,"Lausanne, Blécherette",Maladière,B,,2026-10-02 18:21:00+00:00,2026-10-02 18:21:00+00:00,,True,0.0,2026-10-02 20:00:50.062000+02:00,2026-10-02 20:21:00+02:00,2026-10-02 20:21:00+02:00,2026-10-02,20,Friday,False,20.165633333333336
20261002_180042,2026-10-02 18:00:50.062000+00:00,Lausanne,local,ch:1:sloid:92050,"Lausanne, gare",ch:1:sloid:92050:0:1096,2026-10-02,ch:1:sjyid:100122:plan2:m2_0361,metro,Metro,m2,m2,720361,"Lausanne, Ouchy-Olympique","Epalinges, Croisettes",,,2026-10-02 18:24:00+00:00,,,False,,2026-10-02 20:00:50.062000+02:00,2026-10-02 20:24:00+02:00,,2026-10-02,20,Friday,False,23.165633333333336
20261002_180042,2026-10-02 18:00:50.062000+00:00,Lausanne,local,ch:1:sloid:92050,"Lausanne, gare",ch:1:sloid:92050:0:2814,2026-10-02,ch:1:sjyid:100122:plan1:2026_ATT5-21-50-Semaine-21-9980576,bus,Bus,21,21,21131,"Paudex, Verrière",Blécherette,D,,2026-10-02 18:24:00+00:00,2026-10-02 18:24:00+00:00,,True,0.0,2026-10-02 20:00:50.062000+02:00,2026-10-02 20:24:00+02:00,2026-10-02 20:24:00+02:00,2026-10-02,20,Friday,False,23.165633333333336
20261002_180042,2026-10-02 18:00:50.062000+00:00,Lausanne,local,ch:1:sloid:92050,"Lausanne, gare",ch:1:sloid:92050:0:1101,2026-10-02,ch:1:sjyid:100122:plan2:m2_0100,metro,Metro,m2,m2,720100,"Epalinges, Croisettes","Lausanne, Ouchy-Olympique",,,2026-10-02 18:25:00+00:00,,,False,,2026-10-02 20:00:50.062000+02:00,2026-10-02 20:25:00+02:00,,2026-10-02,20,Friday,False,24.165633333333336
20261002_180042,2026-10-02 18:00:50.062000+00:00,Lausanne,local,ch:1:sloid:92050,"Lausanne, gare",ch:1:sloid:92050:0:2893,2026-10-02,ch:1:sjyid:100122:plan1:2026_ATT5-21-50-Semaine-21-9980587,bus,Bus,21,21,21263,"Lausanne, Blécherette",Verrière,A,,2026-10-02 18:26:00+00:00,2026-10-02 18:26:00+00:00,,True,0.0,2026-10-02 20:00:50.062000+02:00,2026-10-02 20:26:00+02:00,2026-10-02 20:26:00+02:00,2026-10-02,20,Friday,False,25.165633333333336
20261002_180042,2026-10-02 18:00:50.587000+00:00,Genève,local,ch:1:sloid:87057,"Genève, gare Cornavin",ch:1:sloid:87057:0:50679,2026-10-02,ch:1:sjyid:100680:HAS-26-08-20-13-Lun-Ven-35205818,bus,Bus,8,8,646195,"Veyrier, douane",Palexpo,J,,2026-10-02 17:54:00+00:00,2026-10-02 18:00:24+00:00,,True,6.4,2026-10-02 20:00:50.587000+02:00,2026-10-02 19:54:00+02:00,2026-10-02 20:00:24+02:00,2026-10-02,19,Friday,False,-6.843116666666666
20261002_180042,2026-10-02 18:00:50.587000+00:00,Genève,local,ch:1:sloid:87057,"Genève, gare Cornavin",ch:1:sloid:87057:0:46188,2026-10-02,ch:1:sjyid:100680:HAS-26-015925-70-Lun-Ven-35913983,bus,Bus,25,25,698359,"Genève, Jardin Botanique",Thônex-Vallard,D,,2026-10-02 17:58:00+00:00,2026-10-02 18:01:18+00:00,,True,3.3,2026-10-02 20:00:50.587000+02:00,2026-10-02 19:58:00+02:00,2026-10-02 20:01:18+02:00,2026-10-02,19,Friday,False,-2.8431166666666665
20261002_180042,2026-10-02 18:00:50.587000+00:00,Genève,local,ch:1:sloid:87057,"Genève, gare Cornavin",ch:1:sloid:87057:0:651350,2026-10-02,ch:1:sjyid:100680:HAS-26-015925-70-Lun-Ven-35913754,bus,Bus,5,5,698169,"Genève-Aéroport, Terminal",Thônex-Vallard,B,,2026-10-02 17:58:00+00:00,2026-10-02 18:00:48+00:00,,True,2.8,2026-10-02 20:00:50.587000+02:00,2026-10-02 19:58:00+02:00,2026-10-02 20:00:48+02:00,2026-10-02,19,Friday,False,-2.8431166666666665
20261002_180042,2026-10-02 18:00:50.587000+00:00,Genève,local,ch:1:sloid:87057,"Genève, gare Cornavin",ch:1:sloid:87057:0:783875,2026-10-02,ch:1:sjyid:100680:HAS-26-015925-70-Lun-Ven-35914496,bus,Bus,9,9,698723,"Thônex, Belle-Terre Pl. Araire",Lignon-Tours,K,,2026-10-02 17:59:00+00:00,2026-10-02 18:02:06+00:00,,True,3.1,2026-10-02 20:00:50.587000+02:00,2026-10-02 19:59:00+02:00,2026-10-02 20:02:06+02:00,2026-10-02,19,Friday,False,-1.8431166666666667
20261002_180042,2026-10-02 18:00:50.587000+00:00,Genève,local,ch:1:sloid:87057,"Genève, gare Cornavin",ch:1:sloid:87057:0:589555,2026-10-02,ch:1:sjyid:100680:HAS-26-02-06-19-1-Lun-Ven-34651885,bus,Bus,6,6,616798,"Vernier, village",Genève-Plage,L,,2026-10-02 18:00:00+00:00,,,False,,2026-10-02 20:00:50.587000+02:00,2026-10-02 20:00:00+02:00,,2026-10-02,20,Friday,False,-0.8431166666666667
20261002_180042,2026-10-02 18:00:50.587000+00:00,Genève,local,ch:1:sloid:87057,"Genève, gare Cornavin",ch:1:sloid:87057:0:46188,2026-10-02,ch:1:sjyid:100680:HAS-26-15-19-Lun-Ven-35443716,tram,Tram,15,15,852812,"Genève, Nations",ZIPLO,D,,2026-10-02 18:00:00+00:00,2026-10-02 18:04:06+00:00,,True,4.1,2026-10-02 20:00:50.587000+02:00,2026-10-02 20:00:00+02:00,2026-10-02 20:04:06+02:00,2026-10-02,20,Friday,False,-0.8431166666666667
20261002_180042,2026-10-02 18:00:50.587000+00:00,Genève,local,ch:1:sloid:87057,"Genève, gare Cornavin",ch:1:sloid:87057:0:589555,2026-10-02,ch:1:sjyid:100680:HAS-26-015925-70-Lun-Ven-35914590,bus,Bus,9,9,698817,"Vernier, Lignon Tours",Belle-Terre-Place-de-l'Araire,L,,2026-10-02 18:01:00+00:00,2026-10-02 18:03:00+00:00,,True,2.0,2026-10-02 20:00:50.587000+02:00,2026-10-02 20:01:00+02:00,2026-10-02 20:03:00+02:00,2026-10-02,20,Friday,False,0.15688333333333335
20261002_180042,2026-10-02 18:00:50.587000+00:00,Genève,local,ch:1:sloid:87057,"Genève, gare Cornavin",ch:1:sloid:87057:0:89811,2026-10-02,ch:1:sjyid:100680:HAS-26-14-19-Lun-Ven-35445124,tram,Tram,14,14,854186,"Bernex, Vailly",Blandonnet,H,,2026-10-02 18:01:00+00:00,2026-10-02 18:02:00+00:00,,True,1.0,2026-10-02 20:00:50.587000+02:00,2026-10-02 20:01:00+02:00,2026-10-02 20:02:00+02:00,2026-10-02,20,Friday,False,0.15688333333333335
20261002_180042,2026-10-02 18:00:50.587000+00:00,Genève,local,ch:1:sloid:87057,"Genève, gare Cornavin",ch:1:sloid:87057:0:408265,2026-10-02,ch:1:sjyid:100680:HAS-26-15-19-Lun-Ven-35443704,tram,Tram,15,15,852800,"Plan-les-Ouates, ZIPLO",Nations,E,,2026-10-02 18:02:00+00:00,2026-10-02 18:03:18+00:00,,True,1.3,2026-10-02 20:00:50.587000+02:00,2026-10-02 20:02:00+02:00,2026-10-02 20:03:18+02:00,2026-10-02,20,Friday,False,1.1568833333333333
20261002_180042,2026-10-02 18:00:50.587000+00:00,Genève,local,ch:1:sloid:87057,"Genève, gare Cornavin",ch:1:sloid:87057:0:50679,2026-10-02,ch:1:sjyid:100680:HAS-26-60-61-70-Lun-Ven-35376469,bus,Bus,60,60,693579,"Genève, gare Cornavin",Gex-L'Aiglette,J,,2026-10-02 18:02:00+00:00,2026-10-02 18:02:00+00:00,,True,0.0,2026-10-02 20:00:50.587000+02:00,2026-10-02 20:02:00+02:00,2026-10-02 20:02:00+02:00,2026-10-02,20,Friday,False,1.1568833333333333
20261002_180042,2026-10-02 18:00:50.587000+00:00,Genève,local,ch:1:sloid:87057,"Genève, gare Cornavin",ch:1:sloid:87057:0:589555,2026-10-02,ch:1:sjyid:100680:HAS-26-02-06-19-1-Lun-Ven-34652735,bus,Bus,19,19,617400,"Vernier, village",Jonction,L,,2026-10-02 18:03:00+00:00,2026-10-02 18:03:42+00:00,,True,0.7,2026-10-02 20:00:50.587000+02:00,2026-10-02 20:03:00+02:00,2026-10-02 20:03:42+02:00,2026-10-02,20,Friday,False,2.1568833333333335
20261002_180042,2026-10-02 18:00:50.587000+00:00,Genève,local,ch:1:sloid:87057,"Genève, gare Cornavin",ch:1:sloid:87057:0:46188,2026-10-02,ch:1:sjyid:100680:HAS-26-015925-70-Lun-Ven-35914158,bus,Bus,1,1,698533,"Genève, Jardin Botanique",Hôpital Trois-Chêne,D,,2026-10-02 18:03:00+00:00,2026-10-02 18:03:00+00:00,,True,0.0,2026-10-02 20:00:50.587000+02:00,2026-10-02 20:03:00+02:00,2026-10-02 20:03:00+02:00,2026-10-02,20,Friday,False,2.1568833333333335
20261002_180042,2026-10-02 18:00:50.587000+00:00,Genève,local,ch:1:sloid:87057,"Genève, gare Cornavin",ch:1:sloid:87057:0:89811,2026-10-02,ch:1:sjyid:100680:HAS-26-14-19-Lun-Ven-35444760,tram,Tram,14,14,853823,"Bernex, Vailly",Meyrin-Gravière,H,,2026-10-02 18:03:00+00:00,2026-10-02 18:04:54+00:00,,True,1.9,2026-10-02 20:00:50.587000+02:00,2026-10-02 20:03:00+02:00,2026-10-02 20:04:54+02:00,2026-10-02,20,Friday,False,2.1568833333333335
20261002_180042,2026-10-02 18:00:50.587000+00:00,Genève,local,ch:1:sloid:87057,"Genève, gare Cornavin",ch:1:sloid:87057:0:783875,2026-10-02,ch:1:sjyid:100680:HAS-26-02-06-19-1-Lun-Ven-34651853,bus,Bus,6,6,616766,"Genève, Plage",Vernier-Village,K,,2026-10-02 18:03:00+00:00,2026-10-02 18:08:24+00:00,,True,5.4,2026-10-02 20:00:50.587000+02:00,2026-10-02 20:03:00+02:00,2026-10-02 20:08:24+02:00,2026-10-02,20,Friday,False,2.1568833333333335
20261002_180042,2026-10-02 18:00:50.587000+00:00,Genève,local,ch:1:sloid:87057,"Genève, gare Cornavin",ch:1:sloid:87057:0:233278,2026-10-02,ch:1:sjyid:100680:HAS-26-18-19-Lun-Ven-35445178,tram,Tram,18,18,854233,"Meyrin, CERN",Palettes,I,,2026-10-02 18:04:00+00:00,2026-10-02 18:03:54+00:00,,True,-0.1,2026-10-02 20:00:50.587000+02:00,2026-10-02 20:04:00+02:00,2026-10-02 20:03:54+02:00,2026-10-02,20,Friday,False,3.1568833333333335
20261002_180042,2026-10-02 18:00:50.587000+00:00,Genève,local,ch:1:sloid:87057,"Genève, gare Cornavin",ch:1:sloid:87057:0:408265,2026-10-02,ch:1:sjyid:100680:HAS-26-015925-70-Lun-Ven-35914168,bus,Bus,1,1,698543,"Thônex, Hôpital Trois-Chêne",Jardin Botanique,E,,2026-10-02 18:04:00+00:00,2026-10-02 18:05:42+00:00,,True,1.7,2026-10-02 20:00:50.587000+02:00,2026-10-02 20:04:00+02:00,2026-10-02 20:05:42+02:00,2026-10-02,20,Friday,False,3.1568833333333335
20261002_180042,2026-10-02 18:00:50.587000+00:00,Genève,local,ch:1:sloid:87057,"Genève, gare Cornavin",ch:1:sloid:87057:0:89811,2026-10-02,ch:1:sjyid:100680:HAS-26-14-19-Lun-Ven-35445125,tram,Tram,14,14,854187,"Bernex, Vailly",Blandonnet,H,,2026-10-02 18:05:00+00:00,2026-10-02 18:05:42+00:00,,True,0.7,2026-10-02 20:00:50.587000+02:00,2026-10-02 20:05:00+02:00,2026-10-02 20:05:42+02:00,2026-10-02,20,Friday,False,4.156883333333334
20261002_180042,2026-10-02 18:00:50.587000+00:00,Genève,local,ch:1:sloid:87057,"Genève, gare Cornavin",ch:1:sloid:87057:0:698638,2026-10-02,ch:1:sjyid:100680:HAS-26-03-0-Lun-Ven-33837557,bus,Bus,3,3,554555,"Genève, Crêts-de-Champel",Gardiol,F,,2026-10-02 18:05:00+00:00,2026-10-02 18:07:06+00:00,,True,2.1,2026-10-02 20:00:50.587000+02:00,2026-10-02 20:05:00+02:00,2026-10-02 20:07:06+02:00,2026-10-02,20,Friday,False,4.156883333333334
20261002_180042,2026-10-02 18:00:50.587000+00:00,Genève,local,ch:1:sloid:87057,"Genève, gare Cornavin",ch:1:sloid:87057:0:589555,2026-10-02,ch:1:sjyid:100680:HAS-26-02-06-19-1-Lun-Ven-34651875,bus,Bus,19,19,616788,"Vernier, village",Onex-Cité,L,,2026-10-02 18:06:00+00:00,2026-10-02 18:10:00+00:00,,True,4.0,2026-10-02 20:00:50.587000+02:00,2026-10-02 20:06:00+02:00,2026-10-02 20:10:00+02:00,2026-10-02,20,Friday,False,5.156883333333334
20261002_180042,2026-10-02 18:00:50.587000+00:00,Genève,local,ch:1:sloid:87057,"Genève, gare Cornavin",ch:1:sloid:87057:0:46188,2026-10-02,ch:1:sjyid:100680:HAS-26-015925-70-Lun-Ven-35913977,bus,Bus,25,25,698353,"Genève, Jardin Botanique",Thônex-Vallard,D,,2026-10-02 18:07:00+00:00,2026-10-02 18:07:54+00:00,,True,0.9,2026-10-02 20:00:50.587000+02:00,2026-10-02 20:07:00+02:00,2026-10-02 20:07:54+02:00,2026-10-02,20,Friday,False,6.156883333333334
20261002_180042,2026-10-02 18:00:50.587000+00:00,Genève,local,ch:1:sloid:87057,"Genève, gare Cornavin",ch:1:sloid:87057:0:233278,2026-10-02,ch:1:sjyid:100680:HAS-26-14-19-Lun-Ven-35444775,tram,Tram,14,14,853838,"Meyrin, Gravière",Bernex-Vailly,I,,2026-10-02 18:07:00+00:00,2026-10-02 18:07:12+00:00,,True,0.2,2026-10-02 20:00:50.587000+02:00,2026-10-02 20:07:00+02:00,2026-10-02 20:07:12+02:00,2026-10-02,20,Friday,False,6.156883333333334
20261002_180042,2026-10-02 18:00:50.587000+00:00,Genève,local,ch:1:sloid:87057,"Genève, gare Cornavin",ch:1:sloid:87057:0:89811,2026-10-02,ch:1:sjyid:100680:HAS-26-18-19-Lun-Ven-35445171,tram,Tram,18,18,854226,"Grand-Lancy, Palettes",CERN,H,,2026-10-02 18:07:00+00:00,2026-10-02 18:07:00+00:00,,True,0.0,2026-10-02 20:00:50.587000+02:00,2026-10-02 20:07:00+02:00,2026-10-02 20:07:00+02:00,2026-10-02,20,Friday,False,6.156883333333334
20261002_180042,2026-10-02 18:00:50.587000+00:00,Genève,local,ch:1:sloid:87057,"Genève, gare Cornavin",ch:1:sloid:87057:0:50679,2026-10-02,ch:1:sjyid:100680:HAS-26-015925-70-Lun-Ven-35913658,bus,Bus,5,5,698073,"Thônex, Vallard",Genève-Aéroport-Terminal,J,,2026-10-02 18:07:00+00:00,2026-10-02 18:10:42+00:00,,True,3.7,2026-10-02 20:00:50.587000+02:00,2026-10-02 20:07:00+02:00,2026-10-02 20:10:42+02:00,2026-10-02,20,Friday,False,6.156883333333334
20261002_180042,2026-10-02 18:00:50.587000+00:00,Genève,local,ch:1:sloid:87057,"Genève, gare Cornavin",ch:1:sloid:87057:0:783875,2026-10-02,ch:1:sjyid:100680:HAS-26-02-06-19-1-Lun-Ven-34651878,bus,Bus,19,19,616791,"Onex, cité",Vernier-Village,K,,2026-10-02 18:07:00+00:00,2026-10-02 18:07:30+00:00,,True,0.5,2026-10-02 20:00:50.587000+02:00,2026-10-02 20:07:00+02:00,2026-10-02 20:07:30+02:00,2026-10-02,20,Friday,False,6.156883333333334
20261002_180042,2026-10-02 18:00:50.587000+00:00,Genève,local,ch:1:sloid:87057,"Genève, gare Cornavin",ch:1:sloid:87057:0:651350,2026-10-02,ch:1:sjyid:100680:HAS-26-015925-70-Lun-Ven-35913753,bus,Bus,5,5,698168,"Genève-Aéroport, Terminal",Thônex-Vallard,B,,2026-10-02 18:08:00+00:00,2026-10-02 18:08:24+00:00,,True,0.4,2026-10-02 20:00:50.587000+02:00,2026-10-02 20:08:00+02:00,2026-10-02 20:08:24+02:00,2026-10-02,20,Friday,False,7.156883333333334
20261002_180042,2026-10-02 18:00:50.587000+00:00,Genève,local,ch:1:sloid:87057,"Genève, gare Cornavin",ch:1:sloid:87057:0:46188,2026-10-02,ch:1:sjyid:100680:HAS-26-15-19-Lun-Ven-35443715,tram,Tram,15,15,852811,"Genève, Nations",ZIPLO,D,,2026-10-02 18:08:00+00:00,2026-10-02 18:08:00+00:00,,True,0.0,2026-10-02 20:00:50.587000+02:00,2026-10-02 20:08:00+02:00,2026-10-02 20:08:00+02:00,2026-10-02,20,Friday,False,7.156883333333334
20261002_180042,2026-10-02 18:00:50.587000+00:00,Genève,local,ch:1:sloid:87057,"Genève, gare Cornavin",ch:1:sloid:87057:0:408265,2026-10-02,ch:1:sjyid:100680:HAS-26-15-19-Lun-Ven-35443703,tram,Tram,15,15,852799,"Plan-les-Ouates, ZIPLO",Nations,E,,2026-10-02 18:09:00+00:00,2026-10-02 18:08:48+00:00,,True,-0.2,2026-10-02 20:00:50.587000+02:00,2026-10-02 20:09:00+02:00,2026-10-02 20:08:48+02:00,2026-10-02,20,Friday,False,8.156883333333333
20261002_180042,2026-10-02 18:00:50.587000+00:00,Genève,local,ch:1:sloid:87057,"Genève, gare Cornavin",ch:1:sloid:87057:0:589555,2026-10-02,ch:1:sjyid:100680:HAS-26-10-0-Lun-Ven-33810515,bus,Bus,10,10,551619,"Genève-Aéroport, Terminal",Rive,L,,2026-10-02 18:09:00+00:00,2026-10-02 18:12:30+00:00,,True,3.5,2026-10-02 20:00:50.587000+02:00,2026-10-02 20:09:00+02:00,2026-10-02 20:12:30+02:00,2026-10-02,20,Friday,False,8.156883333333333
20261002_180042,2026-10-02 18:00:50.587000+00:00,Genève,local,ch:1:sloid:87057,"Genève, gare Cornavin",ch:1:sloid:87057:0:50679,2026-10-02,ch:1:sjyid:100680:HAS-26-08-20-13-Lun-Ven-35205817,bus,Bus,8,8,646194,"Veyrier, douane",Palexpo,J,,2026-10-02 18:09:00+00:00,2026-10-02 18:09:18+00:00,,True,0.3,2026-10-02 20:00:50.587000+02:00,2026-10-02 20:09:00+02:00,2026-10-02 20:09:18+02:00,2026-10-02,20,Friday,False,8.156883333333333
20261002_180042,2026-10-02 18:00:51.066000+00:00,Lugano,local,ch:1:sloid:5380,"Lugano, Stazione",ch:1:sloid:5380::407001,2026-10-02,ch:1:sjyid:100754:db6bf794-fc94-4cac-a9b0-fe651a70ab5d,bus,Bus,4,4,4230,"Canobbio, Ganna","Lugano, Centro",A,,2026-10-02 18:01:00+00:00,2026-10-02 18:01:00+00:00,,True,0.0,2026-10-02 20:00:51.066000+02:00,2026-10-02 20:01:00+02:00,2026-10-02 20:01:00+02:00,2026-10-02,20,Friday,False,0.14889999999999998
20261002_180042,2026-10-02 18:00:51.066000+00:00,Lugano,local,ch:1:sloid:5380,"Lugano, Stazione",ch:1:sloid:5380::407001,2026-10-02,ch:1:sjyid:100754:1714d260-1f5d-4772-b7ff-36138fa95b4a,bus,Bus,6,6,6255,"Lugano, Stazione","Lugano, Cornaredo",A,,2026-10-02 18:09:00+00:00,2026-10-02 18:09:00+00:00,,True,0.0,2026-10-02 20:00:51.066000+02:00,2026-10-02 20:09:00+02:00,2026-10-02 20:09:00+02:00,2026-10-02,20,Friday,False,8.148900000000001
20261002_180042,2026-10-02 18:00:51.066000+00:00,Lugano,local,ch:1:sloid:5380,"Lugano, Stazione",ch:1:sloid:5380::407001,2026-10-02,ch:1:sjyid:100754:f709c585-df4d-4b56-8acd-c0c02daba695,bus,Bus,2,2,2272,"Castagnola, Capolinea","Paradiso, Carzo",A,,2026-10-02 18:09:30+00:00,2026-10-02 18:10:36+00:00,,True,1.1,2026-10-02 20:00:51.066000+02:00,2026-10-02 20:09:30+02:00,2026-10-02 20:10:36+02:00,2026-10-02,20,Friday,False,8.6489
20261002_180042,2026-10-02 18:00:51.066000+00:00,Lugano,local,ch:1:sloid:5380,"Lugano, Stazione",ch:1:sloid:5380::407002,2026-10-02,ch:1:sjyid:100754:9da8043b-4201-4d27-84aa-e8607651807c,bus,Bus,4,4,4231,"Lugano, Centro","Canobbio, Ganna",B,,2026-10-02 18:14:00+00:00,2026-10-02 18:14:00+00:00,,True,0.0,2026-10-02 20:00:51.066000+02:00,2026-10-02 20:14:00+02:00,2026-10-02 20:14:00+02:00,2026-10-02,20,Friday,False,13.1489
20261002_180042,2026-10-02 18:00:51.066000+00:00,Lugano,local,ch:1:sloid:5380,"Lugano, Stazione",ch:1:sloid:5380::407001,2026-10-02,ch:1:sjyid:100754:ac5aa8e9-8333-4767-9fbc-09784cb52699,bus,Bus,4,4,4236,"Canobbio, Ganna","Lugano, Centro",A,,2026-10-02 18:16:00+00:00,2026-10-02 18:16:00+00:00,,True,0.0,2026-10-02 20:00:51.066000+02:00,2026-10-02 20:16:00+02:00,2026-10-02 20:16:00+02:00,2026-10-02,20,Friday,False,15.1489
20261002_180042,2026-10-02 18:00:51.066000+00:00,Lugano,local,ch:1:sloid:5380,"Lugano, Stazione",ch:1:sloid:5380::407001,2026-10-02,ch:1:sjyid:100754:5d23f4bb-5ba9-40b6-a95e-2f567e60dbcf,bus,Bus,6,6,6257,"Lugano, Stazione","Lugano, Cornaredo",A,,2026-10-02 18:24:00+00:00,2026-10-02 18:24:00+00:00,,True,0.0,2026-10-02 20:00:51.066000+02:00,2026-10-02 20:24:00+02:00,2026-10-02 20:24:00+02:00,2026-10-02,20,Friday,False,23.1489
20261002_180042,2026-10-02 18:00:51.066000+00:00,Lugano,local,ch:1:sloid:5380,"Lugano, Stazione",ch:1:sloid:5380::407001,2026-10-02,ch:1:sjyid:100754:3e9ae8a6-eba0-4a86-bc15-b6e0700d77f0,bus,Bus,2,2,2274,"Castagnola, Capolinea","Paradiso, Carzo",A,,2026-10-02 18:24:30+00:00,2026-10-02 18:24:30+00:00,,True,0.0,2026-10-02 20:00:51.066000+02:00,2026-10-02 20:24:30+02:00,2026-10-02 20:24:30+02:00,2026-10-02,20,Friday,False,23.6489
20261002_180042,2026-10-02 18:00:51.066000+00:00,Lugano,local,ch:1:sloid:5380,"Lugano, Stazione",ch:1:sloid:5380::407002,2026-10-02,ch:1:sjyid:100754:650bde51-8ada-4fee-ae3f-d7580e378562,bus,Bus,4,4,4233,"Lugano, Centro","Canobbio, Ganna",B,,2026-10-02 18:29:00+00:00,,,False,,2026-10-02 20:00:51.066000+02:00,2026-10-02 20:29:00+02:00,,2026-10-02,20,Friday,False,28.1489
20261002_180042,2026-10-02 18:00:51.066000+00:00,Lugano,local,ch:1:sloid:5380,"Lugano, Stazione",ch:1:sloid:5380::407001,2026-10-02,ch:1:sjyid:100754:d929b817-bad2-46ff-bb4a-71d11217670c,bus,Bus,4,4,4240,"Canobbio, Ganna","Lugano, Centro",A,,2026-10-02 18:31:00+00:00,2026-10-02 18:31:00+00:00,,True,0.0,2026-10-02 20:00:51.066000+02:00,2026-10-02 20:31:00+02:00,2026-10-02 20:31:00+02:00,2026-10-02,20,Friday,False,30.1489
20261002_180042,2026-10-02 18:00:51.066000+00:00,Lugano,local,ch:1:sloid:5380,"Lugano, Stazione",ch:1:sloid:5380::407001,2026-10-02,ch:1:sjyid:100754:6b5fbc8c-aeda-457f-8114-dbfb02a8fe6e,bus,Bus,6,6,6259,"Lugano, Stazione","Lugano, Cornaredo",A,,2026-10-02 18:39:00+00:00,,,False,,2026-10-02 20:00:51.066000+02:00,2026-10-02 20:39:00+02:00,,2026-10-02,20,Friday,False,38.148900000000005
20261002_180042,2026-10-02 18:00:51.066000+00:00,Lugano,local,ch:1:sloid:5380,"Lugano, Stazione",ch:1:sloid:5380::407001,2026-10-02,ch:1:sjyid:100754:7cd11e1f-6cee-4a49-aa20-d09b76699544,bus,Bus,2,2,2276,"Castagnola, Capolinea","Paradiso, Carzo",A,,2026-10-02 18:39:30+00:00,2026-10-02 18:39:30+00:00,,True,0.0,2026-10-02 20:00:51.066000+02:00,2026-10-02 20:39:30+02:00,2026-10-02 20:39:30+02:00,2026-10-02,20,Friday,False,38.648900000000005
20261002_180042,2026-10-02 18:00:51.066000+00:00,Lugano,local,ch:1:sloid:5380,"Lugano, Stazione",ch:1:sloid:5380::407002,2026-10-02,ch:1:sjyid:100754:29d8fdea-ab38-4747-b24c-f804163a32f6,bus,Bus,4,4,4235,"Lugano, Centro","Comano, Studio TV",B,,2026-10-02 18:44:00+00:00,2026-10-02 18:44:00+00:00,,True,0.0,2026-10-02 20:00:51.066000+02:00,2026-10-02 20:44:00+02:00,2026-10-02 20:44:00+02:00,2026-10-02,20,Friday,False,43.148900000000005
20261002_180042,2026-10-02 18:00:51.066000+00:00,Lugano,local,ch:1:sloid:5380,"Lugano, Stazione",ch:1:sloid:5380::407001,2026-10-02,ch:1:sjyid:100754:cf10766e-c9b5-47b3-a012-0ff142cd1bcd,bus,Bus,4,4,4244,"Canobbio, Ganna","Lugano, Centro",A,,2026-10-02 18:46:00+00:00,2026-10-02 18:46:00+00:00,,True,0.0,2026-10-02 20:00:51.066000+02:00,2026-10-02 20:46:00+02:00,2026-10-02 20:46:00+02:00,2026-10-02,20,Friday,False,45.148900000000005
20261002_180042,2026-10-02 18:00:51.066000+00:00,Lugano,local,ch:1:sloid:5380,"Lugano, Stazione",ch:1:sloid:5380::407001,2026-10-02,ch:1:sjyid:100754:ec19a919-adcb-48c5-a37f-9f9b42932d8c,bus,Bus,6,6,6261,"Lugano, Stazione","Lugano, Cornaredo",A,,2026-10-02 18:54:00+00:00,,,False,,2026-10-02 20:00:51.066000+02:00,2026-10-02 20:54:00+02:00,,2026-10-02,20,Friday,False,53.148900000000005
20261002_180042,2026-10-02 18:00:51.066000+00:00,Lugano,local,ch:1:sloid:5380,"Lugano, Stazione",ch:1:sloid:5380::407001,2026-10-02,ch:1:sjyid:100754:e760a623-0556-44c1-b88b-3fd6e50f334b,bus,Bus,2,2,2278,"Castagnola, Capolinea","Paradiso, Carzo",A,,2026-10-02 18:54:30+00:00,2026-10-02 18:54:30+00:00,,True,0.0,2026-10-02 20:00:51.066000+02:00,2026-10-02 20:54:30+02:00,2026-10-02 20:54:30+02:00,2026-10-02,20,Friday,False,53.648900000000005
20261002_180042,2026-10-02 18:00:51.066000+00:00,Lugano,local,ch:1:sloid:5380,"Lugano, Stazione",ch:1:sloid:5380::407002,2026-10-02,ch:1:sjyid:100754:24430cf1-f75d-4108-8f07-f004f577d333,bus,Bus,4,4,4237,"Lugano, Centro","Canobbio, Ganna",B,,2026-10-02 18:59:00+00:00,2026-10-02 18:59:00+00:00,,True,0.0,2026-10-02 20:00:51.066000+02:00,2026-10-02 20:59:00+02:00,2026-10-02 20:59:00+02:00,2026-10-02,20,Friday,False,58.148900000000005
20261002_180042,2026-10-02 18:00:51.066000+00:00,Lugano,local,ch:1:sloid:5380,"Lugano, Stazione",ch:1:sloid:5380::407001,2026-10-02,ch:1:sjyid:100754:4b9f7e00-6886-45f7-a2c4-9700fcd0af1f,bus,Bus,4,4,4246,"Canobbio, Ganna","Lugano, Centro",A,,2026-10-02 19:01:00+00:00,,,False,,2026-10-02 20:00:51.066000+02:00,2026-10-02 21:01:00+02:00,,2026-10-02,21,Friday,False,60.148900000000005
20261002_180042,2026-10-02 18:00:51.066000+00:00,Lugano,local,ch:1:sloid:5380,"Lugano, Stazione",ch:1:sloid:5380::407001,2026-10-02,ch:1:sjyid:100754:94f503e5-dae4-45de-8e3e-b777993e2c6f,bus,Bus,6,6,6263,"Lugano, Stazione","Lugano, Cornaredo",A,,2026-10-02 19:09:00+00:00,,,False,,2026-10-02 20:00:51.066000+02:00,2026-10-02 21:09:00+02:00,,2026-10-02,21,Friday,False,68.1489
20261002_180042,2026-10-02 18:00:51.066000+00:00,Lugano,local,ch:1:sloid:5380,"Lugano, Stazione",ch:1:sloid:5380::407001,2026-10-02,ch:1:sjyid:100754:9eb1c250-8630-467a-87a7-8559fafdd61b,bus,Bus,2,2,2280,"Castagnola, Capolinea","Paradiso, Carzo",A,,2026-10-02 19:09:30+00:00,2026-10-02 19:09:30+00:00,,True,0.0,2026-10-02 20:00:51.066000+02:00,2026-10-02 21:09:30+02:00,2026-10-02 21:09:30+02:00,2026-10-02,21,Friday,False,68.6489
20261002_180042,2026-10-02 18:00:51.066000+00:00,Lugano,local,ch:1:sloid:5380,"Lugano, Stazione",ch:1:sloid:5380::407002,2026-10-02,ch:1:sjyid:100754:513b6fc4-ff00-4fa1-829d-bcaf41599fc3,bus,Bus,4,4,4239,"Lugano, Centro","Comano, Studio TV",B,,2026-10-02 19:14:00+00:00,2026-10-02 19:14:00+00:00,,True,0.0,2026-10-02 20:00:51.066000+02:00,2026-10-02 21:14:00+02:00,2026-10-02 21:14:00+02:00,2026-10-02,21,Friday,False,73.1489
20261002_180042,2026-10-02 18:00:51.066000+00:00,Lugano,local,ch:1:sloid:5380,"Lugano, Stazione",ch:1:sloid:5380::407001,2026-10-02,ch:1:sjyid:100754:29c872f2-0e52-4ae3-a182-6976db5e0379,bus,Bus,4,4,4248,"Comano, Studio TV","Lugano, Centro",A,,2026-10-02 19:16:00+00:00,,,False,,2026-10-02 20:00:51.066000+02:00,2026-10-02 21:16:00+02:00,,2026-10-02,21,Friday,False,75.1489
20261002_180042,2026-10-02 18:00:51.066000+00:00,Lugano,local,ch:1:sloid:5380,"Lugano, Stazione",ch:1:sloid:5380::407001,2026-10-02,ch:1:sjyid:100754:bb387610-8e31-468e-ac0e-a6caeea37e10,bus,Bus,6,6,6265,"Lugano, Stazione","Lugano, Cornaredo",A,,2026-10-02 19:24:00+00:00,,,False,,2026-10-02 20:00:51.066000+02:00,2026-10-02 21:24:00+02:00,,2026-10-02,21,Friday,False,83.1489
20261002_180042,2026-10-02 18:00:51.066000+00:00,Lugano,local,ch:1:sloid:5380,"Lugano, Stazione",ch:1:sloid:5380::407001,2026-10-02,ch:1:sjyid:100754:2940c6e7-11ac-4c41-b91a-1a17be189377,bus,Bus,2,2,2282,"Castagnola, Capolinea","Paradiso, Carzo",A,,2026-10-02 19:24:30+00:00,,,False,,2026-10-02 20:00:51.066000+02:00,2026-10-02 21:24:30+02:00,,2026-10-02,21,Friday,False,83.6489
20261002_180042,2026-10-02 18:00:51.066000+00:00,Lugano,local,ch:1:sloid:5380,"Lugano, Stazione",ch:1:sloid:5380::407002,2026-10-02,ch:1:sjyid:100754:23731f73-73c2-401f-9502-c3e39c048534,bus,Bus,4,4,4241,"Lugano, Centro","Canobbio, Ganna",B,,2026-10-02 19:29:00+00:00,,,False,,2026-10-02 20:00:51.066000+02:00,2026-10-02 21:29:00+02:00,,2026-10-02,21,Friday,False,88.1489
20261002_180042,2026-10-02 18:00:51.066000+00:00,Lugano,local,ch:1:sloid:5380,"Lugano, Stazione",ch:1:sloid:5380::407001,2026-10-02,ch:1:sjyid:100754:7a2e6aa2-623f-4ea1-9887-beb5bd47deaa,bus,Bus,4,4,4250,"Canobbio, Ganna","Lugano, Centro",A,,2026-10-02 19:31:00+00:00,,,False,,2026-10-02 20:00:51.066000+02:00,2026-10-02 21:31:00+02:00,,2026-10-02,21,Friday,False,90.1489
20261002_180042,2026-10-02 18:00:51.066000+00:00,Lugano,local,ch:1:sloid:5380,"Lugano, Stazione",ch:1:sloid:5380::407001,2026-10-02,ch:1:sjyid:100754:6055f8f6-e1ec-466b-9968-5158cfb83493,bus,Bus,6,6,6267,"Lugano, Stazione","Lugano, Cornaredo",A,,2026-10-02 19:39:00+00:00,,,False,,2026-10-02 20:00:51.066000+02:00,2026-10-02 21:39:00+02:00,,2026-10-02,21,Friday,False,98.1489
20261002_180042,2026-10-02 18:00:51.066000+00:00,Lugano,local,ch:1:sloid:5380,"Lugano, Stazione",ch:1:sloid:5380::407001,2026-10-02,ch:1:sjyid:100754:991a16af-7d24-4b99-9796-d8d97e3de5fc,bus,Bus,2,2,2284,"Castagnola, Capolinea","Paradiso, Carzo",A,,2026-10-02 19:39:30+00:00,,,False,,2026-10-02 20:00:51.066000+02:00,2026-10-02 21:39:30+02:00,,2026-10-02,21,Friday,False,98.6489
20261002_180042,2026-10-02 18:00:51.066000+00:00,Lugano,local,ch:1:sloid:5380,"Lugano, Stazione",ch:1:sloid:5380::407002,2026-10-02,ch:1:sjyid:100754:74737384-45a5-408e-8ba0-29fb46d06ed7,bus,Bus,4,4,4243,"Lugano, Centro","Comano, Studio TV",B,,2026-10-02 19:44:00+00:00,,,False,,2026-10-02 20:00:51.066000+02:00,2026-10-02 21:44:00+02:00,,2026-10-02,21,Friday,False,103.1489
20261002_180042,2026-10-02 18:00:51.066000+00:00,Lugano,local,ch:1:sloid:5380,"Lugano, Stazione",ch:1:sloid:5380::407001,2026-10-02,ch:1:sjyid:100754:03d1d983-4514-4416-ac13-1f5bcbbd9d69,bus,Bus,4,4,4252,"Comano, Studio TV","Lugano, Centro",A,,2026-10-02 19:46:00+00:00,,,False,,2026-10-02 20:00:51.066000+02:00,2026-10-02 21:46:00+02:00,,2026-10-02,21,Friday,False,105.1489
20261002_180042,2026-10-02 18:00:51.066000+00:00,Lugano,local,ch:1:sloid:5380,"Lugano, Stazione",ch:1:sloid:5380::407001,2026-10-02,ch:1:sjyid:100754:08adc4c2-6770-4f77-8d3e-51ba3abbddf0,bus,Bus,6,6,6269,"Lugano, Stazione","Lugano, Cornaredo",A,,2026-10-02 19:54:00+00:00,,,False,,2026-10-02 20:00:51.066000+02:00,2026-10-02 21:54:00+02:00,,2026-10-02,21,Friday,False,113.1489
