batch_id,collection_timestamp,city,station_type,station_id,station_name,stop_point_ref,operating_day,journey_ref,transport_mode,product_category,public_code,line,train_number,origin,destination,planned_platform,estimated_platform,scheduled_departure,estimated_departure,cancelled,has_realtime,predicted_delay_minutes,collection_timestamp_local,scheduled_departure_local,estimated_departure_local,date,hour,weekday,weekend,minutes_until_departure
20261003_122833,2026-10-03 12:28:33.813000+00:00,Zürich,rail,ch:1:sloid:3000,Zürich HB,ch:1:sloid:3000:503:43,2026-10-03,ch:1:sjyid:100001:18953-001,rail,S-Bahn,S9,S9,18953,Rafz,Uster,43/44,43,2026-10-03 12:28:00+00:00,2026-10-03 12:28:18+00:00,,True,0.3,2026-10-03 14:28:33.813000+02:00,2026-10-03 14:28:00+02:00,2026-10-03 14:28:18+02:00,2026-10-03,14,Saturday,True,-0.56355
20261003_122833,2026-10-03 12:28:33.813000+00:00,Zürich,rail,ch:1:sloid:3000,Zürich HB,ch:1:sloid:3000:500:32,2026-10-03,ch:1:sjyid:100001:1774-001,rail,InterRegio,IR55,IR55,1774,Zürich HB,Biel/Bienne,32,,2026-10-03 12:29:00+00:00,2026-10-03 12:30:00+00:00,,True,1.0,2026-10-03 14:28:33.813000+02:00,2026-10-03 14:29:00+02:00,2026-10-03 14:30:00+02:00,2026-10-03,14,Saturday,True,0.43645
20261003_122833,2026-10-03 12:28:33.813000+00:00,Zürich,rail,ch:1:sloid:3000,Zürich HB,ch:1:sloid:3000:502:42,2026-10-03,ch:1:sjyid:100001:19154-001,rail,S-Bahn,S11,S11,19154,Sennhof-Kyburg,Aarau,41/42,41,2026-10-03 12:29:00+00:00,2026-10-03 12:30:06+00:00,,True,1.1,2026-10-03 14:28:33.813000+02:00,2026-10-03 14:29:00+02:00,2026-10-03 14:30:06+02:00,2026-10-03,14,Saturday,True,0.43645
20261003_122833,2026-10-03 12:28:33.813000+00:00,Zürich,rail,ch:1:sloid:3000,Zürich HB,ch:1:sloid:3000:503:43,2026-10-03,ch:1:sjyid:100001:18653-001,rail,S-Bahn,S6,S6,18653,Baden,Uetikon,43/44,44,2026-10-03 12:30:00+00:00,2026-10-03 12:30:30+00:00,,True,0.5,2026-10-03 14:28:33.813000+02:00,2026-10-03 14:30:00+02:00,2026-10-03 14:30:30+02:00,2026-10-03,14,Saturday,True,1.43645
20261003_122833,2026-10-03 12:28:33.813000+00:00,Zürich,rail,ch:1:sloid:3000,Zürich HB,ch:1:sloid:3000:503:43,2026-10-03,ch:1:sjyid:100001:19155-001,rail,S-Bahn,S11,S11,19155,Aarau,Sennhof-Kyburg,43/44,,2026-10-03 12:31:00+00:00,2026-10-03 12:32:00+00:00,,True,1.0,2026-10-03 14:28:33.813000+02:00,2026-10-03 14:31:00+02:00,2026-10-03 14:32:00+02:00,2026-10-03,14,Saturday,True,2.4364500000000002
20261003_122833,2026-10-03 12:28:33.813000+00:00,Zürich,rail,ch:1:sloid:3000,Zürich HB,ch:1:sloid:3000:502:42,2026-10-03,ch:1:sjyid:100001:18654-001,rail,S-Bahn,S6,S6,18654,Uetikon,Baden,41/42,42,2026-10-03 12:31:00+00:00,2026-10-03 12:31:42+00:00,,True,0.7,2026-10-03 14:28:33.813000+02:00,2026-10-03 14:31:00+02:00,2026-10-03 14:31:42+02:00,2026-10-03,14,Saturday,True,2.4364500000000002
20261003_122833,2026-10-03 12:28:33.813000+00:00,Zürich,rail,ch:1:sloid:3000,Zürich HB,ch:1:sloid:3000:8:14,2026-10-03,ch:1:sjyid:100001:10822-012,rail,InterCity,IC81,IC81,10822,Zürich HB,Interlaken Ost,14,,2026-10-03 12:31:24+00:00,2026-10-03 12:31:24+00:00,,True,0.0,2026-10-03 14:28:33.813000+02:00,2026-10-03 14:31:24+02:00,2026-10-03 14:31:24+02:00,2026-10-03,14,Saturday,True,2.83645
20261003_122833,2026-10-03 12:28:33.813000+00:00,Zürich,rail,ch:1:sloid:3000,Zürich HB,ch:1:sloid:3000:501:34,2026-10-03,ch:1:sjyid:100001:13483-001,rail,Railjet Xpress,RJX,RJX,13483,Zürich HB,Wien Hbf,34,,2026-10-03 12:32:00+00:00,,,False,,2026-10-03 14:28:33.813000+02:00,2026-10-03 14:32:00+02:00,,2026-10-03,14,Saturday,True,3.4364500000000002
20261003_122833,2026-10-03 12:28:33.813000+00:00,Zürich,rail,ch:1:sloid:3000,Zürich HB,ch:1:sloid:3000:8:14,2026-10-03,ch:1:sjyid:100001:10822-012,rail,InterCity,IC81,IC81,10822,Zürich HB,Interlaken Ost,14,,2026-10-03 12:32:00+00:00,2026-10-03 12:32:36+00:00,,True,0.6,2026-10-03 14:28:33.813000+02:00,2026-10-03 14:32:00+02:00,2026-10-03 14:32:36+02:00,2026-10-03,14,Saturday,True,3.4364500000000002
20261003_122833,2026-10-03 12:28:33.813000+00:00,Zürich,rail,ch:1:sloid:3000,Zürich HB,ch:1:sloid:3000:5:8,2026-10-03,ch:1:sjyid:100001:37-001,rail,EuroCity,EC,EC,37,Zürich HB,Firenze S. M. N.,8,,2026-10-03 12:33:00+00:00,,,False,,2026-10-03 14:28:33.813000+02:00,2026-10-03 14:33:00+02:00,,2026-10-03,14,Saturday,True,4.43645
20261003_122833,2026-10-03 12:28:33.813000+00:00,Zürich,rail,ch:1:sloid:3000,Zürich HB,ch:1:sloid:3000:7:12,2026-10-03,ch:1:sjyid:100001:150-001,rail,EuroCity,EC,EC,150,Como S. Giovanni,Basel SBB,12,,2026-10-03 12:34:00+00:00,2026-10-03 12:34:30+00:00,,True,0.5,2026-10-03 14:28:33.813000+02:00,2026-10-03 14:34:00+02:00,2026-10-03 14:34:30+02:00,2026-10-03,14,Saturday,True,5.43645
20261003_122833,2026-10-03 12:28:33.813000+00:00,Zürich,rail,ch:1:sloid:3000,Zürich HB,ch:1:sloid:3000:503:43,2026-10-03,ch:1:sjyid:100001:18355-001,rail,S-Bahn,S3,S3,18355,Zürich Hardbrücke,Wetzikon ZH,43/44,,2026-10-03 12:34:00+00:00,2026-10-03 12:34:54+00:00,,True,0.9,2026-10-03 14:28:33.813000+02:00,2026-10-03 14:34:00+02:00,2026-10-03 14:34:54+02:00,2026-10-03,14,Saturday,True,5.43645
20261003_122833,2026-10-03 12:28:33.813000+00:00,Zürich,rail,ch:1:sloid:3000,Zürich HB,ch:1:sloid:3000:5:9,2026-10-03,ch:1:sjyid:100001:2123-001,rail,InterRegio,IR75,IR75,2123,Luzern,Kreuzlingen,9,,2026-10-03 12:34:00+00:00,2026-10-03 12:34:30+00:00,,True,0.5,2026-10-03 14:28:33.813000+02:00,2026-10-03 14:34:00+02:00,2026-10-03 14:34:30+02:00,2026-10-03,14,Saturday,True,5.43645
20261003_122833,2026-10-03 12:28:33.813000+00:00,Zürich,rail,ch:1:sloid:3000,Zürich HB,ch:1:sloid:3000:4:6,2026-10-03,ch:1:sjyid:100001:2122-001,rail,InterRegio,IR75,IR75,2122,Kreuzlingen,Luzern,6,,2026-10-03 12:35:00+00:00,2026-10-03 12:36:00+00:00,,True,1.0,2026-10-03 14:28:33.813000+02:00,2026-10-03 14:35:00+02:00,2026-10-03 14:36:00+02:00,2026-10-03,14,Saturday,True,6.43645
20261003_122833,2026-10-03 12:28:33.813000+00:00,Zürich,rail,ch:1:sloid:3000,Zürich HB,ch:1:sloid:3000:9:17,2026-10-03,ch:1:sjyid:100001:1974-001,rail,InterRegio,IR36,IR36,1974,Zürich HB,Basel SBB,17,,2026-10-03 12:36:00+00:00,2026-10-03 12:36:30+00:00,,True,0.5,2026-10-03 14:28:33.813000+02:00,2026-10-03 14:36:00+02:00,2026-10-03 14:36:30+02:00,2026-10-03,14,Saturday,True,7.43645
20261003_122833,2026-10-03 12:28:33.813000+00:00,Zürich,rail,ch:1:sloid:3000,Zürich HB,ch:1:sloid:3000:501:33,2026-10-03,ch:1:sjyid:100001:719-002,rail,InterRegio,IR55,IR55,719,Zürich HB,St. Gallen,33,,2026-10-03 12:37:00+00:00,2026-10-03 12:37:30+00:00,,True,0.5,2026-10-03 14:28:33.813000+02:00,2026-10-03 14:37:00+02:00,2026-10-03 14:37:30+02:00,2026-10-03,14,Saturday,True,8.43645
20261003_122833,2026-10-03 12:28:33.813000+00:00,Zürich,rail,ch:1:sloid:3000,Zürich HB,ch:1:sloid:3000:500:32,2026-10-03,ch:1:sjyid:100001:18855-001,rail,S-Bahn,S8,S8,18855,Winterthur,Wädenswil,32,,2026-10-03 12:37:00+00:00,2026-10-03 12:37:36+00:00,,True,0.6,2026-10-03 14:28:33.813000+02:00,2026-10-03 14:37:00+02:00,2026-10-03 14:37:36+02:00,2026-10-03,14,Saturday,True,8.43645
20261003_122833,2026-10-03 12:28:33.813000+00:00,Zürich,rail,ch:1:sloid:3000,Zürich HB,ch:1:sloid:3000:502:42,2026-10-03,ch:1:sjyid:100001:18954-001,rail,S-Bahn,S9,S9,18954,Uster,Rafz,41/42,,2026-10-03 12:37:00+00:00,2026-10-03 12:37:18+00:00,,True,0.3,2026-10-03 14:28:33.813000+02:00,2026-10-03 14:37:00+02:00,2026-10-03 14:37:18+02:00,2026-10-03,14,Saturday,True,8.43645
20261003_122833,2026-10-03 12:28:33.813000+00:00,Zürich,rail,ch:1:sloid:3000,Zürich HB,ch:1:sloid:3000:3:5,2026-10-03,ch:1:sjyid:100001:186-001,rail,InterCity,IC,IC,186,Zürich HB,Stuttgart Hbf,5,,2026-10-03 12:37:00+00:00,2026-10-03 12:37:30+00:00,,True,0.5,2026-10-03 14:28:33.813000+02:00,2026-10-03 14:37:00+02:00,2026-10-03 14:37:30+02:00,2026-10-03,14,Saturday,True,8.43645
20261003_122833,2026-10-03 12:28:33.813000+00:00,Zürich,rail,ch:1:sloid:3000,Zürich HB,ch:1:sloid:3000:4:7,2026-10-03,ch:1:sjyid:100001:10907-007,rail,InterCity,IC3,IC3,10907,Zürich HB,Chur,,,2026-10-03 12:37:30+00:00,2026-10-03 12:37:30+00:00,,True,0.0,2026-10-03 14:28:33.813000+02:00,2026-10-03 14:37:30+02:00,2026-10-03 14:37:30+02:00,2026-10-03,14,Saturday,True,8.93645
20261003_122833,2026-10-03 12:28:33.813000+00:00,Zürich,rail,ch:1:sloid:3000,Zürich HB,ch:1:sloid:3000:9:16,2026-10-03,ch:1:sjyid:100001:4824-001,rail,RegioExpress,RE37,RE37,4824,Zürich HB,Aarau,16,,2026-10-03 12:38:00+00:00,2026-10-03 12:38:30+00:00,,True,0.5,2026-10-03 14:28:33.813000+02:00,2026-10-03 14:38:00+02:00,2026-10-03 14:38:30+02:00,2026-10-03,14,Saturday,True,9.43645
20261003_122833,2026-10-03 12:28:33.813000+00:00,Zürich,rail,ch:1:sloid:3000,Zürich HB,ch:1:sloid:3000:4:7,2026-10-03,ch:1:sjyid:100001:10907-007,rail,InterCity,IC3,IC3,10907,Zürich HB,Chur,7,,2026-10-03 12:38:00+00:00,2026-10-03 12:38:30+00:00,,True,0.5,2026-10-03 14:28:33.813000+02:00,2026-10-03 14:38:00+02:00,2026-10-03 14:38:30+02:00,2026-10-03,14,Saturday,True,9.43645
20261003_122833,2026-10-03 12:28:33.813000+00:00,Zürich,rail,ch:1:sloid:3000,Zürich HB,ch:1:sloid:3000:503:43,2026-10-03,ch:1:sjyid:100001:19555-001,rail,S-Bahn,S15,S15,19555,Niederweningen,Rüti ZH,43/44,,2026-10-03 12:39:00+00:00,2026-10-03 12:40:12+00:00,,True,1.2,2026-10-03 14:28:33.813000+02:00,2026-10-03 14:39:00+02:00,2026-10-03 14:40:12+02:00,2026-10-03,14,Saturday,True,10.43645
20261003_122833,2026-10-03 12:28:33.813000+00:00,Zürich,rail,ch:1:sloid:3000,Zürich HB,ch:1:sloid:3000:502:42,2026-10-03,ch:1:sjyid:100001:18554-001,rail,S-Bahn,S5,S5,18554,Rüti ZH,Zug,41/42,,2026-10-03 12:39:00+00:00,2026-10-03 12:39:18+00:00,,True,0.3,2026-10-03 14:28:33.813000+02:00,2026-10-03 14:39:00+02:00,2026-10-03 14:39:18+02:00,2026-10-03,14,Saturday,True,10.43645
20261003_122833,2026-10-03 12:28:33.813000+00:00,Zürich,rail,ch:1:sloid:3000,Zürich HB,ch:1:sloid:3000:503:43,2026-10-03,ch:1:sjyid:100001:18755-001,rail,S-Bahn,S7,S7,18755,Winterthur,Rapperswil SG,43/44,,2026-10-03 12:41:00+00:00,2026-10-03 12:42:30+00:00,,True,1.5,2026-10-03 14:28:33.813000+02:00,2026-10-03 14:41:00+02:00,2026-10-03 14:42:30+02:00,2026-10-03,14,Saturday,True,12.43645
20261003_122833,2026-10-03 12:28:33.813000+00:00,Zürich,rail,ch:1:sloid:3000,Zürich HB,ch:1:sloid:3000:501:34,2026-10-03,ch:1:sjyid:100001:19455-001,rail,S-Bahn,S14,S14,19455,Affoltern am Albis,Hinwil,34,,2026-10-03 12:42:00+00:00,2026-10-03 12:42:30+00:00,,True,0.5,2026-10-03 14:28:33.813000+02:00,2026-10-03 14:42:00+02:00,2026-10-03 14:42:30+02:00,2026-10-03,14,Saturday,True,13.43645
20261003_122833,2026-10-03 12:28:33.813000+00:00,Zürich,rail,ch:1:sloid:3000,Zürich HB,ch:1:sloid:3000:501:33,2026-10-03,ch:1:sjyid:100001:18254-001,rail,S-Bahn,S2,S2,18254,Ziegelbrücke,Zürich Flughafen,33,,2026-10-03 12:44:00+00:00,2026-10-03 12:44:18+00:00,,True,0.3,2026-10-03 14:28:33.813000+02:00,2026-10-03 14:44:00+02:00,2026-10-03 14:44:18+02:00,2026-10-03,14,Saturday,True,15.43645
20261003_122833,2026-10-03 12:28:33.813000+00:00,Zürich,rail,ch:1:sloid:3000,Zürich HB,ch:1:sloid:3000:2:3,2026-10-03,ch:1:sjyid:100001:20454-001,rail,S-Bahn,S24,S24,20454,Zug,Thayngen,3,,2026-10-03 12:44:00+00:00,2026-10-03 12:44:18+00:00,,True,0.3,2026-10-03 14:28:33.813000+02:00,2026-10-03 14:44:00+02:00,2026-10-03 14:44:18+02:00,2026-10-03,14,Saturday,True,15.43645
20261003_122833,2026-10-03 12:28:33.813000+00:00,Zürich,rail,ch:1:sloid:3000,Zürich HB,ch:1:sloid:3000:502:42,2026-10-03,ch:1:sjyid:100001:19254-001,rail,S-Bahn,S12,S12,19254,Schaffhausen,Brugg AG,41/42,,2026-10-03 12:44:00+00:00,2026-10-03 12:44:18+00:00,,True,0.3,2026-10-03 14:28:33.813000+02:00,2026-10-03 14:44:00+02:00,2026-10-03 14:44:18+02:00,2026-10-03,14,Saturday,True,15.43645
20261003_122833,2026-10-03 12:28:33.813000+00:00,Zürich,rail,ch:1:sloid:3000,Zürich HB,ch:1:sloid:3000:503:43,2026-10-03,ch:1:sjyid:100001:19655-001,rail,S-Bahn,S16,S16,19655,Zürich Flughafen,Herrliberg-Feldmeilen,43/44,,2026-10-03 12:45:00+00:00,2026-10-03 12:45:36+00:00,,True,0.6,2026-10-03 14:28:33.813000+02:00,2026-10-03 14:45:00+02:00,2026-10-03 14:45:36+02:00,2026-10-03,14,Saturday,True,16.43645
20261003_122833,2026-10-03 12:28:34.748000+00:00,Bern,rail,ch:1:sloid:7000,Bern,ch:1:sloid:7000:5:10,2026-10-03,ch:1:sjyid:100015:15355-001,rail,S-Bahn,S3,S3,15355,Belp,Biel/Bienne,10,,2026-10-03 12:30:00+00:00,2026-10-03 12:31:00+00:00,,True,1.0,2026-10-03 14:28:34.748000+02:00,2026-10-03 14:30:00+02:00,2026-10-03 14:31:00+02:00,2026-10-03,14,Saturday,True,1.4208666666666665
20261003_122833,2026-10-03 12:28:34.748000+00:00,Bern,rail,ch:1:sloid:7000,Bern,ch:1:sloid:7000:4:8,2026-10-03,ch:1:sjyid:100001:721-001,rail,InterCity,IC1,IC1,721,Genève-Aéroport,Zürich HB,8,,2026-10-03 12:31:00+00:00,2026-10-03 12:48:06+00:00,,True,17.1,2026-10-03 14:28:34.748000+02:00,2026-10-03 14:31:00+02:00,2026-10-03 14:48:06+02:00,2026-10-03,14,Saturday,True,2.420866666666667
20261003_122833,2026-10-03 12:28:34.748000+00:00,Bern,rail,ch:1:sloid:7000,Bern,ch:1:sloid:7000:1:1,2026-10-03,ch:1:sjyid:100015:15352-001,rail,S-Bahn,S3,S3,15352,Biel/Bienne,Belp,1A-D,,2026-10-03 12:32:00+00:00,2026-10-03 12:32:12+00:00,,True,0.2,2026-10-03 14:28:34.748000+02:00,2026-10-03 14:32:00+02:00,2026-10-03 14:32:12+02:00,2026-10-03,14,Saturday,True,3.420866666666667
20261003_122833,2026-10-03 12:28:34.748000+00:00,Bern,rail,ch:1:sloid:7000,Bern,ch:1:sloid:7000:3:5,2026-10-03,ch:1:sjyid:100001:10062-001,rail,InterCity,IC6,IC6,10062,Brig,Basel SBB,,,2026-10-03 12:32:24+00:00,2026-10-03 12:34:54+00:00,,True,2.5,2026-10-03 14:28:34.748000+02:00,2026-10-03 14:32:24+02:00,2026-10-03 14:34:54+02:00,2026-10-03,14,Saturday,True,3.820866666666667
20261003_122833,2026-10-03 12:28:34.748000+00:00,Bern,rail,ch:1:sloid:7000,Bern,ch:1:sloid:7000:3:5,2026-10-03,ch:1:sjyid:100001:10062-001,rail,InterCity,IC6,IC6,10062,Brig,Basel SBB,5,,2026-10-03 12:33:00+00:00,2026-10-03 12:34:00+00:00,,True,1.0,2026-10-03 14:28:34.748000+02:00,2026-10-03 14:33:00+02:00,2026-10-03 14:34:00+02:00,2026-10-03,14,Saturday,True,4.420866666666667
20261003_122833,2026-10-03 12:28:34.748000+00:00,Bern,rail,ch:1:sloid:7000,Bern,ch:1:sloid:7000:3:6,2026-10-03,ch:1:sjyid:100001:902-001,rail,InterCity,IC,IC,902,Zürich HB,Genève-Aéroport,6,,2026-10-03 12:34:00+00:00,2026-10-03 12:34:36+00:00,,True,0.6,2026-10-03 14:28:34.748000+02:00,2026-10-03 14:34:00+02:00,2026-10-03 14:34:36+02:00,2026-10-03,14,Saturday,True,5.420866666666667
20261003_122833,2026-10-03 12:28:34.748000+00:00,Bern,rail,ch:1:sloid:7000,Bern,ch:1:sloid:7000_gen:ch:1:sloid:7000:6:33_pf:13D-F,2026-10-03,ch:1:sjyid:100015:16254-001,rail,S-Bahn,S52,S52,16254,Bern,Murten/Morat,13D-F,,2026-10-03 12:34:00+00:00,2026-10-03 12:34:12+00:00,,True,0.2,2026-10-03 14:28:34.748000+02:00,2026-10-03 14:34:00+02:00,2026-10-03 14:34:12+02:00,2026-10-03,14,Saturday,True,5.420866666666667
20261003_122833,2026-10-03 12:28:34.748000+00:00,Bern,rail,ch:1:sloid:7000,Bern,ch:1:sloid:7000:4:7,2026-10-03,ch:1:sjyid:100001:623-002,rail,InterCity,IC61,IC61,623,Basel SBB,Interlaken Ost,7,,2026-10-03 12:34:00+00:00,2026-10-03 12:34:42+00:00,,True,0.7,2026-10-03 14:28:34.748000+02:00,2026-10-03 14:34:00+02:00,2026-10-03 14:34:42+02:00,2026-10-03,14,Saturday,True,5.420866666666667
20261003_122833,2026-10-03 12:28:34.748000+00:00,Bern,rail,ch:1:sloid:7000,Bern,ch:1:sloid:7000:0:349752,2026-10-03,ch:1:sjyid:100015:30075-008,rail,RegioExpress,RE7,RE7,30075,Bern,Konolfingen,2A-D,,2026-10-03 12:35:00+00:00,2026-10-03 12:35:00+00:00,,True,0.0,2026-10-03 14:28:34.748000+02:00,2026-10-03 14:35:00+02:00,2026-10-03 14:35:00+02:00,2026-10-03,14,Saturday,True,6.420866666666667
20261003_122833,2026-10-03 12:28:34.748000+00:00,Bern,rail,ch:1:sloid:7000,Bern,ch:1:sloid:7000_gen:ch:1:sloid:7000:6:13_pf:13AB,2026-10-03,ch:1:sjyid:100015:15654-001,rail,S-Bahn,S6,S6,15654,Bern,Schwarzenburg,13AB,,2026-10-03 12:36:00+00:00,2026-10-03 12:36:12+00:00,,True,0.2,2026-10-03 14:28:34.748000+02:00,2026-10-03 14:36:00+02:00,2026-10-03 14:36:12+02:00,2026-10-03,14,Saturday,True,7.420866666666667
20261003_122833,2026-10-03 12:28:34.748000+00:00,Bern,rail,ch:1:sloid:7000,Bern,ch:1:sloid:7000:0:349752,2026-10-03,ch:1:sjyid:100015:30075-008,rail,RegioExpress,RE7,RE7,30075,Bern,Konolfingen,2A-D,,2026-10-03 12:36:00+00:00,2026-10-03 12:37:00+00:00,,True,1.0,2026-10-03 14:28:34.748000+02:00,2026-10-03 14:36:00+02:00,2026-10-03 14:37:00+02:00,2026-10-03,14,Saturday,True,7.420866666666667
20261003_122833,2026-10-03 12:28:34.748000+00:00,Bern,rail,ch:1:sloid:7000,Bern,ch:1:sloid:7000:55:50,2026-10-03,ch:1:sjyid:100001:2375-001,rail,InterRegio,IR35,IR35,2375,Bern,Chur,50,,2026-10-03 12:38:00+00:00,2026-10-03 12:38:00+00:00,,True,0.0,2026-10-03 14:28:34.748000+02:00,2026-10-03 14:38:00+02:00,2026-10-03 14:38:00+02:00,2026-10-03,14,Saturday,True,9.420866666666665
20261003_122833,2026-10-03 12:28:34.748000+00:00,Bern,rail,ch:1:sloid:7000,Bern,ch:1:sloid:7000:5:9,2026-10-03,ch:1:sjyid:100015:4175-001,rail,RegioExpress,RE1,RE1,4175,Bern,Brig/Zweisimmen,9,,2026-10-03 12:39:00+00:00,2026-10-03 12:39:30+00:00,,True,0.5,2026-10-03 14:28:34.748000+02:00,2026-10-03 14:39:00+02:00,2026-10-03 14:39:30+02:00,2026-10-03,14,Saturday,True,10.420866666666665
20261003_122833,2026-10-03 12:28:34.748000+00:00,Bern,rail,ch:1:sloid:7000,Bern,ch:1:sloid:7000:55:49,2026-10-03,ch:1:sjyid:100015:3355-001,rail,InterRegio,IR65,IR65,3355,Bern,Biel/Bienne,49,,2026-10-03 12:42:00+00:00,2026-10-03 12:42:12+00:00,,True,0.2,2026-10-03 14:28:34.748000+02:00,2026-10-03 14:42:00+02:00,2026-10-03 14:42:12+02:00,2026-10-03,14,Saturday,True,13.420866666666665
20261003_122833,2026-10-03 12:28:34.748000+00:00,Bern,rail,ch:1:sloid:7000,Bern,ch:1:sloid:7000_gen:ch:1:sloid:7000:0:1752_pf:5E-H,2026-10-03,ch:1:sjyid:100015:15450-001,rail,S-Bahn,S4,S4,15450,Langnau i.E.,Thun,5E-H,,2026-10-03 12:42:00+00:00,2026-10-03 12:42:42+00:00,,True,0.7,2026-10-03 14:28:34.748000+02:00,2026-10-03 14:42:00+02:00,2026-10-03 14:42:42+02:00,2026-10-03,14,Saturday,True,13.420866666666665
20261003_122833,2026-10-03 12:28:34.748000+00:00,Bern,rail,ch:1:sloid:7000,Bern,ch:1:sloid:7000:4:7,2026-10-03,ch:1:sjyid:100015:15255-001,rail,S-Bahn,S2,S2,15255,Laupen BE,Konolfingen,7,,2026-10-03 12:42:00+00:00,2026-10-03 12:42:12+00:00,,True,0.2,2026-10-03 14:28:34.748000+02:00,2026-10-03 14:42:00+02:00,2026-10-03 14:42:12+02:00,2026-10-03,14,Saturday,True,13.420866666666665
20261003_122833,2026-10-03 12:28:34.748000+00:00,Bern,rail,ch:1:sloid:7000,Bern,ch:1:sloid:7000_gen:ch:1:sloid:7000:1:21_pf:1E-H,2026-10-03,ch:1:sjyid:100015:15152-001,rail,S-Bahn,S1,S1,15152,Thun,Fribourg/Freiburg,1E-H,,2026-10-03 12:45:00+00:00,2026-10-03 12:45:12+00:00,,True,0.2,2026-10-03 14:28:34.748000+02:00,2026-10-03 14:45:00+02:00,2026-10-03 14:45:12+02:00,2026-10-03,14,Saturday,True,16.420866666666665
20261003_122833,2026-10-03 12:28:34.748000+00:00,Bern,rail,ch:1:sloid:7000,Bern,ch:1:sloid:7000:5:10,2026-10-03,ch:1:sjyid:100015:15153-001,rail,S-Bahn,S1,S1,15153,Fribourg/Freiburg,Thun,10,,2026-10-03 12:47:00+00:00,2026-10-03 12:47:30+00:00,,True,0.5,2026-10-03 14:28:34.748000+02:00,2026-10-03 14:47:00+02:00,2026-10-03 14:47:30+02:00,2026-10-03,14,Saturday,True,18.420866666666665
20261003_122833,2026-10-03 12:28:34.748000+00:00,Bern,rail,ch:1:sloid:7000,Bern,ch:1:sloid:7000:1:1,2026-10-03,ch:1:sjyid:100015:15254-001,rail,S-Bahn,S2,S2,15254,Konolfingen,Laupen BE,1A-D,,2026-10-03 12:50:00+00:00,2026-10-03 12:50:18+00:00,,True,0.3,2026-10-03 14:28:34.748000+02:00,2026-10-03 14:50:00+02:00,2026-10-03 14:50:18+02:00,2026-10-03,14,Saturday,True,21.420866666666665
20261003_122833,2026-10-03 12:28:34.748000+00:00,Bern,rail,ch:1:sloid:7000,Bern,ch:1:sloid:7000_gen:ch:1:sloid:7000:6:12_pf:12A-C,2026-10-03,ch:1:sjyid:100015:16453-001,rail,S-Bahn,S44,S44,16453,Thun,Solothurn/Sumiswald-Grünen,12A-C,,2026-10-03 12:50:00+00:00,2026-10-03 12:50:12+00:00,,True,0.2,2026-10-03 14:28:34.748000+02:00,2026-10-03 14:50:00+02:00,2026-10-03 14:50:12+02:00,2026-10-03,14,Saturday,True,21.420866666666665
20261003_122833,2026-10-03 12:28:34.748000+00:00,Bern,rail,ch:1:sloid:7000,Bern,ch:1:sloid:7000:4:7,2026-10-03,ch:1:sjyid:100015:3226-001,rail,InterRegio,IR66,IR66,3226,Bern,La Chaux-de-Fonds,7,,2026-10-03 12:53:00+00:00,2026-10-03 12:53:12+00:00,,True,0.2,2026-10-03 14:28:34.748000+02:00,2026-10-03 14:53:00+02:00,2026-10-03 14:53:12+02:00,2026-10-03,14,Saturday,True,24.420866666666665
20261003_122833,2026-10-03 12:28:34.748000+00:00,Bern,rail,ch:1:sloid:7000,Bern,ch:1:sloid:7000:5:10,2026-10-03,ch:1:sjyid:100001:2523-001,rail,InterRegio,IR15,IR15,2523,Genève-Aéroport,Luzern,10,,2026-10-03 13:00:00+00:00,2026-10-03 13:00:36+00:00,,True,0.6,2026-10-03 14:28:34.748000+02:00,2026-10-03 15:00:00+02:00,2026-10-03 15:00:36+02:00,2026-10-03,15,Saturday,True,31.420866666666665
20261003_122833,2026-10-03 12:28:34.748000+00:00,Bern,rail,ch:1:sloid:7000,Bern,ch:1:sloid:7000_gen:ch:1:sloid:7000:6:12_pf:12A-C,2026-10-03,ch:1:sjyid:100015:15357-001,rail,S-Bahn,S3,S3,15357,Belp,Biel/Bienne,12A-C,,2026-10-03 13:00:00+00:00,2026-10-03 13:00:30+00:00,,True,0.5,2026-10-03 14:28:34.748000+02:00,2026-10-03 15:00:00+02:00,2026-10-03 15:00:30+02:00,2026-10-03,15,Saturday,True,31.420866666666665
20261003_122833,2026-10-03 12:28:34.748000+00:00,Bern,rail,ch:1:sloid:7000,Bern,ch:1:sloid:7000:4:8,2026-10-03,ch:1:sjyid:100001:10823-008,rail,InterCity,IC81,IC81,10823,Interlaken Ost,Zürich HB,2,,2026-10-03 13:01:24+00:00,2026-10-03 13:03:42+00:00,,True,2.3,2026-10-03 14:28:34.748000+02:00,2026-10-03 15:01:24+02:00,2026-10-03 15:03:42+02:00,2026-10-03,15,Saturday,True,32.82086666666667
20261003_122833,2026-10-03 12:28:34.748000+00:00,Bern,rail,ch:1:sloid:7000,Bern,ch:1:sloid:7000:4:8,2026-10-03,ch:1:sjyid:100001:10823-008,rail,InterCity,IC81,IC81,10823,Interlaken Ost,Zürich HB,2,8,2026-10-03 13:02:00+00:00,2026-10-03 13:02:36+00:00,,True,0.6,2026-10-03 14:28:34.748000+02:00,2026-10-03 15:02:00+02:00,2026-10-03 15:02:36+02:00,2026-10-03,15,Saturday,True,33.42086666666667
20261003_122833,2026-10-03 12:28:34.748000+00:00,Bern,rail,ch:1:sloid:7000,Bern,ch:1:sloid:7000:1:1,2026-10-03,ch:1:sjyid:100015:15354-001,rail,S-Bahn,S3,S3,15354,Biel/Bienne,Belp,1A-D,,2026-10-03 13:02:00+00:00,2026-10-03 13:02:12+00:00,,True,0.2,2026-10-03 14:28:34.748000+02:00,2026-10-03 15:02:00+02:00,2026-10-03 15:02:12+02:00,2026-10-03,15,Saturday,True,33.42086666666667
20261003_122833,2026-10-03 12:28:34.748000+00:00,Bern,rail,ch:1:sloid:7000,Bern,ch:1:sloid:7000:4:8,2026-10-03,ch:1:sjyid:100001:10823-008,rail,InterCity,IC81,IC81,10823,Interlaken Ost,Zürich HB,2,8,2026-10-03 13:02:00+00:00,2026-10-03 13:02:36+00:00,,True,0.6,2026-10-03 14:28:34.748000+02:00,2026-10-03 15:02:00+02:00,2026-10-03 15:02:36+02:00,2026-10-03,15,Saturday,True,33.42086666666667
20261003_122833,2026-10-03 12:28:34.748000+00:00,Bern,rail,ch:1:sloid:7000,Bern,ch:1:sloid:7000:2:3,2026-10-03,ch:1:sjyid:100001:10276-005,rail,InterCity,IC6,IC6,10276,Brig,Basel SBB,,,2026-10-03 13:02:54+00:00,2026-10-03 13:03:42+00:00,,True,0.8,2026-10-03 14:28:34.748000+02:00,2026-10-03 15:02:54+02:00,2026-10-03 15:03:42+02:00,2026-10-03,15,Saturday,True,34.32086666666667
20261003_122833,2026-10-03 12:28:34.748000+00:00,Bern,rail,ch:1:sloid:7000,Bern,ch:1:sloid:7000:1:2,2026-10-03,ch:1:sjyid:100001:10279-003,rail,InterCity,IC61,IC61,10279,Basel SBB,Interlaken Ost,8,,2026-10-03 13:03:18+00:00,2026-10-03 13:05:00+00:00,,True,1.7,2026-10-03 14:28:34.748000+02:00,2026-10-03 15:03:18+02:00,2026-10-03 15:05:00+02:00,2026-10-03,15,Saturday,True,34.720866666666666
20261003_122833,2026-10-03 12:28:34.748000+00:00,Bern,rail,ch:1:sloid:7000,Bern,ch:1:sloid:7000:3:5,2026-10-03,ch:1:sjyid:100001:10276-005,rail,InterCity,IC6,IC6,10276,Brig,Basel SBB,5,,2026-10-03 13:04:00+00:00,2026-10-03 13:05:00+00:00,,True,1.0,2026-10-03 14:28:34.748000+02:00,2026-10-03 15:04:00+02:00,2026-10-03 15:05:00+02:00,2026-10-03,15,Saturday,True,35.42086666666667
20261003_122833,2026-10-03 12:28:35.339000+00:00,Basel,rail,ch:1:sloid:10,Basel SBB,ch:1:sloid:10:0:19,2026-10-03,ch:1:sjyid:100001:17351-001,rail,S-Bahn,S3,S3,17351,Laufen,Olten,19A-D,,2026-10-03 12:30:00+00:00,2026-10-03 12:30:12+00:00,,True,0.2,2026-10-03 14:28:35.339000+02:00,2026-10-03 14:30:00+02:00,2026-10-03 14:30:12+02:00,2026-10-03,14,Saturday,True,1.4110166666666666
20261003_122833,2026-10-03 12:28:35.339000+00:00,Basel,rail,ch:1:sloid:10,Basel SBB,ch:1:sloid:10:5:10,2026-10-03,ch:1:sjyid:100001:975-001,rail,InterCity,IC6,IC6,975,Basel SBB,Brig,6,10,2026-10-03 12:30:00+00:00,2026-10-03 12:30:42+00:00,,True,0.7,2026-10-03 14:28:35.339000+02:00,2026-10-03 14:30:00+02:00,2026-10-03 14:30:42+02:00,2026-10-03,14,Saturday,True,1.4110166666666666
20261003_122833,2026-10-03 12:28:35.339000+00:00,Basel,rail,ch:1:sloid:10,Basel SBB,ch:1:sloid:10:0:20,2026-10-03,ch:1:sjyid:100001:1626-001,rail,InterCity,IC51,IC51,1626,Basel SBB,Lausanne,20,,2026-10-03 12:32:00+00:00,2026-10-03 12:32:42+00:00,,True,0.7,2026-10-03 14:28:35.339000+02:00,2026-10-03 14:32:00+02:00,2026-10-03 14:32:42+02:00,2026-10-03,14,Saturday,True,3.411016666666667
20261003_122833,2026-10-03 12:28:35.339000+00:00,Basel,rail,ch:1:sloid:10,Basel SBB,ch:1:sloid:10:3:5,2026-10-03,ch:1:sjyid:100001:575-001,rail,InterCity,IC3,IC3,575,Basel SBB,Chur,5,,2026-10-03 12:33:00+00:00,2026-10-03 12:33:48+00:00,,True,0.8,2026-10-03 14:28:35.339000+02:00,2026-10-03 14:33:00+02:00,2026-10-03 14:33:48+02:00,2026-10-03,14,Saturday,True,4.411016666666667
20261003_122833,2026-10-03 12:28:35.339000+00:00,Basel,rail,ch:1:sloid:10,Basel SBB,ch:1:sloid:10:6:12,2026-10-03,ch:1:sjyid:100001:9222-001,rail,Train à grande vit.,TGV,TGV,9222,Zürich HB,Paris Gare de Lyon,12,,2026-10-03 12:34:00+00:00,2026-10-03 12:34:48+00:00,,True,0.8,2026-10-03 14:28:35.339000+02:00,2026-10-03 14:34:00+02:00,2026-10-03 14:34:48+02:00,2026-10-03,14,Saturday,True,5.411016666666667
20261003_122833,2026-10-03 12:28:35.339000+00:00,Basel,rail,ch:1:sloid:10,Basel SBB,ch:1:sloid:10:1:2,2026-10-03,ch:1:sjyid:100308:87838-001,rail,S-Bahn,S6,S6,87838,Basel SBB,Zell (Wiesental),2,,2026-10-03 12:35:00+00:00,2026-10-03 12:35:12+00:00,,True,0.2,2026-10-03 14:28:35.339000+02:00,2026-10-03 14:35:00+02:00,2026-10-03 14:35:12+02:00,2026-10-03,14,Saturday,True,6.411016666666667
20261003_122833,2026-10-03 12:28:35.339000+00:00,Basel,rail,ch:1:sloid:10,Basel SBB,ch:1:sloid:10:2:4,2026-10-03,ch:1:sjyid:100001:2075-001,rail,InterRegio,IR36,IR36,2075,Basel SBB,Zürich Flughafen,4,,2026-10-03 12:36:00+00:00,2026-10-03 12:36:42+00:00,,True,0.7,2026-10-03 14:28:35.339000+02:00,2026-10-03 14:36:00+02:00,2026-10-03 14:36:42+02:00,2026-10-03,14,Saturday,True,7.411016666666667
20261003_122833,2026-10-03 12:28:35.339000+00:00,Basel,rail,ch:1:sloid:10,Basel SBB,ch:1:sloid:10:22:33,2026-10-03,ch:1:sjyid:100001:96120-001,rail,Train Express Regional,TER,TER,96120,Basel SBB,Mulhouse,33,,2026-10-03 12:38:00+00:00,2026-10-03 12:38:18+00:00,,True,0.3,2026-10-03 14:28:35.339000+02:00,2026-10-03 14:38:00+02:00,2026-10-03 14:38:18+02:00,2026-10-03,14,Saturday,True,9.411016666666665
20261003_122833,2026-10-03 12:28:35.339000+00:00,Basel,rail,ch:1:sloid:10,Basel SBB,ch:1:sloid:10:8:16,2026-10-03,ch:1:sjyid:100001:17350-001,rail,S-Bahn,S3,S3,17350,Olten,Laufen,16,,2026-10-03 12:38:00+00:00,2026-10-03 12:38:12+00:00,,True,0.2,2026-10-03 14:28:35.339000+02:00,2026-10-03 14:38:00+02:00,2026-10-03 14:38:12+02:00,2026-10-03,14,Saturday,True,9.411016666666665
20261003_122833,2026-10-03 12:28:35.339000+00:00,Basel,rail,ch:1:sloid:10,Basel SBB,ch:1:sloid:10:5:9,2026-10-03,ch:1:sjyid:100001:2275-001,rail,InterRegio,IR37,IR37,2275,Basel SBB,Zürich HB,9,,2026-10-03 12:43:00+00:00,2026-10-03 12:43:48+00:00,,True,0.8,2026-10-03 14:28:35.339000+02:00,2026-10-03 14:43:00+02:00,2026-10-03 14:43:48+02:00,2026-10-03,14,Saturday,True,14.411016666666665
20261003_122833,2026-10-03 12:28:35.339000+00:00,Basel,rail,ch:1:sloid:10,Basel SBB,ch:1:sloid:10:7:15,2026-10-03,ch:1:sjyid:100001:17553-001,rail,S-Bahn,S33,S33,17553,Basel SBB,Liestal,15,,2026-10-03 12:45:00+00:00,2026-10-03 12:45:30+00:00,,True,0.5,2026-10-03 14:28:35.339000+02:00,2026-10-03 14:45:00+02:00,2026-10-03 14:45:30+02:00,2026-10-03,14,Saturday,True,16.411016666666665
20261003_122833,2026-10-03 12:28:35.339000+00:00,Basel,rail,ch:1:sloid:10,Basel SBB,ch:1:sloid:10:6:12,2026-10-03,ch:1:sjyid:100001:17255-001,rail,S-Bahn,S1,S1,17255,Basel SBB,Laufenburg,12,,2026-10-03 12:49:00+00:00,2026-10-03 12:49:12+00:00,,True,0.2,2026-10-03 14:28:35.339000+02:00,2026-10-03 14:49:00+02:00,2026-10-03 14:49:12+02:00,2026-10-03,14,Saturday,True,20.41101666666667
20261003_122833,2026-10-03 12:28:35.339000+00:00,Basel,rail,ch:1:sloid:10,Basel SBB,ch:1:sloid:10:3:5,2026-10-03,ch:1:sjyid:100001:627-002,rail,InterCity,IC61,IC61,627,Basel SBB,Interlaken Ost,5,,2026-10-03 12:58:00+00:00,2026-10-03 12:58:42+00:00,,True,0.7,2026-10-03 14:28:35.339000+02:00,2026-10-03 14:58:00+02:00,2026-10-03 14:58:42+02:00,2026-10-03,14,Saturday,True,29.41101666666667
20261003_122833,2026-10-03 12:28:35.339000+00:00,Basel,rail,ch:1:sloid:10,Basel SBB,ch:1:sloid:10:0:19,2026-10-03,ch:1:sjyid:100001:17353-001,rail,S-Bahn,S3,S3,17353,Laufen,Olten,,,2026-10-03 13:00:00+00:00,2026-10-03 13:00:12+00:00,,True,0.2,2026-10-03 14:28:35.339000+02:00,2026-10-03 15:00:00+02:00,2026-10-03 15:00:12+02:00,2026-10-03,15,Saturday,True,31.41101666666667
20261003_122833,2026-10-03 12:28:35.339000+00:00,Basel,rail,ch:1:sloid:10,Basel SBB,ch:1:sloid:10:0:20,2026-10-03,ch:1:sjyid:100015:1872-001,rail,InterRegio,IR56,IR56,1872,Basel SBB,Biel/Bienne,20,,2026-10-03 13:02:00+00:00,2026-10-03 13:02:12+00:00,,True,0.2,2026-10-03 14:28:35.339000+02:00,2026-10-03 15:02:00+02:00,2026-10-03 15:02:12+02:00,2026-10-03,15,Saturday,True,33.41101666666667
20261003_122833,2026-10-03 12:28:35.339000+00:00,Basel,rail,ch:1:sloid:10,Basel SBB,ch:1:sloid:10:3:6,2026-10-03,ch:1:sjyid:100001:173-001,rail,EuroCity,EC,EC,173,Basel SBB,Milano Centrale,6,,2026-10-03 13:04:00+00:00,,,False,,2026-10-03 14:28:35.339000+02:00,2026-10-03 15:04:00+02:00,,2026-10-03,15,Saturday,True,35.41101666666667
20261003_122833,2026-10-03 12:28:35.339000+00:00,Basel,rail,ch:1:sloid:10,Basel SBB,ch:1:sloid:10:1:2,2026-10-03,ch:1:sjyid:100308:87840-001,rail,S-Bahn,S6,S6,87840,Basel SBB,Zell (Wiesental),2,,2026-10-03 13:06:00+00:00,2026-10-03 13:06:12+00:00,,True,0.2,2026-10-03 14:28:35.339000+02:00,2026-10-03 15:06:00+02:00,2026-10-03 15:06:12+02:00,2026-10-03,15,Saturday,True,37.41101666666667
20261003_122833,2026-10-03 12:28:35.339000+00:00,Basel,rail,ch:1:sloid:10,Basel SBB,ch:1:sloid:10:6:11,2026-10-03,ch:1:sjyid:100001:1977-001,rail,InterRegio,IR36,IR36,1977,Basel SBB,Zürich HB,11,,2026-10-03 13:07:00+00:00,2026-10-03 13:07:42+00:00,,True,0.7,2026-10-03 14:28:35.339000+02:00,2026-10-03 15:07:00+02:00,2026-10-03 15:07:42+02:00,2026-10-03,15,Saturday,True,38.41101666666667
20261003_122833,2026-10-03 12:28:35.339000+00:00,Basel,rail,ch:1:sloid:10,Basel SBB,ch:1:sloid:10:5:9,2026-10-03,ch:1:sjyid:100001:105-002,rail,InterCityExpress,ICE,ICE,105,Basel SBB,Zürich HB,4,9,2026-10-03 13:07:00+00:00,2026-10-03 13:07:48+00:00,,True,0.8,2026-10-03 14:28:35.339000+02:00,2026-10-03 15:07:00+02:00,2026-10-03 15:07:48+02:00,2026-10-03,15,Saturday,True,38.41101666666667
20261003_122833,2026-10-03 12:28:35.339000+00:00,Basel,rail,ch:1:sloid:10,Basel SBB,ch:1:sloid:10:8:16,2026-10-03,ch:1:sjyid:100001:17352-001,rail,S-Bahn,S3,S3,17352,Olten,Laufen,16,,2026-10-03 13:08:00+00:00,2026-10-03 13:08:12+00:00,,True,0.2,2026-10-03 14:28:35.339000+02:00,2026-10-03 15:08:00+02:00,2026-10-03 15:08:12+02:00,2026-10-03,15,Saturday,True,39.41101666666667
20261003_122833,2026-10-03 12:28:35.339000+00:00,Basel,rail,ch:1:sloid:10,Basel SBB,ch:1:sloid:10:7:14,2026-10-03,ch:1:sjyid:100001:17555-001,rail,S-Bahn,S33,S33,17555,Basel SBB,Liestal,14,,2026-10-03 13:15:00+00:00,2026-10-03 13:15:30+00:00,,True,0.5,2026-10-03 14:28:35.339000+02:00,2026-10-03 15:15:00+02:00,2026-10-03 15:15:30+02:00,2026-10-03,15,Saturday,True,46.41101666666667
20261003_122833,2026-10-03 12:28:35.339000+00:00,Basel,rail,ch:1:sloid:10,Basel SBB,ch:1:sloid:10:2:3,2026-10-03,ch:1:sjyid:100001:2477-001,rail,InterRegio,IR27,IR27,2477,Basel SBB,Luzern,3,,2026-10-03 13:16:00+00:00,2026-10-03 13:16:42+00:00,,True,0.7,2026-10-03 14:28:35.339000+02:00,2026-10-03 15:16:00+02:00,2026-10-03 15:16:42+02:00,2026-10-03,15,Saturday,True,47.41101666666667
20261003_122833,2026-10-03 12:28:35.339000+00:00,Basel,rail,ch:1:sloid:10,Basel SBB,ch:1:sloid:10:6:12,2026-10-03,ch:1:sjyid:100001:17157-001,rail,S-Bahn,S1,S1,17157,Basel SBB,Frick,12,,2026-10-03 13:19:00+00:00,2026-10-03 13:19:12+00:00,,True,0.2,2026-10-03 14:28:35.339000+02:00,2026-10-03 15:19:00+02:00,2026-10-03 15:19:12+02:00,2026-10-03,15,Saturday,True,50.41101666666667
20261003_122833,2026-10-03 12:28:35.339000+00:00,Basel,rail,ch:1:sloid:10,Basel SBB,ch:1:sloid:10:0:19,2026-10-03,ch:1:sjyid:100001:17355-001,rail,S-Bahn,S3,S3,17355,Laufen,Olten,,,2026-10-03 13:30:00+00:00,2026-10-03 13:30:12+00:00,,True,0.2,2026-10-03 14:28:35.339000+02:00,2026-10-03 15:30:00+02:00,2026-10-03 15:30:12+02:00,2026-10-03,15,Saturday,True,61.41101666666667
20261003_122833,2026-10-03 12:28:35.339000+00:00,Basel,rail,ch:1:sloid:10,Basel SBB,ch:1:sloid:10:3:6,2026-10-03,ch:1:sjyid:100001:977-001,rail,InterCity,IC61,IC61,977,Basel SBB,Interlaken Ost,6,,2026-10-03 13:30:00+00:00,2026-10-03 13:30:42+00:00,,True,0.7,2026-10-03 14:28:35.339000+02:00,2026-10-03 15:30:00+02:00,2026-10-03 15:30:42+02:00,2026-10-03,15,Saturday,True,61.41101666666667
20261003_122833,2026-10-03 12:28:35.339000+00:00,Basel,rail,ch:1:sloid:10,Basel SBB,ch:1:sloid:10:0:20,2026-10-03,ch:1:sjyid:100001:1628-001,rail,InterCity,IC51,IC51,1628,Basel SBB,Lausanne,20,,2026-10-03 13:32:00+00:00,2026-10-03 13:32:42+00:00,,True,0.7,2026-10-03 14:28:35.339000+02:00,2026-10-03 15:32:00+02:00,2026-10-03 15:32:42+02:00,2026-10-03,15,Saturday,True,63.41101666666667
20261003_122833,2026-10-03 12:28:35.339000+00:00,Basel,rail,ch:1:sloid:10,Basel SBB,ch:1:sloid:10:7:14,2026-10-03,ch:1:sjyid:100001:9213-001,rail,Train à grande vit.,TGV,TGV,9213,Mulhouse,Zürich HB,14,,2026-10-03 13:33:00+00:00,2026-10-03 13:33:54+00:00,,True,0.9,2026-10-03 14:28:35.339000+02:00,2026-10-03 15:33:00+02:00,2026-10-03 15:33:54+02:00,2026-10-03,15,Saturday,True,64.41101666666667
20261003_122833,2026-10-03 12:28:35.339000+00:00,Basel,rail,ch:1:sloid:10,Basel SBB,ch:1:sloid:10:1:2,2026-10-03,ch:1:sjyid:100308:87842-001,rail,S-Bahn,S6,S6,87842,Basel SBB,Zell (Wiesental),2,,2026-10-03 13:35:00+00:00,2026-10-03 13:35:12+00:00,,True,0.2,2026-10-03 14:28:35.339000+02:00,2026-10-03 15:35:00+02:00,2026-10-03 15:35:12+02:00,2026-10-03,15,Saturday,True,66.41101666666667
20261003_122833,2026-10-03 12:28:35.339000+00:00,Basel,rail,ch:1:sloid:10,Basel SBB,ch:1:sloid:10:3:5,2026-10-03,ch:1:sjyid:100001:2077-001,rail,InterRegio,IR36,IR36,2077,Basel SBB,Zürich Flughafen,5,,2026-10-03 13:36:00+00:00,2026-10-03 13:36:42+00:00,,True,0.7,2026-10-03 14:28:35.339000+02:00,2026-10-03 15:36:00+02:00,2026-10-03 15:36:42+02:00,2026-10-03,15,Saturday,True,67.41101666666667
20261003_122833,2026-10-03 12:28:35.339000+00:00,Basel,rail,ch:1:sloid:10,Basel SBB,ch:1:sloid:10:22:33,2026-10-03,ch:1:sjyid:100001:96122-001,rail,Train Express Regional,TER,TER,96122,Basel SBB,Mulhouse,33,,2026-10-03 13:38:00+00:00,2026-10-03 13:38:18+00:00,,True,0.3,2026-10-03 14:28:35.339000+02:00,2026-10-03 15:38:00+02:00,2026-10-03 15:38:18+02:00,2026-10-03,15,Saturday,True,69.41101666666667
20261003_122833,2026-10-03 12:28:35.960000+00:00,Luzern,rail,ch:1:sloid:5000,Luzern,ch:1:sloid:5000:2:5,2026-10-03,ch:1:sjyid:100001:2474-001,rail,InterRegio,IR27,IR27,2474,Luzern,Basel SBB,4,5,2026-10-03 12:30:00+00:00,2026-10-03 12:30:36+00:00,,True,0.6,2026-10-03 14:28:35.960000+02:00,2026-10-03 14:30:00+02:00,2026-10-03 14:30:36+02:00,2026-10-03,14,Saturday,True,1.4006666666666667
20261003_122833,2026-10-03 12:28:35.960000+00:00,Luzern,rail,ch:1:sloid:5000,Luzern,ch:1:sloid:5000:3:7,2026-10-03,ch:1:sjyid:100001:21954-001,rail,S-Bahn,S9,S9,21954,Luzern,Lenzburg,7,,2026-10-03 12:32:00+00:00,2026-10-03 12:32:30+00:00,,True,0.5,2026-10-03 14:28:35.960000+02:00,2026-10-03 14:32:00+02:00,2026-10-03 14:32:30+02:00,2026-10-03,14,Saturday,True,3.4006666666666665
20261003_122833,2026-10-03 12:28:35.960000+00:00,Luzern,rail,ch:1:sloid:5000,Luzern,ch:1:sloid:5000:2:5,2026-10-03,ch:1:sjyid:100001:2125-001,rail,InterRegio,IR75,IR75,2125,Luzern,Konstanz,5,4,2026-10-03 12:35:00+00:00,2026-10-03 12:35:00+00:00,,True,0.0,2026-10-03 14:28:35.960000+02:00,2026-10-03 14:35:00+02:00,2026-10-03 14:35:00+02:00,2026-10-03,14,Saturday,True,6.400666666666667
20261003_122833,2026-10-03 12:28:35.960000+00:00,Luzern,rail,ch:1:sloid:5000,Luzern,ch:1:sloid:5000:1:3,2026-10-03,ch:1:sjyid:100061:2029-001,rail,Voralpen-Express,VAE,VAE,2029,Luzern,St. Gallen,3,,2026-10-03 12:39:00+00:00,2026-10-03 12:39:12+00:00,,True,0.2,2026-10-03 14:28:35.960000+02:00,2026-10-03 14:39:00+02:00,2026-10-03 14:39:12+02:00,2026-10-03,14,Saturday,True,10.400666666666666
20261003_122833,2026-10-03 12:28:35.960000+00:00,Luzern,rail,ch:1:sloid:5000,Luzern,ch:1:sloid:5000:4:8,2026-10-03,ch:1:sjyid:100001:2526-001,rail,InterRegio,IR15,IR15,2526,Luzern,Genève-Aéroport,8,,2026-10-03 12:42:00+00:00,2026-10-03 12:43:36+00:00,,True,1.6,2026-10-03 14:28:35.960000+02:00,2026-10-03 14:42:00+02:00,2026-10-03 14:43:36+02:00,2026-10-03,14,Saturday,True,13.400666666666666
20261003_122833,2026-10-03 12:28:35.960000+00:00,Luzern,rail,ch:1:sloid:5000,Luzern,ch:1:sloid:5000:7:14,2026-10-03,ch:1:sjyid:100064:21554-001,rail,S-Bahn,S5,S5,21554,Luzern,Giswil,14,,2026-10-03 12:42:00+00:00,2026-10-03 12:42:12+00:00,,True,0.2,2026-10-03 14:28:35.960000+02:00,2026-10-03 14:42:00+02:00,2026-10-03 14:42:12+02:00,2026-10-03,14,Saturday,True,13.400666666666666
20261003_122833,2026-10-03 12:28:35.960000+00:00,Luzern,rail,ch:1:sloid:5000,Luzern,ch:1:sloid:5000:4:9,2026-10-03,ch:1:sjyid:100001:21147-001,rail,S-Bahn,S1,S1,21147,Baar,Sursee,9,,2026-10-03 12:44:00+00:00,2026-10-03 12:45:36+00:00,,True,1.6,2026-10-03 14:28:35.960000+02:00,2026-10-03 14:44:00+02:00,2026-10-03 14:45:36+02:00,2026-10-03,14,Saturday,True,15.400666666666666
20261003_122833,2026-10-03 12:28:35.960000+00:00,Luzern,rail,ch:1:sloid:5000,Luzern,ch:1:sloid:5000:1:3,2026-10-03,ch:1:sjyid:100001:21148-001,rail,S-Bahn,S1,S1,21148,Sursee,Baar,3,,2026-10-03 12:51:00+00:00,2026-10-03 12:51:12+00:00,,True,0.2,2026-10-03 14:28:35.960000+02:00,2026-10-03 14:51:00+02:00,2026-10-03 14:51:12+02:00,2026-10-03,14,Saturday,True,22.400666666666666
20261003_122833,2026-10-03 12:28:35.960000+00:00,Luzern,rail,ch:1:sloid:5000,Luzern,ch:1:sloid:5000:3:7,2026-10-03,ch:1:sjyid:100061:2324-001,rail,Treno Gottardo,IR26,IR26,2324,Locarno,Basel SBB,7,,2026-10-03 12:54:00+00:00,2026-10-03 12:54:30+00:00,,True,0.5,2026-10-03 14:28:35.960000+02:00,2026-10-03 14:54:00+02:00,2026-10-03 14:54:30+02:00,2026-10-03,14,Saturday,True,25.400666666666666
20261003_122833,2026-10-03 12:28:35.960000+00:00,Luzern,rail,ch:1:sloid:5000,Luzern,ch:1:sloid:5000:2:5,2026-10-03,ch:1:sjyid:100015:4476-001,rail,RegioExpress,RE7,RE7,4476,Luzern,Wolhusen,5,,2026-10-03 12:57:00+00:00,2026-10-03 12:57:12+00:00,,True,0.2,2026-10-03 14:28:35.960000+02:00,2026-10-03 14:57:00+02:00,2026-10-03 14:57:12+02:00,2026-10-03,14,Saturday,True,28.400666666666666
20261003_122833,2026-10-03 12:28:35.960000+00:00,Luzern,rail,ch:1:sloid:5000,Luzern,ch:1:sloid:5000:7:14,2026-10-03,ch:1:sjyid:100064:21456-001,rail,S-Bahn,S4,S4,21456,Luzern,Stansstad,14,,2026-10-03 12:57:00+00:00,2026-10-03 12:57:12+00:00,,True,0.2,2026-10-03 14:28:35.960000+02:00,2026-10-03 14:57:00+02:00,2026-10-03 14:57:12+02:00,2026-10-03,14,Saturday,True,28.400666666666666
20261003_122833,2026-10-03 12:28:35.960000+00:00,Luzern,rail,ch:1:sloid:5000,Luzern,ch:1:sloid:5000:5:10,2026-10-03,ch:1:sjyid:100001:21956-001,rail,S-Bahn,S9,S9,21956,Luzern,Lenzburg,10,,2026-10-03 13:02:00+00:00,2026-10-03 13:02:30+00:00,,True,0.5,2026-10-03 14:28:35.960000+02:00,2026-10-03 15:02:00+02:00,2026-10-03 15:02:30+02:00,2026-10-03,15,Saturday,True,33.400666666666666
20261003_122833,2026-10-03 12:28:35.960000+00:00,Luzern,rail,ch:1:sloid:5000,Luzern,ch:1:sloid:5000:4:9,2026-10-03,ch:1:sjyid:100001:4726-001,rail,RegioExpress,RE24,RE24,4726,Luzern,Olten,9,,2026-10-03 13:05:00+00:00,2026-10-03 13:05:12+00:00,,True,0.2,2026-10-03 14:28:35.960000+02:00,2026-10-03 15:05:00+02:00,2026-10-03 15:05:12+02:00,2026-10-03,15,Saturday,True,36.400666666666666
20261003_122833,2026-10-03 12:28:35.960000+00:00,Luzern,rail,ch:1:sloid:5000,Luzern,ch:1:sloid:5000:6:13,2026-10-03,ch:1:sjyid:100064:2930-001,rail,Luzern-Interlaken Express,LIX,LIX,2930,Luzern,Interlaken Ost,13,,2026-10-03 13:06:00+00:00,2026-10-03 13:06:06+00:00,,True,0.1,2026-10-03 14:28:35.960000+02:00,2026-10-03 15:06:00+02:00,2026-10-03 15:06:06+02:00,2026-10-03,15,Saturday,True,37.400666666666666
20261003_122833,2026-10-03 12:28:35.960000+00:00,Luzern,rail,ch:1:sloid:5000,Luzern,ch:1:sloid:5000:4:8,2026-10-03,ch:1:sjyid:100001:21357-001,rail,S-Bahn,S3,S3,21357,Luzern,Brunnen,8,,2026-10-03 13:06:00+00:00,2026-10-03 13:07:00+00:00,,True,1.0,2026-10-03 14:28:35.960000+02:00,2026-10-03 15:06:00+02:00,2026-10-03 15:07:00+02:00,2026-10-03,15,Saturday,True,37.400666666666666
20261003_122833,2026-10-03 12:28:35.960000+00:00,Luzern,rail,ch:1:sloid:5000,Luzern,ch:1:sloid:5000:3:6,2026-10-03,ch:1:sjyid:100001:2628-001,rail,InterRegio,IR70,IR70,2628,Luzern,Sargans,6,,2026-10-03 13:09:00+00:00,2026-10-03 13:10:00+00:00,,True,1.0,2026-10-03 14:28:35.960000+02:00,2026-10-03 15:09:00+02:00,2026-10-03 15:10:00+02:00,2026-10-03,15,Saturday,True,40.400666666666666
20261003_122833,2026-10-03 12:28:35.960000+00:00,Luzern,rail,ch:1:sloid:5000,Luzern,ch:1:sloid:5000:6:12,2026-10-03,ch:1:sjyid:100064:2976-001,rail,Luzern-Engelberg Express,IRLEX,IRLEX,2976,Luzern,Stansstad,12,,2026-10-03 13:10:00+00:00,2026-10-03 13:10:12+00:00,,True,0.2,2026-10-03 14:28:35.960000+02:00,2026-10-03 15:10:00+02:00,2026-10-03 15:10:12+02:00,2026-10-03,15,Saturday,True,41.400666666666666
20261003_122833,2026-10-03 12:28:35.960000+00:00,Luzern,rail,ch:1:sloid:5000,Luzern,ch:1:sloid:5000:7:14,2026-10-03,ch:1:sjyid:100064:21556-001,rail,S-Bahn,S5,S5,21556,Luzern,Giswil,14,,2026-10-03 13:12:00+00:00,2026-10-03 13:12:12+00:00,,True,0.2,2026-10-03 14:28:35.960000+02:00,2026-10-03 15:12:00+02:00,2026-10-03 15:12:12+02:00,2026-10-03,15,Saturday,True,43.400666666666666
20261003_122833,2026-10-03 12:28:35.960000+00:00,Luzern,rail,ch:1:sloid:5000,Luzern,ch:1:sloid:5000_gen:ch:1:sloid:5000:1:3_pf:3B,2026-10-03,ch:1:sjyid:100001:21149-001,rail,S-Bahn,S1,S1,21149,Baar,Sursee,3,,2026-10-03 13:14:00+00:00,2026-10-03 13:15:00+00:00,,True,1.0,2026-10-03 14:28:35.960000+02:00,2026-10-03 15:14:00+02:00,2026-10-03 15:15:00+02:00,2026-10-03,15,Saturday,True,45.400666666666666
20261003_122833,2026-10-03 12:28:35.960000+00:00,Luzern,rail,ch:1:sloid:5000,Luzern,ch:1:sloid:5000:2:5,2026-10-03,ch:1:sjyid:100015:21656-001,rail,S-Bahn,S6,S6,21656,Luzern,Wolhusen,5,,2026-10-03 13:16:00+00:00,2026-10-03 13:17:00+00:00,,True,1.0,2026-10-03 14:28:35.960000+02:00,2026-10-03 15:16:00+02:00,2026-10-03 15:17:00+02:00,2026-10-03,15,Saturday,True,47.400666666666666
20261003_122833,2026-10-03 12:28:35.960000+00:00,Luzern,rail,ch:1:sloid:5000,Luzern,ch:1:sloid:5000:3:7,2026-10-03,ch:1:sjyid:100061:2327-001,rail,Treno Gottardo,IR26,IR26,2327,Basel SBB,Locarno,7,,2026-10-03 13:18:00+00:00,2026-10-03 13:19:00+00:00,,True,1.0,2026-10-03 14:28:35.960000+02:00,2026-10-03 15:18:00+02:00,2026-10-03 15:19:00+02:00,2026-10-03,15,Saturday,True,49.400666666666666
20261003_122833,2026-10-03 12:28:35.960000+00:00,Luzern,rail,ch:1:sloid:5000,Luzern,ch:1:sloid:5000:4:8,2026-10-03,ch:1:sjyid:100001:21150-001,rail,S-Bahn,S1,S1,21150,Sursee,Baar,8,,2026-10-03 13:21:00+00:00,2026-10-03 13:22:00+00:00,,True,1.0,2026-10-03 14:28:35.960000+02:00,2026-10-03 15:21:00+02:00,2026-10-03 15:22:00+02:00,2026-10-03,15,Saturday,True,52.400666666666666
20261003_122833,2026-10-03 12:28:35.960000+00:00,Luzern,rail,ch:1:sloid:5000,Luzern,ch:1:sloid:5000:6:13,2026-10-03,ch:1:sjyid:100064:21458-001,rail,S-Bahn,S4,S4,21458,Luzern,Stansstad,13,,2026-10-03 13:27:00+00:00,2026-10-03 13:27:12+00:00,,True,0.2,2026-10-03 14:28:35.960000+02:00,2026-10-03 15:27:00+02:00,2026-10-03 15:27:12+02:00,2026-10-03,15,Saturday,True,58.400666666666666
20261003_122833,2026-10-03 12:28:35.960000+00:00,Luzern,rail,ch:1:sloid:5000,Luzern,ch:1:sloid:5000:5:11,2026-10-03,ch:1:sjyid:100001:2476-001,rail,InterRegio,IR27,IR27,2476,Luzern,Basel SBB,11,,2026-10-03 13:30:00+00:00,2026-10-03 13:30:36+00:00,,True,0.6,2026-10-03 14:28:35.960000+02:00,2026-10-03 15:30:00+02:00,2026-10-03 15:30:36+02:00,2026-10-03,15,Saturday,True,61.400666666666666
20261003_122833,2026-10-03 12:28:35.960000+00:00,Luzern,rail,ch:1:sloid:5000,Luzern,ch:1:sloid:5000_gen:ch:1:sloid:5000:1:3_pf:3B,2026-10-03,ch:1:sjyid:100001:21958-001,rail,S-Bahn,S9,S9,21958,Luzern,Lenzburg,3B,,2026-10-03 13:32:00+00:00,2026-10-03 13:32:30+00:00,,True,0.5,2026-10-03 14:28:35.960000+02:00,2026-10-03 15:32:00+02:00,2026-10-03 15:32:30+02:00,2026-10-03,15,Saturday,True,63.400666666666666
20261003_122833,2026-10-03 12:28:35.960000+00:00,Luzern,rail,ch:1:sloid:5000,Luzern,ch:1:sloid:5000:3:7,2026-10-03,ch:1:sjyid:100001:2127-001,rail,InterRegio,IR75,IR75,2127,Luzern,Konstanz,7,,2026-10-03 13:35:00+00:00,2026-10-03 13:35:00+00:00,,True,0.0,2026-10-03 14:28:35.960000+02:00,2026-10-03 15:35:00+02:00,2026-10-03 15:35:00+02:00,2026-10-03,15,Saturday,True,66.40066666666667
20261003_122833,2026-10-03 12:28:35.960000+00:00,Luzern,rail,ch:1:sloid:5000,Luzern,ch:1:sloid:5000:1:2,2026-10-03,ch:1:sjyid:100061:2031-001,rail,Voralpen-Express,VAE,VAE,2031,Luzern,St. Gallen,2,,2026-10-03 13:39:00+00:00,2026-10-03 13:39:12+00:00,,True,0.2,2026-10-03 14:28:35.960000+02:00,2026-10-03 15:39:00+02:00,2026-10-03 15:39:12+02:00,2026-10-03,15,Saturday,True,70.40066666666667
20261003_122833,2026-10-03 12:28:35.960000+00:00,Luzern,rail,ch:1:sloid:5000,Luzern,ch:1:sloid:5000:4:8,2026-10-03,ch:1:sjyid:100001:2528-001,rail,InterRegio,IR15,IR15,2528,Luzern,Genève-Aéroport,8,,2026-10-03 13:42:00+00:00,2026-10-03 13:43:36+00:00,,True,1.6,2026-10-03 14:28:35.960000+02:00,2026-10-03 15:42:00+02:00,2026-10-03 15:43:36+02:00,2026-10-03,15,Saturday,True,73.40066666666667
20261003_122833,2026-10-03 12:28:35.960000+00:00,Luzern,rail,ch:1:sloid:5000,Luzern,ch:1:sloid:5000:7:14,2026-10-03,ch:1:sjyid:100064:21558-001,rail,S-Bahn,S5,S5,21558,Luzern,Giswil,14,,2026-10-03 13:42:00+00:00,2026-10-03 13:42:12+00:00,,True,0.2,2026-10-03 14:28:35.960000+02:00,2026-10-03 15:42:00+02:00,2026-10-03 15:42:12+02:00,2026-10-03,15,Saturday,True,73.40066666666667
20261003_122833,2026-10-03 12:28:35.960000+00:00,Luzern,rail,ch:1:sloid:5000,Luzern,ch:1:sloid:5000:4:9,2026-10-03,ch:1:sjyid:100001:21151-001,rail,S-Bahn,S1,S1,21151,Baar,Sursee,9,,2026-10-03 13:44:00+00:00,2026-10-03 13:45:00+00:00,,True,1.0,2026-10-03 14:28:35.960000+02:00,2026-10-03 15:44:00+02:00,2026-10-03 15:45:00+02:00,2026-10-03,15,Saturday,True,75.40066666666667
20261003_122833,2026-10-03 12:28:36.838000+00:00,Lausanne,rail,ch:1:sloid:1120,Lausanne,ch:1:sloid:1120:0:860143,2026-10-03,ch:1:sjyid:100001:24853-001,rail,Regio,R8,R8,24853,Allaman,Payerne,4,,2026-10-03 12:28:00+00:00,2026-10-03 12:28:42+00:00,,True,0.7,2026-10-03 14:28:36.838000+02:00,2026-10-03 14:28:00+02:00,2026-10-03 14:28:42+02:00,2026-10-03,14,Saturday,True,-0.6139666666666667
20261003_122833,2026-10-03 12:28:36.838000+00:00,Lausanne,rail,ch:1:sloid:1120,Lausanne,ch:1:sloid:1120:0:840061,2026-10-03,ch:1:sjyid:100001:18468-002,rail,RegioExpress,RE33,RE33,18468,Martigny,Genève-Aéroport,7,,2026-10-03 12:30:00+00:00,2026-10-03 12:30:12+00:00,,True,0.2,2026-10-03 14:28:36.838000+02:00,2026-10-03 14:30:00+02:00,2026-10-03 14:30:12+02:00,2026-10-03,14,Saturday,True,1.3860333333333335
20261003_122833,2026-10-03 12:28:36.838000+00:00,Lausanne,rail,ch:1:sloid:1120,Lausanne,ch:1:sloid:1120:0:668579,2026-10-03,ch:1:sjyid:100001:18473-002,rail,RegioExpress,RE33,RE33,18473,Genève-Aéroport,Martigny,1,,2026-10-03 12:31:00+00:00,2026-10-03 12:31:54+00:00,,True,0.9,2026-10-03 14:28:36.838000+02:00,2026-10-03 14:31:00+02:00,2026-10-03 14:31:54+02:00,2026-10-03,14,Saturday,True,2.3860333333333332
20261003_122833,2026-10-03 12:28:36.838000+00:00,Lausanne,rail,ch:1:sloid:1120,Lausanne,ch:1:sloid:1120:0:276884,2026-10-03,ch:1:sjyid:100001:527-001,rail,InterCity,IC5,IC5,527,Lausanne,Rorschach,3,,2026-10-03 12:34:00+00:00,2026-10-03 12:34:00+00:00,,True,0.0,2026-10-03 14:28:36.838000+02:00,2026-10-03 14:34:00+02:00,2026-10-03 14:34:00+02:00,2026-10-03,14,Saturday,True,5.386033333333333
20261003_122833,2026-10-03 12:28:36.838000+00:00,Lausanne,rail,ch:1:sloid:1120,Lausanne,ch:1:sloid:1120:0:42631,2026-10-03,ch:1:sjyid:100001:24842-001,rail,Regio,R8,R8,24842,Payerne,Allaman,5,,2026-10-03 12:34:00+00:00,2026-10-03 12:34:12+00:00,,True,0.2,2026-10-03 14:28:36.838000+02:00,2026-10-03 14:34:00+02:00,2026-10-03 14:34:12+02:00,2026-10-03,14,Saturday,True,5.386033333333333
20261003_122833,2026-10-03 12:28:36.838000+00:00,Lausanne,rail,ch:1:sloid:1120,Lausanne,ch:1:sloid:1120:0:860143,2026-10-03,ch:1:sjyid:100001:24453-001,rail,Regio,R4,R4,24453,Le Day,Vevey,4,,2026-10-03 12:34:00+00:00,2026-10-03 12:34:18+00:00,,True,0.3,2026-10-03 14:28:36.838000+02:00,2026-10-03 14:34:00+02:00,2026-10-03 14:34:18+02:00,2026-10-03,14,Saturday,True,5.386033333333333
20261003_122833,2026-10-03 12:28:36.838000+00:00,Lausanne,rail,ch:1:sloid:1120,Lausanne,ch:1:sloid:1120:0:638488,2026-10-03,ch:1:sjyid:100001:24242-001,rail,Regio,R2,R2,24242,Bex,Grandson,8,,2026-10-03 12:38:00+00:00,2026-10-03 12:38:12+00:00,,True,0.2,2026-10-03 14:28:36.838000+02:00,2026-10-03 14:38:00+02:00,2026-10-03 14:38:12+02:00,2026-10-03,14,Saturday,True,9.386033333333334
20261003_122833,2026-10-03 12:28:36.838000+00:00,Lausanne,rail,ch:1:sloid:1120,Lausanne,ch:1:sloid:1120:0:668579,2026-10-03,ch:1:sjyid:100001:2525-001,rail,InterRegio,IR15,IR15,2525,Genève-Aéroport,Luzern,1,,2026-10-03 12:40:00+00:00,2026-10-03 12:40:30+00:00,,True,0.5,2026-10-03 14:28:36.838000+02:00,2026-10-03 14:40:00+02:00,2026-10-03 14:40:30+02:00,2026-10-03,14,Saturday,True,11.386033333333334
20261003_122833,2026-10-03 12:28:36.838000+00:00,Lausanne,rail,ch:1:sloid:1120,Lausanne,ch:1:sloid:1120:0:860143,2026-10-03,ch:1:sjyid:100001:718-001,rail,InterCity,IC1,IC1,718,Zürich HB,Genève-Aéroport,4,,2026-10-03 12:46:00+00:00,2026-10-03 12:46:30+00:00,,True,0.5,2026-10-03 14:28:36.838000+02:00,2026-10-03 14:46:00+02:00,2026-10-03 14:46:30+02:00,2026-10-03,14,Saturday,True,17.386033333333334
20261003_122833,2026-10-03 12:28:36.838000+00:00,Lausanne,rail,ch:1:sloid:1120,Lausanne,ch:1:sloid:1120:0:276884,2026-10-03,ch:1:sjyid:100001:1823-001,rail,InterRegio,IR90,IR90,1823,Genève-Aéroport,Brig,3,,2026-10-03 12:48:00+00:00,2026-10-03 12:48:30+00:00,,True,0.5,2026-10-03 14:28:36.838000+02:00,2026-10-03 14:48:00+02:00,2026-10-03 14:48:30+02:00,2026-10-03,14,Saturday,True,19.386033333333334
20261003_122833,2026-10-03 12:28:36.838000+00:00,Lausanne,rail,ch:1:sloid:1120,Lausanne,ch:1:sloid:1120:0:638488,2026-10-03,ch:1:sjyid:100001:1720-001,rail,InterRegio,IR95,IR95,1720,Brig,Genève-Aéroport,8,,2026-10-03 12:49:00+00:00,2026-10-03 12:49:30+00:00,,True,0.5,2026-10-03 14:28:36.838000+02:00,2026-10-03 14:49:00+02:00,2026-10-03 14:49:30+02:00,2026-10-03,14,Saturday,True,20.386033333333334
20261003_122833,2026-10-03 12:28:36.838000+00:00,Lausanne,rail,ch:1:sloid:1120,Lausanne,ch:1:sloid:1120:0:20298,2026-10-03,ch:1:sjyid:100001:24555-001,rail,S-Bahn,S41,S41,24555,Lausanne,Fribourg/Freiburg,70,,2026-10-03 12:49:00+00:00,2026-10-03 12:49:12+00:00,,True,0.2,2026-10-03 14:28:36.838000+02:00,2026-10-03 14:49:00+02:00,2026-10-03 14:49:12+02:00,2026-10-03,14,Saturday,True,20.386033333333334
20261003_122833,2026-10-03 12:28:36.838000+00:00,Lausanne,rail,ch:1:sloid:1120,Lausanne,ch:1:sloid:1120:0:860143,2026-10-03,ch:1:sjyid:100001:24155-001,rail,Regio,R1,R1,24155,Grandson,Bex,4,,2026-10-03 12:55:00+00:00,2026-10-03 12:55:12+00:00,,True,0.2,2026-10-03 14:28:36.838000+02:00,2026-10-03 14:55:00+02:00,2026-10-03 14:55:12+02:00,2026-10-03,14,Saturday,True,26.386033333333334
20261003_122833,2026-10-03 12:28:36.838000+00:00,Lausanne,rail,ch:1:sloid:1120,Lausanne,ch:1:sloid:1120:0:668579,2026-10-03,ch:1:sjyid:100001:24955-001,rail,Regio,R9,R9,24955,Allaman,Murten/Morat,1,,2026-10-03 12:57:00+00:00,2026-10-03 12:58:00+00:00,,True,1.0,2026-10-03 14:28:36.838000+02:00,2026-10-03 14:57:00+02:00,2026-10-03 14:58:00+02:00,2026-10-03,14,Saturday,True,28.386033333333334
20261003_122833,2026-10-03 12:28:36.838000+00:00,Lausanne,rail,ch:1:sloid:1120,Lausanne,ch:1:sloid:1120:0:840061,2026-10-03,ch:1:sjyid:100001:24344-001,rail,Regio,R3,R3,24344,Vevey,Vallorbe,7,,2026-10-03 12:57:00+00:00,2026-10-03 12:57:12+00:00,,True,0.2,2026-10-03 14:28:36.838000+02:00,2026-10-03 14:57:00+02:00,2026-10-03 14:57:12+02:00,2026-10-03,14,Saturday,True,28.386033333333334
20261003_122833,2026-10-03 12:28:36.838000+00:00,Lausanne,rail,ch:1:sloid:1120,Lausanne,ch:1:sloid:1120:0:638488,2026-10-03,ch:1:sjyid:100001:18424-001,rail,RegioExpress,RE33,RE33,18424,St-Maurice,Annemasse,8,,2026-10-03 13:00:00+00:00,,,False,,2026-10-03 14:28:36.838000+02:00,2026-10-03 15:00:00+02:00,,2026-10-03,15,Saturday,True,31.386033333333334
20261003_122833,2026-10-03 12:28:36.838000+00:00,Lausanne,rail,ch:1:sloid:1120,Lausanne,ch:1:sloid:1120:0:860143,2026-10-03,ch:1:sjyid:100001:18421-001,rail,RegioExpress,RE33,RE33,18421,Annemasse,St-Maurice,4,,2026-10-03 13:01:00+00:00,2026-10-03 13:01:54+00:00,,True,0.9,2026-10-03 14:28:36.838000+02:00,2026-10-03 15:01:00+02:00,2026-10-03 15:01:54+02:00,2026-10-03,15,Saturday,True,32.38603333333334
20261003_122833,2026-10-03 12:28:36.838000+00:00,Lausanne,rail,ch:1:sloid:1120,Lausanne,ch:1:sloid:1120:0:840061,2026-10-03,ch:1:sjyid:100001:24944-001,rail,Regio,R9,R9,24944,Murten/Morat,Allaman,7,,2026-10-03 13:04:00+00:00,2026-10-03 13:04:12+00:00,,True,0.2,2026-10-03 14:28:36.838000+02:00,2026-10-03 15:04:00+02:00,2026-10-03 15:04:12+02:00,2026-10-03,15,Saturday,True,35.38603333333333
20261003_122833,2026-10-03 12:28:36.838000+00:00,Lausanne,rail,ch:1:sloid:1120,Lausanne,ch:1:sloid:1120:0:276884,2026-10-03,ch:1:sjyid:100001:1627-001,rail,InterCity,IC51,IC51,1627,Lausanne,Basel SBB,3,,2026-10-03 13:04:00+00:00,2026-10-03 13:04:30+00:00,,True,0.5,2026-10-03 14:28:36.838000+02:00,2026-10-03 15:04:00+02:00,2026-10-03 15:04:30+02:00,2026-10-03,15,Saturday,True,35.38603333333333
20261003_122833,2026-10-03 12:28:36.838000+00:00,Lausanne,rail,ch:1:sloid:1120,Lausanne,ch:1:sloid:1120:0:668579,2026-10-03,ch:1:sjyid:100001:24355-001,rail,Regio,R3,R3,24355,Vallorbe,Vevey,1,,2026-10-03 13:04:00+00:00,2026-10-03 13:04:18+00:00,,True,0.3,2026-10-03 14:28:36.838000+02:00,2026-10-03 15:04:00+02:00,2026-10-03 15:04:18+02:00,2026-10-03,15,Saturday,True,35.38603333333333
20261003_122833,2026-10-03 12:28:36.838000+00:00,Lausanne,rail,ch:1:sloid:1120,Lausanne,ch:1:sloid:1120:0:42631,2026-10-03,ch:1:sjyid:100001:24144-001,rail,Regio,R1,R1,24144,Bex,Grandson,5,,2026-10-03 13:08:00+00:00,2026-10-03 13:08:12+00:00,,True,0.2,2026-10-03 14:28:36.838000+02:00,2026-10-03 15:08:00+02:00,2026-10-03 15:08:12+02:00,2026-10-03,15,Saturday,True,39.38603333333333
20261003_122833,2026-10-03 12:28:36.838000+00:00,Lausanne,rail,ch:1:sloid:1120,Lausanne,ch:1:sloid:1120:0:276884,2026-10-03,ch:1:sjyid:100001:1725-001,rail,InterRegio,IR95,IR95,1725,Genève-Aéroport,Brig,3,,2026-10-03 13:14:00+00:00,2026-10-03 13:14:30+00:00,,True,0.5,2026-10-03 14:28:36.838000+02:00,2026-10-03 15:14:00+02:00,2026-10-03 15:14:30+02:00,2026-10-03,15,Saturday,True,45.38603333333333
20261003_122833,2026-10-03 12:28:36.838000+00:00,Lausanne,rail,ch:1:sloid:1120,Lausanne,ch:1:sloid:1120:0:638488,2026-10-03,ch:1:sjyid:100001:1822-001,rail,InterRegio,IR90,IR90,1822,Brig,Genève-Aéroport,8,,2026-10-03 13:16:00+00:00,2026-10-03 13:16:30+00:00,,True,0.5,2026-10-03 14:28:36.838000+02:00,2026-10-03 15:16:00+02:00,2026-10-03 15:16:30+02:00,2026-10-03,15,Saturday,True,47.38603333333333
20261003_122833,2026-10-03 12:28:36.838000+00:00,Lausanne,rail,ch:1:sloid:1120,Lausanne,ch:1:sloid:1120:0:668579,2026-10-03,ch:1:sjyid:100001:725-001,rail,InterCity,IC1,IC1,725,Genève-Aéroport,Zürich HB,1,,2026-10-03 13:17:00+00:00,2026-10-03 13:17:30+00:00,,True,0.5,2026-10-03 14:28:36.838000+02:00,2026-10-03 15:17:00+02:00,2026-10-03 15:17:30+02:00,2026-10-03,15,Saturday,True,48.38603333333333
20261003_122833,2026-10-03 12:28:36.838000+00:00,Lausanne,rail,ch:1:sloid:1120,Lausanne,ch:1:sloid:1120:0:20298,2026-10-03,ch:1:sjyid:100001:24657-001,rail,S-Bahn,S40,S40,24657,Lausanne,Fribourg/Freiburg,70,,2026-10-03 13:21:00+00:00,2026-10-03 13:21:12+00:00,,True,0.2,2026-10-03 14:28:36.838000+02:00,2026-10-03 15:21:00+02:00,2026-10-03 15:21:12+02:00,2026-10-03,15,Saturday,True,52.38603333333333
20261003_122833,2026-10-03 12:28:36.838000+00:00,Lausanne,rail,ch:1:sloid:1120,Lausanne,ch:1:sloid:1120:0:42631,2026-10-03,ch:1:sjyid:100001:2522-001,rail,InterRegio,IR15,IR15,2522,Luzern,Genève-Aéroport,5,,2026-10-03 13:23:00+00:00,2026-10-03 13:23:30+00:00,,True,0.5,2026-10-03 14:28:36.838000+02:00,2026-10-03 15:23:00+02:00,2026-10-03 15:23:30+02:00,2026-10-03,15,Saturday,True,54.38603333333333
20261003_122833,2026-10-03 12:28:36.838000+00:00,Lausanne,rail,ch:1:sloid:1120,Lausanne,ch:1:sloid:1120:0:668579,2026-10-03,ch:1:sjyid:100001:24257-001,rail,Regio,R2,R2,24257,Grandson,Bex,1,,2026-10-03 13:24:00+00:00,2026-10-03 13:24:30+00:00,,True,0.5,2026-10-03 14:28:36.838000+02:00,2026-10-03 15:24:00+02:00,2026-10-03 15:24:30+02:00,2026-10-03,15,Saturday,True,55.38603333333333
20261003_122833,2026-10-03 12:28:36.838000+00:00,Lausanne,rail,ch:1:sloid:1120,Lausanne,ch:1:sloid:1120:0:638488,2026-10-03,ch:1:sjyid:100001:24446-001,rail,Regio,R4,R4,24446,Vevey,Le Brassus,8,,2026-10-03 13:27:00+00:00,2026-10-03 13:27:12+00:00,,True,0.2,2026-10-03 14:28:36.838000+02:00,2026-10-03 15:27:00+02:00,2026-10-03 15:27:12+02:00,2026-10-03,15,Saturday,True,58.38603333333333
20261003_122833,2026-10-03 12:28:36.838000+00:00,Lausanne,rail,ch:1:sloid:1120,Lausanne,ch:1:sloid:1120:0:860143,2026-10-03,ch:1:sjyid:100001:24857-001,rail,Regio,R8,R8,24857,Allaman,Payerne,4,,2026-10-03 13:28:00+00:00,2026-10-03 13:28:12+00:00,,True,0.2,2026-10-03 14:28:36.838000+02:00,2026-10-03 15:28:00+02:00,2026-10-03 15:28:12+02:00,2026-10-03,15,Saturday,True,59.38603333333333
20261003_122833,2026-10-03 12:28:36.838000+00:00,Lausanne,rail,ch:1:sloid:1120,Lausanne,ch:1:sloid:1120:0:840061,2026-10-03,ch:1:sjyid:100001:18470-002,rail,RegioExpress,RE33,RE33,18470,Martigny,Genève-Aéroport,7,,2026-10-03 13:30:00+00:00,2026-10-03 13:30:12+00:00,,True,0.2,2026-10-03 14:28:36.838000+02:00,2026-10-03 15:30:00+02:00,2026-10-03 15:30:12+02:00,2026-10-03,15,Saturday,True,61.38603333333333
20261003_122833,2026-10-03 12:28:37.667000+00:00,Genève,rail,ch:1:sloid:1008,Genève,ch:1:sloid:1008:4:8,2026-10-03,ch:1:sjyid:100001:9774-002,rail,Train à grande vit.,TGV,TGV,9774,Genève,Paris Gare de Lyon,7,,2026-10-03 12:27:00+00:00,2026-10-03 12:28:00+00:00,,True,1.0,2026-10-03 14:28:37.667000+02:00,2026-10-03 14:27:00+02:00,2026-10-03 14:28:00+02:00,2026-10-03,14,Saturday,True,-1.6277833333333334
20261003_122833,2026-10-03 12:28:37.667000+00:00,Genève,rail,ch:1:sloid:1008,Genève,ch:1:sloid:1008:2:3,2026-10-03,ch:1:sjyid:100001:900-001,rail,InterCity,IC,IC,900,Zürich HB,Genève-Aéroport,3,,2026-10-03 12:28:00+00:00,2026-10-03 12:29:12+00:00,,True,1.2,2026-10-03 14:28:37.667000+02:00,2026-10-03 14:28:00+02:00,2026-10-03 14:29:12+02:00,2026-10-03,14,Saturday,True,-0.6277833333333334
20261003_122833,2026-10-03 12:28:37.667000+00:00,Genève,rail,ch:1:sloid:1008,Genève,ch:1:sloid:1008:1:1,2026-10-03,ch:1:sjyid:100001:23151-001,rail,Regio,RL4,RL4,23151,Annemasse,Coppet,1,,2026-10-03 12:30:00+00:00,2026-10-03 12:30:12+00:00,,True,0.2,2026-10-03 14:28:37.667000+02:00,2026-10-03 14:30:00+02:00,2026-10-03 14:30:12+02:00,2026-10-03,14,Saturday,True,1.3722166666666666
20261003_122833,2026-10-03 12:28:37.667000+00:00,Genève,rail,ch:1:sloid:1008,Genève,ch:1:sloid:1008:2:2,2026-10-03,ch:1:sjyid:100001:23464-001,rail,Regio,RL3,RL3,23464,Coppet,St-Gervais-les-Bains-Le Fayet,2,,2026-10-03 12:31:00+00:00,2026-10-03 12:31:42+00:00,,True,0.7,2026-10-03 14:28:37.667000+02:00,2026-10-03 14:31:00+02:00,2026-10-03 14:31:42+02:00,2026-10-03,14,Saturday,True,2.3722166666666666
20261003_122833,2026-10-03 12:28:37.667000+00:00,Genève,rail,ch:1:sloid:1008,Genève,ch:1:sloid:1008:3:6,2026-10-03,ch:1:sjyid:100001:725-001,rail,InterCity,IC1,IC1,725,Genève-Aéroport,Zürich HB,5,,2026-10-03 12:35:00+00:00,2026-10-03 12:35:30+00:00,,True,0.5,2026-10-03 14:28:37.667000+02:00,2026-10-03 14:35:00+02:00,2026-10-03 14:35:30+02:00,2026-10-03,14,Saturday,True,6.3722166666666675
20261003_122833,2026-10-03 12:28:37.667000+00:00,Genève,rail,ch:1:sloid:1008,Genève,ch:1:sloid:1008:2:2,2026-10-03,ch:1:sjyid:100001:1718-001,rail,InterRegio,IR95,IR95,1718,Brig,Genève-Aéroport,2,,2026-10-03 12:38:00+00:00,2026-10-03 12:38:30+00:00,,True,0.5,2026-10-03 14:28:37.667000+02:00,2026-10-03 14:38:00+02:00,2026-10-03 14:38:30+02:00,2026-10-03,14,Saturday,True,9.372216666666667
20261003_122833,2026-10-03 12:28:37.667000+00:00,Genève,rail,ch:1:sloid:1008,Genève,ch:1:sloid:1008:2:3,2026-10-03,ch:1:sjyid:100001:18475-002,rail,RegioExpress,RE33,RE33,18475,Genève-Aéroport,Martigny,3,,2026-10-03 12:39:00+00:00,2026-10-03 12:39:24+00:00,,True,0.4,2026-10-03 14:28:37.667000+02:00,2026-10-03 14:39:00+02:00,2026-10-03 14:39:24+02:00,2026-10-03,14,Saturday,True,10.372216666666667
20261003_122833,2026-10-03 12:28:37.667000+00:00,Genève,rail,ch:1:sloid:1008,Genève,ch:1:sloid:1008:1:1,2026-10-03,ch:1:sjyid:100001:23251-001,rail,Regio,RL4,RL4,23251,Annemasse,Coppet,1,,2026-10-03 12:45:00+00:00,2026-10-03 12:45:12+00:00,,True,0.2,2026-10-03 14:28:37.667000+02:00,2026-10-03 14:45:00+02:00,2026-10-03 14:45:12+02:00,2026-10-03,14,Saturday,True,16.372216666666667
20261003_122833,2026-10-03 12:28:37.667000+00:00,Genève,rail,ch:1:sloid:1008,Genève,ch:1:sloid:1008:2:2,2026-10-03,ch:1:sjyid:100001:23428-001,rail,Regio,RL2,RL2,23428,Coppet,Annecy,2,,2026-10-03 12:46:00+00:00,2026-10-03 12:46:42+00:00,,True,0.7,2026-10-03 14:28:37.667000+02:00,2026-10-03 14:46:00+02:00,2026-10-03 14:46:42+02:00,2026-10-03,14,Saturday,True,17.372216666666667
20261003_122833,2026-10-03 12:28:37.667000+00:00,Genève,rail,ch:1:sloid:1008,Genève,ch:1:sloid:1008:3:5,2026-10-03,ch:1:sjyid:100001:23052-002,rail,Regio,RL5,RL5,23052,Genève,La Plaine,10,,2026-10-03 12:48:00+00:00,2026-10-03 12:48:12+00:00,,True,0.2,2026-10-03 14:28:37.667000+02:00,2026-10-03 14:48:00+02:00,2026-10-03 14:48:12+02:00,2026-10-03,14,Saturday,True,19.372216666666667
20261003_122833,2026-10-03 12:28:37.667000+00:00,Genève,rail,ch:1:sloid:1008,Genève,ch:1:sloid:1008:2:2,2026-10-03,ch:1:sjyid:100001:18422-001,rail,RegioExpress,RE33,RE33,18422,St-Maurice,Annemasse,2,,2026-10-03 12:53:00+00:00,,,False,,2026-10-03 14:28:37.667000+02:00,2026-10-03 14:53:00+02:00,,2026-10-03,14,Saturday,True,24.372216666666667
20261003_122833,2026-10-03 12:28:37.667000+00:00,Genève,rail,ch:1:sloid:1008,Genève,ch:1:sloid:1008:3:4,2026-10-03,ch:1:sjyid:100001:2527-001,rail,InterRegio,IR15,IR15,2527,Genève-Aéroport,Luzern,4,,2026-10-03 12:54:00+00:00,2026-10-03 12:54:30+00:00,,True,0.5,2026-10-03 14:28:37.667000+02:00,2026-10-03 14:54:00+02:00,2026-10-03 14:54:30+02:00,2026-10-03,14,Saturday,True,25.372216666666667
20261003_122833,2026-10-03 12:28:37.667000+00:00,Genève,rail,ch:1:sloid:1008,Genève,ch:1:sloid:1008:2:3,2026-10-03,ch:1:sjyid:100001:1820-001,rail,InterRegio,IR90,IR90,1820,Brig,Genève-Aéroport,3,,2026-10-03 12:58:00+00:00,2026-10-03 12:58:30+00:00,,True,0.5,2026-10-03 14:28:37.667000+02:00,2026-10-03 14:58:00+02:00,2026-10-03 14:58:30+02:00,2026-10-03,14,Saturday,True,29.372216666666667
20261003_122833,2026-10-03 12:28:37.667000+00:00,Genève,rail,ch:1:sloid:1008,Genève,ch:1:sloid:1008:1:1,2026-10-03,ch:1:sjyid:100001:23153-001,rail,Regio,RL4,RL4,23153,Annemasse,Coppet,1,,2026-10-03 13:00:00+00:00,2026-10-03 13:00:12+00:00,,True,0.2,2026-10-03 14:28:37.667000+02:00,2026-10-03 15:00:00+02:00,2026-10-03 15:00:12+02:00,2026-10-03,15,Saturday,True,31.372216666666667
20261003_122833,2026-10-03 12:28:37.667000+00:00,Genève,rail,ch:1:sloid:1008,Genève,ch:1:sloid:1008:2:2,2026-10-03,ch:1:sjyid:100001:23154-001,rail,Regio,RL4,RL4,23154,Coppet,Annemasse,2,,2026-10-03 13:01:00+00:00,2026-10-03 13:01:42+00:00,,True,0.7,2026-10-03 14:28:37.667000+02:00,2026-10-03 15:01:00+02:00,2026-10-03 15:01:42+02:00,2026-10-03,15,Saturday,True,32.37221666666667
20261003_122833,2026-10-03 12:28:37.667000+00:00,Genève,rail,ch:1:sloid:1008,Genève,ch:1:sloid:1008:3:6,2026-10-03,ch:1:sjyid:100001:1825-001,rail,InterRegio,IR90,IR90,1825,Genève-Aéroport,Brig,5,,2026-10-03 13:05:00+00:00,2026-10-03 13:05:30+00:00,,True,0.5,2026-10-03 14:28:37.667000+02:00,2026-10-03 15:05:00+02:00,2026-10-03 15:05:30+02:00,2026-10-03,15,Saturday,True,36.37221666666667
20261003_122833,2026-10-03 12:28:37.667000+00:00,Genève,rail,ch:1:sloid:1008,Genève,ch:1:sloid:1008:3:4,2026-10-03,ch:1:sjyid:100001:18423-003,rail,RegioExpress,RE33,RE33,18423,Annemasse,St-Maurice,4,,2026-10-03 13:08:00+00:00,2026-10-03 13:08:12+00:00,,True,0.2,2026-10-03 14:28:37.667000+02:00,2026-10-03 15:08:00+02:00,2026-10-03 15:08:12+02:00,2026-10-03,15,Saturday,True,39.37221666666667
20261003_122833,2026-10-03 12:28:37.667000+00:00,Genève,rail,ch:1:sloid:1008,Genève,ch:1:sloid:1008:2:3,2026-10-03,ch:1:sjyid:100001:2520-001,rail,InterRegio,IR15,IR15,2520,Luzern,Genève-Aéroport,3,,2026-10-03 13:08:00+00:00,2026-10-03 13:08:30+00:00,,True,0.5,2026-10-03 14:28:37.667000+02:00,2026-10-03 15:08:00+02:00,2026-10-03 15:08:30+02:00,2026-10-03,15,Saturday,True,39.37221666666667
20261003_122833,2026-10-03 12:28:37.667000+00:00,Genève,rail,ch:1:sloid:1008,Genève,ch:1:sloid:1008:1:1,2026-10-03,ch:1:sjyid:100001:23253-001,rail,Regio,RL4,RL4,23253,Annemasse,Coppet,1,,2026-10-03 13:15:00+00:00,2026-10-03 13:15:12+00:00,,True,0.2,2026-10-03 14:28:37.667000+02:00,2026-10-03 15:15:00+02:00,2026-10-03 15:15:12+02:00,2026-10-03,15,Saturday,True,46.37221666666667
20261003_122833,2026-10-03 12:28:37.667000+00:00,Genève,rail,ch:1:sloid:1008,Genève,ch:1:sloid:1008:2:2,2026-10-03,ch:1:sjyid:100001:23254-001,rail,Regio,RL4,RL4,23254,Coppet,Annemasse,2,,2026-10-03 13:16:00+00:00,2026-10-03 13:16:42+00:00,,True,0.7,2026-10-03 14:28:37.667000+02:00,2026-10-03 15:16:00+02:00,2026-10-03 15:16:42+02:00,2026-10-03,15,Saturday,True,47.37221666666667
20261003_122833,2026-10-03 12:28:37.667000+00:00,Genève,rail,ch:1:sloid:1008,Genève,ch:1:sloid:1008:3:5,2026-10-03,ch:1:sjyid:100001:23054-002,rail,Regio,RL5,RL5,23054,Genève,La Plaine,10,,2026-10-03 13:18:00+00:00,2026-10-03 13:18:12+00:00,,True,0.2,2026-10-03 14:28:37.667000+02:00,2026-10-03 15:18:00+02:00,2026-10-03 15:18:12+02:00,2026-10-03,15,Saturday,True,49.37221666666667
20261003_122833,2026-10-03 12:28:37.667000+00:00,Genève,rail,ch:1:sloid:1008,Genève,ch:1:sloid:1008:2:2,2026-10-03,ch:1:sjyid:100001:18468-002,rail,RegioExpress,RE33,RE33,18468,Martigny,Genève-Aéroport,2,,2026-10-03 13:23:00+00:00,2026-10-03 13:23:12+00:00,,True,0.2,2026-10-03 14:28:37.667000+02:00,2026-10-03 15:23:00+02:00,2026-10-03 15:23:12+02:00,2026-10-03,15,Saturday,True,54.37221666666667
20261003_122833,2026-10-03 12:28:37.667000+00:00,Genève,rail,ch:1:sloid:1008,Genève,ch:1:sloid:1008:3:4,2026-10-03,ch:1:sjyid:100001:1727-001,rail,InterRegio,IR95,IR95,1727,Genève-Aéroport,Brig,4,,2026-10-03 13:24:00+00:00,2026-10-03 13:24:42+00:00,,True,0.7,2026-10-03 14:28:37.667000+02:00,2026-10-03 15:24:00+02:00,2026-10-03 15:24:42+02:00,2026-10-03,15,Saturday,True,55.37221666666667
20261003_122833,2026-10-03 12:28:37.667000+00:00,Genève,rail,ch:1:sloid:1008,Genève,ch:1:sloid:1008:4:8,2026-10-03,ch:1:sjyid:100001:96570-002,rail,Train Express Regional,TER,TER,96570,Genève,Lyon Part Dieu,7,,2026-10-03 13:24:00+00:00,2026-10-03 13:24:30+00:00,,True,0.5,2026-10-03 14:28:37.667000+02:00,2026-10-03 15:24:00+02:00,2026-10-03 15:24:30+02:00,2026-10-03,15,Saturday,True,55.37221666666667
20261003_122833,2026-10-03 12:28:37.667000+00:00,Genève,rail,ch:1:sloid:1008,Genève,ch:1:sloid:1008:2:3,2026-10-03,ch:1:sjyid:100001:718-001,rail,InterCity,IC1,IC1,718,Zürich HB,Genève-Aéroport,3,,2026-10-03 13:28:00+00:00,2026-10-03 13:29:12+00:00,,True,1.2,2026-10-03 14:28:37.667000+02:00,2026-10-03 15:28:00+02:00,2026-10-03 15:29:12+02:00,2026-10-03,15,Saturday,True,59.37221666666667
20261003_122833,2026-10-03 12:28:37.667000+00:00,Genève,rail,ch:1:sloid:1008,Genève,ch:1:sloid:1008:1:1,2026-10-03,ch:1:sjyid:100001:23485-001,rail,Regio,RL3,RL3,23485,Annemasse,Coppet,1,,2026-10-03 13:30:00+00:00,2026-10-03 13:30:12+00:00,,True,0.2,2026-10-03 14:28:37.667000+02:00,2026-10-03 15:30:00+02:00,2026-10-03 15:30:12+02:00,2026-10-03,15,Saturday,True,61.37221666666667
20261003_122833,2026-10-03 12:28:37.667000+00:00,Genève,rail,ch:1:sloid:1008,Genève,ch:1:sloid:1008:2:2,2026-10-03,ch:1:sjyid:100001:23320-001,rail,Regio,RL1,RL1,23320,Coppet,Evian-les-Bains,2,,2026-10-03 13:31:00+00:00,2026-10-03 13:31:42+00:00,,True,0.7,2026-10-03 14:28:37.667000+02:00,2026-10-03 15:31:00+02:00,2026-10-03 15:31:42+02:00,2026-10-03,15,Saturday,True,62.37221666666667
20261003_122833,2026-10-03 12:28:37.667000+00:00,Genève,rail,ch:1:sloid:1008,Genève,ch:1:sloid:1008:3:4,2026-10-03,ch:1:sjyid:100001:727-001,rail,InterCity,IC1,IC1,727,Genève-Aéroport,Zürich HB,4,,2026-10-03 13:35:00+00:00,2026-10-03 13:35:30+00:00,,True,0.5,2026-10-03 14:28:37.667000+02:00,2026-10-03 15:35:00+02:00,2026-10-03 15:35:30+02:00,2026-10-03,15,Saturday,True,66.37221666666667
20261003_122833,2026-10-03 12:28:37.667000+00:00,Genève,rail,ch:1:sloid:1008,Genève,ch:1:sloid:1008:2:2,2026-10-03,ch:1:sjyid:100001:1720-001,rail,InterRegio,IR95,IR95,1720,Brig,Genève-Aéroport,2,,2026-10-03 13:38:00+00:00,2026-10-03 13:38:30+00:00,,True,0.5,2026-10-03 14:28:37.667000+02:00,2026-10-03 15:38:00+02:00,2026-10-03 15:38:30+02:00,2026-10-03,15,Saturday,True,69.37221666666666
20261003_122833,2026-10-03 12:28:37.667000+00:00,Genève,rail,ch:1:sloid:1008,Genève,ch:1:sloid:1008:2:3,2026-10-03,ch:1:sjyid:100001:18477-002,rail,RegioExpress,RE33,RE33,18477,Genève-Aéroport,Martigny,3,,2026-10-03 13:39:00+00:00,2026-10-03 13:39:24+00:00,,True,0.4,2026-10-03 14:28:37.667000+02:00,2026-10-03 15:39:00+02:00,2026-10-03 15:39:24+02:00,2026-10-03,15,Saturday,True,70.37221666666666
20261003_122833,2026-10-03 12:28:38.167000+00:00,Lugano,rail,ch:1:sloid:5300,Lugano,ch:1:sloid:5300:2:3,2026-10-03,ch:1:sjyid:100001:16-002,rail,EuroCity,EC,EC,16,Como S. Giovanni,Zürich HB,3,,2026-10-03 12:30:00+00:00,2026-10-03 12:31:00+00:00,,True,1.0,2026-10-03 14:28:38.167000+02:00,2026-10-03 14:30:00+02:00,2026-10-03 14:31:00+02:00,2026-10-03,14,Saturday,True,1.3638833333333333
20261003_122833,2026-10-03 12:28:38.167000+00:00,Lugano,rail,ch:1:sloid:5300,Lugano,ch:1:sloid:5300:2:2,2026-10-03,ch:1:sjyid:100001:151-001,rail,EuroCity,EC,EC,151,Basel SBB,Milano Centrale,2,,2026-10-03 12:30:00+00:00,,,False,,2026-10-03 14:28:38.167000+02:00,2026-10-03 14:30:00+02:00,,2026-10-03,14,Saturday,True,1.3638833333333333
20261003_122833,2026-10-03 12:28:38.167000+00:00,Lugano,rail,ch:1:sloid:5300,Lugano,ch:1:sloid:5300:3:4,2026-10-03,ch:1:sjyid:100001:25820-001,rail,RegioExpress,RE80,RE80,25820,Chiasso,Locarno,4,,2026-10-03 12:35:00+00:00,2026-10-03 12:35:48+00:00,,True,0.8,2026-10-03 14:28:38.167000+02:00,2026-10-03 14:35:00+02:00,2026-10-03 14:35:48+02:00,2026-10-03,14,Saturday,True,6.363883333333334
20261003_122833,2026-10-03 12:28:38.167000+00:00,Lugano,rail,ch:1:sloid:5300,Lugano,ch:1:sloid:5300:2:2,2026-10-03,ch:1:sjyid:100001:25125-001,rail,S-Bahn,S10,S10,25125,Biasca,Como Camerlata,2,,2026-10-03 12:36:00+00:00,,,False,,2026-10-03 14:28:38.167000+02:00,2026-10-03 14:36:00+02:00,,2026-10-03,14,Saturday,True,7.363883333333334
20261003_122833,2026-10-03 12:28:38.167000+00:00,Lugano,rail,ch:1:sloid:5300,Lugano,ch:1:sloid:5300:1:1,2026-10-03,ch:1:sjyid:100001:25972-001,rail,S-Bahn,S90,S90,25972,Lugano,Giubiasco,1,,2026-10-03 12:38:00+00:00,2026-10-03 12:38:12+00:00,,True,0.2,2026-10-03 14:28:38.167000+02:00,2026-10-03 14:38:00+02:00,2026-10-03 14:38:12+02:00,2026-10-03,14,Saturday,True,9.363883333333332
20261003_122833,2026-10-03 12:28:38.167000+00:00,Lugano,rail,ch:1:sloid:5300,Lugano,ch:1:sloid:5300:2:2,2026-10-03,ch:1:sjyid:100001:25925-001,rail,S-Bahn,S90,S90,25925,Giubiasco,Mendrisio,2,,2026-10-03 12:52:00+00:00,2026-10-03 12:52:12+00:00,,True,0.2,2026-10-03 14:28:38.167000+02:00,2026-10-03 14:52:00+02:00,2026-10-03 14:52:12+02:00,2026-10-03,14,Saturday,True,23.363883333333334
20261003_122833,2026-10-03 12:28:38.167000+00:00,Lugano,rail,ch:1:sloid:5300,Lugano,ch:1:sloid:5300:3:4,2026-10-03,ch:1:sjyid:100001:25772-001,rail,S-Bahn,S10,S10,25772,Mendrisio,Biasca,4,,2026-10-03 12:55:00+00:00,2026-10-03 12:55:36+00:00,,True,0.6,2026-10-03 14:28:38.167000+02:00,2026-10-03 14:55:00+02:00,2026-10-03 14:55:36+02:00,2026-10-03,14,Saturday,True,26.363883333333334
20261003_122833,2026-10-03 12:28:38.167000+00:00,Lugano,rail,ch:1:sloid:5300,Lugano,ch:1:sloid:5300:2:3,2026-10-03,ch:1:sjyid:100001:882-001,rail,InterCity,IC2,IC2,882,Lugano,Zürich HB,3,,2026-10-03 13:02:00+00:00,2026-10-03 13:02:30+00:00,,True,0.5,2026-10-03 14:28:38.167000+02:00,2026-10-03 15:02:00+02:00,2026-10-03 15:02:30+02:00,2026-10-03,15,Saturday,True,33.363883333333334
20261003_122833,2026-10-03 12:28:38.167000+00:00,Lugano,rail,ch:1:sloid:5300,Lugano,ch:1:sloid:5300:1:1,2026-10-03,ch:1:sjyid:100001:25525-001,rail,RegioExpress,RE80,RE80,25525,Locarno,Milano Centrale,1,,2026-10-03 13:02:00+00:00,,,False,,2026-10-03 14:28:38.167000+02:00,2026-10-03 15:02:00+02:00,,2026-10-03,15,Saturday,True,33.363883333333334
20261003_122833,2026-10-03 12:28:38.167000+00:00,Lugano,rail,ch:1:sloid:5300,Lugano,ch:1:sloid:5300:3:4,2026-10-03,ch:1:sjyid:100001:25520-001,rail,RegioExpress,RE80,RE80,25520,Milano Centrale,Locarno,4,,2026-10-03 13:05:00+00:00,2026-10-03 13:05:12+00:00,,True,0.2,2026-10-03 14:28:38.167000+02:00,2026-10-03 15:05:00+02:00,2026-10-03 15:05:12+02:00,2026-10-03,15,Saturday,True,36.363883333333334
20261003_122833,2026-10-03 12:28:38.167000+00:00,Lugano,rail,ch:1:sloid:5300,Lugano,ch:1:sloid:5300:1:1,2026-10-03,ch:1:sjyid:100001:25775-001,rail,S-Bahn,S10,S10,25775,Biasca,Como S. Giovanni/Malpensa Aeroporto T2,1,,2026-10-03 13:06:00+00:00,2026-10-03 13:06:12+00:00,,True,0.2,2026-10-03 14:28:38.167000+02:00,2026-10-03 15:06:00+02:00,2026-10-03 15:06:12+02:00,2026-10-03,15,Saturday,True,37.363883333333334
20261003_122833,2026-10-03 12:28:38.167000+00:00,Lugano,rail,ch:1:sloid:5300,Lugano,ch:1:sloid:5300:2:3,2026-10-03,ch:1:sjyid:100001:25926-001,rail,S-Bahn,S90,S90,25926,Mendrisio,Giubiasco,3,,2026-10-03 13:08:00+00:00,2026-10-03 13:08:12+00:00,,True,0.2,2026-10-03 14:28:38.167000+02:00,2026-10-03 15:08:00+02:00,2026-10-03 15:08:12+02:00,2026-10-03,15,Saturday,True,39.363883333333334
20261003_122833,2026-10-03 12:28:38.167000+00:00,Lugano,rail,ch:1:sloid:5300,Lugano,ch:1:sloid:5300:3:4,2026-10-03,ch:1:sjyid:100001:25126-001,rail,S-Bahn,S10,S10,25126,Como Camerlata,Biasca,4,,2026-10-03 13:25:00+00:00,2026-10-03 13:25:24+00:00,,True,0.4,2026-10-03 14:28:38.167000+02:00,2026-10-03 15:25:00+02:00,2026-10-03 15:25:24+02:00,2026-10-03,15,Saturday,True,56.363883333333334
20261003_122833,2026-10-03 12:28:38.167000+00:00,Lugano,rail,ch:1:sloid:5300,Lugano,ch:1:sloid:5300:2:2,2026-10-03,ch:1:sjyid:100001:25827-001,rail,RegioExpress,RE80,RE80,25827,Locarno,Chiasso,2,,2026-10-03 13:25:00+00:00,2026-10-03 13:25:12+00:00,,True,0.2,2026-10-03 14:28:38.167000+02:00,2026-10-03 15:25:00+02:00,2026-10-03 15:25:12+02:00,2026-10-03,15,Saturday,True,56.363883333333334
20261003_122833,2026-10-03 12:28:38.167000+00:00,Lugano,rail,ch:1:sloid:5300,Lugano,ch:1:sloid:5300:2:3,2026-10-03,ch:1:sjyid:100001:152-004,rail,EuroCity,EC,EC,152,Como S. Giovanni,Zürich HB,3,,2026-10-03 13:30:00+00:00,2026-10-03 13:31:00+00:00,,True,1.0,2026-10-03 14:28:38.167000+02:00,2026-10-03 15:30:00+02:00,2026-10-03 15:31:00+02:00,2026-10-03,15,Saturday,True,61.363883333333334
20261003_122833,2026-10-03 12:28:38.167000+00:00,Lugano,rail,ch:1:sloid:5300,Lugano,ch:1:sloid:5300:2:2,2026-10-03,ch:1:sjyid:100001:21-003,rail,EuroCity,EC,EC,21,Zürich HB,Milano Centrale,2,,2026-10-03 13:30:00+00:00,,,False,,2026-10-03 14:28:38.167000+02:00,2026-10-03 15:30:00+02:00,,2026-10-03,15,Saturday,True,61.363883333333334
20261003_122833,2026-10-03 12:28:38.167000+00:00,Lugano,rail,ch:1:sloid:5300,Lugano,ch:1:sloid:5300:3:4,2026-10-03,ch:1:sjyid:100001:25822-001,rail,RegioExpress,RE80,RE80,25822,Chiasso,Locarno,4,,2026-10-03 13:35:00+00:00,2026-10-03 13:35:48+00:00,,True,0.8,2026-10-03 14:28:38.167000+02:00,2026-10-03 15:35:00+02:00,2026-10-03 15:35:48+02:00,2026-10-03,15,Saturday,True,66.36388333333333
20261003_122833,2026-10-03 12:28:38.167000+00:00,Lugano,rail,ch:1:sloid:5300,Lugano,ch:1:sloid:5300:2:2,2026-10-03,ch:1:sjyid:100001:25127-001,rail,S-Bahn,S10,S10,25127,Biasca,Como Camerlata,2,,2026-10-03 13:36:00+00:00,,,False,,2026-10-03 14:28:38.167000+02:00,2026-10-03 15:36:00+02:00,,2026-10-03,15,Saturday,True,67.36388333333333
20261003_122833,2026-10-03 12:28:38.167000+00:00,Lugano,rail,ch:1:sloid:5300,Lugano,ch:1:sloid:5300:1:1,2026-10-03,ch:1:sjyid:100001:25974-001,rail,S-Bahn,S90,S90,25974,Lugano,Giubiasco,1,,2026-10-03 13:38:00+00:00,2026-10-03 13:38:12+00:00,,True,0.2,2026-10-03 14:28:38.167000+02:00,2026-10-03 15:38:00+02:00,2026-10-03 15:38:12+02:00,2026-10-03,15,Saturday,True,69.36388333333333
20261003_122833,2026-10-03 12:28:38.167000+00:00,Lugano,rail,ch:1:sloid:5300,Lugano,ch:1:sloid:5300:2:2,2026-10-03,ch:1:sjyid:100001:25927-001,rail,S-Bahn,S90,S90,25927,Giubiasco,Mendrisio,2,,2026-10-03 13:52:00+00:00,2026-10-03 13:52:12+00:00,,True,0.2,2026-10-03 14:28:38.167000+02:00,2026-10-03 15:52:00+02:00,2026-10-03 15:52:12+02:00,2026-10-03,15,Saturday,True,83.36388333333333
20261003_122833,2026-10-03 12:28:38.167000+00:00,Lugano,rail,ch:1:sloid:5300,Lugano,ch:1:sloid:5300:3:4,2026-10-03,ch:1:sjyid:100001:25774-001,rail,S-Bahn,S10,S10,25774,Mendrisio,Biasca,4,,2026-10-03 13:55:00+00:00,2026-10-03 13:55:36+00:00,,True,0.6,2026-10-03 14:28:38.167000+02:00,2026-10-03 15:55:00+02:00,2026-10-03 15:55:36+02:00,2026-10-03,15,Saturday,True,86.36388333333333
20261003_122833,2026-10-03 12:28:38.167000+00:00,Lugano,rail,ch:1:sloid:5300,Lugano,ch:1:sloid:5300:2:3,2026-10-03,ch:1:sjyid:100001:684-001,rail,InterCity,IC21,IC21,684,Lugano,Basel SBB,3,,2026-10-03 14:02:00+00:00,2026-10-03 14:02:30+00:00,,True,0.5,2026-10-03 14:28:38.167000+02:00,2026-10-03 16:02:00+02:00,2026-10-03 16:02:30+02:00,2026-10-03,16,Saturday,True,93.36388333333333
20261003_122833,2026-10-03 12:28:38.167000+00:00,Lugano,rail,ch:1:sloid:5300,Lugano,ch:1:sloid:5300:1:1,2026-10-03,ch:1:sjyid:100001:25527-001,rail,RegioExpress,RE80,RE80,25527,Locarno,Milano Centrale,1,,2026-10-03 14:02:00+00:00,,,False,,2026-10-03 14:28:38.167000+02:00,2026-10-03 16:02:00+02:00,,2026-10-03,16,Saturday,True,93.36388333333333
20261003_122833,2026-10-03 12:28:38.167000+00:00,Lugano,rail,ch:1:sloid:5300,Lugano,ch:1:sloid:5300:3:4,2026-10-03,ch:1:sjyid:100001:25522-001,rail,RegioExpress,RE80,RE80,25522,Milano Centrale,Locarno,4,,2026-10-03 14:05:00+00:00,2026-10-03 14:05:12+00:00,,True,0.2,2026-10-03 14:28:38.167000+02:00,2026-10-03 16:05:00+02:00,2026-10-03 16:05:12+02:00,2026-10-03,16,Saturday,True,96.36388333333333
20261003_122833,2026-10-03 12:28:38.167000+00:00,Lugano,rail,ch:1:sloid:5300,Lugano,ch:1:sloid:5300:1:1,2026-10-03,ch:1:sjyid:100001:25777-001,rail,S-Bahn,S10,S10,25777,Biasca,Como S. Giovanni/Malpensa Aeroporto T2,1,,2026-10-03 14:06:00+00:00,2026-10-03 14:06:12+00:00,,True,0.2,2026-10-03 14:28:38.167000+02:00,2026-10-03 16:06:00+02:00,2026-10-03 16:06:12+02:00,2026-10-03,16,Saturday,True,97.36388333333333
20261003_122833,2026-10-03 12:28:38.167000+00:00,Lugano,rail,ch:1:sloid:5300,Lugano,ch:1:sloid:5300:2:3,2026-10-03,ch:1:sjyid:100001:25928-001,rail,S-Bahn,S90,S90,25928,Mendrisio,Giubiasco,3,,2026-10-03 14:08:00+00:00,2026-10-03 14:08:12+00:00,,True,0.2,2026-10-03 14:28:38.167000+02:00,2026-10-03 16:08:00+02:00,2026-10-03 16:08:12+02:00,2026-10-03,16,Saturday,True,99.36388333333333
20261003_122833,2026-10-03 12:28:38.167000+00:00,Lugano,rail,ch:1:sloid:5300,Lugano,ch:1:sloid:5300:3:4,2026-10-03,ch:1:sjyid:100001:25128-001,rail,S-Bahn,S10,S10,25128,Como Camerlata,Biasca,4,,2026-10-03 14:25:00+00:00,2026-10-03 14:25:24+00:00,,True,0.4,2026-10-03 14:28:38.167000+02:00,2026-10-03 16:25:00+02:00,2026-10-03 16:25:24+02:00,2026-10-03,16,Saturday,True,116.36388333333333
20261003_122833,2026-10-03 12:28:38.167000+00:00,Lugano,rail,ch:1:sloid:5300,Lugano,ch:1:sloid:5300:2:2,2026-10-03,ch:1:sjyid:100001:25829-001,rail,RegioExpress,RE80,RE80,25829,Locarno,Chiasso,2,,2026-10-03 14:25:00+00:00,2026-10-03 14:25:12+00:00,,True,0.2,2026-10-03 14:28:38.167000+02:00,2026-10-03 16:25:00+02:00,2026-10-03 16:25:12+02:00,2026-10-03,16,Saturday,True,116.36388333333333
20261003_122833,2026-10-03 12:28:38.167000+00:00,Lugano,rail,ch:1:sloid:5300,Lugano,ch:1:sloid:5300:2:3,2026-10-03,ch:1:sjyid:100001:20-002,rail,EuroCity,EC,EC,20,Como S. Giovanni,Zürich HB,3,,2026-10-03 14:30:00+00:00,2026-10-03 14:31:00+00:00,,True,1.0,2026-10-03 14:28:38.167000+02:00,2026-10-03 16:30:00+02:00,2026-10-03 16:31:00+02:00,2026-10-03,16,Saturday,True,121.36388333333333
20261003_122833,2026-10-03 12:28:38.167000+00:00,Lugano,rail,ch:1:sloid:5300,Lugano,ch:1:sloid:5300:2:2,2026-10-03,ch:1:sjyid:100001:37-001,rail,EuroCity,EC,EC,37,Zürich HB,Firenze S. M. N.,2,,2026-10-03 14:30:00+00:00,,,False,,2026-10-03 14:28:38.167000+02:00,2026-10-03 16:30:00+02:00,,2026-10-03,16,Saturday,True,121.36388333333333
20261003_122833,2026-10-03 12:28:38.646000+00:00,Zürich,local,ch:1:sloid:87348,"Zürich, Bahnhofplatz/HB",ch:1:sloid:87348,2026-10-03,ch:1:sjyid:100648:plan:fd52f5d3-9ecf-4e02-9072-f92103bd44c6,bus,Bus,31,31,28660,"Zürich, Hermetschloo",Kienastenwies,,,2026-10-03 12:27:42+00:00,2026-10-03 12:28:00+00:00,,True,0.3,2026-10-03 14:28:38.646000+02:00,2026-10-03 14:27:42+02:00,2026-10-03 14:28:00+02:00,2026-10-03,14,Saturday,True,-0.9441
20261003_122833,2026-10-03 12:28:38.646000+00:00,Zürich,local,ch:1:sloid:87348,"Zürich, Bahnhofplatz/HB",ch:1:sloid:87348::11,2026-10-03,ch:1:sjyid:100648:plan:0dd004b6-a049-4798-9d1e-2462d93e127a,bus,Bus,31,31,28690,"Zürich, Kienastenwies",Hermetschloo,,,2026-10-03 12:28:30+00:00,2026-10-03 12:29:24+00:00,,True,0.9,2026-10-03 14:28:38.646000+02:00,2026-10-03 14:28:30+02:00,2026-10-03 14:29:24+02:00,2026-10-03,14,Saturday,True,-0.1441
20261003_122833,2026-10-03 12:28:38.646000+00:00,Zürich,local,ch:1:sloid:87348,"Zürich, Bahnhofplatz/HB",ch:1:sloid:87348::1,2026-10-03,ch:1:sjyid:100648:plan:7246ac5d-2a3c-4eb9-992b-e67c31cb1c9e,tram,Tram,14,14,25288,"Zürich, Bahnhofplatz/HB",Triemli,,,2026-10-03 12:29:06+00:00,2026-10-03 12:29:06+00:00,,True,0.0,2026-10-03 14:28:38.646000+02:00,2026-10-03 14:29:06+02:00,2026-10-03 14:29:06+02:00,2026-10-03,14,Saturday,True,0.45589999999999997
20261003_122833,2026-10-03 12:28:38.646000+00:00,Zürich,local,ch:1:sloid:87348,"Zürich, Bahnhofplatz/HB",ch:1:sloid:87348::0,2026-10-03,ch:1:sjyid:100648:plan:832b1b4a-d24d-4f2b-9d34-ae58f19b08d0,tram,Tram,6,6,25322,"Zürich, Bahnhofplatz/HB",Zoo,,,2026-10-03 12:30:00+00:00,2026-10-03 12:30:00+00:00,,True,0.0,2026-10-03 14:28:38.646000+02:00,2026-10-03 14:30:00+02:00,2026-10-03 14:30:00+02:00,2026-10-03,14,Saturday,True,1.3558999999999999
20261003_122833,2026-10-03 12:28:38.646000+00:00,Zürich,local,ch:1:sloid:87348,"Zürich, Bahnhofplatz/HB",ch:1:sloid:87348::1,2026-10-03,ch:1:sjyid:100648:plan:cde4d230-7955-4136-ae04-a370b9bc2273,tram,Tram,3,3,24825,"Zürich, Klusplatz",Albisrieden,,,2026-10-03 12:31:54+00:00,2026-10-03 12:32:18+00:00,,True,0.4,2026-10-03 14:28:38.646000+02:00,2026-10-03 14:31:54+02:00,2026-10-03 14:32:18+02:00,2026-10-03,14,Saturday,True,3.2559
20261003_122833,2026-10-03 12:28:38.646000+00:00,Zürich,local,ch:1:sloid:87348,"Zürich, Bahnhofplatz/HB",ch:1:sloid:87348::0,2026-10-03,ch:1:sjyid:100648:plan:60d8e324-3a10-4e19-ba7d-524c76986eb2,tram,Tram,3,3,24423,"Zürich, Albisrieden",Klusplatz,,,2026-10-03 12:32:24+00:00,2026-10-03 12:33:06+00:00,,True,0.7,2026-10-03 14:28:38.646000+02:00,2026-10-03 14:32:24+02:00,2026-10-03 14:33:06+02:00,2026-10-03,14,Saturday,True,3.7559
20261003_122833,2026-10-03 12:28:38.646000+00:00,Zürich,local,ch:1:sloid:87348,"Zürich, Bahnhofplatz/HB",ch:1:sloid:87348::1,2026-10-03,ch:1:sjyid:100648:plan:41638d84-1e26-434c-babc-6e044b25d860,tram,Tram,14,14,25690,"Zürich, Bahnhofplatz/HB",Triemli,,,2026-10-03 12:36:36+00:00,2026-10-03 12:36:42+00:00,,True,0.1,2026-10-03 14:28:38.646000+02:00,2026-10-03 14:36:36+02:00,2026-10-03 14:36:42+02:00,2026-10-03,14,Saturday,True,7.9559
20261003_122833,2026-10-03 12:28:38.646000+00:00,Zürich,local,ch:1:sloid:87348,"Zürich, Bahnhofplatz/HB",ch:1:sloid:87348::11,2026-10-03,ch:1:sjyid:100648:plan:52e0a929-4877-4241-b9e6-e431e0362429,bus,Bus,31,31,29111,"Zürich, Kienastenwies",Hermetschloo,,,2026-10-03 12:36:00+00:00,2026-10-03 12:38:00+00:00,,True,2.0,2026-10-03 14:28:38.646000+02:00,2026-10-03 14:36:00+02:00,2026-10-03 14:38:00+02:00,2026-10-03,14,Saturday,True,7.3559
20261003_122833,2026-10-03 12:28:38.646000+00:00,Zürich,local,ch:1:sloid:87348,"Zürich, Bahnhofplatz/HB",ch:1:sloid:87348::0,2026-10-03,ch:1:sjyid:100648:plan:46d1bbf7-0a72-42bf-ba62-73236ae494c5,tram,Tram,6,6,25735,"Zürich, Bahnhofplatz/HB",Zoo,,,2026-10-03 12:37:30+00:00,2026-10-03 12:37:30+00:00,,True,0.0,2026-10-03 14:28:38.646000+02:00,2026-10-03 14:37:30+02:00,2026-10-03 14:37:30+02:00,2026-10-03,14,Saturday,True,8.8559
20261003_122833,2026-10-03 12:28:38.646000+00:00,Zürich,local,ch:1:sloid:87348,"Zürich, Bahnhofplatz/HB",ch:1:sloid:87348::0,2026-10-03,ch:1:sjyid:100648:plan:6cd79494-ba56-4992-89be-1e86ba7210f0,tram,Tram,3,3,24830,"Zürich, Albisrieden",Klusplatz,,,2026-10-03 12:39:54+00:00,2026-10-03 12:39:54+00:00,,True,0.0,2026-10-03 14:28:38.646000+02:00,2026-10-03 14:39:54+02:00,2026-10-03 14:39:54+02:00,2026-10-03,14,Saturday,True,11.2559
20261003_122833,2026-10-03 12:28:38.646000+00:00,Zürich,local,ch:1:sloid:87348,"Zürich, Bahnhofplatz/HB",ch:1:sloid:87348::1,2026-10-03,ch:1:sjyid:100648:plan:94a34968-4a7d-45bc-9178-14ef43e8ef00,tram,Tram,3,3,25225,"Zürich, Klusplatz",Albisrieden,,,2026-10-03 12:39:24+00:00,2026-10-03 12:39:24+00:00,,True,0.0,2026-10-03 14:28:38.646000+02:00,2026-10-03 14:39:24+02:00,2026-10-03 14:39:24+02:00,2026-10-03,14,Saturday,True,10.7559
20261003_122833,2026-10-03 12:28:38.646000+00:00,Zürich,local,ch:1:sloid:87348,"Zürich, Bahnhofplatz/HB",ch:1:sloid:87348,2026-10-03,ch:1:sjyid:100648:plan:fac4facb-b65a-4df3-8e1c-5ff566df01d2,bus,Bus,31,31,29537,"Zürich, Hermetschloo",Kienastenwies,,,2026-10-03 12:42:42+00:00,2026-10-03 12:43:24+00:00,,True,0.7,2026-10-03 14:28:38.646000+02:00,2026-10-03 14:42:42+02:00,2026-10-03 14:43:24+02:00,2026-10-03,14,Saturday,True,14.055900000000001
20261003_122833,2026-10-03 12:28:38.646000+00:00,Zürich,local,ch:1:sloid:87348,"Zürich, Bahnhofplatz/HB",ch:1:sloid:87348::11,2026-10-03,ch:1:sjyid:100648:plan:64a7acae-a386-436a-8e36-b449756ddfcc,bus,Bus,31,31,29561,"Zürich, Kienastenwies",Hermetschloo,,,2026-10-03 12:43:30+00:00,2026-10-03 12:43:30+00:00,,True,0.0,2026-10-03 14:28:38.646000+02:00,2026-10-03 14:43:30+02:00,2026-10-03 14:43:30+02:00,2026-10-03,14,Saturday,True,14.8559
20261003_122833,2026-10-03 12:28:38.646000+00:00,Zürich,local,ch:1:sloid:87348,"Zürich, Bahnhofplatz/HB",ch:1:sloid:87348::1,2026-10-03,ch:1:sjyid:100648:plan:44bb2b5b-4945-46c0-9cf9-c96ffb6de127,tram,Tram,14,14,26068,"Zürich, Bahnhofplatz/HB",Triemli,,,2026-10-03 12:44:06+00:00,2026-10-03 12:44:06+00:00,,True,0.0,2026-10-03 14:28:38.646000+02:00,2026-10-03 14:44:06+02:00,2026-10-03 14:44:06+02:00,2026-10-03,14,Saturday,True,15.455900000000002
20261003_122833,2026-10-03 12:28:38.646000+00:00,Zürich,local,ch:1:sloid:87348,"Zürich, Bahnhofplatz/HB",ch:1:sloid:87348::0,2026-10-03,ch:1:sjyid:100648:plan:b10d0898-d56d-471e-b9f0-de1650012dac,tram,Tram,6,6,26107,"Zürich, Bahnhofplatz/HB",Zoo,,,2026-10-03 12:45:00+00:00,2026-10-03 12:45:00+00:00,,True,0.0,2026-10-03 14:28:38.646000+02:00,2026-10-03 14:45:00+02:00,2026-10-03 14:45:00+02:00,2026-10-03,14,Saturday,True,16.355900000000002
20261003_122833,2026-10-03 12:28:38.646000+00:00,Zürich,local,ch:1:sloid:87348,"Zürich, Bahnhofplatz/HB",ch:1:sloid:87348::1,2026-10-03,ch:1:sjyid:100648:plan:78c8b192-a5dc-41db-9db4-87f3bd95e1c5,tram,Tram,3,3,25612,"Zürich, Klusplatz",Albisrieden,,,2026-10-03 12:46:54+00:00,2026-10-03 12:46:54+00:00,,True,0.0,2026-10-03 14:28:38.646000+02:00,2026-10-03 14:46:54+02:00,2026-10-03 14:46:54+02:00,2026-10-03,14,Saturday,True,18.2559
20261003_122833,2026-10-03 12:28:38.646000+00:00,Zürich,local,ch:1:sloid:87348,"Zürich, Bahnhofplatz/HB",ch:1:sloid:87348,2026-10-03,ch:1:sjyid:100648:plan:d12440e3-fe8a-49c7-b0ba-c9f01d20caa5,bus,Bus,31,31,29947,"Zürich, Hermetschloo",Kienastenwies,,,2026-10-03 12:50:12+00:00,2026-10-03 12:50:36+00:00,,True,0.4,2026-10-03 14:28:38.646000+02:00,2026-10-03 14:50:12+02:00,2026-10-03 14:50:36+02:00,2026-10-03,14,Saturday,True,21.5559
20261003_122833,2026-10-03 12:28:38.646000+00:00,Zürich,local,ch:1:sloid:87348,"Zürich, Bahnhofplatz/HB",ch:1:sloid:87348::1,2026-10-03,ch:1:sjyid:100648:plan:28374e85-257d-4792-9c48-b1779777b592,tram,Tram,14,14,26487,"Zürich, Bahnhofplatz/HB",Triemli,,,2026-10-03 12:51:36+00:00,2026-10-03 12:51:36+00:00,,True,0.0,2026-10-03 14:28:38.646000+02:00,2026-10-03 14:51:36+02:00,2026-10-03 14:51:36+02:00,2026-10-03,14,Saturday,True,22.9559
20261003_122833,2026-10-03 12:28:38.646000+00:00,Zürich,local,ch:1:sloid:87348,"Zürich, Bahnhofplatz/HB",ch:1:sloid:87348::11,2026-10-03,ch:1:sjyid:100648:plan:387d4f6c-4ae5-4813-a887-068da348a4dc,bus,Bus,31,31,29959,"Zürich, Kienastenwies",Hermetschloo,,,2026-10-03 12:51:00+00:00,2026-10-03 12:50:48+00:00,,True,-0.2,2026-10-03 14:28:38.646000+02:00,2026-10-03 14:51:00+02:00,2026-10-03 14:50:48+02:00,2026-10-03,14,Saturday,True,22.355900000000002
20261003_122833,2026-10-03 12:28:38.646000+00:00,Zürich,local,ch:1:sloid:87348,"Zürich, Bahnhofplatz/HB",ch:1:sloid:87348::0,2026-10-03,ch:1:sjyid:100648:plan:bcdefc31-cfb5-435b-90aa-622c5cda6547,tram,Tram,6,6,26527,"Zürich, Bahnhofplatz/HB",Zoo,,,2026-10-03 12:52:30+00:00,2026-10-03 12:52:30+00:00,,True,0.0,2026-10-03 14:28:38.646000+02:00,2026-10-03 14:52:30+02:00,2026-10-03 14:52:30+02:00,2026-10-03,14,Saturday,True,23.855900000000002
20261003_122833,2026-10-03 12:28:38.646000+00:00,Zürich,local,ch:1:sloid:87348,"Zürich, Bahnhofplatz/HB",ch:1:sloid:87348::0,2026-10-03,ch:1:sjyid:100648:plan:29ff85b2-d643-4bed-a445-30a4d2adc1df,tram,Tram,3,3,25618,"Zürich, Albisrieden",Klusplatz,,,2026-10-03 12:54:54+00:00,2026-10-03 12:54:54+00:00,,True,0.0,2026-10-03 14:28:38.646000+02:00,2026-10-03 14:54:54+02:00,2026-10-03 14:54:54+02:00,2026-10-03,14,Saturday,True,26.2559
20261003_122833,2026-10-03 12:28:38.646000+00:00,Zürich,local,ch:1:sloid:87348,"Zürich, Bahnhofplatz/HB",ch:1:sloid:87348::1,2026-10-03,ch:1:sjyid:100648:plan:f88ea527-eea2-4e36-83e1-ae299bb937f3,tram,Tram,3,3,26011,"Zürich, Klusplatz",Albisrieden,,,2026-10-03 12:54:24+00:00,2026-10-03 12:54:24+00:00,,True,0.0,2026-10-03 14:28:38.646000+02:00,2026-10-03 14:54:24+02:00,2026-10-03 14:54:24+02:00,2026-10-03,14,Saturday,True,25.7559
20261003_122833,2026-10-03 12:28:38.646000+00:00,Zürich,local,ch:1:sloid:87348,"Zürich, Bahnhofplatz/HB",ch:1:sloid:87348,2026-10-03,ch:1:sjyid:100648:plan:cb26cdfd-53d6-4446-878e-2a6cc5f9de0f,bus,Bus,31,31,30405,"Zürich, Hermetschloo",Kienastenwies,,,2026-10-03 12:57:42+00:00,2026-10-03 12:57:42+00:00,,True,0.0,2026-10-03 14:28:38.646000+02:00,2026-10-03 14:57:42+02:00,2026-10-03 14:57:42+02:00,2026-10-03,14,Saturday,True,29.0559
20261003_122833,2026-10-03 12:28:38.646000+00:00,Zürich,local,ch:1:sloid:87348,"Zürich, Bahnhofplatz/HB",ch:1:sloid:87348::11,2026-10-03,ch:1:sjyid:100648:plan:cce60c7e-d824-4976-9784-e6773deac624,bus,Bus,31,31,30433,"Zürich, Kienastenwies",Hermetschloo,,,2026-10-03 12:58:30+00:00,2026-10-03 12:58:30+00:00,,True,0.0,2026-10-03 14:28:38.646000+02:00,2026-10-03 14:58:30+02:00,2026-10-03 14:58:30+02:00,2026-10-03,14,Saturday,True,29.855900000000002
20261003_122833,2026-10-03 12:28:38.646000+00:00,Zürich,local,ch:1:sloid:87348,"Zürich, Bahnhofplatz/HB",ch:1:sloid:87348::1,2026-10-03,ch:1:sjyid:100648:plan:069234c0-a3d0-4996-a479-db3cc080d2c6,tram,Tram,14,14,26895,"Zürich, Bahnhofplatz/HB",Triemli,,,2026-10-03 12:59:06+00:00,2026-10-03 12:59:06+00:00,,True,0.0,2026-10-03 14:28:38.646000+02:00,2026-10-03 14:59:06+02:00,2026-10-03 14:59:06+02:00,2026-10-03,14,Saturday,True,30.4559
20261003_122833,2026-10-03 12:28:38.646000+00:00,Zürich,local,ch:1:sloid:87348,"Zürich, Bahnhofplatz/HB",ch:1:sloid:87348::0,2026-10-03,ch:1:sjyid:100648:plan:5155d790-b60c-4cc5-acca-f98ff76bee85,tram,Tram,6,6,26930,"Zürich, Bahnhofplatz/HB",Zoo,,,2026-10-03 13:00:00+00:00,2026-10-03 13:00:00+00:00,,True,0.0,2026-10-03 14:28:38.646000+02:00,2026-10-03 15:00:00+02:00,2026-10-03 15:00:00+02:00,2026-10-03,15,Saturday,True,31.355900000000002
20261003_122833,2026-10-03 12:28:38.646000+00:00,Zürich,local,ch:1:sloid:87348,"Zürich, Bahnhofplatz/HB",ch:1:sloid:87348::1,2026-10-03,ch:1:sjyid:100648:plan:5ff04ed8-0867-4fe6-926e-f32c81ea7c6f,tram,Tram,3,3,26426,"Zürich, Klusplatz",Albisrieden,,,2026-10-03 13:01:54+00:00,2026-10-03 13:01:54+00:00,,True,0.0,2026-10-03 14:28:38.646000+02:00,2026-10-03 15:01:54+02:00,2026-10-03 15:01:54+02:00,2026-10-03,15,Saturday,True,33.255900000000004
20261003_122833,2026-10-03 12:28:38.646000+00:00,Zürich,local,ch:1:sloid:87348,"Zürich, Bahnhofplatz/HB",ch:1:sloid:87348::0,2026-10-03,ch:1:sjyid:100648:plan:e9f72e4d-1a5a-46a2-9a7b-9d7483464941,tram,Tram,3,3,26017,"Zürich, Albisrieden",Klusplatz,,,2026-10-03 13:02:24+00:00,2026-10-03 13:02:24+00:00,,True,0.0,2026-10-03 14:28:38.646000+02:00,2026-10-03 15:02:24+02:00,2026-10-03 15:02:24+02:00,2026-10-03,15,Saturday,True,33.755900000000004
20261003_122833,2026-10-03 12:28:39.130000+00:00,Bern,local,ch:1:sloid:76646,"Bern, Bahnhof",ch:1:sloid:76646:0:20,2026-10-03,ch:1:sjyid:100626:plan:e3e5bae7-bf09-45c5-9a5c-29f05ddf5086,bus,Bus,17,17,57925,"Bern, Bahnhof",Köniz Weiermatt,M,,2026-10-03 12:27:00+00:00,2026-10-03 12:28:12+00:00,,True,1.2,2026-10-03 14:28:39.130000+02:00,2026-10-03 14:27:00+02:00,2026-10-03 14:28:12+02:00,2026-10-03,14,Saturday,True,-1.6521666666666666
20261003_122833,2026-10-03 12:28:39.130000+00:00,Bern,local,ch:1:sloid:76646,"Bern, Bahnhof",ch:1:sloid:76646:0:11,2026-10-03,ch:1:sjyid:100626:plan:16729ae5-cee9-41ac-b716-28ee213f3670,bus,Bus,10,10,43509,"Ostermundigen, Rüti",Schliern,I,,2026-10-03 12:27:00+00:00,2026-10-03 12:29:24+00:00,,True,2.4,2026-10-03 14:28:39.130000+02:00,2026-10-03 14:27:00+02:00,2026-10-03 14:29:24+02:00,2026-10-03,14,Saturday,True,-1.6521666666666666
20261003_122833,2026-10-03 12:28:39.130000+00:00,Bern,local,ch:1:sloid:76646,"Bern, Bahnhof",ch:1:sloid:76646:0:3,2026-10-03,ch:1:sjyid:100626:plan:2ee9243c-013a-48df-8832-dba2cca09e0f,tram,Tram,9,9,28556,"Bern Wankdorf, Bahnhof",Wabern,C,,2026-10-03 12:28:30+00:00,2026-10-03 12:33:18+00:00,,True,4.8,2026-10-03 14:28:39.130000+02:00,2026-10-03 14:28:30+02:00,2026-10-03 14:33:18+02:00,2026-10-03,14,Saturday,True,-0.15216666666666667
20261003_122833,2026-10-03 12:28:39.130000+00:00,Bern,local,ch:1:sloid:76646,"Bern, Bahnhof",ch:1:sloid:76646:0:1,2026-10-03,ch:1:sjyid:100626:plan:ae626303-a9a0-4352-847c-3d14edba955e,tram,Tram,9,9,22205,"Wabern, Tram-Endstation",Wankdorf Bhf,B,,2026-10-03 12:28:30+00:00,2026-10-03 12:29:36+00:00,,True,1.1,2026-10-03 14:28:39.130000+02:00,2026-10-03 14:28:30+02:00,2026-10-03 14:29:36+02:00,2026-10-03,14,Saturday,True,-0.15216666666666667
20261003_122833,2026-10-03 12:28:39.130000+00:00,Bern,local,ch:1:sloid:76646,"Bern, Bahnhof",ch:1:sloid:76646:0:10,2026-10-03,ch:1:sjyid:100626:plan:25ad7dc7-f4d7-4b90-8577-a568b95d9883,tram,Tram,6,6,7158,"Bern, Bahnhof",Fischermätteli,J,,2026-10-03 12:29:00+00:00,2026-10-03 12:29:00+00:00,,True,0.0,2026-10-03 14:28:39.130000+02:00,2026-10-03 14:29:00+02:00,2026-10-03 14:29:00+02:00,2026-10-03,14,Saturday,True,0.3478333333333333
20261003_122833,2026-10-03 12:28:39.130000+00:00,Bern,local,ch:1:sloid:76646,"Bern, Bahnhof",ch:1:sloid:76646:0:28,2026-10-03,ch:1:sjyid:100626:plan:3c3ea72b-0e9f-4ad2-8b91-31eda7488e3c,bus,Bus,11,11,49231,"Bern, Bahnhof",Neufeld P+R,G,,2026-10-03 12:29:00+00:00,2026-10-03 12:29:00+00:00,,True,0.0,2026-10-03 14:28:39.130000+02:00,2026-10-03 14:29:00+02:00,2026-10-03 14:29:00+02:00,2026-10-03,14,Saturday,True,0.3478333333333333
20261003_122833,2026-10-03 12:28:39.130000+00:00,Bern,local,ch:1:sloid:76646,"Bern, Bahnhof",ch:1:sloid:76646:0:64,2026-10-03,ch:1:sjyid:1100062:SKI-227,bus,Ersatzverkehr,EV,EV,227,"Bern, Bahnhof","Worblaufen, Bahnhofplatz",Z,,2026-10-03 12:30:00+00:00,,,False,,2026-10-03 14:28:39.130000+02:00,2026-10-03 14:30:00+02:00,,2026-10-03,14,Saturday,True,1.3478333333333334
20261003_122833,2026-10-03 12:28:39.130000+00:00,Bern,local,ch:1:sloid:76646,"Bern, Bahnhof",ch:1:sloid:76646:0:39,2026-10-03,ch:1:sjyid:100626:plan:5b2d8890-843e-4d5e-8b51-c2fb124efa83,tram,Tram,7,7,12963,"Bern, Bahnhof",Bümpliz,N,,2026-10-03 12:30:42+00:00,2026-10-03 12:30:42+00:00,,True,0.0,2026-10-03 14:28:39.130000+02:00,2026-10-03 14:30:42+02:00,2026-10-03 14:30:42+02:00,2026-10-03,14,Saturday,True,2.0478333333333336
20261003_122833,2026-10-03 12:28:39.130000+00:00,Bern,local,ch:1:sloid:76646,"Bern, Bahnhof",ch:1:sloid:76646:0:7,2026-10-03,ch:1:sjyid:100626:plan:9af3461a-0085-4782-aab7-f6a7d58d922c,bus,Bus,12,12,53175,"Bern, Zentrum Paul Klee",Holligen,D,,2026-10-03 12:30:00+00:00,2026-10-03 12:30:30+00:00,,True,0.5,2026-10-03 14:28:39.130000+02:00,2026-10-03 14:30:00+02:00,2026-10-03 14:30:30+02:00,2026-10-03,14,Saturday,True,1.3478333333333334
20261003_122833,2026-10-03 12:28:39.130000+00:00,Bern,local,ch:1:sloid:76646,"Bern, Bahnhof",ch:1:sloid:76646:0:19,2026-10-03,ch:1:sjyid:100626:plan:9d80a9a1-17fd-4fad-94ea-ec4e97793f7c,bus,Bus,10,10,34736,"Schliern, Bus-Endstation",Ostermundigen Rüti,L,,2026-10-03 12:31:00+00:00,2026-10-03 12:31:18+00:00,,True,0.3,2026-10-03 14:28:39.130000+02:00,2026-10-03 14:31:00+02:00,2026-10-03 14:31:18+02:00,2026-10-03,14,Saturday,True,2.3478333333333334
20261003_122833,2026-10-03 12:28:39.130000+00:00,Bern,local,ch:1:sloid:76646,"Bern, Bahnhof",ch:1:sloid:76646:0:20,2026-10-03,ch:1:sjyid:100626:plan:7f56e912-4573-4477-a75b-497c8d462933,bus,Bus,19,19,58594,"Spiegel, Blinzern",Elfenau,M,,2026-10-03 12:31:00+00:00,2026-10-03 12:31:48+00:00,,True,0.8,2026-10-03 14:28:39.130000+02:00,2026-10-03 14:31:00+02:00,2026-10-03 14:31:48+02:00,2026-10-03,14,Saturday,True,2.3478333333333334
20261003_122833,2026-10-03 12:28:39.130000+00:00,Bern,local,ch:1:sloid:76646,"Bern, Bahnhof",ch:1:sloid:76646:0:15,2026-10-03,ch:1:sjyid:100626:plan:9bed8327-e0fe-419e-8cd4-b1c9393b8812,bus,Bus,20,20,66061,"Bern Wankdorf, Bahnhof",Länggasse,F,,2026-10-03 12:31:48+00:00,2026-10-03 12:31:30+00:00,,True,-0.3,2026-10-03 14:28:39.130000+02:00,2026-10-03 14:31:48+02:00,2026-10-03 14:31:30+02:00,2026-10-03,14,Saturday,True,3.1478333333333333
20261003_122833,2026-10-03 12:28:39.130000+00:00,Bern,local,ch:1:sloid:76646,"Bern, Bahnhof",ch:1:sloid:76646:0:2,2026-10-03,ch:1:sjyid:100626:plan:ade77886-d6c5-4038-9ba3-97d78b570397,bus,Bus,8A,8A,77819,"Bern, Bahnhof",Saali,K2,,2026-10-03 12:32:48+00:00,2026-10-03 12:32:48+00:00,,True,0.0,2026-10-03 14:28:39.130000+02:00,2026-10-03 14:32:48+02:00,2026-10-03 14:32:48+02:00,2026-10-03,14,Saturday,True,4.147833333333334
20261003_122833,2026-10-03 12:28:39.130000+00:00,Bern,local,ch:1:sloid:76646,"Bern, Bahnhof",ch:1:sloid:76646:0:11,2026-10-03,ch:1:sjyid:100626:plan:de7de491-1b65-4786-ac64-a3fb3db48185,bus,Bus,10,10,43518,"Ostermundigen, Rüti",Schliern,I,,2026-10-03 12:32:00+00:00,2026-10-03 12:32:24+00:00,,True,0.4,2026-10-03 14:28:39.130000+02:00,2026-10-03 14:32:00+02:00,2026-10-03 14:32:24+02:00,2026-10-03,14,Saturday,True,3.3478333333333334
20261003_122833,2026-10-03 12:28:39.130000+00:00,Bern,local,ch:1:sloid:76646,"Bern, Bahnhof",ch:1:sloid:76646:0:5,2026-10-03,ch:1:sjyid:100626:plan:1ceb1e77-b534-46d8-8ec4-58b73ba9f36d,bus,Bus,12,12,50477,"Bern, Holligen",Zentrum Paul Klee,A,,2026-10-03 12:33:00+00:00,2026-10-03 12:33:00+00:00,,True,0.0,2026-10-03 14:28:39.130000+02:00,2026-10-03 14:33:00+02:00,2026-10-03 14:33:00+02:00,2026-10-03,14,Saturday,True,4.347833333333333
20261003_122833,2026-10-03 12:28:39.130000+00:00,Bern,local,ch:1:sloid:76646,"Bern, Bahnhof",ch:1:sloid:76646:0:13,2026-10-03,ch:1:sjyid:100626:plan:8c4b6625-6eb2-40e6-be52-2e9731d45d9b,bus,Bus,20,20,63438,"Bern, Länggasse",Wankdorf Bhf,E,,2026-10-03 12:33:48+00:00,2026-10-03 12:33:42+00:00,,True,-0.1,2026-10-03 14:28:39.130000+02:00,2026-10-03 14:33:48+02:00,2026-10-03 14:33:42+02:00,2026-10-03,14,Saturday,True,5.147833333333334
20261003_122833,2026-10-03 12:28:39.130000+00:00,Bern,local,ch:1:sloid:76646,"Bern, Bahnhof",ch:1:sloid:76646:0:10,2026-10-03,ch:1:sjyid:100626:plan:17d777ba-4fa7-4bfc-b6be-78297035d19a,tram,Tram,3,3,1703,"Bern, Bahnhof",Weissenbühl,J,,2026-10-03 12:34:00+00:00,2026-10-03 12:34:00+00:00,,True,0.0,2026-10-03 14:28:39.130000+02:00,2026-10-03 14:34:00+02:00,2026-10-03 14:34:00+02:00,2026-10-03,14,Saturday,True,5.347833333333333
20261003_122833,2026-10-03 12:28:39.130000+00:00,Bern,local,ch:1:sloid:76646,"Bern, Bahnhof",ch:1:sloid:76646:0:39,2026-10-03,ch:1:sjyid:100626:plan:ac6344cc-4efd-40d6-976e-e0377ab0d1b3,tram,Tram,8,8,18433,"Bern, Bahnhof",Brünnen Bhf,N,,2026-10-03 12:34:18+00:00,2026-10-03 12:34:18+00:00,,True,0.0,2026-10-03 14:28:39.130000+02:00,2026-10-03 14:34:18+02:00,2026-10-03 14:34:18+02:00,2026-10-03,14,Saturday,True,5.647833333333334
20261003_122833,2026-10-03 12:28:39.130000+00:00,Bern,local,ch:1:sloid:76646,"Bern, Bahnhof",ch:1:sloid:76646:0:30,2026-10-03,ch:1:sjyid:100626:plan:4122c937-2fcc-4bfd-8974-d8a2f02ae19d,bus,Bus,21,21,67803,"Bern, Bahnhof",Bremgarten,H,,2026-10-03 12:34:00+00:00,2026-10-03 12:34:00+00:00,,True,0.0,2026-10-03 14:28:39.130000+02:00,2026-10-03 14:34:00+02:00,2026-10-03 14:34:00+02:00,2026-10-03,14,Saturday,True,5.347833333333333
20261003_122833,2026-10-03 12:28:39.130000+00:00,Bern,local,ch:1:sloid:76646,"Bern, Bahnhof",ch:1:sloid:76646:0:64,2026-10-03,ch:1:sjyid:1100062:SKI-229,bus,Ersatzverkehr,EV,EV,229,"Bern, Bahnhof","Worblaufen, Bahnhofplatz",Z,,2026-10-03 12:35:00+00:00,,,False,,2026-10-03 14:28:39.130000+02:00,2026-10-03 14:35:00+02:00,,2026-10-03,14,Saturday,True,6.347833333333333
20261003_122833,2026-10-03 12:28:39.130000+00:00,Bern,local,ch:1:sloid:76646,"Bern, Bahnhof",ch:1:sloid:76646:0:19,2026-10-03,ch:1:sjyid:100626:plan:565e5f06-2d2f-44d3-bd86-c6f6eb32fe26,bus,Bus,10,10,34740,"Schliern, Bus-Endstation",Ostermundigen Rüti,L,,2026-10-03 12:36:00+00:00,2026-10-03 12:36:00+00:00,,True,0.0,2026-10-03 14:28:39.130000+02:00,2026-10-03 14:36:00+02:00,2026-10-03 14:36:00+02:00,2026-10-03,14,Saturday,True,7.347833333333333
20261003_122833,2026-10-03 12:28:39.130000+00:00,Bern,local,ch:1:sloid:76646,"Bern, Bahnhof",ch:1:sloid:76646:0:3,2026-10-03,ch:1:sjyid:100626:plan:bbbdb672-59c4-45df-9df7-a43aec851e78,tram,Tram,9,9,28564,"Bern Wankdorf, Bahnhof",Wabern,C,,2026-10-03 12:36:00+00:00,2026-10-03 12:41:42+00:00,,True,5.7,2026-10-03 14:28:39.130000+02:00,2026-10-03 14:36:00+02:00,2026-10-03 14:41:42+02:00,2026-10-03,14,Saturday,True,7.347833333333333
20261003_122833,2026-10-03 12:28:39.130000+00:00,Bern,local,ch:1:sloid:76646,"Bern, Bahnhof",ch:1:sloid:76646:0:7,2026-10-03,ch:1:sjyid:100626:plan:4d692931-3e1e-45f9-96f5-73d7d07d70ec,bus,Bus,12,12,53178,"Bern, Zentrum Paul Klee",Holligen,D,,2026-10-03 12:36:00+00:00,2026-10-03 12:36:06+00:00,,True,0.1,2026-10-03 14:28:39.130000+02:00,2026-10-03 14:36:00+02:00,2026-10-03 14:36:06+02:00,2026-10-03,14,Saturday,True,7.347833333333333
20261003_122833,2026-10-03 12:28:39.130000+00:00,Bern,local,ch:1:sloid:76646,"Bern, Bahnhof",ch:1:sloid:76646:0:1,2026-10-03,ch:1:sjyid:100626:plan:3a0f0bc9-979e-42aa-983e-103380c1e1d8,tram,Tram,9,9,22213,"Wabern, Tram-Endstation",Wankdorf Bhf,B,,2026-10-03 12:36:00+00:00,2026-10-03 12:35:54+00:00,,True,-0.1,2026-10-03 14:28:39.130000+02:00,2026-10-03 14:36:00+02:00,2026-10-03 14:35:54+02:00,2026-10-03,14,Saturday,True,7.347833333333333
20261003_122833,2026-10-03 12:28:39.130000+00:00,Bern,local,ch:1:sloid:76646,"Bern, Bahnhof",ch:1:sloid:76646:0:2,2026-10-03,ch:1:sjyid:100626:plan:f181bd4c-a385-4111-b65e-d0a2b20084c4,bus,Bus,8A,8A,77822,"Bern, Bahnhof",Saali,K2,,2026-10-03 12:37:48+00:00,2026-10-03 12:37:48+00:00,,True,0.0,2026-10-03 14:28:39.130000+02:00,2026-10-03 14:37:48+02:00,2026-10-03 14:37:48+02:00,2026-10-03,14,Saturday,True,9.147833333333333
20261003_122833,2026-10-03 12:28:39.130000+00:00,Bern,local,ch:1:sloid:76646,"Bern, Bahnhof",ch:1:sloid:76646:0:20,2026-10-03,ch:1:sjyid:100626:plan:0c293195-ad5b-42f0-ae39-f86775b91da6,bus,Bus,17,17,57928,"Bern, Bahnhof",Köniz Weiermatt,M,,2026-10-03 12:37:00+00:00,2026-10-03 12:37:00+00:00,,True,0.0,2026-10-03 14:28:39.130000+02:00,2026-10-03 14:37:00+02:00,2026-10-03 14:37:00+02:00,2026-10-03,14,Saturday,True,8.347833333333334
20261003_122833,2026-10-03 12:28:39.130000+00:00,Bern,local,ch:1:sloid:76646,"Bern, Bahnhof",ch:1:sloid:76646:0:11,2026-10-03,ch:1:sjyid:100626:plan:e3d9325a-0dae-4fe9-8324-f463d52d4533,bus,Bus,10,10,43529,"Ostermundigen, Rüti",Schliern,I,,2026-10-03 12:37:00+00:00,2026-10-03 12:37:00+00:00,,True,0.0,2026-10-03 14:28:39.130000+02:00,2026-10-03 14:37:00+02:00,2026-10-03 14:37:00+02:00,2026-10-03,14,Saturday,True,8.347833333333334
20261003_122833,2026-10-03 12:28:39.130000+00:00,Bern,local,ch:1:sloid:76646,"Bern, Bahnhof",ch:1:sloid:76646:0:25,2026-10-03,ch:1:sjyid:100626:plan:c82706d7-88e5-42bb-b104-916c9317747d,bus,Bus,19,19,60709,"Bern, Elfenau",Blinzern,K1,,2026-10-03 12:37:00+00:00,2026-10-03 12:37:06+00:00,,True,0.1,2026-10-03 14:28:39.130000+02:00,2026-10-03 14:37:00+02:00,2026-10-03 14:37:06+02:00,2026-10-03,14,Saturday,True,8.347833333333334
20261003_122833,2026-10-03 12:28:39.130000+00:00,Bern,local,ch:1:sloid:76646,"Bern, Bahnhof",ch:1:sloid:76646:0:39,2026-10-03,ch:1:sjyid:100626:plan:24bbc1d7-8c84-42f0-ab25-27b53be92bc4,tram,Tram,7,7,12972,"Bern, Bahnhof",Bümpliz,N,,2026-10-03 12:38:12+00:00,2026-10-03 12:38:12+00:00,,True,0.0,2026-10-03 14:28:39.130000+02:00,2026-10-03 14:38:12+02:00,2026-10-03 14:38:12+02:00,2026-10-03,14,Saturday,True,9.547833333333333
20261003_122833,2026-10-03 12:28:39.680000+00:00,Basel,local,ch:1:sloid:78143,"Basel, Bahnhof SBB",ch:1:sloid:78143:3:7,2026-10-03,ch:1:sjyid:100019:plan:80db7bba-364f-4feb-b20f-086144bf1ab7,bus,Bus,37,37,37244,"Basel, Bahnhof SBB",Münchenstein Bahnhof,K,,2026-10-03 12:27:00+00:00,2026-10-03 12:28:48+00:00,,True,1.8,2026-10-03 14:28:39.680000+02:00,2026-10-03 14:27:00+02:00,2026-10-03 14:28:48+02:00,2026-10-03,14,Saturday,True,-1.6613333333333336
20261003_122833,2026-10-03 12:28:39.680000+00:00,Basel,local,ch:1:sloid:78143,"Basel, Bahnhof SBB",ch:1:sloid:78143:1:34,2026-10-03,ch:1:sjyid:100019:plan:6aec1bdd-6499-4b84-b3b7-b26e82e53920,tram,Tram,10,10,10325,"Ettingen, Dorf",Dornach Bahnhof,G,,2026-10-03 12:28:00+00:00,2026-10-03 12:28:00+00:00,,True,0.0,2026-10-03 14:28:39.680000+02:00,2026-10-03 14:28:00+02:00,2026-10-03 14:28:00+02:00,2026-10-03,14,Saturday,True,-0.6613333333333333
20261003_122833,2026-10-03 12:28:39.680000+00:00,Basel,local,ch:1:sloid:78143,"Basel, Bahnhof SBB",ch:1:sloid:78143:3:3,2026-10-03,ch:1:sjyid:100622:plan:13914c50-9640-402e-82fb-5e1dc8486276,bus,Bus,30,30,30121,"Basel, Bahnhof SBB","Basel, Badischer Bahnhof",B,,2026-10-03 12:28:36+00:00,2026-10-03 12:28:36+00:00,,True,0.0,2026-10-03 14:28:39.680000+02:00,2026-10-03 14:28:36+02:00,2026-10-03 14:28:36+02:00,2026-10-03,14,Saturday,True,-0.06133333333333334
20261003_122833,2026-10-03 12:28:39.680000+00:00,Basel,local,ch:1:sloid:78143,"Basel, Bahnhof SBB",ch:1:sloid:78143:1:33,2026-10-03,ch:1:sjyid:100622:plan:8d604082-8e98-4997-93ac-b003f16dd5bc,tram,Tram,8,8,8143,"Basel, Neuweilerstrasse",Weil am Rhein (D) Bahnhof / Zentrum,F,,2026-10-03 12:30:18+00:00,2026-10-03 12:30:18+00:00,,True,0.0,2026-10-03 14:28:39.680000+02:00,2026-10-03 14:30:18+02:00,2026-10-03 14:30:18+02:00,2026-10-03,14,Saturday,True,1.6386666666666665
20261003_122833,2026-10-03 12:28:39.680000+00:00,Basel,local,ch:1:sloid:78143,"Basel, Bahnhof SBB",ch:1:sloid:78143:1:34,2026-10-03,ch:1:sjyid:100019:plan:b11f22b3-6746-4606-855c-832b6f113c9b,tram,Tram,11,11,38271,"Basel, St-Louis Grenze","Basel, Dreispitz",G,,2026-10-03 12:30:42+00:00,2026-10-03 12:31:18+00:00,,True,0.6,2026-10-03 14:28:39.680000+02:00,2026-10-03 14:30:42+02:00,2026-10-03 14:31:18+02:00,2026-10-03,14,Saturday,True,2.0386666666666664
20261003_122833,2026-10-03 12:28:39.680000+00:00,Basel,local,ch:1:sloid:78143,"Basel, Bahnhof SBB",ch:1:sloid:78143:1:32,2026-10-03,ch:1:sjyid:100622:plan:c3601b25-4e7b-4c87-95d4-a04bfcdc5b10,tram,Tram,2,2,2126,"Basel, Badischer Bahnhof","Binningen, Kronenplatz",E,,2026-10-03 12:32:06+00:00,2026-10-03 12:33:54+00:00,,True,1.8,2026-10-03 14:28:39.680000+02:00,2026-10-03 14:32:06+02:00,2026-10-03 14:33:54+02:00,2026-10-03,14,Saturday,True,3.4386666666666668
20261003_122833,2026-10-03 12:28:39.680000+00:00,Basel,local,ch:1:sloid:78143,"Basel, Bahnhof SBB",ch:1:sloid:78143:3:3,2026-10-03,ch:1:sjyid:100622:plan:76a76a10-afc9-4484-b34b-cbcf0250edc8,bus,Bus,50,50,50147,"Basel, Bahnhof SBB","Basel, EuroAirport",B,,2026-10-03 12:32:36+00:00,2026-10-03 12:36:06+00:00,,True,3.5,2026-10-03 14:28:39.680000+02:00,2026-10-03 14:32:36+02:00,2026-10-03 14:36:06+02:00,2026-10-03,14,Saturday,True,3.9386666666666668
20261003_122833,2026-10-03 12:28:39.680000+00:00,Basel,local,ch:1:sloid:78143,"Basel, Bahnhof SBB",ch:1:sloid:78143:3:5,2026-10-03,ch:1:sjyid:100622:plan:0faf0ab6-9d86-4ed7-9b03-710bded5e212,bus,Bus,48,48,48067,"Basel, Bahnhof SBB","Basel, Bachgraben",A,,2026-10-03 12:32:00+00:00,2026-10-03 12:32:00+00:00,,True,0.0,2026-10-03 14:28:39.680000+02:00,2026-10-03 14:32:00+02:00,2026-10-03 14:32:00+02:00,2026-10-03,14,Saturday,True,3.3386666666666667
20261003_122833,2026-10-03 12:28:39.680000+00:00,Basel,local,ch:1:sloid:78143,"Basel, Bahnhof SBB",ch:1:sloid:78143:1:35,2026-10-03,ch:1:sjyid:100019:plan:cd6e2b69-4790-4086-b347-18592dc4018f,tram,Tram,11,11,38288,"Basel, Dreispitz","Basel, Saint-Louis Grenze",H,,2026-10-03 12:33:00+00:00,2026-10-03 12:33:48+00:00,,True,0.8,2026-10-03 14:28:39.680000+02:00,2026-10-03 14:33:00+02:00,2026-10-03 14:33:48+02:00,2026-10-03,14,Saturday,True,4.338666666666667
20261003_122833,2026-10-03 12:28:39.680000+00:00,Basel,local,ch:1:sloid:78143,"Basel, Bahnhof SBB",ch:1:sloid:78143:1:32,2026-10-03,ch:1:sjyid:100622:plan:d48094ef-ecef-41c5-8da9-964070109073,tram,Tram,8,8,8130,"Basel, Kleinhüningen","Basel, Neuweilerstrasse",E,,2026-10-03 12:33:18+00:00,2026-10-03 12:34:06+00:00,,True,0.8,2026-10-03 14:28:39.680000+02:00,2026-10-03 14:33:18+02:00,2026-10-03 14:34:06+02:00,2026-10-03,14,Saturday,True,4.6386666666666665
20261003_122833,2026-10-03 12:28:39.680000+00:00,Basel,local,ch:1:sloid:78143,"Basel, Bahnhof SBB",ch:1:sloid:78143:1:33,2026-10-03,ch:1:sjyid:100622:plan:8a0e6eb8-5a69-425b-97e3-718db40b3b57,tram,Tram,2,2,2129,"Binningen, Kronenplatz","Basel, Badischer Bahnhof",F,,2026-10-03 12:33:00+00:00,2026-10-03 12:33:24+00:00,,True,0.4,2026-10-03 14:28:39.680000+02:00,2026-10-03 14:33:00+02:00,2026-10-03 14:33:24+02:00,2026-10-03,14,Saturday,True,4.338666666666667
20261003_122833,2026-10-03 12:28:39.680000+00:00,Basel,local,ch:1:sloid:78143,"Basel, Bahnhof SBB",ch:1:sloid:78143:1:35,2026-10-03,ch:1:sjyid:100019:plan:873c0e01-9e6f-4836-82a6-1f6ab8032d33,tram,Tram,10,10,10264,"Dornach, Bahnhof","Rodersdorf, Station",H,,2026-10-03 12:35:00+00:00,2026-10-03 12:37:36+00:00,,True,2.6,2026-10-03 14:28:39.680000+02:00,2026-10-03 14:35:00+02:00,2026-10-03 14:37:36+02:00,2026-10-03,14,Saturday,True,6.338666666666667
20261003_122833,2026-10-03 12:28:39.680000+00:00,Basel,local,ch:1:sloid:78143,"Basel, Bahnhof SBB",ch:1:sloid:78143:1:31,2026-10-03,ch:1:sjyid:100622:plan:99d1f1f6-92b3-4018-9baf-194498556e51,tram,Tram,1,1,1138,"Basel, Bahnhof SBB","Basel, Dreirosenbrücke",D,,2026-10-03 12:35:18+00:00,2026-10-03 12:35:18+00:00,,True,0.0,2026-10-03 14:28:39.680000+02:00,2026-10-03 14:35:18+02:00,2026-10-03 14:35:18+02:00,2026-10-03,14,Saturday,True,6.6386666666666665
20261003_122833,2026-10-03 12:28:39.680000+00:00,Basel,local,ch:1:sloid:78143,"Basel, Bahnhof SBB",ch:1:sloid:78143:1:34,2026-10-03,ch:1:sjyid:100019:plan:77955362-f8a3-4758-85a0-0eddd04ad3c4,tram,Tram,10,10,10327,"Flüh, Station",Dornach Bahnhof,G,,2026-10-03 12:35:00+00:00,2026-10-03 12:36:48+00:00,,True,1.8,2026-10-03 14:28:39.680000+02:00,2026-10-03 14:35:00+02:00,2026-10-03 14:36:48+02:00,2026-10-03,14,Saturday,True,6.338666666666667
20261003_122833,2026-10-03 12:28:39.680000+00:00,Basel,local,ch:1:sloid:78143,"Basel, Bahnhof SBB",ch:1:sloid:78143:3:3,2026-10-03,ch:1:sjyid:100622:plan:9cc25e4f-4627-4d8c-9faf-95bf94d679aa,bus,Bus,30,30,30123,"Basel, Bahnhof SBB","Basel, Badischer Bahnhof",B,,2026-10-03 12:36:06+00:00,2026-10-03 12:36:06+00:00,,True,0.0,2026-10-03 14:28:39.680000+02:00,2026-10-03 14:36:06+02:00,2026-10-03 14:36:06+02:00,2026-10-03,14,Saturday,True,7.438666666666666
20261003_122833,2026-10-03 12:28:39.680000+00:00,Basel,local,ch:1:sloid:78143,"Basel, Bahnhof SBB",ch:1:sloid:78143:1:33,2026-10-03,ch:1:sjyid:100622:plan:de8d69c7-ff09-46b7-a728-259d75374db2,tram,Tram,8,8,8145,"Basel, Neuweilerstrasse",Weil am Rhein (D) Bahnhof / Zentrum,F,,2026-10-03 12:37:48+00:00,2026-10-03 12:37:54+00:00,,True,0.1,2026-10-03 14:28:39.680000+02:00,2026-10-03 14:37:48+02:00,2026-10-03 14:37:54+02:00,2026-10-03,14,Saturday,True,9.138666666666667
20261003_122833,2026-10-03 12:28:39.680000+00:00,Basel,local,ch:1:sloid:78143,"Basel, Bahnhof SBB",ch:1:sloid:78143:1:34,2026-10-03,ch:1:sjyid:100019:plan:3561d84b-c51d-45b4-bab9-fd6cd6ed1cc6,tram,Tram,11,11,38275,"Basel, St-Louis Grenze","Basel, Dreispitz",G,,2026-10-03 12:38:12+00:00,2026-10-03 12:38:54+00:00,,True,0.7,2026-10-03 14:28:39.680000+02:00,2026-10-03 14:38:12+02:00,2026-10-03 14:38:54+02:00,2026-10-03,14,Saturday,True,9.538666666666668
20261003_122833,2026-10-03 12:28:39.680000+00:00,Basel,local,ch:1:sloid:78143,"Basel, Bahnhof SBB",ch:1:sloid:78143:1:32,2026-10-03,ch:1:sjyid:100622:plan:4bc4ddc7-94d5-4099-91a4-9f9bf79952bb,tram,Tram,2,2,2128,"Basel, Badischer Bahnhof","Binningen, Kronenplatz",E,,2026-10-03 12:39:36+00:00,2026-10-03 12:39:36+00:00,,True,0.0,2026-10-03 14:28:39.680000+02:00,2026-10-03 14:39:36+02:00,2026-10-03 14:39:36+02:00,2026-10-03,14,Saturday,True,10.938666666666668
20261003_122833,2026-10-03 12:28:39.680000+00:00,Basel,local,ch:1:sloid:78143,"Basel, Bahnhof SBB",ch:1:sloid:78143:1:32,2026-10-03,ch:1:sjyid:100622:plan:4db2155b-eda5-43c4-9989-03cc5114fd07,tram,Tram,8,8,8128,"Weil am Rhein, Bahnhof/Zentrum","Basel, Neuweilerstrasse",E,,2026-10-03 12:41:18+00:00,2026-10-03 12:41:18+00:00,,True,0.0,2026-10-03 14:28:39.680000+02:00,2026-10-03 14:41:18+02:00,2026-10-03 14:41:18+02:00,2026-10-03,14,Saturday,True,12.638666666666667
20261003_122833,2026-10-03 12:28:39.680000+00:00,Basel,local,ch:1:sloid:78143,"Basel, Bahnhof SBB",ch:1:sloid:78143:1:33,2026-10-03,ch:1:sjyid:100622:plan:f45bdae8-06b8-45b6-bf7b-2d34b0929972,tram,Tram,2,2,2131,"Binningen, Kronenplatz","Basel, Badischer Bahnhof",F,,2026-10-03 12:40:30+00:00,2026-10-03 12:40:30+00:00,,True,0.0,2026-10-03 14:28:39.680000+02:00,2026-10-03 14:40:30+02:00,2026-10-03 14:40:30+02:00,2026-10-03,14,Saturday,True,11.838666666666667
20261003_122833,2026-10-03 12:28:39.680000+00:00,Basel,local,ch:1:sloid:78143,"Basel, Bahnhof SBB",ch:1:sloid:78143:3:3,2026-10-03,ch:1:sjyid:100622:plan:ff861454-13cb-460d-bc6c-7649c00c51df,bus,Bus,50,50,50149,"Basel, Bahnhof SBB","Basel, EuroAirport",B,,2026-10-03 12:40:06+00:00,2026-10-03 12:40:06+00:00,,True,0.0,2026-10-03 14:28:39.680000+02:00,2026-10-03 14:40:06+02:00,2026-10-03 14:40:06+02:00,2026-10-03,14,Saturday,True,11.438666666666668
20261003_122833,2026-10-03 12:28:39.680000+00:00,Basel,local,ch:1:sloid:78143,"Basel, Bahnhof SBB",ch:1:sloid:78143:1:35,2026-10-03,ch:1:sjyid:100019:plan:b8c50e04-3354-4042-ab9b-19851f8165fb,tram,Tram,10,10,10268,"Dornach, Bahnhof","Ettingen, Dorf",H,,2026-10-03 12:42:00+00:00,2026-10-03 12:44:48+00:00,,True,2.8,2026-10-03 14:28:39.680000+02:00,2026-10-03 14:42:00+02:00,2026-10-03 14:44:48+02:00,2026-10-03,14,Saturday,True,13.338666666666667
20261003_122833,2026-10-03 12:28:39.680000+00:00,Basel,local,ch:1:sloid:78143,"Basel, Bahnhof SBB",ch:1:sloid:78143:1:31,2026-10-03,ch:1:sjyid:100622:plan:c6568635-64c1-4b4d-84bd-f104122fd64d,tram,Tram,1,1,1140,"Basel, Bahnhof SBB","Basel, Dreirosenbrücke",D,,2026-10-03 12:42:48+00:00,2026-10-03 12:42:48+00:00,,True,0.0,2026-10-03 14:28:39.680000+02:00,2026-10-03 14:42:48+02:00,2026-10-03 14:42:48+02:00,2026-10-03,14,Saturday,True,14.138666666666667
20261003_122833,2026-10-03 12:28:39.680000+00:00,Basel,local,ch:1:sloid:78143,"Basel, Bahnhof SBB",ch:1:sloid:78143:3:7,2026-10-03,ch:1:sjyid:100019:plan:e446caef-81f4-4c37-98bf-d6e60336fc03,bus,Bus,37,37,37246,"Basel, Bahnhof SBB",Münchenstein Bahnhof,K,,2026-10-03 12:42:00+00:00,2026-10-03 12:42:00+00:00,,True,0.0,2026-10-03 14:28:39.680000+02:00,2026-10-03 14:42:00+02:00,2026-10-03 14:42:00+02:00,2026-10-03,14,Saturday,True,13.338666666666667
20261003_122833,2026-10-03 12:28:39.680000+00:00,Basel,local,ch:1:sloid:78143,"Basel, Bahnhof SBB",ch:1:sloid:78143:1:34,2026-10-03,ch:1:sjyid:100019:plan:d62372df-62fa-4bc1-bce2-aaa582eef5ce,tram,Tram,10,10,10335,"Ettingen, Dorf",Dornach Bahnhof,G,,2026-10-03 12:43:00+00:00,2026-10-03 12:42:54+00:00,,True,-0.1,2026-10-03 14:28:39.680000+02:00,2026-10-03 14:43:00+02:00,2026-10-03 14:42:54+02:00,2026-10-03,14,Saturday,True,14.338666666666667
20261003_122833,2026-10-03 12:28:39.680000+00:00,Basel,local,ch:1:sloid:78143,"Basel, Bahnhof SBB",ch:1:sloid:78143:3:3,2026-10-03,ch:1:sjyid:100622:plan:1070aa6d-55ed-4d81-8779-b852d85ed561,bus,Bus,30,30,30125,"Basel, Bahnhof SBB","Basel, Badischer Bahnhof",B,,2026-10-03 12:43:36+00:00,,,False,,2026-10-03 14:28:39.680000+02:00,2026-10-03 14:43:36+02:00,,2026-10-03,14,Saturday,True,14.938666666666668
20261003_122833,2026-10-03 12:28:39.680000+00:00,Basel,local,ch:1:sloid:78143,"Basel, Bahnhof SBB",ch:1:sloid:78143:1:33,2026-10-03,ch:1:sjyid:100622:plan:98d74ba5-bb79-4d57-8d24-7b79ab7797ec,tram,Tram,8,8,8147,"Basel, Neuweilerstrasse",Weil am Rhein (D) Bahnhof / Zentrum,F,,2026-10-03 12:45:18+00:00,2026-10-03 12:45:18+00:00,,True,0.0,2026-10-03 14:28:39.680000+02:00,2026-10-03 14:45:18+02:00,2026-10-03 14:45:18+02:00,2026-10-03,14,Saturday,True,16.63866666666667
20261003_122833,2026-10-03 12:28:39.680000+00:00,Basel,local,ch:1:sloid:78143,"Basel, Bahnhof SBB",ch:1:sloid:78143:1:34,2026-10-03,ch:1:sjyid:100019:plan:a93e7c4c-76e3-4c1e-b684-af783478c02f,tram,Tram,11,11,38277,"Basel, St-Louis Grenze","Basel, Dreispitz",G,,2026-10-03 12:45:42+00:00,2026-10-03 12:45:42+00:00,,True,0.0,2026-10-03 14:28:39.680000+02:00,2026-10-03 14:45:42+02:00,2026-10-03 14:45:42+02:00,2026-10-03,14,Saturday,True,17.038666666666668
20261003_122833,2026-10-03 12:28:39.680000+00:00,Basel,local,ch:1:sloid:78143,"Basel, Bahnhof SBB",ch:1:sloid:78143:1:32,2026-10-03,ch:1:sjyid:100622:plan:a5e42e0e-2da1-4823-9f68-1e9887c066a2,tram,Tram,2,2,2130,"Basel, Badischer Bahnhof","Binningen, Kronenplatz",E,,2026-10-03 12:47:06+00:00,2026-10-03 12:47:06+00:00,,True,0.0,2026-10-03 14:28:39.680000+02:00,2026-10-03 14:47:06+02:00,2026-10-03 14:47:06+02:00,2026-10-03,14,Saturday,True,18.438666666666666
20261003_122833,2026-10-03 12:28:40.208000+00:00,Luzern,local,ch:1:sloid:8450,"Luzern, Bahnhof",ch:1:sloid:8450::1,2026-10-03,ch:1:sjyid:100619:plan:f154f445-bacb-42d3-a314-41ca02defa27,bus,Bus,6,6,21757,"Luzern, Büttenenhalde",Matthof,A,,2026-10-03 12:21:00+00:00,2026-10-03 12:28:24+00:00,,True,7.4,2026-10-03 14:28:40.208000+02:00,2026-10-03 14:21:00+02:00,2026-10-03 14:28:24+02:00,2026-10-03,14,Saturday,True,-7.670133333333334
20261003_122833,2026-10-03 12:28:40.208000+00:00,Luzern,local,ch:1:sloid:8450,"Luzern, Bahnhof",ch:1:sloid:8450::2,2026-10-03,ch:1:sjyid:100619:plan:22b939f5-d2d8-490e-90f3-1c7606815827,bus,Bus,6,6,21764,"Luzern, Matthof",Büttenenhalde,B,,2026-10-03 12:28:00+00:00,2026-10-03 12:30:18+00:00,,True,2.3,2026-10-03 14:28:40.208000+02:00,2026-10-03 14:28:00+02:00,2026-10-03 14:30:18+02:00,2026-10-03,14,Saturday,True,-0.6701333333333334
20261003_122833,2026-10-03 12:28:40.208000+00:00,Luzern,local,ch:1:sloid:8450,"Luzern, Bahnhof",ch:1:sloid:8450::1,2026-10-03,ch:1:sjyid:100619:plan:ba77564b-b682-48da-811a-1ef53b300c8d,bus,Bus,7,7,25229,"Luzern, Unterlöchli",Horw Biregghof,A,,2026-10-03 12:28:00+00:00,2026-10-03 12:28:00+00:00,,True,0.0,2026-10-03 14:28:40.208000+02:00,2026-10-03 14:28:00+02:00,2026-10-03 14:28:00+02:00,2026-10-03,14,Saturday,True,-0.6701333333333334
20261003_122833,2026-10-03 12:28:40.208000+00:00,Luzern,local,ch:1:sloid:8450,"Luzern, Bahnhof",ch:1:sloid:8450::21,2026-10-03,ch:1:sjyid:100602:470bba78-56c4-4bf5-b3b4-24d2648439f3,bus,Bus,72,72,72037,"Luzern, Bahnhof",Neuenkirch,P,,2026-10-03 12:30:00+00:00,2026-10-03 12:30:00+00:00,,True,0.0,2026-10-03 14:28:40.208000+02:00,2026-10-03 14:30:00+02:00,2026-10-03 14:30:00+02:00,2026-10-03,14,Saturday,True,1.3298666666666668
20261003_122833,2026-10-03 12:28:40.208000+00:00,Luzern,local,ch:1:sloid:8450,"Luzern, Bahnhof",ch:1:sloid:8450::2,2026-10-03,ch:1:sjyid:100619:plan:d67f450e-7d7a-47ae-b04e-0913c45f99f7,bus,Bus,7,7,25226,"Horw, Biregghof",Unterlöchli,B,,2026-10-03 12:30:00+00:00,2026-10-03 12:32:12+00:00,,True,2.2,2026-10-03 14:28:40.208000+02:00,2026-10-03 14:30:00+02:00,2026-10-03 14:32:12+02:00,2026-10-03,14,Saturday,True,1.3298666666666668
20261003_122833,2026-10-03 12:28:40.208000+00:00,Luzern,local,ch:1:sloid:8450,"Luzern, Bahnhof",ch:1:sloid:8450::2,2026-10-03,ch:1:sjyid:100619:plan:c54dc95f-053e-4da1-b5e9-c40865440caf,bus,Bus,14,14,38900,"Horw, Zentrum",Brüelstrasse,B,,2026-10-03 12:30:06+00:00,2026-10-03 12:32:48+00:00,,True,2.7,2026-10-03 14:28:40.208000+02:00,2026-10-03 14:30:06+02:00,2026-10-03 14:32:48+02:00,2026-10-03,14,Saturday,True,1.4298666666666666
20261003_122833,2026-10-03 12:28:40.208000+00:00,Luzern,local,ch:1:sloid:8450,"Luzern, Bahnhof",ch:1:sloid:8450::16,2026-10-03,ch:1:sjyid:100619:plan:c6e21e45-b29e-49e2-bf70-3fa19f438c57,bus,Bus,4,4,14937,"Luzern, Bahnhof",Hubelmatt,V,,2026-10-03 12:30:00+00:00,2026-10-03 12:30:00+00:00,,True,0.0,2026-10-03 14:28:40.208000+02:00,2026-10-03 14:30:00+02:00,2026-10-03 14:30:00+02:00,2026-10-03,14,Saturday,True,1.3298666666666668
20261003_122833,2026-10-03 12:28:40.208000+00:00,Luzern,local,ch:1:sloid:8450,"Luzern, Bahnhof",ch:1:sloid:8450::17,2026-10-03,ch:1:sjyid:100619:plan:a5ea18ee-433a-4eeb-8bfe-9da113081e7e,bus,Bus,10,10,32517,"Luzern, Bahnhof",Obergütsch,W,,2026-10-03 12:30:00+00:00,2026-10-03 12:30:00+00:00,,True,0.0,2026-10-03 14:28:40.208000+02:00,2026-10-03 14:30:00+02:00,2026-10-03 14:30:00+02:00,2026-10-03,14,Saturday,True,1.3298666666666668
20261003_122833,2026-10-03 12:28:40.208000+00:00,Luzern,local,ch:1:sloid:8450,"Luzern, Bahnhof",ch:1:sloid:8450::10,2026-10-03,ch:1:sjyid:100619:plan:6f45ecf7-4cce-447a-97e7-ccdace632286,bus,Bus,20,20,48721,"Luzern, Bahnhof",Horw Technikumstrasse,J,,2026-10-03 12:30:00+00:00,2026-10-03 12:30:00+00:00,,True,0.0,2026-10-03 14:28:40.208000+02:00,2026-10-03 14:30:00+02:00,2026-10-03 14:30:00+02:00,2026-10-03,14,Saturday,True,1.3298666666666668
20261003_122833,2026-10-03 12:28:40.208000+00:00,Luzern,local,ch:1:sloid:8450,"Luzern, Bahnhof",ch:1:sloid:8450::14,2026-10-03,ch:1:sjyid:100619:plan:729e5754-5821-4f4f-9e20-650532576184,bus,Bus,21,21,53225,"Luzern, Bahnhof",Kriens Busschleife,Q,,2026-10-03 12:30:00+00:00,2026-10-03 12:32:00+00:00,,True,2.0,2026-10-03 14:28:40.208000+02:00,2026-10-03 14:30:00+02:00,2026-10-03 14:32:00+02:00,2026-10-03,14,Saturday,True,1.3298666666666668
20261003_122833,2026-10-03 12:28:40.208000+00:00,Luzern,local,ch:1:sloid:8450,"Luzern, Bahnhof",ch:1:sloid:8450::13,2026-10-03,ch:1:sjyid:100618:plan:fc7cbc16-5bb9-4998-b948-474729f878b2,bus,Bus,61,61,142,"Luzern, Bahnhof",Ettiswil,T,,2026-10-03 12:31:00+00:00,2026-10-03 12:31:00+00:00,,True,0.0,2026-10-03 14:28:40.208000+02:00,2026-10-03 14:31:00+02:00,2026-10-03 14:31:00+02:00,2026-10-03,14,Saturday,True,2.3298666666666668
20261003_122833,2026-10-03 12:28:40.208000+00:00,Luzern,local,ch:1:sloid:8450,"Luzern, Bahnhof",ch:1:sloid:8450::12,2026-10-03,ch:1:sjyid:100619:plan:960fbc0e-0ff7-4879-895d-007294513e0b,bus,Bus,24,24,59794,"Luzern, Bahnhof",Meggen Tschädigen,S,,2026-10-03 12:31:00+00:00,2026-10-03 12:31:00+00:00,,True,0.0,2026-10-03 14:28:40.208000+02:00,2026-10-03 14:31:00+02:00,2026-10-03 14:31:00+02:00,2026-10-03,14,Saturday,True,2.3298666666666668
20261003_122833,2026-10-03 12:28:40.208000+00:00,Luzern,local,ch:1:sloid:8450,"Luzern, Bahnhof",ch:1:sloid:8450::1,2026-10-03,ch:1:sjyid:100619:plan:aa59bbb3-86d6-43e5-b3af-8276cdf57ef3,bus,Bus,1,1,3069,"Ebikon, Fildern",Obernau Dorf,A,,2026-10-03 12:31:00+00:00,2026-10-03 12:32:42+00:00,,True,1.7,2026-10-03 14:28:40.208000+02:00,2026-10-03 14:31:00+02:00,2026-10-03 14:32:42+02:00,2026-10-03,14,Saturday,True,2.3298666666666668
20261003_122833,2026-10-03 12:28:40.208000+00:00,Luzern,local,ch:1:sloid:8450,"Luzern, Bahnhof",ch:1:sloid:8450::20,2026-10-03,ch:1:sjyid:100619:plan:0c9a5d71-7b3b-4a96-abf0-6e3a7ee664f1,bus,Bus,12,12,84569,"Luzern, Bahnhof",Gasshof,M,,2026-10-03 12:31:00+00:00,2026-10-03 12:31:00+00:00,,True,0.0,2026-10-03 14:28:40.208000+02:00,2026-10-03 14:31:00+02:00,2026-10-03 14:31:00+02:00,2026-10-03,14,Saturday,True,2.3298666666666668
20261003_122833,2026-10-03 12:28:40.208000+00:00,Luzern,local,ch:1:sloid:8450,"Luzern, Bahnhof",ch:1:sloid:8450::2,2026-10-03,ch:1:sjyid:100619:plan:b2fc0308-432a-4b99-818f-457c0d4e575a,bus,Bus,1,1,3716,"Obernau, Dorf",Ebikon Fildern,B,,2026-10-03 12:32:42+00:00,2026-10-03 12:32:42+00:00,,True,0.0,2026-10-03 14:28:40.208000+02:00,2026-10-03 14:32:42+02:00,2026-10-03 14:32:42+02:00,2026-10-03,14,Saturday,True,4.029866666666667
20261003_122833,2026-10-03 12:28:40.208000+00:00,Luzern,local,ch:1:sloid:8450,"Luzern, Bahnhof",ch:1:sloid:8450::1,2026-10-03,ch:1:sjyid:100619:plan:edb8fded-a45b-4d3d-8752-c5a7e0568f5e,bus,Bus,14,14,38697,"Luzern, Brüelstrasse",Horw Zentrum,A,,2026-10-03 12:32:00+00:00,2026-10-03 12:34:42+00:00,,True,2.7,2026-10-03 14:28:40.208000+02:00,2026-10-03 14:32:00+02:00,2026-10-03 14:34:42+02:00,2026-10-03,14,Saturday,True,3.3298666666666668
20261003_122833,2026-10-03 12:28:40.208000+00:00,Luzern,local,ch:1:sloid:8450,"Luzern, Bahnhof",ch:1:sloid:8450::23,2026-10-03,ch:1:sjyid:100619:plan:a509473b-1fdd-4728-85eb-ef76b4ad67d2,bus,Bus,2,2,9677,"Luzern, Bahnhof",E'brücke Sprengi,Y,,2026-10-03 12:33:00+00:00,2026-10-03 12:35:24+00:00,,True,2.4,2026-10-03 14:28:40.208000+02:00,2026-10-03 14:33:00+02:00,2026-10-03 14:35:24+02:00,2026-10-03,14,Saturday,True,4.329866666666666
20261003_122833,2026-10-03 12:28:40.208000+00:00,Luzern,local,ch:1:sloid:8450,"Luzern, Bahnhof",ch:1:sloid:8450::1,2026-10-03,ch:1:sjyid:100619:plan:b7a1c4e9-5756-4109-9d98-10a9955f37a5,bus,Bus,6,6,21779,"Luzern, Büttenenhalde",Matthof,A,,2026-10-03 12:34:00+00:00,2026-10-03 12:34:18+00:00,,True,0.3,2026-10-03 14:28:40.208000+02:00,2026-10-03 14:34:00+02:00,2026-10-03 14:34:18+02:00,2026-10-03,14,Saturday,True,5.329866666666666
20261003_122833,2026-10-03 12:28:40.208000+00:00,Luzern,local,ch:1:sloid:8450,"Luzern, Bahnhof",ch:1:sloid:8450::19,2026-10-03,ch:1:sjyid:100611:plan:052500005262015,bus,Bus,52,52,52028,"Luzern, Bahnhof",Rickenbach LU Dorf,L,,2026-10-03 12:35:00+00:00,2026-10-03 12:35:00+00:00,,True,0.0,2026-10-03 14:28:40.208000+02:00,2026-10-03 14:35:00+02:00,2026-10-03 14:35:00+02:00,2026-10-03,14,Saturday,True,6.329866666666666
20261003_122833,2026-10-03 12:28:40.208000+00:00,Luzern,local,ch:1:sloid:8450,"Luzern, Bahnhof",ch:1:sloid:8450::11,2026-10-03,ch:1:sjyid:100619:plan:c52ef4dd-1a0d-457f-8673-d500d6c7f697,bus,Bus,19,19,45582,"Luzern, Bahnhof",Friedental,R,,2026-10-03 12:35:00+00:00,2026-10-03 12:35:00+00:00,,True,0.0,2026-10-03 14:28:40.208000+02:00,2026-10-03 14:35:00+02:00,2026-10-03 14:35:00+02:00,2026-10-03,14,Saturday,True,6.329866666666666
20261003_122833,2026-10-03 12:28:40.208000+00:00,Luzern,local,ch:1:sloid:8450,"Luzern, Bahnhof",ch:1:sloid:8450::2,2026-10-03,ch:1:sjyid:100619:plan:adeeb489-e36b-4b69-b48a-deb777b2ce97,bus,Bus,8,8,28952,"Luzern, Hirtenhof",Würzenbach,B,,2026-10-03 12:36:00+00:00,2026-10-03 12:38:12+00:00,,True,2.2,2026-10-03 14:28:40.208000+02:00,2026-10-03 14:36:00+02:00,2026-10-03 14:38:12+02:00,2026-10-03,14,Saturday,True,7.329866666666666
20261003_122833,2026-10-03 12:28:40.208000+00:00,Luzern,local,ch:1:sloid:8450,"Luzern, Bahnhof",ch:1:sloid:8450::15,2026-10-03,ch:1:sjyid:100602:1d651e88-330a-44eb-a7e3-160717c9e221,bus,Bus,73,73,73117,"Luzern, Bahnhof",Rotkreuz,U,,2026-10-03 12:37:00+00:00,,,False,,2026-10-03 14:28:40.208000+02:00,2026-10-03 14:37:00+02:00,,2026-10-03,14,Saturday,True,8.329866666666666
20261003_122833,2026-10-03 12:28:40.208000+00:00,Luzern,local,ch:1:sloid:8450,"Luzern, Bahnhof",ch:1:sloid:8450::1,2026-10-03,ch:1:sjyid:100619:plan:7073e0f5-4547-488d-9b41-8d199897deeb,bus,Bus,7,7,25259,"Luzern, Unterlöchli",Horw Biregghof,A,,2026-10-03 12:38:00+00:00,2026-10-03 12:38:00+00:00,,True,0.0,2026-10-03 14:28:40.208000+02:00,2026-10-03 14:38:00+02:00,2026-10-03 14:38:00+02:00,2026-10-03,14,Saturday,True,9.329866666666668
20261003_122833,2026-10-03 12:28:40.208000+00:00,Luzern,local,ch:1:sloid:8450,"Luzern, Bahnhof",ch:1:sloid:8450::1,2026-10-03,ch:1:sjyid:100619:plan:30ff448f-67a9-4ea0-adc7-0158f4a80022,bus,Bus,1,1,3105,"Ebikon, Fildern",Obernau Dorf,A,,2026-10-03 12:39:00+00:00,2026-10-03 12:39:42+00:00,,True,0.7,2026-10-03 14:28:40.208000+02:00,2026-10-03 14:39:00+02:00,2026-10-03 14:39:42+02:00,2026-10-03,14,Saturday,True,10.329866666666668
20261003_122833,2026-10-03 12:28:40.208000+00:00,Luzern,local,ch:1:sloid:8450,"Luzern, Bahnhof",ch:1:sloid:8450,2026-10-03,ch:1:sjyid:100602:776a7541-7946-4d6e-9a5c-41528f8bb0c1,bus,Bus,71,71,671615,"Luzern, Bahnhof",Eigenthal,,,2026-10-03 12:40:00+00:00,2026-10-03 12:40:00+00:00,,True,0.0,2026-10-03 14:28:40.208000+02:00,2026-10-03 14:40:00+02:00,2026-10-03 14:40:00+02:00,2026-10-03,14,Saturday,True,11.329866666666668
20261003_122833,2026-10-03 12:28:40.208000+00:00,Luzern,local,ch:1:sloid:8450,"Luzern, Bahnhof",ch:1:sloid:8450::2,2026-10-03,ch:1:sjyid:100619:plan:b8ec7a03-2bce-4a1d-a5bf-a75f15a7b444,bus,Bus,1,1,3760,"Obernau, Dorf",Ebikon Fildern,B,,2026-10-03 12:40:42+00:00,2026-10-03 12:40:24+00:00,,True,-0.3,2026-10-03 14:28:40.208000+02:00,2026-10-03 14:40:42+02:00,2026-10-03 14:40:24+02:00,2026-10-03,14,Saturday,True,12.029866666666667
20261003_122833,2026-10-03 12:28:40.208000+00:00,Luzern,local,ch:1:sloid:8450,"Luzern, Bahnhof",ch:1:sloid:8450::2,2026-10-03,ch:1:sjyid:100619:plan:6ad831f8-c21c-4407-8978-73457080132e,bus,Bus,7,7,25254,"Horw, Biregghof",Unterlöchli,B,,2026-10-03 12:40:00+00:00,2026-10-03 12:39:48+00:00,,True,-0.2,2026-10-03 14:28:40.208000+02:00,2026-10-03 14:40:00+02:00,2026-10-03 14:39:48+02:00,2026-10-03,14,Saturday,True,11.329866666666668
20261003_122833,2026-10-03 12:28:40.208000+00:00,Luzern,local,ch:1:sloid:8450,"Luzern, Bahnhof",ch:1:sloid:8450::23,2026-10-03,ch:1:sjyid:100619:plan:e86814c7-af89-40f7-823d-e108e0c9b1ee,bus,Bus,2,2,9705,"Luzern, Bahnhof",E'brücke Sprengi,Y,,2026-10-03 12:40:00+00:00,2026-10-03 12:40:00+00:00,,True,0.0,2026-10-03 14:28:40.208000+02:00,2026-10-03 14:40:00+02:00,2026-10-03 14:40:00+02:00,2026-10-03,14,Saturday,True,11.329866666666668
20261003_122833,2026-10-03 12:28:40.208000+00:00,Luzern,local,ch:1:sloid:8450,"Luzern, Bahnhof",ch:1:sloid:8450::16,2026-10-03,ch:1:sjyid:100619:plan:da7bd921-f3ff-48e0-8566-4b734200d6aa,bus,Bus,4,4,14951,"Luzern, Bahnhof",Hubelmatt,V,,2026-10-03 12:40:00+00:00,2026-10-03 12:40:00+00:00,,True,0.0,2026-10-03 14:28:40.208000+02:00,2026-10-03 14:40:00+02:00,2026-10-03 14:40:00+02:00,2026-10-03,14,Saturday,True,11.329866666666668
20261003_122833,2026-10-03 12:28:40.208000+00:00,Luzern,local,ch:1:sloid:8450,"Luzern, Bahnhof",ch:1:sloid:8450::1,2026-10-03,ch:1:sjyid:100619:plan:80994ff1-88be-4c7f-a721-041c89b2ed9a,bus,Bus,8,8,29111,"Luzern, Würzenbach",Hirtenhof,A,,2026-10-03 12:41:00+00:00,2026-10-03 12:41:12+00:00,,True,0.2,2026-10-03 14:28:40.208000+02:00,2026-10-03 14:41:00+02:00,2026-10-03 14:41:12+02:00,2026-10-03,14,Saturday,True,12.329866666666668
20261003_122833,2026-10-03 12:28:40.734000+00:00,St. Gallen,local,ch:1:sloid:74095,"St. Gallen, Bahnhof",ch:1:sloid:74095:0:541287,2026-10-03,ch:1:sjyid:100684:SKI-6317,bus,Bus,6,6,6317,"St. Gallen, Heiligkreuz",Bach St.Georgen,H,,2026-10-03 12:28:00+00:00,2026-10-03 12:28:54+00:00,,True,0.9,2026-10-03 14:28:40.734000+02:00,2026-10-03 14:28:00+02:00,2026-10-03 14:28:54+02:00,2026-10-03,14,Saturday,True,-0.6789000000000001
20261003_122833,2026-10-03 12:28:40.734000+00:00,St. Gallen,local,ch:1:sloid:74095,"St. Gallen, Bahnhof",ch:1:sloid:74095:0:894224,2026-10-03,ch:1:sjyid:100695:2d044420-0710-4bfa-ab6e-765f788c30a8,bus,Bus,151,151,51139,"Gossau SG, Bahnhof",St.Gallen Spisertor,E,,2026-10-03 12:28:00+00:00,2026-10-03 12:31:00+00:00,,True,3.0,2026-10-03 14:28:40.734000+02:00,2026-10-03 14:28:00+02:00,2026-10-03 14:31:00+02:00,2026-10-03,14,Saturday,True,-0.6789000000000001
20261003_122833,2026-10-03 12:28:40.734000+00:00,St. Gallen,local,ch:1:sloid:74095,"St. Gallen, Bahnhof",ch:1:sloid:74095:0:894224,2026-10-03,ch:1:sjyid:100684:SKI-6294,bus,Bus,6,6,6294,"St. Gallen, Bach St. Georgen",Heiligkreuz,E,,2026-10-03 12:28:00+00:00,2026-10-03 12:30:06+00:00,,True,2.1,2026-10-03 14:28:40.734000+02:00,2026-10-03 14:28:00+02:00,2026-10-03 14:30:06+02:00,2026-10-03,14,Saturday,True,-0.6789000000000001
20261003_122833,2026-10-03 12:28:40.734000+00:00,St. Gallen,local,ch:1:sloid:74095,"St. Gallen, Bahnhof",ch:1:sloid:74095:0:888081,2026-10-03,ch:1:sjyid:100684:SKI-4177,bus,Bus,4,4,4177,"Wittenbach, Bahnhof","Abtwil SG, Säntispark",F,,2026-10-03 12:29:00+00:00,2026-10-03 12:30:18+00:00,,True,1.3,2026-10-03 14:28:40.734000+02:00,2026-10-03 14:29:00+02:00,2026-10-03 14:30:18+02:00,2026-10-03,14,Saturday,True,0.3211
20261003_122833,2026-10-03 12:28:40.734000+00:00,St. Gallen,local,ch:1:sloid:74095,"St. Gallen, Bahnhof",ch:1:sloid:74095:0:989159,2026-10-03,ch:1:sjyid:100684:SKI-2303,bus,Bus,2,2,2303,"St. Gallen, Guggeien",Wolfganghof,A,,2026-10-03 12:30:00+00:00,2026-10-03 12:30:48+00:00,,True,0.8,2026-10-03 14:28:40.734000+02:00,2026-10-03 14:30:00+02:00,2026-10-03 14:30:48+02:00,2026-10-03,14,Saturday,True,1.3211000000000002
20261003_122833,2026-10-03 12:28:40.734000+00:00,St. Gallen,local,ch:1:sloid:74095,"St. Gallen, Bahnhof",ch:1:sloid:74095:0:541287,2026-10-03,ch:1:sjyid:100684:SKI-8203,bus,Bus,8,8,8203,"St. Gallen, Neudorf/R'str.",Wendeplatz Stocken,H,,2026-10-03 12:30:00+00:00,2026-10-03 12:30:06+00:00,,True,0.1,2026-10-03 14:28:40.734000+02:00,2026-10-03 14:30:00+02:00,2026-10-03 14:30:06+02:00,2026-10-03,14,Saturday,True,1.3211000000000002
20261003_122833,2026-10-03 12:28:40.734000+00:00,St. Gallen,local,ch:1:sloid:74095,"St. Gallen, Bahnhof",ch:1:sloid:74095:0:886128,2026-10-03,ch:1:sjyid:100602:2566e087-06f2-4a25-a581-4fb4d523566e,bus,Bus,210,210,21036,"St. Gallen, Bahnhof",Arbon,G,,2026-10-03 12:30:00+00:00,2026-10-03 12:30:00+00:00,,True,0.0,2026-10-03 14:28:40.734000+02:00,2026-10-03 14:30:00+02:00,2026-10-03 14:30:00+02:00,2026-10-03,14,Saturday,True,1.3211000000000002
20261003_122833,2026-10-03 12:28:40.734000+00:00,St. Gallen,local,ch:1:sloid:74095,"St. Gallen, Bahnhof",ch:1:sloid:74095:0:606657,2026-10-03,ch:1:sjyid:100684:SKI-8186,bus,Bus,8,8,8186,"St. Gallen, Wendeplatz Stocken",Neudorf / R'str.,I,,2026-10-03 12:30:00+00:00,2026-10-03 12:30:42+00:00,,True,0.7,2026-10-03 14:28:40.734000+02:00,2026-10-03 14:30:00+02:00,2026-10-03 14:30:42+02:00,2026-10-03,14,Saturday,True,1.3211000000000002
20261003_122833,2026-10-03 12:28:40.734000+00:00,St. Gallen,local,ch:1:sloid:74095,"St. Gallen, Bahnhof",ch:1:sloid:74095:0:181274,2026-10-03,ch:1:sjyid:100684:SKI-1298,bus,Bus,1,1,1298,"St. Gallen, Wolfganghof",Stephanshorn,B,,2026-10-03 12:31:00+00:00,2026-10-03 12:31:12+00:00,,True,0.2,2026-10-03 14:28:40.734000+02:00,2026-10-03 14:31:00+02:00,2026-10-03 14:31:12+02:00,2026-10-03,14,Saturday,True,2.3211
20261003_122833,2026-10-03 12:28:40.734000+00:00,St. Gallen,local,ch:1:sloid:74095,"St. Gallen, Bahnhof",ch:1:sloid:74095:0:894224,2026-10-03,ch:1:sjyid:100684:SKI-4180,bus,Bus,4,4,4180,"Abtwil SG, St. Josefen","Wittenbach, Bahnhof",E,,2026-10-03 12:31:00+00:00,2026-10-03 12:31:00+00:00,,True,0.0,2026-10-03 14:28:40.734000+02:00,2026-10-03 14:31:00+02:00,2026-10-03 14:31:00+02:00,2026-10-03,14,Saturday,True,2.3211
20261003_122833,2026-10-03 12:28:40.734000+00:00,St. Gallen,local,ch:1:sloid:74095,"St. Gallen, Bahnhof",ch:1:sloid:74095:0:174964,2026-10-03,ch:1:sjyid:100602:39b0d427-8b51-4e34-9694-99e3da2a3b2b,bus,Bus,120,120,12069,"Heiden, Post",Engelburg,C,,2026-10-03 12:32:00+00:00,2026-10-03 12:32:00+00:00,,True,0.0,2026-10-03 14:28:40.734000+02:00,2026-10-03 14:32:00+02:00,2026-10-03 14:32:00+02:00,2026-10-03,14,Saturday,True,3.3211
20261003_122833,2026-10-03 12:28:40.734000+00:00,St. Gallen,local,ch:1:sloid:74095,"St. Gallen, Bahnhof",ch:1:sloid:74095:0:888081,2026-10-03,ch:1:sjyid:100695:16904885-0ed2-480a-a18c-7f22a280c8fd,bus,Bus,151,151,51158,"St. Gallen, Spisertor (Bus)",Gossau Bhf,F,,2026-10-03 12:32:00+00:00,2026-10-03 12:32:00+00:00,,True,0.0,2026-10-03 14:28:40.734000+02:00,2026-10-03 14:32:00+02:00,2026-10-03 14:32:00+02:00,2026-10-03,14,Saturday,True,3.3211
20261003_122833,2026-10-03 12:28:40.734000+00:00,St. Gallen,local,ch:1:sloid:74095,"St. Gallen, Bahnhof",ch:1:sloid:74095:0:541287,2026-10-03,ch:1:sjyid:100684:SKI-5305,bus,Bus,5,5,5305,"St. Gallen, Rotmonten",Riethüsli,H,,2026-10-03 12:34:00+00:00,2026-10-03 12:34:00+00:00,,True,0.0,2026-10-03 14:28:40.734000+02:00,2026-10-03 14:34:00+02:00,2026-10-03 14:34:00+02:00,2026-10-03,14,Saturday,True,5.3211
20261003_122833,2026-10-03 12:28:40.734000+00:00,St. Gallen,local,ch:1:sloid:74095,"St. Gallen, Bahnhof",ch:1:sloid:74095:0:541287,2026-10-03,ch:1:sjyid:100684:SKI-10111,bus,Bus,10,10,10111,"St. Gallen, Röteli",Oberhofstetten,H,,2026-10-03 12:34:00+00:00,2026-10-03 12:34:54+00:00,,True,0.9,2026-10-03 14:28:40.734000+02:00,2026-10-03 14:34:00+02:00,2026-10-03 14:34:54+02:00,2026-10-03,14,Saturday,True,5.3211
20261003_122833,2026-10-03 12:28:40.734000+00:00,St. Gallen,local,ch:1:sloid:74095,"St. Gallen, Bahnhof",ch:1:sloid:74095:0:888081,2026-10-03,ch:1:sjyid:100684:SKI-3183,bus,Bus,3,3,3183,"Wittenbach, Bahnhof","Abtwil SG, St.Josefen",F,,2026-10-03 12:37:00+00:00,2026-10-03 12:37:00+00:00,,True,0.0,2026-10-03 14:28:40.734000+02:00,2026-10-03 14:37:00+02:00,2026-10-03 14:37:00+02:00,2026-10-03,14,Saturday,True,8.3211
20261003_122833,2026-10-03 12:28:40.734000+00:00,St. Gallen,local,ch:1:sloid:74095,"St. Gallen, Bahnhof",ch:1:sloid:74095:0:886128,2026-10-03,ch:1:sjyid:100602:dd5b08cb-9688-40f2-9fb6-354cb91e7f0e,bus,Expressbus,201,201,20140,"St. Gallen, Bahnhof",Arbon,G,,2026-10-03 12:37:00+00:00,2026-10-03 12:37:00+00:00,,True,0.0,2026-10-03 14:28:40.734000+02:00,2026-10-03 14:37:00+02:00,2026-10-03 14:37:00+02:00,2026-10-03,14,Saturday,True,8.3211
20261003_122833,2026-10-03 12:28:40.734000+00:00,St. Gallen,local,ch:1:sloid:74095,"St. Gallen, Bahnhof",ch:1:sloid:74095:0:989159,2026-10-03,ch:1:sjyid:100684:SKI-1315,bus,Bus,1,1,1315,"St. Gallen, Stephanshorn",Winkeln,A,,2026-10-03 12:38:00+00:00,2026-10-03 12:38:00+00:00,,True,0.0,2026-10-03 14:28:40.734000+02:00,2026-10-03 14:38:00+02:00,2026-10-03 14:38:00+02:00,2026-10-03,14,Saturday,True,9.3211
20261003_122833,2026-10-03 12:28:40.734000+00:00,St. Gallen,local,ch:1:sloid:74095,"St. Gallen, Bahnhof",ch:1:sloid:74095:0:174964,2026-10-03,ch:1:sjyid:100684:SKI-9185,bus,Bus,9,9,9185,"St. Gallen, Schuppis Nord",Hölzli,C,,2026-10-03 12:38:00+00:00,2026-10-03 12:38:00+00:00,,True,0.0,2026-10-03 14:28:40.734000+02:00,2026-10-03 14:38:00+02:00,2026-10-03 14:38:00+02:00,2026-10-03,14,Saturday,True,9.3211
20261003_122833,2026-10-03 12:28:40.734000+00:00,St. Gallen,local,ch:1:sloid:74095,"St. Gallen, Bahnhof",ch:1:sloid:74095:0:894224,2026-10-03,ch:1:sjyid:100695:ab665fb2-ef2b-45d5-b4a0-0af0e03a2843,bus,Bus,151,151,51141,"Gossau SG, Bahnhof",St.Gallen Spisertor,E,,2026-10-03 12:38:00+00:00,2026-10-03 12:40:18+00:00,,True,2.3,2026-10-03 14:28:40.734000+02:00,2026-10-03 14:38:00+02:00,2026-10-03 14:40:18+02:00,2026-10-03,14,Saturday,True,9.3211
20261003_122833,2026-10-03 12:28:40.734000+00:00,St. Gallen,local,ch:1:sloid:74095,"St. Gallen, Bahnhof",ch:1:sloid:74095:0:606657,2026-10-03,ch:1:sjyid:100684:SKI-9186,bus,Bus,9,9,9186,"St. Gallen, Hölzli",Schuppis Nord,I,,2026-10-03 12:38:00+00:00,2026-10-03 12:38:00+00:00,,True,0.0,2026-10-03 14:28:40.734000+02:00,2026-10-03 14:38:00+02:00,2026-10-03 14:38:00+02:00,2026-10-03,14,Saturday,True,9.3211
20261003_122833,2026-10-03 12:28:40.734000+00:00,St. Gallen,local,ch:1:sloid:74095,"St. Gallen, Bahnhof",ch:1:sloid:74095:0:181274,2026-10-03,ch:1:sjyid:100684:SKI-2306,bus,Bus,2,2,2306,"St. Gallen, Winkeln",Guggeien,B,,2026-10-03 12:38:00+00:00,2026-10-03 12:40:00+00:00,,True,2.0,2026-10-03 14:28:40.734000+02:00,2026-10-03 14:38:00+02:00,2026-10-03 14:40:00+02:00,2026-10-03,14,Saturday,True,9.3211
20261003_122833,2026-10-03 12:28:40.734000+00:00,St. Gallen,local,ch:1:sloid:74095,"St. Gallen, Bahnhof",ch:1:sloid:74095:0:606657,2026-10-03,ch:1:sjyid:100684:SKI-5302,bus,Bus,5,5,5302,"St. Gallen, Riethüsli",Rotmonten,I,,2026-10-03 12:39:00+00:00,2026-10-03 12:39:00+00:00,,True,0.0,2026-10-03 14:28:40.734000+02:00,2026-10-03 14:39:00+02:00,2026-10-03 14:39:00+02:00,2026-10-03,14,Saturday,True,10.3211
20261003_122833,2026-10-03 12:28:40.734000+00:00,St. Gallen,local,ch:1:sloid:74095,"St. Gallen, Bahnhof",ch:1:sloid:74095:0:894224,2026-10-03,ch:1:sjyid:100684:SKI-3176,bus,Bus,3,3,3176,"Abtwil SG, Säntispark","Wittenbach, Bahnhof",E,,2026-10-03 12:39:00+00:00,2026-10-03 12:39:00+00:00,,True,0.0,2026-10-03 14:28:40.734000+02:00,2026-10-03 14:39:00+02:00,2026-10-03 14:39:00+02:00,2026-10-03,14,Saturday,True,10.3211
20261003_122833,2026-10-03 12:28:40.734000+00:00,St. Gallen,local,ch:1:sloid:74095,"St. Gallen, Bahnhof",ch:1:sloid:74095:0:541287,2026-10-03,ch:1:sjyid:100684:SKI-7209,bus,Bus,7,7,7209,"St. Gallen, Neudorf/R'str.",Hinterberg,H,,2026-10-03 12:40:00+00:00,2026-10-03 12:41:06+00:00,,True,1.1,2026-10-03 14:28:40.734000+02:00,2026-10-03 14:40:00+02:00,2026-10-03 14:41:06+02:00,2026-10-03,14,Saturday,True,11.3211
20261003_122833,2026-10-03 12:28:40.734000+00:00,St. Gallen,local,ch:1:sloid:74095,"St. Gallen, Bahnhof",ch:1:sloid:74095:0:606657,2026-10-03,ch:1:sjyid:100684:SKI-7194,bus,Bus,7,7,7194,"St. Gallen, Hinterberg",Neudorf / R'str.,I,,2026-10-03 12:40:00+00:00,2026-10-03 12:40:00+00:00,,True,0.0,2026-10-03 14:28:40.734000+02:00,2026-10-03 14:40:00+02:00,2026-10-03 14:40:00+02:00,2026-10-03,14,Saturday,True,11.3211
20261003_122833,2026-10-03 12:28:40.734000+00:00,St. Gallen,local,ch:1:sloid:74095,"St. Gallen, Bahnhof",ch:1:sloid:74095:0:482413,2026-10-03,ch:1:sjyid:100602:e0d21abd-2643-4e08-806c-b7a15636a21a,bus,Bus,121,121,12162,"Engelburg, Dorfplatz",Heiden,D,,2026-10-03 12:42:00+00:00,2026-10-03 12:42:00+00:00,,True,0.0,2026-10-03 14:28:40.734000+02:00,2026-10-03 14:42:00+02:00,2026-10-03 14:42:00+02:00,2026-10-03,14,Saturday,True,13.3211
20261003_122833,2026-10-03 12:28:40.734000+00:00,St. Gallen,local,ch:1:sloid:74095,"St. Gallen, Bahnhof",ch:1:sloid:74095:0:888081,2026-10-03,ch:1:sjyid:100695:e7801aec-6a15-4164-89ea-b02487d27549,bus,Bus,151,151,51160,"St. Gallen, Spisertor (Bus)",Gossau Bhf,F,,2026-10-03 12:42:00+00:00,2026-10-03 12:42:00+00:00,,True,0.0,2026-10-03 14:28:40.734000+02:00,2026-10-03 14:42:00+02:00,2026-10-03 14:42:00+02:00,2026-10-03,14,Saturday,True,13.3211
20261003_122833,2026-10-03 12:28:40.734000+00:00,St. Gallen,local,ch:1:sloid:74095,"St. Gallen, Bahnhof",ch:1:sloid:74095:0:541287,2026-10-03,ch:1:sjyid:100684:SKI-6323,bus,Bus,6,6,6323,"St. Gallen, Heiligkreuz",Bach St.Georgen,H,,2026-10-03 12:43:00+00:00,2026-10-03 12:43:00+00:00,,True,0.0,2026-10-03 14:28:40.734000+02:00,2026-10-03 14:43:00+02:00,2026-10-03 14:43:00+02:00,2026-10-03,14,Saturday,True,14.3211
20261003_122833,2026-10-03 12:28:40.734000+00:00,St. Gallen,local,ch:1:sloid:74095,"St. Gallen, Bahnhof",ch:1:sloid:74095:0:894224,2026-10-03,ch:1:sjyid:100684:SKI-6304,bus,Bus,6,6,6304,"St. Gallen, Bach St. Georgen",Heiligkreuz,E,,2026-10-03 12:43:00+00:00,2026-10-03 12:43:00+00:00,,True,0.0,2026-10-03 14:28:40.734000+02:00,2026-10-03 14:43:00+02:00,2026-10-03 14:43:00+02:00,2026-10-03,14,Saturday,True,14.3211
20261003_122833,2026-10-03 12:28:40.734000+00:00,St. Gallen,local,ch:1:sloid:74095,"St. Gallen, Bahnhof",ch:1:sloid:74095:0:888081,2026-10-03,ch:1:sjyid:100684:SKI-4183,bus,Bus,4,4,4183,"Wittenbach, Bahnhof","Abtwil SG, Säntispark",F,,2026-10-03 12:44:00+00:00,2026-10-03 12:44:00+00:00,,True,0.0,2026-10-03 14:28:40.734000+02:00,2026-10-03 14:44:00+02:00,2026-10-03 14:44:00+02:00,2026-10-03,14,Saturday,True,15.3211
20261003_122833,2026-10-03 12:28:41.241000+00:00,Lausanne,local,ch:1:sloid:92050,"Lausanne, gare",ch:1:sloid:92050:0:2814,2026-10-03,ch:1:sjyid:100122:plan1:2026_ATT5-21-50-Samedi-21-10017752,bus,Bus,21,21,21065,"Paudex, Verrière",Blécherette,D,,2026-10-03 12:25:00+00:00,2026-10-03 12:28:00+00:00,,True,3.0,2026-10-03 14:28:41.241000+02:00,2026-10-03 14:25:00+02:00,2026-10-03 14:28:00+02:00,2026-10-03,14,Saturday,True,-3.6873500000000003
20261003_122833,2026-10-03 12:28:41.241000+00:00,Lausanne,local,ch:1:sloid:92050,"Lausanne, gare",ch:1:sloid:92050:0:2815,2026-10-03,ch:1:sjyid:100122:plan1:2026_ATT3-20-30-Samedi-20-9771917,bus,Bus,20,20,20036,"Lausanne, gare",Blécherette,C,,2026-10-03 12:28:00+00:00,,,False,,2026-10-03 14:28:41.241000+02:00,2026-10-03 14:28:00+02:00,,2026-10-03,14,Saturday,True,-0.68735
20261003_122833,2026-10-03 12:28:41.241000+00:00,Lausanne,local,ch:1:sloid:92050,"Lausanne, gare",ch:1:sloid:92050:0:1096,2026-10-03,ch:1:sjyid:100122:plan2:m2_0245,metro,Metro,m2,m2,720245,"Lausanne, Ouchy-Olympique","Epalinges, Croisettes",,,2026-10-03 12:29:00+00:00,,,False,,2026-10-03 14:28:41.241000+02:00,2026-10-03 14:29:00+02:00,,2026-10-03,14,Saturday,True,0.31265
20261003_122833,2026-10-03 12:28:41.241000+00:00,Lausanne,local,ch:1:sloid:92050,"Lausanne, gare",ch:1:sloid:92050:0:1101,2026-10-03,ch:1:sjyid:100122:plan2:m2_0352,metro,Metro,m2,m2,720352,"Epalinges, Croisettes","Lausanne, Ouchy-Olympique",,,2026-10-03 12:29:00+00:00,,,False,,2026-10-03 14:28:41.241000+02:00,2026-10-03 14:29:00+02:00,,2026-10-03,14,Saturday,True,0.31265
20261003_122833,2026-10-03 12:28:41.241000+00:00,Lausanne,local,ch:1:sloid:92050,"Lausanne, gare",ch:1:sloid:92050:0:2893,2026-10-03,ch:1:sjyid:100122:plan1:2026_ATT5-21-50-Samedi-21-10017829,bus,Bus,21,21,21179,"Lausanne, Blécherette",Verrière,A,,2026-10-03 12:29:00+00:00,2026-10-03 12:34:06+00:00,,True,5.1,2026-10-03 14:28:41.241000+02:00,2026-10-03 14:29:00+02:00,2026-10-03 14:34:06+02:00,2026-10-03,14,Saturday,True,0.31265
20261003_122833,2026-10-03 12:28:41.241000+00:00,Lausanne,local,ch:1:sloid:92050,"Lausanne, gare",ch:1:sloid:92050:0:2814,2026-10-03,ch:1:sjyid:100122:plan1:2026_ATT2-03-20-Samedi-3-9715182,bus,Bus,3,3,3061,"Lausanne, gare",Maillefer,D,,2026-10-03 12:30:00+00:00,2026-10-03 12:30:00+00:00,,True,0.0,2026-10-03 14:28:41.241000+02:00,2026-10-03 14:30:00+02:00,2026-10-03 14:30:00+02:00,2026-10-03,14,Saturday,True,1.31265
20261003_122833,2026-10-03 12:28:41.241000+00:00,Lausanne,local,ch:1:sloid:92050,"Lausanne, gare",ch:1:sloid:92050:0:1096,2026-10-03,ch:1:sjyid:100122:plan2:m2_0525,metro,Metro,m2,m2,720525,"Lausanne, Ouchy-Olympique","Epalinges, Croisettes",,,2026-10-03 12:32:00+00:00,,,False,,2026-10-03 14:28:41.241000+02:00,2026-10-03 14:32:00+02:00,,2026-10-03,14,Saturday,True,3.3126499999999997
20261003_122833,2026-10-03 12:28:41.241000+00:00,Lausanne,local,ch:1:sloid:92050,"Lausanne, gare",ch:1:sloid:92050:0:1101,2026-10-03,ch:1:sjyid:100122:plan2:m2_0584,metro,Metro,m2,m2,720584,"Epalinges, Croisettes","Lausanne, Ouchy-Olympique",,,2026-10-03 12:32:00+00:00,,,False,,2026-10-03 14:28:41.241000+02:00,2026-10-03 14:32:00+02:00,,2026-10-03,14,Saturday,True,3.3126499999999997
20261003_122833,2026-10-03 12:28:41.241000+00:00,Lausanne,local,ch:1:sloid:92050,"Lausanne, gare",ch:1:sloid:92050:0:2893,2026-10-03,ch:1:sjyid:100122:plan1:2026_ATT4-01-40-Samedi-1-9845455,bus,Bus,1,1,1080,"Lausanne, Maladière",Blécherette,A,,2026-10-03 12:33:00+00:00,2026-10-03 12:35:36+00:00,,True,2.6,2026-10-03 14:28:41.241000+02:00,2026-10-03 14:33:00+02:00,2026-10-03 14:35:36+02:00,2026-10-03,14,Saturday,True,4.3126500000000005
20261003_122833,2026-10-03 12:28:41.241000+00:00,Lausanne,local,ch:1:sloid:92050,"Lausanne, gare",ch:1:sloid:92050:0:2892,2026-10-03,ch:1:sjyid:100122:plan1:2026_ATT4-01-40-Samedi-1-9845384,bus,Bus,1,1,1208,"Lausanne, Blécherette",Maladière,B,,2026-10-03 12:34:00+00:00,2026-10-03 12:35:54+00:00,,True,1.9,2026-10-03 14:28:41.241000+02:00,2026-10-03 14:34:00+02:00,2026-10-03 14:35:54+02:00,2026-10-03,14,Saturday,True,5.3126500000000005
20261003_122833,2026-10-03 12:28:41.241000+00:00,Lausanne,local,ch:1:sloid:92050,"Lausanne, gare",ch:1:sloid:92050:0:2814,2026-10-03,ch:1:sjyid:100122:plan1:2026_ATT5-21-50-Samedi-21-10017753,bus,Bus,21,21,21066,"Paudex, Verrière",Blécherette,D,,2026-10-03 12:35:00+00:00,2026-10-03 12:37:48+00:00,,True,2.8,2026-10-03 14:28:41.241000+02:00,2026-10-03 14:35:00+02:00,2026-10-03 14:37:48+02:00,2026-10-03,14,Saturday,True,6.3126500000000005
20261003_122833,2026-10-03 12:28:41.241000+00:00,Lausanne,local,ch:1:sloid:92050,"Lausanne, gare",ch:1:sloid:92050:0:1096,2026-10-03,ch:1:sjyid:100122:plan2:m2_0453,metro,Metro,m2,m2,720453,"Lausanne, Ouchy-Olympique","Epalinges, Croisettes",,,2026-10-03 12:36:00+00:00,,,False,,2026-10-03 14:28:41.241000+02:00,2026-10-03 14:36:00+02:00,,2026-10-03,14,Saturday,True,7.3126500000000005
20261003_122833,2026-10-03 12:28:41.241000+00:00,Lausanne,local,ch:1:sloid:92050,"Lausanne, gare",ch:1:sloid:92050:0:1101,2026-10-03,ch:1:sjyid:100122:plan2:m2_0136,metro,Metro,m2,m2,720136,"Epalinges, Croisettes","Lausanne, Ouchy-Olympique",,,2026-10-03 12:36:00+00:00,,,False,,2026-10-03 14:28:41.241000+02:00,2026-10-03 14:36:00+02:00,,2026-10-03,14,Saturday,True,7.3126500000000005
20261003_122833,2026-10-03 12:28:41.241000+00:00,Lausanne,local,ch:1:sloid:92050,"Lausanne, gare",ch:1:sloid:92050:0:1096,2026-10-03,ch:1:sjyid:100122:plan2:m2_0555,metro,Metro,m2,m2,720555,"Lausanne, Ouchy-Olympique","Epalinges, Croisettes",,,2026-10-03 12:39:00+00:00,,,False,,2026-10-03 14:28:41.241000+02:00,2026-10-03 14:39:00+02:00,,2026-10-03,14,Saturday,True,10.31265
20261003_122833,2026-10-03 12:28:41.241000+00:00,Lausanne,local,ch:1:sloid:92050,"Lausanne, gare",ch:1:sloid:92050:0:1101,2026-10-03,ch:1:sjyid:100122:plan2:m2_0300,metro,Metro,m2,m2,720300,"Epalinges, Croisettes","Lausanne, Ouchy-Olympique",,,2026-10-03 12:39:00+00:00,,,False,,2026-10-03 14:28:41.241000+02:00,2026-10-03 14:39:00+02:00,,2026-10-03,14,Saturday,True,10.31265
20261003_122833,2026-10-03 12:28:41.241000+00:00,Lausanne,local,ch:1:sloid:92050,"Lausanne, gare",ch:1:sloid:92050:0:2893,2026-10-03,ch:1:sjyid:100122:plan1:2026_ATT5-21-50-Samedi-21-10017830,bus,Bus,21,21,21180,"Lausanne, Blécherette",Verrière,A,,2026-10-03 12:39:00+00:00,2026-10-03 12:40:24+00:00,,True,1.4,2026-10-03 14:28:41.241000+02:00,2026-10-03 14:39:00+02:00,2026-10-03 14:40:24+02:00,2026-10-03,14,Saturday,True,10.31265
20261003_122833,2026-10-03 12:28:41.241000+00:00,Lausanne,local,ch:1:sloid:92050,"Lausanne, gare",ch:1:sloid:92050:0:2814,2026-10-03,ch:1:sjyid:100122:plan1:2026_ATT2-03-20-Samedi-3-9715183,bus,Bus,3,3,3062,"Lausanne, gare",Maillefer,D,,2026-10-03 12:40:00+00:00,2026-10-03 12:40:00+00:00,,True,0.0,2026-10-03 14:28:41.241000+02:00,2026-10-03 14:40:00+02:00,2026-10-03 14:40:00+02:00,2026-10-03,14,Saturday,True,11.31265
20261003_122833,2026-10-03 12:28:41.241000+00:00,Lausanne,local,ch:1:sloid:92050,"Lausanne, gare",ch:1:sloid:92050:0:2893,2026-10-03,ch:1:sjyid:100122:plan1:2026_ATT4-01-40-Samedi-1-9845456,bus,Bus,1,1,1081,"Lausanne, Maladière",Blécherette,A,,2026-10-03 12:40:00+00:00,2026-10-03 12:40:00+00:00,,True,0.0,2026-10-03 14:28:41.241000+02:00,2026-10-03 14:40:00+02:00,2026-10-03 14:40:00+02:00,2026-10-03,14,Saturday,True,11.31265
20261003_122833,2026-10-03 12:28:41.241000+00:00,Lausanne,local,ch:1:sloid:92050,"Lausanne, gare",ch:1:sloid:92050:0:2892,2026-10-03,ch:1:sjyid:100122:plan1:2026_ATT4-01-40-Samedi-1-9845385,bus,Bus,1,1,1209,"Lausanne, Blécherette",Maladière,B,,2026-10-03 12:41:00+00:00,2026-10-03 12:39:24+00:00,,True,-1.6,2026-10-03 14:28:41.241000+02:00,2026-10-03 14:41:00+02:00,2026-10-03 14:39:24+02:00,2026-10-03,14,Saturday,True,12.31265
20261003_122833,2026-10-03 12:28:41.241000+00:00,Lausanne,local,ch:1:sloid:92050,"Lausanne, gare",ch:1:sloid:92050:0:1096,2026-10-03,ch:1:sjyid:100122:plan2:m2_0353,metro,Metro,m2,m2,720353,"Lausanne, Ouchy-Olympique","Epalinges, Croisettes",,,2026-10-03 12:42:00+00:00,,,False,,2026-10-03 14:28:41.241000+02:00,2026-10-03 14:42:00+02:00,,2026-10-03,14,Saturday,True,13.31265
20261003_122833,2026-10-03 12:28:41.241000+00:00,Lausanne,local,ch:1:sloid:92050,"Lausanne, gare",ch:1:sloid:92050:0:1101,2026-10-03,ch:1:sjyid:100122:plan2:m2_0402,metro,Metro,m2,m2,720402,"Epalinges, Croisettes","Lausanne, Ouchy-Olympique",,,2026-10-03 12:42:00+00:00,,,False,,2026-10-03 14:28:41.241000+02:00,2026-10-03 14:42:00+02:00,,2026-10-03,14,Saturday,True,13.31265
20261003_122833,2026-10-03 12:28:41.241000+00:00,Lausanne,local,ch:1:sloid:92050,"Lausanne, gare",ch:1:sloid:92050:0:2815,2026-10-03,ch:1:sjyid:100122:plan1:2026_ATT3-20-30-Samedi-20-9771918,bus,Bus,20,20,20037,"Lausanne, gare",Blécherette,C,,2026-10-03 12:43:00+00:00,2026-10-03 12:43:00+00:00,,True,0.0,2026-10-03 14:28:41.241000+02:00,2026-10-03 14:43:00+02:00,2026-10-03 14:43:00+02:00,2026-10-03,14,Saturday,True,14.31265
20261003_122833,2026-10-03 12:28:41.241000+00:00,Lausanne,local,ch:1:sloid:92050,"Lausanne, gare",ch:1:sloid:92050:0:1096,2026-10-03,ch:1:sjyid:100122:plan2:m2_0585,metro,Metro,m2,m2,720585,"Lausanne, Ouchy-Olympique","Epalinges, Croisettes",,,2026-10-03 12:45:00+00:00,,,False,,2026-10-03 14:28:41.241000+02:00,2026-10-03 14:45:00+02:00,,2026-10-03,14,Saturday,True,16.31265
20261003_122833,2026-10-03 12:28:41.241000+00:00,Lausanne,local,ch:1:sloid:92050,"Lausanne, gare",ch:1:sloid:92050:0:2814,2026-10-03,ch:1:sjyid:100122:plan1:2026_ATT5-21-50-Samedi-21-10017754,bus,Bus,21,21,21067,"Paudex, Verrière",Blécherette,D,,2026-10-03 12:45:00+00:00,2026-10-03 12:45:00+00:00,,True,0.0,2026-10-03 14:28:41.241000+02:00,2026-10-03 14:45:00+02:00,2026-10-03 14:45:00+02:00,2026-10-03,14,Saturday,True,16.31265
20261003_122833,2026-10-03 12:28:41.241000+00:00,Lausanne,local,ch:1:sloid:92050,"Lausanne, gare",ch:1:sloid:92050:0:1101,2026-10-03,ch:1:sjyid:100122:plan2:m2_0028,metro,Metro,m2,m2,720028,"Epalinges, Croisettes","Lausanne, Ouchy-Olympique",,,2026-10-03 12:45:00+00:00,,,False,,2026-10-03 14:28:41.241000+02:00,2026-10-03 14:45:00+02:00,,2026-10-03,14,Saturday,True,16.31265
20261003_122833,2026-10-03 12:28:41.241000+00:00,Lausanne,local,ch:1:sloid:92050,"Lausanne, gare",ch:1:sloid:92050:0:1096,2026-10-03,ch:1:sjyid:100122:plan2:m2_0137,metro,Metro,m2,m2,720137,"Lausanne, Ouchy-Olympique","Epalinges, Croisettes",,,2026-10-03 12:48:00+00:00,,,False,,2026-10-03 14:28:41.241000+02:00,2026-10-03 14:48:00+02:00,,2026-10-03,14,Saturday,True,19.31265
20261003_122833,2026-10-03 12:28:41.241000+00:00,Lausanne,local,ch:1:sloid:92050,"Lausanne, gare",ch:1:sloid:92050:0:1101,2026-10-03,ch:1:sjyid:100122:plan2:m2_0082,metro,Metro,m2,m2,720082,"Epalinges, Croisettes","Lausanne, Ouchy-Olympique",,,2026-10-03 12:48:00+00:00,,,False,,2026-10-03 14:28:41.241000+02:00,2026-10-03 14:48:00+02:00,,2026-10-03,14,Saturday,True,19.31265
20261003_122833,2026-10-03 12:28:41.241000+00:00,Lausanne,local,ch:1:sloid:92050,"Lausanne, gare",ch:1:sloid:92050:0:2893,2026-10-03,ch:1:sjyid:100122:plan1:2026_ATT4-01-40-Samedi-1-9845457,bus,Bus,1,1,1082,"Lausanne, Maladière",Blécherette,A,,2026-10-03 12:48:00+00:00,2026-10-03 12:48:00+00:00,,True,0.0,2026-10-03 14:28:41.241000+02:00,2026-10-03 14:48:00+02:00,2026-10-03 14:48:00+02:00,2026-10-03,14,Saturday,True,19.31265
20261003_122833,2026-10-03 12:28:41.241000+00:00,Lausanne,local,ch:1:sloid:92050,"Lausanne, gare",ch:1:sloid:92050:0:2892,2026-10-03,ch:1:sjyid:100122:plan1:2026_ATT4-01-40-Samedi-1-9845386,bus,Bus,1,1,1210,"Lausanne, Blécherette",Maladière,B,,2026-10-03 12:49:00+00:00,2026-10-03 12:45:12+00:00,,True,-3.8,2026-10-03 14:28:41.241000+02:00,2026-10-03 14:49:00+02:00,2026-10-03 14:45:12+02:00,2026-10-03,14,Saturday,True,20.31265
20261003_122833,2026-10-03 12:28:41.241000+00:00,Lausanne,local,ch:1:sloid:92050,"Lausanne, gare",ch:1:sloid:92050:0:2893,2026-10-03,ch:1:sjyid:100122:plan1:2026_ATT5-21-50-Samedi-21-10017831,bus,Bus,21,21,21181,"Lausanne, Blécherette",Verrière,A,,2026-10-03 12:49:00+00:00,2026-10-03 12:49:00+00:00,,True,0.0,2026-10-03 14:28:41.241000+02:00,2026-10-03 14:49:00+02:00,2026-10-03 14:49:00+02:00,2026-10-03,14,Saturday,True,20.31265
20261003_122833,2026-10-03 12:28:41.737000+00:00,Genève,local,ch:1:sloid:87057,"Genève, gare Cornavin",ch:1:sloid:87057:0:408265,2026-10-03,ch:1:sjyid:100680:HAS-26-015925-70-Samedi-35914994,bus,Bus,25,25,699048,"Thônex, Vallard",Jardin Botanique,E,,2026-10-03 12:24:00+00:00,2026-10-03 12:32:42+00:00,,True,8.7,2026-10-03 14:28:41.737000+02:00,2026-10-03 14:24:00+02:00,2026-10-03 14:32:42+02:00,2026-10-03,14,Saturday,True,-4.695616666666667
20261003_122833,2026-10-03 12:28:41.737000+00:00,Genève,local,ch:1:sloid:87057,"Genève, gare Cornavin",ch:1:sloid:87057:0:408265,2026-10-03,ch:1:sjyid:100680:HAS-26-15-10-Samedi-35071789,tram,Tram,15,15,845880,"Plan-les-Ouates, ZIPLO",Nations,E,,2026-10-03 12:27:00+00:00,2026-10-03 12:29:30+00:00,,True,2.5,2026-10-03 14:28:41.737000+02:00,2026-10-03 14:27:00+02:00,2026-10-03 14:29:30+02:00,2026-10-03,14,Saturday,True,-1.6956166666666665
20261003_122833,2026-10-03 12:28:41.737000+00:00,Genève,local,ch:1:sloid:87057,"Genève, gare Cornavin",ch:1:sloid:87057:0:651350,2026-10-03,ch:1:sjyid:100680:HAS-26-08-20-13-Samedi-35205540,bus,Bus,20,20,646007,"Bellevue GE, Valavran",Veyrier-Tournettes,B,,2026-10-03 12:28:00+00:00,2026-10-03 12:32:24+00:00,,True,4.4,2026-10-03 14:28:41.737000+02:00,2026-10-03 14:28:00+02:00,2026-10-03 14:32:24+02:00,2026-10-03,14,Saturday,True,-0.6956166666666667
20261003_122833,2026-10-03 12:28:41.737000+00:00,Genève,local,ch:1:sloid:87057,"Genève, gare Cornavin",ch:1:sloid:87057:0:89811,2026-10-03,ch:1:sjyid:100680:HAS-26-14-10-Samedi-35071309,tram,Tram,14,14,845554,"Bernex, Vailly",Meyrin-Gravière,H,,2026-10-03 12:28:00+00:00,2026-10-03 12:30:06+00:00,,True,2.1,2026-10-03 14:28:41.737000+02:00,2026-10-03 14:28:00+02:00,2026-10-03 14:30:06+02:00,2026-10-03,14,Saturday,True,-0.6956166666666667
20261003_122833,2026-10-03 12:28:41.737000+00:00,Genève,local,ch:1:sloid:87057,"Genève, gare Cornavin",ch:1:sloid:87057:0:50679,2026-10-03,ch:1:sjyid:100680:HAS-26-08-20-13-Samedi-35205592,bus,Bus,20,20,646059,"Veyrier, Tournettes",Valavran,J,,2026-10-03 12:28:00+00:00,2026-10-03 12:28:30+00:00,,True,0.5,2026-10-03 14:28:41.737000+02:00,2026-10-03 14:28:00+02:00,2026-10-03 14:28:30+02:00,2026-10-03,14,Saturday,True,-0.6956166666666667
20261003_122833,2026-10-03 12:28:41.737000+00:00,Genève,local,ch:1:sloid:87057,"Genève, gare Cornavin",ch:1:sloid:87057:0:233278,2026-10-03,ch:1:sjyid:100680:HAS-26-14-10-Samedi-35071378,tram,Tram,14,14,845623,"Meyrin, Gravière",Bernex-Vailly,I,,2026-10-03 12:29:00+00:00,2026-10-03 12:30:18+00:00,,True,1.3,2026-10-03 14:28:41.737000+02:00,2026-10-03 14:29:00+02:00,2026-10-03 14:30:18+02:00,2026-10-03,14,Saturday,True,0.30438333333333334
20261003_122833,2026-10-03 12:28:41.737000+00:00,Genève,local,ch:1:sloid:87057,"Genève, gare Cornavin",ch:1:sloid:87057:0:698638,2026-10-03,ch:1:sjyid:100680:HAS-26-03-0-Samedi-33832801,bus,Bus,3,3,554142,"Genève, Crêts-de-Champel",Gardiol,F,,2026-10-03 12:29:00+00:00,2026-10-03 12:29:12+00:00,,True,0.2,2026-10-03 14:28:41.737000+02:00,2026-10-03 14:29:00+02:00,2026-10-03 14:29:12+02:00,2026-10-03,14,Saturday,True,0.30438333333333334
20261003_122833,2026-10-03 12:28:41.737000+00:00,Genève,local,ch:1:sloid:87057,"Genève, gare Cornavin",ch:1:sloid:87057:0:783875,2026-10-03,ch:1:sjyid:100680:HAS-26-015925-70-Samedi-35915386,bus,Bus,9,9,699322,"Thônex, Belle-Terre Pl. Araire",Lignon-Tours,K,,2026-10-03 12:29:00+00:00,2026-10-03 12:47:00+00:00,,True,18.0,2026-10-03 14:28:41.737000+02:00,2026-10-03 14:29:00+02:00,2026-10-03 14:47:00+02:00,2026-10-03,14,Saturday,True,0.30438333333333334
20261003_122833,2026-10-03 12:28:41.737000+00:00,Genève,local,ch:1:sloid:87057,"Genève, gare Cornavin",ch:1:sloid:87057:0:589555,2026-10-03,ch:1:sjyid:100680:HAS-26-015925-70-Samedi-35915454,bus,Bus,9,9,699390,"Vernier, Lignon Tours",Belle-Terre-Place-de-l'Araire,L,,2026-10-03 12:30:00+00:00,2026-10-03 12:35:12+00:00,,True,5.2,2026-10-03 14:28:41.737000+02:00,2026-10-03 14:30:00+02:00,2026-10-03 14:35:12+02:00,2026-10-03,14,Saturday,True,1.3043833333333335
20261003_122833,2026-10-03 12:28:41.737000+00:00,Genève,local,ch:1:sloid:87057,"Genève, gare Cornavin",ch:1:sloid:87057:0:408265,2026-10-03,ch:1:sjyid:100680:HAS-26-015925-70-Samedi-35915088,bus,Bus,1,1,699142,"Thônex, Hôpital Trois-Chêne",Jardin Botanique,E,,2026-10-03 12:30:00+00:00,2026-10-03 12:33:06+00:00,,True,3.1,2026-10-03 14:28:41.737000+02:00,2026-10-03 14:30:00+02:00,2026-10-03 14:33:06+02:00,2026-10-03,14,Saturday,True,1.3043833333333335
20261003_122833,2026-10-03 12:28:41.737000+00:00,Genève,local,ch:1:sloid:87057,"Genève, gare Cornavin",ch:1:sloid:87057:0:233278,2026-10-03,ch:1:sjyid:100680:HAS-26-18-10-Samedi-35070919,tram,Tram,18,18,845196,"Meyrin, CERN",Palettes,I,,2026-10-03 12:31:00+00:00,2026-10-03 12:30:54+00:00,,True,-0.1,2026-10-03 14:28:41.737000+02:00,2026-10-03 14:31:00+02:00,2026-10-03 14:30:54+02:00,2026-10-03,14,Saturday,True,2.3043833333333335
20261003_122833,2026-10-03 12:28:41.737000+00:00,Genève,local,ch:1:sloid:87057,"Genève, gare Cornavin",ch:1:sloid:87057:0:408265,2026-10-03,ch:1:sjyid:100680:HAS-26-15-10-Samedi-35071788,tram,Tram,15,15,845879,"Plan-les-Ouates, ZIPLO",Nations,E,,2026-10-03 12:32:00+00:00,2026-10-03 12:32:00+00:00,,True,0.0,2026-10-03 14:28:41.737000+02:00,2026-10-03 14:32:00+02:00,2026-10-03 14:32:00+02:00,2026-10-03,14,Saturday,True,3.3043833333333335
20261003_122833,2026-10-03 12:28:41.737000+00:00,Genève,local,ch:1:sloid:87057,"Genève, gare Cornavin",ch:1:sloid:87057:0:46188,2026-10-03,ch:1:sjyid:100680:HAS-26-015925-70-Samedi-35915045,bus,Bus,25,25,699099,"Genève, Jardin Botanique",Thônex-Vallard,D,,2026-10-03 12:32:00+00:00,2026-10-03 12:31:12+00:00,,True,-0.8,2026-10-03 14:28:41.737000+02:00,2026-10-03 14:32:00+02:00,2026-10-03 14:31:12+02:00,2026-10-03,14,Saturday,True,3.3043833333333335
20261003_122833,2026-10-03 12:28:41.737000+00:00,Genève,local,ch:1:sloid:87057,"Genève, gare Cornavin",ch:1:sloid:87057:0:589555,2026-10-03,ch:1:sjyid:100680:HAS-26-02-06-19-1-Samedi-34653065,bus,Bus,19,19,617633,"Vernier, village",Onex-Cité,L,,2026-10-03 12:32:00+00:00,2026-10-03 12:33:54+00:00,,True,1.9,2026-10-03 14:28:41.737000+02:00,2026-10-03 14:32:00+02:00,2026-10-03 14:33:54+02:00,2026-10-03,14,Saturday,True,3.3043833333333335
20261003_122833,2026-10-03 12:28:41.737000+00:00,Genève,local,ch:1:sloid:87057,"Genève, gare Cornavin",ch:1:sloid:87057:0:89811,2026-10-03,ch:1:sjyid:100680:HAS-26-18-10-Samedi-35070885,tram,Tram,18,18,845162,"Grand-Lancy, Palettes",CERN,H,,2026-10-03 12:32:00+00:00,2026-10-03 12:36:42+00:00,,True,4.7,2026-10-03 14:28:41.737000+02:00,2026-10-03 14:32:00+02:00,2026-10-03 14:36:42+02:00,2026-10-03,14,Saturday,True,3.3043833333333335
20261003_122833,2026-10-03 12:28:41.737000+00:00,Genève,local,ch:1:sloid:87057,"Genève, gare Cornavin",ch:1:sloid:87057:0:783875,2026-10-03,ch:1:sjyid:100680:HAS-26-02-06-19-1-Samedi-34653071,bus,Bus,19,19,617639,"Onex, cité",Vernier-Village,K,,2026-10-03 12:32:00+00:00,2026-10-03 12:32:00+00:00,,True,0.0,2026-10-03 14:28:41.737000+02:00,2026-10-03 14:32:00+02:00,2026-10-03 14:32:00+02:00,2026-10-03,14,Saturday,True,3.3043833333333335
20261003_122833,2026-10-03 12:28:41.737000+00:00,Genève,local,ch:1:sloid:87057,"Genève, gare Cornavin",ch:1:sloid:87057:0:651350,2026-10-03,ch:1:sjyid:100680:HAS-26-015925-70-Samedi-35914942,bus,Bus,5,5,698996,"Genève-Aéroport, Terminal",Thônex-Vallard,B,,2026-10-03 12:33:00+00:00,2026-10-03 12:34:24+00:00,,True,1.4,2026-10-03 14:28:41.737000+02:00,2026-10-03 14:33:00+02:00,2026-10-03 14:34:24+02:00,2026-10-03,14,Saturday,True,4.304383333333333
20261003_122833,2026-10-03 12:28:41.737000+00:00,Genève,local,ch:1:sloid:87057,"Genève, gare Cornavin",ch:1:sloid:87057:0:783875,2026-10-03,ch:1:sjyid:100680:HAS-26-10-0-Samedi-33807376,bus,Bus,10,10,550277,"Genève, Rive",Genève-Aéroport-Terminal,K,,2026-10-03 12:33:00+00:00,2026-10-03 12:37:42+00:00,,True,4.7,2026-10-03 14:28:41.737000+02:00,2026-10-03 14:33:00+02:00,2026-10-03 14:37:42+02:00,2026-10-03,14,Saturday,True,4.304383333333333
20261003_122833,2026-10-03 12:28:41.737000+00:00,Genève,local,ch:1:sloid:87057,"Genève, gare Cornavin",ch:1:sloid:87057:0:46188,2026-10-03,ch:1:sjyid:100680:HAS-26-15-10-Samedi-35071860,tram,Tram,15,15,845951,"Genève, Nations",ZIPLO,D,,2026-10-03 12:34:00+00:00,2026-10-03 12:34:36+00:00,,True,0.6,2026-10-03 14:28:41.737000+02:00,2026-10-03 14:34:00+02:00,2026-10-03 14:34:36+02:00,2026-10-03,14,Saturday,True,5.304383333333333
20261003_122833,2026-10-03 12:28:41.737000+00:00,Genève,local,ch:1:sloid:87057,"Genève, gare Cornavin",ch:1:sloid:87057:0:89811,2026-10-03,ch:1:sjyid:100680:HAS-26-14-10-Samedi-35071308,tram,Tram,14,14,845553,"Bernex, Vailly",Meyrin-Gravière,H,,2026-10-03 12:34:00+00:00,2026-10-03 12:38:30+00:00,,True,4.5,2026-10-03 14:28:41.737000+02:00,2026-10-03 14:34:00+02:00,2026-10-03 14:38:30+02:00,2026-10-03,14,Saturday,True,5.304383333333333
20261003_122833,2026-10-03 12:28:41.737000+00:00,Genève,local,ch:1:sloid:87057,"Genève, gare Cornavin",ch:1:sloid:87057:0:233278,2026-10-03,ch:1:sjyid:100680:HAS-26-14-10-Samedi-35071377,tram,Tram,14,14,845622,"Meyrin, Gravière",Bernex-Vailly,I,,2026-10-03 12:35:00+00:00,2026-10-03 12:34:54+00:00,,True,-0.1,2026-10-03 14:28:41.737000+02:00,2026-10-03 14:35:00+02:00,2026-10-03 14:34:54+02:00,2026-10-03,14,Saturday,True,6.304383333333333
20261003_122833,2026-10-03 12:28:41.737000+00:00,Genève,local,ch:1:sloid:87057,"Genève, gare Cornavin",ch:1:sloid:87057:0:50679,2026-10-03,ch:1:sjyid:100680:HAS-26-015925-70-Samedi-35914873,bus,Bus,5,5,698927,"Thônex, Vallard",Genève-Aéroport-Terminal,J,,2026-10-03 12:35:00+00:00,2026-10-03 12:37:12+00:00,,True,2.2,2026-10-03 14:28:41.737000+02:00,2026-10-03 14:35:00+02:00,2026-10-03 14:37:12+02:00,2026-10-03,14,Saturday,True,6.304383333333333
20261003_122833,2026-10-03 12:28:41.737000+00:00,Genève,local,ch:1:sloid:87057,"Genève, gare Cornavin",ch:1:sloid:87057:0:50679,2026-10-03,ch:1:sjyid:100680:HAS-26-60-61-25-Samedi-35385936,bus,Bus,60,60,672115,"Genève, gare Cornavin",Gex-L'Aiglette,J,,2026-10-03 12:35:00+00:00,2026-10-03 12:35:00+00:00,,True,0.0,2026-10-03 14:28:41.737000+02:00,2026-10-03 14:35:00+02:00,2026-10-03 14:35:00+02:00,2026-10-03,14,Saturday,True,6.304383333333333
20261003_122833,2026-10-03 12:28:41.737000+00:00,Genève,local,ch:1:sloid:87057,"Genève, gare Cornavin",ch:1:sloid:87057:0:589555,2026-10-03,ch:1:sjyid:100680:HAS-26-10-0-Samedi-33807366,bus,Bus,10,10,550267,"Genève-Aéroport, Terminal",Rive,L,,2026-10-03 12:36:00+00:00,2026-10-03 12:33:54+00:00,,True,-2.1,2026-10-03 14:28:41.737000+02:00,2026-10-03 14:36:00+02:00,2026-10-03 14:33:54+02:00,2026-10-03,14,Saturday,True,7.304383333333333
20261003_122833,2026-10-03 12:28:41.737000+00:00,Genève,local,ch:1:sloid:87057,"Genève, gare Cornavin",ch:1:sloid:87057:0:50679,2026-10-03,ch:1:sjyid:100680:HAS-26-08-20-13-Samedi-35205356,bus,Bus,8,8,645884,"Veyrier, douane",Palexpo,J,,2026-10-03 12:36:00+00:00,2026-10-03 12:39:36+00:00,,True,3.6,2026-10-03 14:28:41.737000+02:00,2026-10-03 14:36:00+02:00,2026-10-03 14:39:36+02:00,2026-10-03,14,Saturday,True,7.304383333333333
20261003_122833,2026-10-03 12:28:41.737000+00:00,Genève,local,ch:1:sloid:87057,"Genève, gare Cornavin",ch:1:sloid:87057:0:973093,2026-10-03,ch:1:sjyid:100680:HAS-26-08-20-13-Samedi-35205411,bus,Bus,8,8,645939,"Grand-Saconnex, Palexpo",Veyrier-Douane,C,,2026-10-03 12:37:00+00:00,2026-10-03 12:35:30+00:00,,True,-1.5,2026-10-03 14:28:41.737000+02:00,2026-10-03 14:37:00+02:00,2026-10-03 14:35:30+02:00,2026-10-03,14,Saturday,True,8.304383333333332
20261003_122833,2026-10-03 12:28:41.737000+00:00,Genève,local,ch:1:sloid:87057,"Genève, gare Cornavin",ch:1:sloid:87057:0:408265,2026-10-03,ch:1:sjyid:100680:HAS-26-15-10-Samedi-35071787,tram,Tram,15,15,845878,"Plan-les-Ouates, ZIPLO",Nations,E,,2026-10-03 12:38:00+00:00,2026-10-03 12:39:00+00:00,,True,1.0,2026-10-03 14:28:41.737000+02:00,2026-10-03 14:38:00+02:00,2026-10-03 14:39:00+02:00,2026-10-03,14,Saturday,True,9.304383333333334
20261003_122833,2026-10-03 12:28:41.737000+00:00,Genève,local,ch:1:sloid:87057,"Genève, gare Cornavin",ch:1:sloid:87057:0:698638,2026-10-03,ch:1:sjyid:100680:HAS-26-03-0-Samedi-33832800,bus,Bus,3,3,554141,"Genève, Crêts-de-Champel",Gardiol,F,,2026-10-03 12:38:00+00:00,2026-10-03 12:38:00+00:00,,True,0.0,2026-10-03 14:28:41.737000+02:00,2026-10-03 14:38:00+02:00,2026-10-03 14:38:00+02:00,2026-10-03,14,Saturday,True,9.304383333333334
20261003_122833,2026-10-03 12:28:41.737000+00:00,Genève,local,ch:1:sloid:87057,"Genève, gare Cornavin",ch:1:sloid:87057:0:408265,2026-10-03,ch:1:sjyid:100680:HAS-26-015925-70-Samedi-35914987,bus,Bus,25,25,699041,"Thônex, Vallard",Jardin Botanique,E,,2026-10-03 12:39:00+00:00,2026-10-03 12:42:48+00:00,,True,3.8,2026-10-03 14:28:41.737000+02:00,2026-10-03 14:39:00+02:00,2026-10-03 14:42:48+02:00,2026-10-03,14,Saturday,True,10.304383333333334
20261003_122833,2026-10-03 12:28:41.737000+00:00,Genève,local,ch:1:sloid:87057,"Genève, gare Cornavin",ch:1:sloid:87057:0:589555,2026-10-03,ch:1:sjyid:100680:HAS-26-02-06-19-1-Samedi-34652980,bus,Bus,6,6,617548,"Vernier, village",Genève-Plage,L,,2026-10-03 12:40:00+00:00,,,False,,2026-10-03 14:28:41.737000+02:00,2026-10-03 14:40:00+02:00,,2026-10-03,14,Saturday,True,11.304383333333334
20261003_122833,2026-10-03 12:28:42.237000+00:00,Lugano,local,ch:1:sloid:5380,"Lugano, Stazione",ch:1:sloid:5380::407002,2026-10-03,ch:1:sjyid:100754:9de2539e-3307-4093-a649-2470d9d0c6ef,bus,Bus,4,4,4137,"Lugano, Belvedere","Canobbio, Ganna",B,,2026-10-03 12:29:00+00:00,,,False,,2026-10-03 14:28:42.237000+02:00,2026-10-03 14:29:00+02:00,,2026-10-03,14,Saturday,True,0.29605000000000004
20261003_122833,2026-10-03 12:28:42.237000+00:00,Lugano,local,ch:1:sloid:5380,"Lugano, Stazione",ch:1:sloid:5380::407001,2026-10-03,ch:1:sjyid:100754:6b0156d9-4f91-499a-9764-0d5e698fff32,bus,Bus,4,4,4142,"Canobbio, Ganna","Lugano, Belvedere",A,,2026-10-03 12:31:00+00:00,2026-10-03 12:31:00+00:00,,True,0.0,2026-10-03 14:28:42.237000+02:00,2026-10-03 14:31:00+02:00,2026-10-03 14:31:00+02:00,2026-10-03,14,Saturday,True,2.29605
20261003_122833,2026-10-03 12:28:42.237000+00:00,Lugano,local,ch:1:sloid:5380,"Lugano, Stazione",ch:1:sloid:5380::407001,2026-10-03,ch:1:sjyid:100754:59b311a8-be33-44c1-bbf3-f5c448bfce83,bus,Bus,6,6,6157,"Lugano, Stazione","Lugano, Cornaredo",A,,2026-10-03 12:39:00+00:00,2026-10-03 12:39:00+00:00,,True,0.0,2026-10-03 14:28:42.237000+02:00,2026-10-03 14:39:00+02:00,2026-10-03 14:39:00+02:00,2026-10-03,14,Saturday,True,10.296050000000001
20261003_122833,2026-10-03 12:28:42.237000+00:00,Lugano,local,ch:1:sloid:5380,"Lugano, Stazione",ch:1:sloid:5380::407001,2026-10-03,ch:1:sjyid:100754:58328889-150f-418e-a7b4-1b3885f2256f,bus,Bus,2,2,2160,"Castagnola, Capolinea","Paradiso, Carzo",A,,2026-10-03 12:39:00+00:00,2026-10-03 12:39:00+00:00,,True,0.0,2026-10-03 14:28:42.237000+02:00,2026-10-03 14:39:00+02:00,2026-10-03 14:39:00+02:00,2026-10-03,14,Saturday,True,10.296050000000001
20261003_122833,2026-10-03 12:28:42.237000+00:00,Lugano,local,ch:1:sloid:5380,"Lugano, Stazione",ch:1:sloid:5380::407002,2026-10-03,ch:1:sjyid:100754:c48bce11-a98c-41a1-a05e-12d5b7a9e14c,bus,Bus,4,4,4143,"Lugano, Belvedere","Comano, Studio TV",B,,2026-10-03 12:44:00+00:00,2026-10-03 12:44:00+00:00,,True,0.0,2026-10-03 14:28:42.237000+02:00,2026-10-03 14:44:00+02:00,2026-10-03 14:44:00+02:00,2026-10-03,14,Saturday,True,15.296050000000001
20261003_122833,2026-10-03 12:28:42.237000+00:00,Lugano,local,ch:1:sloid:5380,"Lugano, Stazione",ch:1:sloid:5380::407001,2026-10-03,ch:1:sjyid:100754:4ef1b9ae-ff50-4fa4-be38-fcd5c1d337af,bus,Bus,4,4,4146,"Comano, Studio TV","Lugano, Belvedere",A,,2026-10-03 12:46:00+00:00,2026-10-03 12:47:42+00:00,,True,1.7,2026-10-03 14:28:42.237000+02:00,2026-10-03 14:46:00+02:00,2026-10-03 14:47:42+02:00,2026-10-03,14,Saturday,True,17.296049999999997
20261003_122833,2026-10-03 12:28:42.237000+00:00,Lugano,local,ch:1:sloid:5380,"Lugano, Stazione",ch:1:sloid:5380::407001,2026-10-03,ch:1:sjyid:100754:46da58d0-af0c-4a55-b269-224ab9cf5b28,bus,Bus,6,6,6161,"Lugano, Stazione","Piano Stampa, Capolinea",A,,2026-10-03 12:54:00+00:00,2026-10-03 12:54:00+00:00,,True,0.0,2026-10-03 14:28:42.237000+02:00,2026-10-03 14:54:00+02:00,2026-10-03 14:54:00+02:00,2026-10-03,14,Saturday,True,25.296049999999997
20261003_122833,2026-10-03 12:28:42.237000+00:00,Lugano,local,ch:1:sloid:5380,"Lugano, Stazione",ch:1:sloid:5380::407001,2026-10-03,ch:1:sjyid:100754:15cd2d10-6d49-4690-be74-68d48c8e025c,bus,Bus,2,2,2164,"Castagnola, Capolinea","Paradiso, Carzo",A,,2026-10-03 12:54:00+00:00,2026-10-03 12:54:00+00:00,,True,0.0,2026-10-03 14:28:42.237000+02:00,2026-10-03 14:54:00+02:00,2026-10-03 14:54:00+02:00,2026-10-03,14,Saturday,True,25.296049999999997
20261003_122833,2026-10-03 12:28:42.237000+00:00,Lugano,local,ch:1:sloid:5380,"Lugano, Stazione",ch:1:sloid:5380::407002,2026-10-03,ch:1:sjyid:100754:a4ce4192-b0df-41de-84ef-e2e56f0c6a64,bus,Bus,4,4,4147,"Lugano, Belvedere","Canobbio, Ganna",B,,2026-10-03 12:59:00+00:00,2026-10-03 12:59:00+00:00,,True,0.0,2026-10-03 14:28:42.237000+02:00,2026-10-03 14:59:00+02:00,2026-10-03 14:59:00+02:00,2026-10-03,14,Saturday,True,30.296049999999997
20261003_122833,2026-10-03 12:28:42.237000+00:00,Lugano,local,ch:1:sloid:5380,"Lugano, Stazione",ch:1:sloid:5380::407001,2026-10-03,ch:1:sjyid:100754:cb22ae7a-aab0-4e33-9c59-1ce7626602ca,bus,Bus,4,4,4152,"Canobbio, Ganna","Lugano, Belvedere",A,,2026-10-03 13:01:00+00:00,,,False,,2026-10-03 14:28:42.237000+02:00,2026-10-03 15:01:00+02:00,,2026-10-03,15,Saturday,True,32.29605
20261003_122833,2026-10-03 12:28:42.237000+00:00,Lugano,local,ch:1:sloid:5380,"Lugano, Stazione",ch:1:sloid:5380::407001,2026-10-03,ch:1:sjyid:100754:970075a1-e368-4c30-9459-c9f7075f762b,bus,Bus,6,6,6165,"Lugano, Stazione","Lugano, Cornaredo",A,,2026-10-03 13:09:00+00:00,,,False,,2026-10-03 14:28:42.237000+02:00,2026-10-03 15:09:00+02:00,,2026-10-03,15,Saturday,True,40.29605
20261003_122833,2026-10-03 12:28:42.237000+00:00,Lugano,local,ch:1:sloid:5380,"Lugano, Stazione",ch:1:sloid:5380::407001,2026-10-03,ch:1:sjyid:100754:003ffd90-c2a4-4a71-9a32-2577fc5df64b,bus,Bus,2,2,2168,"Castagnola, Capolinea","Paradiso, Carzo",A,,2026-10-03 13:09:00+00:00,2026-10-03 13:09:00+00:00,,True,0.0,2026-10-03 14:28:42.237000+02:00,2026-10-03 15:09:00+02:00,2026-10-03 15:09:00+02:00,2026-10-03,15,Saturday,True,40.29605
20261003_122833,2026-10-03 12:28:42.237000+00:00,Lugano,local,ch:1:sloid:5380,"Lugano, Stazione",ch:1:sloid:5380::407002,2026-10-03,ch:1:sjyid:100754:8a8037e6-b41a-4493-a838-2633d8af2fb4,bus,Bus,4,4,4151,"Lugano, Belvedere","Comano, Studio TV",B,,2026-10-03 13:14:00+00:00,2026-10-03 13:14:00+00:00,,True,0.0,2026-10-03 14:28:42.237000+02:00,2026-10-03 15:14:00+02:00,2026-10-03 15:14:00+02:00,2026-10-03,15,Saturday,True,45.29605
20261003_122833,2026-10-03 12:28:42.237000+00:00,Lugano,local,ch:1:sloid:5380,"Lugano, Stazione",ch:1:sloid:5380::407001,2026-10-03,ch:1:sjyid:100754:da6c1d46-b4f2-47b1-b72f-7ce25ad92028,bus,Bus,4,4,4154,"Comano, Studio TV","Lugano, Belvedere",A,,2026-10-03 13:16:00+00:00,2026-10-03 13:16:00+00:00,,True,0.0,2026-10-03 14:28:42.237000+02:00,2026-10-03 15:16:00+02:00,2026-10-03 15:16:00+02:00,2026-10-03,15,Saturday,True,47.29605
20261003_122833,2026-10-03 12:28:42.237000+00:00,Lugano,local,ch:1:sloid:5380,"Lugano, Stazione",ch:1:sloid:5380::407001,2026-10-03,ch:1:sjyid:100754:9be842bb-eaf8-48da-b8f8-709a4ef9a0cb,bus,Bus,6,6,6169,"Lugano, Stazione","Piano Stampa, Capolinea",A,,2026-10-03 13:24:00+00:00,,,False,,2026-10-03 14:28:42.237000+02:00,2026-10-03 15:24:00+02:00,,2026-10-03,15,Saturday,True,55.29605
20261003_122833,2026-10-03 12:28:42.237000+00:00,Lugano,local,ch:1:sloid:5380,"Lugano, Stazione",ch:1:sloid:5380::407001,2026-10-03,ch:1:sjyid:100754:4c2bdeeb-c60d-4ca7-aeaf-8760cafa4423,bus,Bus,2,2,2172,"Castagnola, Capolinea","Paradiso, Carzo",A,,2026-10-03 13:24:00+00:00,2026-10-03 13:24:00+00:00,,True,0.0,2026-10-03 14:28:42.237000+02:00,2026-10-03 15:24:00+02:00,2026-10-03 15:24:00+02:00,2026-10-03,15,Saturday,True,55.29605
20261003_122833,2026-10-03 12:28:42.237000+00:00,Lugano,local,ch:1:sloid:5380,"Lugano, Stazione",ch:1:sloid:5380::407002,2026-10-03,ch:1:sjyid:100754:bb9a77fb-6798-4fac-b0ca-7ba238dc674e,bus,Bus,4,4,4155,"Lugano, Belvedere","Canobbio, Ganna",B,,2026-10-03 13:29:00+00:00,,,False,,2026-10-03 14:28:42.237000+02:00,2026-10-03 15:29:00+02:00,,2026-10-03,15,Saturday,True,60.29605
20261003_122833,2026-10-03 12:28:42.237000+00:00,Lugano,local,ch:1:sloid:5380,"Lugano, Stazione",ch:1:sloid:5380::407001,2026-10-03,ch:1:sjyid:100754:3dd8cc47-df95-41d2-8611-229cbaa79e32,bus,Bus,4,4,4158,"Canobbio, Ganna","Lugano, Belvedere",A,,2026-10-03 13:31:00+00:00,2026-10-03 13:31:00+00:00,,True,0.0,2026-10-03 14:28:42.237000+02:00,2026-10-03 15:31:00+02:00,2026-10-03 15:31:00+02:00,2026-10-03,15,Saturday,True,62.29605
20261003_122833,2026-10-03 12:28:42.237000+00:00,Lugano,local,ch:1:sloid:5380,"Lugano, Stazione",ch:1:sloid:5380::407001,2026-10-03,ch:1:sjyid:100754:2319186f-0df3-4384-b376-801c1cd66f03,bus,Bus,6,6,6171,"Lugano, Stazione","Lugano, Cornaredo",A,,2026-10-03 13:39:00+00:00,,,False,,2026-10-03 14:28:42.237000+02:00,2026-10-03 15:39:00+02:00,,2026-10-03,15,Saturday,True,70.29605
20261003_122833,2026-10-03 12:28:42.237000+00:00,Lugano,local,ch:1:sloid:5380,"Lugano, Stazione",ch:1:sloid:5380::407001,2026-10-03,ch:1:sjyid:100754:06d36107-e3e9-4875-b2e5-1e844c65da0c,bus,Bus,2,2,2176,"Castagnola, Capolinea","Paradiso, Carzo",A,,2026-10-03 13:39:00+00:00,2026-10-03 13:39:00+00:00,,True,0.0,2026-10-03 14:28:42.237000+02:00,2026-10-03 15:39:00+02:00,2026-10-03 15:39:00+02:00,2026-10-03,15,Saturday,True,70.29605
20261003_122833,2026-10-03 12:28:42.237000+00:00,Lugano,local,ch:1:sloid:5380,"Lugano, Stazione",ch:1:sloid:5380::407002,2026-10-03,ch:1:sjyid:100754:4222b1aa-99e1-4ec7-a112-093182a606c3,bus,Bus,4,4,4159,"Lugano, Belvedere","Comano, Studio TV",B,,2026-10-03 13:44:00+00:00,,,False,,2026-10-03 14:28:42.237000+02:00,2026-10-03 15:44:00+02:00,,2026-10-03,15,Saturday,True,75.29605
20261003_122833,2026-10-03 12:28:42.237000+00:00,Lugano,local,ch:1:sloid:5380,"Lugano, Stazione",ch:1:sloid:5380::407001,2026-10-03,ch:1:sjyid:100754:690adfa3-0ff4-45d2-b43b-d987e1b8ed17,bus,Bus,4,4,4162,"Comano, Studio TV","Lugano, Belvedere",A,,2026-10-03 13:46:00+00:00,,,False,,2026-10-03 14:28:42.237000+02:00,2026-10-03 15:46:00+02:00,,2026-10-03,15,Saturday,True,77.29605
20261003_122833,2026-10-03 12:28:42.237000+00:00,Lugano,local,ch:1:sloid:5380,"Lugano, Stazione",ch:1:sloid:5380::407001,2026-10-03,ch:1:sjyid:100754:01075174-05e2-4ee6-b4ab-f51dac730839,bus,Bus,6,6,6175,"Lugano, Stazione","Piano Stampa, Capolinea",A,,2026-10-03 13:54:00+00:00,,,False,,2026-10-03 14:28:42.237000+02:00,2026-10-03 15:54:00+02:00,,2026-10-03,15,Saturday,True,85.29605
20261003_122833,2026-10-03 12:28:42.237000+00:00,Lugano,local,ch:1:sloid:5380,"Lugano, Stazione",ch:1:sloid:5380::407001,2026-10-03,ch:1:sjyid:100754:080a848a-78a9-4bd2-849b-ff12eb24d345,bus,Bus,2,2,2180,"Castagnola, Capolinea","Paradiso, Carzo",A,,2026-10-03 13:54:00+00:00,2026-10-03 13:54:00+00:00,,True,0.0,2026-10-03 14:28:42.237000+02:00,2026-10-03 15:54:00+02:00,2026-10-03 15:54:00+02:00,2026-10-03,15,Saturday,True,85.29605
20261003_122833,2026-10-03 12:28:42.237000+00:00,Lugano,local,ch:1:sloid:5380,"Lugano, Stazione",ch:1:sloid:5380::407002,2026-10-03,ch:1:sjyid:100754:d56a9303-3c43-4ee9-9f06-bd09e8396bc4,bus,Bus,4,4,4161,"Lugano, Belvedere","Canobbio, Ganna",B,,2026-10-03 13:59:00+00:00,,,False,,2026-10-03 14:28:42.237000+02:00,2026-10-03 15:59:00+02:00,,2026-10-03,15,Saturday,True,90.29605
20261003_122833,2026-10-03 12:28:42.237000+00:00,Lugano,local,ch:1:sloid:5380,"Lugano, Stazione",ch:1:sloid:5380::407001,2026-10-03,ch:1:sjyid:100754:125aa751-aa5d-45d3-b30c-5421a2a6bd36,bus,Bus,4,4,4166,"Canobbio, Ganna","Lugano, Belvedere",A,,2026-10-03 14:01:00+00:00,,,False,,2026-10-03 14:28:42.237000+02:00,2026-10-03 16:01:00+02:00,,2026-10-03,16,Saturday,True,92.29605
20261003_122833,2026-10-03 12:28:42.237000+00:00,Lugano,local,ch:1:sloid:5380,"Lugano, Stazione",ch:1:sloid:5380::407001,2026-10-03,ch:1:sjyid:100754:506d1d0d-dce2-4965-bc89-2e2162098cdb,bus,Bus,6,6,6179,"Lugano, Stazione","Lugano, Cornaredo",A,,2026-10-03 14:09:00+00:00,,,False,,2026-10-03 14:28:42.237000+02:00,2026-10-03 16:09:00+02:00,,2026-10-03,16,Saturday,True,100.29605
20261003_122833,2026-10-03 12:28:42.237000+00:00,Lugano,local,ch:1:sloid:5380,"Lugano, Stazione",ch:1:sloid:5380::407001,2026-10-03,ch:1:sjyid:100754:4bad8d80-3a52-4237-8ded-32fb3ecaa7c4,bus,Bus,2,2,2184,"Castagnola, Capolinea","Paradiso, Carzo",A,,2026-10-03 14:09:00+00:00,,,False,,2026-10-03 14:28:42.237000+02:00,2026-10-03 16:09:00+02:00,,2026-10-03,16,Saturday,True,100.29605
20261003_122833,2026-10-03 12:28:42.237000+00:00,Lugano,local,ch:1:sloid:5380,"Lugano, Stazione",ch:1:sloid:5380::407002,2026-10-03,ch:1:sjyid:100754:38d9471e-951a-4f77-a987-c644f91ada43,bus,Bus,4,4,4167,"Lugano, Belvedere","Comano, Studio TV",B,,2026-10-03 14:14:00+00:00,,,False,,2026-10-03 14:28:42.237000+02:00,2026-10-03 16:14:00+02:00,,2026-10-03,16,Saturday,True,105.29605
20261003_122833,2026-10-03 12:28:42.237000+00:00,Lugano,local,ch:1:sloid:5380,"Lugano, Stazione",ch:1:sloid:5380::407001,2026-10-03,ch:1:sjyid:100754:b5785415-87e0-441a-abfa-9f484e8ba9fa,bus,Bus,4,4,4172,"Comano, Studio TV","Lugano, Belvedere",A,,2026-10-03 14:16:00+00:00,,,False,,2026-10-03 14:28:42.237000+02:00,2026-10-03 16:16:00+02:00,,2026-10-03,16,Saturday,True,107.29605
