batch_id,collection_timestamp,city,station_type,station_id,station_name,stop_point_ref,operating_day,journey_ref,transport_mode,product_category,public_code,line,train_number,origin,destination,planned_platform,estimated_platform,scheduled_departure,estimated_departure,cancelled,has_realtime,predicted_delay_minutes,collection_timestamp_local,scheduled_departure_local,estimated_departure_local,date,hour,weekday,weekend,minutes_until_departure
20261009_063825,2026-10-09 06:38:25.610000+00:00,Zürich,rail,ch:1:sloid:3000,Zürich HB,ch:1:sloid:3000:500:32,2026-10-09,ch:1:sjyid:100001:18831-001,rail,S-Bahn,S8,S8,18831,Winterthur,Wädenswil,32,,2026-10-09 06:37:00+00:00,2026-10-09 06:38:24+00:00,,True,1.4,2026-10-09 08:38:25.610000+02:00,2026-10-09 08:37:00+02:00,2026-10-09 08:38:24+02:00,2026-10-09,8,Friday,False,-1.4268333333333334
20261009_063825,2026-10-09 06:38:25.610000+00:00,Zürich,rail,ch:1:sloid:3000,Zürich HB,ch:1:sloid:3000:9:16,2026-10-09,ch:1:sjyid:100001:4812-001,rail,RegioExpress,RE37,RE37,4812,Zürich HB,Aarau,16,,2026-10-09 06:38:00+00:00,2026-10-09 06:38:30+00:00,,True,0.5,2026-10-09 08:38:25.610000+02:00,2026-10-09 08:38:00+02:00,2026-10-09 08:38:30+02:00,2026-10-09,8,Friday,False,-0.42683333333333334
20261009_063825,2026-10-09 06:38:25.610000+00:00,Zürich,rail,ch:1:sloid:3000,Zürich HB,ch:1:sloid:3000:7:12,2026-10-09,ch:1:sjyid:100001:561-001,rail,InterCity,IC3,IC3,561,Basel SBB,Chur,12,,2026-10-09 06:38:00+00:00,2026-10-09 06:38:30+00:00,,True,0.5,2026-10-09 08:38:25.610000+02:00,2026-10-09 08:38:00+02:00,2026-10-09 08:38:30+02:00,2026-10-09,8,Friday,False,-0.42683333333333334
20261009_063825,2026-10-09 06:38:25.610000+00:00,Zürich,rail,ch:1:sloid:3000,Zürich HB,ch:1:sloid:3000:503:43,2026-10-09,ch:1:sjyid:100001:19531-001,rail,S-Bahn,S15,S15,19531,Niederweningen,Rüti ZH,43/44,44,2026-10-09 06:39:00+00:00,2026-10-09 06:40:12+00:00,,True,1.2,2026-10-09 08:38:25.610000+02:00,2026-10-09 08:39:00+02:00,2026-10-09 08:40:12+02:00,2026-10-09,8,Friday,False,0.5731666666666667
20261009_063825,2026-10-09 06:38:25.610000+00:00,Zürich,rail,ch:1:sloid:3000,Zürich HB,ch:1:sloid:3000:502:42,2026-10-09,ch:1:sjyid:100001:18530-001,rail,S-Bahn,S5,S5,18530,Rüti ZH,Zug,41/42,42,2026-10-09 06:39:00+00:00,2026-10-09 06:39:18+00:00,,True,0.3,2026-10-09 08:38:25.610000+02:00,2026-10-09 08:39:00+02:00,2026-10-09 08:39:18+02:00,2026-10-09,8,Friday,False,0.5731666666666667
20261009_063825,2026-10-09 06:38:25.610000+00:00,Zürich,rail,ch:1:sloid:3000,Zürich HB,ch:1:sloid:3000:500:31,2026-10-09,ch:1:sjyid:100001:19930-001,rail,S-Bahn,S19,S19,19930,Pfäffikon ZH,Dietikon,31,,2026-10-09 06:41:00+00:00,2026-10-09 06:42:12+00:00,,True,1.2,2026-10-09 08:38:25.610000+02:00,2026-10-09 08:41:00+02:00,2026-10-09 08:42:12+02:00,2026-10-09,8,Friday,False,2.5731666666666664
20261009_063825,2026-10-09 06:38:25.610000+00:00,Zürich,rail,ch:1:sloid:3000,Zürich HB,ch:1:sloid:3000:503:43,2026-10-09,ch:1:sjyid:100001:18731-001,rail,S-Bahn,S7,S7,18731,Winterthur,Rapperswil SG,43/44,,2026-10-09 06:41:00+00:00,2026-10-09 06:42:30+00:00,,True,1.5,2026-10-09 08:38:25.610000+02:00,2026-10-09 08:41:00+02:00,2026-10-09 08:42:30+02:00,2026-10-09,8,Friday,False,2.5731666666666664
20261009_063825,2026-10-09 06:38:25.610000+00:00,Zürich,rail,ch:1:sloid:3000,Zürich HB,ch:1:sloid:3000:501:34,2026-10-09,ch:1:sjyid:100001:19431-001,rail,S-Bahn,S14,S14,19431,Affoltern am Albis,Hinwil,34,,2026-10-09 06:42:00+00:00,2026-10-09 06:42:30+00:00,,True,0.5,2026-10-09 08:38:25.610000+02:00,2026-10-09 08:42:00+02:00,2026-10-09 08:42:30+02:00,2026-10-09,8,Friday,False,3.5731666666666664
20261009_063825,2026-10-09 06:38:25.610000+00:00,Zürich,rail,ch:1:sloid:3000,Zürich HB,ch:1:sloid:3000:501:33,2026-10-09,ch:1:sjyid:100001:18230-001,rail,S-Bahn,S2,S2,18230,Ziegelbrücke,Zürich Flughafen,33,,2026-10-09 06:44:00+00:00,2026-10-09 06:44:18+00:00,,True,0.3,2026-10-09 08:38:25.610000+02:00,2026-10-09 08:44:00+02:00,2026-10-09 08:44:18+02:00,2026-10-09,8,Friday,False,5.573166666666666
20261009_063825,2026-10-09 06:38:25.610000+00:00,Zürich,rail,ch:1:sloid:3000,Zürich HB,ch:1:sloid:3000:3:4,2026-10-09,ch:1:sjyid:100001:20430-001,rail,S-Bahn,S24,S24,20430,Zug,Thayngen,4,,2026-10-09 06:44:00+00:00,2026-10-09 06:44:18+00:00,,True,0.3,2026-10-09 08:38:25.610000+02:00,2026-10-09 08:44:00+02:00,2026-10-09 08:44:18+02:00,2026-10-09,8,Friday,False,5.573166666666666
20261009_063825,2026-10-09 06:38:25.610000+00:00,Zürich,rail,ch:1:sloid:3000,Zürich HB,ch:1:sloid:3000:502:42,2026-10-09,ch:1:sjyid:100001:19230-001,rail,S-Bahn,S12,S12,19230,Schaffhausen,Brugg AG,41/42,,2026-10-09 06:44:00+00:00,2026-10-09 06:44:18+00:00,,True,0.3,2026-10-09 08:38:25.610000+02:00,2026-10-09 08:44:00+02:00,2026-10-09 08:44:18+02:00,2026-10-09,8,Friday,False,5.573166666666666
20261009_063825,2026-10-09 06:38:25.610000+00:00,Zürich,rail,ch:1:sloid:3000,Zürich HB,ch:1:sloid:3000:503:43,2026-10-09,ch:1:sjyid:100001:19631-001,rail,S-Bahn,S16,S16,19631,Zürich Flughafen,Herrliberg-Feldmeilen,43/44,,2026-10-09 06:45:00+00:00,2026-10-09 06:45:36+00:00,,True,0.6,2026-10-09 08:38:25.610000+02:00,2026-10-09 08:45:00+02:00,2026-10-09 08:45:36+02:00,2026-10-09,8,Friday,False,6.573166666666666
20261009_063825,2026-10-09 06:38:25.610000+00:00,Zürich,rail,ch:1:sloid:3000,Zürich HB,ch:1:sloid:3000:503:43,2026-10-09,ch:1:sjyid:100001:19231-001,rail,S-Bahn,S12,S12,19231,Brugg AG,Wil SG,43/44,,2026-10-09 06:46:00+00:00,2026-10-09 06:47:00+00:00,,True,1.0,2026-10-09 08:38:25.610000+02:00,2026-10-09 08:46:00+02:00,2026-10-09 08:47:00+02:00,2026-10-09,8,Friday,False,7.573166666666666
20261009_063825,2026-10-09 06:38:25.610000+00:00,Zürich,rail,ch:1:sloid:3000,Zürich HB,ch:1:sloid:3000:502:42,2026-10-09,ch:1:sjyid:100001:19630-001,rail,S-Bahn,S16,S16,19630,Herrliberg-Feldmeilen,Zürich Flughafen,41/42,,2026-10-09 06:46:00+00:00,2026-10-09 06:46:18+00:00,,True,0.3,2026-10-09 08:38:25.610000+02:00,2026-10-09 08:46:00+02:00,2026-10-09 08:46:18+02:00,2026-10-09,8,Friday,False,7.573166666666666
20261009_063825,2026-10-09 06:38:25.610000+00:00,Zürich,rail,ch:1:sloid:3000,Zürich HB,ch:1:sloid:3000:500:32,2026-10-09,ch:1:sjyid:100001:18231-001,rail,S-Bahn,S2,S2,18231,Zürich Flughafen,Ziegelbrücke,32,,2026-10-09 06:47:00+00:00,2026-10-09 06:48:00+00:00,,True,1.0,2026-10-09 08:38:25.610000+02:00,2026-10-09 08:47:00+02:00,2026-10-09 08:48:00+02:00,2026-10-09,8,Friday,False,8.573166666666667
20261009_063825,2026-10-09 06:38:25.610000+00:00,Zürich,rail,ch:1:sloid:3000,Zürich HB,ch:1:sloid:3000:500:31,2026-10-09,ch:1:sjyid:100001:19430-001,rail,S-Bahn,S14,S14,19430,Hinwil,Affoltern am Albis,31,,2026-10-09 06:49:00+00:00,2026-10-09 06:50:00+00:00,,True,1.0,2026-10-09 08:38:25.610000+02:00,2026-10-09 08:49:00+02:00,2026-10-09 08:50:00+02:00,2026-10-09,8,Friday,False,10.573166666666667
20261009_063825,2026-10-09 06:38:25.610000+00:00,Zürich,rail,ch:1:sloid:3000,Zürich HB,ch:1:sloid:3000:501:34,2026-10-09,ch:1:sjyid:100001:19931-001,rail,S-Bahn,S19,S19,19931,Koblenz,Effretikon,34,,2026-10-09 06:49:00+00:00,2026-10-09 06:49:18+00:00,,True,0.3,2026-10-09 08:38:25.610000+02:00,2026-10-09 08:49:00+02:00,2026-10-09 08:49:18+02:00,2026-10-09,8,Friday,False,10.573166666666667
20261009_063825,2026-10-09 06:38:25.610000+00:00,Zürich,rail,ch:1:sloid:3000,Zürich HB,ch:1:sloid:3000:502:42,2026-10-09,ch:1:sjyid:100001:18730-001,rail,S-Bahn,S7,S7,18730,Rapperswil SG,Winterthur,41/42,,2026-10-09 06:49:00+00:00,2026-10-09 06:49:42+00:00,,True,0.7,2026-10-09 08:38:25.610000+02:00,2026-10-09 08:49:00+02:00,2026-10-09 08:49:42+02:00,2026-10-09,8,Friday,False,10.573166666666667
20261009_063825,2026-10-09 06:38:25.610000+00:00,Zürich,rail,ch:1:sloid:3000,Zürich HB,ch:1:sloid:3000:3:5,2026-10-09,ch:1:sjyid:100001:20431-001,rail,S-Bahn,S24,S24,20431,Weinfelden,Zug,5,,2026-10-09 06:51:00+00:00,2026-10-09 06:51:30+00:00,,True,0.5,2026-10-09 08:38:25.610000+02:00,2026-10-09 08:51:00+02:00,2026-10-09 08:51:30+02:00,2026-10-09,8,Friday,False,12.573166666666667
20261009_063825,2026-10-09 06:38:25.610000+00:00,Zürich,rail,ch:1:sloid:3000,Zürich HB,ch:1:sloid:3000:501:33,2026-10-09,ch:1:sjyid:100001:2061-001,rail,InterRegio,IR36,IR36,2061,Basel SBB,Zürich Flughafen,33,,2026-10-09 06:52:00+00:00,2026-10-09 06:52:24+00:00,,True,0.4,2026-10-09 08:38:25.610000+02:00,2026-10-09 08:52:00+02:00,2026-10-09 08:52:24+02:00,2026-10-09,8,Friday,False,13.573166666666667
20261009_063825,2026-10-09 06:38:25.610000+00:00,Zürich,rail,ch:1:sloid:3000,Zürich HB,ch:1:sloid:3000:502:42,2026-10-09,ch:1:sjyid:100001:19530-001,rail,S-Bahn,S15,S15,19530,Rüti ZH,Niederweningen,41/42,,2026-10-09 06:52:00+00:00,2026-10-09 06:52:24+00:00,,True,0.4,2026-10-09 08:38:25.610000+02:00,2026-10-09 08:52:00+02:00,2026-10-09 08:52:24+02:00,2026-10-09,8,Friday,False,13.573166666666667
20261009_063825,2026-10-09 06:38:25.610000+00:00,Zürich,rail,ch:1:sloid:3000,Zürich HB,ch:1:sloid:3000:8:15,2026-10-09,ch:1:sjyid:100061:2360-001,rail,Aare Linth,IR35,IR35,2360,Chur,Bern,15,,2026-10-09 06:53:00+00:00,2026-10-09 06:53:30+00:00,,True,0.5,2026-10-09 08:38:25.610000+02:00,2026-10-09 08:53:00+02:00,2026-10-09 08:53:30+02:00,2026-10-09,8,Friday,False,14.573166666666667
20261009_063825,2026-10-09 06:38:25.610000+00:00,Zürich,rail,ch:1:sloid:3000,Zürich HB,ch:1:sloid:3000:503:43,2026-10-09,ch:1:sjyid:100001:18531-001,rail,S-Bahn,S5,S5,18531,Zug,Rüti ZH,43/44,,2026-10-09 06:54:00+00:00,2026-10-09 06:54:18+00:00,,True,0.3,2026-10-09 08:38:25.610000+02:00,2026-10-09 08:54:00+02:00,2026-10-09 08:54:18+02:00,2026-10-09,8,Friday,False,15.573166666666667
20261009_063825,2026-10-09 06:38:25.610000+00:00,Zürich,rail,ch:1:sloid:3000,Zürich HB,ch:1:sloid:3000:501:34,2026-10-09,ch:1:sjyid:100001:18830-001,rail,S-Bahn,S8,S8,18830,Wädenswil,Winterthur,34,,2026-10-09 06:55:00+00:00,2026-10-09 06:55:18+00:00,,True,0.3,2026-10-09 08:38:25.610000+02:00,2026-10-09 08:55:00+02:00,2026-10-09 08:55:18+02:00,2026-10-09,8,Friday,False,16.573166666666665
20261009_063825,2026-10-09 06:38:25.610000+00:00,Zürich,rail,ch:1:sloid:3000,Zürich HB,ch:1:sloid:3000:502:42,2026-10-09,ch:1:sjyid:100001:18330-001,rail,S-Bahn,S3,S3,18330,Wetzikon ZH,Zürich Hardbrücke,41/42,,2026-10-09 06:56:00+00:00,2026-10-09 06:57:18+00:00,,True,1.3,2026-10-09 08:38:25.610000+02:00,2026-10-09 08:56:00+02:00,2026-10-09 08:57:18+02:00,2026-10-09,8,Friday,False,17.57316666666667
20261009_063825,2026-10-09 06:38:25.610000+00:00,Zürich,rail,ch:1:sloid:3000,Zürich HB,ch:1:sloid:3000:503:43,2026-10-09,ch:1:sjyid:100001:18931-001,rail,S-Bahn,S9,S9,18931,Schaffhausen,Uster,43/44,,2026-10-09 06:58:00+00:00,2026-10-09 06:58:18+00:00,,True,0.3,2026-10-09 08:38:25.610000+02:00,2026-10-09 08:58:00+02:00,2026-10-09 08:58:18+02:00,2026-10-09,8,Friday,False,19.57316666666667
20261009_063825,2026-10-09 06:38:25.610000+00:00,Zürich,rail,ch:1:sloid:3000,Zürich HB,ch:1:sloid:3000:2:3,2026-10-09,ch:1:sjyid:100001:794-001,rail,InterCity,IC3,IC3,794,Zürich HB,Basel SBB,3,,2026-10-09 06:59:00+00:00,2026-10-09 06:59:30+00:00,,True,0.5,2026-10-09 08:38:25.610000+02:00,2026-10-09 08:59:00+02:00,2026-10-09 08:59:30+02:00,2026-10-09,8,Friday,False,20.57316666666667
20261009_063825,2026-10-09 06:38:25.610000+00:00,Zürich,rail,ch:1:sloid:3000,Zürich HB,ch:1:sloid:3000:502:42,2026-10-09,ch:1:sjyid:100001:19132-001,rail,S-Bahn,S11,S11,19132,Seuzach,Aarau,41/42,,2026-10-09 06:59:00+00:00,2026-10-09 07:00:12+00:00,,True,1.2,2026-10-09 08:38:25.610000+02:00,2026-10-09 08:59:00+02:00,2026-10-09 09:00:12+02:00,2026-10-09,8,Friday,False,20.57316666666667
20261009_063825,2026-10-09 06:38:25.610000+00:00,Zürich,rail,ch:1:sloid:3000,Zürich HB,ch:1:sloid:3000:503:43,2026-10-09,ch:1:sjyid:100001:18631-001,rail,S-Bahn,S6,S6,18631,Baden,Uetikon,43/44,,2026-10-09 07:00:00+00:00,2026-10-09 07:00:30+00:00,,True,0.5,2026-10-09 08:38:25.610000+02:00,2026-10-09 09:00:00+02:00,2026-10-09 09:00:30+02:00,2026-10-09,9,Friday,False,21.57316666666667
20261009_063825,2026-10-09 06:38:25.610000+00:00,Zürich,rail,ch:1:sloid:3000,Zürich HB,ch:1:sloid:3000:503:43,2026-10-09,ch:1:sjyid:100001:19133-001,rail,S-Bahn,S11,S11,19133,Aarau,Seuzach,43/44,,2026-10-09 07:01:00+00:00,2026-10-09 07:02:00+00:00,,True,1.0,2026-10-09 08:38:25.610000+02:00,2026-10-09 09:01:00+02:00,2026-10-09 09:02:00+02:00,2026-10-09,9,Friday,False,22.57316666666667
20261009_063825,2026-10-09 06:38:26.711000+00:00,Bern,rail,ch:1:sloid:7000,Bern,ch:1:sloid:7000:55:50,2026-10-09,ch:1:sjyid:100001:2363-001,rail,InterRegio,IR35,IR35,2363,Bern,Chur,50,,2026-10-09 06:38:00+00:00,2026-10-09 06:38:00+00:00,,True,0.0,2026-10-09 08:38:26.711000+02:00,2026-10-09 08:38:00+02:00,2026-10-09 08:38:00+02:00,2026-10-09,8,Friday,False,-0.4451833333333333
20261009_063825,2026-10-09 06:38:26.711000+00:00,Bern,rail,ch:1:sloid:7000,Bern,ch:1:sloid:7000:5:9,2026-10-09,ch:1:sjyid:100015:4163-001,rail,RegioExpress,RE1,RE1,4163,Bern,Brig/Zweisimmen,9,,2026-10-09 06:39:00+00:00,2026-10-09 06:39:30+00:00,,True,0.5,2026-10-09 08:38:26.711000+02:00,2026-10-09 08:39:00+02:00,2026-10-09 08:39:30+02:00,2026-10-09,8,Friday,False,0.5548166666666667
20261009_063825,2026-10-09 06:38:26.711000+00:00,Bern,rail,ch:1:sloid:7000,Bern,ch:1:sloid:7000:501:24,2026-10-09,ch:1:sjyid:100066:SKI-8085,rail,S-Bahn,S8,S8,8085,Bern,Bätterkinden,24,,2026-10-09 06:39:00+00:00,2026-10-09 06:39:00+00:00,,True,0.0,2026-10-09 08:38:26.711000+02:00,2026-10-09 08:39:00+02:00,2026-10-09 08:39:00+02:00,2026-10-09,8,Friday,False,0.5548166666666667
20261009_063825,2026-10-09 06:38:26.711000+00:00,Bern,rail,ch:1:sloid:7000,Bern,ch:1:sloid:7000:55:49,2026-10-09,ch:1:sjyid:100015:3331-001,rail,InterRegio,IR65,IR65,3331,Bern,Biel/Bienne,49,,2026-10-09 06:42:00+00:00,2026-10-09 06:42:12+00:00,,True,0.2,2026-10-09 08:38:26.711000+02:00,2026-10-09 08:42:00+02:00,2026-10-09 08:42:12+02:00,2026-10-09,8,Friday,False,3.5548166666666665
20261009_063825,2026-10-09 06:38:26.711000+00:00,Bern,rail,ch:1:sloid:7000,Bern,ch:1:sloid:7000_gen:ch:1:sloid:7000:0:1752_pf:5E-H,2026-10-09,ch:1:sjyid:100015:15426-002,rail,S-Bahn,S4,S4,15426,Langnau i.E.,Thun,5E-H,,2026-10-09 06:42:00+00:00,2026-10-09 06:42:42+00:00,,True,0.7,2026-10-09 08:38:26.711000+02:00,2026-10-09 08:42:00+02:00,2026-10-09 08:42:42+02:00,2026-10-09,8,Friday,False,3.5548166666666665
20261009_063825,2026-10-09 06:38:26.711000+00:00,Bern,rail,ch:1:sloid:7000,Bern,ch:1:sloid:7000:4:7,2026-10-09,ch:1:sjyid:100015:15231-001,rail,S-Bahn,S2,S2,15231,Laupen BE,Langnau i.E.,7,,2026-10-09 06:42:00+00:00,2026-10-09 06:42:12+00:00,,True,0.2,2026-10-09 08:38:26.711000+02:00,2026-10-09 08:42:00+02:00,2026-10-09 08:42:12+02:00,2026-10-09,8,Friday,False,3.5548166666666665
20261009_063825,2026-10-09 06:38:26.711000+00:00,Bern,rail,ch:1:sloid:7000,Bern,ch:1:sloid:7000_gen:ch:1:sloid:7000:1:21_pf:1E-H,2026-10-09,ch:1:sjyid:100015:15128-001,rail,S-Bahn,S1,S1,15128,Thun,Fribourg/Freiburg,1E-H,,2026-10-09 06:45:00+00:00,2026-10-09 06:45:12+00:00,,True,0.2,2026-10-09 08:38:26.711000+02:00,2026-10-09 08:45:00+02:00,2026-10-09 08:45:12+02:00,2026-10-09,8,Friday,False,6.5548166666666665
20261009_063825,2026-10-09 06:38:26.711000+00:00,Bern,rail,ch:1:sloid:7000,Bern,ch:1:sloid:7000:501:23,2026-10-09,ch:1:sjyid:100066:SKI-7087,rail,S-Bahn,S7,S7,7087,Bern,Worb Dorf,23,,2026-10-09 06:45:00+00:00,2026-10-09 06:45:00+00:00,,True,0.0,2026-10-09 08:38:26.711000+02:00,2026-10-09 08:45:00+02:00,2026-10-09 08:45:00+02:00,2026-10-09,8,Friday,False,6.5548166666666665
20261009_063825,2026-10-09 06:38:26.711000+00:00,Bern,rail,ch:1:sloid:7000,Bern,ch:1:sloid:7000:500:22,2026-10-09,ch:1:sjyid:100066:SKI-9087,rail,S-Bahn,S9,S9,9087,Bern,Unterzollikofen,22,,2026-10-09 06:46:00+00:00,2026-10-09 06:46:00+00:00,,True,0.0,2026-10-09 08:38:26.711000+02:00,2026-10-09 08:46:00+02:00,2026-10-09 08:46:00+02:00,2026-10-09,8,Friday,False,7.5548166666666665
20261009_063825,2026-10-09 06:38:26.711000+00:00,Bern,rail,ch:1:sloid:7000,Bern,ch:1:sloid:7000_gen:ch:1:sloid:7000:6:13_pf:13AB,2026-10-09,ch:1:sjyid:100015:16331-002,rail,S-Bahn,S31,S31,16331,Wabern bei Bern,Münchenbuchsee,13AB,,2026-10-09 06:46:00+00:00,2026-10-09 06:46:12+00:00,,True,0.2,2026-10-09 08:38:26.711000+02:00,2026-10-09 08:46:00+02:00,2026-10-09 08:46:12+02:00,2026-10-09,8,Friday,False,7.5548166666666665
20261009_063825,2026-10-09 06:38:26.711000+00:00,Bern,rail,ch:1:sloid:7000,Bern,ch:1:sloid:7000_gen:ch:1:sloid:7000:3:5_pf:5A-C,2026-10-09,ch:1:sjyid:100015:16328-002,rail,S-Bahn,S31,S31,16328,Münchenbuchsee,Wabern bei Bern,5A-C,,2026-10-09 06:47:00+00:00,2026-10-09 06:47:12+00:00,,True,0.2,2026-10-09 08:38:26.711000+02:00,2026-10-09 08:47:00+02:00,2026-10-09 08:47:12+02:00,2026-10-09,8,Friday,False,8.554816666666666
20261009_063825,2026-10-09 06:38:26.711000+00:00,Bern,rail,ch:1:sloid:7000,Bern,ch:1:sloid:7000:5:10,2026-10-09,ch:1:sjyid:100015:15129-001,rail,S-Bahn,S1,S1,15129,Fribourg/Freiburg,Thun,10,,2026-10-09 06:47:00+00:00,2026-10-09 06:47:30+00:00,,True,0.5,2026-10-09 08:38:26.711000+02:00,2026-10-09 08:47:00+02:00,2026-10-09 08:47:30+02:00,2026-10-09,8,Friday,False,8.554816666666666
20261009_063825,2026-10-09 06:38:26.711000+00:00,Bern,rail,ch:1:sloid:7000,Bern,ch:1:sloid:7000:1:1,2026-10-09,ch:1:sjyid:100015:15230-001,rail,S-Bahn,S2,S2,15230,Langnau i.E.,Laupen BE,1A-D,,2026-10-09 06:50:00+00:00,2026-10-09 06:50:18+00:00,,True,0.3,2026-10-09 08:38:26.711000+02:00,2026-10-09 08:50:00+02:00,2026-10-09 08:50:18+02:00,2026-10-09,8,Friday,False,11.554816666666666
20261009_063825,2026-10-09 06:38:26.711000+00:00,Bern,rail,ch:1:sloid:7000,Bern,ch:1:sloid:7000:500:21,2026-10-09,ch:1:sjyid:100066:SKI-1087,rail,RegioExpress,RE5,RE5,1087,Bern,Solothurn,21,,2026-10-09 06:50:00+00:00,2026-10-09 06:50:00+00:00,,True,0.0,2026-10-09 08:38:26.711000+02:00,2026-10-09 08:50:00+02:00,2026-10-09 08:50:00+02:00,2026-10-09,8,Friday,False,11.554816666666666
20261009_063825,2026-10-09 06:38:26.711000+00:00,Bern,rail,ch:1:sloid:7000,Bern,ch:1:sloid:7000_gen:ch:1:sloid:7000:6:12_pf:12A-C,2026-10-09,ch:1:sjyid:100015:16429-001,rail,S-Bahn,S44,S44,16429,Thun,Solothurn/Sumiswald-Grünen,12A-C,,2026-10-09 06:50:00+00:00,2026-10-09 06:50:12+00:00,,True,0.2,2026-10-09 08:38:26.711000+02:00,2026-10-09 08:50:00+02:00,2026-10-09 08:50:12+02:00,2026-10-09,8,Friday,False,11.554816666666666
20261009_063825,2026-10-09 06:38:26.711000+00:00,Bern,rail,ch:1:sloid:7000,Bern,ch:1:sloid:7000:3:6,2026-10-09,ch:1:sjyid:100015:3214-001,rail,InterRegio,IR66,IR66,3214,Bern,La Chaux-de-Fonds,6,,2026-10-09 06:53:00+00:00,2026-10-09 06:53:12+00:00,,True,0.2,2026-10-09 08:38:26.711000+02:00,2026-10-09 08:53:00+02:00,2026-10-09 08:53:12+02:00,2026-10-09,8,Friday,False,14.554816666666666
20261009_063825,2026-10-09 06:38:26.711000+00:00,Bern,rail,ch:1:sloid:7000,Bern,ch:1:sloid:7000:501:23,2026-10-09,ch:1:sjyid:100066:SKI-8087,rail,S-Bahn,S8,S8,8087,Bern,Jegenstorf,23,,2026-10-09 06:54:00+00:00,2026-10-09 06:54:00+00:00,,True,0.0,2026-10-09 08:38:26.711000+02:00,2026-10-09 08:54:00+02:00,2026-10-09 08:54:00+02:00,2026-10-09,8,Friday,False,15.554816666666666
20261009_063825,2026-10-09 06:38:26.711000+00:00,Bern,rail,ch:1:sloid:7000,Bern,ch:1:sloid:7000:5:10,2026-10-09,ch:1:sjyid:100001:2511-001,rail,InterRegio,IR15,IR15,2511,Genève-Aéroport,Luzern,10,,2026-10-09 07:00:00+00:00,2026-10-09 07:00:36+00:00,,True,0.6,2026-10-09 08:38:26.711000+02:00,2026-10-09 09:00:00+02:00,2026-10-09 09:00:36+02:00,2026-10-09,9,Friday,False,21.554816666666667
20261009_063825,2026-10-09 06:38:26.711000+00:00,Bern,rail,ch:1:sloid:7000,Bern,ch:1:sloid:7000:501:24,2026-10-09,ch:1:sjyid:100066:SKI-7091,rail,S-Bahn,S7,S7,7091,Bern,Worb Dorf,24,,2026-10-09 07:00:00+00:00,2026-10-09 07:00:00+00:00,,True,0.0,2026-10-09 08:38:26.711000+02:00,2026-10-09 09:00:00+02:00,2026-10-09 09:00:00+02:00,2026-10-09,9,Friday,False,21.554816666666667
20261009_063825,2026-10-09 06:38:26.711000+00:00,Bern,rail,ch:1:sloid:7000,Bern,ch:1:sloid:7000_gen:ch:1:sloid:7000:6:12_pf:12A-C,2026-10-09,ch:1:sjyid:100015:15333-001,rail,S-Bahn,S3,S3,15333,Belp,Biel/Bienne,12A-C,,2026-10-09 07:00:00+00:00,2026-10-09 07:00:30+00:00,,True,0.5,2026-10-09 08:38:26.711000+02:00,2026-10-09 09:00:00+02:00,2026-10-09 09:00:30+02:00,2026-10-09,9,Friday,False,21.554816666666667
20261009_063825,2026-10-09 06:38:26.711000+00:00,Bern,rail,ch:1:sloid:7000,Bern,ch:1:sloid:7000:500:22,2026-10-09,ch:1:sjyid:100066:SKI-9091,rail,S-Bahn,S9,S9,9091,Bern,Unterzollikofen,22,,2026-10-09 07:01:00+00:00,2026-10-09 07:01:00+00:00,,True,0.0,2026-10-09 08:38:26.711000+02:00,2026-10-09 09:01:00+02:00,2026-10-09 09:01:00+02:00,2026-10-09,9,Friday,False,22.554816666666667
20261009_063825,2026-10-09 06:38:26.711000+00:00,Bern,rail,ch:1:sloid:7000,Bern,ch:1:sloid:7000:1:2,2026-10-09,ch:1:sjyid:100001:811-002,rail,InterCity,IC81,IC81,811,Interlaken Ost,Romanshorn,2,,2026-10-09 07:02:00+00:00,2026-10-09 07:02:36+00:00,,True,0.6,2026-10-09 08:38:26.711000+02:00,2026-10-09 09:02:00+02:00,2026-10-09 09:02:36+02:00,2026-10-09,9,Friday,False,23.554816666666667
20261009_063825,2026-10-09 06:38:26.711000+00:00,Bern,rail,ch:1:sloid:7000,Bern,ch:1:sloid:7000:1:1,2026-10-09,ch:1:sjyid:100015:15330-001,rail,S-Bahn,S3,S3,15330,Biel/Bienne,Belp,1A-D,,2026-10-09 07:02:00+00:00,2026-10-09 07:02:12+00:00,,True,0.2,2026-10-09 08:38:26.711000+02:00,2026-10-09 09:02:00+02:00,2026-10-09 09:02:12+02:00,2026-10-09,9,Friday,False,23.554816666666667
20261009_063825,2026-10-09 06:38:26.711000+00:00,Bern,rail,ch:1:sloid:7000,Bern,ch:1:sloid:7000:3:5,2026-10-09,ch:1:sjyid:100001:372-002,rail,InterCityExpress,ICE,ICE,372,Brig,Berlin Hbf (Tief),5,,2026-10-09 07:04:00+00:00,2026-10-09 07:05:00+00:00,,True,1.0,2026-10-09 08:38:26.711000+02:00,2026-10-09 09:04:00+02:00,2026-10-09 09:05:00+02:00,2026-10-09,9,Friday,False,25.554816666666667
20261009_063825,2026-10-09 06:38:26.711000+00:00,Bern,rail,ch:1:sloid:7000,Bern,ch:1:sloid:7000:4:7,2026-10-09,ch:1:sjyid:100001:2512-002,rail,InterRegio,IR15,IR15,2512,Luzern,Genève-Aéroport,7,,2026-10-09 07:04:00+00:00,2026-10-09 07:04:36+00:00,,True,0.6,2026-10-09 08:38:26.711000+02:00,2026-10-09 09:04:00+02:00,2026-10-09 09:04:36+02:00,2026-10-09,9,Friday,False,25.554816666666667
20261009_063825,2026-10-09 06:38:26.711000+00:00,Bern,rail,ch:1:sloid:7000,Bern,ch:1:sloid:7000:4:8,2026-10-09,ch:1:sjyid:100001:271-001,rail,InterCityExpress,ICE,ICE,271,Basel Bad Bf,Interlaken Ost,8,,2026-10-09 07:04:00+00:00,2026-10-09 07:04:42+00:00,,True,0.7,2026-10-09 08:38:26.711000+02:00,2026-10-09 09:04:00+02:00,2026-10-09 09:04:42+02:00,2026-10-09,9,Friday,False,25.554816666666667
20261009_063825,2026-10-09 06:38:26.711000+00:00,Bern,rail,ch:1:sloid:7000,Bern,ch:1:sloid:7000:500:21,2026-10-09,ch:1:sjyid:100066:SKI-1091,rail,RegioExpress,RE5,RE5,1091,Bern,Solothurn,21,,2026-10-09 07:05:00+00:00,2026-10-09 07:05:00+00:00,,True,0.0,2026-10-09 08:38:26.711000+02:00,2026-10-09 09:05:00+02:00,2026-10-09 09:05:00+02:00,2026-10-09,9,Friday,False,26.554816666666667
20261009_063825,2026-10-09 06:38:26.711000+00:00,Bern,rail,ch:1:sloid:7000,Bern,ch:1:sloid:7000_gen:ch:1:sloid:7000:6:33_pf:13D-F,2026-10-09,ch:1:sjyid:100015:15632-001,rail,S-Bahn,S6,S6,15632,Bern,Schwarzenburg,13D-F,,2026-10-09 07:06:00+00:00,2026-10-09 07:06:12+00:00,,True,0.2,2026-10-09 08:38:26.711000+02:00,2026-10-09 09:06:00+02:00,2026-10-09 09:06:12+02:00,2026-10-09,9,Friday,False,27.554816666666667
20261009_063825,2026-10-09 06:38:26.711000+00:00,Bern,rail,ch:1:sloid:7000,Bern,ch:1:sloid:7000:3:6,2026-10-09,ch:1:sjyid:100001:808-001,rail,InterCity,IC8,IC8,808,Romanshorn,Brig,6,,2026-10-09 07:07:00+00:00,2026-10-09 07:07:42+00:00,,True,0.7,2026-10-09 08:38:26.711000+02:00,2026-10-09 09:07:00+02:00,2026-10-09 09:07:42+02:00,2026-10-09,9,Friday,False,28.554816666666667
20261009_063825,2026-10-09 06:38:26.711000+00:00,Bern,rail,ch:1:sloid:7000,Bern,ch:1:sloid:7000:5:9,2026-10-09,ch:1:sjyid:100015:2815-001,rail,InterRegio,IR17,IR17,2815,Bern,Olten,9,,2026-10-09 07:07:00+00:00,2026-10-09 07:07:30+00:00,,True,0.5,2026-10-09 08:38:26.711000+02:00,2026-10-09 09:07:00+02:00,2026-10-09 09:07:30+02:00,2026-10-09,9,Friday,False,28.554816666666667
20261009_063825,2026-10-09 06:38:27.244000+00:00,Basel,rail,ch:1:sloid:10,Basel SBB,ch:1:sloid:10:22:33,2026-10-09,ch:1:sjyid:100001:96110-001,rail,Train Express Regional,TER,TER,96110,Basel SBB,Mulhouse,33,,2026-10-09 06:38:00+00:00,2026-10-09 06:38:30+00:00,,True,0.5,2026-10-09 08:38:27.244000+02:00,2026-10-09 08:38:00+02:00,2026-10-09 08:38:30+02:00,2026-10-09,8,Friday,False,-0.4540666666666667
20261009_063825,2026-10-09 06:38:27.244000+00:00,Basel,rail,ch:1:sloid:10,Basel SBB,ch:1:sloid:10:8:16,2026-10-09,ch:1:sjyid:100001:17326-001,rail,S-Bahn,S3,S3,17326,Olten,Laufen,16,,2026-10-09 06:38:00+00:00,2026-10-09 06:38:12+00:00,,True,0.2,2026-10-09 08:38:27.244000+02:00,2026-10-09 08:38:00+02:00,2026-10-09 08:38:12+02:00,2026-10-09,8,Friday,False,-0.4540666666666667
20261009_063825,2026-10-09 06:38:27.244000+00:00,Basel,rail,ch:1:sloid:10,Basel SBB,ch:1:sloid:10:5:9,2026-10-09,ch:1:sjyid:100001:2263-001,rail,InterRegio,IR37,IR37,2263,Basel SBB,Zürich HB,9,,2026-10-09 06:43:00+00:00,2026-10-09 06:43:48+00:00,,True,0.8,2026-10-09 08:38:27.244000+02:00,2026-10-09 08:43:00+02:00,2026-10-09 08:43:48+02:00,2026-10-09,8,Friday,False,4.545933333333333
20261009_063825,2026-10-09 06:38:27.244000+00:00,Basel,rail,ch:1:sloid:10,Basel SBB,ch:1:sloid:10:7:15,2026-10-09,ch:1:sjyid:100001:17529-001,rail,S-Bahn,S33,S33,17529,Basel SBB,Liestal,15,,2026-10-09 06:45:00+00:00,2026-10-09 06:45:30+00:00,,True,0.5,2026-10-09 08:38:27.244000+02:00,2026-10-09 08:45:00+02:00,2026-10-09 08:45:30+02:00,2026-10-09,8,Friday,False,6.545933333333333
20261009_063825,2026-10-09 06:38:27.244000+00:00,Basel,rail,ch:1:sloid:10,Basel SBB,ch:1:sloid:10:5:10,2026-10-09,ch:1:sjyid:100001:74-002,rail,InterCityExpress,ICE,ICE,74,Basel SBB,Hamburg Hbf,10,,2026-10-09 06:46:00+00:00,2026-10-09 06:46:42+00:00,,True,0.7,2026-10-09 08:38:27.244000+02:00,2026-10-09 08:46:00+02:00,2026-10-09 08:46:42+02:00,2026-10-09,8,Friday,False,7.545933333333333
20261009_063825,2026-10-09 06:38:27.244000+00:00,Basel,rail,ch:1:sloid:10,Basel SBB,ch:1:sloid:10:7:14,2026-10-09,ch:1:sjyid:100001:17231-001,rail,S-Bahn,S1,S1,17231,Basel SBB,Laufenburg,14,,2026-10-09 06:49:00+00:00,2026-10-09 06:49:12+00:00,,True,0.2,2026-10-09 08:38:27.244000+02:00,2026-10-09 08:49:00+02:00,2026-10-09 08:49:12+02:00,2026-10-09,8,Friday,False,10.545933333333332
20261009_063825,2026-10-09 06:38:27.244000+00:00,Basel,rail,ch:1:sloid:10,Basel SBB,ch:1:sloid:10:21:31,2026-10-09,ch:1:sjyid:100001:96216-001,rail,Train Express Regional,TER,TER,96216,Basel SBB,Strasbourg,31,,2026-10-09 06:51:00+00:00,2026-10-09 06:51:30+00:00,,True,0.5,2026-10-09 08:38:27.244000+02:00,2026-10-09 08:51:00+02:00,2026-10-09 08:51:30+02:00,2026-10-09,8,Friday,False,12.545933333333332
20261009_063825,2026-10-09 06:38:27.244000+00:00,Basel,rail,ch:1:sloid:10,Basel SBB,ch:1:sloid:10:4:8,2026-10-09,ch:1:sjyid:100001:963-001,rail,InterCity,IC6,IC6,963,Basel SBB,Brig,8,,2026-10-09 06:58:00+00:00,2026-10-09 06:59:12+00:00,,True,1.2,2026-10-09 08:38:27.244000+02:00,2026-10-09 08:58:00+02:00,2026-10-09 08:59:12+02:00,2026-10-09,8,Friday,False,19.545933333333334
20261009_063825,2026-10-09 06:38:27.244000+00:00,Basel,rail,ch:1:sloid:10,Basel SBB,ch:1:sloid:10:0:19,2026-10-09,ch:1:sjyid:100001:17329-001,rail,S-Bahn,S3,S3,17329,Laufen,Olten,19,,2026-10-09 07:00:00+00:00,2026-10-09 07:00:12+00:00,,True,0.2,2026-10-09 08:38:27.244000+02:00,2026-10-09 09:00:00+02:00,2026-10-09 09:00:12+02:00,2026-10-09,9,Friday,False,21.545933333333334
20261009_063825,2026-10-09 06:38:27.244000+00:00,Basel,rail,ch:1:sloid:10,Basel SBB,ch:1:sloid:10:0:20,2026-10-09,ch:1:sjyid:100015:1860-002,rail,InterRegio,IR56,IR56,1860,Basel SBB,Delémont,20,,2026-10-09 07:02:00+00:00,2026-10-09 07:02:12+00:00,,True,0.2,2026-10-09 08:38:27.244000+02:00,2026-10-09 09:02:00+02:00,2026-10-09 09:02:12+02:00,2026-10-09,9,Friday,False,23.545933333333334
20261009_063825,2026-10-09 06:38:27.244000+00:00,Basel,rail,ch:1:sloid:10,Basel SBB,ch:1:sloid:10:6:11,2026-10-09,ch:1:sjyid:100001:667-001,rail,InterCity,IC21,IC21,667,Basel SBB,Lugano,11,,2026-10-09 07:04:00+00:00,2026-10-09 07:04:42+00:00,,True,0.7,2026-10-09 08:38:27.244000+02:00,2026-10-09 09:04:00+02:00,2026-10-09 09:04:42+02:00,2026-10-09,9,Friday,False,25.545933333333334
20261009_063825,2026-10-09 06:38:27.244000+00:00,Basel,rail,ch:1:sloid:10,Basel SBB,ch:1:sloid:10:1:2,2026-10-09,ch:1:sjyid:100308:87816-001,rail,S-Bahn,S6,S6,87816,Basel SBB,Zell (Wiesental),2,,2026-10-09 07:06:00+00:00,2026-10-09 07:06:12+00:00,,True,0.2,2026-10-09 08:38:27.244000+02:00,2026-10-09 09:06:00+02:00,2026-10-09 09:06:12+02:00,2026-10-09,9,Friday,False,27.545933333333334
20261009_063825,2026-10-09 06:38:27.244000+00:00,Basel,rail,ch:1:sloid:10,Basel SBB,ch:1:sloid:10:6:12,2026-10-09,ch:1:sjyid:100001:1965-001,rail,InterRegio,IR36,IR36,1965,Basel SBB,Zürich HB,12,,2026-10-09 07:07:00+00:00,2026-10-09 07:07:42+00:00,,True,0.7,2026-10-09 08:38:27.244000+02:00,2026-10-09 09:07:00+02:00,2026-10-09 09:07:42+02:00,2026-10-09,9,Friday,False,28.545933333333334
20261009_063825,2026-10-09 06:38:27.244000+00:00,Basel,rail,ch:1:sloid:10,Basel SBB,ch:1:sloid:10:3:6,2026-10-08,ch:1:sjyid:100001:273-001,rail,InterCityExpress,ICE,ICE,273,Basel Bad Bf,Zürich HB,6,,2026-10-09 07:07:00+00:00,,,False,,2026-10-09 08:38:27.244000+02:00,2026-10-09 09:07:00+02:00,,2026-10-09,9,Friday,False,28.545933333333334
20261009_063825,2026-10-09 06:38:27.244000+00:00,Basel,rail,ch:1:sloid:10,Basel SBB,ch:1:sloid:10:22:33,2026-10-09,ch:1:sjyid:100001:96146-001,rail,Train Express Regional,TER,TER,96146,Basel SBB,Mulhouse,33,,2026-10-09 07:08:00+00:00,2026-10-09 07:08:18+00:00,,True,0.3,2026-10-09 08:38:27.244000+02:00,2026-10-09 09:08:00+02:00,2026-10-09 09:08:18+02:00,2026-10-09,9,Friday,False,29.545933333333334
20261009_063825,2026-10-09 06:38:27.244000+00:00,Basel,rail,ch:1:sloid:10,Basel SBB,ch:1:sloid:10:8:16,2026-10-09,ch:1:sjyid:100001:17328-001,rail,S-Bahn,S3,S3,17328,Olten,Laufen,16,,2026-10-09 07:08:00+00:00,2026-10-09 07:08:12+00:00,,True,0.2,2026-10-09 08:38:27.244000+02:00,2026-10-09 09:08:00+02:00,2026-10-09 09:08:12+02:00,2026-10-09,9,Friday,False,29.545933333333334
20261009_063825,2026-10-09 06:38:27.244000+00:00,Basel,rail,ch:1:sloid:10,Basel SBB,ch:1:sloid:10:0:944,2026-10-09,ch:1:sjyid:100001:17531-001,rail,S-Bahn,S33,S33,17531,Basel SBB,Liestal,18,,2026-10-09 07:15:00+00:00,2026-10-09 07:15:30+00:00,,True,0.5,2026-10-09 08:38:27.244000+02:00,2026-10-09 09:15:00+02:00,2026-10-09 09:15:30+02:00,2026-10-09,9,Friday,False,36.54593333333333
20261009_063825,2026-10-09 06:38:27.244000+00:00,Basel,rail,ch:1:sloid:10,Basel SBB,ch:1:sloid:10:4:7,2026-10-09,ch:1:sjyid:100001:2465-001,rail,InterRegio,IR27,IR27,2465,Basel SBB,Luzern,7,,2026-10-09 07:16:00+00:00,2026-10-09 07:16:42+00:00,,True,0.7,2026-10-09 08:38:27.244000+02:00,2026-10-09 09:16:00+02:00,2026-10-09 09:16:42+02:00,2026-10-09,9,Friday,False,37.54593333333333
20261009_063825,2026-10-09 06:38:27.244000+00:00,Basel,rail,ch:1:sloid:10,Basel SBB,ch:1:sloid:10:5:9,2026-10-09,ch:1:sjyid:100001:200-001,rail,InterCityExpress,ICE,ICE,200,Zürich HB,Hamburg-Altona,9,,2026-10-09 07:16:00+00:00,2026-10-09 07:16:42+00:00,,True,0.7,2026-10-09 08:38:27.244000+02:00,2026-10-09 09:16:00+02:00,2026-10-09 09:16:42+02:00,2026-10-09,9,Friday,False,37.54593333333333
20261009_063825,2026-10-09 06:38:27.244000+00:00,Basel,rail,ch:1:sloid:10,Basel SBB,ch:1:sloid:10:6:11,2026-10-09,ch:1:sjyid:100001:17133-001,rail,S-Bahn,S1,S1,17133,Basel SBB,Frick,11,,2026-10-09 07:19:00+00:00,2026-10-09 07:19:12+00:00,,True,0.2,2026-10-09 08:38:27.244000+02:00,2026-10-09 09:19:00+02:00,2026-10-09 09:19:12+02:00,2026-10-09,9,Friday,False,40.54593333333333
20261009_063825,2026-10-09 06:38:27.244000+00:00,Basel,rail,ch:1:sloid:10,Basel SBB,ch:1:sloid:10:21:31,2026-10-09,ch:1:sjyid:100001:96218-001,rail,Train Express Regional,TER,TER,96218,Basel SBB,Strasbourg,31,,2026-10-09 07:21:00+00:00,2026-10-09 07:21:30+00:00,,True,0.5,2026-10-09 08:38:27.244000+02:00,2026-10-09 09:21:00+02:00,2026-10-09 09:21:30+02:00,2026-10-09,9,Friday,False,42.54593333333333
20261009_063825,2026-10-09 06:38:27.244000+00:00,Basel,rail,ch:1:sloid:10,Basel SBB,ch:1:sloid:10:0:19,2026-10-09,ch:1:sjyid:100001:17331-001,rail,S-Bahn,S3,S3,17331,Laufen,Olten,19,,2026-10-09 07:30:00+00:00,2026-10-09 07:30:12+00:00,,True,0.2,2026-10-09 08:38:27.244000+02:00,2026-10-09 09:30:00+02:00,2026-10-09 09:30:12+02:00,2026-10-09,9,Friday,False,51.54593333333333
20261009_063825,2026-10-09 06:38:27.244000+00:00,Basel,rail,ch:1:sloid:10,Basel SBB,ch:1:sloid:10:5:10,2026-10-09,ch:1:sjyid:100001:615-002,rail,InterCity,IC61,IC61,615,Basel SBB,Interlaken Ost,10,,2026-10-09 07:30:00+00:00,2026-10-09 07:30:42+00:00,,True,0.7,2026-10-09 08:38:27.244000+02:00,2026-10-09 09:30:00+02:00,2026-10-09 09:30:42+02:00,2026-10-09,9,Friday,False,51.54593333333333
20261009_063825,2026-10-09 06:38:27.244000+00:00,Basel,rail,ch:1:sloid:10,Basel SBB,ch:1:sloid:10:0:20,2026-10-09,ch:1:sjyid:100001:1616-001,rail,InterCity,IC51,IC51,1616,Basel SBB,Yverdon-les-Bains,20,,2026-10-09 07:32:00+00:00,2026-10-09 07:32:42+00:00,,True,0.7,2026-10-09 08:38:27.244000+02:00,2026-10-09 09:32:00+02:00,2026-10-09 09:32:42+02:00,2026-10-09,9,Friday,False,53.54593333333333
20261009_063825,2026-10-09 06:38:27.244000+00:00,Basel,rail,ch:1:sloid:10,Basel SBB,ch:1:sloid:10:2:4,2026-10-09,ch:1:sjyid:100001:553-001,rail,InterCity,IC3,IC3,553,Basel SBB,Zürich HB,4,,2026-10-09 07:33:00+00:00,2026-10-09 07:33:48+00:00,,True,0.8,2026-10-09 08:38:27.244000+02:00,2026-10-09 09:33:00+02:00,2026-10-09 09:33:48+02:00,2026-10-09,9,Friday,False,54.54593333333333
20261009_063825,2026-10-09 06:38:27.244000+00:00,Basel,rail,ch:1:sloid:10,Basel SBB,ch:1:sloid:10:1:2,2026-10-09,ch:1:sjyid:100308:87818-001,rail,S-Bahn,S6,S6,87818,Basel SBB,Zell (Wiesental),2,,2026-10-09 07:35:00+00:00,2026-10-09 07:35:12+00:00,,True,0.2,2026-10-09 08:38:27.244000+02:00,2026-10-09 09:35:00+02:00,2026-10-09 09:35:12+02:00,2026-10-09,9,Friday,False,56.54593333333333
20261009_063825,2026-10-09 06:38:27.244000+00:00,Basel,rail,ch:1:sloid:10,Basel SBB,ch:1:sloid:10:3:5,2026-10-09,ch:1:sjyid:100001:2065-001,rail,InterRegio,IR36,IR36,2065,Basel SBB,Zürich Flughafen,5,,2026-10-09 07:36:00+00:00,2026-10-09 07:36:42+00:00,,True,0.7,2026-10-09 08:38:27.244000+02:00,2026-10-09 09:36:00+02:00,2026-10-09 09:36:42+02:00,2026-10-09,9,Friday,False,57.54593333333333
20261009_063825,2026-10-09 06:38:27.244000+00:00,Basel,rail,ch:1:sloid:10,Basel SBB,ch:1:sloid:10:8:16,2026-10-09,ch:1:sjyid:100001:17330-001,rail,S-Bahn,S3,S3,17330,Olten,Laufen,16,,2026-10-09 07:38:00+00:00,2026-10-09 07:38:12+00:00,,True,0.2,2026-10-09 08:38:27.244000+02:00,2026-10-09 09:38:00+02:00,2026-10-09 09:38:12+02:00,2026-10-09,9,Friday,False,59.54593333333333
20261009_063825,2026-10-09 06:38:27.244000+00:00,Basel,rail,ch:1:sloid:10,Basel SBB,ch:1:sloid:10:4:8,2026-10-09,ch:1:sjyid:100001:2265-001,rail,InterRegio,IR37,IR37,2265,Basel SBB,Zürich HB,8,,2026-10-09 07:43:00+00:00,2026-10-09 07:43:48+00:00,,True,0.8,2026-10-09 08:38:27.244000+02:00,2026-10-09 09:43:00+02:00,2026-10-09 09:43:48+02:00,2026-10-09,9,Friday,False,64.54593333333334
20261009_063825,2026-10-09 06:38:27.244000+00:00,Basel,rail,ch:1:sloid:10,Basel SBB,ch:1:sloid:10:7:15,2026-10-09,ch:1:sjyid:100001:17533-001,rail,S-Bahn,S33,S33,17533,Basel SBB,Liestal,15,,2026-10-09 07:45:00+00:00,2026-10-09 07:45:30+00:00,,True,0.5,2026-10-09 08:38:27.244000+02:00,2026-10-09 09:45:00+02:00,2026-10-09 09:45:30+02:00,2026-10-09,9,Friday,False,66.54593333333334
20261009_063825,2026-10-09 06:38:27.683000+00:00,Luzern,rail,ch:1:sloid:5000,Luzern,ch:1:sloid:5000:2:4,2026-10-09,ch:1:sjyid:100061:2017-001,rail,Voralpen-Express,VAE,VAE,2017,Luzern,St. Gallen,4,,2026-10-09 06:39:00+00:00,2026-10-09 06:39:12+00:00,,True,0.2,2026-10-09 08:38:27.683000+02:00,2026-10-09 08:39:00+02:00,2026-10-09 08:39:12+02:00,2026-10-09,8,Friday,False,0.5386166666666666
20261009_063825,2026-10-09 06:38:27.683000+00:00,Luzern,rail,ch:1:sloid:5000,Luzern,ch:1:sloid:5000:6:13,2026-10-09,ch:1:sjyid:100064:21530-001,rail,S-Bahn,S5,S5,21530,Luzern,Giswil,13,,2026-10-09 06:42:00+00:00,2026-10-09 06:42:12+00:00,,True,0.2,2026-10-09 08:38:27.683000+02:00,2026-10-09 08:42:00+02:00,2026-10-09 08:42:12+02:00,2026-10-09,8,Friday,False,3.538616666666667
20261009_063825,2026-10-09 06:38:27.683000+00:00,Luzern,rail,ch:1:sloid:5000,Luzern,ch:1:sloid:5000_gen:ch:1:sloid:5000:5:10_pf:10B,2026-10-09,ch:1:sjyid:100001:21123-001,rail,S-Bahn,S1,S1,21123,Baar,Sursee,10,,2026-10-09 06:44:00+00:00,2026-10-09 06:45:00+00:00,,True,1.0,2026-10-09 08:38:27.683000+02:00,2026-10-09 08:44:00+02:00,2026-10-09 08:45:00+02:00,2026-10-09,8,Friday,False,5.538616666666667
20261009_063825,2026-10-09 06:38:27.683000+00:00,Luzern,rail,ch:1:sloid:5000,Luzern,ch:1:sloid:5000:1:3,2026-10-09,ch:1:sjyid:100001:21124-001,rail,S-Bahn,S1,S1,21124,Sursee,Baar,3,,2026-10-09 06:51:00+00:00,2026-10-09 06:51:12+00:00,,True,0.2,2026-10-09 08:38:27.683000+02:00,2026-10-09 08:51:00+02:00,2026-10-09 08:51:12+02:00,2026-10-09,8,Friday,False,12.538616666666666
20261009_063825,2026-10-09 06:38:27.683000+00:00,Luzern,rail,ch:1:sloid:5000,Luzern,ch:1:sloid:5000:3:7,2026-10-09,ch:1:sjyid:100061:2312-001,rail,Treno Gottardo,IR26,IR26,2312,Bellinzona,Basel SBB,7,,2026-10-09 06:54:00+00:00,2026-10-09 06:54:30+00:00,,True,0.5,2026-10-09 08:38:27.683000+02:00,2026-10-09 08:54:00+02:00,2026-10-09 08:54:30+02:00,2026-10-09,8,Friday,False,15.538616666666666
20261009_063825,2026-10-09 06:38:27.683000+00:00,Luzern,rail,ch:1:sloid:5000,Luzern,ch:1:sloid:5000:2:5,2026-10-09,ch:1:sjyid:100015:4464-001,rail,RegioExpress,RE7,RE7,4464,Luzern,Wolhusen,5,,2026-10-09 06:57:00+00:00,2026-10-09 06:57:12+00:00,,True,0.2,2026-10-09 08:38:27.683000+02:00,2026-10-09 08:57:00+02:00,2026-10-09 08:57:12+02:00,2026-10-09,8,Friday,False,18.538616666666666
20261009_063825,2026-10-09 06:38:27.683000+00:00,Luzern,rail,ch:1:sloid:5000,Luzern,ch:1:sloid:5000:6:12,2026-10-09,ch:1:sjyid:100064:21432-001,rail,S-Bahn,S4,S4,21432,Luzern,Stansstad,12,,2026-10-09 06:57:00+00:00,2026-10-09 06:57:12+00:00,,True,0.2,2026-10-09 08:38:27.683000+02:00,2026-10-09 08:57:00+02:00,2026-10-09 08:57:12+02:00,2026-10-09,8,Friday,False,18.538616666666666
20261009_063825,2026-10-09 06:38:27.683000+00:00,Luzern,rail,ch:1:sloid:5000,Luzern,ch:1:sloid:5000:4:8,2026-10-09,ch:1:sjyid:100001:2514-002,rail,InterRegio,IR15,IR15,2514,Luzern,Genève-Aéroport,8,,2026-10-09 07:00:00+00:00,2026-10-09 07:00:36+00:00,,True,0.6,2026-10-09 08:38:27.683000+02:00,2026-10-09 09:00:00+02:00,2026-10-09 09:00:36+02:00,2026-10-09,9,Friday,False,21.538616666666666
20261009_063825,2026-10-09 06:38:27.683000+00:00,Luzern,rail,ch:1:sloid:5000,Luzern,ch:1:sloid:5000:4:9,2026-10-09,ch:1:sjyid:100001:4714-001,rail,RegioExpress,RE24,RE24,4714,Luzern,Olten,9,,2026-10-09 07:05:00+00:00,2026-10-09 07:05:12+00:00,,True,0.2,2026-10-09 08:38:27.683000+02:00,2026-10-09 09:05:00+02:00,2026-10-09 09:05:12+02:00,2026-10-09,9,Friday,False,26.538616666666666
20261009_063825,2026-10-09 06:38:27.683000+00:00,Luzern,rail,ch:1:sloid:5000,Luzern,ch:1:sloid:5000:7:14,2026-10-09,ch:1:sjyid:100064:2918-001,rail,Luzern-Interlaken Express,LIX,LIX,2918,Luzern,Interlaken Ost,14,,2026-10-09 07:06:00+00:00,2026-10-09 07:06:06+00:00,,True,0.1,2026-10-09 08:38:27.683000+02:00,2026-10-09 09:06:00+02:00,2026-10-09 09:06:06+02:00,2026-10-09,9,Friday,False,27.538616666666666
20261009_063825,2026-10-09 06:38:27.683000+00:00,Luzern,rail,ch:1:sloid:5000,Luzern,ch:1:sloid:5000:5:11,2026-10-09,ch:1:sjyid:100001:21333-001,rail,S-Bahn,S3,S3,21333,Luzern,Brunnen,11,,2026-10-09 07:06:00+00:00,2026-10-09 07:07:00+00:00,,True,1.0,2026-10-09 08:38:27.683000+02:00,2026-10-09 09:06:00+02:00,2026-10-09 09:07:00+02:00,2026-10-09,9,Friday,False,27.538616666666666
20261009_063825,2026-10-09 06:38:27.683000+00:00,Luzern,rail,ch:1:sloid:5000,Luzern,ch:1:sloid:5000:3:6,2026-10-09,ch:1:sjyid:100001:2616-001,rail,InterRegio,IR70,IR70,2616,Luzern,Sargans,6,,2026-10-09 07:09:00+00:00,2026-10-09 07:10:00+00:00,,True,1.0,2026-10-09 08:38:27.683000+02:00,2026-10-09 09:09:00+02:00,2026-10-09 09:10:00+02:00,2026-10-09,9,Friday,False,30.538616666666666
20261009_063825,2026-10-09 06:38:27.683000+00:00,Luzern,rail,ch:1:sloid:5000,Luzern,ch:1:sloid:5000:6:13,2026-10-09,ch:1:sjyid:100064:2964-001,rail,Luzern-Engelberg Express,IRLEX,IRLEX,2964,Luzern,Stansstad,13,,2026-10-09 07:10:00+00:00,2026-10-09 07:10:12+00:00,,True,0.2,2026-10-09 08:38:27.683000+02:00,2026-10-09 09:10:00+02:00,2026-10-09 09:10:12+02:00,2026-10-09,9,Friday,False,31.538616666666666
20261009_063825,2026-10-09 06:38:27.683000+00:00,Luzern,rail,ch:1:sloid:5000,Luzern,ch:1:sloid:5000:6:12,2026-10-09,ch:1:sjyid:100064:21532-001,rail,S-Bahn,S5,S5,21532,Luzern,Giswil,12,,2026-10-09 07:12:00+00:00,2026-10-09 07:12:12+00:00,,True,0.2,2026-10-09 08:38:27.683000+02:00,2026-10-09 09:12:00+02:00,2026-10-09 09:12:12+02:00,2026-10-09,9,Friday,False,33.53861666666667
20261009_063825,2026-10-09 06:38:27.683000+00:00,Luzern,rail,ch:1:sloid:5000,Luzern,ch:1:sloid:5000:1:3,2026-10-09,ch:1:sjyid:100001:21125-001,rail,S-Bahn,S1,S1,21125,Baar,Sursee,3,,2026-10-09 07:14:00+00:00,2026-10-09 07:15:00+00:00,,True,1.0,2026-10-09 08:38:27.683000+02:00,2026-10-09 09:14:00+02:00,2026-10-09 09:15:00+02:00,2026-10-09,9,Friday,False,35.53861666666667
20261009_063825,2026-10-09 06:38:27.683000+00:00,Luzern,rail,ch:1:sloid:5000,Luzern,ch:1:sloid:5000:2:5,2026-10-09,ch:1:sjyid:100015:21632-001,rail,S-Bahn,S6,S6,21632,Luzern,Wolhusen,5,,2026-10-09 07:16:00+00:00,2026-10-09 07:17:00+00:00,,True,1.0,2026-10-09 08:38:27.683000+02:00,2026-10-09 09:16:00+02:00,2026-10-09 09:17:00+02:00,2026-10-09,9,Friday,False,37.53861666666667
20261009_063825,2026-10-09 06:38:27.683000+00:00,Luzern,rail,ch:1:sloid:5000,Luzern,ch:1:sloid:5000:3:7,2026-10-09,ch:1:sjyid:100061:2315-001,rail,Treno Gottardo,IR26,IR26,2315,Basel SBB,Locarno,7,,2026-10-09 07:18:00+00:00,2026-10-09 07:19:00+00:00,,True,1.0,2026-10-09 08:38:27.683000+02:00,2026-10-09 09:18:00+02:00,2026-10-09 09:19:00+02:00,2026-10-09,9,Friday,False,39.53861666666667
20261009_063825,2026-10-09 06:38:27.683000+00:00,Luzern,rail,ch:1:sloid:5000,Luzern,ch:1:sloid:5000_gen:ch:1:sloid:5000:5:11_pf:11B,2026-10-09,ch:1:sjyid:100001:21126-001,rail,S-Bahn,S1,S1,21126,Sursee,Baar,11,,2026-10-09 07:21:00+00:00,2026-10-09 07:22:00+00:00,,True,1.0,2026-10-09 08:38:27.683000+02:00,2026-10-09 09:21:00+02:00,2026-10-09 09:22:00+02:00,2026-10-09,9,Friday,False,42.53861666666667
20261009_063825,2026-10-09 06:38:27.683000+00:00,Luzern,rail,ch:1:sloid:5000,Luzern,ch:1:sloid:5000:7:15,2026-10-09,ch:1:sjyid:100064:3084-002,rail,Luzern-Interlaken Express,IRLIX,IRLIX,3084,Luzern,Interlaken Ost,15,,2026-10-09 07:24:00+00:00,2026-10-09 07:24:12+00:00,,True,0.2,2026-10-09 08:38:27.683000+02:00,2026-10-09 09:24:00+02:00,2026-10-09 09:24:12+02:00,2026-10-09,9,Friday,False,45.53861666666667
20261009_063825,2026-10-09 06:38:27.683000+00:00,Luzern,rail,ch:1:sloid:5000,Luzern,ch:1:sloid:5000:6:13,2026-10-09,ch:1:sjyid:100064:21434-001,rail,S-Bahn,S4,S4,21434,Luzern,Stansstad,13,,2026-10-09 07:27:00+00:00,2026-10-09 07:27:12+00:00,,True,0.2,2026-10-09 08:38:27.683000+02:00,2026-10-09 09:27:00+02:00,2026-10-09 09:27:12+02:00,2026-10-09,9,Friday,False,48.53861666666667
20261009_063825,2026-10-09 06:38:27.683000+00:00,Luzern,rail,ch:1:sloid:5000,Luzern,ch:1:sloid:5000:2:4,2026-10-09,ch:1:sjyid:100001:2464-001,rail,InterRegio,IR27,IR27,2464,Luzern,Basel SBB,4,,2026-10-09 07:30:00+00:00,2026-10-09 07:30:36+00:00,,True,0.6,2026-10-09 08:38:27.683000+02:00,2026-10-09 09:30:00+02:00,2026-10-09 09:30:36+02:00,2026-10-09,9,Friday,False,51.53861666666667
20261009_063825,2026-10-09 06:38:27.683000+00:00,Luzern,rail,ch:1:sloid:5000,Luzern,ch:1:sloid:5000:2:5,2026-10-09,ch:1:sjyid:100001:2115-001,rail,InterRegio,IR75,IR75,2115,Luzern,Konstanz,5,,2026-10-09 07:35:00+00:00,2026-10-09 07:35:00+00:00,,True,0.0,2026-10-09 08:38:27.683000+02:00,2026-10-09 09:35:00+02:00,2026-10-09 09:35:00+02:00,2026-10-09,9,Friday,False,56.53861666666667
20261009_063825,2026-10-09 06:38:27.683000+00:00,Luzern,rail,ch:1:sloid:5000,Luzern,ch:1:sloid:5000:1:3,2026-10-09,ch:1:sjyid:100061:2019-001,rail,Voralpen-Express,VAE,VAE,2019,Luzern,St. Gallen,3,,2026-10-09 07:39:00+00:00,2026-10-09 07:39:12+00:00,,True,0.2,2026-10-09 08:38:27.683000+02:00,2026-10-09 09:39:00+02:00,2026-10-09 09:39:12+02:00,2026-10-09,9,Friday,False,60.53861666666667
20261009_063825,2026-10-09 06:38:27.683000+00:00,Luzern,rail,ch:1:sloid:5000,Luzern,ch:1:sloid:5000:7:14,2026-10-09,ch:1:sjyid:100064:21534-001,rail,S-Bahn,S5,S5,21534,Luzern,Giswil,14,,2026-10-09 07:42:00+00:00,2026-10-09 07:42:12+00:00,,True,0.2,2026-10-09 08:38:27.683000+02:00,2026-10-09 09:42:00+02:00,2026-10-09 09:42:12+02:00,2026-10-09,9,Friday,False,63.53861666666667
20261009_063825,2026-10-09 06:38:27.683000+00:00,Luzern,rail,ch:1:sloid:5000,Luzern,ch:1:sloid:5000_gen:ch:1:sloid:5000:5:11_pf:11B,2026-10-09,ch:1:sjyid:100001:21127-001,rail,S-Bahn,S1,S1,21127,Baar,Sursee,11,,2026-10-09 07:44:00+00:00,2026-10-09 07:45:00+00:00,,True,1.0,2026-10-09 08:38:27.683000+02:00,2026-10-09 09:44:00+02:00,2026-10-09 09:45:00+02:00,2026-10-09,9,Friday,False,65.53861666666667
20261009_063825,2026-10-09 06:38:27.683000+00:00,Luzern,rail,ch:1:sloid:5000,Luzern,ch:1:sloid:5000:1:3,2026-10-09,ch:1:sjyid:100001:21128-001,rail,S-Bahn,S1,S1,21128,Sursee,Baar,3,,2026-10-09 07:51:00+00:00,2026-10-09 07:51:12+00:00,,True,0.2,2026-10-09 08:38:27.683000+02:00,2026-10-09 09:51:00+02:00,2026-10-09 09:51:12+02:00,2026-10-09,9,Friday,False,72.53861666666667
20261009_063825,2026-10-09 06:38:27.683000+00:00,Luzern,rail,ch:1:sloid:5000,Luzern,ch:1:sloid:5000:3:7,2026-10-09,ch:1:sjyid:100001:668-001,rail,InterCity,IC21,IC21,668,Lugano,Basel SBB,7,,2026-10-09 07:54:00+00:00,2026-10-09 07:54:36+00:00,,True,0.6,2026-10-09 08:38:27.683000+02:00,2026-10-09 09:54:00+02:00,2026-10-09 09:54:36+02:00,2026-10-09,9,Friday,False,75.53861666666667
20261009_063825,2026-10-09 06:38:27.683000+00:00,Luzern,rail,ch:1:sloid:5000,Luzern,ch:1:sloid:5000:2:4,2026-10-09,ch:1:sjyid:100015:4466-001,rail,RegioExpress,RE7,RE7,4466,Luzern,Wolhusen,4,,2026-10-09 07:57:00+00:00,2026-10-09 07:57:12+00:00,,True,0.2,2026-10-09 08:38:27.683000+02:00,2026-10-09 09:57:00+02:00,2026-10-09 09:57:12+02:00,2026-10-09,9,Friday,False,78.53861666666667
20261009_063825,2026-10-09 06:38:27.683000+00:00,Luzern,rail,ch:1:sloid:5000,Luzern,ch:1:sloid:5000:7:14,2026-10-09,ch:1:sjyid:100064:21436-001,rail,S-Bahn,S4,S4,21436,Luzern,Stansstad,14,,2026-10-09 07:57:00+00:00,2026-10-09 07:57:12+00:00,,True,0.2,2026-10-09 08:38:27.683000+02:00,2026-10-09 09:57:00+02:00,2026-10-09 09:57:12+02:00,2026-10-09,9,Friday,False,78.53861666666667
20261009_063825,2026-10-09 06:38:27.683000+00:00,Luzern,rail,ch:1:sloid:5000,Luzern,ch:1:sloid:5000:4:8,2026-10-09,ch:1:sjyid:100001:2516-002,rail,InterRegio,IR15,IR15,2516,Luzern,Genève-Aéroport,8,,2026-10-09 08:00:00+00:00,2026-10-09 08:00:36+00:00,,True,0.6,2026-10-09 08:38:27.683000+02:00,2026-10-09 10:00:00+02:00,2026-10-09 10:00:36+02:00,2026-10-09,10,Friday,False,81.53861666666667
20261009_063825,2026-10-09 06:38:28.128000+00:00,St. Gallen,rail,ch:1:sloid:6302,St. Gallen,ch:1:sloid:6302:3:5,2026-10-09,ch:1:sjyid:100061:11427-001,rail,S-Bahn,S4,S4,11427,Rapperswil SG,Sargans,5,,2026-10-09 06:38:00+00:00,2026-10-09 06:39:06+00:00,,True,1.1,2026-10-09 08:38:28.128000+02:00,2026-10-09 08:38:00+02:00,2026-10-09 08:39:06+02:00,2026-10-09,8,Friday,False,-0.4688
20261009_063825,2026-10-09 06:38:28.128000+00:00,St. Gallen,rail,ch:1:sloid:6302,St. Gallen,ch:1:sloid:6302:4:7,2026-10-09,ch:1:sjyid:100046:11528-001,rail,S-Bahn,S5,S5,11528,St. Gallen,Weinfelden,7,,2026-10-09 06:40:00+00:00,2026-10-09 06:40:12+00:00,,True,0.2,2026-10-09 08:38:28.128000+02:00,2026-10-09 08:40:00+02:00,2026-10-09 08:40:12+02:00,2026-10-09,8,Friday,False,1.5312
20261009_063825,2026-10-09 06:38:28.128000+00:00,St. Gallen,rail,ch:1:sloid:6302,St. Gallen,ch:1:sloid:6302:3:5,2026-10-09,ch:1:sjyid:100046:5216-001,rail,RegioExpress,RE1,RE1,5216,Konstanz,Herisau,5,,2026-10-09 06:44:00+00:00,2026-10-09 06:45:42+00:00,,True,1.7,2026-10-09 08:38:28.128000+02:00,2026-10-09 08:44:00+02:00,2026-10-09 08:45:42+02:00,2026-10-09,8,Friday,False,5.5312
20261009_063825,2026-10-09 06:38:28.128000+00:00,St. Gallen,rail,ch:1:sloid:6302,St. Gallen,ch:1:sloid:6302:2:2,2026-10-09,ch:1:sjyid:100046:11128-001,rail,S-Bahn,S1,S1,11128,Schaffhausen,Wil SG,2,,2026-10-09 06:47:00+00:00,2026-10-09 06:47:48+00:00,,True,0.8,2026-10-09 08:38:28.128000+02:00,2026-10-09 08:47:00+02:00,2026-10-09 08:47:48+02:00,2026-10-09,8,Friday,False,8.5312
20261009_063825,2026-10-09 06:38:28.128000+00:00,St. Gallen,rail,ch:1:sloid:6302,St. Gallen,ch:1:sloid:6302:2:3,2026-10-09,ch:1:sjyid:100046:11129-001,rail,S-Bahn,S1,S1,11129,Wil SG,Schaffhausen,3,,2026-10-09 06:49:00+00:00,2026-10-09 06:50:36+00:00,,True,1.6,2026-10-09 08:38:28.128000+02:00,2026-10-09 08:49:00+02:00,2026-10-09 08:50:36+02:00,2026-10-09,8,Friday,False,10.5312
20261009_063825,2026-10-09 06:38:28.128000+00:00,St. Gallen,rail,ch:1:sloid:6302,St. Gallen,ch:1:sloid:6302:500:11,2026-10-09,ch:1:sjyid:100007:plan:2085,rail,S-Bahn,S21,S21,2085,Trogen,Appenzell,11,,2026-10-09 06:52:00+00:00,2026-10-09 06:52:00+00:00,,True,0.0,2026-10-09 08:38:28.128000+02:00,2026-10-09 08:52:00+02:00,2026-10-09 08:52:00+02:00,2026-10-09,8,Friday,False,13.5312
20261009_063825,2026-10-09 06:38:28.128000+00:00,St. Gallen,rail,ch:1:sloid:6302,St. Gallen,ch:1:sloid:6302:3:4,2026-10-09,ch:1:sjyid:100061:2207-001,rail,Alpenrhein-Express,IR13,IR13,2207,St. Gallen,Chur,4,,2026-10-09 06:55:00+00:00,2026-10-09 06:55:12+00:00,,True,0.2,2026-10-09 08:38:28.128000+02:00,2026-10-09 08:55:00+02:00,2026-10-09 08:55:12+02:00,2026-10-09,8,Friday,False,16.5312
20261009_063825,2026-10-09 06:38:28.128000+00:00,St. Gallen,rail,ch:1:sloid:6302,St. Gallen,ch:1:sloid:6302:500:12,2026-10-09,ch:1:sjyid:100007:plan:2080,rail,S-Bahn,S21,S21,2080,Appenzell,Trogen,12,,2026-10-09 06:56:00+00:00,2026-10-09 06:56:00+00:00,,True,0.0,2026-10-09 08:38:28.128000+02:00,2026-10-09 08:56:00+02:00,2026-10-09 08:56:00+02:00,2026-10-09,8,Friday,False,17.531200000000002
20261009_063825,2026-10-09 06:38:28.128000+00:00,St. Gallen,rail,ch:1:sloid:6302,St. Gallen,ch:1:sloid:6302:4:6,2026-10-09,ch:1:sjyid:100046:11529-001,rail,S-Bahn,S5,S5,11529,Weinfelden,St. Margrethen SG,6,,2026-10-09 06:57:00+00:00,2026-10-09 06:57:30+00:00,,True,0.5,2026-10-09 08:38:28.128000+02:00,2026-10-09 08:57:00+02:00,2026-10-09 08:57:30+02:00,2026-10-09,8,Friday,False,18.531200000000002
20261009_063825,2026-10-09 06:38:28.128000+00:00,St. Gallen,rail,ch:1:sloid:6302,St. Gallen,ch:1:sloid:6302:3:5,2026-10-09,ch:1:sjyid:100046:11230-001,rail,S-Bahn,S2,S2,11230,Altstätten SG,Nesslau-Neu St. Johann,5,,2026-10-09 06:57:00+00:00,2026-10-09 06:57:12+00:00,,True,0.2,2026-10-09 08:38:28.128000+02:00,2026-10-09 08:57:00+02:00,2026-10-09 08:57:12+02:00,2026-10-09,8,Friday,False,18.531200000000002
20261009_063825,2026-10-09 06:38:28.128000+00:00,St. Gallen,rail,ch:1:sloid:6302,St. Gallen,ch:1:sloid:6302:2:2,2026-10-09,ch:1:sjyid:100001:516-001,rail,InterCity,IC5,IC5,516,Rorschach,Yverdon-les-Bains,2,,2026-10-09 06:58:00+00:00,2026-10-09 06:58:30+00:00,,True,0.5,2026-10-09 08:38:28.128000+02:00,2026-10-09 08:58:00+02:00,2026-10-09 08:58:30+02:00,2026-10-09,8,Friday,False,19.531200000000002
20261009_063825,2026-10-09 06:38:28.128000+00:00,St. Gallen,rail,ch:1:sloid:6302,St. Gallen,ch:1:sloid:6302:2:3,2026-10-09,ch:1:sjyid:100061:2014-001,rail,Voralpen-Express,VAE,VAE,2014,St. Gallen,Luzern,3,,2026-10-09 07:05:00+00:00,2026-10-09 07:05:12+00:00,,True,0.2,2026-10-09 08:38:28.128000+02:00,2026-10-09 09:05:00+02:00,2026-10-09 09:05:12+02:00,2026-10-09,9,Friday,False,26.531200000000002
20261009_063825,2026-10-09 06:38:28.128000+00:00,St. Gallen,rail,ch:1:sloid:6302,St. Gallen,ch:1:sloid:6302:2:2,2026-10-09,ch:1:sjyid:100001:509-002,rail,InterCity,IC5,IC5,509,Lausanne,Rorschach,2,,2026-10-09 07:05:00+00:00,2026-10-09 07:05:00+00:00,,True,0.0,2026-10-09 08:38:28.128000+02:00,2026-10-09 09:05:00+02:00,2026-10-09 09:05:00+02:00,2026-10-09,9,Friday,False,26.531200000000002
20261009_063825,2026-10-09 06:38:28.128000+00:00,St. Gallen,rail,ch:1:sloid:6302,St. Gallen,ch:1:sloid:6302:2:2,2026-10-09,ch:1:sjyid:100001:70509-900,rail,,IC5,IC5,70509,Yverdon-les-Bains,Rorschach,2,,2026-10-09 07:05:00+00:00,2026-10-09 07:05:30+00:00,,True,0.5,2026-10-09 08:38:28.128000+02:00,2026-10-09 09:05:00+02:00,2026-10-09 09:05:30+02:00,2026-10-09,9,Friday,False,26.531200000000002
20261009_063825,2026-10-09 06:38:28.128000+00:00,St. Gallen,rail,ch:1:sloid:6302,St. Gallen,ch:1:sloid:6302_gen:ch:1:sloid:6302:1:1_pf:1A-D,2026-10-09,ch:1:sjyid:100001:714-001,rail,InterCity,IC1,IC1,714,St. Gallen,Genève-Aéroport,1,1A-D,2026-10-09 07:07:00+00:00,2026-10-09 07:07:42+00:00,,True,0.7,2026-10-09 08:38:28.128000+02:00,2026-10-09 09:07:00+02:00,2026-10-09 09:07:42+02:00,2026-10-09,9,Friday,False,28.531200000000002
20261009_063825,2026-10-09 06:38:28.128000+00:00,St. Gallen,rail,ch:1:sloid:6302,St. Gallen,ch:1:sloid:6302:4:6,2026-10-09,ch:1:sjyid:100046:11231-001,rail,S-Bahn,S2,S2,11231,Nesslau-Neu St. Johann,Altstätten SG,6,,2026-10-09 07:08:00+00:00,2026-10-09 07:08:12+00:00,,True,0.2,2026-10-09 08:38:28.128000+02:00,2026-10-09 09:08:00+02:00,2026-10-09 09:08:12+02:00,2026-10-09,9,Friday,False,29.531200000000002
20261009_063825,2026-10-09 06:38:28.128000+00:00,St. Gallen,rail,ch:1:sloid:6302,St. Gallen,ch:1:sloid:6302:3:5,2026-10-09,ch:1:sjyid:100046:11530-001,rail,S-Bahn,S5,S5,11530,St. Margrethen SG,Weinfelden,5,,2026-10-09 07:10:00+00:00,2026-10-09 07:10:12+00:00,,True,0.2,2026-10-09 08:38:28.128000+02:00,2026-10-09 09:10:00+02:00,2026-10-09 09:10:12+02:00,2026-10-09,9,Friday,False,31.531200000000002
20261009_063825,2026-10-09 06:38:28.128000+00:00,St. Gallen,rail,ch:1:sloid:6302,St. Gallen,ch:1:sloid:6302:3:4,2026-10-09,ch:1:sjyid:100061:12116-001,rail,S-Bahn,S81,S81,12116,St. Gallen,Herisau,4,,2026-10-09 07:14:00+00:00,2026-10-09 07:14:42+00:00,,True,0.7,2026-10-09 08:38:28.128000+02:00,2026-10-09 09:14:00+02:00,2026-10-09 09:14:42+02:00,2026-10-09,9,Friday,False,35.5312
20261009_063825,2026-10-09 06:38:28.128000+00:00,St. Gallen,rail,ch:1:sloid:6302,St. Gallen,ch:1:sloid:6302:3:5,2026-10-09,ch:1:sjyid:100046:5217-001,rail,RegioExpress,RE1,RE1,5217,Herisau,Konstanz,5,,2026-10-09 07:15:00+00:00,2026-10-09 07:15:48+00:00,,True,0.8,2026-10-09 08:38:28.128000+02:00,2026-10-09 09:15:00+02:00,2026-10-09 09:15:48+02:00,2026-10-09,9,Friday,False,36.5312
20261009_063825,2026-10-09 06:38:28.128000+00:00,St. Gallen,rail,ch:1:sloid:6302,St. Gallen,ch:1:sloid:6302:2:2,2026-10-09,ch:1:sjyid:100046:11130-001,rail,S-Bahn,S1,S1,11130,Schaffhausen,Wil SG,2,,2026-10-09 07:17:00+00:00,2026-10-09 07:17:12+00:00,,True,0.2,2026-10-09 08:38:28.128000+02:00,2026-10-09 09:17:00+02:00,2026-10-09 09:17:12+02:00,2026-10-09,9,Friday,False,38.5312
20261009_063825,2026-10-09 06:38:28.128000+00:00,St. Gallen,rail,ch:1:sloid:6302,St. Gallen,ch:1:sloid:6302:2:3,2026-10-09,ch:1:sjyid:100046:11131-001,rail,S-Bahn,S1,S1,11131,Wil SG,Schaffhausen,3,,2026-10-09 07:19:00+00:00,2026-10-09 07:20:42+00:00,,True,1.7,2026-10-09 08:38:28.128000+02:00,2026-10-09 09:19:00+02:00,2026-10-09 09:20:42+02:00,2026-10-09,9,Friday,False,40.5312
20261009_063825,2026-10-09 06:38:28.128000+00:00,St. Gallen,rail,ch:1:sloid:6302,St. Gallen,ch:1:sloid:6302:500:11,2026-10-09,ch:1:sjyid:100007:plan:2089,rail,S-Bahn,S21,S21,2089,Trogen,Appenzell,11,,2026-10-09 07:22:00+00:00,2026-10-09 07:22:00+00:00,,True,0.0,2026-10-09 08:38:28.128000+02:00,2026-10-09 09:22:00+02:00,2026-10-09 09:22:00+02:00,2026-10-09,9,Friday,False,43.5312
20261009_063825,2026-10-09 06:38:28.128000+00:00,St. Gallen,rail,ch:1:sloid:6302,St. Gallen,ch:1:sloid:6302:2:2,2026-10-09,ch:1:sjyid:100001:3259-001,rail,InterRegio,IR13,IR13,3259,Zürich HB,Sargans,2,,2026-10-09 07:25:00+00:00,2026-10-09 07:25:18+00:00,,True,0.3,2026-10-09 08:38:28.128000+02:00,2026-10-09 09:25:00+02:00,2026-10-09 09:25:18+02:00,2026-10-09,9,Friday,False,46.5312
20261009_063825,2026-10-09 06:38:28.128000+00:00,St. Gallen,rail,ch:1:sloid:6302,St. Gallen,ch:1:sloid:6302:500:12,2026-10-09,ch:1:sjyid:100007:plan:2086,rail,S-Bahn,S21,S21,2086,Appenzell,Trogen,12,,2026-10-09 07:26:00+00:00,2026-10-09 07:26:00+00:00,,True,0.0,2026-10-09 08:38:28.128000+02:00,2026-10-09 09:26:00+02:00,2026-10-09 09:26:00+02:00,2026-10-09,9,Friday,False,47.5312
20261009_063825,2026-10-09 06:38:28.128000+00:00,St. Gallen,rail,ch:1:sloid:6302,St. Gallen,ch:1:sloid:6302:3:5,2026-10-09,ch:1:sjyid:100061:11432-001,rail,S-Bahn,S4,S4,11432,Sargans,Rapperswil SG,5,,2026-10-09 07:27:00+00:00,2026-10-09 07:27:12+00:00,,True,0.2,2026-10-09 08:38:28.128000+02:00,2026-10-09 09:27:00+02:00,2026-10-09 09:27:12+02:00,2026-10-09,9,Friday,False,48.5312
20261009_063825,2026-10-09 06:38:28.128000+00:00,St. Gallen,rail,ch:1:sloid:6302,St. Gallen,ch:1:sloid:6302:1:1,2026-10-09,ch:1:sjyid:100001:198-001,rail,EuroCity,EC,EC,198,Bregenz,Genève-Aéroport,1,1E-H,2026-10-09 07:29:00+00:00,,,False,,2026-10-09 08:38:28.128000+02:00,2026-10-09 09:29:00+02:00,,2026-10-09,9,Friday,False,50.5312
20261009_063825,2026-10-09 06:38:28.128000+00:00,St. Gallen,rail,ch:1:sloid:6302,St. Gallen,ch:1:sloid:6302:4:6,2026-10-09,ch:1:sjyid:100046:12169-001,rail,S-Bahn,S82,S82,12169,St. Gallen,Wittenbach,6,,2026-10-09 07:36:00+00:00,2026-10-09 07:36:12+00:00,,True,0.2,2026-10-09 08:38:28.128000+02:00,2026-10-09 09:36:00+02:00,2026-10-09 09:36:12+02:00,2026-10-09,9,Friday,False,57.5312
20261009_063825,2026-10-09 06:38:28.128000+00:00,St. Gallen,rail,ch:1:sloid:6302,St. Gallen,ch:1:sloid:6302:1:1,2026-10-09,ch:1:sjyid:100001:3262-001,rail,InterRegio,IR13,IR13,3262,Sargans,Luzern,1,,2026-10-09 07:37:00+00:00,2026-10-09 07:37:30+00:00,,True,0.5,2026-10-09 08:38:28.128000+02:00,2026-10-09 09:37:00+02:00,2026-10-09 09:37:30+02:00,2026-10-09,9,Friday,False,58.5312
20261009_063825,2026-10-09 06:38:28.128000+00:00,St. Gallen,rail,ch:1:sloid:6302,St. Gallen,ch:1:sloid:6302:3:5,2026-10-09,ch:1:sjyid:100061:11431-001,rail,S-Bahn,S4,S4,11431,Rapperswil SG,Sargans,5,,2026-10-09 07:38:00+00:00,2026-10-09 07:39:06+00:00,,True,1.1,2026-10-09 08:38:28.128000+02:00,2026-10-09 09:38:00+02:00,2026-10-09 09:39:06+02:00,2026-10-09,9,Friday,False,59.5312
20261009_063825,2026-10-09 06:38:28.128000+00:00,St. Gallen,rail,ch:1:sloid:6302,St. Gallen,ch:1:sloid:6302:4:7,2026-10-09,ch:1:sjyid:100046:11532-001,rail,S-Bahn,S5,S5,11532,St. Gallen,Weinfelden,7,,2026-10-09 07:40:00+00:00,2026-10-09 07:40:12+00:00,,True,0.2,2026-10-09 08:38:28.128000+02:00,2026-10-09 09:40:00+02:00,2026-10-09 09:40:12+02:00,2026-10-09,9,Friday,False,61.5312
20261009_063825,2026-10-09 06:38:28.578000+00:00,Lausanne,rail,ch:1:sloid:1120,Lausanne,ch:1:sloid:1120:0:638488,2026-10-09,ch:1:sjyid:100001:24214-001,rail,Regio,R2,R2,24214,Bex,Grandson,8,,2026-10-09 06:38:00+00:00,2026-10-09 06:38:30+00:00,,True,0.5,2026-10-09 08:38:28.578000+02:00,2026-10-09 08:38:00+02:00,2026-10-09 08:38:30+02:00,2026-10-09,8,Friday,False,-0.4763
20261009_063825,2026-10-09 06:38:28.578000+00:00,Lausanne,rail,ch:1:sloid:1120,Lausanne,ch:1:sloid:1120:0:668579,2026-10-09,ch:1:sjyid:100001:2513-001,rail,InterRegio,IR15,IR15,2513,Genève-Aéroport,Luzern,1,,2026-10-09 06:40:00+00:00,2026-10-09 06:41:06+00:00,,True,1.1,2026-10-09 08:38:28.578000+02:00,2026-10-09 08:40:00+02:00,2026-10-09 08:41:06+02:00,2026-10-09,8,Friday,False,1.5237
20261009_063825,2026-10-09 06:38:28.578000+00:00,Lausanne,rail,ch:1:sloid:1120,Lausanne,ch:1:sloid:1120:0:860143,2026-10-09,ch:1:sjyid:100001:706-001,rail,InterCity,IC1,IC1,706,St. Gallen,Genève-Aéroport,4,,2026-10-09 06:46:00+00:00,2026-10-09 06:46:30+00:00,,True,0.5,2026-10-09 08:38:28.578000+02:00,2026-10-09 08:46:00+02:00,2026-10-09 08:46:30+02:00,2026-10-09,8,Friday,False,7.523700000000001
20261009_063825,2026-10-09 06:38:28.578000+00:00,Lausanne,rail,ch:1:sloid:1120,Lausanne,ch:1:sloid:1120:0:276884,2026-10-09,ch:1:sjyid:100001:1811-001,rail,InterRegio,IR90,IR90,1811,Genève-Aéroport,Brig,3,,2026-10-09 06:48:00+00:00,2026-10-09 06:48:30+00:00,,True,0.5,2026-10-09 08:38:28.578000+02:00,2026-10-09 08:48:00+02:00,2026-10-09 08:48:30+02:00,2026-10-09,8,Friday,False,9.5237
20261009_063825,2026-10-09 06:38:28.578000+00:00,Lausanne,rail,ch:1:sloid:1120,Lausanne,ch:1:sloid:1120:0:638488,2026-10-09,ch:1:sjyid:100001:1708-001,rail,InterRegio,IR95,IR95,1708,Brig,Genève-Aéroport,8,,2026-10-09 06:49:00+00:00,2026-10-09 06:50:48+00:00,,True,1.8,2026-10-09 08:38:28.578000+02:00,2026-10-09 08:49:00+02:00,2026-10-09 08:50:48+02:00,2026-10-09,8,Friday,False,10.5237
20261009_063825,2026-10-09 06:38:28.578000+00:00,Lausanne,rail,ch:1:sloid:1120,Lausanne,ch:1:sloid:1120:0:20298,2026-10-09,ch:1:sjyid:100001:24525-001,rail,S-Bahn,S41,S41,24525,Lausanne,Fribourg/Freiburg,70,,2026-10-09 06:49:00+00:00,2026-10-09 06:49:12+00:00,,True,0.2,2026-10-09 08:38:28.578000+02:00,2026-10-09 08:49:00+02:00,2026-10-09 08:49:12+02:00,2026-10-09,8,Friday,False,10.5237
20261009_063825,2026-10-09 06:38:28.578000+00:00,Lausanne,rail,ch:1:sloid:1120,Lausanne,ch:1:sloid:1120:0:37997,2026-10-09,ch:1:sjyid:100001:24125-001,rail,Regio,R1,R1,24125,Grandson,Bex,6,,2026-10-09 06:55:00+00:00,2026-10-09 06:55:00+00:00,,True,0.0,2026-10-09 08:38:28.578000+02:00,2026-10-09 08:55:00+02:00,2026-10-09 08:55:00+02:00,2026-10-09,8,Friday,False,16.5237
20261009_063825,2026-10-09 06:38:28.578000+00:00,Lausanne,rail,ch:1:sloid:1120,Lausanne,ch:1:sloid:1120:0:37997,2026-10-09,ch:1:sjyid:100001:94125-900,rail,,R1,R1,94125,Cossonay-Penthalaz,Bex,6,,2026-10-09 06:55:00+00:00,2026-10-09 06:55:12+00:00,,True,0.2,2026-10-09 08:38:28.578000+02:00,2026-10-09 08:55:00+02:00,2026-10-09 08:55:12+02:00,2026-10-09,8,Friday,False,16.5237
20261009_063825,2026-10-09 06:38:28.578000+00:00,Lausanne,rail,ch:1:sloid:1120,Lausanne,ch:1:sloid:1120:0:668579,2026-10-09,ch:1:sjyid:100001:24925-001,rail,Regio,R9,R9,24925,Allaman,Murten/Morat,1,,2026-10-09 06:57:00+00:00,2026-10-09 06:59:30+00:00,,True,2.5,2026-10-09 08:38:28.578000+02:00,2026-10-09 08:57:00+02:00,2026-10-09 08:59:30+02:00,2026-10-09,8,Friday,False,18.5237
20261009_063825,2026-10-09 06:38:28.578000+00:00,Lausanne,rail,ch:1:sloid:1120,Lausanne,ch:1:sloid:1120:0:840061,2026-10-09,ch:1:sjyid:100001:24316-001,rail,Regio,R3,R3,24316,Vevey,Vallorbe,7,,2026-10-09 06:57:00+00:00,2026-10-09 06:57:12+00:00,,True,0.2,2026-10-09 08:38:28.578000+02:00,2026-10-09 08:57:00+02:00,2026-10-09 08:57:12+02:00,2026-10-09,8,Friday,False,18.5237
20261009_063825,2026-10-09 06:38:28.578000+00:00,Lausanne,rail,ch:1:sloid:1120,Lausanne,ch:1:sloid:1120:0:638488,2026-10-09,ch:1:sjyid:100001:18412-001,rail,RegioExpress,RE33,RE33,18412,St-Maurice,Annemasse,8,,2026-10-09 07:00:00+00:00,,,False,,2026-10-09 08:38:28.578000+02:00,2026-10-09 09:00:00+02:00,,2026-10-09,9,Friday,False,21.5237
20261009_063825,2026-10-09 06:38:28.578000+00:00,Lausanne,rail,ch:1:sloid:1120,Lausanne,ch:1:sloid:1120:0:860143,2026-10-09,ch:1:sjyid:100001:18409-001,rail,RegioExpress,RE33,RE33,18409,Annemasse,St-Maurice,4,,2026-10-09 07:01:00+00:00,2026-10-09 07:02:36+00:00,,True,1.6,2026-10-09 08:38:28.578000+02:00,2026-10-09 09:01:00+02:00,2026-10-09 09:02:36+02:00,2026-10-09,9,Friday,False,22.5237
20261009_063825,2026-10-09 06:38:28.578000+00:00,Lausanne,rail,ch:1:sloid:1120,Lausanne,ch:1:sloid:1120:0:840061,2026-10-09,ch:1:sjyid:100001:24916-001,rail,Regio,R9,R9,24916,Murten/Morat,Allaman,7,,2026-10-09 07:04:00+00:00,2026-10-09 07:04:12+00:00,,True,0.2,2026-10-09 08:38:28.578000+02:00,2026-10-09 09:04:00+02:00,2026-10-09 09:04:12+02:00,2026-10-09,9,Friday,False,25.5237
20261009_063825,2026-10-09 06:38:28.578000+00:00,Lausanne,rail,ch:1:sloid:1120,Lausanne,ch:1:sloid:1120:0:276884,2026-10-09,ch:1:sjyid:100001:1615-001,rail,InterCity,IC51,IC51,1615,Lausanne,Basel SBB,3,,2026-10-09 07:04:00+00:00,2026-10-09 07:04:30+00:00,,True,0.5,2026-10-09 08:38:28.578000+02:00,2026-10-09 09:04:00+02:00,2026-10-09 09:04:30+02:00,2026-10-09,9,Friday,False,25.5237
20261009_063825,2026-10-09 06:38:28.578000+00:00,Lausanne,rail,ch:1:sloid:1120,Lausanne,ch:1:sloid:1120:0:37997,2026-10-09,ch:1:sjyid:100001:24325-001,rail,Regio,R3,R3,24325,Vallorbe,Vevey,6,,2026-10-09 07:04:00+00:00,2026-10-09 07:04:18+00:00,,True,0.3,2026-10-09 08:38:28.578000+02:00,2026-10-09 09:04:00+02:00,2026-10-09 09:04:18+02:00,2026-10-09,9,Friday,False,25.5237
20261009_063825,2026-10-09 06:38:28.578000+00:00,Lausanne,rail,ch:1:sloid:1120,Lausanne,ch:1:sloid:1120:0:42631,2026-10-09,ch:1:sjyid:100001:24116-001,rail,Regio,R1,R1,24116,Bex,Grandson,5,,2026-10-09 07:08:00+00:00,2026-10-09 07:08:36+00:00,,True,0.6,2026-10-09 08:38:28.578000+02:00,2026-10-09 09:08:00+02:00,2026-10-09 09:08:36+02:00,2026-10-09,9,Friday,False,29.5237
20261009_063825,2026-10-09 06:38:28.578000+00:00,Lausanne,rail,ch:1:sloid:1120,Lausanne,ch:1:sloid:1120:0:276884,2026-10-09,ch:1:sjyid:100001:1713-001,rail,InterRegio,IR95,IR95,1713,Genève-Aéroport,Brig,3,,2026-10-09 07:14:00+00:00,2026-10-09 07:14:30+00:00,,True,0.5,2026-10-09 08:38:28.578000+02:00,2026-10-09 09:14:00+02:00,2026-10-09 09:14:30+02:00,2026-10-09,9,Friday,False,35.5237
20261009_063825,2026-10-09 06:38:28.578000+00:00,Lausanne,rail,ch:1:sloid:1120,Lausanne,ch:1:sloid:1120:0:638488,2026-10-09,ch:1:sjyid:100001:1810-001,rail,InterRegio,IR90,IR90,1810,Brig,Genève-Aéroport,8,,2026-10-09 07:16:00+00:00,2026-10-09 07:16:30+00:00,,True,0.5,2026-10-09 08:38:28.578000+02:00,2026-10-09 09:16:00+02:00,2026-10-09 09:16:30+02:00,2026-10-09,9,Friday,False,37.5237
20261009_063825,2026-10-09 06:38:28.578000+00:00,Lausanne,rail,ch:1:sloid:1120,Lausanne,ch:1:sloid:1120:0:668579,2026-10-09,ch:1:sjyid:100001:713-001,rail,InterCity,IC1,IC1,713,Genève-Aéroport,St. Gallen,1,,2026-10-09 07:17:00+00:00,2026-10-09 07:17:30+00:00,,True,0.5,2026-10-09 08:38:28.578000+02:00,2026-10-09 09:17:00+02:00,2026-10-09 09:17:30+02:00,2026-10-09,9,Friday,False,38.5237
20261009_063825,2026-10-09 06:38:28.578000+00:00,Lausanne,rail,ch:1:sloid:1120,Lausanne,ch:1:sloid:1120:0:20298,2026-10-09,ch:1:sjyid:100001:24627-001,rail,S-Bahn,S40,S40,24627,Lausanne,Fribourg/Freiburg,70,,2026-10-09 07:21:00+00:00,2026-10-09 07:21:12+00:00,,True,0.2,2026-10-09 08:38:28.578000+02:00,2026-10-09 09:21:00+02:00,2026-10-09 09:21:12+02:00,2026-10-09,9,Friday,False,42.5237
20261009_063825,2026-10-09 06:38:28.578000+00:00,Lausanne,rail,ch:1:sloid:1120,Lausanne,ch:1:sloid:1120:0:42631,2026-10-09,ch:1:sjyid:100001:2510-002,rail,InterRegio,IR15,IR15,2510,Luzern,Genève-Aéroport,5,,2026-10-09 07:23:00+00:00,2026-10-09 07:23:30+00:00,,True,0.5,2026-10-09 08:38:28.578000+02:00,2026-10-09 09:23:00+02:00,2026-10-09 09:23:30+02:00,2026-10-09,9,Friday,False,44.5237
20261009_063825,2026-10-09 06:38:28.578000+00:00,Lausanne,rail,ch:1:sloid:1120,Lausanne,ch:1:sloid:1120:0:276884,2026-10-09,ch:1:sjyid:100001:24227-001,rail,Regio,R2,R2,24227,Grandson,Bex,3,,2026-10-09 07:24:00+00:00,2026-10-09 07:24:00+00:00,,True,0.0,2026-10-09 08:38:28.578000+02:00,2026-10-09 09:24:00+02:00,2026-10-09 09:24:00+02:00,2026-10-09,9,Friday,False,45.5237
20261009_063825,2026-10-09 06:38:28.578000+00:00,Lausanne,rail,ch:1:sloid:1120,Lausanne,ch:1:sloid:1120:0:276884,2026-10-09,ch:1:sjyid:100001:94227-900,rail,,R2,R2,94227,Cossonay-Penthalaz,Bex,3,,2026-10-09 07:24:00+00:00,2026-10-09 07:24:30+00:00,,True,0.5,2026-10-09 08:38:28.578000+02:00,2026-10-09 09:24:00+02:00,2026-10-09 09:24:30+02:00,2026-10-09,9,Friday,False,45.5237
20261009_063825,2026-10-09 06:38:28.578000+00:00,Lausanne,rail,ch:1:sloid:1120,Lausanne,ch:1:sloid:1120:0:638488,2026-10-09,ch:1:sjyid:100001:24418-001,rail,Regio,R4,R4,24418,Vevey,Vallorbe/Le Brassus,8,,2026-10-09 07:27:00+00:00,2026-10-09 07:27:12+00:00,,True,0.2,2026-10-09 08:38:28.578000+02:00,2026-10-09 09:27:00+02:00,2026-10-09 09:27:12+02:00,2026-10-09,9,Friday,False,48.5237
20261009_063825,2026-10-09 06:38:28.578000+00:00,Lausanne,rail,ch:1:sloid:1120,Lausanne,ch:1:sloid:1120:0:668579,2026-10-09,ch:1:sjyid:100001:24827-001,rail,Regio,R8,R8,24827,Allaman,Payerne,1,,2026-10-09 07:28:00+00:00,2026-10-09 07:28:12+00:00,,True,0.2,2026-10-09 08:38:28.578000+02:00,2026-10-09 09:28:00+02:00,2026-10-09 09:28:12+02:00,2026-10-09,9,Friday,False,49.5237
20261009_063825,2026-10-09 06:38:28.578000+00:00,Lausanne,rail,ch:1:sloid:1120,Lausanne,ch:1:sloid:1120:0:840061,2026-10-09,ch:1:sjyid:100001:18458-001,rail,RegioExpress,RE33,RE33,18458,Martigny,Annemasse,7,,2026-10-09 07:30:00+00:00,,,False,,2026-10-09 08:38:28.578000+02:00,2026-10-09 09:30:00+02:00,,2026-10-09,9,Friday,False,51.5237
20261009_063825,2026-10-09 06:38:28.578000+00:00,Lausanne,rail,ch:1:sloid:1120,Lausanne,ch:1:sloid:1120:0:37997,2026-10-09,ch:1:sjyid:100001:18463-001,rail,RegioExpress,RE33,RE33,18463,Annemasse,Martigny,6,,2026-10-09 07:31:00+00:00,2026-10-09 07:31:54+00:00,,True,0.9,2026-10-09 08:38:28.578000+02:00,2026-10-09 09:31:00+02:00,2026-10-09 09:31:54+02:00,2026-10-09,9,Friday,False,52.5237
20261009_063825,2026-10-09 06:38:28.578000+00:00,Lausanne,rail,ch:1:sloid:1120,Lausanne,ch:1:sloid:1120:0:860143,2026-10-09,ch:1:sjyid:100001:517-001,rail,InterCity,IC5,IC5,517,Lausanne,Rorschach,4,,2026-10-09 07:34:00+00:00,2026-10-09 07:34:30+00:00,,True,0.5,2026-10-09 08:38:28.578000+02:00,2026-10-09 09:34:00+02:00,2026-10-09 09:34:30+02:00,2026-10-09,9,Friday,False,55.5237
20261009_063825,2026-10-09 06:38:28.578000+00:00,Lausanne,rail,ch:1:sloid:1120,Lausanne,ch:1:sloid:1120:0:42631,2026-10-09,ch:1:sjyid:100001:24818-001,rail,Regio,R8,R8,24818,Payerne,Allaman,5,,2026-10-09 07:34:00+00:00,2026-10-09 07:34:12+00:00,,True,0.2,2026-10-09 08:38:28.578000+02:00,2026-10-09 09:34:00+02:00,2026-10-09 09:34:12+02:00,2026-10-09,9,Friday,False,55.5237
20261009_063825,2026-10-09 06:38:28.578000+00:00,Lausanne,rail,ch:1:sloid:1120,Lausanne,ch:1:sloid:1120:0:276884,2026-10-09,ch:1:sjyid:100001:24427-001,rail,Regio,R4,R4,24427,Le Day,Vevey,3,,2026-10-09 07:34:00+00:00,2026-10-09 07:34:12+00:00,,True,0.2,2026-10-09 08:38:28.578000+02:00,2026-10-09 09:34:00+02:00,2026-10-09 09:34:12+02:00,2026-10-09,9,Friday,False,55.5237
20261009_063825,2026-10-09 06:38:29.047000+00:00,Genève,rail,ch:1:sloid:1008,Genève,ch:1:sloid:1008:2:3,2026-10-09,ch:1:sjyid:100001:18463-001,rail,RegioExpress,RE33,RE33,18463,Annemasse,Martigny,3,,2026-10-09 06:38:00+00:00,2026-10-09 06:38:12+00:00,,True,0.2,2026-10-09 08:38:29.047000+02:00,2026-10-09 08:38:00+02:00,2026-10-09 08:38:12+02:00,2026-10-09,8,Friday,False,-0.4841166666666667
20261009_063825,2026-10-09 06:38:29.047000+00:00,Genève,rail,ch:1:sloid:1008,Genève,ch:1:sloid:1008:2:2,2026-10-09,ch:1:sjyid:100001:1706-001,rail,InterRegio,IR95,IR95,1706,Brig,Genève-Aéroport,2,,2026-10-09 06:38:00+00:00,2026-10-09 06:38:30+00:00,,True,0.5,2026-10-09 08:38:29.047000+02:00,2026-10-09 08:38:00+02:00,2026-10-09 08:38:30+02:00,2026-10-09,8,Friday,False,-0.4841166666666667
20261009_063825,2026-10-09 06:38:29.047000+00:00,Genève,rail,ch:1:sloid:1008,Genève,ch:1:sloid:1008:1:1,2026-10-09,ch:1:sjyid:100001:23227-001,rail,Regio,RL4,RL4,23227,Annemasse,Coppet,1,,2026-10-09 06:45:00+00:00,2026-10-09 06:45:12+00:00,,True,0.2,2026-10-09 08:38:29.047000+02:00,2026-10-09 08:45:00+02:00,2026-10-09 08:45:12+02:00,2026-10-09,8,Friday,False,6.515883333333333
20261009_063825,2026-10-09 06:38:29.047000+00:00,Genève,rail,ch:1:sloid:1008,Genève,ch:1:sloid:1008:2:2,2026-10-09,ch:1:sjyid:100001:23416-001,rail,Regio,RL2,RL2,23416,Coppet,Annemasse,2,,2026-10-09 06:46:00+00:00,2026-10-09 06:46:42+00:00,,True,0.7,2026-10-09 08:38:29.047000+02:00,2026-10-09 08:46:00+02:00,2026-10-09 08:46:42+02:00,2026-10-09,8,Friday,False,7.515883333333333
20261009_063825,2026-10-09 06:38:29.047000+00:00,Genève,rail,ch:1:sloid:1008,Genève,ch:1:sloid:1008:3:6,2026-10-09,ch:1:sjyid:100001:23028-002,rail,Regio,RL5,RL5,23028,Genève,La Plaine,5,,2026-10-09 06:48:00+00:00,2026-10-09 06:48:12+00:00,,True,0.2,2026-10-09 08:38:29.047000+02:00,2026-10-09 08:48:00+02:00,2026-10-09 08:48:12+02:00,2026-10-09,8,Friday,False,9.515883333333333
20261009_063825,2026-10-09 06:38:29.047000+00:00,Genève,rail,ch:1:sloid:1008,Genève,ch:1:sloid:1008:2:2,2026-10-09,ch:1:sjyid:100001:18410-001,rail,RegioExpress,RE33,RE33,18410,St-Maurice,Annemasse,2,,2026-10-09 06:53:00+00:00,,,False,,2026-10-09 08:38:29.047000+02:00,2026-10-09 08:53:00+02:00,,2026-10-09,8,Friday,False,14.515883333333333
20261009_063825,2026-10-09 06:38:29.047000+00:00,Genève,rail,ch:1:sloid:1008,Genève,ch:1:sloid:1008:3:4,2026-10-09,ch:1:sjyid:100001:2515-001,rail,InterRegio,IR15,IR15,2515,Genève-Aéroport,Luzern,4,,2026-10-09 06:54:00+00:00,2026-10-09 06:54:30+00:00,,True,0.5,2026-10-09 08:38:29.047000+02:00,2026-10-09 08:54:00+02:00,2026-10-09 08:54:30+02:00,2026-10-09,8,Friday,False,15.515883333333333
20261009_063825,2026-10-09 06:38:29.047000+00:00,Genève,rail,ch:1:sloid:1008,Genève,ch:1:sloid:1008:2:3,2026-10-09,ch:1:sjyid:100001:1808-001,rail,InterRegio,IR90,IR90,1808,Brig,Genève-Aéroport,3,,2026-10-09 06:58:00+00:00,2026-10-09 06:58:48+00:00,,True,0.8,2026-10-09 08:38:29.047000+02:00,2026-10-09 08:58:00+02:00,2026-10-09 08:58:48+02:00,2026-10-09,8,Friday,False,19.51588333333333
20261009_063825,2026-10-09 06:38:29.047000+00:00,Genève,rail,ch:1:sloid:1008,Genève,ch:1:sloid:1008:1:1,2026-10-09,ch:1:sjyid:100001:23379-001,rail,Regio,RL1,RL1,23379,Annemasse,Coppet,1,,2026-10-09 07:00:00+00:00,2026-10-09 07:00:12+00:00,,True,0.2,2026-10-09 08:38:29.047000+02:00,2026-10-09 09:00:00+02:00,2026-10-09 09:00:12+02:00,2026-10-09,9,Friday,False,21.51588333333333
20261009_063825,2026-10-09 06:38:29.047000+00:00,Genève,rail,ch:1:sloid:1008,Genève,ch:1:sloid:1008:2:2,2026-10-09,ch:1:sjyid:100001:23130-001,rail,Regio,RL4,RL4,23130,Coppet,Annemasse,2,,2026-10-09 07:01:00+00:00,2026-10-09 07:01:42+00:00,,True,0.7,2026-10-09 08:38:29.047000+02:00,2026-10-09 09:01:00+02:00,2026-10-09 09:01:42+02:00,2026-10-09,9,Friday,False,22.51588333333333
20261009_063825,2026-10-09 06:38:29.047000+00:00,Genève,rail,ch:1:sloid:1008,Genève,ch:1:sloid:1008:3:6,2026-10-09,ch:1:sjyid:100001:1813-001,rail,InterRegio,IR90,IR90,1813,Genève-Aéroport,Brig,5,,2026-10-09 07:05:00+00:00,2026-10-09 07:05:30+00:00,,True,0.5,2026-10-09 08:38:29.047000+02:00,2026-10-09 09:05:00+02:00,2026-10-09 09:05:30+02:00,2026-10-09,9,Friday,False,26.51588333333333
20261009_063825,2026-10-09 06:38:29.047000+00:00,Genève,rail,ch:1:sloid:1008,Genève,ch:1:sloid:1008:2:2,2026-10-09,ch:1:sjyid:100001:18411-001,rail,RegioExpress,RE33,RE33,18411,Annemasse,St-Maurice,2,,2026-10-09 07:08:00+00:00,2026-10-09 07:08:12+00:00,,True,0.2,2026-10-09 08:38:29.047000+02:00,2026-10-09 09:08:00+02:00,2026-10-09 09:08:12+02:00,2026-10-09,9,Friday,False,29.51588333333333
20261009_063825,2026-10-09 06:38:29.047000+00:00,Genève,rail,ch:1:sloid:1008,Genève,ch:1:sloid:1008:2:3,2026-10-09,ch:1:sjyid:100001:2508-002,rail,InterRegio,IR15,IR15,2508,Luzern,Genève-Aéroport,3,,2026-10-09 07:08:00+00:00,2026-10-09 07:08:30+00:00,,True,0.5,2026-10-09 08:38:29.047000+02:00,2026-10-09 09:08:00+02:00,2026-10-09 09:08:30+02:00,2026-10-09,9,Friday,False,29.51588333333333
20261009_063825,2026-10-09 06:38:29.047000+00:00,Genève,rail,ch:1:sloid:1008,Genève,ch:1:sloid:1008:1:1,2026-10-09,ch:1:sjyid:100001:23415-001,rail,Regio,RL2,RL2,23415,Annemasse,Coppet,1,,2026-10-09 07:15:00+00:00,2026-10-09 07:15:12+00:00,,True,0.2,2026-10-09 08:38:29.047000+02:00,2026-10-09 09:15:00+02:00,2026-10-09 09:15:12+02:00,2026-10-09,9,Friday,False,36.515883333333335
20261009_063825,2026-10-09 06:38:29.047000+00:00,Genève,rail,ch:1:sloid:1008,Genève,ch:1:sloid:1008:2:2,2026-10-09,ch:1:sjyid:100001:23230-001,rail,Regio,RL4,RL4,23230,Coppet,Annemasse,2,,2026-10-09 07:16:00+00:00,2026-10-09 07:16:42+00:00,,True,0.7,2026-10-09 08:38:29.047000+02:00,2026-10-09 09:16:00+02:00,2026-10-09 09:16:42+02:00,2026-10-09,9,Friday,False,37.515883333333335
20261009_063825,2026-10-09 06:38:29.047000+00:00,Genève,rail,ch:1:sloid:1008,Genève,ch:1:sloid:1008:3:5,2026-10-09,ch:1:sjyid:100001:23030-002,rail,Regio,RL5,RL5,23030,Genève,La Plaine,10,,2026-10-09 07:18:00+00:00,2026-10-09 07:18:12+00:00,,True,0.2,2026-10-09 08:38:29.047000+02:00,2026-10-09 09:18:00+02:00,2026-10-09 09:18:12+02:00,2026-10-09,9,Friday,False,39.515883333333335
20261009_063825,2026-10-09 06:38:29.047000+00:00,Genève,rail,ch:1:sloid:1008,Genève,ch:1:sloid:1008:2:2,2026-10-09,ch:1:sjyid:100001:18456-001,rail,RegioExpress,RE33,RE33,18456,Martigny,Annemasse,2,,2026-10-09 07:23:00+00:00,,,False,,2026-10-09 08:38:29.047000+02:00,2026-10-09 09:23:00+02:00,,2026-10-09,9,Friday,False,44.515883333333335
20261009_063825,2026-10-09 06:38:29.047000+00:00,Genève,rail,ch:1:sloid:1008,Genève,ch:1:sloid:1008:3:4,2026-10-09,ch:1:sjyid:100001:1715-001,rail,InterRegio,IR95,IR95,1715,Genève-Aéroport,Brig,4,,2026-10-09 07:24:00+00:00,2026-10-09 07:24:42+00:00,,True,0.7,2026-10-09 08:38:29.047000+02:00,2026-10-09 09:24:00+02:00,2026-10-09 09:24:42+02:00,2026-10-09,9,Friday,False,45.515883333333335
20261009_063825,2026-10-09 06:38:29.047000+00:00,Genève,rail,ch:1:sloid:1008,Genève,ch:1:sloid:1008:4:7,2026-10-09,ch:1:sjyid:100001:96558-002,rail,Train Express Regional,TER,TER,96558,Genève,Lyon Part Dieu,6,,2026-10-09 07:24:00+00:00,2026-10-09 07:24:30+00:00,,True,0.5,2026-10-09 08:38:29.047000+02:00,2026-10-09 09:24:00+02:00,2026-10-09 09:24:30+02:00,2026-10-09,9,Friday,False,45.515883333333335
20261009_063825,2026-10-09 06:38:29.047000+00:00,Genève,rail,ch:1:sloid:1008,Genève,ch:1:sloid:1008:2:3,2026-10-09,ch:1:sjyid:100001:706-001,rail,InterCity,IC1,IC1,706,St. Gallen,Genève-Aéroport,3,,2026-10-09 07:28:00+00:00,2026-10-09 07:29:12+00:00,,True,1.2,2026-10-09 08:38:29.047000+02:00,2026-10-09 09:28:00+02:00,2026-10-09 09:29:12+02:00,2026-10-09,9,Friday,False,49.515883333333335
20261009_063825,2026-10-09 06:38:29.047000+00:00,Genève,rail,ch:1:sloid:1008,Genève,ch:1:sloid:1008:1:1,2026-10-09,ch:1:sjyid:100001:23479-001,rail,Regio,RL3,RL3,23479,Annemasse,Coppet,1,,2026-10-09 07:30:00+00:00,2026-10-09 07:30:12+00:00,,True,0.2,2026-10-09 08:38:29.047000+02:00,2026-10-09 09:30:00+02:00,2026-10-09 09:30:12+02:00,2026-10-09,9,Friday,False,51.515883333333335
20261009_063825,2026-10-09 06:38:29.047000+00:00,Genève,rail,ch:1:sloid:1008,Genève,ch:1:sloid:1008:2:2,2026-10-09,ch:1:sjyid:100001:23314-001,rail,Regio,RL1,RL1,23314,Coppet,Thonon-les-Bains,2,,2026-10-09 07:31:00+00:00,2026-10-09 07:31:42+00:00,,True,0.7,2026-10-09 08:38:29.047000+02:00,2026-10-09 09:31:00+02:00,2026-10-09 09:31:42+02:00,2026-10-09,9,Friday,False,52.515883333333335
20261009_063825,2026-10-09 06:38:29.047000+00:00,Genève,rail,ch:1:sloid:1008,Genève,ch:1:sloid:1008:3:4,2026-10-09,ch:1:sjyid:100001:715-001,rail,InterCity,IC1,IC1,715,Genève-Aéroport,St. Gallen,4,,2026-10-09 07:35:00+00:00,2026-10-09 07:35:30+00:00,,True,0.5,2026-10-09 08:38:29.047000+02:00,2026-10-09 09:35:00+02:00,2026-10-09 09:35:30+02:00,2026-10-09,9,Friday,False,56.515883333333335
20261009_063825,2026-10-09 06:38:29.047000+00:00,Genève,rail,ch:1:sloid:1008,Genève,ch:1:sloid:1008:2:3,2026-10-09,ch:1:sjyid:100001:18465-001,rail,RegioExpress,RE33,RE33,18465,Annemasse,Martigny,3,,2026-10-09 07:38:00+00:00,2026-10-09 07:38:12+00:00,,True,0.2,2026-10-09 08:38:29.047000+02:00,2026-10-09 09:38:00+02:00,2026-10-09 09:38:12+02:00,2026-10-09,9,Friday,False,59.515883333333335
20261009_063825,2026-10-09 06:38:29.047000+00:00,Genève,rail,ch:1:sloid:1008,Genève,ch:1:sloid:1008:2:2,2026-10-09,ch:1:sjyid:100001:1708-001,rail,InterRegio,IR95,IR95,1708,Brig,Genève-Aéroport,2,,2026-10-09 07:38:00+00:00,2026-10-09 07:38:30+00:00,,True,0.5,2026-10-09 08:38:29.047000+02:00,2026-10-09 09:38:00+02:00,2026-10-09 09:38:30+02:00,2026-10-09,9,Friday,False,59.515883333333335
20261009_063825,2026-10-09 06:38:29.047000+00:00,Genève,rail,ch:1:sloid:1008,Genève,ch:1:sloid:1008:1:1,2026-10-09,ch:1:sjyid:100001:23231-001,rail,Regio,RL4,RL4,23231,Annemasse,Coppet,1,,2026-10-09 07:45:00+00:00,2026-10-09 07:45:12+00:00,,True,0.2,2026-10-09 08:38:29.047000+02:00,2026-10-09 09:45:00+02:00,2026-10-09 09:45:12+02:00,2026-10-09,9,Friday,False,66.51588333333333
20261009_063825,2026-10-09 06:38:29.047000+00:00,Genève,rail,ch:1:sloid:1008,Genève,ch:1:sloid:1008:2:2,2026-10-09,ch:1:sjyid:100001:23418-001,rail,Regio,RL2,RL2,23418,Coppet,Annemasse,2,,2026-10-09 07:46:00+00:00,2026-10-09 07:46:42+00:00,,True,0.7,2026-10-09 08:38:29.047000+02:00,2026-10-09 09:46:00+02:00,2026-10-09 09:46:42+02:00,2026-10-09,9,Friday,False,67.51588333333333
20261009_063825,2026-10-09 06:38:29.047000+00:00,Genève,rail,ch:1:sloid:1008,Genève,ch:1:sloid:1008:3:6,2026-10-09,ch:1:sjyid:100001:23032-002,rail,Regio,RL5,RL5,23032,Genève,La Plaine,5,,2026-10-09 07:48:00+00:00,2026-10-09 07:48:12+00:00,,True,0.2,2026-10-09 08:38:29.047000+02:00,2026-10-09 09:48:00+02:00,2026-10-09 09:48:12+02:00,2026-10-09,9,Friday,False,69.51588333333333
20261009_063825,2026-10-09 06:38:29.522000+00:00,Lugano,rail,ch:1:sloid:5300,Lugano,ch:1:sloid:5300:2:3,2026-10-09,ch:1:sjyid:100001:10-001,rail,EuroCity,EC,EC,10,Como S. Giovanni,Zürich HB,3,,2026-10-09 06:30:00+00:00,2026-10-09 06:41:00+00:00,,True,11.0,2026-10-09 08:38:29.522000+02:00,2026-10-09 08:30:00+02:00,2026-10-09 08:41:00+02:00,2026-10-09,8,Friday,False,-8.492033333333334
20261009_063825,2026-10-09 06:38:29.522000+00:00,Lugano,rail,ch:1:sloid:5300,Lugano,ch:1:sloid:5300:1:1,2026-10-09,ch:1:sjyid:100001:25960-001,rail,S-Bahn,S90,S90,25960,Lugano,Giubiasco,1,,2026-10-09 06:38:00+00:00,2026-10-09 06:38:12+00:00,,True,0.2,2026-10-09 08:38:29.522000+02:00,2026-10-09 08:38:00+02:00,2026-10-09 08:38:12+02:00,2026-10-09,8,Friday,False,-0.4920333333333333
20261009_063825,2026-10-09 06:38:29.522000+00:00,Lugano,rail,ch:1:sloid:5300,Lugano,ch:1:sloid:5300:2:2,2026-10-09,ch:1:sjyid:100001:25913-001,rail,S-Bahn,S90,S90,25913,Giubiasco,Mendrisio,2,,2026-10-09 06:52:00+00:00,2026-10-09 06:52:12+00:00,,True,0.2,2026-10-09 08:38:29.522000+02:00,2026-10-09 08:52:00+02:00,2026-10-09 08:52:12+02:00,2026-10-09,8,Friday,False,13.507966666666666
20261009_063825,2026-10-09 06:38:29.522000+00:00,Lugano,rail,ch:1:sloid:5300,Lugano,ch:1:sloid:5300:3:4,2026-10-09,ch:1:sjyid:100001:25760-001,rail,S-Bahn,S10,S10,25760,Mendrisio,Biasca,4,,2026-10-09 06:55:00+00:00,2026-10-09 06:55:36+00:00,,True,0.6,2026-10-09 08:38:29.522000+02:00,2026-10-09 08:55:00+02:00,2026-10-09 08:55:36+02:00,2026-10-09,8,Friday,False,16.507966666666665
20261009_063825,2026-10-09 06:38:29.522000+00:00,Lugano,rail,ch:1:sloid:5300,Lugano,ch:1:sloid:5300:2:3,2026-10-09,ch:1:sjyid:100001:870-001,rail,InterCity,IC2,IC2,870,Lugano,Zürich HB,3,,2026-10-09 07:02:00+00:00,2026-10-09 07:02:30+00:00,,True,0.5,2026-10-09 08:38:29.522000+02:00,2026-10-09 09:02:00+02:00,2026-10-09 09:02:30+02:00,2026-10-09,9,Friday,False,23.50796666666667
20261009_063825,2026-10-09 06:38:29.522000+00:00,Lugano,rail,ch:1:sloid:5300,Lugano,ch:1:sloid:5300:1:1,2026-10-09,ch:1:sjyid:100001:25513-001,rail,RegioExpress,RE80,RE80,25513,Locarno,Milano Centrale,1,,2026-10-09 07:02:00+00:00,,,False,,2026-10-09 08:38:29.522000+02:00,2026-10-09 09:02:00+02:00,,2026-10-09,9,Friday,False,23.50796666666667
20261009_063825,2026-10-09 06:38:29.522000+00:00,Lugano,rail,ch:1:sloid:5300,Lugano,ch:1:sloid:5300:3:4,2026-10-09,ch:1:sjyid:100001:25508-001,rail,RegioExpress,RE80,RE80,25508,Milano Centrale,Locarno,4,,2026-10-09 07:05:00+00:00,2026-10-09 07:05:12+00:00,,True,0.2,2026-10-09 08:38:29.522000+02:00,2026-10-09 09:05:00+02:00,2026-10-09 09:05:12+02:00,2026-10-09,9,Friday,False,26.50796666666667
20261009_063825,2026-10-09 06:38:29.522000+00:00,Lugano,rail,ch:1:sloid:5300,Lugano,ch:1:sloid:5300:1:1,2026-10-09,ch:1:sjyid:100001:25763-001,rail,S-Bahn,S10,S10,25763,Biasca,Como S. Giovanni/Malpensa Aeroporto T2,1,,2026-10-09 07:06:00+00:00,2026-10-09 07:06:12+00:00,,True,0.2,2026-10-09 08:38:29.522000+02:00,2026-10-09 09:06:00+02:00,2026-10-09 09:06:12+02:00,2026-10-09,9,Friday,False,27.50796666666667
20261009_063825,2026-10-09 06:38:29.522000+00:00,Lugano,rail,ch:1:sloid:5300,Lugano,ch:1:sloid:5300:2:3,2026-10-09,ch:1:sjyid:100001:25914-001,rail,S-Bahn,S90,S90,25914,Mendrisio,Giubiasco,3,,2026-10-09 07:08:00+00:00,2026-10-09 07:08:12+00:00,,True,0.2,2026-10-09 08:38:29.522000+02:00,2026-10-09 09:08:00+02:00,2026-10-09 09:08:12+02:00,2026-10-09,9,Friday,False,29.50796666666667
20261009_063825,2026-10-09 06:38:29.522000+00:00,Lugano,rail,ch:1:sloid:5300,Lugano,ch:1:sloid:5300:3:4,2026-10-09,ch:1:sjyid:100001:3092-002,rail,Gotthard Panorama Express,PE,PE,3092,Lugano,Arth-Goldau,4,,2026-10-09 07:18:00+00:00,2026-10-09 07:18:30+00:00,,True,0.5,2026-10-09 08:38:29.522000+02:00,2026-10-09 09:18:00+02:00,2026-10-09 09:18:30+02:00,2026-10-09,9,Friday,False,39.50796666666667
20261009_063825,2026-10-09 06:38:29.522000+00:00,Lugano,rail,ch:1:sloid:5300,Lugano,ch:1:sloid:5300:3:4,2026-10-09,ch:1:sjyid:100001:25114-001,rail,S-Bahn,S10,S10,25114,Como Camerlata,Biasca,4,,2026-10-09 07:25:00+00:00,2026-10-09 07:25:24+00:00,,True,0.4,2026-10-09 08:38:29.522000+02:00,2026-10-09 09:25:00+02:00,2026-10-09 09:25:24+02:00,2026-10-09,9,Friday,False,46.50796666666667
20261009_063825,2026-10-09 06:38:29.522000+00:00,Lugano,rail,ch:1:sloid:5300,Lugano,ch:1:sloid:5300:2:2,2026-10-09,ch:1:sjyid:100001:25815-001,rail,RegioExpress,RE80,RE80,25815,Locarno,Chiasso,2,,2026-10-09 07:25:00+00:00,2026-10-09 07:25:12+00:00,,True,0.2,2026-10-09 08:38:29.522000+02:00,2026-10-09 09:25:00+02:00,2026-10-09 09:25:12+02:00,2026-10-09,9,Friday,False,46.50796666666667
20261009_063825,2026-10-09 06:38:29.522000+00:00,Lugano,rail,ch:1:sloid:5300,Lugano,ch:1:sloid:5300:2:3,2026-10-09,ch:1:sjyid:100001:12-001,rail,EuroCity,EC,EC,12,Como S. Giovanni,Zürich HB,3,,2026-10-09 07:30:00+00:00,2026-10-09 07:31:00+00:00,,True,1.0,2026-10-09 08:38:29.522000+02:00,2026-10-09 09:30:00+02:00,2026-10-09 09:31:00+02:00,2026-10-09,9,Friday,False,51.50796666666667
20261009_063825,2026-10-09 06:38:29.522000+00:00,Lugano,rail,ch:1:sloid:5300,Lugano,ch:1:sloid:5300:2:2,2026-10-09,ch:1:sjyid:100001:13-002,rail,EuroCity,EC,EC,13,Zürich HB,Milano Centrale,2,,2026-10-09 07:30:00+00:00,,,False,,2026-10-09 08:38:29.522000+02:00,2026-10-09 09:30:00+02:00,,2026-10-09,9,Friday,False,51.50796666666667
20261009_063825,2026-10-09 06:38:29.522000+00:00,Lugano,rail,ch:1:sloid:5300,Lugano,ch:1:sloid:5300:3:4,2026-10-09,ch:1:sjyid:100001:25810-001,rail,RegioExpress,RE80,RE80,25810,Chiasso,Locarno,4,,2026-10-09 07:35:00+00:00,2026-10-09 07:35:48+00:00,,True,0.8,2026-10-09 08:38:29.522000+02:00,2026-10-09 09:35:00+02:00,2026-10-09 09:35:48+02:00,2026-10-09,9,Friday,False,56.50796666666667
20261009_063825,2026-10-09 06:38:29.522000+00:00,Lugano,rail,ch:1:sloid:5300,Lugano,ch:1:sloid:5300:2:2,2026-10-09,ch:1:sjyid:100001:25115-001,rail,S-Bahn,S10,S10,25115,Biasca,Como Camerlata,2,,2026-10-09 07:36:00+00:00,,,False,,2026-10-09 08:38:29.522000+02:00,2026-10-09 09:36:00+02:00,,2026-10-09,9,Friday,False,57.50796666666667
20261009_063825,2026-10-09 06:38:29.522000+00:00,Lugano,rail,ch:1:sloid:5300,Lugano,ch:1:sloid:5300:1:1,2026-10-09,ch:1:sjyid:100001:25962-001,rail,S-Bahn,S90,S90,25962,Lugano,Giubiasco,1,,2026-10-09 07:38:00+00:00,2026-10-09 07:38:12+00:00,,True,0.2,2026-10-09 08:38:29.522000+02:00,2026-10-09 09:38:00+02:00,2026-10-09 09:38:12+02:00,2026-10-09,9,Friday,False,59.50796666666667
20261009_063825,2026-10-09 06:38:29.522000+00:00,Lugano,rail,ch:1:sloid:5300,Lugano,ch:1:sloid:5300:2:2,2026-10-09,ch:1:sjyid:100001:25915-001,rail,S-Bahn,S90,S90,25915,Giubiasco,Mendrisio,2,,2026-10-09 07:52:00+00:00,2026-10-09 07:52:12+00:00,,True,0.2,2026-10-09 08:38:29.522000+02:00,2026-10-09 09:52:00+02:00,2026-10-09 09:52:12+02:00,2026-10-09,9,Friday,False,73.50796666666666
20261009_063825,2026-10-09 06:38:29.522000+00:00,Lugano,rail,ch:1:sloid:5300,Lugano,ch:1:sloid:5300:3:4,2026-10-09,ch:1:sjyid:100001:25762-001,rail,S-Bahn,S10,S10,25762,Mendrisio,Biasca,4,,2026-10-09 07:55:00+00:00,2026-10-09 07:55:36+00:00,,True,0.6,2026-10-09 08:38:29.522000+02:00,2026-10-09 09:55:00+02:00,2026-10-09 09:55:36+02:00,2026-10-09,9,Friday,False,76.50796666666666
20261009_063825,2026-10-09 06:38:29.522000+00:00,Lugano,rail,ch:1:sloid:5300,Lugano,ch:1:sloid:5300:2:3,2026-10-09,ch:1:sjyid:100001:672-001,rail,InterCity,IC21,IC21,672,Lugano,Basel SBB,3,,2026-10-09 08:02:00+00:00,2026-10-09 08:02:30+00:00,,True,0.5,2026-10-09 08:38:29.522000+02:00,2026-10-09 10:02:00+02:00,2026-10-09 10:02:30+02:00,2026-10-09,10,Friday,False,83.50796666666666
20261009_063825,2026-10-09 06:38:29.522000+00:00,Lugano,rail,ch:1:sloid:5300,Lugano,ch:1:sloid:5300:1:1,2026-10-09,ch:1:sjyid:100001:25515-001,rail,RegioExpress,RE80,RE80,25515,Locarno,Milano Centrale,1,,2026-10-09 08:02:00+00:00,,,False,,2026-10-09 08:38:29.522000+02:00,2026-10-09 10:02:00+02:00,,2026-10-09,10,Friday,False,83.50796666666666
20261009_063825,2026-10-09 06:38:29.522000+00:00,Lugano,rail,ch:1:sloid:5300,Lugano,ch:1:sloid:5300:3:4,2026-10-09,ch:1:sjyid:100001:25510-001,rail,RegioExpress,RE80,RE80,25510,Milano Centrale,Locarno,4,,2026-10-09 08:05:00+00:00,2026-10-09 08:05:12+00:00,,True,0.2,2026-10-09 08:38:29.522000+02:00,2026-10-09 10:05:00+02:00,2026-10-09 10:05:12+02:00,2026-10-09,10,Friday,False,86.50796666666666
20261009_063825,2026-10-09 06:38:29.522000+00:00,Lugano,rail,ch:1:sloid:5300,Lugano,ch:1:sloid:5300:1:1,2026-10-09,ch:1:sjyid:100001:25765-001,rail,S-Bahn,S10,S10,25765,Biasca,Como S. Giovanni/Malpensa Aeroporto T2,1,,2026-10-09 08:06:00+00:00,2026-10-09 08:06:12+00:00,,True,0.2,2026-10-09 08:38:29.522000+02:00,2026-10-09 10:06:00+02:00,2026-10-09 10:06:12+02:00,2026-10-09,10,Friday,False,87.50796666666666
20261009_063825,2026-10-09 06:38:29.522000+00:00,Lugano,rail,ch:1:sloid:5300,Lugano,ch:1:sloid:5300:2:3,2026-10-09,ch:1:sjyid:100001:25916-001,rail,S-Bahn,S90,S90,25916,Mendrisio,Giubiasco,3,,2026-10-09 08:08:00+00:00,2026-10-09 08:08:12+00:00,,True,0.2,2026-10-09 08:38:29.522000+02:00,2026-10-09 10:08:00+02:00,2026-10-09 10:08:12+02:00,2026-10-09,10,Friday,False,89.50796666666666
20261009_063825,2026-10-09 06:38:29.522000+00:00,Lugano,rail,ch:1:sloid:5300,Lugano,ch:1:sloid:5300:3:4,2026-10-09,ch:1:sjyid:100001:25116-001,rail,S-Bahn,S10,S10,25116,Como Camerlata,Biasca,4,,2026-10-09 08:25:00+00:00,2026-10-09 08:25:24+00:00,,True,0.4,2026-10-09 08:38:29.522000+02:00,2026-10-09 10:25:00+02:00,2026-10-09 10:25:24+02:00,2026-10-09,10,Friday,False,106.50796666666666
20261009_063825,2026-10-09 06:38:29.522000+00:00,Lugano,rail,ch:1:sloid:5300,Lugano,ch:1:sloid:5300:2:2,2026-10-09,ch:1:sjyid:100001:25817-001,rail,RegioExpress,RE80,RE80,25817,Locarno,Chiasso,2,,2026-10-09 08:25:00+00:00,2026-10-09 08:25:12+00:00,,True,0.2,2026-10-09 08:38:29.522000+02:00,2026-10-09 10:25:00+02:00,2026-10-09 10:25:12+02:00,2026-10-09,10,Friday,False,106.50796666666666
20261009_063825,2026-10-09 06:38:29.522000+00:00,Lugano,rail,ch:1:sloid:5300,Lugano,ch:1:sloid:5300:2:3,2026-10-09,ch:1:sjyid:100001:14-001,rail,EuroCity,EC,EC,14,Como S. Giovanni,Zürich HB,3,,2026-10-09 08:30:00+00:00,2026-10-09 08:31:00+00:00,,True,1.0,2026-10-09 08:38:29.522000+02:00,2026-10-09 10:30:00+02:00,2026-10-09 10:31:00+02:00,2026-10-09,10,Friday,False,111.50796666666666
20261009_063825,2026-10-09 06:38:29.522000+00:00,Lugano,rail,ch:1:sloid:5300,Lugano,ch:1:sloid:5300:2:2,2026-10-09,ch:1:sjyid:100001:31-002,rail,EuroCity,EC,EC,31,Zürich HB,Venezia S. Lucia,2,,2026-10-09 08:30:00+00:00,,,False,,2026-10-09 08:38:29.522000+02:00,2026-10-09 10:30:00+02:00,,2026-10-09,10,Friday,False,111.50796666666666
20261009_063825,2026-10-09 06:38:29.522000+00:00,Lugano,rail,ch:1:sloid:5300,Lugano,ch:1:sloid:5300:3:4,2026-10-09,ch:1:sjyid:100001:25812-001,rail,RegioExpress,RE80,RE80,25812,Chiasso,Locarno,4,,2026-10-09 08:35:00+00:00,2026-10-09 08:35:48+00:00,,True,0.8,2026-10-09 08:38:29.522000+02:00,2026-10-09 10:35:00+02:00,2026-10-09 10:35:48+02:00,2026-10-09,10,Friday,False,116.50796666666666
20261009_063825,2026-10-09 06:38:29.522000+00:00,Lugano,rail,ch:1:sloid:5300,Lugano,ch:1:sloid:5300:2:2,2026-10-09,ch:1:sjyid:100001:25117-001,rail,S-Bahn,S10,S10,25117,Biasca,Como Camerlata,2,,2026-10-09 08:36:00+00:00,,,False,,2026-10-09 08:38:29.522000+02:00,2026-10-09 10:36:00+02:00,,2026-10-09,10,Friday,False,117.50796666666666
20261009_063825,2026-10-09 06:38:29.984000+00:00,Zürich,local,ch:1:sloid:87348,"Zürich, Bahnhofplatz/HB",ch:1:sloid:87348::1,2026-10-09,ch:1:sjyid:100648:plan:77ac18a1-d578-4d61-b1a7-2b5f2bc433e7,tram,Tram,3,3,8018,"Zürich, Klusplatz",Albisrieden,,,2026-10-09 06:39:30+00:00,2026-10-09 06:39:42+00:00,,True,0.2,2026-10-09 08:38:29.984000+02:00,2026-10-09 08:39:30+02:00,2026-10-09 08:39:42+02:00,2026-10-09,8,Friday,False,1.0002666666666666
20261009_063825,2026-10-09 06:38:29.984000+00:00,Zürich,local,ch:1:sloid:87348,"Zürich, Bahnhofplatz/HB",ch:1:sloid:87348::0,2026-10-09,ch:1:sjyid:100648:plan:262ad790-31f9-4602-9e78-32e3ba73a8e5,tram,Tram,3,3,7733,"Zürich, Albisrieden",Klusplatz,,,2026-10-09 06:40:00+00:00,2026-10-09 06:40:48+00:00,,True,0.8,2026-10-09 08:38:29.984000+02:00,2026-10-09 08:40:00+02:00,2026-10-09 08:40:48+02:00,2026-10-09,8,Friday,False,1.5002666666666669
20261009_063825,2026-10-09 06:38:29.984000+00:00,Zürich,local,ch:1:sloid:87348,"Zürich, Bahnhofplatz/HB",ch:1:sloid:87348,2026-10-09,ch:1:sjyid:100648:plan:5ade5862-b08b-4aec-b9af-84e8404bd7dd,bus,Bus,31,31,9332,"Zürich, Hermetschloo",Kienastenwies,,,2026-10-09 06:41:54+00:00,2026-10-09 06:41:42+00:00,,True,-0.2,2026-10-09 08:38:29.984000+02:00,2026-10-09 08:41:54+02:00,2026-10-09 08:41:42+02:00,2026-10-09,8,Friday,False,3.4002666666666665
20261009_063825,2026-10-09 06:38:29.984000+00:00,Zürich,local,ch:1:sloid:87348,"Zürich, Bahnhofplatz/HB",ch:1:sloid:87348::1,2026-10-09,ch:1:sjyid:100648:plan:d4e4c31b-4c0e-40d3-95f4-c883d99fda41,tram,Tram,14,14,8625,"Zürich, Bahnhofplatz/HB",Triemli,,,2026-10-09 06:43:54+00:00,2026-10-09 06:43:54+00:00,,True,0.0,2026-10-09 08:38:29.984000+02:00,2026-10-09 08:43:54+02:00,2026-10-09 08:43:54+02:00,2026-10-09,8,Friday,False,5.400266666666667
20261009_063825,2026-10-09 06:38:29.984000+00:00,Zürich,local,ch:1:sloid:87348,"Zürich, Bahnhofplatz/HB",ch:1:sloid:87348,2026-10-09,ch:1:sjyid:100648:itcs-dispo:7567d960-e301-30b0-9c34-912cfc652ac3,bus,,31,31,,"Zürich, Kienastenwies",Hermetschloo,,,2026-10-09 06:43:00+00:00,2026-10-09 06:39:12+00:00,,True,-3.8,2026-10-09 08:38:29.984000+02:00,2026-10-09 08:43:00+02:00,2026-10-09 08:39:12+02:00,2026-10-09,8,Friday,False,4.500266666666667
20261009_063825,2026-10-09 06:38:29.984000+00:00,Zürich,local,ch:1:sloid:87348,"Zürich, Bahnhofplatz/HB",ch:1:sloid:87348::0,2026-10-09,ch:1:sjyid:100648:plan:d5e352cc-a120-47cd-b5a4-d0204555a51f,tram,Tram,6,6,8683,"Zürich, Bahnhofplatz/HB",Zoo,,,2026-10-09 06:45:12+00:00,2026-10-09 06:45:12+00:00,,True,0.0,2026-10-09 08:38:29.984000+02:00,2026-10-09 08:45:12+02:00,2026-10-09 08:45:12+02:00,2026-10-09,8,Friday,False,6.700266666666667
20261009_063825,2026-10-09 06:38:29.984000+00:00,Zürich,local,ch:1:sloid:87348,"Zürich, Bahnhofplatz/HB",ch:1:sloid:87348::1,2026-10-09,ch:1:sjyid:100648:plan:c63f392b-747e-42ea-ac2d-37f12a7c5c8c,tram,Tram,3,3,8311,"Zürich, Klusplatz",Albisrieden,,,2026-10-09 06:46:54+00:00,2026-10-09 06:47:06+00:00,,True,0.2,2026-10-09 08:38:29.984000+02:00,2026-10-09 08:46:54+02:00,2026-10-09 08:47:06+02:00,2026-10-09,8,Friday,False,8.400266666666667
20261009_063825,2026-10-09 06:38:29.984000+00:00,Zürich,local,ch:1:sloid:87348,"Zürich, Bahnhofplatz/HB",ch:1:sloid:87348,2026-10-09,ch:1:sjyid:100648:plan:c56b8340-2450-48cc-bd0b-200a6a297b8c,bus,Bus,31,31,9759,"Zürich, Hermetschloo",Kienastenwies,,,2026-10-09 06:49:24+00:00,2026-10-09 06:51:00+00:00,,True,1.6,2026-10-09 08:38:29.984000+02:00,2026-10-09 08:49:24+02:00,2026-10-09 08:51:00+02:00,2026-10-09,8,Friday,False,10.900266666666665
20261009_063825,2026-10-09 06:38:29.984000+00:00,Zürich,local,ch:1:sloid:87348,"Zürich, Bahnhofplatz/HB",ch:1:sloid:87348::1,2026-10-09,ch:1:sjyid:100648:plan:38f31dd9-9eb1-4d67-9bc2-c89c8849de24,tram,Tram,14,14,8956,"Zürich, Bahnhofplatz/HB",Triemli,,,2026-10-09 06:51:36+00:00,2026-10-09 06:51:36+00:00,,True,0.0,2026-10-09 08:38:29.984000+02:00,2026-10-09 08:51:36+02:00,2026-10-09 08:51:36+02:00,2026-10-09,8,Friday,False,13.100266666666666
20261009_063825,2026-10-09 06:38:29.984000+00:00,Zürich,local,ch:1:sloid:87348,"Zürich, Bahnhofplatz/HB",ch:1:sloid:87348::11,2026-10-09,ch:1:sjyid:100648:plan:0e143499-86e3-4b83-b33c-3b9f8fb67b9e,bus,Bus,31,31,9766,"Zürich, Kienastenwies",Hermetschloo,,,2026-10-09 06:51:00+00:00,2026-10-09 06:52:42+00:00,,True,1.7,2026-10-09 08:38:29.984000+02:00,2026-10-09 08:51:00+02:00,2026-10-09 08:52:42+02:00,2026-10-09,8,Friday,False,12.500266666666667
20261009_063825,2026-10-09 06:38:29.984000+00:00,Zürich,local,ch:1:sloid:87348,"Zürich, Bahnhofplatz/HB",ch:1:sloid:87348::0,2026-10-09,ch:1:sjyid:100648:plan:7aa21172-f7a8-4a38-a7a1-b37bc3a5eb23,tram,Tram,6,6,8991,"Zürich, Bahnhofplatz/HB",Zoo,,,2026-10-09 06:52:30+00:00,2026-10-09 06:52:30+00:00,,True,0.0,2026-10-09 08:38:29.984000+02:00,2026-10-09 08:52:30+02:00,2026-10-09 08:52:30+02:00,2026-10-09,8,Friday,False,14.000266666666667
20261009_063825,2026-10-09 06:38:29.984000+00:00,Zürich,local,ch:1:sloid:87348,"Zürich, Bahnhofplatz/HB",ch:1:sloid:87348::0,2026-10-09,ch:1:sjyid:100648:plan:ee3b095f-75a8-47a0-8be6-9d0e0c149a29,tram,Tram,3,3,8317,"Zürich, Albisrieden",Klusplatz,,,2026-10-09 06:54:54+00:00,2026-10-09 06:54:36+00:00,,True,-0.3,2026-10-09 08:38:29.984000+02:00,2026-10-09 08:54:54+02:00,2026-10-09 08:54:36+02:00,2026-10-09,8,Friday,False,16.400266666666667
20261009_063825,2026-10-09 06:38:29.984000+00:00,Zürich,local,ch:1:sloid:87348,"Zürich, Bahnhofplatz/HB",ch:1:sloid:87348::1,2026-10-09,ch:1:sjyid:100648:plan:975cda7b-e3cc-498a-b330-ddbaa14c856c,tram,Tram,3,3,8603,"Zürich, Klusplatz",Albisrieden,,,2026-10-09 06:54:24+00:00,2026-10-09 06:54:24+00:00,,True,0.0,2026-10-09 08:38:29.984000+02:00,2026-10-09 08:54:24+02:00,2026-10-09 08:54:24+02:00,2026-10-09,8,Friday,False,15.900266666666665
20261009_063825,2026-10-09 06:38:29.984000+00:00,Zürich,local,ch:1:sloid:87348,"Zürich, Bahnhofplatz/HB",ch:1:sloid:87348,2026-10-09,ch:1:sjyid:100648:plan:8a67403a-45cb-4fa8-bcc4-e9d8af7c9b93,bus,Bus,31,31,10210,"Zürich, Hermetschloo",Kienastenwies,,,2026-10-09 06:57:12+00:00,2026-10-09 06:57:06+00:00,,True,-0.1,2026-10-09 08:38:29.984000+02:00,2026-10-09 08:57:12+02:00,2026-10-09 08:57:06+02:00,2026-10-09,8,Friday,False,18.700266666666668
20261009_063825,2026-10-09 06:38:29.984000+00:00,Zürich,local,ch:1:sloid:87348,"Zürich, Bahnhofplatz/HB",ch:1:sloid:87348::11,2026-10-09,ch:1:sjyid:100648:plan:92d9e77a-a349-49b5-b438-4594568e2116,bus,Bus,31,31,10216,"Zürich, Kienastenwies",Hermetschloo,,,2026-10-09 06:58:00+00:00,2026-10-09 06:58:18+00:00,,True,0.3,2026-10-09 08:38:29.984000+02:00,2026-10-09 08:58:00+02:00,2026-10-09 08:58:18+02:00,2026-10-09,8,Friday,False,19.50026666666667
20261009_063825,2026-10-09 06:38:29.984000+00:00,Zürich,local,ch:1:sloid:87348,"Zürich, Bahnhofplatz/HB",ch:1:sloid:87348::1,2026-10-09,ch:1:sjyid:100648:plan:0e71fa1e-dc75-42ca-9916-14d144344809,tram,Tram,14,14,9263,"Zürich, Bahnhofplatz/HB",Triemli,,,2026-10-09 06:59:06+00:00,2026-10-09 06:59:06+00:00,,True,0.0,2026-10-09 08:38:29.984000+02:00,2026-10-09 08:59:06+02:00,2026-10-09 08:59:06+02:00,2026-10-09,8,Friday,False,20.600266666666666
20261009_063825,2026-10-09 06:38:29.984000+00:00,Zürich,local,ch:1:sloid:87348,"Zürich, Bahnhofplatz/HB",ch:1:sloid:87348::0,2026-10-09,ch:1:sjyid:100648:plan:8b859f81-214f-458a-bbf6-bd905529eb80,tram,Tram,6,6,9294,"Zürich, Bahnhofplatz/HB",Zoo,,,2026-10-09 07:00:00+00:00,2026-10-09 07:00:00+00:00,,True,0.0,2026-10-09 08:38:29.984000+02:00,2026-10-09 09:00:00+02:00,2026-10-09 09:00:00+02:00,2026-10-09,9,Friday,False,21.50026666666667
20261009_063825,2026-10-09 06:38:29.984000+00:00,Zürich,local,ch:1:sloid:87348,"Zürich, Bahnhofplatz/HB",ch:1:sloid:87348::1,2026-10-09,ch:1:sjyid:100648:plan:bbbac44a-e5c4-497c-add7-102baddbb632,tram,Tram,3,3,8913,"Zürich, Klusplatz",Albisrieden,,,2026-10-09 07:01:54+00:00,2026-10-09 07:01:54+00:00,,True,0.0,2026-10-09 08:38:29.984000+02:00,2026-10-09 09:01:54+02:00,2026-10-09 09:01:54+02:00,2026-10-09,9,Friday,False,23.400266666666667
20261009_063825,2026-10-09 06:38:29.984000+00:00,Zürich,local,ch:1:sloid:87348,"Zürich, Bahnhofplatz/HB",ch:1:sloid:87348::0,2026-10-09,ch:1:sjyid:100648:plan:d5bce7c1-0cae-45b1-9b44-638bf8727d91,tram,Tram,3,3,8608,"Zürich, Albisrieden",Klusplatz,,,2026-10-09 07:02:24+00:00,2026-10-09 07:02:24+00:00,,True,0.0,2026-10-09 08:38:29.984000+02:00,2026-10-09 09:02:24+02:00,2026-10-09 09:02:24+02:00,2026-10-09,9,Friday,False,23.900266666666667
20261009_063825,2026-10-09 06:38:29.984000+00:00,Zürich,local,ch:1:sloid:87348,"Zürich, Bahnhofplatz/HB",ch:1:sloid:87348,2026-10-09,ch:1:sjyid:100648:plan:8177032a-d238-45a3-828a-d8485ad00fa2,bus,Bus,31,31,10661,"Zürich, Hermetschloo",Kienastenwies,,,2026-10-09 07:05:12+00:00,2026-10-09 07:05:12+00:00,,True,0.0,2026-10-09 08:38:29.984000+02:00,2026-10-09 09:05:12+02:00,2026-10-09 09:05:12+02:00,2026-10-09,9,Friday,False,26.700266666666668
20261009_063825,2026-10-09 06:38:29.984000+00:00,Zürich,local,ch:1:sloid:87348,"Zürich, Bahnhofplatz/HB",ch:1:sloid:87348::1,2026-10-09,ch:1:sjyid:100648:plan:769179c8-15c5-48eb-ab95-8601a432c0dd,tram,Tram,4,4,8702,"Zürich, Rehalp",Bahnhof Wiedikon,,,2026-10-09 07:06:30+00:00,2026-10-09 07:06:30+00:00,,True,0.0,2026-10-09 08:38:29.984000+02:00,2026-10-09 09:06:30+02:00,2026-10-09 09:06:30+02:00,2026-10-09,9,Friday,False,28.00026666666667
20261009_063825,2026-10-09 06:38:29.984000+00:00,Zürich,local,ch:1:sloid:87348,"Zürich, Bahnhofplatz/HB",ch:1:sloid:87348::1,2026-10-09,ch:1:sjyid:100648:plan:8a97eb20-280a-45ec-90cc-dd6d0f0c60cd,tram,Tram,14,14,9562,"Zürich, Bahnhofplatz/HB",Triemli,,,2026-10-09 07:06:36+00:00,2026-10-09 07:06:36+00:00,,True,0.0,2026-10-09 08:38:29.984000+02:00,2026-10-09 09:06:36+02:00,2026-10-09 09:06:36+02:00,2026-10-09,9,Friday,False,28.100266666666666
20261009_063825,2026-10-09 06:38:29.984000+00:00,Zürich,local,ch:1:sloid:87348,"Zürich, Bahnhofplatz/HB",ch:1:sloid:87348::11,2026-10-09,ch:1:sjyid:100648:plan:6d3df935-1d2c-4cf1-aa02-620080840574,bus,Bus,31,31,10670,"Zürich, Kienastenwies",Hermetschloo,,,2026-10-09 07:06:00+00:00,2026-10-09 07:06:00+00:00,,True,0.0,2026-10-09 08:38:29.984000+02:00,2026-10-09 09:06:00+02:00,2026-10-09 09:06:00+02:00,2026-10-09,9,Friday,False,27.50026666666667
20261009_063825,2026-10-09 06:38:29.984000+00:00,Zürich,local,ch:1:sloid:87348,"Zürich, Bahnhofplatz/HB",ch:1:sloid:87348::0,2026-10-09,ch:1:sjyid:100648:plan:ce262b86-ef15-437d-97f0-d8cfa8e28bd5,tram,Tram,6,6,9599,"Zürich, Bahnhofplatz/HB",Zoo,,,2026-10-09 07:07:30+00:00,2026-10-09 07:07:30+00:00,,True,0.0,2026-10-09 08:38:29.984000+02:00,2026-10-09 09:07:30+02:00,2026-10-09 09:07:30+02:00,2026-10-09,9,Friday,False,29.00026666666667
20261009_063825,2026-10-09 06:38:29.984000+00:00,Zürich,local,ch:1:sloid:87348,"Zürich, Bahnhofplatz/HB",ch:1:sloid:87348::0,2026-10-09,ch:1:sjyid:100648:plan:037a3cbc-309e-460c-a841-7a1d44538fed,tram,Tram,3,3,8916,"Zürich, Albisrieden",Klusplatz,,,2026-10-09 07:09:54+00:00,2026-10-09 07:09:54+00:00,,True,0.0,2026-10-09 08:38:29.984000+02:00,2026-10-09 09:09:54+02:00,2026-10-09 09:09:54+02:00,2026-10-09,9,Friday,False,31.400266666666667
20261009_063825,2026-10-09 06:38:29.984000+00:00,Zürich,local,ch:1:sloid:87348,"Zürich, Bahnhofplatz/HB",ch:1:sloid:87348::1,2026-10-09,ch:1:sjyid:100648:plan:ee4e0fcb-554e-4833-b496-4c2a54590969,tram,Tram,3,3,9202,"Zürich, Klusplatz",Albisrieden,,,2026-10-09 07:09:24+00:00,2026-10-09 07:09:24+00:00,,True,0.0,2026-10-09 08:38:29.984000+02:00,2026-10-09 09:09:24+02:00,2026-10-09 09:09:24+02:00,2026-10-09,9,Friday,False,30.900266666666667
20261009_063825,2026-10-09 06:38:29.984000+00:00,Zürich,local,ch:1:sloid:87348,"Zürich, Bahnhofplatz/HB",ch:1:sloid:87348,2026-10-09,ch:1:sjyid:100648:plan:04f33537-2179-490f-8a0d-ddaaa842834d,bus,Bus,31,31,11037,"Zürich, Hermetschloo",Kienastenwies,,,2026-10-09 07:12:42+00:00,2026-10-09 07:12:42+00:00,,True,0.0,2026-10-09 08:38:29.984000+02:00,2026-10-09 09:12:42+02:00,2026-10-09 09:12:42+02:00,2026-10-09,9,Friday,False,34.20026666666667
20261009_063825,2026-10-09 06:38:29.984000+00:00,Zürich,local,ch:1:sloid:87348,"Zürich, Bahnhofplatz/HB",ch:1:sloid:87348::11,2026-10-09,ch:1:sjyid:100648:plan:643bec1c-6e51-411a-83d7-15f9eb368178,bus,Bus,31,31,11055,"Zürich, Kienastenwies",Hermetschloo,,,2026-10-09 07:13:30+00:00,2026-10-09 07:13:30+00:00,,True,0.0,2026-10-09 08:38:29.984000+02:00,2026-10-09 09:13:30+02:00,2026-10-09 09:13:30+02:00,2026-10-09,9,Friday,False,35.00026666666667
20261009_063825,2026-10-09 06:38:30.458000+00:00,Bern,local,ch:1:sloid:76646,"Bern, Bahnhof",ch:1:sloid:76646:0:1,2026-10-09,ch:1:sjyid:100626:plan:04b84fa3-48e3-4bcb-acf6-dcc4a2eb47ae,tram,Tram,9,9,21782,"Wabern, Tram-Endstation",Wankdorf Bhf,B,,2026-10-09 06:37:00+00:00,2026-10-09 06:38:06+00:00,,True,1.1,2026-10-09 08:38:30.458000+02:00,2026-10-09 08:37:00+02:00,2026-10-09 08:38:06+02:00,2026-10-09,8,Friday,False,-1.5076333333333334
20261009_063825,2026-10-09 06:38:30.458000+00:00,Bern,local,ch:1:sloid:76646,"Bern, Bahnhof",ch:1:sloid:76646:0:2,2026-10-09,ch:1:sjyid:100626:plan:204229a4-92f1-4820-8ce2-49e2a3fb2e61,bus,Bus,8A,8A,77601,"Bern, Bahnhof",Saali,K2,,2026-10-09 06:38:00+00:00,2026-10-09 06:38:00+00:00,,True,0.0,2026-10-09 08:38:30.458000+02:00,2026-10-09 08:38:00+02:00,2026-10-09 08:38:00+02:00,2026-10-09,8,Friday,False,-0.5076333333333333
20261009_063825,2026-10-09 06:38:30.458000+00:00,Bern,local,ch:1:sloid:76646,"Bern, Bahnhof",ch:1:sloid:76646:0:39,2026-10-09,ch:1:sjyid:100626:plan:b3089c97-0321-4075-898e-120ff3f5dbe6,tram,Tram,7,7,12692,"Bern, Bahnhof",Bümpliz,N,,2026-10-09 06:38:18+00:00,2026-10-09 06:38:18+00:00,,True,0.0,2026-10-09 08:38:30.458000+02:00,2026-10-09 08:38:18+02:00,2026-10-09 08:38:18+02:00,2026-10-09,8,Friday,False,-0.20763333333333334
20261009_063825,2026-10-09 06:38:30.458000+00:00,Bern,local,ch:1:sloid:76646,"Bern, Bahnhof",ch:1:sloid:76646:0:19,2026-10-09,ch:1:sjyid:100626:plan:a0373984-b1f0-408a-be65-2d9254fb09b0,bus,Bus,10,10,34528,"Schliern, Bus-Endstation",Ostermundigen Rüti,L,,2026-10-09 06:39:00+00:00,2026-10-09 06:39:00+00:00,,True,0.0,2026-10-09 08:38:30.458000+02:00,2026-10-09 08:39:00+02:00,2026-10-09 08:39:00+02:00,2026-10-09,8,Friday,False,0.4923666666666667
20261009_063825,2026-10-09 06:38:30.458000+00:00,Bern,local,ch:1:sloid:76646,"Bern, Bahnhof",ch:1:sloid:76646:0:10,2026-10-09,ch:1:sjyid:100626:plan:48119422-42b7-4495-8928-d7ac612308c8,tram,Tram,6,6,7059,"Bern, Bahnhof",Fischermätteli,J,,2026-10-09 06:39:00+00:00,2026-10-09 06:39:00+00:00,,True,0.0,2026-10-09 08:38:30.458000+02:00,2026-10-09 08:39:00+02:00,2026-10-09 08:39:00+02:00,2026-10-09,8,Friday,False,0.4923666666666667
20261009_063825,2026-10-09 06:38:30.458000+00:00,Bern,local,ch:1:sloid:76646,"Bern, Bahnhof",ch:1:sloid:76646:0:3,2026-10-09,ch:1:sjyid:100626:plan:dedf8f7f-ceae-4082-aed1-7fe759ffd409,tram,Tram,9,9,28176,"Bern Wankdorf, Bahnhof",Wabern,C,,2026-10-09 06:39:00+00:00,2026-10-09 06:39:24+00:00,,True,0.4,2026-10-09 08:38:30.458000+02:00,2026-10-09 08:39:00+02:00,2026-10-09 08:39:24+02:00,2026-10-09,8,Friday,False,0.4923666666666667
20261009_063825,2026-10-09 06:38:30.458000+00:00,Bern,local,ch:1:sloid:76646,"Bern, Bahnhof",ch:1:sloid:76646:0:28,2026-10-09,ch:1:sjyid:100626:plan:8273f6ba-e945-4afc-b401-3900e3df563b,bus,Bus,11,11,49068,"Bern, Bahnhof",Neufeld P+R,G,,2026-10-09 06:39:00+00:00,2026-10-09 06:39:00+00:00,,True,0.0,2026-10-09 08:38:30.458000+02:00,2026-10-09 08:39:00+02:00,2026-10-09 08:39:00+02:00,2026-10-09,8,Friday,False,0.4923666666666667
20261009_063825,2026-10-09 06:38:30.458000+00:00,Bern,local,ch:1:sloid:76646,"Bern, Bahnhof",ch:1:sloid:76646:0:13,2026-10-09,ch:1:sjyid:100626:plan:fb889898-c488-4ffa-aac7-ff18a3ab6e71,bus,Bus,20,20,62671,"Bern, Länggasse",Wankdorf Bhf,E,,2026-10-09 06:39:48+00:00,2026-10-09 06:39:48+00:00,,True,0.0,2026-10-09 08:38:30.458000+02:00,2026-10-09 08:39:48+02:00,2026-10-09 08:39:48+02:00,2026-10-09,8,Friday,False,1.2923666666666667
20261009_063825,2026-10-09 06:38:30.458000+00:00,Bern,local,ch:1:sloid:76646,"Bern, Bahnhof",ch:1:sloid:76646:0:20,2026-10-09,ch:1:sjyid:100626:plan:fa2fc49c-17d1-4f97-ba4a-bdf84612259f,bus,Bus,17,17,57820,"Bern, Bahnhof",Köniz Weiermatt,M,,2026-10-09 06:40:00+00:00,2026-10-09 06:40:00+00:00,,True,0.0,2026-10-09 08:38:30.458000+02:00,2026-10-09 08:40:00+02:00,2026-10-09 08:40:00+02:00,2026-10-09,8,Friday,False,1.4923666666666666
20261009_063825,2026-10-09 06:38:30.458000+00:00,Bern,local,ch:1:sloid:76646,"Bern, Bahnhof",ch:1:sloid:76646:0:15,2026-10-09,ch:1:sjyid:100626:plan:831415dd-38ef-49a6-946d-e08424332350,bus,Bus,20,20,65408,"Bern Wankdorf, Bahnhof",Länggasse,F,,2026-10-09 06:40:48+00:00,2026-10-09 06:41:06+00:00,,True,0.3,2026-10-09 08:38:30.458000+02:00,2026-10-09 08:40:48+02:00,2026-10-09 08:41:06+02:00,2026-10-09,8,Friday,False,2.2923666666666667
20261009_063825,2026-10-09 06:38:30.458000+00:00,Bern,local,ch:1:sloid:76646,"Bern, Bahnhof",ch:1:sloid:76646:0:20,2026-10-09,ch:1:sjyid:100626:plan:f7866125-39e1-451e-9322-544e07622a88,bus,Bus,19,19,58530,"Spiegel, Blinzern",Elfenau,M,,2026-10-09 06:41:00+00:00,2026-10-09 06:41:24+00:00,,True,0.4,2026-10-09 08:38:30.458000+02:00,2026-10-09 08:41:00+02:00,2026-10-09 08:41:24+02:00,2026-10-09,8,Friday,False,2.492366666666667
20261009_063825,2026-10-09 06:38:30.458000+00:00,Bern,local,ch:1:sloid:76646,"Bern, Bahnhof",ch:1:sloid:76646:0:25,2026-10-09,ch:1:sjyid:100626:plan:ea44d688-a0d7-41f7-ac38-d175d578018f,bus,Bus,7A,7A,76409,"Bern, Bahnhof",Ostring,K1,,2026-10-09 06:41:00+00:00,2026-10-09 06:41:00+00:00,,True,0.0,2026-10-09 08:38:30.458000+02:00,2026-10-09 08:41:00+02:00,2026-10-09 08:41:00+02:00,2026-10-09,8,Friday,False,2.492366666666667
20261009_063825,2026-10-09 06:38:30.458000+00:00,Bern,local,ch:1:sloid:76646,"Bern, Bahnhof",ch:1:sloid:76646:0:39,2026-10-09,ch:1:sjyid:100626:plan:1f1d7f9a-9d0f-4e17-95a9-67d3e2172b9c,tram,Tram,8,8,17998,"Bern, Bahnhof",Brünnen Bhf,N,,2026-10-09 06:41:48+00:00,2026-10-09 06:41:48+00:00,,True,0.0,2026-10-09 08:38:30.458000+02:00,2026-10-09 08:41:48+02:00,2026-10-09 08:41:48+02:00,2026-10-09,8,Friday,False,3.2923666666666667
20261009_063825,2026-10-09 06:38:30.458000+00:00,Bern,local,ch:1:sloid:76646,"Bern, Bahnhof",ch:1:sloid:76646:0:2,2026-10-09,ch:1:sjyid:100626:plan:9438b0df-8573-4303-9d64-330f6af926b6,bus,Bus,8A,8A,77603,"Bern, Bahnhof",Saali,K2,,2026-10-09 06:42:48+00:00,2026-10-09 06:42:48+00:00,,True,0.0,2026-10-09 08:38:30.458000+02:00,2026-10-09 08:42:48+02:00,2026-10-09 08:42:48+02:00,2026-10-09,8,Friday,False,4.292366666666666
20261009_063825,2026-10-09 06:38:30.458000+00:00,Bern,local,ch:1:sloid:76646,"Bern, Bahnhof",ch:1:sloid:76646:0:7,2026-10-09,ch:1:sjyid:100626:plan:2c8173c1-6919-47f7-aca7-ec8cd411016b,bus,Bus,12,12,53024,"Bern, Zentrum Paul Klee",Holligen,D,,2026-10-09 06:42:00+00:00,2026-10-09 06:42:30+00:00,,True,0.5,2026-10-09 08:38:30.458000+02:00,2026-10-09 08:42:00+02:00,2026-10-09 08:42:30+02:00,2026-10-09,8,Friday,False,3.492366666666667
20261009_063825,2026-10-09 06:38:30.458000+00:00,Bern,local,ch:1:sloid:76646,"Bern, Bahnhof",ch:1:sloid:76646:0:5,2026-10-09,ch:1:sjyid:100626:plan:f039b5f9-f4ae-42a4-9018-ae74dcb0fdf8,bus,Bus,12,12,50265,"Bern, Holligen",Zentrum Paul Klee,A,,2026-10-09 06:42:00+00:00,2026-10-09 06:42:42+00:00,,True,0.7,2026-10-09 08:38:30.458000+02:00,2026-10-09 08:42:00+02:00,2026-10-09 08:42:42+02:00,2026-10-09,8,Friday,False,3.492366666666667
20261009_063825,2026-10-09 06:38:30.458000+00:00,Bern,local,ch:1:sloid:76646,"Bern, Bahnhof",ch:1:sloid:76646:0:11,2026-10-09,ch:1:sjyid:100626:plan:30844d30-c65a-4b07-b34a-90c32ae180bc,bus,Bus,10,10,42959,"Ostermundigen, Rüti",Schliern,I,,2026-10-09 06:42:00+00:00,2026-10-09 06:42:00+00:00,,True,0.0,2026-10-09 08:38:30.458000+02:00,2026-10-09 08:42:00+02:00,2026-10-09 08:42:00+02:00,2026-10-09,8,Friday,False,3.492366666666667
20261009_063825,2026-10-09 06:38:30.458000+00:00,Bern,local,ch:1:sloid:76646,"Bern, Bahnhof",ch:1:sloid:76646:0:1,2026-10-09,ch:1:sjyid:100626:plan:9da42ac3-74db-4542-8f9d-c52b0147c6ce,tram,Tram,9,9,21791,"Wabern, Tram-Endstation",Wankdorf Bhf,B,,2026-10-09 06:43:00+00:00,2026-10-09 06:43:36+00:00,,True,0.6,2026-10-09 08:38:30.458000+02:00,2026-10-09 08:43:00+02:00,2026-10-09 08:43:36+02:00,2026-10-09,8,Friday,False,4.492366666666666
20261009_063825,2026-10-09 06:38:30.458000+00:00,Bern,local,ch:1:sloid:76646,"Bern, Bahnhof",ch:1:sloid:76646:0:10,2026-10-09,ch:1:sjyid:100626:plan:eb6732fa-9808-4e26-8287-8b3b067af896,tram,Tram,3,3,1538,"Bern, Bahnhof",Weissenbühl,J,,2026-10-09 06:44:00+00:00,2026-10-09 06:44:00+00:00,,True,0.0,2026-10-09 08:38:30.458000+02:00,2026-10-09 08:44:00+02:00,2026-10-09 08:44:00+02:00,2026-10-09,8,Friday,False,5.492366666666666
20261009_063825,2026-10-09 06:38:30.458000+00:00,Bern,local,ch:1:sloid:76646,"Bern, Bahnhof",ch:1:sloid:76646:0:15,2026-10-09,ch:1:sjyid:100626:plan:c997eed8-3db1-440e-a3b2-ca85e45b6337,bus,Bus,20,20,65416,"Bern Wankdorf, Bahnhof",Länggasse,F,,2026-10-09 06:44:48+00:00,2026-10-09 06:45:30+00:00,,True,0.7,2026-10-09 08:38:30.458000+02:00,2026-10-09 08:44:48+02:00,2026-10-09 08:45:30+02:00,2026-10-09,8,Friday,False,6.292366666666666
20261009_063825,2026-10-09 06:38:30.458000+00:00,Bern,local,ch:1:sloid:76646,"Bern, Bahnhof",ch:1:sloid:76646:0:30,2026-10-09,ch:1:sjyid:100626:plan:f33154d3-ee95-491f-ae2d-409e01fca67c,bus,Bus,21,21,67693,"Bern, Bahnhof",Bremgarten,H,,2026-10-09 06:44:00+00:00,2026-10-09 06:44:00+00:00,,True,0.0,2026-10-09 08:38:30.458000+02:00,2026-10-09 08:44:00+02:00,2026-10-09 08:44:00+02:00,2026-10-09,8,Friday,False,5.492366666666666
20261009_063825,2026-10-09 06:38:30.458000+00:00,Bern,local,ch:1:sloid:76646,"Bern, Bahnhof",ch:1:sloid:76646:0:19,2026-10-09,ch:1:sjyid:100626:plan:c91cb413-0f5b-4772-a108-c6ad4585cb3b,bus,Bus,10,10,34531,"Schliern, Bus-Endstation",Ostermundigen Rüti,L,,2026-10-09 06:45:00+00:00,2026-10-09 06:45:24+00:00,,True,0.4,2026-10-09 08:38:30.458000+02:00,2026-10-09 08:45:00+02:00,2026-10-09 08:45:24+02:00,2026-10-09,8,Friday,False,6.492366666666666
20261009_063825,2026-10-09 06:38:30.458000+00:00,Bern,local,ch:1:sloid:76646,"Bern, Bahnhof",ch:1:sloid:76646:0:39,2026-10-09,ch:1:sjyid:100626:plan:97fb0603-326b-4154-999f-9703958683ae,tram,Tram,7,7,12696,"Bern, Bahnhof",Bümpliz,N,,2026-10-09 06:45:42+00:00,2026-10-09 06:46:12+00:00,,True,0.5,2026-10-09 08:38:30.458000+02:00,2026-10-09 08:45:42+02:00,2026-10-09 08:46:12+02:00,2026-10-09,8,Friday,False,7.192366666666667
20261009_063825,2026-10-09 06:38:30.458000+00:00,Bern,local,ch:1:sloid:76646,"Bern, Bahnhof",ch:1:sloid:76646:0:3,2026-10-09,ch:1:sjyid:100626:plan:34351982-4678-4c5c-b244-094e05e6d0e5,tram,Tram,9,9,28178,"Bern Wankdorf, Bahnhof",Wabern,C,,2026-10-09 06:45:00+00:00,2026-10-09 06:45:00+00:00,,True,0.0,2026-10-09 08:38:30.458000+02:00,2026-10-09 08:45:00+02:00,2026-10-09 08:45:00+02:00,2026-10-09,8,Friday,False,6.492366666666666
20261009_063825,2026-10-09 06:38:30.458000+00:00,Bern,local,ch:1:sloid:76646,"Bern, Bahnhof",ch:1:sloid:76646:0:13,2026-10-09,ch:1:sjyid:100626:plan:7d547f9e-d412-441c-8827-b93cfc513eb9,bus,Bus,20,20,62685,"Bern, Länggasse",Wankdorf Bhf,E,,2026-10-09 06:45:48+00:00,2026-10-09 06:45:48+00:00,,True,0.0,2026-10-09 08:38:30.458000+02:00,2026-10-09 08:45:48+02:00,2026-10-09 08:45:48+02:00,2026-10-09,8,Friday,False,7.292366666666666
20261009_063825,2026-10-09 06:38:30.458000+00:00,Bern,local,ch:1:sloid:76646,"Bern, Bahnhof",ch:1:sloid:76646:0:2,2026-10-09,ch:1:sjyid:100626:plan:313bb5f4-0d29-43b6-8c5a-d3ed812e63c2,bus,Bus,8A,8A,77605,"Bern, Bahnhof",Saali,K2,,2026-10-09 06:47:48+00:00,2026-10-09 06:47:48+00:00,,True,0.0,2026-10-09 08:38:30.458000+02:00,2026-10-09 08:47:48+02:00,2026-10-09 08:47:48+02:00,2026-10-09,8,Friday,False,9.292366666666668
20261009_063825,2026-10-09 06:38:30.458000+00:00,Bern,local,ch:1:sloid:76646,"Bern, Bahnhof",ch:1:sloid:76646:0:20,2026-10-09,ch:1:sjyid:100626:plan:10fa00da-7d4b-4d63-b503-e9d0e8bf5e1e,bus,Bus,17,17,57823,"Bern, Bahnhof",Köniz Weiermatt,M,,2026-10-09 06:47:00+00:00,2026-10-09 06:47:00+00:00,,True,0.0,2026-10-09 08:38:30.458000+02:00,2026-10-09 08:47:00+02:00,2026-10-09 08:47:00+02:00,2026-10-09,8,Friday,False,8.492366666666666
20261009_063825,2026-10-09 06:38:30.458000+00:00,Bern,local,ch:1:sloid:76646,"Bern, Bahnhof",ch:1:sloid:76646:0:5,2026-10-09,ch:1:sjyid:100626:plan:0be75d25-6f1a-4748-a9ad-2ef8c9543fc4,bus,Bus,12,12,50268,"Bern, Holligen",Zentrum Paul Klee,A,,2026-10-09 06:47:00+00:00,2026-10-09 06:47:00+00:00,,True,0.0,2026-10-09 08:38:30.458000+02:00,2026-10-09 08:47:00+02:00,2026-10-09 08:47:00+02:00,2026-10-09,8,Friday,False,8.492366666666666
20261009_063825,2026-10-09 06:38:30.458000+00:00,Bern,local,ch:1:sloid:76646,"Bern, Bahnhof",ch:1:sloid:76646:0:25,2026-10-09,ch:1:sjyid:100626:plan:da159d40-232d-48db-b7f0-ba376e075f33,bus,Bus,19,19,60610,"Bern, Elfenau",Blinzern,K1,,2026-10-09 06:47:00+00:00,2026-10-09 06:47:00+00:00,,True,0.0,2026-10-09 08:38:30.458000+02:00,2026-10-09 08:47:00+02:00,2026-10-09 08:47:00+02:00,2026-10-09,8,Friday,False,8.492366666666666
20261009_063825,2026-10-09 06:38:30.458000+00:00,Bern,local,ch:1:sloid:76646,"Bern, Bahnhof",ch:1:sloid:76646:0:7,2026-10-09,ch:1:sjyid:100626:plan:d3a2a1ea-337f-406c-b521-41567ee0ae56,bus,Bus,12,12,53026,"Bern, Zentrum Paul Klee",Holligen,D,,2026-10-09 06:48:00+00:00,2026-10-09 06:48:06+00:00,,True,0.1,2026-10-09 08:38:30.458000+02:00,2026-10-09 08:48:00+02:00,2026-10-09 08:48:06+02:00,2026-10-09,8,Friday,False,9.492366666666667
20261009_063825,2026-10-09 06:38:30.965000+00:00,Basel,local,ch:1:sloid:78143,"Basel, Bahnhof SBB",ch:1:sloid:78143:1:34,2026-10-09,ch:1:sjyid:100019:plan:974ce78d-af07-46e3-8c84-4e0e0a8b4512,tram,Tram,10,10,10099,"Rodersdorf, Station",Dornach Bahnhof,G,,2026-10-09 06:35:00+00:00,2026-10-09 06:38:30+00:00,,True,3.5,2026-10-09 08:38:30.965000+02:00,2026-10-09 08:35:00+02:00,2026-10-09 08:38:30+02:00,2026-10-09,8,Friday,False,-3.5160833333333334
20261009_063825,2026-10-09 06:38:30.965000+00:00,Basel,local,ch:1:sloid:78143,"Basel, Bahnhof SBB",ch:1:sloid:78143:1:34,2026-10-09,ch:1:sjyid:100019:plan:75cb0b18-1bef-42c9-8d6e-f64492419414,tram,Tram,11,11,38083,"Basel, St-Louis Grenze","Basel, Dreispitz",G,,2026-10-09 06:38:12+00:00,2026-10-09 06:40:54+00:00,,True,2.7,2026-10-09 08:38:30.965000+02:00,2026-10-09 08:38:12+02:00,2026-10-09 08:40:54+02:00,2026-10-09,8,Friday,False,-0.3160833333333333
20261009_063825,2026-10-09 06:38:30.965000+00:00,Basel,local,ch:1:sloid:78143,"Basel, Bahnhof SBB",ch:1:sloid:78143:3:3,2026-10-09,ch:1:sjyid:100622:plan:a1819ae3-7b80-4f01-836c-fe339da6cf97,bus,Bus,50,50,50057,"Basel, Bahnhof SBB","Basel, EuroAirport",B,,2026-10-09 06:38:06+00:00,2026-10-09 06:38:06+00:00,,True,0.0,2026-10-09 08:38:30.965000+02:00,2026-10-09 08:38:06+02:00,2026-10-09 08:38:06+02:00,2026-10-09,8,Friday,False,-0.4160833333333333
20261009_063825,2026-10-09 06:38:30.965000+00:00,Basel,local,ch:1:sloid:78143,"Basel, Bahnhof SBB",ch:1:sloid:78143:1:32,2026-10-09,ch:1:sjyid:100622:plan:d2ec9328-71f6-4e15-8499-c5fbd2beb365,tram,Tram,2,2,2060,"Basel, Eglisee","Binningen, Kronenplatz",E,,2026-10-09 06:39:36+00:00,2026-10-09 06:39:54+00:00,,True,0.3,2026-10-09 08:38:30.965000+02:00,2026-10-09 08:39:36+02:00,2026-10-09 08:39:54+02:00,2026-10-09,8,Friday,False,1.0839166666666666
20261009_063825,2026-10-09 06:38:30.965000+00:00,Basel,local,ch:1:sloid:78143,"Basel, Bahnhof SBB",ch:1:sloid:78143:3:3,2026-10-09,ch:1:sjyid:100622:plan:dc9d2972-986f-456f-b919-10bfc5c1558c,bus,Bus,30,30,30087,"Basel, Bahnhof SBB","Basel, Badischer Bahnhof",B,,2026-10-09 06:39:48+00:00,2026-10-09 06:39:48+00:00,,True,0.0,2026-10-09 08:38:30.965000+02:00,2026-10-09 08:39:48+02:00,2026-10-09 08:39:48+02:00,2026-10-09,8,Friday,False,1.2839166666666666
20261009_063825,2026-10-09 06:38:30.965000+00:00,Basel,local,ch:1:sloid:78143,"Basel, Bahnhof SBB",ch:1:sloid:78143:3:5,2026-10-09,ch:1:sjyid:100622:plan:27fce23c-7204-4936-a79d-d8c57293390c,bus,Bus,48,48,48037,"Basel, Bahnhof SBB","Basel, Bachgraben",A,,2026-10-09 06:39:30+00:00,2026-10-09 06:39:30+00:00,,True,0.0,2026-10-09 08:38:30.965000+02:00,2026-10-09 08:39:30+02:00,2026-10-09 08:39:30+02:00,2026-10-09,8,Friday,False,0.9839166666666667
20261009_063825,2026-10-09 06:38:30.965000+00:00,Basel,local,ch:1:sloid:78143,"Basel, Bahnhof SBB",ch:1:sloid:78143:1:35,2026-10-09,ch:1:sjyid:100019:plan:f8189432-17d0-4fb3-8cb8-87bb31465cf5,tram,Tram,11,11,38098,"Basel, Dreispitz","Basel, Saint-Louis Grenze",H,,2026-10-09 06:40:30+00:00,2026-10-09 06:40:36+00:00,,True,0.1,2026-10-09 08:38:30.965000+02:00,2026-10-09 08:40:30+02:00,2026-10-09 08:40:36+02:00,2026-10-09,8,Friday,False,1.9839166666666666
20261009_063825,2026-10-09 06:38:30.965000+00:00,Basel,local,ch:1:sloid:78143,"Basel, Bahnhof SBB",ch:1:sloid:78143:1:33,2026-10-09,ch:1:sjyid:100622:plan:480b6ea4-e55c-40ef-8861-81fedb2165a0,tram,Tram,2,2,2063,"Binningen, Kronenplatz","Basel, Eglisee",F,,2026-10-09 06:40:30+00:00,2026-10-09 06:40:30+00:00,,True,0.0,2026-10-09 08:38:30.965000+02:00,2026-10-09 08:40:30+02:00,2026-10-09 08:40:30+02:00,2026-10-09,8,Friday,False,1.9839166666666666
20261009_063825,2026-10-09 06:38:30.965000+00:00,Basel,local,ch:1:sloid:78143,"Basel, Bahnhof SBB",ch:1:sloid:78143:1:32,2026-10-09,ch:1:sjyid:100622:plan:af795847-4bcf-41aa-b2d4-7207c1221e98,tram,Tram,8,8,8062,"Basel, Kleinhüningen","Basel, Neuweilerstrasse",E,,2026-10-09 06:41:18+00:00,2026-10-09 06:41:42+00:00,,True,0.4,2026-10-09 08:38:30.965000+02:00,2026-10-09 08:41:18+02:00,2026-10-09 08:41:42+02:00,2026-10-09,8,Friday,False,2.783916666666667
20261009_063825,2026-10-09 06:38:30.965000+00:00,Basel,local,ch:1:sloid:78143,"Basel, Bahnhof SBB",ch:1:sloid:78143:1:35,2026-10-09,ch:1:sjyid:100019:plan:1858050c-ac7d-4bc1-b9a7-09f1a05dda03,tram,Tram,10,10,10098,"Dornach, Bahnhof","Ettingen, Dorf",H,,2026-10-09 06:42:00+00:00,2026-10-09 06:43:12+00:00,,True,1.2,2026-10-09 08:38:30.965000+02:00,2026-10-09 08:42:00+02:00,2026-10-09 08:43:12+02:00,2026-10-09,8,Friday,False,3.4839166666666666
20261009_063825,2026-10-09 06:38:30.965000+00:00,Basel,local,ch:1:sloid:78143,"Basel, Bahnhof SBB",ch:1:sloid:78143:1:31,2026-10-09,ch:1:sjyid:100622:plan:5746a0af-f071-4410-89ac-2212b30f3928,tram,Tram,1,1,1062,"Basel, Bahnhof SBB","Basel, Dreirosenbrücke",D,,2026-10-09 06:42:48+00:00,2026-10-09 06:42:48+00:00,,True,0.0,2026-10-09 08:38:30.965000+02:00,2026-10-09 08:42:48+02:00,2026-10-09 08:42:48+02:00,2026-10-09,8,Friday,False,4.283916666666667
20261009_063825,2026-10-09 06:38:30.965000+00:00,Basel,local,ch:1:sloid:78143,"Basel, Bahnhof SBB",ch:1:sloid:78143:3:7,2026-10-09,ch:1:sjyid:100622:plan:a0621f13-d2d1-41e6-8792-8e568540b35c,bus,Bus,42,42,42035,"Basel, Bahnhof SBB","Basel, Badischer Bahnhof",K,,2026-10-09 06:42:54+00:00,2026-10-09 06:42:54+00:00,,True,0.0,2026-10-09 08:38:30.965000+02:00,2026-10-09 08:42:54+02:00,2026-10-09 08:42:54+02:00,2026-10-09,8,Friday,False,4.383916666666667
20261009_063825,2026-10-09 06:38:30.965000+00:00,Basel,local,ch:1:sloid:78143,"Basel, Bahnhof SBB",ch:1:sloid:78143:3:7,2026-10-09,ch:1:sjyid:100019:plan:b2b43cd7-c950-4a7d-9409-655868a46e71,bus,Bus,37,37,37674,"Basel, Bahnhof SBB",Münchenstein Bahnhof,K,,2026-10-09 06:42:00+00:00,2026-10-09 06:42:00+00:00,,True,0.0,2026-10-09 08:38:30.965000+02:00,2026-10-09 08:42:00+02:00,2026-10-09 08:42:00+02:00,2026-10-09,8,Friday,False,3.4839166666666666
20261009_063825,2026-10-09 06:38:30.965000+00:00,Basel,local,ch:1:sloid:78143,"Basel, Bahnhof SBB",ch:1:sloid:78143:1:34,2026-10-09,ch:1:sjyid:100019:plan:ca99e87a-9699-4159-b8f8-b5c48a9ccaec,tram,Tram,10,10,10107,"Flüh, Station",Dornach Bahnhof,G,,2026-10-09 06:43:00+00:00,2026-10-09 06:43:42+00:00,,True,0.7,2026-10-09 08:38:30.965000+02:00,2026-10-09 08:43:00+02:00,2026-10-09 08:43:42+02:00,2026-10-09,8,Friday,False,4.483916666666667
20261009_063825,2026-10-09 06:38:30.965000+00:00,Basel,local,ch:1:sloid:78143,"Basel, Bahnhof SBB",ch:1:sloid:78143:3:3,2026-10-09,ch:1:sjyid:100622:plan:a5b6ae68-1900-4b4d-9f92-85e5a4a24d15,bus,Bus,30,30,30089,"Basel, Bahnhof SBB","Basel, Badischer Bahnhof",B,,2026-10-09 06:43:36+00:00,2026-10-09 06:43:36+00:00,,True,0.0,2026-10-09 08:38:30.965000+02:00,2026-10-09 08:43:36+02:00,2026-10-09 08:43:36+02:00,2026-10-09,8,Friday,False,5.083916666666667
20261009_063825,2026-10-09 06:38:30.965000+00:00,Basel,local,ch:1:sloid:78143,"Basel, Bahnhof SBB",ch:1:sloid:78143:1:33,2026-10-09,ch:1:sjyid:100622:plan:d7bb7ab2-8e02-430f-a2ff-29fc441bd855,tram,Tram,8,8,8067,"Basel, Neuweilerstrasse","Basel, Kleinhüningen",F,,2026-10-09 06:45:18+00:00,2026-10-09 06:45:18+00:00,,True,0.0,2026-10-09 08:38:30.965000+02:00,2026-10-09 08:45:18+02:00,2026-10-09 08:45:18+02:00,2026-10-09,8,Friday,False,6.783916666666667
20261009_063825,2026-10-09 06:38:30.965000+00:00,Basel,local,ch:1:sloid:78143,"Basel, Bahnhof SBB",ch:1:sloid:78143:3:3,2026-10-09,ch:1:sjyid:100622:plan:7b6df74a-86ef-4622-9349-d8b80e748667,bus,Bus,50,50,50059,"Basel, Bahnhof SBB","Basel, EuroAirport",B,,2026-10-09 06:45:36+00:00,2026-10-09 06:45:36+00:00,,True,0.0,2026-10-09 08:38:30.965000+02:00,2026-10-09 08:45:36+02:00,2026-10-09 08:45:36+02:00,2026-10-09,8,Friday,False,7.083916666666667
20261009_063825,2026-10-09 06:38:30.965000+00:00,Basel,local,ch:1:sloid:78143,"Basel, Bahnhof SBB",ch:1:sloid:78143:1:34,2026-10-09,ch:1:sjyid:100019:plan:935fd7c0-3328-4914-b643-426e545d480b,tram,Tram,11,11,38089,"Basel, St-Louis Grenze","Basel, Dreispitz",G,,2026-10-09 06:45:42+00:00,2026-10-09 06:46:00+00:00,,True,0.3,2026-10-09 08:38:30.965000+02:00,2026-10-09 08:45:42+02:00,2026-10-09 08:46:00+02:00,2026-10-09,8,Friday,False,7.183916666666667
20261009_063825,2026-10-09 06:38:30.965000+00:00,Basel,local,ch:1:sloid:78143,"Basel, Bahnhof SBB",ch:1:sloid:78143:1:32,2026-10-09,ch:1:sjyid:100622:plan:a289b167-49c4-46d4-8637-009f1fe9fdd7,tram,Tram,2,2,2062,"Basel, Eglisee","Binningen, Kronenplatz",E,,2026-10-09 06:47:06+00:00,2026-10-09 06:47:18+00:00,,True,0.2,2026-10-09 08:38:30.965000+02:00,2026-10-09 08:47:06+02:00,2026-10-09 08:47:18+02:00,2026-10-09,8,Friday,False,8.583916666666665
20261009_063825,2026-10-09 06:38:30.965000+00:00,Basel,local,ch:1:sloid:78143,"Basel, Bahnhof SBB",ch:1:sloid:78143:1:33,2026-10-09,ch:1:sjyid:100622:plan:8f8e9b79-2c34-4a6b-a863-04f3a6cb59fd,tram,Tram,2,2,2065,"Binningen, Kronenplatz","Basel, Eglisee",F,,2026-10-09 06:48:00+00:00,2026-10-09 06:48:00+00:00,,True,0.0,2026-10-09 08:38:30.965000+02:00,2026-10-09 08:48:00+02:00,2026-10-09 08:48:00+02:00,2026-10-09,8,Friday,False,9.483916666666666
20261009_063825,2026-10-09 06:38:30.965000+00:00,Basel,local,ch:1:sloid:78143,"Basel, Bahnhof SBB",ch:1:sloid:78143:3:3,2026-10-09,ch:1:sjyid:100622:plan:b6ba5891-b2ce-4f5e-a586-feff3f6ec20e,bus,Bus,30,30,30093,"Basel, Bahnhof SBB","Basel, Metzerstrasse",B,,2026-10-09 06:47:18+00:00,2026-10-09 06:47:18+00:00,,True,0.0,2026-10-09 08:38:30.965000+02:00,2026-10-09 08:47:18+02:00,2026-10-09 08:47:18+02:00,2026-10-09,8,Friday,False,8.783916666666666
20261009_063825,2026-10-09 06:38:30.965000+00:00,Basel,local,ch:1:sloid:78143,"Basel, Bahnhof SBB",ch:1:sloid:78143:3:5,2026-10-09,ch:1:sjyid:100622:plan:b8b27af5-6001-41f7-9835-4fa4936f130a,bus,Bus,48,48,48039,"Basel, Bahnhof SBB","Basel, Bahnhof St.Johann",A,,2026-10-09 06:47:00+00:00,2026-10-09 06:47:00+00:00,,True,0.0,2026-10-09 08:38:30.965000+02:00,2026-10-09 08:47:00+02:00,2026-10-09 08:47:00+02:00,2026-10-09,8,Friday,False,8.483916666666667
20261009_063825,2026-10-09 06:38:30.965000+00:00,Basel,local,ch:1:sloid:78143,"Basel, Bahnhof SBB",ch:1:sloid:78143:1:35,2026-10-09,ch:1:sjyid:100019:plan:0307f83b-c47a-4edc-b2ba-09ba007bebcb,tram,Tram,11,11,38104,"Basel, Dreispitz","Basel, Saint-Louis Grenze",H,,2026-10-09 06:48:00+00:00,2026-10-09 06:48:00+00:00,,True,0.0,2026-10-09 08:38:30.965000+02:00,2026-10-09 08:48:00+02:00,2026-10-09 08:48:00+02:00,2026-10-09,8,Friday,False,9.483916666666666
20261009_063825,2026-10-09 06:38:30.965000+00:00,Basel,local,ch:1:sloid:78143,"Basel, Bahnhof SBB",ch:1:sloid:78143:1:32,2026-10-09,ch:1:sjyid:100622:plan:00fec1c9-2a60-4b4b-8f46-af767162153c,tram,Tram,8,8,8060,"Weil am Rhein, Bahnhof/Zentrum","Basel, Neuweilerstrasse",E,,2026-10-09 06:48:48+00:00,2026-10-09 06:48:48+00:00,,True,0.0,2026-10-09 08:38:30.965000+02:00,2026-10-09 08:48:48+02:00,2026-10-09 08:48:48+02:00,2026-10-09,8,Friday,False,10.283916666666666
20261009_063825,2026-10-09 06:38:30.965000+00:00,Basel,local,ch:1:sloid:78143,"Basel, Bahnhof SBB",ch:1:sloid:78143:1:35,2026-10-09,ch:1:sjyid:100019:plan:ec1fd666-7f23-4d52-a251-3d6abf4042c7,tram,Tram,10,10,10102,"Dornach, Bahnhof","Flüh, Station",H,,2026-10-09 06:50:00+00:00,2026-10-09 06:50:36+00:00,,True,0.6,2026-10-09 08:38:30.965000+02:00,2026-10-09 08:50:00+02:00,2026-10-09 08:50:36+02:00,2026-10-09,8,Friday,False,11.483916666666666
20261009_063825,2026-10-09 06:38:30.965000+00:00,Basel,local,ch:1:sloid:78143,"Basel, Bahnhof SBB",ch:1:sloid:78143:1:31,2026-10-09,ch:1:sjyid:100622:plan:f90f319f-2fe4-4350-a3fe-24caeb9a790c,tram,Tram,1,1,1064,"Basel, Bahnhof SBB","Basel, Dreirosenbrücke",D,,2026-10-09 06:50:18+00:00,2026-10-09 06:50:18+00:00,,True,0.0,2026-10-09 08:38:30.965000+02:00,2026-10-09 08:50:18+02:00,2026-10-09 08:50:18+02:00,2026-10-09,8,Friday,False,11.783916666666666
20261009_063825,2026-10-09 06:38:30.965000+00:00,Basel,local,ch:1:sloid:78143,"Basel, Bahnhof SBB",ch:1:sloid:78143:3:7,2026-10-09,ch:1:sjyid:100622:plan:927dae28-2605-4efd-aeb1-c35cbfbbaa84,bus,Bus,42,42,42037,"Basel, Bahnhof SBB","Basel, Hoffmann La Roche",K,,2026-10-09 06:50:24+00:00,2026-10-09 06:50:24+00:00,,True,0.0,2026-10-09 08:38:30.965000+02:00,2026-10-09 08:50:24+02:00,2026-10-09 08:50:24+02:00,2026-10-09,8,Friday,False,11.883916666666666
20261009_063825,2026-10-09 06:38:30.965000+00:00,Basel,local,ch:1:sloid:78143,"Basel, Bahnhof SBB",ch:1:sloid:78143:1:34,2026-10-09,ch:1:sjyid:100019:plan:8b2391a4-db3c-4d6a-a7fa-c940cc6c0876,tram,Tram,10,10,10109,"Rodersdorf, Station",Dornach Bahnhof,G,,2026-10-09 06:50:00+00:00,2026-10-09 06:51:18+00:00,,True,1.3,2026-10-09 08:38:30.965000+02:00,2026-10-09 08:50:00+02:00,2026-10-09 08:51:18+02:00,2026-10-09,8,Friday,False,11.483916666666666
20261009_063825,2026-10-09 06:38:30.965000+00:00,Basel,local,ch:1:sloid:78143,"Basel, Bahnhof SBB",ch:1:sloid:78143:3:3,2026-10-09,ch:1:sjyid:100622:plan:8f1be263-e8ca-484c-b96b-d2749013f649,bus,Bus,30,30,30095,"Basel, Bahnhof SBB","Basel, Badischer Bahnhof",B,,2026-10-09 06:51:06+00:00,2026-10-09 06:51:06+00:00,,True,0.0,2026-10-09 08:38:30.965000+02:00,2026-10-09 08:51:06+02:00,2026-10-09 08:51:06+02:00,2026-10-09,8,Friday,False,12.583916666666665
20261009_063825,2026-10-09 06:38:30.965000+00:00,Basel,local,ch:1:sloid:78143,"Basel, Bahnhof SBB",ch:1:sloid:78143:1:33,2026-10-09,ch:1:sjyid:100622:plan:caf8c8bd-0295-4223-9816-91065b990a74,tram,Tram,8,8,8069,"Basel, Neuweilerstrasse",Weil am Rhein (D) Bahnhof / Zentrum,F,,2026-10-09 06:52:48+00:00,2026-10-09 06:52:48+00:00,,True,0.0,2026-10-09 08:38:30.965000+02:00,2026-10-09 08:52:48+02:00,2026-10-09 08:52:48+02:00,2026-10-09,8,Friday,False,14.283916666666666
20261009_063825,2026-10-09 06:38:31.435000+00:00,Luzern,local,ch:1:sloid:8450,"Luzern, Bahnhof",ch:1:sloid:8450::1,2026-10-09,ch:1:sjyid:100619:plan:8c4e8643-9fc5-43b9-8c6d-8dbe5e4e6c20,bus,Bus,1,1,1683,"Ebikon, Fildern",Obernau Dorf,A,,2026-10-09 06:38:00+00:00,2026-10-09 06:38:00+00:00,,True,0.0,2026-10-09 08:38:31.435000+02:00,2026-10-09 08:38:00+02:00,2026-10-09 08:38:00+02:00,2026-10-09,8,Friday,False,-0.5239166666666667
20261009_063825,2026-10-09 06:38:31.435000+00:00,Luzern,local,ch:1:sloid:8450,"Luzern, Bahnhof",ch:1:sloid:8450::20,2026-10-09,ch:1:sjyid:100619:plan:486f4fb6-1ca9-4e4a-8df0-94bbe68ee5de,bus,Bus,12,12,83561,"Luzern, Bahnhof",Gasshof,M,,2026-10-09 06:38:00+00:00,2026-10-09 06:38:00+00:00,,True,0.0,2026-10-09 08:38:31.435000+02:00,2026-10-09 08:38:00+02:00,2026-10-09 08:38:00+02:00,2026-10-09,8,Friday,False,-0.5239166666666667
20261009_063825,2026-10-09 06:38:31.435000+00:00,Luzern,local,ch:1:sloid:8450,"Luzern, Bahnhof",ch:1:sloid:8450::2,2026-10-09,ch:1:sjyid:100619:plan:7d5f9481-f811-445f-9fe8-5adc848bda99,bus,Bus,1,1,1952,"Obernau, Dorf",Ebikon Fildern,B,,2026-10-09 06:39:48+00:00,2026-10-09 06:40:36+00:00,,True,0.8,2026-10-09 08:38:31.435000+02:00,2026-10-09 08:39:48+02:00,2026-10-09 08:40:36+02:00,2026-10-09,8,Friday,False,1.2760833333333332
20261009_063825,2026-10-09 06:38:31.435000+00:00,Luzern,local,ch:1:sloid:8450,"Luzern, Bahnhof",ch:1:sloid:8450::1,2026-10-09,ch:1:sjyid:100619:plan:ea9223b9-172b-4665-89f0-115bbaf3f6a4,bus,Bus,7,7,24433,"Luzern, Unterlöchli",Horw Biregghof,A,,2026-10-09 06:39:00+00:00,2026-10-09 06:39:36+00:00,,True,0.6,2026-10-09 08:38:31.435000+02:00,2026-10-09 08:39:00+02:00,2026-10-09 08:39:36+02:00,2026-10-09,8,Friday,False,0.47608333333333336
20261009_063825,2026-10-09 06:38:31.435000+00:00,Luzern,local,ch:1:sloid:8450,"Luzern, Bahnhof",ch:1:sloid:8450::2,2026-10-09,ch:1:sjyid:100619:plan:2d2ee034-aa2f-4487-b12e-5ae80a8b3097,bus,Bus,7,7,24454,"Horw, Biregghof",Unterlöchli,B,,2026-10-09 06:40:00+00:00,2026-10-09 06:41:24+00:00,,True,1.4,2026-10-09 08:38:31.435000+02:00,2026-10-09 08:40:00+02:00,2026-10-09 08:41:24+02:00,2026-10-09,8,Friday,False,1.4760833333333332
20261009_063825,2026-10-09 06:38:31.435000+00:00,Luzern,local,ch:1:sloid:8450,"Luzern, Bahnhof",ch:1:sloid:8450::11,2026-10-09,ch:1:sjyid:100619:plan:5cc28b4d-dcaa-4d89-8854-08194dd6da6e,bus,Bus,19,19,45216,"Luzern, Bahnhof",Friedental,R,,2026-10-09 06:40:00+00:00,2026-10-09 06:40:00+00:00,,True,0.0,2026-10-09 08:38:31.435000+02:00,2026-10-09 08:40:00+02:00,2026-10-09 08:40:00+02:00,2026-10-09,8,Friday,False,1.4760833333333332
20261009_063825,2026-10-09 06:38:31.435000+00:00,Luzern,local,ch:1:sloid:8450,"Luzern, Bahnhof",ch:1:sloid:8450::23,2026-10-09,ch:1:sjyid:100619:plan:71b18022-f0d6-4d8f-be54-acfb5424d71a,bus,Bus,2,2,8585,"Luzern, Bahnhof",E'brücke Sprengi,Y,,2026-10-09 06:40:00+00:00,2026-10-09 06:40:00+00:00,,True,0.0,2026-10-09 08:38:31.435000+02:00,2026-10-09 08:40:00+02:00,2026-10-09 08:40:00+02:00,2026-10-09,8,Friday,False,1.4760833333333332
20261009_063825,2026-10-09 06:38:31.435000+00:00,Luzern,local,ch:1:sloid:8450,"Luzern, Bahnhof",ch:1:sloid:8450::16,2026-10-09,ch:1:sjyid:100619:plan:c345b54a-f786-4f85-a04d-8de62ebbcd6f,bus,Bus,4,4,14331,"Luzern, Bahnhof",Hubelmatt,V,,2026-10-09 06:40:00+00:00,2026-10-09 06:40:00+00:00,,True,0.0,2026-10-09 08:38:31.435000+02:00,2026-10-09 08:40:00+02:00,2026-10-09 08:40:00+02:00,2026-10-09,8,Friday,False,1.4760833333333332
20261009_063825,2026-10-09 06:38:31.435000+00:00,Luzern,local,ch:1:sloid:8450,"Luzern, Bahnhof",ch:1:sloid:8450::1,2026-10-09,ch:1:sjyid:100619:plan:2590e693-a1f2-40d9-a166-ca6cc25ea67c,bus,Bus,6,6,21263,"Luzern, Büttenenhalde",Matthof,A,,2026-10-09 06:42:00+00:00,2026-10-09 06:43:42+00:00,,True,1.7,2026-10-09 08:38:31.435000+02:00,2026-10-09 08:42:00+02:00,2026-10-09 08:43:42+02:00,2026-10-09,8,Friday,False,3.4760833333333334
20261009_063825,2026-10-09 06:38:31.435000+00:00,Luzern,local,ch:1:sloid:8450,"Luzern, Bahnhof",ch:1:sloid:8450::2,2026-10-09,ch:1:sjyid:100619:plan:abef5b60-edbc-47f1-afc4-2b9e2319e149,bus,Bus,8,8,28372,"Luzern, Hirtenhof",Würzenbach,B,,2026-10-09 06:43:00+00:00,2026-10-09 06:43:30+00:00,,True,0.5,2026-10-09 08:38:31.435000+02:00,2026-10-09 08:43:00+02:00,2026-10-09 08:43:30+02:00,2026-10-09,8,Friday,False,4.476083333333333
20261009_063825,2026-10-09 06:38:31.435000+00:00,Luzern,local,ch:1:sloid:8450,"Luzern, Bahnhof",ch:1:sloid:8450::2,2026-10-09,ch:1:sjyid:100619:plan:a470b719-f3e5-473b-a60e-cc7faf39bb47,bus,Bus,14,14,38386,"Horw, Zentrum",Brüelstrasse,B,,2026-10-09 06:44:42+00:00,2026-10-09 06:47:18+00:00,,True,2.6,2026-10-09 08:38:31.435000+02:00,2026-10-09 08:44:42+02:00,2026-10-09 08:47:18+02:00,2026-10-09,8,Friday,False,6.176083333333334
20261009_063825,2026-10-09 06:38:31.435000+00:00,Luzern,local,ch:1:sloid:8450,"Luzern, Bahnhof",ch:1:sloid:8450::1,2026-10-09,ch:1:sjyid:100619:plan:b8739a94-84f9-4dab-bb77-a42fea1117e7,bus,Bus,1,1,1705,"Ebikon, Fildern",Obernau Dorf,A,,2026-10-09 06:45:00+00:00,2026-10-09 06:45:00+00:00,,True,0.0,2026-10-09 08:38:31.435000+02:00,2026-10-09 08:45:00+02:00,2026-10-09 08:45:00+02:00,2026-10-09,8,Friday,False,6.476083333333333
20261009_063825,2026-10-09 06:38:31.435000+00:00,Luzern,local,ch:1:sloid:8450,"Luzern, Bahnhof",ch:1:sloid:8450::17,2026-10-09,ch:1:sjyid:100619:plan:f7f272db-bc08-4f29-8000-f5726ffa61d4,bus,Bus,10,10,32179,"Luzern, Bahnhof",Obergütsch,W,,2026-10-09 06:45:00+00:00,2026-10-09 06:45:00+00:00,,True,0.0,2026-10-09 08:38:31.435000+02:00,2026-10-09 08:45:00+02:00,2026-10-09 08:45:00+02:00,2026-10-09,8,Friday,False,6.476083333333333
20261009_063825,2026-10-09 06:38:31.435000+00:00,Luzern,local,ch:1:sloid:8450,"Luzern, Bahnhof",ch:1:sloid:8450::10,2026-10-09,ch:1:sjyid:100619:plan:0e9e2673-5dd5-4308-8e87-c7e32b8d7efc,bus,Bus,20,20,48269,"Luzern, Bahnhof",Horw Ennethorw,J,,2026-10-09 06:45:00+00:00,2026-10-09 06:45:00+00:00,,True,0.0,2026-10-09 08:38:31.435000+02:00,2026-10-09 08:45:00+02:00,2026-10-09 08:45:00+02:00,2026-10-09,8,Friday,False,6.476083333333333
20261009_063825,2026-10-09 06:38:31.435000+00:00,Luzern,local,ch:1:sloid:8450,"Luzern, Bahnhof",ch:1:sloid:8450::2,2026-10-09,ch:1:sjyid:100619:plan:6e3cac90-e7d4-4ab4-8980-27b71e74727b,bus,Bus,1,1,1982,"Obernau, Dorf",Ebikon Fildern,B,,2026-10-09 06:46:48+00:00,2026-10-09 06:46:48+00:00,,True,0.0,2026-10-09 08:38:31.435000+02:00,2026-10-09 08:46:48+02:00,2026-10-09 08:46:48+02:00,2026-10-09,8,Friday,False,8.276083333333334
20261009_063825,2026-10-09 06:38:31.435000+00:00,Luzern,local,ch:1:sloid:8450,"Luzern, Bahnhof",ch:1:sloid:8450::12,2026-10-09,ch:1:sjyid:100619:plan:68bc8cb1-2a1c-4ee7-8f01-ed2a3b3a1beb,bus,Bus,24,24,59330,"Luzern, Bahnhof",Meggen Tschädigen,S,,2026-10-09 06:46:00+00:00,2026-10-09 06:46:00+00:00,,True,0.0,2026-10-09 08:38:31.435000+02:00,2026-10-09 08:46:00+02:00,2026-10-09 08:46:00+02:00,2026-10-09,8,Friday,False,7.476083333333333
20261009_063825,2026-10-09 06:38:31.435000+00:00,Luzern,local,ch:1:sloid:8450,"Luzern, Bahnhof",ch:1:sloid:8450::20,2026-10-09,ch:1:sjyid:100619:plan:7ae1fbcf-7d2c-411d-8df3-052987a3afb5,bus,Bus,12,12,83587,"Luzern, Bahnhof",Gasshof,M,,2026-10-09 06:46:00+00:00,2026-10-09 06:46:00+00:00,,True,0.0,2026-10-09 08:38:31.435000+02:00,2026-10-09 08:46:00+02:00,2026-10-09 08:46:00+02:00,2026-10-09,8,Friday,False,7.476083333333333
20261009_063825,2026-10-09 06:38:31.435000+00:00,Luzern,local,ch:1:sloid:8450,"Luzern, Bahnhof",ch:1:sloid:8450::1,2026-10-09,ch:1:sjyid:100619:plan:4d9eb4f6-15c5-402d-a906-57d1e6314122,bus,Bus,14,14,38255,"Luzern, Brüelstrasse",Horw Zentrum,A,,2026-10-09 06:47:00+00:00,2026-10-09 06:47:42+00:00,,True,0.7,2026-10-09 08:38:31.435000+02:00,2026-10-09 08:47:00+02:00,2026-10-09 08:47:42+02:00,2026-10-09,8,Friday,False,8.476083333333333
20261009_063825,2026-10-09 06:38:31.435000+00:00,Luzern,local,ch:1:sloid:8450,"Luzern, Bahnhof",ch:1:sloid:8450::11,2026-10-09,ch:1:sjyid:100619:plan:b60559e2-a0ce-45e4-b7a4-246089813d96,bus,Bus,19,19,45224,"Luzern, Bahnhof",Friedental,R,,2026-10-09 06:48:00+00:00,2026-10-09 06:48:00+00:00,,True,0.0,2026-10-09 08:38:31.435000+02:00,2026-10-09 08:48:00+02:00,2026-10-09 08:48:00+02:00,2026-10-09,8,Friday,False,9.476083333333333
20261009_063825,2026-10-09 06:38:31.435000+00:00,Luzern,local,ch:1:sloid:8450,"Luzern, Bahnhof",ch:1:sloid:8450::23,2026-10-09,ch:1:sjyid:100619:plan:76bdbaff-0248-4c03-938e-0adfaf7f95e7,bus,Bus,2,2,8605,"Luzern, Bahnhof",E'brücke Sprengi,Y,,2026-10-09 06:48:00+00:00,2026-10-09 06:48:00+00:00,,True,0.0,2026-10-09 08:38:31.435000+02:00,2026-10-09 08:48:00+02:00,2026-10-09 08:48:00+02:00,2026-10-09,8,Friday,False,9.476083333333333
20261009_063825,2026-10-09 06:38:31.435000+00:00,Luzern,local,ch:1:sloid:8450,"Luzern, Bahnhof",ch:1:sloid:8450::1,2026-10-09,ch:1:sjyid:100619:plan:32786aa9-d984-4b64-a7cb-c4412d1ad63a,bus,Bus,7,7,24457,"Luzern, Unterlöchli",Horw Biregghof,A,,2026-10-09 06:49:00+00:00,2026-10-09 06:49:00+00:00,,True,0.0,2026-10-09 08:38:31.435000+02:00,2026-10-09 08:49:00+02:00,2026-10-09 08:49:00+02:00,2026-10-09,8,Friday,False,10.476083333333333
20261009_063825,2026-10-09 06:38:31.435000+00:00,Luzern,local,ch:1:sloid:8450,"Luzern, Bahnhof",ch:1:sloid:8450::1,2026-10-09,ch:1:sjyid:100619:plan:5b0195da-7238-48fd-af07-ee03190d50f1,bus,Bus,8,8,28439,"Luzern, Würzenbach",Hirtenhof,A,,2026-10-09 06:49:00+00:00,2026-10-09 06:49:00+00:00,,True,0.0,2026-10-09 08:38:31.435000+02:00,2026-10-09 08:49:00+02:00,2026-10-09 08:49:00+02:00,2026-10-09,8,Friday,False,10.476083333333333
20261009_063825,2026-10-09 06:38:31.435000+00:00,Luzern,local,ch:1:sloid:8450,"Luzern, Bahnhof",ch:1:sloid:8450::2,2026-10-09,ch:1:sjyid:100619:plan:9206021b-3b10-4819-b30d-d1cee516e38a,bus,Bus,7,7,24478,"Horw, Biregghof",Unterlöchli,B,,2026-10-09 06:50:00+00:00,2026-10-09 06:50:00+00:00,,True,0.0,2026-10-09 08:38:31.435000+02:00,2026-10-09 08:50:00+02:00,2026-10-09 08:50:00+02:00,2026-10-09,8,Friday,False,11.476083333333333
20261009_063825,2026-10-09 06:38:31.435000+00:00,Luzern,local,ch:1:sloid:8450,"Luzern, Bahnhof",ch:1:sloid:8450::16,2026-10-09,ch:1:sjyid:100619:plan:98fc3138-c108-4804-a687-9ab4a494b3f2,bus,Bus,4,4,14351,"Luzern, Bahnhof",Hubelmatt,V,,2026-10-09 06:50:00+00:00,2026-10-09 06:50:00+00:00,,True,0.0,2026-10-09 08:38:31.435000+02:00,2026-10-09 08:50:00+02:00,2026-10-09 08:50:00+02:00,2026-10-09,8,Friday,False,11.476083333333333
20261009_063825,2026-10-09 06:38:31.435000+00:00,Luzern,local,ch:1:sloid:8450,"Luzern, Bahnhof",ch:1:sloid:8450::2,2026-10-09,ch:1:sjyid:100619:plan:96c18ff5-5112-4846-83df-bf1af22626a4,bus,Bus,6,6,21290,"Luzern, Matthof",Büttenenhalde,B,,2026-10-09 06:51:00+00:00,2026-10-09 06:51:00+00:00,,True,0.0,2026-10-09 08:38:31.435000+02:00,2026-10-09 08:51:00+02:00,2026-10-09 08:51:00+02:00,2026-10-09,8,Friday,False,12.476083333333333
20261009_063825,2026-10-09 06:38:31.435000+00:00,Luzern,local,ch:1:sloid:8450,"Luzern, Bahnhof",ch:1:sloid:8450::1,2026-10-09,ch:1:sjyid:100619:plan:c1fe9e1a-fd78-4b27-86e6-beadc383874b,bus,Bus,1,1,1739,"Ebikon, Fildern",Obernau Dorf,A,,2026-10-09 06:53:00+00:00,2026-10-09 06:53:36+00:00,,True,0.6,2026-10-09 08:38:31.435000+02:00,2026-10-09 08:53:00+02:00,2026-10-09 08:53:36+02:00,2026-10-09,8,Friday,False,14.476083333333333
20261009_063825,2026-10-09 06:38:31.435000+00:00,Luzern,local,ch:1:sloid:8450,"Luzern, Bahnhof",ch:1:sloid:8450::20,2026-10-09,ch:1:sjyid:100619:plan:d791cbf4-d2ec-4c8d-87e6-2830e5362c52,bus,Bus,12,12,83605,"Luzern, Bahnhof",Gasshof,M,,2026-10-09 06:53:00+00:00,2026-10-09 06:53:00+00:00,,True,0.0,2026-10-09 08:38:31.435000+02:00,2026-10-09 08:53:00+02:00,2026-10-09 08:53:00+02:00,2026-10-09,8,Friday,False,14.476083333333333
20261009_063825,2026-10-09 06:38:31.435000+00:00,Luzern,local,ch:1:sloid:8450,"Luzern, Bahnhof",ch:1:sloid:8450::2,2026-10-09,ch:1:sjyid:100619:plan:be274481-fcb3-4499-ab2b-6ab196ac4363,bus,Bus,1,1,2030,"Obernau, Dorf",Ebikon Fildern,B,,2026-10-09 06:54:48+00:00,2026-10-09 06:54:48+00:00,,True,0.0,2026-10-09 08:38:31.435000+02:00,2026-10-09 08:54:48+02:00,2026-10-09 08:54:48+02:00,2026-10-09,8,Friday,False,16.276083333333336
20261009_063825,2026-10-09 06:38:31.435000+00:00,Luzern,local,ch:1:sloid:8450,"Luzern, Bahnhof",ch:1:sloid:8450::11,2026-10-09,ch:1:sjyid:100619:plan:e0003679-c1bf-436f-9ad8-1e3da9c37be3,bus,Bus,19,19,45230,"Luzern, Bahnhof",Friedental,R,,2026-10-09 06:55:00+00:00,2026-10-09 06:55:00+00:00,,True,0.0,2026-10-09 08:38:31.435000+02:00,2026-10-09 08:55:00+02:00,2026-10-09 08:55:00+02:00,2026-10-09,8,Friday,False,16.476083333333335
20261009_063825,2026-10-09 06:38:31.435000+00:00,Luzern,local,ch:1:sloid:8450,"Luzern, Bahnhof",ch:1:sloid:8450::23,2026-10-09,ch:1:sjyid:100619:plan:57eb6aeb-a0d6-429a-a8cf-abe3b6727b2a,bus,Bus,2,2,8627,"Luzern, Bahnhof",E'brücke Sprengi,Y,,2026-10-09 06:55:00+00:00,2026-10-09 06:55:00+00:00,,True,0.0,2026-10-09 08:38:31.435000+02:00,2026-10-09 08:55:00+02:00,2026-10-09 08:55:00+02:00,2026-10-09,8,Friday,False,16.476083333333335
20261009_063825,2026-10-09 06:38:31.949000+00:00,St. Gallen,local,ch:1:sloid:74095,"St. Gallen, Bahnhof",ch:1:sloid:74095:0:541287,2026-10-09,ch:1:sjyid:100684:SKI-6115,bus,Bus,6,6,6115,"St. Gallen, Heiligkreuz",Bach St.Georgen,H,,2026-10-09 06:38:00+00:00,2026-10-09 06:40:42+00:00,,True,2.7,2026-10-09 08:38:31.949000+02:00,2026-10-09 08:38:00+02:00,2026-10-09 08:40:42+02:00,2026-10-09,8,Friday,False,-0.5324833333333333
20261009_063825,2026-10-09 06:38:31.949000+00:00,St. Gallen,local,ch:1:sloid:74095,"St. Gallen, Bahnhof",ch:1:sloid:74095:0:894224,2026-10-09,ch:1:sjyid:100695:dd937a1d-b601-4056-b33f-12b0d7557a2c,bus,Bus,151,151,51045,"Gossau SG, Bahnhof",St.Gallen Spisertor,E,,2026-10-09 06:38:00+00:00,2026-10-09 06:38:00+00:00,,True,0.0,2026-10-09 08:38:31.949000+02:00,2026-10-09 08:38:00+02:00,2026-10-09 08:38:00+02:00,2026-10-09,8,Friday,False,-0.5324833333333333
20261009_063825,2026-10-09 06:38:31.949000+00:00,St. Gallen,local,ch:1:sloid:74095,"St. Gallen, Bahnhof",ch:1:sloid:74095:0:606657,2026-10-09,ch:1:sjyid:100684:SKI-9072,bus,Bus,9,9,9072,"St. Gallen, Hölzli",Schuppis Nord,I,,2026-10-09 06:38:00+00:00,2026-10-09 06:38:00+00:00,,True,0.0,2026-10-09 08:38:31.949000+02:00,2026-10-09 08:38:00+02:00,2026-10-09 08:38:00+02:00,2026-10-09,8,Friday,False,-0.5324833333333333
20261009_063825,2026-10-09 06:38:31.949000+00:00,St. Gallen,local,ch:1:sloid:74095,"St. Gallen, Bahnhof",ch:1:sloid:74095:0:894224,2026-10-09,ch:1:sjyid:100684:SKI-6098,bus,Bus,6,6,6098,"St. Gallen, Bach St. Georgen",Heiligkreuz,E,,2026-10-09 06:38:00+00:00,2026-10-09 06:39:48+00:00,,True,1.8,2026-10-09 08:38:31.949000+02:00,2026-10-09 08:38:00+02:00,2026-10-09 08:39:48+02:00,2026-10-09,8,Friday,False,-0.5324833333333333
20261009_063825,2026-10-09 06:38:31.949000+00:00,St. Gallen,local,ch:1:sloid:74095,"St. Gallen, Bahnhof",ch:1:sloid:74095:0:894224,2026-10-09,ch:1:sjyid:100684:SKI-3058,bus,Bus,3,3,3058,"Abtwil SG, Säntispark","Wittenbach, Bahnhof",E,,2026-10-09 06:39:00+00:00,2026-10-09 06:39:00+00:00,,True,0.0,2026-10-09 08:38:31.949000+02:00,2026-10-09 08:39:00+02:00,2026-10-09 08:39:00+02:00,2026-10-09,8,Friday,False,0.46751666666666664
20261009_063825,2026-10-09 06:38:31.949000+00:00,St. Gallen,local,ch:1:sloid:74095,"St. Gallen, Bahnhof",ch:1:sloid:74095:0:541287,2026-10-09,ch:1:sjyid:100684:SKI-7075,bus,Bus,7,7,7075,"St. Gallen, Neudorf/R'str.",Hinterberg,H,,2026-10-09 06:40:00+00:00,2026-10-09 06:40:30+00:00,,True,0.5,2026-10-09 08:38:31.949000+02:00,2026-10-09 08:40:00+02:00,2026-10-09 08:40:30+02:00,2026-10-09,8,Friday,False,1.4675166666666668
20261009_063825,2026-10-09 06:38:31.949000+00:00,St. Gallen,local,ch:1:sloid:74095,"St. Gallen, Bahnhof",ch:1:sloid:74095:0:181274,2026-10-09,ch:1:sjyid:100684:SKI-2108,bus,Bus,2,2,2108,"St. Gallen, Winkeln",Guggeien,B,,2026-10-09 06:40:00+00:00,2026-10-09 06:40:00+00:00,,True,0.0,2026-10-09 08:38:31.949000+02:00,2026-10-09 08:40:00+02:00,2026-10-09 08:40:00+02:00,2026-10-09,8,Friday,False,1.4675166666666668
20261009_063825,2026-10-09 06:38:31.949000+00:00,St. Gallen,local,ch:1:sloid:74095,"St. Gallen, Bahnhof",ch:1:sloid:74095:0:606657,2026-10-09,ch:1:sjyid:100684:SKI-7058,bus,Bus,7,7,7058,"St. Gallen, Hinterberg",Neudorf / R'str.,I,,2026-10-09 06:40:00+00:00,2026-10-09 06:40:00+00:00,,True,0.0,2026-10-09 08:38:31.949000+02:00,2026-10-09 08:40:00+02:00,2026-10-09 08:40:00+02:00,2026-10-09,8,Friday,False,1.4675166666666668
20261009_063825,2026-10-09 06:38:31.949000+00:00,St. Gallen,local,ch:1:sloid:74095,"St. Gallen, Bahnhof",ch:1:sloid:74095:0:989159,2026-10-09,ch:1:sjyid:100684:SKI-2103,bus,Bus,2,2,2103,"St. Gallen, Guggeien",Wolfganghof,A,,2026-10-09 06:42:00+00:00,2026-10-09 06:42:06+00:00,,True,0.1,2026-10-09 08:38:31.949000+02:00,2026-10-09 08:42:00+02:00,2026-10-09 08:42:06+02:00,2026-10-09,8,Friday,False,3.4675166666666666
20261009_063825,2026-10-09 06:38:31.949000+00:00,St. Gallen,local,ch:1:sloid:74095,"St. Gallen, Bahnhof",ch:1:sloid:74095:0:482413,2026-10-09,ch:1:sjyid:100602:612317e6-d36e-42cc-b3b4-a9d660ad0348,bus,Bus,121,121,12122,"Engelburg, Dorfplatz",Heiden,D,,2026-10-09 06:42:00+00:00,2026-10-09 06:42:12+00:00,,True,0.2,2026-10-09 08:38:31.949000+02:00,2026-10-09 08:42:00+02:00,2026-10-09 08:42:12+02:00,2026-10-09,8,Friday,False,3.4675166666666666
20261009_063825,2026-10-09 06:38:31.949000+00:00,St. Gallen,local,ch:1:sloid:74095,"St. Gallen, Bahnhof",ch:1:sloid:74095:0:888081,2026-10-09,ch:1:sjyid:100695:2dbb5359-0870-4505-9a59-fb74a5f48181,bus,Bus,151,151,51064,"St. Gallen, Spisertor (Bus)",Gossau Bhf,F,,2026-10-09 06:42:00+00:00,2026-10-09 06:42:18+00:00,,True,0.3,2026-10-09 08:38:31.949000+02:00,2026-10-09 08:42:00+02:00,2026-10-09 08:42:18+02:00,2026-10-09,8,Friday,False,3.4675166666666666
20261009_063825,2026-10-09 06:38:31.949000+00:00,St. Gallen,local,ch:1:sloid:74095,"St. Gallen, Bahnhof",ch:1:sloid:74095:0:606657,2026-10-09,ch:1:sjyid:100684:SKI-5100,bus,Bus,5,5,5100,"St. Gallen, Riethüsli",Rotmonten,I,,2026-10-09 06:43:00+00:00,2026-10-09 06:43:24+00:00,,True,0.4,2026-10-09 08:38:31.949000+02:00,2026-10-09 08:43:00+02:00,2026-10-09 08:43:24+02:00,2026-10-09,8,Friday,False,4.467516666666667
20261009_063825,2026-10-09 06:38:31.949000+00:00,St. Gallen,local,ch:1:sloid:74095,"St. Gallen, Bahnhof",ch:1:sloid:74095:0:888081,2026-10-09,ch:1:sjyid:100684:SKI-4065,bus,Bus,4,4,4065,"Wittenbach, Bahnhof","Abtwil SG, Säntispark",F,,2026-10-09 06:44:00+00:00,2026-10-09 06:44:18+00:00,,True,0.3,2026-10-09 08:38:31.949000+02:00,2026-10-09 08:44:00+02:00,2026-10-09 08:44:18+02:00,2026-10-09,8,Friday,False,5.467516666666667
20261009_063825,2026-10-09 06:38:31.949000+00:00,St. Gallen,local,ch:1:sloid:74095,"St. Gallen, Bahnhof",ch:1:sloid:74095:0:541287,2026-10-09,ch:1:sjyid:100684:SKI-10031,bus,Bus,10,10,10031,"St. Gallen, Röteli",Oberhofstetten,H,,2026-10-09 06:44:00+00:00,2026-10-09 06:44:12+00:00,,True,0.2,2026-10-09 08:38:31.949000+02:00,2026-10-09 08:44:00+02:00,2026-10-09 08:44:12+02:00,2026-10-09,8,Friday,False,5.467516666666667
20261009_063825,2026-10-09 06:38:31.949000+00:00,St. Gallen,local,ch:1:sloid:74095,"St. Gallen, Bahnhof",ch:1:sloid:74095:0:886128,2026-10-09,ch:1:sjyid:100602:149af3d9-08d6-41dd-b9fd-33a177aa339d,bus,Bus,211,211,21120,"St. Gallen, Bahnhof",Arbon,G,,2026-10-09 06:45:00+00:00,2026-10-09 06:45:00+00:00,,True,0.0,2026-10-09 08:38:31.949000+02:00,2026-10-09 08:45:00+02:00,2026-10-09 08:45:00+02:00,2026-10-09,8,Friday,False,6.467516666666667
20261009_063825,2026-10-09 06:38:31.949000+00:00,St. Gallen,local,ch:1:sloid:74095,"St. Gallen, Bahnhof",ch:1:sloid:74095:0:174964,2026-10-09,ch:1:sjyid:100684:SKI-9073,bus,Bus,9,9,9073,"St. Gallen, Schuppis Nord",Hölzli,C,,2026-10-09 06:46:00+00:00,2026-10-09 06:46:00+00:00,,True,0.0,2026-10-09 08:38:31.949000+02:00,2026-10-09 08:46:00+02:00,2026-10-09 08:46:00+02:00,2026-10-09,8,Friday,False,7.467516666666667
20261009_063825,2026-10-09 06:38:31.949000+00:00,St. Gallen,local,ch:1:sloid:74095,"St. Gallen, Bahnhof",ch:1:sloid:74095:0:541287,2026-10-09,ch:1:sjyid:100684:SKI-5109,bus,Bus,5,5,5109,"St. Gallen, Rotmonten",Riethüsli,H,,2026-10-09 06:46:00+00:00,2026-10-09 06:46:00+00:00,,True,0.0,2026-10-09 08:38:31.949000+02:00,2026-10-09 08:46:00+02:00,2026-10-09 08:46:00+02:00,2026-10-09,8,Friday,False,7.467516666666667
20261009_063825,2026-10-09 06:38:31.949000+00:00,St. Gallen,local,ch:1:sloid:74095,"St. Gallen, Bahnhof",ch:1:sloid:74095:0:181274,2026-10-09,ch:1:sjyid:100684:SKI-1110,bus,Bus,1,1,1110,"St. Gallen, Wolfganghof",Stephanshorn,B,,2026-10-09 06:46:00+00:00,2026-10-09 06:46:00+00:00,,True,0.0,2026-10-09 08:38:31.949000+02:00,2026-10-09 08:46:00+02:00,2026-10-09 08:46:00+02:00,2026-10-09,8,Friday,False,7.467516666666667
20261009_063825,2026-10-09 06:38:31.949000+00:00,St. Gallen,local,ch:1:sloid:74095,"St. Gallen, Bahnhof",ch:1:sloid:74095:0:894224,2026-10-09,ch:1:sjyid:100684:SKI-4068,bus,Bus,4,4,4068,"Abtwil SG, St. Josefen","Wittenbach, Bahnhof",E,,2026-10-09 06:46:00+00:00,2026-10-09 06:46:42+00:00,,True,0.7,2026-10-09 08:38:31.949000+02:00,2026-10-09 08:46:00+02:00,2026-10-09 08:46:42+02:00,2026-10-09,8,Friday,False,7.467516666666667
20261009_063825,2026-10-09 06:38:31.949000+00:00,St. Gallen,local,ch:1:sloid:74095,"St. Gallen, Bahnhof",ch:1:sloid:74095:0:989159,2026-10-09,ch:1:sjyid:100684:SKI-1119,bus,Bus,1,1,1119,"St. Gallen, Stephanshorn",Winkeln,A,,2026-10-09 06:48:00+00:00,2026-10-09 06:48:30+00:00,,True,0.5,2026-10-09 08:38:31.949000+02:00,2026-10-09 08:48:00+02:00,2026-10-09 08:48:30+02:00,2026-10-09,8,Friday,False,9.467516666666667
20261009_063825,2026-10-09 06:38:31.949000+00:00,St. Gallen,local,ch:1:sloid:74095,"St. Gallen, Bahnhof",ch:1:sloid:74095:0:174964,2026-10-09,ch:1:sjyid:100602:0b13b03d-8eae-4a90-acba-4bac575ae7cd,bus,Bus,121,121,12121,"Heiden, Post",Engelburg,C,,2026-10-09 06:48:00+00:00,2026-10-09 06:48:00+00:00,,True,0.0,2026-10-09 08:38:31.949000+02:00,2026-10-09 08:48:00+02:00,2026-10-09 08:48:00+02:00,2026-10-09,8,Friday,False,9.467516666666667
20261009_063825,2026-10-09 06:38:31.949000+00:00,St. Gallen,local,ch:1:sloid:74095,"St. Gallen, Bahnhof",ch:1:sloid:74095:0:541287,2026-10-09,ch:1:sjyid:100684:SKI-6123,bus,Bus,6,6,6123,"St. Gallen, Heiligkreuz",Bach St.Georgen,H,,2026-10-09 06:48:00+00:00,2026-10-09 06:48:24+00:00,,True,0.4,2026-10-09 08:38:31.949000+02:00,2026-10-09 08:48:00+02:00,2026-10-09 08:48:24+02:00,2026-10-09,8,Friday,False,9.467516666666667
20261009_063825,2026-10-09 06:38:31.949000+00:00,St. Gallen,local,ch:1:sloid:74095,"St. Gallen, Bahnhof",ch:1:sloid:74095:0:894224,2026-10-09,ch:1:sjyid:100695:f016878f-5f1a-43ae-8f97-d91f6ff0b4d3,bus,Bus,151,151,51047,"Gossau SG, Bahnhof",St.Gallen Spisertor,E,,2026-10-09 06:48:00+00:00,2026-10-09 06:48:30+00:00,,True,0.5,2026-10-09 08:38:31.949000+02:00,2026-10-09 08:48:00+02:00,2026-10-09 08:48:30+02:00,2026-10-09,8,Friday,False,9.467516666666667
20261009_063825,2026-10-09 06:38:31.949000+00:00,St. Gallen,local,ch:1:sloid:74095,"St. Gallen, Bahnhof",ch:1:sloid:74095:0:482413,2026-10-09,ch:1:sjyid:100602:961d5d8b-df84-416d-a39a-6b17665b6082,bus,Bus,242,242,24224,"St. Gallen, Bahnhof",Rheineck,D,,2026-10-09 06:48:00+00:00,2026-10-09 06:48:00+00:00,,True,0.0,2026-10-09 08:38:31.949000+02:00,2026-10-09 08:48:00+02:00,2026-10-09 08:48:00+02:00,2026-10-09,8,Friday,False,9.467516666666667
20261009_063825,2026-10-09 06:38:31.949000+00:00,St. Gallen,local,ch:1:sloid:74095,"St. Gallen, Bahnhof",ch:1:sloid:74095:0:606657,2026-10-09,ch:1:sjyid:100684:SKI-9076,bus,Bus,9,9,9076,"St. Gallen, Hölzli",Sonne,I,,2026-10-09 06:48:00+00:00,2026-10-09 06:48:00+00:00,,True,0.0,2026-10-09 08:38:31.949000+02:00,2026-10-09 08:48:00+02:00,2026-10-09 08:48:00+02:00,2026-10-09,8,Friday,False,9.467516666666667
20261009_063825,2026-10-09 06:38:31.949000+00:00,St. Gallen,local,ch:1:sloid:74095,"St. Gallen, Bahnhof",ch:1:sloid:74095:0:894224,2026-10-09,ch:1:sjyid:100684:SKI-6104,bus,Bus,6,6,6104,"St. Gallen, Bach St. Georgen",Heiligkreuz,E,,2026-10-09 06:48:00+00:00,2026-10-09 06:48:00+00:00,,True,0.0,2026-10-09 08:38:31.949000+02:00,2026-10-09 08:48:00+02:00,2026-10-09 08:48:00+02:00,2026-10-09,8,Friday,False,9.467516666666667
20261009_063825,2026-10-09 06:38:31.949000+00:00,St. Gallen,local,ch:1:sloid:74095,"St. Gallen, Bahnhof",ch:1:sloid:74095:0:541287,2026-10-09,ch:1:sjyid:100684:SKI-8075,bus,Bus,8,8,8075,"St. Gallen, Neudorf/R'str.",Wendeplatz Stocken,H,,2026-10-09 06:50:00+00:00,2026-10-09 06:50:00+00:00,,True,0.0,2026-10-09 08:38:31.949000+02:00,2026-10-09 08:50:00+02:00,2026-10-09 08:50:00+02:00,2026-10-09,8,Friday,False,11.467516666666667
20261009_063825,2026-10-09 06:38:31.949000+00:00,St. Gallen,local,ch:1:sloid:74095,"St. Gallen, Bahnhof",ch:1:sloid:74095:0:606657,2026-10-09,ch:1:sjyid:100684:SKI-8058,bus,Bus,8,8,8058,"St. Gallen, Wendeplatz Stocken",Neudorf / R'str.,I,,2026-10-09 06:50:00+00:00,2026-10-09 06:50:00+00:00,,True,0.0,2026-10-09 08:38:31.949000+02:00,2026-10-09 08:50:00+02:00,2026-10-09 08:50:00+02:00,2026-10-09,8,Friday,False,11.467516666666667
20261009_063825,2026-10-09 06:38:31.949000+00:00,St. Gallen,local,ch:1:sloid:74095,"St. Gallen, Bahnhof",ch:1:sloid:74095:0:606657,2026-10-09,ch:1:sjyid:100684:SKI-10032,bus,Bus,10,10,10032,"St. Gallen, Oberhofstetten",Röteli,I,,2026-10-09 06:51:00+00:00,2026-10-09 06:51:00+00:00,,True,0.0,2026-10-09 08:38:31.949000+02:00,2026-10-09 08:51:00+02:00,2026-10-09 08:51:00+02:00,2026-10-09,8,Friday,False,12.467516666666667
20261009_063825,2026-10-09 06:38:31.949000+00:00,St. Gallen,local,ch:1:sloid:74095,"St. Gallen, Bahnhof",ch:1:sloid:74095:0:894224,2026-10-09,ch:1:sjyid:100684:SKI-6626,bus,Bus,6,6,6626,"St. Gallen, Bahnhof",Olma Messen,E,,2026-10-09 06:51:00+00:00,,,False,,2026-10-09 08:38:31.949000+02:00,2026-10-09 08:51:00+02:00,,2026-10-09,8,Friday,False,12.467516666666667
20261009_063825,2026-10-09 06:38:32.419000+00:00,Lausanne,local,ch:1:sloid:92050,"Lausanne, gare",ch:1:sloid:92050:0:2892,2026-10-09,ch:1:sjyid:100122:plan1:2026_ATT5-01-50-Semaine-1-10018955,bus,Bus,1,1,1227,"Lausanne, Blécherette",EPFL/Colladon,B,,2026-10-09 06:37:00+00:00,2026-10-09 06:40:36+00:00,,True,3.6,2026-10-09 08:38:32.419000+02:00,2026-10-09 08:37:00+02:00,2026-10-09 08:40:36+02:00,2026-10-09,8,Friday,False,-1.5403166666666666
20261009_063825,2026-10-09 06:38:32.419000+00:00,Lausanne,local,ch:1:sloid:92050,"Lausanne, gare",ch:1:sloid:92050:0:1096,2026-10-09,ch:1:sjyid:100122:plan2:m2_0011,metro,Metro,m2,m2,720011,"Lausanne, Ouchy-Olympique","Epalinges, Croisettes",,,2026-10-09 06:38:00+00:00,,,False,,2026-10-09 08:38:32.419000+02:00,2026-10-09 08:38:00+02:00,,2026-10-09,8,Friday,False,-0.5403166666666667
20261009_063825,2026-10-09 06:38:32.419000+00:00,Lausanne,local,ch:1:sloid:92050,"Lausanne, gare",ch:1:sloid:92050:0:1101,2026-10-09,ch:1:sjyid:100122:plan2:m2_0230,metro,Metro,m2,m2,720230,"Epalinges, Croisettes","Lausanne, Ouchy-Olympique",,,2026-10-09 06:38:00+00:00,,,False,,2026-10-09 08:38:32.419000+02:00,2026-10-09 08:38:00+02:00,,2026-10-09,8,Friday,False,-0.5403166666666667
20261009_063825,2026-10-09 06:38:32.419000+00:00,Lausanne,local,ch:1:sloid:92050,"Lausanne, gare",ch:1:sloid:92050:0:1096,2026-10-09,ch:1:sjyid:100122:plan2:m2_3113,metro,Metro,m2,m2,723113,"Lausanne, gare","Lausanne, Sallaz",,,2026-10-09 06:40:00+00:00,,,False,,2026-10-09 08:38:32.419000+02:00,2026-10-09 08:40:00+02:00,,2026-10-09,8,Friday,False,1.4596833333333334
20261009_063825,2026-10-09 06:38:32.419000+00:00,Lausanne,local,ch:1:sloid:92050,"Lausanne, gare",ch:1:sloid:92050:0:2814,2026-10-09,ch:1:sjyid:100122:plan1:2026_ATT2-03-20-Semaine-3-9715592,bus,Bus,3,3,3035,"Lausanne, gare",Maillefer,D,,2026-10-09 06:40:00+00:00,2026-10-09 06:40:00+00:00,,True,0.0,2026-10-09 08:38:32.419000+02:00,2026-10-09 08:40:00+02:00,2026-10-09 08:40:00+02:00,2026-10-09,8,Friday,False,1.4596833333333334
20261009_063825,2026-10-09 06:38:32.419000+00:00,Lausanne,local,ch:1:sloid:92050,"Lausanne, gare",ch:1:sloid:92050:0:1096,2026-10-09,ch:1:sjyid:100122:plan2:m2_0067,metro,Metro,m2,m2,720067,"Lausanne, Ouchy-Olympique","Epalinges, Croisettes",,,2026-10-09 06:42:00+00:00,,,False,,2026-10-09 08:38:32.419000+02:00,2026-10-09 08:42:00+02:00,,2026-10-09,8,Friday,False,3.459683333333333
20261009_063825,2026-10-09 06:38:32.419000+00:00,Lausanne,local,ch:1:sloid:92050,"Lausanne, gare",ch:1:sloid:92050:0:1101,2026-10-09,ch:1:sjyid:100122:plan2:m2_0284,metro,Metro,m2,m2,720284,"Epalinges, Croisettes","Lausanne, Ouchy-Olympique",,,2026-10-09 06:42:00+00:00,,,False,,2026-10-09 08:38:32.419000+02:00,2026-10-09 08:42:00+02:00,,2026-10-09,8,Friday,False,3.459683333333333
20261009_063825,2026-10-09 06:38:32.419000+00:00,Lausanne,local,ch:1:sloid:92050,"Lausanne, gare",ch:1:sloid:92050:0:2893,2026-10-09,ch:1:sjyid:100122:plan1:2026_ATT5-01-50-Semaine-1-10018981,bus,Bus,1,1,1067,"Ecublens VD, EPFL/Colladon",Blécherette,A,,2026-10-09 06:42:00+00:00,2026-10-09 06:41:06+00:00,,True,-0.9,2026-10-09 08:38:32.419000+02:00,2026-10-09 08:42:00+02:00,2026-10-09 08:41:06+02:00,2026-10-09,8,Friday,False,3.459683333333333
20261009_063825,2026-10-09 06:38:32.419000+00:00,Lausanne,local,ch:1:sloid:92050,"Lausanne, gare",ch:1:sloid:92050:0:2815,2026-10-09,ch:1:sjyid:100122:plan1:2026_ATT5-20-50-Semaine-20-9969494,bus,Bus,20,20,20027,"Lausanne, gare",Blécherette,C,,2026-10-09 06:43:00+00:00,2026-10-09 06:43:00+00:00,,True,0.0,2026-10-09 08:38:32.419000+02:00,2026-10-09 08:43:00+02:00,2026-10-09 08:43:00+02:00,2026-10-09,8,Friday,False,4.459683333333333
20261009_063825,2026-10-09 06:38:32.419000+00:00,Lausanne,local,ch:1:sloid:92050,"Lausanne, gare",ch:1:sloid:92050:0:2892,2026-10-09,ch:1:sjyid:100122:plan1:2026_ATT5-01-50-Semaine-1-10018956,bus,Bus,1,1,1228,"Lausanne, Blécherette",EPFL/Colladon,B,,2026-10-09 06:44:00+00:00,2026-10-09 06:48:42+00:00,,True,4.7,2026-10-09 08:38:32.419000+02:00,2026-10-09 08:44:00+02:00,2026-10-09 08:48:42+02:00,2026-10-09,8,Friday,False,5.459683333333333
20261009_063825,2026-10-09 06:38:32.419000+00:00,Lausanne,local,ch:1:sloid:92050,"Lausanne, gare",ch:1:sloid:92050:0:2893,2026-10-09,ch:1:sjyid:100122:plan1:2026_ATT5-21-50-Semaine-21-9980454,bus,Bus,21,21,21182,"Lausanne, Blécherette",Verrière,A,,2026-10-09 06:44:00+00:00,2026-10-09 06:43:42+00:00,,True,-0.3,2026-10-09 08:38:32.419000+02:00,2026-10-09 08:44:00+02:00,2026-10-09 08:43:42+02:00,2026-10-09,8,Friday,False,5.459683333333333
20261009_063825,2026-10-09 06:38:32.419000+00:00,Lausanne,local,ch:1:sloid:92050,"Lausanne, gare",ch:1:sloid:92050:0:1096,2026-10-09,ch:1:sjyid:100122:plan2:m2_3041,metro,Metro,m2,m2,723041,"Lausanne, gare","Lausanne, Sallaz",,,2026-10-09 06:45:00+00:00,,,False,,2026-10-09 08:38:32.419000+02:00,2026-10-09 08:45:00+02:00,,2026-10-09,8,Friday,False,6.459683333333333
20261009_063825,2026-10-09 06:38:32.419000+00:00,Lausanne,local,ch:1:sloid:92050,"Lausanne, gare",ch:1:sloid:92050:0:2814,2026-10-09,ch:1:sjyid:100122:plan1:2026_ATT5-21-50-Semaine-21-9980278,bus,Bus,21,21,21054,"Paudex, Verrière",Blécherette,D,,2026-10-09 06:45:00+00:00,2026-10-09 06:44:18+00:00,,True,-0.7,2026-10-09 08:38:32.419000+02:00,2026-10-09 08:45:00+02:00,2026-10-09 08:44:18+02:00,2026-10-09,8,Friday,False,6.459683333333333
20261009_063825,2026-10-09 06:38:32.419000+00:00,Lausanne,local,ch:1:sloid:92050,"Lausanne, gare",ch:1:sloid:92050:0:1096,2026-10-09,ch:1:sjyid:100122:plan2:m2_0121,metro,Metro,m2,m2,720121,"Lausanne, Ouchy-Olympique","Epalinges, Croisettes",,,2026-10-09 06:46:00+00:00,,,False,,2026-10-09 08:38:32.419000+02:00,2026-10-09 08:46:00+02:00,,2026-10-09,8,Friday,False,7.459683333333333
20261009_063825,2026-10-09 06:38:32.419000+00:00,Lausanne,local,ch:1:sloid:92050,"Lausanne, gare",ch:1:sloid:92050:0:1101,2026-10-09,ch:1:sjyid:100122:plan2:m2_0382,metro,Metro,m2,m2,720382,"Epalinges, Croisettes","Lausanne, Ouchy-Olympique",,,2026-10-09 06:47:00+00:00,,,False,,2026-10-09 08:38:32.419000+02:00,2026-10-09 08:47:00+02:00,,2026-10-09,8,Friday,False,8.459683333333334
20261009_063825,2026-10-09 06:38:32.419000+00:00,Lausanne,local,ch:1:sloid:92050,"Lausanne, gare",ch:1:sloid:92050:0:1096,2026-10-09,ch:1:sjyid:100122:plan2:m2_3061,metro,Metro,m2,m2,723061,"Lausanne, gare","Lausanne, Sallaz",,,2026-10-09 06:49:00+00:00,,,False,,2026-10-09 08:38:32.419000+02:00,2026-10-09 08:49:00+02:00,,2026-10-09,8,Friday,False,10.459683333333334
20261009_063825,2026-10-09 06:38:32.419000+00:00,Lausanne,local,ch:1:sloid:92050,"Lausanne, gare",ch:1:sloid:92050:0:2892,2026-10-09,ch:1:sjyid:100122:plan1:2026_ATT5-01-50-Semaine-1-10018957,bus,Bus,1,1,1229,"Lausanne, Blécherette",EPFL/Colladon,B,,2026-10-09 06:50:00+00:00,2026-10-09 06:51:36+00:00,,True,1.6,2026-10-09 08:38:32.419000+02:00,2026-10-09 08:50:00+02:00,2026-10-09 08:51:36+02:00,2026-10-09,8,Friday,False,11.459683333333334
20261009_063825,2026-10-09 06:38:32.419000+00:00,Lausanne,local,ch:1:sloid:92050,"Lausanne, gare",ch:1:sloid:92050:0:2814,2026-10-09,ch:1:sjyid:100122:plan1:2026_ATT2-03-20-Semaine-3-9715593,bus,Bus,3,3,3036,"Lausanne, gare",Maillefer,D,,2026-10-09 06:50:00+00:00,2026-10-09 06:50:00+00:00,,True,0.0,2026-10-09 08:38:32.419000+02:00,2026-10-09 08:50:00+02:00,2026-10-09 08:50:00+02:00,2026-10-09,8,Friday,False,11.459683333333334
20261009_063825,2026-10-09 06:38:32.419000+00:00,Lausanne,local,ch:1:sloid:92050,"Lausanne, gare",ch:1:sloid:92050:0:2893,2026-10-09,ch:1:sjyid:100122:plan1:2026_ATT5-01-50-Semaine-1-10018982,bus,Bus,1,1,1068,"Ecublens VD, EPFL/Colladon",Blécherette,A,,2026-10-09 06:50:00+00:00,2026-10-09 06:50:18+00:00,,True,0.3,2026-10-09 08:38:32.419000+02:00,2026-10-09 08:50:00+02:00,2026-10-09 08:50:18+02:00,2026-10-09,8,Friday,False,11.459683333333334
20261009_063825,2026-10-09 06:38:32.419000+00:00,Lausanne,local,ch:1:sloid:92050,"Lausanne, gare",ch:1:sloid:92050:0:1096,2026-10-09,ch:1:sjyid:100122:plan2:m2_0231,metro,Metro,m2,m2,720231,"Lausanne, Ouchy-Olympique","Epalinges, Croisettes",,,2026-10-09 06:51:00+00:00,,,False,,2026-10-09 08:38:32.419000+02:00,2026-10-09 08:51:00+02:00,,2026-10-09,8,Friday,False,12.459683333333334
20261009_063825,2026-10-09 06:38:32.419000+00:00,Lausanne,local,ch:1:sloid:92050,"Lausanne, gare",ch:1:sloid:92050:0:1101,2026-10-09,ch:1:sjyid:100122:plan2:m2_0176,metro,Metro,m2,m2,720176,"Epalinges, Croisettes","Lausanne, Ouchy-Olympique",,,2026-10-09 06:51:00+00:00,,,False,,2026-10-09 08:38:32.419000+02:00,2026-10-09 08:51:00+02:00,,2026-10-09,8,Friday,False,12.459683333333334
20261009_063825,2026-10-09 06:38:32.419000+00:00,Lausanne,local,ch:1:sloid:92050,"Lausanne, gare",ch:1:sloid:92050:0:2893,2026-10-09,ch:1:sjyid:100122:plan1:2026_ATT5-21-50-Semaine-21-9980452,bus,Bus,21,21,21183,"Lausanne, Blécherette",Verrière,A,,2026-10-09 06:52:00+00:00,2026-10-09 06:51:00+00:00,,True,-1.0,2026-10-09 08:38:32.419000+02:00,2026-10-09 08:52:00+02:00,2026-10-09 08:51:00+02:00,2026-10-09,8,Friday,False,13.459683333333334
20261009_063825,2026-10-09 06:38:32.419000+00:00,Lausanne,local,ch:1:sloid:92050,"Lausanne, gare",ch:1:sloid:92050:0:1096,2026-10-09,ch:1:sjyid:100122:plan2:m2_3079,metro,Metro,m2,m2,723079,"Lausanne, gare","Lausanne, Sallaz",,,2026-10-09 06:53:00+00:00,,,False,,2026-10-09 08:38:32.419000+02:00,2026-10-09 08:53:00+02:00,,2026-10-09,8,Friday,False,14.459683333333334
20261009_063825,2026-10-09 06:38:32.419000+00:00,Lausanne,local,ch:1:sloid:92050,"Lausanne, gare",ch:1:sloid:92050:0:2814,2026-10-09,ch:1:sjyid:100122:plan1:2026_ATT5-21-50-Semaine-21-9980575,bus,Bus,21,21,21055,"Paudex, Verrière",Blécherette,D,,2026-10-09 06:54:00+00:00,2026-10-09 06:54:18+00:00,,True,0.3,2026-10-09 08:38:32.419000+02:00,2026-10-09 08:54:00+02:00,2026-10-09 08:54:18+02:00,2026-10-09,8,Friday,False,15.459683333333334
20261009_063825,2026-10-09 06:38:32.419000+00:00,Lausanne,local,ch:1:sloid:92050,"Lausanne, gare",ch:1:sloid:92050:0:1096,2026-10-09,ch:1:sjyid:100122:plan2:m2_0285,metro,Metro,m2,m2,720285,"Lausanne, Ouchy-Olympique","Epalinges, Croisettes",,,2026-10-09 06:55:00+00:00,,,False,,2026-10-09 08:38:32.419000+02:00,2026-10-09 08:55:00+02:00,,2026-10-09,8,Friday,False,16.459683333333334
20261009_063825,2026-10-09 06:38:32.419000+00:00,Lausanne,local,ch:1:sloid:92050,"Lausanne, gare",ch:1:sloid:92050:0:2815,2026-10-09,ch:1:sjyid:100122:plan1:2026_ATT5-20-50-Semaine-20-9969495,bus,Bus,20,20,20028,"Lausanne, gare",Blécherette,C,,2026-10-09 06:55:00+00:00,2026-10-09 06:55:00+00:00,,True,0.0,2026-10-09 08:38:32.419000+02:00,2026-10-09 08:55:00+02:00,2026-10-09 08:55:00+02:00,2026-10-09,8,Friday,False,16.459683333333334
20261009_063825,2026-10-09 06:38:32.419000+00:00,Lausanne,local,ch:1:sloid:92050,"Lausanne, gare",ch:1:sloid:92050:0:1101,2026-10-09,ch:1:sjyid:100122:plan2:m2_0434,metro,Metro,m2,m2,720434,"Epalinges, Croisettes","Lausanne, Ouchy-Olympique",,,2026-10-09 06:55:00+00:00,,,False,,2026-10-09 08:38:32.419000+02:00,2026-10-09 08:55:00+02:00,,2026-10-09,8,Friday,False,16.459683333333334
20261009_063825,2026-10-09 06:38:32.419000+00:00,Lausanne,local,ch:1:sloid:92050,"Lausanne, gare",ch:1:sloid:92050:0:2892,2026-10-09,ch:1:sjyid:100122:plan1:2026_ATT5-01-50-Semaine-1-10018958,bus,Bus,1,1,1230,"Lausanne, Blécherette",EPFL/Colladon,B,,2026-10-09 06:57:00+00:00,2026-10-09 06:57:48+00:00,,True,0.8,2026-10-09 08:38:32.419000+02:00,2026-10-09 08:57:00+02:00,2026-10-09 08:57:48+02:00,2026-10-09,8,Friday,False,18.45968333333333
20261009_063825,2026-10-09 06:38:32.419000+00:00,Lausanne,local,ch:1:sloid:92050,"Lausanne, gare",ch:1:sloid:92050:0:1096,2026-10-09,ch:1:sjyid:100122:plan2:m2_3097,metro,Metro,m2,m2,723097,"Lausanne, gare","Lausanne, Sallaz",,,2026-10-09 06:58:00+00:00,,,False,,2026-10-09 08:38:32.419000+02:00,2026-10-09 08:58:00+02:00,,2026-10-09,8,Friday,False,19.45968333333333
20261009_063825,2026-10-09 06:38:32.419000+00:00,Lausanne,local,ch:1:sloid:92050,"Lausanne, gare",ch:1:sloid:92050:0:2893,2026-10-09,ch:1:sjyid:100122:plan1:2026_ATT5-01-50-Semaine-1-10018983,bus,Bus,1,1,1069,"Ecublens VD, EPFL/Colladon",Blécherette,A,,2026-10-09 06:58:00+00:00,2026-10-09 06:59:42+00:00,,True,1.7,2026-10-09 08:38:32.419000+02:00,2026-10-09 08:58:00+02:00,2026-10-09 08:59:42+02:00,2026-10-09,8,Friday,False,19.45968333333333
20261009_063825,2026-10-09 06:38:32.860000+00:00,Genève,local,ch:1:sloid:87057,"Genève, gare Cornavin",ch:1:sloid:87057:0:783875,2026-10-09,ch:1:sjyid:100680:HAS-26-015925-70-Lun-Ven-35914425,bus,Bus,9,9,698652,"Thônex, Belle-Terre Pl. Araire",Lignon-Tours,K,,2026-10-09 06:34:00+00:00,2026-10-09 06:41:06+00:00,,True,7.1,2026-10-09 08:38:32.860000+02:00,2026-10-09 08:34:00+02:00,2026-10-09 08:41:06+02:00,2026-10-09,8,Friday,False,-4.547666666666667
20261009_063825,2026-10-09 06:38:32.860000+00:00,Genève,local,ch:1:sloid:87057,"Genève, gare Cornavin",ch:1:sloid:87057:0:50679,2026-10-09,ch:1:sjyid:100680:HAS-26-08-20-13-Lun-Ven-35205872,bus,Bus,8,8,646249,"Veyrier, douane",Palexpo,J,,2026-10-09 06:35:00+00:00,2026-10-09 06:41:12+00:00,,True,6.2,2026-10-09 08:38:32.860000+02:00,2026-10-09 08:35:00+02:00,2026-10-09 08:41:12+02:00,2026-10-09,8,Friday,False,-3.5476666666666667
20261009_063825,2026-10-09 06:38:32.860000+00:00,Genève,local,ch:1:sloid:87057,"Genève, gare Cornavin",ch:1:sloid:87057:0:783875,2026-10-09,ch:1:sjyid:100680:HAS-26-10-0-Lun-Ven-33810314,bus,Bus,10,10,551543,"Genève, Rive",Genève-Aéroport-Terminal,K,,2026-10-09 06:37:00+00:00,2026-10-09 06:41:36+00:00,,True,4.6,2026-10-09 08:38:32.860000+02:00,2026-10-09 08:37:00+02:00,2026-10-09 08:41:36+02:00,2026-10-09,8,Friday,False,-1.5476666666666667
20261009_063825,2026-10-09 06:38:32.860000+00:00,Genève,local,ch:1:sloid:87057,"Genève, gare Cornavin",ch:1:sloid:87057:0:589555,2026-10-09,ch:1:sjyid:100680:HAS-26-10-0-Lun-Ven-33810299,bus,Bus,10,10,551528,"Genève-Aéroport, Terminal",Rive,L,,2026-10-09 06:38:00+00:00,2026-10-09 06:38:24+00:00,,True,0.4,2026-10-09 08:38:32.860000+02:00,2026-10-09 08:38:00+02:00,2026-10-09 08:38:24+02:00,2026-10-09,8,Friday,False,-0.5476666666666666
20261009_063825,2026-10-09 06:38:32.860000+00:00,Genève,local,ch:1:sloid:87057,"Genève, gare Cornavin",ch:1:sloid:87057:0:46188,2026-10-09,ch:1:sjyid:100680:HAS-26-15-19-Lun-Ven-35443931,tram,Tram,15,15,853027,"Genève, Nations",ZIPLO,D,,2026-10-09 06:38:00+00:00,2026-10-09 06:38:00+00:00,,True,0.0,2026-10-09 08:38:32.860000+02:00,2026-10-09 08:38:00+02:00,2026-10-09 08:38:00+02:00,2026-10-09,8,Friday,False,-0.5476666666666666
20261009_063825,2026-10-09 06:38:32.860000+00:00,Genève,local,ch:1:sloid:87057,"Genève, gare Cornavin",ch:1:sloid:87057:0:50679,2026-10-09,ch:1:sjyid:100680:HAS-26-60-61-70-Lun-Ven-35376367,bus,Bus,60,60,693478,"Genève, gare Cornavin",Ferney-Mairie,J,,2026-10-09 06:39:00+00:00,2026-10-09 06:39:00+00:00,,True,0.0,2026-10-09 08:38:32.860000+02:00,2026-10-09 08:39:00+02:00,2026-10-09 08:39:00+02:00,2026-10-09,8,Friday,False,0.45233333333333337
20261009_063825,2026-10-09 06:38:32.860000+00:00,Genève,local,ch:1:sloid:87057,"Genève, gare Cornavin",ch:1:sloid:87057:0:233278,2026-10-09,ch:1:sjyid:100680:HAS-26-18-19-Lun-Ven-35445276,tram,Tram,18,18,854331,"Meyrin, CERN",Palettes,I,,2026-10-09 06:40:00+00:00,2026-10-09 06:41:24+00:00,,True,1.4,2026-10-09 08:38:32.860000+02:00,2026-10-09 08:40:00+02:00,2026-10-09 08:41:24+02:00,2026-10-09,8,Friday,False,1.4523333333333333
20261009_063825,2026-10-09 06:38:32.860000+00:00,Genève,local,ch:1:sloid:87057,"Genève, gare Cornavin",ch:1:sloid:87057:0:46188,2026-10-09,ch:1:sjyid:100680:HAS-26-015925-70-Lun-Ven-35914084,bus,Bus,1,1,698459,"Genève, Jardin Botanique",Hôpital Trois-Chêne,D,,2026-10-09 06:40:00+00:00,2026-10-09 06:42:36+00:00,,True,2.6,2026-10-09 08:38:32.860000+02:00,2026-10-09 08:40:00+02:00,2026-10-09 08:42:36+02:00,2026-10-09,8,Friday,False,1.4523333333333333
20261009_063825,2026-10-09 06:38:32.860000+00:00,Genève,local,ch:1:sloid:87057,"Genève, gare Cornavin",ch:1:sloid:87057:0:89811,2026-10-09,ch:1:sjyid:100680:HAS-26-18-19-Lun-Ven-35445264,tram,Tram,18,18,854319,"Grand-Lancy, Palettes",CERN,H,,2026-10-09 06:40:00+00:00,2026-10-09 06:41:48+00:00,,True,1.8,2026-10-09 08:38:32.860000+02:00,2026-10-09 08:40:00+02:00,2026-10-09 08:41:48+02:00,2026-10-09,8,Friday,False,1.4523333333333333
20261009_063825,2026-10-09 06:38:32.860000+00:00,Genève,local,ch:1:sloid:87057,"Genève, gare Cornavin",ch:1:sloid:87057:0:408265,2026-10-09,ch:1:sjyid:100680:HAS-26-015925-70-Lun-Ven-35914247,bus,Bus,1,1,698622,"Thônex, Hôpital Trois-Chêne",Jardin Botanique,E,,2026-10-09 06:40:00+00:00,2026-10-09 06:43:42+00:00,,True,3.7,2026-10-09 08:38:32.860000+02:00,2026-10-09 08:40:00+02:00,2026-10-09 08:43:42+02:00,2026-10-09,8,Friday,False,1.4523333333333333
20261009_063825,2026-10-09 06:38:32.860000+00:00,Genève,local,ch:1:sloid:87057,"Genève, gare Cornavin",ch:1:sloid:87057:0:408265,2026-10-09,ch:1:sjyid:100680:HAS-26-15-19-Lun-Ven-35443908,tram,Tram,15,15,853004,"Plan-les-Ouates, ZIPLO",Nations,E,,2026-10-09 06:41:00+00:00,2026-10-09 06:41:00+00:00,,True,0.0,2026-10-09 08:38:32.860000+02:00,2026-10-09 08:41:00+02:00,2026-10-09 08:41:00+02:00,2026-10-09,8,Friday,False,2.4523333333333333
20261009_063825,2026-10-09 06:38:32.860000+00:00,Genève,local,ch:1:sloid:87057,"Genève, gare Cornavin",ch:1:sloid:87057:0:589555,2026-10-09,ch:1:sjyid:100680:HAS-26-02-06-19-1-Lun-Ven-34652497,bus,Bus,6,6,617292,"Vernier, village",Genève-Plage,L,,2026-10-09 06:41:00+00:00,2026-10-09 06:41:00+00:00,,True,0.0,2026-10-09 08:38:32.860000+02:00,2026-10-09 08:41:00+02:00,2026-10-09 08:41:00+02:00,2026-10-09,8,Friday,False,2.4523333333333333
20261009_063825,2026-10-09 06:38:32.860000+00:00,Genève,local,ch:1:sloid:87057,"Genève, gare Cornavin",ch:1:sloid:87057:0:698638,2026-10-09,ch:1:sjyid:100680:HAS-26-03-0-Lun-Ven-33842303,bus,Bus,3,3,555687,"Genève, Crêts-de-Champel",Gardiol,F,,2026-10-09 06:41:00+00:00,2026-10-09 06:42:18+00:00,,True,1.3,2026-10-09 08:38:32.860000+02:00,2026-10-09 08:41:00+02:00,2026-10-09 08:42:18+02:00,2026-10-09,8,Friday,False,2.4523333333333333
20261009_063825,2026-10-09 06:38:32.860000+00:00,Genève,local,ch:1:sloid:87057,"Genève, gare Cornavin",ch:1:sloid:87057:0:783875,2026-10-09,ch:1:sjyid:100680:HAS-26-02-06-19-1-Lun-Ven-34652457,bus,Bus,19,19,617253,"Onex, cité",Vernier-Village,K,,2026-10-09 06:41:00+00:00,2026-10-09 06:41:48+00:00,,True,0.8,2026-10-09 08:38:32.860000+02:00,2026-10-09 08:41:00+02:00,2026-10-09 08:41:48+02:00,2026-10-09,8,Friday,False,2.4523333333333333
20261009_063825,2026-10-09 06:38:32.860000+00:00,Genève,local,ch:1:sloid:87057,"Genève, gare Cornavin",ch:1:sloid:87057:0:233278,2026-10-09,ch:1:sjyid:100680:HAS-26-14-19-Lun-Ven-35445027,tram,Tram,14,14,854090,"Meyrin, Gravière",Bernex-Vailly,I,,2026-10-09 06:42:00+00:00,2026-10-09 06:39:42+00:00,,True,-2.3,2026-10-09 08:38:32.860000+02:00,2026-10-09 08:42:00+02:00,2026-10-09 08:39:42+02:00,2026-10-09,8,Friday,False,3.4523333333333333
20261009_063825,2026-10-09 06:38:32.860000+00:00,Genève,local,ch:1:sloid:87057,"Genève, gare Cornavin",ch:1:sloid:87057:0:651350,2026-10-09,ch:1:sjyid:100680:HAS-26-015925-70-Lun-Ven-35913828,bus,Bus,5,5,698243,"Genève-Aéroport, Terminal",Thônex-Vallard,B,,2026-10-09 06:42:00+00:00,2026-10-09 06:43:18+00:00,,True,1.3,2026-10-09 08:38:32.860000+02:00,2026-10-09 08:42:00+02:00,2026-10-09 08:43:18+02:00,2026-10-09,8,Friday,False,3.4523333333333333
20261009_063825,2026-10-09 06:38:32.860000+00:00,Genève,local,ch:1:sloid:87057,"Genève, gare Cornavin",ch:1:sloid:87057:0:89811,2026-10-09,ch:1:sjyid:100680:HAS-26-14-19-Lun-Ven-35445050,tram,Tram,14,14,854113,"Bernex, Vailly",Meyrin-Gravière,H,,2026-10-09 06:42:00+00:00,2026-10-09 06:41:00+00:00,,True,-1.0,2026-10-09 08:38:32.860000+02:00,2026-10-09 08:42:00+02:00,2026-10-09 08:41:00+02:00,2026-10-09,8,Friday,False,3.4523333333333333
20261009_063825,2026-10-09 06:38:32.860000+00:00,Genève,local,ch:1:sloid:87057,"Genève, gare Cornavin",ch:1:sloid:87057:0:973093,2026-10-09,ch:1:sjyid:100680:HAS-26-08-20-13-Lun-Ven-35205802,bus,Bus,8,8,646179,"Grand-Saconnex, Palexpo",Veyrier-Douane,C,,2026-10-09 06:44:00+00:00,2026-10-09 06:45:06+00:00,,True,1.1,2026-10-09 08:38:32.860000+02:00,2026-10-09 08:44:00+02:00,2026-10-09 08:45:06+02:00,2026-10-09,8,Friday,False,5.452333333333333
20261009_063825,2026-10-09 06:38:32.860000+00:00,Genève,local,ch:1:sloid:87057,"Genève, gare Cornavin",ch:1:sloid:87057:0:589555,2026-10-09,ch:1:sjyid:100680:HAS-26-015925-70-Lun-Ven-35914517,bus,Bus,9,9,698744,"Vernier, Lignon Tours",Belle-Terre-Place-de-l'Araire,L,,2026-10-09 06:44:00+00:00,2026-10-09 06:46:24+00:00,,True,2.4,2026-10-09 08:38:32.860000+02:00,2026-10-09 08:44:00+02:00,2026-10-09 08:46:24+02:00,2026-10-09,8,Friday,False,5.452333333333333
20261009_063825,2026-10-09 06:38:32.860000+00:00,Genève,local,ch:1:sloid:87057,"Genève, gare Cornavin",ch:1:sloid:87057:0:46188,2026-10-09,ch:1:sjyid:100680:HAS-26-15-19-Lun-Ven-35443930,tram,Tram,15,15,853026,"Genève, Nations",ZIPLO,D,,2026-10-09 06:44:00+00:00,2026-10-09 06:44:00+00:00,,True,0.0,2026-10-09 08:38:32.860000+02:00,2026-10-09 08:44:00+02:00,2026-10-09 08:44:00+02:00,2026-10-09,8,Friday,False,5.452333333333333
20261009_063825,2026-10-09 06:38:32.860000+00:00,Genève,local,ch:1:sloid:87057,"Genève, gare Cornavin",ch:1:sloid:87057:0:783875,2026-10-09,ch:1:sjyid:100680:HAS-26-02-06-19-1-Lun-Ven-34652450,bus,Bus,6,6,617246,"Genève, Plage",Vernier-Village,K,,2026-10-09 06:44:00+00:00,2026-10-09 06:44:48+00:00,,True,0.8,2026-10-09 08:38:32.860000+02:00,2026-10-09 08:44:00+02:00,2026-10-09 08:44:48+02:00,2026-10-09,8,Friday,False,5.452333333333333
20261009_063825,2026-10-09 06:38:32.860000+00:00,Genève,local,ch:1:sloid:87057,"Genève, gare Cornavin",ch:1:sloid:87057:0:408265,2026-10-09,ch:1:sjyid:100680:HAS-26-15-19-Lun-Ven-35443907,tram,Tram,15,15,853003,"Plan-les-Ouates, ZIPLO",Nations,E,,2026-10-09 06:45:00+00:00,2026-10-09 06:46:12+00:00,,True,1.2,2026-10-09 08:38:32.860000+02:00,2026-10-09 08:45:00+02:00,2026-10-09 08:46:12+02:00,2026-10-09,8,Friday,False,6.452333333333333
20261009_063825,2026-10-09 06:38:32.860000+00:00,Genève,local,ch:1:sloid:87057,"Genève, gare Cornavin",ch:1:sloid:87057:0:46188,2026-10-09,ch:1:sjyid:100680:HAS-26-015925-70-Lun-Ven-35914063,bus,Bus,25,25,698438,"Genève, Jardin Botanique",Thônex-Vallard,D,,2026-10-09 06:45:00+00:00,2026-10-09 06:47:24+00:00,,True,2.4,2026-10-09 08:38:32.860000+02:00,2026-10-09 08:45:00+02:00,2026-10-09 08:47:24+02:00,2026-10-09,8,Friday,False,6.452333333333333
20261009_063825,2026-10-09 06:38:32.860000+00:00,Genève,local,ch:1:sloid:87057,"Genève, gare Cornavin",ch:1:sloid:87057:0:589555,2026-10-09,ch:1:sjyid:100680:HAS-26-02-06-19-1-Lun-Ven-34652486,bus,Bus,19,19,617282,"Vernier, village",Onex-Cité,L,,2026-10-09 06:45:00+00:00,2026-10-09 06:43:24+00:00,,True,-1.6,2026-10-09 08:38:32.860000+02:00,2026-10-09 08:45:00+02:00,2026-10-09 08:43:24+02:00,2026-10-09,8,Friday,False,6.452333333333333
20261009_063825,2026-10-09 06:38:32.860000+00:00,Genève,local,ch:1:sloid:87057,"Genève, gare Cornavin",ch:1:sloid:87057:0:408265,2026-10-09,ch:1:sjyid:100680:HAS-26-015925-70-Lun-Ven-35913891,bus,Bus,25,25,698267,"Thônex, Vallard",Jardin Botanique,E,,2026-10-09 06:45:00+00:00,2026-10-09 06:46:00+00:00,,True,1.0,2026-10-09 08:38:32.860000+02:00,2026-10-09 08:45:00+02:00,2026-10-09 08:46:00+02:00,2026-10-09,8,Friday,False,6.452333333333333
20261009_063825,2026-10-09 06:38:32.860000+00:00,Genève,local,ch:1:sloid:87057,"Genève, gare Cornavin",ch:1:sloid:87057:0:50679,2026-10-09,ch:1:sjyid:100680:HAS-26-015925-70-Lun-Ven-35913732,bus,Bus,5,5,698147,"Thônex, Vallard",Genève-Aéroport-Terminal,J,,2026-10-09 06:45:00+00:00,2026-10-09 06:46:00+00:00,,True,1.0,2026-10-09 08:38:32.860000+02:00,2026-10-09 08:45:00+02:00,2026-10-09 08:46:00+02:00,2026-10-09,8,Friday,False,6.452333333333333
20261009_063825,2026-10-09 06:38:32.860000+00:00,Genève,local,ch:1:sloid:87057,"Genève, gare Cornavin",ch:1:sloid:87057:0:783875,2026-10-09,ch:1:sjyid:100680:HAS-26-10-0-Lun-Ven-33810313,bus,Bus,10,10,551542,"Genève, Rive",Genève-Aéroport-Terminal,K,,2026-10-09 06:45:00+00:00,2026-10-09 06:49:48+00:00,,True,4.8,2026-10-09 08:38:32.860000+02:00,2026-10-09 08:45:00+02:00,2026-10-09 08:49:48+02:00,2026-10-09,8,Friday,False,6.452333333333333
20261009_063825,2026-10-09 06:38:32.860000+00:00,Genève,local,ch:1:sloid:87057,"Genève, gare Cornavin",ch:1:sloid:87057:0:314070,2026-10-09,ch:1:sjyid:100680:HAS-26-G_x002B_-1-Lun-Ven-34675437,bus,Bus,G+,G+,618311,"Veigy, douane (F)",Gare Cornavin,G,,2026-10-09 06:45:00+00:00,2026-10-09 06:42:18+00:00,,True,-2.7,2026-10-09 08:38:32.860000+02:00,2026-10-09 08:45:00+02:00,2026-10-09 08:42:18+02:00,2026-10-09,8,Friday,False,6.452333333333333
20261009_063825,2026-10-09 06:38:32.860000+00:00,Genève,local,ch:1:sloid:87057,"Genève, gare Cornavin",ch:1:sloid:87057:0:233278,2026-10-09,ch:1:sjyid:100680:HAS-26-14-19-Lun-Ven-35445026,tram,Tram,14,14,854089,"Meyrin, Gravière",Bernex-Vailly,I,,2026-10-09 06:46:00+00:00,2026-10-09 06:47:18+00:00,,True,1.3,2026-10-09 08:38:32.860000+02:00,2026-10-09 08:46:00+02:00,2026-10-09 08:47:18+02:00,2026-10-09,8,Friday,False,7.452333333333333
20261009_063825,2026-10-09 06:38:33.339000+00:00,Lugano,local,ch:1:sloid:5380,"Lugano, Stazione",ch:1:sloid:5380::407001,2026-10-09,ch:1:sjyid:100754:d6d5f53b-b150-4b5c-b078-93539ede3eee,bus,Bus,6,6,6059,"Lugano, Stazione","Lugano, Cornaredo",A,,2026-10-09 06:40:00+00:00,2026-10-09 06:40:00+00:00,,True,0.0,2026-10-09 08:38:33.339000+02:00,2026-10-09 08:40:00+02:00,2026-10-09 08:40:00+02:00,2026-10-09,8,Friday,False,1.44435
20261009_063825,2026-10-09 06:38:33.339000+00:00,Lugano,local,ch:1:sloid:5380,"Lugano, Stazione",ch:1:sloid:5380::407002,2026-10-09,ch:1:sjyid:100754:aaede7cd-22c3-4fef-a305-8de794a5ea4d,bus,Bus,4,4,4045,"Lugano, Centro","Canobbio, Ganna",B,,2026-10-09 06:44:00+00:00,2026-10-09 06:44:00+00:00,,True,0.0,2026-10-09 08:38:33.339000+02:00,2026-10-09 08:44:00+02:00,2026-10-09 08:44:00+02:00,2026-10-09,8,Friday,False,5.44435
20261009_063825,2026-10-09 06:38:33.339000+00:00,Lugano,local,ch:1:sloid:5380,"Lugano, Stazione",ch:1:sloid:5380::407001,2026-10-09,ch:1:sjyid:100754:cbe42026-cf4e-40e8-8498-fe5aae837229,bus,Bus,4,4,4050,"Canobbio, Ganna","Lugano, Centro",A,,2026-10-09 06:46:00+00:00,2026-10-09 06:46:00+00:00,,True,0.0,2026-10-09 08:38:33.339000+02:00,2026-10-09 08:46:00+02:00,2026-10-09 08:46:00+02:00,2026-10-09,8,Friday,False,7.44435
20261009_063825,2026-10-09 06:38:33.339000+00:00,Lugano,local,ch:1:sloid:5380,"Lugano, Stazione",ch:1:sloid:5380::407001,2026-10-09,ch:1:sjyid:100754:e900b748-5084-47a4-ba5a-a8ad09dfc765,bus,Bus,6,6,6061,"Lugano, Stazione","Lugano, Cornaredo",A,,2026-10-09 06:50:00+00:00,2026-10-09 06:50:00+00:00,,True,0.0,2026-10-09 08:38:33.339000+02:00,2026-10-09 08:50:00+02:00,2026-10-09 08:50:00+02:00,2026-10-09,8,Friday,False,11.444349999999998
20261009_063825,2026-10-09 06:38:33.339000+00:00,Lugano,local,ch:1:sloid:5380,"Lugano, Stazione",ch:1:sloid:5380::407001,2026-10-09,ch:1:sjyid:100754:e1ee5d6e-1622-4135-bcba-622f3ba42e15,bus,Bus,2,2,2066,"Castagnola, Capolinea","Paradiso, Carzo",A,,2026-10-09 06:50:00+00:00,2026-10-09 06:50:00+00:00,,True,0.0,2026-10-09 08:38:33.339000+02:00,2026-10-09 08:50:00+02:00,2026-10-09 08:50:00+02:00,2026-10-09,8,Friday,False,11.444349999999998
20261009_063825,2026-10-09 06:38:33.339000+00:00,Lugano,local,ch:1:sloid:5380,"Lugano, Stazione",ch:1:sloid:5380::407002,2026-10-09,ch:1:sjyid:100754:4a4e121b-5212-48e4-a127-c7ccc8b2d365,bus,Bus,4,4,4049,"Lugano, Centro","Canobbio, Ganna",B,,2026-10-09 06:59:00+00:00,2026-10-09 06:59:00+00:00,,True,0.0,2026-10-09 08:38:33.339000+02:00,2026-10-09 08:59:00+02:00,2026-10-09 08:59:00+02:00,2026-10-09,8,Friday,False,20.44435
20261009_063825,2026-10-09 06:38:33.339000+00:00,Lugano,local,ch:1:sloid:5380,"Lugano, Stazione",ch:1:sloid:5380::407001,2026-10-09,ch:1:sjyid:100754:94c368da-6004-4c4b-9a26-3296d6916290,bus,Bus,6,6,6065,"Lugano, Stazione","Lugano, Cornaredo",A,,2026-10-09 07:00:00+00:00,2026-10-09 07:00:00+00:00,,True,0.0,2026-10-09 08:38:33.339000+02:00,2026-10-09 09:00:00+02:00,2026-10-09 09:00:00+02:00,2026-10-09,9,Friday,False,21.44435
20261009_063825,2026-10-09 06:38:33.339000+00:00,Lugano,local,ch:1:sloid:5380,"Lugano, Stazione",ch:1:sloid:5380::407001,2026-10-09,ch:1:sjyid:100754:ddcf4b56-91b3-4df0-81c1-255ac2e59455,bus,Bus,4,4,4054,"Canobbio, Ganna","Lugano, Centro",A,,2026-10-09 07:01:00+00:00,2026-10-09 07:01:00+00:00,,True,0.0,2026-10-09 08:38:33.339000+02:00,2026-10-09 09:01:00+02:00,2026-10-09 09:01:00+02:00,2026-10-09,9,Friday,False,22.44435
20261009_063825,2026-10-09 06:38:33.339000+00:00,Lugano,local,ch:1:sloid:5380,"Lugano, Stazione",ch:1:sloid:5380::407001,2026-10-09,ch:1:sjyid:100754:61ea6e1a-facd-4442-8e72-7120153d2683,bus,Bus,2,2,2072,"Castagnola, Capolinea","Paradiso, Carzo",A,,2026-10-09 07:05:00+00:00,2026-10-09 07:05:00+00:00,,True,0.0,2026-10-09 08:38:33.339000+02:00,2026-10-09 09:05:00+02:00,2026-10-09 09:05:00+02:00,2026-10-09,9,Friday,False,26.44435
20261009_063825,2026-10-09 06:38:33.339000+00:00,Lugano,local,ch:1:sloid:5380,"Lugano, Stazione",ch:1:sloid:5380::407001,2026-10-09,ch:1:sjyid:100754:d8f9a0f2-4ebb-487b-b464-b72ccfbe6e20,bus,Bus,6,6,6069,"Lugano, Stazione","Lugano, Cornaredo",A,,2026-10-09 07:10:00+00:00,2026-10-09 07:10:00+00:00,,True,0.0,2026-10-09 08:38:33.339000+02:00,2026-10-09 09:10:00+02:00,2026-10-09 09:10:00+02:00,2026-10-09,9,Friday,False,31.44435
20261009_063825,2026-10-09 06:38:33.339000+00:00,Lugano,local,ch:1:sloid:5380,"Lugano, Stazione",ch:1:sloid:5380::407002,2026-10-09,ch:1:sjyid:100754:dc8a1cdf-d372-4365-bff8-1328030e6206,bus,Bus,4,4,4053,"Lugano, Centro","Canobbio, Ganna",B,,2026-10-09 07:14:00+00:00,2026-10-09 07:14:00+00:00,,True,0.0,2026-10-09 08:38:33.339000+02:00,2026-10-09 09:14:00+02:00,2026-10-09 09:14:00+02:00,2026-10-09,9,Friday,False,35.44435
20261009_063825,2026-10-09 06:38:33.339000+00:00,Lugano,local,ch:1:sloid:5380,"Lugano, Stazione",ch:1:sloid:5380::407001,2026-10-09,ch:1:sjyid:100754:291d7610-7f9b-4988-a178-692d4004ae07,bus,Bus,4,4,4060,"Canobbio, Ganna","Lugano, Centro",A,,2026-10-09 07:16:00+00:00,2026-10-09 07:16:00+00:00,,True,0.0,2026-10-09 08:38:33.339000+02:00,2026-10-09 09:16:00+02:00,2026-10-09 09:16:00+02:00,2026-10-09,9,Friday,False,37.44435
20261009_063825,2026-10-09 06:38:33.339000+00:00,Lugano,local,ch:1:sloid:5380,"Lugano, Stazione",ch:1:sloid:5380::407001,2026-10-09,ch:1:sjyid:100754:d5759aca-d4e0-4c32-ad6d-aed6b29ae51d,bus,Bus,2,2,2076,"Castagnola, Capolinea","Paradiso, Carzo",A,,2026-10-09 07:20:00+00:00,2026-10-09 07:20:00+00:00,,True,0.0,2026-10-09 08:38:33.339000+02:00,2026-10-09 09:20:00+02:00,2026-10-09 09:20:00+02:00,2026-10-09,9,Friday,False,41.44435
20261009_063825,2026-10-09 06:38:33.339000+00:00,Lugano,local,ch:1:sloid:5380,"Lugano, Stazione",ch:1:sloid:5380::407001,2026-10-09,ch:1:sjyid:100754:94a5ee22-6654-404e-a901-8e265cc7cf28,bus,Bus,6,6,6071,"Lugano, Stazione","Lugano, Cornaredo",A,,2026-10-09 07:24:00+00:00,,,False,,2026-10-09 08:38:33.339000+02:00,2026-10-09 09:24:00+02:00,,2026-10-09,9,Friday,False,45.44435
20261009_063825,2026-10-09 06:38:33.339000+00:00,Lugano,local,ch:1:sloid:5380,"Lugano, Stazione",ch:1:sloid:5380::407002,2026-10-09,ch:1:sjyid:100754:1214a172-36a5-498e-bf3d-9acd52ecf59a,bus,Bus,4,4,4057,"Lugano, Centro","Canobbio, Ganna",B,,2026-10-09 07:29:00+00:00,2026-10-09 07:29:00+00:00,,True,0.0,2026-10-09 08:38:33.339000+02:00,2026-10-09 09:29:00+02:00,2026-10-09 09:29:00+02:00,2026-10-09,9,Friday,False,50.44435
20261009_063825,2026-10-09 06:38:33.339000+00:00,Lugano,local,ch:1:sloid:5380,"Lugano, Stazione",ch:1:sloid:5380::407001,2026-10-09,ch:1:sjyid:100754:0252e258-28eb-4705-9375-38cd7965e5e3,bus,Bus,4,4,4062,"Canobbio, Ganna","Lugano, Centro",A,,2026-10-09 07:31:00+00:00,2026-10-09 07:31:00+00:00,,True,0.0,2026-10-09 08:38:33.339000+02:00,2026-10-09 09:31:00+02:00,2026-10-09 09:31:00+02:00,2026-10-09,9,Friday,False,52.44435
20261009_063825,2026-10-09 06:38:33.339000+00:00,Lugano,local,ch:1:sloid:5380,"Lugano, Stazione",ch:1:sloid:5380::407001,2026-10-09,ch:1:sjyid:100754:a34c1a41-6398-4437-991a-2eb74c666d92,bus,Bus,2,2,2080,"Castagnola, Capolinea","Paradiso, Carzo",A,,2026-10-09 07:35:00+00:00,2026-10-09 07:35:00+00:00,,True,0.0,2026-10-09 08:38:33.339000+02:00,2026-10-09 09:35:00+02:00,2026-10-09 09:35:00+02:00,2026-10-09,9,Friday,False,56.44435
20261009_063825,2026-10-09 06:38:33.339000+00:00,Lugano,local,ch:1:sloid:5380,"Lugano, Stazione",ch:1:sloid:5380::407001,2026-10-09,ch:1:sjyid:100754:893dab42-d153-4825-8c62-62a329b23fc3,bus,Bus,6,6,6077,"Lugano, Stazione","Lugano, Cornaredo",A,,2026-10-09 07:39:00+00:00,,,False,,2026-10-09 08:38:33.339000+02:00,2026-10-09 09:39:00+02:00,,2026-10-09,9,Friday,False,60.44435
20261009_063825,2026-10-09 06:38:33.339000+00:00,Lugano,local,ch:1:sloid:5380,"Lugano, Stazione",ch:1:sloid:5380::407002,2026-10-09,ch:1:sjyid:100754:471b176a-54b8-44d6-8a97-903cc1fd3ed4,bus,Bus,4,4,4061,"Lugano, Centro","Canobbio, Ganna",B,,2026-10-09 07:44:00+00:00,2026-10-09 07:44:00+00:00,,True,0.0,2026-10-09 08:38:33.339000+02:00,2026-10-09 09:44:00+02:00,2026-10-09 09:44:00+02:00,2026-10-09,9,Friday,False,65.44435
20261009_063825,2026-10-09 06:38:33.339000+00:00,Lugano,local,ch:1:sloid:5380,"Lugano, Stazione",ch:1:sloid:5380::407001,2026-10-09,ch:1:sjyid:100754:5b6433ce-8827-4de7-9b62-929781a1933c,bus,Bus,4,4,4068,"Canobbio, Ganna","Lugano, Centro",A,,2026-10-09 07:46:00+00:00,2026-10-09 07:46:00+00:00,,True,0.0,2026-10-09 08:38:33.339000+02:00,2026-10-09 09:46:00+02:00,2026-10-09 09:46:00+02:00,2026-10-09,9,Friday,False,67.44435
20261009_063825,2026-10-09 06:38:33.339000+00:00,Lugano,local,ch:1:sloid:5380,"Lugano, Stazione",ch:1:sloid:5380::407001,2026-10-09,ch:1:sjyid:100754:ae15ff1b-82c0-43d7-8f03-ed2c286048ae,bus,Bus,2,2,2084,"Castagnola, Capolinea","Paradiso, Carzo",A,,2026-10-09 07:50:00+00:00,2026-10-09 07:50:00+00:00,,True,0.0,2026-10-09 08:38:33.339000+02:00,2026-10-09 09:50:00+02:00,2026-10-09 09:50:00+02:00,2026-10-09,9,Friday,False,71.44435
20261009_063825,2026-10-09 06:38:33.339000+00:00,Lugano,local,ch:1:sloid:5380,"Lugano, Stazione",ch:1:sloid:5380::407001,2026-10-09,ch:1:sjyid:100754:55dcee6b-e305-46f1-97b7-0ffac4401fcf,bus,Bus,6,6,6079,"Lugano, Stazione","Lugano, Cornaredo",A,,2026-10-09 07:54:00+00:00,,,False,,2026-10-09 08:38:33.339000+02:00,2026-10-09 09:54:00+02:00,,2026-10-09,9,Friday,False,75.44435
20261009_063825,2026-10-09 06:38:33.339000+00:00,Lugano,local,ch:1:sloid:5380,"Lugano, Stazione",ch:1:sloid:5380::407002,2026-10-09,ch:1:sjyid:100754:be6f9ea5-7313-4a6b-a482-c42cd958de90,bus,Bus,4,4,4065,"Lugano, Centro","Canobbio, Ganna",B,,2026-10-09 07:59:00+00:00,2026-10-09 07:59:00+00:00,,True,0.0,2026-10-09 08:38:33.339000+02:00,2026-10-09 09:59:00+02:00,2026-10-09 09:59:00+02:00,2026-10-09,9,Friday,False,80.44435
20261009_063825,2026-10-09 06:38:33.339000+00:00,Lugano,local,ch:1:sloid:5380,"Lugano, Stazione",ch:1:sloid:5380::407001,2026-10-09,ch:1:sjyid:100754:60f5f875-7694-4876-bf77-f170ac66dc88,bus,Bus,4,4,4070,"Canobbio, Ganna","Lugano, Centro",A,,2026-10-09 08:01:00+00:00,2026-10-09 08:01:00+00:00,,True,0.0,2026-10-09 08:38:33.339000+02:00,2026-10-09 10:01:00+02:00,2026-10-09 10:01:00+02:00,2026-10-09,10,Friday,False,82.44435
20261009_063825,2026-10-09 06:38:33.339000+00:00,Lugano,local,ch:1:sloid:5380,"Lugano, Stazione",ch:1:sloid:5380::407001,2026-10-09,ch:1:sjyid:100754:c1744892-e2c9-466f-b0e1-92897f02dbc9,bus,Bus,2,2,2088,"Castagnola, Capolinea","Paradiso, Carzo",A,,2026-10-09 08:05:00+00:00,2026-10-09 08:05:00+00:00,,True,0.0,2026-10-09 08:38:33.339000+02:00,2026-10-09 10:05:00+02:00,2026-10-09 10:05:00+02:00,2026-10-09,10,Friday,False,86.44435
20261009_063825,2026-10-09 06:38:33.339000+00:00,Lugano,local,ch:1:sloid:5380,"Lugano, Stazione",ch:1:sloid:5380::407001,2026-10-09,ch:1:sjyid:100754:97768833-cf8e-4cd8-8586-6f1cbaac42a4,bus,Bus,6,6,6083,"Lugano, Stazione","Lugano, Cornaredo",A,,2026-10-09 08:09:00+00:00,,,False,,2026-10-09 08:38:33.339000+02:00,2026-10-09 10:09:00+02:00,,2026-10-09,10,Friday,False,90.44435
20261009_063825,2026-10-09 06:38:33.339000+00:00,Lugano,local,ch:1:sloid:5380,"Lugano, Stazione",ch:1:sloid:5380::407002,2026-10-09,ch:1:sjyid:100754:ff5d4c67-af65-4e9b-8033-29a1d0925358,bus,Bus,4,4,4069,"Lugano, Centro","Canobbio, Ganna",B,,2026-10-09 08:14:00+00:00,,,False,,2026-10-09 08:38:33.339000+02:00,2026-10-09 10:14:00+02:00,,2026-10-09,10,Friday,False,95.44435
20261009_063825,2026-10-09 06:38:33.339000+00:00,Lugano,local,ch:1:sloid:5380,"Lugano, Stazione",ch:1:sloid:5380::407001,2026-10-09,ch:1:sjyid:100754:37f68580-aebb-4fb6-a779-0569a990e46f,bus,Bus,4,4,4076,"Canobbio, Ganna","Lugano, Centro",A,,2026-10-09 08:16:00+00:00,,,False,,2026-10-09 08:38:33.339000+02:00,2026-10-09 10:16:00+02:00,,2026-10-09,10,Friday,False,97.44435
20261009_063825,2026-10-09 06:38:33.339000+00:00,Lugano,local,ch:1:sloid:5380,"Lugano, Stazione",ch:1:sloid:5380::407001,2026-10-09,ch:1:sjyid:100754:d9710149-e561-40ac-81b5-7fb2b66a47bc,bus,Bus,2,2,2092,"Castagnola, Capolinea","Paradiso, Carzo",A,,2026-10-09 08:20:00+00:00,2026-10-09 08:20:00+00:00,,True,0.0,2026-10-09 08:38:33.339000+02:00,2026-10-09 10:20:00+02:00,2026-10-09 10:20:00+02:00,2026-10-09,10,Friday,False,101.44435
20261009_063825,2026-10-09 06:38:33.339000+00:00,Lugano,local,ch:1:sloid:5380,"Lugano, Stazione",ch:1:sloid:5380::407001,2026-10-09,ch:1:sjyid:100754:ba96d944-1378-4620-a1e2-c5cf3f573a48,bus,Bus,6,6,6087,"Lugano, Stazione","Lugano, Cornaredo",A,,2026-10-09 08:24:00+00:00,,,False,,2026-10-09 08:38:33.339000+02:00,2026-10-09 10:24:00+02:00,,2026-10-09,10,Friday,False,105.44435
