batch_id,collection_timestamp,city,station_type,station_id,station_name,stop_point_ref,operating_day,journey_ref,transport_mode,product_category,public_code,line,train_number,origin,destination,planned_platform,estimated_platform,scheduled_departure,estimated_departure,cancelled,has_realtime,predicted_delay_minutes,collection_timestamp_local,scheduled_departure_local,estimated_departure_local,date,hour,weekday,weekend,minutes_until_departure
20261006_022931,2026-10-06 02:29:31.965000+00:00,Zürich,rail,ch:1:sloid:3000,Zürich HB,ch:1:sloid:3000:6:10,2026-10-06,ch:1:sjyid:100001:18011-001,rail,S-Bahn,S,S,18011,Zürich HB,Zürich Flughafen,10,,2026-10-06 02:33:00+00:00,2026-10-06 02:33:18+00:00,,True,0.3,2026-10-06 04:29:31.965000+02:00,2026-10-06 04:33:00+02:00,2026-10-06 04:33:18+02:00,2026-10-06,4,Tuesday,False,3.46725
20261006_022931,2026-10-06 02:29:31.965000+00:00,Zürich,rail,ch:1:sloid:3000,Zürich HB,ch:1:sloid:3000:9:17,2026-10-06,ch:1:sjyid:100001:19214-001,rail,S-Bahn,S12,S12,19214,Zürich HB,Brugg AG,17,,2026-10-06 02:44:00+00:00,2026-10-06 02:44:18+00:00,,True,0.3,2026-10-06 04:29:31.965000+02:00,2026-10-06 04:44:00+02:00,2026-10-06 04:44:18+02:00,2026-10-06,4,Tuesday,False,14.46725
20261006_022931,2026-10-06 02:29:31.965000+00:00,Zürich,rail,ch:1:sloid:3000,Zürich HB,ch:1:sloid:3000:6:10,2026-10-06,ch:1:sjyid:100001:19116-001,rail,S-Bahn,S11,S11,19116,Zürich HB,Aarau,10,,2026-10-06 02:59:00+00:00,2026-10-06 03:00:06+00:00,,True,1.1,2026-10-06 04:29:31.965000+02:00,2026-10-06 04:59:00+02:00,2026-10-06 05:00:06+02:00,2026-10-06,4,Tuesday,False,29.46725
20261006_022931,2026-10-06 02:29:31.965000+00:00,Zürich,rail,ch:1:sloid:3000,Zürich HB,ch:1:sloid:3000:3:4,2026-10-06,ch:1:sjyid:100001:18017-001,rail,S-Bahn,S,S,18017,Zürich HB,Winterthur,4,,2026-10-06 03:02:00+00:00,2026-10-06 03:02:18+00:00,,True,0.3,2026-10-06 04:29:31.965000+02:00,2026-10-06 05:02:00+02:00,2026-10-06 05:02:18+02:00,2026-10-06,5,Tuesday,False,32.46725
20261006_022931,2026-10-06 02:29:31.965000+00:00,Zürich,rail,ch:1:sloid:3000,Zürich HB,ch:1:sloid:3000:502:42,2026-10-06,ch:1:sjyid:100001:19617-001,rail,S-Bahn,S16,S16,19617,Zürich HB,Rapperswil SG,41/42,41,2026-10-06 03:05:00+00:00,2026-10-06 03:05:18+00:00,,True,0.3,2026-10-06 04:29:31.965000+02:00,2026-10-06 05:05:00+02:00,2026-10-06 05:05:18+02:00,2026-10-06,5,Tuesday,False,35.46725
20261006_022931,2026-10-06 02:29:31.965000+00:00,Zürich,rail,ch:1:sloid:3000,Zürich HB,ch:1:sloid:3000:500:31,2026-10-06,ch:1:sjyid:100001:18817-002,rail,S-Bahn,S8,S8,18817,Zürich HB,Wädenswil,31,,2026-10-06 03:07:00+00:00,2026-10-06 03:07:36+00:00,,True,0.6,2026-10-06 04:29:31.965000+02:00,2026-10-06 05:07:00+02:00,2026-10-06 05:07:36+02:00,2026-10-06,5,Tuesday,False,37.46725
20261006_022931,2026-10-06 02:29:31.965000+00:00,Zürich,rail,ch:1:sloid:3000,Zürich HB,ch:1:sloid:3000:10:18,2026-10-06,ch:1:sjyid:100001:18916-001,rail,S-Bahn,S9,S9,18916,Zürich HB,Schaffhausen,18,,2026-10-06 03:07:00+00:00,2026-10-06 03:07:18+00:00,,True,0.3,2026-10-06 04:29:31.965000+02:00,2026-10-06 05:07:00+02:00,2026-10-06 05:07:18+02:00,2026-10-06,5,Tuesday,False,37.46725
20261006_022931,2026-10-06 02:29:31.965000+00:00,Zürich,rail,ch:1:sloid:3000,Zürich HB,ch:1:sloid:3000:6:11,2026-10-06,ch:1:sjyid:100001:2252-001,rail,InterRegio,IR37,IR37,2252,Zürich HB,Basel SBB,11,,2026-10-06 03:08:00+00:00,2026-10-06 03:08:30+00:00,,True,0.5,2026-10-06 04:29:31.965000+02:00,2026-10-06 05:08:00+02:00,2026-10-06 05:08:30+02:00,2026-10-06,5,Tuesday,False,38.46725
20261006_022931,2026-10-06 02:29:31.965000+00:00,Zürich,rail,ch:1:sloid:3000,Zürich HB,ch:1:sloid:3000:501:33,2026-10-06,ch:1:sjyid:100001:19417-001,rail,S-Bahn,S14,S14,19417,Zürich HB,Hinwil,33,,2026-10-06 03:12:00+00:00,2026-10-06 03:12:30+00:00,,True,0.5,2026-10-06 04:29:31.965000+02:00,2026-10-06 05:12:00+02:00,2026-10-06 05:12:30+02:00,2026-10-06,5,Tuesday,False,42.46725
20261006_022931,2026-10-06 02:29:31.965000+00:00,Zürich,rail,ch:1:sloid:3000,Zürich HB,ch:1:sloid:3000:4:7,2026-10-06,ch:1:sjyid:100061:2351-001,rail,InterRegio,IR35,IR35,2351,Zürich HB,Chur,7,,2026-10-06 03:12:00+00:00,2026-10-06 03:13:00+00:00,,True,1.0,2026-10-06 04:29:31.965000+02:00,2026-10-06 05:12:00+02:00,2026-10-06 05:13:00+02:00,2026-10-06,5,Tuesday,False,42.46725
20261006_022931,2026-10-06 02:29:31.965000+00:00,Zürich,rail,ch:1:sloid:3000,Zürich HB,ch:1:sloid:3000:501:34,2026-10-06,ch:1:sjyid:100001:19016-001,rail,S-Bahn,S,S,19016,Ziegelbrücke,Zürich Flughafen,34,,2026-10-06 03:14:00+00:00,2026-10-06 03:14:18+00:00,,True,0.3,2026-10-06 04:29:31.965000+02:00,2026-10-06 05:14:00+02:00,2026-10-06 05:14:18+02:00,2026-10-06,5,Tuesday,False,44.46725
20261006_022931,2026-10-06 02:29:31.965000+00:00,Zürich,rail,ch:1:sloid:3000,Zürich HB,ch:1:sloid:3000:503:43,2026-10-06,ch:1:sjyid:100001:19217-001,rail,S-Bahn,S12,S12,19217,Brugg AG,Schaffhausen,43/44,,2026-10-06 03:16:00+00:00,2026-10-06 03:17:00+00:00,,True,1.0,2026-10-06 04:29:31.965000+02:00,2026-10-06 05:16:00+02:00,2026-10-06 05:17:00+02:00,2026-10-06,5,Tuesday,False,46.46725
20261006_022931,2026-10-06 02:29:31.965000+00:00,Zürich,rail,ch:1:sloid:3000,Zürich HB,ch:1:sloid:3000:502:42,2026-10-06,ch:1:sjyid:100001:19616-001,rail,S-Bahn,S16,S16,19616,Rapperswil SG,Zürich Flughafen,41/42,,2026-10-06 03:16:00+00:00,2026-10-06 03:16:18+00:00,,True,0.3,2026-10-06 04:29:31.965000+02:00,2026-10-06 05:16:00+02:00,2026-10-06 05:16:18+02:00,2026-10-06,5,Tuesday,False,46.46725
20261006_022931,2026-10-06 02:29:31.965000+00:00,Zürich,rail,ch:1:sloid:3000,Zürich HB,ch:1:sloid:3000:7:13,2026-10-06,ch:1:sjyid:100001:704-001,rail,InterCity,IC1,IC1,704,Zürich HB,Genève-Aéroport,13,,2026-10-06 03:19:00+00:00,2026-10-06 03:19:30+00:00,,True,0.5,2026-10-06 04:29:31.965000+02:00,2026-10-06 05:19:00+02:00,2026-10-06 05:19:30+02:00,2026-10-06,5,Tuesday,False,49.46725
20261006_022931,2026-10-06 02:29:31.965000+00:00,Zürich,rail,ch:1:sloid:3000,Zürich HB,ch:1:sloid:3000:500:32,2026-10-06,ch:1:sjyid:100001:19416-001,rail,S-Bahn,S14,S14,19416,Rüti ZH,Affoltern am Albis,32,,2026-10-06 03:19:00+00:00,2026-10-06 03:20:00+00:00,,True,1.0,2026-10-06 04:29:31.965000+02:00,2026-10-06 05:19:00+02:00,2026-10-06 05:20:00+02:00,2026-10-06,5,Tuesday,False,49.46725
20261006_022931,2026-10-06 02:29:31.965000+00:00,Zürich,rail,ch:1:sloid:3000,Zürich HB,ch:1:sloid:3000:3:5,2026-10-06,ch:1:sjyid:100001:20417-001,rail,S-Bahn,S24,S24,20417,Zürich HB,Zug,5,,2026-10-06 03:21:00+00:00,2026-10-06 03:21:18+00:00,,True,0.3,2026-10-06 04:29:31.965000+02:00,2026-10-06 05:21:00+02:00,2026-10-06 05:21:18+02:00,2026-10-06,5,Tuesday,False,51.46725
20261006_022931,2026-10-06 02:29:31.965000+00:00,Zürich,rail,ch:1:sloid:3000,Zürich HB,ch:1:sloid:3000:503:43,2026-10-06,ch:1:sjyid:100001:18517-001,rail,S-Bahn,S5,S5,18517,Zürich HB,Rüti ZH,43/44,,2026-10-06 03:24:00+00:00,2026-10-06 03:24:18+00:00,,True,0.3,2026-10-06 04:29:31.965000+02:00,2026-10-06 05:24:00+02:00,2026-10-06 05:24:18+02:00,2026-10-06,5,Tuesday,False,54.46725
20261006_022931,2026-10-06 02:29:31.965000+00:00,Zürich,rail,ch:1:sloid:3000,Zürich HB,ch:1:sloid:3000:501:34,2026-10-06,ch:1:sjyid:100001:18816-001,rail,S-Bahn,S8,S8,18816,Zürich HB,Winterthur,34,,2026-10-06 03:25:00+00:00,2026-10-06 03:25:18+00:00,,True,0.3,2026-10-06 04:29:31.965000+02:00,2026-10-06 05:25:00+02:00,2026-10-06 05:25:18+02:00,2026-10-06,5,Tuesday,False,55.46725
20261006_022931,2026-10-06 02:29:31.965000+00:00,Zürich,rail,ch:1:sloid:3000,Zürich HB,ch:1:sloid:3000:503:43,2026-10-06,ch:1:sjyid:100001:18917-001,rail,S-Bahn,S9,S9,18917,Bülach,Uster,43/44,,2026-10-06 03:28:00+00:00,2026-10-06 03:28:18+00:00,,True,0.3,2026-10-06 04:29:31.965000+02:00,2026-10-06 05:28:00+02:00,2026-10-06 05:28:18+02:00,2026-10-06,5,Tuesday,False,58.46725
20261006_022931,2026-10-06 02:29:31.965000+00:00,Zürich,rail,ch:1:sloid:3000,Zürich HB,ch:1:sloid:3000:9:17,2026-10-06,ch:1:sjyid:100001:19118-001,rail,S-Bahn,S11,S11,19118,Zürich HB,Aarau,17,,2026-10-06 03:29:00+00:00,2026-10-06 03:30:06+00:00,,True,1.1,2026-10-06 04:29:31.965000+02:00,2026-10-06 05:29:00+02:00,2026-10-06 05:30:06+02:00,2026-10-06,5,Tuesday,False,59.46725
20261006_022931,2026-10-06 02:29:31.965000+00:00,Zürich,rail,ch:1:sloid:3000,Zürich HB,ch:1:sloid:3000:503:43,2026-10-06,ch:1:sjyid:100001:18615-001,rail,S-Bahn,S6,S6,18615,Regensdorf-Watt,Zürich Tiefenbrunnen,43/44,,2026-10-06 03:30:00+00:00,2026-10-06 03:30:30+00:00,,True,0.5,2026-10-06 04:29:31.965000+02:00,2026-10-06 05:30:00+02:00,2026-10-06 05:30:30+02:00,2026-10-06,5,Tuesday,False,60.46725
20261006_022931,2026-10-06 02:29:31.965000+00:00,Zürich,rail,ch:1:sloid:3000,Zürich HB,ch:1:sloid:3000:501:34,2026-10-06,ch:1:sjyid:100001:2155-001,rail,InterRegio,IR,IR,2155,Bern,Zürich Flughafen,34,,2026-10-06 03:30:00+00:00,2026-10-06 03:31:06+00:00,,True,1.1,2026-10-06 04:29:31.965000+02:00,2026-10-06 05:30:00+02:00,2026-10-06 05:31:06+02:00,2026-10-06,5,Tuesday,False,60.46725
20261006_022931,2026-10-06 02:29:31.965000+00:00,Zürich,rail,ch:1:sloid:3000,Zürich HB,ch:1:sloid:3000:503:43,2026-10-06,ch:1:sjyid:100001:18319-001,rail,S-Bahn,S3,S3,18319,Zürich HB,Wetzikon ZH,43/44,,2026-10-06 03:34:00+00:00,2026-10-06 03:34:54+00:00,,True,0.9,2026-10-06 04:29:31.965000+02:00,2026-10-06 05:34:00+02:00,2026-10-06 05:34:54+02:00,2026-10-06,5,Tuesday,False,64.46724999999999
20261006_022931,2026-10-06 02:29:31.965000+00:00,Zürich,rail,ch:1:sloid:3000,Zürich HB,ch:1:sloid:3000:5:8,2026-10-06,ch:1:sjyid:100001:2564-001,rail,InterRegio,IR75,IR75,2564,Zürich HB,Luzern,8,,2026-10-06 03:35:00+00:00,2026-10-06 03:36:00+00:00,,True,1.0,2026-10-06 04:29:31.965000+02:00,2026-10-06 05:35:00+02:00,2026-10-06 05:36:00+02:00,2026-10-06,5,Tuesday,False,65.46724999999999
20261006_022931,2026-10-06 02:29:31.965000+00:00,Zürich,rail,ch:1:sloid:3000,Zürich HB,ch:1:sloid:3000:501:33,2026-10-06,ch:1:sjyid:100001:95-002,rail,EuroCity,EC,EC,95,Zürich HB,Lindau-Reutin,33,,2026-10-06 03:35:00+00:00,2026-10-06 03:35:00+00:00,,True,0.0,2026-10-06 04:29:31.965000+02:00,2026-10-06 05:35:00+02:00,2026-10-06 05:35:00+02:00,2026-10-06,5,Tuesday,False,65.46724999999999
20261006_022931,2026-10-06 02:29:31.965000+00:00,Zürich,rail,ch:1:sloid:3000,Zürich HB,ch:1:sloid:3000:7:12,2026-10-06,ch:1:sjyid:100001:1956-001,rail,InterRegio,IR36,IR36,1956,Zürich HB,Basel SBB,12,,2026-10-06 03:36:00+00:00,2026-10-06 03:36:30+00:00,,True,0.5,2026-10-06 04:29:31.965000+02:00,2026-10-06 05:36:00+02:00,2026-10-06 05:36:30+02:00,2026-10-06,5,Tuesday,False,66.46724999999999
20261006_022931,2026-10-06 02:29:31.965000+00:00,Zürich,rail,ch:1:sloid:3000,Zürich HB,ch:1:sloid:3000:501:34,2026-10-06,ch:1:sjyid:100001:701-001,rail,InterCity,IC1,IC1,701,Zürich HB,St. Gallen,34,,2026-10-06 03:37:00+00:00,2026-10-06 03:37:30+00:00,,True,0.5,2026-10-06 04:29:31.965000+02:00,2026-10-06 05:37:00+02:00,2026-10-06 05:37:30+02:00,2026-10-06,5,Tuesday,False,67.46724999999999
20261006_022931,2026-10-06 02:29:31.965000+00:00,Zürich,rail,ch:1:sloid:3000,Zürich HB,ch:1:sloid:3000:500:32,2026-10-06,ch:1:sjyid:100001:18819-001,rail,S-Bahn,S8,S8,18819,Winterthur,Wädenswil,32,,2026-10-06 03:37:00+00:00,2026-10-06 03:37:36+00:00,,True,0.6,2026-10-06 04:29:31.965000+02:00,2026-10-06 05:37:00+02:00,2026-10-06 05:37:36+02:00,2026-10-06,5,Tuesday,False,67.46724999999999
20261006_022931,2026-10-06 02:29:31.965000+00:00,Zürich,rail,ch:1:sloid:3000,Zürich HB,ch:1:sloid:3000:502:42,2026-10-06,ch:1:sjyid:100001:18518-001,rail,S-Bahn,S5,S5,18518,Zürich HB,Zug,41/42,,2026-10-06 03:39:00+00:00,2026-10-06 03:39:18+00:00,,True,0.3,2026-10-06 04:29:31.965000+02:00,2026-10-06 05:39:00+02:00,2026-10-06 05:39:18+02:00,2026-10-06,5,Tuesday,False,69.46724999999999
20261006_022931,2026-10-06 02:29:31.965000+00:00,Zürich,rail,ch:1:sloid:3000,Zürich HB,ch:1:sloid:3000:10:18,2026-10-06,ch:1:sjyid:100001:19040-001,rail,S-Bahn,S42,S42,19040,Zürich HB,Muri AG,18,,2026-10-06 03:40:00+00:00,2026-10-06 03:40:30+00:00,,True,0.5,2026-10-06 04:29:31.965000+02:00,2026-10-06 05:40:00+02:00,2026-10-06 05:40:30+02:00,2026-10-06,5,Tuesday,False,70.46724999999999
20261006_022931,2026-10-06 02:29:32.874000+00:00,Bern,rail,ch:1:sloid:7000,Bern,ch:1:sloid:7000:5:10,2026-10-06,ch:1:sjyid:100061:2353-003,rail,Aare Linth,IR35,IR35,2353,Bern,Chur,10,,2026-10-06 02:38:00+00:00,2026-10-06 02:38:00+00:00,,True,0.0,2026-10-06 04:29:32.874000+02:00,2026-10-06 04:38:00+02:00,2026-10-06 04:38:00+02:00,2026-10-06,4,Tuesday,False,8.4521
20261006_022931,2026-10-06 02:29:32.874000+00:00,Bern,rail,ch:1:sloid:7000,Bern,ch:1:sloid:7000_gen:ch:1:sloid:7000:6:12_pf:12A-C,2026-10-06,ch:1:sjyid:100015:15317-001,rail,S-Bahn,S3,S3,15317,Bern,Biel/Bienne,12A-C,,2026-10-06 03:00:00+00:00,2026-10-06 03:00:30+00:00,,True,0.5,2026-10-06 04:29:32.874000+02:00,2026-10-06 05:00:00+02:00,2026-10-06 05:00:30+02:00,2026-10-06,5,Tuesday,False,30.452099999999998
20261006_022931,2026-10-06 02:29:32.874000+00:00,Bern,rail,ch:1:sloid:7000,Bern,ch:1:sloid:7000_gen:ch:1:sloid:7000:6:33_pf:13A-C,2026-10-06,ch:1:sjyid:100015:16412-001,rail,S-Bahn,S44,S44,16412,Bern,Thun,13A-C,,2026-10-06 03:02:00+00:00,2026-10-06 03:02:12+00:00,,True,0.2,2026-10-06 04:29:32.874000+02:00,2026-10-06 05:02:00+02:00,2026-10-06 05:02:12+02:00,2026-10-06,5,Tuesday,False,32.4521
20261006_022931,2026-10-06 02:29:32.874000+00:00,Bern,rail,ch:1:sloid:7000,Bern,ch:1:sloid:7000:4:8,2026-10-06,ch:1:sjyid:100001:2504-002,rail,InterRegio,IR15,IR15,2504,Bern,Genève-Aéroport,8,,2026-10-06 03:04:00+00:00,2026-10-06 03:04:36+00:00,,True,0.6,2026-10-06 04:29:32.874000+02:00,2026-10-06 05:04:00+02:00,2026-10-06 05:04:36+02:00,2026-10-06,5,Tuesday,False,34.4521
20261006_022931,2026-10-06 02:29:32.874000+00:00,Bern,rail,ch:1:sloid:7000,Bern,ch:1:sloid:7000:6:32,2026-10-06,ch:1:sjyid:100015:15514-001,rail,S-Bahn,S5,S5,15514,Bern,Neuchâtel,12D-F,,2026-10-06 03:04:00+00:00,2026-10-06 03:04:12+00:00,,True,0.2,2026-10-06 04:29:32.874000+02:00,2026-10-06 05:04:00+02:00,2026-10-06 05:04:12+02:00,2026-10-06,5,Tuesday,False,34.4521
20261006_022931,2026-10-06 02:29:32.874000+00:00,Bern,rail,ch:1:sloid:7000,Bern,ch:1:sloid:7000:55:49,2026-10-06,ch:1:sjyid:100015:15114-001,rail,S-Bahn,S1,S1,15114,Bern,Fribourg/Freiburg,49,,2026-10-06 03:10:00+00:00,2026-10-06 03:10:12+00:00,,True,0.2,2026-10-06 04:29:32.874000+02:00,2026-10-06 05:10:00+02:00,2026-10-06 05:10:12+02:00,2026-10-06,5,Tuesday,False,40.4521
20261006_022931,2026-10-06 02:29:32.874000+00:00,Bern,rail,ch:1:sloid:7000,Bern,ch:1:sloid:7000:500:21,2026-10-06,ch:1:sjyid:100066:SKI-8051,rail,S-Bahn,S8,S8,8051,Bern,Solothurn,21,,2026-10-06 03:11:00+00:00,2026-10-06 03:11:00+00:00,,True,0.0,2026-10-06 04:29:32.874000+02:00,2026-10-06 05:11:00+02:00,2026-10-06 05:11:00+02:00,2026-10-06,5,Tuesday,False,41.4521
20261006_022931,2026-10-06 02:29:32.874000+00:00,Bern,rail,ch:1:sloid:7000,Bern,ch:1:sloid:7000:55:50,2026-10-06,ch:1:sjyid:100015:15415-001,rail,S-Bahn,S4,S4,15415,Bern,Langnau i.E.,50,,2026-10-06 03:20:00+00:00,2026-10-06 03:20:12+00:00,,True,0.2,2026-10-06 04:29:32.874000+02:00,2026-10-06 05:20:00+02:00,2026-10-06 05:20:12+02:00,2026-10-06,5,Tuesday,False,50.4521
20261006_022931,2026-10-06 02:29:32.874000+00:00,Bern,rail,ch:1:sloid:7000,Bern,ch:1:sloid:7000:4:7,2026-10-06,ch:1:sjyid:100001:703-001,rail,InterCity,IC1,IC1,703,Bern,St. Gallen,7,,2026-10-06 03:29:00+00:00,2026-10-06 03:29:30+00:00,,True,0.5,2026-10-06 04:29:32.874000+02:00,2026-10-06 05:29:00+02:00,2026-10-06 05:29:30+02:00,2026-10-06,5,Tuesday,False,59.4521
20261006_022931,2026-10-06 02:29:32.874000+00:00,Bern,rail,ch:1:sloid:7000,Bern,ch:1:sloid:7000_gen:ch:1:sloid:7000:6:12_pf:12A-C,2026-10-06,ch:1:sjyid:100015:15319-001,rail,S-Bahn,S3,S3,15319,Bern,Biel/Bienne,12A-C,,2026-10-06 03:30:00+00:00,2026-10-06 03:30:30+00:00,,True,0.5,2026-10-06 04:29:32.874000+02:00,2026-10-06 05:30:00+02:00,2026-10-06 05:30:30+02:00,2026-10-06,5,Tuesday,False,60.4521
20261006_022931,2026-10-06 02:29:32.874000+00:00,Bern,rail,ch:1:sloid:7000,Bern,ch:1:sloid:7000_gen:ch:1:sloid:7000:3:5_pf:5A-C,2026-10-06,ch:1:sjyid:100015:15414-001,rail,S-Bahn,S4,S4,15414,Hasle-Rüegsau,Thun,5,5A-C,2026-10-06 03:32:00+00:00,2026-10-06 03:32:12+00:00,,True,0.2,2026-10-06 04:29:32.874000+02:00,2026-10-06 05:32:00+02:00,2026-10-06 05:32:12+02:00,2026-10-06,5,Tuesday,False,62.4521
20261006_022931,2026-10-06 02:29:32.874000+00:00,Bern,rail,ch:1:sloid:7000,Bern,ch:1:sloid:7000:3:6,2026-10-06,ch:1:sjyid:100001:702-001,rail,InterCity,IC1,IC1,702,Bern,Genève-Aéroport,6,,2026-10-06 03:34:00+00:00,2026-10-06 03:34:36+00:00,,True,0.6,2026-10-06 04:29:32.874000+02:00,2026-10-06 05:34:00+02:00,2026-10-06 05:34:36+02:00,2026-10-06,5,Tuesday,False,64.4521
20261006_022931,2026-10-06 02:29:32.874000+00:00,Bern,rail,ch:1:sloid:7000,Bern,ch:1:sloid:7000_gen:ch:1:sloid:7000:6:33_pf:13D-F,2026-10-06,ch:1:sjyid:100015:16218-001,rail,S-Bahn,S52,S52,16218,Bern,Ins/Payerne,13D-F,,2026-10-06 03:34:00+00:00,2026-10-06 03:34:12+00:00,,True,0.2,2026-10-06 04:29:32.874000+02:00,2026-10-06 05:34:00+02:00,2026-10-06 05:34:12+02:00,2026-10-06,5,Tuesday,False,64.4521
20261006_022931,2026-10-06 02:29:32.874000+00:00,Bern,rail,ch:1:sloid:7000,Bern,ch:1:sloid:7000:6:32,2026-10-06,ch:1:sjyid:100015:15618-001,rail,S-Bahn,S6,S6,15618,Bern,Schwarzenburg,12D-F,,2026-10-06 03:36:00+00:00,2026-10-06 03:36:12+00:00,,True,0.2,2026-10-06 04:29:32.874000+02:00,2026-10-06 05:36:00+02:00,2026-10-06 05:36:12+02:00,2026-10-06,5,Tuesday,False,66.4521
20261006_022931,2026-10-06 02:29:32.874000+00:00,Bern,rail,ch:1:sloid:7000,Bern,ch:1:sloid:7000:4:7,2026-10-06,ch:1:sjyid:100015:4357-001,rail,RegioExpress,RE7,RE7,4357,Bern,Luzern,7,,2026-10-06 03:36:00+00:00,2026-10-06 03:37:00+00:00,,True,1.0,2026-10-06 04:29:32.874000+02:00,2026-10-06 05:36:00+02:00,2026-10-06 05:37:00+02:00,2026-10-06,5,Tuesday,False,66.4521
20261006_022931,2026-10-06 02:29:32.874000+00:00,Bern,rail,ch:1:sloid:7000,Bern,ch:1:sloid:7000:5:9,2026-10-06,ch:1:sjyid:100001:2357-002,rail,InterRegio,IR35,IR35,2357,Bern,Zürich HB,9,,2026-10-06 03:38:00+00:00,2026-10-06 03:38:30+00:00,,True,0.5,2026-10-06 04:29:32.874000+02:00,2026-10-06 05:38:00+02:00,2026-10-06 05:38:30+02:00,2026-10-06,5,Tuesday,False,68.4521
20261006_022931,2026-10-06 02:29:32.874000+00:00,Bern,rail,ch:1:sloid:7000,Bern,ch:1:sloid:7000:500:22,2026-10-06,ch:1:sjyid:100066:SKI-8055,rail,S-Bahn,S8,S8,8055,Bern,Bätterkinden,22,,2026-10-06 03:39:00+00:00,2026-10-06 03:39:00+00:00,,True,0.0,2026-10-06 04:29:32.874000+02:00,2026-10-06 05:39:00+02:00,2026-10-06 05:39:00+02:00,2026-10-06,5,Tuesday,False,69.4521
20261006_022931,2026-10-06 02:29:32.874000+00:00,Bern,rail,ch:1:sloid:7000,Bern,ch:1:sloid:7000:55:50,2026-10-06,ch:1:sjyid:100015:15219-001,rail,S-Bahn,S2,S2,15219,Bern,Langnau i.E.,50,,2026-10-06 03:42:00+00:00,2026-10-06 03:42:12+00:00,,True,0.2,2026-10-06 04:29:32.874000+02:00,2026-10-06 05:42:00+02:00,2026-10-06 05:42:12+02:00,2026-10-06,5,Tuesday,False,72.4521
20261006_022931,2026-10-06 02:29:32.874000+00:00,Bern,rail,ch:1:sloid:7000,Bern,ch:1:sloid:7000_gen:ch:1:sloid:7000:0:1752_pf:5E-H,2026-10-06,ch:1:sjyid:100015:15116-001,rail,S-Bahn,S1,S1,15116,Thun,Fribourg/Freiburg,5E-H,,2026-10-06 03:45:00+00:00,2026-10-06 03:45:12+00:00,,True,0.2,2026-10-06 04:29:32.874000+02:00,2026-10-06 05:45:00+02:00,2026-10-06 05:45:12+02:00,2026-10-06,5,Tuesday,False,75.4521
20261006_022931,2026-10-06 02:29:32.874000+00:00,Bern,rail,ch:1:sloid:7000,Bern,ch:1:sloid:7000:501:24,2026-10-06,ch:1:sjyid:100066:SKI-7057,rail,S-Bahn,S7,S7,7057,Bern,Worb Dorf,24,,2026-10-06 03:45:00+00:00,2026-10-06 03:45:00+00:00,,True,0.0,2026-10-06 04:29:32.874000+02:00,2026-10-06 05:45:00+02:00,2026-10-06 05:45:00+02:00,2026-10-06,5,Tuesday,False,75.4521
20261006_022931,2026-10-06 02:29:32.874000+00:00,Bern,rail,ch:1:sloid:7000,Bern,ch:1:sloid:7000:500:22,2026-10-06,ch:1:sjyid:100066:SKI-9057,rail,S-Bahn,S9,S9,9057,Bern,Unterzollikofen,22,,2026-10-06 03:46:00+00:00,2026-10-06 03:46:00+00:00,,True,0.0,2026-10-06 04:29:32.874000+02:00,2026-10-06 05:46:00+02:00,2026-10-06 05:46:00+02:00,2026-10-06,5,Tuesday,False,76.4521
20261006_022931,2026-10-06 02:29:32.874000+00:00,Bern,rail,ch:1:sloid:7000,Bern,ch:1:sloid:7000:5:9,2026-10-06,ch:1:sjyid:100015:15117-001,rail,S-Bahn,S1,S1,15117,Fribourg/Freiburg,Thun,9,,2026-10-06 03:47:00+00:00,2026-10-06 03:47:30+00:00,,True,0.5,2026-10-06 04:29:32.874000+02:00,2026-10-06 05:47:00+02:00,2026-10-06 05:47:30+02:00,2026-10-06,5,Tuesday,False,77.4521
20261006_022931,2026-10-06 02:29:32.874000+00:00,Bern,rail,ch:1:sloid:7000,Bern,ch:1:sloid:7000:3:6,2026-10-06,ch:1:sjyid:100015:15218-001,rail,S-Bahn,S2,S2,15218,Langnau i.E.,Laupen BE,6,,2026-10-06 03:50:00+00:00,2026-10-06 03:50:18+00:00,,True,0.3,2026-10-06 04:29:32.874000+02:00,2026-10-06 05:50:00+02:00,2026-10-06 05:50:18+02:00,2026-10-06,5,Tuesday,False,80.4521
20261006_022931,2026-10-06 02:29:32.874000+00:00,Bern,rail,ch:1:sloid:7000,Bern,ch:1:sloid:7000:500:21,2026-10-06,ch:1:sjyid:100066:SKI-1057,rail,RegioExpress,RE5,RE5,1057,Bern,Solothurn,21,,2026-10-06 03:50:00+00:00,2026-10-06 03:50:00+00:00,,True,0.0,2026-10-06 04:29:32.874000+02:00,2026-10-06 05:50:00+02:00,2026-10-06 05:50:00+02:00,2026-10-06,5,Tuesday,False,80.4521
20261006_022931,2026-10-06 02:29:32.874000+00:00,Bern,rail,ch:1:sloid:7000,Bern,ch:1:sloid:7000_gen:ch:1:sloid:7000:6:12_pf:12A-C,2026-10-06,ch:1:sjyid:100015:16417-001,rail,S-Bahn,S44,S44,16417,Thun,Solothurn,12A-C,,2026-10-06 03:50:00+00:00,2026-10-06 03:50:12+00:00,,True,0.2,2026-10-06 04:29:32.874000+02:00,2026-10-06 05:50:00+02:00,2026-10-06 05:50:12+02:00,2026-10-06,5,Tuesday,False,80.4521
20261006_022931,2026-10-06 02:29:32.874000+00:00,Bern,rail,ch:1:sloid:7000,Bern,ch:1:sloid:7000:4:7,2026-10-06,ch:1:sjyid:100015:3208-001,rail,InterRegio,IR66,IR66,3208,Bern,La Chaux-de-Fonds,7,,2026-10-06 03:53:00+00:00,2026-10-06 03:53:12+00:00,,True,0.2,2026-10-06 04:29:32.874000+02:00,2026-10-06 05:53:00+02:00,2026-10-06 05:53:12+02:00,2026-10-06,5,Tuesday,False,83.4521
20261006_022931,2026-10-06 02:29:32.874000+00:00,Bern,rail,ch:1:sloid:7000,Bern,ch:1:sloid:7000:501:23,2026-10-06,ch:1:sjyid:100066:SKI-8057,rail,S-Bahn,S8,S8,8057,Bern,Jegenstorf,23,,2026-10-06 03:54:00+00:00,2026-10-06 03:54:00+00:00,,True,0.0,2026-10-06 04:29:32.874000+02:00,2026-10-06 05:54:00+02:00,2026-10-06 05:54:00+02:00,2026-10-06,5,Tuesday,False,84.4521
20261006_022931,2026-10-06 02:29:32.874000+00:00,Bern,rail,ch:1:sloid:7000,Bern,ch:1:sloid:7000:5:10,2026-10-06,ch:1:sjyid:100001:2505-001,rail,InterRegio,IR15,IR15,2505,Fribourg/Freiburg,Luzern,10,,2026-10-06 04:00:00+00:00,2026-10-06 04:00:36+00:00,,True,0.6,2026-10-06 04:29:32.874000+02:00,2026-10-06 06:00:00+02:00,2026-10-06 06:00:36+02:00,2026-10-06,6,Tuesday,False,90.4521
20261006_022931,2026-10-06 02:29:32.874000+00:00,Bern,rail,ch:1:sloid:7000,Bern,ch:1:sloid:7000:501:24,2026-10-06,ch:1:sjyid:100066:SKI-7061,rail,S-Bahn,S7,S7,7061,Bern,Worb Dorf,24,,2026-10-06 04:00:00+00:00,2026-10-06 04:00:00+00:00,,True,0.0,2026-10-06 04:29:32.874000+02:00,2026-10-06 06:00:00+02:00,2026-10-06 06:00:00+02:00,2026-10-06,6,Tuesday,False,90.4521
20261006_022931,2026-10-06 02:29:32.874000+00:00,Bern,rail,ch:1:sloid:7000,Bern,ch:1:sloid:7000_gen:ch:1:sloid:7000:6:12_pf:12A-C,2026-10-06,ch:1:sjyid:100015:15321-001,rail,S-Bahn,S3,S3,15321,Bern,Biel/Bienne,12A-C,,2026-10-06 04:00:00+00:00,2026-10-06 04:00:30+00:00,,True,0.5,2026-10-06 04:29:32.874000+02:00,2026-10-06 06:00:00+02:00,2026-10-06 06:00:30+02:00,2026-10-06,6,Tuesday,False,90.4521
20261006_022931,2026-10-06 02:29:33.442000+00:00,Basel,rail,ch:1:sloid:10,Basel SBB,ch:1:sloid:10:3:5,2026-10-06,ch:1:sjyid:100001:2055-001,rail,InterRegio,IR36,IR36,2055,Basel SBB,Zürich Flughafen,5,,2026-10-06 02:36:00+00:00,2026-10-06 02:36:42+00:00,,True,0.7,2026-10-06 04:29:33.442000+02:00,2026-10-06 04:36:00+02:00,2026-10-06 04:36:42+02:00,2026-10-06,4,Tuesday,False,6.442633333333333
20261006_022931,2026-10-06 02:29:33.442000+00:00,Basel,rail,ch:1:sloid:10,Basel SBB,ch:1:sloid:10_gen:ch:1:sloid:10:7:15_pf:15AB,2026-10-06,ch:1:sjyid:100001:17313-001,rail,S-Bahn,S3,S3,17313,Basel SBB,Olten,15AB,,2026-10-06 02:38:00+00:00,2026-10-06 02:38:12+00:00,,True,0.2,2026-10-06 04:29:33.442000+02:00,2026-10-06 04:38:00+02:00,2026-10-06 04:38:12+02:00,2026-10-06,4,Tuesday,False,8.442633333333333
20261006_022931,2026-10-06 02:29:33.442000+00:00,Basel,rail,ch:1:sloid:10,Basel SBB,ch:1:sloid:10:8:16,2026-10-06,ch:1:sjyid:100001:17312-001,rail,S-Bahn,S3,S3,17312,Basel SBB,Delémont,16,,2026-10-06 02:40:00+00:00,2026-10-06 02:40:12+00:00,,True,0.2,2026-10-06 04:29:33.442000+02:00,2026-10-06 04:40:00+02:00,2026-10-06 04:40:12+02:00,2026-10-06,4,Tuesday,False,10.442633333333333
20261006_022931,2026-10-06 02:29:33.442000+00:00,Basel,rail,ch:1:sloid:10,Basel SBB,ch:1:sloid:10:5:10,2026-10-06,ch:1:sjyid:100001:76-003,rail,InterCityExpress,ICE,ICE,76,Basel SBB,Hamburg Hbf,10,,2026-10-06 02:46:00+00:00,2026-10-06 02:46:42+00:00,,True,0.7,2026-10-06 04:29:33.442000+02:00,2026-10-06 04:46:00+02:00,2026-10-06 04:46:42+02:00,2026-10-06,4,Tuesday,False,16.442633333333333
20261006_022931,2026-10-06 02:29:33.442000+00:00,Basel,rail,ch:1:sloid:10,Basel SBB,ch:1:sloid:10:7:14,2026-10-06,ch:1:sjyid:100001:17215-001,rail,S-Bahn,S1,S1,17215,Basel SBB,Laufenburg,14,,2026-10-06 02:56:00+00:00,2026-10-06 02:56:30+00:00,,True,0.5,2026-10-06 04:29:33.442000+02:00,2026-10-06 04:56:00+02:00,2026-10-06 04:56:30+02:00,2026-10-06,4,Tuesday,False,26.442633333333333
20261006_022931,2026-10-06 02:29:33.442000+00:00,Basel,rail,ch:1:sloid:10,Basel SBB,ch:1:sloid:10_gen:ch:1:sloid:10:1:2_pf:2A,2026-10-06,ch:1:sjyid:100308:87800-001,rail,S-Bahn,S6,S6,87800,Basel SBB,Zell (Wiesental),2A,,2026-10-06 03:01:00+00:00,2026-10-06 03:01:12+00:00,,True,0.2,2026-10-06 04:29:33.442000+02:00,2026-10-06 05:01:00+02:00,2026-10-06 05:01:12+02:00,2026-10-06,5,Tuesday,False,31.442633333333333
20261006_022931,2026-10-06 02:29:33.442000+00:00,Basel,rail,ch:1:sloid:10,Basel SBB,ch:1:sloid:10:3:6,2026-10-06,ch:1:sjyid:100001:659-002,rail,InterCity,IC21,IC21,659,Basel SBB,Lugano,4,6,2026-10-06 03:02:00+00:00,2026-10-06 03:02:42+00:00,,True,0.7,2026-10-06 04:29:33.442000+02:00,2026-10-06 05:02:00+02:00,2026-10-06 05:02:42+02:00,2026-10-06,5,Tuesday,False,32.44263333333333
20261006_022931,2026-10-06 02:29:33.442000+00:00,Basel,rail,ch:1:sloid:10,Basel SBB,ch:1:sloid:10:6:11,2026-10-06,ch:1:sjyid:100001:1957-001,rail,InterRegio,IR36,IR36,1957,Basel SBB,Zürich HB,11,12,2026-10-06 03:07:00+00:00,2026-10-06 03:07:42+00:00,,True,0.7,2026-10-06 04:29:33.442000+02:00,2026-10-06 05:07:00+02:00,2026-10-06 05:07:42+02:00,2026-10-06,5,Tuesday,False,37.44263333333333
20261006_022931,2026-10-06 02:29:33.442000+00:00,Basel,rail,ch:1:sloid:10,Basel SBB,ch:1:sloid:10:5:9,2026-10-06,ch:1:sjyid:100001:204-001,rail,InterCityExpress,ICE,ICE,204,Basel SBB,Hamburg-Altona,9,,2026-10-06 03:16:00+00:00,2026-10-06 03:16:42+00:00,,True,0.7,2026-10-06 04:29:33.442000+02:00,2026-10-06 05:16:00+02:00,2026-10-06 05:16:42+02:00,2026-10-06,5,Tuesday,False,46.44263333333333
20261006_022931,2026-10-06 02:29:33.442000+00:00,Basel,rail,ch:1:sloid:10,Basel SBB,ch:1:sloid:10:6:11,2026-10-06,ch:1:sjyid:100001:17117-001,rail,S-Bahn,S1,S1,17117,Basel SBB,Frick,12,11,2026-10-06 03:19:00+00:00,2026-10-06 03:19:12+00:00,,True,0.2,2026-10-06 04:29:33.442000+02:00,2026-10-06 05:19:00+02:00,2026-10-06 05:19:12+02:00,2026-10-06,5,Tuesday,False,49.44263333333333
20261006_022931,2026-10-06 02:29:33.442000+00:00,Basel,rail,ch:1:sloid:10,Basel SBB,ch:1:sloid:10:22:33,2026-10-06,ch:1:sjyid:100001:96200-001,rail,Train Express Regional,TER,TER,96200,Basel SBB,Strasbourg,33,,2026-10-06 03:21:00+00:00,2026-10-06 03:21:30+00:00,,True,0.5,2026-10-06 04:29:33.442000+02:00,2026-10-06 05:21:00+02:00,2026-10-06 05:21:30+02:00,2026-10-06,5,Tuesday,False,51.44263333333333
20261006_022931,2026-10-06 02:29:33.442000+00:00,Basel,rail,ch:1:sloid:10,Basel SBB,ch:1:sloid:10:4:8,2026-10-06,ch:1:sjyid:100001:607-002,rail,InterCity,IC61,IC61,607,Basel SBB,Interlaken Ost,8,,2026-10-06 03:24:00+00:00,2026-10-06 03:24:42+00:00,,True,0.7,2026-10-06 04:29:33.442000+02:00,2026-10-06 05:24:00+02:00,2026-10-06 05:24:42+02:00,2026-10-06,5,Tuesday,False,54.44263333333333
20261006_022931,2026-10-06 02:29:33.442000+00:00,Basel,rail,ch:1:sloid:10,Basel SBB,ch:1:sloid:10:0:19,2026-10-06,ch:1:sjyid:100001:17315-001,rail,S-Bahn,S3,S3,17315,Delémont,Olten,19,,2026-10-06 03:30:00+00:00,2026-10-06 03:30:12+00:00,,True,0.2,2026-10-06 04:29:33.442000+02:00,2026-10-06 05:30:00+02:00,2026-10-06 05:30:12+02:00,2026-10-06,5,Tuesday,False,60.44263333333333
20261006_022931,2026-10-06 02:29:33.442000+00:00,Basel,rail,ch:1:sloid:10,Basel SBB,ch:1:sloid:10:5:10,2026-10-06,ch:1:sjyid:100001:551-001,rail,InterCity,IC3,IC3,551,Basel SBB,Zürich HB,10,,2026-10-06 03:33:00+00:00,2026-10-06 03:33:48+00:00,,True,0.8,2026-10-06 04:29:33.442000+02:00,2026-10-06 05:33:00+02:00,2026-10-06 05:33:48+02:00,2026-10-06,5,Tuesday,False,63.44263333333333
20261006_022931,2026-10-06 02:29:33.442000+00:00,Basel,rail,ch:1:sloid:10,Basel SBB,ch:1:sloid:10:1:2,2026-10-06,ch:1:sjyid:100308:87802-001,rail,S-Bahn,S6,S6,87802,Basel SBB,Zell (Wiesental),2,,2026-10-06 03:35:00+00:00,2026-10-06 03:35:12+00:00,,True,0.2,2026-10-06 04:29:33.442000+02:00,2026-10-06 05:35:00+02:00,2026-10-06 05:35:12+02:00,2026-10-06,5,Tuesday,False,65.44263333333333
20261006_022931,2026-10-06 02:29:33.442000+00:00,Basel,rail,ch:1:sloid:10,Basel SBB,ch:1:sloid:10:3:5,2026-10-06,ch:1:sjyid:100001:2057-001,rail,InterRegio,IR36,IR36,2057,Basel SBB,Zürich Flughafen,5,,2026-10-06 03:36:00+00:00,2026-10-06 03:36:42+00:00,,True,0.7,2026-10-06 04:29:33.442000+02:00,2026-10-06 05:36:00+02:00,2026-10-06 05:36:42+02:00,2026-10-06,5,Tuesday,False,66.44263333333333
20261006_022931,2026-10-06 02:29:33.442000+00:00,Basel,rail,ch:1:sloid:10,Basel SBB,ch:1:sloid:10:21:30,2026-10-06,ch:1:sjyid:100001:96202-001,rail,Train Express Regional,TER,TER,96202,Basel SBB,Strasbourg,30,,2026-10-06 03:36:00+00:00,2026-10-06 03:36:30+00:00,,True,0.5,2026-10-06 04:29:33.442000+02:00,2026-10-06 05:36:00+02:00,2026-10-06 05:36:30+02:00,2026-10-06,5,Tuesday,False,66.44263333333333
20261006_022931,2026-10-06 02:29:33.442000+00:00,Basel,rail,ch:1:sloid:10,Basel SBB,ch:1:sloid:10:8:16,2026-10-06,ch:1:sjyid:100001:17314-001,rail,S-Bahn,S3,S3,17314,Olten,Laufen,16,,2026-10-06 03:38:00+00:00,2026-10-06 03:38:12+00:00,,True,0.2,2026-10-06 04:29:33.442000+02:00,2026-10-06 05:38:00+02:00,2026-10-06 05:38:12+02:00,2026-10-06,5,Tuesday,False,68.44263333333333
20261006_022931,2026-10-06 02:29:33.442000+00:00,Basel,rail,ch:1:sloid:10,Basel SBB,ch:1:sloid:10:3:6,2026-10-06,ch:1:sjyid:100001:2257-001,rail,InterRegio,IR37,IR37,2257,Basel SBB,Zürich HB,6,,2026-10-06 03:43:00+00:00,2026-10-06 03:43:48+00:00,,True,0.8,2026-10-06 04:29:33.442000+02:00,2026-10-06 05:43:00+02:00,2026-10-06 05:43:48+02:00,2026-10-06,5,Tuesday,False,73.44263333333333
20261006_022931,2026-10-06 02:29:33.442000+00:00,Basel,rail,ch:1:sloid:10,Basel SBB,ch:1:sloid:10:7:15,2026-10-06,ch:1:sjyid:100001:17517-002,rail,S-Bahn,S33,S33,17517,Basel SBB,Sissach,15,,2026-10-06 03:45:00+00:00,2026-10-06 03:45:30+00:00,,True,0.5,2026-10-06 04:29:33.442000+02:00,2026-10-06 05:45:00+02:00,2026-10-06 05:45:30+02:00,2026-10-06,5,Tuesday,False,75.44263333333333
20261006_022931,2026-10-06 02:29:33.442000+00:00,Basel,rail,ch:1:sloid:10,Basel SBB,ch:1:sloid:10:6:12,2026-10-06,ch:1:sjyid:100001:17119-001,rail,S-Bahn,S1,S1,17119,Basel SBB,Frick,12,,2026-10-06 03:49:00+00:00,2026-10-06 03:49:12+00:00,,True,0.2,2026-10-06 04:29:33.442000+02:00,2026-10-06 05:49:00+02:00,2026-10-06 05:49:12+02:00,2026-10-06,5,Tuesday,False,79.44263333333333
20261006_022931,2026-10-06 02:29:33.442000+00:00,Basel,rail,ch:1:sloid:10,Basel SBB,ch:1:sloid:10:2:4,2026-10-06,ch:1:sjyid:100001:267-001,rail,InterCityExpress,ICE,ICE,267,Basel SBB,Stuttgart Hbf,4,,2026-10-06 03:50:00+00:00,2026-10-06 03:50:42+00:00,,True,0.7,2026-10-06 04:29:33.442000+02:00,2026-10-06 05:50:00+02:00,2026-10-06 05:50:42+02:00,2026-10-06,5,Tuesday,False,80.44263333333333
20261006_022931,2026-10-06 02:29:33.442000+00:00,Basel,rail,ch:1:sloid:10,Basel SBB,ch:1:sloid:10:2:3,2026-10-06,ch:1:sjyid:100001:957-001,rail,InterCity,IC61,IC61,957,Basel SBB,Interlaken Ost,3,,2026-10-06 03:58:00+00:00,2026-10-06 03:58:42+00:00,,True,0.7,2026-10-06 04:29:33.442000+02:00,2026-10-06 05:58:00+02:00,2026-10-06 05:58:42+02:00,2026-10-06,5,Tuesday,False,88.44263333333333
20261006_022931,2026-10-06 02:29:33.442000+00:00,Basel,rail,ch:1:sloid:10,Basel SBB,ch:1:sloid:10:0:19,2026-10-06,ch:1:sjyid:100001:17317-001,rail,S-Bahn,S3,S3,17317,Delémont,Olten,19A-D,,2026-10-06 04:00:00+00:00,2026-10-06 04:00:12+00:00,,True,0.2,2026-10-06 04:29:33.442000+02:00,2026-10-06 06:00:00+02:00,2026-10-06 06:00:12+02:00,2026-10-06,6,Tuesday,False,90.44263333333333
20261006_022931,2026-10-06 02:29:33.442000+00:00,Basel,rail,ch:1:sloid:10,Basel SBB,ch:1:sloid:10:0:20,2026-10-06,ch:1:sjyid:100015:1854-001,rail,InterRegio,IR56,IR56,1854,Basel SBB,Biel/Bienne,20,,2026-10-06 04:02:00+00:00,2026-10-06 04:02:12+00:00,,True,0.2,2026-10-06 04:29:33.442000+02:00,2026-10-06 06:02:00+02:00,2026-10-06 06:02:12+02:00,2026-10-06,6,Tuesday,False,92.44263333333333
20261006_022931,2026-10-06 02:29:33.442000+00:00,Basel,rail,ch:1:sloid:10,Basel SBB,ch:1:sloid:10:3:6,2026-10-06,ch:1:sjyid:100061:2311-001,rail,Treno Gottardo,IR26,IR26,2311,Basel SBB,Locarno,6,,2026-10-06 04:04:00+00:00,2026-10-06 04:04:30+00:00,,True,0.5,2026-10-06 04:29:33.442000+02:00,2026-10-06 06:04:00+02:00,2026-10-06 06:04:30+02:00,2026-10-06,6,Tuesday,False,94.44263333333333
20261006_022931,2026-10-06 02:29:33.442000+00:00,Basel,rail,ch:1:sloid:10,Basel SBB,ch:1:sloid:10:1:2,2026-10-06,ch:1:sjyid:100308:87804-001,rail,S-Bahn,S6,S6,87804,Basel SBB,Zell (Wiesental),2,,2026-10-06 04:06:00+00:00,2026-10-06 04:06:12+00:00,,True,0.2,2026-10-06 04:29:33.442000+02:00,2026-10-06 06:06:00+02:00,2026-10-06 06:06:12+02:00,2026-10-06,6,Tuesday,False,96.44263333333333
20261006_022931,2026-10-06 02:29:33.442000+00:00,Basel,rail,ch:1:sloid:10,Basel SBB,ch:1:sloid:10:7:14,2026-10-06,ch:1:sjyid:100001:1959-001,rail,InterRegio,IR36,IR36,1959,Basel SBB,Zürich HB,14,,2026-10-06 04:07:00+00:00,2026-10-06 04:07:42+00:00,,True,0.7,2026-10-06 04:29:33.442000+02:00,2026-10-06 06:07:00+02:00,2026-10-06 06:07:42+02:00,2026-10-06,6,Tuesday,False,97.44263333333333
20261006_022931,2026-10-06 02:29:33.442000+00:00,Basel,rail,ch:1:sloid:10,Basel SBB,ch:1:sloid:10:5:9,2026-10-06,ch:1:sjyid:100001:1057-001,rail,InterCity,IC3,IC3,1057,Basel SBB,Zürich HB,9,,2026-10-06 04:07:00+00:00,2026-10-06 04:07:48+00:00,,True,0.8,2026-10-06 04:29:33.442000+02:00,2026-10-06 06:07:00+02:00,2026-10-06 06:07:48+02:00,2026-10-06,6,Tuesday,False,97.44263333333333
20261006_022931,2026-10-06 02:29:33.442000+00:00,Basel,rail,ch:1:sloid:10,Basel SBB,ch:1:sloid:10:22:35,2026-10-06,ch:1:sjyid:100001:96100-001,rail,Train Express Regional,TER,TER,96100,Basel SBB,Mulhouse,35,,2026-10-06 04:08:00+00:00,2026-10-06 04:08:18+00:00,,True,0.3,2026-10-06 04:29:33.442000+02:00,2026-10-06 06:08:00+02:00,2026-10-06 06:08:18+02:00,2026-10-06,6,Tuesday,False,98.44263333333333
20261006_022931,2026-10-06 02:29:34.363000+00:00,Luzern,rail,ch:1:sloid:5000,Luzern,ch:1:sloid:5000_gen:ch:1:sloid:5000:5:11_pf:11B-D,2026-10-06,ch:1:sjyid:100015:4356-001,rail,RegioExpress,RE7,RE7,4356,Luzern,Bern,11B-D,,2026-10-06 02:50:00+00:00,2026-10-06 02:50:24+00:00,,True,0.4,2026-10-06 04:29:34.363000+02:00,2026-10-06 04:50:00+02:00,2026-10-06 04:50:24+02:00,2026-10-06,4,Tuesday,False,20.42728333333333
20261006_022931,2026-10-06 02:29:34.363000+00:00,Luzern,rail,ch:1:sloid:5000,Luzern,ch:1:sloid:5000_gen:ch:1:sloid:5000:5:10_pf:10B-D,2026-10-06,ch:1:sjyid:100001:2562-001,rail,InterRegio,IR,IR,2562,Luzern,Sargans,10B-D,,2026-10-06 02:52:00+00:00,2026-10-06 02:52:30+00:00,,True,0.5,2026-10-06 04:29:34.363000+02:00,2026-10-06 04:52:00+02:00,2026-10-06 04:52:30+02:00,2026-10-06,4,Tuesday,False,22.42728333333333
20261006_022931,2026-10-06 02:29:34.363000+00:00,Luzern,rail,ch:1:sloid:5000,Luzern,ch:1:sloid:5000:4:9,2026-10-06,ch:1:sjyid:100061:2304-001,rail,InterRegio,IR26,IR26,2304,Luzern,Basel SBB,9,,2026-10-06 02:54:00+00:00,2026-10-06 02:54:30+00:00,,True,0.5,2026-10-06 04:29:34.363000+02:00,2026-10-06 04:54:00+02:00,2026-10-06 04:54:30+02:00,2026-10-06,4,Tuesday,False,24.42728333333333
20261006_022931,2026-10-06 02:29:34.363000+00:00,Luzern,rail,ch:1:sloid:5000,Luzern,ch:1:sloid:5000:3:6,2026-10-06,ch:1:sjyid:100001:4706-001,rail,RegioExpress,RE24,RE24,4706,Luzern,Olten,6,,2026-10-06 02:58:00+00:00,2026-10-06 02:58:12+00:00,,True,0.2,2026-10-06 04:29:34.363000+02:00,2026-10-06 04:58:00+02:00,2026-10-06 04:58:12+02:00,2026-10-06,4,Tuesday,False,28.42728333333333
20261006_022931,2026-10-06 02:29:34.363000+00:00,Luzern,rail,ch:1:sloid:5000,Luzern,ch:1:sloid:5000:5:11,2026-10-06,ch:1:sjyid:100001:21914-001,rail,S-Bahn,S9,S9,21914,Luzern,Lenzburg,11,,2026-10-06 03:02:00+00:00,2026-10-06 03:02:30+00:00,,True,0.5,2026-10-06 04:29:34.363000+02:00,2026-10-06 05:02:00+02:00,2026-10-06 05:02:30+02:00,2026-10-06,5,Tuesday,False,32.427283333333335
20261006_022931,2026-10-06 02:29:34.363000+00:00,Luzern,rail,ch:1:sloid:5000,Luzern,ch:1:sloid:5000:7:15,2026-10-06,ch:1:sjyid:100064:2956-002,rail,InterRegio,IRLEX,IRLEX,2956,Luzern,Stansstad,15,,2026-10-06 03:04:00+00:00,2026-10-06 03:04:12+00:00,,True,0.2,2026-10-06 04:29:34.363000+02:00,2026-10-06 05:04:00+02:00,2026-10-06 05:04:12+02:00,2026-10-06,5,Tuesday,False,34.427283333333335
20261006_022931,2026-10-06 02:29:34.363000+00:00,Luzern,rail,ch:1:sloid:5000,Luzern,ch:1:sloid:5000:3:6,2026-10-06,ch:1:sjyid:100001:21109-001,rail,S-Bahn,S1,S1,21109,Luzern,Sursee,6,,2026-10-06 03:14:00+00:00,2026-10-06 03:14:12+00:00,,True,0.2,2026-10-06 04:29:34.363000+02:00,2026-10-06 05:14:00+02:00,2026-10-06 05:14:12+02:00,2026-10-06,5,Tuesday,False,44.427283333333335
20261006_022931,2026-10-06 02:29:34.363000+00:00,Luzern,rail,ch:1:sloid:5000,Luzern,ch:1:sloid:5000_gen:ch:1:sloid:5000:5:10_pf:10B-D,2026-10-06,ch:1:sjyid:100015:21616-001,rail,S-Bahn,S6,S6,21616,Luzern,Wolhusen,10B-D,,2026-10-06 03:16:00+00:00,2026-10-06 03:16:12+00:00,,True,0.2,2026-10-06 04:29:34.363000+02:00,2026-10-06 05:16:00+02:00,2026-10-06 05:16:12+02:00,2026-10-06,5,Tuesday,False,46.427283333333335
20261006_022931,2026-10-06 02:29:34.363000+00:00,Luzern,rail,ch:1:sloid:5000,Luzern,ch:1:sloid:5000:4:9,2026-10-06,ch:1:sjyid:100001:21108-001,rail,S-Bahn,S1,S1,21108,Sursee,Baar,9,,2026-10-06 03:21:00+00:00,2026-10-06 03:21:12+00:00,,True,0.2,2026-10-06 04:29:34.363000+02:00,2026-10-06 05:21:00+02:00,2026-10-06 05:21:12+02:00,2026-10-06,5,Tuesday,False,51.427283333333335
20261006_022931,2026-10-06 02:29:34.363000+00:00,Luzern,rail,ch:1:sloid:5000,Luzern,ch:1:sloid:5000_gen:ch:1:sloid:5000:6:13_pf:13B,2026-10-06,ch:1:sjyid:100064:22518-001,rail,S-Bahn,S55,S55,22518,Luzern,Sachseln,13B,,2026-10-06 03:24:00+00:00,2026-10-06 03:24:06+00:00,,True,0.1,2026-10-06 04:29:34.363000+02:00,2026-10-06 05:24:00+02:00,2026-10-06 05:24:06+02:00,2026-10-06,5,Tuesday,False,54.427283333333335
20261006_022931,2026-10-06 02:29:34.363000+00:00,Luzern,rail,ch:1:sloid:5000,Luzern,ch:1:sloid:5000_gen:ch:1:sloid:5000:7:14_pf:14B,2026-10-06,ch:1:sjyid:100064:21418-001,rail,S-Bahn,S4,S4,21418,Luzern,Stansstad,14B,,2026-10-06 03:27:00+00:00,2026-10-06 03:27:12+00:00,,True,0.2,2026-10-06 04:29:34.363000+02:00,2026-10-06 05:27:00+02:00,2026-10-06 05:27:12+02:00,2026-10-06,5,Tuesday,False,57.427283333333335
20261006_022931,2026-10-06 02:29:34.363000+00:00,Luzern,rail,ch:1:sloid:5000,Luzern,ch:1:sloid:5000:1:3,2026-10-06,ch:1:sjyid:100001:2456-001,rail,InterRegio,IR27,IR27,2456,Luzern,Basel SBB,7,3,2026-10-06 03:30:00+00:00,2026-10-06 03:30:36+00:00,,True,0.6,2026-10-06 04:29:34.363000+02:00,2026-10-06 05:30:00+02:00,2026-10-06 05:30:36+02:00,2026-10-06,5,Tuesday,False,60.427283333333335
20261006_022931,2026-10-06 02:29:34.363000+00:00,Luzern,rail,ch:1:sloid:5000,Luzern,ch:1:sloid:5000:5:11,2026-10-06,ch:1:sjyid:100001:21918-001,rail,S-Bahn,S9,S9,21918,Luzern,Lenzburg,11,,2026-10-06 03:32:00+00:00,2026-10-06 03:32:30+00:00,,True,0.5,2026-10-06 04:29:34.363000+02:00,2026-10-06 05:32:00+02:00,2026-10-06 05:32:30+02:00,2026-10-06,5,Tuesday,False,62.427283333333335
20261006_022931,2026-10-06 02:29:34.363000+00:00,Luzern,rail,ch:1:sloid:5000,Luzern,ch:1:sloid:5000:2:5,2026-10-06,ch:1:sjyid:100001:2107-001,rail,InterRegio,IR75,IR75,2107,Luzern,Konstanz,5,,2026-10-06 03:35:00+00:00,2026-10-06 03:35:30+00:00,,True,0.5,2026-10-06 04:29:34.363000+02:00,2026-10-06 05:35:00+02:00,2026-10-06 05:35:30+02:00,2026-10-06,5,Tuesday,False,65.42728333333334
20261006_022931,2026-10-06 02:29:34.363000+00:00,Luzern,rail,ch:1:sloid:5000,Luzern,ch:1:sloid:5000:1:2,2026-10-06,ch:1:sjyid:100001:21319-001,rail,S-Bahn,S3,S3,21319,Luzern,Brunnen,2,,2026-10-06 03:39:00+00:00,2026-10-06 03:39:12+00:00,,True,0.2,2026-10-06 04:29:34.363000+02:00,2026-10-06 05:39:00+02:00,2026-10-06 05:39:12+02:00,2026-10-06,5,Tuesday,False,69.42728333333334
20261006_022931,2026-10-06 02:29:34.363000+00:00,Luzern,rail,ch:1:sloid:5000,Luzern,ch:1:sloid:5000:7:15,2026-10-06,ch:1:sjyid:100064:21518-001,rail,S-Bahn,S5,S5,21518,Luzern,Giswil,15,,2026-10-06 03:42:00+00:00,2026-10-06 03:42:12+00:00,,True,0.2,2026-10-06 04:29:34.363000+02:00,2026-10-06 05:42:00+02:00,2026-10-06 05:42:12+02:00,2026-10-06,5,Tuesday,False,72.42728333333334
20261006_022931,2026-10-06 02:29:34.363000+00:00,Luzern,rail,ch:1:sloid:5000,Luzern,ch:1:sloid:5000:4:9,2026-10-06,ch:1:sjyid:100001:21111-001,rail,S-Bahn,S1,S1,21111,Zug,Sursee,9,,2026-10-06 03:44:00+00:00,2026-10-06 03:45:00+00:00,,True,1.0,2026-10-06 04:29:34.363000+02:00,2026-10-06 05:44:00+02:00,2026-10-06 05:45:00+02:00,2026-10-06,5,Tuesday,False,74.42728333333334
20261006_022931,2026-10-06 02:29:34.363000+00:00,Luzern,rail,ch:1:sloid:5000,Luzern,ch:1:sloid:5000:1:3,2026-10-06,ch:1:sjyid:100001:21112-001,rail,S-Bahn,S1,S1,21112,Sursee,Baar,7,3,2026-10-06 03:51:00+00:00,2026-10-06 03:51:12+00:00,,True,0.2,2026-10-06 04:29:34.363000+02:00,2026-10-06 05:51:00+02:00,2026-10-06 05:51:12+02:00,2026-10-06,5,Tuesday,False,81.42728333333334
20261006_022931,2026-10-06 02:29:34.363000+00:00,Luzern,rail,ch:1:sloid:5000,Luzern,ch:1:sloid:5000:3:7,2026-10-06,ch:1:sjyid:100001:2306-001,rail,InterRegio,IR26,IR26,2306,Luzern,Basel SBB,4,7,2026-10-06 03:54:00+00:00,2026-10-06 03:54:36+00:00,,True,0.6,2026-10-06 04:29:34.363000+02:00,2026-10-06 05:54:00+02:00,2026-10-06 05:54:36+02:00,2026-10-06,5,Tuesday,False,84.42728333333334
20261006_022931,2026-10-06 02:29:34.363000+00:00,Luzern,rail,ch:1:sloid:5000,Luzern,ch:1:sloid:5000:2:5,2026-10-06,ch:1:sjyid:100015:4458-001,rail,RegioExpress,RE7,RE7,4458,Luzern,Wolhusen,5,,2026-10-06 03:57:00+00:00,2026-10-06 03:57:12+00:00,,True,0.2,2026-10-06 04:29:34.363000+02:00,2026-10-06 05:57:00+02:00,2026-10-06 05:57:12+02:00,2026-10-06,5,Tuesday,False,87.42728333333334
20261006_022931,2026-10-06 02:29:34.363000+00:00,Luzern,rail,ch:1:sloid:5000,Luzern,ch:1:sloid:5000:7:14,2026-10-06,ch:1:sjyid:100064:21420-001,rail,S-Bahn,S4,S4,21420,Luzern,Stansstad,14,,2026-10-06 03:57:00+00:00,2026-10-06 03:57:12+00:00,,True,0.2,2026-10-06 04:29:34.363000+02:00,2026-10-06 05:57:00+02:00,2026-10-06 05:57:12+02:00,2026-10-06,5,Tuesday,False,87.42728333333334
20261006_022931,2026-10-06 02:29:34.363000+00:00,Luzern,rail,ch:1:sloid:5000,Luzern,ch:1:sloid:5000:4:8,2026-10-06,ch:1:sjyid:100001:2508-002,rail,InterRegio,IR15,IR15,2508,Luzern,Genève-Aéroport,8,,2026-10-06 04:00:00+00:00,2026-10-06 04:00:36+00:00,,True,0.6,2026-10-06 04:29:34.363000+02:00,2026-10-06 06:00:00+02:00,2026-10-06 06:00:36+02:00,2026-10-06,6,Tuesday,False,90.42728333333334
20261006_022931,2026-10-06 02:29:34.363000+00:00,Luzern,rail,ch:1:sloid:5000,Luzern,ch:1:sloid:5000:5:10,2026-10-06,ch:1:sjyid:100001:21920-002,rail,S-Bahn,S9,S9,21920,Luzern,Lenzburg,10,,2026-10-06 04:02:00+00:00,2026-10-06 04:02:30+00:00,,True,0.5,2026-10-06 04:29:34.363000+02:00,2026-10-06 06:02:00+02:00,2026-10-06 06:02:30+02:00,2026-10-06,6,Tuesday,False,92.42728333333334
20261006_022931,2026-10-06 02:29:34.363000+00:00,Luzern,rail,ch:1:sloid:5000,Luzern,ch:1:sloid:5000:4:9,2026-10-06,ch:1:sjyid:100001:4708-001,rail,RegioExpress,RE24,RE24,4708,Luzern,Olten,9,,2026-10-06 04:05:00+00:00,2026-10-06 04:05:12+00:00,,True,0.2,2026-10-06 04:29:34.363000+02:00,2026-10-06 06:05:00+02:00,2026-10-06 06:05:12+02:00,2026-10-06,6,Tuesday,False,95.42728333333334
20261006_022931,2026-10-06 02:29:34.363000+00:00,Luzern,rail,ch:1:sloid:5000,Luzern,ch:1:sloid:5000:6:12,2026-10-06,ch:1:sjyid:100064:2912-001,rail,Luzern-Interlaken Express,LIX,LIX,2912,Luzern,Interlaken Ost,12,,2026-10-06 04:06:00+00:00,2026-10-06 04:06:06+00:00,,True,0.1,2026-10-06 04:29:34.363000+02:00,2026-10-06 06:06:00+02:00,2026-10-06 06:06:06+02:00,2026-10-06,6,Tuesday,False,96.42728333333334
20261006_022931,2026-10-06 02:29:34.363000+00:00,Luzern,rail,ch:1:sloid:5000,Luzern,ch:1:sloid:5000_gen:ch:1:sloid:5000:5:11_pf:11B-D,2026-10-06,ch:1:sjyid:100001:21321-001,rail,S-Bahn,S3,S3,21321,Luzern,Brunnen,11B-D,,2026-10-06 04:06:00+00:00,2026-10-06 04:07:00+00:00,,True,1.0,2026-10-06 04:29:34.363000+02:00,2026-10-06 06:06:00+02:00,2026-10-06 06:07:00+02:00,2026-10-06,6,Tuesday,False,96.42728333333334
20261006_022931,2026-10-06 02:29:34.363000+00:00,Luzern,rail,ch:1:sloid:5000,Luzern,ch:1:sloid:5000:2:4,2026-10-06,ch:1:sjyid:100001:2610-001,rail,InterRegio,IR70,IR70,2610,Luzern,Zürich HB,3,4,2026-10-06 04:09:00+00:00,2026-10-06 04:10:00+00:00,,True,1.0,2026-10-06 04:29:34.363000+02:00,2026-10-06 06:09:00+02:00,2026-10-06 06:10:00+02:00,2026-10-06,6,Tuesday,False,99.42728333333334
20261006_022931,2026-10-06 02:29:34.363000+00:00,Luzern,rail,ch:1:sloid:5000,Luzern,ch:1:sloid:5000_gen:ch:1:sloid:5000:6:13_pf:13BC,2026-10-06,ch:1:sjyid:100064:2958-001,rail,Luzern-Engelberg Express,IRLEX,IRLEX,2958,Luzern,Stansstad,13BC,,2026-10-06 04:10:00+00:00,2026-10-06 04:10:12+00:00,,True,0.2,2026-10-06 04:29:34.363000+02:00,2026-10-06 06:10:00+02:00,2026-10-06 06:10:12+02:00,2026-10-06,6,Tuesday,False,100.42728333333334
20261006_022931,2026-10-06 02:29:34.363000+00:00,Luzern,rail,ch:1:sloid:5000,Luzern,ch:1:sloid:5000:7:14,2026-10-06,ch:1:sjyid:100064:21520-001,rail,S-Bahn,S5,S5,21520,Luzern,Giswil,14,,2026-10-06 04:12:00+00:00,2026-10-06 04:12:12+00:00,,True,0.2,2026-10-06 04:29:34.363000+02:00,2026-10-06 06:12:00+02:00,2026-10-06 06:12:12+02:00,2026-10-06,6,Tuesday,False,102.42728333333334
20261006_022931,2026-10-06 02:29:34.363000+00:00,Luzern,rail,ch:1:sloid:5000,Luzern,ch:1:sloid:5000:1:2,2026-10-06,ch:1:sjyid:100001:21113-001,rail,S-Bahn,S1,S1,21113,Baar,Sursee,4,2,2026-10-06 04:14:00+00:00,2026-10-06 04:15:00+00:00,,True,1.0,2026-10-06 04:29:34.363000+02:00,2026-10-06 06:14:00+02:00,2026-10-06 06:15:00+02:00,2026-10-06,6,Tuesday,False,104.42728333333334
20261006_022931,2026-10-06 02:29:35.018000+00:00,St. Gallen,rail,ch:1:sloid:6302,St. Gallen,ch:1:sloid:6302:2:2,2026-10-06,ch:1:sjyid:100001:3252-001,rail,InterRegio,IR13,IR13,3252,St. Gallen,Luzern,2,,2026-10-06 02:37:00+00:00,2026-10-06 02:37:30+00:00,,True,0.5,2026-10-06 04:29:35.018000+02:00,2026-10-06 04:37:00+02:00,2026-10-06 04:37:30+02:00,2026-10-06,4,Tuesday,False,7.416366666666667
20261006_022931,2026-10-06 02:29:35.018000+00:00,St. Gallen,rail,ch:1:sloid:6302,St. Gallen,ch:1:sloid:6302:2:2,2026-10-06,ch:1:sjyid:100061:2006-001,rail,Voralpen-Express,VAE,VAE,2006,St. Gallen,Biberbrugg,2,,2026-10-06 03:05:00+00:00,2026-10-06 03:05:12+00:00,,True,0.2,2026-10-06 04:29:35.018000+02:00,2026-10-06 05:05:00+02:00,2026-10-06 05:05:12+02:00,2026-10-06,5,Tuesday,False,35.41636666666667
20261006_022931,2026-10-06 02:29:35.018000+00:00,St. Gallen,rail,ch:1:sloid:6302,St. Gallen,ch:1:sloid:6302:1:1,2026-10-06,ch:1:sjyid:100001:706-001,rail,InterCity,IC1,IC1,706,St. Gallen,Genève-Aéroport,1,,2026-10-06 03:07:00+00:00,2026-10-06 03:07:42+00:00,,True,0.7,2026-10-06 04:29:35.018000+02:00,2026-10-06 05:07:00+02:00,2026-10-06 05:07:42+02:00,2026-10-06,5,Tuesday,False,37.41636666666667
20261006_022931,2026-10-06 02:29:35.018000+00:00,St. Gallen,rail,ch:1:sloid:6302,St. Gallen,ch:1:sloid:6302:3:4,2026-10-06,ch:1:sjyid:100046:11215-001,rail,S-Bahn,S2,S2,11215,St. Gallen,Altstätten SG,4,,2026-10-06 03:08:00+00:00,2026-10-06 03:08:12+00:00,,True,0.2,2026-10-06 04:29:35.018000+02:00,2026-10-06 05:08:00+02:00,2026-10-06 05:08:12+02:00,2026-10-06,5,Tuesday,False,38.41636666666667
20261006_022931,2026-10-06 02:29:35.018000+00:00,St. Gallen,rail,ch:1:sloid:6302,St. Gallen,ch:1:sloid:6302:4:7,2026-10-06,ch:1:sjyid:100046:11514-001,rail,S-Bahn,S5,S5,11514,St. Gallen,Weinfelden,7,,2026-10-06 03:10:00+00:00,2026-10-06 03:10:12+00:00,,True,0.2,2026-10-06 04:29:35.018000+02:00,2026-10-06 05:10:00+02:00,2026-10-06 05:10:12+02:00,2026-10-06,5,Tuesday,False,40.41636666666667
20261006_022931,2026-10-06 02:29:35.018000+00:00,St. Gallen,rail,ch:1:sloid:6302,St. Gallen,ch:1:sloid:6302:4:6,2026-10-06,ch:1:sjyid:100046:11114-001,rail,S-Bahn,S1,S1,11114,St. Gallen,Wil SG,6,,2026-10-06 03:17:00+00:00,2026-10-06 03:17:12+00:00,,True,0.2,2026-10-06 04:29:35.018000+02:00,2026-10-06 05:17:00+02:00,2026-10-06 05:17:12+02:00,2026-10-06,5,Tuesday,False,47.41636666666667
20261006_022931,2026-10-06 02:29:35.018000+00:00,St. Gallen,rail,ch:1:sloid:6302,St. Gallen,ch:1:sloid:6302:3:4,2026-10-06,ch:1:sjyid:100046:11115-001,rail,S-Bahn,S1,S1,11115,St. Gallen,Schaffhausen,4,,2026-10-06 03:19:00+00:00,2026-10-06 03:20:42+00:00,,True,1.7,2026-10-06 04:29:35.018000+02:00,2026-10-06 05:19:00+02:00,2026-10-06 05:20:42+02:00,2026-10-06,5,Tuesday,False,49.41636666666667
20261006_022931,2026-10-06 02:29:35.018000+00:00,St. Gallen,rail,ch:1:sloid:6302,St. Gallen,ch:1:sloid:6302:500:11,2026-10-06,ch:1:sjyid:100007:plan:2049,rail,S-Bahn,S21,S21,2049,Trogen,Appenzell,11,,2026-10-06 03:21:00+00:00,2026-10-06 03:21:00+00:00,,True,0.0,2026-10-06 04:29:35.018000+02:00,2026-10-06 05:21:00+02:00,2026-10-06 05:21:00+02:00,2026-10-06,5,Tuesday,False,51.41636666666667
20261006_022931,2026-10-06 02:29:35.018000+00:00,St. Gallen,rail,ch:1:sloid:6302,St. Gallen,ch:1:sloid:6302:2:3,2026-10-06,ch:1:sjyid:100001:3251-001,rail,InterRegio,IR13,IR13,3251,Wil SG,Sargans,3,,2026-10-06 03:25:00+00:00,2026-10-06 03:25:18+00:00,,True,0.3,2026-10-06 04:29:35.018000+02:00,2026-10-06 05:25:00+02:00,2026-10-06 05:25:18+02:00,2026-10-06,5,Tuesday,False,55.41636666666667
20261006_022931,2026-10-06 02:29:35.018000+00:00,St. Gallen,rail,ch:1:sloid:6302,St. Gallen,ch:1:sloid:6302:3:5,2026-10-06,ch:1:sjyid:100061:11416-001,rail,S-Bahn,S4,S4,11416,St. Gallen,Rapperswil SG,5,,2026-10-06 03:27:00+00:00,2026-10-06 03:27:12+00:00,,True,0.2,2026-10-06 04:29:35.018000+02:00,2026-10-06 05:27:00+02:00,2026-10-06 05:27:12+02:00,2026-10-06,5,Tuesday,False,57.41636666666667
20261006_022931,2026-10-06 02:29:35.018000+00:00,St. Gallen,rail,ch:1:sloid:6302,St. Gallen,ch:1:sloid:6302:2:2,2026-10-06,ch:1:sjyid:100001:3254-001,rail,InterRegio,IR13,IR13,3254,St. Gallen,Zürich HB,2,,2026-10-06 03:37:00+00:00,2026-10-06 03:37:30+00:00,,True,0.5,2026-10-06 04:29:35.018000+02:00,2026-10-06 05:37:00+02:00,2026-10-06 05:37:30+02:00,2026-10-06,5,Tuesday,False,67.41636666666666
20261006_022931,2026-10-06 02:29:35.018000+00:00,St. Gallen,rail,ch:1:sloid:6302,St. Gallen,ch:1:sloid:6302:2:3,2026-10-06,ch:1:sjyid:100061:11415-001,rail,S-Bahn,S4,S4,11415,Wattwil,Sargans,3,,2026-10-06 03:38:00+00:00,2026-10-06 03:39:06+00:00,,True,1.1,2026-10-06 04:29:35.018000+02:00,2026-10-06 05:38:00+02:00,2026-10-06 05:39:06+02:00,2026-10-06,5,Tuesday,False,68.41636666666666
20261006_022931,2026-10-06 02:29:35.018000+00:00,St. Gallen,rail,ch:1:sloid:6302,St. Gallen,ch:1:sloid:6302:500:12,2026-10-06,ch:1:sjyid:100007:plan:4048,rail,S-Bahn,S22,S22,4048,Appenzell,Trogen,12,,2026-10-06 03:39:00+00:00,2026-10-06 03:39:00+00:00,,True,0.0,2026-10-06 04:29:35.018000+02:00,2026-10-06 05:39:00+02:00,2026-10-06 05:39:00+02:00,2026-10-06,5,Tuesday,False,69.41636666666666
20261006_022931,2026-10-06 02:29:35.018000+00:00,St. Gallen,rail,ch:1:sloid:6302,St. Gallen,ch:1:sloid:6302:3:4,2026-10-06,ch:1:sjyid:100046:11516-001,rail,S-Bahn,S5,S5,11516,St. Gallen,Weinfelden,4,,2026-10-06 03:40:00+00:00,2026-10-06 03:40:12+00:00,,True,0.2,2026-10-06 04:29:35.018000+02:00,2026-10-06 05:40:00+02:00,2026-10-06 05:40:12+02:00,2026-10-06,5,Tuesday,False,70.41636666666666
20261006_022931,2026-10-06 02:29:35.018000+00:00,St. Gallen,rail,ch:1:sloid:6302,St. Gallen,ch:1:sloid:6302:4:6,2026-10-06,ch:1:sjyid:100046:5210-001,rail,RegioExpress,RE1,RE1,5210,St. Gallen,Herisau,6,,2026-10-06 03:44:00+00:00,2026-10-06 03:44:12+00:00,,True,0.2,2026-10-06 04:29:35.018000+02:00,2026-10-06 05:44:00+02:00,2026-10-06 05:44:12+02:00,2026-10-06,5,Tuesday,False,74.41636666666666
20261006_022931,2026-10-06 02:29:35.018000+00:00,St. Gallen,rail,ch:1:sloid:6302,St. Gallen,ch:1:sloid:6302:1:1,2026-10-06,ch:1:sjyid:100046:11116-001,rail,S-Bahn,S1,S1,11116,Kreuzlingen,Wil SG,1,,2026-10-06 03:47:00+00:00,2026-10-06 03:47:12+00:00,,True,0.2,2026-10-06 04:29:35.018000+02:00,2026-10-06 05:47:00+02:00,2026-10-06 05:47:12+02:00,2026-10-06,5,Tuesday,False,77.41636666666666
20261006_022931,2026-10-06 02:29:35.018000+00:00,St. Gallen,rail,ch:1:sloid:6302,St. Gallen,ch:1:sloid:6302:2:3,2026-10-06,ch:1:sjyid:100046:11117-001,rail,S-Bahn,S1,S1,11117,Wil SG,Schaffhausen,3,,2026-10-06 03:49:00+00:00,2026-10-06 03:50:36+00:00,,True,1.6,2026-10-06 04:29:35.018000+02:00,2026-10-06 05:49:00+02:00,2026-10-06 05:50:36+02:00,2026-10-06,5,Tuesday,False,79.41636666666666
20261006_022931,2026-10-06 02:29:35.018000+00:00,St. Gallen,rail,ch:1:sloid:6302,St. Gallen,ch:1:sloid:6302:500:11,2026-10-06,ch:1:sjyid:100007:plan:2055,rail,S-Bahn,S21,S21,2055,Trogen,Appenzell,11,,2026-10-06 03:51:00+00:00,2026-10-06 03:51:00+00:00,,True,0.0,2026-10-06 04:29:35.018000+02:00,2026-10-06 05:51:00+02:00,2026-10-06 05:51:00+02:00,2026-10-06,5,Tuesday,False,81.41636666666666
20261006_022931,2026-10-06 02:29:35.018000+00:00,St. Gallen,rail,ch:1:sloid:6302,St. Gallen,ch:1:sloid:6302:500:12,2026-10-06,ch:1:sjyid:100007:plan:2050,rail,S-Bahn,S21,S21,2050,Appenzell,Trogen,12,,2026-10-06 03:54:00+00:00,2026-10-06 03:54:00+00:00,,True,0.0,2026-10-06 04:29:35.018000+02:00,2026-10-06 05:54:00+02:00,2026-10-06 05:54:00+02:00,2026-10-06,5,Tuesday,False,84.41636666666666
20261006_022931,2026-10-06 02:29:35.018000+00:00,St. Gallen,rail,ch:1:sloid:6302,St. Gallen,ch:1:sloid:6302:3:4,2026-10-06,ch:1:sjyid:100061:2201-001,rail,Alpenrhein-Express,IR13,IR13,2201,St. Gallen,Chur,4,,2026-10-06 03:55:00+00:00,2026-10-06 03:55:12+00:00,,True,0.2,2026-10-06 04:29:35.018000+02:00,2026-10-06 05:55:00+02:00,2026-10-06 05:55:12+02:00,2026-10-06,5,Tuesday,False,85.41636666666666
20261006_022931,2026-10-06 02:29:35.018000+00:00,St. Gallen,rail,ch:1:sloid:6302,St. Gallen,ch:1:sloid:6302:4:6,2026-10-06,ch:1:sjyid:100046:11517-001,rail,S-Bahn,S5,S5,11517,Weinfelden,St. Margrethen SG,6,,2026-10-06 03:57:00+00:00,2026-10-06 03:57:30+00:00,,True,0.5,2026-10-06 04:29:35.018000+02:00,2026-10-06 05:57:00+02:00,2026-10-06 05:57:30+02:00,2026-10-06,5,Tuesday,False,87.41636666666666
20261006_022931,2026-10-06 02:29:35.018000+00:00,St. Gallen,rail,ch:1:sloid:6302,St. Gallen,ch:1:sloid:6302_gen:ch:1:sloid:6302:3:5_pf:5AB,2026-10-06,ch:1:sjyid:100046:11218-001,rail,S-Bahn,S2,S2,11218,Rorschach,Nesslau-Neu St. Johann,5AB,,2026-10-06 03:57:00+00:00,2026-10-06 03:57:12+00:00,,True,0.2,2026-10-06 04:29:35.018000+02:00,2026-10-06 05:57:00+02:00,2026-10-06 05:57:12+02:00,2026-10-06,5,Tuesday,False,87.41636666666666
20261006_022931,2026-10-06 02:29:35.018000+00:00,St. Gallen,rail,ch:1:sloid:6302,St. Gallen,ch:1:sloid:6302:2:2,2026-10-06,ch:1:sjyid:100001:510-001,rail,InterCity,IC5,IC5,510,Rorschach,Lausanne,2,,2026-10-06 03:58:00+00:00,2026-10-06 03:58:30+00:00,,True,0.5,2026-10-06 04:29:35.018000+02:00,2026-10-06 05:58:00+02:00,2026-10-06 05:58:30+02:00,2026-10-06,5,Tuesday,False,88.41636666666666
20261006_022931,2026-10-06 02:29:35.018000+00:00,St. Gallen,rail,ch:1:sloid:6302,St. Gallen,ch:1:sloid:6302:2:3,2026-10-06,ch:1:sjyid:100061:2008-001,rail,Voralpen-Express,VAE,VAE,2008,St. Gallen,Biberbrugg,3,,2026-10-06 04:05:00+00:00,2026-10-06 04:05:12+00:00,,True,0.2,2026-10-06 04:29:35.018000+02:00,2026-10-06 06:05:00+02:00,2026-10-06 06:05:12+02:00,2026-10-06,6,Tuesday,False,95.41636666666666
20261006_022931,2026-10-06 02:29:35.018000+00:00,St. Gallen,rail,ch:1:sloid:6302,St. Gallen,ch:1:sloid:6302:500:11,2026-10-06,ch:1:sjyid:100007:plan:4057,rail,S-Bahn,S22,S22,4057,Trogen,Teufen AR,11,,2026-10-06 04:06:00+00:00,2026-10-06 04:06:00+00:00,,True,0.0,2026-10-06 04:29:35.018000+02:00,2026-10-06 06:06:00+02:00,2026-10-06 06:06:00+02:00,2026-10-06,6,Tuesday,False,96.41636666666666
20261006_022931,2026-10-06 02:29:35.018000+00:00,St. Gallen,rail,ch:1:sloid:6302,St. Gallen,ch:1:sloid:6302:1:1,2026-10-06,ch:1:sjyid:100001:708-001,rail,InterCity,IC1,IC1,708,St. Gallen,Genève-Aéroport,1,,2026-10-06 04:07:00+00:00,2026-10-06 04:07:42+00:00,,True,0.7,2026-10-06 04:29:35.018000+02:00,2026-10-06 06:07:00+02:00,2026-10-06 06:07:42+02:00,2026-10-06,6,Tuesday,False,97.41636666666666
20261006_022931,2026-10-06 02:29:35.018000+00:00,St. Gallen,rail,ch:1:sloid:6302,St. Gallen,ch:1:sloid:6302:3:5,2026-10-06,ch:1:sjyid:100046:11219-001,rail,S-Bahn,S2,S2,11219,Nesslau-Neu St. Johann,Altstätten SG,5,,2026-10-06 04:08:00+00:00,2026-10-06 04:08:12+00:00,,True,0.2,2026-10-06 04:29:35.018000+02:00,2026-10-06 06:08:00+02:00,2026-10-06 06:08:12+02:00,2026-10-06,6,Tuesday,False,98.41636666666666
20261006_022931,2026-10-06 02:29:35.018000+00:00,St. Gallen,rail,ch:1:sloid:6302,St. Gallen,ch:1:sloid:6302:500:12,2026-10-06,ch:1:sjyid:100007:plan:4054,rail,S-Bahn,S22,S22,4054,Appenzell,Trogen,12,,2026-10-06 04:09:00+00:00,2026-10-06 04:09:00+00:00,,True,0.0,2026-10-06 04:29:35.018000+02:00,2026-10-06 06:09:00+02:00,2026-10-06 06:09:00+02:00,2026-10-06,6,Tuesday,False,99.41636666666666
20261006_022931,2026-10-06 02:29:35.018000+00:00,St. Gallen,rail,ch:1:sloid:6302,St. Gallen,ch:1:sloid:6302:3:4,2026-10-06,ch:1:sjyid:100046:11518-001,rail,S-Bahn,S5,S5,11518,St. Margrethen SG,Weinfelden,4,,2026-10-06 04:10:00+00:00,2026-10-06 04:10:12+00:00,,True,0.2,2026-10-06 04:29:35.018000+02:00,2026-10-06 06:10:00+02:00,2026-10-06 06:10:12+02:00,2026-10-06,6,Tuesday,False,100.41636666666666
20261006_022931,2026-10-06 02:29:35.018000+00:00,St. Gallen,rail,ch:1:sloid:6302,St. Gallen,ch:1:sloid:6302:2:2,2026-10-06,ch:1:sjyid:100061:12110-001,rail,S-Bahn,S81,S81,12110,St. Gallen,Herisau,2,,2026-10-06 04:14:00+00:00,2026-10-06 04:14:42+00:00,,True,0.7,2026-10-06 04:29:35.018000+02:00,2026-10-06 06:14:00+02:00,2026-10-06 06:14:42+02:00,2026-10-06,6,Tuesday,False,104.41636666666666
20261006_022931,2026-10-06 02:29:35.501000+00:00,Lausanne,rail,ch:1:sloid:1120,Lausanne,ch:1:sloid:1120:0:42631,2026-10-06,ch:1:sjyid:100001:24200-001,rail,Regio,R2,R2,24200,Lausanne,Grandson,5,,2026-10-06 02:38:00+00:00,2026-10-06 02:38:12+00:00,,True,0.2,2026-10-06 04:29:35.501000+02:00,2026-10-06 04:38:00+02:00,2026-10-06 04:38:12+02:00,2026-10-06,4,Tuesday,False,8.408316666666668
20261006_022931,2026-10-06 02:29:35.501000+00:00,Lausanne,rail,ch:1:sloid:1120,Lausanne,ch:1:sloid:1120:0:638488,2026-10-06,ch:1:sjyid:100001:18404-003,rail,RegioExpress,RE33,RE33,18404,Lausanne,Genève-Aéroport,6,8,2026-10-06 02:45:00+00:00,2026-10-06 02:45:12+00:00,,True,0.2,2026-10-06 04:29:35.501000+02:00,2026-10-06 04:45:00+02:00,2026-10-06 04:45:12+02:00,2026-10-06,4,Tuesday,False,15.408316666666668
20261006_022931,2026-10-06 02:29:35.501000+00:00,Lausanne,rail,ch:1:sloid:1120,Lausanne,ch:1:sloid:1120:0:276884,2026-10-06,ch:1:sjyid:100001:24509-001,rail,S-Bahn,S41,S41,24509,Lausanne,Fribourg/Freiburg,3,,2026-10-06 02:49:00+00:00,2026-10-06 02:49:12+00:00,,True,0.2,2026-10-06 04:29:35.501000+02:00,2026-10-06 04:49:00+02:00,2026-10-06 04:49:12+02:00,2026-10-06,4,Tuesday,False,19.408316666666668
20261006_022931,2026-10-06 02:29:35.501000+00:00,Lausanne,rail,ch:1:sloid:1120,Lausanne,ch:1:sloid:1120:0:860143,2026-10-06,ch:1:sjyid:100001:24109-001,rail,Regio,R1,R1,24109,Lausanne,Bex,4,,2026-10-06 02:55:00+00:00,2026-10-06 02:55:12+00:00,,True,0.2,2026-10-06 04:29:35.501000+02:00,2026-10-06 04:55:00+02:00,2026-10-06 04:55:12+02:00,2026-10-06,4,Tuesday,False,25.408316666666668
20261006_022931,2026-10-06 02:29:35.501000+00:00,Lausanne,rail,ch:1:sloid:1120,Lausanne,ch:1:sloid:1120:0:668579,2026-10-06,ch:1:sjyid:100001:24902-001,rail,Regio,R9,R9,24902,Lausanne,Allaman,1,,2026-10-06 02:57:00+00:00,2026-10-06 02:57:12+00:00,,True,0.2,2026-10-06 04:29:35.501000+02:00,2026-10-06 04:57:00+02:00,2026-10-06 04:57:12+02:00,2026-10-06,4,Tuesday,False,27.408316666666668
20261006_022931,2026-10-06 02:29:35.501000+00:00,Lausanne,rail,ch:1:sloid:1120,Lausanne,ch:1:sloid:1120:0:20298,2026-10-06,ch:1:sjyid:100001:24909-001,rail,Regio,R9,R9,24909,Lausanne,Murten/Morat,70,,2026-10-06 02:57:00+00:00,2026-10-06 02:58:00+00:00,,True,1.0,2026-10-06 04:29:35.501000+02:00,2026-10-06 04:57:00+02:00,2026-10-06 04:58:00+02:00,2026-10-06,4,Tuesday,False,27.408316666666668
20261006_022931,2026-10-06 02:29:35.501000+00:00,Lausanne,rail,ch:1:sloid:1120,Lausanne,ch:1:sloid:1120:0:42631,2026-10-06,ch:1:sjyid:100001:24302-001,rail,Regio,R3,R3,24302,Lausanne,Vallorbe,5,,2026-10-06 02:57:00+00:00,2026-10-06 02:57:12+00:00,,True,0.2,2026-10-06 04:29:35.501000+02:00,2026-10-06 04:57:00+02:00,2026-10-06 04:57:12+02:00,2026-10-06,4,Tuesday,False,27.408316666666668
20261006_022931,2026-10-06 02:29:35.501000+00:00,Lausanne,rail,ch:1:sloid:1120,Lausanne,ch:1:sloid:1120:0:276884,2026-10-06,ch:1:sjyid:100001:1705-002,rail,InterRegio,IR95,IR95,1705,Lausanne,Brig,3,,2026-10-06 03:04:00+00:00,2026-10-06 03:04:30+00:00,,True,0.5,2026-10-06 04:29:35.501000+02:00,2026-10-06 05:04:00+02:00,2026-10-06 05:04:30+02:00,2026-10-06,5,Tuesday,False,34.408316666666664
20261006_022931,2026-10-06 02:29:35.501000+00:00,Lausanne,rail,ch:1:sloid:1120,Lausanne,ch:1:sloid:1120:0:638488,2026-10-06,ch:1:sjyid:100001:24102-001,rail,Regio,R1,R1,24102,Lausanne,Grandson,8,,2026-10-06 03:08:00+00:00,2026-10-06 03:08:12+00:00,,True,0.2,2026-10-06 04:29:35.501000+02:00,2026-10-06 05:08:00+02:00,2026-10-06 05:08:12+02:00,2026-10-06,5,Tuesday,False,38.408316666666664
20261006_022931,2026-10-06 02:29:35.501000+00:00,Lausanne,rail,ch:1:sloid:1120,Lausanne,ch:1:sloid:1120:0:668579,2026-10-06,ch:1:sjyid:100001:24611-001,rail,S-Bahn,S40,S40,24611,Lausanne,Fribourg/Freiburg,1,,2026-10-06 03:21:00+00:00,2026-10-06 03:21:12+00:00,,True,0.2,2026-10-06 04:29:35.501000+02:00,2026-10-06 05:21:00+02:00,2026-10-06 05:21:12+02:00,2026-10-06,5,Tuesday,False,51.408316666666664
20261006_022931,2026-10-06 02:29:35.501000+00:00,Lausanne,rail,ch:1:sloid:1120,Lausanne,ch:1:sloid:1120:0:276884,2026-10-06,ch:1:sjyid:100001:24211-001,rail,Regio,R2,R2,24211,Grandson,Bex,3,,2026-10-06 03:24:00+00:00,2026-10-06 03:24:30+00:00,,True,0.5,2026-10-06 04:29:35.501000+02:00,2026-10-06 05:24:00+02:00,2026-10-06 05:24:30+02:00,2026-10-06,5,Tuesday,False,54.408316666666664
20261006_022931,2026-10-06 02:29:35.501000+00:00,Lausanne,rail,ch:1:sloid:1120,Lausanne,ch:1:sloid:1120:0:638488,2026-10-06,ch:1:sjyid:100001:24402-002,rail,Regio,R4,R4,24402,Vevey,Vallorbe/Le Brassus,8,,2026-10-06 03:27:00+00:00,2026-10-06 03:27:12+00:00,,True,0.2,2026-10-06 04:29:35.501000+02:00,2026-10-06 05:27:00+02:00,2026-10-06 05:27:12+02:00,2026-10-06,5,Tuesday,False,57.408316666666664
20261006_022931,2026-10-06 02:29:35.501000+00:00,Lausanne,rail,ch:1:sloid:1120,Lausanne,ch:1:sloid:1120:0:668579,2026-10-06,ch:1:sjyid:100001:24811-004,rail,Regio,R8,R8,24811,Allaman,Payerne,1,,2026-10-06 03:28:00+00:00,2026-10-06 03:28:12+00:00,,True,0.2,2026-10-06 04:29:35.501000+02:00,2026-10-06 05:28:00+02:00,2026-10-06 05:28:12+02:00,2026-10-06,5,Tuesday,False,58.408316666666664
20261006_022931,2026-10-06 02:29:35.501000+00:00,Lausanne,rail,ch:1:sloid:1120,Lausanne,ch:1:sloid:1120:0:37997,2026-10-06,ch:1:sjyid:100001:18450-001,rail,RegioExpress,RE33,RE33,18450,Lausanne,Annemasse,6,,2026-10-06 03:30:00+00:00,,,False,,2026-10-06 04:29:35.501000+02:00,2026-10-06 05:30:00+02:00,,2026-10-06,5,Tuesday,False,60.408316666666664
20261006_022931,2026-10-06 02:29:35.501000+00:00,Lausanne,rail,ch:1:sloid:1120,Lausanne,ch:1:sloid:1120:0:42631,2026-10-06,ch:1:sjyid:100001:509-002,rail,InterCity,IC5,IC5,509,Lausanne,Rorschach,5,,2026-10-06 03:34:00+00:00,2026-10-06 03:34:30+00:00,,True,0.5,2026-10-06 04:29:35.501000+02:00,2026-10-06 05:34:00+02:00,2026-10-06 05:34:30+02:00,2026-10-06,5,Tuesday,False,64.40831666666666
20261006_022931,2026-10-06 02:29:35.501000+00:00,Lausanne,rail,ch:1:sloid:1120,Lausanne,ch:1:sloid:1120:0:840061,2026-10-06,ch:1:sjyid:100001:24802-001,rail,Regio,R8,R8,24802,Payerne,Allaman,7,,2026-10-06 03:34:00+00:00,2026-10-06 03:34:12+00:00,,True,0.2,2026-10-06 04:29:35.501000+02:00,2026-10-06 05:34:00+02:00,2026-10-06 05:34:12+02:00,2026-10-06,5,Tuesday,False,64.40831666666666
20261006_022931,2026-10-06 02:29:35.501000+00:00,Lausanne,rail,ch:1:sloid:1120,Lausanne,ch:1:sloid:1120:0:860143,2026-10-06,ch:1:sjyid:100001:24411-001,rail,Regio,R4,R4,24411,Vallorbe,Vevey,4,,2026-10-06 03:34:00+00:00,2026-10-06 03:34:12+00:00,,True,0.2,2026-10-06 04:29:35.501000+02:00,2026-10-06 05:34:00+02:00,2026-10-06 05:34:12+02:00,2026-10-06,5,Tuesday,False,64.40831666666666
20261006_022931,2026-10-06 02:29:35.501000+00:00,Lausanne,rail,ch:1:sloid:1120,Lausanne,ch:1:sloid:1120:0:638488,2026-10-06,ch:1:sjyid:100001:24202-002,rail,Regio,R2,R2,24202,St-Maurice,Grandson,8,,2026-10-06 03:38:00+00:00,2026-10-06 03:38:12+00:00,,True,0.2,2026-10-06 04:29:35.501000+02:00,2026-10-06 05:38:00+02:00,2026-10-06 05:38:12+02:00,2026-10-06,5,Tuesday,False,68.40831666666666
20261006_022931,2026-10-06 02:29:35.501000+00:00,Lausanne,rail,ch:1:sloid:1120,Lausanne,ch:1:sloid:1120:0:668579,2026-10-06,ch:1:sjyid:100001:2507-001,rail,InterRegio,IR15,IR15,2507,Lausanne,Luzern,1,,2026-10-06 03:40:00+00:00,2026-10-06 03:40:30+00:00,,True,0.5,2026-10-06 04:29:35.501000+02:00,2026-10-06 05:40:00+02:00,2026-10-06 05:40:30+02:00,2026-10-06,5,Tuesday,False,70.40831666666666
20261006_022931,2026-10-06 02:29:35.501000+00:00,Lausanne,rail,ch:1:sloid:1120,Lausanne,ch:1:sloid:1120:0:276884,2026-10-06,ch:1:sjyid:100001:1805-003,rail,InterRegio,IR90,IR90,1805,Genève,Brig,3,,2026-10-06 03:42:00+00:00,2026-10-06 03:42:30+00:00,,True,0.5,2026-10-06 04:29:35.501000+02:00,2026-10-06 05:42:00+02:00,2026-10-06 05:42:30+02:00,2026-10-06,5,Tuesday,False,72.40831666666666
20261006_022931,2026-10-06 02:29:35.501000+00:00,Lausanne,rail,ch:1:sloid:1120,Lausanne,ch:1:sloid:1120:0:638488,2026-10-06,ch:1:sjyid:100001:1702-001,rail,InterRegio,IR95,IR95,1702,Sion,Genève-Aéroport,8,,2026-10-06 03:49:00+00:00,2026-10-06 03:49:48+00:00,,True,0.8,2026-10-06 04:29:35.501000+02:00,2026-10-06 05:49:00+02:00,2026-10-06 05:49:48+02:00,2026-10-06,5,Tuesday,False,79.40831666666666
20261006_022931,2026-10-06 02:29:35.501000+00:00,Lausanne,rail,ch:1:sloid:1120,Lausanne,ch:1:sloid:1120:0:20298,2026-10-06,ch:1:sjyid:100001:24513-001,rail,S-Bahn,S41,S41,24513,Lausanne,Fribourg/Freiburg,70,,2026-10-06 03:49:00+00:00,2026-10-06 03:49:12+00:00,,True,0.2,2026-10-06 04:29:35.501000+02:00,2026-10-06 05:49:00+02:00,2026-10-06 05:49:12+02:00,2026-10-06,5,Tuesday,False,79.40831666666666
20261006_022931,2026-10-06 02:29:35.501000+00:00,Lausanne,rail,ch:1:sloid:1120,Lausanne,ch:1:sloid:1120:0:37997,2026-10-06,ch:1:sjyid:100001:24113-001,rail,Regio,R1,R1,24113,Grandson,Bex,6,,2026-10-06 03:55:00+00:00,2026-10-06 03:55:12+00:00,,True,0.2,2026-10-06 04:29:35.501000+02:00,2026-10-06 05:55:00+02:00,2026-10-06 05:55:12+02:00,2026-10-06,5,Tuesday,False,85.40831666666666
20261006_022931,2026-10-06 02:29:35.501000+00:00,Lausanne,rail,ch:1:sloid:1120,Lausanne,ch:1:sloid:1120:0:668579,2026-10-06,ch:1:sjyid:100001:24913-001,rail,Regio,R9,R9,24913,Allaman,Murten/Morat,1,,2026-10-06 03:57:00+00:00,2026-10-06 03:58:00+00:00,,True,1.0,2026-10-06 04:29:35.501000+02:00,2026-10-06 05:57:00+02:00,2026-10-06 05:58:00+02:00,2026-10-06,5,Tuesday,False,87.40831666666666
20261006_022931,2026-10-06 02:29:35.501000+00:00,Lausanne,rail,ch:1:sloid:1120,Lausanne,ch:1:sloid:1120:0:840061,2026-10-06,ch:1:sjyid:100001:24304-001,rail,Regio,R3,R3,24304,Vevey,Vallorbe,7,,2026-10-06 03:57:00+00:00,2026-10-06 03:57:12+00:00,,True,0.2,2026-10-06 04:29:35.501000+02:00,2026-10-06 05:57:00+02:00,2026-10-06 05:57:12+02:00,2026-10-06,5,Tuesday,False,87.40831666666666
20261006_022931,2026-10-06 02:29:35.501000+00:00,Lausanne,rail,ch:1:sloid:1120,Lausanne,ch:1:sloid:1120:0:638488,2026-10-06,ch:1:sjyid:100001:18406-001,rail,RegioExpress,RE33,RE33,18406,Lausanne,Annemasse,8,,2026-10-06 04:00:00+00:00,,,False,,2026-10-06 04:29:35.501000+02:00,2026-10-06 06:00:00+02:00,,2026-10-06,6,Tuesday,False,90.40831666666666
20261006_022931,2026-10-06 02:29:35.501000+00:00,Lausanne,rail,ch:1:sloid:1120,Lausanne,ch:1:sloid:1120:0:860143,2026-10-06,ch:1:sjyid:100001:18403-003,rail,RegioExpress,RE33,RE33,18403,Genève-Aéroport,St-Maurice,4,,2026-10-06 04:01:00+00:00,2026-10-06 04:01:12+00:00,,True,0.2,2026-10-06 04:29:35.501000+02:00,2026-10-06 06:01:00+02:00,2026-10-06 06:01:12+02:00,2026-10-06,6,Tuesday,False,91.40831666666666
20261006_022931,2026-10-06 02:29:35.501000+00:00,Lausanne,rail,ch:1:sloid:1120,Lausanne,ch:1:sloid:1120:0:840061,2026-10-06,ch:1:sjyid:100001:24904-001,rail,Regio,R9,R9,24904,Murten/Morat,Allaman,7,,2026-10-06 04:04:00+00:00,2026-10-06 04:04:12+00:00,,True,0.2,2026-10-06 04:29:35.501000+02:00,2026-10-06 06:04:00+02:00,2026-10-06 06:04:12+02:00,2026-10-06,6,Tuesday,False,94.40831666666666
20261006_022931,2026-10-06 02:29:35.501000+00:00,Lausanne,rail,ch:1:sloid:1120,Lausanne,ch:1:sloid:1120:0:276884,2026-10-06,ch:1:sjyid:100001:1609-001,rail,InterCity,IC51,IC51,1609,Lausanne,Basel SBB,3,,2026-10-06 04:04:00+00:00,2026-10-06 04:04:30+00:00,,True,0.5,2026-10-06 04:29:35.501000+02:00,2026-10-06 06:04:00+02:00,2026-10-06 06:04:30+02:00,2026-10-06,6,Tuesday,False,94.40831666666666
20261006_022931,2026-10-06 02:29:35.501000+00:00,Lausanne,rail,ch:1:sloid:1120,Lausanne,ch:1:sloid:1120:0:37997,2026-10-06,ch:1:sjyid:100001:24313-001,rail,Regio,R3,R3,24313,Vallorbe,Vevey,6,,2026-10-06 04:04:00+00:00,2026-10-06 04:04:18+00:00,,True,0.3,2026-10-06 04:29:35.501000+02:00,2026-10-06 06:04:00+02:00,2026-10-06 06:04:18+02:00,2026-10-06,6,Tuesday,False,94.40831666666666
20261006_022931,2026-10-06 02:29:35.987000+00:00,Genève,rail,ch:1:sloid:1008,Genève,ch:1:sloid:1008:2:2,2026-10-06,ch:1:sjyid:100001:18402-002,rail,RegioExpress,RE33,RE33,18402,Lausanne,Genève-Aéroport,2,,2026-10-06 02:46:00+00:00,2026-10-06 02:46:12+00:00,,True,0.2,2026-10-06 04:29:35.987000+02:00,2026-10-06 04:46:00+02:00,2026-10-06 04:46:12+02:00,2026-10-06,4,Tuesday,False,16.40021666666667
20261006_022931,2026-10-06 02:29:35.987000+00:00,Genève,rail,ch:1:sloid:1008,Genève,ch:1:sloid:1008:2:3,2026-10-06,ch:1:sjyid:100001:1805-003,rail,InterRegio,IR90,IR90,1805,Genève,Brig,3,,2026-10-06 02:46:00+00:00,2026-10-06 02:47:30+00:00,,True,1.5,2026-10-06 04:29:35.987000+02:00,2026-10-06 04:46:00+02:00,2026-10-06 04:47:30+02:00,2026-10-06,4,Tuesday,False,16.40021666666667
20261006_022931,2026-10-06 02:29:35.987000+00:00,Genève,rail,ch:1:sloid:1008,Genève,ch:1:sloid:1008:4:7,2026-10-06,ch:1:sjyid:100001:96714-002,rail,Regio,RL6,RL6,96714,Genève,Bellegarde-sur-Valserine,6,,2026-10-06 03:00:00+00:00,2026-10-06 03:00:12+00:00,,True,0.2,2026-10-06 04:29:35.987000+02:00,2026-10-06 05:00:00+02:00,2026-10-06 05:00:12+02:00,2026-10-06,5,Tuesday,False,30.400216666666665
20261006_022931,2026-10-06 02:29:35.987000+00:00,Genève,rail,ch:1:sloid:1008,Genève,ch:1:sloid:1008:1:1,2026-10-06,ch:1:sjyid:100001:23113-001,rail,Regio,RL4,RL4,23113,Genève,Coppet,1,,2026-10-06 03:00:00+00:00,2026-10-06 03:00:12+00:00,,True,0.2,2026-10-06 04:29:35.987000+02:00,2026-10-06 05:00:00+02:00,2026-10-06 05:00:12+02:00,2026-10-06,5,Tuesday,False,30.400216666666665
20261006_022931,2026-10-06 02:29:35.987000+00:00,Genève,rail,ch:1:sloid:1008,Genève,ch:1:sloid:1008:2:3,2026-10-06,ch:1:sjyid:100001:18403-003,rail,RegioExpress,RE33,RE33,18403,Genève-Aéroport,St-Maurice,3,,2026-10-06 03:06:00+00:00,2026-10-06 03:06:48+00:00,,True,0.8,2026-10-06 04:29:35.987000+02:00,2026-10-06 05:06:00+02:00,2026-10-06 05:06:48+02:00,2026-10-06,5,Tuesday,False,36.400216666666665
20261006_022931,2026-10-06 02:29:35.987000+00:00,Genève,rail,ch:1:sloid:1008,Genève,ch:1:sloid:1008:4:8,2026-10-06,ch:1:sjyid:100001:96550-002,rail,Train Express Regional,TER,TER,96550,Genève,Lyon Part Dieu,7,,2026-10-06 03:14:00+00:00,2026-10-06 03:14:30+00:00,,True,0.5,2026-10-06 04:29:35.987000+02:00,2026-10-06 05:14:00+02:00,2026-10-06 05:14:30+02:00,2026-10-06,5,Tuesday,False,44.400216666666665
20261006_022931,2026-10-06 02:29:35.987000+00:00,Genève,rail,ch:1:sloid:1008,Genève,ch:1:sloid:1008:1:1,2026-10-06,ch:1:sjyid:100001:1900-001,rail,InterRegio,IR,IR,1900,Genève,Genève-Aéroport,1,,2026-10-06 03:16:00+00:00,2026-10-06 03:17:18+00:00,,True,1.3,2026-10-06 04:29:35.987000+02:00,2026-10-06 05:16:00+02:00,2026-10-06 05:17:18+02:00,2026-10-06,5,Tuesday,False,46.400216666666665
20261006_022931,2026-10-06 02:29:35.987000+00:00,Genève,rail,ch:1:sloid:1008,Genève,ch:1:sloid:1008:3:6,2026-10-06,ch:1:sjyid:100001:23014-002,rail,Regio,RL5,RL5,23014,Genève,La Plaine,5,,2026-10-06 03:18:00+00:00,2026-10-06 03:18:12+00:00,,True,0.2,2026-10-06 04:29:35.987000+02:00,2026-10-06 05:18:00+02:00,2026-10-06 05:18:12+02:00,2026-10-06,5,Tuesday,False,48.400216666666665
20261006_022931,2026-10-06 02:29:35.987000+00:00,Genève,rail,ch:1:sloid:1008,Genève,ch:1:sloid:1008:2:3,2026-10-06,ch:1:sjyid:100001:1707-002,rail,InterRegio,IR95,IR95,1707,Genève-Aéroport,Brig,3,,2026-10-06 03:23:00+00:00,2026-10-06 03:23:30+00:00,,True,0.5,2026-10-06 04:29:35.987000+02:00,2026-10-06 05:23:00+02:00,2026-10-06 05:23:30+02:00,2026-10-06,5,Tuesday,False,53.400216666666665
20261006_022931,2026-10-06 02:29:35.987000+00:00,Genève,rail,ch:1:sloid:1008,Genève,ch:1:sloid:1008:3:4,2026-10-06,ch:1:sjyid:100001:18448-001,rail,RegioExpress,RE33,RE33,18448,Genève,Annemasse,4,,2026-10-06 03:23:00+00:00,,,False,,2026-10-06 04:29:35.987000+02:00,2026-10-06 05:23:00+02:00,,2026-10-06,5,Tuesday,False,53.400216666666665
20261006_022931,2026-10-06 02:29:35.987000+00:00,Genève,rail,ch:1:sloid:1008,Genève,ch:1:sloid:1008:3:6,2026-10-06,ch:1:sjyid:100001:41-001,rail,EuroCity,EC,EC,41,Genève,Venezia S. Lucia,5,,2026-10-06 03:27:00+00:00,,,False,,2026-10-06 04:29:35.987000+02:00,2026-10-06 05:27:00+02:00,,2026-10-06,5,Tuesday,False,57.400216666666665
20261006_022931,2026-10-06 02:29:35.987000+00:00,Genève,rail,ch:1:sloid:1008,Genève,ch:1:sloid:1008:1:1,2026-10-06,ch:1:sjyid:100001:23115-001,rail,Regio,RL4,RL4,23115,Annemasse,Coppet,1,,2026-10-06 03:30:00+00:00,2026-10-06 03:30:12+00:00,,True,0.2,2026-10-06 04:29:35.987000+02:00,2026-10-06 05:30:00+02:00,2026-10-06 05:30:12+02:00,2026-10-06,5,Tuesday,False,60.400216666666665
20261006_022931,2026-10-06 02:29:35.987000+00:00,Genève,rail,ch:1:sloid:1008,Genève,ch:1:sloid:1008:2:2,2026-10-06,ch:1:sjyid:100001:23116-001,rail,Regio,RL4,RL4,23116,Coppet,Annemasse,2,,2026-10-06 03:31:00+00:00,2026-10-06 03:31:42+00:00,,True,0.7,2026-10-06 04:29:35.987000+02:00,2026-10-06 05:31:00+02:00,2026-10-06 05:31:42+02:00,2026-10-06,5,Tuesday,False,61.400216666666665
20261006_022931,2026-10-06 02:29:35.987000+00:00,Genève,rail,ch:1:sloid:1008,Genève,ch:1:sloid:1008:3:6,2026-10-06,ch:1:sjyid:100001:707-001,rail,InterCity,IC1,IC1,707,Genève-Aéroport,St. Gallen,5,,2026-10-06 03:33:00+00:00,2026-10-06 03:34:18+00:00,,True,1.3,2026-10-06 04:29:35.987000+02:00,2026-10-06 05:33:00+02:00,2026-10-06 05:34:18+02:00,2026-10-06,5,Tuesday,False,63.400216666666665
20261006_022931,2026-10-06 02:29:35.987000+00:00,Genève,rail,ch:1:sloid:1008,Genève,ch:1:sloid:1008:3:4,2026-10-06,ch:1:sjyid:100001:18457-001,rail,RegioExpress,RE33,RE33,18457,Genève,Martigny,4,,2026-10-06 03:38:00+00:00,2026-10-06 03:38:12+00:00,,True,0.2,2026-10-06 04:29:35.987000+02:00,2026-10-06 05:38:00+02:00,2026-10-06 05:38:12+02:00,2026-10-06,5,Tuesday,False,68.40021666666667
20261006_022931,2026-10-06 02:29:35.987000+00:00,Genève,rail,ch:1:sloid:1008,Genève,ch:1:sloid:1008:2:3,2026-10-06,ch:1:sjyid:100001:18404-003,rail,RegioExpress,RE33,RE33,18404,Lausanne,Genève-Aéroport,3,,2026-10-06 03:38:00+00:00,2026-10-06 03:38:24+00:00,,True,0.4,2026-10-06 04:29:35.987000+02:00,2026-10-06 05:38:00+02:00,2026-10-06 05:38:24+02:00,2026-10-06,5,Tuesday,False,68.40021666666667
20261006_022931,2026-10-06 02:29:35.987000+00:00,Genève,rail,ch:1:sloid:1008,Genève,ch:1:sloid:1008:1:1,2026-10-06,ch:1:sjyid:100001:23215-001,rail,Regio,RL4,RL4,23215,Annemasse,Coppet,1,,2026-10-06 03:45:00+00:00,2026-10-06 03:45:12+00:00,,True,0.2,2026-10-06 04:29:35.987000+02:00,2026-10-06 05:45:00+02:00,2026-10-06 05:45:12+02:00,2026-10-06,5,Tuesday,False,75.40021666666667
20261006_022931,2026-10-06 02:29:35.987000+00:00,Genève,rail,ch:1:sloid:1008,Genève,ch:1:sloid:1008:2:2,2026-10-06,ch:1:sjyid:100001:23410-001,rail,Regio,RL2,RL2,23410,Coppet,Annecy,2,,2026-10-06 03:46:00+00:00,2026-10-06 03:46:42+00:00,,True,0.7,2026-10-06 04:29:35.987000+02:00,2026-10-06 05:46:00+02:00,2026-10-06 05:46:42+02:00,2026-10-06,5,Tuesday,False,76.40021666666667
20261006_022931,2026-10-06 02:29:35.987000+00:00,Genève,rail,ch:1:sloid:1008,Genève,ch:1:sloid:1008:4:8,2026-10-06,ch:1:sjyid:100001:96720-002,rail,Regio,RL6,RL6,96720,Genève,Bellegarde-sur-Valserine,7,,2026-10-06 03:53:00+00:00,2026-10-06 03:53:12+00:00,,True,0.2,2026-10-06 04:29:35.987000+02:00,2026-10-06 05:53:00+02:00,2026-10-06 05:53:12+02:00,2026-10-06,5,Tuesday,False,83.40021666666667
20261006_022931,2026-10-06 02:29:35.987000+00:00,Genève,rail,ch:1:sloid:1008,Genève,ch:1:sloid:1008:3:6,2026-10-06,ch:1:sjyid:100001:2509-001,rail,InterRegio,IR15,IR15,2509,Genève-Aéroport,Luzern,5,,2026-10-06 03:54:00+00:00,2026-10-06 03:54:30+00:00,,True,0.5,2026-10-06 04:29:35.987000+02:00,2026-10-06 05:54:00+02:00,2026-10-06 05:54:30+02:00,2026-10-06,5,Tuesday,False,84.40021666666667
20261006_022931,2026-10-06 02:29:35.987000+00:00,Genève,rail,ch:1:sloid:1008,Genève,ch:1:sloid:1008:1:1,2026-10-06,ch:1:sjyid:100001:23117-001,rail,Regio,RL4,RL4,23117,Annemasse,Coppet,1,,2026-10-06 04:00:00+00:00,2026-10-06 04:00:12+00:00,,True,0.2,2026-10-06 04:29:35.987000+02:00,2026-10-06 06:00:00+02:00,2026-10-06 06:00:12+02:00,2026-10-06,6,Tuesday,False,90.40021666666667
20261006_022931,2026-10-06 02:29:35.987000+00:00,Genève,rail,ch:1:sloid:1008,Genève,ch:1:sloid:1008:2:2,2026-10-06,ch:1:sjyid:100001:23118-001,rail,Regio,RL4,RL4,23118,Coppet,Annemasse,2,,2026-10-06 04:01:00+00:00,2026-10-06 04:01:42+00:00,,True,0.7,2026-10-06 04:29:35.987000+02:00,2026-10-06 06:01:00+02:00,2026-10-06 06:01:42+02:00,2026-10-06,6,Tuesday,False,91.40021666666667
20261006_022931,2026-10-06 02:29:35.987000+00:00,Genève,rail,ch:1:sloid:1008,Genève,ch:1:sloid:1008:2:3,2026-10-06,ch:1:sjyid:100001:1902-001,rail,InterRegio,IR,IR,1902,Genève,Genève-Aéroport,3,,2026-10-06 04:05:00+00:00,2026-10-06 04:06:00+00:00,,True,1.0,2026-10-06 04:29:35.987000+02:00,2026-10-06 06:05:00+02:00,2026-10-06 06:06:00+02:00,2026-10-06,6,Tuesday,False,95.40021666666667
20261006_022931,2026-10-06 02:29:35.987000+00:00,Genève,rail,ch:1:sloid:1008,Genève,ch:1:sloid:1008:3:4,2026-10-06,ch:1:sjyid:100001:1807-001,rail,InterRegio,IR90,IR90,1807,Genève,Brig,4,,2026-10-06 04:05:00+00:00,2026-10-06 04:05:30+00:00,,True,0.5,2026-10-06 04:29:35.987000+02:00,2026-10-06 06:05:00+02:00,2026-10-06 06:05:30+02:00,2026-10-06,6,Tuesday,False,95.40021666666667
20261006_022931,2026-10-06 02:29:35.987000+00:00,Genève,rail,ch:1:sloid:1008,Genève,ch:1:sloid:1008:2:2,2026-10-06,ch:1:sjyid:100001:18405-001,rail,RegioExpress,RE33,RE33,18405,Genève-Aéroport,St-Maurice,2,,2026-10-06 04:08:00+00:00,2026-10-06 04:08:12+00:00,,True,0.2,2026-10-06 04:29:35.987000+02:00,2026-10-06 06:08:00+02:00,2026-10-06 06:08:12+02:00,2026-10-06,6,Tuesday,False,98.40021666666667
20261006_022931,2026-10-06 02:29:35.987000+00:00,Genève,rail,ch:1:sloid:1008,Genève,ch:1:sloid:1008:4:7,2026-10-06,ch:1:sjyid:100001:96552-002,rail,Train Express Regional,TER,TER,96552,Genève,Lyon Part Dieu,6,,2026-10-06 04:14:00+00:00,2026-10-06 04:14:30+00:00,,True,0.5,2026-10-06 04:29:35.987000+02:00,2026-10-06 06:14:00+02:00,2026-10-06 06:14:30+02:00,2026-10-06,6,Tuesday,False,104.40021666666667
20261006_022931,2026-10-06 02:29:35.987000+00:00,Genève,rail,ch:1:sloid:1008,Genève,ch:1:sloid:1008:3:4,2026-10-06,ch:1:sjyid:100001:1651-001,rail,InterRegio,IR57,IR57,1651,Genève-Aéroport,Neuchâtel,4,,2026-10-06 04:15:00+00:00,2026-10-06 04:16:12+00:00,,True,1.2,2026-10-06 04:29:35.987000+02:00,2026-10-06 06:15:00+02:00,2026-10-06 06:16:12+02:00,2026-10-06,6,Tuesday,False,105.40021666666667
20261006_022931,2026-10-06 02:29:35.987000+00:00,Genève,rail,ch:1:sloid:1008,Genève,ch:1:sloid:1008:1:1,2026-10-06,ch:1:sjyid:100001:23217-001,rail,Regio,RL4,RL4,23217,Annemasse,Coppet,1,,2026-10-06 04:15:00+00:00,2026-10-06 04:15:12+00:00,,True,0.2,2026-10-06 04:29:35.987000+02:00,2026-10-06 06:15:00+02:00,2026-10-06 06:15:12+02:00,2026-10-06,6,Tuesday,False,105.40021666666667
20261006_022931,2026-10-06 02:29:35.987000+00:00,Genève,rail,ch:1:sloid:1008,Genève,ch:1:sloid:1008:2:2,2026-10-06,ch:1:sjyid:100001:23218-001,rail,Regio,RL4,RL4,23218,Coppet,Annemasse,2,,2026-10-06 04:16:00+00:00,2026-10-06 04:16:42+00:00,,True,0.7,2026-10-06 04:29:35.987000+02:00,2026-10-06 06:16:00+02:00,2026-10-06 06:16:42+02:00,2026-10-06,6,Tuesday,False,106.40021666666667
20261006_022931,2026-10-06 02:29:35.987000+00:00,Genève,rail,ch:1:sloid:1008,Genève,ch:1:sloid:1008:3:6,2026-10-06,ch:1:sjyid:100001:23018-002,rail,Regio,RL5,RL5,23018,Genève,La Plaine,5,,2026-10-06 04:18:00+00:00,,,False,,2026-10-06 04:29:35.987000+02:00,2026-10-06 06:18:00+02:00,,2026-10-06,6,Tuesday,False,108.40021666666667
20261006_022931,2026-10-06 02:29:36.503000+00:00,Lugano,rail,ch:1:sloid:5300,Lugano,ch:1:sloid:5300:2:3,2026-10-06,ch:1:sjyid:100001:25104-001,rail,S-Bahn,S10,S10,25104,Chiasso,Airolo,3,,2026-10-06 02:32:00+00:00,2026-10-06 02:38:00+00:00,,True,6.0,2026-10-06 04:29:36.503000+02:00,2026-10-06 04:32:00+02:00,2026-10-06 04:38:00+02:00,2026-10-06,4,Tuesday,False,2.3916166666666667
20261006_022931,2026-10-06 02:29:36.503000+00:00,Lugano,rail,ch:1:sloid:5300,Lugano,ch:1:sloid:5300:2:2,2026-10-06,ch:1:sjyid:100001:25755-001,rail,S-Bahn,S10,S10,25755,Bellinzona,Como Camerlata/Malpensa Aeroporto T2,2,,2026-10-06 03:06:00+00:00,2026-10-06 03:06:12+00:00,,True,0.2,2026-10-06 04:29:36.503000+02:00,2026-10-06 05:06:00+02:00,2026-10-06 05:06:12+02:00,2026-10-06,5,Tuesday,False,36.391616666666664
20261006_022931,2026-10-06 02:29:36.503000+00:00,Lugano,rail,ch:1:sloid:5300,Lugano,ch:1:sloid:5300:2:3,2026-10-06,ch:1:sjyid:100001:25106-001,rail,S-Bahn,S10,S10,25106,Chiasso,Biasca,3,,2026-10-06 03:22:00+00:00,2026-10-06 03:22:24+00:00,,True,0.4,2026-10-06 04:29:36.503000+02:00,2026-10-06 05:22:00+02:00,2026-10-06 05:22:24+02:00,2026-10-06,5,Tuesday,False,52.391616666666664
20261006_022931,2026-10-06 02:29:36.503000+00:00,Lugano,rail,ch:1:sloid:5300,Lugano,ch:1:sloid:5300:2:2,2026-10-06,ch:1:sjyid:100001:25107-001,rail,S-Bahn,S10,S10,25107,Castione-Arbedo,Como Camerlata,2,,2026-10-06 03:36:00+00:00,,,False,,2026-10-06 04:29:36.503000+02:00,2026-10-06 05:36:00+02:00,,2026-10-06,5,Tuesday,False,66.39161666666666
20261006_022931,2026-10-06 02:29:36.503000+00:00,Lugano,rail,ch:1:sloid:5300,Lugano,ch:1:sloid:5300:2:3,2026-10-06,ch:1:sjyid:100001:664-001,rail,InterCity,IC21,IC21,664,Chiasso,Basel SBB,3,,2026-10-06 04:00:00+00:00,2026-10-06 04:00:36+00:00,,True,0.6,2026-10-06 04:29:36.503000+02:00,2026-10-06 06:00:00+02:00,2026-10-06 06:00:36+02:00,2026-10-06,6,Tuesday,False,90.39161666666668
20261006_022931,2026-10-06 02:29:36.503000+00:00,Lugano,rail,ch:1:sloid:5300,Lugano,ch:1:sloid:5300:1:1,2026-10-06,ch:1:sjyid:100001:25507-001,rail,RegioExpress,RE80,RE80,25507,Lugano,Milano Centrale,1,,2026-10-06 04:02:00+00:00,,,False,,2026-10-06 04:29:36.503000+02:00,2026-10-06 06:02:00+02:00,,2026-10-06,6,Tuesday,False,92.39161666666668
20261006_022931,2026-10-06 02:29:36.503000+00:00,Lugano,rail,ch:1:sloid:5300,Lugano,ch:1:sloid:5300:3:4,2026-10-06,ch:1:sjyid:100001:25754-001,rail,S-Bahn,S10,S10,25754,Mendrisio,Biasca,4,,2026-10-06 04:03:00+00:00,2026-10-06 04:03:24+00:00,,True,0.4,2026-10-06 04:29:36.503000+02:00,2026-10-06 06:03:00+02:00,2026-10-06 06:03:24+02:00,2026-10-06,6,Tuesday,False,93.39161666666668
20261006_022931,2026-10-06 02:29:36.503000+00:00,Lugano,rail,ch:1:sloid:5300,Lugano,ch:1:sloid:5300:2:3,2026-10-06,ch:1:sjyid:100001:25500-001,rail,RegioExpress,RE80,RE80,25500,Chiasso,Locarno,3,,2026-10-06 04:05:00+00:00,2026-10-06 04:05:48+00:00,,True,0.8,2026-10-06 04:29:36.503000+02:00,2026-10-06 06:05:00+02:00,2026-10-06 06:05:48+02:00,2026-10-06,6,Tuesday,False,95.39161666666668
20261006_022931,2026-10-06 02:29:36.503000+00:00,Lugano,rail,ch:1:sloid:5300,Lugano,ch:1:sloid:5300:1:1,2026-10-06,ch:1:sjyid:100001:25757-001,rail,S-Bahn,S10,S10,25757,Biasca,Chiasso/Malpensa Aeroporto T2,1,,2026-10-06 04:06:00+00:00,2026-10-06 04:06:12+00:00,,True,0.2,2026-10-06 04:29:36.503000+02:00,2026-10-06 06:06:00+02:00,2026-10-06 06:06:12+02:00,2026-10-06,6,Tuesday,False,96.39161666666668
20261006_022931,2026-10-06 02:29:36.503000+00:00,Lugano,rail,ch:1:sloid:5300,Lugano,ch:1:sloid:5300:3:4,2026-10-06,ch:1:sjyid:100001:25908-001,rail,S-Bahn,S90,S90,25908,Lugano,Bellinzona,4,,2026-10-06 04:08:00+00:00,2026-10-06 04:08:42+00:00,,True,0.7,2026-10-06 04:29:36.503000+02:00,2026-10-06 06:08:00+02:00,2026-10-06 06:08:42+02:00,2026-10-06,6,Tuesday,False,98.39161666666668
20261006_022931,2026-10-06 02:29:36.503000+00:00,Lugano,rail,ch:1:sloid:5300,Lugano,ch:1:sloid:5300:2:3,2026-10-06,ch:1:sjyid:100001:25108-001,rail,S-Bahn,S10,S10,25108,Chiasso,Biasca,3,,2026-10-06 04:25:00+00:00,2026-10-06 04:25:24+00:00,,True,0.4,2026-10-06 04:29:36.503000+02:00,2026-10-06 06:25:00+02:00,2026-10-06 06:25:24+02:00,2026-10-06,6,Tuesday,False,115.39161666666668
20261006_022931,2026-10-06 02:29:36.503000+00:00,Lugano,rail,ch:1:sloid:5300,Lugano,ch:1:sloid:5300:2:3,2026-10-06,ch:1:sjyid:100001:1462-001,rail,InterCity,IC2,IC2,1462,Chiasso,Zürich HB,3,,2026-10-06 04:30:00+00:00,2026-10-06 04:31:00+00:00,,True,1.0,2026-10-06 04:29:36.503000+02:00,2026-10-06 06:30:00+02:00,2026-10-06 06:31:00+02:00,2026-10-06,6,Tuesday,False,120.39161666666668
20261006_022931,2026-10-06 02:29:36.503000+00:00,Lugano,rail,ch:1:sloid:5300,Lugano,ch:1:sloid:5300:3:4,2026-10-06,ch:1:sjyid:100001:25804-001,rail,RegioExpress,RE80,RE80,25804,Lugano,Locarno,4,,2026-10-06 04:35:00+00:00,,,False,,2026-10-06 04:29:36.503000+02:00,2026-10-06 06:35:00+02:00,,2026-10-06,6,Tuesday,False,125.39161666666668
20261006_022931,2026-10-06 02:29:36.503000+00:00,Lugano,rail,ch:1:sloid:5300,Lugano,ch:1:sloid:5300:2:2,2026-10-06,ch:1:sjyid:100001:25109-001,rail,S-Bahn,S10,S10,25109,Biasca,Como Camerlata,2,,2026-10-06 04:36:00+00:00,,,False,,2026-10-06 04:29:36.503000+02:00,2026-10-06 06:36:00+02:00,,2026-10-06,6,Tuesday,False,126.39161666666668
20261006_022931,2026-10-06 02:29:36.503000+00:00,Lugano,rail,ch:1:sloid:5300,Lugano,ch:1:sloid:5300:1:1,2026-10-06,ch:1:sjyid:100001:25956-001,rail,S-Bahn,S90,S90,25956,Lugano,Giubiasco,1,,2026-10-06 04:38:00+00:00,,,False,,2026-10-06 04:29:36.503000+02:00,2026-10-06 06:38:00+02:00,,2026-10-06,6,Tuesday,False,128.39161666666666
20261006_022931,2026-10-06 02:29:36.503000+00:00,Lugano,rail,ch:1:sloid:5300,Lugano,ch:1:sloid:5300:1:1,2026-10-06,ch:1:sjyid:100001:25907-001,rail,S-Bahn,S90,S90,25907,Bellinzona,Mendrisio,1,,2026-10-06 04:52:00+00:00,2026-10-06 04:52:12+00:00,,True,0.2,2026-10-06 04:29:36.503000+02:00,2026-10-06 06:52:00+02:00,2026-10-06 06:52:12+02:00,2026-10-06,6,Tuesday,False,142.39161666666666
20261006_022931,2026-10-06 02:29:36.503000+00:00,Lugano,rail,ch:1:sloid:5300,Lugano,ch:1:sloid:5300:2:3,2026-10-06,ch:1:sjyid:100001:25756-001,rail,S-Bahn,S10,S10,25756,Mendrisio,Biasca,3,,2026-10-06 04:55:00+00:00,,,False,,2026-10-06 04:29:36.503000+02:00,2026-10-06 06:55:00+02:00,,2026-10-06,6,Tuesday,False,145.39161666666666
20261006_022931,2026-10-06 02:29:36.503000+00:00,Lugano,rail,ch:1:sloid:5300,Lugano,ch:1:sloid:5300:2:2,2026-10-06,ch:1:sjyid:100001:866-001,rail,InterCity,IC2,IC2,866,Lugano,Zürich HB,2,,2026-10-06 05:02:00+00:00,,,False,,2026-10-06 04:29:36.503000+02:00,2026-10-06 07:02:00+02:00,,2026-10-06,7,Tuesday,False,152.39161666666666
20261006_022931,2026-10-06 02:29:36.503000+00:00,Lugano,rail,ch:1:sloid:5300,Lugano,ch:1:sloid:5300:3:4,2026-10-06,ch:1:sjyid:100001:25509-001,rail,RegioExpress,RE80,RE80,25509,Locarno,Milano Centrale,4,,2026-10-06 05:02:00+00:00,,,False,,2026-10-06 04:29:36.503000+02:00,2026-10-06 07:02:00+02:00,,2026-10-06,7,Tuesday,False,152.39161666666666
20261006_022931,2026-10-06 02:29:36.503000+00:00,Lugano,rail,ch:1:sloid:5300,Lugano,ch:1:sloid:5300:2:3,2026-10-06,ch:1:sjyid:100001:25504-010,rail,RegioExpress,RE80,RE80,25504,Milano Greco Pirelli,Locarno,3,,2026-10-06 05:05:00+00:00,2026-10-06 05:05:12+00:00,,True,0.2,2026-10-06 04:29:36.503000+02:00,2026-10-06 07:05:00+02:00,2026-10-06 07:05:12+02:00,2026-10-06,7,Tuesday,False,155.39161666666666
20261006_022931,2026-10-06 02:29:36.503000+00:00,Lugano,rail,ch:1:sloid:5300,Lugano,ch:1:sloid:5300:1:1,2026-10-06,ch:1:sjyid:100001:25759-001,rail,S-Bahn,S10,S10,25759,Biasca,Como S. Giovanni/Malpensa Aeroporto T2,1,,2026-10-06 05:06:00+00:00,,,False,,2026-10-06 04:29:36.503000+02:00,2026-10-06 07:06:00+02:00,,2026-10-06,7,Tuesday,False,156.39161666666666
20261006_022931,2026-10-06 02:29:36.503000+00:00,Lugano,rail,ch:1:sloid:5300,Lugano,ch:1:sloid:5300:2:3,2026-10-06,ch:1:sjyid:100001:25910-001,rail,S-Bahn,S90,S90,25910,Mendrisio,Bellinzona,3,,2026-10-06 05:08:00+00:00,,,False,,2026-10-06 04:29:36.503000+02:00,2026-10-06 07:08:00+02:00,,2026-10-06,7,Tuesday,False,158.39161666666666
20261006_022931,2026-10-06 02:29:36.503000+00:00,Lugano,rail,ch:1:sloid:5300,Lugano,ch:1:sloid:5300:2:3,2026-10-06,ch:1:sjyid:100001:25704-001,rail,RegioExpress,RE,RE,25704,Mendrisio,Giubiasco,3,,2026-10-06 05:18:00+00:00,,,False,,2026-10-06 04:29:36.503000+02:00,2026-10-06 07:18:00+02:00,,2026-10-06,7,Tuesday,False,168.39161666666666
20261006_022931,2026-10-06 02:29:36.503000+00:00,Lugano,rail,ch:1:sloid:5300,Lugano,ch:1:sloid:5300:3:4,2026-10-06,ch:1:sjyid:100001:25110-001,rail,S-Bahn,S10,S10,25110,Como Camerlata,Biasca,4,,2026-10-06 05:25:00+00:00,,,False,,2026-10-06 04:29:36.503000+02:00,2026-10-06 07:25:00+02:00,,2026-10-06,7,Tuesday,False,175.39161666666666
20261006_022931,2026-10-06 02:29:36.503000+00:00,Lugano,rail,ch:1:sloid:5300,Lugano,ch:1:sloid:5300:2:2,2026-10-06,ch:1:sjyid:100001:25811-001,rail,RegioExpress,RE80,RE80,25811,Locarno,Chiasso,2,,2026-10-06 05:25:00+00:00,,,False,,2026-10-06 04:29:36.503000+02:00,2026-10-06 07:25:00+02:00,,2026-10-06,7,Tuesday,False,175.39161666666666
20261006_022931,2026-10-06 02:29:36.503000+00:00,Lugano,rail,ch:1:sloid:5300,Lugano,ch:1:sloid:5300:2:3,2026-10-06,ch:1:sjyid:100001:1466-001,rail,InterCity,IC2,IC2,1466,Chiasso,Zürich HB,3,,2026-10-06 05:30:00+00:00,,,False,,2026-10-06 04:29:36.503000+02:00,2026-10-06 07:30:00+02:00,,2026-10-06,7,Tuesday,False,180.39161666666666
20261006_022931,2026-10-06 02:29:36.503000+00:00,Lugano,rail,ch:1:sloid:5300,Lugano,ch:1:sloid:5300:3:4,2026-10-06,ch:1:sjyid:100001:25806-001,rail,RegioExpress,RE80,RE80,25806,Chiasso,Locarno,4,,2026-10-06 05:35:00+00:00,,,False,,2026-10-06 04:29:36.503000+02:00,2026-10-06 07:35:00+02:00,,2026-10-06,7,Tuesday,False,185.39161666666666
20261006_022931,2026-10-06 02:29:36.503000+00:00,Lugano,rail,ch:1:sloid:5300,Lugano,ch:1:sloid:5300:2:2,2026-10-06,ch:1:sjyid:100001:25111-001,rail,S-Bahn,S10,S10,25111,Airolo,Como Camerlata,2,,2026-10-06 05:36:00+00:00,,,False,,2026-10-06 04:29:36.503000+02:00,2026-10-06 07:36:00+02:00,,2026-10-06,7,Tuesday,False,186.39161666666666
20261006_022931,2026-10-06 02:29:36.503000+00:00,Lugano,rail,ch:1:sloid:5300,Lugano,ch:1:sloid:5300:1:1,2026-10-06,ch:1:sjyid:100001:25958-001,rail,S-Bahn,S90,S90,25958,Lugano,Giubiasco,1,,2026-10-06 05:38:00+00:00,,,False,,2026-10-06 04:29:36.503000+02:00,2026-10-06 07:38:00+02:00,,2026-10-06,7,Tuesday,False,188.39161666666666
20261006_022931,2026-10-06 02:29:36.503000+00:00,Lugano,rail,ch:1:sloid:5300,Lugano,ch:1:sloid:5300_gen:ch:1:sloid:5300:3:4_pf:4A-C,2026-10-06,ch:1:sjyid:100001:25708-002,rail,RegioExpress,RE,RE,25708,Lugano,Bellinzona,4A-C,,2026-10-06 05:48:00+00:00,,,False,,2026-10-06 04:29:36.503000+02:00,2026-10-06 07:48:00+02:00,,2026-10-06,7,Tuesday,False,198.39161666666666
20261006_022931,2026-10-06 02:29:36.968000+00:00,Zürich,local,ch:1:sloid:87348,"Zürich, Bahnhofplatz/HB",ch:1:sloid:87348,2026-10-06,ch:1:sjyid:100648:plan:e6345605-e58b-4b1d-b701-68b61f6e0e20,bus,Bus,31,31,19,"Zürich, Herdernstrasse",Kienastenwies,,,2026-10-06 02:43:48+00:00,2026-10-06 02:43:48+00:00,,True,0.0,2026-10-06 04:29:36.968000+02:00,2026-10-06 04:43:48+02:00,2026-10-06 04:43:48+02:00,2026-10-06,4,Tuesday,False,14.183866666666667
20261006_022931,2026-10-06 02:29:36.968000+00:00,Zürich,local,ch:1:sloid:87348,"Zürich, Bahnhofplatz/HB",ch:1:sloid:87348,2026-10-06,ch:1:sjyid:100648:plan:cdfcd4f1-7cb9-472f-83d8-137d0421f0e5,bus,Bus,31,31,46,"Zürich, Herdernstrasse",Kienastenwies,,,2026-10-06 02:58:48+00:00,,,False,,2026-10-06 04:29:36.968000+02:00,2026-10-06 04:58:48+02:00,,2026-10-06,4,Tuesday,False,29.183866666666667
20261006_022931,2026-10-06 02:29:36.968000+00:00,Zürich,local,ch:1:sloid:87348,"Zürich, Bahnhofplatz/HB",ch:1:sloid:87348::0,2026-10-06,ch:1:sjyid:100648:plan:23fc558c-1a4a-4b40-9c2b-89be4d582975,tram,Tram,6,6,488,"Zürich, Bahnhofplatz/HB",Zoo,,,2026-10-06 02:59:24+00:00,2026-10-06 02:59:24+00:00,,True,0.0,2026-10-06 04:29:36.968000+02:00,2026-10-06 04:59:24+02:00,2026-10-06 04:59:24+02:00,2026-10-06,4,Tuesday,False,29.783866666666665
20261006_022931,2026-10-06 02:29:36.968000+00:00,Zürich,local,ch:1:sloid:87348,"Zürich, Bahnhofplatz/HB",ch:1:sloid:87348::0,2026-10-06,ch:1:sjyid:100648:plan:7e1a7a33-3123-4564-8273-44fd988b002a,tram,Tram,3,3,542,"Zürich,Kalkbreite/Bhf.Wiedikon",Klusplatz,,,2026-10-06 03:08:48+00:00,,,False,,2026-10-06 04:29:36.968000+02:00,2026-10-06 05:08:48+02:00,,2026-10-06,5,Tuesday,False,39.18386666666667
20261006_022931,2026-10-06 02:29:36.968000+00:00,Zürich,local,ch:1:sloid:87348,"Zürich, Bahnhofplatz/HB",ch:1:sloid:87348::1,2026-10-06,ch:1:sjyid:100648:plan:4cf127ce-6a2f-4736-bd6f-0e9954939980,tram,Tram,14,14,912,"Zürich, Bahnhofplatz/HB",Triemli,,,2026-10-06 03:11:48+00:00,,,False,,2026-10-06 04:29:36.968000+02:00,2026-10-06 05:11:48+02:00,,2026-10-06,5,Tuesday,False,42.18386666666667
20261006_022931,2026-10-06 02:29:36.968000+00:00,Zürich,local,ch:1:sloid:87348,"Zürich, Bahnhofplatz/HB",ch:1:sloid:87348,2026-10-06,ch:1:sjyid:100648:plan:e2b3b155-66ec-44bd-b89d-a3a21e97a898,bus,Bus,31,31,221,"Zürich, Herdernstrasse",Kienastenwies,,,2026-10-06 03:13:48+00:00,,,False,,2026-10-06 04:29:36.968000+02:00,2026-10-06 05:13:48+02:00,,2026-10-06,5,Tuesday,False,44.18386666666667
20261006_022931,2026-10-06 02:29:36.968000+00:00,Zürich,local,ch:1:sloid:87348,"Zürich, Bahnhofplatz/HB",ch:1:sloid:87348::0,2026-10-06,ch:1:sjyid:100648:plan:8b1498e2-afe2-4f3f-a6aa-29f5c39f9f78,tram,Tram,6,6,1031,"Zürich, Bahnhofplatz/HB",Zoo,,,2026-10-06 03:14:24+00:00,2026-10-06 03:14:24+00:00,,True,0.0,2026-10-06 04:29:36.968000+02:00,2026-10-06 05:14:24+02:00,2026-10-06 05:14:24+02:00,2026-10-06,5,Tuesday,False,44.78386666666667
20261006_022931,2026-10-06 02:29:36.968000+00:00,Zürich,local,ch:1:sloid:87348,"Zürich, Bahnhofplatz/HB",ch:1:sloid:87348::0,2026-10-06,ch:1:sjyid:100648:plan:0ffa35f0-7d5b-4157-a724-b1127ffa7929,tram,Tram,3,3,1081,"Zürich,Kalkbreite/Bhf.Wiedikon",Klusplatz,,,2026-10-06 03:23:48+00:00,,,False,,2026-10-06 04:29:36.968000+02:00,2026-10-06 05:23:48+02:00,,2026-10-06,5,Tuesday,False,54.18386666666667
20261006_022931,2026-10-06 02:29:36.968000+00:00,Zürich,local,ch:1:sloid:87348,"Zürich, Bahnhofplatz/HB",ch:1:sloid:87348::1,2026-10-06,ch:1:sjyid:100648:plan:7f11bacd-c9b3-416b-8a73-4f259858a3cd,tram,Tram,14,14,1340,"Zürich, Bahnhofplatz/HB",Triemli,,,2026-10-06 03:26:48+00:00,,,False,,2026-10-06 04:29:36.968000+02:00,2026-10-06 05:26:48+02:00,,2026-10-06,5,Tuesday,False,57.18386666666667
20261006_022931,2026-10-06 02:29:36.968000+00:00,Zürich,local,ch:1:sloid:87348,"Zürich, Bahnhofplatz/HB",ch:1:sloid:87348,2026-10-06,ch:1:sjyid:100648:plan:2e5612ab-bd4e-448c-bc1e-cf9674e58c55,bus,Bus,31,31,351,"Zürich, Hermetschloo",Kienastenwies,,,2026-10-06 03:28:54+00:00,,,False,,2026-10-06 04:29:36.968000+02:00,2026-10-06 05:28:54+02:00,,2026-10-06,5,Tuesday,False,59.28386666666667
20261006_022931,2026-10-06 02:29:36.968000+00:00,Zürich,local,ch:1:sloid:87348,"Zürich, Bahnhofplatz/HB",ch:1:sloid:87348::11,2026-10-06,ch:1:sjyid:100648:plan:387f5ddf-ca1b-4d10-be46-fd29c4271e71,bus,Bus,31,31,362,"Zürich, Kienastenwies",Hermetschloo,,,2026-10-06 03:28:12+00:00,2026-10-06 03:28:12+00:00,,True,0.0,2026-10-06 04:29:36.968000+02:00,2026-10-06 05:28:12+02:00,2026-10-06 05:28:12+02:00,2026-10-06,5,Tuesday,False,58.58386666666667
20261006_022931,2026-10-06 02:29:36.968000+00:00,Zürich,local,ch:1:sloid:87348,"Zürich, Bahnhofplatz/HB",ch:1:sloid:87348::0,2026-10-06,ch:1:sjyid:100648:plan:1c07304f-2c13-450f-8b58-deffd84ca165,tram,Tram,6,6,1441,"Zürich, Bahnhofplatz/HB",Zoo,,,2026-10-06 03:29:24+00:00,,,False,,2026-10-06 04:29:36.968000+02:00,2026-10-06 05:29:24+02:00,,2026-10-06,5,Tuesday,False,59.78386666666667
20261006_022931,2026-10-06 02:29:36.968000+00:00,Zürich,local,ch:1:sloid:87348,"Zürich, Bahnhofplatz/HB",ch:1:sloid:87348,2026-10-06,ch:1:sjyid:100648:plan:e950f2ba-1b14-4613-ba3a-3a6de41874e3,bus,Bus,33,33,697,"Zürich, Herdernstrasse",Hegibachplatz,,,2026-10-06 03:32:54+00:00,,,False,,2026-10-06 04:29:36.968000+02:00,2026-10-06 05:32:54+02:00,,2026-10-06,5,Tuesday,False,63.28386666666667
20261006_022931,2026-10-06 02:29:36.968000+00:00,Zürich,local,ch:1:sloid:87348,"Zürich, Bahnhofplatz/HB",ch:1:sloid:87348::1,2026-10-06,ch:1:sjyid:100648:plan:1d736d09-3669-440e-a8b1-c355d6683199,tram,Tram,3,3,1258,"Zürich, Klusplatz",Albisrieden,,,2026-10-06 03:34:36+00:00,,,False,,2026-10-06 04:29:36.968000+02:00,2026-10-06 05:34:36+02:00,,2026-10-06,5,Tuesday,False,64.98386666666667
20261006_022931,2026-10-06 02:29:36.968000+00:00,Zürich,local,ch:1:sloid:87348,"Zürich, Bahnhofplatz/HB",ch:1:sloid:87348,2026-10-06,ch:1:sjyid:100648:plan:c6cbe889-620b-4a81-b5cb-8b9ce942fca2,bus,Bus,31,31,817,"Zürich, Herdernstrasse",Kienastenwies,,,2026-10-06 03:35:48+00:00,,,False,,2026-10-06 04:29:36.968000+02:00,2026-10-06 05:35:48+02:00,,2026-10-06,5,Tuesday,False,66.18386666666667
20261006_022931,2026-10-06 02:29:36.968000+00:00,Zürich,local,ch:1:sloid:87348,"Zürich, Bahnhofplatz/HB",ch:1:sloid:87348::0,2026-10-06,ch:1:sjyid:100648:plan:c93a984a-6bde-47b6-8c62-bea45ed7c1a4,tram,Tram,3,3,1113,"Zürich, Albisrieden",Klusplatz,,,2026-10-06 03:36:48+00:00,,,False,,2026-10-06 04:29:36.968000+02:00,2026-10-06 05:36:48+02:00,,2026-10-06,5,Tuesday,False,67.18386666666667
20261006_022931,2026-10-06 02:29:36.968000+00:00,Zürich,local,ch:1:sloid:87348,"Zürich, Bahnhofplatz/HB",ch:1:sloid:87348::1,2026-10-06,ch:1:sjyid:100648:plan:e11577be-110a-4821-8cc1-fa37fa34e223,tram,Tram,14,14,1788,"Zürich, Bahnhofplatz/HB",Triemli,,,2026-10-06 03:41:48+00:00,,,False,,2026-10-06 04:29:36.968000+02:00,2026-10-06 05:41:48+02:00,,2026-10-06,5,Tuesday,False,72.18386666666667
20261006_022931,2026-10-06 02:29:36.968000+00:00,Zürich,local,ch:1:sloid:87348,"Zürich, Bahnhofplatz/HB",ch:1:sloid:87348,2026-10-06,ch:1:sjyid:100648:plan:9f03763b-c550-42dc-814e-4f4ebf915324,bus,Bus,31,31,752,"Zürich, Hermetschloo",Kienastenwies,,,2026-10-06 03:43:54+00:00,,,False,,2026-10-06 04:29:36.968000+02:00,2026-10-06 05:43:54+02:00,,2026-10-06,5,Tuesday,False,74.28386666666667
20261006_022931,2026-10-06 02:29:36.968000+00:00,Zürich,local,ch:1:sloid:87348,"Zürich, Bahnhofplatz/HB",ch:1:sloid:87348::11,2026-10-06,ch:1:sjyid:100648:plan:188e02f3-e7dc-48bf-b918-cf0a3eaa42da,bus,Bus,31,31,763,"Zürich, Kienastenwies",Hermetschloo,,,2026-10-06 03:43:12+00:00,,,False,,2026-10-06 04:29:36.968000+02:00,2026-10-06 05:43:12+02:00,,2026-10-06,5,Tuesday,False,73.58386666666667
20261006_022931,2026-10-06 02:29:36.968000+00:00,Zürich,local,ch:1:sloid:87348,"Zürich, Bahnhofplatz/HB",ch:1:sloid:87348,2026-10-06,ch:1:sjyid:100648:plan:c47682d1-c3a4-484f-a54b-6bdc4b10aec0,tram,Tram,6,6,1880,"Zürich, Bahnhofplatz/HB",Zoo,,,2026-10-06 03:44:24+00:00,,,False,,2026-10-06 04:29:36.968000+02:00,2026-10-06 05:44:24+02:00,,2026-10-06,5,Tuesday,False,74.78386666666667
20261006_022931,2026-10-06 02:29:36.968000+00:00,Zürich,local,ch:1:sloid:87348,"Zürich, Bahnhofplatz/HB",ch:1:sloid:87348,2026-10-06,ch:1:sjyid:100648:plan:2dd9999d-0cd1-4993-8a64-1cc89630cbfc,bus,Bus,33,33,1144,"Zürich, Herdernstrasse",Hegibachplatz,,,2026-10-06 03:46:54+00:00,,,False,,2026-10-06 04:29:36.968000+02:00,2026-10-06 05:46:54+02:00,,2026-10-06,5,Tuesday,False,77.28386666666667
20261006_022931,2026-10-06 02:29:36.968000+00:00,Zürich,local,ch:1:sloid:87348,"Zürich, Bahnhofplatz/HB",ch:1:sloid:87348::0,2026-10-06,ch:1:sjyid:100648:plan:fc46eb28-dac2-47fe-9c37-96b768734b9b,tram,Tram,51,51,1546,"Zürich, Kappeli",Seebach,,,2026-10-06 03:48:12+00:00,,,False,,2026-10-06 04:29:36.968000+02:00,2026-10-06 05:48:12+02:00,,2026-10-06,5,Tuesday,False,78.58386666666667
20261006_022931,2026-10-06 02:29:36.968000+00:00,Zürich,local,ch:1:sloid:87348,"Zürich, Bahnhofplatz/HB",ch:1:sloid:87348::1,2026-10-06,ch:1:sjyid:100648:plan:35ee1fda-febe-49d3-b8a0-1b260697df2e,tram,Tram,3,3,1692,"Zürich, Klusplatz",Albisrieden,,,2026-10-06 03:49:36+00:00,,,False,,2026-10-06 04:29:36.968000+02:00,2026-10-06 05:49:36+02:00,,2026-10-06,5,Tuesday,False,79.98386666666667
20261006_022931,2026-10-06 02:29:36.968000+00:00,Zürich,local,ch:1:sloid:87348,"Zürich, Bahnhofplatz/HB",ch:1:sloid:87348,2026-10-06,ch:1:sjyid:100648:plan:76c2b13b-71e0-431c-ac8b-4d6bf6ba71e1,bus,Bus,31,31,1270,"Zürich, Herdernstrasse",Kienastenwies,,,2026-10-06 03:50:48+00:00,,,False,,2026-10-06 04:29:36.968000+02:00,2026-10-06 05:50:48+02:00,,2026-10-06,5,Tuesday,False,81.18386666666667
20261006_022931,2026-10-06 02:29:36.968000+00:00,Zürich,local,ch:1:sloid:87348,"Zürich, Bahnhofplatz/HB",ch:1:sloid:87348::0,2026-10-06,ch:1:sjyid:100648:plan:6f45fd76-9fa6-4cb5-ac48-aa8feade413c,tram,Tram,3,3,1526,"Zürich, Albisrieden",Klusplatz,,,2026-10-06 03:51:48+00:00,,,False,,2026-10-06 04:29:36.968000+02:00,2026-10-06 05:51:48+02:00,,2026-10-06,5,Tuesday,False,82.18386666666667
20261006_022931,2026-10-06 02:29:36.968000+00:00,Zürich,local,ch:1:sloid:87348,"Zürich, Bahnhofplatz/HB",ch:1:sloid:87348::0,2026-10-06,ch:1:sjyid:100648:plan:ca430bf7-ea6d-4072-b739-958269218ad5,tram,Tram,3,3,1737,"Zürich, Kappeli",Klusplatz,,,2026-10-06 03:56:48+00:00,,,False,,2026-10-06 04:29:36.968000+02:00,2026-10-06 05:56:48+02:00,,2026-10-06,5,Tuesday,False,87.18386666666667
20261006_022931,2026-10-06 02:29:36.968000+00:00,Zürich,local,ch:1:sloid:87348,"Zürich, Bahnhofplatz/HB",ch:1:sloid:87348::1,2026-10-06,ch:1:sjyid:100648:plan:0faad90f-9e70-4a9a-9972-2f7467d528fa,tram,Tram,14,14,2255,"Zürich, Bahnhofplatz/HB",Triemli,,,2026-10-06 03:56:48+00:00,,,False,,2026-10-06 04:29:36.968000+02:00,2026-10-06 05:56:48+02:00,,2026-10-06,5,Tuesday,False,87.18386666666667
20261006_022931,2026-10-06 02:29:36.968000+00:00,Zürich,local,ch:1:sloid:87348,"Zürich, Bahnhofplatz/HB",ch:1:sloid:87348,2026-10-06,ch:1:sjyid:100648:plan:797ddf12-76d5-4d97-bc07-a60f6d2e5265,bus,Bus,31,31,1211,"Zürich, Hermetschloo",Kienastenwies,,,2026-10-06 03:58:54+00:00,,,False,,2026-10-06 04:29:36.968000+02:00,2026-10-06 05:58:54+02:00,,2026-10-06,5,Tuesday,False,89.28386666666667
20261006_022931,2026-10-06 02:29:36.968000+00:00,Zürich,local,ch:1:sloid:87348,"Zürich, Bahnhofplatz/HB",ch:1:sloid:87348::11,2026-10-06,ch:1:sjyid:100648:plan:7d3758a8-eefe-43e2-9656-4bccca0e8a6d,bus,Bus,31,31,1223,"Zürich, Kienastenwies",Hermetschloo,,,2026-10-06 03:58:12+00:00,,,False,,2026-10-06 04:29:36.968000+02:00,2026-10-06 05:58:12+02:00,,2026-10-06,5,Tuesday,False,88.58386666666667
20261006_022931,2026-10-06 02:29:36.968000+00:00,Zürich,local,ch:1:sloid:87348,"Zürich, Bahnhofplatz/HB",ch:1:sloid:87348::0,2026-10-06,ch:1:sjyid:100648:plan:c243a60b-d758-4ef2-ad1b-b09da6f37468,tram,Tram,6,6,2359,"Zürich, Bahnhofplatz/HB",Zoo,,,2026-10-06 03:59:24+00:00,,,False,,2026-10-06 04:29:36.968000+02:00,2026-10-06 05:59:24+02:00,,2026-10-06,5,Tuesday,False,89.78386666666667
20261006_022931,2026-10-06 02:29:37.444000+00:00,Bern,local,ch:1:sloid:76646,"Bern, Bahnhof",ch:1:sloid:76646:0:19,2026-10-06,ch:1:sjyid:100626:plan:698dece6-f0e3-4ae7-b292-de47357aa7b4,bus,Bus,10,10,32475,"Bern, Monbijou",Ostermundigen Rüti,L,,2026-10-06 03:07:06+00:00,,,False,,2026-10-06 04:29:37.444000+02:00,2026-10-06 05:07:06+02:00,,2026-10-06,5,Tuesday,False,37.47593333333334
20261006_022931,2026-10-06 02:29:37.444000+00:00,Bern,local,ch:1:sloid:76646,"Bern, Bahnhof",ch:1:sloid:76646:0:7,2026-10-06,ch:1:sjyid:100626:plan:f913677e-3c8c-4d39-bddc-6dc84f41d430,tram,Tram,7,7,10717,"Bern, Bärenplatz",Bümpliz,D,,2026-10-06 03:12:36+00:00,,,False,,2026-10-06 04:29:37.444000+02:00,2026-10-06 05:12:36+02:00,,2026-10-06,5,Tuesday,False,42.97593333333334
20261006_022931,2026-10-06 02:29:37.444000+00:00,Bern,local,ch:1:sloid:76646,"Bern, Bahnhof",ch:1:sloid:76646:0:19,2026-10-06,ch:1:sjyid:100626:plan:8c7f7e3f-d262-4365-9fb9-63ca859ecca3,bus,Bus,10,10,32704,"Bern, Hirschengraben",Ostermundigen Rüti,L,,2026-10-06 03:14:06+00:00,,,False,,2026-10-06 04:29:37.444000+02:00,2026-10-06 05:14:06+02:00,,2026-10-06,5,Tuesday,False,44.47593333333334
20261006_022931,2026-10-06 02:29:37.444000+00:00,Bern,local,ch:1:sloid:76646,"Bern, Bahnhof",ch:1:sloid:76646:0:3,2026-10-06,ch:1:sjyid:100626:plan:3e9eed39-fec9-4454-8455-36451eaecc97,tram,Tram,8,8,16694,"Bern, Bärenplatz",Brünnen Bhf,C,,2026-10-06 03:14:30+00:00,,,False,,2026-10-06 04:29:37.444000+02:00,2026-10-06 05:14:30+02:00,,2026-10-06,5,Tuesday,False,44.875933333333336
20261006_022931,2026-10-06 02:29:37.444000+00:00,Bern,local,ch:1:sloid:76646,"Bern, Bahnhof",ch:1:sloid:76646:0:3,2026-10-06,ch:1:sjyid:100626:plan:7fdebfd6-f8be-473c-849f-5951ecf8941b,tram,Tram,8,8,16696,"Bern, Bärenplatz",Brünnen Bhf,C,,2026-10-06 03:21:30+00:00,,,False,,2026-10-06 04:29:37.444000+02:00,2026-10-06 05:21:30+02:00,,2026-10-06,5,Tuesday,False,51.875933333333336
20261006_022931,2026-10-06 02:29:37.444000+00:00,Bern,local,ch:1:sloid:76646,"Bern, Bahnhof",ch:1:sloid:76646:0:3,2026-10-06,ch:1:sjyid:100626:plan:8c996bb5-cc4f-4b5f-87e6-c88bf072e47f,tram,Tram,6,6,5861,"Bern, Bärenplatz",Fischermätteli,C,,2026-10-06 03:23:36+00:00,,,False,,2026-10-06 04:29:37.444000+02:00,2026-10-06 05:23:36+02:00,,2026-10-06,5,Tuesday,False,53.97593333333334
20261006_022931,2026-10-06 02:29:37.444000+00:00,Bern,local,ch:1:sloid:76646,"Bern, Bahnhof",ch:1:sloid:76646:0:19,2026-10-06,ch:1:sjyid:100626:plan:be1d67f2-eb40-4943-8d5f-ce3c95403d17,bus,Bus,10,10,32494,"Bern, Monbijou",Ostermundigen Rüti,L,,2026-10-06 03:24:06+00:00,,,False,,2026-10-06 04:29:37.444000+02:00,2026-10-06 05:24:06+02:00,,2026-10-06,5,Tuesday,False,54.47593333333334
20261006_022931,2026-10-06 02:29:37.444000+00:00,Bern,local,ch:1:sloid:76646,"Bern, Bahnhof",ch:1:sloid:76646:0:7,2026-10-06,ch:1:sjyid:100626:plan:462a0718-22bb-4023-af46-289213233b8b,tram,Tram,7,7,10722,"Bern, Bärenplatz",Bümpliz,D,,2026-10-06 03:25:36+00:00,,,False,,2026-10-06 04:29:37.444000+02:00,2026-10-06 05:25:36+02:00,,2026-10-06,5,Tuesday,False,55.97593333333334
20261006_022931,2026-10-06 02:29:37.444000+00:00,Bern,local,ch:1:sloid:76646,"Bern, Bahnhof",ch:1:sloid:76646:0:3,2026-10-06,ch:1:sjyid:100626:plan:1e59c065-668a-4cd9-b44d-8323bf7f6b8e,tram,Tram,8,8,16700,"Bern, Bärenplatz",Brünnen Bhf,C,,2026-10-06 03:31:30+00:00,,,False,,2026-10-06 04:29:37.444000+02:00,2026-10-06 05:31:30+02:00,,2026-10-06,5,Tuesday,False,61.875933333333336
20261006_022931,2026-10-06 02:29:37.444000+00:00,Bern,local,ch:1:sloid:76646,"Bern, Bahnhof",ch:1:sloid:76646:0:13,2026-10-06,ch:1:sjyid:100626:plan:3d22ff1f-4bae-41a3-9656-88cd38493bbe,bus,Bus,20,20,62235,"Bern, Bahnhof",Wankdorf Bhf,E,,2026-10-06 03:33:48+00:00,,,False,,2026-10-06 04:29:37.444000+02:00,2026-10-06 05:33:48+02:00,,2026-10-06,5,Tuesday,False,64.17593333333333
20261006_022931,2026-10-06 02:29:37.444000+00:00,Bern,local,ch:1:sloid:76646,"Bern, Bahnhof",ch:1:sloid:76646:0:19,2026-10-06,ch:1:sjyid:100626:plan:77ac7c69-2fc6-4eba-9db0-7840e36f1c77,bus,Bus,10,10,32708,"Bern, Hirschengraben",Ostermundigen Rüti,L,,2026-10-06 03:34:06+00:00,,,False,,2026-10-06 04:29:37.444000+02:00,2026-10-06 05:34:06+02:00,,2026-10-06,5,Tuesday,False,64.47593333333333
20261006_022931,2026-10-06 02:29:37.444000+00:00,Bern,local,ch:1:sloid:76646,"Bern, Bahnhof",ch:1:sloid:76646:0:3,2026-10-06,ch:1:sjyid:100626:plan:ea702076-274f-460c-965f-585a69029365,tram,Tram,8,8,16702,"Bern, Bärenplatz",Brünnen Bhf,C,,2026-10-06 03:37:30+00:00,,,False,,2026-10-06 04:29:37.444000+02:00,2026-10-06 05:37:30+02:00,,2026-10-06,5,Tuesday,False,67.87593333333334
20261006_022931,2026-10-06 02:29:37.444000+00:00,Bern,local,ch:1:sloid:76646,"Bern, Bahnhof",ch:1:sloid:76646:0:19,2026-10-06,ch:1:sjyid:100626:plan:b26b2c6b-e291-4936-b2cd-f206ad13bde3,bus,Bus,10,10,32514,"Bern, Monbijou",Ostermundigen Rüti,L,,2026-10-06 03:42:06+00:00,,,False,,2026-10-06 04:29:37.444000+02:00,2026-10-06 05:42:06+02:00,,2026-10-06,5,Tuesday,False,72.47593333333333
20261006_022931,2026-10-06 02:29:37.444000+00:00,Bern,local,ch:1:sloid:76646,"Bern, Bahnhof",ch:1:sloid:76646:0:2,2026-10-06,ch:1:sjyid:100626:plan:d035692e-ed5e-4ff4-ab29-a0e08f90a5c7,bus,Bus,8A,8A,77499,"Bern, Bahnhof",Saali,K2,,2026-10-06 03:43:36+00:00,,,False,,2026-10-06 04:29:37.444000+02:00,2026-10-06 05:43:36+02:00,,2026-10-06,5,Tuesday,False,73.97593333333333
20261006_022931,2026-10-06 02:29:37.444000+00:00,Bern,local,ch:1:sloid:76646,"Bern, Bahnhof",ch:1:sloid:76646:0:3,2026-10-06,ch:1:sjyid:100626:plan:1312b054-93f1-4a9f-b3da-ccf30b34426b,tram,Tram,8,8,16705,"Bern, Bärenplatz",Brünnen Bhf,C,,2026-10-06 03:43:30+00:00,,,False,,2026-10-06 04:29:37.444000+02:00,2026-10-06 05:43:30+02:00,,2026-10-06,5,Tuesday,False,73.87593333333332
20261006_022931,2026-10-06 02:29:37.444000+00:00,Bern,local,ch:1:sloid:76646,"Bern, Bahnhof",ch:1:sloid:76646:0:7,2026-10-06,ch:1:sjyid:100626:plan:abb0c5ba-74e2-4883-a8e8-1e2a80c937e7,tram,Tram,7,7,10728,"Bern, Bärenplatz",Bümpliz,D,,2026-10-06 03:45:36+00:00,,,False,,2026-10-06 04:29:37.444000+02:00,2026-10-06 05:45:36+02:00,,2026-10-06,5,Tuesday,False,75.97593333333333
20261006_022931,2026-10-06 02:29:37.444000+00:00,Bern,local,ch:1:sloid:76646,"Bern, Bahnhof",ch:1:sloid:76646:0:15,2026-10-06,ch:1:sjyid:100626:plan:7f872e70-19c0-48a7-82ed-64f34381d187,bus,Bus,20,20,65081,"Bern Wankdorf, Bahnhof",Länggasse,F,,2026-10-06 03:47:48+00:00,,,False,,2026-10-06 04:29:37.444000+02:00,2026-10-06 05:47:48+02:00,,2026-10-06,5,Tuesday,False,78.17593333333333
20261006_022931,2026-10-06 02:29:37.444000+00:00,Bern,local,ch:1:sloid:76646,"Bern, Bahnhof",ch:1:sloid:76646:0:19,2026-10-06,ch:1:sjyid:100626:plan:d3481e1e-240e-4852-af4c-c2c1f41b486c,bus,Bus,10,10,34450,"Schliern, Bus-Endstation",Ostermundigen Rüti,L,,2026-10-06 03:48:00+00:00,,,False,,2026-10-06 04:29:37.444000+02:00,2026-10-06 05:48:00+02:00,,2026-10-06,5,Tuesday,False,78.37593333333332
20261006_022931,2026-10-06 02:29:37.444000+00:00,Bern,local,ch:1:sloid:76646,"Bern, Bahnhof",ch:1:sloid:76646:0:20,2026-10-06,ch:1:sjyid:100626:plan:75a6c531-1f1c-4141-99bc-34eaca2d013d,bus,Bus,19,19,58496,"Spiegel, Blinzern",Elfenau,M,,2026-10-06 03:48:00+00:00,,,False,,2026-10-06 04:29:37.444000+02:00,2026-10-06 05:48:00+02:00,,2026-10-06,5,Tuesday,False,78.37593333333332
20261006_022931,2026-10-06 02:29:37.444000+00:00,Bern,local,ch:1:sloid:76646,"Bern, Bahnhof",ch:1:sloid:76646:0:10,2026-10-06,ch:1:sjyid:100626:plan:95af5ab9-9b16-4d24-90bf-7b64eef1e983,tram,Tram,3,3,1456,"Bern, Bahnhof",Weissenbühl,J,,2026-10-06 03:48:00+00:00,,,False,,2026-10-06 04:29:37.444000+02:00,2026-10-06 05:48:00+02:00,,2026-10-06,5,Tuesday,False,78.37593333333332
20261006_022931,2026-10-06 02:29:37.444000+00:00,Bern,local,ch:1:sloid:76646,"Bern, Bahnhof",ch:1:sloid:76646:0:7,2026-10-06,ch:1:sjyid:100626:plan:b627cd68-1735-4b9f-ae57-aa034b5cab04,bus,Bus,12,12,52876,"Bern, Zentrum Paul Klee",Holligen,D,,2026-10-06 03:48:00+00:00,,,False,,2026-10-06 04:29:37.444000+02:00,2026-10-06 05:48:00+02:00,,2026-10-06,5,Tuesday,False,78.37593333333332
20261006_022931,2026-10-06 02:29:37.444000+00:00,Bern,local,ch:1:sloid:76646,"Bern, Bahnhof",ch:1:sloid:76646:0:20,2026-10-06,ch:1:sjyid:100626:plan:48a813d7-fb78-4ba6-875a-33a997427167,bus,Bus,17,17,57772,"Bern, Bahnhof",Köniz Weiermatt,M,,2026-10-06 03:48:00+00:00,,,False,,2026-10-06 04:29:37.444000+02:00,2026-10-06 05:48:00+02:00,,2026-10-06,5,Tuesday,False,78.37593333333332
20261006_022931,2026-10-06 02:29:37.444000+00:00,Bern,local,ch:1:sloid:76646,"Bern, Bahnhof",ch:1:sloid:76646:0:5,2026-10-06,ch:1:sjyid:100626:plan:f90ce336-b0ef-4cb0-9a0c-159d1b07c3b8,bus,Bus,12,12,50168,"Bern, Holligen",Zentrum Paul Klee,A,,2026-10-06 03:48:00+00:00,,,False,,2026-10-06 04:29:37.444000+02:00,2026-10-06 05:48:00+02:00,,2026-10-06,5,Tuesday,False,78.37593333333332
20261006_022931,2026-10-06 02:29:37.444000+00:00,Bern,local,ch:1:sloid:76646,"Bern, Bahnhof",ch:1:sloid:76646:0:11,2026-10-06,ch:1:sjyid:100626:plan:60bd780a-47e6-425b-8ca8-dfcbae9f79bb,bus,Bus,10,10,42751,"Ostermundigen, Rüti",Schliern,I,,2026-10-06 03:48:00+00:00,,,False,,2026-10-06 04:29:37.444000+02:00,2026-10-06 05:48:00+02:00,,2026-10-06,5,Tuesday,False,78.37593333333332
20261006_022931,2026-10-06 02:29:37.444000+00:00,Bern,local,ch:1:sloid:76646,"Bern, Bahnhof",ch:1:sloid:76646:0:25,2026-10-06,ch:1:sjyid:100626:plan:e0045763-164f-47af-babb-e27aae3365b6,bus,Bus,19,19,60554,"Bern, Elfenau",Blinzern,K1,,2026-10-06 03:48:00+00:00,,,False,,2026-10-06 04:29:37.444000+02:00,2026-10-06 05:48:00+02:00,,2026-10-06,5,Tuesday,False,78.37593333333332
20261006_022931,2026-10-06 02:29:37.444000+00:00,Bern,local,ch:1:sloid:76646,"Bern, Bahnhof",ch:1:sloid:76646:0:10,2026-10-06,ch:1:sjyid:100626:plan:1486577b-3aae-40bd-913d-e848a2084d47,tram,Tram,6,6,7000,"Bern, Bahnhof",Fischermätteli,J,,2026-10-06 03:49:00+00:00,,,False,,2026-10-06 04:29:37.444000+02:00,2026-10-06 05:49:00+02:00,,2026-10-06,5,Tuesday,False,79.37593333333332
20261006_022931,2026-10-06 02:29:37.444000+00:00,Bern,local,ch:1:sloid:76646,"Bern, Bahnhof",ch:1:sloid:76646:0:39,2026-10-06,ch:1:sjyid:100626:plan:462a2975-90db-4cde-ab5e-d7664832edc7,tram,Tram,8,8,17829,"Bern, Bahnhof",Brünnen Bhf,N,,2026-10-06 03:49:00+00:00,,,False,,2026-10-06 04:29:37.444000+02:00,2026-10-06 05:49:00+02:00,,2026-10-06,5,Tuesday,False,79.37593333333332
20261006_022931,2026-10-06 02:29:37.444000+00:00,Bern,local,ch:1:sloid:76646,"Bern, Bahnhof",ch:1:sloid:76646:0:13,2026-10-06,ch:1:sjyid:100626:plan:aed788b1-e133-41ec-8553-f2a1c4e6c98e,bus,Bus,20,20,62330,"Bern, Länggasse",Wankdorf Bhf,E,,2026-10-06 03:49:48+00:00,,,False,,2026-10-06 04:29:37.444000+02:00,2026-10-06 05:49:48+02:00,,2026-10-06,5,Tuesday,False,80.17593333333333
20261006_022931,2026-10-06 02:29:37.444000+00:00,Bern,local,ch:1:sloid:76646,"Bern, Bahnhof",ch:1:sloid:76646:0:30,2026-10-06,ch:1:sjyid:100626:plan:f53ab730-19cd-4d64-9466-aa2d4eef2586,bus,Bus,21,21,67626,"Bern, Bahnhof",Bremgarten,H,,2026-10-06 03:49:00+00:00,,,False,,2026-10-06 04:29:37.444000+02:00,2026-10-06 05:49:00+02:00,,2026-10-06,5,Tuesday,False,79.37593333333332
20261006_022931,2026-10-06 02:29:37.444000+00:00,Bern,local,ch:1:sloid:76646,"Bern, Bahnhof",ch:1:sloid:76646:0:39,2026-10-06,ch:1:sjyid:100626:plan:0d7eb204-d5fe-4241-97ab-5a6ddac0352e,tram,Tram,7,7,12574,"Bern, Bahnhof",Bümpliz,N,,2026-10-06 03:50:54+00:00,,,False,,2026-10-06 04:29:37.444000+02:00,2026-10-06 05:50:54+02:00,,2026-10-06,5,Tuesday,False,81.27593333333333
20261006_022931,2026-10-06 02:29:38.012000+00:00,Basel,local,ch:1:sloid:78143,"Basel, Bahnhof SBB",ch:1:sloid:78143:3:3,2026-10-06,ch:1:sjyid:100622:plan:86bfe6f1-7a9e-43ad-bb08-cbdef5398b7f,bus,Bus,50,50,50003,"Basel, Bahnhof SBB","Basel, EuroAirport",B,,2026-10-06 02:35:06+00:00,2026-10-06 02:35:06+00:00,,True,0.0,2026-10-06 04:29:38.012000+02:00,2026-10-06 04:35:06+02:00,2026-10-06 04:35:06+02:00,2026-10-06,4,Tuesday,False,5.466466666666666
20261006_022931,2026-10-06 02:29:38.012000+00:00,Basel,local,ch:1:sloid:78143,"Basel, Bahnhof SBB",ch:1:sloid:78143:1:34,2026-10-06,ch:1:sjyid:100622:plan:c1ce02d8-5813-48f7-821f-a45ebd9b86ba,tram,Tram,15,15,15002,"Basel, Wiesenplatz","Basel, Bruderholz",G,,2026-10-06 02:47:48+00:00,2026-10-06 02:47:42+00:00,,True,-0.1,2026-10-06 04:29:38.012000+02:00,2026-10-06 04:47:48+02:00,2026-10-06 04:47:42+02:00,2026-10-06,4,Tuesday,False,18.16646666666667
20261006_022931,2026-10-06 02:29:38.012000+00:00,Basel,local,ch:1:sloid:78143,"Basel, Bahnhof SBB",ch:1:sloid:78143:1:32,2026-10-06,ch:1:sjyid:100622:plan:a8c1bbae-3a4f-4263-8073-66db6d019881,tram,Tram,8,8,8002,"Basel, Wiesenplatz","Basel, Neuweilerstrasse",E,,2026-10-06 02:48:18+00:00,2026-10-06 02:49:00+00:00,,True,0.7,2026-10-06 04:29:38.012000+02:00,2026-10-06 04:48:18+02:00,2026-10-06 04:49:00+02:00,2026-10-06,4,Tuesday,False,18.66646666666667
20261006_022931,2026-10-06 02:29:38.012000+00:00,Basel,local,ch:1:sloid:78143,"Basel, Bahnhof SBB",ch:1:sloid:78143:3:3,2026-10-06,ch:1:sjyid:100622:plan:b2cc5ac7-75b7-4f7e-b1cb-9bf97fcae672,bus,Bus,50,50,50005,"Basel, Bahnhof SBB","Basel, EuroAirport",B,,2026-10-06 02:55:06+00:00,2026-10-06 02:55:06+00:00,,True,0.0,2026-10-06 04:29:38.012000+02:00,2026-10-06 04:55:06+02:00,2026-10-06 04:55:06+02:00,2026-10-06,4,Tuesday,False,25.46646666666667
20261006_022931,2026-10-06 02:29:38.012000+00:00,Basel,local,ch:1:sloid:78143,"Basel, Bahnhof SBB",ch:1:sloid:78143:1:34,2026-10-06,ch:1:sjyid:100019:plan:8dd6375b-5dd2-458a-ae9d-b6ca8af11e0d,tram,Tram,10,10,10003,"Oberwil BL, Zentrum",Dornach Bahnhof,G,,2026-10-06 02:58:00+00:00,2026-10-06 02:58:12+00:00,,True,0.2,2026-10-06 04:29:38.012000+02:00,2026-10-06 04:58:00+02:00,2026-10-06 04:58:12+02:00,2026-10-06,4,Tuesday,False,28.366466666666668
20261006_022931,2026-10-06 02:29:38.012000+00:00,Basel,local,ch:1:sloid:78143,"Basel, Bahnhof SBB",ch:1:sloid:78143:1:34,2026-10-06,ch:1:sjyid:100622:plan:a512782d-2bb6-48c2-93be-4d527ed0c615,tram,Tram,15,15,15004,"Basel, Wiesenplatz","Basel, Bruderholz",G,,2026-10-06 02:59:12+00:00,2026-10-06 02:59:12+00:00,,True,0.0,2026-10-06 04:29:38.012000+02:00,2026-10-06 04:59:12+02:00,2026-10-06 04:59:12+02:00,2026-10-06,4,Tuesday,False,29.566466666666667
20261006_022931,2026-10-06 02:29:38.012000+00:00,Basel,local,ch:1:sloid:78143,"Basel, Bahnhof SBB",ch:1:sloid:78143:1:32,2026-10-06,ch:1:sjyid:100622:plan:1bec0973-a113-47b3-bde7-164f6142cb35,tram,Tram,8,8,8004,"Basel, Wiesenplatz","Basel, Neuweilerstrasse",E,,2026-10-06 03:03:18+00:00,2026-10-06 03:03:18+00:00,,True,0.0,2026-10-06 04:29:38.012000+02:00,2026-10-06 05:03:18+02:00,2026-10-06 05:03:18+02:00,2026-10-06,5,Tuesday,False,33.666466666666665
20261006_022931,2026-10-06 02:29:38.012000+00:00,Basel,local,ch:1:sloid:78143,"Basel, Bahnhof SBB",ch:1:sloid:78143:1:34,2026-10-06,ch:1:sjyid:100622:plan:08eba453-a6e9-4a50-a812-50aaf73a7d57,tram,Tram,16,16,16002,"Basel, Wiesenplatz","Basel, Bruderholz",G,,2026-10-06 03:04:30+00:00,2026-10-06 03:04:30+00:00,,True,0.0,2026-10-06 04:29:38.012000+02:00,2026-10-06 05:04:30+02:00,2026-10-06 05:04:30+02:00,2026-10-06,5,Tuesday,False,34.86646666666666
20261006_022931,2026-10-06 02:29:38.012000+00:00,Basel,local,ch:1:sloid:78143,"Basel, Bahnhof SBB",ch:1:sloid:78143:3:3,2026-10-06,ch:1:sjyid:100622:plan:678fc44e-0236-4e8f-bcc8-53fc25d6f450,bus,Bus,30,30,30001,"Basel, Bahnhof SBB","Basel, Badischer Bahnhof",B,,2026-10-06 03:05:06+00:00,2026-10-06 03:05:06+00:00,,True,0.0,2026-10-06 04:29:38.012000+02:00,2026-10-06 05:05:06+02:00,2026-10-06 05:05:06+02:00,2026-10-06,5,Tuesday,False,35.46646666666666
20261006_022931,2026-10-06 02:29:38.012000+00:00,Basel,local,ch:1:sloid:78143,"Basel, Bahnhof SBB",ch:1:sloid:78143:1:32,2026-10-06,ch:1:sjyid:100622:plan:226f2bbd-68cd-4180-8374-70fd15dc631e,tram,Tram,2,2,2002,"Basel, Wiesenplatz","Binningen, Kronenplatz",E,,2026-10-06 03:06:00+00:00,,,False,,2026-10-06 04:29:38.012000+02:00,2026-10-06 05:06:00+02:00,,2026-10-06,5,Tuesday,False,36.36646666666666
20261006_022931,2026-10-06 02:29:38.012000+00:00,Basel,local,ch:1:sloid:78143,"Basel, Bahnhof SBB",ch:1:sloid:78143:1:33,2026-10-06,ch:1:sjyid:100622:plan:34b64ae1-135b-4574-936d-a2a907f4b2fa,tram,Tram,6,6,6001,"Allschwil, Dorf","Riehen, Grenze",F,,2026-10-06 03:09:30+00:00,2026-10-06 03:09:30+00:00,,True,0.0,2026-10-06 04:29:38.012000+02:00,2026-10-06 05:09:30+02:00,2026-10-06 05:09:30+02:00,2026-10-06,5,Tuesday,False,39.86646666666666
20261006_022931,2026-10-06 02:29:38.012000+00:00,Basel,local,ch:1:sloid:78143,"Basel, Bahnhof SBB",ch:1:sloid:78143:3:3,2026-10-06,ch:1:sjyid:100622:plan:0ee76f28-684d-49c3-aa82-33738a3ad2d5,bus,Bus,50,50,50007,"Basel, Bahnhof SBB","Basel, EuroAirport",B,,2026-10-06 03:10:06+00:00,2026-10-06 03:10:06+00:00,,True,0.0,2026-10-06 04:29:38.012000+02:00,2026-10-06 05:10:06+02:00,2026-10-06 05:10:06+02:00,2026-10-06,5,Tuesday,False,40.46646666666666
20261006_022931,2026-10-06 02:29:38.012000+00:00,Basel,local,ch:1:sloid:78143,"Basel, Bahnhof SBB",ch:1:sloid:78143:1:34,2026-10-06,ch:1:sjyid:100019:plan:f651a611-5436-460c-85ca-ed1290faeecc,tram,Tram,10,10,10005,"Ettingen, Dorf",Dornach Bahnhof,G,,2026-10-06 03:13:00+00:00,2026-10-06 03:13:12+00:00,,True,0.2,2026-10-06 04:29:38.012000+02:00,2026-10-06 05:13:00+02:00,2026-10-06 05:13:12+02:00,2026-10-06,5,Tuesday,False,43.36646666666666
20261006_022931,2026-10-06 02:29:38.012000+00:00,Basel,local,ch:1:sloid:78143,"Basel, Bahnhof SBB",ch:1:sloid:78143:1:33,2026-10-06,ch:1:sjyid:100622:plan:eee39b1e-fb33-4555-9469-476830ad0fe2,tram,Tram,8,8,8005,"Basel, Neuweilerstrasse",Weil am Rhein (D) Bahnhof / Zentrum,F,,2026-10-06 03:14:00+00:00,2026-10-06 03:14:00+00:00,,True,0.0,2026-10-06 04:29:38.012000+02:00,2026-10-06 05:14:00+02:00,2026-10-06 05:14:00+02:00,2026-10-06,5,Tuesday,False,44.36646666666666
20261006_022931,2026-10-06 02:29:38.012000+00:00,Basel,local,ch:1:sloid:78143,"Basel, Bahnhof SBB",ch:1:sloid:78143:1:35,2026-10-06,ch:1:sjyid:100019:plan:ed260a1d-7ada-48ae-aef0-7d17fa3cf9c4,tram,Tram,11,11,38006,"Basel, Dreispitz","Basel, Saint-Louis Grenze",H,,2026-10-06 03:14:12+00:00,,,False,,2026-10-06 04:29:38.012000+02:00,2026-10-06 05:14:12+02:00,,2026-10-06,5,Tuesday,False,44.56646666666666
20261006_022931,2026-10-06 02:29:38.012000+00:00,Basel,local,ch:1:sloid:78143,"Basel, Bahnhof SBB",ch:1:sloid:78143:1:35,2026-10-06,ch:1:sjyid:100019:plan:9bf55e15-d369-4298-a228-92b82ea65825,tram,Tram,10,10,10014,"Dornach, Bahnhof","Rodersdorf, Station",H,,2026-10-06 03:16:00+00:00,2026-10-06 03:16:24+00:00,,True,0.4,2026-10-06 04:29:38.012000+02:00,2026-10-06 05:16:00+02:00,2026-10-06 05:16:24+02:00,2026-10-06,5,Tuesday,False,46.36646666666666
20261006_022931,2026-10-06 02:29:38.012000+00:00,Basel,local,ch:1:sloid:78143,"Basel, Bahnhof SBB",ch:1:sloid:78143:1:32,2026-10-06,ch:1:sjyid:100622:plan:d418cd49-08eb-4e35-a5bf-6b9757678cbe,tram,Tram,8,8,8006,"Weil am Rhein, Bahnhof/Zentrum","Basel, Neuweilerstrasse",E,,2026-10-06 03:18:18+00:00,,,False,,2026-10-06 04:29:38.012000+02:00,2026-10-06 05:18:18+02:00,,2026-10-06,5,Tuesday,False,48.666466666666665
20261006_022931,2026-10-06 02:29:38.012000+00:00,Basel,local,ch:1:sloid:78143,"Basel, Bahnhof SBB",ch:1:sloid:78143:1:34,2026-10-06,ch:1:sjyid:100622:plan:b4de1cce-669e-4397-a71b-0cce63a73004,tram,Tram,15,15,15006,"Basel, Wiesenplatz","Basel, Bruderholz",G,,2026-10-06 03:19:00+00:00,,,False,,2026-10-06 04:29:38.012000+02:00,2026-10-06 05:19:00+02:00,,2026-10-06,5,Tuesday,False,49.36646666666666
20261006_022931,2026-10-06 02:29:38.012000+00:00,Basel,local,ch:1:sloid:78143,"Basel, Bahnhof SBB",ch:1:sloid:78143:1:31,2026-10-06,ch:1:sjyid:100622:plan:3943efca-d37b-4701-a175-72ef720c5ea0,tram,Tram,1,1,1006,"Basel, Bahnhof SBB","Basel, Dreirosenbrücke",D,,2026-10-06 03:20:54+00:00,,,False,,2026-10-06 04:29:38.012000+02:00,2026-10-06 05:20:54+02:00,,2026-10-06,5,Tuesday,False,51.266466666666666
20261006_022931,2026-10-06 02:29:38.012000+00:00,Basel,local,ch:1:sloid:78143,"Basel, Bahnhof SBB",ch:1:sloid:78143:1:32,2026-10-06,ch:1:sjyid:100622:plan:d6498de7-88ad-45b1-ba18-66ee7f5d28b2,tram,Tram,2,2,2006,"Basel, Wiesenplatz","Binningen, Kronenplatz",E,,2026-10-06 03:20:24+00:00,,,False,,2026-10-06 04:29:38.012000+02:00,2026-10-06 05:20:24+02:00,,2026-10-06,5,Tuesday,False,50.766466666666666
20261006_022931,2026-10-06 02:29:38.012000+00:00,Basel,local,ch:1:sloid:78143,"Basel, Bahnhof SBB",ch:1:sloid:78143:3:3,2026-10-06,ch:1:sjyid:100622:plan:071f1883-388a-4be2-8b65-2f67cd06015f,bus,Bus,30,30,30003,"Basel, Bahnhof SBB","Basel, Badischer Bahnhof",B,,2026-10-06 03:20:06+00:00,,,False,,2026-10-06 04:29:38.012000+02:00,2026-10-06 05:20:06+02:00,,2026-10-06,5,Tuesday,False,50.46646666666666
20261006_022931,2026-10-06 02:29:38.012000+00:00,Basel,local,ch:1:sloid:78143,"Basel, Bahnhof SBB",ch:1:sloid:78143:1:35,2026-10-06,ch:1:sjyid:100622:plan:96b68bf3-3b6d-4795-9d0a-95da403de85c,tram,Tram,3,3,3008,"Basel, Morgartenring","Birsfelden, Hard",H,,2026-10-06 03:21:00+00:00,,,False,,2026-10-06 04:29:38.012000+02:00,2026-10-06 05:21:00+02:00,,2026-10-06,5,Tuesday,False,51.36646666666666
20261006_022931,2026-10-06 02:29:38.012000+00:00,Basel,local,ch:1:sloid:78143,"Basel, Bahnhof SBB",ch:1:sloid:78143:1:34,2026-10-06,ch:1:sjyid:100019:plan:97f0ca5f-7265-4b5a-8f57-c06bd0e080ad,tram,Tram,11,11,38001,"Basel, Bankverein","Basel, Dreispitz",G,,2026-10-06 03:23:12+00:00,,,False,,2026-10-06 04:29:38.012000+02:00,2026-10-06 05:23:12+02:00,,2026-10-06,5,Tuesday,False,53.56646666666666
20261006_022931,2026-10-06 02:29:38.012000+00:00,Basel,local,ch:1:sloid:78143,"Basel, Bahnhof SBB",ch:1:sloid:78143:1:32,2026-10-06,ch:1:sjyid:100622:plan:fa8d84e1-46a8-436b-a482-66137f98eebe,tram,Tram,2,2,2004,"Riehen, Grenze","Binningen, Kronenplatz",E,,2026-10-06 03:24:36+00:00,2026-10-06 03:24:36+00:00,,True,0.0,2026-10-06 04:29:38.012000+02:00,2026-10-06 05:24:36+02:00,2026-10-06 05:24:36+02:00,2026-10-06,5,Tuesday,False,54.96646666666666
20261006_022931,2026-10-06 02:29:38.012000+00:00,Basel,local,ch:1:sloid:78143,"Basel, Bahnhof SBB",ch:1:sloid:78143:1:33,2026-10-06,ch:1:sjyid:100622:plan:7a82d42e-8092-4979-adb6-74b27e3e0f8b,tram,Tram,6,6,6005,"Allschwil, Dorf","Riehen, Grenze",F,,2026-10-06 03:24:30+00:00,2026-10-06 03:24:30+00:00,,True,0.0,2026-10-06 04:29:38.012000+02:00,2026-10-06 05:24:30+02:00,2026-10-06 05:24:30+02:00,2026-10-06,5,Tuesday,False,54.86646666666666
20261006_022931,2026-10-06 02:29:38.012000+00:00,Basel,local,ch:1:sloid:78143,"Basel, Bahnhof SBB",ch:1:sloid:78143:1:35,2026-10-06,ch:1:sjyid:100019:plan:2b995458-c02c-4b73-b81d-3fd14c720b66,tram,Tram,11,11,38008,"Basel, Dreispitz","Basel, Saint-Louis Grenze",H,,2026-10-06 03:25:30+00:00,,,False,,2026-10-06 04:29:38.012000+02:00,2026-10-06 05:25:30+02:00,,2026-10-06,5,Tuesday,False,55.86646666666666
20261006_022931,2026-10-06 02:29:38.012000+00:00,Basel,local,ch:1:sloid:78143,"Basel, Bahnhof SBB",ch:1:sloid:78143:1:32,2026-10-06,ch:1:sjyid:100622:plan:332ee20a-83eb-4762-aefd-ec1a8a2b2f6f,tram,Tram,8,8,8008,"Basel, Wiesenplatz","Basel, Neuweilerstrasse",E,,2026-10-06 03:25:48+00:00,,,False,,2026-10-06 04:29:38.012000+02:00,2026-10-06 05:25:48+02:00,,2026-10-06,5,Tuesday,False,56.166466666666665
20261006_022931,2026-10-06 02:29:38.012000+00:00,Basel,local,ch:1:sloid:78143,"Basel, Bahnhof SBB",ch:1:sloid:78143:3:3,2026-10-06,ch:1:sjyid:100622:plan:b6748d19-a77d-413b-8c87-2f7183ac9c03,bus,Bus,50,50,50009,"Basel, Bahnhof SBB","Basel, EuroAirport",B,,2026-10-06 03:25:06+00:00,2026-10-06 03:25:06+00:00,,True,0.0,2026-10-06 04:29:38.012000+02:00,2026-10-06 05:25:06+02:00,2026-10-06 05:25:06+02:00,2026-10-06,5,Tuesday,False,55.46646666666666
20261006_022931,2026-10-06 02:29:38.012000+00:00,Basel,local,ch:1:sloid:78143,"Basel, Bahnhof SBB",ch:1:sloid:78143:1:33,2026-10-06,ch:1:sjyid:100622:plan:ca28b2d7-6d48-4282-af72-f114647c3bfa,tram,Tram,2,2,2007,"Binningen, Kronenplatz","Basel, Eglisee",F,,2026-10-06 03:26:24+00:00,,,False,,2026-10-06 04:29:38.012000+02:00,2026-10-06 05:26:24+02:00,,2026-10-06,5,Tuesday,False,56.766466666666666
20261006_022931,2026-10-06 02:29:38.012000+00:00,Basel,local,ch:1:sloid:78143,"Basel, Bahnhof SBB",ch:1:sloid:78143:1:33,2026-10-06,ch:1:sjyid:100622:plan:45939488-eb56-4b43-8599-392390f63f13,tram,Tram,8,8,8011,"Basel, Neuweilerstrasse",Weil am Rhein (D) Bahnhof / Zentrum,F,,2026-10-06 03:29:00+00:00,2026-10-06 03:29:00+00:00,,True,0.0,2026-10-06 04:29:38.012000+02:00,2026-10-06 05:29:00+02:00,2026-10-06 05:29:00+02:00,2026-10-06,5,Tuesday,False,59.36646666666666
20261006_022931,2026-10-06 02:29:38.534000+00:00,Luzern,local,ch:1:sloid:8450,"Luzern, Bahnhof",ch:1:sloid:8450::1,2026-10-06,ch:1:sjyid:100619:plan:e8342ef7-4842-41d0-b188-5ee2f5cac3f6,bus,Bus,1,1,1023,"Luzern, Bahnhof",Obernau Dorf,A,,2026-10-06 02:39:00+00:00,2026-10-06 02:39:00+00:00,,True,0.0,2026-10-06 04:29:38.534000+02:00,2026-10-06 04:39:00+02:00,2026-10-06 04:39:00+02:00,2026-10-06,4,Tuesday,False,9.357766666666667
20261006_022931,2026-10-06 02:29:38.534000+00:00,Luzern,local,ch:1:sloid:8450,"Luzern, Bahnhof",ch:1:sloid:8450::23,2026-10-06,ch:1:sjyid:100619:plan:2cd85c46-3363-4bc5-8249-869b88f848e9,bus,Bus,2,2,8005,"Luzern, Bahnhof",E'brücke Sprengi,Y,,2026-10-06 02:39:00+00:00,2026-10-06 02:39:00+00:00,,True,0.0,2026-10-06 04:29:38.534000+02:00,2026-10-06 04:39:00+02:00,2026-10-06 04:39:00+02:00,2026-10-06,4,Tuesday,False,9.357766666666667
20261006_022931,2026-10-06 02:29:38.534000+00:00,Luzern,local,ch:1:sloid:8450,"Luzern, Bahnhof",ch:1:sloid:8450::2,2026-10-06,ch:1:sjyid:100619:plan:9503a9f2-a14a-4f6c-a015-5fab03b15ca1,bus,Bus,8,8,28014,"Luzern, Weinbergli",Würzenbach,B,,2026-10-06 02:48:00+00:00,,,False,,2026-10-06 04:29:38.534000+02:00,2026-10-06 04:48:00+02:00,,2026-10-06,4,Tuesday,False,18.357766666666667
20261006_022931,2026-10-06 02:29:38.534000+00:00,Luzern,local,ch:1:sloid:8450,"Luzern, Bahnhof",ch:1:sloid:8450::20,2026-10-06,ch:1:sjyid:100619:plan:d67b0f63-d571-475f-be1a-b183211abed4,bus,Bus,12,12,83017,"Luzern, Bahnhof",Gasshof,M,,2026-10-06 02:49:00+00:00,2026-10-06 02:49:00+00:00,,True,0.0,2026-10-06 04:29:38.534000+02:00,2026-10-06 04:49:00+02:00,2026-10-06 04:49:00+02:00,2026-10-06,4,Tuesday,False,19.357766666666667
20261006_022931,2026-10-06 02:29:38.534000+00:00,Luzern,local,ch:1:sloid:8450,"Luzern, Bahnhof",ch:1:sloid:8450::2,2026-10-06,ch:1:sjyid:100619:plan:78f2d365-b434-47b5-963e-b21ec74b1725,bus,Bus,6,6,21014,"Luzern, Weinbergli",Büttenenhalde,B,,2026-10-06 02:52:00+00:00,2026-10-06 02:52:00+00:00,,True,0.0,2026-10-06 04:29:38.534000+02:00,2026-10-06 04:52:00+02:00,2026-10-06 04:52:00+02:00,2026-10-06,4,Tuesday,False,22.357766666666667
20261006_022931,2026-10-06 02:29:38.534000+00:00,Luzern,local,ch:1:sloid:8450,"Luzern, Bahnhof",ch:1:sloid:8450::1,2026-10-06,ch:1:sjyid:100619:plan:0f428294-07b8-4b46-a1d5-21b86fc0571a,bus,Bus,1,1,1047,"Luzern, Bahnhof",Obernau Dorf,A,,2026-10-06 02:54:00+00:00,2026-10-06 02:54:00+00:00,,True,0.0,2026-10-06 04:29:38.534000+02:00,2026-10-06 04:54:00+02:00,2026-10-06 04:54:00+02:00,2026-10-06,4,Tuesday,False,24.357766666666667
20261006_022931,2026-10-06 02:29:38.534000+00:00,Luzern,local,ch:1:sloid:8450,"Luzern, Bahnhof",ch:1:sloid:8450::23,2026-10-06,ch:1:sjyid:100619:plan:10593ddf-b13a-44ed-bbff-03545ed06b3a,bus,Bus,2,2,8019,"Luzern, Bahnhof",E'brücke Sprengi,Y,,2026-10-06 02:54:00+00:00,,,False,,2026-10-06 04:29:38.534000+02:00,2026-10-06 04:54:00+02:00,,2026-10-06,4,Tuesday,False,24.357766666666667
20261006_022931,2026-10-06 02:29:38.534000+00:00,Luzern,local,ch:1:sloid:8450,"Luzern, Bahnhof",ch:1:sloid:8450::2,2026-10-06,ch:1:sjyid:100619:plan:421f770d-b650-40bc-9c26-7e4b8a7a93d1,bus,Bus,1,1,1082,"Luzern, Bahnhof",Ebikon Fildern,B,,2026-10-06 02:56:00+00:00,,,False,,2026-10-06 04:29:38.534000+02:00,2026-10-06 04:56:00+02:00,,2026-10-06,4,Tuesday,False,26.357766666666667
20261006_022931,2026-10-06 02:29:38.534000+00:00,Luzern,local,ch:1:sloid:8450,"Luzern, Bahnhof",ch:1:sloid:8450::2,2026-10-06,ch:1:sjyid:100619:plan:8521bfea-f7f4-4d29-91c5-f9e4e63fc24c,bus,Bus,25,25,61000,"Luzern, Weinbergli",Brüelstrasse,B,,2026-10-06 02:56:12+00:00,,,False,,2026-10-06 04:29:38.534000+02:00,2026-10-06 04:56:12+02:00,,2026-10-06,4,Tuesday,False,26.557766666666666
20261006_022931,2026-10-06 02:29:38.534000+00:00,Luzern,local,ch:1:sloid:8450,"Luzern, Bahnhof",ch:1:sloid:8450::1,2026-10-06,ch:1:sjyid:100619:plan:31861421-fd51-41d2-b193-5d1f52186eae,bus,Bus,7,7,24015,"Luzern, Bahnhof",Horw Biregghof,A,,2026-10-06 02:56:00+00:00,,,False,,2026-10-06 04:29:38.534000+02:00,2026-10-06 04:56:00+02:00,,2026-10-06,4,Tuesday,False,26.357766666666667
20261006_022931,2026-10-06 02:29:38.534000+00:00,Luzern,local,ch:1:sloid:8450,"Luzern, Bahnhof",ch:1:sloid:8450::15,2026-10-06,ch:1:sjyid:100602:67d36c9a-6af2-4953-8ee1-10ac6f10cefc,bus,Bus,73,73,73003,"Luzern, Bahnhof",Udligenswil,U,,2026-10-06 03:00:00+00:00,,,False,,2026-10-06 04:29:38.534000+02:00,2026-10-06 05:00:00+02:00,,2026-10-06,5,Tuesday,False,30.357766666666667
20261006_022931,2026-10-06 02:29:38.534000+00:00,Luzern,local,ch:1:sloid:8450,"Luzern, Bahnhof",ch:1:sloid:8450::2,2026-10-06,ch:1:sjyid:100619:plan:e72eaecb-a8c8-4a47-a2d8-f5bcfc1824c2,bus,Bus,7,7,24028,"Luzern, Weinbergli",Unterlöchli,B,,2026-10-06 03:02:00+00:00,,,False,,2026-10-06 04:29:38.534000+02:00,2026-10-06 05:02:00+02:00,,2026-10-06,5,Tuesday,False,32.35776666666666
20261006_022931,2026-10-06 02:29:38.534000+00:00,Luzern,local,ch:1:sloid:8450,"Luzern, Bahnhof",ch:1:sloid:8450::15,2026-10-06,ch:1:sjyid:100602:1f5a2d85-7fec-4fc8-bceb-780a8bb4087e,bus,Bus,73,73,73005,"Luzern, Bahnhof",Rotkreuz,U,,2026-10-06 03:07:00+00:00,,,False,,2026-10-06 04:29:38.534000+02:00,2026-10-06 05:07:00+02:00,,2026-10-06,5,Tuesday,False,37.35776666666666
20261006_022931,2026-10-06 02:29:38.534000+00:00,Luzern,local,ch:1:sloid:8450,"Luzern, Bahnhof",ch:1:sloid:8450::2,2026-10-06,ch:1:sjyid:100619:plan:318c6bcb-5bd9-495b-baa5-9843133edf18,bus,Bus,8,8,28030,"Luzern, Weinbergli",Würzenbach,B,,2026-10-06 03:08:00+00:00,,,False,,2026-10-06 04:29:38.534000+02:00,2026-10-06 05:08:00+02:00,,2026-10-06,5,Tuesday,False,38.35776666666666
20261006_022931,2026-10-06 02:29:38.534000+00:00,Luzern,local,ch:1:sloid:8450,"Luzern, Bahnhof",ch:1:sloid:8450::1,2026-10-06,ch:1:sjyid:100619:plan:2d1c1c42-6ece-489c-8b83-e281e6b44791,bus,Bus,1,1,1069,"Ebikon, Fildern",Obernau Dorf,A,,2026-10-06 03:09:00+00:00,2026-10-06 03:09:00+00:00,,True,0.0,2026-10-06 04:29:38.534000+02:00,2026-10-06 05:09:00+02:00,2026-10-06 05:09:00+02:00,2026-10-06,5,Tuesday,False,39.35776666666666
20261006_022931,2026-10-06 02:29:38.534000+00:00,Luzern,local,ch:1:sloid:8450,"Luzern, Bahnhof",ch:1:sloid:8450::23,2026-10-06,ch:1:sjyid:100619:plan:eae5e1d7-1fd9-4fb9-82f2-54d7861f61a9,bus,Bus,2,2,8041,"Luzern, Bahnhof",E'brücke Sprengi,Y,,2026-10-06 03:10:00+00:00,,,False,,2026-10-06 04:29:38.534000+02:00,2026-10-06 05:10:00+02:00,,2026-10-06,5,Tuesday,False,40.35776666666666
20261006_022931,2026-10-06 02:29:38.534000+00:00,Luzern,local,ch:1:sloid:8450,"Luzern, Bahnhof",ch:1:sloid:8450::1,2026-10-06,ch:1:sjyid:100619:plan:7d3c7b59-b10a-409d-ac44-f07b2db32592,bus,Bus,8,8,28031,"Luzern, Würzenbach",Hirtenhof,A,,2026-10-06 03:10:00+00:00,,,False,,2026-10-06 04:29:38.534000+02:00,2026-10-06 05:10:00+02:00,,2026-10-06,5,Tuesday,False,40.35776666666666
20261006_022931,2026-10-06 02:29:38.534000+00:00,Luzern,local,ch:1:sloid:8450,"Luzern, Bahnhof",ch:1:sloid:8450::2,2026-10-06,ch:1:sjyid:100619:plan:efba0bb5-d4f6-4c1c-9933-d4f68beeb8cf,bus,Bus,6,6,21028,"Luzern, Weinbergli",Büttenenhalde,B,,2026-10-06 03:12:00+00:00,,,False,,2026-10-06 04:29:38.534000+02:00,2026-10-06 05:12:00+02:00,,2026-10-06,5,Tuesday,False,42.35776666666666
20261006_022931,2026-10-06 02:29:38.534000+00:00,Luzern,local,ch:1:sloid:8450,"Luzern, Bahnhof",ch:1:sloid:8450::10,2026-10-06,ch:1:sjyid:100619:plan:5267b471-8446-4dea-991b-10e27e22efc6,bus,Bus,20,20,48019,"Luzern, Bahnhof",Horw Ennethorw,J,,2026-10-06 03:13:00+00:00,,,False,,2026-10-06 04:29:38.534000+02:00,2026-10-06 05:13:00+02:00,,2026-10-06,5,Tuesday,False,43.35776666666666
20261006_022931,2026-10-06 02:29:38.534000+00:00,Luzern,local,ch:1:sloid:8450,"Luzern, Bahnhof",ch:1:sloid:8450::2,2026-10-06,ch:1:sjyid:100619:plan:6adc1c3e-cc7c-4379-aa64-89d87362db98,bus,Bus,1,1,1108,"Obernau, Dorf",Ebikon Fildern,B,,2026-10-06 03:14:54+00:00,2026-10-06 03:14:54+00:00,,True,0.0,2026-10-06 04:29:38.534000+02:00,2026-10-06 05:14:54+02:00,2026-10-06 05:14:54+02:00,2026-10-06,5,Tuesday,False,45.25776666666666
20261006_022931,2026-10-06 02:29:38.534000+00:00,Luzern,local,ch:1:sloid:8450,"Luzern, Bahnhof",ch:1:sloid:8450::20,2026-10-06,ch:1:sjyid:100619:plan:4295e3ca-1955-438e-b741-787a5f0d060c,bus,Bus,12,12,83037,"Luzern, Bahnhof",Gasshof,M,,2026-10-06 03:16:00+00:00,2026-10-06 03:16:00+00:00,,True,0.0,2026-10-06 04:29:38.534000+02:00,2026-10-06 05:16:00+02:00,2026-10-06 05:16:00+02:00,2026-10-06,5,Tuesday,False,46.35776666666666
20261006_022931,2026-10-06 02:29:38.534000+00:00,Luzern,local,ch:1:sloid:8450,"Luzern, Bahnhof",ch:1:sloid:8450::2,2026-10-06,ch:1:sjyid:100619:plan:886ecd2e-551c-4199-b675-97f07d3b4e0f,bus,Bus,7,7,24040,"Horw, Biregghof",Unterlöchli,B,,2026-10-06 03:18:00+00:00,,,False,,2026-10-06 04:29:38.534000+02:00,2026-10-06 05:18:00+02:00,,2026-10-06,5,Tuesday,False,48.35776666666666
20261006_022931,2026-10-06 02:29:38.534000+00:00,Luzern,local,ch:1:sloid:8450,"Luzern, Bahnhof",ch:1:sloid:8450::2,2026-10-06,ch:1:sjyid:100619:plan:bf20eebe-1e45-45bc-b353-a2f7672fd42f,bus,Bus,14,14,38010,"Horw, Zentrum",Brüelstrasse,B,,2026-10-06 03:18:36+00:00,,,False,,2026-10-06 04:29:38.534000+02:00,2026-10-06 05:18:36+02:00,,2026-10-06,5,Tuesday,False,48.957766666666664
20261006_022931,2026-10-06 02:29:38.534000+00:00,Luzern,local,ch:1:sloid:8450,"Luzern, Bahnhof",ch:1:sloid:8450::23,2026-10-06,ch:1:sjyid:100619:plan:a5a85e09-51eb-4ecc-a5c2-3f6df62d7391,bus,Bus,2,2,8055,"Luzern, Bahnhof",E'brücke Sprengi,Y,,2026-10-06 03:18:00+00:00,,,False,,2026-10-06 04:29:38.534000+02:00,2026-10-06 05:18:00+02:00,,2026-10-06,5,Tuesday,False,48.35776666666666
20261006_022931,2026-10-06 02:29:38.534000+00:00,Luzern,local,ch:1:sloid:8450,"Luzern, Bahnhof",ch:1:sloid:8450::2,2026-10-06,ch:1:sjyid:100619:plan:715138f1-e6b4-413f-bb64-a58d1cc745e3,bus,Bus,8,8,28038,"Luzern, Hirtenhof",Würzenbach,B,,2026-10-06 03:20:00+00:00,,,False,,2026-10-06 04:29:38.534000+02:00,2026-10-06 05:20:00+02:00,,2026-10-06,5,Tuesday,False,50.35776666666666
20261006_022931,2026-10-06 02:29:38.534000+00:00,Luzern,local,ch:1:sloid:8450,"Luzern, Bahnhof",ch:1:sloid:8450::1,2026-10-06,ch:1:sjyid:100619:plan:028eb48f-9f78-4d31-ab5a-1ff9e483dcdc,bus,Bus,6,6,21021,"Luzern, Büttenenhalde",Matthof,A,,2026-10-06 03:20:00+00:00,2026-10-06 03:20:00+00:00,,True,0.0,2026-10-06 04:29:38.534000+02:00,2026-10-06 05:20:00+02:00,2026-10-06 05:20:00+02:00,2026-10-06,5,Tuesday,False,50.35776666666666
20261006_022931,2026-10-06 02:29:38.534000+00:00,Luzern,local,ch:1:sloid:8450,"Luzern, Bahnhof",ch:1:sloid:8450::1,2026-10-06,ch:1:sjyid:100619:plan:f2e72751-e598-4dee-9048-9e8f895ac054,bus,Bus,1,1,1105,"Ebikon, Fildern",Obernau Dorf,A,,2026-10-06 03:23:00+00:00,,,False,,2026-10-06 04:29:38.534000+02:00,2026-10-06 05:23:00+02:00,,2026-10-06,5,Tuesday,False,53.35776666666666
20261006_022931,2026-10-06 02:29:38.534000+00:00,Luzern,local,ch:1:sloid:8450,"Luzern, Bahnhof",ch:1:sloid:8450::1,2026-10-06,ch:1:sjyid:100619:plan:e7d7437e-5364-491a-b325-c722e3382317,bus,Bus,7,7,24039,"Luzern, Unterlöchli",Horw Biregghof,A,,2026-10-06 03:23:00+00:00,,,False,,2026-10-06 04:29:38.534000+02:00,2026-10-06 05:23:00+02:00,,2026-10-06,5,Tuesday,False,53.35776666666666
20261006_022931,2026-10-06 02:29:38.534000+00:00,Luzern,local,ch:1:sloid:8450,"Luzern, Bahnhof",ch:1:sloid:8450::17,2026-10-06,ch:1:sjyid:100619:plan:f7d5b728-82f9-4aee-b177-c18160e27d81,bus,Bus,10,10,32007,"Luzern, Bahnhof",Obergütsch,W,,2026-10-06 03:23:00+00:00,,,False,,2026-10-06 04:29:38.534000+02:00,2026-10-06 05:23:00+02:00,,2026-10-06,5,Tuesday,False,53.35776666666666
20261006_022931,2026-10-06 02:29:38.534000+00:00,Luzern,local,ch:1:sloid:8450,"Luzern, Bahnhof",ch:1:sloid:8450::11,2026-10-06,ch:1:sjyid:100619:plan:0c259fc1-8da0-405c-a26a-2f3a0adc7695,bus,Bus,19,19,45006,"Luzern, Bahnhof",Friedental,R,,2026-10-06 03:24:00+00:00,,,False,,2026-10-06 04:29:38.534000+02:00,2026-10-06 05:24:00+02:00,,2026-10-06,5,Tuesday,False,54.35776666666666
20261006_022931,2026-10-06 02:29:39.022000+00:00,St. Gallen,local,ch:1:sloid:74095,"St. Gallen, Bahnhof",ch:1:sloid:74095:0:989159,2026-10-06,ch:1:sjyid:100684:SKI-1001,bus,Bus,1,1,1001,"St. Gallen, Theater",Winkeln,A,,2026-10-06 02:36:00+00:00,2026-10-06 02:36:00+00:00,,True,0.0,2026-10-06 04:29:39.022000+02:00,2026-10-06 04:36:00+02:00,2026-10-06 04:36:00+02:00,2026-10-06,4,Tuesday,False,6.349633333333333
20261006_022931,2026-10-06 02:29:39.022000+00:00,St. Gallen,local,ch:1:sloid:74095,"St. Gallen, Bahnhof",ch:1:sloid:74095:0:888081,2026-10-06,ch:1:sjyid:100684:SKI-3001,bus,Bus,3,3,3001,"St. Gallen, Marktplatz Bohl","Abtwil SG, St.Josefen",F,,2026-10-06 02:37:00+00:00,2026-10-06 02:37:00+00:00,,True,0.0,2026-10-06 04:29:39.022000+02:00,2026-10-06 04:37:00+02:00,2026-10-06 04:37:00+02:00,2026-10-06,4,Tuesday,False,7.349633333333333
20261006_022931,2026-10-06 02:29:39.022000+00:00,St. Gallen,local,ch:1:sloid:74095,"St. Gallen, Bahnhof",ch:1:sloid:74095:0:888081,2026-10-06,ch:1:sjyid:100684:SKI-4001,bus,Bus,4,4,4001,"St. Gallen, Marktplatz Bohl","Abtwil SG, Säntispark",F,,2026-10-06 02:44:00+00:00,2026-10-06 02:44:00+00:00,,True,0.0,2026-10-06 04:29:39.022000+02:00,2026-10-06 04:44:00+02:00,2026-10-06 04:44:00+02:00,2026-10-06,4,Tuesday,False,14.349633333333333
20261006_022931,2026-10-06 02:29:39.022000+00:00,St. Gallen,local,ch:1:sloid:74095,"St. Gallen, Bahnhof",ch:1:sloid:74095:0:989159,2026-10-06,ch:1:sjyid:100684:SKI-1003,bus,Bus,1,1,1003,"St. Gallen, Theater",Winkeln,A,,2026-10-06 02:48:00+00:00,,,False,,2026-10-06 04:29:39.022000+02:00,2026-10-06 04:48:00+02:00,,2026-10-06,4,Tuesday,False,18.349633333333333
20261006_022931,2026-10-06 02:29:39.022000+00:00,St. Gallen,local,ch:1:sloid:74095,"St. Gallen, Bahnhof",ch:1:sloid:74095:0:888081,2026-10-06,ch:1:sjyid:100684:SKI-3005,bus,Bus,3,3,3005,"St. Gallen, Marktplatz Bohl","Abtwil SG, St.Josefen",F,,2026-10-06 02:52:00+00:00,,,False,,2026-10-06 04:29:39.022000+02:00,2026-10-06 04:52:00+02:00,,2026-10-06,4,Tuesday,False,22.349633333333333
20261006_022931,2026-10-06 02:29:39.022000+00:00,St. Gallen,local,ch:1:sloid:74095,"St. Gallen, Bahnhof",ch:1:sloid:74095:0:989159,2026-10-06,ch:1:sjyid:100684:SKI-2001,bus,Bus,2,2,2001,"St. Gallen, Theater",Wolfganghof,A,,2026-10-06 02:54:00+00:00,2026-10-06 02:54:00+00:00,,True,0.0,2026-10-06 04:29:39.022000+02:00,2026-10-06 04:54:00+02:00,2026-10-06 04:54:00+02:00,2026-10-06,4,Tuesday,False,24.349633333333333
20261006_022931,2026-10-06 02:29:39.022000+00:00,St. Gallen,local,ch:1:sloid:74095,"St. Gallen, Bahnhof",ch:1:sloid:74095:0:541287,2026-10-06,ch:1:sjyid:100684:SKI-7001,bus,Bus,7,7,7001,"St. Gallen, Theater",Hinterberg,H,,2026-10-06 02:57:00+00:00,,,False,,2026-10-06 04:29:39.022000+02:00,2026-10-06 04:57:00+02:00,,2026-10-06,4,Tuesday,False,27.349633333333333
20261006_022931,2026-10-06 02:29:39.022000+00:00,St. Gallen,local,ch:1:sloid:74095,"St. Gallen, Bahnhof",ch:1:sloid:74095:0:888081,2026-10-06,ch:1:sjyid:100684:SKI-4003,bus,Bus,4,4,4003,"St. Gallen, Marktplatz Bohl","Abtwil SG, Säntispark",F,,2026-10-06 02:59:00+00:00,,,False,,2026-10-06 04:29:39.022000+02:00,2026-10-06 04:59:00+02:00,,2026-10-06,4,Tuesday,False,29.349633333333333
20261006_022931,2026-10-06 02:29:39.022000+00:00,St. Gallen,local,ch:1:sloid:74095,"St. Gallen, Bahnhof",ch:1:sloid:74095:0:989159,2026-10-06,ch:1:sjyid:100684:SKI-1011,bus,Bus,1,1,1011,"St. Gallen, Theater",Winkeln,A,,2026-10-06 03:00:00+00:00,,,False,,2026-10-06 04:29:39.022000+02:00,2026-10-06 05:00:00+02:00,,2026-10-06,5,Tuesday,False,30.349633333333333
20261006_022931,2026-10-06 02:29:39.022000+00:00,St. Gallen,local,ch:1:sloid:74095,"St. Gallen, Bahnhof",ch:1:sloid:74095:0:541287,2026-10-06,ch:1:sjyid:100684:SKI-6005,bus,Bus,6,6,6005,"St. Gallen, Marktplatz Bohl",Bach St.Georgen,H,,2026-10-06 03:02:00+00:00,,,False,,2026-10-06 04:29:39.022000+02:00,2026-10-06 05:02:00+02:00,,2026-10-06,5,Tuesday,False,32.34963333333334
20261006_022931,2026-10-06 02:29:39.022000+00:00,St. Gallen,local,ch:1:sloid:74095,"St. Gallen, Bahnhof",ch:1:sloid:74095:0:989159,2026-10-06,ch:1:sjyid:100684:SKI-2007,bus,Bus,2,2,2007,"St. Gallen, Theater",Wolfganghof,A,,2026-10-06 03:06:00+00:00,,,False,,2026-10-06 04:29:39.022000+02:00,2026-10-06 05:06:00+02:00,,2026-10-06,5,Tuesday,False,36.34963333333334
20261006_022931,2026-10-06 02:29:39.022000+00:00,St. Gallen,local,ch:1:sloid:74095,"St. Gallen, Bahnhof",ch:1:sloid:74095:0:888081,2026-10-06,ch:1:sjyid:100684:SKI-3007,bus,Bus,3,3,3007,"St. Gallen, Marktplatz Bohl","Abtwil SG, St.Josefen",F,,2026-10-06 03:07:00+00:00,,,False,,2026-10-06 04:29:39.022000+02:00,2026-10-06 05:07:00+02:00,,2026-10-06,5,Tuesday,False,37.34963333333334
20261006_022931,2026-10-06 02:29:39.022000+00:00,St. Gallen,local,ch:1:sloid:74095,"St. Gallen, Bahnhof",ch:1:sloid:74095:0:541287,2026-10-06,ch:1:sjyid:100684:SKI-8001,bus,Bus,8,8,8001,"St. Gallen, Theater",Wendeplatz Stocken,H,,2026-10-06 03:10:00+00:00,,,False,,2026-10-06 04:29:39.022000+02:00,2026-10-06 05:10:00+02:00,,2026-10-06,5,Tuesday,False,40.34963333333334
20261006_022931,2026-10-06 02:29:39.022000+00:00,St. Gallen,local,ch:1:sloid:74095,"St. Gallen, Bahnhof",ch:1:sloid:74095:0:989159,2026-10-06,ch:1:sjyid:100684:SKI-1017,bus,Bus,1,1,1017,"St. Gallen, Theater",Winkeln,A,,2026-10-06 03:12:00+00:00,,,False,,2026-10-06 04:29:39.022000+02:00,2026-10-06 05:12:00+02:00,,2026-10-06,5,Tuesday,False,42.34963333333334
20261006_022931,2026-10-06 02:29:39.022000+00:00,St. Gallen,local,ch:1:sloid:74095,"St. Gallen, Bahnhof",ch:1:sloid:74095:0:541287,2026-10-06,ch:1:sjyid:100684:SKI-6007,bus,Bus,6,6,6007,"St. Gallen, Marktplatz Bohl",Bach St.Georgen,H,,2026-10-06 03:12:00+00:00,,,False,,2026-10-06 04:29:39.022000+02:00,2026-10-06 05:12:00+02:00,,2026-10-06,5,Tuesday,False,42.34963333333334
20261006_022931,2026-10-06 02:29:39.022000+00:00,St. Gallen,local,ch:1:sloid:74095,"St. Gallen, Bahnhof",ch:1:sloid:74095:0:482413,2026-10-06,ch:1:sjyid:100602:abe9a134-ef43-400c-8481-de0296fc1c88,bus,Bus,121,121,12102,"Engelburg, Dorfplatz",Heiden,D,,2026-10-06 03:12:00+00:00,2026-10-06 03:12:00+00:00,,True,0.0,2026-10-06 04:29:39.022000+02:00,2026-10-06 05:12:00+02:00,2026-10-06 05:12:00+02:00,2026-10-06,5,Tuesday,False,42.34963333333334
20261006_022931,2026-10-06 02:29:39.022000+00:00,St. Gallen,local,ch:1:sloid:74095,"St. Gallen, Bahnhof",ch:1:sloid:74095:0:888081,2026-10-06,ch:1:sjyid:100684:SKI-4013,bus,Bus,4,4,4013,"St. Gallen, Marktplatz Bohl","Abtwil SG, Säntispark",F,,2026-10-06 03:14:00+00:00,,,False,,2026-10-06 04:29:39.022000+02:00,2026-10-06 05:14:00+02:00,,2026-10-06,5,Tuesday,False,44.34963333333334
20261006_022931,2026-10-06 02:29:39.022000+00:00,St. Gallen,local,ch:1:sloid:74095,"St. Gallen, Bahnhof",ch:1:sloid:74095:0:541287,2026-10-06,ch:1:sjyid:100684:SKI-5001,bus,Bus,5,5,5001,"St. Gallen, Bahnhof",Riethüsli,H,,2026-10-06 03:16:00+00:00,,,False,,2026-10-06 04:29:39.022000+02:00,2026-10-06 05:16:00+02:00,,2026-10-06,5,Tuesday,False,46.34963333333334
20261006_022931,2026-10-06 02:29:39.022000+00:00,St. Gallen,local,ch:1:sloid:74095,"St. Gallen, Bahnhof",ch:1:sloid:74095:0:989159,2026-10-06,ch:1:sjyid:100684:SKI-2013,bus,Bus,2,2,2013,"St. Gallen, Theater",Wolfganghof,A,,2026-10-06 03:18:00+00:00,,,False,,2026-10-06 04:29:39.022000+02:00,2026-10-06 05:18:00+02:00,,2026-10-06,5,Tuesday,False,48.34963333333334
20261006_022931,2026-10-06 02:29:39.022000+00:00,St. Gallen,local,ch:1:sloid:74095,"St. Gallen, Bahnhof",ch:1:sloid:74095:0:888081,2026-10-06,ch:1:sjyid:100684:SKI-12001,bus,Bus,12,12,12001,"St. Gallen, Theater",Abtwil SG Sonnenberg,F,,2026-10-06 03:18:00+00:00,,,False,,2026-10-06 04:29:39.022000+02:00,2026-10-06 05:18:00+02:00,,2026-10-06,5,Tuesday,False,48.34963333333334
20261006_022931,2026-10-06 02:29:39.022000+00:00,St. Gallen,local,ch:1:sloid:74095,"St. Gallen, Bahnhof",ch:1:sloid:74095:0:541287,2026-10-06,ch:1:sjyid:100684:SKI-7013,bus,Bus,7,7,7013,"St. Gallen, Theater",Hinterberg,H,,2026-10-06 03:20:00+00:00,,,False,,2026-10-06 04:29:39.022000+02:00,2026-10-06 05:20:00+02:00,,2026-10-06,5,Tuesday,False,50.34963333333334
20261006_022931,2026-10-06 02:29:39.022000+00:00,St. Gallen,local,ch:1:sloid:74095,"St. Gallen, Bahnhof",ch:1:sloid:74095:0:174964,2026-10-06,ch:1:sjyid:100602:8b3c237a-c5e9-4b19-90dc-7da687c39ae8,bus,Bus,120,120,13101,"St. Gallen, Bahnhof",Engelburg,C,,2026-10-06 03:21:00+00:00,,,False,,2026-10-06 04:29:39.022000+02:00,2026-10-06 05:21:00+02:00,,2026-10-06,5,Tuesday,False,51.34963333333334
20261006_022931,2026-10-06 02:29:39.022000+00:00,St. Gallen,local,ch:1:sloid:74095,"St. Gallen, Bahnhof",ch:1:sloid:74095:0:888081,2026-10-06,ch:1:sjyid:100684:SKI-3009,bus,Bus,3,3,3009,"Wittenbach, Bahnhof","Abtwil SG, St.Josefen",F,,2026-10-06 03:22:00+00:00,,,False,,2026-10-06 04:29:39.022000+02:00,2026-10-06 05:22:00+02:00,,2026-10-06,5,Tuesday,False,52.34963333333334
20261006_022931,2026-10-06 02:29:39.022000+00:00,St. Gallen,local,ch:1:sloid:74095,"St. Gallen, Bahnhof",ch:1:sloid:74095:0:541287,2026-10-06,ch:1:sjyid:100684:SKI-6015,bus,Bus,6,6,6015,"St. Gallen, Marktplatz Bohl",Bach St.Georgen,H,,2026-10-06 03:22:00+00:00,,,False,,2026-10-06 04:29:39.022000+02:00,2026-10-06 05:22:00+02:00,,2026-10-06,5,Tuesday,False,52.34963333333334
20261006_022931,2026-10-06 02:29:39.022000+00:00,St. Gallen,local,ch:1:sloid:74095,"St. Gallen, Bahnhof",ch:1:sloid:74095:0:606657,2026-10-06,ch:1:sjyid:100684:SKI-5000,bus,Bus,5,5,5000,"St. Gallen, Riethüsli",Rotmonten,I,,2026-10-06 03:23:00+00:00,,,False,,2026-10-06 04:29:39.022000+02:00,2026-10-06 05:23:00+02:00,,2026-10-06,5,Tuesday,False,53.34963333333334
20261006_022931,2026-10-06 02:29:39.022000+00:00,St. Gallen,local,ch:1:sloid:74095,"St. Gallen, Bahnhof",ch:1:sloid:74095:0:989159,2026-10-06,ch:1:sjyid:100684:SKI-1019,bus,Bus,1,1,1019,"St. Gallen, Stephanshorn",Winkeln,A,,2026-10-06 03:24:00+00:00,2026-10-06 03:24:00+00:00,,True,0.0,2026-10-06 04:29:39.022000+02:00,2026-10-06 05:24:00+02:00,2026-10-06 05:24:00+02:00,2026-10-06,5,Tuesday,False,54.34963333333334
20261006_022931,2026-10-06 02:29:39.022000+00:00,St. Gallen,local,ch:1:sloid:74095,"St. Gallen, Bahnhof",ch:1:sloid:74095:0:894224,2026-10-06,ch:1:sjyid:100684:SKI-3002,bus,Bus,3,3,3002,"Abtwil SG, Säntispark","Wittenbach, Bahnhof",E,,2026-10-06 03:24:00+00:00,2026-10-06 03:24:00+00:00,,True,0.0,2026-10-06 04:29:39.022000+02:00,2026-10-06 05:24:00+02:00,2026-10-06 05:24:00+02:00,2026-10-06,5,Tuesday,False,54.34963333333334
20261006_022931,2026-10-06 02:29:39.022000+00:00,St. Gallen,local,ch:1:sloid:74095,"St. Gallen, Bahnhof",ch:1:sloid:74095:0:541287,2026-10-06,ch:1:sjyid:100684:SKI-5009,bus,Bus,5,5,5009,"St. Gallen, Bahnhof",Riethüsli,H,,2026-10-06 03:26:00+00:00,,,False,,2026-10-06 04:29:39.022000+02:00,2026-10-06 05:26:00+02:00,,2026-10-06,5,Tuesday,False,56.34963333333334
20261006_022931,2026-10-06 02:29:39.022000+00:00,St. Gallen,local,ch:1:sloid:74095,"St. Gallen, Bahnhof",ch:1:sloid:74095:0:886128,2026-10-06,ch:1:sjyid:100602:aa1d4dcc-e088-42d5-9307-38e744c5003d,bus,Bus,180,180,18001,"St. Gallen, Bahnhof",Herisau,G,,2026-10-06 03:26:00+00:00,,,False,,2026-10-06 04:29:39.022000+02:00,2026-10-06 05:26:00+02:00,,2026-10-06,5,Tuesday,False,56.34963333333334
20261006_022931,2026-10-06 02:29:39.022000+00:00,St. Gallen,local,ch:1:sloid:74095,"St. Gallen, Bahnhof",ch:1:sloid:74095:0:894224,2026-10-06,ch:1:sjyid:100695:aa1110c6-30c7-4d3f-9b76-3d17ff815a4d,bus,Bus,151,151,51311,"Gossau SG, Mettendorf",St.Gallen Spisertor,E,,2026-10-06 03:27:00+00:00,,,False,,2026-10-06 04:29:39.022000+02:00,2026-10-06 05:27:00+02:00,,2026-10-06,5,Tuesday,False,57.34963333333334
20261006_022931,2026-10-06 02:29:39.494000+00:00,Lausanne,local,ch:1:sloid:92050,"Lausanne, gare",ch:1:sloid:92050:0:2893,2026-10-06,ch:1:sjyid:100122:plan1:2026_ATT5-21-50-Semaine-21-9980561,bus,Bus,21,21,21155,"Lausanne, Pont Chauderon",Verrière,A,,2026-10-06 02:53:00+00:00,,,False,,2026-10-06 04:29:39.494000+02:00,2026-10-06 04:53:00+02:00,,2026-10-06,4,Tuesday,False,23.34176666666667
20261006_022931,2026-10-06 02:29:39.494000+00:00,Lausanne,local,ch:1:sloid:92050,"Lausanne, gare",ch:1:sloid:92050:0:2814,2026-10-06,ch:1:sjyid:100122:plan1:2026_ATT2-03-20-Semaine-3-9715556,bus,Bus,3,3,3015,"Lausanne, gare",Maillefer,D,,2026-10-06 03:00:00+00:00,,,False,,2026-10-06 04:29:39.494000+02:00,2026-10-06 05:00:00+02:00,,2026-10-06,5,Tuesday,False,30.34176666666667
20261006_022931,2026-10-06 02:29:39.494000+00:00,Lausanne,local,ch:1:sloid:92050,"Lausanne, gare",ch:1:sloid:92050:0:2893,2026-10-06,ch:1:sjyid:100122:plan1:2026_ATT5-21-50-Semaine-21-9980556,bus,Bus,21,21,21158,"Lausanne, Pont Chauderon",Verrière,A,,2026-10-06 03:08:00+00:00,,,False,,2026-10-06 04:29:39.494000+02:00,2026-10-06 05:08:00+02:00,,2026-10-06,5,Tuesday,False,38.341766666666665
20261006_022931,2026-10-06 02:29:39.494000+00:00,Lausanne,local,ch:1:sloid:92050,"Lausanne, gare",ch:1:sloid:92050:0:2814,2026-10-06,ch:1:sjyid:100122:plan1:2026_ATT2-03-20-Semaine-3-9715557,bus,Bus,3,3,3016,"Lausanne, gare",Maillefer,D,,2026-10-06 03:15:00+00:00,,,False,,2026-10-06 04:29:39.494000+02:00,2026-10-06 05:15:00+02:00,,2026-10-06,5,Tuesday,False,45.341766666666665
20261006_022931,2026-10-06 02:29:39.494000+00:00,Lausanne,local,ch:1:sloid:92050,"Lausanne, gare",ch:1:sloid:92050:0:2893,2026-10-06,ch:1:sjyid:100122:plan1:2026_ATT5-21-50-Semaine-21-9980257,bus,Bus,21,21,21157,"Lausanne, Blécherette",Verrière,A,,2026-10-06 03:18:00+00:00,,,False,,2026-10-06 04:29:39.494000+02:00,2026-10-06 05:18:00+02:00,,2026-10-06,5,Tuesday,False,48.341766666666665
20261006_022931,2026-10-06 02:29:39.494000+00:00,Lausanne,local,ch:1:sloid:92050,"Lausanne, gare",ch:1:sloid:92050:0:2893,2026-10-06,ch:1:sjyid:100122:plan1:2026_ATT5-01-50-Semaine-1-10018927,bus,Bus,1,1,1041,"Lausanne, Maladière",Blécherette,A,,2026-10-06 03:21:00+00:00,,,False,,2026-10-06 04:29:39.494000+02:00,2026-10-06 05:21:00+02:00,,2026-10-06,5,Tuesday,False,51.341766666666665
20261006_022931,2026-10-06 02:29:39.494000+00:00,Lausanne,local,ch:1:sloid:92050,"Lausanne, gare",ch:1:sloid:92050:0:2814,2026-10-06,ch:1:sjyid:100122:plan1:2026_ATT5-21-50-Semaine-21-9980560,bus,Bus,21,21,21028,"Paudex, Verrière",Blécherette,D,,2026-10-06 03:22:00+00:00,,,False,,2026-10-06 04:29:39.494000+02:00,2026-10-06 05:22:00+02:00,,2026-10-06,5,Tuesday,False,52.341766666666665
20261006_022931,2026-10-06 02:29:39.494000+00:00,Lausanne,local,ch:1:sloid:92050,"Lausanne, gare",ch:1:sloid:92050:0:2815,2026-10-06,ch:1:sjyid:100122:plan1:2026_ATT5-20-50-Semaine-20-9969571,bus,Bus,20,20,20011,"Lausanne, gare",Blécherette,C,,2026-10-06 03:27:00+00:00,,,False,,2026-10-06 04:29:39.494000+02:00,2026-10-06 05:27:00+02:00,,2026-10-06,5,Tuesday,False,57.341766666666665
20261006_022931,2026-10-06 02:29:39.494000+00:00,Lausanne,local,ch:1:sloid:92050,"Lausanne, gare",ch:1:sloid:92050:0:2892,2026-10-06,ch:1:sjyid:100122:plan1:2026_ATT5-01-50-Semaine-1-10018931,bus,Bus,1,1,1195,"Lausanne, Blécherette",Maladière,B,,2026-10-06 03:30:00+00:00,,,False,,2026-10-06 04:29:39.494000+02:00,2026-10-06 05:30:00+02:00,,2026-10-06,5,Tuesday,False,60.341766666666665
20261006_022931,2026-10-06 02:29:39.494000+00:00,Lausanne,local,ch:1:sloid:92050,"Lausanne, gare",ch:1:sloid:92050:0:2814,2026-10-06,ch:1:sjyid:100122:plan1:2026_ATT2-03-20-Semaine-3-9715558,bus,Bus,3,3,3017,"Lausanne, gare",Maillefer,D,,2026-10-06 03:30:00+00:00,,,False,,2026-10-06 04:29:39.494000+02:00,2026-10-06 05:30:00+02:00,,2026-10-06,5,Tuesday,False,60.341766666666665
20261006_022931,2026-10-06 02:29:39.494000+00:00,Lausanne,local,ch:1:sloid:92050,"Lausanne, gare",ch:1:sloid:92050:0:1096,2026-10-06,ch:1:sjyid:100122:plan2:m2_0165,metro,Metro,m2,m2,720165,"Lausanne, Ouchy-Olympique","Epalinges, Croisettes",,,2026-10-06 03:31:00+00:00,,,False,,2026-10-06 04:29:39.494000+02:00,2026-10-06 05:31:00+02:00,,2026-10-06,5,Tuesday,False,61.341766666666665
20261006_022931,2026-10-06 02:29:39.494000+00:00,Lausanne,local,ch:1:sloid:92050,"Lausanne, gare",ch:1:sloid:92050:0:1101,2026-10-06,ch:1:sjyid:100122:plan2:m2_0002,metro,Metro,m2,m2,720002,"Epalinges, Croisettes","Lausanne, Ouchy-Olympique",,,2026-10-06 03:31:00+00:00,,,False,,2026-10-06 04:29:39.494000+02:00,2026-10-06 05:31:00+02:00,,2026-10-06,5,Tuesday,False,61.341766666666665
20261006_022931,2026-10-06 02:29:39.494000+00:00,Lausanne,local,ch:1:sloid:92050,"Lausanne, gare",ch:1:sloid:92050:0:2893,2026-10-06,ch:1:sjyid:100122:plan1:2026_ATT5-21-50-Semaine-21-9980265,bus,Bus,21,21,21159,"Lausanne, Blécherette",Verrière,A,,2026-10-06 03:32:00+00:00,,,False,,2026-10-06 04:29:39.494000+02:00,2026-10-06 05:32:00+02:00,,2026-10-06,5,Tuesday,False,62.341766666666665
20261006_022931,2026-10-06 02:29:39.494000+00:00,Lausanne,local,ch:1:sloid:92050,"Lausanne, gare",ch:1:sloid:92050:0:1101,2026-10-06,ch:1:sjyid:100122:plan2:m2_0056,metro,Metro,m2,m2,720056,"Epalinges, Croisettes","Lausanne, Ouchy-Olympique",,,2026-10-06 03:36:00+00:00,,,False,,2026-10-06 04:29:39.494000+02:00,2026-10-06 05:36:00+02:00,,2026-10-06,5,Tuesday,False,66.34176666666666
20261006_022931,2026-10-06 02:29:39.494000+00:00,Lausanne,local,ch:1:sloid:92050,"Lausanne, gare",ch:1:sloid:92050:0:2893,2026-10-06,ch:1:sjyid:100122:plan1:2026_ATT5-01-50-Semaine-1-10018928,bus,Bus,1,1,1042,"Lausanne, Maladière",Blécherette,A,,2026-10-06 03:36:00+00:00,,,False,,2026-10-06 04:29:39.494000+02:00,2026-10-06 05:36:00+02:00,,2026-10-06,5,Tuesday,False,66.34176666666666
20261006_022931,2026-10-06 02:29:39.494000+00:00,Lausanne,local,ch:1:sloid:92050,"Lausanne, gare",ch:1:sloid:92050:0:2814,2026-10-06,ch:1:sjyid:100122:plan1:2026_ATT5-21-50-Semaine-21-9980256,bus,Bus,21,21,21030,"Paudex, Verrière",Blécherette,D,,2026-10-06 03:38:00+00:00,,,False,,2026-10-06 04:29:39.494000+02:00,2026-10-06 05:38:00+02:00,,2026-10-06,5,Tuesday,False,68.34176666666667
20261006_022931,2026-10-06 02:29:39.494000+00:00,Lausanne,local,ch:1:sloid:92050,"Lausanne, gare",ch:1:sloid:92050:0:1096,2026-10-06,ch:1:sjyid:100122:plan2:m2_0315,metro,Metro,m2,m2,720315,"Lausanne, Ouchy-Olympique","Epalinges, Croisettes",,,2026-10-06 03:39:00+00:00,,,False,,2026-10-06 04:29:39.494000+02:00,2026-10-06 05:39:00+02:00,,2026-10-06,5,Tuesday,False,69.34176666666667
20261006_022931,2026-10-06 02:29:39.494000+00:00,Lausanne,local,ch:1:sloid:92050,"Lausanne, gare",ch:1:sloid:92050:0:1101,2026-10-06,ch:1:sjyid:100122:plan2:m2_0110,metro,Metro,m2,m2,720110,"Epalinges, Croisettes","Lausanne, Ouchy-Olympique",,,2026-10-06 03:40:00+00:00,,,False,,2026-10-06 04:29:39.494000+02:00,2026-10-06 05:40:00+02:00,,2026-10-06,5,Tuesday,False,70.34176666666667
20261006_022931,2026-10-06 02:29:39.494000+00:00,Lausanne,local,ch:1:sloid:92050,"Lausanne, gare",ch:1:sloid:92050:0:1096,2026-10-06,ch:1:sjyid:100122:plan2:m2_0003,metro,Metro,m2,m2,720003,"Lausanne, Ouchy-Olympique","Epalinges, Croisettes",,,2026-10-06 03:44:00+00:00,,,False,,2026-10-06 04:29:39.494000+02:00,2026-10-06 05:44:00+02:00,,2026-10-06,5,Tuesday,False,74.34176666666667
20261006_022931,2026-10-06 02:29:39.494000+00:00,Lausanne,local,ch:1:sloid:92050,"Lausanne, gare",ch:1:sloid:92050:0:2892,2026-10-06,ch:1:sjyid:100122:plan1:2026_ATT5-01-50-Semaine-1-10018932,bus,Bus,1,1,1196,"Lausanne, Blécherette",Maladière,B,,2026-10-06 03:45:00+00:00,,,False,,2026-10-06 04:29:39.494000+02:00,2026-10-06 05:45:00+02:00,,2026-10-06,5,Tuesday,False,75.34176666666667
20261006_022931,2026-10-06 02:29:39.494000+00:00,Lausanne,local,ch:1:sloid:92050,"Lausanne, gare",ch:1:sloid:92050:0:2814,2026-10-06,ch:1:sjyid:100122:plan1:2026_ATT2-03-20-Semaine-3-9715559,bus,Bus,3,3,3018,"Lausanne, gare",Maillefer,D,,2026-10-06 03:45:00+00:00,,,False,,2026-10-06 04:29:39.494000+02:00,2026-10-06 05:45:00+02:00,,2026-10-06,5,Tuesday,False,75.34176666666667
20261006_022931,2026-10-06 02:29:39.494000+00:00,Lausanne,local,ch:1:sloid:92050,"Lausanne, gare",ch:1:sloid:92050:0:1101,2026-10-06,ch:1:sjyid:100122:plan2:m2_0218,metro,Metro,m2,m2,720218,"Epalinges, Croisettes","Lausanne, Ouchy-Olympique",,,2026-10-06 03:45:00+00:00,,,False,,2026-10-06 04:29:39.494000+02:00,2026-10-06 05:45:00+02:00,,2026-10-06,5,Tuesday,False,75.34176666666667
20261006_022931,2026-10-06 02:29:39.494000+00:00,Lausanne,local,ch:1:sloid:92050,"Lausanne, gare",ch:1:sloid:92050:0:2815,2026-10-06,ch:1:sjyid:100122:plan1:2026_ATT5-20-50-Semaine-20-9969577,bus,Bus,20,20,20012,"Lausanne, gare",Blécherette,C,,2026-10-06 03:47:00+00:00,,,False,,2026-10-06 04:29:39.494000+02:00,2026-10-06 05:47:00+02:00,,2026-10-06,5,Tuesday,False,77.34176666666667
20261006_022931,2026-10-06 02:29:39.494000+00:00,Lausanne,local,ch:1:sloid:92050,"Lausanne, gare",ch:1:sloid:92050:0:2893,2026-10-06,ch:1:sjyid:100122:plan1:2026_ATT5-21-50-Semaine-21-9980266,bus,Bus,21,21,21160,"Lausanne, Blécherette",Verrière,A,,2026-10-06 03:47:00+00:00,,,False,,2026-10-06 04:29:39.494000+02:00,2026-10-06 05:47:00+02:00,,2026-10-06,5,Tuesday,False,77.34176666666667
20261006_022931,2026-10-06 02:29:39.494000+00:00,Lausanne,local,ch:1:sloid:92050,"Lausanne, gare",ch:1:sloid:92050:0:1096,2026-10-06,ch:1:sjyid:100122:plan2:m2_0057,metro,Metro,m2,m2,720057,"Lausanne, Ouchy-Olympique","Epalinges, Croisettes",,,2026-10-06 03:49:00+00:00,,,False,,2026-10-06 04:29:39.494000+02:00,2026-10-06 05:49:00+02:00,,2026-10-06,5,Tuesday,False,79.34176666666667
20261006_022931,2026-10-06 02:29:39.494000+00:00,Lausanne,local,ch:1:sloid:92050,"Lausanne, gare",ch:1:sloid:92050:0:1101,2026-10-06,ch:1:sjyid:100122:plan2:m2_0272,metro,Metro,m2,m2,720272,"Epalinges, Croisettes","Lausanne, Ouchy-Olympique",,,2026-10-06 03:50:00+00:00,,,False,,2026-10-06 04:29:39.494000+02:00,2026-10-06 05:50:00+02:00,,2026-10-06,5,Tuesday,False,80.34176666666667
20261006_022931,2026-10-06 02:29:39.494000+00:00,Lausanne,local,ch:1:sloid:92050,"Lausanne, gare",ch:1:sloid:92050:0:2893,2026-10-06,ch:1:sjyid:100122:plan1:2026_ATT5-01-50-Semaine-1-10018929,bus,Bus,1,1,1043,"Lausanne, Maladière",Blécherette,A,,2026-10-06 03:51:00+00:00,,,False,,2026-10-06 04:29:39.494000+02:00,2026-10-06 05:51:00+02:00,,2026-10-06,5,Tuesday,False,81.34176666666667
20261006_022931,2026-10-06 02:29:39.494000+00:00,Lausanne,local,ch:1:sloid:92050,"Lausanne, gare",ch:1:sloid:92050:0:2814,2026-10-06,ch:1:sjyid:100122:plan1:2026_ATT5-21-50-Semaine-21-9980258,bus,Bus,21,21,21031,"Paudex, Verrière",Blécherette,D,,2026-10-06 03:52:00+00:00,,,False,,2026-10-06 04:29:39.494000+02:00,2026-10-06 05:52:00+02:00,,2026-10-06,5,Tuesday,False,82.34176666666667
20261006_022931,2026-10-06 02:29:39.494000+00:00,Lausanne,local,ch:1:sloid:92050,"Lausanne, gare",ch:1:sloid:92050:0:1096,2026-10-06,ch:1:sjyid:100122:plan2:m2_0111,metro,Metro,m2,m2,720111,"Lausanne, Ouchy-Olympique","Epalinges, Croisettes",,,2026-10-06 03:53:00+00:00,,,False,,2026-10-06 04:29:39.494000+02:00,2026-10-06 05:53:00+02:00,,2026-10-06,5,Tuesday,False,83.34176666666667
20261006_022931,2026-10-06 02:29:39.494000+00:00,Lausanne,local,ch:1:sloid:92050,"Lausanne, gare",ch:1:sloid:92050:0:1101,2026-10-06,ch:1:sjyid:100122:plan2:m2_0368,metro,Metro,m2,m2,720368,"Epalinges, Croisettes","Lausanne, Ouchy-Olympique",,,2026-10-06 03:55:00+00:00,,,False,,2026-10-06 04:29:39.494000+02:00,2026-10-06 05:55:00+02:00,,2026-10-06,5,Tuesday,False,85.34176666666667
20261006_022931,2026-10-06 02:29:39.971000+00:00,Genève,local,ch:1:sloid:87057,"Genève, gare Cornavin",ch:1:sloid:87057:0:233278,2026-10-06,ch:1:sjyid:100680:HAS-26-15-10-Lun-Ven-35076292,tram,Tram,15,15,847423,"Vernier, Blandonnet",ZIPLO,I,,2026-10-06 02:29:00+00:00,2026-10-06 02:29:30+00:00,,True,0.5,2026-10-06 04:29:39.971000+02:00,2026-10-06 04:29:00+02:00,2026-10-06 04:29:30+02:00,2026-10-06,4,Tuesday,False,-0.6661833333333332
20261006_022931,2026-10-06 02:29:39.971000+00:00,Genève,local,ch:1:sloid:87057,"Genève, gare Cornavin",ch:1:sloid:87057:0:783875,2026-10-06,ch:1:sjyid:100680:HAS-26-02-06-19-1-Lun-Ven-34652794,bus,Bus,19,19,617422,"Genève, Jonction",Vernier-Village,K,,2026-10-06 02:32:00+00:00,2026-10-06 02:31:30+00:00,,True,-0.5,2026-10-06 04:29:39.971000+02:00,2026-10-06 04:32:00+02:00,2026-10-06 04:31:30+02:00,2026-10-06,4,Tuesday,False,2.3338166666666664
20261006_022931,2026-10-06 02:29:39.971000+00:00,Genève,local,ch:1:sloid:87057,"Genève, gare Cornavin",ch:1:sloid:87057:0:698638,2026-10-06,ch:1:sjyid:100680:HAS-26-03-0-Lun-Ven-33833090,bus,Bus,3,3,554283,"Genève, Jonction",Gardiol,F,,2026-10-06 02:33:00+00:00,2026-10-06 02:36:24+00:00,,True,3.4,2026-10-06 04:29:39.971000+02:00,2026-10-06 04:33:00+02:00,2026-10-06 04:36:24+02:00,2026-10-06,4,Tuesday,False,3.3338166666666664
20261006_022931,2026-10-06 02:29:39.971000+00:00,Genève,local,ch:1:sloid:87057,"Genève, gare Cornavin",ch:1:sloid:87057:0:233278,2026-10-06,ch:1:sjyid:100680:HAS-26-18-10-Lun-Ven-35074956,tram,Tram,18,18,846089,"Vernier, Blandonnet",Palettes,I,,2026-10-06 02:35:00+00:00,2026-10-06 02:37:12+00:00,,True,2.2,2026-10-06 04:29:39.971000+02:00,2026-10-06 04:35:00+02:00,2026-10-06 04:37:12+02:00,2026-10-06,4,Tuesday,False,5.333816666666666
20261006_022931,2026-10-06 02:29:39.971000+00:00,Genève,local,ch:1:sloid:87057,"Genève, gare Cornavin",ch:1:sloid:87057:0:408265,2026-10-06,ch:1:sjyid:100680:HAS-26-15-10-Lun-Ven-35076690,tram,Tram,15,15,847821,"Vernier, Blandonnet",Nations,I,,2026-10-06 02:37:00+00:00,2026-10-06 02:37:30+00:00,,True,0.5,2026-10-06 04:29:39.971000+02:00,2026-10-06 04:37:00+02:00,2026-10-06 04:37:30+02:00,2026-10-06,4,Tuesday,False,7.333816666666666
20261006_022931,2026-10-06 02:29:39.971000+00:00,Genève,local,ch:1:sloid:87057,"Genève, gare Cornavin",ch:1:sloid:87057:0:783875,2026-10-06,ch:1:sjyid:100680:HAS-26-10-0-Lun-Ven-33810366,bus,Bus,10,10,551567,"Genève, Jonction",Genève-Aéroport-Terminal,K,,2026-10-06 02:39:00+00:00,2026-10-06 02:39:18+00:00,,True,0.3,2026-10-06 04:29:39.971000+02:00,2026-10-06 04:39:00+02:00,2026-10-06 04:39:18+02:00,2026-10-06,4,Tuesday,False,9.333816666666667
20261006_022931,2026-10-06 02:29:39.971000+00:00,Genève,local,ch:1:sloid:87057,"Genève, gare Cornavin",ch:1:sloid:87057:0:408265,2026-10-06,ch:1:sjyid:100680:HAS-26-15-10-Lun-Ven-35076690,tram,Tram,15,15,847821,"Vernier, Blandonnet",Nations,I,,2026-10-06 02:40:00+00:00,2026-10-06 02:40:54+00:00,,True,0.9,2026-10-06 04:29:39.971000+02:00,2026-10-06 04:40:00+02:00,2026-10-06 04:40:54+02:00,2026-10-06,4,Tuesday,False,10.333816666666667
20261006_022931,2026-10-06 02:29:39.971000+00:00,Genève,local,ch:1:sloid:87057,"Genève, gare Cornavin",ch:1:sloid:87057:0:233278,2026-10-06,ch:1:sjyid:100680:HAS-26-14-10-Lun-Ven-35075196,tram,Tram,14,14,846327,"Vernier, Blandonnet",Bernex-Vailly,I,,2026-10-06 02:42:00+00:00,2026-10-06 02:42:18+00:00,,True,0.3,2026-10-06 04:29:39.971000+02:00,2026-10-06 04:42:00+02:00,2026-10-06 04:42:18+02:00,2026-10-06,4,Tuesday,False,12.333816666666667
20261006_022931,2026-10-06 02:29:39.971000+00:00,Genève,local,ch:1:sloid:87057,"Genève, gare Cornavin",ch:1:sloid:87057:0:783875,2026-10-06,ch:1:sjyid:100680:HAS-26-02-06-19-1-Lun-Ven-34652790,bus,Bus,19,19,617420,"Genève, Jonction",Vernier-Village,K,,2026-10-06 02:42:00+00:00,2026-10-06 02:42:18+00:00,,True,0.3,2026-10-06 04:29:39.971000+02:00,2026-10-06 04:42:00+02:00,2026-10-06 04:42:18+02:00,2026-10-06,4,Tuesday,False,12.333816666666667
20261006_022931,2026-10-06 02:29:39.971000+00:00,Genève,local,ch:1:sloid:87057,"Genève, gare Cornavin",ch:1:sloid:87057:0:233278,2026-10-06,ch:1:sjyid:100680:HAS-26-15-10-Lun-Ven-35076293,tram,Tram,15,15,847424,"Vernier, Blandonnet",ZIPLO,I,,2026-10-06 02:44:00+00:00,2026-10-06 02:44:18+00:00,,True,0.3,2026-10-06 04:29:39.971000+02:00,2026-10-06 04:44:00+02:00,2026-10-06 04:44:18+02:00,2026-10-06,4,Tuesday,False,14.333816666666667
20261006_022931,2026-10-06 02:29:39.971000+00:00,Genève,local,ch:1:sloid:87057,"Genève, gare Cornavin",ch:1:sloid:87057:0:46188,2026-10-06,ch:1:sjyid:100680:HAS-26-015925-70-Lun-Ven-35913601,bus,Bus,1,1,698016,"Genève, Jardin Botanique",Hôpital Trois-Chêne,D,,2026-10-06 02:48:00+00:00,2026-10-06 02:48:36+00:00,,True,0.6,2026-10-06 04:29:39.971000+02:00,2026-10-06 04:48:00+02:00,2026-10-06 04:48:36+02:00,2026-10-06,4,Tuesday,False,18.333816666666667
20261006_022931,2026-10-06 02:29:39.971000+00:00,Genève,local,ch:1:sloid:87057,"Genève, gare Cornavin",ch:1:sloid:87057:0:698638,2026-10-06,ch:1:sjyid:100680:HAS-26-03-0-Lun-Ven-33833092,bus,Bus,3,3,554285,"Genève, Jonction",Gardiol,F,,2026-10-06 02:48:00+00:00,2026-10-06 02:48:00+00:00,,True,0.0,2026-10-06 04:29:39.971000+02:00,2026-10-06 04:48:00+02:00,2026-10-06 04:48:00+02:00,2026-10-06,4,Tuesday,False,18.333816666666667
20261006_022931,2026-10-06 02:29:39.971000+00:00,Genève,local,ch:1:sloid:87057,"Genève, gare Cornavin",ch:1:sloid:87057:0:408265,2026-10-06,ch:1:sjyid:100680:HAS-26-15-10-Lun-Ven-35076301,tram,Tram,15,15,847432,"Plan-les-Ouates, ZIPLO",Nations,E,,2026-10-06 02:51:00+00:00,2026-10-06 02:51:54+00:00,,True,0.9,2026-10-06 04:29:39.971000+02:00,2026-10-06 04:51:00+02:00,2026-10-06 04:51:54+02:00,2026-10-06,4,Tuesday,False,21.333816666666667
20261006_022931,2026-10-06 02:29:39.971000+00:00,Genève,local,ch:1:sloid:87057,"Genève, gare Cornavin",ch:1:sloid:87057:0:783875,2026-10-06,ch:1:sjyid:100680:HAS-26-02-06-19-1-Lun-Ven-34652792,bus,Bus,19,19,617421,"Genève, Jonction",Vernier-Village,K,,2026-10-06 02:52:00+00:00,2026-10-06 02:52:18+00:00,,True,0.3,2026-10-06 04:29:39.971000+02:00,2026-10-06 04:52:00+02:00,2026-10-06 04:52:18+02:00,2026-10-06,4,Tuesday,False,22.333816666666667
20261006_022931,2026-10-06 02:29:39.971000+00:00,Genève,local,ch:1:sloid:87057,"Genève, gare Cornavin",ch:1:sloid:87057:0:46188,2026-10-06,ch:1:sjyid:100680:HAS-26-A2-19-7-jours-35420057,bus,Bus,A2,A2,666247,"Genève, Nations","Genève-Aéroport, Terminal",D,,2026-10-06 02:58:00+00:00,,,False,,2026-10-06 04:29:39.971000+02:00,2026-10-06 04:58:00+02:00,,2026-10-06,4,Tuesday,False,28.333816666666667
20261006_022931,2026-10-06 02:29:39.971000+00:00,Genève,local,ch:1:sloid:87057,"Genève, gare Cornavin",ch:1:sloid:87057:0:783875,2026-10-06,ch:1:sjyid:100680:HAS-26-10-0-Lun-Ven-33810367,bus,Bus,10,10,551568,"Genève, Jonction",Genève-Aéroport-Terminal,K,,2026-10-06 02:59:00+00:00,2026-10-06 02:59:18+00:00,,True,0.3,2026-10-06 04:29:39.971000+02:00,2026-10-06 04:59:00+02:00,2026-10-06 04:59:18+02:00,2026-10-06,4,Tuesday,False,29.333816666666667
20261006_022931,2026-10-06 02:29:39.971000+00:00,Genève,local,ch:1:sloid:87057,"Genève, gare Cornavin",ch:1:sloid:87057:0:233278,2026-10-06,ch:1:sjyid:100680:HAS-26-14-10-Lun-Ven-35075194,tram,Tram,14,14,846325,"Vernier, Blandonnet",Bernex-Vailly,I,,2026-10-06 03:00:00+00:00,2026-10-06 03:00:18+00:00,,True,0.3,2026-10-06 04:29:39.971000+02:00,2026-10-06 05:00:00+02:00,2026-10-06 05:00:18+02:00,2026-10-06,5,Tuesday,False,30.333816666666667
20261006_022931,2026-10-06 02:29:39.971000+00:00,Genève,local,ch:1:sloid:87057,"Genève, gare Cornavin",ch:1:sloid:87057:0:46188,2026-10-06,ch:1:sjyid:100680:HAS-26-15-10-Lun-Ven-35076294,tram,Tram,15,15,847425,"Genève, Nations",ZIPLO,D,,2026-10-06 03:01:00+00:00,2026-10-06 03:01:36+00:00,,True,0.6,2026-10-06 04:29:39.971000+02:00,2026-10-06 05:01:00+02:00,2026-10-06 05:01:36+02:00,2026-10-06,5,Tuesday,False,31.333816666666667
20261006_022931,2026-10-06 02:29:39.971000+00:00,Genève,local,ch:1:sloid:87057,"Genève, gare Cornavin",ch:1:sloid:87057:0:46188,2026-10-06,ch:1:sjyid:100680:HAS-26-015925-70-Lun-Ven-35913597,bus,Bus,25,25,698012,"Genève, Jardin Botanique",Thônex-Vallard,D,,2026-10-06 03:02:00+00:00,2026-10-06 03:02:36+00:00,,True,0.6,2026-10-06 04:29:39.971000+02:00,2026-10-06 05:02:00+02:00,2026-10-06 05:02:36+02:00,2026-10-06,5,Tuesday,False,32.333816666666664
20261006_022931,2026-10-06 02:29:39.971000+00:00,Genève,local,ch:1:sloid:87057,"Genève, gare Cornavin",ch:1:sloid:87057:0:233278,2026-10-06,ch:1:sjyid:100680:HAS-26-17-10-Lun-Ven-35076258,tram,Tram,17,17,847389,"Vernier, Blandonnet",Lancy-Pont-Rouge-Gare,I,,2026-10-06 03:02:00+00:00,2026-10-06 03:02:18+00:00,,True,0.3,2026-10-06 04:29:39.971000+02:00,2026-10-06 05:02:00+02:00,2026-10-06 05:02:18+02:00,2026-10-06,5,Tuesday,False,32.333816666666664
20261006_022931,2026-10-06 02:29:39.971000+00:00,Genève,local,ch:1:sloid:87057,"Genève, gare Cornavin",ch:1:sloid:87057:0:50679,2026-10-06,ch:1:sjyid:100680:HAS-26-60-61-70-Lun-Ven-35376299,bus,Bus,60,60,693410,"Genève, gare Cornavin","Gex, L'Aiglette",J,,2026-10-06 03:02:00+00:00,,,False,,2026-10-06 04:29:39.971000+02:00,2026-10-06 05:02:00+02:00,,2026-10-06,5,Tuesday,False,32.333816666666664
20261006_022931,2026-10-06 02:29:39.971000+00:00,Genève,local,ch:1:sloid:87057,"Genève, gare Cornavin",ch:1:sloid:87057:0:783875,2026-10-06,ch:1:sjyid:100680:HAS-26-02-06-19-1-Lun-Ven-34652788,bus,Bus,19,19,617419,"Genève, Jonction",Vernier-Village,K,,2026-10-06 03:02:00+00:00,2026-10-06 03:02:18+00:00,,True,0.3,2026-10-06 04:29:39.971000+02:00,2026-10-06 05:02:00+02:00,2026-10-06 05:02:18+02:00,2026-10-06,5,Tuesday,False,32.333816666666664
20261006_022931,2026-10-06 02:29:39.971000+00:00,Genève,local,ch:1:sloid:87057,"Genève, gare Cornavin",ch:1:sloid:87057:0:698638,2026-10-06,ch:1:sjyid:100680:HAS-26-03-0-Lun-Ven-33833093,bus,Bus,3,3,554286,"Genève, Jonction",Gardiol,F,,2026-10-06 03:03:00+00:00,2026-10-06 03:03:00+00:00,,True,0.0,2026-10-06 04:29:39.971000+02:00,2026-10-06 05:03:00+02:00,2026-10-06 05:03:00+02:00,2026-10-06,5,Tuesday,False,33.333816666666664
20261006_022931,2026-10-06 02:29:39.971000+00:00,Genève,local,ch:1:sloid:87057,"Genève, gare Cornavin",ch:1:sloid:87057:0:408265,2026-10-06,ch:1:sjyid:100680:HAS-26-15-10-Lun-Ven-35076689,tram,Tram,15,15,847820,"Plan-les-Ouates, ZIPLO",Nations,E,,2026-10-06 03:06:00+00:00,2026-10-06 03:06:18+00:00,,True,0.3,2026-10-06 04:29:39.971000+02:00,2026-10-06 05:06:00+02:00,2026-10-06 05:06:18+02:00,2026-10-06,5,Tuesday,False,36.333816666666664
20261006_022931,2026-10-06 02:29:39.971000+00:00,Genève,local,ch:1:sloid:87057,"Genève, gare Cornavin",ch:1:sloid:87057:0:50679,2026-10-06,ch:1:sjyid:100680:HAS-26-08-20-13-Lun-Ven-35205700,bus,Bus,8,8,646077,"Veyrier, douane",Palexpo,J,,2026-10-06 03:06:00+00:00,2026-10-06 03:09:00+00:00,,True,3.0,2026-10-06 04:29:39.971000+02:00,2026-10-06 05:06:00+02:00,2026-10-06 05:09:00+02:00,2026-10-06,5,Tuesday,False,36.333816666666664
20261006_022931,2026-10-06 02:29:39.971000+00:00,Genève,local,ch:1:sloid:87057,"Genève, gare Cornavin",ch:1:sloid:87057:0:973093,2026-10-06,ch:1:sjyid:100680:HAS-26-08-20-13-Lun-Ven-35205702,bus,Bus,8,8,646079,"Grand-Saconnex, Palexpo",Veyrier-Douane,C,,2026-10-06 03:08:00+00:00,2026-10-06 03:08:18+00:00,,True,0.3,2026-10-06 04:29:39.971000+02:00,2026-10-06 05:08:00+02:00,2026-10-06 05:08:18+02:00,2026-10-06,5,Tuesday,False,38.333816666666664
20261006_022931,2026-10-06 02:29:39.971000+00:00,Genève,local,ch:1:sloid:87057,"Genève, gare Cornavin",ch:1:sloid:87057:0:233278,2026-10-06,ch:1:sjyid:100680:HAS-26-14-10-Lun-Ven-35075605,tram,Tram,14,14,846736,"Vernier, Blandonnet",Bernex-Vailly,I,,2026-10-06 03:10:00+00:00,2026-10-06 03:10:18+00:00,,True,0.3,2026-10-06 04:29:39.971000+02:00,2026-10-06 05:10:00+02:00,2026-10-06 05:10:18+02:00,2026-10-06,5,Tuesday,False,40.333816666666664
20261006_022931,2026-10-06 02:29:39.971000+00:00,Genève,local,ch:1:sloid:87057,"Genève, gare Cornavin",ch:1:sloid:87057:0:783875,2026-10-06,ch:1:sjyid:100680:HAS-26-10-0-Lun-Ven-33810349,bus,Bus,10,10,551563,"Genève, Rive","Genève-Aéroport, Terminal",K,,2026-10-06 03:10:00+00:00,,,False,,2026-10-06 04:29:39.971000+02:00,2026-10-06 05:10:00+02:00,,2026-10-06,5,Tuesday,False,40.333816666666664
20261006_022931,2026-10-06 02:29:39.971000+00:00,Genève,local,ch:1:sloid:87057,"Genève, gare Cornavin",ch:1:sloid:87057:0:783875,2026-10-06,ch:1:sjyid:100680:HAS-26-02-06-19-1-Lun-Ven-34652529,bus,Bus,6,6,617324,"Genève, Plage",Vernier-Village,K,,2026-10-06 03:11:00+00:00,2026-10-06 03:11:00+00:00,,True,0.0,2026-10-06 04:29:39.971000+02:00,2026-10-06 05:11:00+02:00,2026-10-06 05:11:00+02:00,2026-10-06,5,Tuesday,False,41.333816666666664
20261006_022931,2026-10-06 02:29:39.971000+00:00,Genève,local,ch:1:sloid:87057,"Genève, gare Cornavin",ch:1:sloid:87057:0:50679,2026-10-06,ch:1:sjyid:100680:HAS-26-015925-70-Lun-Ven-35913548,bus,Bus,5,5,697963,"Thônex, Vallard",Genève-Aéroport-Terminal,J,,2026-10-06 03:12:00+00:00,2026-10-06 03:12:00+00:00,,True,0.0,2026-10-06 04:29:39.971000+02:00,2026-10-06 05:12:00+02:00,2026-10-06 05:12:00+02:00,2026-10-06,5,Tuesday,False,42.333816666666664
20261006_022931,2026-10-06 02:29:41.412000+00:00,Lugano,local,ch:1:sloid:5380,"Lugano, Stazione",ch:1:sloid:5380::407001,2026-10-06,ch:1:sjyid:100754:9e343ff9-093a-4687-900c-fefd668f264d,bus,Bus,4,4,4004,"Canobbio, Ganna","Lugano, Centro",A,,2026-10-06 03:49:00+00:00,,,False,,2026-10-06 04:29:41.412000+02:00,2026-10-06 05:49:00+02:00,,2026-10-06,5,Tuesday,False,79.3098
20261006_022931,2026-10-06 02:29:41.412000+00:00,Lugano,local,ch:1:sloid:5380,"Lugano, Stazione",ch:1:sloid:5380::407001,2026-10-06,ch:1:sjyid:100754:ba54ff30-230f-40a9-9ef3-f7bcb54bd30c,bus,Bus,6,6,6001,"Lugano, Stazione","Lugano, Cornaredo",A,,2026-10-06 03:50:00+00:00,,,False,,2026-10-06 04:29:41.412000+02:00,2026-10-06 05:50:00+02:00,,2026-10-06,5,Tuesday,False,80.3098
20261006_022931,2026-10-06 02:29:41.412000+00:00,Lugano,local,ch:1:sloid:5380,"Lugano, Stazione",ch:1:sloid:5380::407001,2026-10-06,ch:1:sjyid:100754:1200160b-1ea1-4064-b8b2-770887eb32c7,bus,Bus,2,2,2002,"Castagnola, Capolinea","Paradiso, Carzo",A,,2026-10-06 03:50:00+00:00,,,False,,2026-10-06 04:29:41.412000+02:00,2026-10-06 05:50:00+02:00,,2026-10-06,5,Tuesday,False,80.3098
20261006_022931,2026-10-06 02:29:41.412000+00:00,Lugano,local,ch:1:sloid:5380,"Lugano, Stazione",ch:1:sloid:5380::407002,2026-10-06,ch:1:sjyid:100754:091157d5-a087-4357-9868-b28916fadc5d,bus,Bus,4,4,4001,"Lugano, Centro","Canobbio, Ganna",B,,2026-10-06 03:59:00+00:00,,,False,,2026-10-06 04:29:41.412000+02:00,2026-10-06 05:59:00+02:00,,2026-10-06,5,Tuesday,False,89.3098
20261006_022931,2026-10-06 02:29:41.412000+00:00,Lugano,local,ch:1:sloid:5380,"Lugano, Stazione",ch:1:sloid:5380::407001,2026-10-06,ch:1:sjyid:100754:a95c9045-ed20-4143-8b0e-64024b8cedee,bus,Bus,6,6,6005,"Lugano, Stazione","Lugano, Cornaredo",A,,2026-10-06 04:00:00+00:00,,,False,,2026-10-06 04:29:41.412000+02:00,2026-10-06 06:00:00+02:00,,2026-10-06,6,Tuesday,False,90.3098
20261006_022931,2026-10-06 02:29:41.412000+00:00,Lugano,local,ch:1:sloid:5380,"Lugano, Stazione",ch:1:sloid:5380::407001,2026-10-06,ch:1:sjyid:100754:209f3f0b-3bf1-45f5-a1b2-a61451eae732,bus,Bus,4,4,4006,"Canobbio, Ganna","Lugano, Centro",A,,2026-10-06 04:01:00+00:00,,,False,,2026-10-06 04:29:41.412000+02:00,2026-10-06 06:01:00+02:00,,2026-10-06,6,Tuesday,False,91.3098
20261006_022931,2026-10-06 02:29:41.412000+00:00,Lugano,local,ch:1:sloid:5380,"Lugano, Stazione",ch:1:sloid:5380::407001,2026-10-06,ch:1:sjyid:100754:d770b5ba-5fd6-4546-890d-799598541f36,bus,Bus,2,2,2006,"Castagnola, Capolinea","Paradiso, Carzo",A,,2026-10-06 04:05:00+00:00,,,False,,2026-10-06 04:29:41.412000+02:00,2026-10-06 06:05:00+02:00,,2026-10-06,6,Tuesday,False,95.3098
20261006_022931,2026-10-06 02:29:41.412000+00:00,Lugano,local,ch:1:sloid:5380,"Lugano, Stazione",ch:1:sloid:5380::407001,2026-10-06,ch:1:sjyid:100754:c57df449-3522-4dcb-84d4-651d51892bfb,bus,Bus,6,6,6009,"Lugano, Stazione","Lugano, Cornaredo",A,,2026-10-06 04:10:00+00:00,,,False,,2026-10-06 04:29:41.412000+02:00,2026-10-06 06:10:00+02:00,,2026-10-06,6,Tuesday,False,100.3098
20261006_022931,2026-10-06 02:29:41.412000+00:00,Lugano,local,ch:1:sloid:5380,"Lugano, Stazione",ch:1:sloid:5380::407002,2026-10-06,ch:1:sjyid:100754:80bbdd3f-2b53-4083-a1c4-9bd04296f32d,bus,Bus,4,4,4005,"Lugano, Centro","Canobbio, Ganna",B,,2026-10-06 04:14:00+00:00,,,False,,2026-10-06 04:29:41.412000+02:00,2026-10-06 06:14:00+02:00,,2026-10-06,6,Tuesday,False,104.3098
20261006_022931,2026-10-06 02:29:41.412000+00:00,Lugano,local,ch:1:sloid:5380,"Lugano, Stazione",ch:1:sloid:5380::407001,2026-10-06,ch:1:sjyid:100754:87191ea2-9362-4b04-912f-6cbbd6906cb4,bus,Bus,4,4,4012,"Canobbio, Ganna","Lugano, Centro",A,,2026-10-06 04:16:00+00:00,,,False,,2026-10-06 04:29:41.412000+02:00,2026-10-06 06:16:00+02:00,,2026-10-06,6,Tuesday,False,106.3098
20261006_022931,2026-10-06 02:29:41.412000+00:00,Lugano,local,ch:1:sloid:5380,"Lugano, Stazione",ch:1:sloid:5380::407001,2026-10-06,ch:1:sjyid:100754:915b1c2b-87bb-4144-83b4-dc009a883db5,bus,Bus,6,6,6011,"Lugano, Stazione","Lugano, Cornaredo",A,,2026-10-06 04:20:00+00:00,,,False,,2026-10-06 04:29:41.412000+02:00,2026-10-06 06:20:00+02:00,,2026-10-06,6,Tuesday,False,110.3098
20261006_022931,2026-10-06 02:29:41.412000+00:00,Lugano,local,ch:1:sloid:5380,"Lugano, Stazione",ch:1:sloid:5380::407001,2026-10-06,ch:1:sjyid:100754:4f24f0bc-36d9-43d8-aa9b-0e13d1d9a5c6,bus,Bus,2,2,2010,"Castagnola, Capolinea","Paradiso, Carzo",A,,2026-10-06 04:20:00+00:00,,,False,,2026-10-06 04:29:41.412000+02:00,2026-10-06 06:20:00+02:00,,2026-10-06,6,Tuesday,False,110.3098
20261006_022931,2026-10-06 02:29:41.412000+00:00,Lugano,local,ch:1:sloid:5380,"Lugano, Stazione",ch:1:sloid:5380::407002,2026-10-06,ch:1:sjyid:100754:653ca20d-577e-4e76-846b-49db80a00cad,bus,Bus,4,4,4009,"Lugano, Centro","Canobbio, Ganna",B,,2026-10-06 04:29:00+00:00,,,False,,2026-10-06 04:29:41.412000+02:00,2026-10-06 06:29:00+02:00,,2026-10-06,6,Tuesday,False,119.3098
20261006_022931,2026-10-06 02:29:41.412000+00:00,Lugano,local,ch:1:sloid:5380,"Lugano, Stazione",ch:1:sloid:5380::407001,2026-10-06,ch:1:sjyid:100754:1d460f92-dbcd-403a-8c24-85d0f0f25ff1,bus,Bus,6,6,6015,"Lugano, Stazione","Lugano, Cornaredo",A,,2026-10-06 04:30:00+00:00,,,False,,2026-10-06 04:29:41.412000+02:00,2026-10-06 06:30:00+02:00,,2026-10-06,6,Tuesday,False,120.3098
20261006_022931,2026-10-06 02:29:41.412000+00:00,Lugano,local,ch:1:sloid:5380,"Lugano, Stazione",ch:1:sloid:5380::407001,2026-10-06,ch:1:sjyid:100754:4dc2bee5-5989-422d-b202-df3d113f7d61,bus,Bus,4,4,4014,"Canobbio, Ganna","Lugano, Centro",A,,2026-10-06 04:31:00+00:00,,,False,,2026-10-06 04:29:41.412000+02:00,2026-10-06 06:31:00+02:00,,2026-10-06,6,Tuesday,False,121.3098
20261006_022931,2026-10-06 02:29:41.412000+00:00,Lugano,local,ch:1:sloid:5380,"Lugano, Stazione",ch:1:sloid:5380::407001,2026-10-06,ch:1:sjyid:100754:eb5aa97c-084d-49b9-9567-c4caaddc1219,bus,Bus,2,2,2014,"Castagnola, Capolinea","Paradiso, Carzo",A,,2026-10-06 04:35:00+00:00,,,False,,2026-10-06 04:29:41.412000+02:00,2026-10-06 06:35:00+02:00,,2026-10-06,6,Tuesday,False,125.3098
20261006_022931,2026-10-06 02:29:41.412000+00:00,Lugano,local,ch:1:sloid:5380,"Lugano, Stazione",ch:1:sloid:5380::407001,2026-10-06,ch:1:sjyid:100754:8ae6278d-bd63-4651-845a-e85feaf1f7e7,bus,Bus,6,6,6019,"Lugano, Stazione","Lugano, Cornaredo",A,,2026-10-06 04:40:00+00:00,,,False,,2026-10-06 04:29:41.412000+02:00,2026-10-06 06:40:00+02:00,,2026-10-06,6,Tuesday,False,130.3098
20261006_022931,2026-10-06 02:29:41.412000+00:00,Lugano,local,ch:1:sloid:5380,"Lugano, Stazione",ch:1:sloid:5380::407002,2026-10-06,ch:1:sjyid:100754:7811740b-0d55-4dba-81a8-87714cb4bade,bus,Bus,4,4,4013,"Lugano, Centro","Canobbio, Ganna",B,,2026-10-06 04:44:00+00:00,,,False,,2026-10-06 04:29:41.412000+02:00,2026-10-06 06:44:00+02:00,,2026-10-06,6,Tuesday,False,134.3098
20261006_022931,2026-10-06 02:29:41.412000+00:00,Lugano,local,ch:1:sloid:5380,"Lugano, Stazione",ch:1:sloid:5380::407001,2026-10-06,ch:1:sjyid:100754:be9e2eb8-f8e2-4f75-92e8-b4e26e6192e8,bus,Bus,4,4,4020,"Canobbio, Ganna","Lugano, Centro",A,,2026-10-06 04:46:00+00:00,,,False,,2026-10-06 04:29:41.412000+02:00,2026-10-06 06:46:00+02:00,,2026-10-06,6,Tuesday,False,136.3098
20261006_022931,2026-10-06 02:29:41.412000+00:00,Lugano,local,ch:1:sloid:5380,"Lugano, Stazione",ch:1:sloid:5380::407001,2026-10-06,ch:1:sjyid:100754:3d526e38-f6c0-44fd-a36b-e3861a90d0e1,bus,Bus,6,6,6021,"Lugano, Stazione","Lugano, Cornaredo",A,,2026-10-06 04:50:00+00:00,,,False,,2026-10-06 04:29:41.412000+02:00,2026-10-06 06:50:00+02:00,,2026-10-06,6,Tuesday,False,140.3098
20261006_022931,2026-10-06 02:29:41.412000+00:00,Lugano,local,ch:1:sloid:5380,"Lugano, Stazione",ch:1:sloid:5380::407001,2026-10-06,ch:1:sjyid:100754:adf2cd97-089e-46c0-a333-59ef8bf25045,bus,Bus,2,2,2018,"Castagnola, Capolinea","Paradiso, Carzo",A,,2026-10-06 04:50:00+00:00,,,False,,2026-10-06 04:29:41.412000+02:00,2026-10-06 06:50:00+02:00,,2026-10-06,6,Tuesday,False,140.3098
20261006_022931,2026-10-06 02:29:41.412000+00:00,Lugano,local,ch:1:sloid:5380,"Lugano, Stazione",ch:1:sloid:5380::407002,2026-10-06,ch:1:sjyid:100754:50d3f249-a2fa-4bbd-b172-3bf368549403,bus,Bus,4,4,4017,"Lugano, Centro","Canobbio, Ganna",B,,2026-10-06 04:59:00+00:00,,,False,,2026-10-06 04:29:41.412000+02:00,2026-10-06 06:59:00+02:00,,2026-10-06,6,Tuesday,False,149.3098
20261006_022931,2026-10-06 02:29:41.412000+00:00,Lugano,local,ch:1:sloid:5380,"Lugano, Stazione",ch:1:sloid:5380::407001,2026-10-06,ch:1:sjyid:100754:1a529440-ba26-425b-a4b3-c017d12f672c,bus,Bus,6,6,6025,"Lugano, Stazione","Lugano, Cornaredo",A,,2026-10-06 05:00:00+00:00,,,False,,2026-10-06 04:29:41.412000+02:00,2026-10-06 07:00:00+02:00,,2026-10-06,7,Tuesday,False,150.3098
20261006_022931,2026-10-06 02:29:41.412000+00:00,Lugano,local,ch:1:sloid:5380,"Lugano, Stazione",ch:1:sloid:5380::407001,2026-10-06,ch:1:sjyid:100754:66119bd5-d2a4-4810-9905-64dd44a21a33,bus,Bus,4,4,4022,"Canobbio, Ganna","Lugano, Centro",A,,2026-10-06 05:01:00+00:00,,,False,,2026-10-06 04:29:41.412000+02:00,2026-10-06 07:01:00+02:00,,2026-10-06,7,Tuesday,False,151.3098
20261006_022931,2026-10-06 02:29:41.412000+00:00,Lugano,local,ch:1:sloid:5380,"Lugano, Stazione",ch:1:sloid:5380::407001,2026-10-06,ch:1:sjyid:100754:98802dcc-d0a0-4034-a465-7798ce847f26,bus,Bus,2,2,2024,"Castagnola, Capolinea","Paradiso, Carzo",A,,2026-10-06 05:05:00+00:00,,,False,,2026-10-06 04:29:41.412000+02:00,2026-10-06 07:05:00+02:00,,2026-10-06,7,Tuesday,False,155.3098
20261006_022931,2026-10-06 02:29:41.412000+00:00,Lugano,local,ch:1:sloid:5380,"Lugano, Stazione",ch:1:sloid:5380::407001,2026-10-06,ch:1:sjyid:100754:bbd03d18-0d61-4476-868f-a2a4dfa194f3,bus,Bus,6,6,6029,"Lugano, Stazione","Lugano, Cornaredo",A,,2026-10-06 05:10:00+00:00,,,False,,2026-10-06 04:29:41.412000+02:00,2026-10-06 07:10:00+02:00,,2026-10-06,7,Tuesday,False,160.3098
20261006_022931,2026-10-06 02:29:41.412000+00:00,Lugano,local,ch:1:sloid:5380,"Lugano, Stazione",ch:1:sloid:5380::407002,2026-10-06,ch:1:sjyid:100754:b3d672a6-d5df-455b-ba4b-7cbd71a5ebab,bus,Bus,4,4,4021,"Lugano, Centro","Canobbio, Ganna",B,,2026-10-06 05:14:00+00:00,,,False,,2026-10-06 04:29:41.412000+02:00,2026-10-06 07:14:00+02:00,,2026-10-06,7,Tuesday,False,164.3098
20261006_022931,2026-10-06 02:29:41.412000+00:00,Lugano,local,ch:1:sloid:5380,"Lugano, Stazione",ch:1:sloid:5380::407001,2026-10-06,ch:1:sjyid:100754:7acd547f-166b-4d20-9ae5-99fce59629ab,bus,Bus,4,4,4026,"Canobbio, Ganna","Lugano, Centro",A,,2026-10-06 05:16:00+00:00,,,False,,2026-10-06 04:29:41.412000+02:00,2026-10-06 07:16:00+02:00,,2026-10-06,7,Tuesday,False,166.3098
20261006_022931,2026-10-06 02:29:41.412000+00:00,Lugano,local,ch:1:sloid:5380,"Lugano, Stazione",ch:1:sloid:5380::407001,2026-10-06,ch:1:sjyid:100754:8caeee57-86dd-44f1-8b08-ac3f266b5e3f,bus,Bus,6,6,6031,"Lugano, Stazione","Lugano, Cornaredo",A,,2026-10-06 05:20:00+00:00,,,False,,2026-10-06 04:29:41.412000+02:00,2026-10-06 07:20:00+02:00,,2026-10-06,7,Tuesday,False,170.3098
20261006_022931,2026-10-06 02:29:41.412000+00:00,Lugano,local,ch:1:sloid:5380,"Lugano, Stazione",ch:1:sloid:5380::407001,2026-10-06,ch:1:sjyid:100754:c035d199-de97-4b1f-93af-0a83619d2f8b,bus,Bus,2,2,2030,"Castagnola, Capolinea","Paradiso, Carzo",A,,2026-10-06 05:20:00+00:00,,,False,,2026-10-06 04:29:41.412000+02:00,2026-10-06 07:20:00+02:00,,2026-10-06,7,Tuesday,False,170.3098
